Time	1	2	3	4	5	6	7	8	9	10	11	12	13	119	120	121	122	123	124	125	126	127	128	129
0.000	0	0	0	0	0	0	0	0	0	0	0	0	0	0	0	0	0	0	0	0	0	5	0	0
0.200	5	7	17	0	0	4	5	5	13	0	3	0	1	5	0	0	0	0	0	0	0	8	0	2
0.400	3	6	17	0	0	6	6	8	10	0	3	0	0	5	0	0	0	0	0	0	0	7	0	3
0.600	0	9	16	0	0	7	6	4	10	0	3	0	0	5	0	0	0	0	0	0	0	11	0	2
0.800	5	8	16	0	0	7	6	2	12	0	2	0	0	4	0	0	0	0	0	0	0	9	0	0
1.000	7	9	17	0	0	6	4	4	15	0	0	0	0	4	0	0	0	0	0	0	0	15	0	0
1.200	5	8	12	0	0	11	6	6	12	0	1	0	0	2	0	0	0	0	0	0	0	14	0	0
1.400	0	3	22	0	0	13	3	6	10	0	2	0	0	2	0	0	0	0	0	0	0	15	2	2
1.600	1	3	17	0	1	8	4	4	10	0	1	0	0	2	0	0	0	0	0	0	0	14	0	6
1.800	1	3	16	0	0	13	6	4	13	0	1	0	1	2	0	0	0	0	0	0	1	13	2	4
2.000	1	4	16	0	0	10	4	4	10	0	0	0	4	5	0	0	0	0	0	0	2	18	2	5
2.200	0	7	19	0	1	10	6	4	9	2	1	0	1	2	0	0	0	0	0	0	0	19	0	0
2.400	0	4	20	0	1	13	5	4	5	0	0	0	1	1	0	0	0	0	0	0	1	13	1	1
2.600	0	9	16	0	0	9	6	5	12	2	1	0	1	2	0	0	0	0	0	0	0	9	2	4
2.800	0	5	9	0	1	13	4	4	11	0	1	0	0	2	0	0	0	0	0	0	0	15	1	1
3.000	1	7	15	0	1	6	3	4	6	0	0	0	0	3	0	0	0	0	0	0	1	19	2	1
3.200	3	8	13	0	0	2	4	4	8	3	1	0	0	3	0	0	0	0	0	0	0	12	1	2
3.400	1	11	20	0	0	13	2	6	16	3	2	0	0	6	0	0	0	0	0	0	0	13	1	1
3.600	1	5	10	0	0	13	2	5	12	2	3	0	0	7	0	0	0	0	0	0	0	12	2	2
3.800	3	3	16	0	0	17	4	5	8	2	2	0	0	8	0	0	0	0	0	0	0	15	4	4
4.000	2	11	12	0	0	12	4	4	7	0	1	0	0	3	0	0	0	0	0	0	0	14	2	2
4.200	1	11	14	0	0	13	6	4	11	2	2	0	0	6	0	0	0	0	0	0	1	15	3	5
4.400	4	9	15	0	1	18	2	4	5	2	1	0	0	5	0	0	0	0	0	0	0	18	3	2
4.600	1	7	16	0	0	17	6	4	6	2	2	0	0	3	0	0	0	0	0	0	0	19	0	7
4.800	1	10	13	0	1	12	6	5	9	2	1	0	0	3	0	0	0	0	0	0	0	17	1	11
5.000	2	13	13	0	1	14	4	6	9	1	1	0	0	2	0	0	0	0	0	0	0	15	0	10
5.200	3	16	18	0	1	17	6	3	13	1	3	0	0	3	0	0	0	0	0	0	0	14	0	11
5.400	4	12	9	0	1	16	5	5	7	1	4	0	0	5	0	0	0	0	0	0	0	15	0	8
5.600	3	10	20	0	1	15	2	6	12	5	1	0	0	5	0	0	0	0	0	0	1	15	2	13
5.800	3	12	16	0	0	13	5	5	7	2	3	0	0	5	0	0	0	0	0	0	1	15	1	11
6.000	3	12	10	0	0	13	6	3	15	1	0	0	0	5	0	0	0	0	0	0	1	13	2	8
6.200	4	5	9	0	0	5	4	5	10	4	0	0	0	2	0	0	0	0	0	0	1	11	2	6
6.400	6	8	17	0	0	6	5	11	11	0	5	0	0	2	0	0	0	0	0	0	1	10	1	1
6.600	4	7	17	0	0	11	7	8	13	1	3	0	0	2	0	0	0	0	0	0	1	16	2	3
6.800	5	4	17	0	0	9	2	5	14	0	0	0	0	3	0	0	0	0	0	0	1	12	2	6
7.000	7	4	16	0	0	13	3	5	16	0	5	0	0	4	0	0	0	0	0	0	0	13	2	2
7.200	11	5	13	0	0	4	5	3	5	0	4	0	0	2	0	0	0	0	0	0	0	12	1	1
7.400	9	6	14	0	1	14	5	4	12	0	4	0	0	6	0	0	0	0	0	0	0	8	0	1
7.600	10	7	20	0	1	9	3	8	3	0	4	0	0	6	0	0	0	0	0	0	1	16	1	4
7.800	10	9	19	0	1	11	5	8	6	1	2	0	0	6	0	0	0	0	0	0	1	12	1	2
8.000	5	7	17	0	1	5	2	9	5	0	5	0	0	5	0	0	0	0	0	0	1	8	2	4
8.200	10	10	16	0	1	7	4	4	10	1	6	0	0	4	0	0	0	0	0	0	0	16	4	8
8.400	10	6	16	0	1	10	4	4	12	0	5	0	0	4	0	0	0	0	0	0	1	12	2	2
8.600	10	9	16	0	1	6	4	2	5	0	4	0	0	4	0	0	0	0	0	0	0	19	2	8
8.800	8	7	18	0	1	12	4	5	9	0	3	0	0	5	0	0	0	0	0	0	0	12	1	7
9.000	9	7	15	0	0	11	2	2	13	0	6	0	0	6	0	0	0	0	0	0	0	8	1	8
9.200	6	8	17	0	1	4	3	5	11	1	4	0	0	4	0	0	0	0	0	0	1	15	0	6
9.400	9	7	14	0	1	7	6	4	6	1	4	0	0	5	0	0	0	0	0	0	1	14	1	5
9.600	7	9	18	0	1	3	3	5	18	0	3	0	0	6	0	0	0	0	0	0	2	16	0	0
9.800	9	8	12	0	1	5	6	4	13	0	4	0	0	4	0	0	0	0	0	0	2	10	0	1
10.000	7	7	21	0	1	4	6	4	5	0	5	0	0	4	0	0	0	0	0	0	0	15	0	6
10.200	10	8	18	0	1	10	4	3	5	0	5	0	0	4	0	0	0	0	0	0	1	16	2	3
10.400	8	7	20	0	1	6	4	6	10	0	6	0	0	4	0	0	0	0	0	0	2	14	1	1
10.600	6	8	21	0	1	8	5	5	11	0	4	0	0	4	0	0	0	0	0	0	0	14	0	6
10.800	9	6	15	0	1	3	3	4	11	0	4	0	0	5	0	0	0	0	0	0	2	17	0	6
11.000	7	8	16	0	1	10	2	5	14	0	6	0	0	6	0	0	0	0	0	0	3	17	2	5
11.200	9	6	18	0	0	5	4	4	15	0	5	0	0	5	0	0	0	0	0	0	3	12	2	0
11.400	9	7	18	0	1	5	4	5	18	1	5	0	0	6	0	0	0	0	0	0	3	16	2	0
11.600	9	10	20	0	0	10	2	4	11	0	5	0	0	5	0	0	0	0	0	0	2	17	1	0
11.800	8	8	20	0	2	13	6	4	8	1	4	0	0	1	0	0	0	0	0	0	3	17	2	0
12.000	11	7	18	0	1	16	3	4	11	0	4	0	0	4	0	0	0	0	0	0	5	11	2	0
12.200	11	6	16	0	1	13	4	4	15	0	7	0	0	1	0	0	0	0	0	0	1	9	0	0
12.400	9	7	20	0	1	14	3	1	15	1	3	0	0	3	0	0	0	0	0	0	3	11	1	0
12.600	8	9	22	0	1	19	4	1	10	0	4	0	0	4	0	0	0	0	0	0	3	9	0	0
12.800	9	6	20	0	1	9	4	4	10	0	4	0	0	4	0	0	0	0	0	0	3	12	1	0
13.000	10	9	15	0	1	12	6	0	10	2	4	0	0	3	0	0	0	0	0	0	2	13	1	0
13.200	7	6	16	0	1	5	4	4	10	0	6	0	0	2	0	0	0	0	0	0	4	3	2	0
13.400	6	6	16	0	3	18	3	14	16	2	4	0	0	2	0	0	0	0	0	0	3	9	1	0
13.600	8	8	14	0	2	13	4	5	7	2	6	0	0	3	0	0	0	0	0	0	2	7	1	0
13.800	8	6	14	0	2	13	3	6	13	0	5	0	0	2	0	0	0	0	0	0	2	8	2	0
14.000	8	6	14	0	3	9	4	5	11	0	5	0	0	3	0	0	0	0	0	0	6	8	0	0
14.200	10	8	14	0	4	9	6	9	11	0	4	0	0	3	0	0	0	0	0	0	4	11	0	0
14.400	9	7	15	0	6	3	4	8	12	0	3	0	0	2	0	0	0	0	0	0	5	11	2	1
14.600	8	5	14	0	3	7	4	6	12	0	1	0	0	2	0	0	0	0	0	0	5	15	0	3
14.800	8	7	19	0	3	7	5	12	14	0	3	0	0	3	0	0	0	0	0	0	3	12	2	2
15.000	10	7	25	0	3	9	4	9	13	0	4	0	0	3	0	0	0	0	0	0	4	10	1	1
15.200	9	8	15	0	3	7	4	9	16	0	1	0	0	4	0	0	0	0	0	0	2	9	2	0
15.400	8	7	17	0	2	13	6	7	17	0	5	0	0	2	0	0	0	0	0	0	1	11	1	0
15.600	9	11	20	0	0	12	4	12	12	0	5	0	0	3	0	0	0	0	0	0	2	17	1	0
15.800	11	6	24	0	1	9	6	8	7	0	3	0	0	1	0	0	0	0	0	0	2	13	2	5
16.000	10	8	17	0	1	11	4	6	13	0	3	0	0	1	0	0	0	0	0	0	2	12	2	5
16.200	9	3	18	0	1	13	6	6	14	0	6	0	0	3	0	0	0	0	0	0	0	7	2	4
16.400	7	5	17	0	0	13	3	3	7	0	6	0	0	4	0	0	0	0	0	0	0	13	2	2
16.600	8	7	17	0	1	17	6	12	12	0	4	0	0	4	0	0	0	0	0	0	0	12	1	3
16.800	11	5	15	0	1	17	3	8	8	1	6	0	0	3	0	0	0	0	0	0	0	15	1	0
17.000	10	7	16	0	1	10	5	7	10	0	5	0	0	3	0	0	0	0	0	0	1	21	1	0
17.200	8	6	15	0	1	17	5	4	13	0	5	0	0	4	0	0	0	0	0	0	0	21	1	1
17.400	10	5	15	0	1	15	3	8	8	0	6	0	0	6	0	0	0	0	0	0	0	12	2	2
17.600	7	8	8	0	1	16	5	9	16	0	5	0	0	4	0	0	0	0	0	0	1	15	1	2
17.800	9	10	15	0	1	8	5	4	9	0	4	0	0	6	0	0	0	0	0	0	1	18	0	3
18.000	9	6	12	0	1	15	4	4	15	0	4	0	0	5	0	0	0	0	0	0	2	15	2	3
18.200	10	10	16	0	1	11	6	7	13	0	5	0	0	5	0	0	0	0	0	0	0	14	0	4
18.400	8	9	19	0	1	14	5	9	14	0	7	0	0	5	0	0	0	0	0	0	1	17	3	5
18.600	9	7	17	0	1	14	5	5	15	0	6	0	0	6	0	0	0	0	0	0	1	14	3	3
18.800	10	7	12	0	1	13	3	6	14	0	6	0	0	5	0	0	0	0	0	0	0	15	0	4
19.000	11	8	7	0	1	14	4	4	16	0	5	0	0	5	0	0	0	0	0	0	1	17	3	10
19.200	9	6	14	0	0	11	4	2	10	0	4	0	0	6	0	0	0	0	0	0	1	13	0	3
19.400	8	5	14	0	1	16	5	5	11	0	5	0	0	4	0	0	0	0	0	0	2	12	1	6
19.600	9	5	13	0	1	14	4	4	11	0	6	0	0	4	0	0	0	0	0	0	3	12	3	2
19.800	8	8	14	0	1	13	6	2	9	0	4	0	0	3	0	0	0	0	0	0	1	15	2	0
20.000	11	6	16	0	1	15	6	2	14	0	5	0	0	3	0	0	0	2	0	0	0	11	2	2
20.200	10	7	15	0	1	15	4	1	16	1	1	0	0	5	0	0	0	2	0	0	0	13	2	8
20.400	9	8	20	0	1	14	6	8	16	1	1	0	0	2	0	0	0	0	0	0	1	15	1	2
20.600	9	4	15	0	1	9	5	4	9	1	6	0	0	3	0	0	0	0	0	0	0	8	1	8
20.800	10	6	18	0	1	9	6	4	17	1	4	0	0	2	0	0	0	0	0	0	1	12	1	10
21.000	10	5	20	0	1	12	6	4	14	0	4	0	0	5	0	0	0	0	0	0	4	10	1	4
21.200	10	4	16	0	1	8	3	6	14	0	4	0	0	3	0	0	0	0	0	0	2	6	1	10
21.400	10	7	17	0	1	11	6	4	12	0	4	0	0	3	0	0	0	0	0	0	2	18	0	2
21.600	9	7	15	0	1	11	5	7	14	1	4	0	0	3	0	0	0	0	0	0	1	17	1	3
21.800	10	7	17	0	1	11	5	4	18	0	5	0	0	4	0	0	0	0	0	0	0	16	3	9
22.000	8	7	15	0	1	14	3	4	18	2	6	0	0	6	0	0	0	0	0	0	1	18	2	3
22.200	10	8	19	0	0	11	4	3	13	0	5	0	0	3	0	0	0	0	0	0	2	16	2	4
22.400	10	10	15	0	1	13	6	6	19	0	5	0	0	6	0	0	0	0	0	0	3	13	2	6
22.600	11	7	22	0	1	17	4	5	15	0	5	0	0	5	0	0	0	0	0	0	1	16	0	1
22.800	9	8	18	0	0	14	5	4	14	0	4	0	0	2	0	0	0	0	0	0	0	15	0	6
23.000	5	6	12	0	1	20	6	3	19	2	4	0	0	4	0	0	0	0	0	0	0	17	0	4
23.200	9	6	20	0	1	17	7	4	13	0	6	0	0	4	0	0	0	0	0	0	0	13	0	2
23.400	8	5	20	0	1	15	5	2	14	0	6	0	0	4	0	0	0	0	0	0	0	15	1	12
23.600	8	1	18	0	0	17	7	4	19	2	6	0	0	4	0	0	0	0	0	0	1	16	1	1
23.800	8	10	8	0	0	8	5	3	17	2	5	0	0	4	0	0	0	0	0	0	1	16	0	6
24.000	10	9	15	0	1	10	1	0	17	0	4	0	0	1	0	0	0	0	0	0	0	15	0	3
24.200	11	7	5	0	1	6	4	2	17	1	4	0	0	5	0	0	0	0	0	0	0	16	1	3
24.400	10	7	13	0	1	6	5	5	19	4	2	0	0	4	0	0	0	0	0	0	0	16	1	4
24.600	10	7	16	0	1	16	4	2	13	0	1	0	0	4	0	0	0	0	0	0	0	15	0	8
24.800	11	5	14	0	2	12	5	2	19	0	1	0	0	3	0	0	0	0	0	0	0	18	0	3
25.000	10	5	15	0	1	4	2	1	15	3	3	0	0	3	0	0	0	0	0	0	0	18	0	7
25.200	6	5	14	0	0	11	4	2	19	3	6	0	0	5	0	0	0	0	0	0	1	16	0	2
25.400	3	5	10	0	0	6	6	2	14	0	5	0	0	4	0	0	0	0	0	0	0	17	0	2
25.600	11	6	23	0	1	12	4	3	12	0	1	0	0	2	0	0	0	0	0	0	0	13	0	3
25.800	10	10	17	0	0	13	6	0	9	0	4	0	0	2	0	0	0	0	0	0	1	16	0	6
26.000	10	11	18	0	1	14	5	3	11	0	0	0	0	3	0	0	0	0	0	0	0	14	0	0
26.200	10	9	20	0	1	12	5	3	16	0	4	0	0	4	0	0	0	0	0	0	0	12	0	11
26.400	6	5	12	0	2	12	3	0	7	0	3	0	0	3	0	0	0	0	0	0	0	14	2	18
26.600	10	10	14	0	1	15	4	0	6	0	4	0	0	1	0	0	0	0	0	0	0	12	2	7
26.800	10	9	17	0	1	7	3	0	7	0	1	0	0	1	0	0	0	0	0	0	0	14	2	9
27.000	8	6	12	0	1	15	3	0	7	0	2	0	0	1	0	0	0	0	0	0	0	16	2	8
27.200	9	6	10	0	1	12	4	0	12	0	1	0	0	2	0	0	0	0	0	0	0	14	1	4
27.400	10	8	14	0	1	13	4	0	11	0	1	0	0	2	0	0	0	0	0	0	0	13	2	7
27.600	10	8	16	0	1	11	3	0	12	0	1	0	0	1	0	0	0	0	0	0	0	15	0	6
27.800	13	9	17	0	1	10	5	0	13	0	1	0	0	2	0	0	0	0	0	0	0	11	1	6
28.000	8	7	16	0	1	9	5	0	9	0	1	0	0	3	0	0	0	0	0	0	0	20	4	10
28.200	10	10	18	0	1	7	2	0	12	0	1	0	0	2	0	0	0	0	0	0	0	18	2	14
28.400	10	9	17	0	1	7	4	0	12	0	1	0	1	3	0	0	0	0	0	0	0	17	2	10
28.600	10	8	20	0	0	6	3	0	8	0	1	0	1	1	0	0	0	0	0	0	0	22	4	8
28.800	8	7	24	0	1	8	3	0	5	0	1	0	0	1	0	0	0	0	0	0	0	18	2	10
29.000	8	9	19	0	0	6	3	0	5	0	1	0	1	1	0	0	0	0	0	0	0	20	3	11
29.200	5	11	19	0	0	7	5	0	4	0	1	0	0	2	0	0	0	0	0	0	0	20	3	12
29.400	10	10	16	0	1	14	11	0	4	0	1	0	0	4	0	0	0	0	0	0	0	12	2	16
29.600	7	9	17	0	0	10	4	0	5	0	1	0	0	2	0	0	0	0	0	0	0	13	1	13
29.800	4	8	16	0	1	12	9	0	12	0	1	0	0	2	0	0	0	0	0	0	0	12	3	12
30.000	4	8	19	0	1	8	5	0	6	0	1	0	0	3	0	0	0	0	0	0	0	12	4	10
30.200	4	8	16	0	0	14	6	0	12	0	1	0	1	2	0	0	0	0	0	0	0	18	0	11
30.400	4	10	18	0	1	4	4	0	9	0	1	0	0	4	0	0	0	0	0	0	0	22	0	3
30.600	3	7	20	0	0	4	4	0	10	0	1	0	1	2	0	0	0	0	0	0	0	17	1	8
30.800	0	10	19	0	1	9	7	0	6	0	1	0	1	3	0	0	0	0	0	0	0	15	2	17
31.000	2	7	18	0	0	4	5	0	10	0	1	0	1	3	0	0	0	0	0	0	0	16	3	3
31.200	0	7	18	0	0	10	6	0	13	0	1	0	1	5	0	0	0	0	0	0	0	12	4	8
31.400	0	6	17	0	0	9	8	0	9	0	1	0	3	4	0	0	0	0	0	0	0	23	0	7
31.600	0	5	8	0	1	12	3	0	9	0	1	0	3	3	0	0	0	0	0	0	0	16	0	13
31.800	0	6	16	0	1	6	7	1	5	0	1	0	1	3	0	0	0	0	0	0	0	19	0	16
32.000	2	10	17	0	0	4	3	0	6	0	1	0	2	3	0	0	0	0	0	0	0	18	0	10
32.200	0	6	19	0	1	7	6	0	11	0	0	0	0	3	0	0	0	0	0	0	0	14	0	11
32.400	0	6	25	0	1	9	6	0	7	0	1	0	1	3	0	0	0	0	0	0	0	12	4	14
32.600	1	5	16	0	1	11	3	0	5	0	1	0	2	4	0	0	0	0	0	0	0	16	2	8
32.800	1	7	17	0	1	14	3	0	11	0	1	0	2	5	0	0	0	0	0	0	0	17	3	9
33.000	2	8	22	0	0	6	5	0	6	0	0	0	1	5	0	0	0	0	0	0	1	19	4	14
33.200	2	9	19	0	1	9	3	0	7	0	0	0	3	6	0	0	0	0	0	0	1	18	0	10
33.400	2	6	18	0	1	9	5	0	12	0	1	0	1	6	0	0	0	0	0	0	0	17	1	12
33.600	3	10	20	0	1	4	4	0	12	0	1	0	1	3	0	0	0	0	0	0	0	13	1	16
33.800	3	12	20	0	0	6	4	0	10	0	0	0	2	3	0	0	0	0	0	0	0	16	2	13
34.000	0	4	15	0	0	7	3	0	7	0	1	0	1	3	0	0	0	0	0	0	0	16	4	8
34.200	0	3	18	0	0	4	5	0	5	0	1	0	2	4	0	0	0	0	0	0	0	16	3	18
34.400	0	4	16	0	0	7	6	0	6	0	1	0	2	5	0	0	0	0	0	0	0	11	0	5
34.600	0	1	21	0	1	9	6	0	4	0	1	0	3	6	0	0	0	0	0	0	0	12	3	11
34.800	0	5	12	0	0	8	6	0	1	0	1	0	4	3	0	0	0	0	0	0	1	15	1	12
35.000	2	10	17	0	1	11	6	0	6	0	1	0	2	5	0	0	0	0	0	0	0	14	4	9
35.200	2	12	19	0	1	8	1	0	6	0	1	0	2	5	0	0	0	0	0	0	0	12	2	8
35.400	3	9	18	0	1	8	6	0	4	0	0	0	2	3	0	0	0	0	0	0	0	11	5	14
35.600	2	10	20	0	1	6	4	0	7	0	1	0	6	2	0	0	0	0	0	0	0	13	3	9
35.800	0	6	20	0	0	10	5	0	5	0	1	0	6	3	0	0	0	0	0	0	0	14	0	7
36.000	3	6	13	0	0	10	3	0	4	0	1	0	4	3	0	0	0	0	0	0	0	11	4	12
36.200	1	3	18	0	0	11	5	0	4	0	1	0	10	3	0	0	0	0	0	0	0	14	0	14
36.400	0	6	16	0	1	12	6	0	4	0	0	0	4	6	0	0	0	0	0	0	0	14	3	12
36.600	0	4	20	0	0	10	3	0	4	0	1	0	6	4	0	0	0	0	0	0	0	12	3	12
36.800	0	2	21	0	0	10	6	0	7	0	1	0	6	4	0	0	0	0	0	0	0	15	1	14
37.000	0	4	9	0	0	6	7	0	10	0	1	0	11	6	0	0	0	0	0	0	0	15	1	7
37.200	0	5	16	0	0	9	6	0	5	0	1	0	10	3	0	0	0	0	0	0	0	19	4	7
37.400	0	2	17	0	0	9	4	0	4	0	1	0	9	3	0	0	0	0	0	0	0	17	3	10
37.600	0	6	15	0	0	9	6	0	6	0	1	0	8	3	0	0	0	0	0	0	0	16	3	9
37.800	0	5	18	0	0	12	4	0	6	0	1	0	10	4	0	0	0	0	0	0	1	16	3	12
38.000	0	6	12	0	0	8	6	0	7	0	1	0	7	4	0	0	0	0	0	0	0	17	2	11
38.200	0	5	14	0	0	17	5	0	7	0	1	0	3	6	0	0	0	0	0	0	0	12	0	18
38.400	0	8	20	0	0	12	6	0	5	0	1	0	13	6	0	0	0	0	0	0	0	12	2	13
38.600	0	5	15	0	0	10	3	0	4	0	1	0	2	6	0	0	0	0	0	0	0	13	2	10
38.800	0	5	16	0	0	10	6	0	9	0	1	0	5	5	0	0	0	0	0	0	0	13	2	8
39.000	0	5	20	0	0	18	1	0	6	0	1	0	7	5	0	0	0	0	0	0	0	16	5	17
39.200	0	5	16	0	0	3	3	0	5	0	1	0	5	6	0	0	0	0	0	0	0	15	3	15
39.400	0	5	13	0	0	10	6	0	7	0	1	0	8	6	0	0	0	0	0	0	0	13	4	14
39.600	0	5	15	0	1	15	6	0	8	0	1	0	8	6	0	0	0	0	0	0	0	18	0	7
39.800	0	5	20	0	0	9	9	0	6	0	1	0	4	6	0	0	0	0	0	0	0	13	1	4
40.000	0	10	19	0	0	12	2	0	8	0	1	0	7	5	0	0	0	0	0	0	0	15	5	11
40.200	0	3	16	0	0	6	6	0	5	0	1	0	9	0	0	0	0	0	0	0	0	12	0	11
40.400	1	7	17	0	0	12	5	0	6	0	1	0	7	0	0	0	0	0	0	0	0	18	2	13
40.600	0	7	19	0	0	11	6	0	7	0	2	0	8	0	0	0	0	0	0	0	0	19	3	14
40.800	1	8	17	0	0	7	7	0	6	0	1	0	4	0	0	0	0	0	0	0	0	15	3	11
41.000	6	9	22	0	0	8	6	0	9	0	1	0	5	0	0	0	0	0	0	0	0	13	0	13
41.200	5	7	13	0	1	13	6	0	8	0	2	0	11	1	0	0	0	0	0	0	0	16	4	10
41.400	1	7	16	0	1	10	6	0	6	0	1	0	11	0	0	0	0	0	0	0	0	11	4	6
41.600	2	7	13	0	0	7	7	0	8	0	1	0	5	0	0	0	0	0	0	0	1	19	4	14
41.800	1	7	18	0	1	11	7	0	4	0	1	0	9	0	0	0	0	0	0	0	0	16	1	7
42.000	0	9	19	0	0	8	6	0	12	0	1	0	8	0	0	0	0	0	0	0	0	15	0	15
42.200	1	8	16	0	0	5	6	0	11	0	1	0	12	0	0	0	0	0	0	0	0	12	3	16
42.400	4	4	21	0	1	5	5	0	9	0	1	0	4	0	0	0	0	0	0	0	0	24	7	3
42.600	7	6	18	0	0	6	4	0	4	0	1	0	1	0	0	0	0	0	0	0	0	17	3	13
42.800	0	5	15	0	0	12	6	0	6	0	1	0	2	0	0	0	0	0	0	0	0	17	0	14
43.000	0	4	13	0	0	5	6	0	3	0	1	0	1	0	0	0	0	0	0	0	0	17	3	15
43.200	0	7	17	0	0	9	6	0	3	0	1	0	3	0	0	0	0	0	0	0	0	17	0	17
43.400	0	7	13	0	1	10	6	0	4	0	1	0	9	0	0	0	0	0	0	0	0	13	4	11
43.600	2	9	18	0	1	7	4	0	4	0	1	0	4	0	0	0	0	0	0	0	0	12	1	12
43.800	3	10	17	0	0	4	6	0	8	0	1	0	6	6	0	0	0	0	0	0	0	5	2	7
44.000	2	6	16	0	0	4	7	0	4	0	1	0	6	4	0	0	0	0	0	0	0	13	3	9
44.200	2	5	13	0	1	9	6	0	6	0	2	0	13	4	0	0	0	0	0	0	0	14	4	3
44.400	1	5	8	0	1	8	6	0	8	0	1	0	10	5	0	0	0	0	0	0	0	14	0	14
44.600	0	3	16	0	1	7	4	0	6	0	1	0	7	4	0	0	0	0	0	0	0	9	2	11
44.800	5	7	11	0	0	8	3	0	8	0	1	0	7	4	0	0	0	0	0	0	0	13	3	13
45.000	4	6	18	0	1	7	6	0	5	0	1	0	8	3	0	0	0	0	0	0	0	12	4	19
45.200	2	3	16	0	0	4	6	0	8	0	1	0	8	4	0	0	0	0	0	0	0	12	1	16
45.400	3	6	18	0	0	7	4	0	7	0	1	0	9	4	0	0	0	0	0	0	0	10	0	13
45.600	1	5	18	0	1	14	6	0	6	0	1	0	11	3	0	0	0	0	0	0	0	16	1	5
45.800	2	2	19	0	1	7	6	0	6	0	1	0	7	4	0	0	0	0	0	0	0	17	3	5
46.000	5	7	18	0	0	12	4	0	8	0	1	0	7	5	0	0	0	0	0	0	0	13	1	11
46.200	0	6	15	0	0	6	5	0	10	0	1	0	4	4	0	0	0	0	0	0	0	18	2	10
46.400	2	9	15	0	0	12	4	0	7	0	1	0	2	4	0	0	0	0	0	0	0	17	2	14
46.600	0	7	18	0	0	14	6	0	3	0	1	0	4	3	0	0	0	0	0	0	0	19	4	15
46.800	0	6	14	0	0	13	5	0	6	0	2	0	4	4	0	0	0	0	0	0	0	14	0	11
47.000	0	5	20	0	0	1	5	0	7	0	1	0	11	4	0	0	0	0	0	0	0	16	5	15
47.200	2	10	17	0	0	7	6	0	7	0	1	0	6	4	0	0	0	0	0	0	0	9	2	11
47.400	0	7	17	0	0	8	6	0	3	0	1	0	7	3	0	0	0	0	0	0	0	9	6	12
47.600	0	6	8	0	0	8	5	0	6	0	2	0	2	4	0	0	0	0	0	0	0	11	6	4
47.800	0	7	13	0	0	9	5	0	3	0	1	0	7	0	0	0	0	0	0	0	0	7	4	8
48.000	0	8	16	0	0	11	6	0	6	0	1	0	2	2	0	0	0	0	0	0	0	3	0	11
48.200	0	2	16	0	0	11	4	0	4	0	1	0	0	2	0	0	0	0	0	0	0	8	5	15
48.400	0	9	8	0	0	12	6	0	4	0	3	0	6	1	0	0	0	0	0	0	0	9	3	15
48.600	0	5	18	0	0	4	6	0	4	0	2	0	3	1	0	0	0	0	0	0	0	8	7	11
48.800	0	8	12	0	0	4	5	0	2	0	1	0	14	3	0	0	0	0	0	0	0	12	4	9
49.000	0	5	16	0	0	2	4	0	4	0	2	0	8	2	0	0	0	0	0	0	0	5	2	12
49.200	0	5	17	0	0	1	5	0	4	0	0	0	4	1	0	0	0	0	0	0	0	7	3	10
49.400	0	5	14	0	0	8	6	0	5	0	1	0	5	0	0	0	0	0	0	0	0	9	6	20
49.600	0	9	15	0	0	7	6	0	6	0	1	0	5	0	0	0	0	0	0	0	0	9	2	16
49.800	1	11	19	0	0	8	5	0	7	0	1	0	3	1	0	0	0	0	0	0	0	11	3	14
50.000	1	10	19	0	0	11	6	0	4	0	1	0	3	1	0	0	0	0	0	0	1	18	4	10
50.200	0	6	16	0	0	9	3	0	4	0	1	0	0	0	0	0	0	0	0	0	0	12	4	7
50.400	0	5	16	0	0	10	2	0	6	0	1	0	2	0	0	0	0	0	0	0	0	14	3	11
50.600	0	6	15	0	1	9	6	0	8	0	1	0	15	0	0	0	0	0	0	0	1	17	6	13
50.800	0	3	17	0	1	8	5	0	9	0	1	0	3	0	0	0	0	0	0	0	1	20	3	14
51.000	0	7	14	0	0	12	7	0	6	0	1	0	3	0	0	0	0	0	0	0	1	11	2	10
51.200	0	5	15	0	0	2	6	0	8	0	1	0	8	0	0	0	0	0	0	0	1	13	3	3
51.400	0	6	20	0	0	8	6	0	6	0	1	0	3	1	0	0	0	0	0	0	1	20	3	3
51.600	0	5	14	0	0	4	6	0	8	0	2	0	2	1	0	0	0	0	0	0	1	21	0	5
51.800	0	4	18	0	1	6	6	0	12	0	1	0	4	2	0	0	0	0	0	0	1	26	0	8
52.000	0	5	15	0	0	8	7	0	7	0	1	0	4	3	0	0	0	0	0	0	1	19	0	13
52.200	0	2	1	0	0	10	3	0	8	0	1	0	4	2	0	0	0	0	0	0	3	24	2	6
52.400	1	5	5	0	0	8	2	0	4	0	1	0	4	4	0	0	0	0	0	0	2	22	0	11
52.600	0	7	6	0	1	8	2	0	3	0	1	0	4	4	0	0	0	0	0	0	1	18	0	4
52.800	0	5	2	0	0	13	5	0	7	0	1	0	2	4	0	0	0	0	0	0	3	23	0	9
53.000	0	6	3	0	1	11	5	0	5	0	1	0	2	4	0	0	0	0	0	0	3	20	0	4
53.200	1	5	1	0	1	5	7	0	7	0	1	0	4	4	0	0	0	0	0	0	3	25	0	11
53.400	0	6	7	0	0	8	5	0	5	0	1	0	5	5	0	0	0	0	0	0	1	17	0	18
53.600	0	5	4	0	1	2	6	0	5	0	1	0	11	4	0	0	0	0	0	0	1	22	0	5
53.800	0	5	3	0	0	2	6	0	7	0	0	0	4	5	0	0	0	0	0	0	1	16	4	2
54.000	0	5	3	0	0	4	7	0	10	0	0	0	4	4	0	0	0	0	0	0	2	24	1	4
54.200	0	4	2	0	0	6	3	0	12	0	0	0	4	3	0	0	0	0	0	0	5	21	0	4
54.400	0	2	5	1	0	4	2	0	10	0	0	0	4	3	0	0	0	0	0	0	1	20	0	12
54.600	0	4	1	0	0	5	3	0	12	0	1	0	2	4	0	0	0	0	0	0	1	19	1	7
54.800	0	3	5	0	0	2	1	0	6	0	1	0	2	1	0	0	0	0	0	0	1	15	1	5
55.000	0	2	4	0	0	11	4	0	5	0	1	0	0	3	0	0	0	0	0	0	1	24	1	5
55.200	0	0	2	0	0	11	4	0	7	0	2	0	1	3	0	0	0	0	0	0	0	17	0	21
55.400	0	3	7	0	0	4	3	0	6	0	0	0	1	5	0	0	0	0	0	0	2	18	0	7
55.600	0	2	3	0	0	10	2	0	5	0	0	0	1	4	0	0	0	0	0	0	0	19	0	10
55.800	0	5	5	0	0	7	1	0	8	0	0	0	0	2	0	0	0	0	0	0	0	15	0	9
56.000	0	7	5	1	0	11	3	0	7	0	0	0	0	3	0	0	0	0	0	0	0	15	0	12
56.200	0	3	3	0	0	4	1	0	8	0	0	0	1	2	0	0	0	0	0	0	0	21	0	11
56.400	0	4	5	0	0	1	4	0	4	0	1	0	1	5	0	0	0	0	0	0	1	14	0	4
56.600	3	8	2	0	0	3	3	0	14	0	0	0	1	2	0	0	0	0	0	0	0	15	2	17
56.800	7	2	2	0	0	3	0	0	14	0	1	0	1	4	0	0	0	0	0	0	0	15	1	8
57.000	10	7	5	0	0	1	4	0	12	0	1	0	1	2	0	0	0	0	0	0	0	16	0	12
57.200	10	11	5	0	0	0	3	0	11	0	0	0	1	4	0	0	0	0	0	0	0	13	0	14
57.400	11	4	1	0	0	0	1	0	9	0	1	0	1	5	0	0	0	0	0	0	0	16	0	7
57.600	9	10	6	0	0	0	2	0	14	0	1	0	0	4	0	0	0	0	0	0	1	15	0	6
57.800	4	5	4	1	0	0	8	0	12	0	1	0	2	7	0	0	0	0	0	0	1	12	1	5
58.000	6	9	5	0	0	0	4	0	11	0	4	0	0	3	0	0	0	0	0	0	5	18	2	14
58.200	3	7	5	1	1	1	12	0	7	0	1	0	1	2	0	0	0	0	0	0	0	11	0	8
58.400	8	12	6	1	0	0	5	0	6	0	0	0	1	6	0	0	0	0	0	0	2	12	0	7
58.600	3	6	6	3	0	0	4	0	3	0	0	0	1	5	0	0	0	0	0	0	5	12	3	12
58.800	3	14	8	2	0	0	5	0	10	0	0	0	1	5	0	0	0	0	0	0	1	10	1	7
59.000	3	13	8	2	0	0	2	0	4	0	0	0	2	5	0	0	0	0	0	0	2	10	2	9
59.200	2	7	6	2	0	0	8	0	4	0	0	0	0	6	0	0	0	0	0	0	1	8	2	14
59.400	2	10	4	0	0	0	0	0	9	0	0	0	2	6	0	0	0	0	0	0	1	12	0	8
59.600	4	10	5	0	0	0	0	0	8	0	0	0	1	6	0	0	0	0	0	0	2	14	0	10
59.800	2	10	3	1	0	0	7	0	5	0	0	0	1	4	0	0	0	0	0	0	0	9	0	7
60.000	2	9	6	1	0	0	5	0	4	0	1	0	1	4	0	0	0	0	0	0	0	13	0	5
60.200	3	11	5	1	0	0	3	0	8	0	1	0	1	1	0	0	0	0	0	0	0	14	0	3
60.400	3	9	5	0	0	0	8	1	7	0	1	0	1	4	0	0	0	0	0	0	0	14	0	4
60.600	8	8	5	0	0	0	4	0	9	0	4	0	2	6	0	0	0	0	0	0	1	14	0	4
60.800	10	3	5	2	0	0	7	1	1	0	1	0	1	3	0	0	0	0	0	0	0	12	0	12
61.000	6	4	9	2	1	4	8	0	5	0	4	0	2	4	0	0	0	0	0	0	0	14	0	8
61.200	10	4	8	2	1	7	7	0	6	0	0	0	1	3	0	0	0	0	0	0	0	13	0	11
61.400	14	10	4	2	0	2	7	1	4	0	1	0	1	2	0	0	0	0	0	0	0	16	0	6
61.600	12	9	8	1	1	1	3	0	6	0	1	0	1	3	0	0	0	0	0	0	2	18	1	6
61.800	11	9	9	2	0	0	6	0	2	0	1	0	2	3	0	0	0	0	0	0	0	16	0	7
62.000	14	9	7	2	0	0	5	0	8	0	1	0	1	5	0	0	0	0	0	0	1	17	0	12
62.200	13	12	9	2	0	0	3	0	3	0	1	0	2	4	0	0	0	0	0	0	0	14	0	11
62.400	7	4	6	3	0	0	7	0	9	0	1	0	1	3	0	0	0	0	0	0	1	17	0	3
62.600	16	8	7	1	0	0	4	0	5	0	1	0	1	2	0	0	0	0	0	0	0	14	0	1
62.800	5	5	6	2	0	0	10	1	3	0	1	0	2	2	0	0	0	0	0	0	0	14	0	1
63.000	9	4	6	2	1	0	10	0	5	0	1	0	1	2	0	0	0	0	0	0	0	16	0	7
63.200	14	4	9	2	0	0	8	2	9	0	1	0	3	4	0	0	0	0	0	0	0	14	0	8
63.400	14	12	9	1	0	4	8	1	5	0	1	0	1	3	0	0	0	0	0	0	0	23	1	9
63.600	9	1	7	0	0	0	11	0	4	0	1	0	0	5	0	0	0	0	0	0	0	18	0	10
63.800	9	5	9	2	1	12	8	0	9	0	1	0	1	5	0	0	0	0	0	0	0	21	0	8
64.000	10	8	6	0	0	0	5	0	8	0	3	0	2	2	0	0	0	0	0	0	1	20	0	12
64.200	10	3	5	0	0	2	8	0	6	0	0	0	1	3	0	0	0	0	0	0	0	17	0	10
64.400	7	8	6	0	1	2	2	0	7	0	1	0	1	6	0	0	0	0	0	0	0	10	0	8
64.600	9	6	7	0	0	0	10	2	8	0	0	0	1	4	0	0	0	0	0	0	1	16	0	18
64.800	10	4	3	0	0	0	11	0	4	0	1	0	0	6	0	0	0	0	0	0	0	17	0	7
65.000	13	8	5	0	0	0	3	0	6	0	4	0	1	6	0	0	0	0	0	0	0	14	0	10
65.200	8	3	6	1	1	0	4	0	6	0	4	0	0	5	0	0	0	0	0	0	1	22	0	3
65.400	12	5	7	3	0	0	0	0	5	0	2	0	0	6	0	0	0	0	0	0	0	20	1	1
65.600	9	7	7	1	1	0	13	0	4	0	2	0	0	6	0	0	0	0	0	0	0	16	0	9
65.800	11	5	10	2	0	0	10	1	1	0	4	0	0	6	0	0	0	0	0	0	0	18	0	12
66.000	12	11	5	2	0	0	7	1	2	0	7	0	0	6	0	0	0	0	0	0	0	13	0	8
66.200	12	7	5	1	0	0	6	1	2	0	4	0	0	6	0	0	0	0	0	0	0	16	1	9
66.400	15	10	7	1	0	0	4	0	6	0	3	0	0	6	0	0	0	0	0	0	0	18	1	13
66.600	10	6	5	2	0	0	4	0	2	0	6	0	0	5	0	0	0	0	0	0	0	15	2	15
66.800	9	12	7	2	0	0	8	0	5	0	4	0	0	5	0	0	0	0	0	0	0	13	2	10
67.000	8	7	7	2	0	0	9	0	3	0	6	0	1	5	0	0	0	0	0	0	0	12	1	7
67.200	1	0	9	2	0	3	1	0	9	0	8	0	2	4	0	0	0	0	0	0	0	13	6	14
67.400	9	3	5	2	0	0	5	0	9	0	7	0	0	4	0	0	0	0	0	0	0	17	4	14
67.600	10	5	4	1	0	1	2	0	5	0	7	0	0	4	0	0	0	0	0	0	0	22	4	18
67.800	14	10	8	2	0	1	7	1	5	0	6	0	0	4	0	0	0	0	0	0	0	12	4	14
68.000	7	5	8	2	1	5	8	0	5	0	7	0	0	3	0	0	0	0	0	0	0	19	0	11
68.200	12	7	5	3	0	14	4	0	4	0	7	0	0	5	0	0	0	0	0	0	0	14	0	9
68.400	4	3	6	5	1	8	8	0	3	0	7	0	0	4	0	0	0	0	0	0	0	19	0	6
68.600	3	7	7	3	0	13	11	0	5	0	6	0	0	1	0	0	0	0	0	0	0	14	1	13
68.800	8	10	7	2	0	8	10	0	7	0	5	0	0	5	0	0	0	0	0	0	1	12	3	15
69.000	0	1	6	1	0	12	6	0	6	0	8	0	0	4	0	0	0	0	0	0	0	14	1	16
69.200	3	8	5	1	1	4	7	0	7	0	8	0	0	3	0	0	0	0	0	0	1	18	3	11
69.400	4	9	6	1	1	5	1	0	5	0	7	0	2	3	0	0	0	0	0	0	0	16	2	13
69.600	3	8	8	1	0	2	5	0	6	0	8	0	1	4	0	0	0	0	0	0	0	10	3	9
69.800	1	9	9	2	1	11	9	0	7	0	7	0	0	4	0	0	0	0	0	0	0	12	2	11
70.000	2	12	8	2	0	12	2	0	5	0	4	0	1	4	0	0	0	0	0	0	1	17	4	12
70.200	2	11	6	1	0	8	4	0	5	0	8	0	1	2	0	0	0	0	0	0	0	18	1	6
70.400	2	7	7	1	0	1	3	0	9	0	7	0	1	4	0	0	0	0	0	0	0	12	2	19
70.600	0	4	8	2	1	0	4	0	8	0	5	0	1	2	0	0	0	0	0	0	0	12	1	17
70.800	0	3	5	2	1	0	5	0	8	0	4	0	1	4	0	0	0	0	0	0	0	23	5	9
71.000	3	9	9	2	0	0	7	0	9	0	5	0	2	4	0	0	0	0	0	0	1	16	3	21
71.200	0	10	9	1	0	0	8	0	6	0	7	0	1	4	0	0	0	0	0	0	0	16	3	8
71.400	1	10	8	2	0	0	6	0	9	0	6	0	1	1	0	0	0	0	0	0	0	14	4	16
71.600	3	6	7	2	0	0	11	0	7	0	2	0	1	1	0	0	0	0	0	0	0	13	3	13
71.800	3	12	11	2	0	0	1	0	9	0	7	0	0	1	0	0	0	0	0	0	0	13	5	14
72.000	3	8	7	2	0	0	3	0	2	0	6	0	1	5	0	0	0	0	0	0	0	13	3	15
72.200	6	8	9	2	0	0	0	0	5	0	6	0	1	1	0	0	0	0	0	0	0	19	2	17
72.400	3	7	7	1	0	0	2	0	6	0	7	0	2	3	0	0	0	0	0	0	0	22	1	10
72.600	4	9	7	2	0	0	0	0	5	0	5	0	1	7	0	0	0	0	0	0	0	15	2	12
72.800	3	8	6	2	0	0	8	0	4	0	7	0	1	3	0	0	0	0	0	0	0	9	5	27
73.000	3	9	9	1	0	0	3	0	6	0	8	0	0	6	0	0	0	0	0	0	0	11	6	13
73.200	8	8	5	2	0	0	0	0	2	0	2	0	1	4	0	0	0	0	0	0	0	15	3	17
73.400	8	11	9	2	0	0	5	0	1	1	7	0	0	4	0	0	0	0	0	0	0	13	2	16
73.600	7	12	8	2	0	0	4	0	1	0	4	0	0	6	0	0	0	0	0	0	0	16	0	13
73.800	8	11	6	2	0	0	2	0	1	0	7	0	0	2	0	0	0	0	0	0	0	24	7	14
74.000	5	5	5	2	0	0	2	0	2	0	2	0	0	3	0	0	0	0	0	0	0	18	5	18
74.200	7	7	5	2	0	0	1	0	0	0	6	0	0	2	0	0	0	0	0	0	0	13	3	14
74.400	10	9	1	1	0	0	2	0	2	0	5	0	0	5	0	0	0	0	0	0	0	19	12	25
74.600	6	4	2	2	0	3	7	0	1	0	7	0	0	4	0	0	0	0	0	0	0	24	16	14
74.800	5	11	1	2	0	10	3	0	2	2	12	0	0	5	0	0	0	0	0	0	0	24	16	15
75.000	3	5	5	2	0	7	0	0	0	0	13	0	0	3	0	0	0	0	0	0	0	20	11	16
75.200	2	8	7	6	0	7	0	0	1	1	8	0	0	4	0	0	0	0	0	0	0	21	19	27
75.400	3	1	2	7	0	5	0	1	2	2	11	0	1	3	0	0	0	0	0	0	0	27	14	22
75.600	1	3	8	7	1	0	0	1	0	2	8	0	1	3	0	0	0	0	0	0	0	23	9	14
75.800	0	4	8	6	0	0	1	1	0	0	12	0	1	6	0	0	0	0	0	0	0	25	16	21
76.000	0	4	9	4	0	0	1	7	0	0	5	0	3	6	0	0	0	0	0	0	0	20	5	20
76.200	1	6	6	5	1	0	2	4	0	0	8	0	1	2	0	0	0	0	0	0	0	19	7	22
76.400	0	2	4	3	0	0	4	4	0	0	7	0	1	3	0	0	0	0	0	0	0	22	7	19
76.600	0	5	9	8	1	0	0	0	0	0	11	0	0	5	0	0	0	0	0	0	0	21	17	29
76.800	0	4	8	5	0	0	0	0	0	0	14	0	0	4	0	0	0	0	0	0	0	20	11	15
77.000	0	9	9	5	0	0	1	0	3	0	10	0	0	2	0	0	0	0	0	0	0	20	16	27
77.200	0	3	6	4	0	0	0	0	1	0	12	0	0	2	0	0	0	0	0	0	0	24	16	19
77.400	4	8	9	3	0	0	0	0	4	0	9	0	0	1	0	0	0	0	0	0	0	19	15	23
77.600	4	5	8	2	0	0	0	0	3	0	13	0	0	4	0	0	0	0	0	0	0	20	15	13
77.800	9	10	8	3	0	0	0	0	5	1	14	0	0	6	0	0	0	0	0	0	0	20	15	21
78.000	9	12	10	1	0	0	0	0	3	0	6	0	0	6	0	0	0	0	0	0	0	28	15	22
78.200	2	11	9	4	0	0	0	0	5	0	11	0	0	0	0	0	0	0	0	0	0	26	14	28
78.400	3	4	7	5	0	0	0	0	6	0	6	0	0	0	0	0	0	0	0	0	0	18	11	24
78.600	3	14	9	2	0	0	0	0	7	0	12	0	0	0	0	0	0	0	0	0	0	25	12	26
78.800	4	12	8	1	0	0	0	0	9	0	10	0	0	0	0	0	0	0	0	0	0	20	14	25
79.000	7	7	9	2	0	3	0	0	11	0	5	0	0	0	0	0	0	0	0	0	0	19	15	16
79.200	8	16	9	2	0	3	0	0	10	1	10	0	0	0	0	0	0	0	0	0	0	21	11	13
79.400	7	13	5	2	0	1	0	0	7	0	11	0	0	0	0	0	0	0	0	0	0	21	16	23
79.600	4	9	7	2	0	3	0	1	9	0	11	0	0	0	0	0	0	0	0	0	0	20	15	21
79.800	4	6	6	1	0	3	0	2	12	1	9	0	0	0	0	0	0	0	0	0	0	24	15	11
80.000	8	8	5	2	0	3	0	2	9	0	10	0	0	0	0	0	0	0	0	0	0	25	11	10
80.200	9	8	7	2	0	3	0	2	2	0	12	0	0	1	0	0	0	0	0	0	0	18	6	10
80.400	7	7	7	2	0	0	0	2	9	0	11	0	0	1	0	0	0	0	0	0	0	26	3	23
80.600	7	9	7	2	0	0	0	2	7	1	11	0	0	0	0	0	0	0	0	0	0	23	14	25
80.800	6	8	5	1	0	0	0	2	8	1	11	0	0	0	0	0	0	0	0	0	0	27	15	19
81.000	4	11	6	1	0	0	0	2	9	0	10	0	0	0	0	0	0	0	0	0	0	28	11	16
81.200	7	7	6	0	0	0	0	1	5	0	12	0	0	0	0	0	0	0	0	0	0	18	23	14
81.400	3	7	8	2	0	0	0	0	5	0	12	0	0	0	0	0	0	0	0	0	0	16	11	11
81.600	6	6	4	1	0	0	0	1	11	0	13	0	0	0	0	0	0	0	0	0	0	23	9	14
81.800	8	8	6	2	0	0	0	0	9	0	5	0	0	5	0	0	0	0	0	0	0	25	8	13
82.000	4	12	6	2	0	0	0	1	9	0	8	0	0	4	0	0	0	0	0	0	0	16	13	17
82.200	8	5	10	2	0	0	0	0	9	0	9	0	0	3	0	0	0	0	0	0	0	22	16	22
82.400	9	8	9	1	0	0	0	0	2	0	9	0	0	4	0	0	0	0	0	0	0	27	15	23
82.600	10	7	1	0	0	0	0	0	6	0	5	0	0	3	0	0	0	0	0	0	0	19	12	22
82.800	10	8	4	0	0	0	0	0	5	0	6	0	0	4	0	0	0	0	0	0	0	26	14	26
83.000	10	8	8	0	0	0	0	0	5	0	10	0	0	2	0	0	0	0	0	0	0	18	11	17
83.200	9	5	7	0	0	0	0	0	7	0	9	0	0	1	0	0	0	0	0	0	0	17	7	24
83.400	10	11	7	0	0	1	0	0	4	0	8	0	0	5	0	0	0	0	0	0	0	20	4	17
83.600	11	6	4	0	0	0	0	2	9	0	9	0	0	6	0	0	0	0	0	0	0	22	9	13
83.800	10	7	7	0	0	0	0	2	8	0	11	0	0	0	0	0	0	0	0	0	0	22	9	11
84.000	9	4	4	0	0	0	0	2	13	0	8	0	0	0	0	0	0	0	0	0	0	21	15	17
84.200	8	6	5	0	0	0	1	2	11	0	5	0	0	0	0	0	0	0	0	0	0	19	15	24
84.400	11	12	5	0	0	0	0	2	12	0	12	0	0	1	0	0	0	0	0	0	0	22	20	13
84.600	12	6	4	0	0	0	1	2	10	0	9	0	0	1	0	0	0	0	0	0	0	22	8	12
84.800	8	7	5	0	0	0	0	2	11	0	7	0	1	0	0	0	0	0	0	0	0	24	14	15
85.000	9	7	5	0	0	0	0	2	11	0	6	0	1	0	0	0	0	0	0	0	0	25	16	27
85.200	4	7	10	0	0	0	1	2	12	0	11	0	1	0	0	0	0	0	0	0	0	15	16	26
85.400	4	6	10	0	1	0	0	2	8	0	12	0	0	0	0	0	0	0	0	0	0	19	11	17
85.600	8	7	12	0	0	1	0	2	11	0	9	0	0	0	0	0	0	0	0	0	0	25	14	16
85.800	10	9	16	0	0	0	1	2	11	0	11	0	0	0	0	0	0	0	0	0	0	21	10	17
86.000	10	7	11	0	0	0	0	0	4	0	11	0	0	0	0	0	0	0	0	0	0	25	13	21
86.200	8	8	11	0	0	0	0	2	6	0	12	0	0	0	0	0	0	0	0	0	0	27	7	13
86.400	8	6	11	0	0	0	0	2	13	0	11	0	0	0	0	0	0	0	0	0	0	19	14	22
86.600	4	7	13	0	0	0	0	2	11	0	11	0	0	0	0	0	0	0	0	0	0	20	11	19
86.800	4	5	13	0	0	1	0	2	14	0	6	0	0	0	0	0	0	0	0	0	0	26	22	17
87.000	15	9	10	0	0	0	0	0	10	0	11	0	0	0	0	0	0	0	0	0	0	31	11	14
87.200	8	5	14	0	0	0	0	0	15	0	11	0	0	0	0	0	0	0	0	0	0	28	12	9
87.400	6	8	11	0	0	0	0	2	10	1	10	0	0	0	0	0	0	0	0	0	0	23	14	20
87.600	4	9	12	0	0	0	0	2	8	0	12	0	0	0	0	0	0	0	0	0	0	27	13	21
87.800	4	8	16	0	1	0	0	2	13	0	7	0	0	0	0	0	0	0	0	0	0	23	14	16
88.000	3	9	22	4	0	0	1	2	13	1	5	0	0	0	0	0	0	0	0	0	0	23	15	21
88.200	3	9	15	4	0	0	0	2	14	2	12	0	0	0	0	0	0	0	0	0	0	21	16	22
88.400	5	5	12	4	0	0	0	2	9	1	13	0	0	0	0	0	0	0	0	0	0	25	15	25
88.600	6	3	17	6	0	0	0	2	14	0	4	0	0	0	0	0	0	0	0	0	0	20	11	14
88.800	7	8	12	4	0	0	0	2	13	0	13	0	0	0	0	0	0	0	0	0	0	27	17	25
89.000	7	6	16	5	0	0	0	2	7	0	14	0	0	0	0	0	0	0	0	0	0	22	9	21
89.200	5	8	16	5	0	0	0	2	12	0	13	0	0	0	0	0	0	0	0	0	0	25	10	20
89.400	6	10	17	4	0	0	0	2	9	0	13	0	0	0	0	0	0	0	0	0	0	24	15	28
89.600	4	10	27	3	0	0	0	2	9	1	11	0	0	0	0	0	0	0	0	0	0	21	13	15
89.800	6	6	24	5	0	0	0	0	9	0	7	0	0	0	0	0	0	0	0	0	0	23	14	18
90.000	3	6	11	4	0	0	0	2	9	0	12	0	0	0	0	0	0	0	0	0	0	21	11	27
90.200	3	11	18	5	2	0	0	2	14	1	12	0	0	0	0	0	0	0	0	0	0	21	5	14
90.400	9	5	19	5	1	0	0	1	15	1	10	0	0	0	0	0	0	0	0	0	0	26	7	9
90.600	6	7	19	6	2	0	0	2	11	1	10	0	0	0	0	0	0	0	0	0	0	24	11	10
90.800	9	4	17	5	5	0	0	1	16	0	15	0	0	0	0	0	0	0	0	0	0	18	7	8
91.000	8	8	14	5	6	0	0	0	7	0	12	0	0	0	0	0	0	0	0	0	0	17	18	19
91.200	12	9	15	7	7	0	0	0	4	1	13	0	0	0	0	0	0	0	0	0	0	20	7	21
91.400	12	7	21	6	8	0	0	3	20	3	11	0	0	0	0	0	0	0	0	0	0	21	8	21
91.600	12	9	21	4	4	0	0	2	12	0	11	0	0	0	0	0	0	0	0	0	0	23	9	26
91.800	10	7	15	4	8	0	0	0	17	0	8	0	0	0	0	0	0	0	0	0	0	22	8	17
92.000	8	7	18	6	9	0	0	2	19	3	10	0	0	0	0	0	0	0	0	0	0	25	11	25
92.200	10	7	16	2	7	0	0	2	15	2	10	0	0	0	0	0	0	0	0	0	0	24	15	27
92.400	6	6	20	4	8	0	0	2	14	1	10	0	0	0	0	0	0	0	0	0	0	22	12	32
92.600	8	8	16	7	8	0	0	0	7	0	11	0	0	0	0	0	0	0	0	0	0	23	16	24
92.800	3	7	21	6	7	0	0	1	15	0	13	0	0	0	0	0	0	0	0	0	0	26	8	21
93.000	4	7	17	6	9	0	0	2	15	0	8	0	0	0	0	0	0	0	0	0	0	26	10	18
93.200	3	8	16	4	12	0	0	2	15	0	11	0	0	0	0	0	0	0	0	0	0	25	17	23
93.400	5	6	14	5	4	0	0	2	9	1	11	0	0	0	0	0	0	0	0	0	0	24	15	13
93.600	3	7	18	6	7	0	0	2	18	1	11	0	0	0	0	0	0	0	0	0	0	24	13	15
93.800	5	9	16	5	5	0	0	2	16	0	9	0	0	0	0	0	0	0	0	0	0	17	14	15
94.000	2	5	16	5	7	0	0	0	17	1	13	0	0	0	0	0	0	0	0	0	0	22	7	17
94.200	2	7	14	4	6	0	0	2	21	1	7	0	0	0	0	0	0	0	0	0	0	20	14	21
94.400	2	9	15	2	6	0	0	1	21	0	10	0	0	0	0	0	0	0	0	0	0	24	7	10
94.600	6	8	11	4	5	0	0	2	21	0	8	0	0	0	0	0	0	0	0	0	0	26	15	13
94.800	6	8	12	3	8	0	0	0	22	1	8	0	0	0	0	0	0	0	0	0	0	16	8	18
95.000	6	8	9	2	8	0	0	0	18	1	9	0	0	0	0	0	0	0	0	0	0	18	9	14
95.200	3	9	12	3	9	0	0	0	19	1	8	0	0	0	0	0	0	0	0	0	0	24	15	15
95.400	3	7	6	2	4	0	0	0	19	0	9	0	0	0	0	0	0	0	0	0	0	25	8	21
95.600	8	7	5	2	8	0	0	2	21	0	11	0	0	0	0	0	0	0	0	0	0	26	9	14
95.800	6	6	4	2	5	0	0	2	18	0	8	0	0	0	0	0	0	0	0	0	0	24	8	13
96.000	3	3	3	4	7	0	0	0	25	1	6	0	0	0	0	0	0	0	0	0	0	21	11	19
96.200	10	6	2	2	3	0	0	2	20	1	7	0	1	0	0	0	0	0	0	0	0	19	8	14
96.400	10	9	2	3	6	0	0	2	14	0	8	0	1	0	0	0	0	0	0	0	0	20	10	15
96.600	3	8	3	2	7	0	0	2	17	0	5	0	0	0	0	0	0	0	0	0	0	21	10	16
96.800	7	10	7	4	2	0	0	0	12	0	9	0	0	0	0	0	0	0	0	0	0	18	8	20
97.000	3	9	5	4	3	0	0	2	16	0	9	0	0	0	0	0	0	0	0	0	0	19	12	25
97.200	5	7	9	1	3	0	0	2	25	1	11	0	0	0	0	0	0	0	0	0	0	19	13	12
97.400	3	5	10	2	0	0	0	2	23	1	5	0	1	0	0	0	0	0	0	0	0	21	11	20
97.600	8	6	11	3	1	0	0	2	19	0	9	0	0	0	0	0	0	0	0	0	0	19	12	15
97.800	7	3	15	4	0	0	0	3	14	0	13	0	0	0	0	0	0	0	0	0	0	15	4	12
98.000	6	7	10	2	0	0	0	2	18	0	13	0	0	0	0	0	0	0	0	0	0	21	10	13
98.200	2	3	11	4	0	0	0	3	16	0	11	0	0	0	0	0	0	0	0	0	0	19	5	12
98.400	4	11	6	3	0	0	0	1	20	2	11	0	0	0	0	0	0	0	0	0	0	24	9	29
98.600	8	8	6	3	0	0	0	7	12	0	13	0	0	0	0	0	0	0	0	0	0	16	10	21
98.800	10	8	3	3	0	0	2	11	14	0	12	0	0	0	0	0	0	0	0	0	0	29	11	22
99.000	8	7	2	2	0	0	4	9	16	0	10	0	0	0	0	0	0	0	0	0	0	22	5	19
99.200	11	7	3	0	0	0	0	9	14	0	9	0	0	0	0	0	0	0	0	0	0	17	11	23
99.400	6	10	3	1	0	0	2	10	13	0	8	0	0	0	0	0	0	0	0	0	0	20	10	16
99.600	8	7	2	1	0	0	2	13	14	0	7	0	0	0	0	0	0	0	0	0	0	10	5	20
99.800	5	4	2	2	0	0	2	15	21	0	5	0	0	0	0	0	0	0	0	0	0	24	3	19
100.000	8	2	1	0	0	0	4	14	15	0	12	0	0	0	0	0	0	0	0	0	0	33	5	5
100.200	10	6	0	0	0	0	2	18	13	0	11	0	0	0	0	0	0	0	0	0	0	21	7	14
100.400	8	3	1	0	0	0	2	13	21	0	5	0	0	0	0	0	0	0	0	0	0	24	7	23
100.600	6	8	5	0	1	0	2	9	24	0	6	0	0	0	0	0	0	0	0	0	0	14	10	23
100.800	3	2	3	0	0	0	2	11	17	0	11	0	0	0	0	0	0	0	0	0	0	14	11	19
101.000	4	7	6	0	0	0	2	11	17	0	12	0	0	0	0	0	0	0	0	0	0	17	5	13
101.200	6	3	9	0	1	0	4	14	18	0	13	0	0	0	0	0	0	0	0	0	0	14	3	21
101.400	13	6	10	0	2	0	2	12	16	0	13	0	0	0	0	0	0	0	0	0	0	13	5	14
101.600	4	11	9	0	2	0	2	13	12	0	7	0	0	0	0	0	0	0	0	0	0	15	9	19
101.800	9	7	3	0	4	0	3	15	9	0	7	0	0	0	0	0	0	0	0	0	0	27	9	16
102.000	10	8	0	0	4	0	3	14	15	0	7	0	0	0	0	0	0	0	0	0	0	28	8	19
102.200	8	2	0	0	4	0	3	12	12	0	9	0	0	0	0	0	0	0	0	0	0	21	4	23
102.400	0	0	0	0	3	0	3	12	10	0	11	0	0	0	0	0	0	0	0	0	0	26	8	28
102.600	1	0	0	0	2	0	3	14	12	0	10	0	0	0	0	0	0	0	0	0	0	32	6	14
102.800	10	3	0	0	1	0	3	11	10	0	6	0	0	0	0	0	0	0	0	0	0	26	5	20
103.000	8	4	0	0	1	0	3	14	11	0	13	0	0	0	0	0	0	0	0	0	0	24	7	23
103.200	5	0	0	0	6	0	2	8	11	0	7	0	0	0	0	0	0	0	0	0	0	16	3	12
103.400	5	2	0	0	3	0	3	13	17	0	10	0	0	0	0	0	0	0	0	0	0	19	10	12
103.600	8	1	0	0	2	0	3	10	12	0	9	0	0	0	0	0	0	0	0	0	0	26	5	23
103.800	10	3	0	0	5	0	3	10	15	0	9	0	0	0	0	0	0	0	0	0	0	22	12	13
104.000	6	1	0	0	8	0	4	15	9	0	7	0	0	0	0	0	0	0	0	0	0	25	17	11
104.200	6	0	0	0	4	0	3	16	16	0	6	0	0	0	0	0	0	0	0	0	0	23	9	23
104.400	4	6	0	0	4	0	4	11	9	0	9	0	0	0	0	0	0	0	0	0	0	24	8	20
104.600	5	6	0	0	7	0	2	11	7	0	5	0	0	0	0	0	0	0	0	0	0	16	15	24
104.800	2	5	0	0	5	0	3	15	15	0	11	0	0	0	0	0	0	0	0	0	0	23	10	19
105.000	3	4	0	0	5	0	3	9	17	0	7	0	0	0	0	0	0	0	0	0	0	23	13	17
105.200	4	7	0	0	8	0	3	11	11	0	8	0	0	0	0	0	0	0	0	0	0	22	8	21
105.400	0	1	0	0	5	0	2	8	13	0	8	0	0	0	0	0	0	0	0	0	0	12	12	20
105.600	0	6	0	0	5	0	1	12	11	0	14	0	1	0	0	0	0	0	0	0	0	19	13	26
105.800	0	4	1	0	5	0	2	7	12	0	13	0	1	0	0	0	0	0	0	0	0	23	14	21
106.000	0	3	0	0	6	0	2	10	12	0	10	0	1	0	0	0	0	0	0	0	0	24	14	16
106.200	1	4	1	0	6	3	2	8	11	0	12	0	1	0	0	0	0	0	0	0	0	24	15	30
106.400	0	1	0	0	5	0	3	11	8	0	15	0	1	0	0	0	0	0	0	0	0	24	15	20
106.600	0	1	0	0	5	2	3	11	12	0	9	0	1	0	0	0	0	0	0	0	0	23	9	16
106.800	0	1	1	0	5	2	2	15	14	0	9	0	0	0	0	0	0	0	0	0	0	21	12	28
107.000	0	5	2	0	5	0	2	10	16	0	8	0	0	0	0	0	0	0	0	0	0	20	11	21
107.200	2	5	1	0	6	0	1	10	10	0	12	0	1	0	0	0	0	0	0	0	0	23	16	21
107.400	0	5	2	0	5	1	3	13	14	0	8	0	0	0	0	0	0	0	0	0	0	23	15	15
107.600	5	4	1	0	5	0	4	15	19	0	15	0	0	0	0	0	0	0	0	0	0	20	6	13
107.800	5	7	0	0	4	0	2	15	9	0	12	0	0	0	0	0	0	0	0	0	0	19	13	30
108.000	10	6	0	0	9	0	1	11	9	0	12	0	1	0	0	0	0	0	0	0	0	16	11	18
108.200	7	3	0	0	5	0	3	13	14	0	14	0	0	0	0	0	0	0	0	0	0	30	10	25
108.400	7	1	0	0	4	0	4	11	9	0	14	0	0	0	0	0	0	0	0	0	0	20	10	30
108.600	10	4	0	0	7	0	3	14	12	0	10	0	0	0	0	0	0	0	0	0	0	20	8	22
108.800	10	6	0	0	5	0	3	11	12	0	14	0	0	2	0	0	0	0	0	0	0	17	5	18
109.000	10	3	1	0	4	0	3	11	13	0	10	0	0	1	0	0	0	0	0	0	0	20	9	24
109.200	10	10	3	0	0	0	2	8	16	0	10	0	0	4	0	0	0	0	0	0	0	19	13	10
109.400	6	8	4	0	0	0	3	14	14	0	10	0	0	0	0	0	0	0	0	0	0	22	17	28
109.600	7	11	9	0	0	0	2	11	15	0	12	0	0	2	0	0	0	0	0	0	0	24	13	7
109.800	9	8	5	0	0	0	2	12	8	0	11	0	0	5	0	0	0	0	0	0	0	20	13	23
110.000	10	8	5	0	0	0	2	12	10	0	10	0	0	4	0	0	0	0	0	0	0	20	17	23
110.200	9	9	6	0	0	0	2	9	13	0	8	0	1	3	0	0	0	0	0	0	0	24	11	10
110.400	10	8	11	0	0	0	2	8	10	0	6	0	1	0	0	0	0	0	0	0	0	22	9	17
110.600	4	8	10	0	0	0	4	9	9	0	18	0	0	1	0	0	0	0	0	0	0	23	22	26
110.800	10	1	11	0	3	0	3	9	12	0	11	0	1	2	0	0	0	0	0	0	0	20	7	15
111.000	13	1	9	0	4	0	2	8	12	0	14	0	1	4	0	0	0	0	0	0	0	24	15	16
111.200	8	1	9	0	4	0	4	9	9	0	11	0	0	4	0	0	0	0	0	0	0	24	18	23
111.400	10	1	10	0	0	0	4	11	15	0	15	0	0	7	0	0	0	0	0	0	0	18	17	27
111.600	15	5	9	0	0	0	4	11	18	0	13	0	0	8	0	0	0	0	0	0	0	27	17	22
111.800	6	1	8	0	0	0	4	14	18	0	14	0	0	6	0	0	0	0	0	0	0	23	11	21
112.000	6	3	4	0	0	0	1	8	11	0	14	0	1	6	0	0	0	0	0	0	0	22	11	18
112.200	5	1	7	0	0	0	1	10	11	0	15	0	1	5	0	0	0	0	0	0	0	18	13	19
112.400	6	1	4	0	0	0	1	11	12	0	12	0	1	4	0	0	0	0	0	0	0	25	10	8
112.600	9	5	8	0	0	0	0	7	9	0	13	0	1	6	0	0	0	0	0	0	0	26	15	20
112.800	4	3	9	0	0	0	3	13	8	0	12	0	1	4	0	0	0	0	0	0	0	22	14	22
113.000	4	8	7	0	0	0	3	10	10	0	5	0	1	5	0	0	0	0	0	0	0	28	11	21
113.200	8	14	13	0	1	0	3	7	14	0	6	0	1	7	0	0	0	0	0	0	0	19	2	15
113.400	5	5	6	0	1	0	2	6	10	0	1	0	1	9	0	0	0	0	0	0	0	25	14	6
113.600	10	10	9	0	0	0	3	11	15	0	4	0	1	8	0	0	0	0	0	0	0	19	11	25
113.800	13	1	8	0	0	0	3	7	11	0	4	0	0	1	0	0	0	0	0	0	0	21	14	19
114.000	8	9	14	0	2	0	3	13	11	0	3	0	1	9	0	0	0	0	0	0	0	21	11	27
114.200	10	8	10	0	0	0	2	9	14	0	6	0	1	5	0	0	0	0	0	0	0	22	9	22
114.400	5	6	5	0	0	0	2	4	7	0	6	0	1	4	0	0	0	0	0	0	0	23	17	30
114.600	7	1	4	0	2	0	5	17	10	0	6	0	1	5	0	0	0	0	0	0	0	17	13	26
114.800	12	3	12	0	0	0	3	10	12	0	6	0	1	4	0	0	0	0	0	0	0	22	14	23
115.000	10	11	8	0	0	0	3	10	10	0	5	0	0	5	0	0	0	0	0	0	0	23	15	28
115.200	10	8	6	0	0	0	3	9	9	0	6	0	1	6	0	0	0	0	0	0	0	27	8	23
115.400	17	3	8	0	4	0	4	5	10	0	11	0	0	4	0	0	0	0	0	0	0	24	12	25
115.600	15	5	6	0	5	0	4	14	10	0	5	0	0	4	0	0	0	0	0	0	0	18	13	8
115.800	11	2	9	0	4	0	3	11	12	0	3	0	0	5	0	0	0	0	0	0	0	16	10	13
116.000	13	3	9	0	5	0	3	9	12	0	6	0	0	5	0	0	0	0	0	0	0	9	15	23
116.200	4	2	8	0	6	0	2	8	9	0	8	0	0	6	0	0	0	0	0	0	0	13	14	26
116.400	8	1	6	0	4	0	2	10	11	0	16	0	0	4	0	0	0	0	0	0	0	15	16	22
116.600	7	0	13	0	5	0	3	11	11	0	0	0	0	5	0	0	0	0	0	0	0	14	15	22
116.800	10	2	7	0	10	0	3	13	10	0	4	0	0	3	0	0	0	0	0	0	0	14	11	10
117.000	4	4	9	0	5	0	3	9	9	0	10	0	0	5	0	0	0	0	0	0	0	14	17	19
117.200	3	8	12	0	4	0	2	9	10	0	0	0	0	4	0	0	0	0	0	0	0	11	10	14
117.400	4	6	11	0	1	0	2	14	9	0	2	0	0	4	0	0	0	0	0	0	0	9	11	26
117.600	4	8	13	0	2	0	2	15	11	0	0	0	0	8	0	0	0	0	0	0	0	10	17	23
117.800	4	4	12	0	2	0	3	12	14	0	0	0	0	5	0	0	0	0	0	0	0	6	9	12
118.000	2	3	9	0	7	0	2	12	7	0	0	0	0	8	0	0	0	0	0	0	0	7	12	34
118.200	4	5	10	0	5	0	3	9	9	0	0	0	0	5	0	0	0	0	0	0	0	10	12	36
118.400	8	3	9	0	6	0	2	11	13	0	0	0	1	5	0	0	0	0	0	0	0	11	10	14
118.600	3	8	9	0	5	0	2	11	15	0	0	0	0	4	0	0	0	0	0	0	0	18	15	31
118.800	3	7	8	0	5	0	2	9	5	0	0	0	0	5	0	0	0	0	0	0	0	13	9	21
119.000	6	7	10	0	5	0	3	12	6	0	0	0	1	4	0	0	0	0	0	0	0	12	11	15
119.200	5	5	7	0	5	0	3	13	15	0	0	0	1	2	0	0	0	0	0	0	0	18	8	29
119.400	11	5	11	0	3	0	4	8	10	0	0	0	0	3	0	0	0	0	0	0	0	17	9	23
119.600	11	11	10	0	5	0	4	10	11	0	0	0	1	5	0	0	0	0	0	0	0	15	16	23
119.800	11	4	12	0	6	0	3	11	10	0	0	0	0	3	0	0	0	0	0	0	0	17	15	14
120.000	10	5	8	0	5	0	3	10	9	0	0	0	0	3	0	0	0	0	0	0	0	21	13	29
120.200	9	2	7	0	4	0	3	11	13	0	1	0	0	5	0	0	0	0	0	0	0	23	16	21
120.400	11	4	9	0	5	0	3	9	10	0	0	0	1	4	0	0	0	0	0	0	0	17	11	27
120.600	11	5	9	0	3	0	2	10	9	0	0	0	1	8	0	0	0	0	0	0	0	22	14	20
120.800	8	4	9	0	2	0	2	10	14	1	0	0	1	4	0	0	0	0	0	0	0	16	9	24
121.000	10	8	10	0	2	0	3	11	10	0	0	0	1	6	0	0	0	0	0	0	0	22	17	17
121.200	4	5	11	0	1	0	3	10	10	0	0	0	1	5	0	0	0	0	0	0	0	16	6	11
121.400	5	4	8	0	0	0	2	10	9	0	0	0	1	4	0	0	0	0	0	0	0	17	15	32
121.600	3	10	8	0	1	0	5	12	14	0	0	0	2	6	0	0	0	0	0	0	0	16	15	23
121.800	5	10	10	0	4	0	2	11	9	0	0	0	2	3	0	0	0	0	0	0	0	18	15	14
122.000	10	8	12	0	2	0	3	11	16	0	0	0	1	6	0	0	0	0	0	0	0	18	21	20
122.200	13	1	12	0	4	0	2	12	8	0	0	0	2	5	0	0	0	0	0	0	0	14	17	31
122.400	9	4	8	0	1	0	3	14	10	0	0	0	2	7	0	0	0	0	0	0	0	11	12	18
122.600	9	3	12	0	0	0	3	13	13	1	0	0	0	2	0	0	0	0	0	0	0	13	10	19
122.800	11	2	13	0	0	0	3	10	15	2	0	0	0	1	0	0	0	0	0	0	0	15	15	21
123.000	10	8	13	0	0	0	3	16	14	2	0	0	0	3	0	0	0	0	0	0	0	18	14	35
123.200	10	3	14	0	0	0	2	16	16	1	0	0	1	3	0	0	0	0	0	0	0	16	9	21
123.400	12	6	15	0	2	0	1	12	9	1	0	0	1	5	0	0	0	0	0	0	0	17	3	21
123.600	10	8	11	0	0	0	3	13	5	1	0	0	1	5	0	0	0	0	0	0	0	13	9	21
123.800	15	7	15	0	2	0	3	10	11	5	0	0	2	6	0	0	0	0	0	0	0	18	15	29
124.000	12	9	12	0	1	0	4	9	7	3	0	0	1	6	0	0	0	0	0	0	0	15	8	17
124.200	8	4	15	0	5	0	2	12	8	5	0	0	1	9	0	0	0	0	0	0	0	12	9	21
124.400	4	1	14	0	3	0	3	11	14	2	0	0	1	3	0	0	0	0	0	0	0	14	11	24
124.600	11	8	9	0	0	0	3	12	17	2	0	0	0	6	0	0	0	0	0	0	0	18	16	21
124.800	8	3	15	0	4	0	4	14	16	2	0	0	1	5	0	0	0	0	0	0	0	21	7	12
125.000	9	7	12	0	0	0	3	11	14	1	0	0	0	6	0	0	0	0	0	0	0	24	11	23
125.200	10	11	11	0	3	0	3	9	12	0	0	0	0	4	0	0	0	0	0	0	0	18	7	11
125.400	8	6	10	0	0	0	4	19	11	0	0	0	0	2	0	0	0	0	0	0	0	15	9	15
125.600	7	3	10	0	2	0	2	10	10	0	0	0	0	2	0	0	0	0	0	0	0	20	9	16
125.800	13	10	9	0	2	0	3	11	10	0	0	0	0	2	0	0	0	0	0	0	0	17	7	18
126.000	11	10	15	0	2	0	2	10	13	1	0	0	0	4	0	0	0	0	0	0	0	18	9	8
126.200	7	8	11	0	3	0	4	14	12	0	0	0	0	6	0	0	0	0	0	0	0	17	2	14
126.400	10	5	11	0	4	0	2	11	10	0	0	0	0	6	0	0	0	0	0	0	0	15	4	9
126.600	11	3	16	0	4	0	2	11	6	0	0	0	0	6	0	0	0	0	0	0	0	24	10	8
126.800	6	3	18	0	6	0	2	11	5	0	0	0	0	6	0	0	0	0	0	0	0	15	7	16
127.000	15	3	12	0	2	0	2	13	1	0	0	0	1	5	0	0	0	0	0	0	0	22	10	8
127.200	15	5	10	0	0	0	2	13	3	0	0	0	1	6	0	0	0	0	0	0	0	17	8	6
127.400	9	3	18	1	3	0	2	12	0	0	0	0	1	4	0	0	0	0	0	0	0	22	14	10
127.600	10	9	13	2	4	0	2	8	0	0	0	0	2	2	0	0	0	0	0	0	0	21	16	17
127.800	11	7	15	1	4	0	2	11	6	0	0	0	2	5	0	0	0	0	0	0	0	29	20	15
128.000	9	3	14	1	4	0	0	14	6	1	0	0	0	5	0	0	0	0	0	0	0	22	15	18
128.200	14	9	13	2	4	0	2	18	6	0	0	0	1	2	0	0	0	0	0	0	0	20	9	6
128.400	6	5	12	2	2	0	1	12	6	0	0	0	1	6	0	0	0	0	0	0	0	19	10	14
128.600	13	6	6	5	2	0	1	12	7	0	0	0	1	6	0	0	0	0	0	0	0	23	13	8
128.800	11	9	9	2	4	0	2	15	5	0	0	0	1	5	0	0	0	0	0	0	0	27	15	21
129.000	10	6	13	2	1	0	1	13	6	1	0	0	0	6	0	0	0	0	0	0	0	29	16	15
129.200	10	7	9	1	4	0	2	16	9	1	0	0	1	6	0	0	0	0	0	0	0	27	14	28
129.400	9	6	10	4	3	0	1	14	10	2	0	0	1	5	0	0	0	0	0	0	0	16	10	25
129.600	11	9	16	2	3	0	1	9	10	3	0	0	2	4	0	0	0	0	0	0	0	11	13	25
129.800	7	10	14	2	3	0	2	7	15	2	0	0	1	4	0	0	0	0	0	0	0	27	11	23
130.000	12	6	18	3	3	0	2	13	11	0	0	0	2	3	0	0	0	0	0	0	0	21	10	20
130.200	9	5	10	3	3	0	2	13	12	1	0	0	1	3	0	0	0	0	0	0	0	22	10	21
130.400	7	3	16	1	3	0	4	13	6	2	0	0	2	6	0	0	0	0	0	0	0	26	12	19
130.600	7	6	12	1	0	0	5	14	9	2	0	0	2	6	0	0	0	0	0	0	0	28	6	14
130.800	10	4	9	2	0	0	3	9	13	0	0	0	2	6	0	0	0	0	0	0	0	19	7	25
131.000	12	6	16	2	3	0	5	7	8	4	0	0	2	6	0	0	0	0	0	0	0	26	8	22
131.200	12	6	15	2	2	0	3	9	7	2	0	0	2	7	0	0	0	0	0	0	0	24	9	17
131.400	15	6	16	2	4	0	2	12	9	2	0	0	2	6	0	0	0	0	0	0	0	30	9	22
131.600	13	2	17	3	0	0	4	10	8	6	0	0	2	5	0	0	0	0	0	0	0	26	8	19
131.800	14	5	3	6	1	0	4	5	6	3	0	0	2	5	0	0	0	0	0	0	0	23	10	14
132.000	12	6	5	6	0	0	4	8	7	1	0	0	1	4	0	0	0	0	0	0	0	23	7	20
132.200	12	6	7	5	0	0	4	13	8	3	0	0	1	5	0	0	0	0	0	0	0	30	9	10
132.400	8	6	6	4	0	0	4	16	7	3	0	0	1	6	0	0	0	0	0	0	0	26	7	14
132.600	12	10	7	5	0	0	2	7	7	2	0	0	1	4	0	0	0	0	0	0	0	27	6	18
132.800	11	2	5	4	0	0	3	13	11	2	0	0	0	6	0	0	0	0	0	0	0	28	7	20
133.000	5	6	6	4	0	0	3	13	9	2	0	0	1	5	0	0	0	0	0	0	0	22	5	19
133.200	10	9	5	4	1	0	3	10	13	1	0	0	0	5	0	0	0	0	0	0	0	22	4	21
133.400	5	6	6	4	0	0	2	12	16	2	0	0	2	6	0	0	0	0	0	0	0	26	4	21
133.600	11	9	5	3	0	0	3	9	17	2	0	0	3	4	0	0	0	0	0	0	0	31	3	19
133.800	10	6	6	10	1	0	2	12	13	1	0	0	2	6	0	0	0	0	0	0	0	27	7	21
134.000	3	7	5	5	1	0	2	11	17	1	0	0	2	4	0	0	0	0	0	0	0	20	4	22
134.200	3	8	4	4	0	0	5	16	14	1	0	0	2	4	0	0	0	0	0	0	0	30	10	21
134.400	11	13	6	5	0	0	3	13	6	2	0	0	0	6	0	0	0	0	0	0	0	28	9	24
134.600	10	13	6	3	1	0	2	9	13	0	0	0	1	7	0	0	0	0	0	0	0	26	9	20
134.800	11	11	9	4	1	0	3	13	13	0	0	0	2	8	0	0	0	0	0	0	0	28	11	21
135.000	9	7	8	6	0	0	4	14	14	0	0	0	1	1	0	0	0	0	0	0	0	17	6	17
135.200	10	4	6	8	0	0	1	14	8	1	0	0	1	6	0	0	0	0	0	0	0	22	8	30
135.400	8	13	9	6	0	0	2	8	11	0	0	0	2	5	0	0	0	0	0	0	0	16	4	11
135.600	4	6	7	10	0	0	2	8	10	1	0	0	2	3	0	0	0	0	0	0	0	14	10	17
135.800	8	7	7	3	0	0	4	8	10	0	0	0	1	6	0	0	0	0	0	0	0	15	5	18
136.000	8	8	7	7	1	0	2	9	11	0	0	0	1	4	0	0	0	0	0	0	0	14	9	30
136.200	9	7	6	4	0	0	2	12	9	0	0	0	0	5	0	0	0	0	0	0	0	14	9	16
136.400	11	8	6	5	1	0	3	9	11	1	0	0	0	2	0	0	0	0	0	0	0	15	6	27
136.600	9	7	5	5	1	0	2	6	12	1	0	0	0	0	0	0	0	0	0	0	0	15	6	18
136.800	4	6	4	2	1	0	2	9	15	2	0	0	0	5	0	0	0	0	0	0	0	18	6	23
137.000	5	12	4	5	1	0	2	11	9	2	0	0	0	2	0	0	0	0	0	0	0	24	6	22
137.200	7	8	3	4	1	0	2	13	14	0	0	0	0	4	0	0	0	0	0	0	0	26	9	25
137.400	3	8	8	5	1	0	3	11	11	1	0	0	0	4	0	0	0	0	0	0	0	20	6	26
137.600	3	7	7	6	2	0	3	9	9	2	0	0	0	5	0	0	0	0	0	0	0	30	5	22
137.800	6	10	7	5	0	0	4	9	10	0	0	0	0	4	0	0	0	0	0	0	0	31	9	18
138.000	6	8	7	6	0	0	5	8	9	1	0	0	1	4	0	0	0	0	0	0	0	21	7	22
138.200	3	11	5	6	1	0	2	10	14	1	0	0	1	2	0	0	0	0	0	0	0	25	13	23
138.400	8	6	6	7	1	0	2	8	6	2	0	0	1	2	0	0	0	0	0	0	0	32	6	18
138.600	7	10	6	5	0	1	3	10	12	0	0	0	0	3	0	0	0	0	0	0	0	18	9	18
138.800	3	8	6	5	3	0	3	8	7	4	0	0	1	3	0	0	0	0	0	0	0	20	6	24
139.000	3	3	2	8	2	0	4	7	18	3	0	0	0	1	0	0	0	0	0	0	0	20	9	20
139.200	4	5	5	3	2	0	4	14	15	2	0	0	1	1	0	0	0	0	0	0	0	18	7	19
139.400	6	8	3	4	5	0	2	12	5	2	0	0	1	4	0	0	0	0	0	0	0	23	9	23
139.600	10	14	6	4	10	0	3	15	4	2	0	0	1	6	0	0	0	0	0	0	0	21	9	21
139.800	5	9	2	2	8	0	4	18	7	0	0	0	1	5	0	0	0	0	0	0	0	19	11	15
140.000	10	13	8	6	5	0	3	10	11	1	0	0	1	5	0	0	0	0	0	0	0	22	6	20
140.200	10	7	10	3	5	0	2	11	9	0	0	0	1	4	0	0	0	0	0	0	0	21	7	20
140.400	12	9	6	5	4	0	2	13	10	0	0	0	1	4	0	0	0	0	0	0	0	26	9	27
140.600	10	7	6	4	4	0	2	17	11	0	0	0	1	5	0	0	0	0	0	0	0	25	7	14
140.800	7	11	5	6	5	0	2	8	12	3	0	0	1	4	0	0	0	0	0	0	0	25	12	18
141.000	11	14	6	6	9	0	3	17	14	0	0	0	1	8	0	0	0	0	0	0	0	20	7	14
141.200	12	13	7	6	8	0	2	9	13	0	0	0	1	6	0	0	0	0	0	0	0	19	9	27
141.400	10	16	7	5	6	0	2	7	9	1	0	0	1	7	0	0	0	0	0	0	0	26	9	21
141.600	12	14	5	5	5	0	2	10	14	0	0	0	1	6	0	0	0	0	0	0	0	23	7	17
141.800	10	10	7	8	8	0	2	11	12	0	0	0	1	8	0	0	0	0	0	0	0	17	8	23
142.000	10	10	5	2	6	0	2	14	19	0	0	0	1	7	0	0	0	0	0	0	0	20	7	14
142.200	10	8	5	4	9	0	2	13	9	0	0	0	1	8	0	0	0	0	0	0	0	22	7	21
142.400	9	7	4	5	9	0	3	11	12	2	0	0	1	8	0	0	0	0	0	0	0	19	12	19
142.600	9	7	6	3	5	0	3	12	14	1	0	0	1	7	0	0	0	0	2	0	0	15	14	21
142.800	10	5	6	4	6	0	2	9	16	0	0	0	0	8	0	0	0	0	0	0	0	21	12	23
143.000	5	13	7	4	8	0	1	12	13	0	0	0	1	4	0	0	0	0	0	0	0	16	7	21
143.200	13	11	8	5	7	0	2	16	8	0	0	0	0	4	0	0	0	0	0	0	0	17	7	24
143.400	11	7	6	4	0	0	2	8	12	1	0	0	1	5	0	0	0	0	0	0	0	13	9	20
143.600	11	13	6	4	0	0	3	12	17	0	0	0	0	3	0	0	0	0	0	0	0	12	12	19
143.800	13	12	7	6	2	0	2	9	16	1	0	0	1	5	0	0	0	0	0	0	0	12	8	15
144.000	8	9	4	6	0	0	2	11	10	1	0	0	1	3	0	0	0	0	0	0	0	17	9	23
144.200	8	6	3	3	0	0	2	11	6	0	0	0	1	8	0	0	0	0	0	0	0	12	9	15
144.400	9	10	6	8	0	0	1	9	18	0	0	0	1	8	0	0	0	0	0	0	0	14	11	19
144.600	9	12	5	6	1	0	3	12	12	0	0	0	1	8	0	0	0	0	0	0	0	16	7	13
144.800	12	8	6	5	0	0	2	15	13	4	0	0	2	8	0	0	0	0	0	0	0	17	7	17
145.000	8	10	5	5	0	0	2	12	9	0	0	0	1	5	0	0	0	0	0	0	0	16	9	12
145.200	4	9	6	6	0	0	2	12	9	2	0	0	1	5	0	0	0	0	0	0	0	13	7	27
145.400	3	14	8	6	1	0	2	11	12	0	0	0	1	8	0	0	0	0	0	0	0	13	4	21
145.600	10	14	4	6	1	0	2	9	13	0	0	0	1	8	0	0	0	0	0	0	0	13	13	19
145.800	10	10	6	4	1	0	3	9	10	0	0	0	0	5	0	0	0	0	0	0	0	20	9	17
146.000	10	12	9	6	0	0	2	9	15	0	0	0	1	5	0	0	0	0	0	0	0	8	5	16
146.200	10	12	9	2	0	0	3	7	4	2	0	0	0	6	0	0	0	0	0	0	0	17	5	20
146.400	12	8	7	4	0	0	1	7	14	0	0	0	0	5	0	0	0	0	0	0	0	14	6	19
146.600	4	11	4	4	1	0	3	11	7	0	0	0	1	6	0	0	0	0	0	0	0	16	2	26
146.800	9	9	9	6	1	0	0	7	9	0	0	0	1	4	0	0	0	0	0	0	0	16	6	26
147.000	10	10	7	4	1	0	0	7	12	1	0	0	2	6	0	0	0	0	0	0	0	18	5	19
147.200	9	11	3	3	1	0	4	12	14	2	0	0	1	6	0	0	0	0	0	0	0	14	8	19
147.400	6	16	5	3	1	0	3	9	13	3	0	0	1	5	0	0	0	0	0	0	0	15	9	19
147.600	8	3	6	5	0	0	2	13	15	1	0	0	1	6	0	0	0	0	0	0	0	20	5	12
147.800	6	10	5	6	2	0	0	4	6	2	0	0	1	5	0	0	0	0	0	0	0	19	9	22
148.000	6	12	5	4	0	0	2	11	2	2	0	0	1	4	0	0	0	0	0	0	0	16	7	15
148.200	3	12	8	6	1	0	3	16	12	4	0	0	1	4	0	0	0	0	0	0	0	15	8	26
148.400	9	10	6	6	1	0	3	15	5	2	0	0	1	2	0	0	0	0	0	0	0	10	4	16
148.600	4	8	6	3	1	0	2	10	6	2	0	0	1	4	0	0	0	0	0	0	0	15	8	29
148.800	0	6	8	2	1	0	2	12	5	0	0	0	2	2	0	0	0	0	0	0	0	18	10	28
149.000	10	11	6	3	0	0	2	12	8	2	0	0	1	1	0	0	0	0	0	0	0	17	11	19
149.200	4	14	6	6	0	0	0	8	12	2	0	0	1	1	0	0	0	0	0	0	0	21	7	20
149.400	3	10	4	6	2	0	0	9	7	2	0	0	1	1	0	0	0	0	0	0	0	15	4	13
149.600	10	10	6	1	1	0	2	11	10	1	0	0	0	1	0	0	0	0	0	0	0	20	6	23
149.800	6	7	9	2	0	0	0	17	8	2	0	0	1	2	0	0	0	0	0	0	0	24	9	22
150.000	4	6	11	2	5	0	2	10	7	2	0	0	2	2	0	0	0	0	0	0	0	17	6	15
150.200	7	7	8	0	3	0	0	7	11	2	0	0	1	1	0	0	0	0	0	0	0	20	4	6
150.400	10	10	8	1	3	0	3	12	7	1	0	0	1	2	0	0	0	0	0	0	0	20	1	11
150.600	8	8	4	0	4	0	2	8	11	0	0	0	1	1	0	0	0	0	0	0	0	17	3	11
150.800	12	10	1	0	5	0	2	14	13	0	0	0	1	0	0	0	0	0	0	0	0	21	4	10
151.000	5	5	0	0	0	0	2	10	7	2	0	0	0	0	0	0	0	0	0	0	0	23	7	10
151.200	16	7	3	0	0	0	3	14	6	1	0	0	1	2	0	0	0	0	0	0	0	22	10	9
151.400	4	0	0	0	0	0	2	10	12	0	0	0	1	1	0	0	0	0	0	0	0	13	9	20
151.600	6	6	0	0	0	0	2	14	9	0	0	0	1	0	0	0	0	0	0	0	0	16	14	26
151.800	14	7	0	0	0	0	2	15	7	0	0	0	1	1	0	0	0	0	0	0	0	14	7	16
152.000	9	6	0	0	0	0	3	11	8	0	0	0	1	1	0	0	0	0	0	0	0	13	8	16
152.200	6	8	0	0	0	0	3	9	10	0	0	0	1	1	0	0	0	0	0	0	0	8	10	21
152.400	10	4	0	0	0	0	2	9	6	0	0	0	1	1	0	0	0	0	0	0	0	9	15	22
152.600	9	7	0	0	0	0	2	11	9	4	0	0	1	2	0	0	0	0	0	0	0	15	12	19
152.800	9	4	0	0	0	0	3	12	9	1	0	0	1	0	0	0	0	0	0	0	0	19	14	20
153.000	6	3	0	2	0	0	2	12	6	0	0	0	1	1	0	0	0	0	0	0	0	13	11	25
153.200	12	6	0	1	4	0	2	13	6	2	0	0	0	0	0	0	0	0	0	0	0	12	10	19
153.400	7	4	0	1	0	0	2	10	6	2	0	0	1	2	0	0	0	0	0	0	0	17	7	26
153.600	10	4	0	6	0	0	2	13	12	0	0	0	1	1	0	0	0	0	0	0	0	12	8	30
153.800	11	7	0	1	0	0	1	13	13	0	0	0	1	2	0	0	0	0	0	0	0	15	12	28
154.000	9	4	0	0	0	0	2	13	8	0	0	0	1	1	0	0	0	0	0	0	0	17	13	21
154.200	3	2	0	1	1	0	0	6	0	0	0	0	0	2	0	0	0	0	0	0	0	17	9	23
154.400	13	0	0	0	0	0	1	10	9	2	0	0	1	2	0	0	0	0	0	0	0	12	7	21
154.600	3	1	0	0	0	0	0	11	7	2	0	0	2	1	0	0	0	0	0	0	0	11	10	13
154.800	6	2	0	0	0	0	2	12	2	0	0	0	0	0	0	0	0	0	0	0	0	19	9	16
155.000	12	4	0	0	0	0	0	11	10	2	0	0	1	0	0	0	0	0	0	0	0	20	6	21
155.200	8	1	0	0	0	0	0	9	9	3	0	0	1	0	0	0	0	0	0	0	0	15	10	14
155.400	5	3	0	0	0	0	2	8	0	3	0	0	1	0	0	0	0	0	0	0	0	10	4	23
155.600	9	4	0	0	4	0	2	11	6	0	0	0	1	1	0	0	0	0	0	0	0	15	7	15
155.800	10	2	0	0	2	0	3	14	7	3	0	0	1	2	0	0	0	0	0	0	0	10	6	23
156.000	8	1	0	0	0	0	2	12	5	2	0	0	1	6	0	0	0	0	0	0	0	15	8	23
156.200	9	1	0	0	0	0	2	14	13	2	0	0	2	3	0	0	0	0	0	0	0	21	6	15
156.400	11	1	0	0	0	0	2	11	11	5	0	0	1	3	0	0	0	0	0	0	0	23	7	24
156.600	14	0	0	0	0	0	2	13	6	0	0	0	1	3	0	0	0	0	0	0	0	27	6	14
156.800	14	1	0	0	0	0	2	12	12	3	0	0	0	4	0	0	0	0	0	0	0	22	5	17
157.000	12	1	0	0	0	0	3	15	16	2	0	0	1	4	0	0	0	0	0	0	0	25	7	12
157.200	14	0	0	0	0	0	4	9	11	1	0	0	1	3	0	0	0	0	0	0	0	23	11	13
157.400	13	1	0	0	1	0	4	12	14	0	0	0	1	4	0	0	0	0	0	0	0	19	7	11
157.600	12	3	0	0	2	0	1	12	16	2	0	0	0	3	0	0	0	0	0	0	0	26	4	9
157.800	15	4	0	0	4	0	2	11	7	2	0	0	0	3	0	0	0	0	0	0	0	24	12	14
158.000	8	1	0	0	5	0	2	9	6	0	0	0	0	3	0	0	0	0	0	0	0	17	8	20
158.200	14	2	0	0	5	0	1	14	12	0	0	0	0	2	0	0	0	0	0	0	0	13	6	20
158.400	13	1	0	0	4	0	2	14	8	2	0	0	0	4	0	0	0	0	0	0	0	12	12	28
158.600	10	4	0	0	4	0	2	15	6	1	0	0	1	3	0	0	0	0	0	0	0	17	7	18
158.800	9	3	0	0	3	0	2	13	7	1	0	0	0	3	0	0	0	0	0	0	0	18	8	17
159.000	7	3	0	0	4	0	2	12	4	1	0	0	1	4	0	0	0	0	0	0	0	18	14	25
159.200	7	4	0	0	4	0	2	10	1	2	0	0	1	3	0	0	0	0	0	0	0	17	11	29
159.400	12	1	0	0	2	0	2	10	2	2	0	0	2	2	0	0	0	0	0	0	0	12	5	14
159.600	15	3	0	0	4	0	3	14	3	1	0	0	2	3	0	0	0	0	0	0	0	13	10	26
159.800	9	1	0	0	4	0	2	11	4	1	0	0	1	3	0	0	0	0	0	0	0	13	11	26
160.000	9	4	0	0	2	0	2	11	4	3	0	0	0	2	0	0	0	0	0	0	0	20	13	22
160.200	9	1	0	0	5	0	2	12	4	0	0	0	1	3	0	0	0	0	0	0	0	10	11	29
160.400	5	2	0	0	4	0	2	10	0	2	0	0	2	3	0	0	0	0	0	0	0	10	5	15
160.600	4	3	0	0	5	0	2	11	2	1	0	0	1	1	0	0	0	0	0	0	0	14	12	20
160.800	10	4	0	0	5	0	2	12	1	3	0	0	1	3	0	0	0	0	0	0	0	13	11	13
161.000	13	12	0	0	5	0	2	13	1	1	0	0	1	5	0	0	0	0	0	0	0	14	4	15
161.200	11	7	0	0	4	0	2	13	1	1	0	0	2	6	0	0	0	0	0	0	0	14	18	22
161.400	11	7	0	0	4	0	2	12	2	2	0	0	1	4	0	0	0	0	0	0	0	16	17	7
161.600	6	4	1	0	7	0	1	13	3	1	0	0	0	2	0	0	0	0	0	0	0	12	23	11
161.800	8	5	2	0	2	0	2	16	3	1	0	0	0	4	0	0	0	0	0	0	0	12	9	10
162.000	9	5	1	0	5	0	2	13	3	2	0	0	1	3	0	0	0	0	0	0	0	11	15	12
162.200	10	3	1	0	2	0	2	9	8	2	0	0	1	3	0	0	0	0	0	0	0	12	13	8
162.400	12	3	1	0	1	0	1	14	5	0	0	0	2	3	0	0	0	0	0	0	0	10	9	22
162.600	9	4	0	0	1	0	0	13	7	2	0	0	2	5	0	0	0	0	0	0	0	10	11	26
162.800	11	4	0	0	0	0	2	13	6	2	0	0	1	4	0	0	0	0	0	0	0	7	13	16
163.000	9	1	0	0	1	0	0	9	4	0	0	0	1	4	0	0	0	0	0	0	0	16	11	16
163.200	11	1	0	0	0	0	2	15	3	1	0	0	0	4	0	0	0	0	0	0	0	16	14	7
163.400	6	0	10	0	0	0	3	15	3	1	0	0	0	3	0	0	0	0	0	0	0	17	10	16
163.600	7	0	10	0	0	0	2	8	2	1	0	0	1	3	0	0	0	0	0	0	0	11	2	19
163.800	9	0	12	0	0	0	2	10	4	1	0	0	1	4	0	0	0	0	0	0	0	11	11	20
164.000	10	0	9	0	3	0	2	11	7	1	0	0	1	1	0	0	0	0	0	0	0	22	10	11
164.200	2	0	9	0	1	0	2	12	4	1	0	0	1	1	0	0	0	0	0	0	0	18	13	13
164.400	6	0	14	0	3	0	4	14	3	0	0	0	1	5	0	0	0	0	0	0	0	13	4	4
164.600	7	0	12	0	4	0	3	14	8	3	0	0	1	1	0	0	0	0	0	0	0	16	15	15
164.800	10	1	11	0	5	0	2	14	4	1	0	0	1	4	0	0	0	0	0	0	0	18	11	10
165.000	13	1	14	0	5	0	2	13	5	0	0	0	2	4	0	0	0	0	0	0	0	14	12	6
165.200	10	0	7	0	4	0	2	13	8	3	0	0	1	3	0	0	0	0	0	0	0	12	7	14
165.400	10	1	10	0	4	0	2	13	6	1	0	0	1	3	0	0	0	0	0	0	0	13	15	14
165.600	9	1	10	0	3	0	4	19	3	2	0	0	1	4	0	0	0	0	0	0	0	20	20	19
165.800	11	1	9	0	2	0	2	17	9	1	0	0	1	3	0	0	0	0	0	0	0	12	12	15
166.000	12	1	1	0	4	0	1	13	6	1	0	0	1	3	0	0	0	0	0	0	0	10	16	6
166.200	8	1	4	0	4	0	2	10	5	2	0	0	1	0	0	0	0	0	0	0	0	16	22	14
166.400	10	2	1	0	5	0	0	7	4	1	0	0	1	0	0	0	0	0	0	0	0	15	13	25
166.600	11	1	5	0	5	0	2	7	4	1	0	0	1	0	0	0	0	0	0	0	0	11	11	19
166.800	6	0	13	0	5	0	2	12	13	1	0	0	0	0	0	0	0	0	0	0	0	15	16	13
167.000	11	0	6	0	6	0	2	9	12	2	0	0	1	0	0	0	0	0	0	0	0	12	17	18
167.200	12	1	13	0	5	0	3	11	9	4	0	0	1	1	0	0	0	0	0	0	0	12	8	15
167.400	7	0	9	0	5	0	3	16	11	2	0	0	1	0	0	0	0	0	0	0	0	9	14	12
167.600	6	1	3	0	4	0	3	16	14	3	0	0	1	0	0	0	0	0	0	0	0	11	11	24
167.800	8	2	13	0	5	0	3	16	14	2	0	0	1	0	0	0	0	0	0	0	0	4	15	24
168.000	13	1	10	0	6	0	4	16	16	2	0	0	1	0	0	0	0	0	0	0	0	5	17	25
168.200	7	1	5	0	5	0	2	10	5	2	0	0	1	0	0	0	0	0	0	0	0	5	12	27
168.400	14	1	5	0	4	0	3	10	11	1	0	0	1	0	0	0	0	0	0	0	0	4	12	24
168.600	10	2	7	0	1	0	4	12	13	0	0	0	1	0	0	0	0	0	0	0	0	2	3	18
168.800	12	2	6	0	4	0	2	13	18	1	0	0	1	0	0	0	0	0	0	0	0	2	4	12
169.000	13	1	14	0	3	0	2	9	9	1	0	0	1	0	0	0	0	0	0	0	0	4	9	16
169.200	12	1	8	0	4	0	2	13	10	2	0	0	1	0	0	0	0	0	0	0	0	6	10	23
169.400	11	2	4	0	2	0	2	10	13	1	0	0	1	0	0	0	0	0	0	0	0	7	6	31
169.600	12	1	3	0	2	0	3	15	15	1	0	0	1	0	0	0	0	0	0	0	0	4	14	21
169.800	13	1	5	0	5	0	2	9	15	2	0	0	0	0	0	0	0	0	0	0	0	5	12	20
170.000	13	1	0	0	7	0	4	16	15	1	0	0	2	0	0	0	0	0	0	0	0	4	9	27
170.200	11	3	0	0	6	0	3	10	11	0	0	0	1	0	0	0	0	0	0	0	0	4	16	8
170.400	10	1	4	0	4	0	3	11	11	0	0	0	1	0	0	0	0	0	0	0	0	2	6	20
170.600	13	1	10	0	4	0	4	13	8	2	0	0	1	0	0	0	0	0	0	0	0	3	7	14
170.800	11	1	1	0	5	0	2	17	7	1	0	0	1	0	0	0	0	0	0	0	0	2	3	26
171.000	11	1	3	0	5	0	4	12	13	1	0	0	0	0	0	0	0	0	0	0	0	2	6	23
171.200	5	1	2	0	5	0	3	8	16	1	0	0	2	0	0	0	0	0	0	0	0	2	3	11
171.400	8	1	5	0	4	0	3	11	7	1	0	0	1	0	0	0	0	0	0	0	0	4	5	17
171.600	10	1	1	0	3	0	2	13	7	1	0	0	1	0	0	0	0	0	0	0	0	2	2	13
171.800	12	3	4	0	1	0	2	8	6	2	0	0	1	0	0	0	0	0	0	0	0	0	5	19
172.000	10	1	5	0	5	0	3	11	8	0	0	0	1	0	0	0	0	0	0	0	0	4	9	16
172.200	11	2	1	0	0	0	2	13	14	0	0	0	1	0	0	0	0	0	0	0	0	2	13	21
172.400	11	3	0	0	4	0	3	12	12	0	0	0	2	0	0	0	0	0	0	0	0	3	14	25
172.600	11	3	0	0	5	0	2	14	8	0	0	0	1	0	0	0	0	0	0	0	0	5	6	21
172.800	9	1	0	0	2	0	2	12	11	1	0	0	1	0	0	0	0	0	0	0	0	5	7	19
173.000	10	1	0	0	5	0	2	10	7	1	0	0	1	0	0	0	0	0	0	0	0	4	6	25
173.200	11	1	0	0	5	0	3	9	12	0	0	0	1	0	0	0	0	0	0	0	0	5	0	8
173.400	9	1	0	0	5	0	3	13	13	0	0	0	1	0	0	0	0	0	0	0	0	5	4	21
173.600	9	3	0	0	4	0	2	10	6	0	0	0	2	0	0	0	0	0	0	0	0	4	10	21
173.800	7	3	0	0	4	0	2	15	6	1	0	0	1	0	0	0	0	0	0	0	0	4	9	21
174.000	6	3	0	0	8	0	2	12	4	0	0	0	2	0	0	0	0	0	0	0	0	4	8	22
174.200	11	2	0	0	3	0	2	10	6	0	0	0	2	0	0	0	0	0	0	0	0	2	6	27
174.400	13	4	0	0	1	0	3	12	10	0	0	0	1	0	0	0	0	0	0	0	0	5	7	30
174.600	11	2	0	0	5	0	2	8	2	1	0	0	1	0	0	0	0	0	0	0	0	2	6	18
174.800	11	1	0	0	4	0	0	9	5	1	0	0	0	0	0	0	0	0	0	0	0	4	6	22
175.000	8	3	0	0	7	0	2	7	0	1	0	0	0	0	0	0	0	0	0	0	0	3	6	21
175.200	10	1	0	0	5	0	2	10	12	0	0	0	1	0	0	0	0	0	0	0	0	0	6	23
175.400	12	4	0	0	6	0	2	11	18	1	0	0	1	0	0	0	0	0	0	0	0	0	5	16
175.600	9	3	0	0	4	0	2	15	18	1	0	0	1	0	0	0	0	0	0	0	0	0	0	22
175.800	10	1	0	0	5	0	2	10	13	0	0	0	1	0	0	0	0	0	0	0	0	0	0	28
176.000	8	3	0	0	5	0	2	10	4	1	0	0	1	0	0	0	0	0	0	0	0	0	0	21
176.200	12	1	0	0	4	0	2	14	15	2	0	0	1	0	0	0	0	0	0	0	0	0	0	24
176.400	10	1	0	0	4	0	3	10	12	1	0	0	1	0	0	0	0	0	0	0	0	0	0	13
176.600	10	1	0	0	2	0	3	15	11	0	0	0	1	0	0	0	0	0	0	0	0	0	0	17
176.800	14	2	0	0	1	0	2	10	10	0	0	0	1	0	0	0	0	0	0	0	0	0	0	10
177.000	12	2	0	0	3	0	3	11	10	1	0	0	1	1	0	0	0	0	0	0	0	0	0	15
177.200	10	1	0	0	1	0	3	11	12	1	0	0	1	0	0	0	0	0	0	0	0	0	0	12
177.400	9	2	0	0	5	0	3	7	10	0	0	0	1	0	0	0	0	0	0	0	0	0	0	14
177.600	11	3	0	0	5	0	3	9	10	0	0	0	1	0	0	0	0	0	0	0	0	0	0	7
177.800	9	1	0	0	6	0	3	9	11	0	0	0	0	2	0	0	0	0	0	0	0	0	0	11
178.000	14	3	0	0	6	0	2	14	6	0	0	0	1	3	0	0	0	0	0	0	0	0	0	16
178.200	12	3	0	0	6	0	2	15	10	0	1	0	0	3	0	0	0	0	0	0	0	0	0	14
178.400	10	2	0	0	4	0	2	12	10	0	0	0	1	3	0	0	0	0	0	0	0	0	0	15
178.600	12	1	0	0	4	0	2	14	12	1	0	0	1	3	0	0	0	0	0	0	0	0	1	14
178.800	13	2	0	0	7	0	3	10	9	0	0	0	0	1	0	0	0	0	0	0	0	1	2	22
179.000	10	3	0	0	6	0	2	14	9	1	0	0	1	1	0	0	0	0	0	0	0	3	4	18
179.200	14	3	0	0	6	0	4	9	12	0	0	0	1	1	0	0	0	0	0	0	0	2	5	21
179.400	9	3	0	0	6	0	3	13	11	1	0	0	1	5	0	0	0	0	0	0	0	3	6	10
179.600	9	3	0	0	7	0	3	12	10	0	0	0	0	4	0	0	0	0	0	0	0	0	9	20
179.800	11	1	0	0	6	0	2	10	10	0	0	0	0	4	0	0	0	0	0	0	0	2	6	9
180.000	9	2	0	0	4	0	4	12	13	0	0	0	0	5	0	0	0	0	0	0	0	0	3	20
180.200	8	2	0	0	6	0	3	13	14	2	0	0	0	4	0	0	0	0	0	0	0	0	7	23
180.400	11	1	0	0	7	0	3	13	12	1	0	0	0	0	0	0	0	0	0	0	0	0	6	22
180.600	14	3	0	0	4	0	3	10	8	1	0	0	0	1	0	0	0	0	0	0	0	0	8	22
180.800	13	1	0	0	5	0	3	15	9	0	0	0	1	0	0	0	0	0	0	0	0	0	12	21
181.000	10	1	0	0	6	0	4	8	11	0	0	0	0	0	0	0	0	0	0	0	0	0	6	17
181.200	10	2	0	0	7	0	3	13	13	1	0	0	0	0	0	0	0	0	0	0	0	2	3	10
181.400	9	2	0	0	5	0	2	10	7	1	0	0	0	0	0	0	0	0	0	0	0	2	8	14
181.600	11	2	0	0	0	0	2	12	13	0	0	0	0	0	0	0	0	0	0	0	0	0	10	20
181.800	12	3	0	0	4	0	2	9	7	1	0	0	0	2	0	0	0	0	0	0	0	6	10	10
182.000	9	3	0	0	4	0	2	12	7	1	0	0	0	3	0	0	0	0	0	0	0	2	5	1
182.200	9	1	0	0	7	0	3	12	11	0	0	0	0	0	0	0	0	0	0	0	0	5	9	8
182.400	9	1	0	0	4	0	2	14	17	0	0	0	1	5	0	0	0	0	0	0	0	1	4	8
182.600	9	1	0	0	4	0	3	13	10	0	0	0	0	5	0	0	0	0	0	0	0	2	5	9
182.800	10	3	0	0	7	0	4	14	6	0	0	0	0	5	0	0	0	0	0	0	0	2	3	15
183.000	12	1	0	0	5	0	2	14	9	1	0	0	2	5	0	0	0	0	0	0	0	2	0	3
183.200	12	3	0	0	4	0	3	13	12	2	0	0	1	5	0	0	0	0	0	0	0	1	4	14
183.400	14	3	0	0	4	0	2	10	6	1	0	0	0	3	0	0	0	0	0	0	0	2	0	7
183.600	3	0	0	0	4	0	2	11	10	1	0	0	0	3	0	0	0	0	0	0	0	1	4	11
183.800	10	1	0	0	5	0	3	11	11	1	0	0	0	6	0	0	0	0	0	0	0	2	1	11
184.000	10	3	0	0	4	0	3	9	9	0	0	0	0	4	0	0	0	0	0	0	0	2	5	16
184.200	10	1	0	0	4	0	3	14	15	0	0	0	0	6	0	0	0	0	0	0	0	2	8	13
184.400	12	1	0	0	4	0	3	12	13	0	0	0	0	3	0	0	0	0	0	0	0	1	2	14
184.600	9	3	0	0	4	0	3	10	16	1	0	0	1	0	0	0	0	0	0	0	0	2	5	10
184.800	9	2	0	0	4	0	3	13	7	0	0	0	1	1	0	0	0	0	0	0	0	2	9	12
185.000	7	1	0	0	4	0	3	13	6	1	0	0	0	0	0	0	0	0	0	0	0	2	2	7
185.200	10	1	0	0	5	1	3	8	15	2	0	0	0	0	0	0	0	0	0	0	0	4	2	12
185.400	11	2	0	0	3	0	3	12	7	0	0	0	0	0	0	0	0	0	0	0	0	10	2	7
185.600	11	2	0	0	4	0	3	13	13	1	0	0	0	0	0	0	0	0	0	0	0	11	4	15
185.800	10	1	0	0	5	0	3	12	17	0	0	0	0	0	0	0	0	0	0	0	0	13	1	11
186.000	10	1	0	0	5	0	3	17	9	4	0	0	0	0	0	0	0	0	0	0	0	7	8	13
186.200	8	1	0	0	5	0	3	7	12	1	0	0	0	0	0	0	0	0	0	0	0	10	4	13
186.400	13	3	0	0	6	0	3	13	12	1	0	0	0	0	0	0	0	0	0	0	0	10	1	7
186.600	10	2	0	0	6	1	3	12	16	4	0	0	0	0	0	0	0	0	0	0	0	9	1	10
186.800	12	4	0	0	5	1	3	8	13	1	0	0	0	0	0	0	0	0	0	0	0	14	0	13
187.000	9	1	0	0	9	0	2	14	7	0	0	0	1	0	0	0	0	0	0	0	0	10	2	8
187.200	8	1	0	0	4	0	4	9	10	1	0	0	0	0	0	0	0	0	0	0	0	8	0	14
187.400	9	3	0	0	5	0	4	11	13	1	0	0	0	0	0	0	0	0	0	0	0	3	5	14
187.600	11	4	0	0	6	0	4	11	15	2	0	0	1	0	0	0	0	0	0	0	0	7	5	2
187.800	10	1	0	0	3	0	3	10	12	1	0	0	0	0	0	0	0	0	0	0	0	3	3	4
188.000	10	3	0	0	8	0	3	9	8	1	0	0	0	0	0	0	0	0	0	0	0	2	3	12
188.200	12	2	0	0	7	0	2	11	12	1	0	0	0	0	0	0	0	0	0	0	0	2	6	11
188.400	13	3	0	0	6	0	3	10	4	2	0	0	0	0	0	0	0	0	0	0	0	1	3	11
188.600	19	3	0	0	6	0	3	10	7	2	0	0	0	0	0	0	0	0	0	0	0	1	4	9
188.800	10	1	0	0	6	0	3	9	7	1	0	0	0	0	0	0	0	0	0	0	0	2	7	10
189.000	11	1	0	0	9	0	3	14	17	2	0	0	0	0	0	0	0	0	0	0	0	1	7	20
189.200	7	2	0	0	6	1	3	11	10	1	0	0	0	0	0	0	0	0	0	0	0	2	4	13
189.400	10	2	0	0	7	0	3	9	8	0	0	0	0	0	0	0	0	0	0	0	0	1	5	6
189.600	10	2	0	0	6	0	3	9	15	1	0	0	0	0	0	0	0	0	0	0	0	0	3	19
189.800	10	1	0	0	6	0	3	14	13	1	0	0	0	0	0	0	0	0	0	0	0	2	6	12
190.000	9	2	0	0	6	0	3	13	10	1	0	0	0	0	0	0	0	0	0	0	0	2	4	13
190.200	11	1	0	0	6	0	2	10	9	1	0	0	0	0	0	0	0	0	0	0	0	1	3	13
190.400	9	1	0	0	7	0	2	8	11	0	0	0	0	0	0	0	0	0	0	0	0	0	3	24
190.600	9	1	1	0	5	0	3	12	12	0	0	0	0	0	0	0	0	0	0	0	0	2	3	11
190.800	11	1	1	0	6	0	2	12	7	0	0	0	0	0	0	0	0	0	0	0	0	10	6	11
191.000	11	5	0	0	6	0	2	9	9	0	0	0	0	1	0	0	0	0	0	0	0	7	6	11
191.200	10	1	0	0	4	0	2	13	11	0	0	0	0	0	0	0	0	0	0	0	0	5	5	20
191.400	8	1	0	0	4	0	2	13	10	0	0	0	0	1	0	0	0	0	0	0	0	9	6	23
191.600	10	1	0	0	2	0	2	11	12	0	0	0	0	0	0	0	0	0	0	0	0	4	6	22
191.800	9	2	0	0	0	0	3	14	13	2	0	0	0	2	0	0	0	0	0	0	0	1	2	15
192.000	11	1	0	0	0	0	2	16	14	1	0	0	0	1	0	0	0	0	0	0	0	2	4	6
192.200	9	2	0	0	0	0	2	8	11	0	0	0	0	1	0	0	0	0	0	0	0	0	3	7
192.400	10	3	0	0	0	0	2	13	9	1	0	0	0	1	0	0	0	0	0	0	0	0	1	9
192.600	9	1	0	0	0	0	3	12	8	1	0	0	0	3	0	0	0	0	0	0	0	1	4	17
192.800	10	1	0	0	0	0	2	11	11	0	0	0	1	5	0	0	0	0	0	0	0	0	0	13
193.000	13	3	0	0	0	0	2	11	13	2	0	0	1	5	0	0	0	0	0	0	0	0	3	10
193.200	9	3	0	0	4	0	2	10	11	0	0	0	0	1	0	0	0	0	0	0	0	0	1	16
193.400	11	1	0	0	5	0	3	10	11	0	0	0	1	3	0	0	0	0	0	0	0	0	0	5
193.600	15	3	0	0	2	0	4	20	17	0	0	0	0	1	0	0	0	0	0	0	0	0	0	13
193.800	9	5	0	0	5	0	2	10	9	0	0	0	1	6	0	0	0	0	0	0	0	0	0	11
194.000	9	1	0	0	2	0	2	9	12	1	0	0	1	3	0	0	0	0	0	0	0	0	0	11
194.200	10	2	0	0	4	0	2	10	9	0	0	0	1	4	0	0	0	0	0	0	0	0	0	11
194.400	8	3	0	0	0	0	2	10	9	0	0	0	1	1	0	0	0	0	0	0	0	0	0	12
194.600	14	2	0	0	3	0	2	11	13	2	0	0	1	3	0	0	0	0	0	0	0	0	0	8
194.800	13	2	0	0	2	0	2	12	8	2	0	0	0	1	0	0	0	0	0	0	0	0	0	7
195.000	12	2	0	0	0	0	2	11	12	3	0	0	0	2	0	0	0	0	0	0	0	0	0	11
195.200	7	3	1	0	0	0	3	16	13	2	0	0	0	0	0	0	0	0	0	0	0	0	0	7
195.400	5	3	0	0	1	0	2	10	13	0	0	0	0	0	0	0	0	0	0	0	0	0	0	9
195.600	11	1	1	0	2	0	2	14	9	0	0	0	0	0	0	0	0	0	0	0	0	0	0	9
195.800	7	3	0	0	4	0	2	15	12	0	0	0	0	0	0	0	0	0	0	0	0	0	0	11
196.000	6	3	0	0	6	0	2	17	7	0	2	0	0	0	0	0	0	0	0	0	0	0	0	6
196.200	11	3	0	0	8	0	2	10	13	0	0	0	0	0	0	0	0	0	0	0	0	0	0	8
196.400	10	1	0	0	4	0	2	11	11	1	2	0	0	0	0	0	0	0	0	0	0	0	0	2
196.600	8	1	0	0	4	0	2	14	14	0	0	0	1	0	0	0	0	0	0	0	0	1	0	5
196.800	6	2	0	0	5	0	2	15	10	0	2	0	1	0	0	0	0	0	0	0	0	0	0	8
197.000	11	3	0	0	6	0	2	10	7	0	0	0	0	0	0	0	0	0	0	0	0	0	0	3
197.200	10	1	0	0	7	0	2	12	7	0	0	0	0	2	0	0	0	0	0	0	0	0	0	3
197.400	11	1	0	0	6	0	0	10	10	0	0	0	2	2	0	0	0	0	0	0	0	0	0	1
197.600	11	1	0	0	4	0	3	16	12	0	0	0	1	2	0	0	0	0	0	0	0	0	0	4
197.800	9	3	0	0	5	0	2	9	13	0	1	0	1	3	0	0	0	0	0	0	0	0	0	3
198.000	11	3	0	0	5	0	2	9	12	1	0	0	1	1	0	0	0	0	0	0	0	0	0	3
198.200	10	3	1	0	4	0	3	12	17	1	0	0	2	2	0	0	0	0	0	0	0	0	0	2
198.400	10	1	0	0	6	0	2	10	13	0	0	0	2	5	0	0	0	0	0	0	0	0	0	4
198.600	11	1	0	0	4	0	3	17	12	0	0	0	1	3	0	0	0	0	0	0	0	0	0	11
198.800	16	2	0	0	8	0	3	12	16	0	0	0	1	4	0	0	0	0	0	0	0	0	0	3
199.000	12	1	0	0	8	0	2	13	11	0	0	0	1	4	0	0	0	0	0	0	0	0	0	5
199.200	11	1	0	0	5	0	2	11	13	0	0	0	1	3	0	0	0	0	0	0	0	0	0	3
199.400	17	3	0	0	6	0	2	9	10	1	1	0	1	4	0	0	0	0	0	0	0	0	0	0
199.600	13	0	0	0	6	0	2	10	9	1	1	0	1	2	0	0	0	0	0	0	0	0	0	2
199.800	11	1	0	0	6	0	4	12	14	0	0	0	1	1	0	0	0	0	0	0	0	0	0	1
200.000	10	1	0	0	6	0	3	10	9	0	0	0	1	0	0	0	0	0	0	0	0	0	0	4
200.200	9	1	0	0	4	0	4	14	16	1	0	0	2	2	0	0	0	0	0	0	0	0	0	4
200.400	9	2	0	0	6	0	2	18	13	0	0	0	3	1	0	0	0	0	0	0	0	0	0	3
200.600	10	1	0	0	5	0	2	8	4	2	0	0	1	2	0	0	0	0	0	0	0	0	2	7
200.800	14	3	0	0	6	0	0	12	8	2	0	0	1	4	0	0	0	0	0	0	0	0	0	13
201.000	9	1	3	0	4	0	1	12	8	0	0	0	1	4	0	0	0	0	0	0	0	0	1	17
201.200	15	1	4	0	7	0	2	15	8	1	0	0	2	5	0	0	0	0	0	0	0	0	0	13
201.400	9	3	1	0	5	0	3	15	14	1	0	0	2	3	0	0	0	0	0	0	0	0	0	16
201.600	11	5	0	0	5	0	2	9	9	1	0	0	1	3	0	0	0	0	0	0	0	0	0	21
201.800	7	1	0	0	7	0	3	6	7	1	0	0	2	3	0	0	0	0	0	0	0	0	3	18
202.000	9	4	0	0	5	0	2	10	7	0	0	0	0	0	0	0	0	0	0	0	0	0	3	25
202.200	9	3	0	0	2	0	3	8	14	1	0	0	1	2	0	0	0	0	0	0	0	0	0	16
202.400	13	2	0	0	2	0	0	9	13	0	0	0	1	4	0	0	0	0	0	0	0	0	0	22
202.600	10	2	0	0	3	0	3	10	15	0	0	0	1	3	0	0	0	0	0	0	0	0	0	15
202.800	7	2	1	0	8	0	3	7	9	0	0	0	1	2	0	0	0	0	0	0	0	0	2	27
203.000	10	1	4	0	4	0	3	10	9	0	0	0	1	2	0	0	0	0	0	0	0	0	0	15
203.200	8	6	4	0	4	0	3	9	12	0	0	0	1	2	0	0	0	0	0	0	0	0	0	19
203.400	7	3	1	0	6	0	4	14	7	0	0	0	1	2	0	0	0	0	0	0	0	0	2	22
203.600	13	1	4	0	6	0	0	14	8	0	0	0	2	3	0	0	0	0	0	0	0	0	1	16
203.800	10	1	0	0	6	0	2	13	13	0	0	0	1	2	0	0	0	0	0	0	0	0	1	14
204.000	8	2	7	0	5	0	0	10	13	2	0	0	1	4	0	0	0	0	0	0	0	0	2	19
204.200	9	2	5	0	0	0	2	13	11	0	0	0	1	2	0	0	0	0	0	0	0	0	2	22
204.400	10	1	1	0	0	0	1	15	12	0	0	0	1	2	0	0	0	0	0	0	0	4	0	13
204.600	10	1	0	0	0	0	0	6	7	0	0	0	1	0	0	0	0	0	0	0	0	5	2	16
204.800	11	3	0	0	0	0	2	15	10	0	0	0	1	0	0	0	0	0	0	0	0	4	1	18
205.000	12	3	0	0	0	0	3	11	13	0	0	0	1	1	0	0	0	0	0	0	0	2	1	24
205.200	8	3	0	0	0	0	2	14	12	1	1	0	1	5	0	0	0	0	0	0	0	5	3	14
205.400	8	3	1	0	0	0	2	7	13	1	1	0	1	2	0	0	0	0	0	0	0	4	6	22
205.600	10	4	0	0	0	0	2	10	13	0	0	0	1	4	0	0	0	0	0	0	0	2	1	21
205.800	14	2	0	0	0	0	2	9	10	0	0	0	1	3	0	0	0	0	0	0	0	8	3	11
206.000	11	1	0	0	0	0	2	11	14	0	1	0	1	4	0	0	0	0	0	0	0	3	1	11
206.200	12	1	0	0	0	0	2	8	12	0	1	0	1	5	0	0	0	0	0	0	0	11	1	19
206.400	11	2	1	0	0	0	2	13	10	0	1	0	1	2	0	0	0	0	2	0	0	12	7	22
206.600	8	2	0	0	0	0	2	8	9	0	1	0	1	2	0	0	0	0	1	1	0	13	2	17
206.800	8	5	0	0	0	0	2	10	9	0	1	0	1	2	0	0	0	0	3	0	0	11	3	15
207.000	9	1	0	0	0	0	2	10	9	0	1	0	1	2	0	0	0	1	2	0	0	11	1	7
207.200	10	2	0	0	0	0	2	8	14	0	1	0	1	2	0	0	0	0	2	0	0	8	4	8
207.400	10	3	0	0	0	0	1	13	9	0	1	0	0	3	0	0	0	1	4	0	0	3	4	27
207.600	9	1	0	0	0	0	0	6	12	1	2	0	1	0	0	0	0	0	3	6	0	9	0	26
207.800	9	3	0	0	0	0	2	11	9	0	3	0	1	0	0	0	0	0	1	5	0	4	2	23
208.000	8	1	0	0	0	0	2	11	11	0	1	0	1	0	0	0	0	1	3	7	0	3	4	30
208.200	8	1	0	0	0	0	2	12	10	0	1	0	0	1	0	0	0	0	3	4	0	2	0	15
208.400	10	2	0	0	0	0	2	8	12	0	13	0	1	0	0	0	0	0	1	12	0	7	5	14
208.600	11	2	0	0	0	0	2	17	14	0	4	0	0	0	0	0	0	0	0	4	0	12	7	19
208.800	12	1	1	0	0	0	0	9	7	0	4	0	1	0	0	0	0	0	1	0	0	6	4	21
209.000	10	2	0	0	0	0	1	11	14	0	6	0	0	0	0	0	0	0	2	9	0	1	3	14
209.200	9	3	0	0	0	0	2	12	9	0	3	0	0	0	0	0	0	1	3	7	0	1	3	14
209.400	12	4	0	0	0	0	2	12	12	0	3	0	0	2	0	0	0	1	3	14	0	0	3	9
209.600	12	3	0	0	0	0	2	10	11	0	1	0	1	2	0	0	0	1	4	6	0	3	3	15
209.800	10	1	0	0	0	0	2	8	9	0	0	0	1	0	0	0	0	1	5	9	0	2	3	17
210.000	9	1	0	0	0	0	2	16	13	0	0	0	1	0	0	0	0	0	2	9	0	3	1	19
210.200	10	2	0	0	0	0	2	8	9	0	0	0	0	0	0	0	0	0	1	8	0	0	3	9
210.400	13	2	0	0	0	0	2	8	10	0	4	0	0	0	0	0	0	0	1	7	0	3	2	17
210.600	12	2	0	0	0	0	0	8	9	0	7	0	0	4	0	0	0	0	0	6	0	0	2	7
210.800	11	3	0	0	0	0	1	11	11	0	2	0	0	5	0	0	0	0	0	5	0	0	3	17
211.000	9	1	0	0	0	0	2	11	9	0	1	0	0	3	0	0	0	0	2	7	0	0	5	20
211.200	10	2	0	0	0	0	2	18	13	0	1	0	0	2	0	0	0	0	2	6	0	4	2	10
211.400	8	1	0	0	0	0	2	15	11	0	1	0	0	5	0	0	0	0	0	8	0	3	2	8
211.600	12	2	0	0	0	0	0	11	12	0	2	0	0	0	0	0	0	0	0	8	0	2	3	23
211.800	10	1	0	0	0	0	1	8	10	0	1	0	0	0	0	0	0	0	0	7	0	1	2	12
212.000	11	2	0	0	0	0	1	11	9	0	3	0	0	2	0	0	0	0	0	10	0	0	4	26
212.200	9	3	0	0	0	0	2	11	10	0	3	0	0	1	0	0	0	0	0	6	0	1	7	13
212.400	10	4	0	0	0	0	3	12	14	0	6	0	0	3	0	0	0	0	0	5	0	1	5	18
212.600	8	1	0	0	0	0	2	11	9	0	4	0	0	2	0	0	0	0	0	9	0	2	3	21
212.800	5	2	0	0	0	0	1	14	15	1	16	0	0	2	0	0	0	0	0	6	0	2	3	21
213.000	13	4	0	0	0	0	1	12	9	0	13	0	0	1	0	0	0	0	0	10	0	3	4	23
213.200	13	3	0	0	0	0	2	13	11	0	3	0	0	1	0	0	0	0	0	8	0	1	5	16
213.400	7	1	0	0	0	0	2	11	14	0	4	0	0	3	0	0	0	0	0	7	0	1	5	24
213.600	8	4	0	0	4	0	2	13	12	0	1	0	0	4	0	0	0	0	0	8	0	1	5	15
213.800	9	3	0	0	2	0	3	12	10	0	14	0	0	1	0	0	0	0	0	5	0	2	4	23
214.000	8	2	0	0	3	0	4	11	6	0	13	0	0	4	0	0	0	0	0	9	0	1	4	19
214.200	8	1	0	0	1	0	2	13	11	0	14	0	0	0	0	0	0	0	2	9	0	3	4	13
214.400	10	4	0	0	1	0	0	10	9	0	15	0	0	0	0	0	0	0	0	5	0	3	2	17
214.600	11	4	0	0	0	0	1	13	13	1	11	0	0	0	0	0	0	0	2	8	0	0	4	19
214.800	8	2	0	0	0	0	2	11	9	0	11	0	0	1	0	0	0	0	2	9	0	4	6	16
215.000	9	3	0	0	0	0	2	14	10	0	9	0	0	2	0	0	0	0	3	8	0	0	5	16
215.200	11	3	0	0	1	0	2	13	12	0	13	0	0	1	0	0	0	0	2	9	0	0	6	17
215.400	9	4	1	0	0	0	2	9	11	0	8	0	0	0	0	0	0	2	2	9	0	0	3	22
215.600	10	4	0	0	0	0	2	12	11	0	9	0	1	0	0	0	0	2	0	7	0	0	1	23
215.800	9	3	0	0	0	0	0	8	14	0	15	0	0	2	0	0	0	1	1	8	0	0	2	18
216.000	10	2	0	0	0	0	2	16	12	0	11	0	0	1	0	0	1	2	0	9	0	0	2	17
216.200	11	2	5	0	0	0	0	10	9	0	11	0	0	2	0	0	1	3	0	7	0	0	2	25
216.400	10	4	1	0	0	0	2	13	11	0	8	0	0	2	0	0	1	3	2	1	0	0	1	20
216.600	9	4	1	0	0	0	1	10	12	0	11	0	0	2	0	0	1	3	0	10	0	0	0	19
216.800	8	4	0	0	0	0	2	9	14	0	5	0	0	2	0	0	1	3	2	9	0	0	0	20
217.000	8	1	0	0	0	0	0	7	13	0	12	0	0	4	0	0	2	1	3	10	0	0	1	15
217.200	7	3	0	0	0	0	0	12	12	0	9	0	0	3	0	0	0	1	2	7	0	0	3	17
217.400	8	3	0	0	0	0	2	11	14	0	11	0	0	2	0	0	1	3	1	9	0	0	2	18
217.600	10	2	0	0	0	0	0	9	12	0	11	0	0	4	0	0	0	0	0	8	0	0	3	17
217.800	11	2	5	0	0	0	1	11	13	0	12	0	0	4	0	0	0	3	5	7	0	0	2	15
218.000	11	4	3	0	0	0	2	14	16	0	11	0	1	2	0	0	1	3	2	7	0	0	2	20
218.200	13	4	0	0	0	0	1	16	15	0	10	0	1	5	0	0	0	2	1	7	0	0	2	19
218.400	7	1	10	0	0	0	1	12	15	0	8	0	0	3	0	0	0	2	0	10	0	0	3	21
218.600	4	0	8	0	0	0	2	16	17	0	13	0	0	3	0	0	0	2	4	7	0	0	2	24
218.800	12	1	11	0	0	0	3	14	11	0	9	0	0	3	0	0	0	1	4	7	0	0	4	20
219.000	11	1	12	0	0	0	2	11	11	0	9	0	0	3	0	0	0	1	5	7	0	0	2	22
219.200	11	4	12	0	0	0	2	11	15	0	12	0	0	4	0	0	0	1	4	7	0	0	2	16
219.400	10	3	9	0	0	0	2	13	15	0	6	0	0	3	0	0	0	2	6	9	0	0	0	10
219.600	10	1	9	0	0	0	3	14	12	0	13	0	0	2	0	0	0	1	1	9	0	0	1	30
219.800	9	3	15	0	0	0	2	12	10	0	6	0	0	2	0	0	0	3	3	9	0	0	2	17
220.000	10	1	9	0	0	0	0	7	11	0	10	0	0	1	0	0	0	1	5	6	0	0	1	17
220.200	8	1	10	0	0	0	0	7	10	0	9	0	0	2	0	0	0	1	2	6	0	0	3	13
220.400	8	3	6	0	0	0	3	11	13	0	12	0	0	2	0	0	1	3	4	7	0	0	3	15
220.600	10	3	9	0	0	0	2	9	11	0	10	0	0	2	0	0	0	1	4	0	0	0	2	18
220.800	10	4	3	0	0	0	1	12	14	0	10	0	0	2	0	0	0	0	5	0	0	0	5	20
221.000	9	4	10	0	0	0	2	9	11	0	6	0	0	2	0	0	0	1	5	0	0	0	2	16
221.200	9	5	7	0	0	0	2	18	13	0	6	0	0	3	0	0	0	0	4	0	0	0	2	10
221.400	9	4	9	0	0	0	1	12	8	0	12	0	0	0	0	0	0	1	5	0	0	0	4	9
221.600	11	2	8	0	0	0	2	10	12	0	11	0	0	0	0	0	0	1	5	0	0	0	2	6
221.800	11	4	3	0	0	0	2	16	10	0	10	0	0	2	0	0	0	1	5	0	0	0	5	15
222.000	10	3	8	0	0	0	0	13	11	0	10	0	0	0	0	0	0	0	1	0	0	0	3	9
222.200	12	5	9	0	0	0	3	10	11	0	8	0	0	0	0	0	0	0	0	0	0	0	2	15
222.400	10	1	7	0	0	0	1	15	9	0	14	0	0	0	0	0	0	1	2	0	0	0	2	16
222.600	6	3	7	0	0	0	0	9	13	0	13	0	0	0	0	0	0	1	0	1	0	0	2	13
222.800	14	1	11	0	2	0	3	12	9	0	14	0	0	0	0	0	0	1	4	0	0	0	3	5
223.000	17	3	12	0	0	0	2	14	9	0	10	0	0	0	0	0	0	0	0	1	0	0	4	9
223.200	13	4	11	0	0	0	2	9	16	0	13	0	0	0	0	0	0	0	0	0	0	1	3	17
223.400	15	1	10	0	0	0	0	9	9	0	12	0	0	0	0	0	0	0	0	0	0	3	6	20
223.600	11	3	11	0	0	0	4	10	11	0	3	0	0	0	0	0	0	0	0	0	0	4	6	21
223.800	10	3	10	0	0	0	0	12	10	0	11	0	0	1	0	0	0	0	1	0	0	3	3	16
224.000	10	1	8	0	0	0	2	11	12	0	11	0	0	0	0	0	0	0	0	0	0	3	1	17
224.200	10	0	9	0	0	0	2	10	9	0	13	0	0	0	0	0	0	0	0	2	0	3	6	20
224.400	16	0	10	0	0	0	2	9	16	0	12	0	0	0	0	0	0	0	1	0	0	5	6	19
224.600	11	0	11	0	0	0	1	16	12	0	12	0	0	0	0	0	0	0	1	0	0	4	6	25
224.800	12	1	11	0	0	0	2	16	12	0	7	0	0	1	0	0	0	0	3	0	0	0	2	21
225.000	11	1	10	0	0	0	3	11	11	0	15	0	0	1	0	0	0	0	2	0	0	4	1	21
225.200	11	5	11	0	0	0	3	13	9	0	12	0	0	0	0	0	0	0	2	0	0	1	2	13
225.400	12	1	10	0	0	0	2	11	11	0	16	0	0	0	0	0	0	0	2	0	0	3	1	15
225.600	12	5	10	0	1	0	3	14	8	0	2	0	0	0	0	0	0	0	2	2	0	6	4	18
225.800	13	3	10	0	0	0	3	10	10	0	14	0	0	0	0	0	0	0	1	2	0	2	2	25
226.000	11	1	10	0	0	0	3	13	13	0	0	0	0	0	0	0	0	1	2	6	0	2	2	16
226.200	7	3	0	0	0	0	2	11	7	0	2	0	0	1	0	0	0	0	2	6	0	0	3	17
226.400	12	5	1	0	0	0	2	11	11	0	5	0	0	1	0	0	0	0	1	5	0	3	2	17
226.600	13	4	0	0	0	0	2	17	13	0	3	0	0	0	0	0	0	0	0	3	0	1	3	19
226.800	12	4	4	0	0	0	2	9	12	0	4	0	0	0	0	0	0	0	0	0	0	3	2	13
227.000	9	4	8	0	0	0	2	16	13	0	4	0	0	0	0	0	0	0	0	0	0	7	1	10
227.200	9	4	9	0	0	0	2	11	12	0	1	0	0	0	0	0	0	0	0	0	0	7	0	18
227.400	12	3	9	0	0	0	2	11	13	0	10	0	0	0	0	0	0	0	0	0	0	7	6	21
227.600	10	3	11	0	1	0	3	12	11	0	4	0	0	0	0	0	0	0	0	0	0	6	3	18
227.800	10	1	6	0	0	0	2	12	12	0	4	0	0	0	0	0	0	0	0	0	0	7	1	14
228.000	8	5	10	0	0	0	2	13	16	0	4	0	0	0	0	0	0	0	0	0	0	5	5	15
228.200	10	3	10	0	0	0	1	15	14	0	9	0	0	0	0	0	0	0	0	0	0	1	4	8
228.400	11	4	10	0	0	0	0	13	8	0	9	0	0	0	0	0	0	0	0	0	0	3	4	18
228.600	9	3	7	0	0	0	0	13	14	0	6	0	0	0	0	0	0	0	0	0	0	1	0	11
228.800	12	4	7	0	0	0	2	11	13	0	4	0	0	2	0	0	0	0	0	0	0	3	0	20
229.000	12	2	10	0	0	0	0	15	10	0	8	0	0	1	0	0	0	0	0	0	0	7	3	15
229.200	11	2	8	0	0	0	0	7	13	0	11	0	0	4	0	0	0	0	0	0	0	4	4	19
229.400	6	4	5	0	0	0	2	17	14	0	9	0	0	0	0	0	0	0	3	0	0	0	2	16
229.600	12	5	10	0	0	0	1	19	9	0	12	0	0	0	0	0	0	0	1	0	0	1	3	18
229.800	13	5	10	0	0	0	0	1	0	0	14	0	0	0	0	0	0	0	1	0	0	3	1	16
230.000	7	4	10	0	0	0	0	4	2	0	13	0	0	0	0	0	0	0	2	0	0	7	2	15
230.200	5	4	6	0	0	0	0	11	4	0	8	0	0	0	0	0	0	0	0	0	0	14	3	12
230.400	3	4	6	0	0	0	2	10	6	0	14	0	0	0	0	0	0	0	2	0	0	10	4	12
230.600	0	2	6	0	0	0	2	14	4	0	14	0	0	0	0	0	0	0	0	0	0	10	5	11
230.800	3	3	6	0	0	0	2	10	3	0	14	0	0	0	0	0	0	0	3	0	0	9	2	21
231.000	2	4	4	0	3	0	2	13	3	0	13	0	0	0	0	0	0	0	4	0	0	7	7	17
231.200	3	3	4	0	5	0	0	12	2	0	12	0	0	0	0	0	0	0	4	0	0	15	6	13
231.400	1	2	6	0	5	0	2	15	3	0	11	0	0	0	0	0	0	0	0	0	0	5	5	16
231.600	4	4	5	0	5	0	2	16	5	0	8	0	0	0	0	0	0	0	2	0	0	3	3	15
231.800	3	3	2	0	0	0	2	12	3	0	14	0	0	0	0	0	0	0	3	0	0	5	6	17
232.000	10	5	6	0	1	0	2	12	2	0	8	0	0	0	0	0	0	0	0	0	0	9	4	18
232.200	10	3	2	0	4	0	2	12	2	0	9	0	0	0	0	0	0	0	1	0	0	4	0	18
232.400	0	0	4	0	4	0	2	10	1	0	11	0	0	0	0	0	0	0	6	0	0	2	4	8
232.600	0	0	4	0	6	0	2	8	1	0	12	0	0	0	0	0	0	0	5	0	0	6	2	18
232.800	0	0	0	0	4	0	2	10	3	0	11	0	0	0	0	0	0	0	2	0	0	0	2	16
233.000	0	0	8	0	5	0	2	10	3	0	9	0	0	0	0	0	0	0	3	0	0	2	3	10
233.200	0	0	0	0	6	0	2	9	6	0	12	0	0	0	0	0	0	0	3	0	0	3	4	19
233.400	2	3	1	0	6	0	2	8	3	0	10	0	0	0	0	0	0	0	1	0	0	9	3	16
233.600	3	1	7	0	4	0	2	6	2	0	13	0	0	0	0	0	0	0	4	0	0	11	4	15
233.800	3	1	1	0	2	0	2	15	4	0	12	0	0	0	0	0	0	0	4	0	0	11	4	13
234.000	5	2	3	0	0	0	2	13	2	0	14	0	0	0	0	0	0	0	3	0	0	10	4	17
234.200	3	1	2	0	0	0	2	12	5	0	13	0	0	0	0	0	0	0	2	0	0	10	3	10
234.400	3	0	8	0	0	0	2	13	3	0	12	0	0	0	0	0	0	0	4	0	0	9	0	26
234.600	2	1	13	0	1	0	2	12	3	0	12	0	0	0	0	0	0	0	5	0	0	7	6	24
234.800	2	0	9	0	0	0	2	10	4	0	11	0	0	0	0	0	0	0	6	0	0	6	7	25
235.000	4	2	19	0	0	0	2	12	8	0	13	0	0	0	0	0	0	0	2	0	0	10	2	10
235.200	7	1	13	0	1	0	2	9	14	0	7	0	0	0	0	0	0	0	0	0	0	7	5	9
235.400	4	3	11	0	0	0	2	10	14	0	12	0	0	0	0	0	0	0	0	0	0	10	3	13
235.600	3	6	18	0	0	0	2	17	16	0	12	0	0	0	0	0	0	0	2	0	0	10	3	19
235.800	6	3	14	0	1	0	2	9	15	1	12	0	0	0	0	0	0	0	2	0	0	5	3	3
236.000	3	5	12	0	0	0	2	10	9	0	12	0	0	0	0	0	0	0	1	0	0	4	2	6
236.200	3	5	12	0	0	0	2	10	9	0	14	0	0	0	0	0	0	0	3	0	0	0	0	2
236.400	3	7	15	0	0	0	3	12	13	0	13	0	0	0	0	0	0	0	1	0	0	6	0	4
236.600	3	5	14	0	0	0	2	10	7	0	12	0	0	0	0	0	0	0	0	0	0	4	0	4
236.800	4	6	21	0	1	0	2	15	12	0	11	0	0	0	0	0	0	0	0	0	0	1	0	11
237.000	3	7	12	0	0	0	2	9	9	0	9	0	0	0	0	0	0	0	0	0	0	4	0	22
237.200	4	7	7	0	0	0	2	10	10	0	5	0	0	0	0	0	0	0	0	0	0	8	0	0
237.400	4	5	17	1	0	0	2	12	12	0	10	0	0	0	0	0	0	0	1	0	0	4	0	4
237.600	3	7	16	0	2	0	2	15	10	0	8	0	0	0	0	0	0	0	0	0	0	6	1	3
237.800	4	6	14	0	3	0	4	13	8	0	13	0	0	0	0	0	0	0	0	0	0	6	0	6
238.000	4	5	13	0	6	0	2	7	13	0	8	0	0	0	0	0	0	0	0	0	0	7	0	9
238.200	4	6	13	0	6	0	4	11	10	0	13	0	0	0	0	0	0	0	0	0	0	1	0	10
238.400	3	6	16	0	4	0	3	8	11	0	15	0	0	0	0	0	0	0	0	0	0	4	0	8
238.600	4	6	12	0	8	0	2	11	15	0	12	0	0	0	0	0	0	0	1	0	0	3	0	7
238.800	3	6	17	0	4	0	2	11	13	0	11	0	0	0	0	0	0	0	1	0	0	2	0	7
239.000	3	6	14	0	4	0	2	9	10	0	9	0	0	0	0	0	0	0	0	0	0	2	0	10
239.200	4	4	15	0	4	0	2	12	11	0	13	0	0	0	0	0	0	0	0	0	0	0	0	11
239.400	2	6	20	0	5	0	2	15	10	0	13	0	0	0	0	0	0	0	1	0	0	0	0	14
239.600	4	6	14	0	2	0	0	15	7	0	12	0	0	0	0	0	0	0	1	0	0	7	0	12
239.800	4	5	12	0	0	0	0	9	5	0	15	0	0	0	0	0	0	0	0	0	0	1	0	0
240.000	4	5	14	0	2	0	0	10	3	0	13	0	0	0	0	0	0	0	2	0	0	7	0	7
240.200	4	5	11	0	3	0	2	16	6	0	15	0	0	0	0	0	0	0	1	0	0	1	0	13
240.400	4	6	11	0	5	0	0	12	4	0	14	0	0	0	0	0	0	0	1	0	0	1	0	10
240.600	4	5	19	0	3	0	2	17	6	0	13	0	0	0	0	0	0	0	1	0	0	6	0	8
240.800	3	5	11	0	5	0	2	11	4	0	11	0	0	0	0	0	0	0	1	0	0	2	0	12
241.000	3	4	13	0	3	0	2	15	5	0	7	0	0	0	0	0	0	0	1	0	0	2	0	9
241.200	3	5	12	0	0	0	1	14	4	0	12	0	0	0	0	0	0	0	1	0	0	7	0	8
241.400	3	6	6	0	0	0	0	15	6	0	12	0	0	0	0	0	0	0	1	0	0	9	0	13
241.600	2	7	12	0	0	0	0	15	2	0	13	0	0	0	0	0	0	0	0	0	0	8	0	12
241.800	3	7	18	0	0	0	0	11	3	0	11	0	0	0	0	0	0	0	0	0	0	11	2	9
242.000	3	4	9	0	0	0	2	14	8	0	11	0	0	0	0	0	0	0	1	0	0	7	1	13
242.200	3	6	19	0	0	0	2	12	15	0	10	0	0	0	0	0	0	0	1	0	0	11	0	12
242.400	4	5	14	0	0	0	1	12	7	0	12	0	0	0	0	0	0	0	1	0	0	6	1	10
242.600	3	7	18	0	1	0	2	12	11	0	7	0	0	0	0	0	0	0	2	0	0	5	1	4
242.800	3	5	14	0	5	0	2	10	13	0	8	0	0	0	0	0	0	0	3	0	0	7	4	4
243.000	2	2	20	0	6	0	2	16	13	0	11	0	0	0	0	0	0	0	3	0	0	7	5	7
243.200	3	7	12	0	5	0	2	9	9	0	11	0	0	0	0	0	0	0	3	0	0	10	5	13
243.400	3	6	9	0	8	0	2	9	10	0	11	0	0	0	0	0	0	0	3	0	0	6	4	6
243.600	3	7	11	0	5	0	2	11	9	0	11	0	0	0	0	0	0	0	2	0	0	11	4	9
243.800	4	6	15	0	7	0	2	12	11	0	10	0	0	0	0	0	0	0	5	0	0	7	4	2
244.000	1	4	12	0	6	0	2	10	5	0	3	0	0	0	0	0	0	0	1	0	0	9	3	8
244.200	4	6	10	0	8	0	2	12	5	0	10	0	0	0	0	0	0	0	3	0	0	17	3	8
244.400	4	6	7	0	6	0	2	12	2	0	10	0	1	0	0	0	0	0	1	0	0	7	4	10
244.600	4	5	11	0	10	0	2	12	5	0	9	0	0	0	0	0	0	0	1	0	0	5	11	22
244.800	3	5	11	1	4	0	2	15	3	0	9	0	0	0	0	0	0	0	1	0	0	18	3	8
245.000	3	5	19	0	4	0	2	9	2	0	10	0	0	0	0	0	0	0	1	0	0	14	2	9
245.200	2	5	12	0	5	0	1	10	3	0	11	0	0	0	0	0	0	0	0	0	0	12	1	10
245.400	5	8	12	0	3	0	2	10	5	0	13	0	0	0	0	0	0	0	1	0	0	10	2	15
245.600	3	7	15	0	4	0	2	10	4	0	10	0	0	0	0	0	0	0	0	0	0	11	4	12
245.800	3	6	13	0	4	0	2	14	4	0	8	0	0	0	0	0	0	0	0	0	0	14	6	12
246.000	4	7	12	0	6	0	2	12	2	0	12	0	0	0	0	0	0	0	0	0	0	15	5	14
246.200	5	5	11	0	3	0	2	11	3	0	12	0	0	0	0	0	0	0	2	0	0	12	6	14
246.400	3	5	13	0	3	0	2	9	0	0	10	0	0	0	0	0	0	0	0	0	0	12	6	3
246.600	4	5	18	2	3	0	2	10	2	0	10	0	0	0	0	0	0	0	2	0	0	15	5	9
246.800	4	5	10	2	3	0	2	8	3	0	10	0	0	0	0	0	0	0	2	0	0	18	11	15
247.000	4	5	5	0	2	0	2	13	3	0	12	0	0	0	0	0	0	0	0	0	0	15	5	14
247.200	4	6	5	0	3	0	2	11	5	0	13	0	0	0	0	0	0	0	3	0	0	14	9	15
247.400	4	6	10	0	0	0	2	9	3	0	10	0	0	0	0	0	0	0	0	0	0	15	7	6
247.600	4	6	10	0	4	0	2	8	2	0	11	0	0	0	0	0	0	0	1	0	0	10	11	9
247.800	5	5	9	0	3	0	2	14	5	0	14	0	0	0	0	0	0	0	0	0	0	9	8	8
248.000	3	6	20	0	1	0	1	11	6	0	9	0	0	0	0	0	0	0	0	0	0	13	4	10
248.200	3	6	14	0	1	0	2	10	4	0	12	0	0	0	0	0	0	0	2	0	0	13	5	5
248.400	4	7	16	0	5	0	2	7	0	0	9	0	0	0	0	0	0	0	0	0	0	12	7	11
248.600	3	5	18	0	4	0	2	12	4	0	13	0	0	0	0	0	0	0	0	0	0	10	2	8
248.800	3	5	14	0	5	0	2	9	2	0	12	0	0	0	0	0	0	0	1	0	0	12	6	9
249.000	3	6	12	0	3	0	2	14	4	0	10	0	0	0	0	0	0	0	0	0	0	16	4	10
249.200	4	6	20	0	3	0	0	6	3	0	11	0	0	0	0	0	0	0	0	0	0	8	5	19
249.400	3	7	21	0	3	0	2	6	2	0	8	0	0	0	0	0	0	0	0	0	0	18	9	10
249.600	3	5	14	0	1	0	2	12	3	0	8	0	0	0	0	0	0	0	0	0	0	13	4	15
249.800	3	7	12	0	3	0	2	9	3	0	10	0	0	0	0	0	0	0	0	0	0	15	7	8
250.000	4	5	6	0	2	0	2	13	5	0	11	0	0	0	0	0	0	0	0	0	0	16	7	6
250.200	3	5	8	0	5	0	2	6	2	0	12	0	0	0	0	0	0	0	0	0	0	13	9	23
250.400	3	6	8	0	2	0	0	10	3	0	12	0	0	0	0	0	0	0	0	0	0	9	5	3
250.600	3	5	6	0	0	0	2	8	4	0	13	0	0	0	0	0	0	0	0	0	0	14	0	6
250.800	2	5	16	0	3	0	3	9	3	0	11	0	0	0	0	0	0	0	0	0	0	12	3	10
251.000	3	5	8	0	5	0	2	6	2	0	11	0	0	0	0	0	0	0	0	0	0	11	4	7
251.200	4	4	9	0	2	0	2	9	4	0	13	0	0	0	0	0	0	0	0	0	0	19	7	11
251.400	3	5	10	0	0	0	0	10	2	0	13	0	0	0	0	0	0	0	0	0	0	12	2	8
251.600	3	6	9	0	0	0	2	11	4	0	10	0	0	0	0	0	0	0	0	0	0	16	2	12
251.800	4	6	9	0	0	0	1	8	2	0	9	0	0	0	0	0	0	0	0	0	0	6	4	10
252.000	4	5	10	0	0	0	2	10	2	0	12	0	0	0	0	0	0	0	0	0	0	6	9	12
252.200	4	4	8	0	0	0	2	10	4	0	9	0	0	0	0	0	0	0	0	0	0	6	13	15
252.400	4	5	13	0	0	0	4	10	5	0	11	0	0	0	0	0	0	0	0	0	0	7	6	8
252.600	4	4	13	0	0	0	3	10	5	0	13	0	0	0	0	0	0	0	0	0	0	9	9	6
252.800	3	6	14	0	0	0	3	10	12	0	4	0	0	0	0	0	0	0	0	0	0	11	2	8
253.000	2	7	11	0	0	0	3	10	11	0	14	0	0	2	0	0	0	0	1	0	0	16	6	2
253.200	4	4	10	0	0	0	3	14	13	0	11	0	0	2	0	0	0	0	1	0	0	6	5	11
253.400	3	4	12	0	1	0	2	11	7	0	8	0	0	2	0	0	0	0	1	0	0	11	4	14
253.600	3	5	11	0	0	0	2	17	8	0	13	0	0	1	0	0	0	0	0	0	0	12	8	16
253.800	4	5	11	0	0	0	2	9	4	0	12	0	0	2	0	0	0	0	1	0	0	19	7	15
254.000	4	6	13	0	0	0	2	9	10	0	4	0	0	2	0	0	0	0	1	0	0	5	5	9
254.200	4	7	11	0	0	0	2	15	11	0	2	0	0	2	0	0	0	0	0	0	0	11	4	1
254.400	3	4	5	0	0	0	0	9	9	0	3	0	0	0	0	0	0	0	1	0	0	14	3	19
254.600	4	5	5	0	0	0	2	12	12	0	10	0	0	0	0	0	0	0	5	0	0	13	9	23
254.800	3	5	2	0	0	0	2	10	10	0	6	0	0	2	0	0	0	0	2	0	0	13	8	7
255.000	4	4	17	0	0	0	2	13	10	0	10	0	0	0	0	0	0	0	3	0	0	8	8	19
255.200	3	6	8	0	0	0	2	9	12	0	3	0	0	0	0	0	0	0	0	0	0	14	0	10
255.400	3	6	13	0	0	0	2	12	9	0	11	0	0	0	0	0	0	0	1	0	0	7	6	16
255.600	4	5	9	0	0	0	2	11	9	0	12	0	0	0	0	0	0	0	3	0	0	5	6	14
255.800	4	4	8	0	0	0	2	9	15	0	14	0	0	0	0	0	0	0	2	0	0	7	6	13
256.000	4	5	15	0	0	0	2	10	12	0	13	0	0	0	0	0	0	0	3	0	0	5	5	11
256.200	3	7	16	0	0	0	2	14	13	0	14	0	0	0	0	0	0	0	1	0	0	1	5	8
256.400	4	5	16	0	0	0	2	9	13	0	13	0	0	0	0	0	0	0	1	0	0	8	3	11
256.600	3	7	9	0	0	0	2	12	8	0	14	0	0	0	0	0	0	0	2	0	0	7	7	11
256.800	4	6	21	0	0	0	1	13	8	0	14	0	0	0	0	0	0	0	1	0	0	7	1	13
257.000	4	6	23	0	0	0	2	8	9	0	15	0	0	0	0	0	0	0	4	0	0	12	5	10
257.200	4	5	15	0	0	0	2	9	10	0	12	0	0	0	0	0	0	0	2	0	0	22	5	4
257.400	4	6	18	0	1	0	2	9	8	0	11	0	0	0	0	0	0	0	2	0	0	18	5	4
257.600	5	6	15	0	5	0	2	10	10	0	14	0	0	0	0	0	0	0	4	0	0	15	9	4
257.800	4	5	23	0	5	0	3	15	10	0	10	0	0	0	0	0	0	0	5	0	0	14	6	7
258.000	4	5	15	0	2	0	2	15	9	0	16	0	0	0	0	0	0	0	2	0	0	18	11	10
258.200	4	6	21	0	2	0	2	12	16	0	15	0	0	0	0	0	0	0	3	0	0	13	7	9
258.400	3	6	14	0	0	0	2	12	14	0	16	0	0	0	0	0	0	0	2	0	0	14	6	11
258.600	4	7	11	0	0	0	2	10	16	0	12	0	0	0	0	0	0	0	4	0	0	16	6	8
258.800	4	5	10	0	0	0	2	11	20	0	15	0	0	0	0	0	0	1	6	0	0	10	20	4
259.000	3	7	6	0	0	0	2	9	16	0	13	0	0	0	0	0	0	0	3	0	0	19	17	6
259.200	4	5	5	0	0	0	2	9	16	0	17	0	0	0	0	0	0	0	1	0	0	18	4	13
259.400	3	6	6	0	3	0	2	10	16	0	12	0	0	0	0	0	0	0	1	0	0	10	15	11
259.600	4	7	10	0	4	0	2	9	15	0	14	0	0	0	0	0	0	0	1	0	0	25	15	7
259.800	3	2	8	0	3	0	2	16	16	1	13	0	0	0	0	0	0	0	0	0	0	14	11	7
260.000	4	6	5	0	2	0	3	12	15	1	14	0	0	0	0	0	0	0	5	0	0	10	17	15
260.200	4	5	4	0	2	0	2	9	13	0	13	0	0	0	0	0	0	0	1	0	0	13	10	11
260.400	4	7	6	0	3	0	2	10	15	0	9	0	0	0	0	0	0	0	2	0	0	11	21	21
260.600	4	5	6	0	0	0	2	10	15	0	10	0	0	0	0	0	0	0	4	0	0	11	17	18
260.800	4	7	9	0	0	0	1	10	13	0	14	0	0	0	0	0	0	0	1	0	0	9	13	15
261.000	5	5	2	0	4	0	2	11	8	0	13	0	0	0	0	0	0	0	0	0	0	11	17	21
261.200	5	5	14	0	2	0	2	15	14	0	12	0	0	0	0	0	0	0	0	0	0	19	6	3
261.400	3	5	10	0	2	0	2	8	17	0	11	0	0	0	0	0	0	0	4	0	0	13	15	10
261.600	4	5	8	0	2	0	2	10	14	0	12	0	0	0	0	0	0	0	1	0	0	18	16	15
261.800	4	5	11	0	3	0	2	9	7	0	13	0	0	0	0	0	0	0	2	0	0	18	13	9
262.000	4	6	8	0	6	0	2	13	12	0	14	0	0	0	0	0	0	0	0	0	0	15	5	9
262.200	4	5	14	0	4	0	3	11	4	0	16	0	0	0	0	0	0	0	0	0	0	22	12	12
262.400	4	6	10	1	3	0	2	9	14	0	16	0	0	0	0	0	0	0	0	0	0	23	3	18
262.600	4	7	14	2	0	0	2	6	9	0	15	0	0	0	0	0	0	0	0	0	0	12	17	15
262.800	4	5	6	0	0	0	4	12	12	0	12	0	0	0	0	0	0	0	0	0	0	9	8	14
263.000	4	6	8	0	0	0	1	9	13	0	11	0	0	0	0	0	0	0	0	0	0	10	9	12
263.200	4	6	7	0	0	0	2	10	10	0	8	0	0	0	0	0	0	0	0	0	0	11	13	10
263.400	4	6	3	0	0	0	3	11	10	0	16	0	0	0	0	0	0	0	1	0	0	5	16	22
263.600	4	6	5	0	0	0	2	12	8	0	13	0	0	0	0	0	0	0	4	0	0	14	24	21
263.800	4	6	4	0	0	0	2	13	13	0	14	0	0	0	0	0	0	0	1	0	0	8	18	18
264.000	3	6	6	0	0	0	2	15	12	0	2	0	0	0	0	0	0	0	0	0	0	7	12	8
264.200	4	5	6	0	0	0	2	13	8	0	3	0	0	0	0	0	0	0	3	0	0	7	19	16
264.400	5	7	7	0	0	0	2	17	11	0	3	0	0	0	0	0	0	0	0	0	0	9	11	10
264.600	4	6	8	0	0	0	4	16	8	0	4	0	0	0	0	0	0	0	0	0	0	11	12	5
264.800	4	6	5	0	0	0	3	8	8	0	2	0	0	0	0	0	0	0	0	0	0	8	9	16
265.000	3	6	8	0	0	0	3	11	12	0	6	0	0	0	0	0	0	0	0	0	0	5	13	6
265.200	4	6	7	0	0	0	2	13	15	0	4	0	0	0	0	0	0	0	1	0	0	9	13	10
265.400	4	7	11	0	0	0	3	11	14	0	3	0	0	0	0	0	0	0	2	0	0	14	16	4
265.600	4	6	9	2	0	0	1	11	9	0	7	0	0	0	0	0	0	0	2	0	0	10	17	13
265.800	3	6	9	0	0	0	0	11	8	0	10	0	0	0	0	0	0	0	0	0	0	8	12	17
266.000	4	6	8	0	0	0	2	12	9	0	11	0	0	0	0	0	0	0	1	0	0	5	15	19
266.200	4	5	5	0	0	0	2	11	8	0	13	0	0	0	0	0	0	0	0	0	0	8	17	20
266.400	4	5	7	0	0	0	2	11	14	0	7	0	0	0	0	0	0	0	0	0	0	8	12	19
266.600	4	5	13	1	0	0	3	15	13	0	13	0	0	0	0	0	0	0	0	0	0	5	8	16
266.800	2	5	1	0	0	0	3	10	9	0	17	0	0	0	0	0	0	0	1	0	0	10	10	15
267.000	3	6	9	0	0	0	3	11	10	0	12	0	0	0	0	0	0	0	1	0	0	10	14	18
267.200	3	6	11	0	0	0	2	11	8	0	15	0	0	0	0	0	0	0	0	0	0	7	20	15
267.400	4	5	9	0	0	0	2	12	9	0	12	0	0	0	0	0	0	0	0	0	0	5	13	18
267.600	3	7	12	0	0	0	2	11	8	0	10	0	0	0	0	0	0	0	0	0	0	4	7	7
267.800	3	6	6	0	0	0	2	13	14	0	13	0	0	0	0	0	0	0	0	0	0	6	15	11
268.000	4	6	15	0	0	0	3	13	9	0	14	0	0	0	0	0	0	0	0	0	0	5	13	21
268.200	4	6	11	0	0	0	3	8	11	0	12	0	0	0	0	0	0	0	0	0	0	3	8	13
268.400	4	6	6	0	0	0	3	11	12	0	7	0	0	0	0	0	0	0	0	0	0	6	14	14
268.600	4	7	9	0	0	0	5	8	8	0	17	0	0	0	0	0	0	0	0	0	0	6	12	20
268.800	4	4	10	3	0	0	2	13	12	0	17	0	0	0	0	0	0	0	0	0	0	5	6	13
269.000	3	5	2	0	0	0	3	17	10	0	15	0	0	1	0	0	0	0	1	0	0	8	12	11
269.200	4	7	14	2	0	0	2	11	11	0	11	0	0	0	0	0	0	0	0	0	0	9	12	14
269.400	4	5	6	0	0	0	2	10	9	0	13	0	0	0	0	0	0	0	1	0	0	13	13	13
269.600	5	5	13	0	0	0	1	7	8	0	14	0	0	0	0	0	0	0	1	0	0	7	17	17
269.800	4	7	15	0	0	0	2	12	15	0	16	0	0	0	0	0	0	0	1	0	0	5	15	7
270.000	3	4	13	0	0	0	0	7	10	0	11	0	0	0	0	0	0	0	0	0	0	11	6	7
270.200	4	5	10	0	0	0	2	12	10	0	13	0	0	0	0	0	0	0	0	0	0	7	5	10
270.400	4	6	14	0	0	0	2	11	14	0	7	0	0	0	0	0	0	0	1	0	0	6	11	6
270.600	3	4	14	0	0	0	2	9	9	0	9	0	0	0	0	0	0	0	1	0	0	9	12	7
270.800	3	5	15	0	0	0	2	10	10	0	12	0	0	0	0	0	0	0	0	0	0	9	20	24
271.000	4	6	14	0	0	0	2	13	12	0	12	0	0	0	0	0	0	0	2	0	0	3	14	8
271.200	4	6	18	0	0	0	2	15	11	0	15	0	0	0	0	0	0	0	3	0	0	3	19	14
271.400	4	7	10	0	0	0	1	7	11	0	15	0	0	1	0	0	0	0	2	0	0	6	21	20
271.600	4	7	17	0	0	0	2	12	10	0	15	0	0	0	0	0	0	0	5	0	0	0	2	5
271.800	3	5	15	0	0	0	2	16	14	0	13	0	0	0	0	0	0	0	7	0	0	1	0	0
272.000	4	6	10	0	0	0	2	17	10	0	14	0	0	0	0	0	0	0	5	0	0	2	15	9
272.200	4	6	17	0	0	0	1	12	12	0	13	0	0	0	0	0	0	0	5	0	0	5	11	9
272.400	4	5	7	0	0	0	1	10	9	0	11	0	0	0	0	0	0	0	7	0	0	2	9	14
272.600	4	5	21	0	0	0	2	10	9	0	14	0	0	0	0	0	0	0	0	0	0	3	10	10
272.800	3	6	20	2	0	0	2	9	12	0	13	0	0	0	0	0	0	0	0	0	0	4	19	13
273.000	3	6	12	0	0	0	1	9	11	0	14	0	0	0	0	0	0	0	2	0	0	7	19	12
273.200	4	5	19	2	0	0	0	10	10	0	13	0	0	0	0	0	0	0	8	0	0	1	15	14
273.400	4	5	19	0	0	0	2	12	10	0	9	0	0	0	0	0	0	0	3	0	0	0	9	5
273.600	2	6	17	0	0	0	1	18	10	0	16	0	0	0	0	0	0	0	3	0	0	0	11	4
273.800	3	6	15	2	0	0	3	9	10	0	15	0	0	0	0	0	0	0	5	0	0	0	14	6
274.000	3	6	15	0	0	0	1	13	14	0	9	0	0	0	0	0	0	0	5	0	0	5	19	7
274.200	2	6	13	0	0	0	0	10	10	0	16	0	0	0	0	0	0	0	4	0	0	3	8	5
274.400	5	6	2	0	0	0	3	9	15	0	10	0	0	0	0	0	0	0	1	0	0	4	17	14
274.600	4	5	7	0	0	0	0	9	10	0	8	0	0	0	0	0	0	0	5	0	0	9	20	5
274.800	3	6	16	1	0	0	2	13	10	0	9	0	0	0	0	0	0	0	5	0	0	3	15	7
275.000	5	5	11	2	0	0	0	8	9	0	12	0	0	0	0	0	0	0	6	0	0	9	12	9
275.200	5	5	17	2	0	0	2	12	7	0	5	0	0	0	0	0	0	0	4	0	0	7	11	5
275.400	4	6	12	0	0	0	1	15	13	0	14	0	0	0	0	0	0	0	6	0	0	2	8	8
275.600	3	6	14	2	0	0	1	14	12	0	6	0	0	0	0	0	0	0	7	0	0	1	12	8
275.800	4	6	14	0	0	0	2	12	10	0	4	0	0	0	0	0	0	0	5	0	0	4	23	3
276.000	3	7	8	0	0	0	1	11	8	0	7	0	0	0	0	0	0	0	4	0	0	3	13	13
276.200	3	5	11	2	0	0	3	11	6	0	10	0	0	0	0	0	0	0	1	0	0	4	15	8
276.400	5	5	15	1	0	0	2	12	6	0	12	0	0	0	0	0	0	0	4	0	0	5	16	12
276.600	3	5	18	2	0	0	2	9	6	0	13	0	0	0	0	0	0	0	5	0	0	3	10	9
276.800	3	5	15	0	0	0	2	9	7	0	10	0	0	0	0	0	0	0	0	0	0	3	12	10
277.000	5	7	11	0	0	0	3	10	9	0	6	0	0	0	0	0	0	0	4	0	0	5	10	8
277.200	3	6	11	0	0	0	3	17	11	0	10	0	0	0	0	0	0	0	3	0	0	4	8	6
277.400	4	6	14	0	0	0	2	15	9	0	7	0	0	0	0	0	0	0	5	0	0	3	17	10
277.600	3	6	11	1	0	0	4	10	12	0	15	0	0	0	0	0	0	0	6	0	0	6	18	10
277.800	3	5	16	0	0	0	2	9	9	0	11	0	0	0	0	0	0	0	4	0	0	5	15	5
278.000	4	5	8	0	0	0	2	9	9	0	15	0	0	0	0	0	0	0	6	0	0	5	18	10
278.200	3	6	11	0	0	0	2	13	10	0	4	0	0	0	0	0	0	0	4	0	0	3	14	7
278.400	4	5	15	0	0	0	3	9	10	0	15	0	0	0	0	0	0	0	4	0	0	4	19	9
278.600	2	6	6	0	0	0	1	10	13	0	10	0	0	0	0	0	0	0	1	0	0	5	23	11
278.800	4	5	11	2	3	0	2	12	9	0	13	0	0	1	0	0	0	0	1	0	0	4	18	8
279.000	4	5	5	0	2	0	2	10	8	0	13	0	0	1	0	0	0	0	2	0	0	3	24	4
279.200	5	5	8	1	2	0	2	12	17	0	12	0	0	0	0	0	0	0	1	0	0	5	23	19
279.400	4	5	13	0	2	0	0	8	7	0	8	0	0	1	0	0	0	0	1	0	0	7	23	11
279.600	4	6	14	0	0	0	2	18	13	0	12	0	0	1	0	0	0	0	1	0	0	0	13	6
279.800	4	6	14	2	0	0	2	10	9	0	12	0	0	0	0	0	0	0	3	0	0	3	9	6
280.000	3	6	13	2	0	0	2	8	6	0	10	0	0	1	0	0	0	0	4	0	0	6	18	3
280.200	7	6	20	2	0	0	2	8	11	0	9	0	0	0	0	0	0	0	5	0	0	5	19	5
280.400	4	5	14	0	0	0	2	12	10	0	11	0	0	1	0	0	0	0	5	0	0	2	10	7
280.600	4	6	18	0	0	0	2	15	11	0	10	0	0	0	0	0	0	0	7	0	0	3	18	9
280.800	4	6	21	0	0	0	1	11	15	0	13	0	0	0	0	0	0	0	5	0	0	6	15	1
281.000	3	5	16	0	4	0	3	14	12	0	10	0	0	0	0	0	0	0	6	0	0	4	16	7
281.200	3	5	25	2	2	0	2	8	8	0	18	0	0	0	0	0	0	0	5	0	0	2	12	3
281.400	4	6	15	1	0	0	2	9	7	0	9	0	0	0	0	0	0	0	5	0	0	4	1	19
281.600	4	5	20	0	4	0	2	16	9	0	6	0	0	0	0	0	0	0	4	0	0	4	6	18
281.800	3	6	14	0	7	0	1	9	11	1	6	0	0	0	0	0	0	0	4	0	0	5	22	10
282.000	6	5	16	0	3	0	0	9	6	0	6	0	0	0	0	0	0	0	3	0	0	4	14	9
282.200	3	6	12	2	4	0	2	13	11	0	5	0	0	1	0	0	0	0	3	0	0	3	16	17
282.400	4	5	22	2	6	0	4	14	11	0	6	0	0	0	0	0	0	0	2	0	0	9	12	12
282.600	4	5	11	2	4	0	2	11	9	0	8	0	0	0	0	0	0	0	3	0	0	5	8	13
282.800	4	6	22	3	3	0	1	8	8	0	7	0	0	0	0	0	0	0	5	0	0	4	22	6
283.000	3	7	23	2	4	0	2	12	11	0	6	0	0	0	0	0	0	0	4	0	0	1	13	5
283.200	4	6	19	0	7	0	2	12	8	0	5	0	0	0	0	0	0	0	4	0	0	0	1	5
283.400	4	5	15	0	5	0	2	9	7	0	9	0	0	0	0	0	0	0	4	0	0	3	4	7
283.600	7	7	19	2	6	0	2	7	5	0	8	0	0	0	0	0	0	0	2	0	0	2	5	7
283.800	6	6	16	2	4	0	2	11	12	0	9	0	0	0	0	0	0	0	6	0	0	1	5	17
284.000	7	5	19	2	4	0	3	14	14	0	7	0	0	0	0	0	0	0	1	0	0	5	1	15
284.200	10	5	18	2	8	0	2	11	8	0	7	0	0	0	0	0	0	0	6	0	0	6	0	11
284.400	4	5	20	2	7	0	2	7	9	0	8	0	0	0	0	0	0	0	2	0	0	1	3	10
284.600	7	6	18	2	8	0	2	10	6	0	8	0	0	0	0	0	0	0	2	0	0	0	2	13
284.800	4	6	16	2	10	0	1	10	11	0	5	0	0	0	0	0	0	0	1	0	0	3	0	13
285.000	3	7	14	1	1	0	1	11	10	0	6	0	0	0	0	0	0	0	1	0	0	0	2	13
285.200	3	7	13	0	4	0	3	11	11	0	6	0	0	0	0	0	0	0	0	0	0	9	0	15
285.400	3	7	16	1	2	0	2	9	6	0	8	0	0	0	0	0	0	0	0	0	0	1	4	12
285.600	7	5	18	2	3	0	2	10	15	1	10	0	0	0	0	0	0	0	1	0	0	4	0	12
285.800	5	5	17	0	4	0	2	9	14	4	10	0	0	0	0	0	0	0	0	0	0	0	0	11
286.000	3	6	9	0	0	0	2	14	10	3	9	0	0	0	0	0	0	0	1	0	0	3	0	21
286.200	4	5	17	2	0	0	3	12	15	0	8	0	0	0	0	0	0	0	1	0	0	5	0	9
286.400	5	5	12	0	0	0	2	11	11	0	6	0	0	0	0	0	0	0	1	0	0	0	0	16
286.600	3	6	13	0	0	0	3	11	11	0	8	0	0	0	0	0	0	0	3	0	0	3	0	18
286.800	3	5	13	0	0	0	3	13	11	0	7	0	0	0	0	0	0	0	0	0	0	11	2	18
287.000	4	5	17	0	3	0	2	8	10	0	7	0	0	0	0	0	0	0	0	0	0	1	0	11
287.200	4	6	14	1	2	0	2	12	10	0	7	0	0	0	0	0	0	0	0	0	0	7	7	12
287.400	4	5	18	0	2	0	3	10	12	0	6	0	0	0	0	0	0	0	0	0	0	7	4	25
287.600	3	6	16	1	3	0	0	7	12	0	7	0	0	0	0	0	0	0	0	0	0	8	6	11
287.800	3	5	20	1	4	0	3	12	12	0	8	0	0	0	0	0	0	0	0	0	0	4	5	16
288.000	3	5	9	2	0	0	3	13	10	0	8	0	0	0	0	0	0	0	0	0	0	8	5	13
288.200	4	7	20	0	2	0	0	5	9	0	7	0	0	0	0	0	0	0	0	0	0	7	5	15
288.400	7	5	18	0	2	0	2	9	16	0	5	0	0	0	0	0	0	0	0	0	0	8	5	17
288.600	5	5	18	0	2	0	3	9	13	0	7	0	0	0	0	0	0	0	0	0	0	7	5	21
288.800	5	5	14	0	4	0	2	11	9	0	6	0	0	0	0	0	0	0	1	0	0	7	4	19
289.000	4	6	14	0	1	0	2	8	7	0	8	0	0	0	0	0	0	0	0	0	0	9	3	18
289.200	4	5	11	0	3	0	2	12	11	0	7	0	0	0	0	0	0	0	1	0	0	6	4	13
289.400	10	3	20	0	1	0	2	8	12	0	8	0	0	0	0	0	0	0	2	0	0	7	5	16
289.600	8	3	12	0	5	0	3	11	10	0	5	0	0	0	0	0	0	0	0	0	0	4	3	9
289.800	9	2	15	0	3	0	2	12	10	0	9	0	0	0	0	0	0	0	0	0	0	3	0	11
290.000	8	4	12	0	1	0	0	11	8	0	9	0	0	0	0	0	0	0	0	0	0	0	0	12
290.200	6	5	11	0	3	0	2	10	10	0	5	0	0	0	0	0	0	0	0	0	0	1	0	16
290.400	4	6	15	0	4	0	2	8	9	0	6	0	0	0	0	0	0	0	0	0	0	0	0	21
290.600	4	5	15	0	0	0	1	12	12	0	8	0	0	0	0	0	0	0	0	0	0	0	2	18
290.800	5	5	14	1	4	0	2	15	11	1	8	0	0	0	0	0	0	0	0	0	0	2	0	15
291.000	2	6	13	2	8	0	0	8	10	0	8	0	0	0	0	0	0	0	0	0	0	3	0	13
291.200	4	5	13	1	4	0	1	9	8	0	8	0	0	0	0	0	0	0	0	0	0	4	0	1
291.400	5	5	14	2	5	0	3	15	7	0	6	0	0	0	0	0	0	0	0	0	0	5	0	7
291.600	4	6	15	0	5	0	3	13	11	0	8	0	0	0	0	0	0	0	0	0	0	1	0	13
291.800	3	6	14	2	4	0	3	10	13	0	6	0	0	0	0	0	0	0	0	0	0	7	0	9
292.000	3	7	10	1	2	0	0	5	12	1	6	0	0	0	0	0	0	0	0	0	0	3	0	9
292.200	7	5	17	2	3	0	2	8	10	0	6	0	0	0	0	0	0	0	0	0	0	7	4	9
292.400	4	6	13	0	4	0	2	8	13	0	7	0	0	1	0	0	0	0	0	0	0	5	1	16
292.600	4	6	11	2	3	0	2	11	14	0	6	0	0	0	0	0	0	0	0	0	0	5	2	12
292.800	3	6	14	2	2	0	1	6	9	0	5	0	0	0	0	0	0	0	0	0	0	3	0	17
293.000	3	7	12	2	4	0	1	8	11	0	7	0	0	0	0	0	0	0	0	0	0	6	1	15
293.200	3	6	9	0	4	0	2	9	11	0	4	0	0	0	0	0	0	0	0	0	0	3	0	13
293.400	2	4	6	0	3	0	2	10	9	1	7	0	0	0	0	0	0	0	0	0	0	0	0	7
293.600	3	5	11	0	5	0	0	7	9	0	7	0	0	0	0	0	0	0	0	0	0	5	0	8
293.800	2	6	13	2	4	0	2	8	10	0	6	0	0	0	0	0	0	0	0	0	0	0	0	12
294.000	4	5	14	0	0	0	2	11	11	0	7	0	0	0	0	0	0	0	0	0	0	3	0	8
294.200	4	6	12	1	3	0	2	11	12	0	6	0	0	0	0	0	0	0	0	0	0	2	1	13
294.400	3	6	12	1	3	0	2	13	16	0	5	0	0	0	0	0	0	0	0	0	0	2	1	14
294.600	4	5	10	0	3	0	2	12	14	0	6	0	0	0	0	0	0	0	0	0	0	1	0	5
294.800	4	5	13	0	2	0	2	12	12	0	6	0	0	0	0	0	0	0	0	0	0	3	0	3
295.000	6	5	10	0	2	0	2	12	13	0	9	0	0	0	0	0	0	0	0	0	0	1	0	6
295.200	3	5	15	0	3	0	2	8	8	1	14	0	0	0	0	0	0	0	0	0	0	1	0	4
295.400	3	5	11	0	2	0	2	10	13	0	6	0	0	1	0	0	0	0	0	0	0	2	0	7
295.600	4	5	19	2	2	0	3	10	10	0	7	0	0	1	0	0	0	0	0	0	0	0	0	12
295.800	5	5	21	1	2	0	2	7	10	0	8	0	0	2	0	0	0	0	0	0	0	0	0	15
296.000	3	5	29	8	4	0	2	7	12	0	6	0	0	4	0	0	0	0	0	0	0	0	0	6
296.200	4	3	24	8	4	0	2	9	10	0	8	0	0	3	0	0	0	0	0	0	0	0	2	14
296.400	7	5	23	0	4	0	2	9	13	1	6	0	0	4	0	0	0	0	0	0	0	0	0	5
296.600	4	6	32	6	4	0	2	13	17	1	7	0	0	5	0	0	0	0	0	0	0	0	0	6
296.800	6	5	25	3	5	0	2	11	13	0	4	0	0	4	0	0	0	0	0	0	0	2	0	11
297.000	5	5	24	2	4	0	2	12	9	0	6	0	0	1	0	0	0	0	0	0	0	4	0	11
297.200	3	7	15	2	4	0	2	8	6	0	6	0	0	4	0	0	0	0	0	0	0	0	0	15
297.400	5	5	18	1	0	0	2	16	9	0	4	0	0	2	0	0	0	0	0	0	0	2	2	19
297.600	4	5	21	0	0	0	2	12	15	0	9	0	0	4	0	0	0	0	0	0	0	5	3	20
297.800	3	7	28	1	0	0	4	10	9	0	3	0	0	0	0	0	0	0	0	0	0	0	0	10
298.000	3	6	23	1	1	0	5	12	9	0	6	0	0	3	0	0	0	0	0	0	0	3	0	16
298.200	3	5	22	0	0	0	2	10	8	0	8	0	0	4	0	0	0	0	0	0	0	1	2	8
298.400	4	5	18	3	0	0	2	9	10	0	8	0	0	1	0	0	0	0	0	0	0	6	8	4
298.600	4	5	27	4	0	0	2	10	9	0	7	0	0	1	0	0	0	0	0	0	0	4	4	7
298.800	6	6	24	4	0	0	1	12	11	0	6	0	0	4	0	0	0	0	0	0	0	3	3	11
299.000	3	5	21	9	0	0	1	10	10	0	6	0	0	4	0	0	0	0	0	0	0	5	5	15
299.200	5	5	22	1	0	0	1	10	13	0	5	0	0	4	0	0	0	0	0	0	0	3	2	12
299.400	8	5	23	7	0	0	0	6	11	0	7	0	0	3	0	0	0	0	0	0	0	2	0	4
299.600	5	6	25	3	0	0	2	11	9	0	6	0	0	3	0	0	0	0	0	0	0	3	5	19
299.800	4	5	19	8	0	0	2	12	8	0	7	0	0	4	0	0	0	0	0	0	0	5	2	13
300.000	7	5	19	1	0	0	3	12	11	0	8	0	0	4	0	0	0	0	0	0	0	6	0	22
300.200	8	5	21	4	0	0	2	8	11	0	11	0	0	4	0	0	0	0	0	0	0	7	0	5
300.400	4	6	29	3	0	0	1	9	11	0	9	0	0	4	0	0	0	0	0	0	0	1	2	2
300.600	4	5	26	2	0	0	3	10	14	0	7	0	0	5	0	0	0	0	0	0	0	1	0	7
300.800	4	5	23	5	0	0	4	10	13	0	15	0	0	4	0	0	0	0	0	0	0	0	0	12
301.000	5	5	21	2	0	0	3	10	9	0	13	0	0	3	0	0	0	0	0	0	0	2	0	7
301.200	5	5	26	1	0	0	2	10	11	0	15	0	0	2	0	0	0	0	0	0	0	3	1	12
301.400	5	6	23	4	0	0	3	10	10	0	16	0	0	4	0	0	0	0	0	0	0	3	0	23
301.600	3	6	17	5	0	0	3	14	9	0	13	0	0	3	0	0	0	0	0	0	0	3	0	9
301.800	6	5	22	7	0	0	0	9	11	0	15	0	0	5	0	0	0	0	0	0	0	4	0	10
302.000	3	7	18	5	0	0	1	14	13	0	14	0	0	5	0	0	0	0	0	0	0	3	3	20
302.200	3	5	24	4	0	0	1	10	8	0	11	0	0	4	0	0	0	0	0	0	0	2	2	18
302.400	5	5	25	0	0	0	2	17	15	0	16	0	0	6	0	0	0	0	0	0	0	4	3	16
302.600	5	6	21	5	0	0	3	13	11	0	14	0	0	7	0	0	0	0	0	0	0	4	0	12
302.800	3	6	24	2	0	0	2	14	9	0	17	0	0	4	0	0	0	0	0	0	0	7	2	18
303.000	5	5	19	5	1	0	2	10	8	0	16	0	0	5	0	0	0	0	0	0	0	5	2	9
303.200	6	5	23	0	0	0	3	14	13	0	14	0	0	5	0	0	0	0	0	0	0	3	2	2
303.400	5	5	19	4	0	0	1	8	9	0	14	0	0	5	0	0	0	0	0	0	0	6	8	11
303.600	7	3	17	1	0	0	1	12	12	0	16	0	0	5	0	0	0	0	0	0	0	2	1	5
303.800	6	5	24	2	0	0	1	8	7	0	9	0	0	7	0	0	0	0	0	0	0	6	0	6
304.000	3	5	15	0	0	0	2	13	12	0	14	0	0	4	0	0	0	0	0	0	0	9	4	12
304.200	5	6	21	2	0	0	4	11	9	0	11	0	0	6	0	0	0	0	0	0	0	5	0	14
304.400	5	6	20	1	1	0	3	11	10	0	7	0	0	4	0	0	0	0	0	0	0	12	2	14
304.600	3	6	19	0	1	0	3	10	15	0	10	0	0	4	0	0	0	0	0	0	0	10	6	5
304.800	4	5	17	0	0	0	3	11	10	0	9	0	0	4	0	0	0	0	0	0	0	13	0	17
305.000	4	5	22	0	0	0	1	13	11	0	7	0	0	4	0	0	0	0	0	0	0	5	1	12
305.200	3	5	20	0	0	0	2	8	10	0	5	0	0	5	0	0	0	0	0	0	0	9	3	6
305.400	3	5	24	0	0	0	2	10	9	0	5	0	0	4	0	0	0	0	0	0	0	1	1	9
305.600	4	6	24	1	0	0	2	12	12	0	7	0	0	4	0	0	0	0	0	0	0	6	3	12
305.800	4	5	31	0	0	0	0	11	11	0	7	0	0	4	0	0	0	0	0	0	0	3	0	10
306.000	6	5	18	6	0	0	2	13	10	0	6	0	0	1	0	0	0	0	0	0	0	3	0	11
306.200	6	5	20	6	0	0	0	9	10	0	7	0	0	1	0	0	0	0	0	0	0	2	4	6
306.400	6	5	17	4	0	0	4	6	10	0	5	0	0	2	0	0	0	0	0	0	0	7	0	6
306.600	5	5	20	0	0	0	2	11	10	0	7	0	0	2	0	0	0	0	0	0	0	8	3	10
306.800	8	6	19	8	0	0	0	10	12	0	7	0	0	4	0	0	0	0	0	0	0	5	1	5
307.000	11	5	18	1	0	0	3	15	13	0	8	0	0	7	0	0	0	0	0	0	0	12	5	13
307.200	6	5	13	1	0	0	3	14	10	0	5	0	0	5	0	0	0	0	0	0	1	13	1	12
307.400	5	5	20	1	0	0	2	14	14	0	9	0	0	8	0	0	0	0	0	0	0	7	0	6
307.600	7	5	22	1	0	0	2	10	19	0	10	0	0	5	0	0	0	0	0	0	0	14	4	8
307.800	5	5	21	3	0	0	2	9	16	0	8	0	0	5	0	0	0	0	0	0	0	5	2	5
308.000	7	6	14	1	0	0	3	9	14	0	9	0	0	5	0	0	0	0	0	0	0	17	4	9
308.200	5	5	20	2	0	0	3	12	13	0	7	0	0	5	0	0	0	0	0	0	0	0	2	7
308.400	5	5	17	7	0	0	3	11	15	0	8	0	0	5	0	0	0	0	0	0	0	9	0	9
308.600	4	7	27	4	0	0	2	8	15	0	6	0	0	4	0	0	0	0	0	0	0	8	2	1
308.800	4	5	18	8	0	0	1	9	17	0	14	0	0	5	0	0	0	0	0	0	0	11	1	10
309.000	3	6	22	5	0	0	4	7	15	0	16	0	0	0	0	0	0	0	0	0	0	16	1	13
309.200	4	5	18	5	0	0	3	12	15	0	8	0	0	3	0	0	0	0	0	0	0	7	2	5
309.400	3	6	21	2	0	0	2	11	10	0	8	0	0	4	0	0	0	0	0	0	0	13	0	2
309.600	6	5	22	5	0	0	2	11	13	0	6	0	0	3	0	0	0	0	0	0	0	6	0	13
309.800	6	6	12	1	0	0	2	11	11	0	9	0	0	6	0	0	0	0	0	0	0	3	0	4
310.000	5	6	16	5	0	0	2	14	13	0	6	0	0	5	0	0	0	0	0	0	0	7	1	6
310.200	4	6	23	1	0	0	3	11	14	0	11	0	1	9	0	0	0	0	0	0	0	6	0	10
310.400	7	4	17	6	0	0	1	8	17	1	6	0	1	5	0	0	0	0	0	0	1	14	2	14
310.600	4	6	18	1	1	0	2	12	15	0	6	0	0	7	0	0	0	0	0	0	0	11	0	16
310.800	5	5	26	8	0	0	2	12	11	0	5	0	0	5	0	0	0	0	0	0	0	13	3	13
311.000	10	5	20	5	0	0	2	12	14	0	7	0	0	6	0	0	0	0	0	0	0	11	4	13
311.200	6	5	17	1	0	0	3	13	17	0	7	0	0	4	0	0	0	0	0	0	0	8	4	7
311.400	4	5	18	1	0	0	3	9	13	0	6	0	0	3	0	0	0	0	0	0	0	11	4	13
311.600	5	5	21	1	0	0	2	16	22	0	9	0	0	2	0	0	0	0	0	0	1	11	1	11
311.800	9	6	21	1	0	0	2	14	13	0	8	0	0	3	0	0	0	0	0	0	1	11	3	19
312.000	4	6	25	2	0	0	4	12	16	0	6	0	0	3	0	0	0	0	0	0	0	8	6	28
312.200	3	6	21	5	0	0	2	9	14	0	5	0	0	3	0	0	0	0	0	0	1	11	4	16
312.400	4	6	26	4	0	0	3	10	18	0	6	0	0	5	0	0	0	0	0	0	0	7	6	7
312.600	4	5	18	4	0	0	3	9	14	0	7	0	0	5	0	0	0	0	0	0	0	5	7	10
312.800	9	5	16	3	0	0	2	6	15	0	9	0	0	5	0	0	0	0	0	0	0	4	9	11
313.000	6	5	25	5	0	0	2	9	15	0	7	0	0	5	0	0	0	0	0	0	1	13	3	11
313.200	8	5	22	6	0	0	2	8	15	0	9	0	0	5	0	0	0	0	0	0	0	4	8	12
313.400	4	5	27	7	0	0	3	7	15	0	13	0	0	5	0	0	0	0	0	0	1	11	7	13
313.600	6	6	17	6	1	0	3	10	18	0	13	0	0	4	0	0	0	0	0	0	1	13	3	5
313.800	4	5	18	2	0	0	4	7	18	1	17	0	0	4	0	0	0	0	0	0	1	8	3	7
314.000	2	3	22	6	0	0	4	8	12	0	13	0	0	4	0	0	0	0	0	0	0	10	9	11
314.200	4	5	26	7	0	0	3	7	16	1	12	0	0	4	0	0	0	0	0	0	0	13	2	5
314.400	4	5	21	5	0	0	3	6	17	2	12	0	0	4	0	0	0	0	0	0	1	12	2	9
314.600	9	5	20	6	1	1	3	5	8	0	11	0	0	4	0	0	0	0	0	0	1	12	3	13
314.800	5	6	22	6	0	0	2	8	13	0	11	0	0	3	0	0	0	0	0	0	0	12	7	13
315.000	5	6	23	1	0	0	2	8	21	3	16	0	0	1	0	0	0	0	0	0	0	7	3	12
315.200	4	5	20	4	0	0	2	9	14	2	10	0	0	2	0	0	0	0	0	0	1	10	4	8
315.400	6	5	25	7	0	0	2	5	10	2	9	0	0	3	0	0	0	0	0	0	0	6	4	17
315.600	6	7	23	7	0	0	2	11	11	2	17	0	0	1	0	0	0	0	0	0	0	8	4	22
315.800	4	5	22	4	0	0	2	9	16	1	17	0	0	4	0	0	0	0	0	0	0	9	4	19
316.000	6	5	20	6	0	0	2	8	12	4	12	0	0	3	0	0	0	0	0	0	0	7	2	29
316.200	3	7	22	6	0	0	0	6	4	4	15	0	2	6	0	0	0	0	0	0	0	6	3	14
316.400	6	5	12	0	0	0	2	10	6	4	15	0	1	3	0	0	0	0	0	0	0	9	4	6
316.600	3	5	28	6	0	0	2	7	4	5	12	0	0	1	0	0	0	0	0	0	0	8	5	20
316.800	7	5	30	1	0	0	2	10	3	3	12	0	0	2	0	0	0	0	0	0	0	9	3	28
317.000	3	6	30	1	1	0	0	8	1	2	19	0	1	2	0	0	0	0	0	0	0	7	4	11
317.200	5	5	21	0	0	0	1	8	0	3	15	0	0	0	0	0	0	0	0	0	0	9	8	21
317.400	5	5	24	3	0	0	0	6	0	4	19	0	1	1	0	0	0	0	0	0	0	7	1	18
317.600	4	5	17	0	0	0	2	5	0	4	8	0	1	0	0	0	0	0	0	0	0	3	3	8
317.800	4	5	21	2	0	0	1	7	1	3	14	0	0	1	0	0	0	0	0	0	0	7	4	17
318.000	4	5	13	1	0	0	0	8	8	6	14	0	1	2	0	0	0	0	0	0	0	7	6	30
318.200	5	5	18	0	0	0	1	8	9	4	15	0	0	0	0	0	0	0	0	0	0	11	6	3
318.400	3	6	21	0	0	0	2	8	6	2	13	0	0	3	0	0	0	0	0	0	0	7	3	18
318.600	4	5	22	1	0	0	2	11	6	2	15	0	0	4	0	0	0	0	0	0	1	9	3	7
318.800	3	6	17	0	0	0	1	10	10	4	9	0	0	2	0	0	0	0	0	0	1	11	9	10
319.000	6	5	18	0	0	0	2	10	9	2	15	0	0	3	0	0	0	0	0	0	0	7	6	14
319.200	4	7	21	0	0	0	1	12	6	2	12	0	1	3	0	0	0	0	0	0	1	8	9	23
319.400	3	6	17	0	0	0	2	9	5	2	18	0	0	2	0	0	0	0	0	0	0	7	4	10
319.600	3	6	14	0	0	0	2	8	9	4	16	0	0	3	0	0	0	0	0	0	2	10	4	16
319.800	4	5	16	0	0	0	2	9	6	4	18	0	0	0	0	0	0	0	0	0	0	9	6	28
320.000	3	6	13	0	0	0	1	15	4	4	16	0	0	3	0	0	0	0	0	0	0	8	7	20
320.200	3	5	21	0	2	0	3	8	6	4	9	0	2	0	0	0	0	0	0	0	0	5	8	10
320.400	3	6	18	0	0	0	1	9	9	3	13	0	1	2	0	0	0	0	0	0	0	6	4	14
320.600	3	6	16	0	0	0	0	6	13	2	16	0	1	1	0	0	0	0	0	0	0	3	3	17
320.800	3	6	22	0	0	0	0	12	10	6	15	0	0	2	0	0	0	0	0	0	0	6	2	17
321.000	3	6	17	1	0	0	0	13	10	4	7	0	0	3	0	0	0	0	0	0	0	7	4	9
321.200	6	5	31	1	0	0	0	9	14	3	14	0	1	2	0	0	0	0	0	0	0	2	0	2
321.400	4	5	26	4	0	0	0	10	13	1	13	0	1	4	0	0	0	0	0	0	0	8	5	16
321.600	1	4	24	5	0	0	0	7	8	3	9	0	1	5	0	0	0	0	0	0	0	9	12	19
321.800	5	5	25	9	0	0	1	8	9	2	10	0	1	2	0	0	0	0	0	0	0	9	7	11
322.000	5	5	17	1	0	0	1	10	4	1	14	0	2	2	0	0	0	0	0	0	0	7	4	17
322.200	5	6	23	2	0	0	1	10	11	3	14	0	1	1	0	0	0	0	0	0	0	9	5	8
322.400	6	5	20	3	0	0	2	7	7	0	14	0	2	2	0	0	0	0	0	0	0	10	5	22
322.600	4	6	16	3	0	0	2	8	10	1	11	0	1	2	0	0	0	0	0	0	0	9	5	11
322.800	5	5	15	1	1	0	3	9	9	2	13	0	0	3	0	0	0	0	0	0	1	7	7	10
323.000	3	5	21	1	5	0	1	8	13	2	16	0	1	1	0	0	0	0	0	0	1	7	10	25
323.200	3	5	19	1	5	0	2	11	2	3	14	0	2	1	0	0	0	0	0	0	0	9	4	24
323.400	3	6	19	2	6	0	1	9	6	2	15	0	1	3	0	0	0	0	0	0	0	11	6	12
323.600	3	5	21	6	3	0	1	9	9	2	16	0	0	0	0	0	0	0	0	0	0	7	2	11
323.800	4	6	23	3	6	0	1	5	3	2	13	0	0	0	0	0	0	0	0	0	1	8	6	10
324.000	6	5	14	1	5	0	2	10	13	0	13	0	1	2	0	0	0	0	0	0	1	8	8	10
324.200	3	6	19	0	6	0	2	11	10	2	9	0	0	5	0	0	0	0	0	0	0	2	10	6
324.400	3	5	18	2	4	0	1	9	11	4	11	0	0	2	0	0	0	0	0	0	1	1	8	6
324.600	8	5	17	3	4	0	2	16	6	5	14	0	1	2	0	0	0	0	0	0	1	5	8	7
324.800	4	5	21	1	4	0	2	10	8	3	18	0	0	6	0	0	0	0	0	0	1	3	7	7
325.000	4	5	18	3	5	0	1	10	8	3	12	0	2	3	0	0	0	0	0	0	0	2	2	7
325.200	3	5	11	3	4	0	2	10	16	4	17	0	1	1	0	0	0	0	0	0	0	2	3	5
325.400	4	5	15	1	6	0	0	9	11	2	15	0	2	1	0	0	0	0	0	0	1	2	6	9
325.600	4	5	16	1	4	0	0	8	7	3	7	0	2	2	0	0	0	0	0	0	0	2	7	21
325.800	6	5	15	1	7	0	1	10	12	4	15	0	1	5	0	0	0	0	0	0	0	2	5	14
326.000	3	7	22	0	4	0	1	8	8	4	14	0	1	3	0	0	0	0	0	0	0	5	6	9
326.200	5	5	19	3	5	0	1	10	14	2	14	0	0	2	0	0	0	0	0	0	0	3	2	4
326.400	3	6	16	1	5	0	2	10	13	4	18	0	0	2	0	0	0	0	0	0	1	6	5	10
326.600	3	5	23	1	5	0	2	9	16	3	14	0	0	2	0	0	0	0	0	0	0	2	4	15
326.800	6	5	17	2	5	0	0	9	6	2	16	0	0	1	0	0	0	0	0	0	1	10	7	14
327.000	6	5	15	1	5	0	2	6	10	0	9	0	1	2	0	0	0	0	0	0	1	8	4	10
327.200	6	5	13	1	7	0	0	11	9	0	14	0	1	1	0	0	0	0	0	0	1	12	4	12
327.400	4	4	12	2	5	0	0	4	15	3	9	0	1	2	0	0	0	0	0	0	1	7	6	10
327.600	3	7	15	4	5	0	2	10	8	0	12	0	1	5	0	0	0	0	0	0	1	8	0	12
327.800	3	7	16	1	4	0	3	9	13	0	13	0	1	3	0	0	0	0	0	0	0	5	2	9
328.000	3	5	15	0	4	0	0	9	14	0	9	0	2	4	0	0	0	0	0	0	0	2	7	6
328.200	5	5	17	1	4	0	1	12	14	0	20	0	0	5	0	0	0	0	0	0	0	9	5	4
328.400	3	6	17	1	5	0	1	7	9	0	11	0	0	6	0	0	0	0	0	0	0	4	2	9
328.600	3	5	15	0	5	0	0	6	10	0	14	0	0	5	0	0	0	0	0	0	0	3	0	6
328.800	3	6	13	1	5	0	0	4	6	0	12	0	0	8	0	0	0	0	0	0	0	6	1	6
329.000	3	5	14	1	6	0	0	5	8	3	12	0	0	3	0	0	0	0	0	0	0	8	0	2
329.200	3	5	20	2	8	0	0	9	6	0	16	0	0	4	0	0	0	0	0	0	0	14	1	8
329.400	3	6	21	4	6	0	0	7	2	2	12	0	0	5	0	0	0	0	0	0	0	13	2	6
329.600	6	5	8	1	6	0	0	8	2	2	16	0	0	9	0	0	0	0	0	0	0	9	2	7
329.800	3	5	22	4	8	0	0	6	1	2	17	0	1	0	0	0	0	0	0	0	0	10	5	4
330.000	4	6	14	3	6	0	0	4	2	2	12	0	1	5	0	0	0	0	0	0	1	11	2	0
330.200	4	6	12	3	6	0	0	3	1	3	15	0	1	0	0	0	0	0	0	0	1	11	5	12
330.400	4	5	17	2	9	0	0	6	2	3	14	0	1	3	0	0	0	0	0	0	1	12	9	14
330.600	6	5	17	3	9	0	0	6	0	0	15	0	1	4	0	0	0	0	0	0	0	13	11	8
330.800	3	5	15	1	5	0	0	3	1	4	11	0	0	1	0	0	0	0	0	0	0	11	1	9
331.000	4	5	16	3	9	0	0	8	2	4	8	0	1	2	0	0	0	0	0	0	0	6	1	4
331.200	3	4	13	0	9	0	0	0	2	2	15	0	0	3	0	0	0	0	0	0	0	4	4	5
331.400	4	5	12	1	5	0	0	7	1	2	10	0	1	0	0	0	0	0	0	0	1	12	2	5
331.600	4	5	18	0	5	0	0	7	0	4	8	0	1	0	0	0	0	0	0	0	0	11	4	13
331.800	9	5	15	0	5	0	0	2	3	4	12	0	1	0	0	0	0	0	0	0	0	10	4	14
332.000	3	6	16	2	6	0	0	0	2	5	12	0	1	3	0	0	0	0	0	0	0	12	9	13
332.200	3	5	8	0	6	0	0	0	3	5	9	0	1	3	0	0	0	0	0	0	1	10	1	2
332.400	4	5	14	0	6	0	0	0	2	2	17	0	0	3	0	0	0	0	0	0	1	10	1	9
332.600	5	4	14	1	9	0	0	2	1	4	10	0	1	3	0	0	0	0	0	0	0	8	4	15
332.800	8	5	20	0	7	0	0	7	1	2	12	0	1	3	0	0	0	0	0	0	1	12	4	17
333.000	6	5	14	5	6	0	0	3	1	4	10	0	1	3	0	0	0	0	0	0	2	7	5	11
333.200	5	5	19	3	8	0	0	6	0	2	11	0	1	7	0	0	0	0	0	0	1	12	5	8
333.400	4	5	19	4	5	0	0	6	0	4	10	0	1	5	0	0	0	0	0	0	1	9	1	9
333.600	3	6	17	2	6	0	0	8	1	2	14	0	1	2	0	0	0	0	0	0	1	10	6	9
333.800	6	5	14	1	7	0	0	4	1	2	10	0	2	0	0	0	0	0	0	0	1	9	9	21
334.000	3	6	13	1	7	0	0	5	1	3	14	0	1	1	0	0	0	0	0	0	0	3	5	19
334.200	6	5	19	4	6	0	0	7	1	2	12	0	2	5	0	0	0	0	0	0	1	5	8	8
334.400	5	4	10	2	7	0	0	7	4	5	12	0	2	2	0	0	0	0	0	0	1	13	12	10
334.600	3	4	16	2	4	0	0	3	1	4	17	0	1	2	0	0	0	0	0	0	1	5	5	8
334.800	5	6	18	3	5	0	0	5	1	4	18	0	1	5	0	0	0	0	0	0	0	12	12	10
335.000	7	5	12	1	5	0	0	5	2	5	19	0	1	4	0	0	0	0	0	0	0	8	3	9
335.200	9	5	16	1	4	0	0	4	1	3	12	0	1	4	0	0	0	0	0	0	0	8	8	10
335.400	8	5	15	3	6	0	0	3	0	5	11	0	1	2	0	0	0	0	0	0	0	6	0	16
335.600	5	5	18	1	7	0	0	5	1	4	10	0	2	5	0	0	0	0	0	0	0	8	8	11
335.800	9	5	13	1	5	0	0	4	0	4	13	0	3	3	0	0	0	0	0	0	0	6	2	11
336.000	6	5	14	3	8	0	0	6	5	4	10	0	2	5	0	0	0	0	0	0	1	11	8	6
336.200	4	5	10	2	6	0	0	8	1	3	14	0	1	4	0	0	0	0	0	0	0	12	3	7
336.400	6	5	9	1	7	0	0	7	1	0	15	0	2	5	0	0	0	0	0	0	0	8	0	7
336.600	7	4	10	5	6	0	0	8	2	3	10	0	2	6	0	0	0	0	0	0	1	12	6	12
336.800	5	5	11	6	7	0	0	7	3	2	10	0	2	6	0	0	0	0	0	0	0	3	2	3
337.000	5	7	22	4	6	0	0	5	3	4	17	0	1	4	0	0	0	0	0	0	1	10	4	11
337.200	3	6	11	4	3	0	0	5	5	3	15	0	2	4	0	0	0	0	0	0	0	11	0	4
337.400	3	5	15	4	6	0	0	7	1	3	16	0	2	4	0	0	0	0	0	0	1	11	1	8
337.600	5	5	15	10	7	0	0	8	2	4	15	0	0	5	0	0	0	0	0	0	1	5	4	9
337.800	6	5	9	4	6	0	0	7	2	5	12	0	1	5	0	0	0	0	0	0	1	6	2	7
338.000	5	6	9	1	7	0	0	7	1	3	12	0	0	5	0	0	0	0	0	0	1	12	4	16
338.200	4	5	12	2	3	0	0	4	6	4	13	0	0	4	0	0	0	0	0	0	1	14	5	9
338.400	3	6	11	1	5	0	2	10	6	3	10	0	1	4	0	0	0	0	0	0	0	12	6	18
338.600	3	6	13	3	6	0	0	4	6	1	12	0	2	4	0	0	0	0	0	0	1	16	4	5
338.800	3	5	14	5	6	0	1	10	7	2	13	0	1	1	0	0	0	0	0	0	0	10	0	7
339.000	3	5	8	4	6	0	1	12	11	1	9	0	1	5	0	0	0	0	0	0	0	11	4	8
339.200	6	5	9	6	5	0	0	11	10	3	9	0	0	5	0	0	0	0	0	0	0	14	9	6
339.400	3	6	17	5	7	0	1	6	10	3	12	0	1	6	0	0	0	0	0	3	0	12	5	20
339.600	3	5	14	8	6	0	0	12	10	1	9	0	1	3	0	0	0	0	0	4	0	12	4	21
339.800	3	6	14	5	6	0	0	10	7	0	12	0	1	7	0	0	0	0	0	4	0	15	5	20
340.000	4	5	8	0	5	0	0	10	3	0	10	0	0	7	0	0	0	0	0	4	0	8	0	17
340.200	5	4	9	1	7	0	0	11	6	3	9	0	0	5	0	0	0	0	0	3	0	15	11	10
340.400	3	5	15	3	8	0	1	14	8	3	11	0	0	3	0	0	0	0	0	1	0	6	9	9
340.600	7	5	18	2	7	0	0	15	10	1	6	0	0	9	0	0	0	0	0	2	0	13	13	15
340.800	3	5	9	3	1	0	0	3	7	0	9	0	0	2	0	0	0	0	0	0	0	16	18	12
341.000	4	7	19	8	11	0	0	5	8	3	3	0	1	2	0	0	0	0	0	0	0	16	11	5
341.200	3	5	15	5	8	0	0	10	10	4	6	0	1	4	0	0	0	0	0	0	0	15	18	12
341.400	5	5	13	2	6	0	0	11	16	3	10	0	2	4	0	0	0	0	0	0	0	13	14	7
341.600	3	5	17	4	5	0	0	7	11	2	11	0	2	7	0	0	0	0	0	0	0	14	8	10
341.800	6	5	17	3	8	0	0	8	11	4	7	0	1	4	0	0	0	0	0	0	0	10	8	5
342.000	3	7	10	2	8	0	0	14	11	2	6	0	1	5	0	0	0	0	0	0	0	11	9	22
342.200	6	5	11	1	1	0	0	9	12	0	11	0	0	8	0	0	0	0	0	0	0	8	11	12
342.400	6	5	13	1	0	0	0	10	12	0	7	0	2	7	0	0	0	0	0	0	0	12	8	9
342.600	5	5	10	1	0	0	1	12	8	0	12	0	0	6	0	0	0	0	0	0	0	14	4	5
342.800	6	5	11	6	9	0	0	9	12	0	11	0	1	5	0	0	0	0	0	0	0	9	0	5
343.000	5	5	14	6	11	0	1	10	12	0	12	0	1	4	0	0	0	0	0	0	0	11	2	7
343.200	4	5	9	2	8	0	0	6	11	0	11	0	0	4	0	0	0	0	0	0	1	12	2	9
343.400	3	6	8	4	8	0	2	15	11	0	11	0	1	4	0	0	0	0	0	0	0	9	6	8
343.600	4	6	14	5	7	0	1	8	11	0	11	0	1	4	0	0	0	0	0	0	0	12	6	10
343.800	4	5	17	2	7	0	2	15	11	0	8	0	0	4	0	0	0	0	0	0	0	11	4	6
344.000	7	5	11	2	8	0	2	7	12	0	10	0	0	4	0	0	0	0	0	0	0	10	3	17
344.200	3	6	13	2	7	0	2	11	11	0	11	0	0	5	0	0	0	0	0	0	0	19	4	12
344.400	6	5	14	4	8	0	2	10	10	0	11	0	0	4	0	0	0	0	0	2	0	9	3	4
344.600	4	7	14	2	6	0	0	11	6	0	10	0	0	4	0	0	0	0	0	1	0	9	1	9
344.800	6	5	9	4	6	0	3	10	11	0	7	0	0	4	0	0	0	0	0	2	0	4	2	9
345.000	4	6	12	2	8	0	3	9	10	0	6	0	0	7	0	0	0	0	0	1	0	6	2	4
345.200	5	5	12	7	8	0	4	12	16	0	3	0	0	6	0	0	0	0	0	3	0	4	2	3
345.400	4	5	8	2	7	0	4	8	10	0	9	0	0	6	0	0	0	0	0	2	0	5	2	30
345.600	3	6	11	2	4	0	3	10	16	0	11	0	0	5	0	0	0	0	0	2	0	0	1	10
345.800	8	6	15	4	6	0	4	12	16	0	11	0	0	4	0	0	0	0	0	0	0	3	0	17
346.000	3	5	11	5	4	0	3	10	9	0	12	0	0	4	0	0	0	0	0	3	0	6	0	7
346.200	7	5	12	7	10	0	2	8	14	1	11	0	0	4	0	0	0	0	0	0	0	2	0	2
346.400	4	5	13	6	5	0	1	10	9	0	12	0	0	4	0	0	0	0	0	0	0	2	0	9
346.600	3	6	9	5	11	0	2	8	5	0	12	0	0	4	0	0	0	0	0	0	0	3	0	11
346.800	4	6	12	5	9	0	0	9	11	0	11	0	0	7	0	0	0	0	0	0	0	3	0	5
347.000	4	6	15	3	6	0	1	6	12	0	12	0	0	5	0	0	0	0	0	0	0	3	0	12
347.200	3	5	16	6	10	0	1	10	12	0	14	0	0	3	0	0	0	0	0	0	0	4	2	14
347.400	3	7	13	2	8	0	2	17	15	0	12	0	0	2	0	0	0	0	0	0	0	2	2	25
347.600	4	5	12	0	0	0	2	7	12	0	11	0	0	2	0	0	0	0	0	0	0	5	1	5
347.800	4	6	10	4	8	0	1	12	13	0	11	0	0	3	0	0	0	0	0	0	0	3	0	9
348.000	5	5	10	5	8	0	0	13	13	0	10	0	0	2	0	0	0	0	0	0	0	0	0	5
348.200	4	6	14	2	8	0	5	8	9	0	11	0	0	7	0	0	0	0	0	0	0	1	0	6
348.400	4	5	14	3	8	0	3	11	15	0	13	0	0	5	0	0	0	0	0	4	0	2	1	6
348.600	8	5	14	5	11	0	2	13	11	0	11	0	0	4	0	0	0	0	0	5	0	4	2	15
348.800	5	5	10	2	6	0	2	13	14	0	12	0	0	3	0	0	0	0	0	5	0	1	0	7
349.000	5	5	17	5	12	0	4	10	12	0	11	0	0	3	0	0	0	0	0	4	0	6	2	9
349.200	4	6	8	6	7	0	2	9	10	0	12	0	0	4	0	0	0	0	0	5	0	2	0	11
349.400	4	6	14	5	12	0	1	8	11	1	12	0	0	4	0	0	0	0	0	4	0	7	0	12
349.600	4	6	8	3	7	0	0	12	12	1	11	0	1	6	0	0	0	0	0	3	0	7	0	4
349.800	3	6	13	6	16	0	1	12	9	1	11	0	1	7	0	0	0	0	0	5	0	5	4	14
350.000	5	6	15	5	16	0	1	15	12	0	6	0	0	6	0	0	0	0	0	5	0	7	0	1
350.200	4	5	9	3	12	0	1	11	13	0	11	0	0	6	0	0	0	0	0	5	0	2	0	8
350.400	3	5	17	4	9	0	0	7	16	0	10	0	1	7	0	0	0	0	0	4	0	5	3	21
350.600	7	5	16	5	19	0	0	5	11	0	11	0	0	7	0	0	0	0	0	1	0	4	0	6
350.800	6	5	14	5	4	0	0	7	11	0	5	0	1	7	0	0	0	0	0	6	0	7	1	10
351.000	3	5	16	4	4	0	0	6	11	0	8	0	2	5	0	0	0	0	0	4	0	4	0	12
351.200	5	7	16	5	15	0	1	10	10	0	9	0	1	7	0	0	0	0	0	4	0	6	0	8
351.400	3	6	11	4	10	0	0	8	9	0	12	0	1	8	0	0	0	0	0	5	0	6	0	5
351.600	3	6	13	6	11	0	3	8	10	0	9	0	1	9	0	0	0	0	0	4	0	0	0	12
351.800	7	5	15	3	5	0	0	9	12	0	10	0	1	4	0	0	0	0	0	5	0	9	0	9
352.000	3	5	7	4	3	0	3	10	11	0	13	0	1	5	0	0	0	0	0	8	0	6	0	12
352.200	5	5	7	4	8	0	2	12	12	0	7	0	0	4	0	0	0	0	0	3	0	5	0	12
352.400	5	5	11	4	4	0	1	17	13	1	10	0	0	4	0	0	0	0	0	5	0	4	0	15
352.600	7	5	7	2	6	0	2	12	12	1	14	0	1	6	0	0	0	0	0	4	0	3	0	11
352.800	3	6	14	5	8	0	3	10	9	0	12	0	0	4	0	0	0	0	0	3	0	6	1	12
353.000	6	5	7	2	9	0	3	7	11	0	12	0	1	2	0	0	0	0	0	5	0	0	0	7
353.200	3	6	14	4	9	0	3	9	11	1	6	0	1	3	0	0	0	0	0	5	0	8	0	10
353.400	3	5	13	2	11	0	5	9	14	1	10	0	1	3	0	0	0	0	0	0	0	1	4	15
353.600	3	6	14	7	10	1	5	9	11	0	10	0	0	2	0	0	0	0	0	4	0	3	5	5
353.800	5	5	14	5	9	0	2	7	12	0	10	0	0	4	0	0	0	0	0	2	0	1	0	10
354.000	4	5	18	3	6	0	2	7	12	0	9	0	1	5	0	0	0	0	0	0	0	0	0	18
354.200	3	6	18	5	10	0	1	9	14	0	13	0	1	4	0	0	0	0	0	0	0	8	0	3
354.400	7	7	18	6	7	0	3	9	5	0	6	0	0	4	0	0	0	0	0	6	0	1	3	7
354.600	5	4	7	4	7	0	3	7	12	1	13	0	1	5	0	0	0	0	0	2	0	9	5	13
354.800	4	6	10	2	6	0	2	7	11	0	12	0	1	4	0	0	0	0	0	1	0	8	0	9
355.000	4	6	13	7	13	0	0	8	13	1	12	0	1	4	0	0	0	0	0	0	0	1	0	8
355.200	5	7	7	3	5	0	0	5	9	1	14	0	0	4	0	0	0	0	0	0	0	6	1	2
355.400	7	5	18	6	5	0	2	6	7	0	11	0	1	2	0	0	0	0	0	0	0	2	1	20
355.600	5	6	11	6	7	0	5	5	7	3	18	0	0	4	0	0	0	0	0	0	0	1	0	9
355.800	4	5	16	5	9	0	1	7	12	2	12	0	2	2	0	0	0	0	0	0	0	3	0	11
356.000	6	5	18	3	4	0	2	18	10	2	9	0	1	3	0	0	0	0	0	0	0	8	0	5
356.200	8	5	9	5	7	0	0	7	13	1	18	0	1	4	0	0	0	0	0	0	0	6	0	6
356.400	6	5	7	6	6	0	0	9	8	0	13	0	1	3	0	0	0	0	0	0	0	1	0	6
356.600	4	6	12	5	10	0	0	6	10	0	12	0	1	3	0	0	0	0	0	0	0	1	0	4
356.800	4	7	12	2	10	0	4	5	12	0	13	0	1	4	0	0	0	0	0	0	0	3	1	11
357.000	7	5	8	0	4	0	0	7	7	0	12	0	0	4	0	0	0	0	0	0	0	9	4	15
357.200	4	7	13	6	10	0	0	9	8	3	12	0	1	2	0	0	0	0	0	0	0	6	2	11
357.400	6	5	12	3	12	0	1	7	8	0	12	0	0	3	0	0	0	0	0	0	0	6	2	17
357.600	5	6	15	5	9	0	0	9	12	0	15	0	0	4	0	0	0	0	0	0	0	8	1	9
357.800	4	6	12	5	8	0	0	6	11	0	12	0	0	4	0	0	0	0	0	0	0	3	0	6
358.000	4	5	13	6	9	0	0	6	15	1	12	0	0	3	0	0	0	0	0	0	0	5	0	7
358.200	10	5	13	4	7	0	0	5	11	0	11	0	0	4	0	0	0	0	0	0	0	6	0	16
358.400	5	6	13	2	9	0	0	6	15	0	11	0	1	4	0	0	0	0	0	0	0	7	0	5
358.600	7	5	16	3	9	0	0	7	12	0	11	0	0	4	0	0	0	0	0	0	0	0	1	23
358.800	2	5	25	6	13	0	2	13	14	1	12	0	2	4	0	0	0	0	0	0	0	9	0	16
359.000	7	5	14	6	12	0	0	6	14	0	11	0	1	3	0	0	0	0	0	0	0	7	0	15
359.200	6	4	9	6	9	0	0	2	7	0	14	0	1	4	0	0	0	0	0	0	0	12	3	6
359.400	3	5	14	4	7	0	0	4	6	0	9	0	1	4	0	0	0	0	0	0	0	10	0	5
359.600	8	5	13	4	9	0	0	5	14	0	10	0	2	5	0	0	0	0	0	0	0	12	0	7
359.800	5	5	11	5	5	0	0	5	9	0	12	0	1	1	0	0	0	0	0	0	0	7	3	0
360.000	8	4	10	3	7	0	0	8	9	0	12	0	1	1	0	0	0	0	0	0	0	5	1	10
360.200	7	5	14	4	6	0	0	10	14	0	12	0	1	1	0	0	0	0	0	0	0	9	2	13
360.400	3	7	14	6	4	0	0	2	12	1	13	0	0	1	0	0	0	0	0	0	0	4	5	9
360.600	8	5	12	9	10	0	0	10	10	0	15	0	0	0	0	0	0	0	0	0	1	6	1	10
360.800	5	5	13	5	10	0	2	9	8	1	13	0	1	2	0	0	0	0	0	0	1	4	0	3
361.000	5	5	12	3	10	0	3	13	10	0	12	0	1	0	0	0	0	0	0	0	1	7	0	8
361.200	7	5	8	2	12	0	2	11	11	2	12	0	0	0	0	0	0	0	0	0	0	3	0	3
361.400	6	5	11	3	10	0	1	14	11	1	13	0	1	3	0	0	0	0	0	0	0	6	0	3
361.600	5	6	7	5	7	0	1	10	8	0	10	0	1	2	0	0	0	0	0	0	0	10	3	6
361.800	3	6	17	6	8	0	0	9	11	0	10	0	0	3	0	0	0	0	0	0	2	9	0	11
362.000	5	5	13	2	18	0	0	7	12	0	6	0	0	2	0	0	0	0	0	0	0	6	0	10
362.200	5	6	18	5	12	0	0	4	7	0	11	0	0	2	0	0	0	0	0	0	0	5	3	15
362.400	4	6	18	4	11	0	0	3	10	1	9	0	1	3	0	0	0	0	0	0	0	9	4	13
362.600	7	5	14	4	14	0	0	0	7	0	11	0	0	3	0	0	0	0	0	0	2	8	6	5
362.800	5	6	15	4	7	0	0	3	9	0	12	0	0	4	0	0	0	0	0	0	0	3	0	15
363.000	6	5	11	5	10	0	0	5	7	0	11	0	0	3	0	0	0	0	0	0	0	13	4	9
363.200	7	5	18	4	9	0	0	13	10	0	5	0	0	2	0	0	0	0	0	0	0	11	8	11
363.400	8	6	9	3	7	0	0	9	10	1	12	0	0	3	0	0	0	0	0	0	0	3	8	4
363.600	7	4	8	2	5	0	1	9	11	0	11	0	0	1	0	0	0	0	0	0	0	7	5	14
363.800	6	6	16	5	8	0	4	14	10	0	11	0	0	2	0	0	0	0	0	0	0	5	4	9
364.000	5	6	14	2	9	0	0	7	9	0	12	0	0	1	0	0	0	0	0	0	0	7	1	7
364.200	5	6	11	6	11	0	2	13	12	0	10	0	0	2	0	0	0	0	0	0	0	7	4	16
364.400	5	5	7	3	7	0	1	10	12	0	11	0	0	2	0	0	0	0	0	0	0	4	7	12
364.600	9	5	15	3	6	0	1	12	11	0	9	0	0	2	0	0	0	0	0	0	0	8	1	18
364.800	3	7	17	4	6	0	0	10	10	0	13	0	1	1	0	0	0	0	0	0	0	10	1	18
365.000	5	5	17	3	10	0	0	8	9	0	10	0	1	1	0	0	0	0	0	0	0	3	4	11
365.200	6	5	15	5	9	0	0	7	9	0	7	0	0	1	0	0	0	0	0	0	0	3	0	15
365.400	7	5	14	2	7	0	0	7	8	0	9	0	1	3	0	0	0	0	0	0	0	8	2	5
365.600	3	5	17	4	6	0	0	8	8	0	10	0	0	2	0	0	0	0	0	0	0	11	3	10
365.800	8	5	11	4	10	0	1	11	14	0	7	0	0	1	0	0	0	0	0	0	0	4	4	4
366.000	8	5	16	8	10	0	1	13	15	0	10	0	0	0	0	0	0	0	0	0	0	4	0	14
366.200	6	5	14	2	8	0	1	9	14	0	10	0	0	0	0	0	0	0	0	0	0	3	0	10
366.400	6	7	17	4	10	0	0	9	11	0	6	0	0	0	0	0	0	0	0	0	0	2	0	13
366.600	5	6	14	6	9	0	0	10	13	0	12	0	0	0	0	0	0	0	0	0	0	2	2	15
366.800	5	5	18	3	5	0	1	10	9	0	9	0	0	0	0	0	0	0	0	0	0	2	2	7
367.000	7	5	15	3	8	0	1	6	11	0	12	0	1	3	0	0	0	0	0	0	0	2	2	5
367.200	8	6	7	5	5	0	1	7	10	0	14	0	1	1	0	0	0	0	0	0	0	2	2	4
367.400	4	5	11	5	7	0	1	15	12	0	6	0	1	3	0	0	0	0	0	0	0	3	2	10
367.600	7	5	16	7	7	0	0	8	14	0	17	0	0	4	0	0	0	0	0	0	0	2	2	8
367.800	7	5	16	7	11	0	0	8	13	0	11	0	0	5	0	0	0	0	0	0	0	4	3	14
368.000	6	5	15	5	7	0	0	3	10	0	15	0	2	9	0	0	0	0	0	0	0	10	2	5
368.200	4	6	12	5	7	0	0	6	13	0	13	0	0	5	0	0	0	0	0	0	0	5	4	25
368.400	5	5	14	2	10	0	0	9	10	0	10	0	1	6	0	0	0	0	0	0	0	5	1	24
368.600	5	6	12	7	8	0	0	8	12	0	14	0	0	6	0	0	0	0	0	0	1	8	0	10
368.800	4	6	11	2	3	0	0	11	11	0	18	0	0	5	0	0	0	0	0	0	1	16	3	4
369.000	3	5	12	2	6	0	2	9	10	0	9	0	0	4	0	0	0	0	0	0	1	16	2	14
369.200	8	5	13	3	12	0	3	10	8	0	15	0	0	4	0	0	0	0	0	0	1	4	2	11
369.400	3	5	15	2	9	0	3	9	12	0	17	0	0	2	0	0	0	0	0	0	1	6	0	12
369.600	5	5	15	6	5	0	0	8	9	0	9	0	0	5	0	0	0	0	0	0	1	10	3	10
369.800	8	5	13	3	5	0	2	13	6	0	8	0	0	5	0	0	0	0	0	0	1	3	2	2
370.000	4	5	11	5	5	0	2	8	16	1	3	0	0	5	0	0	0	0	0	0	2	11	0	3
370.200	7	5	11	4	8	0	0	7	12	0	13	0	0	6	0	0	0	0	0	0	1	7	0	8
370.400	6	5	14	2	10	0	0	8	11	0	10	0	0	5	0	0	0	0	0	0	1	6	2	13
370.600	9	5	10	2	8	0	1	14	11	0	14	0	2	5	0	0	0	0	0	0	1	8	3	8
370.800	6	5	6	5	11	0	2	12	12	0	9	0	0	5	0	0	0	0	0	0	1	9	2	11
371.000	3	6	9	6	12	0	1	9	13	0	6	0	1	5	0	0	0	0	0	0	0	1	5	16
371.200	6	5	8	6	7	0	2	12	9	0	11	0	0	5	0	0	0	0	0	0	0	10	3	20
371.400	2	5	8	4	9	0	2	17	10	0	11	0	0	5	0	0	0	0	0	0	1	12	3	8
371.600	7	6	14	5	14	0	1	10	12	0	14	0	0	5	0	0	0	0	0	0	0	10	2	17
371.800	6	5	15	7	15	0	2	10	11	0	12	0	0	4	0	0	0	0	0	0	0	10	5	10
372.000	4	6	11	3	9	0	0	13	12	0	13	0	0	5	0	0	0	0	0	0	0	2	6	11
372.200	10	6	16	2	10	0	0	14	12	0	15	0	0	5	0	0	0	0	0	0	1	14	1	5
372.400	3	5	13	4	6	0	0	10	9	0	15	0	0	6	0	0	0	0	0	0	0	9	0	8
372.600	5	6	16	5	8	0	0	6	10	0	8	0	0	8	0	0	0	0	0	0	1	11	0	5
372.800	5	5	14	6	8	0	2	14	10	0	9	0	0	5	0	0	0	0	0	0	0	10	0	3
373.000	5	5	15	8	9	0	1	14	15	0	13	0	0	5	0	0	0	0	0	0	0	8	11	11
373.200	8	5	14	3	9	0	1	14	16	0	12	0	0	4	0	0	0	0	0	0	0	11	6	11
373.400	5	6	14	2	9	0	1	8	11	0	6	0	0	5	0	0	0	0	0	0	0	13	10	17
373.600	6	5	17	2	5	0	0	7	10	0	8	0	0	3	0	0	0	0	0	0	0	11	8	11
373.800	7	5	13	6	13	0	0	9	15	0	12	0	0	2	0	0	0	0	0	0	0	11	8	9
374.000	6	5	13	5	12	0	2	15	10	0	11	0	0	5	0	0	0	0	0	0	1	9	6	10
374.200	5	5	14	4	13	0	0	11	14	0	7	0	0	4	0	0	0	0	0	0	1	12	4	14
374.400	6	5	10	3	9	0	2	11	11	0	17	0	0	5	0	0	0	0	0	0	1	12	6	14
374.600	7	5	13	1	11	0	4	17	15	0	17	0	0	3	0	0	0	0	0	0	0	9	9	10
374.800	7	6	10	5	10	0	3	16	14	0	10	0	0	6	0	0	0	0	0	0	0	10	7	11
375.000	5	6	8	4	9	0	3	9	11	0	12	0	0	4	0	0	0	0	0	0	1	9	4	5
375.200	5	5	11	6	8	0	4	9	14	0	12	0	0	4	0	0	0	0	0	0	0	12	11	6
375.400	4	5	8	4	8	0	4	9	11	0	12	0	0	2	0	0	0	0	0	0	1	10	4	15
375.600	7	4	6	2	11	0	3	13	10	0	14	0	0	4	0	0	0	0	0	0	0	11	8	13
375.800	5	6	8	2	8	0	3	12	12	0	11	0	0	3	0	0	0	0	0	0	1	10	5	9
376.000	6	6	9	3	10	0	4	10	13	0	10	0	0	4	0	0	0	0	0	0	0	13	7	12
376.200	4	6	7	5	8	0	3	16	16	0	12	0	0	4	0	0	0	0	0	0	0	11	9	8
376.400	9	4	8	7	9	0	3	9	12	0	11	0	0	3	0	0	0	0	0	0	0	8	6	13
376.600	7	5	6	4	10	0	3	11	15	0	11	0	0	4	0	0	0	0	0	0	0	9	6	20
376.800	7	5	6	4	14	0	3	12	15	0	11	0	0	2	0	0	0	0	0	0	0	12	1	13
377.000	7	6	6	2	6	0	2	13	17	0	10	0	0	5	0	0	0	0	0	0	1	6	1	9
377.200	8	3	5	3	13	0	4	11	11	0	14	0	0	6	0	0	0	0	0	0	1	12	3	10
377.400	3	7	6	5	8	0	2	13	13	0	12	0	0	3	0	0	0	0	0	0	0	10	11	12
377.600	8	4	6	3	8	0	3	14	18	0	12	0	0	3	0	0	0	0	0	0	0	10	5	19
377.800	6	5	7	5	11	0	2	10	13	0	11	0	0	2	0	0	0	0	0	0	0	6	2	11
378.000	3	6	11	5	7	0	3	14	13	0	14	0	0	0	0	0	0	0	0	0	0	10	2	10
378.200	4	5	8	4	10	0	4	10	19	0	10	0	0	0	0	0	0	0	0	0	0	9	0	10
378.400	9	4	4	3	10	0	3	9	16	0	12	0	0	0	0	0	0	0	0	0	1	11	8	10
378.600	3	5	7	4	9	0	2	14	13	0	11	0	0	0	0	0	0	0	0	0	1	9	7	13
378.800	9	4	6	6	8	0	3	10	14	0	10	0	0	0	0	0	0	0	0	0	1	11	5	6
379.000	8	3	6	4	9	0	4	10	16	0	11	0	0	0	0	0	0	0	0	0	0	5	4	13
379.200	10	1	5	5	7	0	3	15	11	0	12	0	0	0	0	0	0	0	0	0	1	13	2	11
379.400	6	5	7	5	6	0	3	14	16	0	8	0	0	0	0	0	0	0	0	0	0	7	3	17
379.600	5	5	6	3	10	0	2	8	15	0	14	0	0	0	0	0	0	0	0	0	1	9	0	11
379.800	8	2	4	4	10	0	1	15	15	0	11	0	0	0	0	0	0	0	0	0	1	11	6	13
380.000	6	5	6	6	9	0	2	15	14	0	9	0	0	0	0	0	0	0	0	0	0	11	5	16
380.200	6	2	2	4	10	0	2	11	9	0	12	0	0	0	0	0	0	0	0	0	1	12	6	22
380.400	10	2	4	6	11	0	2	9	14	0	12	0	0	0	0	0	0	0	0	0	0	12	1	15
380.600	9	2	3	3	11	0	2	13	14	0	10	0	0	0	0	0	0	0	0	0	0	13	2	7
380.800	4	6	7	7	10	0	2	15	20	0	15	0	0	0	0	0	0	0	0	0	0	15	0	11
381.000	4	5	7	5	9	0	4	10	20	0	12	0	0	0	0	0	0	0	0	0	0	13	0	16
381.200	2	5	7	4	9	0	3	9	19	1	12	0	1	0	0	0	0	0	0	0	1	11	5	11
381.400	5	5	8	4	11	0	3	8	17	0	14	0	0	0	0	0	0	0	0	0	1	11	6	12
381.600	10	5	7	2	6	1	2	6	18	0	11	0	1	0	0	0	0	0	0	0	1	13	15	16
381.800	6	4	7	3	9	0	2	8	28	0	14	0	0	0	0	0	0	0	0	0	0	17	10	16
382.000	11	5	7	3	7	2	4	11	21	0	14	0	0	0	0	0	0	0	0	0	0	8	0	3
382.200	7	5	5	2	11	2	2	8	12	0	9	0	0	0	0	0	0	0	0	0	0	15	1	6
382.400	6	3	8	4	8	1	0	13	13	0	12	0	0	0	0	0	0	0	0	0	0	12	4	6
382.600	6	4	7	2	5	0	0	11	10	0	10	0	0	0	0	0	0	0	0	0	0	10	3	2
382.800	5	5	6	7	15	2	2	11	9	0	9	0	0	0	0	0	0	0	0	0	1	15	2	6
383.000	4	6	9	2	8	0	3	11	11	0	9	0	0	0	0	0	0	0	0	0	0	10	0	5
383.200	5	6	3	5	10	0	1	10	10	0	13	0	0	0	0	0	0	0	0	0	0	11	4	11
383.400	9	5	9	6	7	0	1	7	5	0	12	0	0	0	0	0	0	0	0	0	0	11	0	5
383.600	7	3	5	5	6	0	2	11	8	1	12	0	0	0	0	0	0	0	0	0	0	13	0	3
383.800	5	6	8	5	13	0	3	9	4	0	16	0	1	0	0	0	0	0	0	0	0	10	0	15
384.000	4	3	7	6	10	0	3	6	7	0	15	0	0	0	0	0	0	0	0	0	0	10	2	12
384.200	5	6	7	6	8	0	3	9	9	0	14	0	0	0	0	0	0	0	0	0	1	11	2	2
384.400	5	3	7	8	14	0	3	12	13	0	1	0	0	0	0	0	0	0	0	0	1	7	2	11
384.600	9	6	9	6	10	0	4	12	9	0	13	0	0	0	0	0	0	0	0	0	1	6	1	11
384.800	11	5	8	5	9	0	2	10	17	1	16	0	0	0	0	0	0	0	0	0	1	14	6	17
385.000	7	4	3	3	9	0	3	14	9	0	11	0	0	0	0	0	0	0	0	0	1	16	2	6
385.200	6	4	9	6	7	0	1	12	11	0	7	0	0	0	0	0	0	0	0	0	1	11	3	17
385.400	8	4	4	2	13	0	0	6	12	0	12	0	0	0	0	0	0	0	0	0	1	16	2	6
385.600	5	3	4	4	9	0	3	11	16	0	11	0	0	0	0	0	0	0	0	0	0	11	2	12
385.800	7	5	10	5	11	0	3	15	21	0	8	0	0	0	0	0	0	0	0	0	0	10	4	6
386.000	9	6	9	4	9	0	2	14	13	0	5	0	0	0	0	0	0	0	0	0	0	4	3	16
386.200	3	5	7	6	8	0	2	13	16	0	9	0	0	0	0	0	0	0	0	0	1	4	2	13
386.400	7	2	7	6	5	0	2	8	13	0	1	0	0	0	0	0	0	0	0	0	0	11	0	10
386.600	5	5	7	4	9	0	3	18	15	0	11	0	0	0	0	0	0	0	0	0	2	10	3	15
386.800	9	4	1	2	9	0	4	9	8	0	15	0	0	0	0	0	0	0	0	0	2	10	3	16
387.000	6	5	2	2	7	0	4	9	9	0	12	0	1	0	0	0	0	0	0	0	0	6	1	16
387.200	8	4	1	4	12	0	3	16	10	0	14	0	0	0	0	0	0	0	0	0	0	11	0	5
387.400	6	5	4	2	5	0	3	9	10	0	12	0	0	0	0	0	0	0	0	0	2	13	2	17
387.600	9	5	2	2	7	0	2	9	17	0	12	0	0	0	0	0	0	0	0	0	0	4	2	17
387.800	14	4	2	2	7	0	3	13	8	0	14	0	0	0	0	0	0	0	0	0	1	9	0	10
388.000	10	4	2	2	10	0	0	11	11	0	11	0	1	0	0	0	0	0	0	0	0	6	1	10
388.200	4	5	1	4	8	0	2	13	9	0	17	0	1	0	0	0	0	0	0	0	0	9	3	5
388.400	4	7	2	2	8	0	1	10	10	0	12	0	1	0	0	0	0	0	0	0	0	7	1	11
388.600	4	6	1	2	8	0	2	8	13	0	12	0	2	0	0	0	0	0	0	0	0	7	1	3
388.800	10	4	2	3	8	0	3	12	10	0	12	0	0	0	0	0	0	0	0	0	0	10	7	13
389.000	3	5	3	6	10	2	3	14	12	0	7	0	0	0	0	0	0	0	0	0	0	12	5	18
389.200	9	4	3	2	9	0	2	15	10	0	10	0	0	0	0	0	0	0	0	0	0	7	4	9
389.400	8	3	2	2	14	2	3	8	13	0	12	0	0	0	0	0	0	0	0	0	0	9	4	16
389.600	2	0	1	5	18	2	2	9	15	0	9	0	0	0	0	0	0	0	0	0	0	11	2	17
389.800	11	3	3	5	20	2	3	11	8	0	6	0	0	0	0	0	0	0	0	0	0	6	0	10
390.000	8	3	2	3	14	2	3	7	13	0	13	0	0	0	0	0	0	0	0	0	0	12	1	5
390.200	15	0	1	2	20	2	3	11	13	0	8	0	0	0	0	0	0	0	0	0	0	13	3	12
390.400	8	0	0	0	12	3	3	8	9	0	11	0	0	0	0	0	0	0	0	0	0	12	7	7
390.600	11	0	2	2	19	2	3	10	13	0	8	0	0	0	0	0	0	0	0	0	0	12	5	12
390.800	15	0	0	2	21	2	4	10	14	0	10	0	0	0	0	0	0	0	0	0	0	12	3	14
391.000	19	0	0	2	22	2	4	9	14	0	10	0	0	0	0	0	0	0	0	0	0	10	2	9
391.200	15	1	3	2	23	3	3	11	12	0	10	0	0	0	0	0	0	0	0	0	0	13	8	7
391.400	6	5	5	2	18	2	3	9	15	0	7	0	0	0	0	0	0	0	0	0	0	11	4	13
391.600	10	5	2	2	15	0	2	8	10	0	13	0	0	0	0	0	0	0	0	0	0	7	2	10
391.800	9	0	1	2	21	1	2	13	15	0	12	0	0	0	0	0	0	0	0	0	0	8	0	11
392.000	14	0	2	2	15	0	3	9	15	0	12	0	0	0	0	0	0	0	0	0	1	13	4	6
392.200	8	0	0	2	26	2	2	11	10	0	9	0	0	0	0	0	0	0	0	0	0	16	1	15
392.400	12	0	0	2	17	0	2	11	14	0	13	0	0	0	0	0	0	0	0	0	0	8	4	12
392.600	11	0	0	3	16	0	0	9	8	0	12	0	0	0	0	0	0	0	0	0	0	9	5	14
392.800	8	0	1	2	18	1	4	10	14	0	12	0	0	0	0	0	0	0	0	0	0	12	5	20
393.000	4	0	1	2	22	2	2	8	11	0	12	0	0	3	0	0	0	0	0	0	0	8	0	11
393.200	10	0	2	2	17	2	2	14	11	1	13	0	0	1	0	0	0	0	0	0	0	8	1	20
393.400	12	0	0	2	22	2	3	12	20	0	12	0	0	2	0	0	0	0	0	0	0	9	3	14
393.600	9	0	2	2	19	1	2	14	12	0	11	0	0	4	0	0	0	0	0	0	0	9	2	9
393.800	10	0	1	2	17	0	2	10	13	0	12	0	0	0	0	0	0	0	0	0	0	10	2	9
394.000	15	0	0	2	20	0	2	9	12	0	10	0	0	2	0	0	0	0	0	0	0	11	0	10
394.200	9	0	1	2	18	1	3	8	6	0	13	0	0	0	0	0	0	0	0	0	0	4	1	11
394.400	17	0	2	2	24	1	2	7	14	0	13	0	0	2	0	0	0	0	0	0	0	3	0	15
394.600	13	0	1	2	11	0	2	10	10	0	11	0	0	2	0	0	0	0	0	0	0	5	0	15
394.800	13	0	2	2	27	2	3	12	10	0	10	0	0	2	0	0	0	0	0	0	0	2	1	19
395.000	8	0	1	2	23	0	3	10	15	0	8	0	0	3	0	0	0	0	0	0	0	2	0	21
395.200	13	0	2	2	23	1	2	8	13	0	13	0	0	3	0	0	0	0	0	0	0	3	2	19
395.400	15	0	2	2	18	1	3	14	12	0	6	0	0	4	0	0	0	0	0	0	0	5	2	6
395.600	10	0	2	2	17	0	2	15	14	0	10	0	0	2	0	0	0	0	0	0	0	6	0	10
395.800	11	0	2	4	16	1	2	9	13	0	11	0	0	2	0	0	0	0	0	0	0	4	2	17
396.000	13	0	1	2	25	2	2	10	13	0	5	0	0	3	0	0	0	0	0	0	0	10	2	5
396.200	9	0	1	2	27	2	3	10	11	0	11	0	0	2	0	0	0	0	0	0	0	11	1	13
396.400	9	0	0	2	23	2	4	14	9	0	14	0	0	0	0	0	0	0	0	0	0	4	2	11
396.600	9	0	0	2	23	2	2	11	11	0	9	0	0	0	0	0	0	0	0	0	0	8	0	11
396.800	13	0	0	2	28	1	2	10	9	0	12	0	0	0	0	0	0	0	0	0	0	8	0	17
397.000	11	0	2	2	25	2	3	12	12	1	14	0	0	1	0	0	0	0	0	0	0	8	0	8
397.200	13	0	0	2	26	2	3	18	15	0	12	0	0	1	0	0	0	0	0	0	0	9	0	13
397.400	14	0	0	2	25	3	3	11	10	0	8	0	0	3	0	0	0	0	0	0	0	7	4	16
397.600	12	0	0	2	25	2	3	16	11	0	6	0	0	3	0	0	0	0	0	0	0	9	3	13
397.800	8	0	0	2	24	2	3	12	6	0	12	0	0	3	0	0	0	0	0	0	0	11	2	10
398.000	15	0	0	2	26	2	1	11	9	1	13	0	0	5	0	0	0	0	0	0	0	10	1	12
398.200	15	0	1	2	24	2	3	12	11	0	12	0	0	6	0	0	0	0	0	0	0	4	2	12
398.400	8	0	1	2	24	2	3	14	11	1	12	0	0	6	0	0	0	0	0	0	0	9	2	7
398.600	9	0	2	2	23	2	4	13	13	1	12	0	0	5	0	0	0	0	0	0	0	5	0	8
398.800	10	0	2	2	20	1	3	16	9	1	6	0	0	3	0	0	0	0	0	0	0	7	2	7
399.000	11	0	0	2	23	2	2	8	8	1	9	0	0	4	0	0	0	0	0	0	0	6	0	7
399.200	8	0	1	2	26	2	3	12	11	0	5	0	0	3	0	0	0	0	0	0	0	10	2	18
399.400	8	0	1	2	23	3	3	8	10	0	10	0	0	1	0	0	0	0	0	0	0	4	0	11
399.600	17	0	1	2	22	2	4	11	15	0	11	0	0	2	0	0	0	0	0	0	0	12	2	18
399.800	12	0	1	2	22	2	3	9	9	0	9	0	0	4	0	0	0	0	0	0	0	5	0	13
400.000	14	0	1	2	17	2	2	12	10	1	12	0	0	1	0	0	0	0	0	0	0	2	0	14
400.200	13	0	2	2	18	2	4	16	13	1	10	0	0	0	0	0	0	0	0	0	0	7	0	9
400.400	2	0	1	5	17	2	4	13	13	1	8	0	0	0	0	0	0	0	0	0	0	4	0	10
400.600	11	0	1	2	27	2	3	10	11	0	10	0	0	0	0	0	0	0	0	0	0	5	0	18
400.800	11	0	1	2	21	2	2	13	10	0	7	0	0	0	0	0	0	0	0	0	0	7	3	11
401.000	6	0	0	2	17	2	3	18	13	1	10	0	0	0	0	0	0	0	0	0	0	5	3	12
401.200	12	0	0	4	23	2	1	12	11	1	11	0	0	0	0	0	0	0	0	0	0	2	3	8
401.400	6	0	0	2	24	2	3	9	8	0	10	0	0	0	0	0	0	0	0	0	0	6	2	19
401.600	4	0	1	2	19	2	3	8	10	0	12	0	0	0	0	0	0	0	0	0	0	8	1	8
401.800	4	0	0	2	22	3	3	10	10	1	9	0	0	0	0	0	0	0	0	0	0	4	0	7
402.000	2	0	0	2	25	3	4	13	12	1	12	0	0	0	0	0	0	0	0	0	0	10	1	13
402.200	10	0	1	2	25	2	3	14	9	0	12	0	0	0	0	0	0	0	0	0	0	9	0	9
402.400	3	0	2	2	18	2	4	14	13	0	11	0	0	0	0	0	0	0	0	0	0	3	0	13
402.600	1	0	0	2	22	4	4	19	11	1	10	0	0	0	0	0	0	0	0	0	0	7	0	7
402.800	2	0	0	1	19	2	3	12	13	0	12	0	0	0	0	0	0	0	0	0	0	2	0	9
403.000	10	0	0	2	23	2	2	12	13	0	11	0	0	0	0	0	0	0	0	0	0	3	6	9
403.200	3	0	2	2	19	2	3	10	10	0	14	0	0	0	0	0	0	0	0	0	0	3	3	10
403.400	3	0	0	2	20	1	4	13	6	0	14	0	0	0	0	0	0	0	0	0	0	2	0	13
403.600	10	0	1	2	23	2	1	15	15	0	12	0	0	0	0	0	0	0	0	0	0	2	5	9
403.800	7	0	2	2	25	2	3	11	11	0	13	0	0	0	0	0	0	0	0	0	0	3	0	13
404.000	3	0	0	2	19	2	1	7	6	0	13	0	0	0	0	0	0	0	0	0	0	2	5	8
404.200	8	0	2	2	24	2	3	7	5	0	8	0	0	0	0	0	0	0	0	0	0	2	3	19
404.400	2	0	0	2	24	2	3	5	3	0	12	0	0	0	0	0	0	0	0	0	0	3	4	8
404.600	5	0	0	2	21	2	2	10	6	0	16	0	0	0	0	0	0	0	0	0	0	0	0	9
404.800	3	0	0	2	26	3	3	15	4	0	9	0	0	0	0	0	0	0	0	0	0	0	0	8
405.000	1	0	0	2	24	2	2	12	11	0	10	0	0	0	0	0	0	0	0	0	0	0	2	7
405.200	7	0	0	2	21	3	1	10	8	1	10	0	0	0	0	0	0	0	0	0	0	0	0	6
405.400	11	0	0	5	30	3	4	11	9	0	9	0	0	0	0	0	0	0	0	0	0	0	0	4
405.600	12	0	0	2	22	3	2	11	10	0	8	0	0	0	0	0	0	0	0	0	0	0	0	4
405.800	2	0	0	2	13	4	5	10	7	0	11	0	0	0	0	0	0	0	0	0	0	0	0	0
406.000	7	0	0	5	23	2	0	11	10	0	11	0	0	0	0	0	0	0	0	0	0	2	0	0
406.200	4	0	0	2	17	1	2	10	12	0	9	0	0	0	0	0	0	0	0	0	0	4	0	0
406.400	6	0	0	6	26	2	0	7	8	0	13	0	0	0	0	0	0	0	0	0	0	5	0	0
406.600	5	0	0	3	21	2	5	10	15	1	5	0	0	0	0	0	0	0	0	0	0	0	0	0
406.800	7	0	0	6	17	2	3	7	9	0	8	0	0	0	0	0	0	0	0	0	0	4	0	0
407.000	2	0	0	2	21	1	4	12	8	0	12	0	0	0	0	0	0	0	0	0	0	1	0	0
407.200	10	0	0	7	16	1	4	11	14	0	9	0	0	0	0	0	0	0	0	0	0	5	0	0
407.400	5	0	0	6	24	0	1	12	5	0	10	0	0	0	0	0	0	0	0	0	0	5	0	0
407.600	5	0	0	4	16	0	4	9	6	0	11	0	0	0	0	0	0	0	0	0	0	4	0	0
407.800	7	0	0	3	22	1	3	2	2	0	12	0	0	0	0	0	0	0	0	0	0	4	0	6
408.000	10	0	0	2	18	1	2	10	6	0	10	0	0	0	0	0	0	0	0	0	0	5	0	6
408.200	11	0	0	2	25	1	2	8	8	0	8	0	0	0	0	0	0	0	0	0	0	3	0	3
408.400	18	0	0	2	24	1	0	7	10	0	11	0	0	0	0	0	0	0	0	0	0	5	0	5
408.600	12	0	0	2	24	2	2	9	12	0	12	0	0	0	0	0	0	0	0	0	0	3	0	2
408.800	11	0	0	4	24	2	2	8	9	0	7	0	0	0	0	0	0	0	0	0	0	2	0	2
409.000	12	1	0	2	29	1	3	12	8	0	6	0	0	0	0	0	0	0	0	0	0	1	0	1
409.200	9	0	0	2	20	1	3	10	9	0	10	0	0	0	0	0	0	0	0	0	0	3	0	0
409.400	13	0	0	4	25	2	2	13	10	0	6	0	0	0	0	0	0	0	0	0	0	1	0	5
409.600	5	0	0	6	21	1	2	11	14	0	5	0	0	0	0	0	0	0	0	0	0	5	0	2
409.800	11	0	0	2	21	2	1	11	12	0	10	0	0	0	0	0	0	0	0	0	0	2	0	0
410.000	8	0	0	6	23	0	2	13	14	0	9	0	0	0	0	0	0	0	0	0	0	5	0	3
410.200	5	0	0	4	21	2	2	7	6	0	8	0	0	0	0	0	0	0	0	0	0	1	0	3
410.400	9	0	0	3	28	1	2	12	13	0	11	0	0	0	0	0	0	0	0	0	0	3	1	7
410.600	7	0	0	2	27	4	2	9	8	0	11	0	0	0	0	0	0	0	0	0	0	4	1	12
410.800	0	0	0	5	21	2	2	12	10	0	7	0	0	0	0	0	0	0	0	0	0	5	0	13
411.000	0	0	0	2	22	4	4	9	15	0	9	0	0	0	0	0	0	0	0	0	0	2	4	2
411.200	0	0	0	3	26	2	2	9	12	1	11	0	0	0	0	0	0	0	0	0	0	3	3	25
411.400	0	0	0	2	17	2	2	11	5	0	13	0	0	0	0	0	0	0	0	0	0	1	3	5
411.600	0	0	0	3	22	4	2	10	3	0	9	0	0	0	0	0	0	0	0	0	0	3	1	18
411.800	0	0	0	2	22	3	2	13	4	0	10	0	0	0	0	0	0	0	0	0	0	2	0	2
412.000	0	0	0	4	28	7	2	8	5	0	10	0	0	0	0	0	0	0	0	0	0	3	2	13
412.200	0	0	0	2	22	3	2	7	3	0	11	0	0	0	0	0	0	0	0	0	0	1	4	10
412.400	0	0	0	2	22	4	2	8	2	0	10	0	0	0	0	0	0	0	0	0	0	2	2	12
412.600	0	0	0	2	22	7	2	7	3	0	15	0	0	0	0	0	0	0	0	0	0	0	0	14
412.800	0	0	0	2	26	6	2	8	4	0	12	0	0	0	0	0	0	0	0	0	0	1	1	8
413.000	0	0	0	6	28	4	2	10	4	0	9	0	0	0	0	0	0	0	0	0	0	0	1	8
413.200	0	0	0	2	30	4	2	6	2	0	12	0	0	0	0	0	0	0	0	0	0	0	3	10
413.400	0	0	0	4	25	6	2	7	4	0	14	0	0	0	0	0	0	0	0	0	0	0	0	10
413.600	0	0	0	2	17	7	2	12	3	0	15	0	0	0	0	0	0	0	0	0	0	0	1	11
413.800	0	0	0	2	22	2	2	11	4	0	12	0	0	0	0	0	0	0	0	0	0	0	0	12
414.000	0	0	0	3	19	4	0	9	3	0	15	0	0	3	0	0	0	0	0	0	0	0	0	0
414.200	0	0	0	2	16	4	2	16	6	0	12	0	0	3	0	0	0	0	0	0	0	0	0	3
414.400	0	0	0	2	23	7	2	10	5	0	12	0	0	3	0	0	0	0	0	0	0	0	0	1
414.600	0	0	0	2	25	2	2	11	3	0	12	0	0	3	0	0	0	0	0	0	0	0	0	2
414.800	0	0	0	2	9	4	2	8	4	0	11	0	0	1	0	0	0	0	0	0	0	0	0	6
415.000	0	0	0	2	23	8	1	12	5	0	9	0	0	3	0	0	0	0	0	0	0	0	0	9
415.200	0	0	0	3	12	3	2	10	5	0	14	0	0	3	0	0	0	0	0	0	0	0	0	9
415.400	0	0	0	2	19	2	2	10	2	0	11	0	0	1	0	0	0	0	0	0	0	0	0	9
415.600	0	0	0	2	20	4	2	10	3	0	12	0	0	4	0	0	0	0	0	0	0	0	0	5
415.800	0	0	0	2	21	4	2	11	3	0	10	0	0	3	0	0	0	0	0	0	0	0	0	7
416.000	0	0	0	2	20	1	2	9	4	0	12	0	0	4	0	0	0	0	0	0	0	0	0	9
416.200	0	0	0	2	25	2	1	8	2	0	13	0	0	3	0	0	0	0	0	0	0	1	1	7
416.400	0	0	0	2	29	2	2	7	2	0	13	0	0	3	0	0	0	0	0	0	0	0	0	8
416.600	0	0	0	3	27	4	2	10	3	0	13	0	0	3	0	0	0	0	0	0	0	2	0	14
416.800	0	0	0	2	30	4	2	11	3	0	12	0	0	2	0	0	0	0	0	0	0	3	3	9
417.000	0	0	0	2	26	4	2	12	3	0	12	0	0	4	0	0	0	0	0	0	0	3	3	12
417.200	0	0	0	2	26	4	2	11	5	0	13	0	0	3	0	0	0	0	0	0	0	2	3	10
417.400	0	0	0	2	26	2	2	9	3	0	6	0	0	0	0	0	0	0	0	0	0	7	4	13
417.600	0	0	0	2	21	2	2	9	2	0	16	0	0	0	0	0	0	0	0	0	0	4	4	10
417.800	0	0	0	2	27	4	2	7	2	0	13	0	0	1	0	0	0	0	0	0	0	6	3	12
418.000	0	0	0	2	25	4	3	10	5	0	11	0	0	0	0	0	0	0	0	0	0	4	1	12
418.200	0	0	0	2	23	2	2	11	7	0	11	0	0	0	0	0	0	0	0	0	0	4	2	8
418.400	0	0	0	2	28	3	2	10	5	0	13	0	0	0	0	0	0	0	0	0	0	5	0	11
418.600	0	0	0	5	31	2	3	8	2	0	13	0	0	0	0	0	0	0	0	0	0	3	2	14
418.800	0	0	0	2	24	0	2	8	4	0	11	0	0	5	0	0	0	0	0	0	0	5	4	13
419.000	0	0	0	2	31	0	0	8	6	0	6	0	0	6	0	0	0	0	0	0	0	2	3	4
419.200	0	0	0	2	29	2	2	10	2	0	13	0	0	7	0	0	0	0	0	0	0	4	1	7
419.400	0	0	0	4	28	4	2	8	2	0	10	0	0	5	0	0	0	0	0	0	0	6	1	3
419.600	0	0	0	2	22	4	3	13	6	0	11	0	0	3	0	0	0	0	0	0	0	6	1	10
419.800	0	0	0	4	24	2	2	9	2	0	10	0	0	4	0	0	0	0	0	0	0	3	3	18
420.000	0	0	0	2	20	0	0	8	6	0	11	0	0	3	0	0	0	0	0	0	0	1	0	13
420.200	0	0	0	2	20	0	2	8	4	0	10	0	0	5	0	0	0	0	0	0	0	2	1	19
420.400	0	0	0	2	26	3	3	8	3	0	5	0	0	5	0	0	0	0	0	0	0	5	0	11
420.600	0	0	0	2	26	4	2	8	2	0	5	0	0	2	0	0	0	0	0	0	0	5	1	7
420.800	0	0	0	2	25	2	2	10	3	0	6	0	0	4	0	0	0	0	0	0	0	4	0	6
421.000	0	0	0	2	25	5	2	12	5	0	9	0	0	6	0	0	0	0	0	0	0	4	0	13
421.200	0	0	0	2	22	2	2	15	4	0	8	0	0	3	0	0	0	0	0	0	0	4	2	15
421.400	0	0	0	2	33	3	0	7	2	0	12	0	0	3	0	0	0	0	0	0	0	4	0	9
421.600	0	0	0	2	27	2	0	11	8	0	5	0	0	4	0	0	0	0	0	0	0	8	3	9
421.800	0	0	0	2	30	3	2	11	11	1	12	0	0	3	0	0	0	0	0	0	0	3	2	11
422.000	0	0	0	5	20	3	2	9	10	1	10	0	0	4	0	0	0	0	0	0	0	4	9	26
422.200	0	0	0	4	19	4	3	13	8	0	7	0	0	3	0	0	0	0	0	0	0	7	8	16
422.400	2	0	0	2	28	3	2	9	15	0	13	0	0	0	0	0	0	0	0	0	0	6	7	13
422.600	1	0	0	4	25	2	2	8	7	0	8	0	0	0	0	0	0	0	0	0	0	12	9	18
422.800	5	0	0	4	24	2	2	12	12	0	11	0	0	3	0	0	0	0	0	0	0	6	7	16
423.000	2	0	0	2	16	3	2	11	12	0	9	0	0	3	0	0	0	0	0	0	0	4	9	20
423.200	5	0	0	3	24	4	2	12	14	1	12	0	0	3	0	0	0	0	1	0	0	7	9	12
423.400	6	0	0	2	25	1	2	10	3	0	12	0	0	3	0	0	0	0	0	0	0	4	5	11
423.600	3	0	0	2	22	2	2	9	7	0	14	0	0	4	0	0	0	0	0	0	0	6	10	11
423.800	2	0	0	6	27	3	2	8	13	0	12	0	0	3	0	0	0	0	0	0	0	3	6	17
424.000	2	0	0	2	25	1	2	12	11	0	8	0	0	4	0	0	0	0	0	0	0	3	2	3
424.200	5	0	0	2	26	2	2	12	13	0	11	0	0	5	0	0	0	0	0	0	0	5	3	20
424.400	3	0	1	2	24	2	2	10	15	0	11	0	0	4	0	0	0	0	0	0	0	7	7	13
424.600	6	0	3	6	27	4	3	14	15	0	12	0	0	5	0	0	0	0	0	0	0	6	4	8
424.800	6	0	1	3	29	2	2	11	15	0	10	0	0	4	0	0	0	0	0	0	0	7	1	8
425.000	6	0	0	2	27	4	4	10	10	0	10	0	0	4	0	0	0	0	1	0	0	7	0	6
425.200	6	0	0	2	26	5	3	13	9	0	12	0	0	2	0	0	0	0	0	0	0	9	7	15
425.400	3	0	0	2	23	4	4	11	9	0	5	0	0	2	0	0	0	0	0	0	0	6	8	12
425.600	2	0	0	2	33	4	2	13	9	0	11	0	0	2	0	0	0	0	0	0	0	10	6	13
425.800	0	0	0	5	27	4	2	9	10	0	9	0	0	2	0	0	0	0	0	0	0	7	4	15
426.000	0	0	0	4	27	2	2	10	8	0	11	0	0	3	0	0	0	0	0	0	0	8	4	5
426.200	0	0	0	4	41	6	4	10	9	0	8	0	0	3	0	0	0	0	0	0	0	7	5	17
426.400	0	0	0	4	28	4	2	9	11	0	11	0	0	3	0	0	0	0	0	0	0	10	5	16
426.600	0	0	0	7	30	6	2	11	8	0	12	0	0	0	0	0	0	0	0	0	0	9	5	4
426.800	0	0	0	2	30	4	2	13	16	0	12	0	0	3	0	0	0	0	0	0	0	3	4	16
427.000	0	0	0	2	31	1	2	7	17	0	8	0	0	3	0	0	0	0	0	0	0	3	1	15
427.200	1	0	0	2	23	2	2	7	15	0	12	0	0	3	0	0	0	0	0	0	0	5	7	14
427.400	5	0	0	3	25	4	2	12	18	3	9	0	0	4	0	0	0	0	0	0	0	5	2	19
427.600	2	0	0	2	23	2	2	10	18	0	9	0	0	4	0	0	0	0	0	0	0	8	4	9
427.800	4	0	0	2	16	1	2	9	17	1	9	0	0	5	0	0	0	0	0	0	0	6	6	14
428.000	5	0	0	2	23	3	2	9	15	0	6	0	0	3	0	0	0	0	0	0	0	7	6	10
428.200	3	0	0	2	28	3	2	11	19	0	9	0	0	4	0	0	0	0	0	0	0	8	6	16
428.400	6	0	0	4	28	3	4	11	18	1	9	0	0	3	0	0	0	0	1	0	0	2	3	18
428.600	3	0	0	3	25	4	2	10	15	1	4	0	0	4	0	0	0	0	0	0	0	3	3	9
428.800	3	0	0	2	25	4	4	9	14	0	7	0	0	6	0	0	0	0	1	0	0	7	6	17
429.000	6	0	0	2	26	4	1	9	12	1	5	0	0	3	0	0	0	0	0	0	0	7	5	10
429.200	6	0	0	6	21	2	0	9	16	0	11	0	0	3	0	0	0	0	0	0	0	3	3	22
429.400	6	0	0	2	31	4	2	9	18	0	12	0	0	3	0	0	0	0	0	0	0	9	5	27
429.600	6	0	0	3	22	4	2	11	20	0	11	0	0	4	0	0	0	0	0	0	0	7	7	18
429.800	6	0	0	2	26	3	2	11	17	0	11	0	0	5	0	0	0	0	0	0	0	5	4	17
430.000	8	0	0	2	20	1	3	11	18	0	12	0	0	5	0	0	0	0	0	0	0	7	5	15
430.200	7	0	0	6	25	0	2	8	23	0	13	0	0	3	0	0	0	0	0	0	0	5	3	12
430.400	6	0	0	4	25	0	2	11	18	0	12	0	0	3	0	0	0	0	0	0	0	1	5	17
430.600	3	0	0	2	22	1	2	7	20	1	12	0	0	2	0	0	0	0	0	0	0	6	11	5
430.800	5	0	0	2	26	1	2	7	21	1	3	0	1	3	0	0	0	0	0	0	0	3	4	18
431.000	0	0	0	2	20	1	2	6	23	1	9	0	1	0	0	0	0	0	0	0	0	0	1	18
431.200	0	0	0	7	24	1	2	9	25	2	11	0	0	1	0	0	0	0	0	0	0	5	5	11
431.400	0	0	0	5	19	2	2	11	21	0	13	0	0	6	0	0	0	0	0	0	0	5	11	14
431.600	0	0	0	4	27	3	2	8	16	0	9	0	0	2	0	0	0	0	0	0	0	4	2	15
431.800	0	0	0	0	15	2	2	15	18	0	11	0	0	0	0	0	0	0	0	0	0	4	9	18
432.000	0	0	0	2	26	3	2	12	16	0	11	0	1	0	0	0	0	0	0	0	0	6	10	17
432.200	0	0	0	1	20	1	2	12	17	0	8	0	0	1	0	0	0	0	0	0	0	7	9	8
432.400	0	0	0	5	28	2	2	12	13	0	11	0	1	2	0	0	0	0	0	0	0	4	7	15
432.600	0	0	0	2	18	2	1	9	26	1	12	0	0	0	0	0	0	0	0	0	0	7	7	3
432.800	0	0	0	2	16	2	5	9	12	1	12	0	0	3	0	0	0	0	0	0	0	8	5	4
433.000	0	0	0	2	20	3	2	15	10	0	13	0	0	3	0	0	0	0	0	0	0	8	11	6
433.200	0	0	0	2	19	2	2	10	15	1	12	0	0	3	0	0	0	0	0	0	0	4	7	13
433.400	3	0	0	2	16	2	2	10	10	0	9	0	0	3	0	0	0	0	0	0	0	4	5	15
433.600	3	0	0	3	28	4	4	10	13	0	10	0	0	2	0	0	0	0	0	0	0	4	7	10
433.800	2	0	0	2	28	4	2	11	13	0	10	0	0	3	0	0	0	0	0	0	0	4	5	3
434.000	0	0	0	2	20	2	2	10	11	0	8	0	0	5	0	0	0	0	0	0	0	3	2	10
434.200	0	0	0	2	25	4	3	13	13	0	7	0	0	6	0	0	0	0	0	0	0	5	7	12
434.400	0	0	0	2	21	4	2	13	11	0	7	0	0	6	0	0	0	0	0	0	0	4	6	11
434.600	0	0	0	2	17	4	4	10	9	0	12	0	0	5	0	0	0	0	0	0	0	5	8	14
434.800	0	0	0	2	26	6	2	11	7	0	13	0	2	4	0	0	0	0	0	0	0	5	9	14
435.000	0	0	0	2	28	4	2	8	13	1	7	0	1	4	0	0	0	0	0	0	0	6	9	10
435.200	0	0	0	2	26	6	2	7	13	0	6	0	0	4	0	0	0	0	0	0	0	3	9	10
435.400	0	0	0	2	24	4	2	8	8	1	7	0	3	3	0	0	0	0	0	0	0	4	9	7
435.600	0	0	0	2	26	2	2	13	11	1	7	0	4	3	0	0	0	0	0	0	0	5	7	4
435.800	0	0	0	2	23	5	3	11	11	0	12	0	2	3	0	0	0	0	0	0	0	3	8	12
436.000	0	0	0	2	25	3	2	7	11	0	6	0	6	0	0	0	0	0	0	0	0	3	8	8
436.200	0	0	0	2	27	4	2	6	11	2	9	0	3	4	0	0	0	0	0	0	0	6	5	4
436.400	0	0	0	2	20	2	1	10	10	1	7	0	6	2	0	0	0	0	0	0	0	3	11	17
436.600	0	0	0	2	25	3	2	7	14	0	10	0	6	1	0	0	0	0	0	0	0	4	6	12
436.800	0	0	0	2	22	5	3	10	8	0	11	0	6	4	0	0	0	0	0	0	0	5	8	17
437.000	0	0	0	2	26	4	3	10	12	1	10	0	5	3	0	0	0	0	0	0	0	4	7	12
437.200	0	0	0	2	25	4	2	9	8	1	11	0	3	6	0	0	0	0	0	0	0	7	7	5
437.400	0	0	0	2	26	2	2	10	9	0	7	0	5	3	0	0	0	0	0	0	0	4	5	5
437.600	0	0	0	2	22	4	2	9	16	0	8	0	5	8	0	0	0	0	0	0	0	8	11	13
437.800	0	0	0	2	22	4	2	9	12	1	10	0	1	4	0	0	0	0	0	0	0	7	6	22
438.000	0	0	0	2	17	4	2	8	12	0	9	0	1	3	0	0	0	0	0	0	0	6	0	13
438.200	0	0	0	2	20	2	4	10	14	1	7	0	1	3	0	0	0	0	0	0	0	5	0	15
438.400	0	0	0	2	25	2	2	10	11	0	12	0	0	3	0	0	0	0	0	0	0	7	0	15
438.600	0	0	0	2	19	3	2	12	10	0	9	0	1	4	0	0	0	0	0	0	0	6	0	19
438.800	1	0	0	2	22	2	2	8	11	1	12	0	1	6	0	0	0	0	0	0	0	7	0	14
439.000	0	0	0	2	21	3	2	11	9	0	11	0	1	4	0	0	0	0	0	0	0	3	5	14
439.200	0	0	0	2	20	4	3	13	13	0	9	0	1	7	0	0	0	0	0	0	0	5	3	13
439.400	0	0	0	2	22	2	2	12	13	0	10	0	1	7	0	0	0	0	0	0	0	8	8	10
439.600	0	0	0	2	20	0	3	13	12	0	7	0	2	9	0	0	0	0	0	0	0	8	6	16
439.800	0	0	0	2	20	2	2	9	6	0	8	0	1	6	0	0	0	0	1	0	0	7	8	10
440.000	1	0	0	2	25	2	2	9	9	0	8	0	2	6	0	0	0	0	0	0	0	7	0	6
440.200	0	0	0	3	25	2	2	9	11	1	11	0	1	5	0	0	0	0	0	0	0	8	8	17
440.400	3	0	0	2	20	2	2	16	11	0	16	0	1	7	0	0	0	0	0	0	0	6	0	14
440.600	3	0	0	1	13	2	2	14	12	0	11	0	2	3	0	0	0	0	0	0	0	8	0	11
440.800	3	0	0	2	15	0	0	12	9	0	11	0	3	5	0	0	0	0	0	0	0	2	0	12
441.000	5	0	0	2	23	3	2	11	11	0	9	0	1	8	0	0	0	0	0	0	0	4	2	16
441.200	6	0	0	2	24	3	2	13	9	0	10	0	1	9	0	0	0	0	0	0	0	2	0	6
441.400	2	0	0	2	23	4	2	10	10	0	8	0	1	8	0	0	0	0	0	0	0	4	1	6
441.600	3	0	0	2	20	2	2	11	7	0	11	0	1	5	0	0	0	0	0	0	0	7	3	24
441.800	3	0	0	2	26	4	2	8	9	0	5	0	1	8	0	0	0	0	0	0	0	3	0	14
442.000	4	0	0	2	21	4	2	8	11	1	10	0	1	4	0	0	0	0	0	0	0	0	0	6
442.200	3	0	0	2	27	4	2	10	10	0	11	0	1	8	0	0	0	0	0	0	0	6	7	7
442.400	6	0	0	2	23	4	2	13	10	1	14	0	0	6	0	0	0	0	0	0	0	4	9	8
442.600	5	0	0	5	29	2	2	8	12	0	11	0	1	5	0	0	0	0	0	0	0	3	4	8
442.800	0	0	0	6	23	3	2	8	10	0	13	0	2	6	0	0	0	0	0	0	0	4	5	4
443.000	0	0	0	5	15	1	1	8	9	0	7	0	0	6	0	0	0	0	0	0	0	2	3	5
443.200	0	0	0	2	20	1	0	6	10	0	8	0	0	10	0	0	0	0	0	0	0	3	3	2
443.400	0	0	0	2	23	2	2	8	11	1	9	0	0	5	0	0	0	0	0	0	0	3	3	3
443.600	0	0	0	6	24	2	3	10	5	0	14	0	0	9	0	0	0	0	0	0	0	1	2	8
443.800	0	0	0	2	20	0	0	8	9	0	6	0	1	10	0	0	0	0	0	0	0	5	2	11
444.000	5	0	0	2	23	3	3	13	12	0	13	0	0	5	0	0	0	0	0	0	0	3	2	11
444.200	4	0	0	2	28	3	2	12	16	1	7	0	0	9	0	0	0	0	0	0	0	3	2	10
444.400	5	0	0	2	28	4	2	8	7	1	9	0	0	7	0	0	0	0	0	0	0	2	5	5
444.600	12	0	0	2	20	4	1	8	13	0	6	0	0	6	0	0	0	0	0	0	0	4	8	3
444.800	11	0	1	2	19	4	1	9	12	1	8	0	1	6	0	0	0	0	0	0	0	3	5	5
445.000	4	0	0	2	23	3	2	4	13	1	10	0	1	8	0	0	0	0	0	0	0	1	1	4
445.200	11	0	1	2	21	2	2	8	11	0	4	0	1	7	0	0	0	0	0	0	0	0	0	13
445.400	7	0	0	2	30	2	2	10	8	1	8	0	0	3	0	0	0	0	0	0	0	0	0	11
445.600	12	0	0	2	24	3	2	9	14	1	13	0	1	9	0	0	0	0	0	0	0	0	0	16
445.800	9	0	0	2	21	4	2	7	12	2	12	0	1	8	0	0	0	0	0	0	0	0	0	17
446.000	13	0	0	2	30	1	2	6	13	1	12	0	1	6	0	0	0	0	0	0	0	0	0	3
446.200	8	0	0	5	26	4	2	8	13	3	10	0	1	5	0	0	0	0	0	0	0	0	1	12
446.400	10	0	0	2	31	4	2	7	12	3	13	0	1	5	0	0	0	0	0	0	0	3	1	8
446.600	12	0	0	2	24	3	1	5	11	1	9	0	1	5	0	0	0	0	0	0	0	8	2	0
446.800	11	0	0	2	24	5	4	9	12	1	9	0	1	7	0	0	0	0	0	0	0	1	7	10
447.000	12	0	0	2	23	9	2	9	10	1	10	0	0	5	0	0	0	0	0	0	0	3	5	6
447.200	10	0	0	2	24	8	3	10	13	0	11	0	0	7	0	0	0	0	0	0	0	5	10	11
447.400	13	0	0	2	25	8	2	11	14	0	12	0	2	5	0	0	0	0	0	0	1	8	0	19
447.600	12	0	0	2	27	6	4	8	13	1	12	0	0	6	0	0	0	0	0	0	0	7	2	10
447.800	14	0	0	2	22	7	2	8	15	1	9	0	0	2	0	0	0	0	0	0	1	12	4	8
448.000	10	0	1	2	21	7	2	7	7	1	10	0	0	5	0	0	0	0	0	0	1	13	3	8
448.200	6	0	1	3	28	10	2	12	16	1	11	0	0	1	0	0	0	0	0	0	1	7	2	8
448.400	5	0	0	2	21	5	2	9	17	1	8	0	1	1	0	0	0	0	0	0	0	10	3	15
448.600	9	0	1	2	23	12	2	4	8	0	12	0	0	7	0	0	0	0	0	0	0	2	3	13
448.800	7	0	0	4	28	14	1	14	13	0	10	0	0	7	0	0	0	0	0	0	0	5	2	18
449.000	5	0	2	2	33	12	2	8	14	0	8	0	0	3	0	0	0	0	0	0	1	9	2	14
449.200	3	0	0	2	22	6	2	10	8	1	8	0	1	8	0	0	0	0	0	0	1	10	0	15
449.400	6	0	0	2	20	8	2	8	11	1	10	0	0	11	0	0	0	0	0	0	0	12	1	10
449.600	6	0	0	2	23	12	1	9	8	1	10	0	1	5	0	0	0	0	0	0	0	3	1	22
449.800	5	0	0	2	16	5	1	13	13	0	5	0	0	6	0	0	0	0	0	0	0	3	0	19
450.000	7	0	0	2	22	6	3	9	13	3	11	0	1	6	0	0	0	0	0	0	0	2	0	13
450.200	7	0	0	3	15	4	3	11	8	0	10	0	1	9	0	0	0	0	0	0	0	6	0	12
450.400	5	0	1	3	22	1	0	10	13	1	7	0	1	5	0	0	0	0	0	0	0	5	1	4
450.600	6	0	1	2	23	3	2	11	12	0	9	0	1	5	0	0	0	0	0	0	1	10	0	6
450.800	3	0	0	2	23	9	1	8	14	1	9	0	0	8	0	0	0	0	0	0	1	7	2	10
451.000	7	0	1	2	17	4	0	8	7	1	5	0	0	8	0	0	0	0	0	0	1	6	2	18
451.200	4	0	1	2	18	2	3	5	9	1	12	0	0	2	0	0	0	0	0	0	1	7	0	4
451.400	8	0	0	2	22	2	1	11	9	0	12	0	0	3	0	0	0	0	0	0	0	9	2	14
451.600	15	0	1	3	19	1	3	13	7	0	6	0	0	2	0	0	0	0	0	0	0	4	4	13
451.800	13	0	0	2	23	2	4	11	11	0	9	0	0	3	0	0	0	0	0	0	1	11	2	19
452.000	4	0	2	2	22	3	3	15	13	0	13	0	0	3	0	0	0	0	0	0	1	9	4	15
452.200	0	0	1	2	19	2	3	10	9	0	11	0	0	3	0	0	0	0	0	0	1	7	2	11
452.400	10	0	0	3	19	5	2	3	8	1	12	0	0	7	0	0	0	0	0	0	1	11	1	9
452.600	7	0	0	2	23	3	2	10	8	1	12	0	0	5	0	0	0	0	0	0	2	11	2	15
452.800	10	0	2	4	19	4	2	13	8	0	8	0	0	3	0	0	0	0	0	0	0	6	4	16
453.000	10	6	3	4	21	2	2	14	8	1	8	0	0	3	0	0	0	0	0	0	0	7	0	11
453.200	9	3	1	2	16	2	2	8	11	0	11	0	0	3	0	0	0	0	0	0	0	9	3	22
453.400	4	0	2	2	21	4	3	7	15	0	13	0	0	5	0	0	0	0	0	0	1	12	1	17
453.600	11	0	2	2	23	4	3	9	8	0	11	0	0	3	0	0	0	0	0	0	0	9	2	14
453.800	11	0	2	2	21	2	2	10	9	0	13	0	0	3	0	0	0	0	0	0	1	9	1	14
454.000	8	0	4	4	26	4	2	13	9	0	7	0	2	2	0	0	0	0	0	0	0	7	2	21
454.200	8	0	0	2	21	4	2	11	9	0	12	0	1	2	0	0	0	0	0	0	0	7	2	16
454.400	7	0	2	2	23	2	2	16	3	0	5	0	1	3	0	0	0	0	0	0	0	9	3	14
454.600	3	0	1	2	25	4	3	14	6	0	9	0	0	2	0	0	0	0	0	0	0	8	3	11
454.800	5	0	1	2	23	1	2	10	5	0	12	0	0	4	0	0	0	0	0	0	0	3	0	9
455.000	11	0	1	4	22	2	2	8	3	0	12	0	0	6	0	0	0	0	0	0	0	4	0	15
455.200	10	0	0	2	17	2	2	12	6	1	8	0	1	3	0	0	0	0	0	0	0	4	0	4
455.400	5	1	3	3	20	4	4	12	6	0	10	0	1	3	0	0	0	0	0	0	0	3	1	10
455.600	7	2	2	3	27	4	3	9	6	0	14	0	1	3	0	0	0	0	0	0	0	2	0	2
455.800	7	0	2	3	22	2	2	7	8	0	7	0	1	7	0	0	0	0	0	0	1	7	0	14
456.000	7	3	2	2	13	2	2	8	7	1	14	0	2	4	0	0	0	0	0	0	1	9	0	14
456.200	7	1	2	2	22	5	2	9	9	1	11	0	2	4	0	0	0	0	0	0	1	8	2	17
456.400	4	1	1	5	22	4	3	13	13	1	11	0	1	3	0	0	0	0	0	0	0	2	2	12
456.600	6	4	3	4	22	3	2	8	3	0	9	0	1	0	0	0	0	0	0	0	2	9	4	10
456.800	8	4	2	2	25	2	2	11	6	0	14	0	0	0	0	0	0	0	0	0	1	6	1	22
457.000	10	5	2	2	25	3	3	7	4	0	9	0	1	0	0	0	0	0	0	0	2	13	0	6
457.200	7	6	2	4	18	3	3	10	5	0	16	0	1	0	0	0	0	0	0	0	1	6	0	14
457.400	8	1	2	2	21	2	2	14	7	0	9	0	0	1	0	0	0	0	0	0	0	2	0	13
457.600	11	5	2	2	17	4	2	9	4	0	12	0	0	0	0	0	0	0	0	0	1	3	0	11
457.800	3	1	1	5	23	3	2	11	4	0	9	0	0	0	0	0	0	0	0	0	0	8	0	8
458.000	7	3	2	2	24	4	1	9	5	0	12	0	0	2	0	0	0	0	0	0	0	3	0	19
458.200	3	3	2	3	17	2	2	9	8	0	12	0	0	2	0	0	0	0	0	0	0	5	1	14
458.400	5	1	2	2	31	2	2	5	7	0	10	0	0	2	0	0	0	0	0	0	1	6	1	14
458.600	5	1	2	2	23	4	2	11	10	0	11	0	0	3	0	0	0	0	0	0	0	0	2	9
458.800	10	0	3	2	24	1	1	5	12	0	12	0	1	2	0	0	0	0	0	0	0	4	2	19
459.000	6	0	2	6	23	2	2	12	9	1	12	0	0	2	0	0	0	0	0	0	0	3	0	14
459.200	3	0	2	5	24	1	2	8	6	0	8	0	1	2	0	0	0	0	0	0	0	4	0	5
459.400	2	0	3	4	27	4	3	8	9	0	5	0	0	2	0	0	0	0	0	0	0	5	0	9
459.600	6	0	0	2	22	3	0	11	11	0	12	0	0	2	0	0	0	0	0	0	0	5	0	3
459.800	5	0	2	6	25	2	3	11	10	0	8	0	1	2	0	0	0	0	0	0	1	5	0	10
460.000	6	0	2	2	26	3	3	13	13	1	10	0	0	2	0	0	0	0	0	0	1	5	0	4
460.200	5	1	1	2	17	3	2	9	8	0	13	0	0	2	0	0	0	0	0	0	0	2	0	9
460.400	3	0	1	2	22	3	3	7	10	0	14	0	0	2	0	0	0	0	0	0	1	4	0	8
460.600	4	0	0	6	21	2	3	9	10	0	14	0	0	1	0	0	0	0	0	0	1	7	0	9
460.800	4	0	0	2	18	3	2	9	12	0	12	0	0	0	0	0	0	0	0	0	1	5	2	7
461.000	6	0	1	2	22	0	0	8	11	0	10	0	0	0	0	0	0	0	0	0	1	7	4	2
461.200	5	0	2	2	17	2	2	15	9	0	11	0	0	0	0	0	0	0	0	0	1	10	0	8
461.400	6	1	1	2	15	3	2	10	9	0	14	0	0	0	0	0	0	0	0	0	1	14	4	2
461.600	4	0	0	3	24	2	2	9	13	0	13	0	0	0	0	0	0	0	0	0	0	7	0	1
461.800	5	0	2	4	21	3	1	9	10	0	11	0	0	0	0	0	0	0	0	0	0	10	0	14
462.000	10	1	2	5	24	2	2	8	12	1	9	0	0	0	0	0	0	0	0	0	1	13	0	13
462.200	8	0	1	5	22	2	2	10	12	1	12	0	0	0	0	0	0	0	0	0	0	8	0	19
462.400	9	4	2	2	27	4	2	8	8	0	11	0	0	0	0	0	0	0	0	0	1	5	0	6
462.600	10	4	2	2	25	4	2	12	6	0	14	0	0	0	0	0	0	0	0	0	0	12	2	19
462.800	7	4	2	2	27	0	2	10	11	0	11	0	0	0	0	0	0	0	0	0	1	9	0	20
463.000	5	3	2	3	25	4	3	11	13	0	13	0	0	0	0	0	0	0	0	0	1	9	0	7
463.200	9	3	2	2	31	5	2	13	3	0	9	0	0	0	0	0	0	0	0	0	1	15	0	11
463.400	8	3	1	2	21	4	2	12	7	0	11	0	0	0	0	0	0	0	0	0	0	7	5	17
463.600	10	1	2	2	19	3	3	9	6	0	11	0	0	0	0	0	0	0	0	0	0	9	0	15
463.800	9	5	3	2	28	4	2	7	6	0	10	0	0	0	0	0	0	0	0	0	0	7	6	11
464.000	5	5	3	1	14	5	3	10	7	0	10	0	0	0	0	0	0	0	0	0	0	6	5	4
464.200	8	3	2	2	14	2	2	9	7	0	14	0	0	0	0	0	0	0	0	0	2	4	2	11
464.400	6	5	1	4	26	2	2	8	4	0	13	0	0	0	0	0	0	0	0	0	3	3	2	6
464.600	9	4	0	2	22	2	3	10	13	0	11	0	0	0	0	0	0	0	0	0	0	2	2	5
464.800	10	6	6	4	30	1	2	12	6	0	11	0	0	0	0	0	0	0	0	0	1	5	4	7
465.000	8	7	7	3	27	2	2	9	8	0	9	0	0	0	0	0	0	0	0	0	1	7	2	8
465.200	10	0	2	2	24	2	2	6	7	0	12	0	0	0	0	0	0	0	0	0	0	2	1	7
465.400	10	0	0	3	21	1	4	13	12	1	12	0	0	3	0	0	0	0	0	0	1	7	5	11
465.600	5	1	0	2	21	2	2	13	11	0	12	0	0	4	0	0	0	0	0	0	0	7	0	4
465.800	11	0	2	2	26	3	2	8	11	0	6	0	0	3	0	0	0	0	0	0	0	12	2	12
466.000	11	0	1	2	23	2	2	9	12	0	12	0	0	4	0	0	0	0	0	0	0	9	6	21
466.200	13	0	2	2	27	2	3	12	12	0	11	0	0	1	0	0	0	0	0	0	0	5	2	19
466.400	13	1	0	2	19	3	4	9	12	0	9	0	0	0	0	0	0	0	0	0	0	15	3	24
466.600	8	0	0	2	17	2	2	13	12	0	12	0	0	0	0	0	0	0	0	0	1	13	4	12
466.800	12	0	0	6	24	2	2	10	14	0	9	0	0	0	0	0	0	0	0	0	0	7	2	5
467.000	10	0	0	5	26	3	3	12	12	0	11	0	0	0	0	0	0	0	0	0	0	6	2	12
467.200	10	0	0	6	18	1	2	8	16	0	8	0	0	0	0	0	0	0	0	0	0	11	3	14
467.400	14	0	0	6	15	2	2	8	13	0	8	0	0	0	0	0	0	0	0	0	0	11	4	21
467.600	4	0	0	6	21	3	4	10	14	0	11	0	0	0	0	0	0	0	0	0	1	15	3	21
467.800	11	0	0	5	14	0	2	8	9	0	10	0	0	0	0	0	0	0	0	0	0	7	2	4
468.000	15	0	0	3	16	0	2	14	6	0	10	0	0	0	0	0	0	0	0	0	1	11	3	12
468.200	14	0	0	3	22	0	0	9	3	0	14	0	0	1	0	0	0	0	0	0	1	14	2	12
468.400	13	0	0	2	22	0	2	10	8	0	10	0	0	0	0	0	0	0	0	0	1	15	1	11
468.600	14	0	0	5	20	3	2	10	11	0	10	0	0	0	0	0	0	0	0	0	1	18	2	12
468.800	6	0	0	5	24	2	2	12	13	0	12	0	0	0	0	0	0	0	0	0	1	10	2	19
469.000	6	0	0	1	21	1	4	9	7	0	14	0	0	0	0	0	0	0	0	0	1	11	2	10
469.200	14	0	0	5	22	1	3	7	5	0	10	0	0	0	0	0	0	0	0	0	0	11	0	8
469.400	3	0	0	2	26	2	2	9	11	0	10	0	0	0	0	0	0	0	0	0	1	16	2	12
469.600	11	0	0	1	20	3	2	15	11	0	8	0	0	3	0	0	0	0	0	0	0	14	1	10
469.800	8	0	0	5	23	4	2	9	5	0	9	0	0	0	0	0	0	0	0	0	0	12	2	8
470.000	7	0	0	4	24	4	2	9	4	0	12	0	0	1	0	0	0	0	0	0	0	6	2	14
470.200	5	0	0	8	32	3	2	10	3	0	10	0	0	0	0	0	0	0	0	0	0	6	6	29
470.400	13	0	0	3	25	4	1	10	2	0	11	0	0	0	0	0	0	0	0	0	0	8	2	13
470.600	2	0	0	3	27	1	2	14	3	0	15	0	0	0	0	0	0	0	0	0	0	17	3	12
470.800	5	0	0	7	32	4	2	10	3	0	12	0	0	0	0	0	0	0	0	0	0	5	2	14
471.000	2	0	0	7	31	4	2	12	4	0	12	0	0	0	0	0	0	0	0	0	0	17	0	11
471.200	5	0	0	5	27	3	1	8	4	0	12	0	0	0	0	0	0	0	0	0	0	14	2	22
471.400	1	0	0	4	26	4	2	11	2	0	15	0	0	0	0	0	0	0	0	0	0	10	1	16
471.600	0	0	0	8	27	4	2	6	2	0	14	0	0	0	0	0	0	0	0	0	0	6	0	18
471.800	0	0	0	8	20	0	1	11	2	0	8	0	0	0	0	0	0	0	0	0	0	9	1	2
472.000	4	0	0	7	24	4	2	10	0	0	12	0	0	0	0	0	0	0	0	0	0	7	0	13
472.200	12	0	0	5	22	4	3	9	0	0	12	0	0	0	0	0	0	0	0	0	0	6	0	15
472.400	4	0	0	8	30	4	3	13	2	0	10	0	0	0	0	0	0	0	0	0	0	3	0	24
472.600	0	0	0	4	30	4	3	9	2	0	9	0	0	0	0	0	0	0	0	0	0	10	0	19
472.800	0	0	0	4	31	4	2	15	2	0	12	0	0	0	0	0	0	0	0	0	0	8	0	8
473.000	3	0	1	5	28	4	2	14	2	0	12	0	0	0	0	0	0	0	0	0	0	6	3	6
473.200	12	0	1	5	27	9	2	7	2	0	11	0	0	1	0	0	0	0	0	0	0	0	0	11
473.400	5	0	0	5	28	9	2	10	2	0	11	0	0	0	0	0	0	0	0	0	0	2	2	9
473.600	1	0	0	5	32	10	2	7	2	0	12	0	0	1	0	0	0	0	0	0	0	3	0	5
473.800	6	0	0	5	28	8	2	7	1	0	15	0	0	0	0	0	0	0	0	0	0	7	3	14
474.000	4	0	0	5	25	4	2	14	2	0	15	0	0	0	0	0	0	0	0	0	0	5	3	6
474.200	0	0	0	5	21	5	2	12	2	0	5	0	0	0	0	0	0	0	0	0	1	4	6	7
474.400	3	0	0	6	28	15	2	9	3	0	14	0	0	0	0	0	0	0	0	0	0	9	7	11
474.600	2	0	0	5	28	8	2	10	2	0	13	0	0	0	0	0	0	0	0	0	2	8	2	16
474.800	2	0	0	5	24	5	3	5	2	0	16	0	0	0	0	0	0	0	0	0	2	10	2	9
475.000	2	0	0	5	25	8	0	9	4	0	12	0	0	0	0	0	0	0	0	0	0	9	2	18
475.200	8	0	0	5	23	10	2	10	4	0	13	0	0	0	0	0	0	0	0	0	0	13	3	7
475.400	1	0	0	6	25	15	3	11	3	0	10	0	0	0	0	0	0	0	0	0	0	1	1	17
475.600	3	0	0	5	22	15	2	10	2	0	13	0	0	0	0	0	0	0	0	0	0	13	5	15
475.800	4	0	0	4	26	13	0	12	3	0	15	0	0	0	0	0	0	0	0	0	0	18	6	21
476.000	3	0	0	5	24	10	2	9	3	0	17	0	0	0	0	0	0	0	0	0	0	15	1	9
476.200	3	0	0	5	29	21	2	11	2	0	13	0	0	0	0	0	0	0	0	0	0	17	0	16
476.400	8	0	0	4	22	10	2	8	2	0	13	0	0	0	0	0	0	0	0	0	0	13	0	16
476.600	3	0	0	4	30	15	2	7	2	0	11	0	0	0	0	0	0	0	0	0	0	13	1	10
476.800	3	0	0	5	24	8	2	11	3	0	4	0	0	0	0	0	0	0	0	0	0	20	0	14
477.000	2	0	0	5	24	9	2	12	2	0	9	0	0	0	0	0	0	0	0	0	0	10	0	7
477.200	5	0	0	5	24	11	4	9	2	0	19	0	0	0	0	0	0	0	0	0	0	10	0	11
477.400	4	0	0	5	24	12	2	13	2	0	2	0	0	0	0	0	0	0	0	0	0	11	0	8
477.600	3	0	0	4	22	13	2	11	2	0	4	0	0	2	0	0	0	0	0	0	0	9	0	10
477.800	4	0	0	6	30	8	2	11	1	0	6	0	0	0	0	0	0	0	0	0	0	6	1	10
478.000	2	0	0	5	30	8	2	11	2	0	8	0	0	1	0	0	0	0	0	0	0	11	1	3
478.200	0	0	0	5	20	6	2	8	1	0	10	0	0	0	0	0	0	0	0	0	0	7	0	3
478.400	8	0	0	7	16	9	4	11	2	0	12	0	0	0	0	0	0	0	0	0	0	11	2	9
478.600	3	0	0	5	23	8	2	14	3	0	12	0	0	1	0	0	0	0	0	0	0	11	1	6
478.800	6	0	0	5	24	11	2	15	3	0	6	0	0	0	0	0	0	0	0	0	0	12	2	11
479.000	2	0	0	4	24	12	2	12	4	0	6	0	0	0	0	0	0	0	0	0	0	7	0	5
479.200	1	0	0	4	30	13	2	10	4	0	14	0	0	0	0	0	0	0	0	0	0	9	3	11
479.400	6	0	0	5	26	13	2	13	4	0	15	0	0	0	0	0	0	0	0	0	0	11	2	8
479.600	2	0	0	5	33	9	2	11	5	0	10	0	0	0	0	0	0	0	0	0	0	11	2	9
479.800	2	0	0	5	30	14	2	7	2	0	13	0	0	0	0	0	0	0	0	0	0	8	2	10
480.000	0	0	0	4	19	10	2	9	3	0	14	0	0	0	0	0	0	0	0	0	0	4	1	4
480.200	3	0	0	3	25	7	2	14	2	0	14	0	0	0	0	0	0	0	0	0	0	6	0	6
480.400	2	0	0	5	22	8	2	12	5	0	15	0	0	0	0	0	0	0	0	0	0	5	0	8
480.600	3	0	0	5	26	13	3	13	3	0	15	0	0	3	0	0	0	0	0	0	0	20	0	11
480.800	16	0	0	5	19	10	3	10	4	0	16	0	0	3	0	0	0	0	0	0	0	15	0	5
481.000	6	0	0	5	20	7	2	9	3	0	17	0	0	3	0	0	0	0	0	0	0	12	0	4
481.200	9	0	0	5	26	12	2	11	4	0	13	0	0	3	0	0	0	0	0	0	0	11	4	9
481.400	11	0	0	5	21	10	2	6	3	0	15	0	0	3	0	0	0	0	0	0	0	9	0	5
481.600	12	0	0	5	24	10	2	9	4	0	12	0	0	3	0	0	0	0	0	0	0	13	0	11
481.800	2	0	0	6	27	14	2	11	3	0	8	0	0	2	0	0	0	0	0	0	0	6	0	5
482.000	12	0	0	5	29	12	2	9	2	0	16	0	0	0	0	0	0	0	0	0	0	7	2	7
482.200	6	0	0	5	22	12	2	7	5	0	12	0	0	0	0	0	0	0	0	0	0	9	2	6
482.400	15	0	0	4	27	12	2	8	2	0	14	0	0	0	0	0	0	0	0	0	0	9	4	13
482.600	11	0	0	5	29	7	2	5	2	0	11	0	0	0	0	0	0	0	0	0	0	15	2	5
482.800	5	0	0	5	19	9	3	9	2	0	11	0	0	0	0	0	0	0	0	0	0	9	0	7
483.000	0	0	0	4	22	12	2	7	5	0	12	0	0	2	0	0	0	0	0	0	1	11	2	13
483.200	7	0	0	5	22	9	2	15	6	0	7	0	0	4	0	0	0	0	0	0	0	20	5	13
483.400	2	0	0	5	26	11	2	10	7	0	9	0	0	0	0	0	0	0	0	0	1	12	2	11
483.600	2	0	0	5	30	11	2	7	2	0	13	0	0	2	0	0	0	0	0	0	1	5	2	15
483.800	1	0	0	5	32	16	2	8	4	0	13	0	0	2	0	0	0	0	0	0	0	5	0	3
484.000	3	0	0	5	17	13	2	6	2	0	15	0	0	0	0	0	0	0	0	0	0	6	6	10
484.200	2	0	0	5	26	10	2	8	2	0	12	0	0	1	0	0	0	0	0	0	0	3	3	11
484.400	0	0	0	6	29	8	1	12	3	0	8	0	0	3	0	0	0	0	0	0	0	3	0	14
484.600	2	0	0	5	32	13	2	9	2	0	5	0	0	3	0	0	0	0	0	0	0	3	2	8
484.800	3	0	0	5	33	9	2	11	1	0	2	0	0	4	0	0	0	0	0	0	0	2	3	15
485.000	9	0	0	6	27	9	2	9	2	0	13	0	0	4	0	0	0	0	0	0	0	6	0	14
485.200	11	1	0	6	26	7	2	9	2	0	10	0	0	4	0	0	0	0	0	0	0	5	0	21
485.400	12	0	0	4	30	8	1	5	2	0	11	0	0	5	0	0	0	0	0	0	1	3	1	15
485.600	10	0	0	5	31	10	3	10	3	0	7	0	0	4	0	0	0	0	0	0	0	5	0	5
485.800	13	1	0	5	32	10	3	11	3	0	8	0	0	4	0	0	0	0	0	0	0	5	2	9
486.000	6	1	0	4	15	5	2	8	3	0	0	0	0	4	0	0	0	0	0	0	0	4	5	11
486.200	5	4	0	2	26	5	2	7	2	0	2	0	0	4	0	0	0	0	0	0	0	3	6	11
486.400	5	4	0	6	27	11	2	12	3	0	2	0	0	3	0	0	0	0	0	0	0	6	4	15
486.600	9	4	0	6	31	13	2	9	2	0	3	0	0	4	0	0	0	0	0	0	1	14	3	10
486.800	9	2	0	6	26	12	2	6	2	0	0	0	0	3	0	0	0	0	0	0	2	15	3	2
487.000	6	3	0	6	21	11	2	8	3	0	0	0	0	4	0	0	0	0	0	0	2	15	5	14
487.200	2	5	0	5	25	9	2	8	2	0	2	0	0	3	0	0	0	0	0	0	0	8	0	12
487.400	4	4	0	6	27	13	1	8	4	0	2	0	0	4	0	0	0	0	0	0	3	7	0	6
487.600	7	4	0	4	21	12	2	11	2	0	2	0	0	3	0	0	0	0	0	0	2	15	9	9
487.800	1	2	0	4	31	10	2	10	1	0	3	0	0	3	0	0	0	0	0	0	0	16	2	7
488.000	10	4	0	5	26	10	2	8	0	0	3	0	0	2	0	0	0	0	0	0	0	5	1	10
488.200	4	4	0	3	21	11	2	7	4	0	6	0	0	3	0	0	0	0	0	0	0	20	4	9
488.400	5	4	0	6	21	9	2	7	6	0	6	0	0	2	0	0	0	0	0	0	0	16	0	11
488.600	3	5	0	4	25	12	2	7	3	0	6	0	0	3	0	0	0	0	0	0	0	8	0	6
488.800	3	4	0	5	21	14	1	9	5	0	2	0	0	3	0	0	0	0	0	0	0	9	0	8
489.000	4	3	0	5	25	13	2	6	2	0	9	0	0	0	0	0	0	0	0	0	0	13	1	2
489.200	3	2	0	6	27	12	2	6	2	0	8	0	0	0	0	0	0	0	0	0	0	4	2	10
489.400	4	4	0	7	31	11	0	9	2	0	7	0	0	0	0	0	0	0	0	0	0	11	0	6
489.600	4	4	0	5	20	13	2	6	2	0	8	0	0	1	0	0	0	0	0	0	0	11	0	6
489.800	4	2	0	4	18	13	2	6	2	0	8	0	0	0	0	0	0	0	0	0	0	14	3	10
490.000	4	2	0	4	20	14	2	9	3	0	7	0	0	0	0	0	0	0	0	0	1	11	1	17
490.200	4	1	0	6	27	13	2	8	2	0	8	0	0	0	0	0	0	0	0	0	2	9	5	11
490.400	5	4	0	4	24	11	2	10	3	0	9	0	0	0	0	0	0	0	0	0	2	3	4	9
490.600	5	3	0	4	25	8	3	9	0	0	4	0	0	0	0	0	0	0	0	0	0	9	2	11
490.800	7	4	0	2	34	12	2	7	2	0	8	0	0	0	0	0	0	0	0	0	0	18	1	15
491.000	4	4	0	4	20	13	2	10	3	0	8	0	0	0	0	0	0	0	0	0	0	13	8	11
491.200	6	4	0	6	22	10	2	6	2	0	6	0	0	0	0	0	0	0	0	0	0	12	11	16
491.400	4	2	0	5	20	10	2	11	2	0	7	0	0	0	0	0	0	0	0	0	2	13	3	15
491.600	10	4	0	6	25	13	2	10	4	0	10	0	0	1	0	0	0	0	0	0	1	16	9	12
491.800	8	1	0	6	24	15	2	8	1	0	7	0	0	1	0	0	0	0	0	0	2	15	11	15
492.000	10	3	0	6	28	12	2	9	4	0	9	0	0	2	0	0	0	0	0	0	0	16	7	13
492.200	5	1	0	6	28	13	3	8	4	0	5	0	0	2	0	0	0	0	0	0	0	11	0	20
492.400	10	0	0	7	32	11	2	14	3	0	9	0	0	0	0	0	0	0	0	0	0	11	0	13
492.600	5	0	0	8	30	10	2	11	3	0	12	0	0	1	0	0	0	0	0	0	0	11	2	25
492.800	5	0	0	6	27	12	2	9	3	0	6	0	0	2	0	0	0	0	0	0	0	7	0	17
493.000	9	0	0	5	20	10	2	12	3	0	8	0	0	0	0	0	0	0	0	0	1	6	7	6
493.200	10	0	0	6	26	10	2	7	3	0	6	0	0	0	0	0	0	0	0	0	1	11	1	10
493.400	6	1	0	6	26	13	2	10	3	0	7	0	0	0	0	0	0	0	0	0	2	6	0	9
493.600	11	0	0	5	30	10	2	9	3	0	5	0	0	0	0	0	0	0	0	0	1	15	6	6
493.800	12	0	0	5	23	12	2	12	5	0	5	0	0	0	0	0	0	0	0	0	0	9	4	11
494.000	6	0	0	6	26	9	2	8	3	0	7	0	0	3	0	0	0	0	0	0	0	11	2	5
494.200	8	0	0	6	23	12	3	10	8	0	6	0	0	10	0	0	0	0	0	0	0	21	3	7
494.400	13	1	0	7	28	14	2	10	6	0	6	0	0	2	0	0	0	0	0	0	2	12	6	6
494.600	4	1	0	7	30	12	3	11	6	0	5	0	0	8	0	0	0	0	0	0	0	16	0	0
494.800	9	0	0	6	25	12	1	7	0	0	5	0	0	1	0	0	0	0	0	0	0	13	0	6
495.000	8	0	0	6	29	12	1	13	3	0	7	0	0	3	0	0	0	0	0	0	2	8	6	19
495.200	7	0	0	7	30	9	2	11	3	0	7	0	0	0	0	0	0	0	0	0	0	8	1	12
495.400	9	0	0	7	30	4	2	10	5	0	6	0	0	0	0	0	0	0	0	0	0	16	8	13
495.600	12	0	0	6	22	4	2	8	2	0	7	0	0	1	0	0	0	0	0	0	2	19	8	14
495.800	10	1	0	5	31	4	2	14	1	0	7	0	0	1	0	0	0	0	0	0	2	13	3	12
496.000	4	0	0	4	17	10	2	9	0	0	6	0	0	2	0	0	0	0	0	0	1	7	4	7
496.200	11	1	1	5	29	5	2	5	0	0	6	0	0	2	0	0	0	0	0	0	0	9	9	9
496.400	14	0	0	7	27	9	2	7	2	0	6	0	0	3	0	0	0	0	0	0	2	11	6	12
496.600	5	1	0	4	28	9	2	9	3	0	8	0	0	6	0	0	0	0	0	0	0	15	5	13
496.800	8	3	0	6	22	10	2	10	2	0	7	0	0	6	0	0	0	0	0	0	2	14	11	18
497.000	9	1	0	6	24	14	2	10	2	0	7	0	0	5	0	0	0	0	0	0	2	14	4	7
497.200	6	0	0	5	23	11	2	17	9	0	6	0	0	7	0	0	0	0	0	0	2	20	3	7
497.400	9	5	0	5	22	10	2	12	4	0	5	0	0	5	0	0	0	0	0	0	2	11	5	6
497.600	10	4	0	5	19	12	2	12	2	0	6	0	0	5	0	0	0	0	0	0	3	5	6	11
497.800	3	4	0	6	22	13	2	9	3	0	3	0	0	6	0	0	0	0	0	0	3	9	3	6
498.000	9	4	0	7	29	15	2	10	2	0	7	0	0	3	0	0	0	0	0	0	1	4	3	0
498.200	1	2	0	6	26	10	2	10	3	0	6	0	0	7	0	0	0	0	0	0	1	11	4	7
498.400	6	4	0	8	25	10	2	12	3	0	6	0	0	6	0	0	0	0	0	0	1	10	7	6
498.600	2	4	0	2	18	11	2	8	5	0	6	0	0	0	0	0	0	0	0	0	0	7	7	12
498.800	8	4	0	6	16	6	2	11	3	0	7	0	0	3	0	0	0	0	0	0	1	4	3	16
499.000	2	1	0	6	26	10	1	11	2	0	6	0	0	4	0	0	0	0	0	0	1	2	3	11
499.200	11	4	0	4	25	11	2	14	4	0	7	0	0	2	0	0	0	0	0	0	3	2	6	8
499.400	8	4	0	4	17	13	4	9	2	0	7	0	0	3	0	0	0	0	0	1	3	3	3	10
499.600	12	4	0	5	27	6	4	13	3	0	7	0	0	5	0	0	0	0	0	1	1	1	5	5
499.800	11	3	0	3	17	6	4	11	3	0	7	0	0	6	0	0	0	0	0	0	1	3	5	11
500.000	5	4	0	2	18	5	4	14	3	0	5	0	0	4	0	0	0	0	0	0	1	5	4	9
500.200	3	0	0	4	21	3	3	15	5	0	7	0	0	6	0	0	0	0	0	0	0	4	0	5
500.400	9	2	0	4	25	3	2	9	2	0	5	0	0	5	0	0	0	0	0	0	0	7	1	9
500.600	10	0	0	4	20	3	2	13	4	0	7	0	0	5	0	0	0	0	0	0	0	4	5	9
500.800	15	1	0	6	20	9	2	9	10	0	8	0	0	3	0	0	0	0	0	0	2	16	3	13
501.000	14	4	0	5	18	4	3	9	9	0	9	0	0	5	0	0	0	0	0	0	0	7	3	7
501.200	6	5	0	2	25	8	2	8	9	0	7	0	0	3	0	0	0	0	0	0	0	15	2	9
501.400	7	4	0	2	25	5	2	8	10	0	8	0	0	3	0	0	0	0	0	0	0	9	5	10
501.600	10	1	0	3	19	11	2	10	10	0	4	0	0	5	0	0	0	0	0	0	0	8	5	9
501.800	14	1	0	3	23	9	3	11	14	0	8	0	0	6	0	0	0	0	0	0	0	13	4	20
502.000	7	0	0	5	26	11	3	11	4	0	8	0	0	5	0	0	0	0	0	0	0	16	4	21
502.200	10	2	0	6	24	9	2	11	6	0	7	0	0	5	0	0	0	0	0	0	1	16	4	14
502.400	10	3	0	2	18	11	2	8	5	0	6	0	0	3	0	0	0	0	0	0	1	19	3	15
502.600	9	4	0	6	19	6	2	7	2	0	6	0	0	7	0	0	0	0	0	0	1	18	0	3
502.800	10	4	0	4	17	9	2	9	3	0	8	0	0	7	0	0	0	0	0	0	1	14	2	17
503.000	11	4	0	4	19	7	1	11	4	0	8	0	0	6	0	0	0	0	0	0	1	14	2	14
503.200	9	5	0	3	14	6	2	16	11	0	9	0	0	6	0	0	0	0	0	0	1	6	5	20
503.400	11	5	0	5	18	7	2	14	8	0	8	0	0	5	0	0	0	0	0	0	1	7	6	22
503.600	8	4	0	4	23	10	2	9	3	0	8	0	0	5	0	0	0	0	0	0	2	5	0	17
503.800	10	4	0	5	20	8	2	10	2	0	9	0	0	6	0	0	0	0	0	0	0	14	1	9
504.000	10	4	0	7	22	7	1	4	3	0	9	0	0	5	0	0	0	0	0	0	0	9	0	25
504.200	10	4	0	7	18	8	2	7	5	0	8	0	0	6	0	0	0	0	0	0	0	12	1	10
504.400	10	5	0	5	14	10	2	12	3	0	9	0	0	3	0	0	0	0	0	0	0	11	0	3
504.600	12	4	0	5	18	7	2	12	4	0	9	0	0	8	0	0	0	0	0	0	0	7	0	6
504.800	10	3	0	5	23	9	2	11	3	0	7	0	0	4	0	0	0	0	0	0	0	12	1	22
505.000	8	4	0	7	30	9	2	7	2	0	6	0	0	5	0	0	0	0	0	0	0	16	1	13
505.200	7	5	0	7	28	9	3	10	4	0	8	0	0	6	0	0	0	0	0	0	1	21	2	11
505.400	4	0	0	3	31	7	2	16	4	0	7	0	0	7	0	0	0	0	0	0	0	15	0	11
505.600	14	1	0	2	26	11	2	14	5	0	4	0	0	7	0	0	0	0	0	0	0	19	2	13
505.800	13	1	0	2	22	7	0	6	2	0	7	0	0	8	0	0	0	0	0	0	0	7	0	16
506.000	11	1	0	2	31	10	2	10	3	0	5	0	0	5	0	0	0	0	0	0	0	7	4	14
506.200	5	2	0	4	34	10	2	8	4	0	7	0	0	8	0	0	0	0	0	0	0	12	1	7
506.400	6	1	0	5	24	10	2	12	5	0	5	0	0	6	0	0	0	0	0	0	0	8	2	12
506.600	7	2	0	6	30	12	2	11	2	0	5	0	0	8	0	0	0	0	0	0	0	8	5	27
506.800	10	4	0	3	18	9	2	9	3	0	9	0	0	7	0	0	0	0	0	0	0	13	2	9
507.000	9	4	0	4	22	10	2	13	2	0	6	0	0	5	0	0	0	0	0	0	1	8	0	7
507.200	10	4	0	4	26	10	2	11	3	0	7	0	0	3	0	0	0	0	0	0	2	13	8	11
507.400	13	4	0	4	28	11	0	10	3	0	3	0	0	1	0	0	0	0	0	0	2	8	6	15
507.600	8	5	0	4	25	13	2	11	1	0	4	0	0	7	0	0	0	0	0	0	0	8	7	17
507.800	4	3	0	2	34	15	2	7	2	0	6	0	0	5	0	0	0	0	0	0	0	10	0	6
508.000	6	3	0	5	26	11	2	15	3	0	6	0	0	5	0	0	0	0	0	0	2	8	2	0
508.200	6	2	0	5	30	8	2	11	3	0	6	0	0	7	0	0	0	0	0	0	0	7	0	11
508.400	4	1	0	4	28	9	2	12	2	0	7	0	0	5	0	0	0	0	0	0	0	7	6	27
508.600	6	0	0	2	25	11	2	11	2	0	7	0	0	5	0	0	0	0	0	0	1	4	6	7
508.800	2	0	0	5	17	9	0	10	2	0	6	0	0	6	0	0	0	0	0	0	0	6	3	17
509.000	12	0	0	3	27	8	2	13	4	0	6	0	0	5	0	0	0	0	0	0	0	6	5	14
509.200	10	0	0	3	27	13	2	14	3	0	7	0	0	6	0	0	0	0	0	0	0	7	5	15
509.400	13	1	0	5	23	10	3	14	2	0	8	0	0	4	0	0	0	0	0	0	1	4	15	16
509.600	6	0	0	6	26	9	2	14	3	0	7	0	0	5	0	0	0	0	0	0	1	4	8	9
509.800	14	0	0	2	26	8	2	10	2	0	7	0	0	4	0	0	0	0	0	0	1	8	8	4
510.000	10	0	0	6	29	11	2	9	3	0	4	0	0	7	0	0	0	0	0	0	1	4	9	16
510.200	14	0	0	6	25	8	2	13	5	0	8	0	1	5	0	0	0	0	0	0	0	0	6	19
510.400	17	0	0	2	26	8	2	18	4	0	7	0	0	4	0	0	0	0	0	0	0	0	1	13
510.600	10	0	0	2	23	8	0	11	2	0	7	0	0	8	0	0	0	0	0	0	0	2	8	14
510.800	11	1	0	2	21	6	2	12	4	0	7	0	1	8	0	0	0	0	0	0	0	3	8	15
511.000	12	1	0	2	22	13	2	14	6	0	6	0	0	5	0	0	0	0	0	0	0	1	5	15
511.200	15	1	0	2	25	6	2	16	3	0	6	0	0	5	0	0	0	0	0	0	0	0	6	21
511.400	14	0	0	5	27	7	2	13	2	0	8	0	0	1	0	0	0	0	0	0	1	2	7	20
511.600	14	1	0	2	25	8	2	14	5	0	9	0	0	7	0	0	0	0	0	0	1	4	11	12
511.800	14	0	0	2	36	7	2	12	3	0	8	0	0	3	0	0	0	0	0	0	0	10	4	19
512.000	13	0	0	2	33	10	0	10	4	0	7	0	0	4	0	0	0	0	0	0	1	7	1	12
512.200	16	1	0	5	28	9	2	10	3	0	6	0	0	6	0	0	0	0	0	0	0	6	1	14
512.400	10	1	0	4	32	9	2	10	3	0	7	0	0	4	0	0	0	0	0	0	0	11	2	1
512.600	5	0	0	2	26	7	1	11	4	0	5	0	0	5	0	0	0	0	0	0	0	9	2	13
512.800	14	0	0	2	33	10	2	13	3	0	7	0	0	6	0	0	0	0	0	0	0	11	0	14
513.000	10	0	0	6	24	9	2	12	7	0	7	0	0	3	0	0	0	0	0	0	1	12	2	13
513.200	10	2	0	2	25	8	2	10	6	0	5	0	0	5	0	0	0	0	0	0	0	4	0	16
513.400	13	1	0	4	28	10	3	10	8	0	5	0	0	4	0	0	0	0	0	0	0	12	2	7
513.600	16	1	0	2	34	10	2	12	2	0	4	0	0	3	0	0	0	0	0	0	0	12	1	7
513.800	12	0	0	4	20	13	0	8	3	0	7	0	0	3	0	0	0	0	0	0	0	6	2	6
514.000	14	1	0	4	19	11	3	12	4	0	10	0	0	4	0	0	0	0	0	0	0	11	2	6
514.200	7	4	0	4	28	13	2	12	4	0	5	0	0	3	0	0	0	0	0	0	0	10	0	24
514.400	7	3	0	5	21	4	2	10	3	0	8	0	0	3	0	0	0	0	0	0	0	2	3	4
514.600	9	4	0	4	27	10	2	12	2	0	8	0	0	4	0	0	0	0	0	0	0	2	4	16
514.800	9	5	0	3	22	8	2	15	4	0	8	0	0	4	0	0	0	0	0	0	1	4	6	16
515.000	8	4	0	3	17	6	2	12	2	0	7	0	0	4	0	0	0	0	0	0	1	3	6	14
515.200	7	1	0	4	18	6	3	13	2	0	7	0	0	7	0	0	0	0	0	0	1	8	3	8
515.400	6	3	0	5	18	5	2	6	2	0	6	0	0	5	0	0	0	0	0	0	1	9	5	7
515.600	13	3	0	6	17	2	0	14	6	0	7	0	0	6	0	0	0	0	0	0	1	5	7	17
515.800	10	0	0	2	12	1	2	11	2	0	8	0	0	6	0	0	0	0	0	0	1	4	10	17
516.000	7	6	0	2	22	2	2	13	6	0	9	0	0	6	0	0	0	0	0	0	1	3	4	10
516.200	6	3	0	5	21	9	2	10	2	0	7	0	0	6	0	0	0	0	0	0	1	3	3	15
516.400	6	5	0	5	13	9	4	15	4	0	8	0	0	6	0	0	0	0	0	0	0	7	4	7
516.600	10	4	0	5	18	5	1	9	3	0	7	0	0	6	0	0	0	0	0	0	2	9	2	2
516.800	9	3	0	4	18	8	2	10	2	0	6	0	0	5	0	0	0	0	0	0	2	10	8	15
517.000	5	4	0	3	26	11	2	12	5	0	7	0	0	7	0	0	0	0	0	0	0	8	7	13
517.200	5	4	0	5	25	10	2	12	2	0	8	0	0	5	0	0	0	0	0	0	0	2	8	18
517.400	8	3	0	6	20	10	2	12	6	0	7	0	0	6	0	0	0	0	0	0	0	4	5	4
517.600	5	5	0	2	18	9	2	15	4	0	6	0	0	3	0	0	0	0	0	0	0	8	0	15
517.800	9	4	0	6	19	9	2	12	5	0	7	0	0	6	0	0	0	0	0	0	2	15	3	15
518.000	3	3	0	4	21	8	1	12	3	0	7	0	1	6	0	0	0	0	0	0	1	23	4	6
518.200	10	3	0	5	21	11	2	12	3	0	7	0	0	6	0	0	0	0	0	0	2	18	7	15
518.400	10	3	0	5	26	9	0	15	4	0	6	0	0	5	0	0	0	0	0	0	1	15	7	17
518.600	12	4	0	2	25	7	2	8	2	0	7	0	0	8	0	0	0	0	0	0	0	13	6	17
518.800	9	4	0	3	23	7	2	12	3	0	7	0	0	6	0	0	0	0	0	0	1	12	1	13
519.000	7	1	0	5	20	6	2	10	3	0	8	0	0	4	0	0	0	0	0	0	0	18	1	5
519.200	8	3	0	4	19	8	2	10	3	0	7	0	0	6	0	0	0	0	0	0	2	17	5	15
519.400	5	4	0	5	21	6	3	11	7	0	7	0	0	5	0	0	0	0	0	0	0	19	5	6
519.600	4	2	0	5	19	3	3	13	6	0	7	0	0	5	0	0	0	0	0	0	1	6	8	11
519.800	6	6	0	2	19	8	2	10	3	0	6	0	0	3	0	0	0	0	0	0	0	14	6	19
520.000	8	2	0	6	23	13	2	7	4	0	6	0	0	3	0	0	0	0	0	0	0	7	2	10
520.200	6	0	0	2	21	10	0	7	6	0	3	0	0	4	0	0	0	0	0	0	0	6	8	19
520.400	7	4	0	2	26	9	2	8	5	0	3	0	0	7	0	0	0	0	0	0	0	1	1	14
520.600	4	3	0	5	22	8	2	9	7	0	4	0	0	8	0	0	0	0	0	0	0	1	3	10
520.800	4	4	0	5	26	12	2	7	2	0	5	0	0	6	0	0	0	0	0	0	0	2	0	6
521.000	7	4	0	6	28	10	2	13	10	0	6	0	0	9	0	0	0	0	0	0	1	11	1	11
521.200	16	0	0	5	29	13	2	14	6	0	5	0	0	8	0	0	0	0	0	0	1	10	3	5
521.400	7	0	0	4	24	10	4	14	3	0	8	0	0	6	0	0	0	0	0	0	1	10	0	7
521.600	12	0	0	5	26	12	2	12	3	0	7	0	0	2	0	0	0	0	0	0	1	11	3	16
521.800	12	0	0	4	29	12	2	7	2	0	7	0	0	7	0	0	0	0	0	0	1	8	0	10
522.000	3	0	0	5	24	11	2	13	3	0	6	0	0	6	0	0	0	0	0	0	2	11	3	18
522.200	11	0	0	5	22	13	2	11	5	0	5	0	0	8	0	0	0	0	0	0	1	11	3	13
522.400	13	0	0	5	27	16	2	9	3	0	7	0	0	10	0	0	0	0	0	0	2	12	1	9
522.600	9	0	0	5	22	10	2	13	3	0	5	0	0	3	0	0	0	0	0	0	2	13	4	3
522.800	6	0	0	5	34	9	1	15	3	0	7	0	0	8	0	0	0	0	0	0	1	9	1	2
523.000	12	0	0	7	24	8	3	11	2	0	7	0	0	5	0	0	0	0	0	0	2	15	2	7
523.200	9	0	0	7	17	15	3	14	2	0	8	0	0	2	0	0	0	0	0	0	0	9	7	2
523.400	8	0	0	3	26	11	4	14	2	0	7	0	0	10	0	0	0	0	0	0	0	8	3	5
523.600	9	0	0	5	24	12	2	8	2	0	6	0	0	5	0	0	0	0	0	0	1	10	2	7
523.800	9	0	0	6	23	13	2	9	2	0	8	0	0	6	0	0	0	0	0	0	1	15	2	4
524.000	11	0	0	2	26	11	2	10	3	0	8	0	0	5	0	0	0	0	0	0	0	11	7	6
524.200	6	0	0	5	22	9	2	9	3	0	7	0	0	4	0	0	0	0	0	0	0	11	13	11
524.400	5	0	0	5	20	6	2	13	3	0	7	0	0	2	0	0	0	0	0	0	0	7	6	14
524.600	12	0	0	5	25	11	2	11	5	0	8	0	0	3	0	0	0	0	0	0	0	13	5	11
524.800	10	0	0	5	25	11	4	11	2	0	6	0	0	3	0	0	0	0	0	0	0	5	5	12
525.000	12	0	0	4	27	7	2	12	2	0	6	0	0	1	0	0	0	0	0	0	0	5	5	8
525.200	15	0	0	7	24	12	2	11	3	0	6	0	0	2	0	0	0	0	0	0	1	5	12	18
525.400	6	0	0	7	24	10	2	11	3	0	7	0	0	2	0	0	0	0	0	0	1	10	9	23
525.600	10	0	0	8	28	8	2	8	2	0	5	0	0	2	0	0	0	0	0	0	1	10	4	19
525.800	14	0	0	4	26	11	2	16	3	0	6	0	0	2	0	0	0	0	0	0	2	7	5	18
526.000	13	0	0	6	34	13	2	9	3	0	6	0	0	3	0	0	0	0	0	0	0	9	5	26
526.200	11	0	0	4	31	11	2	10	3	0	10	0	0	4	0	0	0	0	0	0	2	11	4	22
526.400	14	0	0	7	28	13	2	9	3	0	3	0	0	3	0	0	0	0	0	0	1	8	7	21
526.600	10	0	0	5	18	10	2	9	6	1	7	0	0	2	0	0	0	0	0	0	1	8	6	11
526.800	14	0	0	6	34	10	2	8	2	0	9	0	0	1	0	0	0	0	0	0	0	12	2	17
527.000	13	0	0	5	23	13	2	6	2	0	9	0	0	4	0	0	0	0	0	0	0	12	4	13
527.200	16	0	0	5	34	15	2	11	5	0	7	0	0	7	0	0	0	0	0	0	1	6	4	17
527.400	10	0	0	6	25	10	2	7	2	0	8	0	0	2	0	0	0	0	0	0	1	6	6	17
527.600	12	0	0	4	30	11	2	10	3	0	8	0	0	4	0	0	0	0	0	0	0	9	0	9
527.800	9	0	1	5	29	10	2	10	4	0	6	0	0	6	0	0	0	0	0	0	0	7	1	11
528.000	8	0	0	5	26	11	3	14	2	0	5	0	0	3	0	0	0	0	0	0	0	9	2	11
528.200	9	0	0	6	28	12	2	10	2	0	5	0	0	7	0	0	0	0	0	0	2	10	3	17
528.400	5	0	1	6	33	9	2	12	3	0	8	0	0	4	0	0	0	0	0	0	1	11	2	26
528.600	7	0	0	7	31	10	2	9	3	0	12	0	0	7	0	0	0	0	0	0	0	9	9	14
528.800	6	0	0	4	26	12	1	13	3	0	7	0	0	5	0	0	0	0	0	0	1	9	8	12
529.000	5	0	0	7	29	12	2	11	3	0	7	0	0	4	0	0	0	0	0	0	0	11	3	24
529.200	8	0	0	4	29	11	3	8	2	0	6	0	0	4	0	0	0	0	0	0	1	9	7	10
529.400	4	0	0	5	25	13	1	5	1	0	8	0	0	3	0	0	0	0	0	0	1	10	9	15
529.600	5	0	0	5	20	9	3	12	4	0	4	0	0	7	0	0	0	0	0	0	1	8	3	9
529.800	6	0	0	7	27	14	2	17	6	0	6	0	0	4	0	0	0	0	0	0	0	9	2	20
530.000	4	0	0	4	31	7	2	10	3	0	5	0	0	6	0	0	0	0	0	0	1	11	7	7
530.200	5	0	0	5	26	9	3	14	3	0	6	0	1	5	0	0	0	0	0	0	1	10	4	21
530.400	5	0	0	7	26	11	2	10	3	0	7	0	0	7	0	0	0	0	0	0	1	8	10	16
530.600	8	0	0	5	35	12	2	11	3	0	5	0	0	6	0	0	0	0	0	0	1	13	3	9
530.800	6	0	0	4	22	10	2	8	2	0	6	0	0	4	0	0	0	0	0	0	1	10	4	9
531.000	6	0	0	7	23	11	3	11	4	0	7	0	0	3	0	0	0	0	0	0	1	12	5	9
531.200	5	0	0	5	25	12	2	8	4	0	7	0	0	6	0	0	0	0	0	0	0	5	2	14
531.400	5	0	0	6	25	13	2	9	2	0	9	0	0	6	0	0	0	0	0	0	0	11	0	1
531.600	5	0	0	4	28	10	2	10	3	0	7	0	0	8	0	0	0	0	0	0	0	11	4	8
531.800	4	0	0	5	26	12	2	10	3	0	7	0	0	4	0	0	0	0	0	0	0	9	5	5
532.000	4	0	0	5	27	13	4	12	2	0	5	0	1	4	0	0	0	0	0	0	0	10	1	13
532.200	5	0	1	6	19	9	4	9	4	0	6	0	0	5	0	0	0	0	0	0	0	7	0	5
532.400	5	0	0	5	32	12	2	12	4	0	8	0	0	4	0	0	0	0	0	0	0	10	0	4
532.600	3	0	0	8	32	11	2	12	3	0	8	0	0	6	0	0	0	0	0	0	0	13	1	7
532.800	5	0	0	4	22	10	2	13	4	0	6	0	0	5	0	0	0	0	0	0	0	11	1	13
533.000	5	0	0	4	37	13	2	11	4	0	7	0	0	5	0	0	0	0	0	0	1	15	6	10
533.200	6	0	0	5	28	9	2	9	2	0	3	0	0	7	0	0	0	0	0	0	1	8	2	0
533.400	6	0	0	8	24	13	3	12	3	0	6	0	0	8	0	0	0	0	0	0	1	14	3	9
533.600	5	0	0	6	23	8	1	8	6	0	4	0	0	6	0	0	0	0	0	0	0	11	9	19
533.800	3	0	0	6	32	8	2	8	3	0	8	0	0	4	0	0	0	0	0	0	1	12	5	11
534.000	3	0	0	5	23	13	2	9	3	0	7	0	0	6	0	0	0	0	0	0	0	4	0	11
534.200	5	0	0	6	19	11	2	9	3	0	8	0	0	6	0	0	0	0	0	0	1	9	0	3
534.400	6	0	0	4	27	12	2	11	4	0	7	0	0	5	0	0	0	0	0	0	1	11	6	10
534.600	16	0	0	6	20	9	2	10	3	0	6	0	0	4	0	0	0	0	0	0	1	11	4	14
534.800	11	0	0	5	21	12	4	9	2	0	7	0	0	4	0	0	0	0	0	0	1	8	3	13
535.000	3	0	0	7	26	6	3	14	2	0	6	0	0	3	0	0	0	0	0	0	1	10	0	9
535.200	1	0	0	4	19	9	2	9	2	0	8	0	0	2	0	0	0	0	0	0	1	10	2	11
535.400	0	0	0	6	31	14	2	9	3	0	6	0	0	4	0	0	0	0	0	0	1	11	0	17
535.600	2	0	0	5	25	11	2	9	2	0	7	0	0	5	0	0	0	0	0	0	0	9	2	1
535.800	0	0	0	4	26	9	1	10	3	0	6	0	0	5	0	0	0	0	0	0	0	8	2	7
536.000	0	0	0	5	27	13	3	10	4	0	7	0	0	2	0	0	0	0	0	0	1	12	4	14
536.200	5	0	0	5	22	12	2	8	3	0	7	0	0	7	0	0	0	0	0	0	0	11	3	8
536.400	7	0	0	4	24	5	4	9	2	0	9	0	0	5	0	0	0	0	0	0	1	12	1	3
536.600	8	0	0	6	26	9	2	6	1	0	5	0	0	5	0	0	0	0	0	0	1	11	1	14
536.800	4	0	0	6	30	6	2	12	4	0	7	0	0	5	0	0	0	0	0	0	1	11	7	23
537.000	10	0	0	6	22	10	2	10	2	0	6	0	0	3	0	0	0	0	0	0	0	11	4	13
537.200	13	0	0	4	20	11	2	7	2	0	7	0	0	0	0	0	0	0	0	0	1	12	1	9
537.400	15	0	0	4	18	12	2	11	2	0	7	0	0	4	0	0	0	0	0	0	1	16	4	4
537.600	8	0	0	6	20	12	2	11	3	0	7	0	0	3	0	0	0	0	0	0	1	13	4	6
537.800	14	0	0	4	18	7	3	14	3	0	7	0	0	5	0	0	0	0	0	0	0	9	2	9
538.000	13	0	0	5	24	10	2	12	3	0	6	0	0	6	0	0	0	0	0	0	0	12	5	11
538.200	5	0	0	5	19	12	3	11	2	0	5	0	0	5	0	0	0	0	0	0	1	7	4	8
538.400	12	0	0	5	25	13	2	9	2	0	7	0	1	6	0	0	0	0	0	0	0	9	1	9
538.600	9	0	0	4	29	9	3	11	4	0	8	0	0	5	0	0	0	0	0	0	0	10	0	8
538.800	13	0	0	5	25	13	2	13	3	0	8	0	0	5	0	0	0	0	0	0	1	10	2	1
539.000	8	0	0	6	24	12	2	9	2	0	7	0	0	5	0	0	0	0	0	0	0	13	4	9
539.200	7	0	0	5	24	8	2	11	3	0	5	0	1	5	0	0	0	0	0	0	0	11	6	8
539.400	13	0	0	5	26	13	3	12	3	0	5	0	1	2	0	0	0	0	0	0	0	10	2	5
539.600	7	0	0	6	24	9	1	8	3	0	8	0	0	3	0	0	0	0	0	0	1	12	3	4
539.800	17	0	0	6	19	13	2	10	5	0	7	0	0	3	0	0	0	0	0	0	0	8	1	9
540.000	14	0	0	4	18	10	2	12	4	0	7	0	0	5	0	0	0	0	0	0	0	8	2	5
540.200	13	0	0	6	24	15	2	10	2	0	8	0	0	3	0	0	0	0	0	0	0	11	5	3
540.400	15	0	0	7	27	13	2	7	2	0	6	0	0	1	0	0	0	0	0	0	0	8	3	10
540.600	12	0	0	4	24	9	3	12	3	0	7	0	0	2	0	0	0	0	0	0	0	9	4	14
540.800	13	0	0	5	20	12	4	8	2	0	7	0	0	3	0	0	0	0	0	0	0	10	13	6
541.000	2	0	0	6	20	12	2	13	7	0	6	0	0	2	0	0	0	0	0	0	1	14	10	6
541.200	0	0	0	5	26	8	2	10	2	0	6	0	0	2	0	0	0	0	0	0	1	12	5	7
541.400	3	0	0	5	24	13	2	11	4	0	5	0	0	3	0	0	0	0	0	0	1	13	8	12
541.600	5	0	0	5	27	13	2	10	3	0	8	0	0	5	0	0	0	0	0	0	1	13	13	13
541.800	10	0	0	4	33	8	2	7	2	0	8	0	0	5	0	0	0	0	0	0	1	13	10	11
542.000	2	0	0	5	24	10	2	5	2	0	5	0	0	3	0	0	0	0	0	0	0	12	6	12
542.200	4	0	0	4	22	13	2	7	0	0	5	0	0	6	0	0	0	0	0	0	0	11	7	11
542.400	8	0	0	2	16	7	4	8	4	0	5	0	0	4	0	0	0	0	0	0	0	11	0	7
542.600	8	0	0	7	25	7	2	10	6	0	7	0	0	4	0	0	0	0	0	0	1	17	5	8
542.800	7	0	0	4	26	13	2	11	3	0	7	0	1	5	0	0	0	0	0	0	1	12	5	11
543.000	4	0	0	5	19	10	2	10	4	0	7	0	1	5	0	0	0	0	0	0	1	13	1	8
543.200	2	0	0	5	24	6	2	13	3	0	5	0	0	5	0	0	0	0	0	0	0	8	2	11
543.400	12	0	0	5	19	8	3	16	6	0	5	0	0	4	0	0	0	0	0	0	0	8	4	3
543.600	7	0	0	4	19	7	3	11	2	0	8	0	1	3	0	0	0	0	0	0	0	10	1	7
543.800	5	0	0	6	21	10	2	13	4	0	5	0	0	7	0	0	0	0	0	0	1	15	0	11
544.000	7	0	0	5	20	12	3	14	3	0	8	0	1	5	0	0	0	0	0	0	0	12	3	13
544.200	5	0	0	6	22	9	1	10	3	0	7	0	0	5	0	0	0	0	0	0	1	12	3	9
544.400	9	0	0	5	23	10	2	12	2	0	15	0	0	5	0	0	0	0	0	0	1	11	9	8
544.600	12	0	0	5	19	7	2	8	2	0	13	0	0	4	0	0	0	0	0	0	0	13	9	7
544.800	12	0	0	3	12	7	4	12	2	0	9	0	1	2	0	0	0	0	0	0	0	12	9	8
545.000	13	0	0	3	19	7	2	10	4	0	8	0	2	2	0	0	0	0	0	0	0	9	3	1
545.200	9	1	0	2	17	7	0	8	0	0	6	0	1	5	0	0	0	0	0	0	0	8	7	9
545.400	5	0	0	7	28	8	2	15	3	0	7	0	0	2	0	0	0	0	0	0	0	13	1	1
545.600	5	0	0	2	27	7	1	13	2	0	6	0	0	3	0	0	0	0	0	0	0	11	4	7
545.800	13	0	0	3	29	10	2	11	3	0	8	0	0	4	0	0	0	0	0	0	1	11	1	10
546.000	15	0	0	6	25	9	3	14	3	0	10	0	1	4	0	0	0	0	0	0	0	11	4	7
546.200	11	0	0	6	24	11	2	7	2	0	7	0	0	3	0	0	0	0	0	0	0	11	2	6
546.400	7	0	0	6	33	11	2	13	3	0	8	0	0	4	0	0	0	0	0	0	0	12	8	11
546.600	10	0	0	3	29	11	1	9	3	0	7	0	0	2	0	0	0	0	0	0	0	11	9	18
546.800	14	0	0	6	27	8	2	9	2	0	7	0	0	4	0	0	0	0	0	0	0	11	9	17
547.000	15	0	0	2	27	10	2	13	5	0	7	0	0	1	0	0	0	0	0	0	0	10	6	10
547.200	13	0	0	3	29	9	2	8	4	0	7	0	0	2	0	0	0	0	0	0	0	6	3	8
547.400	6	0	0	6	24	10	2	14	4	0	6	0	0	2	0	0	0	0	0	0	0	11	7	14
547.600	11	0	0	2	27	14	3	12	2	0	7	0	0	4	0	0	0	0	0	0	1	13	10	24
547.800	7	0	0	2	25	12	2	17	4	0	8	0	0	7	0	0	0	0	0	0	1	12	0	13
548.000	7	0	0	6	30	6	1	9	2	0	6	0	0	4	0	0	0	0	0	0	0	6	14	13
548.200	10	0	0	7	26	9	3	14	3	0	7	0	1	3	0	0	0	0	0	0	1	15	14	6
548.400	7	0	0	6	32	8	0	14	4	0	7	0	0	4	0	0	0	0	0	0	0	7	16	9
548.600	11	0	0	8	29	7	2	10	3	0	8	0	1	2	0	0	0	0	0	0	1	11	19	11
548.800	16	0	0	5	26	11	1	14	4	0	7	0	0	6	0	0	0	0	0	0	0	12	14	16
549.000	15	0	0	2	21	8	3	13	6	0	7	0	0	2	0	0	0	0	0	0	1	12	5	21
549.200	16	0	0	5	27	12	2	12	3	0	8	0	0	3	0	0	0	0	0	0	2	12	0	6
549.400	13	0	0	2	27	13	1	14	4	0	6	0	0	4	0	0	0	0	0	0	1	11	3	13
549.600	8	0	0	4	20	8	2	12	1	0	6	0	0	5	0	0	0	0	0	0	1	11	1	12
549.800	15	0	2	6	27	13	2	13	5	0	8	0	0	4	0	0	0	0	0	0	1	9	2	13
550.000	11	0	2	2	29	9	2	6	4	0	5	0	0	3	0	0	0	0	0	0	0	9	2	14
550.200	10	0	0	2	30	8	3	12	4	0	6	0	0	5	0	0	0	0	0	0	1	12	2	13
550.400	6	3	2	2	28	11	2	10	2	0	6	0	0	4	0	0	0	0	0	0	1	11	3	5
550.600	8	1	2	1	27	10	2	10	5	0	8	0	0	3	0	0	0	0	0	0	1	10	6	8
550.800	7	0	2	6	30	7	3	13	4	0	8	0	1	5	0	0	0	0	0	0	0	5	0	15
551.000	7	0	2	2	24	9	2	14	4	0	7	0	1	6	0	0	0	0	0	0	1	13	1	13
551.200	6	0	1	3	20	12	3	18	5	0	5	0	0	4	0	0	0	0	0	0	1	7	4	16
551.400	5	3	2	2	22	10	4	11	5	0	6	0	0	3	0	0	0	0	0	0	1	11	8	6
551.600	6	6	2	2	26	13	2	10	4	0	4	0	0	6	0	0	0	0	0	0	1	12	3	9
551.800	5	4	2	2	27	12	2	9	4	0	6	0	0	7	0	0	0	0	0	0	0	10	6	12
552.000	6	5	2	3	24	11	1	10	2	0	9	0	0	7	0	0	0	0	0	0	1	8	6	15
552.200	5	4	1	5	21	9	2	13	7	0	8	0	0	6	0	0	0	0	0	0	1	11	2	12
552.400	6	3	4	2	21	9	2	12	5	0	6	0	0	7	1	0	0	0	0	0	1	12	9	13
552.600	9	2	0	2	23	11	1	12	2	0	7	0	0	6	0	0	0	0	0	0	1	12	6	16
552.800	7	2	2	5	22	7	4	15	4	0	7	0	0	5	0	0	0	0	0	0	1	11	2	17
553.000	3	1	2	6	22	8	2	15	3	0	4	0	0	4	0	0	0	0	0	0	1	9	3	17
553.200	5	1	1	2	22	12	2	9	4	0	4	0	0	5	0	0	0	0	0	0	1	8	8	14
553.400	4	1	1	2	18	7	1	13	2	0	7	0	0	5	0	0	0	0	0	0	1	8	3	18
553.600	4	5	2	6	24	9	3	10	3	0	9	0	0	5	0	0	0	0	0	0	2	12	6	15
553.800	5	4	2	2	19	12	2	10	3	0	7	0	0	10	0	0	0	0	0	0	1	8	4	21
554.000	8	4	5	2	24	13	3	15	3	0	3	0	0	7	0	0	0	0	0	0	1	9	1	13
554.200	8	4	1	2	19	9	3	5	2	0	8	0	0	5	0	0	0	0	0	0	3	10	3	15
554.400	4	0	1	2	24	10	1	10	2	0	7	0	0	6	0	0	0	0	0	0	2	8	8	21
554.600	10	0	2	2	27	9	2	12	2	0	17	0	0	4	0	0	0	0	0	0	1	7	4	16
554.800	7	0	0	2	18	7	2	9	2	0	8	0	0	6	0	0	0	0	0	0	3	13	5	17
555.000	5	4	1	2	21	5	2	8	1	0	7	0	0	7	0	0	0	0	0	0	0	9	1	16
555.200	4	0	2	3	26	11	2	10	3	0	6	0	0	5	0	0	0	0	0	0	1	7	1	2
555.400	5	0	0	3	23	11	2	13	2	0	5	0	0	11	0	0	0	0	0	0	3	3	5	12
555.600	5	3	2	2	21	9	2	11	3	0	9	0	0	10	0	0	0	0	0	0	0	6	2	16
555.800	4	3	1	2	21	12	3	15	4	0	16	0	0	10	0	0	0	0	0	0	0	4	4	12
556.000	5	3	2	4	30	8	2	13	5	0	11	0	0	7	0	0	0	0	0	0	1	12	5	4
556.200	4	2	2	7	20	2	2	12	3	0	12	0	0	6	0	0	0	0	0	0	1	11	4	18
556.400	9	0	1	4	25	10	2	12	2	0	9	0	0	5	0	0	0	0	0	0	1	10	1	11
556.600	2	0	1	4	15	10	3	15	3	0	4	0	0	9	0	0	0	0	0	0	1	10	4	21
556.800	7	0	0	5	24	4	2	12	2	0	7	0	0	10	0	0	0	0	0	0	1	8	4	15
557.000	4	0	1	2	26	8	2	5	4	0	10	0	0	8	0	0	0	0	0	0	1	11	3	16
557.200	9	0	1	5	35	9	2	11	2	0	6	0	0	9	0	0	0	0	0	0	1	8	4	13
557.400	7	2	4	6	17	7	2	15	3	0	9	0	0	10	0	0	0	0	0	0	1	3	7	20
557.600	5	2	1	2	20	3	2	16	4	0	6	0	0	9	0	0	0	0	0	0	2	8	2	10
557.800	8	1	5	5	25	6	4	11	2	0	7	0	0	9	0	0	0	0	0	0	0	5	6	29
558.000	7	2	3	3	25	7	2	17	3	0	9	0	0	8	0	0	0	0	0	0	1	6	2	29
558.200	8	2	1	7	24	7	2	15	4	0	7	0	0	8	0	0	0	0	0	0	0	10	2	22
558.400	8	2	4	6	19	8	2	7	1	0	14	0	0	3	0	0	0	0	0	0	1	10	2	9
558.600	4	2	2	4	16	7	3	11	2	0	5	0	0	8	0	0	0	0	0	0	2	9	6	18
558.800	5	3	2	3	17	7	4	11	3	0	8	0	0	4	0	0	0	0	0	0	2	9	1	5
559.000	4	3	2	5	24	10	2	11	3	0	10	0	0	3	0	0	0	0	0	0	2	7	5	13
559.200	4	3	2	3	21	9	4	8	2	0	9	0	0	4	0	0	0	0	0	0	0	9	1	14
559.400	5	2	2	6	26	10	4	12	3	0	5	0	0	7	0	0	0	0	0	0	0	7	2	5
559.600	5	2	2	2	22	7	3	13	2	0	6	0	0	4	0	0	0	0	0	0	0	9	4	11
559.800	8	2	2	6	23	8	2	11	2	0	7	0	0	9	0	0	0	0	0	0	2	10	5	13
560.000	5	1	2	5	18	8	3	12	5	0	7	0	0	5	0	0	0	0	0	0	1	12	4	12
560.200	4	2	0	2	21	9	2	9	2	0	12	0	0	7	0	0	0	0	0	0	1	15	6	12
560.400	6	1	2	3	25	9	3	12	2	0	6	0	0	7	0	0	0	0	0	0	1	5	7	12
560.600	10	3	2	2	20	8	2	13	2	0	12	0	0	6	0	0	0	0	0	0	1	12	3	6
560.800	2	2	2	2	23	7	2	13	2	0	7	0	0	4	0	0	0	0	0	0	1	13	6	12
561.000	5	3	3	5	24	10	2	11	0	0	5	0	0	4	0	0	0	0	0	0	2	12	7	11
561.200	7	1	0	3	17	6	2	10	2	0	6	0	0	5	0	0	0	0	0	0	1	11	0	12
561.400	4	0	0	2	17	10	2	12	2	0	8	0	0	5	0	0	0	0	0	0	1	12	4	14
561.600	5	0	1	2	20	8	2	9	2	0	14	0	0	7	0	0	0	0	0	0	1	8	1	13
561.800	5	0	2	3	24	8	2	15	4	0	6	0	0	3	0	0	0	0	0	0	1	11	4	12
562.000	8	2	2	2	22	7	3	16	5	0	5	0	0	5	0	0	0	0	0	0	1	6	6	19
562.200	6	3	2	2	24	13	2	9	0	0	7	0	0	5	0	0	0	0	0	0	0	10	2	6
562.400	4	3	2	2	23	10	4	8	0	0	9	0	0	5	0	0	0	0	0	0	1	10	5	14
562.600	8	3	1	2	17	11	4	14	4	0	10	0	0	4	0	0	0	0	0	0	0	1	4	18
562.800	4	4	1	2	25	11	2	10	3	0	7	0	0	6	0	0	0	0	0	0	0	0	3	20
563.000	5	1	2	2	22	11	2	8	2	0	18	0	0	3	0	0	0	0	0	0	0	0	4	8
563.200	4	1	0	2	24	10	3	17	4	0	9	0	0	2	0	0	0	0	0	0	0	1	8	10
563.400	4	0	1	4	21	12	2	13	3	0	8	0	0	3	0	0	0	0	0	0	0	1	4	17
563.600	3	3	1	4	23	9	2	17	4	0	16	0	0	2	0	0	0	0	0	0	0	2	2	11
563.800	4	0	2	6	20	12	1	9	2	0	13	0	0	3	0	0	0	0	0	0	0	2	6	10
564.000	3	0	2	2	23	6	2	9	2	0	6	0	0	3	0	0	0	0	0	0	0	2	5	23
564.200	6	4	2	2	18	10	2	11	2	0	6	0	0	4	0	0	0	0	0	0	0	2	2	20
564.400	6	1	2	5	26	8	0	13	4	0	15	0	0	0	0	0	0	0	0	0	0	1	4	11
564.600	6	0	2	2	23	9	3	16	5	0	11	0	0	5	0	0	0	0	0	0	0	1	8	22
564.800	9	1	1	2	22	9	1	12	4	0	11	0	0	5	0	0	0	0	0	0	0	2	7	12
565.000	12	1	2	2	22	10	3	11	3	0	17	0	0	8	0	0	0	0	0	0	0	1	2	19
565.200	9	0	2	3	20	13	1	12	5	0	12	0	0	4	0	0	0	0	0	0	0	2	2	16
565.400	7	0	1	3	29	8	2	15	4	0	10	0	0	2	0	0	0	0	0	0	0	1	2	11
565.600	13	0	2	2	23	9	3	11	3	0	8	0	0	3	0	0	0	0	0	0	0	2	4	19
565.800	13	0	0	2	27	18	3	13	2	0	13	0	0	3	0	0	0	0	0	0	0	2	6	19
566.000	8	0	1	3	22	10	2	5	2	0	9	0	0	2	0	0	0	0	0	0	3	3	8	15
566.200	19	1	2	3	29	5	3	15	2	0	15	0	0	3	0	0	0	0	0	0	3	4	5	4
566.400	13	1	2	2	17	9	3	14	2	0	13	0	0	3	0	0	0	0	0	0	0	2	2	10
566.600	6	0	2	6	21	11	0	13	2	0	7	0	0	2	0	0	0	0	0	0	1	1	2	9
566.800	8	0	2	6	20	9	2	15	3	0	10	0	0	2	0	0	0	0	0	0	0	3	5	16
567.000	6	0	2	2	20	7	2	13	2	0	10	0	0	3	0	0	0	0	0	0	0	4	8	8
567.200	10	2	2	2	24	15	2	12	4	0	8	0	0	3	0	0	0	0	0	0	0	5	1	17
567.400	7	3	2	3	22	8	2	10	2	0	4	0	0	2	0	0	0	0	0	0	3	6	3	15
567.600	9	0	0	2	19	9	2	8	2	0	11	0	0	4	0	0	0	0	0	0	1	5	5	9
567.800	4	0	1	2	19	9	3	7	2	0	18	0	0	3	0	0	0	0	0	0	1	9	8	17
568.000	8	1	3	2	33	7	3	12	3	0	13	0	0	3	0	0	0	0	0	0	1	9	2	13
568.200	4	3	2	4	24	10	2	12	2	0	13	0	0	3	0	0	0	0	0	0	2	6	5	7
568.400	4	1	1	4	21	6	2	7	1	0	8	0	0	0	0	0	0	0	0	0	2	10	2	5
568.600	8	3	2	3	24	7	3	9	2	0	11	0	0	2	0	0	0	0	0	0	1	11	2	4
568.800	5	2	3	2	25	9	2	14	1	0	6	0	0	0	0	0	0	0	0	0	1	11	3	8
569.000	8	3	2	4	28	9	0	4	2	0	17	0	0	0	0	0	0	0	0	0	1	8	5	17
569.200	8	1	2	3	25	9	4	8	2	0	8	0	0	1	0	0	0	0	0	0	2	8	5	10
569.400	4	1	2	6	24	8	2	11	2	0	8	0	0	0	0	0	0	0	0	0	1	8	8	10
569.600	7	1	2	5	23	7	2	14	2	0	5	0	0	0	0	0	0	0	0	0	2	10	1	6
569.800	3	2	2	3	24	8	2	12	2	0	6	0	0	0	0	0	0	0	0	0	1	10	3	14
570.000	4	3	1	5	34	11	2	15	3	0	8	0	0	0	0	0	0	0	0	0	1	10	9	14
570.200	4	3	2	5	24	8	3	11	2	0	8	0	0	1	0	0	0	0	0	0	1	9	6	14
570.400	5	3	1	4	17	8	3	12	2	0	10	0	0	0	0	0	0	0	0	0	0	3	3	9
570.600	5	1	1	5	18	8	3	10	4	0	6	0	0	0	0	0	0	0	0	0	2	14	5	13
570.800	8	2	2	3	23	10	3	19	3	0	16	0	0	0	0	0	0	0	0	0	0	9	9	18
571.000	8	1	2	5	28	4	2	13	2	0	11	0	0	0	0	0	0	0	0	0	2	8	4	17
571.200	6	4	2	2	22	9	4	18	4	0	2	0	0	0	0	0	0	0	0	0	1	9	6	13
571.400	5	5	1	2	17	8	2	10	3	0	12	0	0	0	0	0	0	0	0	0	2	10	5	20
571.600	6	3	1	7	22	13	2	6	2	0	9	0	0	0	0	0	0	0	0	0	1	11	6	16
571.800	7	2	4	5	22	10	4	12	2	0	8	0	0	0	0	0	0	0	0	0	2	13	5	22
572.000	6	1	5	4	24	10	3	15	4	0	6	0	0	0	0	0	0	0	0	0	2	11	6	16
572.200	7	4	1	6	28	8	3	11	3	0	6	0	0	0	0	0	0	0	0	0	2	9	5	18
572.400	4	1	0	4	32	10	2	11	4	0	9	0	0	0	0	0	0	0	0	0	2	13	8	14
572.600	7	0	0	5	30	13	3	9	0	0	2	0	0	0	0	0	0	0	0	0	1	11	8	14
572.800	6	0	0	2	27	8	2	14	6	0	8	0	0	0	0	0	0	0	0	0	2	9	7	10
573.000	5	0	0	4	23	9	2	12	3	0	6	0	0	0	0	0	0	0	0	0	1	12	2	12
573.200	4	0	0	2	25	11	2	11	5	0	4	0	0	0	0	0	0	0	0	0	2	13	2	14
573.400	4	0	1	5	21	10	2	11	2	0	7	0	0	0	0	0	0	0	0	0	1	13	6	19
573.600	4	3	2	2	21	11	3	10	3	0	12	0	0	2	0	0	0	0	0	0	1	8	0	12
573.800	5	3	2	3	21	7	3	14	3	0	13	0	0	0	0	0	0	0	0	0	1	11	10	14
574.000	6	1	3	4	25	2	2	8	1	0	8	0	0	2	0	0	0	0	0	0	1	10	6	21
574.200	5	2	4	3	24	11	2	13	3	0	8	0	0	3	0	0	0	0	0	0	1	9	3	13
574.400	6	2	5	5	23	7	3	14	2	0	15	0	0	3	0	0	0	0	0	0	1	7	5	18
574.600	11	2	2	4	25	6	2	15	4	0	16	0	0	2	0	0	0	0	0	0	2	5	3	10
574.800	5	2	5	4	23	8	2	6	2	0	9	0	0	3	0	0	0	0	0	0	1	6	4	10
575.000	6	1	1	5	30	11	2	11	2	0	15	0	0	4	0	0	0	0	0	0	0	3	4	14
575.200	6	2	3	8	21	10	2	8	2	0	15	0	0	1	0	0	0	0	0	0	0	10	3	9
575.400	4	3	5	5	16	8	3	7	2	0	6	0	0	2	0	0	0	0	0	0	1	10	5	10
575.600	6	5	7	6	23	7	3	12	5	0	5	0	0	4	0	0	0	0	0	0	1	8	4	9
575.800	5	5	9	8	12	7	2	10	3	0	1	0	0	3	0	0	0	0	0	0	1	10	5	17
576.000	5	5	7	6	22	7	2	10	1	0	10	0	0	3	0	0	0	0	0	0	2	10	6	15
576.200	8	4	5	5	21	8	2	12	3	0	11	0	0	3	0	0	0	0	0	0	2	10	6	19
576.400	5	3	4	4	23	9	2	11	6	0	4	0	0	4	0	0	0	0	0	0	1	11	8	13
576.600	8	1	2	2	21	5	2	15	3	0	6	0	0	3	0	0	0	0	0	0	0	8	0	5
576.800	4	1	2	3	27	10	3	14	6	0	4	0	0	3	0	0	0	0	0	0	0	12	11	19
577.000	5	1	2	3	26	11	3	13	5	0	9	0	0	4	0	0	0	0	0	0	1	11	9	10
577.200	9	1	2	2	19	12	2	14	4	0	5	0	0	3	0	0	0	0	0	0	1	9	11	6
577.400	7	3	1	2	19	10	2	13	3	0	9	0	0	1	0	0	0	0	0	0	1	12	9	8
577.600	5	1	4	2	25	9	1	10	2	0	8	0	0	5	0	0	0	0	0	0	0	13	4	15
577.800	4	1	2	3	27	7	2	15	9	0	11	0	0	4	0	0	0	0	0	0	1	16	6	15
578.000	9	3	2	0	23	5	2	11	4	0	10	0	0	2	0	0	0	0	0	0	0	15	5	16
578.200	4	2	3	2	20	8	2	14	4	0	14	0	0	5	0	0	0	0	0	0	2	16	2	7
578.400	4	3	2	3	26	13	3	12	6	0	7	0	0	3	0	0	0	0	0	0	3	20	7	6
578.600	4	1	2	6	17	8	2	6	0	0	18	0	0	1	0	0	0	0	0	0	2	9	2	8
578.800	4	2	0	5	24	8	2	15	3	0	8	0	0	2	0	0	0	0	0	0	1	5	0	6
579.000	4	4	0	2	22	11	2	13	3	0	16	0	0	1	0	0	0	0	0	0	2	10	6	8
579.200	5	0	2	5	25	7	2	13	3	0	14	0	0	1	0	0	0	0	0	0	2	12	5	15
579.400	2	0	1	3	18	9	2	12	2	0	12	0	0	3	0	0	0	0	0	0	1	12	5	9
579.600	10	0	2	2	21	8	3	14	3	0	8	0	0	3	0	0	0	0	0	0	1	9	3	6
579.800	7	0	2	2	21	11	3	16	3	0	19	0	0	2	0	0	0	0	0	0	1	14	9	11
580.000	5	5	1	4	20	12	2	9	2	0	15	0	0	2	0	0	0	0	0	0	0	8	3	4
580.200	4	6	7	2	24	9	3	12	2	0	16	0	0	4	0	0	0	0	0	0	1	12	10	11
580.400	5	4	2	2	20	7	2	11	8	0	14	0	0	4	0	0	0	0	0	0	1	10	6	6
580.600	4	2	2	2	24	8	4	12	3	0	14	0	0	1	0	0	0	0	0	0	0	9	1	7
580.800	7	3	2	4	24	10	2	12	4	0	14	0	0	1	0	0	0	0	0	0	2	12	2	6
581.000	9	1	0	2	17	10	2	10	2	0	13	0	0	4	0	0	0	0	0	0	0	13	3	1
581.200	9	2	1	2	24	8	1	13	2	0	12	0	0	4	0	0	0	0	0	0	1	11	7	10
581.400	12	1	2	3	18	13	4	13	5	0	11	0	0	3	0	0	0	0	0	0	0	9	8	12
581.600	12	2	2	2	23	8	2	15	4	0	13	0	0	3	0	0	0	0	0	0	0	6	3	13
581.800	7	1	1	2	23	11	4	17	4	0	12	0	0	4	0	0	0	0	0	0	0	10	7	9
582.000	10	1	1	2	16	12	2	14	3	0	13	0	0	2	0	0	0	0	0	0	1	9	3	16
582.200	4	4	2	5	26	10	2	11	6	0	16	0	0	3	0	0	0	0	0	0	0	8	6	23
582.400	4	2	0	4	27	11	3	13	3	0	12	0	0	1	0	0	0	0	0	0	1	7	1	10
582.600	5	5	2	2	21	7	3	13	5	0	13	0	0	1	0	0	0	0	0	0	1	7	5	9
582.800	4	5	4	4	26	11	2	15	2	0	11	0	0	0	0	0	0	0	0	0	2	12	1	18
583.000	11	5	2	2	22	7	1	12	3	0	6	0	0	1	0	0	0	0	0	0	1	4	5	15
583.200	8	5	0	5	25	9	1	9	4	0	7	0	0	1	0	0	0	0	0	0	0	9	1	13
583.400	3	1	0	5	30	12	2	10	3	0	9	0	0	1	0	0	0	0	0	0	3	8	9	17
583.600	5	4	0	2	26	15	2	16	3	0	12	0	0	1	0	0	0	0	0	0	1	3	7	11
583.800	5	1	0	4	25	10	2	15	3	0	8	0	0	1	0	0	0	0	0	0	0	3	7	9
584.000	8	3	0	6	29	8	3	8	3	0	13	0	0	2	0	0	0	0	0	0	0	1	4	10
584.200	7	0	0	4	29	14	2	9	3	0	11	0	0	4	0	0	0	0	0	0	0	4	6	9
584.400	8	0	0	4	32	13	2	12	3	0	14	0	0	6	0	0	0	0	0	0	0	1	2	14
584.600	5	0	0	4	25	11	3	14	2	0	13	0	0	4	0	0	0	0	0	0	0	3	3	7
584.800	13	0	0	2	21	8	3	19	9	0	14	0	0	5	0	0	0	0	0	0	2	3	8	17
585.000	2	0	0	5	19	9	2	7	3	0	15	0	0	4	0	0	0	0	0	0	0	7	3	20
585.200	10	3	0	5	26	14	2	7	2	0	16	0	0	4	0	0	0	0	0	0	0	7	9	25
585.400	5	1	0	8	25	11	2	13	3	0	11	0	0	3	0	0	0	0	0	0	0	8	8	17
585.600	13	4	0	6	18	14	2	12	2	0	15	0	0	5	0	0	0	0	0	0	1	9	6	16
585.800	2	3	0	6	21	8	2	10	4	0	12	0	0	4	0	0	0	0	0	0	1	7	1	18
586.000	11	4	0	6	20	8	2	12	2	0	13	0	0	4	0	0	0	0	0	0	1	10	4	10
586.200	7	5	0	7	26	10	2	12	4	0	13	0	0	4	0	0	0	0	0	0	1	12	4	11
586.400	10	4	0	6	27	8	2	15	6	0	11	0	0	5	0	0	0	0	0	0	0	7	4	13
586.600	10	3	0	5	32	8	2	13	3	0	11	0	0	6	0	0	0	0	0	0	1	14	2	10
586.800	13	3	0	6	31	8	2	9	2	0	12	0	0	4	0	0	0	0	0	0	0	4	2	8
587.000	5	2	0	5	20	9	2	10	2	0	10	0	0	6	0	0	0	0	0	0	1	11	1	15
587.200	10	3	0	4	27	7	2	8	2	0	9	0	0	5	0	0	0	0	0	0	1	10	6	19
587.400	6	0	0	2	23	9	3	12	4	0	18	0	0	2	0	0	0	0	0	0	1	10	7	15
587.600	5	0	0	3	28	7	2	12	2	0	8	0	0	3	0	0	0	0	0	0	0	9	7	19
587.800	7	1	0	2	24	12	2	11	2	0	12	0	0	4	0	0	0	0	0	0	1	10	1	13
588.000	14	0	0	5	21	11	1	7	2	0	12	0	0	5	0	0	0	0	0	0	1	12	11	23
588.200	6	0	0	2	31	13	3	14	4	0	14	0	0	5	0	0	0	0	0	0	0	5	8	20
588.400	8	0	0	2	26	10	2	14	2	0	13	0	0	5	0	0	0	0	0	0	1	12	10	10
588.600	14	1	0	3	25	9	2	12	2	0	13	0	0	5	0	0	0	0	0	0	1	13	9	19
588.800	8	0	0	6	31	11	0	9	2	0	11	0	0	4	0	0	0	0	0	0	1	9	6	13
589.000	10	0	0	4	21	12	3	12	4	0	12	0	0	5	0	0	0	0	0	0	1	12	6	9
589.200	13	0	0	2	26	10	1	11	3	0	15	0	0	3	0	0	0	0	0	0	1	8	5	16
589.400	6	1	0	7	26	7	2	15	3	0	14	0	0	5	0	0	0	0	0	0	0	10	7	18
589.600	3	0	0	6	31	8	4	12	4	0	13	0	0	5	0	0	0	0	0	0	0	12	7	27
589.800	11	0	0	3	22	9	2	14	4	0	15	0	0	4	0	0	0	0	0	0	0	7	7	22
590.000	0	0	0	2	27	10	3	10	2	0	13	0	0	5	0	0	0	0	0	0	0	12	0	18
590.200	4	0	0	6	24	6	3	11	2	0	13	0	0	4	0	0	0	0	0	0	0	10	5	17
590.400	8	0	0	6	26	6	3	9	3	0	16	0	0	5	0	0	0	0	0	0	0	4	3	20
590.600	4	0	0	4	24	6	2	14	7	0	13	0	0	4	0	0	0	0	0	0	0	5	7	21
590.800	12	0	0	2	23	7	2	12	3	0	11	0	0	4	0	0	0	0	0	0	0	10	4	12
591.000	12	0	0	2	20	7	2	13	2	0	12	0	0	5	0	0	0	0	0	0	1	7	6	19
591.200	12	0	0	2	21	10	2	8	5	0	15	0	0	4	0	0	0	0	0	0	1	7	10	20
591.400	5	0	0	2	19	8	2	16	6	0	11	0	0	4	0	0	0	0	0	0	1	9	7	15
591.600	8	0	0	4	17	9	4	12	2	0	17	0	0	4	0	0	0	0	0	0	1	9	9	10
591.800	15	1	0	3	25	8	0	8	3	1	13	0	0	4	0	0	0	0	0	0	0	9	8	17
592.000	14	1	0	2	25	5	2	14	2	0	13	0	0	4	0	0	0	0	0	0	1	11	4	3
592.200	12	1	0	2	18	6	0	12	3	0	15	0	0	4	0	0	0	0	0	0	0	7	0	18
592.400	8	4	0	6	21	7	1	9	2	0	16	0	0	5	0	0	0	0	0	0	0	10	2	10
592.600	10	3	4	5	24	5	2	12	6	0	13	0	0	9	0	0	0	0	0	0	1	11	5	8
592.800	7	2	4	2	26	9	4	14	3	0	14	0	0	4	0	0	0	0	0	0	1	11	1	5
593.000	8	1	2	2	18	7	2	11	3	0	16	0	0	7	0	0	0	0	0	0	1	7	0	15
593.200	4	2	1	6	23	10	2	7	2	0	17	0	0	4	0	0	0	0	0	0	1	10	0	5
593.400	8	4	0	2	27	9	2	9	2	0	9	0	0	4	0	0	0	0	0	0	1	9	2	14
593.600	11	6	3	2	18	11	2	17	3	0	12	0	0	4	0	0	0	0	0	0	1	7	3	18
593.800	6	3	2	2	25	12	2	15	2	0	12	0	0	4	0	0	0	0	0	0	1	9	2	4
594.000	6	5	2	5	23	9	4	10	5	0	3	0	0	3	0	0	0	0	0	0	1	10	5	18
594.200	6	4	8	5	20	7	2	13	4	0	0	0	0	4	0	0	0	0	0	0	1	7	1	4
594.400	2	6	5	2	22	7	2	8	3	0	0	0	0	8	0	0	0	0	0	0	1	10	5	18
594.600	3	6	5	5	19	7	3	16	3	0	2	0	0	4	0	0	0	0	0	0	0	12	5	19
594.800	8	5	9	3	22	6	2	10	10	0	3	0	0	4	0	0	0	0	0	0	1	7	4	20
595.000	7	6	7	5	20	4	2	11	4	0	11	0	0	4	0	0	0	0	0	0	0	6	3	18
595.200	4	3	6	6	25	5	4	11	3	0	13	0	0	4	0	0	0	0	0	0	1	10	6	14
595.400	8	5	7	2	23	7	0	11	2	0	12	0	0	4	0	0	0	0	0	0	1	9	4	10
595.600	5	5	5	2	23	11	2	11	8	0	9	0	0	4	0	0	0	0	0	0	0	11	0	9
595.800	4	4	9	4	24	6	2	6	8	0	12	0	0	4	0	0	0	0	0	0	0	8	2	14
596.000	4	5	6	2	26	8	2	10	3	0	10	0	0	4	0	0	0	0	0	0	1	7	2	3
596.200	5	6	7	3	23	7	1	13	2	0	6	0	0	4	0	0	0	0	0	0	1	8	5	18
596.400	5	4	7	4	20	8	2	10	5	0	10	0	0	4	0	0	0	0	0	0	0	7	6	29
596.600	5	3	6	5	23	7	3	15	6	0	8	0	0	4	0	0	0	0	0	0	0	7	6	18
596.800	5	4	6	3	17	7	3	13	6	0	13	0	0	3	0	0	0	0	0	0	1	5	9	18
597.000	5	3	7	4	21	10	4	15	7	0	14	0	0	4	0	0	0	0	0	0	0	2	0	17
597.200	4	3	7	6	22	9	2	8	0	0	14	0	0	4	0	0	0	0	0	0	0	2	6	19
597.400	4	3	8	3	28	12	2	12	7	0	7	0	0	1	0	0	0	0	0	0	0	2	5	13
597.600	5	4	7	2	28	7	2	10	9	0	13	0	0	1	0	0	0	0	0	0	0	2	8	17
597.800	9	5	7	6	21	8	2	9	7	0	14	0	0	4	0	0	0	0	0	0	0	2	5	21
598.000	5	6	7	2	26	10	2	14	11	0	12	0	0	6	0	0	0	0	0	0	0	1	3	4
598.200	4	5	9	6	25	8	2	8	7	0	11	0	0	3	0	0	0	0	0	0	1	12	6	14
598.400	5	5	3	2	23	11	2	12	8	0	14	0	0	6	0	0	0	0	0	0	1	7	3	1
598.600	5	6	7	5	23	12	2	12	4	0	15	0	0	5	0	0	0	0	0	0	1	10	4	14
598.800	6	5	5	2	16	8	2	14	3	0	10	0	0	4	0	0	0	0	0	0	1	11	0	7
599.000	5	6	8	5	19	9	2	12	6	0	13	0	0	5	0	0	0	0	0	0	1	10	3	14
599.200	9	3	4	4	23	8	3	12	4	0	15	0	0	5	0	0	0	0	0	0	1	13	0	5
599.400	10	1	3	7	23	10	1	11	3	0	10	0	0	5	0	0	0	0	0	0	0	7	3	11
599.600	7	2	2	2	25	10	3	13	3	0	15	0	0	5	0	0	0	0	0	0	1	9	7	19
599.800	5	1	2	5	25	12	2	11	3	0	13	0	0	4	0	0	0	0	0	0	1	12	1	6
600.000	9	0	3	4	22	14	2	7	2	0	12	0	0	4	0	0	0	0	0	0	1	8	2	10
600.200	4	0	3	4	16	8	2	10	2	0	15	0	0	5	0	0	0	0	0	0	0	8	1	7
600.400	4	3	4	5	31	11	1	10	2	0	13	0	0	4	0	0	0	0	0	0	0	3	0	15
600.600	3	2	7	5	24	12	2	12	1	0	11	0	0	4	0	0	0	0	0	0	0	3	0	5
600.800	4	1	4	6	24	8	4	12	7	0	12	0	0	2	0	0	0	0	0	0	0	5	1	8
601.000	4	6	10	7	21	7	1	13	4	0	14	0	0	2	0	0	0	0	0	0	0	6	0	9
601.200	5	4	7	4	21	7	2	11	3	0	15	0	0	4	0	0	0	0	0	0	0	10	2	7
601.400	4	1	7	6	18	9	1	11	3	0	15	0	0	5	0	0	0	0	0	0	0	14	8	15
601.600	8	4	8	7	25	7	2	12	4	0	15	0	0	6	0	0	0	0	0	0	1	13	7	9
601.800	4	5	5	4	20	12	2	8	2	0	16	0	0	4	0	0	0	0	0	0	0	12	7	11
602.000	5	4	8	5	26	10	2	10	2	0	15	0	0	6	0	0	0	0	0	0	0	8	7	15
602.200	5	4	11	5	26	9	2	11	2	0	11	0	0	6	0	0	0	0	0	0	1	13	4	12
602.400	4	6	10	1	22	12	2	11	3	0	9	0	0	9	0	0	0	0	0	0	1	8	0	4
602.600	5	4	11	4	23	13	2	10	4	0	16	0	0	8	0	0	0	0	0	0	0	6	0	6
602.800	5	5	9	2	23	10	2	14	3	0	15	0	0	9	0	0	0	0	0	0	1	18	4	8
603.000	5	5	9	4	26	9	2	9	2	0	14	0	0	4	0	0	0	0	0	0	1	9	3	6
603.200	4	6	11	2	23	8	2	13	3	0	10	0	0	8	0	0	0	0	0	0	1	9	3	4
603.400	5	3	7	3	23	12	2	10	4	0	11	0	0	3	0	0	0	0	0	0	1	12	6	13
603.600	7	4	3	2	22	11	2	11	4	0	11	0	0	3	0	0	0	0	0	0	1	11	6	9
603.800	5	5	7	2	24	10	2	9	2	0	12	0	0	5	0	0	0	0	0	0	0	6	5	10
604.000	5	1	3	2	20	13	3	11	3	0	12	0	0	8	0	0	0	0	0	0	0	6	5	12
604.200	4	4	1	2	16	10	2	16	5	0	13	0	0	4	0	0	0	0	0	0	1	9	6	7
604.400	5	2	2	2	34	11	2	12	3	0	11	0	0	8	0	0	0	0	0	0	2	10	1	10
604.600	6	2	9	2	26	12	2	14	3	0	8	0	0	5	0	0	0	0	0	0	2	7	4	12
604.800	6	2	9	4	23	8	1	12	3	0	8	0	0	1	0	0	0	0	0	0	1	10	4	8
605.000	4	1	13	7	31	12	2	12	3	0	12	0	0	6	0	0	0	0	0	0	1	8	2	13
605.200	4	2	11	6	25	9	2	13	2	0	7	0	0	2	0	0	0	0	0	0	1	7	0	11
605.400	5	3	9	2	24	11	2	14	3	0	7	0	0	5	0	0	0	0	0	0	1	5	5	11
605.600	7	4	13	2	31	12	1	10	3	0	9	0	0	5	0	0	0	0	0	0	1	7	8	18
605.800	4	2	6	4	29	9	3	14	4	0	7	0	0	4	0	0	0	0	0	0	1	11	2	16
606.000	4	2	17	3	30	12	1	7	3	0	5	0	0	5	0	0	0	0	0	0	1	12	11	18
606.200	5	3	11	3	28	13	2	14	3	0	5	0	0	4	0	0	0	0	0	0	2	9	8	18
606.400	4	2	11	4	20	9	2	10	3	0	6	0	0	6	0	0	0	0	0	0	1	11	4	14
606.600	4	2	10	4	18	11	2	11	3	0	5	0	0	4	0	0	0	0	0	0	1	7	2	12
606.800	5	2	12	6	27	11	2	10	3	0	12	0	0	2	0	0	0	0	0	0	1	11	2	11
607.000	5	3	9	4	31	13	2	11	2	0	12	0	0	3	0	0	0	0	0	0	1	10	5	15
607.200	4	2	16	2	24	10	2	14	3	0	10	0	0	4	0	0	0	0	0	0	2	13	3	13
607.400	7	2	16	2	27	10	2	16	2	0	11	0	0	5	0	0	0	0	0	0	1	9	0	15
607.600	4	2	14	4	19	9	1	8	2	0	9	0	0	6	0	0	0	0	0	0	1	13	14	14
607.800	5	3	15	4	29	9	2	12	3	0	15	0	0	3	0	0	0	0	0	0	1	11	3	8
608.000	4	2	13	3	22	11	3	11	3	0	14	0	0	6	0	0	0	0	0	0	1	11	5	19
608.200	6	2	11	3	25	10	3	12	4	0	11	0	0	6	0	0	0	0	0	0	0	9	0	10
608.400	6	2	16	3	22	11	2	7	0	0	12	0	0	5	0	0	0	0	0	0	1	11	2	11
608.600	4	2	14	3	25	10	2	15	2	0	11	0	0	9	0	0	0	0	0	0	1	7	0	6
608.800	3	1	20	6	22	8	2	13	4	0	13	0	0	6	0	0	0	0	0	0	1	11	4	4
609.000	5	1	20	4	24	10	2	13	2	0	14	0	0	4	0	0	0	0	0	0	1	13	2	10
609.200	5	1	15	3	25	9	2	16	3	0	11	0	0	4	0	0	0	0	0	0	1	10	2	10
609.400	7	2	18	6	19	13	2	11	3	0	10	0	0	5	0	0	0	0	0	0	2	9	6	14
609.600	6	2	20	5	24	5	2	7	2	0	10	0	0	3	0	0	0	0	0	0	1	9	6	9
609.800	6	2	16	5	25	7	3	12	2	0	10	0	0	5	0	0	0	0	0	0	1	10	5	13
610.000	8	2	10	2	14	7	2	5	2	0	13	0	0	5	0	0	0	0	0	0	1	10	3	15
610.200	7	2	11	6	25	5	4	16	3	0	12	0	0	3	0	0	0	0	0	0	1	10	0	10
610.400	5	2	10	2	21	13	1	8	2	0	14	0	0	3	0	0	0	0	0	0	1	13	5	17
610.600	4	2	17	6	26	6	4	15	2	0	12	0	0	3	0	0	0	0	0	0	1	8	1	2
610.800	6	2	19	3	19	6	2	15	2	0	11	0	0	4	0	0	0	0	0	0	1	7	2	10
611.000	4	3	10	5	23	7	3	14	3	0	13	0	0	2	0	0	0	0	0	0	1	11	0	11
611.200	6	3	12	5	29	9	2	9	2	0	10	0	0	3	0	0	0	0	0	0	1	10	0	19
611.400	7	3	13	4	22	6	4	12	3	0	15	0	0	5	0	0	0	0	0	0	1	7	0	10
611.600	5	3	15	5	23	9	3	16	3	0	11	0	0	4	0	0	0	0	0	0	1	10	1	10
611.800	5	2	17	4	23	9	3	13	2	0	13	0	0	2	0	0	0	0	0	0	1	11	4	16
612.000	4	2	7	4	18	8	2	13	4	0	13	0	0	4	0	0	0	0	0	0	0	6	4	18
612.200	7	3	17	4	20	6	3	15	3	0	14	0	0	7	0	0	0	0	0	0	1	9	6	6
612.400	7	1	7	6	25	11	2	14	2	0	11	0	0	6	0	0	0	0	0	0	1	11	0	6
612.600	6	3	17	6	21	11	4	12	4	0	13	0	0	4	0	0	0	0	0	0	1	11	8	6
612.800	6	2	12	2	22	13	2	6	2	0	11	0	0	6	0	0	0	0	0	0	1	11	2	2
613.000	7	2	11	5	27	12	2	14	3	0	14	0	0	5	0	0	0	0	0	0	1	8	8	8
613.200	4	2	15	4	27	9	2	14	2	0	14	0	0	5	0	0	0	0	0	0	1	7	4	15
613.400	9	2	16	5	22	4	2	14	2	0	15	0	0	6	0	0	0	0	0	0	0	3	8	19
613.600	9	3	13	4	25	8	2	14	3	0	12	0	0	6	0	0	0	0	0	0	1	1	6	20
613.800	5	2	14	5	23	10	2	9	4	0	14	0	0	6	0	0	0	0	0	0	0	3	7	6
614.000	4	2	8	5	22	7	3	7	4	0	12	0	0	6	0	0	0	0	0	0	0	2	1	9
614.200	9	2	12	5	19	8	2	13	3	0	14	0	0	5	0	0	0	0	0	0	0	2	1	6
614.400	4	3	13	6	23	11	2	15	3	0	10	0	0	4	0	0	0	0	0	0	0	2	1	1
614.600	7	1	16	5	22	7	2	10	2	0	10	0	0	4	0	0	0	0	0	0	0	2	5	15
614.800	8	4	18	2	21	6	3	14	3	0	8	0	0	4	0	0	0	0	0	0	0	2	7	20
615.000	4	2	15	2	23	16	1	12	2	0	13	0	0	6	0	0	0	0	0	0	0	1	1	18
615.200	9	5	12	3	29	9	2	7	2	0	15	0	0	4	0	0	0	0	0	0	0	2	4	9
615.400	6	3	17	5	23	11	2	10	2	0	14	0	0	6	0	0	0	0	0	0	0	2	2	15
615.600	4	2	13	5	26	11	2	14	5	0	11	0	0	5	0	0	0	0	0	0	0	1	6	14
615.800	9	2	13	5	29	5	2	15	3	0	14	0	0	6	0	0	0	0	0	0	1	2	5	9
616.000	5	3	18	6	30	3	3	16	3	0	14	0	0	3	0	0	0	0	0	0	1	2	7	6
616.200	5	2	16	6	28	9	3	11	3	0	15	0	0	7	0	0	0	0	0	0	1	2	6	10
616.400	5	2	12	4	22	8	2	16	5	0	11	0	0	6	0	0	0	0	0	0	1	3	8	10
616.600	4	2	13	5	24	10	4	14	6	0	10	0	0	5	0	0	0	0	0	0	2	9	6	16
616.800	7	4	17	5	29	8	3	15	4	0	8	0	0	5	0	0	0	0	0	0	1	10	4	11
617.000	6	1	14	3	22	9	3	13	3	0	11	0	0	3	0	0	0	0	0	0	1	13	6	11
617.200	4	3	14	3	24	9	4	15	3	0	7	0	0	1	0	0	0	0	0	0	1	14	7	2
617.400	7	3	11	5	27	11	3	13	4	0	13	0	0	4	0	0	0	0	0	0	0	10	6	18
617.600	7	1	7	4	28	9	1	18	4	0	15	0	0	3	0	0	0	0	0	0	1	7	4	14
617.800	5	5	13	5	22	6	3	13	4	0	11	0	0	5	0	0	0	0	0	0	1	2	5	18
618.000	5	4	18	6	23	10	2	8	3	0	10	0	0	3	0	0	0	0	0	0	1	4	6	17
618.200	5	5	21	5	21	9	2	12	6	0	15	0	0	5	0	0	0	0	0	0	1	3	5	15
618.400	2	0	9	2	22	10	3	15	5	0	11	0	0	5	0	0	0	0	0	0	0	3	3	10
618.600	5	0	10	2	24	9	2	8	2	0	12	0	0	5	0	0	0	0	0	0	1	2	3	17
618.800	4	2	16	4	23	9	2	14	2	0	12	0	0	5	0	0	0	0	0	0	1	4	7	16
619.000	4	4	12	2	22	8	2	14	3	0	10	0	0	4	0	0	0	0	0	0	1	4	3	8
619.200	5	4	12	4	31	6	0	15	2	0	10	0	0	4	0	0	0	0	0	0	1	2	9	9
619.400	5	3	14	3	29	12	2	8	1	0	12	0	0	5	0	0	0	0	0	0	1	3	0	14
619.600	5	3	15	4	23	8	2	11	3	0	11	0	0	4	0	0	0	0	0	0	1	2	4	14
619.800	8	3	13	2	21	8	4	9	1	0	12	0	0	4	0	0	0	0	0	0	0	2	6	13
620.000	6	6	18	6	30	7	2	14	5	0	11	0	0	4	0	0	0	0	0	0	1	3	3	9
620.200	5	5	17	2	28	11	3	14	3	0	14	0	0	6	0	0	0	0	0	0	3	6	7	13
620.400	8	4	12	3	28	12	2	18	4	0	13	0	0	6	0	0	0	0	0	0	2	5	6	12
620.600	6	5	12	3	35	12	4	10	2	0	14	0	0	7	0	0	0	0	0	0	3	5	10	9
620.800	9	4	15	4	25	9	2	9	2	0	12	0	0	5	0	0	0	0	0	0	2	5	10	8
621.000	3	3	14	2	27	7	1	12	3	0	10	0	0	6	0	0	0	0	0	0	3	6	7	7
621.200	5	4	17	3	25	8	3	7	0	0	14	0	0	4	0	0	0	0	0	0	3	3	7	6
621.400	4	3	13	2	24	7	2	15	3	0	14	0	0	5	0	0	0	0	0	0	3	7	11	14
621.600	9	5	10	2	25	5	2	12	3	0	13	0	0	4	0	0	0	0	0	0	2	4	8	8
621.800	0	0	10	2	26	5	2	15	3	0	13	0	0	4	0	0	0	0	0	0	2	10	6	15
622.000	9	0	10	4	29	8	2	11	2	0	12	0	0	7	0	0	0	0	0	0	2	11	8	12
622.200	8	0	13	3	22	7	0	12	3	0	15	0	0	4	0	0	0	0	0	0	1	9	10	15
622.400	13	0	6	2	29	8	0	5	0	0	13	0	0	7	0	0	0	0	0	0	0	2	10	13
622.600	4	0	11	0	19	8	2	10	2	0	7	0	0	7	0	0	0	0	0	0	1	8	5	8
622.800	7	0	11	2	25	6	3	19	9	0	10	0	0	4	0	0	0	0	0	0	1	3	9	21
623.000	7	0	7	2	22	7	1	11	5	0	10	0	0	4	0	0	0	0	0	0	1	10	3	15
623.200	5	0	8	2	30	7	4	12	3	0	9	0	0	4	0	0	0	0	0	0	1	6	1	18
623.400	4	0	12	2	26	7	2	12	2	0	13	0	0	5	0	0	0	0	0	0	0	2	4	8
623.600	6	0	10	2	27	7	1	8	2	0	14	0	0	4	0	0	0	0	0	0	0	1	11	25
623.800	7	0	12	1	20	12	2	9	2	0	10	0	0	6	0	0	0	0	0	0	0	4	1	13
624.000	4	0	7	2	24	10	2	5	2	0	11	0	0	6	0	0	0	0	0	0	2	5	5	6
624.200	4	0	9	2	25	6	3	12	3	0	15	0	0	5	0	0	0	0	0	0	0	3	6	8
624.400	3	0	10	5	23	8	0	8	2	0	10	0	0	9	0	0	0	0	0	0	0	2	4	10
624.600	5	0	11	4	26	9	2	12	2	0	13	0	0	6	0	0	0	0	0	0	0	2	3	13
624.800	3	0	12	5	28	7	2	7	2	0	10	0	0	5	0	0	0	0	0	0	0	2	6	17
625.000	5	4	15	6	31	7	2	9	2	0	11	0	0	5	0	0	0	0	0	0	0	1	3	15
625.200	5	1	6	5	21	14	4	10	2	0	11	0	0	6	0	0	0	0	0	0	0	3	5	13
625.400	4	2	14	5	30	11	4	11	5	0	13	0	0	8	0	0	0	0	0	0	2	11	8	20
625.600	6	2	17	2	21	7	2	15	4	0	12	0	0	8	0	0	0	0	0	0	0	3	7	17
625.800	7	1	12	5	32	8	2	9	1	0	11	0	0	5	0	0	0	0	0	0	0	6	4	24
626.000	4	2	11	5	26	8	3	14	5	0	11	0	0	4	0	0	0	0	0	0	0	8	7	10
626.200	5	2	9	5	22	9	2	13	4	0	14	0	0	6	0	0	0	0	0	0	1	14	9	14
626.400	8	3	16	4	20	8	2	13	2	0	12	0	0	5	0	0	0	0	0	0	0	9	3	10
626.600	4	3	13	4	23	9	2	8	3	0	12	0	0	4	0	0	0	0	0	0	0	5	9	15
626.800	5	3	16	4	25	10	2	10	4	0	6	0	0	5	0	0	0	0	0	0	1	5	1	10
627.000	4	2	13	4	26	6	2	6	2	0	9	0	0	5	0	0	0	0	0	0	2	12	1	3
627.200	4	4	14	4	32	6	2	13	3	0	5	0	0	2	0	0	0	0	0	0	0	11	0	12
627.400	5	3	14	6	25	8	2	11	2	0	12	0	0	2	0	0	0	0	0	0	1	12	0	12
627.600	4	2	14	5	29	10	2	9	3	0	8	0	0	5	0	0	0	0	0	0	0	7	0	11
627.800	7	1	15	5	19	10	3	10	5	0	12	0	0	3	0	0	0	0	0	0	0	11	5	15
628.000	8	3	15	3	31	8	2	13	3	0	11	0	0	2	0	0	0	0	0	0	0	10	1	16
628.200	4	2	14	5	28	13	2	13	5	0	8	0	0	2	0	0	0	0	0	0	0	14	0	13
628.400	5	2	15	4	24	9	2	13	11	0	12	0	0	2	0	0	0	0	0	0	0	9	2	20
628.600	7	2	13	4	24	9	4	9	8	0	11	0	0	3	0	0	0	0	0	0	1	12	2	5
628.800	5	2	14	4	24	11	2	15	12	0	12	0	0	3	0	0	0	0	0	0	0	11	0	12
629.000	4	2	17	2	27	10	2	13	12	0	12	0	0	3	0	0	0	0	0	0	1	15	2	18
629.200	8	1	11	6	20	10	2	9	12	0	9	0	0	3	0	0	0	0	0	0	0	13	0	17
629.400	6	1	10	3	28	9	2	12	11	0	9	0	0	4	0	0	0	0	0	0	1	14	2	16
629.600	4	1	10	2	24	8	2	13	13	0	9	0	0	2	0	0	0	0	0	0	0	12	3	0
629.800	4	1	12	5	26	10	2	11	10	1	9	0	0	4	0	0	0	0	0	0	0	13	4	7
630.000	4	2	10	2	31	6	3	12	13	0	8	0	0	2	0	0	0	0	0	0	0	16	4	15
630.200	5	2	15	6	31	7	2	11	16	0	11	0	0	5	0	0	0	0	0	0	0	11	5	21
630.400	8	3	13	4	26	10	2	12	13	0	14	0	0	4	0	0	0	0	0	0	0	7	2	0
630.600	4	3	16	6	28	6	2	16	12	0	13	0	0	5	0	0	0	0	0	0	0	12	0	15
630.800	7	3	9	2	22	7	2	10	9	0	11	0	0	4	0	0	0	0	0	0	0	5	0	1
631.000	4	2	9	2	23	7	3	11	10	0	10	0	0	6	0	0	0	0	0	0	0	5	1	16
631.200	3	3	18	5	16	11	2	10	7	0	12	0	0	4	0	0	0	0	0	0	0	7	2	15
631.400	6	2	12	2	19	10	3	11	11	0	11	0	0	5	0	0	0	0	0	0	1	13	4	16
631.600	4	3	17	4	25	8	2	11	13	0	5	0	0	2	0	0	0	0	0	0	0	12	2	7
631.800	4	1	13	6	27	11	2	9	10	0	8	0	0	3	0	0	0	0	0	0	0	2	5	8
632.000	8	1	13	2	27	9	2	11	11	0	9	0	0	3	0	0	0	0	0	0	0	0	3	11
632.200	7	3	11	4	31	11	3	12	9	0	8	0	0	2	0	0	0	0	0	0	0	6	4	8
632.400	7	2	15	4	25	8	2	11	10	0	11	0	0	3	0	0	0	0	0	0	1	8	0	8
632.600	7	3	15	2	23	10	3	11	9	0	9	0	0	3	0	0	0	0	0	0	1	7	2	11
632.800	6	4	17	4	28	10	4	12	12	0	12	0	0	3	0	0	0	0	0	0	1	9	5	8
633.000	4	1	12	5	23	9	3	14	11	0	10	0	0	3	0	0	0	0	0	0	0	6	0	14
633.200	7	2	11	2	19	6	4	10	11	0	8	0	0	1	0	0	0	0	0	0	0	9	0	14
633.400	5	2	10	4	22	7	2	9	11	0	10	0	0	0	0	0	0	0	0	0	1	7	5	12
633.600	5	1	12	3	27	5	4	9	12	1	10	0	0	1	0	0	0	0	0	0	2	12	7	10
633.800	10	0	12	4	23	10	2	7	6	0	15	0	0	0	0	0	0	0	0	0	0	3	0	4
634.000	4	3	11	2	26	9	3	11	12	0	11	0	0	0	0	0	0	0	0	0	0	12	2	10
634.200	7	4	20	2	26	7	4	13	5	0	10	0	0	2	0	0	0	0	0	0	1	15	1	13
634.400	5	2	14	4	22	9	2	13	11	0	8	0	0	0	0	0	0	0	0	0	1	10	2	8
634.600	8	3	16	4	22	12	3	15	7	0	6	0	0	2	0	0	0	0	0	0	1	14	2	11
634.800	7	1	14	3	24	9	2	11	6	0	11	0	0	2	0	0	0	0	0	0	0	12	2	15
635.000	7	2	15	6	26	7	3	10	8	0	12	0	0	2	0	0	0	0	0	0	1	16	1	12
635.200	4	2	14	5	30	10	2	16	9	0	4	0	0	2	0	0	0	0	0	0	0	13	2	20
635.400	8	2	8	3	22	12	2	11	7	0	8	0	0	1	0	0	0	0	0	0	0	13	2	7
635.600	5	1	8	2	22	13	2	15	7	0	13	0	0	3	0	0	0	0	0	0	1	12	1	16
635.800	9	3	13	4	24	5	2	12	6	0	12	0	0	3	0	0	0	0	0	0	1	11	0	6
636.000	5	2	14	2	21	10	2	12	7	0	13	0	0	0	0	0	0	0	0	0	1	9	1	12
636.200	4	2	15	5	27	9	3	8	6	0	11	0	0	2	0	0	0	0	0	0	1	12	4	9
636.400	11	2	15	4	29	7	2	12	10	0	9	0	0	3	0	0	0	0	0	0	1	11	0	2
636.600	7	1	14	5	23	7	2	11	8	0	8	0	0	2	0	0	0	0	0	0	1	10	2	7
636.800	5	2	14	6	20	10	4	14	3	0	12	0	0	1	0	0	0	0	0	0	1	8	3	20
637.000	9	3	9	5	23	9	2	10	6	0	11	0	0	0	0	0	0	0	0	0	1	4	3	7
637.200	6	1	8	2	21	7	2	13	3	0	3	0	0	0	0	0	0	0	0	0	1	8	1	4
637.400	8	1	15	2	26	7	1	11	6	0	7	0	0	0	0	0	0	0	0	0	1	10	7	8
637.600	4	2	11	5	21	9	3	14	6	0	3	0	0	0	0	0	0	0	0	0	0	3	1	10
637.800	2	4	16	4	23	7	2	14	3	0	5	0	0	0	0	0	0	0	0	0	0	9	1	6
638.000	7	2	11	5	24	7	2	13	5	0	15	0	0	0	0	0	0	0	0	0	0	4	2	7
638.200	5	2	9	2	23	7	3	13	7	0	6	0	0	0	0	0	0	0	0	0	1	8	2	3
638.400	8	2	13	4	24	8	3	15	4	0	12	0	0	2	0	0	0	0	0	0	0	3	1	18
638.600	6	3	15	2	18	6	0	13	5	0	13	0	0	4	0	0	0	0	0	0	1	10	2	12
638.800	5	3	15	5	24	9	2	12	6	0	13	0	0	1	0	0	0	0	0	0	1	9	2	6
639.000	3	2	11	2	16	9	1	7	2	0	11	0	0	0	0	0	0	0	0	0	1	9	1	9
639.200	3	2	14	4	23	7	1	6	6	0	15	0	0	0	0	0	0	0	0	0	1	10	4	13
639.400	4	2	14	2	21	6	2	11	13	1	5	0	0	1	0	0	0	0	0	0	1	7	3	18
639.600	7	2	12	6	27	8	2	11	7	0	15	0	0	0	0	0	0	0	0	0	0	9	7	19
639.800	4	1	10	2	22	7	2	8	4	0	13	0	0	0	0	0	0	0	0	0	1	7	7	12
640.000	6	2	16	5	26	7	2	10	6	0	12	0	0	1	0	0	0	0	0	0	1	7	5	21
640.200	5	2	11	3	20	12	2	9	3	0	15	0	0	0	0	0	0	0	0	0	2	8	1	12
640.400	9	2	9	4	31	8	2	13	6	0	13	0	0	0	0	0	0	0	0	0	0	5	3	8
640.600	6	1	12	5	25	6	2	13	6	0	13	0	0	0	0	0	0	0	0	0	2	8	5	17
640.800	5	2	10	2	24	7	2	11	11	0	12	0	0	0	0	0	0	0	0	0	0	11	1	15
641.000	6	4	14	3	21	4	2	8	13	0	13	0	0	0	0	0	0	0	0	0	0	9	3	21
641.200	5	3	12	6	24	7	4	11	8	0	12	0	0	2	0	0	0	0	0	0	1	8	4	6
641.400	2	3	16	3	27	12	2	7	5	0	9	0	0	2	0	0	0	0	0	0	1	9	2	3
641.600	7	2	9	4	25	13	2	12	4	0	11	0	0	3	0	0	0	0	0	0	1	6	6	17
641.800	4	2	13	4	23	9	2	7	2	0	13	0	0	5	0	0	0	0	0	0	0	9	7	23
642.000	4	2	13	3	29	5	2	16	6	0	11	0	0	9	0	0	0	0	0	0	1	9	5	15
642.200	4	2	6	2	31	9	1	10	4	0	8	0	0	4	0	0	0	0	0	0	0	14	7	21
642.400	4	1	13	5	23	9	2	11	5	0	6	0	0	5	0	0	0	0	0	0	0	7	7	7
642.600	7	2	11	6	26	7	2	15	8	0	14	0	0	6	0	0	0	0	0	0	1	11	12	15
642.800	4	2	12	3	26	10	2	15	4	0	12	0	0	7	0	0	0	0	0	0	0	8	6	9
643.000	7	3	10	0	23	9	1	5	1	0	14	0	0	5	0	0	0	0	0	0	1	7	6	9
643.200	4	1	9	3	26	9	2	6	3	0	7	0	0	10	0	0	0	0	0	0	0	10	6	14
643.400	7	3	11	3	23	10	2	10	5	0	17	0	0	4	0	0	0	0	0	0	0	6	5	18
643.600	5	2	9	2	32	8	0	6	4	0	12	0	0	8	0	0	0	0	0	0	0	5	7	17
643.800	4	2	11	7	27	7	2	10	3	0	7	0	0	6	0	0	0	0	0	0	1	5	10	13
644.000	7	1	14	2	34	11	2	8	5	0	15	0	0	5	0	0	0	0	0	0	1	6	3	12
644.200	9	2	13	4	30	10	2	15	7	0	16	0	0	6	0	0	0	0	0	0	1	10	5	13
644.400	7	0	9	2	14	8	0	11	4	0	12	0	0	6	0	0	0	0	0	0	1	3	3	10
644.600	7	3	7	3	34	11	2	6	1	0	11	0	0	8	0	0	0	0	0	0	1	4	8	11
644.800	6	0	7	2	31	6	2	13	2	0	9	0	0	10	0	0	0	0	0	0	0	2	4	13
645.000	5	3	6	2	25	12	3	14	2	0	17	0	0	7	0	0	0	0	0	0	0	2	3	15
645.200	8	3	8	3	29	9	1	6	2	0	15	0	0	7	0	0	0	0	0	0	0	1	4	12
645.400	9	4	6	2	34	10	2	10	2	0	11	0	0	5	0	0	0	0	0	0	0	1	3	16
645.600	10	4	5	6	31	8	2	14	3	0	16	0	0	4	0	0	0	0	0	0	0	2	6	12
645.800	5	4	8	2	21	9	1	9	3	0	14	0	0	5	0	0	0	0	0	0	0	2	4	6
646.000	5	1	8	3	29	7	2	10	2	0	15	0	0	4	0	0	0	0	0	0	0	2	3	17
646.200	4	3	12	2	29	7	2	9	2	0	12	0	0	9	0	0	0	0	0	0	0	1	4	16
646.400	4	3	7	4	25	9	2	10	5	0	15	0	0	9	0	0	0	0	0	0	0	2	1	10
646.600	4	5	4	2	30	2	2	6	2	0	15	0	0	7	0	0	0	0	0	0	1	9	2	16
646.800	4	1	1	3	30	13	2	5	2	0	11	0	0	7	0	0	0	0	0	0	0	3	2	11
647.000	4	2	0	5	28	9	2	9	2	0	12	0	0	8	0	0	0	0	0	0	1	7	2	11
647.200	4	3	2	5	31	9	2	11	3	0	11	0	0	11	0	0	0	0	0	0	1	6	2	5
647.400	8	3	2	2	24	9	2	6	2	0	10	0	0	6	0	0	0	0	0	0	0	2	6	18
647.600	11	0	2	2	26	7	2	12	3	0	11	0	0	4	0	0	0	0	0	0	0	3	6	16
647.800	10	0	2	2	30	11	2	7	2	0	13	0	0	6	0	0	0	0	0	0	0	4	11	18
648.000	11	0	1	5	28	8	1	7	2	0	8	0	0	8	0	0	0	0	0	0	0	1	5	22
648.200	9	0	2	6	27	4	2	11	4	0	7	0	0	8	0	0	0	0	0	0	0	3	9	11
648.400	12	0	1	2	17	10	2	8	2	0	11	0	0	5	0	0	0	0	0	0	0	3	5	25
648.600	8	0	0	2	25	9	2	12	2	0	9	0	0	6	0	0	0	0	0	0	0	4	10	21
648.800	15	1	2	3	29	8	2	8	2	0	14	0	0	5	0	0	0	0	0	0	2	3	11	10
649.000	12	4	2	2	26	7	3	15	3	0	14	0	0	0	0	0	0	0	0	0	0	2	1	15
649.200	5	3	2	2	27	8	2	9	2	0	13	0	0	0	0	0	0	0	0	0	1	4	6	14
649.400	10	0	2	2	27	9	2	7	2	0	12	0	0	0	0	0	0	0	0	0	1	7	1	8
649.600	9	1	1	4	30	11	3	8	4	0	7	0	0	0	0	0	0	0	0	0	0	7	1	13
649.800	5	4	7	4	29	7	2	11	0	0	12	0	0	0	0	0	0	0	0	0	0	2	9	22
650.000	10	5	1	4	27	12	2	7	2	0	11	0	0	0	0	0	0	0	0	0	0	2	5	11
650.200	10	0	3	5	23	7	2	12	3	0	11	0	0	4	0	0	0	0	0	0	1	7	2	8
650.400	15	0	1	2	24	5	2	7	1	0	14	0	0	3	0	0	0	0	0	0	0	2	5	12
650.600	6	0	1	2	22	11	2	13	2	0	11	0	0	3	0	0	0	0	0	0	1	9	1	10
650.800	14	0	0	2	28	9	2	9	2	0	10	0	0	5	0	0	0	0	0	0	1	11	2	9
651.000	11	0	1	3	29	11	2	11	2	0	11	0	0	7	0	0	0	0	0	0	1	10	4	9
651.200	11	0	0	2	25	13	2	12	2	0	8	0	0	5	0	0	0	0	0	0	1	11	2	8
651.400	4	0	0	2	26	10	3	15	3	0	10	0	0	3	0	0	0	0	0	0	1	10	4	18
651.600	15	0	0	2	21	7	3	8	2	0	10	0	0	5	0	0	0	0	0	0	1	9	0	8
651.800	14	0	0	1	21	13	2	12	3	0	11	0	0	2	0	0	0	0	0	0	1	11	1	11
652.000	12	0	0	2	22	13	3	10	3	0	10	0	0	5	0	0	0	0	0	0	1	11	4	9
652.200	14	0	1	2	19	9	2	13	3	0	10	0	0	4	0	0	0	0	0	0	1	10	3	10
652.400	10	0	0	2	23	7	2	10	5	0	6	0	0	6	0	0	0	0	0	0	1	11	3	13
652.600	17	0	1	5	24	8	2	10	3	0	10	0	0	5	0	0	0	0	0	0	1	10	4	8
652.800	13	0	0	2	29	9	2	9	3	0	7	0	0	5	0	0	0	0	0	0	0	13	12	15
653.000	16	0	0	4	26	7	4	12	5	0	10	0	0	3	0	0	0	0	0	0	0	9	0	7
653.200	3	0	0	5	26	13	2	13	2	0	10	0	0	3	0	0	0	0	0	0	0	11	3	7
653.400	11	0	0	4	25	9	2	7	2	0	11	0	0	3	0	0	0	0	0	0	1	11	3	3
653.600	10	0	0	3	19	6	2	16	6	0	14	0	0	3	0	0	0	0	0	0	1	12	5	7
653.800	8	0	0	4	27	9	2	12	3	0	11	0	0	3	0	0	0	0	0	0	0	1	0	10
654.000	9	1	0	7	26	8	2	8	2	0	12	0	0	5	0	0	0	0	0	0	1	3	4	12
654.200	6	0	0	5	29	10	2	9	3	0	15	0	0	3	0	0	0	0	0	0	0	2	0	14
654.400	12	0	0	5	37	11	2	8	2	0	13	0	0	5	0	0	0	0	0	0	0	3	7	16
654.600	8	0	0	5	35	9	3	16	5	0	8	0	0	3	0	0	0	0	0	0	1	8	5	18
654.800	9	0	0	4	26	5	2	13	6	0	10	0	0	5	0	0	0	0	0	0	1	12	2	8
655.000	11	0	0	6	21	7	3	14	3	0	10	0	0	5	0	0	0	0	0	0	1	11	5	9
655.200	11	0	0	5	26	5	2	9	3	0	12	0	0	6	0	0	0	0	0	0	1	17	6	11
655.400	3	0	0	6	26	5	3	15	6	0	9	0	0	4	0	0	0	0	0	0	0	14	6	7
655.600	7	0	0	6	26	8	4	12	4	0	11	0	0	4	0	0	0	0	0	0	1	11	5	3
655.800	10	0	0	3	20	9	4	13	4	0	12	0	0	6	0	0	0	0	0	0	1	12	7	10
656.000	13	0	0	6	29	8	2	9	2	0	11	0	0	4	0	0	0	0	0	0	1	13	6	5
656.200	13	0	0	6	32	12	2	12	3	0	10	0	0	5	0	0	0	0	0	0	1	12	10	9
656.400	12	0	0	6	29	8	1	11	7	0	11	0	0	4	0	0	0	0	0	0	1	11	9	5
656.600	10	0	0	5	26	7	0	14	6	0	9	0	0	4	0	0	0	0	0	0	1	10	7	4
656.800	13	0	0	6	27	12	2	10	2	0	11	0	0	4	0	0	0	0	0	0	1	10	5	11
657.000	6	0	0	5	30	7	2	12	4	0	11	0	0	4	0	0	0	0	0	0	0	12	6	9
657.200	12	0	0	2	23	9	2	9	5	0	10	0	0	4	0	0	0	0	0	0	0	8	2	1
657.400	9	0	0	2	21	7	4	13	2	0	11	0	0	4	0	0	0	0	0	0	1	11	4	6
657.600	9	0	0	6	23	5	2	12	10	0	13	0	0	4	0	0	0	0	0	0	0	13	13	8
657.800	6	0	0	2	27	7	0	7	3	0	12	0	0	4	0	0	0	0	0	0	1	12	1	11
658.000	7	0	0	2	23	12	2	12	4	0	10	0	0	4	0	0	0	0	0	0	1	11	8	17
658.200	5	0	0	3	26	11	2	11	3	0	11	0	0	4	0	0	0	0	0	0	1	11	4	1
658.400	4	0	0	1	20	9	2	12	5	0	11	0	0	4	0	0	0	0	0	0	1	11	8	6
658.600	4	0	0	2	30	9	2	11	3	0	10	0	0	4	0	0	0	0	0	0	0	10	7	8
658.800	5	0	0	2	24	5	2	13	3	0	8	0	0	4	0	0	0	0	0	0	0	11	7	15
659.000	7	0	2	6	26	11	2	10	2	0	11	0	0	4	0	0	0	0	0	0	1	11	4	10
659.200	7	0	2	2	33	13	1	12	4	0	11	0	0	6	0	0	0	0	0	0	1	12	9	11
659.400	10	0	1	2	28	6	2	13	4	0	9	0	0	4	0	0	0	0	0	0	1	12	2	0
659.600	1	0	0	5	31	12	2	13	3	0	7	0	0	6	0	0	0	0	0	0	1	13	15	10
659.800	9	0	0	3	28	10	2	12	2	0	12	0	0	5	0	0	0	0	0	0	1	11	5	16
660.000	1	0	2	6	24	13	3	11	5	0	8	0	0	4	0	0	0	0	0	0	0	10	4	18
660.200	12	0	0	2	22	9	2	13	4	0	13	0	0	6	0	0	0	0	0	0	0	8	9	14
660.400	5	0	2	4	24	9	2	12	3	0	10	0	0	4	0	0	0	0	0	0	0	7	3	11
660.600	8	0	2	3	27	10	2	13	6	0	7	0	0	5	0	0	0	0	0	0	1	13	7	15
660.800	5	0	2	4	27	7	2	13	5	0	10	0	0	4	0	0	0	0	0	0	1	11	10	22
661.000	10	1	2	2	19	6	2	13	4	0	9	0	0	4	0	0	0	0	0	0	2	12	11	19
661.200	7	0	2	6	21	14	1	8	4	0	9	0	0	4	0	0	0	0	0	0	1	11	6	7
661.400	6	0	2	4	23	13	2	12	5	0	8	0	0	3	0	0	0	0	0	0	1	9	7	10
661.600	4	0	2	2	20	10	2	12	3	0	13	0	0	4	0	0	0	0	0	0	0	11	2	6
661.800	4	0	0	4	22	8	0	13	3	0	11	0	0	4	0	0	0	0	0	0	0	11	0	12
662.000	7	0	2	2	21	10	2	9	0	0	11	0	0	3	0	0	0	0	0	0	0	8	7	10
662.200	6	4	2	2	23	11	1	2	2	0	11	0	0	6	0	0	0	0	0	0	1	11	0	8
662.400	5	2	2	2	22	7	2	12	2	0	12	0	0	4	0	0	0	0	0	0	1	16	2	8
662.600	5	0	2	3	30	14	2	13	3	0	10	0	0	6	0	0	0	0	0	0	0	12	5	11
662.800	11	0	1	3	22	8	3	14	2	0	12	0	0	6	0	0	0	0	0	0	1	14	2	14
663.000	3	1	2	5	29	10	2	11	5	0	11	0	0	6	0	0	0	0	0	0	1	13	4	10
663.200	8	0	2	2	24	10	0	14	4	0	11	0	0	6	0	0	0	0	0	0	3	14	2	8
663.400	12	0	1	2	25	9	1	14	3	0	6	0	0	6	0	0	0	0	0	0	1	13	8	15
663.600	11	0	0	2	31	10	2	10	6	0	10	0	0	7	0	0	0	0	0	0	1	11	0	9
663.800	8	0	0	5	20	13	0	8	1	0	10	0	0	7	0	0	0	0	0	0	1	12	0	9
664.000	9	0	0	2	19	12	0	10	5	0	9	0	0	4	0	0	0	0	0	0	0	10	0	9
664.200	7	0	1	3	22	9	0	16	4	0	10	0	0	4	0	0	0	0	0	0	0	8	10	3
664.400	8	0	2	3	28	8	2	18	6	0	8	0	0	4	0	0	0	0	0	0	0	10	0	9
664.600	4	2	4	2	19	11	2	16	5	0	7	0	0	4	0	0	0	0	0	0	1	10	3	6
664.800	5	3	0	2	22	8	0	11	2	0	10	0	0	4	0	0	0	0	0	0	1	12	3	8
665.000	7	1	2	6	22	11	2	14	5	0	10	0	0	3	0	0	0	0	0	0	1	15	7	7
665.200	4	6	2	2	21	7	3	11	5	0	12	0	0	1	0	0	0	0	0	0	1	11	3	3
665.400	5	0	1	2	25	8	2	14	4	0	8	0	0	2	0	0	0	0	0	0	1	12	5	2
665.600	5	1	2	2	24	8	2	13	4	0	11	0	0	0	0	0	0	0	0	0	1	12	1	10
665.800	5	0	6	2	25	8	3	17	4	0	11	0	0	1	0	0	0	0	0	0	0	5	2	11
666.000	8	2	6	2	25	5	2	11	4	0	10	0	0	2	0	0	0	0	0	0	0	3	5	13
666.200	13	3	6	2	21	7	2	9	8	0	3	0	0	3	0	0	0	0	0	0	0	9	0	5
666.400	9	0	4	2	17	8	2	14	11	0	10	0	0	3	0	0	0	0	0	0	0	3	9	16
666.600	2	0	1	2	24	9	3	13	14	0	9	0	0	3	0	0	0	0	0	0	0	15	11	14
666.800	5	0	7	2	20	10	2	14	14	0	10	0	0	1	0	0	0	0	0	0	0	3	3	9
667.000	6	0	6	2	24	9	2	16	14	0	10	0	0	2	0	0	0	0	0	0	0	1	3	5
667.200	12	1	3	2	20	10	2	12	13	0	10	0	0	1	0	0	0	0	0	0	0	8	11	11
667.400	11	0	6	4	25	9	4	13	8	0	11	0	0	4	0	0	0	0	0	0	2	6	6	11
667.600	15	0	7	3	23	13	2	16	10	0	10	0	0	2	0	0	0	0	0	0	2	11	8	17
667.800	7	0	5	2	21	6	3	13	13	0	12	0	0	2	0	0	0	0	0	0	0	5	4	12
668.000	12	1	2	2	24	9	2	10	6	0	8	0	0	2	0	0	0	0	0	0	0	4	5	9
668.200	10	0	1	3	25	11	3	16	6	0	9	0	0	4	0	0	0	0	0	0	0	7	9	10
668.400	15	0	1	2	27	10	3	11	2	0	10	0	0	4	0	0	0	0	0	0	0	10	10	21
668.600	11	0	2	4	23	8	2	10	3	0	7	0	0	5	0	0	0	0	0	0	1	7	8	15
668.800	13	0	1	2	27	10	3	13	8	0	9	0	0	4	0	0	0	0	0	0	0	5	7	11
669.000	7	0	6	5	21	13	3	9	2	0	11	0	0	4	0	0	0	0	0	0	0	6	5	9
669.200	10	0	11	2	22	13	2	13	2	0	14	0	0	4	0	0	0	0	0	0	0	5	7	11
669.400	8	1	12	5	26	9	2	12	4	0	10	0	0	4	0	0	0	0	0	0	0	7	4	12
669.600	8	0	11	3	27	11	2	10	4	0	10	0	0	4	0	0	0	0	0	0	0	5	7	8
669.800	16	1	7	3	27	10	2	10	2	0	10	0	0	1	0	0	0	0	0	0	1	6	8	11
670.000	5	0	9	4	27	15	2	15	3	0	9	0	0	4	0	0	0	0	0	0	1	5	8	8
670.200	3	0	6	2	21	9	2	9	2	0	12	0	0	3	0	0	0	0	0	0	0	6	1	8
670.400	5	0	8	2	24	8	2	9	1	0	10	0	0	2	0	0	0	0	0	0	1	4	3	3
670.600	7	3	9	2	22	8	3	10	5	0	11	0	0	4	0	0	0	0	0	0	0	7	0	4
670.800	7	1	9	3	24	8	2	7	3	0	12	0	0	4	0	0	0	0	0	0	0	11	1	5
671.000	4	2	13	5	28	11	1	13	2	0	11	0	0	4	0	0	0	0	0	0	0	3	1	4
671.200	5	1	15	3	23	9	0	10	5	0	11	0	0	5	0	0	0	0	0	0	0	2	0	1
671.400	4	1	16	5	23	11	2	11	3	0	12	0	0	1	0	0	0	0	0	0	0	6	2	5
671.600	5	2	12	5	26	8	1	7	0	0	13	0	0	3	0	0	0	0	0	0	0	11	3	6
671.800	6	2	10	4	28	6	4	11	3	0	14	0	0	5	0	0	0	0	0	0	0	8	2	3
672.000	4	0	8	2	22	11	3	10	2	0	10	0	0	3	0	0	0	0	0	0	0	6	4	7
672.200	6	3	12	2	23	8	2	16	2	0	10	0	0	4	0	0	0	0	0	0	1	7	1	1
672.400	6	3	14	6	27	11	2	12	2	0	8	0	0	4	0	0	0	0	0	0	1	5	3	6
672.600	8	2	6	3	22	11	3	13	5	0	10	0	0	3	0	0	0	0	0	0	2	7	9	6
672.800	5	4	12	5	22	11	2	14	3	0	12	0	0	5	0	0	0	0	0	0	1	12	5	3
673.000	4	1	14	4	18	18	4	12	3	0	10	0	0	4	0	0	0	0	0	0	1	13	6	2
673.200	5	3	13	5	29	10	3	15	3	0	8	0	0	2	0	0	0	0	0	0	1	6	0	4
673.400	5	2	16	3	21	10	3	16	4	0	10	0	0	2	0	0	0	0	0	0	1	7	6	3
673.600	4	1	12	2	29	9	2	13	4	0	8	0	0	5	0	0	0	0	0	0	1	11	2	3
673.800	6	2	11	2	21	9	2	12	3	0	8	0	0	5	0	0	0	0	0	0	1	12	0	5
674.000	6	1	10	6	24	8	2	15	2	0	10	0	0	6	0	0	0	0	0	0	1	12	10	13
674.200	9	2	13	6	25	8	2	10	3	0	12	0	0	5	0	0	0	0	0	0	2	14	7	2
674.400	13	1	13	3	22	8	2	7	2	0	10	0	0	3	0	0	0	0	0	0	1	8	2	0
674.600	6	2	11	5	22	9	2	9	3	0	12	0	0	6	0	0	0	0	0	0	1	11	5	3
674.800	7	1	12	6	28	8	2	14	3	0	10	0	0	0	0	0	0	0	0	0	1	12	5	1
675.000	4	1	8	5	28	11	2	11	4	0	9	0	0	7	0	0	0	0	0	0	0	15	4	2
675.200	8	3	15	5	27	7	2	10	2	0	12	0	0	0	0	0	0	0	0	0	0	11	7	4
675.400	5	2	14	2	22	15	3	14	2	0	10	0	0	3	0	0	0	0	0	0	0	12	3	1
675.600	7	4	10	5	16	5	2	16	2	0	7	0	0	6	0	0	0	0	0	0	1	10	3	2
675.800	4	1	8	7	25	9	4	10	2	0	10	0	0	3	0	0	0	0	0	0	1	12	2	1
676.000	4	2	11	2	22	13	2	11	3	0	10	0	0	2	0	0	0	0	0	0	0	10	10	5
676.200	5	2	10	3	21	16	2	13	6	0	11	0	0	4	0	0	0	0	0	0	0	10	5	0
676.400	5	1	9	6	18	11	2	11	1	0	10	0	0	1	0	0	0	0	0	0	1	12	4	1
676.600	5	1	7	3	31	14	2	9	2	0	9	0	0	2	0	0	0	0	0	0	1	11	4	7
676.800	5	0	10	2	28	12	3	9	2	0	10	0	0	1	0	0	0	0	0	0	1	12	2	5
677.000	5	0	11	3	20	9	2	7	2	0	10	0	0	3	0	0	0	0	0	0	2	12	3	6
677.200	4	0	9	2	22	7	2	10	1	0	9	0	0	3	0	0	0	0	0	0	1	11	1	2
677.400	5	1	15	2	28	9	2	11	2	0	9	0	0	5	0	0	0	0	0	0	1	10	1	5
677.600	4	0	6	2	27	8	2	15	3	0	9	0	0	4	0	0	0	0	0	0	1	10	1	5
677.800	3	1	14	3	25	9	3	11	3	0	12	0	0	3	0	0	0	0	0	0	1	13	5	10
678.000	8	5	12	6	30	8	2	16	2	0	13	0	0	4	0	0	0	0	0	0	1	11	0	6
678.200	5	3	14	4	29	10	2	14	2	0	11	0	0	4	0	0	0	0	0	0	1	8	4	12
678.400	4	6	16	2	21	11	3	9	4	0	10	0	0	4	0	0	0	0	0	0	1	10	2	9
678.600	4	4	12	2	15	13	4	12	4	0	13	0	0	2	0	0	0	0	0	0	3	7	0	8
678.800	5	1	13	4	22	8	2	9	3	0	12	0	1	0	0	0	0	0	0	0	3	4	8	17
679.000	5	0	7	5	24	10	3	12	6	0	10	0	0	5	0	0	0	0	0	0	2	7	1	5
679.200	4	0	9	2	22	11	1	14	9	1	12	0	0	0	0	0	0	0	0	0	3	3	7	17
679.400	3	1	9	3	22	10	2	7	2	0	12	0	0	3	0	0	0	0	0	0	1	0	2	7
679.600	4	1	8	2	22	8	3	13	5	0	11	0	0	4	0	0	0	0	0	0	0	0	1	22
679.800	3	0	12	6	27	8	2	9	5	0	8	0	0	3	0	0	0	0	0	0	0	0	0	15
680.000	3	0	9	2	25	10	3	13	3	0	11	0	0	1	0	0	0	0	0	0	0	0	2	20
680.200	3	1	10	2	18	7	3	9	5	0	12	0	0	4	0	0	0	0	0	0	0	0	2	9
680.400	3	0	10	2	23	6	2	16	9	0	11	0	0	3	0	0	0	0	0	0	0	1	1	10
680.600	5	0	8	2	22	7	2	9	7	0	10	0	0	2	0	0	0	0	0	0	0	1	1	1
680.800	5	0	11	3	22	5	2	13	5	0	11	0	0	0	0	0	0	0	0	0	0	0	0	0
681.000	5	0	7	2	17	5	3	16	6	0	10	0	0	1	0	0	0	0	0	0	0	0	0	0
681.200	4	1	6	3	20	7	3	16	5	0	10	0	0	0	0	0	0	0	0	0	0	1	0	0
681.400	4	0	11	2	21	9	2	7	5	0	10	0	0	0	0	0	0	0	0	0	0	0	0	0
681.600	4	0	11	6	31	12	2	9	4	0	13	0	0	0	0	0	0	0	0	0	0	0	0	0
681.800	8	0	9	3	27	9	1	14	4	0	9	0	0	0	0	0	0	0	0	0	1	1	0	0
682.000	5	1	9	5	24	8	3	15	10	0	7	0	0	0	0	0	0	0	0	0	0	1	0	0
682.200	5	0	10	5	27	9	2	11	11	1	10	0	0	0	0	0	0	0	0	0	0	2	0	0
682.400	3	0	11	2	21	10	2	17	8	0	10	0	0	0	0	0	0	0	0	0	0	2	0	0
682.600	3	0	11	6	23	9	2	11	6	0	9	0	0	0	0	0	0	0	0	0	0	0	0	0
682.800	3	0	10	5	28	7	4	13	13	0	11	0	0	0	0	0	0	0	0	0	0	5	0	0
683.000	2	0	11	5	26	7	4	10	6	0	11	0	0	0	0	0	0	0	0	0	0	2	0	0
683.200	6	0	12	3	22	9	2	11	3	0	10	0	0	0	0	0	0	0	0	0	0	2	0	0
683.400	6	0	7	2	19	8	3	9	6	0	9	0	0	0	0	0	0	0	0	0	0	1	0	0
683.600	3	0	7	2	22	8	3	12	5	0	10	0	0	0	0	0	0	0	0	0	0	1	0	0
683.800	3	0	11	2	26	13	3	14	3	0	10	0	0	0	0	0	0	0	0	0	0	1	0	0
684.000	4	0	9	4	24	10	3	10	3	0	11	0	0	0	0	0	0	0	0	0	0	3	0	0
684.200	5	0	11	2	23	8	2	11	6	0	10	0	0	1	0	0	0	0	0	0	0	2	0	0
684.400	5	0	10	2	21	11	2	9	4	0	11	0	0	0	0	0	0	0	0	0	0	4	0	0
684.600	7	0	11	4	25	7	1	7	5	0	8	0	0	0	0	0	0	0	0	0	0	1	0	0
684.800	4	0	8	2	22	10	1	10	2	0	10	0	0	0	0	0	0	0	0	0	0	0	0	0
685.000	5	0	10	3	23	5	2	16	4	0	11	0	0	0	0	0	0	0	0	0	0	2	0	0
685.200	6	0	10	2	24	7	1	5	1	0	13	0	0	0	0	0	0	0	0	0	0	1	0	0
685.400	2	0	6	2	30	9	2	12	1	0	10	0	0	0	0	0	0	0	0	0	0	4	0	0
685.600	3	0	11	2	22	7	3	11	3	0	9	0	0	0	0	0	0	0	0	0	0	0	0	0
685.800	3	0	11	2	21	9	2	9	3	0	11	0	0	1	0	0	0	0	0	0	0	1	0	0
686.000	5	0	5	3	24	8	2	11	3	0	10	0	0	1	0	0	0	0	0	0	0	0	0	0
686.200	3	0	10	5	19	9	1	6	5	0	7	0	0	0	0	0	0	0	0	0	0	0	0	0
686.400	1	0	9	2	20	10	0	11	4	0	10	0	0	0	0	0	0	0	0	0	0	0	0	0
686.600	5	0	11	2	15	12	1	4	2	0	9	0	0	0	0	0	0	0	0	0	0	1	0	0
686.800	4	0	11	5	17	9	2	9	4	0	9	0	0	1	0	0	0	0	0	0	0	1	0	0
687.000	5	0	10	5	25	11	1	12	3	0	8	0	0	0	0	0	0	0	0	0	0	0	0	0
687.200	6	0	12	6	16	12	1	8	2	0	10	0	0	0	0	0	0	0	0	0	0	1	0	0
687.400	4	0	14	6	25	10	4	12	2	0	9	0	0	0	0	0	0	0	0	0	0	0	0	0
687.600	5	0	10	4	24	11	3	9	2	0	15	0	0	0	0	0	0	0	0	0	0	0	0	0
687.800	5	0	11	2	24	9	3	12	4	0	14	0	0	0	0	0	0	0	0	0	0	0	0	0
688.000	4	0	9	2	20	9	2	10	5	0	5	0	0	0	0	0	0	0	0	0	0	0	0	0
688.200	3	0	7	3	20	12	3	12	4	0	15	0	0	0	0	0	0	0	0	0	0	0	0	0
688.400	5	0	6	5	21	8	1	11	5	0	10	0	0	0	0	0	0	0	0	0	0	0	0	0
688.600	6	0	7	2	28	7	2	12	4	0	12	0	0	0	0	0	0	0	0	0	0	0	0	0
688.800	5	0	6	2	22	6	2	9	5	0	15	0	0	0	0	0	0	0	0	0	0	0	0	0
689.000	5	0	8	2	23	7	2	6	2	0	6	0	0	0	0	0	0	0	0	0	0	0	0	0
689.200	5	0	7	4	22	12	2	9	2	0	6	0	0	0	0	0	0	0	0	0	0	0	0	0
689.400	5	0	10	2	22	7	2	11	3	0	9	0	0	0	0	0	0	0	0	0	0	0	0	0
689.600	4	0	9	4	29	7	2	11	5	0	12	0	0	0	0	0	0	0	0	0	0	0	0	0
689.800	4	0	7	3	22	9	3	10	2	0	10	0	0	0	0	0	0	0	0	0	0	0	0	3
690.000	4	4	13	2	23	13	2	8	3	0	6	0	0	0	0	0	0	0	0	0	0	0	0	3
690.200	5	3	16	2	25	11	2	10	3	0	13	0	0	0	0	0	0	0	0	0	0	0	0	4
690.400	5	1	14	0	22	8	2	14	3	0	12	0	0	0	0	0	0	0	0	0	0	0	0	4
690.600	3	3	11	3	24	8	2	12	4	0	11	0	0	0	0	0	0	0	0	0	0	0	0	4
690.800	4	4	8	2	18	10	2	14	3	0	8	0	0	0	0	0	0	0	0	0	0	0	0	3
691.000	4	3	16	6	27	12	2	11	2	0	10	0	0	0	0	0	0	0	0	0	0	0	0	5
691.200	4	4	14	4	24	7	2	9	2	0	8	0	0	0	0	0	0	0	0	0	0	0	0	2
691.400	5	5	12	6	26	6	2	15	3	0	9	0	0	0	0	0	0	0	0	0	0	0	0	2
691.600	5	1	13	6	22	11	2	7	2	0	10	0	0	0	0	0	0	0	0	0	0	0	0	0
691.800	7	5	15	3	29	8	2	8	4	0	11	0	0	0	0	0	0	0	0	0	0	0	0	0
692.000	5	3	15	5	26	9	2	11	6	0	8	0	0	0	0	0	0	0	0	0	0	0	0	0
692.200	0	2	12	5	21	7	2	11	6	0	14	0	0	0	0	0	0	0	0	0	0	0	0	1
692.400	5	5	10	4	22	11	3	13	3	0	9	0	0	0	0	0	0	0	0	0	0	0	0	5
692.600	9	6	11	2	24	10	2	11	3	0	10	0	0	0	0	0	0	0	0	0	0	0	0	3
692.800	5	3	13	5	25	13	3	17	4	0	13	0	0	0	0	0	0	0	0	0	0	0	0	2
693.000	5	3	17	2	23	12	2	13	3	0	14	0	0	0	0	0	0	0	0	0	0	0	0	4
693.200	4	3	8	2	22	10	2	8	2	0	11	0	0	0	0	0	0	0	0	0	0	0	0	6
693.400	4	3	14	3	19	10	3	10	2	0	13	0	0	0	0	0	0	0	0	0	0	0	0	4
693.600	5	3	15	6	22	10	3	18	5	0	12	0	0	0	0	0	0	0	0	0	0	0	0	4
693.800	0	0	11	3	17	12	2	14	2	0	12	0	0	0	0	0	0	0	0	0	0	0	0	4
694.000	6	0	10	2	21	10	2	5	2	0	15	0	0	0	0	0	0	0	0	0	0	0	0	7
694.200	10	0	11	2	19	9	2	12	2	0	9	0	0	0	0	0	0	0	0	0	0	0	0	4
694.400	9	0	11	3	17	10	2	16	4	0	8	0	0	0	0	0	0	0	0	0	0	0	0	6
694.600	10	1	14	2	24	9	2	13	3	0	9	0	0	0	0	0	0	0	0	0	0	0	0	2
694.800	8	0	13	2	17	12	4	10	3	0	10	0	0	0	0	0	0	0	0	0	0	0	0	0
695.000	8	0	19	6	18	8	3	17	4	0	10	0	0	0	0	0	0	0	0	0	0	0	0	0
695.200	13	0	11	2	20	4	2	15	2	0	13	0	0	0	0	0	0	0	0	0	0	0	0	0
695.400	10	1	10	6	23	10	2	5	2	0	12	0	0	0	0	0	0	0	0	0	0	0	0	0
695.600	10	0	16	5	17	10	2	15	4	0	16	0	0	4	0	0	0	0	0	0	0	0	0	0
695.800	9	1	14	5	20	10	2	6	4	0	13	0	0	1	0	0	0	0	0	0	0	0	0	0
696.000	8	0	13	4	19	9	2	9	2	0	12	0	0	0	0	0	0	0	0	0	0	0	0	0
696.200	9	0	16	5	19	8	2	8	2	0	15	0	0	0	0	0	0	0	0	0	0	0	0	0
696.400	11	0	8	2	20	8	2	14	6	0	5	0	0	0	0	0	0	0	0	0	0	0	0	0
696.600	8	0	7	3	13	10	3	14	2	0	10	0	0	0	0	0	0	0	0	0	0	0	0	0
696.800	10	0	10	2	24	11	2	15	2	0	12	0	0	1	0	0	0	0	0	0	0	0	0	2
697.000	9	0	10	2	30	8	4	12	2	0	12	0	0	1	0	0	0	0	0	0	0	0	0	0
697.200	10	0	7	5	20	10	2	7	2	0	7	0	0	0	0	0	0	0	0	0	0	0	0	3
697.400	8	0	10	4	26	4	2	7	2	0	12	0	0	0	0	0	0	0	0	0	0	0	0	12
697.600	9	0	9	2	26	9	2	6	2	0	12	0	0	1	0	0	0	0	0	0	0	0	0	8
697.800	7	0	10	4	22	9	2	8	2	0	8	0	0	4	0	0	0	0	0	0	0	0	0	1
698.000	11	0	6	5	25	13	2	10	2	0	10	0	0	4	0	0	0	0	0	0	0	0	0	2
698.200	12	0	9	5	23	8	2	12	3	0	16	0	0	4	0	0	0	0	0	0	0	0	0	0
698.400	12	0	9	4	24	8	4	11	3	0	11	0	0	1	0	0	0	0	0	0	0	0	0	0
698.600	14	0	6	6	19	13	2	12	3	0	14	0	0	2	0	0	0	0	0	0	0	0	0	0
698.800	9	0	10	6	26	8	2	7	2	0	11	0	0	3	0	0	0	0	0	0	0	0	0	0
699.000	12	0	9	3	13	12	2	9	3	0	11	0	0	3	0	0	0	0	0	0	0	0	0	0
699.200	12	0	11	6	15	11	2	14	3	0	10	0	0	4	0	0	0	0	0	0	0	0	0	0
699.400	7	0	11	5	26	13	2	14	2	0	10	0	0	4	0	0	0	0	0	0	0	0	0	0
699.600	10	0	10	4	20	11	2	11	3	0	12	0	0	6	0	0	0	0	0	0	0	0	0	0
699.800	10	0	8	5	18	11	2	13	2	0	15	0	0	6	0	0	0	0	0	0	0	0	0	0
700.000	10	0	7	2	22	11	2	10	2	0	12	0	0	4	0	0	0	0	0	0	0	0	0	0
700.200	10	0	9	5	27	7	2	7	3	0	8	0	0	5	0	0	0	0	0	0	0	0	0	0
700.400	14	0	12	6	28	10	2	9	2	0	13	0	0	4	0	0	0	0	0	0	0	0	0	0
700.600	10	0	6	7	20	9	2	8	5	0	5	0	0	4	0	0	0	0	0	0	0	0	0	0
700.800	4	0	6	5	22	13	2	9	4	0	9	0	0	5	0	0	0	0	0	0	0	0	0	0
701.000	1	0	8	6	20	13	1	11	4	0	12	0	0	6	0	0	0	0	0	0	0	0	0	0
701.200	4	0	9	4	20	14	2	9	2	0	11	0	0	6	0	0	0	0	0	0	0	0	0	0
701.400	4	2	8	5	18	12	2	6	2	0	10	0	0	6	0	0	0	0	0	0	0	0	0	0
701.600	4	3	13	5	17	11	2	5	2	0	15	0	0	9	0	0	0	0	0	0	0	0	0	0
701.800	4	3	15	2	19	8	2	7	2	0	7	0	0	5	0	0	0	0	0	0	0	0	0	0
702.000	7	0	10	4	28	13	2	9	1	0	10	0	0	4	0	0	0	0	0	0	0	0	0	0
702.200	4	6	14	6	26	9	2	8	3	0	9	0	0	5	0	0	0	0	0	0	0	0	0	0
702.400	5	4	16	6	24	11	2	9	2	0	12	0	0	4	0	0	0	0	0	0	0	0	0	0
702.600	5	4	15	4	22	10	2	8	2	0	12	0	0	5	0	0	0	0	0	0	0	0	0	0
702.800	4	5	11	4	26	11	2	11	4	0	9	0	0	4	0	0	0	0	0	0	0	0	0	0
703.000	8	5	14	6	27	8	2	9	2	0	14	0	0	5	0	0	0	0	0	0	0	0	0	0
703.200	6	5	8	7	34	7	2	12	3	0	14	0	0	3	0	0	0	0	0	0	0	0	0	0
703.400	4	6	15	7	24	12	2	9	2	0	15	0	0	2	0	0	0	0	0	0	0	0	0	0
703.600	6	3	9	2	29	10	2	9	7	0	16	0	0	5	0	0	0	0	0	0	0	0	0	0
703.800	5	0	10	4	21	11	2	10	3	0	13	0	0	4	0	0	0	0	0	0	0	0	0	0
704.000	4	5	13	3	23	9	2	12	3	0	10	0	0	4	0	0	0	0	0	0	0	0	0	0
704.200	4	4	18	3	28	12	2	8	2	0	9	0	0	4	0	0	0	0	0	0	0	0	0	0
704.400	7	3	9	6	23	9	2	6	2	0	9	0	0	4	0	0	0	0	0	0	0	0	0	0
704.600	6	4	12	3	18	9	2	9	2	0	11	0	0	4	0	0	0	0	0	0	0	0	0	0
704.800	6	2	10	8	33	10	2	6	2	0	9	0	0	6	0	0	0	0	0	0	0	0	0	0
705.000	4	3	14	5	26	9	2	8	1	0	8	0	0	5	0	0	0	0	0	0	0	0	0	0
705.200	5	2	8	6	30	9	3	12	2	0	12	0	0	4	0	0	0	0	0	0	0	0	0	0
705.400	5	5	17	5	27	11	2	7	2	0	14	0	0	6	0	0	0	0	0	0	0	0	0	0
705.600	4	3	17	4	25	8	2	6	2	0	15	0	0	5	0	0	0	0	0	0	0	0	0	0
705.800	4	2	15	6	21	9	2	7	3	0	11	0	0	6	0	0	0	0	0	0	0	0	0	0
706.000	5	6	17	4	22	7	2	11	3	0	10	0	0	3	0	0	0	0	0	0	0	0	0	0
706.200	5	3	18	7	23	8	2	6	2	0	12	0	0	4	0	0	0	0	0	0	0	0	0	0
706.400	7	3	11	5	28	9	2	7	3	0	8	0	0	4	0	0	0	0	0	0	0	0	0	0
706.600	4	4	15	4	28	14	3	17	7	0	11	0	0	4	0	0	0	0	0	0	0	0	0	0
706.800	6	4	14	3	18	7	4	9	4	0	12	0	0	3	0	0	0	0	0	0	0	0	0	0
707.000	5	4	14	5	28	9	3	9	2	0	7	0	0	4	0	0	0	0	0	0	0	0	0	0
707.200	4	3	16	6	27	13	2	12	3	0	12	0	0	4	0	0	0	0	0	0	0	0	0	0
707.400	8	5	16	4	29	13	2	9	5	0	12	0	0	2	0	0	0	0	0	0	0	0	0	0
707.600	5	4	18	5	26	9	3	11	3	0	13	0	0	3	0	0	0	0	0	0	0	0	0	0
707.800	8	5	17	5	30	13	2	10	4	0	17	0	0	2	0	0	0	0	0	0	0	0	0	0
708.000	6	4	13	5	30	10	2	10	3	0	11	0	0	0	0	0	0	0	0	0	0	0	0	0
708.200	6	3	16	6	32	10	2	8	3	0	14	0	0	3	0	0	0	0	0	0	0	0	0	0
708.400	5	2	13	5	25	6	1	4	2	0	13	0	0	4	0	0	0	0	0	0	0	0	0	0
708.600	3	2	17	5	26	9	4	8	3	0	12	0	0	3	0	0	0	0	0	0	0	0	0	0
708.800	5	3	14	5	29	12	2	11	4	0	14	0	0	2	0	0	0	0	0	0	0	0	0	0
709.000	5	4	18	6	25	7	3	12	4	0	12	0	0	0	0	0	0	0	0	0	0	0	0	0
709.200	5	5	9	5	26	10	3	7	2	0	9	0	0	0	0	0	0	0	0	0	0	0	0	0
709.400	8	3	11	5	34	10	2	11	2	0	13	0	0	0	0	0	0	0	0	0	0	0	0	0
709.600	5	6	19	4	30	10	3	9	2	0	14	0	0	0	0	0	0	0	0	0	0	0	0	0
709.800	6	5	11	6	30	8	1	8	2	0	11	0	0	0	0	0	0	0	0	0	0	0	0	0
710.000	5	3	18	6	30	8	3	13	2	0	13	0	0	0	0	0	0	0	0	0	0	0	0	0
710.200	4	3	14	7	27	12	2	11	5	0	11	0	0	0	0	0	0	0	0	0	0	0	0	0
710.400	5	5	19	4	25	7	2	11	3	0	9	0	0	0	0	0	0	0	0	0	0	0	0	0
710.600	5	2	13	3	36	13	2	10	2	0	12	0	0	0	0	0	0	0	0	0	0	0	0	0
710.800	6	6	13	5	32	8	2	7	2	0	11	0	0	0	0	0	0	0	0	0	0	0	0	0
711.000	5	4	15	3	17	7	0	13	4	0	11	0	0	1	0	0	0	0	0	0	0	0	0	0
711.200	7	5	11	3	25	8	3	14	3	0	12	0	0	0	0	0	0	0	0	0	0	0	0	0
711.400	4	5	12	2	27	9	0	14	5	1	11	0	0	0	0	0	0	0	0	0	0	0	0	0
711.600	5	6	15	3	24	13	3	11	2	0	11	0	0	1	0	0	0	0	0	0	0	0	0	0
711.800	8	5	15	6	25	11	2	7	2	0	12	0	0	0	0	0	0	0	0	0	0	0	0	0
712.000	5	3	18	6	35	8	1	10	2	0	6	0	0	0	0	0	0	0	0	0	0	0	0	0
712.200	4	3	10	3	27	8	3	8	2	0	12	0	0	0	0	0	0	0	0	0	0	0	0	0
712.400	5	3	15	5	29	10	3	10	3	0	10	0	0	0	0	0	0	0	0	0	0	0	0	0
712.600	5	6	17	6	28	7	2	16	4	0	10	0	0	1	0	0	0	0	0	0	0	0	0	0
712.800	5	6	14	5	20	7	2	15	3	0	14	0	0	1	0	0	0	0	0	0	0	0	0	0
713.000	8	6	16	6	22	7	2	13	2	0	12	0	0	0	0	0	0	0	0	0	0	0	0	0
713.200	5	5	18	6	34	10	2	8	7	3	9	0	0	0	0	0	0	0	0	0	0	0	0	0
713.400	4	6	11	8	22	9	3	10	5	3	6	0	0	0	0	0	0	0	0	0	0	0	0	0
713.600	6	5	12	2	32	7	3	14	6	0	9	0	0	0	0	0	0	0	0	0	0	0	0	0
713.800	5	6	12	2	23	9	3	12	7	1	9	0	0	0	0	0	0	0	0	0	0	0	0	0
714.000	5	6	18	2	23	11	2	5	3	0	12	0	0	0	0	0	0	0	0	0	0	0	0	0
714.200	3	6	16	4	23	11	2	8	5	0	11	0	0	0	0	0	0	0	0	0	0	0	0	0
714.400	5	5	17	3	20	8	2	12	5	0	16	0	0	0	0	0	0	0	0	0	0	0	0	0
714.600	7	5	9	6	22	10	3	10	5	0	13	0	0	0	0	0	0	0	0	0	0	0	0	0
714.800	8	6	16	2	26	13	4	8	2	0	14	0	0	0	0	0	0	0	0	0	0	0	0	0
715.000	4	4	13	6	24	9	3	10	2	0	12	0	0	0	0	0	0	0	0	0	0	0	0	0
715.200	5	5	15	2	20	11	2	15	6	0	16	0	0	0	0	0	0	0	0	0	0	0	0	0
715.400	4	5	13	7	27	11	1	9	3	0	6	0	0	0	0	0	0	0	0	0	0	0	0	0
715.600	5	4	13	6	23	10	2	13	4	0	12	0	0	0	0	0	0	0	0	0	0	0	0	0
715.800	5	4	14	2	30	10	4	11	4	0	13	0	0	0	0	0	0	0	0	0	0	0	0	0
716.000	4	4	15	2	21	9	2	11	4	0	14	0	0	0	0	0	0	0	0	0	0	0	0	0
716.200	4	5	21	4	23	7	1	4	2	0	10	0	0	0	0	0	0	0	0	0	0	0	0	0
716.400	5	4	18	5	30	7	2	9	2	0	11	0	0	0	0	0	0	0	0	0	0	0	0	0
716.600	6	1	16	4	19	9	2	9	5	0	11	0	0	0	0	0	0	0	0	0	0	0	0	0
716.800	7	5	18	4	24	9	2	12	9	0	12	0	0	0	0	0	0	0	0	0	0	0	0	0
717.000	9	5	17	6	27	11	2	14	12	0	10	0	0	0	0	0	0	0	0	0	0	0	0	0
717.200	5	5	18	6	23	9	2	9	10	0	10	0	0	0	0	0	0	0	0	0	0	0	0	0
717.400	5	4	18	3	24	9	3	11	11	0	8	0	0	0	0	0	0	0	0	0	0	0	0	0
717.600	5	4	21	4	19	8	2	8	15	1	12	0	0	1	0	0	0	0	0	0	0	0	0	0
717.800	4	5	14	2	21	12	0	6	14	1	12	0	0	0	0	0	0	0	0	0	0	0	0	0
718.000	4	3	16	4	26	8	2	8	13	0	11	0	0	0	0	0	0	0	0	0	0	0	0	0
718.200	4	4	17	6	19	9	2	15	13	0	13	0	0	0	0	0	0	0	0	0	0	0	0	0
718.400	4	4	16	6	24	6	2	16	10	1	12	0	0	0	0	0	0	0	0	0	0	0	0	0
718.600	6	3	11	2	22	10	4	10	11	0	11	0	0	0	0	0	0	0	0	0	0	0	0	0
718.800	4	3	10	3	27	12	2	10	8	1	12	0	0	1	0	0	0	0	0	0	0	0	0	0
719.000	5	2	14	3	24	8	4	10	15	1	14	0	0	0	0	0	0	0	0	0	0	0	0	0
719.200	4	2	13	6	24	10	2	10	10	0	13	0	0	0	0	0	0	0	0	0	0	0	0	0
719.400	5	4	13	5	21	7	2	10	10	0	12	0	0	0	0	0	0	0	0	0	0	0	0	0
719.600	5	5	16	5	27	9	2	12	7	1	9	0	0	0	0	0	0	0	0	0	0	0	0	0
719.800	6	5	13	5	20	5	2	10	13	0	11	0	0	0	0	0	0	0	0	0	0	0	0	0
720.000	5	4	10	4	26	9	2	13	14	1	11	0	0	0	0	0	0	0	0	0	0	0	0	0
720.200	5	6	13	2	23	9	4	9	14	0	11	0	0	0	0	0	0	0	0	0	0	0	0	0
720.400	5	6	15	2	20	15	4	11	8	0	6	0	0	0	0	0	0	0	0	0	0	0	0	1
720.600	5	5	14	4	26	10	3	9	9	0	10	0	0	0	0	0	0	0	0	0	0	0	0	4
720.800	3	3	12	2	19	3	3	11	9	0	6	0	0	0	0	0	0	0	0	0	0	0	0	9
721.000	4	4	13	2	25	7	3	13	14	1	11	0	0	0	0	0	0	0	0	0	0	0	0	9
721.200	5	3	12	3	26	8	3	10	19	0	12	0	0	0	0	0	0	0	0	0	0	0	0	7
721.400	6	3	15	5	19	8	2	12	10	0	7	0	0	0	0	0	0	0	0	0	0	0	0	3
721.600	7	4	15	5	26	11	2	12	14	0	11	0	0	0	0	0	0	0	0	0	0	0	0	4
721.800	9	4	19	6	23	11	2	10	9	0	11	0	0	0	0	0	0	0	0	0	0	0	0	4
722.000	5	4	12	6	27	12	2	8	8	0	9	0	0	0	0	0	0	0	0	0	0	0	0	13
722.200	6	4	14	2	23	11	2	12	6	0	10	0	0	0	0	0	0	0	0	0	0	0	0	7
722.400	5	4	17	5	27	13	3	9	8	0	8	0	0	0	0	0	0	0	0	0	0	0	0	8
722.600	8	5	14	7	24	7	2	8	9	0	10	0	0	0	0	0	0	0	0	0	0	0	0	4
722.800	4	4	17	5	14	8	2	14	6	0	6	0	0	0	0	0	0	0	0	0	0	0	0	6
723.000	8	4	8	2	22	5	2	8	3	0	7	0	0	0	0	0	0	0	0	0	0	0	0	5
723.200	7	3	19	5	22	6	4	10	9	0	8	0	0	0	0	0	0	0	0	0	0	0	0	7
723.400	4	5	16	2	18	11	2	13	17	0	10	0	0	0	0	0	0	0	0	0	0	0	0	10
723.600	5	3	12	4	28	7	2	9	10	0	12	0	0	2	0	0	0	0	0	0	0	0	0	5
723.800	5	3	19	5	28	7	3	11	13	0	9	0	0	3	0	0	0	0	0	0	0	0	0	3
724.000	5	5	13	5	27	6	3	8	7	0	6	0	0	2	0	0	0	0	0	0	0	0	0	4
724.200	5	5	18	5	23	8	4	11	8	0	11	0	0	0	0	0	0	0	0	0	0	0	0	4
724.400	5	5	17	2	26	6	2	10	14	0	11	0	0	0	0	0	0	0	0	0	0	0	0	6
724.600	5	5	15	5	29	9	2	12	10	0	10	0	0	0	0	0	0	0	0	0	0	0	0	3
724.800	6	4	16	3	19	7	2	9	14	1	10	0	0	0	0	0	0	0	0	0	0	0	0	4
725.000	4	1	17	5	25	7	2	9	9	0	11	0	0	0	0	0	0	0	0	0	0	0	0	9
725.200	5	6	16	4	26	7	2	11	11	0	13	0	0	0	0	0	0	0	0	0	0	0	0	5
725.400	5	5	14	2	27	3	2	12	7	0	12	0	0	0	0	0	0	0	0	0	0	0	0	5
725.600	4	3	18	3	24	8	2	9	5	0	10	0	0	0	0	0	0	0	0	0	0	0	0	5
725.800	5	4	12	5	23	7	3	13	7	0	9	0	0	0	0	0	0	0	0	0	0	0	0	5
726.000	4	2	8	2	25	7	2	13	9	0	11	0	0	0	0	0	0	0	0	0	0	0	0	6
726.200	10	2	10	4	15	9	4	15	9	0	10	0	0	0	0	0	0	0	0	0	0	0	0	5
726.400	5	3	11	5	19	8	2	8	5	0	14	0	0	0	0	0	0	0	0	0	0	0	0	5
726.600	5	6	14	2	26	7	2	10	6	0	10	0	0	0	0	0	0	0	0	0	0	0	0	6
726.800	4	4	12	6	16	6	4	13	10	0	11	0	0	0	0	0	0	0	0	0	0	0	0	4
727.000	6	4	18	3	20	7	2	9	13	0	6	0	0	0	0	0	0	0	0	0	0	0	0	0
727.200	4	3	12	2	22	5	2	13	9	0	13	0	0	0	0	0	0	0	0	0	0	0	0	0
727.400	5	5	8	6	29	8	2	8	5	0	11	0	0	0	0	0	0	0	0	0	0	0	0	0
727.600	5	5	6	5	20	7	2	10	9	0	10	0	0	0	0	0	0	0	0	0	0	0	0	0
727.800	5	3	7	5	27	9	3	11	6	0	8	0	0	0	0	0	0	0	0	0	0	0	0	0
728.000	5	2	11	2	22	7	3	11	10	0	13	0	0	0	0	0	0	0	0	0	0	0	0	0
728.200	5	4	14	2	24	7	3	15	14	0	9	0	0	0	0	0	0	0	0	0	0	0	0	0
728.400	5	4	13	2	21	6	2	13	13	0	7	0	0	0	0	0	0	0	0	0	0	0	0	0
728.600	4	4	14	4	22	10	2	9	13	0	14	0	0	0	0	0	0	0	0	0	0	0	0	0
728.800	7	3	16	3	22	6	3	11	12	0	13	0	0	0	0	0	0	0	0	0	0	0	0	0
729.000	5	1	13	4	21	11	2	14	9	0	13	0	0	1	0	0	0	0	0	0	0	0	0	0
729.200	4	0	7	2	27	10	2	10	12	0	4	0	0	0	0	0	0	0	0	0	0	0	0	0
729.400	5	0	10	2	24	7	4	10	10	0	10	0	0	0	0	0	0	0	0	0	0	0	0	0
729.600	3	0	6	6	22	4	4	14	10	0	10	0	0	0	0	0	0	0	0	0	0	0	0	0
729.800	4	3	12	6	27	11	0	12	7	0	11	0	0	0	0	0	0	0	0	0	0	0	0	0
730.000	5	2	15	6	25	11	4	15	5	0	10	0	0	0	0	0	0	0	0	0	0	0	0	0
730.200	5	1	12	6	27	9	4	12	3	0	11	0	0	0	0	0	0	0	0	0	0	0	0	0
730.400	4	1	12	5	26	6	2	13	4	0	15	0	0	0	0	0	0	0	0	0	0	0	0	0
730.600	4	0	15	6	22	9	2	8	2	0	12	0	0	0	0	0	0	0	0	0	0	0	0	0
730.800	4	0	11	5	28	12	4	10	3	0	9	0	0	0	0	0	0	0	0	0	0	0	0	0
731.000	5	1	8	5	27	13	3	12	4	0	6	0	0	0	0	0	0	0	0	0	0	0	0	0
731.200	8	1	12	4	22	11	4	7	2	0	11	0	0	0	0	0	0	0	0	0	0	0	0	0
731.400	4	4	13	4	25	12	2	13	5	0	12	0	0	0	0	0	0	0	0	0	0	0	0	0
731.600	5	2	11	2	21	9	4	10	2	0	11	0	0	0	0	0	0	0	0	0	0	0	0	0
731.800	4	1	13	3	23	9	1	13	3	0	14	0	0	0	0	0	0	0	0	0	0	0	0	0
732.000	5	0	10	5	26	7	2	6	3	0	14	0	0	0	0	0	0	0	0	0	0	0	0	0
732.200	3	2	9	4	23	9	2	13	3	0	11	0	0	0	0	0	0	0	0	0	0	0	0	0
732.400	8	3	9	6	34	9	1	9	2	0	11	0	0	0	0	0	0	0	0	0	0	0	0	0
732.600	4	5	15	2	22	8	2	12	3	0	14	0	0	0	0	0	0	0	0	0	0	0	0	0
732.800	5	2	14	5	26	6	2	11	6	0	11	0	0	0	0	0	0	0	0	0	0	0	0	0
733.000	4	1	11	2	23	7	2	13	4	0	14	0	0	0	0	0	0	0	0	0	0	0	0	0
733.200	5	3	15	5	16	8	2	8	2	0	15	0	0	0	0	0	0	0	0	0	0	0	0	0
733.400	7	2	13	2	20	10	2	12	5	0	13	0	0	0	0	0	0	0	0	0	0	0	0	0
733.600	3	2	10	5	21	10	2	15	3	0	13	0	0	0	0	0	0	0	0	0	0	0	0	0
733.800	2	4	13	2	17	9	2	9	4	0	11	0	0	0	0	0	0	0	0	0	0	0	0	0
734.000	4	2	10	3	24	9	2	11	11	1	8	0	0	0	0	0	0	0	0	0	0	0	0	0
734.200	6	2	9	3	29	8	2	11	8	0	9	0	0	0	0	0	0	0	0	0	0	0	0	0
734.400	7	2	11	4	31	9	3	12	12	0	9	0	0	0	0	0	0	0	0	0	0	0	0	0
734.600	0	3	14	1	25	7	2	15	9	0	11	0	0	0	0	0	0	0	0	0	0	0	0	0
734.800	5	3	16	5	23	10	2	17	7	0	10	0	0	0	0	0	0	0	0	0	0	0	0	0
735.000	10	2	7	2	21	7	3	15	8	0	10	0	0	0	0	0	0	0	0	0	0	0	0	0
735.200	8	2	12	2	24	4	2	15	9	0	11	0	0	1	0	0	0	0	0	0	0	0	0	0
735.400	6	1	10	3	20	11	3	11	3	0	11	0	0	0	0	0	0	0	0	0	0	0	0	0
735.600	4	1	11	6	25	10	3	17	4	0	13	0	0	3	0	0	0	0	0	0	0	0	0	0
735.800	4	2	13	6	26	9	2	10	3	0	8	0	1	2	0	0	0	0	0	0	0	0	0	0
736.000	5	3	14	6	23	9	2	9	4	0	10	0	0	3	0	0	0	0	0	0	0	0	0	0
736.200	4	4	18	5	20	7	2	13	3	0	13	0	0	5	0	0	0	0	0	0	0	0	0	0
736.400	4	1	11	5	22	6	2	5	2	0	11	0	0	3	0	0	0	0	0	0	0	0	0	0
736.600	6	4	12	4	22	6	2	9	3	0	12	0	0	4	0	0	0	0	0	0	0	0	0	0
736.800	5	5	15	3	22	6	2	12	2	0	8	0	0	4	0	0	0	0	0	0	0	0	0	0
737.000	4	2	12	5	32	7	2	8	2	0	14	0	0	4	0	0	0	0	0	0	0	0	0	0
737.200	5	3	13	5	17	7	3	10	2	0	11	0	0	3	0	0	0	0	0	0	0	0	0	1
737.400	6	4	8	4	17	8	4	10	3	0	11	0	0	3	0	0	0	0	0	0	0	0	0	1
737.600	6	3	12	4	26	11	3	11	2	0	10	0	0	3	0	0	0	0	0	0	0	0	0	0
737.800	5	4	19	3	22	8	2	18	3	0	10	0	0	4	0	0	0	0	0	0	0	0	0	0
738.000	4	5	15	3	25	11	0	10	3	0	9	0	0	3	0	0	0	0	0	0	0	0	0	0
738.200	4	6	14	5	23	9	2	9	4	0	12	0	0	4	0	0	0	0	0	0	0	0	0	0
738.400	6	4	14	4	30	12	2	11	4	0	10	0	0	5	0	0	0	0	0	0	0	0	0	0
738.600	5	3	13	4	22	11	2	12	4	0	8	0	0	3	0	0	0	0	0	0	0	0	0	0
738.800	4	4	17	5	23	12	2	11	5	0	8	0	0	1	0	0	0	0	0	0	0	0	0	0
739.000	4	3	17	6	26	10	2	7	2	0	14	0	0	0	0	0	0	0	0	0	0	0	0	0
739.200	7	0	10	4	27	11	1	11	3	0	12	0	0	0	0	0	0	0	0	0	0	0	0	0
739.400	6	2	13	5	23	8	2	13	4	0	7	0	0	0	0	0	0	0	0	0	0	0	0	0
739.600	5	0	7	2	24	8	2	13	2	0	11	0	0	0	0	0	0	0	0	0	0	0	0	0
739.800	8	0	9	7	22	7	2	12	3	0	11	0	0	0	0	0	0	0	0	0	0	0	0	0
740.000	6	1	14	6	19	10	2	8	3	0	10	0	0	0	0	0	0	0	0	0	0	0	0	0
740.200	5	1	11	3	25	9	2	18	9	0	6	0	0	0	0	0	0	0	0	0	0	0	0	0
740.400	7	2	10	5	19	10	2	8	2	0	10	0	0	0	0	0	0	0	0	0	0	0	0	0
740.600	9	3	15	6	25	8	3	16	5	0	10	0	0	0	0	0	0	0	0	0	0	0	0	0
740.800	4	2	7	4	24	10	2	14	3	0	9	0	0	0	0	0	0	0	0	0	0	0	0	0
741.000	10	2	17	7	24	6	0	11	2	0	7	0	0	0	0	0	0	0	0	0	0	0	0	0
741.200	7	2	16	6	27	8	2	11	3	0	9	0	0	0	0	0	0	0	0	0	0	0	0	0
741.400	6	3	16	6	26	9	2	8	3	0	11	0	0	0	0	0	0	0	0	0	0	0	0	0
741.600	5	2	9	5	29	9	4	13	5	0	10	0	0	0	0	0	0	0	0	0	0	0	0	0
741.800	4	2	11	2	24	10	3	10	7	0	11	0	0	0	0	0	0	0	0	0	0	0	0	0
742.000	7	3	9	4	23	10	3	10	3	0	11	0	0	0	0	0	0	0	0	0	0	0	0	0
742.200	5	2	14	2	24	10	1	6	1	0	9	0	0	0	0	0	0	0	0	0	0	0	0	0
742.400	5	3	12	2	23	4	2	11	5	0	6	0	0	0	0	0	0	0	0	0	0	0	0	0
742.600	4	2	12	3	24	8	0	13	2	0	8	0	0	0	0	0	0	0	0	0	0	0	0	0
742.800	4	2	13	7	25	9	0	12	2	0	9	0	0	0	0	0	0	0	0	0	0	0	0	0
743.000	6	3	18	3	24	11	2	7	2	0	10	0	0	0	0	0	0	0	0	0	0	0	0	0
743.200	5	1	8	2	20	7	4	10	5	0	11	0	0	2	0	0	0	0	0	0	0	0	0	0
743.400	7	0	7	2	20	13	1	5	2	0	13	0	0	0	0	0	0	0	0	0	0	0	0	0
743.600	4	4	16	5	24	12	0	8	2	0	10	0	0	0	0	0	0	0	0	0	0	0	0	0
743.800	4	1	9	4	25	10	2	8	2	0	11	0	0	0	0	0	0	0	0	0	0	0	0	0
744.000	5	3	11	3	21	9	2	12	3	0	7	0	0	0	0	0	0	0	0	0	0	0	0	0
744.200	5	3	11	4	19	6	3	13	4	0	9	0	0	0	0	0	0	0	0	0	0	0	0	0
744.400	5	6	17	4	25	12	2	7	2	0	7	0	0	0	0	0	0	0	0	0	0	0	0	0
744.600	3	2	15	5	19	14	2	11	3	0	9	0	0	0	0	0	0	0	0	0	0	0	0	0
744.800	6	1	13	5	21	9	2	14	4	0	10	0	0	0	0	0	0	0	0	0	0	0	0	0
745.000	4	4	14	2	22	6	2	13	3	0	9	0	0	0	0	0	0	0	0	0	0	0	0	0
745.200	4	3	12	5	18	9	3	10	3	0	12	0	0	0	0	0	0	0	0	0	0	0	0	0
745.400	4	2	12	2	22	9	2	13	3	0	9	0	0	0	0	0	0	0	0	0	0	0	0	0
745.600	4	3	13	5	22	10	3	9	2	0	14	0	0	0	0	0	0	0	0	0	0	0	0	2
745.800	4	2	12	2	22	9	2	10	3	0	11	0	0	0	0	0	0	0	0	0	0	0	0	1
746.000	6	5	13	4	24	7	3	17	7	0	14	0	0	0	0	0	0	0	0	0	0	0	0	0
746.200	5	3	11	6	30	11	2	17	13	0	8	0	0	0	0	0	0	0	0	0	0	0	0	0
746.400	4	4	15	5	27	9	2	9	11	0	11	0	0	0	0	0	0	0	0	0	0	0	0	0
746.600	7	1	15	4	21	8	2	10	9	0	12	0	0	0	0	0	0	0	0	0	0	0	0	0
746.800	4	3	15	3	20	10	4	9	4	0	12	0	0	0	0	0	0	0	0	0	0	0	0	0
747.000	6	4	16	4	22	13	4	12	10	0	11	0	0	0	0	0	0	0	0	0	0	0	0	0
747.200	5	5	15	4	21	6	4	10	6	0	8	0	0	0	0	0	0	0	0	0	0	0	0	0
747.400	3	6	17	6	19	5	4	12	13	0	9	0	0	0	0	0	0	0	0	0	0	0	0	0
747.600	4	4	16	5	21	9	2	8	3	0	10	0	0	0	0	0	0	0	0	0	0	0	0	0
747.800	4	5	12	4	15	7	2	10	8	0	10	0	0	0	0	0	0	0	0	0	0	0	0	0
748.000	8	3	13	4	22	4	4	13	10	0	10	0	0	0	0	0	0	0	0	0	0	0	0	0
748.200	6	4	13	2	23	5	4	15	8	0	10	0	0	0	0	0	0	0	0	0	0	0	0	0
748.400	4	4	13	2	21	9	4	8	6	0	11	0	0	0	0	0	0	0	0	0	0	0	0	0
748.600	5	4	12	4	27	7	3	13	13	0	8	0	0	0	0	0	0	0	0	0	0	0	0	0
748.800	4	6	13	2	19	7	2	9	7	0	11	0	0	0	0	0	0	0	0	0	0	0	0	0
749.000	4	5	15	2	23	8	2	12	8	0	11	0	0	0	0	0	0	0	0	0	0	0	0	0
749.200	5	6	13	5	24	5	2	13	11	0	11	0	0	0	0	0	0	0	0	0	0	0	0	0
749.400	6	6	19	6	24	6	3	16	7	0	10	0	0	0	0	0	0	0	0	0	0	3	0	0
749.600	3	3	19	6	28	11	2	9	10	0	14	0	0	0	0	0	0	0	0	0	0	2	0	0
749.800	4	4	13	3	26	8	4	13	11	0	10	0	0	0	0	0	0	0	0	0	0	4	0	0
750.000	5	3	13	5	23	8	3	9	5	0	11	0	0	0	0	0	0	0	0	0	0	4	0	0
750.200	4	2	16	6	24	8	2	11	12	0	14	0	0	0	0	0	0	0	0	0	0	7	0	0
750.400	6	1	10	2	20	8	2	15	12	0	13	0	0	0	0	0	0	0	0	0	0	3	0	0
750.600	5	3	13	2	24	7	2	14	9	0	15	0	0	0	0	0	0	0	0	0	0	7	0	0
750.800	4	3	13	3	22	8	2	14	7	0	11	0	0	0	0	0	0	0	0	0	0	5	0	0
751.000	5	3	9	3	24	10	2	13	9	0	10	0	0	0	0	0	0	0	0	0	0	7	0	0
751.200	4	3	15	4	20	13	2	10	12	0	11	0	0	0	0	0	0	0	0	0	0	4	0	0
751.400	8	3	9	3	22	11	2	13	8	0	11	0	0	0	0	0	0	0	0	0	0	3	0	0
751.600	5	3	14	6	22	10	2	10	8	0	11	0	0	0	0	0	0	0	0	0	0	5	0	0
751.800	5	5	14	3	21	8	2	11	9	0	10	0	0	0	0	0	0	0	0	0	0	5	0	0
752.000	5	6	12	6	26	10	2	7	6	0	9	0	0	0	0	0	0	0	0	0	0	5	0	0
752.200	5	3	12	6	20	8	2	16	10	0	11	0	0	0	0	0	0	0	0	0	0	3	0	0
752.400	5	5	12	3	25	10	2	13	13	0	11	0	0	0	0	0	0	0	0	0	0	4	0	0
752.600	7	4	10	2	23	10	4	11	9	0	12	0	0	0	0	0	0	0	0	0	0	6	0	0
752.800	8	4	14	2	25	6	2	9	10	0	12	0	0	0	0	0	0	0	0	0	0	4	0	0
753.000	5	6	15	3	26	11	2	11	15	1	11	0	0	0	0	0	0	0	0	0	0	5	0	0
753.200	7	5	20	2	28	6	3	11	8	0	14	0	0	0	0	0	0	0	0	0	0	4	0	0
753.400	5	3	11	4	28	7	3	16	10	1	12	0	0	0	0	0	0	0	0	0	0	1	0	0
753.600	7	5	11	4	27	10	3	13	16	1	8	0	0	0	0	0	0	0	0	0	0	4	0	0
753.800	5	5	16	3	24	7	3	10	13	0	12	0	0	0	0	0	0	0	0	0	0	6	0	0
754.000	6	4	15	5	25	11	4	11	6	0	8	0	0	0	0	0	0	0	0	0	0	3	0	0
754.200	6	6	14	3	21	10	2	8	10	0	8	0	0	0	0	0	0	0	0	0	0	5	0	0
754.400	11	5	16	5	29	8	4	13	14	1	7	0	0	0	0	0	0	0	0	0	0	1	0	0
754.600	10	5	15	5	24	6	3	14	15	0	5	0	0	0	0	0	0	0	0	0	0	5	0	0
754.800	5	5	20	5	27	7	2	13	11	0	13	0	0	0	0	0	0	0	0	0	0	3	0	0
755.000	9	6	14	2	22	3	2	13	6	0	12	0	0	0	0	0	0	0	0	0	0	6	0	0
755.200	5	5	14	6	21	4	4	14	4	0	12	0	0	0	0	0	0	0	0	0	0	6	0	0
755.400	5	4	16	5	26	5	2	8	3	0	13	0	0	0	0	0	0	0	0	0	0	5	0	0
755.600	4	6	17	2	19	5	4	11	8	0	6	0	0	0	0	0	0	0	0	0	0	6	0	0
755.800	4	3	8	6	24	8	2	15	7	0	12	0	0	0	0	0	0	0	0	0	0	4	0	0
756.000	4	3	16	6	23	9	2	10	5	0	15	0	0	0	0	0	0	0	0	0	0	4	0	0
756.200	5	4	13	4	28	11	1	7	2	0	6	0	0	1	0	0	0	0	0	0	0	9	0	0
756.400	4	4	13	2	29	5	2	9	4	0	11	0	0	0	0	0	0	0	0	0	0	4	0	0
756.600	3	5	12	2	21	10	2	12	4	0	5	0	0	0	0	0	0	0	0	0	0	4	0	0
756.800	5	4	13	3	21	6	2	15	4	0	11	0	0	0	0	0	0	0	0	0	0	2	0	0
757.000	5	6	18	6	25	10	4	17	4	0	12	0	0	0	0	0	0	0	0	0	0	4	0	0
757.200	4	5	15	6	24	8	2	9	6	0	11	0	0	0	0	0	0	0	0	0	0	0	0	0
757.400	6	5	12	2	26	7	4	17	7	0	12	0	0	0	0	0	0	0	0	0	0	0	0	0
757.600	8	5	15	5	21	11	3	11	6	0	13	0	0	1	0	0	0	0	0	0	0	0	0	0
757.800	6	4	14	4	24	18	2	7	2	0	12	0	0	0	0	0	0	0	0	0	0	0	0	0
758.000	4	3	17	4	29	7	2	13	11	0	8	0	0	0	0	0	0	0	0	0	0	0	0	0
758.200	5	5	16	4	17	10	2	12	8	0	12	0	0	0	0	0	0	0	0	0	0	0	0	0
758.400	5	4	10	6	23	10	2	9	7	0	10	0	0	0	0	0	0	0	0	0	0	1	0	0
758.600	6	3	17	4	22	15	2	16	4	0	13	0	0	0	0	0	0	0	0	0	0	4	0	0
758.800	5	3	14	5	26	9	3	10	1	0	14	0	0	0	0	0	0	0	0	0	0	4	0	0
759.000	5	3	8	2	23	9	2	12	3	0	13	0	0	0	0	0	0	0	0	0	0	1	0	0
759.200	4	2	15	3	29	10	2	16	12	0	14	0	0	0	0	0	0	0	0	0	0	2	0	0
759.400	5	4	15	6	19	8	2	10	6	0	10	0	0	0	0	0	0	0	0	0	0	5	0	0
759.600	4	6	16	5	22	9	2	8	4	0	14	0	0	0	0	0	0	0	0	0	0	6	0	0
759.800	5	3	12	6	26	7	2	9	2	0	13	0	0	0	0	0	0	0	0	0	0	4	0	0
760.000	5	4	18	5	26	10	2	13	5	0	11	0	0	0	0	0	0	0	0	0	0	7	0	0
760.200	5	6	21	6	19	9	2	15	4	0	17	0	0	0	0	0	0	0	0	0	0	4	0	0
760.400	4	4	11	3	17	6	2	13	5	0	6	0	0	0	0	0	0	0	0	0	0	2	0	0
760.600	5	4	16	2	19	7	2	10	2	0	12	0	0	1	0	0	0	0	0	0	0	7	0	0
760.800	5	5	19	3	24	12	1	6	2	0	13	0	0	0	0	0	0	0	0	0	0	3	0	0
761.000	4	6	16	2	21	12	2	10	2	0	15	0	0	0	0	0	0	0	0	0	0	8	0	0
761.200	3	5	14	2	15	11	1	9	3	0	16	0	0	0	0	0	0	0	0	0	0	3	0	0
761.400	3	5	16	5	24	13	2	10	3	0	12	0	0	1	0	0	0	0	0	0	0	7	0	0
761.600	3	6	13	2	19	14	2	6	2	0	11	0	0	1	0	0	0	0	0	0	0	2	0	0
761.800	5	4	9	4	19	15	2	6	1	0	13	0	0	3	0	0	0	0	0	0	0	5	0	0
762.000	4	2	16	2	20	10	3	8	2	0	11	0	0	2	0	0	0	0	0	0	0	2	0	0
762.200	5	4	13	3	25	5	2	14	3	0	11	0	0	3	0	0	0	0	0	0	0	6	0	0
762.400	4	4	17	5	15	7	2	13	5	0	12	0	0	8	0	0	0	0	0	0	0	3	0	0
762.600	4	3	12	6	21	13	2	9	6	0	12	0	0	4	0	0	0	0	0	0	0	4	0	0
762.800	5	4	12	3	17	10	2	12	5	0	12	0	0	8	0	0	0	0	0	0	0	1	0	0
763.000	4	3	11	3	20	9	2	8	2	0	13	0	0	4	0	0	0	0	0	0	0	6	0	0
763.200	4	6	13	3	24	11	2	11	4	0	13	0	0	8	0	0	0	0	0	0	0	2	0	0
763.400	5	6	17	4	25	11	2	11	6	0	11	0	0	11	0	0	0	0	0	0	0	0	0	0
763.600	4	3	15	2	21	10	1	11	3	0	10	0	0	2	0	0	0	0	0	0	0	0	0	0
763.800	6	5	17	3	25	12	2	8	3	0	14	0	0	2	0	0	0	0	0	0	0	0	0	0
764.000	2	4	9	2	23	8	2	17	3	0	11	0	0	3	0	0	0	0	0	0	0	2	0	0
764.200	8	6	18	3	21	11	2	6	2	0	14	0	0	0	0	0	0	0	0	0	0	2	0	0
764.400	5	6	16	3	23	11	3	16	3	0	12	0	0	0	0	0	0	0	0	0	0	6	0	0
764.600	5	4	11	3	21	10	2	6	2	0	10	0	0	0	0	0	0	0	0	0	0	6	0	0
764.800	5	3	12	6	18	11	2	11	3	0	10	0	0	0	0	0	0	0	0	0	0	4	0	0
765.000	4	6	12	2	18	8	3	13	3	0	12	0	0	0	0	0	0	0	0	0	0	1	0	0
765.200	5	4	14	3	21	12	1	10	1	0	10	0	0	0	0	0	0	0	0	0	0	2	0	0
765.400	2	6	14	4	20	13	2	8	4	0	11	0	0	0	0	0	0	0	0	0	0	1	0	0
765.600	6	4	15	2	23	11	3	16	3	0	11	0	0	0	0	0	0	0	0	0	0	3	0	0
765.800	4	4	12	2	19	13	1	11	2	0	9	0	0	0	0	0	0	0	0	0	0	0	0	0
766.000	4	4	19	3	16	13	2	8	3	0	13	0	0	0	0	0	0	0	0	0	0	2	0	0
766.200	4	6	18	5	23	12	2	7	3	0	13	0	0	0	0	0	0	0	0	0	0	3	0	0
766.400	4	5	19	2	22	12	2	12	3	0	10	0	0	0	0	0	0	0	0	0	0	4	0	0
766.600	4	4	19	5	22	5	2	13	3	0	14	0	0	0	0	0	0	0	0	0	0	2	0	0
766.800	4	5	15	2	24	5	3	13	3	0	10	0	0	0	0	0	0	0	0	0	0	3	0	0
767.000	5	4	15	6	22	7	2	12	2	0	7	0	0	0	0	0	0	0	0	0	0	1	0	0
767.200	5	5	19	6	23	8	2	11	2	0	15	0	0	0	0	0	0	0	0	0	0	3	0	0
767.400	5	4	18	3	26	8	3	12	6	0	13	0	0	0	0	0	0	0	0	0	0	2	0	0
767.600	4	3	19	5	15	10	3	14	2	0	14	0	0	0	0	0	0	0	0	0	0	1	0	0
767.800	5	3	15	4	24	10	2	15	4	0	9	0	0	0	0	0	0	0	0	0	0	3	0	0
768.000	4	4	11	5	24	8	2	9	2	0	10	0	0	0	0	0	0	0	0	0	0	4	0	0
768.200	4	4	18	5	18	10	2	12	3	0	15	0	0	0	0	0	0	0	0	0	0	2	0	0
768.400	4	6	13	6	22	10	2	9	3	0	12	0	0	0	0	0	0	0	0	0	0	3	0	0
768.600	4	3	11	7	24	11	2	12	2	0	13	0	0	0	0	0	0	0	0	0	0	6	0	0
768.800	5	4	15	5	25	9	2	12	5	0	11	0	0	0	0	0	0	0	0	0	0	3	0	0
769.000	8	5	13	6	21	10	2	6	2	0	12	0	0	0	0	0	0	0	0	0	0	4	0	0
769.200	6	5	13	2	22	8	2	12	2	0	15	0	0	0	0	0	0	0	0	0	0	4	0	0
769.400	4	5	13	4	21	10	3	13	3	0	15	0	0	0	0	0	0	0	0	0	0	4	0	0
769.600	5	5	14	4	21	9	2	12	2	0	9	0	0	0	0	0	0	0	0	0	0	0	0	0
769.800	5	3	11	4	23	7	2	9	4	0	11	0	0	0	0	0	0	0	0	0	0	0	0	0
770.000	5	4	19	4	22	5	2	14	4	0	12	0	0	0	0	0	0	0	0	0	0	3	0	0
770.200	4	6	13	2	19	5	2	5	3	0	11	0	0	0	0	0	0	0	0	0	0	0	0	0
770.400	4	1	15	5	25	7	4	11	5	0	8	0	0	0	0	0	0	0	0	0	0	2	0	0
770.600	4	4	11	2	22	7	2	5	2	0	13	0	0	0	0	0	0	0	0	0	0	3	0	0
770.800	4	6	18	5	19	4	2	10	6	0	12	0	0	0	0	0	0	0	0	0	0	2	0	0
771.000	6	3	16	2	25	7	2	7	6	0	13	0	0	0	0	0	0	0	0	0	0	2	0	0
771.200	4	3	12	6	23	6	2	14	5	0	14	0	0	0	0	0	0	0	0	0	0	0	0	0
771.400	5	4	11	5	21	8	2	7	2	0	14	0	0	0	0	0	0	0	0	0	0	0	0	0
771.600	4	1	11	3	21	8	3	8	5	0	11	0	0	0	0	0	0	0	0	0	0	0	0	0
771.800	4	3	12	5	20	8	2	8	5	0	15	0	0	0	0	0	0	0	0	0	0	2	0	0
772.000	5	3	12	5	23	5	2	6	1	0	10	0	0	0	0	0	0	0	0	0	0	0	0	0
772.200	7	2	13	5	21	6	3	9	2	0	14	0	0	0	0	0	0	0	0	0	0	0	0	0
772.400	4	2	11	3	19	5	2	9	2	0	11	0	0	0	0	0	0	0	0	0	0	1	0	0
772.600	5	4	15	5	28	9	2	16	3	0	10	0	0	0	0	0	0	0	0	0	0	0	0	0
772.800	7	2	11	5	27	5	2	10	1	0	11	0	0	0	0	0	0	0	0	0	0	0	0	0
773.000	4	3	10	5	26	7	2	11	2	0	10	0	0	0	0	0	0	0	0	0	0	0	0	0
773.200	8	3	10	3	25	8	2	7	2	0	11	0	0	0	0	0	0	0	0	0	0	0	0	0
773.400	3	2	19	5	24	14	2	13	4	0	9	0	0	0	0	0	0	0	0	0	0	0	0	0
773.600	3	3	10	5	26	6	2	8	5	0	9	0	0	0	0	0	0	0	0	0	0	0	0	0
773.800	4	2	17	6	20	5	2	11	2	0	11	0	0	0	0	0	0	0	0	0	0	0	0	0
774.000	3	1	7	3	25	7	2	8	5	0	9	0	0	0	0	0	0	0	0	0	0	0	0	0
774.200	3	0	14	2	26	5	3	7	2	0	11	0	0	0	0	0	0	0	0	0	0	0	0	0
774.400	4	1	9	5	21	7	3	10	3	0	11	0	0	0	0	0	0	0	0	0	0	3	0	0
774.600	6	0	13	5	29	10	3	11	3	0	10	0	0	0	0	0	0	0	0	0	0	2	0	0
774.800	4	0	11	4	25	9	2	9	2	0	8	0	0	0	0	0	0	0	0	0	0	0	0	0
775.000	5	0	12	2	24	11	2	12	4	0	7	0	0	0	0	0	0	0	0	0	0	2	0	0
775.200	5	5	14	5	24	6	2	11	2	0	9	0	0	0	0	0	0	0	0	0	0	0	0	0
775.400	5	2	12	6	19	13	0	14	2	0	10	0	0	0	0	0	0	0	0	0	0	2	0	0
775.600	5	4	15	6	28	9	2	10	3	0	12	0	0	0	0	0	0	0	0	0	0	3	0	0
775.800	5	0	7	5	18	8	1	6	3	0	13	0	0	0	0	0	0	0	0	0	0	0	0	0
776.000	5	0	10	5	24	10	2	14	4	0	10	0	0	0	0	0	0	0	0	0	0	0	0	0
776.200	6	1	9	6	29	7	2	5	0	0	12	0	0	0	0	0	0	0	0	0	0	1	0	1
776.400	5	0	10	4	21	7	3	11	2	0	10	0	0	0	0	0	0	0	0	0	0	0	0	2
776.600	4	0	10	5	21	9	2	11	1	0	12	0	0	0	0	0	0	0	0	0	0	0	0	2
776.800	4	0	9	6	21	14	3	8	2	0	15	0	0	0	0	0	0	0	0	0	0	0	0	0
777.000	3	0	9	4	21	4	2	15	2	0	12	0	0	0	0	0	0	0	0	0	0	0	0	0
777.200	3	0	6	4	28	11	0	12	3	0	14	0	0	0	0	0	0	0	0	0	0	0	0	2
777.400	7	1	12	2	23	10	2	8	2	0	11	0	0	0	0	0	0	0	0	0	0	0	0	0
777.600	5	3	9	2	21	9	2	12	2	0	12	0	0	0	0	0	0	0	0	0	0	0	0	0
777.800	4	1	10	6	22	8	4	10	2	0	10	0	0	0	0	0	0	0	0	0	0	0	0	0
778.000	6	1	11	5	24	9	2	9	2	0	13	0	0	0	0	0	0	0	0	0	0	0	0	0
778.200	6	0	12	5	20	6	2	10	3	0	13	0	0	0	0	0	0	0	0	0	0	0	0	0
778.400	3	0	12	2	19	8	2	6	2	0	13	0	0	0	0	0	0	0	0	0	0	1	0	0
778.600	5	0	10	3	18	10	2	10	2	0	11	0	0	0	0	0	0	0	0	0	0	0	0	0
778.800	6	1	10	6	18	7	2	13	2	0	10	0	0	0	0	0	0	0	0	0	0	0	0	0
779.000	5	0	12	2	22	6	1	6	3	0	11	0	0	0	0	0	0	0	0	0	0	0	0	0
779.200	5	1	14	2	27	5	2	8	2	0	12	0	0	0	0	0	0	0	0	0	0	0	0	0
779.400	7	1	11	5	20	7	2	12	3	0	10	0	0	0	0	0	0	0	0	0	0	0	0	0
779.600	4	1	10	4	18	6	2	12	2	0	14	0	0	0	0	0	0	0	0	0	0	0	0	0
779.800	5	1	10	3	16	8	2	9	2	0	15	0	0	0	0	0	0	0	0	0	0	0	0	0
780.000	5	1	13	4	21	6	3	11	3	0	15	0	0	0	0	0	0	0	0	0	0	0	0	0
780.200	5	0	10	6	26	9	3	11	2	0	11	0	0	0	0	0	0	0	0	0	0	2	0	0
780.400	3	1	6	4	19	4	2	13	2	0	14	0	0	0	0	0	0	0	0	0	0	1	0	0
780.600	4	0	9	2	20	7	2	8	2	0	13	0	0	0	0	0	0	0	0	0	0	6	0	0
780.800	3	1	7	5	18	9	2	14	4	0	13	0	0	0	0	0	0	0	0	0	0	1	0	0
781.000	7	0	8	6	15	11	2	10	2	0	14	0	0	0	0	0	0	0	0	0	0	0	0	0
781.200	17	0	9	2	19	6	1	12	2	0	13	0	0	0	0	0	0	0	0	0	0	0	0	0
781.400	10	1	8	5	17	5	2	11	2	0	14	0	0	0	0	0	0	0	0	0	0	0	0	0
781.600	6	0	8	5	21	9	1	7	2	0	12	0	0	0	0	0	0	0	0	0	0	0	0	0
781.800	5	0	8	4	26	15	2	8	0	0	14	0	0	0	0	0	0	0	0	0	0	0	0	0
782.000	4	0	7	3	28	9	2	8	2	0	14	0	0	0	0	0	0	0	0	0	0	0	0	0
782.200	12	0	11	2	25	8	3	5	2	0	11	0	0	0	0	0	0	0	0	0	0	0	0	0
782.400	7	0	9	2	27	7	1	8	2	0	16	0	0	0	0	0	0	0	0	0	0	0	0	0
782.600	5	0	8	2	17	16	3	8	2	0	16	0	0	0	0	0	0	0	0	0	0	0	0	0
782.800	4	0	7	4	18	9	2	6	2	0	14	0	0	0	0	0	0	0	0	0	0	0	0	0
783.000	5	0	10	4	17	13	2	4	2	0	12	0	0	0	0	0	0	0	0	0	0	0	0	0
783.200	6	0	8	2	22	10	1	9	2	0	11	0	0	0	0	0	0	0	0	0	0	4	0	0
783.400	4	0	11	6	22	14	2	8	2	0	16	0	0	0	0	0	0	0	0	0	0	1	0	0
783.600	4	0	11	4	20	14	1	4	2	0	10	0	0	0	0	0	0	0	0	0	0	4	0	0
783.800	8	0	11	2	26	9	3	7	2	0	11	0	0	0	0	0	0	0	2	0	0	5	0	0
784.000	4	0	9	5	29	9	3	7	2	0	10	0	0	0	0	0	0	0	0	0	0	9	0	0
784.200	5	0	12	3	28	13	2	7	2	0	8	0	0	0	0	0	0	0	0	0	0	7	0	0
784.400	4	0	12	2	22	7	3	10	8	0	10	0	0	0	0	0	0	0	0	0	0	2	0	0
784.600	4	0	10	3	28	9	3	8	2	0	12	0	0	0	0	0	0	0	0	0	0	5	0	0
784.800	5	0	10	2	25	6	2	6	3	0	9	0	0	0	0	0	0	0	0	0	0	0	0	0
785.000	3	0	13	6	28	10	2	11	2	0	12	0	0	0	0	0	0	0	0	0	0	2	0	0
785.200	4	0	10	2	27	9	2	6	2	0	11	0	0	0	0	0	0	0	0	0	0	10	0	0
785.400	5	0	11	2	26	10	2	13	2	0	13	0	0	0	0	0	0	0	0	0	0	5	0	0
785.600	5	0	9	2	21	12	3	13	2	0	15	0	0	0	0	0	0	0	0	0	0	4	0	0
785.800	8	0	7	3	24	6	4	16	7	0	9	0	0	0	0	0	0	0	0	0	0	3	0	0
786.000	3	0	4	3	17	8	4	12	6	0	10	0	0	0	0	0	0	0	1	0	0	4	0	0
786.200	4	0	6	4	23	7	2	10	5	0	13	0	0	0	0	0	0	0	0	0	0	7	0	0
786.400	4	0	2	4	23	8	2	11	2	0	14	0	0	0	0	0	0	0	0	0	0	3	0	0
786.600	10	0	5	3	29	7	3	12	2	0	12	0	0	0	0	0	0	0	0	0	0	5	0	0
786.800	10	0	7	3	26	7	1	7	2	0	14	0	0	0	0	0	0	0	0	0	0	4	0	0
787.000	10	0	4	2	24	9	2	14	3	0	12	0	0	0	0	0	0	0	0	0	0	6	0	0
787.200	4	0	4	2	21	12	2	12	3	0	15	0	0	0	0	0	0	0	0	0	0	5	0	0
787.400	9	0	5	2	22	9	4	11	4	0	12	0	0	0	0	0	0	0	0	0	0	3	0	0
787.600	9	0	5	2	26	10	1	8	4	0	12	0	0	0	0	0	0	0	0	0	0	9	0	0
787.800	9	1	6	4	24	11	0	11	4	0	10	0	0	0	0	0	0	0	1	0	0	4	0	0
788.000	10	4	9	4	23	8	2	14	5	0	12	0	0	0	0	0	0	0	2	0	0	3	0	0
788.200	14	1	5	2	20	9	2	14	4	0	17	0	0	0	0	0	0	0	0	0	0	4	0	0
788.400	15	0	5	2	30	10	2	9	2	0	9	0	0	0	0	0	0	0	0	0	0	5	0	0
788.600	13	0	7	2	20	11	2	7	3	0	8	0	0	0	0	0	0	0	0	0	0	4	0	0
788.800	14	0	5	2	15	14	2	11	4	0	10	0	0	0	0	0	0	0	0	0	0	0	0	0
789.000	13	0	4	2	27	11	2	14	5	0	11	0	0	0	0	0	0	0	0	0	0	7	0	0
789.200	9	1	3	3	24	9	3	17	2	0	11	0	0	0	0	0	0	0	0	0	0	6	0	0
789.400	11	4	8	3	22	9	3	12	4	0	12	0	0	0	0	0	0	0	0	0	0	5	0	0
789.600	12	1	6	2	23	9	2	10	2	0	9	0	0	0	0	0	0	0	0	0	0	1	0	0
789.800	5	5	11	2	25	9	2	11	2	0	11	0	0	0	0	0	0	0	0	0	0	5	0	0
790.000	6	5	12	4	21	11	3	10	2	0	11	0	0	0	0	0	0	0	0	0	0	0	0	0
790.200	3	5	17	5	23	11	3	8	2	0	11	0	0	0	0	0	0	0	2	0	0	0	0	0
790.400	5	6	15	2	19	10	2	11	2	0	13	0	0	0	0	0	0	0	4	0	0	0	0	0
790.600	5	6	19	6	19	13	2	7	2	0	13	0	0	0	0	0	0	4	5	0	0	0	0	0
790.800	4	0	11	2	21	8	2	11	4	0	10	0	0	0	0	0	0	4	8	0	0	0	0	0
791.000	0	0	12	4	28	11	2	6	2	0	9	0	0	0	0	0	0	4	8	0	0	0	0	0
791.200	3	0	10	3	26	12	2	10	2	0	10	0	0	0	0	0	0	1	3	0	0	0	0	0
791.400	4	1	11	6	20	14	4	14	2	0	11	0	0	0	0	0	0	2	13	0	0	0	0	0
791.600	4	0	10	1	22	9	2	5	1	0	12	0	0	0	0	0	0	3	5	0	0	0	0	0
791.800	3	0	10	3	22	9	1	11	4	0	11	0	0	0	0	0	0	3	3	0	0	0	0	0
792.000	4	0	7	4	21	8	2	10	3	0	11	0	0	0	0	0	0	2	3	0	0	0	0	0
792.200	5	0	11	2	18	9	3	11	4	0	13	0	0	0	0	0	0	5	3	0	0	0	0	0
792.400	6	0	12	4	23	10	2	10	4	0	10	0	0	0	0	0	0	3	10	0	0	0	0	0
792.600	6	0	10	4	23	11	2	12	4	0	11	0	0	0	0	0	0	4	2	0	0	0	0	0
792.800	3	4	11	4	26	10	3	12	2	0	11	0	0	0	0	0	0	4	3	0	0	0	0	0
793.000	5	3	11	4	24	9	2	6	4	0	8	0	0	0	0	0	0	1	14	0	0	0	0	3
793.200	4	2	12	2	23	8	2	11	4	0	9	0	0	0	0	0	0	2	11	0	0	0	0	3
793.400	4	2	13	4	18	9	2	9	5	0	12	0	0	0	0	0	0	2	6	0	0	1	0	3
793.600	4	1	11	5	27	6	2	7	3	0	12	0	0	0	0	0	0	3	9	0	0	0	0	3
793.800	7	2	7	5	19	5	2	14	5	0	12	0	0	0	0	0	0	3	9	0	0	0	0	5
794.000	5	1	9	2	22	12	3	14	3	0	14	0	0	0	0	0	0	2	6	0	0	0	0	5
794.200	4	4	8	2	23	10	2	11	4	0	9	0	0	0	0	0	0	4	5	0	0	0	0	5
794.400	4	6	17	4	24	6	3	15	4	0	12	0	0	0	0	0	0	5	11	0	0	0	0	4
794.600	4	4	17	4	19	12	3	10	4	0	8	0	0	0	0	0	0	4	5	0	0	0	0	8
794.800	4	3	14	4	23	6	3	7	3	0	11	0	0	0	0	0	0	3	4	0	0	0	0	3
795.000	3	5	14	4	20	9	2	7	2	0	10	0	0	0	0	0	0	6	6	0	0	0	0	11
795.200	7	6	14	4	31	3	2	7	3	0	14	0	0	1	0	0	0	4	2	0	0	0	0	4
795.400	3	2	18	2	25	7	2	14	9	0	10	0	0	0	0	0	0	6	5	0	0	0	0	8
795.600	2	5	12	2	25	9	2	9	3	0	14	0	0	0	0	0	0	5	7	0	0	0	0	6
795.800	3	4	15	6	26	7	2	12	1	0	12	0	0	0	0	0	0	5	8	0	0	0	0	6
796.000	4	3	13	7	19	14	2	6	4	0	11	0	0	0	0	0	0	4	8	0	0	0	0	10
796.200	5	4	10	2	24	8	4	11	3	0	9	0	0	0	0	0	0	5	3	0	0	0	0	5
796.400	4	1	13	5	22	11	2	14	3	0	10	0	0	0	0	0	0	4	8	0	0	0	0	0
796.600	5	5	12	2	23	9	2	13	5	0	10	0	0	0	0	0	0	4	7	0	0	0	0	0
796.800	5	1	8	6	17	9	2	12	6	0	10	0	0	0	0	0	0	4	10	0	0	0	0	0
797.000	4	2	16	4	19	10	2	11	7	0	8	0	0	0	0	0	0	2	8	0	0	0	0	0
797.200	4	5	20	2	20	7	1	8	4	0	13	0	0	0	0	0	0	6	5	0	0	0	0	0
797.400	4	3	9	5	25	8	2	9	2	0	8	0	0	0	0	0	0	4	9	0	0	0	0	0
797.600	4	5	13	5	24	9	2	9	3	0	8	0	0	0	0	0	0	7	8	0	0	0	0	0
797.800	7	3	11	4	18	9	3	12	5	0	11	0	0	0	0	0	0	4	9	0	0	0	0	0
798.000	4	3	14	6	17	7	2	13	5	0	13	0	0	0	0	0	0	5	8	0	0	0	0	0
798.200	6	2	17	6	17	10	2	9	2	0	10	0	0	0	0	0	0	3	6	0	0	0	0	0
798.400	5	1	15	5	26	5	2	11	2	0	14	0	0	0	0	0	0	5	5	0	0	0	0	0
798.600	4	2	10	6	24	6	2	9	2	0	13	0	0	0	0	0	0	3	4	0	0	0	0	0
798.800	4	2	14	4	21	10	2	8	2	0	10	0	0	0	0	0	0	4	6	0	0	0	0	0
799.000	5	2	11	6	33	12	2	7	1	0	11	0	0	0	0	0	0	6	8	0	0	0	0	0
799.200	5	1	9	3	24	8	0	4	0	0	9	0	0	0	0	0	0	2	11	0	0	0	0	0
799.400	4	1	13	4	32	11	1	4	2	0	11	0	0	0	0	0	0	4	8	0	0	1	0	0
799.600	5	4	10	4	28	7	2	8	1	0	15	0	0	0	0	0	0	4	10	0	0	3	0	0
799.800	5	2	12	5	21	7	2	5	2	0	11	0	0	0	0	0	0	3	9	0	0	3	0	0
800.000	6	3	10	3	20	10	2	7	3	0	15	0	0	0	0	0	0	5	4	0	0	5	0	0
800.200	4	2	10	4	30	10	2	9	3	0	16	0	0	0	0	0	0	5	9	0	0	4	0	0
800.400	4	3	17	6	21	11	2	6	0	0	15	0	0	0	0	0	0	7	8	0	0	4	0	0
800.600	3	5	13	3	24	11	2	4	4	0	9	0	0	0	0	0	0	5	5	0	0	3	0	0
800.800	5	3	13	2	27	7	2	11	3	0	11	0	0	0	0	0	0	9	10	0	0	1	0	0
801.000	4	4	17	4	21	13	2	9	5	0	15	0	0	0	0	0	0	2	3	0	0	1	0	0
801.200	3	3	15	2	24	10	3	12	1	0	9	0	0	0	0	0	0	9	5	0	0	1	0	0
801.400	3	1	13	2	20	14	3	10	3	0	11	0	0	0	0	0	0	8	5	0	0	5	0	0
801.600	5	3	15	5	24	10	2	14	5	0	12	0	0	0	0	0	0	8	11	0	0	0	0	0
801.800	4	3	12	3	17	8	2	7	2	0	13	0	0	0	0	0	0	11	9	0	0	0	0	0
802.000	4	3	19	3	24	9	2	10	4	0	15	0	0	0	0	0	0	4	8	0	0	2	1	2
802.200	4	3	10	6	23	8	2	8	3	0	13	0	0	0	0	0	0	10	7	0	0	0	0	0
802.400	9	3	10	6	22	5	2	12	7	0	14	0	0	0	0	0	0	7	12	0	0	0	0	0
802.600	5	1	12	6	26	8	3	10	8	0	11	0	0	0	0	0	0	7	11	0	0	5	0	0
802.800	8	2	9	2	19	7	3	14	12	0	12	0	0	0	0	0	0	8	11	0	0	0	0	0
803.000	5	3	12	4	23	8	2	10	10	0	10	0	0	0	0	0	0	6	6	0	0	10	0	0
803.200	3	0	11	2	21	8	3	4	11	0	9	0	0	0	0	0	0	13	7	0	0	4	0	0
803.400	4	0	11	2	21	10	2	11	9	0	10	0	0	0	0	0	0	12	5	0	0	6	0	1
803.600	6	0	12	3	26	6	2	9	11	0	13	0	0	0	0	0	0	4	5	0	0	5	0	0
803.800	0	0	9	4	21	7	2	8	10	0	8	0	0	0	0	0	0	12	7	0	0	5	0	0
804.000	0	0	12	3	21	9	2	8	10	0	10	0	0	0	0	0	0	9	5	0	0	1	0	0
804.200	3	0	11	4	19	5	2	9	12	0	7	0	0	0	0	0	0	9	11	0	0	5	0	0
804.400	12	0	7	5	21	5	1	8	12	0	7	0	0	0	0	0	0	8	8	0	0	2	0	0
804.600	0	0	12	4	20	8	2	8	15	0	11	0	0	0	0	0	0	5	6	0	0	1	0	0
804.800	7	0	10	2	24	10	2	8	9	2	6	0	0	0	0	0	0	7	11	0	0	0	0	0
805.000	7	0	11	3	17	7	2	11	15	1	11	0	0	0	0	0	0	3	8	0	0	0	0	0
805.200	8	0	12	2	19	5	2	8	8	0	4	0	0	0	0	0	0	7	9	0	0	0	0	0
805.400	8	0	8	2	24	7	2	8	7	0	3	0	0	0	0	0	0	3	8	0	0	0	0	0
805.600	8	0	9	2	25	7	2	7	7	0	12	0	0	0	0	0	0	7	2	0	0	0	0	0
805.800	6	0	10	2	18	6	2	8	8	0	6	0	0	0	0	0	0	6	8	0	0	0	0	0
806.000	6	0	8	2	23	7	2	9	15	0	6	0	0	0	0	0	0	6	11	0	0	2	0	0
806.200	0	0	13	2	22	7	2	8	9	0	12	0	0	0	0	0	0	4	10	0	0	2	0	0
806.400	3	0	1	4	20	7	2	10	11	0	11	0	0	0	0	0	0	6	6	0	0	0	0	0
806.600	0	0	10	2	21	7	2	9	8	0	11	0	0	0	0	0	0	7	5	0	0	1	0	0
806.800	4	0	8	2	17	7	2	8	14	0	12	0	0	0	0	0	0	6	7	0	0	0	0	0
807.000	8	0	9	2	22	9	2	8	4	0	8	0	0	0	0	0	0	6	6	0	0	0	0	1
807.200	1	0	11	1	19	6	2	8	4	0	1	0	0	0	0	0	0	10	3	0	0	1	0	7
807.400	2	0	11	5	22	7	2	8	12	0	6	0	0	0	0	0	0	9	8	0	0	0	0	2
807.600	3	0	8	5	19	8	2	8	5	0	0	0	0	0	0	0	0	9	7	0	0	0	0	3
807.800	0	0	10	2	22	10	2	8	6	0	1	0	0	0	0	0	0	8	10	0	0	0	0	8
808.000	9	4	17	2	20	5	2	10	11	0	3	0	0	0	0	0	0	8	3	0	0	0	0	10
808.200	5	1	14	3	25	7	2	8	9	0	3	0	0	0	0	0	0	11	9	0	0	0	0	9
808.400	1	1	11	3	20	10	2	7	2	0	2	0	0	0	0	0	0	12	8	0	0	0	0	4
808.600	5	2	9	5	20	8	3	8	5	0	1	0	0	0	0	0	0	10	8	0	0	0	0	12
808.800	5	4	18	2	24	9	3	11	7	0	3	0	0	0	0	0	0	12	8	0	0	0	0	20
809.000	1	0	12	3	29	7	2	7	4	0	9	0	0	0	0	0	0	6	8	0	0	0	0	16
809.200	3	1	10	5	29	8	1	8	10	0	10	0	0	0	0	0	0	7	6	0	0	0	0	22
809.400	4	0	13	3	29	10	2	8	6	0	9	0	0	0	0	0	0	5	4	0	0	0	0	16
809.600	2	0	12	2	20	14	2	7	6	0	8	0	0	0	0	0	0	9	7	0	0	0	0	11
809.800	4	0	11	2	23	10	2	9	11	0	8	0	0	0	0	0	0	5	5	0	0	0	0	9
810.000	4	0	8	5	28	15	2	8	5	0	8	0	0	0	0	0	0	12	5	0	0	0	0	8
810.200	4	0	8	5	16	11	2	6	5	0	6	0	0	0	0	0	0	6	7	0	0	2	0	7
810.400	3	0	8	2	18	9	2	8	8	0	11	0	0	0	0	0	0	10	8	0	0	0	0	8
810.600	5	3	14	5	18	8	2	10	13	0	10	0	0	0	0	0	0	8	10	0	0	0	0	2
810.800	4	1	9	6	18	8	2	8	14	0	12	0	0	0	0	0	0	6	8	0	0	0	0	0
811.000	6	0	11	2	18	6	2	10	9	0	7	0	0	0	0	0	0	4	5	0	0	1	0	0
811.200	4	1	12	5	25	6	2	9	9	0	6	0	0	0	0	0	0	13	12	0	0	1	0	11
811.400	5	1	10	6	27	7	2	10	11	0	9	0	0	0	0	0	0	5	12	0	0	0	0	3
811.600	5	1	14	6	20	6	2	8	13	0	12	0	0	0	0	0	0	9	5	0	0	0	0	0
811.800	5	4	9	4	21	8	2	7	6	0	8	0	0	0	0	0	0	9	4	0	0	0	0	0
812.000	5	4	14	4	17	6	1	8	6	0	8	0	0	0	0	0	0	6	4	0	0	0	0	0
812.200	6	1	8	2	19	6	3	8	10	0	12	0	0	0	0	0	0	9	7	0	0	0	0	0
812.400	4	0	12	4	24	7	2	9	13	0	9	0	0	0	0	0	0	8	8	0	0	0	0	0
812.600	3	0	9	2	21	6	4	10	14	0	10	0	0	0	0	0	0	12	9	0	0	0	0	0
812.800	5	0	11	3	20	6	2	8	9	0	6	0	0	0	0	0	0	4	5	0	0	0	0	0
813.000	5	0	13	2	17	4	3	8	12	0	9	0	0	0	0	0	0	8	9	0	0	0	0	1
813.200	4	0	12	2	23	1	2	8	12	0	11	0	0	0	0	0	0	5	3	0	0	0	0	0
813.400	5	0	10	4	21	2	2	4	6	0	9	0	0	0	0	0	0	4	3	0	0	0	0	0
813.600	4	0	9	2	18	2	2	8	11	0	8	0	0	0	0	0	0	5	7	0	0	0	0	0
813.800	5	1	10	2	22	6	2	8	8	0	9	0	0	0	0	0	0	5	4	0	0	0	0	0
814.000	3	0	8	6	26	5	2	8	8	0	10	0	0	0	0	0	0	6	5	0	0	0	0	0
814.200	4	1	9	2	19	6	3	10	7	0	10	0	0	0	0	0	0	9	8	0	0	0	0	0
814.400	1	0	9	5	20	7	2	8	13	0	11	0	0	0	0	0	0	8	3	0	0	1	0	0
814.600	5	0	11	2	22	9	2	9	5	0	9	0	0	0	0	0	0	13	5	0	0	0	0	0
814.800	3	1	12	6	24	9	4	10	11	0	14	0	0	0	0	0	0	7	6	0	0	0	0	0
815.000	4	1	12	4	25	9	2	8	8	0	12	0	0	0	0	0	0	9	7	0	0	0	0	0
815.200	4	5	16	3	16	7	0	7	7	0	16	0	0	0	0	0	0	4	5	0	0	0	0	0
815.400	6	1	10	6	31	12	2	11	7	0	13	0	0	0	0	0	0	4	9	0	0	0	0	0
815.600	9	0	11	5	24	13	2	7	10	0	13	0	0	0	0	0	0	8	2	0	0	0	0	0
815.800	4	3	8	6	23	9	2	8	10	0	15	0	0	0	0	0	0	6	3	0	0	0	0	0
816.000	4	0	8	6	29	9	2	7	7	0	12	0	0	0	0	0	0	13	3	0	0	0	0	1
816.200	3	0	10	4	27	9	2	6	5	0	10	0	0	0	0	0	0	10	9	0	0	0	0	0
816.400	2	0	8	2	18	12	3	7	8	0	13	0	0	0	0	0	0	13	5	0	0	0	0	0
816.600	4	0	7	2	19	11	2	8	10	0	10	0	0	0	0	0	0	8	9	0	0	0	0	0
816.800	4	1	8	6	23	7	2	5	10	0	10	0	0	0	0	0	0	9	7	0	0	0	0	0
817.000	4	1	10	5	25	10	2	7	8	0	11	0	0	0	0	0	0	13	4	0	0	0	0	0
817.200	5	1	12	5	23	12	2	5	10	0	11	0	0	0	0	0	0	8	6	0	0	0	0	0
817.400	4	0	7	2	29	11	2	15	7	0	7	0	0	0	0	0	0	11	7	0	0	0	0	0
817.600	8	0	8	4	27	10	2	8	8	0	6	0	0	0	0	0	0	9	8	0	0	0	0	2
817.800	6	0	11	6	25	9	2	6	8	0	9	0	0	0	0	0	0	7	9	0	0	2	0	11
818.000	7	1	8	2	21	9	2	8	9	0	6	0	0	0	0	0	0	6	4	0	0	0	0	7
818.200	7	2	12	7	25	10	2	9	7	0	8	0	0	0	0	0	0	6	6	0	0	0	0	13
818.400	6	3	12	1	21	12	0	7	7	0	9	0	0	0	0	0	0	4	4	0	0	0	0	10
818.600	7	3	12	2	17	13	2	8	8	0	12	0	0	2	0	0	0	7	2	0	0	1	0	9
818.800	6	1	11	2	21	9	2	7	9	0	9	0	0	1	0	0	0	4	3	0	0	2	0	9
819.000	7	1	12	2	19	8	1	8	8	0	12	0	0	2	0	0	0	5	5	0	0	2	0	19
819.200	4	0	7	2	11	13	0	6	12	0	13	0	0	0	0	0	0	1	4	0	0	2	0	17
819.400	5	0	8	6	21	10	0	9	11	0	12	0	0	0	0	0	0	5	3	0	0	2	0	18
819.600	7	0	8	3	25	8	0	6	8	0	12	0	0	0	0	0	0	0	6	0	0	2	0	14
819.800	4	0	6	2	21	6	2	8	14	0	15	0	0	2	0	0	0	0	5	0	0	2	0	13
820.000	5	0	4	2	17	11	0	8	14	0	10	0	0	3	0	0	0	0	5	0	0	2	0	18
820.200	7	1	3	5	25	11	2	8	6	0	12	0	0	0	0	0	0	0	5	0	0	2	0	10
820.400	7	4	8	3	21	13	2	7	9	0	14	0	0	0	0	0	0	0	5	0	0	2	0	14
820.600	6	1	8	2	24	10	2	8	9	0	13	0	0	0	0	0	0	1	5	0	0	1	0	8
820.800	8	1	5	4	24	7	1	9	11	0	12	0	0	0	0	0	0	1	7	0	0	2	0	21
821.000	10	0	5	2	26	9	2	8	7	0	10	0	0	0	0	0	0	0	5	0	0	3	0	9
821.200	0	0	5	2	22	7	1	8	10	0	14	0	0	0	0	0	0	0	9	0	0	3	0	6
821.400	13	4	9	2	21	10	2	7	10	0	15	0	0	0	0	0	0	0	1	0	0	3	0	3
821.600	8	2	9	2	17	6	1	6	10	0	15	0	0	0	0	0	0	0	8	0	0	6	0	7
821.800	8	6	5	2	19	10	2	7	12	0	14	0	0	0	0	0	0	0	10	0	0	2	0	10
822.000	8	2	11	6	28	9	2	8	8	0	11	0	0	0	0	0	0	0	6	0	0	4	0	20
822.200	4	2	8	2	20	11	2	7	8	0	11	0	0	0	0	0	0	0	6	0	0	2	0	20
822.400	6	3	6	2	18	6	2	8	7	0	11	0	0	0	0	2	0	0	5	0	0	6	0	16
822.600	7	4	9	2	28	7	2	8	10	0	15	0	0	0	0	0	0	0	3	0	0	5	0	12
822.800	8	3	10	2	19	8	0	8	13	0	10	0	0	0	0	0	0	0	3	0	0	5	0	18
823.000	7	3	8	3	21	10	2	7	9	0	18	0	0	0	0	0	1	10	3	0	0	2	0	7
823.200	14	0	8	2	20	12	2	7	8	0	10	0	0	0	0	0	0	5	3	0	0	1	0	13
823.400	4	0	8	2	17	10	3	8	11	0	15	0	0	0	0	0	0	8	6	0	0	1	0	9
823.600	5	0	10	3	24	7	2	8	9	0	15	0	0	0	0	0	0	0	6	0	0	0	0	10
823.800	7	0	8	2	17	11	2	7	15	0	8	0	0	0	0	0	0	0	7	0	0	1	0	15
824.000	9	0	9	3	20	7	2	6	13	0	11	0	0	0	0	0	0	0	7	0	0	0	0	8
824.200	8	0	10	2	21	10	1	9	11	0	14	0	0	0	0	0	0	0	5	0	0	0	0	6
824.400	2	0	11	2	23	10	2	9	13	0	8	0	0	0	0	0	0	0	6	0	0	0	0	4
824.600	6	0	13	3	27	9	0	6	10	0	13	0	0	0	0	0	0	0	5	0	0	0	0	8
824.800	4	0	8	5	26	8	2	8	7	0	10	0	0	0	0	0	0	0	5	0	0	0	0	8
825.000	4	1	12	5	21	11	3	8	6	0	10	0	0	0	0	0	0	0	7	0	0	0	0	8
825.200	4	1	7	6	21	9	2	8	11	0	8	0	0	0	0	0	0	1	7	0	0	0	0	12
825.400	5	1	11	6	16	10	2	8	9	0	11	0	0	0	0	0	0	4	11	0	0	0	0	5
825.600	6	3	16	5	21	12	2	9	12	0	17	0	0	0	0	0	0	8	5	0	0	0	0	21
825.800	5	1	12	2	21	11	2	7	10	0	11	0	0	0	0	0	0	4	7	0	0	0	0	12
826.000	4	2	10	4	20	9	2	6	9	0	11	0	0	0	0	0	0	4	5	0	0	0	0	14
826.200	5	2	13	5	24	12	1	6	11	0	8	0	0	0	0	0	0	9	7	0	0	0	0	10
826.400	4	3	13	6	21	11	2	8	9	0	12	0	0	0	0	0	0	6	9	0	0	0	0	8
826.600	8	3	10	2	21	8	0	5	12	0	11	0	0	0	0	0	0	5	5	0	0	0	0	6
826.800	8	3	11	4	23	9	3	6	10	0	11	0	0	0	0	0	0	4	8	0	0	0	0	12
827.000	5	3	15	2	18	9	1	5	13	0	16	0	0	0	0	0	0	5	7	0	0	0	0	8
827.200	4	3	10	5	23	7	2	8	9	0	12	0	0	0	0	0	0	9	12	0	0	0	0	12
827.400	5	1	12	6	26	9	2	8	15	0	13	0	0	0	0	0	0	6	7	0	0	0	0	5
827.600	6	3	9	4	22	9	2	6	7	0	12	0	0	0	0	0	0	8	12	0	0	0	0	8
827.800	5	2	9	6	22	12	2	7	11	0	9	0	0	0	0	0	0	6	12	0	0	0	0	8
828.000	5	3	9	2	17	12	2	5	14	0	6	0	0	0	0	0	0	3	6	0	0	0	0	7
828.200	14	0	9	2	24	6	3	5	12	0	9	0	0	0	0	0	0	6	8	0	0	0	0	8
828.400	11	0	0	2	19	9	2	8	10	0	9	0	0	0	0	0	0	5	7	0	0	0	0	5
828.600	7	0	5	2	18	10	3	10	11	0	6	0	0	0	0	0	0	7	7	0	0	0	0	12
828.800	6	0	7	2	15	7	2	7	13	0	5	0	0	0	0	0	0	5	9	0	0	0	0	4
829.000	2	0	12	2	18	7	2	7	9	0	8	0	0	0	0	0	0	4	12	0	0	0	0	7
829.200	10	0	7	2	21	12	3	8	11	0	10	0	0	0	0	0	0	10	5	0	0	0	0	5
829.400	1	0	12	5	15	5	2	6	6	0	5	0	0	0	0	0	0	9	8	0	0	0	0	10
829.600	3	0	7	6	21	10	2	9	10	0	7	0	0	0	0	0	0	15	8	0	0	0	0	8
829.800	5	0	10	2	22	11	1	10	14	0	5	0	0	0	0	0	0	9	9	0	0	1	0	6
830.000	0	0	8	2	18	9	2	7	13	0	12	0	0	0	0	0	0	8	7	0	0	0	0	8
830.200	5	0	13	2	28	6	2	8	14	0	11	0	0	0	0	0	0	2	6	0	0	0	0	9
830.400	3	0	12	3	23	7	3	10	14	0	13	0	0	0	0	0	0	9	7	0	0	2	0	6
830.600	4	1	10	3	20	9	2	10	13	0	5	0	0	0	0	0	0	10	8	0	0	0	0	7
830.800	6	0	12	4	23	7	2	7	11	0	6	0	0	0	0	0	0	10	6	0	0	6	0	11
831.000	4	4	9	2	22	8	2	7	7	0	5	0	0	0	0	0	0	1	8	0	0	7	0	6
831.200	4	1	6	2	24	11	2	8	10	0	8	0	0	0	0	0	0	2	6	0	0	2	0	12
831.400	5	2	14	2	23	10	2	8	11	0	3	0	0	0	0	0	0	8	8	0	0	6	0	12
831.600	8	3	17	4	21	9	2	8	10	0	6	0	0	0	0	0	0	2	13	0	0	4	0	7
831.800	5	5	19	5	22	10	2	8	10	0	5	0	0	0	0	0	0	6	15	0	0	3	0	6
832.000	4	4	12	2	24	7	2	8	11	0	4	0	0	0	0	0	0	3	17	0	0	5	0	10
832.200	4	5	10	3	23	8	2	9	9	0	5	0	0	0	0	0	0	2	13	0	0	1	0	7
832.400	5	4	12	2	22	8	2	9	9	0	5	0	0	0	0	0	0	3	11	0	0	1	0	7
832.600	4	1	13	2	15	6	1	8	8	0	7	0	0	0	0	0	0	5	8	0	0	7	0	6
832.800	3	4	14	3	21	7	4	8	11	0	5	0	0	0	0	0	0	8	10	0	0	12	0	5
833.000	5	1	9	2	22	7	2	7	8	0	3	0	0	0	0	0	0	5	6	0	0	12	0	3
833.200	3	0	8	4	20	8	1	9	7	0	3	0	0	0	0	0	0	10	7	0	0	11	0	0
833.400	5	0	10	2	24	9	2	6	9	0	5	0	0	0	0	0	0	8	10	0	0	6	0	5
833.600	5	0	6	4	21	9	2	8	9	0	5	0	0	0	0	0	0	6	8	0	0	5	0	6
833.800	3	1	8	6	23	4	2	7	9	0	6	0	0	0	0	0	0	7	7	0	0	9	0	3
834.000	3	0	8	5	21	8	2	7	13	0	8	0	0	0	0	0	0	7	8	0	0	11	0	2
834.200	2	0	7	2	29	7	2	8	8	0	7	0	0	0	0	0	0	7	8	0	0	9	0	3
834.400	2	0	8	5	31	8	2	8	5	0	7	0	0	0	0	0	0	9	6	0	0	11	0	5
834.600	1	0	11	5	24	8	2	6	8	0	9	0	0	0	0	0	0	12	6	0	0	8	0	3
834.800	5	0	11	2	27	10	2	8	10	0	9	0	0	0	0	0	0	4	9	0	0	5	0	3
835.000	5	0	10	2	23	9	2	6	10	0	5	0	0	0	0	0	0	6	8	0	0	6	0	5
835.200	5	0	6	2	23	9	2	7	6	0	7	0	0	0	0	0	0	10	7	0	0	14	4	4
835.400	7	0	12	4	21	8	2	8	8	0	7	0	0	0	0	0	0	8	10	0	0	8	0	4
835.600	4	1	7	2	20	9	3	5	6	0	5	0	0	0	0	0	0	12	6	0	0	12	0	5
835.800	5	2	10	7	19	11	2	8	16	0	5	0	0	0	0	0	0	10	7	0	0	12	0	5
836.000	8	3	12	4	24	9	2	9	11	0	6	0	0	0	0	0	0	9	7	0	0	12	0	1
836.200	4	4	14	3	23	8	2	7	15	0	4	0	0	0	0	0	0	7	6	0	0	13	0	6
836.400	5	1	13	5	27	7	2	6	15	0	5	0	0	0	0	0	0	13	4	0	0	17	0	5
836.600	5	3	12	5	22	7	3	5	12	0	11	0	0	0	0	0	0	12	7	0	0	16	3	12
836.800	6	3	10	6	19	7	3	6	9	0	6	0	0	0	0	0	0	10	7	0	0	18	2	6
837.000	4	3	13	2	17	7	2	6	11	0	10	0	0	0	0	0	0	5	5	0	0	17	0	6
837.200	5	2	17	6	25	2	3	9	11	0	16	0	0	0	0	0	0	8	6	0	0	17	0	1
837.400	5	5	19	4	21	7	2	5	8	0	13	0	0	0	0	0	0	7	3	0	0	17	1	3
837.600	4	1	10	4	21	10	2	6	19	0	12	0	0	0	0	0	0	8	5	0	0	16	0	8
837.800	4	1	11	3	19	14	2	8	12	0	14	0	0	0	0	0	0	12	7	0	0	14	3	7
838.000	6	0	6	2	22	9	2	8	11	0	13	0	0	0	0	0	0	9	9	0	0	15	0	5
838.200	4	3	10	2	20	10	2	8	6	0	13	0	0	0	0	0	0	11	4	0	0	20	2	14
838.400	3	4	19	2	18	10	2	7	8	0	13	0	0	0	0	0	0	13	7	0	0	23	6	5
838.600	4	2	14	2	22	14	2	8	17	0	15	0	0	0	0	0	0	9	9	0	0	19	7	9
838.800	5	2	16	3	19	10	2	7	8	0	10	0	0	0	0	0	0	9	6	0	0	16	7	6
839.000	3	2	15	3	22	8	2	8	8	0	15	0	0	0	0	0	0	14	8	0	0	17	3	6
839.200	5	4	17	6	22	9	2	7	6	0	13	0	0	0	0	0	0	9	7	0	0	21	1	8
839.400	4	5	14	4	24	7	2	7	4	0	14	0	0	0	0	0	0	12	3	0	0	20	3	10
839.600	6	4	17	5	26	10	2	9	7	0	14	0	0	0	0	0	0	3	2	0	0	22	6	7
839.800	4	3	19	4	26	11	2	12	12	0	4	0	0	0	0	0	0	7	3	0	0	23	1	1
840.000	4	3	14	4	24	14	2	8	6	0	10	0	0	0	0	0	0	13	4	0	0	23	5	9
840.200	5	3	12	4	23	10	3	8	10	0	11	0	0	0	0	0	0	3	2	0	0	17	2	0
840.400	5	1	9	6	17	11	2	7	11	0	15	0	0	0	0	0	0	10	5	0	0	18	1	2
840.600	4	1	10	5	21	9	2	8	8	0	14	0	0	0	0	0	0	8	4	0	0	15	3	7
840.800	7	0	13	2	21	10	0	7	7	0	14	0	0	0	0	0	0	15	2	0	0	18	3	2
841.000	4	0	12	2	20	8	2	7	10	0	16	0	0	0	0	0	0	11	2	0	0	16	2	2
841.200	6	0	10	2	21	9	0	7	12	0	14	0	0	0	0	0	0	6	3	0	0	17	0	2
841.400	5	0	12	4	22	15	2	6	8	0	16	0	0	0	0	0	0	8	3	0	0	15	4	4
841.600	3	0	12	2	20	12	2	8	15	0	12	0	0	0	0	0	0	9	4	0	0	20	2	3
841.800	7	0	9	2	23	9	2	7	7	0	9	0	0	0	0	0	0	4	3	0	0	17	2	0
842.000	3	1	8	3	23	9	2	8	6	0	9	0	0	0	0	0	0	6	3	0	0	18	3	2
842.200	6	0	10	1	27	9	2	7	18	0	6	0	0	0	0	0	0	9	3	0	0	16	4	3
842.400	3	0	8	5	28	10	2	7	9	0	10	0	0	0	0	0	0	6	3	0	0	14	4	4
842.600	4	0	8	7	21	12	2	7	12	0	12	0	0	0	0	0	0	8	3	0	0	15	3	16
842.800	3	1	9	3	23	7	3	9	16	0	7	0	0	0	0	0	0	7	3	0	0	18	1	6
843.000	3	0	9	2	21	6	2	8	14	0	13	0	0	0	0	0	0	6	3	0	0	16	0	9
843.200	4	0	5	3	33	10	2	8	12	0	11	0	0	0	0	0	0	4	4	0	0	17	0	12
843.400	5	0	10	4	33	8	4	8	10	0	16	0	0	0	0	0	0	4	4	0	0	21	3	12
843.600	4	0	14	5	24	6	2	7	11	0	14	0	0	0	0	0	0	4	4	0	0	18	2	19
843.800	5	0	11	6	22	8	2	9	12	0	15	0	0	0	0	0	0	4	4	0	0	20	1	19
844.000	4	0	11	6	24	6	2	11	13	0	11	0	0	0	0	0	0	7	3	0	0	14	3	11
844.200	8	0	9	5	24	8	2	8	13	0	16	0	0	0	0	0	0	5	1	0	0	16	2	14
844.400	6	0	8	4	25	7	3	9	13	0	13	0	0	0	0	0	0	7	2	0	0	16	1	8
844.600	6	0	12	2	27	7	2	8	19	0	3	0	0	0	0	0	0	6	1	0	0	16	3	15
844.800	4	0	11	6	30	12	2	9	11	0	9	0	0	0	0	0	0	4	0	0	0	17	2	23
845.000	5	0	12	4	23	11	2	9	13	0	6	0	0	0	0	0	0	7	0	0	0	19	3	5
845.200	3	0	9	6	30	10	2	7	12	0	10	0	0	0	0	0	0	5	0	0	0	16	0	12
845.400	9	0	11	5	23	5	2	8	11	0	11	0	0	0	0	0	0	4	2	0	0	17	1	8
845.600	8	0	8	2	24	11	2	8	10	0	6	0	0	0	0	0	0	7	6	0	0	11	3	12
845.800	6	0	7	2	28	9	2	7	10	0	10	0	0	0	0	0	0	8	6	0	0	13	3	4
846.000	8	0	8	6	22	6	2	8	14	0	10	0	0	0	0	0	0	7	4	0	0	17	1	18
846.200	8	0	9	5	20	13	2	8	11	0	6	0	0	3	0	0	0	7	0	0	0	19	2	13
846.400	5	1	9	4	20	11	2	8	13	0	8	0	0	3	0	0	0	9	0	0	0	22	2	10
846.600	8	0	8	2	18	7	0	6	19	0	12	0	0	2	0	0	0	11	0	0	0	19	5	14
846.800	9	1	9	4	19	6	2	6	12	0	15	0	0	3	0	0	0	7	0	0	0	8	5	10
847.000	5	0	8	4	19	8	2	7	11	0	12	0	0	3	0	0	0	5	1	0	0	11	0	0
847.200	6	0	10	2	21	8	2	6	12	0	9	0	0	3	0	0	0	8	1	0	0	20	3	7
847.400	5	0	12	2	19	13	2	8	9	0	9	0	0	3	0	0	0	9	1	0	0	18	5	12
847.600	5	0	7	6	27	13	2	9	7	0	12	0	0	2	0	0	0	9	1	0	0	12	0	8
847.800	3	0	11	5	23	10	1	8	12	0	13	0	0	5	0	0	0	6	0	0	0	15	0	8
848.000	8	0	8	4	21	13	0	7	8	0	15	0	0	3	0	0	0	5	3	0	0	17	2	11
848.200	4	0	9	2	19	8	2	8	11	0	16	0	0	2	0	0	0	10	2	0	0	15	3	6
848.400	9	0	8	5	21	9	1	8	15	0	15	0	0	2	0	0	0	7	0	0	0	15	0	10
848.600	2	0	10	2	17	7	2	7	16	0	12	0	0	1	0	0	0	5	0	0	0	16	0	6
848.800	5	0	12	2	25	7	1	9	9	0	14	0	0	3	0	0	0	6	0	0	0	20	2	14
849.000	3	0	10	6	20	13	2	7	8	0	14	0	0	3	0	0	0	5	0	0	0	15	3	8
849.200	5	4	8	2	19	7	0	7	7	0	14	0	0	3	0	0	0	5	1	0	0	22	2	2
849.400	6	1	10	6	25	11	2	8	9	0	12	0	0	2	0	0	0	5	1	0	0	13	0	4
849.600	4	0	9	5	24	10	3	7	10	0	13	0	0	4	0	0	0	9	2	0	0	15	0	4
849.800	5	1	9	3	17	10	2	10	9	0	16	0	0	3	0	0	0	10	2	0	0	16	1	5
850.000	4	1	10	2	21	7	1	8	8	0	16	0	0	6	0	0	0	6	0	0	0	13	0	0
850.200	3	1	12	3	25	11	2	8	10	0	12	0	0	5	0	0	0	11	1	0	0	14	0	1
850.400	4	0	9	4	21	6	2	6	5	0	10	0	0	5	0	0	0	7	3	0	0	13	0	4
850.600	4	3	9	2	24	9	2	6	14	0	19	0	0	5	0	0	0	8	3	0	0	11	0	5
850.800	4	1	6	2	23	9	2	6	9	0	10	0	0	1	0	0	0	4	2	0	0	10	0	8
851.000	4	5	14	3	20	7	2	7	11	0	12	0	0	2	0	0	0	8	2	0	0	9	0	8
851.200	2	0	6	2	20	7	3	8	6	0	14	0	0	7	0	0	0	6	3	0	0	14	0	7
851.400	4	1	12	0	22	12	2	8	10	0	12	0	0	0	0	0	0	5	2	0	0	14	0	14
851.600	5	0	7	2	26	8	2	8	10	0	18	0	0	0	0	0	0	4	2	0	0	10	0	11
851.800	6	0	9	2	17	11	2	9	13	0	10	0	0	1	0	0	0	2	0	0	0	9	0	14
852.000	6	0	10	2	22	11	2	8	7	0	14	0	0	1	0	0	0	5	0	0	0	11	0	15
852.200	2	0	7	2	23	13	2	8	5	0	10	0	0	1	0	0	0	7	0	0	0	13	0	10
852.400	0	0	12	2	26	13	2	9	13	0	14	0	0	0	0	0	0	7	1	0	0	11	0	7
852.600	4	1	8	4	28	7	2	9	6	0	11	0	0	0	0	0	0	1	0	0	0	10	0	10
852.800	7	1	7	2	20	11	2	8	12	0	11	0	0	0	0	0	0	5	2	0	0	17	0	6
853.000	4	0	9	6	22	7	2	8	9	0	7	0	0	0	0	0	0	0	0	0	0	19	0	14
853.200	6	3	12	4	19	7	2	9	11	0	13	0	0	0	0	0	0	0	0	0	0	9	0	12
853.400	6	0	11	2	23	7	2	8	11	0	10	0	0	1	0	0	0	0	2	0	0	14	0	14
853.600	5	0	11	3	22	8	2	8	13	0	5	0	0	0	0	0	0	2	3	0	0	15	0	8
853.800	5	0	12	5	22	9	2	7	12	0	15	0	0	0	0	0	0	1	1	0	0	13	0	5
854.000	4	0	6	2	17	11	2	10	13	0	13	0	0	0	0	0	0	6	1	0	0	14	0	1
854.200	3	1	11	4	17	10	2	8	11	0	12	0	0	0	0	0	0	2	2	0	0	18	0	2
854.400	4	3	14	3	26	7	2	11	13	0	10	0	0	0	0	0	0	0	2	0	0	13	0	0
854.600	8	1	9	4	24	9	2	8	14	0	10	0	0	0	0	0	0	9	7	0	0	14	0	0
854.800	4	3	8	2	30	6	2	8	13	0	12	0	0	0	0	0	0	4	6	0	0	12	0	2
855.000	9	1	8	2	28	8	2	8	13	0	17	0	0	0	0	0	0	6	5	0	0	11	0	0
855.200	4	3	16	3	25	13	3	7	11	0	10	0	0	0	0	0	0	7	8	0	0	15	0	1
855.400	7	4	7	2	15	7	2	8	9	0	9	0	0	0	0	0	0	5	7	0	0	9	0	1
855.600	4	5	11	2	19	2	3	8	10	0	10	0	0	0	0	0	0	7	5	0	0	9	0	3
855.800	4	3	14	3	25	2	3	8	12	0	14	0	0	0	0	0	0	7	6	0	0	5	0	3
856.000	5	6	11	4	25	5	2	8	9	0	9	0	0	0	0	0	0	9	9	0	0	8	0	6
856.200	4	3	12	5	20	2	1	8	11	0	14	0	0	2	0	0	0	5	9	0	0	7	0	3
856.400	4	3	12	4	19	6	2	7	9	0	8	0	0	0	0	0	0	10	12	0	0	7	0	5
856.600	4	0	6	2	20	2	2	8	14	0	13	0	0	0	0	0	0	5	9	0	0	5	0	2
856.800	5	4	10	6	22	2	2	7	11	0	17	0	0	0	0	0	0	5	11	0	0	14	0	4
857.000	4	3	12	4	18	6	1	7	7	0	15	0	0	0	0	0	0	10	12	0	0	6	0	2
857.200	6	1	11	3	25	1	3	6	10	0	17	0	0	0	0	0	0	4	12	0	1	7	0	6
857.400	5	4	8	3	14	2	1	8	14	0	14	0	0	0	0	0	0	4	10	0	0	10	0	5
857.600	4	6	12	4	14	1	3	8	9	0	13	0	0	0	0	0	0	5	2	0	0	9	0	6
857.800	4	3	11	3	24	4	0	7	12	0	13	0	0	0	0	0	0	2	7	0	0	10	0	5
858.000	4	4	12	6	17	3	2	8	12	0	12	0	0	0	0	0	0	0	7	0	0	9	0	10
858.200	4	4	10	6	25	1	2	8	11	0	11	0	0	0	0	0	0	3	14	0	1	12	0	0
858.400	4	6	9	2	24	2	1	10	8	0	12	0	0	0	0	0	0	4	13	0	0	11	0	1
858.600	5	4	12	2	21	1	0	8	6	0	10	0	0	0	0	0	0	2	12	0	0	13	0	2
858.800	4	6	8	2	15	5	1	9	9	0	16	0	0	0	0	0	0	3	13	0	0	15	0	3
859.000	4	5	12	2	18	7	4	11	8	0	11	0	0	0	0	0	0	3	18	0	1	16	0	5
859.200	5	6	14	5	22	4	2	10	9	0	6	0	0	0	0	0	0	4	13	0	0	11	0	3
859.400	4	5	15	2	22	2	2	8	13	0	17	0	0	0	0	0	0	1	13	0	0	8	0	8
859.600	4	7	12	4	20	2	2	7	11	0	15	0	0	0	0	0	0	2	13	0	0	9	0	4
859.800	4	1	9	2	20	3	2	8	11	0	14	0	0	0	0	0	0	5	8	0	0	11	0	4
860.000	5	2	16	2	16	2	2	7	10	0	15	0	0	0	0	0	0	3	9	0	0	9	0	1
860.200	4	2	16	6	19	2	5	6	8	0	11	0	0	0	0	0	0	3	11	0	0	10	0	0
860.400	6	0	10	4	19	8	2	7	13	0	18	0	0	0	0	0	0	4	11	0	0	13	0	0
860.600	4	0	12	4	20	5	2	8	12	0	11	0	0	0	0	0	0	3	12	0	0	7	0	2
860.800	3	0	11	2	18	6	2	8	12	0	14	0	0	0	0	0	0	4	14	0	0	11	0	3
861.000	6	0	10	2	29	4	2	7	12	0	8	0	0	0	0	0	0	4	10	0	0	12	0	3
861.200	4	0	11	6	20	3	2	8	12	0	15	0	0	0	0	0	0	0	11	0	0	10	0	3
861.400	4	0	8	6	19	5	3	7	11	0	14	0	0	0	0	0	0	3	12	0	0	8	0	2
861.600	5	3	12	4	21	5	2	8	13	0	13	0	0	0	0	0	0	4	9	0	0	9	0	6
861.800	0	0	11	3	18	4	3	8	10	0	12	0	0	0	0	0	0	2	10	0	0	9	0	9
862.000	4	0	6	2	25	2	2	8	9	0	12	0	0	0	0	0	0	4	8	0	1	10	0	4
862.200	6	0	9	2	20	2	7	5	8	0	13	0	0	0	0	0	0	5	9	0	0	7	0	3
862.400	3	0	9	2	26	2	3	3	12	0	13	0	0	0	0	0	0	4	12	0	0	9	0	7
862.600	4	0	6	6	23	7	4	8	4	0	13	0	0	0	0	0	0	4	8	0	0	9	0	6
862.800	4	0	7	2	22	7	1	10	6	0	14	0	0	0	0	0	0	2	11	0	0	12	0	8
863.000	5	0	7	2	18	9	2	8	4	0	14	0	0	0	0	0	0	4	14	0	0	7	0	3
863.200	5	0	9	3	22	5	3	6	8	0	12	0	0	0	0	0	0	4	13	0	0	11	0	4
863.400	4	0	8	6	23	7	2	7	12	0	14	0	0	0	0	0	0	4	8	0	0	11	0	4
863.600	3	0	7	2	20	6	2	7	7	0	10	0	0	0	0	0	0	6	11	0	0	11	0	8
863.800	5	0	7	2	22	4	2	7	9	0	10	0	0	0	0	0	0	4	8	0	0	5	0	5
864.000	5	1	8	2	24	6	1	7	6	0	13	0	0	0	0	0	0	3	7	0	0	8	0	4
864.200	5	3	12	3	19	8	2	8	14	0	15	0	0	0	0	0	0	3	10	0	0	10	0	4
864.400	5	1	9	2	23	8	2	8	9	0	12	0	0	0	0	0	0	4	14	0	0	11	0	2
864.600	3	3	9	3	23	9	2	8	9	0	12	0	0	0	0	0	0	3	13	0	0	10	0	1
864.800	3	1	13	5	28	5	2	7	10	0	3	0	0	0	0	0	0	4	11	0	0	11	0	1
865.000	3	2	8	2	15	7	2	8	9	0	11	0	0	0	0	0	0	2	12	0	0	9	0	1
865.200	5	2	12	4	20	7	2	7	12	0	7	0	0	0	0	0	0	6	8	0	0	8	0	5
865.400	3	5	14	3	24	9	2	7	9	0	6	0	0	0	0	0	0	5	10	0	0	9	0	4
865.600	5	4	12	6	22	12	2	7	11	0	0	0	0	0	0	0	0	5	10	0	0	14	0	4
865.800	3	1	12	6	24	11	2	8	7	0	1	0	0	0	0	0	0	4	8	0	0	17	0	6
866.000	3	3	13	3	26	8	2	8	9	0	12	0	0	0	0	0	0	4	13	0	0	11	0	5
866.200	4	3	13	3	20	6	2	7	7	0	1	0	0	0	0	0	0	7	13	0	0	9	0	5
866.400	4	4	17	5	20	2	1	8	11	0	3	0	0	0	0	0	0	4	7	0	0	9	2	7
866.600	5	3	15	4	19	7	2	8	12	0	13	0	0	0	0	0	0	7	16	0	0	7	1	3
866.800	4	5	17	4	12	10	2	8	12	0	16	0	0	0	0	0	0	4	11	0	0	12	0	4
867.000	3	3	16	3	18	9	2	8	13	0	12	0	0	0	0	0	0	8	12	0	0	10	0	7
867.200	3	1	12	3	20	9	3	9	13	0	9	0	0	0	0	0	0	3	10	0	0	10	0	4
867.400	4	2	12	3	19	11	2	8	13	0	6	0	0	0	0	0	0	0	13	0	0	9	0	7
867.600	4	1	10	5	16	9	2	9	6	0	12	0	0	0	0	0	0	4	14	0	0	11	0	3
867.800	4	6	11	6	22	6	2	9	11	0	14	0	0	0	0	0	0	7	13	0	0	9	0	3
868.000	4	5	6	2	15	2	2	7	11	0	13	0	0	0	0	0	0	9	9	0	0	10	0	2
868.200	5	4	11	2	17	4	2	8	13	0	13	0	0	0	0	0	0	10	16	0	0	9	0	4
868.400	5	4	5	3	17	4	2	8	10	0	11	0	0	0	0	0	0	7	11	0	0	10	0	0
868.600	5	3	10	5	22	6	1	9	11	0	17	0	0	0	0	0	0	11	16	0	0	8	0	1
868.800	4	4	11	2	21	5	2	8	11	0	11	0	0	0	0	0	0	9	16	0	0	11	0	0
869.000	5	2	13	4	22	2	2	8	11	0	14	0	0	0	0	0	0	6	12	0	0	9	0	1
869.200	5	1	8	2	15	2	2	9	11	0	15	0	0	0	0	0	0	10	14	0	0	8	0	2
869.400	5	1	6	4	21	3	2	8	13	0	14	0	0	0	0	0	0	7	14	0	0	9	0	3
869.600	4	0	11	4	22	4	3	7	4	0	14	0	0	0	0	0	0	8	15	0	0	12	0	3
869.800	4	0	8	3	23	6	2	8	6	0	13	0	0	0	0	0	0	7	13	0	0	7	0	2
870.000	4	0	11	5	13	5	2	7	12	0	15	0	0	0	0	0	0	4	13	0	0	10	0	3
870.200	4	0	8	2	24	5	4	7	9	0	14	0	0	0	0	0	0	7	12	0	0	9	0	2
870.400	3	0	10	3	20	3	3	8	12	0	14	0	0	0	0	0	0	4	16	0	0	9	0	1
870.600	3	0	10	3	18	6	3	7	4	0	12	0	0	0	0	0	0	3	9	0	0	6	0	8
870.800	7	1	8	2	20	4	0	4	7	0	12	0	0	0	0	0	0	3	16	0	0	9	0	3
871.000	3	4	13	3	11	7	2	9	13	0	12	0	0	0	0	0	0	1	7	0	0	13	0	9
871.200	5	2	6	4	24	4	2	4	8	0	10	0	0	0	0	0	0	0	7	0	0	13	0	10
871.400	5	0	8	2	18	5	2	8	9	0	11	0	0	0	0	0	0	5	13	0	0	14	0	7
871.600	2	0	12	2	22	5	2	9	11	0	11	0	0	0	0	0	0	2	8	0	0	10	0	4
871.800	4	0	11	2	24	8	2	8	7	0	11	0	0	0	0	0	0	0	7	0	0	14	0	3
872.000	10	0	8	2	19	5	2	9	10	0	10	0	0	0	0	0	0	4	10	0	0	16	0	2
872.200	8	0	13	2	13	6	0	8	8	0	13	0	0	0	0	0	0	4	13	0	0	15	0	2
872.400	10	0	8	2	22	5	0	7	7	0	12	0	0	0	0	0	0	7	15	0	0	7	0	4
872.600	10	0	10	2	21	7	0	10	13	0	10	0	0	0	0	0	0	9	10	0	0	6	0	0
872.800	10	0	6	2	23	6	3	8	3	0	14	0	0	0	0	0	0	6	11	0	0	12	0	0
873.000	14	0	10	2	17	7	0	9	9	0	14	0	0	0	0	0	0	5	9	0	0	9	0	0
873.200	2	0	8	2	19	7	2	7	8	0	13	0	0	0	0	0	0	7	16	0	0	12	0	0
873.400	8	0	10	5	25	6	2	8	8	0	10	0	0	0	0	0	0	4	8	0	0	10	0	0
873.600	9	0	9	2	20	9	2	10	8	0	14	0	0	0	0	0	0	8	14	0	0	9	0	0
873.800	8	0	9	2	16	10	0	9	10	0	12	0	0	0	0	0	0	10	10	0	0	8	0	0
874.000	9	0	7	2	14	5	2	8	13	0	18	0	0	0	0	0	0	11	10	0	0	9	0	0
874.200	8	0	8	2	17	6	1	8	6	0	15	0	0	0	0	0	0	10	5	0	0	11	0	0
874.400	14	0	10	2	20	7	2	8	9	0	13	0	0	0	0	0	0	8	5	0	0	9	0	0
874.600	2	0	6	2	21	8	3	7	8	0	15	0	0	0	0	0	0	4	5	0	0	12	0	2
874.800	5	0	8	2	19	6	2	9	7	0	14	0	0	0	0	0	0	2	8	0	0	8	0	4
875.000	6	0	7	2	20	6	3	7	6	0	14	0	0	0	0	0	0	0	5	0	0	7	0	2
875.200	6	0	7	2	22	2	0	8	14	0	12	0	0	0	0	0	0	4	8	0	0	9	0	5
875.400	8	0	7	2	16	3	3	9	13	0	12	0	0	0	0	0	0	2	9	0	0	16	0	5
875.600	8	0	11	2	22	2	4	12	11	0	11	0	0	0	0	0	0	2	6	0	0	13	0	0
875.800	10	0	6	2	22	2	2	10	4	0	14	0	0	0	0	0	0	2	11	0	0	11	0	4
876.000	0	0	11	2	20	5	3	10	12	0	13	0	0	0	0	0	0	1	14	0	0	14	0	0
876.200	4	0	5	2	21	1	2	6	5	0	15	0	0	0	0	0	0	7	8	0	0	14	0	4
876.400	1	0	9	2	21	3	2	8	13	0	13	0	0	0	0	0	0	1	10	0	0	12	0	2
876.600	9	0	12	2	22	3	2	6	4	0	16	0	0	0	0	0	0	0	12	0	0	9	0	1
876.800	0	0	11	2	16	2	1	5	4	0	14	0	0	0	0	0	0	5	15	0	0	8	0	1
877.000	2	0	11	2	16	2	2	3	9	0	13	0	0	0	0	0	0	3	11	0	0	7	0	0
877.200	4	0	1	2	20	4	1	5	4	0	15	0	0	0	0	0	0	10	11	0	0	7	0	0
877.400	6	0	0	2	23	2	2	6	9	0	13	0	0	0	0	0	0	2	13	0	0	12	0	0
877.600	7	0	0	2	20	2	2	8	9	0	11	0	0	0	0	0	0	4	11	0	0	7	0	0
877.800	7	0	0	2	20	2	2	7	6	0	12	0	0	0	0	0	0	7	17	0	0	12	0	0
878.000	4	0	0	2	22	1	1	8	6	0	10	0	0	0	0	0	0	4	13	0	0	9	0	0
878.200	2	0	0	2	22	2	1	7	8	0	14	0	0	0	0	0	0	5	11	0	0	9	0	0
878.400	2	0	1	2	18	2	3	7	6	0	14	0	0	0	0	0	0	2	11	0	0	16	0	0
878.600	8	0	7	2	19	3	3	7	6	0	12	0	0	0	0	0	0	0	12	0	0	15	0	0
878.800	11	0	11	3	20	3	3	7	10	0	11	0	0	0	0	0	0	3	14	0	0	13	0	0
879.000	8	0	11	2	19	2	2	6	9	0	8	0	0	0	0	0	0	0	7	0	0	11	0	0
879.200	6	0	10	5	23	0	3	7	7	0	15	0	0	0	0	0	0	5	8	0	0	13	0	1
879.400	3	0	10	4	12	2	2	7	9	0	13	0	0	0	0	0	0	6	6	0	0	13	0	1
879.600	7	0	6	2	20	3	1	7	2	0	9	0	0	0	0	0	0	6	10	0	0	14	0	4
879.800	5	0	12	4	26	4	2	8	10	0	8	0	0	0	0	0	0	7	14	0	0	14	0	1
880.000	8	0	6	5	22	3	2	8	8	0	13	0	0	0	0	0	0	5	12	0	0	13	0	2
880.200	6	0	5	2	15	2	2	7	4	0	17	0	0	0	0	0	0	7	10	0	0	10	0	7
880.400	8	0	13	2	21	2	2	8	10	0	12	0	0	0	0	0	0	2	14	0	0	17	0	2
880.600	1	0	9	2	20	4	2	8	10	0	11	0	0	0	0	0	0	5	14	0	0	12	0	2
880.800	7	0	11	2	20	2	1	10	11	0	12	0	0	0	0	0	0	5	10	0	0	10	0	0
881.000	4	0	8	2	16	3	2	7	8	0	16	0	0	0	0	0	0	5	8	0	0	18	0	0
881.200	5	0	10	2	18	1	2	7	8	0	14	0	0	0	0	0	0	7	11	0	0	12	0	2
881.400	6	0	8	2	20	2	2	7	7	0	12	0	0	0	0	0	0	4	8	0	0	12	0	6
881.600	7	0	8	5	16	2	2	7	4	0	9	0	0	0	0	0	0	4	8	0	0	13	0	2
881.800	7	0	10	2	20	2	2	8	11	0	13	0	0	0	0	0	0	4	13	0	0	11	0	7
882.000	3	0	8	2	20	2	0	8	6	0	15	0	0	0	0	0	0	5	13	0	0	11	0	6
882.200	7	0	6	2	22	3	2	8	11	0	13	0	0	0	0	0	0	8	9	0	0	8	0	4
882.400	5	0	10	4	23	1	2	8	8	0	11	0	0	0	0	0	0	6	13	0	0	16	0	5
882.600	7	0	10	5	23	0	1	8	7	0	15	0	0	0	0	0	0	5	8	0	0	13	0	4
882.800	5	0	7	2	20	1	1	8	7	0	12	0	0	0	0	0	0	9	7	0	0	12	0	3
883.000	6	0	8	7	22	2	2	7	10	0	14	0	0	0	0	0	0	6	13	0	0	15	0	1
883.200	6	0	6	4	15	4	2	8	8	0	8	0	0	0	0	0	0	7	14	0	0	13	0	9
883.400	6	0	10	2	18	3	3	10	12	0	13	0	0	0	0	0	0	12	5	0	0	13	0	0
883.600	6	0	6	2	18	2	0	7	7	0	9	0	0	0	0	0	1	6	9	0	0	19	0	5
883.800	6	0	10	2	24	3	4	10	10	0	13	0	0	0	0	0	0	1	17	0	0	16	0	5
884.000	7	0	6	5	20	0	0	6	11	0	14	0	0	0	0	0	0	8	9	0	0	12	0	4
884.200	6	0	6	6	21	0	1	7	14	0	13	0	0	0	0	0	0	10	7	0	0	14	0	3
884.400	5	0	10	6	20	1	2	7	15	0	14	0	0	0	0	0	0	8	7	0	0	17	0	3
884.600	8	0	9	5	23	0	0	5	19	0	13	0	0	0	0	0	0	4	10	0	0	11	0	1
884.800	8	0	9	6	22	1	3	2	8	0	15	0	0	0	0	0	0	4	8	0	0	14	0	6
885.000	5	0	10	5	18	1	2	9	11	0	10	0	0	0	0	0	0	5	7	0	0	18	0	1
885.200	5	0	7	2	17	2	3	5	1	0	16	0	0	0	0	0	0	6	12	0	0	17	0	6
885.400	4	0	8	2	21	1	1	2	12	0	7	0	0	0	0	0	0	4	9	0	0	14	0	1
885.600	6	0	7	5	17	0	0	2	10	0	14	0	0	0	0	0	0	2	12	0	0	21	0	4
885.800	7	0	6	2	22	0	0	4	9	0	15	0	0	0	0	0	0	2	9	0	0	15	0	8
886.000	2	0	9	3	23	3	1	6	14	0	13	0	0	0	0	0	0	3	8	0	0	17	0	3
886.200	2	0	10	2	21	3	2	7	7	0	10	0	0	0	0	0	0	4	7	0	0	19	0	7
886.400	1	0	7	2	21	1	3	8	12	0	14	0	0	0	0	0	0	5	8	0	0	17	2	8
886.600	0	0	7	2	25	2	2	5	10	0	14	0	0	0	0	0	0	4	12	0	0	17	2	8
886.800	1	0	6	2	23	3	2	8	10	0	16	0	0	0	0	0	0	3	6	0	0	17	2	3
887.000	1	0	13	2	24	2	2	8	6	0	13	0	0	0	0	0	0	1	3	0	0	17	2	5
887.200	4	0	6	2	18	2	3	9	5	0	12	0	0	0	0	0	0	0	8	0	0	17	3	7
887.400	3	0	7	2	20	2	2	1	3	0	13	0	0	0	0	0	0	0	5	0	0	20	2	2
887.600	3	0	6	5	19	2	4	8	4	0	13	0	0	0	0	0	0	0	7	0	0	16	2	5
887.800	4	0	10	2	23	4	2	7	4	0	14	0	0	0	0	0	0	0	8	0	0	16	2	9
888.000	2	0	5	5	21	3	2	8	6	0	14	0	0	0	0	0	0	1	8	0	0	20	0	1
888.200	3	0	7	2	23	2	2	7	11	0	15	0	0	0	0	0	0	3	9	0	0	12	4	6
888.400	4	0	8	2	20	1	2	8	7	0	12	0	0	0	0	0	0	0	10	0	0	16	3	2
888.600	6	0	9	2	19	2	2	8	8	0	11	0	0	0	0	0	0	0	12	0	0	14	2	7
888.800	4	0	13	1	19	1	2	8	12	0	11	0	0	0	0	0	0	0	14	0	0	17	2	6
889.000	3	0	6	4	20	4	2	5	6	0	7	0	0	0	0	0	0	1	10	0	0	25	2	7
889.200	2	0	8	4	19	2	2	9	9	0	7	0	0	0	0	0	0	2	19	0	0	19	2	5
889.400	3	0	8	5	28	2	2	6	11	0	13	0	0	0	0	0	0	3	13	0	0	21	6	2
889.600	1	0	9	2	22	2	2	5	2	0	11	0	0	0	0	0	0	1	11	0	0	23	2	6
889.800	2	0	5	2	24	2	2	8	11	0	14	0	0	0	0	0	0	0	12	0	0	21	2	6
890.000	3	0	9	4	19	1	3	4	9	0	11	0	0	0	0	0	0	0	9	0	0	20	2	4
890.200	3	0	6	2	13	2	1	4	4	0	15	0	0	0	0	0	0	1	8	0	0	11	2	5
890.400	5	0	7	6	16	2	4	7	9	0	12	0	0	0	0	0	0	1	6	0	0	20	2	2
890.600	6	0	7	2	19	2	5	7	13	0	10	0	0	0	0	0	0	1	8	0	0	18	2	5
890.800	5	0	8	2	19	0	0	3	7	0	9	0	0	0	0	0	0	2	7	0	0	18	2	10
891.000	0	0	6	3	18	2	2	7	12	0	13	0	0	0	0	0	0	2	19	0	0	22	5	8
891.200	11	0	8	2	20	3	3	7	11	0	14	0	0	0	0	0	0	0	13	0	0	14	2	4
891.400	8	0	10	3	18	0	2	7	6	0	11	0	0	0	0	0	0	0	16	0	0	14	2	4
891.600	5	0	5	5	19	0	5	4	10	0	15	0	0	0	0	0	0	0	18	0	0	18	4	6
891.800	6	0	6	2	15	0	4	7	7	0	15	0	0	0	0	0	0	3	11	0	0	17	5	5
892.000	2	0	10	2	20	1	2	7	13	0	14	0	0	0	0	0	0	0	9	0	0	21	2	8
892.200	7	0	13	2	14	0	4	7	16	0	11	0	0	0	0	0	0	0	6	0	0	18	2	12
892.400	2	0	6	3	19	0	2	6	10	0	11	0	0	0	0	0	0	0	7	0	0	24	3	7
892.600	2	0	5	4	16	2	4	7	10	0	12	0	0	0	0	0	0	2	7	0	0	16	4	6
892.800	8	0	6	2	21	2	2	7	5	0	16	0	0	0	0	0	0	0	5	0	0	8	3	7
893.000	7	0	7	2	21	1	0	7	6	0	14	0	0	0	0	0	0	0	9	0	0	15	2	10
893.200	7	0	11	5	20	3	3	10	14	0	16	0	0	0	0	0	0	0	10	0	0	22	2	7
893.400	5	0	6	6	23	2	2	8	7	0	15	0	0	0	0	0	0	0	6	0	0	17	2	6
893.600	6	0	7	3	23	1	2	9	12	0	13	0	0	0	0	0	0	0	6	0	0	18	3	6
893.800	6	0	10	5	18	1	2	7	11	0	11	0	0	0	0	0	0	0	7	0	0	20	3	3
894.000	6	0	9	6	22	2	2	8	9	0	14	0	0	0	0	0	0	0	3	0	0	26	6	5
894.200	7	0	12	2	21	4	2	6	10	0	11	0	0	0	0	0	0	0	5	0	0	27	3	3
894.400	7	0	11	2	21	2	2	6	9	0	9	0	0	0	0	0	0	0	8	0	0	13	9	2
894.600	7	0	10	2	25	3	2	8	12	0	15	0	0	0	0	0	0	0	11	0	0	12	9	6
894.800	7	0	7	2	20	2	2	8	14	0	14	0	0	0	0	0	0	1	11	0	0	12	4	4
895.000	7	0	10	2	23	2	2	7	15	0	10	0	0	0	0	0	0	0	14	0	0	17	4	2
895.200	4	0	11	2	22	2	2	7	13	0	12	0	0	0	0	0	0	0	9	0	0	21	4	1
895.400	8	0	9	6	25	4	2	8	14	0	11	0	0	0	0	0	0	0	9	0	0	12	4	4
895.600	6	0	10	2	23	5	2	7	12	0	15	0	0	0	0	0	0	0	11	0	0	12	4	4
895.800	4	0	9	2	26	5	2	4	11	0	15	0	0	0	0	0	0	2	12	0	0	16	4	4
896.000	8	0	8	2	19	1	3	7	18	0	15	0	0	0	0	0	0	0	16	0	0	15	5	1
896.200	2	0	12	2	21	5	1	6	11	0	12	0	0	0	0	0	0	0	15	0	0	20	7	8
896.400	2	0	10	2	23	5	2	7	16	0	1	0	0	0	0	0	0	0	13	0	0	22	8	2
896.600	5	0	10	2	21	3	2	8	17	0	5	0	0	0	0	0	0	0	14	0	0	18	5	10
896.800	3	0	9	0	19	2	3	7	10	0	8	0	0	0	0	0	0	2	11	0	0	19	1	11
897.000	4	0	11	2	18	2	0	6	8	0	3	0	0	0	0	0	0	1	17	0	0	13	2	7
897.200	3	0	11	2	19	2	2	5	13	0	12	0	0	0	0	0	0	1	7	0	0	16	3	2
897.400	3	0	10	2	24	3	2	8	12	0	9	0	0	0	0	0	0	0	12	0	0	18	3	6
897.600	2	0	8	2	25	2	2	7	11	0	13	0	0	0	0	0	0	3	15	0	0	22	0	3
897.800	5	0	11	2	23	2	2	6	4	0	2	0	0	0	0	0	0	2	7	0	0	20	2	3
898.000	6	0	6	2	22	4	2	8	4	0	4	0	0	0	0	0	0	2	9	0	0	14	0	2
898.200	4	0	10	2	21	2	2	8	5	0	3	0	0	0	0	0	0	1	11	0	0	22	1	6
898.400	1	0	10	2	21	2	3	8	4	0	3	0	0	0	0	0	0	9	7	0	0	23	7	4
898.600	5	0	6	3	26	4	3	5	15	0	4	0	0	0	0	0	0	6	14	0	0	21	1	3
898.800	5	0	7	2	20	2	2	6	8	0	3	0	0	0	0	0	0	2	9	0	0	21	0	2
899.000	3	0	11	3	27	2	2	6	9	0	5	0	0	0	0	0	0	1	6	0	0	11	1	6
899.200	5	0	9	2	19	7	2	7	13	0	2	0	0	0	0	0	0	1	8	0	0	10	3	5
899.400	4	0	11	2	22	2	2	7	15	0	3	0	0	0	0	0	0	1	4	0	0	13	2	8
899.600	4	0	12	2	23	2	2	6	12	0	3	0	0	0	0	0	0	0	10	0	0	16	1	5
899.800	2	0	12	2	26	5	2	4	10	0	2	0	0	0	0	0	0	2	12	0	0	16	6	12
900.000	3	0	5	2	19	7	2	7	15	0	6	0	0	0	0	0	0	1	7	0	0	14	4	10
900.200	9	0	11	2	22	3	2	8	16	0	3	0	0	0	0	0	0	0	4	0	0	12	7	12
900.400	4	0	7	2	22	3	2	8	15	0	6	0	0	0	0	0	0	5	9	0	0	13	10	9
900.600	1	0	5	3	15	7	3	7	19	0	4	0	0	0	0	0	0	6	13	0	0	16	8	12
900.800	8	0	4	2	14	7	2	3	15	0	9	0	0	0	0	0	0	5	15	0	0	16	7	11
901.000	3	0	8	3	20	3	2	7	12	0	4	0	0	0	0	0	0	6	11	0	0	17	4	8
901.200	10	0	8	2	20	8	2	8	18	0	3	0	0	0	0	0	0	5	10	0	0	11	5	6
901.400	10	0	6	2	20	7	2	8	17	0	6	0	0	0	0	0	0	2	7	0	0	14	8	10
901.600	3	0	9	2	13	5	2	8	17	0	10	0	0	0	0	0	0	6	7	0	0	14	5	4
901.800	14	0	10	3	22	2	2	10	11	0	4	0	0	0	0	0	0	14	7	0	0	14	6	10
902.000	8	0	10	2	14	5	2	6	14	0	6	0	0	0	0	0	0	8	11	0	0	14	5	7
902.200	6	0	9	2	15	8	2	7	16	0	9	0	0	0	0	0	0	7	7	0	0	14	10	10
902.400	10	0	5	2	20	2	2	7	15	0	7	0	0	0	0	0	0	7	8	0	0	15	7	6
902.600	11	0	9	2	21	7	2	8	9	0	5	0	0	0	0	1	0	9	12	0	0	23	5	3
902.800	12	0	6	4	24	4	3	7	9	0	6	0	0	0	0	0	0	7	7	0	0	18	7	4
903.000	3	0	11	2	20	5	2	6	18	0	9	0	0	0	0	0	0	11	8	0	0	17	6	4
903.200	2	0	9	2	19	3	2	8	12	0	9	0	0	0	0	0	0	10	8	0	0	13	11	13
903.400	10	0	11	3	23	4	2	8	16	0	9	0	0	0	0	0	0	8	12	0	0	22	5	9
903.600	3	0	9	2	20	4	2	10	8	0	6	0	0	0	0	0	0	5	9	0	0	17	5	14
903.800	6	0	12	2	17	5	2	7	14	0	5	0	0	0	0	0	0	7	7	0	0	19	10	8
904.000	1	0	10	2	25	5	2	8	9	0	8	0	0	0	0	0	0	6	7	0	0	14	7	10
904.200	13	0	6	2	17	3	3	8	9	0	5	0	0	0	0	0	0	6	11	0	0	19	3	14
904.400	2	0	7	2	14	5	2	9	6	0	10	0	0	0	0	0	0	8	11	0	0	19	6	14
904.600	8	0	6	2	16	7	3	7	18	0	11	0	0	0	0	0	0	7	8	0	0	19	2	4
904.800	13	0	5	2	18	2	2	8	8	0	8	0	0	0	0	0	0	8	6	0	0	15	4	4
905.000	4	0	11	3	21	4	3	9	11	0	8	0	0	0	0	0	0	5	8	0	0	18	5	3
905.200	0	0	12	2	22	6	2	9	10	0	6	0	0	0	0	0	0	12	6	0	0	18	7	11
905.400	0	0	12	2	23	2	3	8	10	0	7	0	0	0	0	0	0	11	9	0	0	17	7	9
905.600	0	0	12	3	25	2	2	8	16	0	6	0	0	0	0	0	0	11	7	0	0	17	2	2
905.800	0	0	12	2	23	3	2	7	15	0	10	0	0	0	0	0	0	10	8	0	0	17	8	17
906.000	0	0	10	2	24	5	2	5	8	0	5	0	0	0	0	0	0	9	6	0	0	16	9	7
906.200	10	0	8	2	18	3	1	9	15	0	5	0	0	0	0	0	0	6	8	0	0	15	8	12
906.400	8	0	8	3	21	2	2	9	9	0	6	0	0	0	0	0	0	8	8	0	0	13	6	9
906.600	9	0	8	2	24	2	1	9	12	0	5	0	0	0	0	0	0	6	7	0	0	16	5	12
906.800	3	0	6	2	21	6	2	8	7	0	8	0	0	1	0	0	0	7	9	0	0	15	4	8
907.000	6	0	10	2	24	3	2	6	15	0	6	0	0	0	0	0	0	5	5	0	0	14	4	12
907.200	5	0	11	2	23	3	2	7	14	0	9	0	0	0	0	0	0	9	4	0	0	11	7	6
907.400	4	0	6	2	23	5	2	8	11	0	10	0	0	0	0	0	0	4	9	0	0	17	9	11
907.600	4	0	11	3	23	4	1	9	12	0	7	0	0	0	0	0	0	4	6	0	0	18	7	8
907.800	4	0	11	2	23	5	2	5	9	0	4	0	0	0	0	0	0	7	6	0	0	17	8	1
908.000	2	0	10	2	24	7	3	10	17	0	8	0	0	0	0	0	0	11	5	0	0	14	5	1
908.200	5	0	10	2	20	9	3	8	11	0	9	0	0	1	0	0	0	7	6	0	0	14	7	8
908.400	0	0	7	2	26	7	4	11	7	0	12	0	0	0	0	0	0	4	12	0	0	17	9	7
908.600	8	0	5	4	19	9	3	11	11	0	16	0	0	0	0	0	0	5	4	0	0	14	4	4
908.800	6	0	7	2	21	8	2	8	7	0	15	0	0	1	0	0	0	8	5	0	0	15	8	12
909.000	8	0	10	2	27	14	2	8	10	0	12	0	0	1	0	0	0	7	7	0	0	24	8	12
909.200	5	0	11	2	22	7	2	9	15	0	10	0	0	0	0	0	0	6	4	0	0	18	10	5
909.400	7	0	7	2	30	11	3	9	6	0	13	0	0	0	0	0	0	6	13	0	0	20	10	5
909.600	5	0	15	2	25	8	2	7	12	4	10	0	0	0	0	0	0	1	12	0	0	27	5	13
909.800	1	0	11	6	23	9	3	7	6	0	19	0	0	0	0	0	0	3	5	0	0	22	6	1
910.000	3	0	11	2	25	10	2	8	11	1	15	0	0	1	0	0	0	4	8	0	0	24	9	12
910.200	3	0	12	3	30	4	2	8	13	0	12	0	0	1	0	0	0	4	8	0	0	18	3	5
910.400	5	0	14	2	18	8	2	8	8	0	10	0	0	0	0	0	0	3	6	0	0	15	2	6
910.600	7	0	10	3	25	14	2	8	10	0	13	0	0	1	0	0	0	4	7	0	0	13	6	13
910.800	6	0	13	2	20	10	2	9	10	0	12	0	0	0	0	0	0	8	4	0	0	17	9	8
911.000	5	0	9	2	17	12	2	14	8	0	12	0	0	3	0	0	0	7	5	0	0	18	9	12
911.200	5	0	11	5	21	13	2	11	10	0	8	0	0	1	0	0	0	9	9	0	0	15	8	9
911.400	4	0	11	4	20	11	2	9	11	0	13	0	0	1	0	0	0	5	5	0	0	17	8	6
911.600	5	0	10	5	26	11	2	11	8	0	9	0	0	2	0	0	0	4	7	0	0	16	3	4
911.800	11	0	6	6	31	10	2	15	12	0	14	0	0	4	0	0	0	13	5	0	0	17	8	5
912.000	3	0	9	2	15	6	2	7	5	0	11	0	0	1	0	0	0	5	5	0	0	18	8	6
912.200	3	0	12	6	26	13	2	7	8	0	11	0	0	1	0	0	0	7	6	0	0	19	2	3
912.400	3	0	11	6	23	11	2	8	7	0	12	0	0	4	0	0	0	6	7	0	0	20	8	6
912.600	3	0	12	3	23	9	2	10	10	0	15	0	0	3	0	0	0	4	6	0	0	14	5	3
912.800	4	0	7	2	20	8	0	8	8	0	6	0	0	1	0	0	0	8	6	0	0	23	8	9
913.000	3	0	8	4	21	10	2	9	11	0	7	0	0	4	0	0	0	10	5	0	0	25	4	7
913.200	6	0	7	2	22	12	2	8	12	0	6	0	0	3	0	0	0	7	6	0	0	17	6	0
913.400	10	0	11	4	25	7	2	8	9	0	9	0	0	3	0	0	0	3	5	0	0	19	0	2
913.600	4	1	13	5	25	11	2	12	9	0	10	0	0	4	0	0	0	8	7	0	0	24	10	8
913.800	6	0	11	3	27	11	2	13	9	0	11	0	0	4	0	0	0	4	8	0	0	15	5	8
914.000	7	0	12	2	23	10	2	8	9	0	10	0	0	4	0	0	0	9	9	0	0	10	7	6
914.200	3	0	9	3	25	12	1	6	6	0	16	0	0	3	0	0	0	7	10	0	0	16	6	2
914.400	4	0	10	2	25	10	2	8	8	0	10	0	0	3	0	0	0	9	4	0	0	8	7	3
914.600	3	0	13	7	22	9	2	8	12	0	8	0	0	3	0	0	0	5	6	0	0	11	4	1
914.800	6	1	8	7	24	5	3	9	9	0	14	0	0	4	0	0	0	9	5	0	0	19	5	8
915.000	9	3	19	3	28	9	2	8	10	0	12	0	0	5	0	0	0	6	5	0	0	16	2	0
915.200	5	3	15	6	28	6	2	10	10	0	12	0	0	4	0	0	0	12	7	0	0	12	8	3
915.400	7	2	7	2	21	11	2	6	8	0	8	0	0	4	0	0	0	8	7	0	0	17	8	3
915.600	6	4	13	4	23	5	2	12	11	0	10	0	0	1	0	0	0	14	9	0	0	14	6	0
915.800	4	1	15	3	25	6	2	8	6	1	11	0	0	4	0	0	0	8	4	0	0	17	6	3
916.000	5	0	11	6	25	5	2	6	8	0	6	0	0	3	0	0	0	9	8	0	0	22	2	3
916.200	8	1	16	3	28	6	2	9	13	0	6	0	0	4	0	0	0	4	8	0	0	15	3	5
916.400	6	1	11	5	25	7	2	8	11	0	8	0	0	3	0	0	0	9	7	0	0	15	6	1
916.600	5	1	14	4	20	7	2	8	12	0	1	0	0	3	0	0	0	12	8	0	0	11	1	0
916.800	4	1	11	4	22	5	1	8	9	0	10	0	0	1	0	0	0	6	6	0	0	15	8	5
917.000	5	3	17	5	21	7	2	8	10	0	8	0	0	4	0	0	0	3	8	0	0	20	8	4
917.200	9	1	14	4	20	7	3	14	10	0	8	0	0	3	0	0	0	12	6	0	0	24	10	10
917.400	4	2	10	2	18	7	4	8	9	0	9	0	0	4	0	0	0	9	6	0	0	14	0	3
917.600	6	3	14	6	20	5	2	13	11	0	7	0	0	2	0	0	0	10	6	0	0	13	7	5
917.800	5	1	7	6	20	7	2	8	8	0	5	0	0	3	0	0	0	6	11	0	0	14	8	7
918.000	4	0	12	2	23	5	3	8	12	0	9	0	0	1	0	0	0	12	11	0	0	14	5	8
918.200	8	0	6	2	21	5	2	8	7	0	7	0	0	4	0	0	0	8	10	0	0	18	8	11
918.400	7	0	9	2	22	9	2	8	9	0	8	0	0	4	0	0	0	9	4	0	0	16	7	9
918.600	11	0	8	2	24	1	2	14	11	0	10	0	0	4	0	0	0	12	4	0	0	21	7	4
918.800	14	0	11	2	19	4	2	9	13	1	10	0	0	4	0	0	0	5	6	0	0	19	7	8
919.000	1	0	10	2	17	0	1	10	7	0	13	0	0	1	0	0	0	3	12	0	0	19	7	4
919.200	7	0	12	3	24	2	3	12	9	0	7	0	0	1	0	0	0	7	9	0	0	15	6	4
919.400	11	0	7	2	16	6	3	8	12	0	7	0	0	3	0	0	0	6	6	0	0	14	11	9
919.600	10	0	10	2	12	2	4	16	10	0	8	0	0	0	0	0	0	14	8	0	0	11	4	10
919.800	7	0	11	2	14	3	3	9	10	0	7	0	0	0	0	0	0	14	6	0	0	17	8	9
920.000	2	0	12	2	17	7	3	11	10	0	7	0	0	0	0	0	0	6	7	0	0	14	4	9
920.200	5	0	8	2	24	7	2	11	8	0	10	0	0	0	0	0	1	4	9	0	0	13	4	11
920.400	10	0	8	2	18	8	2	9	11	0	7	0	0	0	0	0	0	7	6	0	0	18	7	15
920.600	2	0	9	2	21	5	3	14	9	0	9	0	0	0	0	0	0	8	6	0	0	18	6	12
920.800	2	0	11	2	18	6	2	13	7	0	8	0	0	1	0	0	0	9	8	1	0	13	4	6
921.000	5	0	6	2	17	4	2	12	7	1	13	0	0	0	0	0	0	9	7	0	0	10	0	4
921.200	5	0	11	2	23	5	2	8	15	1	8	0	0	0	0	0	0	13	8	0	0	13	2	4
921.400	7	0	7	2	24	4	2	10	5	0	7	0	0	0	0	0	0	13	4	0	0	8	10	2
921.600	5	0	10	2	21	2	3	10	1	0	14	0	0	0	0	0	0	7	8	0	0	9	4	3
921.800	0	0	7	2	19	5	2	12	7	2	10	0	0	0	0	0	0	12	6	0	0	17	4	4
922.000	3	0	6	2	16	6	2	8	0	0	12	0	0	0	0	0	1	5	8	0	0	16	6	4
922.200	2	0	11	2	18	2	2	12	6	1	14	0	0	0	0	0	0	12	7	0	0	21	2	5
922.400	7	0	10	2	18	5	4	11	7	2	14	0	0	0	0	0	0	10	9	0	0	17	1	6
922.600	6	0	9	6	19	3	2	8	1	0	16	0	0	1	0	0	0	4	13	0	0	20	0	5
922.800	9	0	10	2	22	6	2	11	7	1	17	0	0	0	0	0	1	13	8	0	0	15	3	7
923.000	0	0	12	2	27	4	2	8	1	0	14	0	0	0	0	0	0	12	5	0	0	16	2	2
923.200	0	0	9	2	19	5	2	9	3	0	12	0	0	0	0	0	0	9	6	0	0	15	6	3
923.400	0	0	9	2	19	2	1	8	4	0	16	0	0	0	0	0	0	13	9	0	0	12	8	3
923.600	0	0	11	3	24	3	1	10	11	2	7	0	0	0	0	0	0	7	9	0	0	20	6	12
923.800	0	0	10	2	16	1	2	10	7	0	6	0	0	0	0	0	1	5	8	0	0	15	10	9
924.000	0	0	8	2	18	4	2	10	5	0	4	0	0	0	0	0	0	4	4	0	0	12	5	3
924.200	2	0	11	2	21	2	2	11	7	0	12	0	0	0	0	0	1	4	10	0	0	16	7	6
924.400	1	0	7	2	25	8	2	8	6	0	18	0	0	7	0	0	0	6	8	0	0	10	0	1
924.600	0	0	12	2	21	8	2	8	9	0	8	0	0	6	0	0	1	5	8	0	0	18	3	4
924.800	0	0	10	4	21	4	2	8	8	0	14	0	0	5	0	0	0	12	10	0	0	19	1	2
925.000	2	0	8	2	21	5	2	9	10	0	12	0	0	6	0	0	0	12	6	0	0	9	5	3
925.200	0	0	10	2	17	4	2	12	11	0	5	0	0	7	0	0	1	8	10	0	0	14	4	2
925.400	5	0	12	5	17	4	2	8	12	0	7	0	0	6	0	1	0	10	9	0	0	10	7	2
925.600	6	0	8	3	23	2	3	8	17	0	13	0	0	7	0	0	1	10	12	0	0	12	3	6
925.800	4	0	11	6	27	1	2	8	9	0	6	0	0	7	0	1	0	7	11	0	0	11	0	1
926.000	6	0	12	3	18	2	2	8	4	0	6	0	0	0	0	0	0	12	12	0	0	9	1	9
926.200	4	0	9	5	21	1	2	7	8	0	10	0	0	0	0	0	0	12	14	0	0	15	10	13
926.400	6	0	7	2	24	2	2	8	5	0	6	0	0	0	0	0	0	12	7	0	0	10	2	4
926.600	2	0	11	6	27	1	2	8	7	0	11	0	0	0	0	0	0	4	5	0	0	12	10	10
926.800	7	0	8	2	18	2	2	10	10	0	12	0	0	0	0	0	0	10	7	0	0	15	5	5
927.000	9	1	11	2	19	2	2	8	9	0	9	0	0	0	0	0	0	12	5	0	0	18	6	4
927.200	5	0	9	2	22	2	2	8	8	0	15	0	0	0	0	0	0	11	6	0	0	12	5	3
927.400	4	0	9	2	19	3	2	7	7	0	11	0	0	0	0	0	0	12	4	0	0	8	7	5
927.600	6	0	8	2	18	4	2	12	11	0	8	0	0	0	0	0	0	9	5	0	0	17	4	2
927.800	3	0	9	2	24	2	2	8	11	0	12	0	0	0	0	0	0	7	3	0	0	13	5	1
928.000	4	1	13	2	20	1	3	8	4	0	21	0	0	0	0	0	0	8	5	0	0	12	1	4
928.200	5	0	10	2	23	2	2	16	15	1	16	0	0	0	0	0	0	11	7	0	0	14	2	4
928.400	4	1	12	2	23	2	2	12	9	1	11	0	0	0	0	0	0	12	5	0	0	13	0	4
928.600	4	0	11	3	25	3	2	9	18	0	15	0	0	0	0	0	0	12	8	0	0	13	2	2
928.800	8	0	12	4	16	2	2	8	15	0	12	0	0	0	0	0	0	5	4	0	0	14	1	4
929.000	6	0	12	2	18	1	2	5	9	1	9	0	0	0	0	0	0	7	5	0	0	12	0	1
929.200	2	0	11	4	24	1	2	8	12	0	15	0	0	0	0	0	0	8	5	0	0	13	6	2
929.400	8	1	13	3	20	1	3	17	12	1	7	0	0	0	0	0	0	10	6	0	0	12	9	4
929.600	7	0	11	3	21	1	2	11	11	0	8	0	0	0	0	0	0	10	2	0	0	11	5	3
929.800	5	0	9	2	22	2	2	12	9	0	4	0	0	0	0	0	0	11	6	0	0	9	1	2
930.000	10	0	7	2	25	3	3	11	12	1	6	0	0	0	0	0	0	11	5	0	0	13	7	3
930.200	5	0	13	2	20	1	0	11	9	1	13	0	0	0	0	0	1	4	7	0	0	5	1	5
930.400	1	0	10	2	21	1	2	11	7	0	18	0	0	0	0	0	0	5	7	0	0	15	5	2
930.600	1	0	8	2	26	2	2	16	10	0	8	0	0	0	0	0	0	6	8	0	0	13	6	7
930.800	11	0	13	2	18	0	2	8	12	1	9	0	0	0	0	0	0	7	3	0	0	13	8	6
931.000	10	0	7	2	24	2	2	13	11	0	12	0	0	0	0	0	0	8	6	0	0	13	10	11
931.200	10	0	6	2	18	0	0	9	10	0	9	0	0	0	0	0	1	6	6	0	0	13	10	5
931.400	3	0	7	2	20	1	2	9	9	1	7	0	0	0	0	0	0	4	3	0	0	10	3	4
931.600	7	0	9	2	20	1	2	8	14	1	10	0	0	0	0	0	1	5	4	0	0	12	4	5
931.800	7	0	9	2	24	3	4	8	15	1	9	0	0	0	0	0	1	6	5	0	0	18	4	2
932.000	8	0	9	2	25	1	2	8	7	1	13	0	0	0	0	0	0	7	3	0	0	8	7	4
932.200	9	0	13	2	23	2	2	8	15	2	9	0	0	0	0	0	1	12	3	0	0	13	5	4
932.400	1	0	11	2	22	2	2	13	11	0	7	0	0	0	0	0	1	3	5	0	0	15	6	6
932.600	10	0	11	2	23	1	2	8	8	0	7	0	0	0	0	0	1	7	4	0	0	14	4	2
932.800	9	0	8	4	20	0	1	12	9	0	12	0	0	0	0	0	0	2	3	0	0	15	3	9
933.000	8	0	11	6	25	2	4	11	10	0	7	0	0	0	0	0	1	4	3	0	0	14	3	6
933.200	1	0	9	3	25	3	4	12	7	3	6	0	0	0	0	0	0	4	1	0	0	11	2	2
933.400	7	0	10	4	12	0	1	12	12	3	14	0	0	0	0	0	0	9	3	0	0	9	2	6
933.600	8	0	11	2	21	2	2	7	7	2	11	0	0	0	0	0	0	0	4	0	0	15	4	6
933.800	11	0	12	2	17	2	2	10	7	4	15	0	0	0	0	0	0	3	5	0	0	18	3	4
934.000	7	0	11	2	22	2	0	7	5	3	12	0	0	0	0	0	0	4	5	0	0	9	3	6
934.200	9	0	9	2	22	3	2	12	7	3	9	0	0	0	0	0	0	5	4	0	0	13	5	6
934.400	4	0	7	2	20	6	2	11	6	1	8	0	0	0	0	0	0	5	6	0	0	14	1	7
934.600	7	0	11	2	19	10	3	12	7	4	18	0	0	0	0	0	0	5	6	0	0	17	3	6
934.800	9	0	12	2	19	4	3	9	5	3	15	0	0	0	0	0	0	3	4	0	0	14	3	9
935.000	8	0	8	4	15	3	2	11	7	3	12	0	0	0	0	0	0	5	7	0	0	14	3	8
935.200	8	0	9	2	23	2	1	12	7	2	13	0	0	0	0	0	0	4	8	0	0	15	2	5
935.400	10	0	12	2	17	2	2	11	7	4	10	0	0	0	0	0	0	8	10	0	0	20	1	1
935.600	9	0	10	2	18	2	2	10	8	3	13	0	0	0	0	0	0	8	6	0	0	13	4	4
935.800	8	0	6	2	23	2	2	12	7	4	12	0	0	0	0	0	1	7	5	0	0	15	1	7
936.000	5	0	11	2	20	3	4	12	14	4	13	0	0	0	0	0	1	5	7	0	0	15	4	2
936.200	6	0	9	2	21	3	4	10	11	2	17	0	0	0	0	0	0	5	5	0	0	13	2	2
936.400	7	0	10	2	17	6	3	9	12	5	13	0	0	0	0	0	0	5	6	0	0	11	0	0
936.600	6	0	6	2	17	7	3	8	7	4	14	0	0	0	0	0	1	7	7	0	0	13	3	3
936.800	6	0	9	2	21	6	3	10	8	3	18	0	0	0	0	0	0	5	8	0	0	11	4	1
937.000	5	0	11	5	16	3	2	11	10	2	14	0	0	0	0	0	0	5	8	0	0	13	3	3
937.200	5	0	7	2	15	10	3	12	17	3	14	0	0	0	0	0	0	5	10	0	0	15	0	0
937.400	14	0	8	2	23	9	3	11	10	3	14	0	0	0	0	0	0	5	5	0	0	12	3	4
937.600	5	0	8	2	16	9	2	11	9	3	13	0	0	0	0	0	0	7	8	0	0	11	3	3
937.800	3	0	10	2	15	11	4	16	13	2	22	0	0	0	0	0	0	6	5	0	0	14	2	1
938.000	1	0	11	2	12	10	3	7	8	1	17	1	0	0	0	0	0	5	6	0	0	12	3	1
938.200	11	0	11	2	18	10	2	3	13	2	19	0	0	0	0	0	0	6	3	0	0	8	2	1
938.400	10	0	8	2	21	10	2	4	7	2	18	0	0	0	0	0	0	5	8	0	0	19	3	6
938.600	4	0	10	2	16	8	2	4	11	4	18	0	0	0	0	0	1	7	5	0	0	16	0	1
938.800	8	0	9	2	18	9	2	8	9	2	19	0	0	0	0	0	0	11	3	0	0	16	0	4
939.000	1	0	10	2	21	11	2	15	11	4	19	0	0	0	0	0	1	5	4	0	0	12	2	4
939.200	4	0	12	2	19	9	2	8	10	3	11	0	0	0	0	0	0	8	4	0	0	14	3	5
939.400	4	0	6	2	22	11	2	8	10	5	8	0	0	0	0	0	0	5	3	0	0	10	2	5
939.600	7	0	8	2	24	10	2	10	10	5	14	0	0	0	0	0	0	5	4	0	0	14	3	1
939.800	8	0	10	4	18	10	2	9	12	4	10	0	0	0	0	0	0	8	5	0	0	16	1	2
940.000	3	0	10	4	18	8	2	9	14	2	8	0	0	0	0	0	0	8	7	0	0	12	2	3
940.200	5	0	5	1	13	11	3	8	9	5	9	0	0	0	0	0	0	7	4	0	0	12	6	9
940.400	2	0	1	2	24	11	2	8	5	3	8	0	0	0	0	0	1	5	5	0	0	14	3	4
940.600	5	0	5	2	20	8	1	12	8	2	22	0	0	0	0	0	0	7	5	0	0	16	3	7
940.800	12	0	11	3	18	10	2	8	14	2	15	0	0	0	0	0	0	7	3	0	0	9	3	0
941.000	7	0	11	1	13	10	3	8	10	2	16	0	0	0	0	0	1	6	3	0	0	12	4	6
941.200	0	0	11	2	16	10	2	8	13	3	9	0	0	0	0	0	1	6	4	0	0	11	2	5
941.400	4	0	8	2	19	6	2	8	8	4	11	0	0	0	0	0	0	11	5	0	0	15	2	7
941.600	6	0	8	2	16	9	0	8	13	4	9	0	0	0	0	0	0	5	7	0	0	7	2	3
941.800	8	0	12	2	16	13	2	10	8	1	14	0	0	0	0	0	1	3	6	0	0	19	5	5
942.000	8	0	7	2	18	11	2	12	15	2	15	0	0	0	0	0	1	5	4	0	0	16	4	5
942.200	4	0	12	2	18	10	2	6	4	5	13	0	0	0	0	0	0	6	3	0	0	13	3	5
942.400	4	0	8	2	19	9	2	10	15	4	14	0	0	0	0	0	0	9	5	0	0	15	2	3
942.600	7	0	7	2	22	11	4	10	10	4	14	0	0	0	0	0	0	9	6	0	0	15	3	5
942.800	8	0	8	2	12	10	2	13	6	4	9	0	0	0	0	0	0	5	8	0	0	14	1	2
943.000	2	0	9	2	20	10	2	13	12	4	8	0	0	0	0	0	1	10	6	0	0	13	4	1
943.200	1	0	11	3	23	11	2	7	11	3	11	0	0	0	0	0	1	8	6	0	0	16	4	2
943.400	8	0	9	2	16	12	3	7	10	2	14	0	0	0	0	0	1	8	3	0	0	10	3	1
943.600	11	0	13	2	20	9	2	12	11	2	10	0	0	0	0	0	1	6	6	0	0	22	3	2
943.800	8	0	5	6	21	11	2	12	13	2	11	0	0	0	0	0	0	7	3	0	0	12	3	4
944.000	1	0	6	2	18	11	2	8	9	3	17	0	0	0	0	0	0	6	5	0	0	16	3	3
944.200	1	0	10	2	19	9	1	9	12	4	13	0	0	0	0	0	0	7	7	0	0	15	0	2
944.400	8	0	7	2	14	6	0	8	9	2	16	0	0	0	0	0	0	12	5	0	0	16	4	6
944.600	8	0	13	2	14	12	1	4	11	2	15	0	0	0	0	0	0	11	6	0	0	15	4	0
944.800	6	0	10	2	22	6	2	7	11	3	11	0	0	0	0	0	0	10	5	0	0	15	5	0
945.000	7	0	6	2	14	10	2	8	12	2	11	0	0	0	0	0	0	8	3	0	0	17	4	2
945.200	8	0	11	3	19	10	2	4	11	2	12	0	0	0	0	0	1	9	3	0	0	14	1	1
945.400	9	0	7	2	15	9	2	4	8	3	12	0	0	0	0	0	1	8	5	0	0	11	3	3
945.600	4	0	10	2	21	9	2	7	8	2	10	0	0	0	0	0	0	7	3	0	0	13	4	3
945.800	6	0	13	5	15	10	1	8	11	2	13	0	0	0	0	0	0	9	3	0	0	10	1	3
946.000	3	0	6	4	22	8	2	8	9	4	12	0	0	0	0	0	1	11	5	0	0	11	4	1
946.200	5	0	10	2	17	8	1	9	7	4	12	0	0	0	0	0	0	5	9	0	0	9	0	1
946.400	1	0	7	2	17	10	2	9	18	4	12	0	0	0	0	0	0	10	6	0	0	15	3	0
946.600	6	0	11	2	24	9	2	9	9	2	7	0	0	0	0	0	1	7	9	0	0	11	3	1
946.800	6	0	7	2	22	7	3	8	8	3	22	0	0	0	0	0	0	6	8	0	0	14	2	4
947.000	7	0	10	2	24	9	2	9	11	4	13	0	0	0	0	0	1	8	6	0	0	12	4	1
947.200	6	0	11	4	18	8	2	9	8	3	13	0	0	0	0	0	1	4	8	0	0	13	2	3
947.400	8	0	8	2	16	6	1	10	11	4	17	0	0	0	0	0	0	6	8	0	0	15	6	4
947.600	4	0	5	2	26	6	2	15	14	3	19	0	0	0	0	0	1	3	4	0	0	14	5	7
947.800	2	0	11	2	17	5	1	12	11	4	14	0	0	0	0	0	0	5	8	0	0	15	2	5
948.000	1	0	10	2	24	8	2	9	11	3	13	0	0	0	0	0	1	11	4	0	0	14	3	2
948.200	0	0	10	2	20	7	3	10	13	2	10	0	0	0	0	0	0	6	6	0	0	12	2	5
948.400	0	0	12	2	24	3	3	9	10	2	13	0	0	0	0	0	0	10	7	0	0	10	3	5
948.600	3	0	10	2	15	3	2	11	10	3	11	0	0	0	0	0	0	11	7	0	0	13	2	4
948.800	9	0	9	3	18	7	2	11	5	3	15	0	0	0	0	0	0	9	4	0	0	12	3	6
949.000	5	0	11	3	17	8	2	15	8	2	11	0	0	0	0	0	0	7	2	0	0	15	5	4
949.200	0	0	10	2	17	9	3	11	10	3	13	0	0	0	0	0	1	7	8	0	0	17	3	4
949.400	3	0	10	2	18	9	2	8	7	3	19	0	0	0	0	0	1	6	5	0	0	16	5	4
949.600	2	0	11	2	25	8	2	9	7	2	13	0	0	0	0	0	1	5	3	0	0	13	3	4
949.800	13	0	8	2	23	6	2	7	5	2	11	0	0	0	0	0	0	12	4	0	0	15	2	4
950.000	4	0	10	2	26	7	2	5	3	3	20	0	0	0	0	0	0	5	3	0	0	15	1	3
950.200	0	0	10	2	22	9	3	12	6	3	8	0	0	0	0	0	0	5	3	0	0	14	4	3
950.400	0	0	7	2	24	6	2	17	4	3	11	0	0	0	0	0	0	6	3	0	0	5	1	2
950.600	0	0	11	2	24	9	3	17	6	4	17	0	0	0	0	0	0	11	4	0	0	13	5	6
950.800	0	0	12	4	18	6	2	5	1	4	7	0	0	0	0	0	0	11	3	0	0	12	4	2
951.000	0	0	10	5	30	10	2	7	3	4	13	0	0	0	0	0	0	4	3	0	0	7	5	5
951.200	0	0	11	2	19	6	2	6	4	3	14	0	0	0	0	0	0	7	3	0	0	17	2	0
951.400	0	0	13	4	19	8	2	11	3	4	12	0	0	0	0	0	1	6	3	0	0	16	8	6
951.600	0	0	9	2	22	10	2	11	0	4	18	0	0	0	0	0	0	4	3	0	0	13	2	5
951.800	0	0	13	2	19	6	2	9	5	3	19	0	0	0	0	0	1	6	5	0	0	13	2	6
952.000	0	0	9	2	18	2	2	5	3	3	9	0	0	0	0	0	0	10	4	0	0	9	3	4
952.200	0	0	9	2	19	8	3	10	5	4	13	0	0	0	0	0	0	5	5	0	0	13	2	2
952.400	0	0	10	4	18	5	3	12	6	3	12	0	0	0	0	0	0	5	3	0	0	21	3	4
952.600	0	0	8	2	26	5	3	10	2	4	17	0	0	0	0	0	0	12	4	0	0	17	4	2
952.800	0	0	12	3	17	4	2	11	2	3	12	0	0	0	0	0	1	10	8	0	0	15	2	3
953.000	0	0	10	2	19	3	2	12	3	2	19	0	0	0	0	0	0	10	5	0	0	16	3	2
953.200	0	0	10	2	21	4	2	12	2	4	17	0	0	0	0	0	0	8	2	0	0	15	1	2
953.400	0	0	8	2	15	9	4	13	5	1	10	0	0	0	0	0	0	7	7	0	0	17	3	4
953.600	0	0	8	2	19	3	2	15	5	2	15	0	0	0	0	0	0	4	4	0	0	14	3	4
953.800	0	0	11	2	18	10	2	9	5	0	19	0	0	0	0	0	0	4	4	0	0	20	5	5
954.000	0	0	12	2	17	7	2	9	2	2	18	0	0	0	0	0	0	8	7	0	0	14	2	4
954.200	0	0	10	5	20	5	2	11	12	3	13	0	0	0	0	0	0	13	6	0	0	17	2	3
954.400	0	0	6	3	20	8	3	8	9	2	17	0	0	0	0	0	0	12	7	0	0	14	4	4
954.600	0	0	10	2	21	3	2	13	7	4	12	0	0	0	0	0	2	9	7	0	0	17	3	4
954.800	0	0	8	4	20	2	2	8	10	4	18	0	0	0	0	0	1	6	7	0	0	11	3	4
955.000	0	0	8	2	17	2	2	7	10	2	10	0	0	0	0	0	0	8	7	0	0	16	0	1
955.200	0	0	8	3	23	3	2	8	12	2	11	0	0	0	0	0	0	12	6	0	0	11	3	4
955.400	0	0	6	2	19	5	2	8	12	4	10	0	0	0	0	0	1	13	4	0	0	12	3	6
955.600	0	0	11	2	23	2	4	13	8	4	16	0	0	0	0	0	0	11	6	0	0	19	3	2
955.800	0	0	10	2	16	2	3	14	10	3	11	0	0	0	0	0	0	6	3	0	0	12	3	5
956.000	0	0	10	2	21	2	2	10	10	2	14	1	0	0	0	0	0	4	3	0	0	15	3	3
956.200	0	0	9	2	19	2	2	9	14	3	16	0	0	0	0	0	0	7	6	0	0	17	3	3
956.400	0	0	8	6	21	3	2	14	12	2	12	0	0	0	0	0	0	7	3	0	0	18	3	6
956.600	0	0	8	5	19	2	2	10	11	2	11	0	0	0	0	0	1	5	4	0	0	17	3	5
956.800	0	0	9	2	19	3	2	9	11	1	14	0	0	0	0	0	0	6	3	0	0	15	3	2
957.000	0	0	6	2	17	3	4	16	12	3	14	0	0	0	0	0	0	10	5	0	0	16	3	6
957.200	0	0	11	2	20	2	3	10	8	2	14	0	0	0	0	0	0	7	3	0	0	16	3	3
957.400	0	0	7	2	25	1	2	8	6	3	12	0	0	0	0	0	0	7	3	0	0	13	3	6
957.600	0	0	11	2	23	2	2	12	6	3	12	0	0	0	0	0	1	5	3	0	0	14	3	2
957.800	0	0	10	2	27	3	3	10	6	2	11	0	0	0	0	0	0	5	3	0	0	14	3	4
958.000	0	0	8	2	17	2	4	8	13	4	10	0	0	0	0	0	0	8	7	0	0	8	4	2
958.200	0	0	7	2	21	1	4	15	14	8	11	0	0	0	0	0	0	12	5	0	0	15	3	5
958.400	0	0	4	2	22	4	3	13	5	3	10	0	0	0	0	0	0	10	4	0	0	14	3	0
958.600	0	0	7	2	19	2	2	15	9	5	10	0	0	0	0	0	0	11	3	0	0	10	3	1
958.800	0	0	8	2	19	3	2	9	14	4	11	0	0	0	0	0	1	10	3	0	0	15	3	4
959.000	0	0	7	2	24	0	0	10	7	2	12	0	0	0	0	0	0	8	7	0	0	17	2	1
959.200	0	0	10	1	18	2	2	9	6	3	13	0	0	0	0	0	1	6	7	0	0	20	3	1
959.400	0	0	7	2	19	2	1	18	10	3	17	0	0	0	0	0	1	5	7	0	0	16	3	2
959.600	0	0	8	4	20	2	2	11	8	4	21	0	0	0	0	0	0	6	3	0	0	17	4	5
959.800	0	0	5	2	21	3	2	14	6	3	11	0	0	0	0	0	0	6	3	0	0	10	0	2
960.000	0	0	9	5	22	2	2	14	10	4	12	0	0	0	0	0	0	6	2	0	0	15	4	0
960.200	0	0	9	2	18	1	2	8	8	2	11	0	0	0	0	0	0	7	4	0	0	12	4	0
960.400	0	0	12	2	16	2	2	13	7	2	11	0	0	1	0	0	0	7	5	0	0	17	3	2
960.600	0	0	9	2	24	2	2	9	9	3	12	0	0	0	0	0	0	12	3	0	0	12	3	2
960.800	0	0	10	3	15	2	2	10	15	4	8	0	0	0	0	0	0	9	5	0	0	9	3	0
961.000	0	0	9	5	22	3	3	11	16	2	11	0	0	0	0	0	0	8	3	0	0	12	3	2
961.200	0	0	7	4	24	3	3	15	12	4	15	0	0	0	0	0	0	4	5	0	0	12	3	3
961.400	0	0	12	3	25	4	2	13	13	4	13	0	0	0	0	0	0	4	8	0	0	16	3	3
961.600	0	0	9	4	22	1	2	13	9	4	14	0	0	0	0	0	0	1	2	0	0	9	3	1
961.800	0	0	10	4	22	2	2	11	5	3	8	0	0	0	0	0	0	6	6	0	0	16	3	1
962.000	0	0	8	4	25	4	2	8	11	4	9	0	0	0	0	0	1	10	3	0	0	11	3	1
962.200	0	0	7	2	13	3	2	9	13	2	14	0	0	0	0	0	0	0	3	0	0	17	3	3
962.400	0	0	10	2	21	2	3	12	11	3	11	0	0	0	0	0	1	3	5	0	0	19	3	4
962.600	0	0	9	3	20	3	2	16	5	2	10	0	0	0	0	0	1	4	3	0	0	17	4	4
962.800	0	0	11	2	18	2	0	16	12	2	11	0	0	0	0	0	0	2	6	0	0	11	4	3
963.000	0	0	10	6	17	4	2	13	8	4	9	0	0	0	0	0	1	9	4	0	0	9	3	4
963.200	0	0	8	3	16	4	3	12	8	4	5	0	0	0	0	0	0	8	6	0	0	11	3	3
963.400	0	0	8	3	13	3	2	11	7	0	9	0	0	0	0	0	1	4	5	0	0	12	4	3
963.600	0	0	7	2	17	6	2	12	7	4	13	0	0	0	0	0	1	5	4	0	0	14	3	2
963.800	0	0	11	4	19	2	3	10	14	3	8	0	0	0	0	0	0	5	3	0	0	10	0	3
964.000	0	0	9	2	17	3	2	14	8	0	18	0	0	0	0	0	0	4	7	0	0	16	2	3
964.200	0	0	7	2	26	2	2	14	8	0	9	0	0	0	0	0	1	12	4	0	0	15	4	0
964.400	0	0	8	2	21	0	0	11	16	4	16	0	0	0	0	0	1	5	6	0	0	13	3	2
964.600	0	0	8	2	20	3	2	12	17	3	12	0	0	0	0	0	0	11	3	0	0	16	2	4
964.800	0	0	9	2	21	3	2	7	9	0	9	0	0	0	0	0	0	5	7	0	0	13	3	2
965.000	0	0	11	3	21	3	2	7	11	3	13	0	0	0	0	0	0	4	7	0	0	12	4	5
965.200	0	0	8	2	19	2	2	10	10	4	16	0	0	0	0	0	0	7	3	0	0	18	3	2
965.400	0	0	7	2	19	1	2	8	13	2	11	0	0	0	0	0	0	6	5	0	0	11	3	5
965.600	0	0	9	2	28	4	2	8	11	1	8	0	0	0	0	0	0	6	5	0	0	15	0	4
965.800	0	0	7	2	19	4	2	9	7	5	15	0	0	0	0	0	1	6	6	0	0	14	1	6
966.000	0	0	11	3	19	2	2	7	12	3	20	0	0	0	0	0	0	12	5	0	0	16	3	4
966.200	0	0	8	5	19	1	2	9	15	2	17	0	0	0	0	1	0	5	6	0	0	10	3	2
966.400	0	0	7	2	27	4	2	7	10	2	13	0	0	0	0	0	0	7	6	0	0	15	3	4
966.600	0	0	12	2	22	3	2	12	18	3	16	0	0	0	0	0	0	3	3	0	0	9	0	0
966.800	0	0	10	2	26	4	2	9	13	3	9	0	0	0	0	0	0	6	4	0	0	15	1	0
967.000	0	0	10	4	19	4	2	9	10	2	12	0	0	0	0	0	0	6	3	0	0	15	2	2
967.200	0	0	7	2	19	0	3	10	14	1	19	0	0	0	0	0	0	12	4	0	0	13	4	5
967.400	0	0	10	2	21	4	2	11	8	1	14	0	0	0	0	0	0	9	6	0	0	10	4	4
967.600	0	0	10	4	23	4	2	9	18	2	12	0	0	0	0	0	0	12	5	0	0	16	4	4
967.800	0	0	10	4	21	1	2	8	10	3	15	0	0	0	0	0	0	12	4	0	0	10	3	1
968.000	0	0	11	5	22	4	2	12	17	3	12	0	0	0	0	0	0	10	7	0	0	13	3	5
968.200	0	0	7	2	18	2	2	9	12	2	16	0	0	0	0	0	0	8	7	0	0	16	0	2
968.400	0	0	7	2	26	4	2	8	7	2	14	0	0	0	0	0	0	6	6	0	0	7	0	3
968.600	0	0	12	2	25	2	2	9	8	4	9	0	0	0	0	0	0	5	5	0	0	18	5	9
968.800	0	0	9	2	22	4	2	11	11	0	9	0	0	0	0	0	0	6	7	0	0	18	3	1
969.000	0	0	7	3	25	3	2	11	10	4	17	0	0	0	0	0	0	6	3	0	0	22	2	0
969.200	0	0	12	6	23	5	2	8	11	0	10	0	0	0	0	0	0	4	0	0	0	15	1	2
969.400	0	0	11	2	17	6	2	8	10	1	8	0	0	0	0	0	0	5	3	0	0	19	4	2
969.600	0	0	9	6	26	4	2	8	12	0	12	0	0	0	0	0	0	9	5	0	0	17	6	2
969.800	0	0	8	2	22	5	2	9	12	0	10	0	0	0	0	0	0	12	5	0	0	17	3	3
970.000	0	0	12	3	16	5	2	11	12	2	15	0	0	0	0	0	0	7	3	0	0	20	0	4
970.200	0	0	10	5	21	4	3	10	8	2	17	0	0	0	0	0	0	6	2	0	0	18	4	1
970.400	0	0	12	2	20	6	2	8	16	4	10	0	0	0	0	0	0	5	3	0	0	16	4	5
970.600	0	0	12	5	21	5	2	8	5	4	13	0	0	0	0	0	0	14	3	0	0	11	1	1
970.800	0	0	11	2	22	3	3	11	8	4	13	0	0	0	0	0	0	10	3	0	0	8	2	3
971.000	0	0	13	2	19	4	2	9	13	2	19	0	0	0	0	0	0	7	4	0	0	16	0	0
971.200	0	0	8	4	20	2	2	10	12	3	16	0	0	0	0	0	0	8	2	0	0	10	2	0
971.400	0	0	9	4	22	2	2	12	15	3	9	0	0	0	0	0	0	6	3	0	0	15	2	4
971.600	0	0	7	2	22	3	2	9	13	3	9	0	0	3	0	0	0	7	3	0	0	12	1	2
971.800	0	0	10	2	18	6	1	16	11	3	11	0	0	3	0	0	0	4	5	0	0	19	3	6
972.000	0	0	11	2	20	2	3	12	16	3	10	0	0	3	0	0	0	7	7	0	0	18	3	4
972.200	0	0	5	2	22	3	4	14	17	3	13	0	0	5	0	0	0	6	7	0	0	23	2	1
972.400	0	0	10	5	22	8	2	8	7	2	10	0	0	3	0	0	0	5	1	0	0	13	2	3
972.600	0	0	6	4	15	10	2	15	12	4	9	0	0	3	0	0	0	6	3	0	0	20	4	5
972.800	0	0	9	3	22	4	2	8	11	4	11	0	0	4	0	0	0	6	4	0	0	15	5	4
973.000	0	0	7	2	20	3	2	8	13	3	9	0	0	5	0	0	0	5	7	0	0	14	3	7
973.200	0	0	5	3	17	10	2	9	13	2	8	0	0	3	0	0	0	6	6	0	0	6	1	6
973.400	0	0	6	4	18	8	2	13	14	3	12	0	0	4	0	0	0	7	7	0	0	16	1	2
973.600	0	0	7	2	13	8	4	10	14	3	7	0	0	3	0	0	0	7	8	0	0	13	4	1
973.800	0	0	10	2	18	8	2	9	16	0	15	0	0	3	0	0	0	5	4	0	0	18	5	2
974.000	0	0	6	2	20	14	2	10	10	1	11	0	0	2	0	0	0	4	8	0	0	18	1	2
974.200	0	0	7	4	17	7	2	9	12	2	9	0	0	4	0	0	0	5	7	0	0	15	1	5
974.400	0	0	8	2	21	7	2	12	9	2	12	0	0	6	0	0	0	5	3	0	0	11	3	3
974.600	0	0	7	3	20	4	1	10	8	3	9	0	0	5	0	0	0	8	3	0	0	13	0	1
974.800	0	0	8	2	19	6	2	13	13	2	9	0	0	3	0	0	0	6	5	0	0	14	0	2
975.000	0	0	5	2	22	5	2	7	14	3	6	0	0	6	0	0	0	4	5	0	0	12	1	3
975.200	0	0	5	2	14	2	2	12	14	4	8	0	0	5	0	0	0	7	4	0	0	17	1	3
975.400	0	0	6	3	15	7	2	9	17	3	7	0	0	3	0	0	0	10	7	0	0	16	2	0
975.600	0	0	10	3	20	2	3	8	19	4	10	0	0	4	0	0	0	9	5	0	0	16	0	3
975.800	0	0	10	2	19	4	2	7	7	2	7	0	0	4	0	0	0	4	7	0	0	9	0	5
976.000	0	0	7	4	26	5	1	10	12	3	13	0	0	3	0	0	0	9	3	0	0	15	3	8
976.200	0	0	6	2	22	7	4	10	13	4	13	0	0	5	0	0	0	10	7	0	0	21	4	0
976.400	0	0	9	3	24	4	4	12	14	3	15	0	0	5	0	0	0	12	6	0	0	12	4	3
976.600	0	0	7	2	22	0	0	11	12	4	15	0	0	3	0	0	0	4	1	0	0	16	0	2
976.800	0	0	12	2	25	2	2	9	13	2	11	0	0	5	0	0	0	9	5	0	0	15	0	3
977.000	0	0	10	2	20	1	1	13	10	3	11	0	0	6	0	0	0	5	5	0	0	19	3	12
977.200	0	0	6	2	18	4	2	11	8	5	15	0	0	5	0	0	0	9	3	0	0	12	2	9
977.400	0	0	9	2	21	4	2	8	9	4	17	0	0	5	0	0	0	9	5	0	0	12	2	12
977.600	0	0	4	2	27	4	2	13	12	5	14	0	0	6	0	0	0	8	1	0	0	14	2	11
977.800	0	0	6	4	27	4	2	7	13	2	11	0	0	6	0	0	0	6	4	0	0	20	7	13
978.000	0	0	9	2	19	4	6	9	12	3	13	0	0	4	0	0	0	5	4	0	0	20	3	7
978.200	0	0	7	3	29	2	3	8	12	4	9	0	0	2	0	0	0	10	3	0	0	15	0	2
978.400	0	0	8	2	25	2	2	8	11	2	11	0	0	2	0	0	0	6	3	0	0	15	0	3
978.600	0	0	13	3	20	4	2	10	9	3	10	0	0	2	0	0	0	10	7	0	0	12	2	5
978.800	0	0	11	2	21	2	2	8	6	3	8	0	0	3	0	0	0	8	6	0	0	19	0	9
979.000	0	0	10	2	17	2	2	15	11	2	9	0	0	6	0	0	0	8	4	0	0	13	2	11
979.200	0	0	10	2	22	2	2	13	12	2	11	0	0	4	0	0	0	10	6	0	0	17	0	9
979.400	0	0	8	2	23	1	2	10	15	4	11	0	0	6	0	0	0	8	5	0	0	14	1	5
979.600	0	0	8	1	18	2	2	11	12	3	11	0	0	4	0	0	0	5	4	0	0	21	4	3
979.800	0	0	10	3	18	2	2	8	11	4	11	0	0	3	0	0	0	5	5	0	0	20	6	7
980.000	0	0	11	2	17	4	2	10	9	5	11	0	0	4	0	0	0	8	3	0	0	17	1	8
980.200	0	0	7	2	21	0	2	10	4	3	19	0	0	3	0	0	0	10	7	0	0	16	0	6
980.400	0	0	9	2	20	3	2	10	10	3	12	0	0	4	0	0	0	7	3	0	0	14	4	13
980.600	0	0	10	5	24	0	2	8	13	3	12	0	0	6	0	0	0	9	9	0	0	16	0	18
980.800	0	0	8	2	19	2	2	9	9	4	13	0	0	3	0	0	0	7	4	0	0	15	2	7
981.000	0	0	12	2	20	0	1	13	11	2	11	0	0	6	0	0	0	6	4	0	0	16	4	11
981.200	0	0	10	2	22	1	0	8	10	4	15	0	0	6	0	0	0	4	2	0	0	13	3	9
981.400	0	0	12	2	26	1	2	8	11	3	7	0	0	5	0	0	0	5	2	0	0	16	3	13
981.600	0	0	10	2	27	3	2	14	9	4	13	0	0	4	0	0	0	3	3	0	0	15	1	7
981.800	0	0	12	2	20	4	4	13	10	5	11	0	0	5	0	0	0	3	0	0	0	11	0	11
982.000	0	0	10	2	30	0	2	10	9	3	15	0	0	6	0	0	0	6	2	0	0	15	3	13
982.200	0	0	10	2	18	2	2	15	11	3	14	0	0	8	0	0	0	3	0	0	0	14	0	10
982.400	0	0	8	2	18	0	2	8	5	4	12	0	0	5	0	0	0	5	3	0	0	17	1	16
982.600	0	0	5	6	31	2	2	10	11	3	11	0	0	5	0	0	0	6	4	0	0	13	0	6
982.800	0	0	11	2	21	2	2	9	8	3	11	0	0	5	0	0	0	6	3	0	0	12	6	9
983.000	0	0	8	2	21	2	2	16	12	5	11	0	0	8	0	0	0	6	1	0	0	17	6	10
983.200	0	0	10	2	28	2	2	9	12	3	15	0	0	5	0	0	0	5	0	0	0	19	6	3
983.400	0	0	10	2	21	2	2	8	7	5	9	0	0	8	0	0	0	5	1	0	0	18	5	5
983.600	0	0	12	2	26	2	2	8	10	3	10	0	0	5	0	0	0	8	2	0	0	22	7	5
983.800	0	0	10	2	25	4	2	7	10	2	9	0	0	6	0	0	0	7	0	0	0	22	6	9
984.000	0	0	12	6	29	4	2	5	13	3	11	0	0	5	0	0	0	3	0	0	0	19	6	11
984.200	0	0	11	2	22	2	2	12	14	2	10	0	0	5	0	0	0	5	1	0	0	13	5	5
984.400	0	0	11	2	22	4	2	8	8	2	9	0	0	5	0	0	0	5	0	0	0	16	3	7
984.600	0	0	9	2	25	0	2	9	15	3	8	0	0	6	0	0	0	7	1	0	0	12	5	15
984.800	0	0	10	2	31	1	2	8	5	2	10	0	0	5	0	0	0	6	5	0	0	13	3	14
985.000	0	0	11	2	29	1	2	9	8	3	8	0	0	7	0	0	0	7	3	0	0	16	4	8
985.200	0	0	6	2	20	2	3	8	11	4	9	0	0	5	0	0	0	6	2	0	0	12	3	9
985.400	0	0	10	2	24	4	4	14	9	4	12	0	0	5	0	0	0	6	1	0	0	14	2	7
985.600	0	0	12	2	20	5	2	10	9	4	9	0	0	6	0	0	0	9	7	0	0	13	3	10
985.800	0	0	11	2	23	4	2	12	5	4	13	0	0	8	0	0	0	7	2	0	0	16	2	14
986.000	0	0	10	2	20	4	3	8	6	3	14	0	0	8	0	0	0	7	3	0	0	13	4	9
986.200	0	0	7	2	19	2	2	11	10	3	15	0	0	7	0	0	0	6	2	0	0	20	2	10
986.400	0	0	10	2	22	2	2	10	12	2	14	0	0	8	0	0	0	7	6	0	0	20	2	7
986.600	0	0	11	2	25	0	0	9	4	3	13	0	0	7	0	0	0	6	0	0	0	13	4	9
986.800	0	0	8	2	22	3	2	7	2	3	14	0	0	7	0	0	0	6	1	0	0	14	5	16
987.000	0	0	9	2	24	2	2	12	5	2	17	0	0	6	0	0	0	7	1	0	0	8	3	8
987.200	0	0	9	2	23	1	2	9	6	4	14	0	0	7	0	0	0	8	1	0	0	8	6	6
987.400	0	0	9	2	24	2	4	12	4	4	10	0	0	8	0	0	0	7	1	0	0	15	5	10
987.600	0	0	11	2	20	1	3	15	11	3	11	0	0	8	0	0	0	3	0	0	0	12	3	10
987.800	0	0	9	2	20	2	1	11	13	4	15	0	0	7	0	0	0	6	3	0	0	16	4	14
988.000	0	0	8	3	18	4	2	12	5	3	13	0	0	8	0	0	0	7	2	0	0	22	3	6
988.200	0	0	7	2	22	2	2	13	12	3	12	0	0	8	0	0	0	7	2	0	0	18	1	3
988.400	0	0	11	2	22	2	4	12	13	4	14	0	0	6	0	0	0	8	5	0	0	13	2	6
988.600	0	0	10	2	22	2	4	12	8	4	11	0	0	9	0	0	0	8	3	0	0	16	2	10
988.800	0	0	10	2	24	1	3	8	8	3	12	0	0	7	0	0	0	9	3	0	0	20	0	7
989.000	0	0	8	2	20	2	2	7	16	2	10	0	0	6	0	0	0	7	3	0	0	13	2	14
989.200	0	0	9	2	24	4	2	8	11	2	9	0	0	6	0	0	0	5	3	0	0	10	2	17
989.400	0	0	10	2	17	2	2	8	14	2	9	0	0	5	0	0	0	6	3	0	0	12	4	6
989.600	0	0	8	2	10	0	2	10	8	2	10	0	0	4	0	0	0	7	3	0	0	13	3	11
989.800	0	0	12	2	17	2	1	8	9	2	7	0	0	6	0	0	0	9	3	0	0	21	3	8
990.000	0	0	8	2	16	1	0	5	10	4	10	0	0	7	0	0	0	7	3	0	0	19	3	7
990.200	0	0	6	2	19	1	3	15	11	1	14	0	0	6	0	0	0	7	3	0	0	9	3	11
990.400	0	0	5	5	18	2	2	12	16	2	13	0	0	6	0	0	0	10	3	0	0	13	2	11
990.600	0	0	11	2	19	2	2	11	9	3	15	0	0	9	0	0	0	5	1	0	0	15	4	3
990.800	0	0	10	2	21	2	1	11	9	5	9	0	0	7	0	0	0	7	3	0	0	14	1	9
991.000	0	0	11	3	25	1	2	10	9	3	17	0	0	7	0	0	0	5	6	0	0	15	3	16
991.200	0	0	9	4	23	3	5	3	9	3	9	0	0	6	0	0	0	6	3	0	0	7	2	11
991.400	0	0	13	2	28	3	6	2	6	3	7	0	0	5	0	0	0	5	3	0	0	11	2	10
991.600	0	0	10	2	25	4	3	8	10	3	13	0	0	5	0	0	0	6	3	0	0	14	0	12
991.800	0	0	11	3	17	2	4	3	6	3	9	0	0	5	0	0	0	7	3	0	0	17	4	2
992.000	0	0	10	2	23	4	1	1	5	3	15	0	0	6	0	0	0	8	3	0	0	18	3	2
992.200	0	0	12	2	19	2	3	4	8	3	13	0	0	9	0	0	0	6	4	0	0	15	2	7
992.400	0	0	9	2	26	2	3	2	6	2	12	0	0	6	0	0	0	5	2	0	0	11	3	4
992.600	0	0	13	2	22	3	5	1	10	4	14	0	0	5	0	0	0	10	4	0	0	16	3	2
992.800	0	0	10	2	21	2	3	7	7	3	5	0	0	6	0	0	0	5	3	0	0	14	3	4
993.000	0	0	9	3	25	2	1	7	10	2	11	0	0	8	0	0	0	8	3	0	0	10	4	3
993.200	0	0	10	6	22	1	2	7	14	2	9	0	0	4	0	0	0	6	3	0	0	15	3	1
993.400	0	0	13	2	25	2	2	9	8	2	12	0	0	8	0	0	0	6	5	0	0	15	2	2
993.600	0	0	11	2	26	3	2	14	9	2	12	0	0	3	0	0	0	6	4	0	0	16	2	3
993.800	0	0	0	2	21	2	2	7	6	2	11	0	0	7	0	0	0	6	3	0	0	17	3	4
994.000	0	0	0	2	22	2	2	8	14	4	9	0	0	6	0	0	0	6	5	0	0	10	3	7
994.200	0	0	6	2	19	2	2	13	12	3	7	0	0	8	0	0	0	5	5	0	0	16	3	1
994.400	0	0	11	2	22	3	2	14	7	2	8	0	0	6	0	0	0	5	3	0	0	17	3	3
994.600	0	0	10	2	20	2	3	9	6	2	11	0	0	9	0	0	0	10	5	0	0	16	9	4
994.800	0	0	9	2	22	2	2	12	12	3	9	0	0	6	0	0	0	9	4	0	0	13	3	2
995.000	0	0	6	2	16	2	3	10	13	3	9	0	0	7	0	0	0	8	3	0	0	14	3	3
995.200	0	0	10	2	11	2	2	9	7	3	12	0	0	8	0	0	0	4	2	0	0	9	3	5
995.400	0	0	13	2	20	3	2	10	8	2	13	0	0	6	0	0	0	5	7	0	0	19	4	4
995.600	0	0	11	2	20	2	4	11	14	3	5	0	0	6	0	0	0	3	7	0	0	16	5	8
995.800	0	0	10	2	13	2	2	14	12	4	11	0	0	6	0	0	0	5	6	0	0	17	4	2
996.000	0	0	9	2	20	2	2	8	12	4	10	0	0	6	0	0	0	4	4	0	0	18	3	5
996.200	0	0	10	2	19	2	1	9	13	4	11	0	0	6	0	0	0	6	3	0	0	18	2	3
996.400	0	0	8	3	22	2	4	9	11	2	10	0	0	3	0	0	0	5	3	0	0	11	3	3
996.600	0	0	11	2	20	2	2	11	11	3	9	0	0	4	0	0	0	6	3	0	0	22	3	3
996.800	0	0	10	2	17	5	2	11	7	3	10	0	0	4	0	0	0	6	3	0	0	14	1	4
997.000	0	0	10	2	17	2	2	10	12	2	12	0	0	3	0	0	0	5	3	0	0	17	0	5
997.200	0	0	9	2	26	2	2	16	12	2	9	0	0	5	0	0	0	7	3	0	0	18	1	0
997.400	0	0	10	2	27	2	2	11	7	1	9	0	0	10	0	0	0	6	4	0	0	20	3	3
997.600	0	0	7	2	22	2	2	10	7	3	14	0	0	4	0	0	0	5	3	0	0	18	2	4
997.800	0	0	11	2	25	2	3	8	1	2	9	0	0	3	0	0	0	5	6	0	0	15	2	3
998.000	0	0	7	6	27	2	2	10	6	3	6	0	0	5	0	0	0	2	6	0	0	18	2	1
998.200	0	0	9	2	23	2	2	14	7	3	15	0	0	4	0	0	0	4	5	0	0	16	1	3
998.400	0	0	8	3	22	2	2	11	3	3	10	0	0	3	0	0	0	4	5	0	0	20	2	4
998.600	0	0	7	2	26	2	2	9	6	3	9	0	0	3	0	0	0	2	8	0	0	22	4	5
998.800	0	0	9	2	27	2	2	9	0	2	11	0	0	6	0	0	0	5	5	0	0	15	0	3
999.000	0	0	12	2	26	2	2	9	6	3	9	0	0	6	0	0	0	6	2	0	0	21	0	0
999.200	0	0	11	2	27	2	2	12	7	4	7	0	0	6	0	0	0	4	5	0	0	17	3	3
999.400	0	0	10	3	24	2	2	9	7	3	9	0	0	7	0	0	0	8	3	0	0	15	3	3
999.600	0	0	6	2	26	2	2	12	8	3	9	0	0	6	0	0	0	9	3	0	0	12	2	3
999.800	0	0	7	2	28	2	2	10	6	3	15	0	0	5	0	0	0	8	3	0	0	14	1	3
1000.000	0	0	9	2	20	1	2	9	6	2	18	0	0	6	0	0	0	5	4	0	0	19	2	4
1000.200	0	0	7	2	24	1	2	11	10	3	19	0	0	5	0	0	0	11	6	0	0	25	0	2
1000.400	0	0	8	2	28	4	2	12	6	1	19	0	0	8	0	0	0	6	3	0	0	17	2	5
1000.600	0	0	9	2	18	2	2	10	8	1	15	0	0	7	0	0	0	5	5	0	0	20	3	4
1000.800	0	0	8	2	25	2	2	12	7	1	20	0	0	6	0	0	0	8	3	0	0	18	2	4
1001.000	0	0	9	2	24	5	2	13	8	1	18	0	0	7	0	0	0	6	3	0	0	22	3	4
1001.200	0	0	7	2	23	2	2	6	4	3	19	0	0	7	0	0	0	5	3	0	0	14	0	3
1001.400	0	0	11	2	20	2	2	9	7	4	15	0	0	6	0	0	0	6	3	0	0	26	4	3
1001.600	0	0	11	2	26	2	2	11	7	4	18	0	0	7	0	0	0	6	2	0	0	15	1	3
1001.800	0	0	11	2	18	1	0	11	6	1	15	0	0	6	0	0	0	6	3	0	0	14	6	6
1002.000	0	0	11	4	23	4	3	17	7	2	11	0	0	8	0	0	0	5	3	0	0	16	1	6
1002.200	0	0	5	2	20	2	2	12	15	3	10	0	0	5	0	0	0	7	5	0	0	15	1	2
1002.400	0	0	10	6	24	2	2	14	14	2	16	0	0	5	0	0	0	5	6	0	0	11	4	4
1002.600	0	0	6	2	18	2	2	14	13	2	19	0	0	7	0	0	0	7	3	0	0	16	9	7
1002.800	0	0	7	2	20	1	0	10	16	3	12	0	0	8	0	0	0	5	1	0	0	21	3	4
1003.000	0	0	10	2	18	2	2	11	11	3	10	0	0	6	0	0	0	8	1	0	0	20	1	3
1003.200	0	0	9	2	23	2	2	14	13	0	17	0	0	7	0	0	0	4	1	0	0	20	2	4
1003.400	0	0	8	2	24	2	2	14	11	3	14	0	0	7	0	0	0	6	0	0	0	20	0	4
1003.600	0	0	9	2	16	2	1	12	11	2	15	0	0	6	0	0	0	7	1	0	0	18	0	2
1003.800	0	0	13	2	19	4	2	9	9	2	14	0	0	5	0	0	0	9	0	0	0	18	0	1
1004.000	0	0	11	2	21	2	0	10	5	3	17	0	0	9	0	0	0	7	0	0	0	15	2	4
1004.200	0	0	9	2	15	1	1	12	10	4	14	0	0	9	0	0	0	6	0	0	0	17	0	3
1004.400	0	0	11	2	17	2	2	8	12	4	15	0	0	6	0	0	0	6	1	0	0	19	2	2
1004.600	0	0	9	2	21	3	3	7	9	4	14	0	0	8	0	0	0	5	1	0	0	17	3	5
1004.800	0	0	10	6	24	2	3	7	11	5	16	0	0	7	0	0	0	6	0	0	0	21	0	0
1005.000	0	0	7	3	19	2	2	10	10	4	15	0	0	8	0	0	0	5	0	0	0	19	0	0
1005.200	0	0	5	6	20	2	0	12	12	5	11	0	0	5	0	0	0	7	1	0	0	18	0	0
1005.400	0	0	5	2	17	2	4	16	10	3	14	0	0	6	0	0	0	10	4	0	0	20	0	0
1005.600	0	0	8	2	20	1	2	9	10	3	17	0	0	4	0	0	0	6	2	0	0	17	0	0
1005.800	0	0	6	2	19	3	2	12	11	2	11	0	0	7	0	0	0	8	4	0	0	16	0	0
1006.000	0	0	9	2	22	3	2	13	9	3	11	0	0	5	0	0	0	6	3	0	0	13	0	0
1006.200	0	0	9	2	20	4	4	9	10	4	14	0	0	1	0	0	0	9	2	0	0	13	0	0
1006.400	0	0	10	2	23	2	2	12	12	4	12	0	0	6	0	0	0	6	1	0	0	16	0	0
1006.600	0	0	10	2	20	2	2	12	12	5	7	0	0	0	0	0	0	8	0	0	0	21	0	0
1006.800	0	0	7	2	23	2	2	7	2	4	10	0	0	2	0	0	0	5	0	0	0	17	0	0
1007.000	0	0	6	2	24	2	1	10	6	3	8	0	0	6	0	0	0	5	0	0	0	17	0	2
1007.200	0	0	9	2	24	2	2	8	4	4	11	0	0	6	0	0	0	4	0	0	0	20	0	1
1007.400	0	0	10	3	28	2	2	11	5	2	17	0	0	6	0	0	0	4	0	0	0	19	0	0
1007.600	0	0	7	2	19	2	2	12	6	4	8	0	0	10	0	0	0	5	0	0	0	14	2	3
1007.800	0	0	10	2	23	2	2	16	9	3	13	0	0	10	0	0	0	5	0	0	0	18	0	2
1008.000	0	0	10	2	20	2	0	12	10	4	10	0	0	8	0	0	0	6	0	0	0	23	1	2
1008.200	0	0	11	2	15	5	2	14	5	4	10	0	0	7	0	0	0	6	0	0	0	21	3	3
1008.400	0	0	5	6	18	8	0	13	13	2	10	0	0	8	0	0	0	5	0	0	0	15	1	0
1008.600	0	0	8	2	8	5	2	11	12	5	11	0	0	9	0	0	0	6	0	0	0	15	0	0
1008.800	0	0	9	6	14	8	0	14	11	4	12	0	0	8	0	0	0	7	0	0	0	21	0	1
1009.000	0	0	5	5	7	5	2	14	4	4	14	0	0	7	0	0	0	6	0	0	0	18	2	1
1009.200	0	0	5	7	17	6	2	10	5	3	9	0	0	8	0	0	0	6	0	0	0	18	2	1
1009.400	0	0	8	2	16	2	0	7	5	4	12	0	0	6	0	0	0	3	0	0	0	22	0	0
1009.600	0	0	7	5	21	6	2	14	9	3	10	0	0	4	0	0	0	7	0	0	0	15	3	3
1009.800	0	0	7	6	25	5	2	11	13	4	14	0	0	6	0	0	0	6	0	0	0	14	5	3
1010.000	0	0	5	2	22	2	2	11	5	3	9	0	0	5	0	0	0	3	0	0	0	19	2	0
1010.200	0	0	9	2	23	2	0	16	13	4	11	0	0	4	0	0	0	6	0	0	0	21	4	1
1010.400	0	0	8	2	17	6	4	14	14	4	12	0	0	5	0	0	0	5	0	0	0	15	2	1
1010.600	0	0	7	2	32	2	2	12	4	3	11	0	0	7	0	0	0	6	2	0	0	20	3	2
1010.800	0	0	10	2	15	2	3	14	5	4	11	0	0	6	0	0	0	6	0	0	0	13	2	1
1011.000	0	0	9	5	24	2	1	15	5	3	10	0	0	6	0	0	0	6	2	0	0	19	4	4
1011.200	0	0	10	3	25	2	2	8	2	5	18	0	0	6	0	0	0	3	0	0	0	24	4	6
1011.400	0	0	9	2	26	2	2	11	7	6	10	0	0	4	0	0	0	9	3	0	0	21	3	6
1011.600	0	0	10	2	23	3	4	10	10	2	13	0	0	6	0	0	0	5	1	0	0	12	0	3
1011.800	0	0	8	2	25	4	3	13	15	2	13	0	0	6	0	0	0	8	3	0	0	14	0	15
1012.000	0	0	9	2	22	2	2	12	11	2	12	0	0	4	0	0	0	7	3	0	0	16	0	1
1012.200	0	0	10	6	18	2	2	8	9	2	10	0	0	4	0	0	0	5	0	0	0	10	3	10
1012.400	0	0	9	2	20	2	2	11	13	4	8	0	0	5	0	0	0	5	0	0	0	10	0	11
1012.600	0	0	6	2	22	2	2	11	8	2	16	0	0	5	0	0	0	7	0	0	0	15	0	13
1012.800	0	0	11	2	20	2	2	8	14	2	14	0	0	5	0	0	0	8	1	0	0	19	2	14
1013.000	0	0	10	2	22	2	3	10	11	4	11	0	0	5	0	0	0	4	0	0	0	19	4	4
1013.200	0	0	10	2	15	2	2	9	8	2	13	0	0	5	0	0	0	6	2	0	0	12	1	7
1013.400	0	0	9	2	23	2	2	10	16	4	17	0	0	7	0	0	0	10	0	0	0	18	3	4
1013.600	0	0	8	4	20	2	2	13	11	2	18	0	0	4	0	0	0	6	4	0	0	7	1	1
1013.800	0	0	11	2	24	2	2	12	11	3	15	0	0	4	0	0	0	10	3	0	0	9	2	1
1014.000	0	0	9	5	16	2	2	13	12	2	21	0	0	4	0	0	0	11	1	0	0	16	2	2
1014.200	0	0	6	5	22	2	2	10	10	3	10	0	0	7	0	0	0	11	1	0	0	21	0	11
1014.400	0	0	11	3	24	2	2	9	18	3	10	0	0	7	0	0	0	3	0	0	0	20	4	8
1014.600	0	0	6	3	21	3	2	9	4	4	11	0	0	9	0	0	0	7	0	0	0	22	4	0
1014.800	0	0	10	2	25	1	2	8	13	2	11	0	0	7	0	0	0	9	0	0	0	19	3	4
1015.000	0	0	9	4	23	3	3	14	9	5	10	0	0	7	0	0	0	6	0	0	0	22	5	3
1015.200	0	0	7	2	21	0	2	8	7	3	10	0	0	6	0	0	0	6	0	0	0	22	2	6
1015.400	0	0	9	4	25	2	2	9	11	4	11	0	0	9	0	0	0	10	0	0	0	24	3	8
1015.600	0	0	11	2	27	1	0	11	6	4	10	0	0	7	0	0	0	8	0	0	0	22	3	5
1015.800	0	0	11	2	23	1	2	13	11	3	11	0	0	8	0	0	0	9	0	0	0	14	0	3
1016.000	0	0	10	2	23	1	2	9	4	2	10	0	0	6	0	0	0	3	0	0	0	12	0	2
1016.200	0	0	7	2	22	2	2	8	9	4	10	0	0	7	0	0	0	4	0	0	0	18	1	4
1016.400	0	0	10	2	26	1	2	12	14	3	8	0	0	6	0	0	0	6	0	0	0	15	4	3
1016.600	0	0	9	2	23	0	2	8	8	3	10	0	0	7	0	0	0	5	0	0	0	10	2	4
1016.800	0	0	8	2	22	2	0	7	11	3	7	0	0	5	0	0	0	5	0	0	0	15	4	3
1017.000	0	0	7	2	22	1	5	16	11	5	8	0	0	7	0	0	0	3	0	0	0	12	4	4
1017.200	0	0	6	3	20	2	2	8	12	2	12	0	0	7	0	0	0	5	0	0	0	17	1	1
1017.400	0	0	11	2	20	0	0	10	13	4	10	0	0	7	0	0	0	5	0	0	0	20	3	2
1017.600	0	0	9	3	24	1	3	8	12	2	10	0	0	5	0	0	0	4	0	0	0	18	4	3
1017.800	0	0	9	2	19	0	4	8	10	3	10	0	0	6	0	0	0	4	0	0	0	11	6	3
1018.000	0	0	10	2	18	1	2	17	11	2	10	0	0	7	0	0	0	5	0	0	0	19	4	3
1018.200	0	0	9	2	20	0	0	16	15	2	9	0	0	2	0	0	0	1	0	0	0	18	5	2
1018.400	0	0	9	2	23	0	1	9	10	2	10	0	0	6	0	0	0	5	0	0	0	18	4	4
1018.600	0	0	10	2	26	2	0	10	12	3	14	0	0	5	0	0	0	4	0	0	0	16	4	7
1018.800	0	0	9	2	25	3	2	9	11	3	10	0	0	3	0	0	0	6	0	0	0	21	1	4
1019.000	0	0	7	5	27	0	1	8	9	2	12	0	0	5	0	0	0	7	0	0	0	13	4	7
1019.200	0	0	9	4	21	2	2	14	11	4	10	0	0	1	0	0	0	1	0	0	0	18	3	3
1019.400	0	0	9	3	22	1	2	12	7	2	12	0	0	1	0	0	0	2	0	0	0	19	3	6
1019.600	0	0	8	2	21	1	2	9	5	3	8	0	0	6	0	0	0	6	0	0	0	19	3	5
1019.800	0	0	7	2	22	1	1	9	9	4	12	0	0	4	0	0	0	6	0	0	0	19	1	2
1020.000	0	0	9	2	22	1	0	10	8	5	14	0	0	6	0	0	0	7	1	0	0	20	2	5
1020.200	0	0	11	2	21	0	1	9	10	4	12	0	0	6	0	0	0	9	0	0	0	15	1	10
1020.400	0	0	9	4	23	2	2	12	8	3	8	0	0	4	0	0	0	5	0	0	0	18	2	10
1020.600	0	0	8	2	21	2	2	8	10	4	12	0	0	7	0	0	0	7	0	0	0	18	2	8
1020.800	0	0	6	2	21	2	2	10	6	4	10	0	0	3	0	0	0	5	0	0	0	16	2	15
1021.000	0	0	13	2	19	2	2	8	16	3	14	0	0	3	0	0	0	6	0	0	0	18	3	16
1021.200	0	0	6	2	24	0	2	10	8	4	10	0	0	6	0	0	0	6	0	0	0	18	3	18
1021.400	0	0	7	2	26	2	2	14	6	3	8	0	0	6	0	0	0	5	0	0	0	19	3	14
1021.600	0	0	9	2	21	4	2	12	6	4	8	0	0	4	0	0	0	5	0	0	0	14	2	12
1021.800	0	0	11	2	17	3	3	16	11	4	11	0	0	5	0	0	0	4	0	0	0	9	0	8
1022.000	0	0	7	2	22	3	2	9	6	3	10	0	0	6	0	0	0	9	0	0	0	18	1	3
1022.200	0	0	8	3	20	2	2	6	9	3	10	0	0	5	0	0	0	9	1	0	0	19	1	4
1022.400	0	0	10	3	19	1	0	9	8	2	12	0	0	5	0	0	0	11	1	0	0	22	3	6
1022.600	0	0	7	2	17	2	2	8	13	4	8	0	0	9	0	0	0	7	0	0	0	20	0	7
1022.800	0	0	10	2	19	0	2	9	17	1	10	0	0	7	0	0	0	4	0	0	0	19	3	7
1023.000	0	0	12	2	22	2	3	9	8	2	5	0	0	6	0	0	0	6	0	0	0	21	4	2
1023.200	0	0	9	2	24	2	2	10	13	2	10	0	0	11	0	0	0	7	0	0	0	16	0	1
1023.400	0	0	9	2	20	2	2	9	13	2	13	0	0	5	0	0	0	6	2	0	0	16	2	4
1023.600	0	0	9	2	16	2	2	9	12	3	11	0	0	5	0	0	0	5	0	0	0	20	3	9
1023.800	0	0	10	2	17	2	4	14	12	2	12	0	0	7	0	0	0	5	0	0	0	10	3	6
1024.000	0	0	7	2	18	2	3	10	13	3	14	0	0	6	0	0	0	7	0	0	0	12	1	4
1024.200	0	0	5	4	25	2	2	9	8	2	6	0	0	3	0	0	0	5	0	0	0	16	3	8
1024.400	0	0	10	2	24	2	3	9	13	3	12	0	0	6	0	0	0	11	0	0	0	10	0	1
1024.600	0	0	8	2	15	0	2	11	12	2	10	0	0	7	0	0	0	6	0	0	0	12	0	7
1024.800	0	0	10	2	23	4	2	11	12	2	13	0	0	7	0	0	0	5	0	0	0	15	0	2
1025.000	0	0	10	2	21	3	2	14	15	2	11	0	0	6	0	0	0	5	0	0	0	11	0	3
1025.200	0	0	7	2	23	2	2	15	9	2	13	0	0	6	0	0	0	8	0	0	0	16	0	1
1025.400	0	0	8	4	26	2	2	12	7	3	11	0	0	6	0	0	0	2	0	0	0	17	1	4
1025.600	0	0	9	5	20	2	2	10	7	2	11	0	0	7	0	0	0	0	0	0	0	15	6	4
1025.800	0	0	6	7	14	1	2	10	6	3	11	0	0	6	0	0	0	6	0	0	0	21	1	3
1026.000	0	0	10	2	22	4	3	12	7	3	16	0	0	4	0	0	0	6	0	0	0	21	3	3
1026.200	0	0	11	2	19	6	2	9	6	0	17	0	0	6	0	0	0	9	0	0	0	19	2	2
1026.400	0	0	9	3	18	6	2	7	5	3	14	0	0	5	0	0	0	10	1	0	0	19	4	7
1026.600	0	0	12	2	20	8	1	11	8	4	12	0	0	5	0	0	0	8	0	0	0	18	3	1
1026.800	0	0	5	3	20	8	0	12	6	3	17	0	0	6	0	0	0	6	0	0	0	24	3	0
1027.000	0	0	10	2	16	10	2	12	6	2	18	0	0	6	0	0	0	11	0	0	0	16	5	7
1027.200	0	0	6	2	22	11	2	11	6	3	14	0	0	6	0	0	0	5	0	0	0	20	3	2
1027.400	0	0	7	2	22	7	2	5	7	1	19	0	0	12	0	0	0	10	0	0	0	20	4	1
1027.600	0	0	9	4	20	4	2	9	7	3	21	0	0	6	0	0	0	11	1	0	0	18	4	3
1027.800	0	0	12	2	16	5	2	12	7	1	10	0	0	7	0	0	0	6	0	0	0	21	3	0
1028.000	0	0	6	5	24	2	2	8	4	2	10	0	0	12	0	0	0	11	0	0	0	15	2	4
1028.200	0	0	9	4	15	5	3	11	5	2	18	0	0	7	0	0	0	6	0	0	0	21	1	3
1028.400	0	0	7	4	15	5	2	10	6	3	11	0	0	8	0	0	0	6	0	0	0	20	1	0
1028.600	0	0	10	3	24	5	2	11	8	3	17	0	0	6	0	0	0	8	2	0	0	12	1	6
1028.800	0	0	10	2	22	4	2	7	3	2	11	0	0	5	0	0	0	6	0	0	0	19	5	8
1029.000	0	0	5	2	22	2	3	9	6	3	10	0	0	5	0	0	0	8	0	0	0	15	2	4
1029.200	0	0	10	2	23	2	2	9	8	2	11	0	0	6	0	0	0	6	1	0	0	18	1	8
1029.400	0	0	10	2	16	5	2	7	7	4	14	0	0	8	0	0	1	11	1	0	0	13	1	2
1029.600	0	0	6	2	21	5	2	9	5	1	21	0	0	9	0	0	0	9	1	0	0	17	6	4
1029.800	0	0	11	2	20	6	2	13	6	3	17	0	0	6	0	0	0	12	0	0	0	18	3	1
1030.000	0	0	6	4	23	8	2	9	6	3	14	0	0	6	0	0	0	7	1	0	0	15	1	0
1030.200	0	0	7	2	25	6	2	11	6	1	13	0	0	9	0	0	0	5	0	0	0	19	1	6
1030.400	0	0	7	3	21	4	4	11	15	2	10	0	0	4	0	0	0	4	0	0	0	14	2	8
1030.600	0	0	5	4	19	5	4	13	10	3	11	0	0	6	0	0	0	6	2	0	0	15	1	0
1030.800	0	0	8	3	17	3	2	15	10	1	15	0	0	6	0	0	0	4	1	0	0	20	3	9
1031.000	0	0	8	2	22	2	3	10	9	2	18	0	0	8	0	0	0	7	0	0	0	12	3	6
1031.200	0	0	11	2	16	3	2	8	10	4	10	0	0	4	0	0	0	5	1	0	0	15	3	6
1031.400	0	0	11	2	24	2	2	8	6	2	17	0	0	5	0	0	0	14	1	0	0	15	2	8
1031.600	0	0	13	2	14	2	1	11	9	1	14	0	0	5	0	0	0	3	2	0	0	16	0	3
1031.800	0	0	11	2	21	5	2	12	8	2	16	0	0	4	0	0	0	15	4	0	0	13	4	8
1032.000	0	0	10	2	21	6	2	8	16	3	14	0	0	5	0	0	0	8	2	0	0	21	2	4
1032.200	0	0	11	2	20	5	2	15	8	2	11	0	0	4	0	0	0	7	2	0	0	14	2	4
1032.400	0	0	11	2	19	2	2	11	17	3	8	0	0	5	0	0	0	10	4	0	0	14	4	2
1032.600	0	0	10	2	20	6	2	12	15	3	14	0	0	4	0	0	0	3	4	0	0	15	2	4
1032.800	0	0	7	2	17	7	2	11	8	4	10	0	0	6	0	0	0	10	2	0	0	16	2	2
1033.000	0	0	11	2	24	4	2	12	10	3	8	0	0	5	0	0	0	9	4	0	0	23	4	5
1033.200	0	0	10	2	17	6	1	15	8	4	12	0	0	7	0	0	0	7	3	0	0	18	3	3
1033.400	0	0	7	2	19	3	2	8	11	3	14	0	0	7	0	0	0	8	1	0	0	13	1	2
1033.600	0	0	11	4	15	3	2	9	6	3	9	0	0	5	0	0	0	7	0	0	0	11	1	2
1033.800	0	0	9	2	19	4	2	9	6	3	13	0	0	4	0	0	0	8	0	0	0	15	2	4
1034.000	0	0	7	2	17	2	2	11	14	1	14	0	0	5	0	0	0	6	0	0	0	13	1	1
1034.200	0	0	7	2	20	2	2	9	9	4	12	0	0	4	0	0	0	6	0	0	0	16	2	3
1034.400	0	0	11	1	15	3	2	13	9	2	7	0	0	5	0	0	0	5	5	0	0	22	3	4
1034.600	0	0	10	2	22	2	2	9	7	4	10	0	0	6	0	0	0	6	5	0	0	13	4	7
1034.800	0	0	10	2	20	6	2	8	8	3	10	0	0	4	0	0	0	10	2	0	0	14	4	7
1035.000	0	0	11	2	18	5	2	11	15	4	17	0	0	5	0	0	0	4	5	0	0	15	4	5
1035.200	0	0	12	2	18	7	2	9	4	2	13	0	0	5	0	0	0	4	1	0	0	13	5	8
1035.400	0	0	11	2	23	6	2	10	6	4	10	0	0	8	0	0	0	6	3	0	0	17	3	9
1035.600	0	0	6	2	17	4	2	15	12	2	16	0	0	6	0	0	0	5	4	0	0	24	5	8
1035.800	0	0	9	4	16	5	3	13	10	2	14	0	0	7	0	0	0	6	9	0	0	15	1	4
1036.000	0	0	10	2	15	6	2	12	13	4	14	0	0	6	0	0	0	3	6	0	0	15	3	5
1036.200	0	0	6	4	22	9	2	8	8	4	17	0	0	5	0	0	0	4	3	0	0	12	3	7
1036.400	0	0	10	2	18	6	2	17	13	2	13	0	0	6	0	0	0	6	5	0	0	19	4	7
1036.600	0	0	10	2	13	6	2	9	6	2	9	0	0	6	0	0	0	3	3	0	0	13	5	5
1036.800	0	0	12	6	17	7	2	17	3	3	11	0	0	6	0	0	0	6	4	0	0	14	2	6
1037.000	0	0	13	4	15	7	0	9	12	4	16	0	0	5	0	0	0	5	4	0	0	14	2	3
1037.200	0	0	6	2	12	5	2	11	14	3	17	0	0	1	0	0	0	2	4	0	0	5	1	3
1037.400	0	0	12	5	18	7	2	8	9	2	14	0	0	6	0	0	0	6	2	0	0	8	0	1
1037.600	0	0	7	2	22	8	2	9	6	4	13	0	0	6	0	0	0	6	5	0	0	7	0	3
1037.800	0	0	9	2	13	7	2	11	8	3	14	0	0	3	0	0	0	5	3	0	0	12	0	1
1038.000	0	0	6	3	16	9	2	8	12	2	11	0	0	5	0	0	0	4	3	0	0	11	0	3
1038.200	0	0	8	2	15	7	3	8	16	2	11	0	0	5	0	0	0	8	4	0	0	8	0	2
1038.400	0	0	11	2	11	7	2	9	11	2	9	0	0	4	0	0	0	3	4	0	0	13	0	4
1038.600	0	0	11	2	6	4	4	13	9	3	10	0	0	6	0	0	0	5	2	0	0	14	0	2
1038.800	0	0	10	2	16	8	2	8	11	3	8	0	0	9	0	0	0	5	3	0	0	13	2	3
1039.000	0	0	8	4	13	7	2	14	10	2	11	0	0	8	0	0	0	6	2	0	0	13	0	0
1039.200	0	0	7	3	16	4	2	8	13	4	7	0	0	8	0	0	0	5	3	0	0	12	0	1
1039.400	0	0	6	6	13	6	3	13	11	2	9	0	0	8	0	0	0	5	4	0	0	12	1	2
1039.600	0	0	11	2	20	10	3	9	13	2	8	0	0	8	0	0	0	6	2	0	0	16	0	1
1039.800	0	0	10	2	18	9	2	8	11	3	16	0	0	6	0	0	0	7	0	0	0	13	0	4
1040.000	0	0	10	3	13	7	0	15	12	2	11	0	0	7	0	0	0	6	1	0	0	13	7	4
1040.200	0	0	9	4	14	7	2	8	9	2	14	0	0	8	0	0	0	4	4	0	0	10	1	1
1040.400	0	0	11	2	15	6	1	9	13	4	9	0	0	5	0	0	0	6	3	0	0	18	3	3
1040.600	0	0	10	2	18	8	2	12	10	3	11	0	0	6	0	0	0	5	1	0	0	14	1	8
1040.800	0	0	8	5	8	5	2	16	13	4	16	0	0	8	0	0	0	6	0	0	0	16	1	5
1041.000	0	0	10	2	13	7	2	8	10	2	14	0	0	7	0	0	0	6	1	0	0	10	4	5
1041.200	0	0	8	5	13	10	2	15	6	3	11	0	0	6	0	0	0	9	4	0	0	8	3	3
1041.400	0	0	9	4	25	7	2	8	11	4	16	0	0	8	0	0	0	5	3	0	0	15	3	3
1041.600	0	0	11	2	21	4	2	7	13	3	9	0	0	7	0	0	0	6	3	0	0	11	3	9
1041.800	0	0	10	2	17	7	2	14	13	3	10	0	0	8	0	0	0	5	3	0	0	10	3	7
1042.000	0	0	6	5	19	6	3	10	11	4	11	0	0	7	0	0	0	6	3	0	0	8	8	8
1042.200	0	0	9	2	21	5	2	11	13	1	9	0	0	8	0	0	0	6	4	0	0	12	4	2
1042.400	0	0	11	5	12	7	3	8	12	2	12	0	0	8	0	0	0	7	5	0	0	15	0	4
1042.600	0	0	7	2	21	5	2	12	10	3	10	0	0	6	0	0	0	7	3	0	0	12	3	7
1042.800	0	0	11	5	26	5	2	12	14	3	12	0	0	6	0	0	0	5	4	0	0	14	2	4
1043.000	0	0	11	2	13	7	2	11	12	2	12	0	0	8	0	0	0	6	3	0	0	15	3	7
1043.200	0	0	10	5	20	6	2	13	9	2	14	0	0	3	0	0	0	6	1	0	0	18	2	4
1043.400	0	0	6	2	22	7	2	12	13	2	12	0	0	6	0	0	0	5	3	0	0	17	3	7
1043.600	0	0	5	3	30	7	2	8	15	3	11	0	0	8	0	0	0	7	1	0	0	15	4	4
1043.800	0	0	5	3	19	6	2	8	13	2	9	0	0	7	0	0	0	6	2	0	0	13	5	7
1044.000	0	0	9	2	26	6	2	8	11	2	7	0	0	6	0	0	0	7	2	0	0	18	4	4
1044.200	0	0	6	2	23	7	2	9	12	2	10	0	0	8	0	0	0	6	3	0	0	11	3	6
1044.400	0	0	11	2	23	5	4	12	11	2	10	0	0	8	0	0	0	6	1	0	0	14	6	8
1044.600	0	0	10	4	22	8	2	11	11	2	16	0	0	6	0	0	0	7	1	0	0	11	3	1
1044.800	0	0	10	2	20	7	2	8	15	2	11	0	0	9	0	0	0	5	2	0	0	13	0	3
1045.000	0	0	12	2	22	7	2	9	8	3	9	0	0	9	0	0	0	5	0	0	0	17	5	2
1045.200	0	0	10	2	22	7	2	12	12	0	11	0	0	8	0	0	0	5	0	0	0	13	5	6
1045.400	0	0	8	2	20	6	2	10	12	2	9	0	0	7	0	0	0	5	1	0	0	12	2	7
1045.600	0	0	5	2	27	7	2	8	10	3	8	0	0	8	0	0	0	6	0	0	0	19	2	8
1045.800	0	0	9	4	26	7	2	9	10	2	13	0	0	6	0	0	0	6	6	0	0	16	2	11
1046.000	0	0	11	2	22	7	3	9	17	3	11	0	0	7	0	0	0	8	2	0	0	11	4	11
1046.200	0	0	10	4	18	7	2	16	10	3	9	0	0	4	0	0	0	8	4	0	0	15	5	11
1046.400	0	0	6	4	22	5	2	18	13	2	14	0	0	5	0	0	0	6	3	0	0	17	3	7
1046.600	0	0	8	4	25	8	2	11	9	2	14	0	0	7	0	0	0	5	0	0	0	14	5	7
1046.800	0	0	10	3	15	7	2	8	7	2	16	0	0	4	0	0	0	8	4	0	0	11	7	10
1047.000	0	0	11	2	23	7	2	7	9	2	14	0	0	5	0	0	0	5	4	0	0	10	6	13
1047.200	0	0	6	3	23	6	2	9	10	2	18	0	0	6	0	0	0	5	0	0	0	11	4	9
1047.400	0	0	5	2	18	7	2	10	15	3	13	0	0	3	0	0	0	6	0	0	0	13	2	9
1047.600	0	0	12	2	23	7	2	14	18	3	11	0	0	4	0	0	0	6	0	0	0	15	7	12
1047.800	0	0	9	6	17	7	1	15	10	2	12	0	0	5	0	0	0	6	2	0	0	18	6	10
1048.000	0	0	9	6	22	13	2	12	14	1	14	0	0	5	0	0	0	7	0	0	0	11	1	4
1048.200	0	0	9	4	21	8	2	16	9	3	9	0	0	6	0	0	0	6	0	0	0	18	9	10
1048.400	0	0	10	2	19	12	2	11	11	0	16	0	0	7	0	0	0	6	1	0	0	16	4	9
1048.600	0	0	9	4	17	11	2	10	9	2	11	0	0	5	0	0	0	6	5	0	0	13	6	10
1048.800	0	0	8	2	24	8	2	13	7	2	12	0	0	5	0	0	0	3	0	0	0	11	5	8
1049.000	0	0	8	2	17	11	2	17	10	2	12	0	0	10	0	0	0	6	0	0	0	15	2	13
1049.200	0	0	6	2	28	8	2	9	11	2	12	0	0	7	0	0	0	4	0	0	0	12	0	2
1049.400	0	0	7	2	24	8	3	13	9	1	9	0	0	6	0	0	0	6	0	0	0	7	5	7
1049.600	0	0	11	4	21	9	2	12	8	3	8	0	0	5	0	0	0	6	0	0	0	15	2	7
1049.800	0	0	6	3	20	10	2	10	12	2	11	0	0	7	0	0	0	5	0	0	0	16	3	9
1050.000	0	0	8	2	26	7	2	12	9	2	9	0	0	7	0	0	0	6	0	0	0	10	0	6
1050.200	0	0	12	2	20	11	2	10	9	3	14	0	0	4	0	0	0	6	0	0	0	13	2	1
1050.400	0	0	10	2	22	13	2	10	15	2	10	0	0	7	0	0	0	6	0	0	0	19	2	4
1050.600	0	0	10	2	25	12	2	8	9	3	8	0	0	6	0	0	0	5	0	0	0	10	7	4
1050.800	0	0	11	2	15	10	3	14	19	4	10	0	0	9	0	0	0	4	0	0	0	12	2	0
1051.000	0	0	9	3	23	7	2	10	10	3	9	0	0	6	0	0	0	2	0	0	0	20	3	2
1051.200	0	0	7	2	19	5	2	14	7	4	10	0	0	6	0	0	0	5	1	0	0	15	1	3
1051.400	0	0	9	4	28	9	2	11	4	3	13	0	0	5	0	0	0	3	0	0	0	8	2	4
1051.600	0	0	9	4	17	11	0	10	5	1	10	0	0	2	0	0	0	5	0	0	0	9	2	3
1051.800	0	0	9	4	28	9	2	12	6	3	9	0	0	3	0	0	0	4	0	0	0	11	3	4
1052.000	0	0	9	2	30	7	2	11	6	3	11	0	0	3	0	0	0	2	0	0	0	14	3	2
1052.200	0	0	9	2	24	8	2	12	6	4	9	0	0	2	0	0	0	5	0	0	0	9	4	2
1052.400	0	0	10	2	28	11	3	10	11	4	11	0	0	2	0	0	0	7	0	0	0	12	3	1
1052.600	0	0	8	2	26	10	2	19	18	3	11	0	0	3	0	0	0	6	0	0	0	13	1	2
1052.800	0	0	7	6	28	6	2	11	14	2	9	0	0	5	0	0	0	5	0	0	0	9	1	3
1053.000	0	0	5	2	23	4	2	8	11	3	19	0	0	3	0	0	0	6	0	0	0	17	4	3
1053.200	0	0	9	4	24	5	3	18	14	3	10	0	0	6	0	0	0	5	0	0	0	11	0	2
1053.400	0	0	9	2	26	6	2	11	8	3	12	0	0	4	0	0	0	7	3	0	0	9	2	0
1053.600	0	0	7	2	23	11	2	14	10	3	16	0	0	5	0	0	0	5	0	0	0	13	2	2
1053.800	0	0	9	4	18	8	0	12	13	2	18	0	0	4	0	0	0	5	1	0	0	14	0	2
1054.000	0	0	10	2	24	9	2	14	13	2	14	0	0	4	0	0	0	5	3	0	0	7	3	2
1054.200	0	0	10	4	18	11	2	9	11	3	17	0	0	1	0	0	0	5	0	0	0	18	1	1
1054.400	0	0	11	3	22	7	2	14	7	2	10	0	0	5	0	0	0	6	0	0	0	14	4	1
1054.600	0	0	10	5	26	7	2	17	8	2	8	0	0	5	0	0	0	5	0	0	0	16	2	3
1054.800	0	0	10	2	25	11	2	10	13	3	16	0	0	5	0	0	0	9	0	0	0	12	2	1
1055.000	0	0	10	2	23	12	0	6	9	3	15	0	0	6	0	0	0	9	0	0	0	12	3	3
1055.200	0	0	10	2	24	8	2	17	7	4	10	0	0	5	0	0	0	6	0	0	0	14	2	3
1055.400	0	0	10	2	20	12	2	18	12	4	14	0	0	7	0	0	0	6	0	0	0	11	6	6
1055.600	0	0	7	2	21	10	2	13	13	2	10	0	0	4	0	0	0	6	0	0	0	14	2	3
1055.800	0	0	7	2	26	13	1	13	12	1	9	0	0	4	0	0	0	6	0	0	0	10	5	3
1056.000	0	0	8	5	16	10	2	13	10	4	10	0	0	5	0	0	0	4	0	0	0	13	3	2
1056.200	0	0	9	5	19	5	3	8	12	4	9	0	0	4	0	0	0	6	0	0	0	20	4	10
1056.400	0	0	7	2	17	8	2	11	15	2	12	0	0	6	0	0	0	6	0	0	0	12	4	10
1056.600	0	0	7	2	13	11	2	8	8	2	17	0	0	4	0	0	0	5	0	0	0	10	6	12
1056.800	0	0	7	2	19	12	2	11	9	4	10	0	0	4	0	0	0	6	0	0	0	17	4	8
1057.000	0	0	8	2	14	10	0	9	11	3	14	0	0	0	0	0	0	5	0	0	0	15	1	14
1057.200	0	0	7	2	25	11	1	13	9	4	11	0	0	5	0	0	0	6	0	0	0	10	3	5
1057.400	0	0	12	2	25	13	2	11	11	4	8	0	0	5	0	0	0	6	0	0	0	9	4	5
1057.600	0	0	11	2	19	13	2	8	9	3	9	0	0	7	0	0	0	6	0	0	0	15	3	11
1057.800	0	0	9	2	18	7	2	9	11	4	9	0	0	6	0	0	0	6	0	0	0	10	2	12
1058.000	0	0	7	3	21	12	2	10	12	5	13	0	0	5	0	0	0	6	0	0	0	12	3	11
1058.200	0	0	9	4	23	7	4	11	13	4	11	0	0	6	0	0	0	5	0	0	0	11	2	13
1058.400	0	0	10	2	26	7	2	12	6	4	14	0	0	5	0	0	0	6	0	0	0	14	2	11
1058.600	0	0	13	2	20	7	3	8	11	4	14	0	0	5	0	0	0	6	0	0	0	11	3	10
1058.800	0	0	6	2	23	7	3	9	12	6	8	0	0	5	0	0	0	8	0	0	0	17	2	14
1059.000	0	0	9	2	18	10	2	8	9	3	14	0	0	4	0	0	0	1	0	0	0	12	5	20
1059.200	0	0	10	2	16	8	4	7	8	4	11	0	0	5	0	0	0	0	0	0	0	10	1	4
1059.400	0	0	11	2	21	5	2	9	11	4	11	0	0	4	0	0	0	0	0	0	0	13	3	2
1059.600	0	0	9	2	19	5	2	7	11	2	13	0	0	2	0	0	0	0	0	0	0	14	2	1
1059.800	0	0	8	2	18	6	2	11	12	2	12	0	0	1	0	0	0	0	0	0	0	18	3	5
1060.000	0	0	6	2	12	7	3	13	12	3	13	0	0	1	0	0	0	0	0	0	0	20	3	4
1060.200	0	0	9	3	21	8	2	11	14	3	8	0	0	4	0	0	0	0	0	0	0	16	4	5
1060.400	0	0	10	3	27	11	3	11	8	6	6	0	0	1	0	0	0	0	0	0	0	20	3	5
1060.600	0	0	10	4	20	5	2	9	14	3	10	0	0	0	0	0	0	0	0	0	0	16	5	6
1060.800	0	0	10	2	18	5	2	9	11	3	14	0	0	0	0	0	0	0	0	0	0	14	4	1
1061.000	0	0	9	6	23	12	1	16	11	3	11	0	0	0	0	0	0	0	0	0	0	17	7	7
1061.200	0	0	11	2	19	4	2	12	10	3	14	0	0	0	0	0	0	0	0	0	0	16	3	2
1061.400	0	0	9	4	19	6	2	9	9	2	16	0	0	0	0	0	0	0	0	0	0	12	2	11
1061.600	0	0	10	2	23	6	2	7	2	2	15	0	0	1	0	0	0	0	0	0	0	18	0	4
1061.800	0	0	12	2	17	9	0	14	8	3	14	0	0	0	0	0	0	0	0	0	0	16	6	9
1062.000	0	0	16	6	23	10	2	13	10	4	13	0	0	0	0	0	0	0	0	0	0	21	3	6
1062.200	0	0	13	2	23	7	2	10	10	2	11	0	0	0	0	0	0	0	0	0	0	11	2	9
1062.400	0	0	13	4	20	6	2	7	10	2	12	0	0	0	0	0	0	0	0	0	0	18	3	9
1062.600	0	0	10	2	26	8	2	14	11	1	10	0	0	0	0	0	0	0	0	0	0	21	4	10
1062.800	0	0	11	5	23	8	2	12	12	3	9	0	0	1	0	0	0	0	0	0	0	18	5	16
1063.000	0	0	7	2	23	6	1	13	9	4	11	0	0	0	0	0	0	0	0	0	0	13	4	9
1063.200	0	0	8	6	20	6	2	13	13	3	16	0	0	0	0	0	0	0	0	0	0	16	3	8
1063.400	0	0	10	2	20	7	2	9	10	2	13	0	0	0	0	0	0	0	0	0	0	13	3	7
1063.600	0	0	11	2	19	6	4	8	9	2	15	0	0	0	0	0	0	0	0	0	0	17	3	4
1063.800	0	0	10	2	23	6	0	5	6	2	14	0	0	0	0	0	0	0	0	0	0	18	3	3
1064.000	0	0	11	5	25	7	2	11	10	3	12	0	0	0	0	0	0	0	0	0	0	20	1	7
1064.200	0	0	8	5	26	6	2	14	7	3	15	0	0	0	0	0	0	0	0	0	0	11	3	4
1064.400	0	0	6	2	21	8	3	14	12	1	17	0	0	0	0	0	0	0	0	0	0	14	3	4
1064.600	0	0	9	3	21	3	1	11	6	4	11	0	0	0	0	0	0	0	0	0	0	17	3	5
1064.800	0	0	10	2	20	8	2	8	14	5	13	0	0	0	0	0	0	0	0	0	0	14	3	4
1065.000	0	0	8	2	20	3	2	12	7	4	18	0	0	0	0	0	0	0	0	0	0	12	3	4
1065.200	0	0	9	2	19	6	2	6	11	3	11	0	0	0	0	0	0	0	0	0	0	11	3	5
1065.400	0	0	10	2	27	5	2	13	12	2	15	0	0	0	0	0	0	0	0	0	0	20	2	0
1065.600	0	0	10	2	23	10	2	12	14	5	13	0	0	0	0	0	0	0	0	0	0	21	6	1
1065.800	0	0	11	2	23	13	2	15	9	2	13	0	0	0	0	0	0	0	0	0	0	12	3	8
1066.000	0	0	12	2	21	13	2	10	8	3	17	0	0	0	0	0	0	0	0	0	0	16	3	3
1066.200	0	0	11	4	18	10	0	14	13	4	12	0	0	0	0	0	0	0	0	0	0	25	3	2
1066.400	0	0	9	4	25	9	2	9	9	3	11	0	0	0	0	0	0	0	0	0	0	17	3	3
1066.600	0	0	12	2	16	9	2	14	8	2	7	0	0	0	0	0	0	0	0	0	0	22	2	5
1066.800	0	0	6	5	21	10	1	14	8	3	8	0	0	0	0	0	0	0	0	0	0	15	3	6
1067.000	0	0	10	4	23	9	0	13	10	4	11	0	0	0	0	0	0	0	0	0	0	22	3	1
1067.200	0	0	10	2	27	6	4	11	12	4	8	0	0	0	0	0	0	0	0	0	0	15	3	6
1067.400	0	0	12	4	22	6	4	12	12	4	17	0	0	0	0	0	0	0	0	0	0	15	3	5
1067.600	0	0	9	2	19	10	4	16	10	2	13	0	0	0	0	0	0	0	0	0	0	14	3	9
1067.800	0	0	10	2	22	8	2	14	17	5	12	0	0	0	0	0	0	0	0	0	0	14	3	13
1068.000	0	0	11	2	25	6	3	8	6	3	12	0	0	0	0	0	0	0	0	0	0	9	4	7
1068.200	0	0	10	2	20	5	2	13	5	3	8	0	0	0	0	0	0	0	0	0	0	15	2	5
1068.400	0	0	10	2	19	7	2	11	5	4	13	0	0	0	0	0	0	0	0	0	0	13	4	1
1068.600	0	0	10	5	19	13	4	9	4	3	11	0	0	0	0	0	0	0	0	0	0	8	1	1
1068.800	0	0	7	2	16	10	2	10	5	3	8	0	0	0	0	0	0	0	0	0	0	12	3	5
1069.000	0	0	10	4	20	11	2	9	2	3	11	0	0	0	0	0	0	0	0	0	0	15	6	3
1069.200	0	0	10	6	17	12	3	14	8	4	13	0	0	0	0	0	0	0	0	0	0	14	3	1
1069.400	0	0	10	2	21	5	0	9	12	4	13	0	0	0	0	0	0	0	0	0	0	21	1	0
1069.600	0	0	10	2	18	7	3	9	13	4	10	0	0	0	0	0	0	0	0	0	0	16	4	5
1069.800	0	0	8	4	22	5	3	14	11	2	12	0	0	0	0	0	0	0	0	0	0	16	4	3
1070.000	0	0	11	2	21	7	4	13	11	1	9	0	0	0	0	0	0	0	0	0	0	16	2	2
1070.200	0	0	11	3	31	9	2	10	7	3	9	0	0	0	0	0	0	0	0	0	0	17	2	1
1070.400	0	0	11	2	23	8	2	11	11	4	9	0	0	0	0	0	0	0	0	0	0	17	3	2
1070.600	0	0	10	5	17	8	2	12	13	4	10	0	0	0	0	0	0	1	0	0	0	15	2	2
1070.800	0	0	9	6	14	6	3	13	8	4	8	0	0	0	0	0	0	0	0	0	0	14	2	3
1071.000	0	0	9	2	15	8	3	8	10	2	15	0	0	0	0	0	0	0	0	0	0	16	0	0
1071.200	0	0	8	5	19	6	3	17	10	3	6	0	0	0	0	0	0	2	0	0	0	18	3	5
1071.400	0	0	9	2	20	7	4	11	9	3	9	0	0	0	0	0	0	0	0	0	0	21	1	0
1071.600	0	0	6	5	25	12	3	17	10	2	6	0	0	0	0	0	0	0	0	0	0	17	3	3
1071.800	0	0	5	4	18	8	2	12	8	4	8	0	0	0	0	0	0	0	0	0	0	17	3	2
1072.000	0	0	7	2	19	7	2	11	8	2	10	0	0	0	0	0	0	0	0	0	0	16	1	3
1072.200	0	0	10	2	18	12	4	7	6	3	7	0	0	0	0	0	0	0	0	0	0	13	3	6
1072.400	0	0	11	4	27	5	2	8	7	3	13	0	0	0	0	0	0	2	0	0	0	19	1	1
1072.600	0	0	6	3	25	5	1	16	4	3	14	0	0	0	0	0	0	0	0	0	0	21	2	5
1072.800	0	0	9	6	23	10	3	14	9	0	14	0	0	0	0	0	0	2	0	0	0	19	2	5
1073.000	0	0	8	2	20	3	3	12	9	3	15	0	0	0	0	0	0	2	0	0	0	18	2	2
1073.200	0	0	8	6	18	5	2	10	6	3	14	0	0	0	0	0	0	3	0	0	0	19	1	4
1073.400	0	0	11	4	18	6	2	13	6	3	14	0	0	0	0	0	0	3	0	0	0	22	3	3
1073.600	3	0	7	3	18	6	3	12	7	4	17	0	0	0	0	0	0	2	0	0	0	21	4	4
1073.800	2	0	10	6	20	6	3	9	4	2	20	0	0	0	0	0	0	4	0	0	0	20	3	5
1074.000	3	0	7	5	23	9	3	10	7	3	12	0	0	0	0	0	0	1	0	0	0	16	3	2
1074.200	3	0	11	6	22	9	2	12	7	3	7	0	0	0	0	0	0	4	0	0	0	18	3	0
1074.400	0	0	8	3	26	9	3	20	8	2	17	0	0	0	0	0	0	1	0	0	0	12	0	3
1074.600	0	0	11	2	15	9	2	12	6	2	21	0	0	0	0	0	0	2	0	0	0	19	2	2
1074.800	0	2	9	5	21	5	2	11	7	1	11	0	0	0	0	0	0	3	0	0	0	22	3	2
1075.000	0	2	8	5	20	4	2	9	8	3	22	0	0	0	0	0	0	1	0	0	0	17	0	6
1075.200	0	3	13	4	18	5	2	11	6	2	10	0	0	0	0	0	0	3	0	0	0	18	1	4
1075.400	0	2	12	3	21	7	2	15	8	3	17	0	0	0	0	0	0	4	0	0	0	21	3	3
1075.600	0	0	8	2	21	6	2	12	8	2	18	0	0	0	0	0	0	2	0	0	0	15	3	5
1075.800	0	0	6	2	16	7	2	10	6	3	13	0	0	0	0	0	0	2	0	0	0	19	3	2
1076.000	3	1	8	4	19	8	2	6	5	3	8	0	0	0	0	0	0	0	0	0	0	18	2	2
1076.200	5	0	12	3	23	8	2	6	5	2	12	0	0	0	0	0	0	0	0	0	0	18	1	0
1076.400	5	0	11	3	22	7	2	13	8	3	19	0	0	0	0	0	0	0	0	0	0	11	1	2
1076.600	1	0	7	5	22	8	1	10	6	2	15	0	0	0	0	0	0	1	0	0	0	11	0	1
1076.800	6	0	8	2	25	10	2	11	4	2	13	0	0	0	0	0	0	1	0	0	0	11	0	1
1077.000	7	0	10	3	22	8	1	12	11	3	25	0	0	0	0	0	0	3	0	0	0	13	0	0
1077.200	13	0	11	3	20	4	2	8	13	2	24	1	0	0	0	0	0	4	0	0	0	14	1	2
1077.400	12	0	10	3	23	10	2	9	7	4	24	0	0	0	0	0	0	2	0	0	0	14	0	0
1077.600	8	0	7	3	21	11	2	12	6	3	18	0	0	0	0	0	0	6	0	0	0	24	2	1
1077.800	7	0	9	4	20	9	2	12	8	3	13	0	0	0	0	0	0	3	0	0	0	24	1	3
1078.000	9	4	13	5	19	9	2	12	7	6	19	0	0	0	0	0	0	2	0	0	0	14	1	4
1078.200	2	0	10	2	26	11	2	13	6	2	20	0	0	0	0	0	0	5	0	0	0	11	4	1
1078.400	3	0	6	6	29	8	2	9	5	3	17	0	0	0	0	0	0	2	0	0	0	14	3	2
1078.600	1	0	12	2	15	11	1	8	4	2	13	0	0	0	0	0	0	1	0	0	0	12	4	1
1078.800	1	0	7	4	14	10	2	9	6	3	17	0	0	0	0	0	0	0	0	0	0	13	2	1
1079.000	1	0	12	2	26	11	2	10	6	3	6	0	0	0	0	0	0	0	0	0	0	16	3	0
1079.200	1	0	8	2	23	11	2	10	5	2	16	0	0	0	0	0	0	0	0	0	0	15	2	1
1079.400	0	0	13	3	20	10	1	12	6	4	16	0	0	0	0	0	0	0	0	0	0	13	3	1
1079.600	4	1	7	6	22	12	0	12	5	3	18	0	0	0	0	0	0	0	0	0	0	14	0	0
1079.800	3	1	8	6	27	8	2	10	6	4	10	0	0	0	0	0	0	0	0	0	0	17	1	0
1080.000	4	1	7	4	19	9	3	10	8	3	20	0	0	0	0	0	0	0	0	0	0	11	1	1
1080.200	4	0	8	2	21	10	3	10	5	2	18	0	0	0	0	0	0	0	0	0	0	17	2	5
1080.400	3	1	12	4	22	6	2	13	6	2	17	0	0	0	0	0	0	0	0	0	0	9	2	5
1080.600	2	0	14	5	21	11	2	10	8	5	20	0	0	0	0	0	0	0	0	0	0	16	1	0
1080.800	3	2	9	2	18	9	3	10	5	3	11	0	0	0	0	0	0	0	0	0	0	15	2	5
1081.000	4	1	8	2	20	10	2	10	3	2	14	0	0	0	0	0	0	0	0	0	0	12	1	2
1081.200	4	1	12	3	20	12	0	12	7	3	16	0	0	0	0	0	0	4	0	0	0	10	1	3
1081.400	1	3	15	3	26	8	1	9	7	4	14	0	0	0	0	0	1	2	0	0	0	16	2	4
1081.600	4	0	12	4	23	8	2	8	6	3	13	0	0	0	0	0	0	1	0	0	0	8	2	1
1081.800	4	2	7	3	29	9	2	9	5	3	17	0	0	0	0	0	0	1	0	0	0	7	0	2
1082.000	6	1	12	2	26	8	3	16	8	4	14	0	0	0	0	0	0	0	0	0	0	13	2	0
1082.200	4	1	9	2	14	10	4	13	6	3	14	0	0	0	0	0	0	0	0	0	0	20	2	6
1082.400	4	1	12	4	23	9	2	10	5	3	17	0	0	0	0	0	0	0	0	0	0	10	2	4
1082.600	4	1	9	2	17	16	4	7	8	3	17	0	0	0	0	0	0	0	0	0	0	11	1	4
1082.800	0	0	12	4	14	10	2	11	4	2	8	0	0	0	0	0	0	0	0	0	0	17	2	2
1083.000	0	0	11	5	23	7	2	9	6	2	15	0	0	0	0	0	0	0	0	0	0	14	2	5
1083.200	0	0	12	2	20	10	3	11	6	3	18	0	0	0	0	0	0	0	0	0	0	9	4	4
1083.400	0	0	11	3	21	7	4	11	8	4	19	0	0	0	0	0	0	0	0	0	0	9	3	4
1083.600	0	0	10	2	20	9	4	12	2	2	19	0	0	0	0	0	0	0	0	0	0	13	2	4
1083.800	0	0	12	4	22	3	2	12	5	3	23	0	0	0	0	0	0	1	0	0	0	17	2	3
1084.000	0	0	12	4	15	7	2	10	4	3	18	0	0	0	0	0	1	0	0	0	0	14	1	3
1084.200	0	0	8	4	22	7	2	10	8	4	9	0	0	0	0	0	0	0	0	0	0	16	3	4
1084.400	0	0	9	2	22	12	3	14	7	2	19	0	0	0	0	0	1	0	0	0	0	13	5	7
1084.600	0	0	11	2	18	7	2	11	10	3	15	0	0	0	0	0	1	2	0	0	0	17	4	3
1084.800	0	0	11	5	15	7	2	10	14	3	18	0	0	0	0	0	1	0	0	0	0	13	5	0
1085.000	2	0	11	5	25	8	2	11	6	3	17	0	0	0	0	0	1	0	0	0	0	5	2	5
1085.200	2	0	11	2	17	10	4	14	7	2	19	0	0	0	0	0	1	0	0	0	0	9	7	5
1085.400	4	0	13	3	19	6	3	12	8	2	20	0	0	0	0	0	1	0	0	0	0	13	5	3
1085.600	1	0	8	3	17	9	2	9	6	3	20	0	0	0	0	0	1	0	0	0	0	8	4	7
1085.800	0	0	13	6	18	9	3	11	4	3	17	0	0	0	0	0	1	0	0	0	0	16	6	2
1086.000	2	0	12	2	21	6	4	11	6	4	15	0	0	0	0	0	0	0	0	0	0	10	2	5
1086.200	1	0	11	6	22	6	2	10	4	4	17	0	0	0	0	0	1	0	0	0	0	9	3	7
1086.400	0	0	8	5	20	7	1	8	6	4	15	0	0	0	0	0	0	0	0	0	0	12	2	4
1086.600	3	1	11	2	20	7	2	13	6	3	17	0	0	0	0	0	0	0	0	0	0	16	3	5
1086.800	4	1	10	2	23	9	3	7	6	3	12	0	0	0	0	0	0	0	0	0	0	15	3	4
1087.000	7	2	8	2	23	8	2	14	10	4	18	0	0	0	0	0	1	0	0	0	0	15	3	3
1087.200	3	1	8	5	22	5	2	7	6	3	15	0	0	0	0	0	0	0	0	0	0	14	3	3
1087.400	4	2	9	3	22	7	2	12	5	2	12	0	0	0	0	0	0	0	0	0	0	16	3	5
1087.600	1	3	9	2	17	9	2	15	5	3	21	0	0	0	0	0	1	0	0	0	0	12	2	2
1087.800	1	2	10	3	22	13	2	16	6	3	20	0	0	0	0	0	0	0	0	0	0	12	3	2
1088.000	2	3	15	3	21	7	2	10	4	3	18	0	0	0	0	0	0	0	0	0	0	14	2	3
1088.200	0	3	9	4	18	6	2	12	3	3	17	0	0	0	0	0	0	0	0	0	0	18	3	2
1088.400	0	2	11	5	17	8	2	9	4	2	16	0	0	0	0	0	0	0	0	0	0	14	3	0
1088.600	0	1	10	6	29	8	2	15	3	3	14	0	0	0	0	0	0	0	0	0	0	21	3	7
1088.800	4	1	6	2	19	10	3	8	5	3	17	0	0	0	0	0	0	0	0	0	0	14	0	0
1089.000	3	0	8	6	17	6	2	12	8	3	18	0	0	0	0	0	0	0	0	0	0	19	3	5
1089.200	3	1	12	2	12	5	3	11	5	3	14	0	0	0	0	0	0	0	0	0	0	11	3	3
1089.400	5	0	11	3	16	6	3	10	6	2	23	0	0	0	0	0	0	0	0	0	0	18	2	4
1089.600	6	1	11	5	29	10	2	9	6	4	18	0	0	0	0	0	0	0	0	0	0	16	4	3
1089.800	6	1	11	4	23	9	4	14	12	3	18	0	0	0	0	0	1	0	0	0	0	12	1	5
1090.000	6	1	11	4	21	5	3	10	3	2	23	0	0	0	0	0	0	0	0	0	0	23	1	3
1090.200	6	1	8	4	22	9	2	7	6	2	18	0	0	0	0	0	1	0	0	0	0	20	1	4
1090.400	6	1	9	5	19	8	2	11	10	5	19	0	0	0	0	0	1	0	0	0	0	20	1	5
1090.600	6	1	13	6	19	9	2	11	5	2	21	0	0	0	0	0	0	0	0	0	0	18	2	5
1090.800	8	1	11	3	16	9	2	11	6	4	17	0	0	0	0	0	0	0	0	0	0	21	2	2
1091.000	8	2	11	4	16	12	1	10	6	4	16	0	0	0	0	0	0	0	0	0	0	18	2	2
1091.200	6	3	16	5	22	9	1	8	5	5	21	0	0	0	0	0	0	0	0	0	0	23	4	5
1091.400	6	1	9	3	16	12	3	6	7	3	14	0	0	0	0	0	0	0	0	0	0	23	1	6
1091.600	4	1	11	2	15	9	2	10	7	2	15	0	0	0	0	0	0	0	0	0	0	18	3	6
1091.800	4	0	8	3	19	7	1	7	6	5	14	0	0	0	0	0	0	0	0	0	0	15	2	5
1092.000	6	1	12	5	16	7	2	11	6	4	13	0	0	0	0	0	0	0	0	0	0	21	1	5
1092.200	6	1	8	6	21	9	3	13	8	4	15	0	0	0	0	0	1	0	0	0	0	18	2	0
1092.400	6	1	10	5	21	9	1	9	7	5	18	0	0	0	0	0	0	0	0	0	0	15	1	2
1092.600	5	1	9	2	11	7	2	9	8	4	15	0	0	0	0	0	0	0	0	0	0	20	2	3
1092.800	6	1	10	3	27	9	0	10	5	3	17	0	0	0	0	0	0	0	0	0	0	13	1	4
1093.000	6	1	10	2	19	7	2	11	7	3	18	0	0	0	0	0	1	0	0	0	0	22	3	2
1093.200	6	1	8	3	24	7	4	14	5	3	17	0	0	0	0	0	1	2	0	0	0	17	5	1
1093.400	5	1	8	2	24	10	3	9	7	4	24	0	0	0	0	0	0	0	0	0	0	15	1	4
1093.600	5	2	13	5	20	7	2	8	6	3	14	0	0	0	0	0	1	0	0	0	0	17	3	4
1093.800	5	2	9	4	20	10	0	10	6	3	15	0	0	0	0	0	0	2	0	0	0	24	3	3
1094.000	2	2	8	3	22	8	3	11	5	3	18	0	0	0	0	0	0	0	0	0	0	14	2	3
1094.200	0	2	9	3	20	7	2	11	10	5	16	0	0	0	0	0	0	1	0	0	0	18	2	1
1094.400	4	1	8	4	18	6	0	11	7	3	20	0	0	0	0	0	0	0	0	0	0	10	1	2
1094.600	1	0	9	3	19	7	3	13	7	4	19	0	0	0	0	0	0	0	0	0	0	15	3	5
1094.800	6	1	6	3	20	8	4	13	7	3	14	0	0	0	0	0	0	0	0	0	0	19	1	8
1095.000	5	1	9	2	18	7	3	12	8	3	12	0	0	0	0	0	0	0	0	0	0	22	2	0
1095.200	6	1	8	5	18	10	2	13	7	3	21	0	0	0	0	0	0	0	0	0	0	17	1	1
1095.400	6	1	12	5	16	7	2	7	3	3	21	0	0	0	0	0	0	0	0	0	0	15	3	3
1095.600	6	1	8	4	23	11	1	8	6	4	16	0	0	0	0	0	0	0	0	0	0	18	7	4
1095.800	6	1	8	2	19	9	2	9	6	3	13	0	0	0	0	0	0	0	0	0	0	17	3	1
1096.000	6	1	9	3	21	12	2	4	4	3	14	0	0	0	0	0	0	0	0	0	0	20	3	1
1096.200	4	2	8	3	19	12	2	11	7	4	16	0	0	0	0	0	0	0	0	0	0	22	4	5
1096.400	6	1	13	5	22	12	2	10	7	4	15	0	0	0	0	0	0	0	0	0	0	15	3	4
1096.600	6	0	9	2	17	8	2	9	5	3	15	0	0	0	0	0	0	2	0	0	0	14	1	1
1096.800	4	1	12	6	20	8	3	14	7	3	17	0	0	0	0	0	0	1	0	0	0	24	3	1
1097.000	3	3	12	3	19	7	2	11	4	3	11	0	0	0	0	0	0	0	0	0	0	17	0	0
1097.200	3	2	10	3	10	4	3	7	4	2	20	0	0	0	0	0	0	0	0	0	0	18	3	5
1097.400	4	1	6	5	18	8	2	9	4	1	10	0	0	0	0	0	0	0	0	0	0	17	2	0
1097.600	3	1	8	2	14	8	4	12	6	3	12	0	0	0	0	0	0	0	0	0	0	17	3	3
1097.800	4	1	10	6	22	6	2	8	5	3	13	0	0	0	0	0	0	0	0	0	0	19	2	0
1098.000	4	0	11	2	17	7	2	8	5	3	14	0	0	0	0	0	0	0	0	0	0	18	4	3
1098.200	6	1	9	2	22	8	2	12	15	3	13	0	0	0	0	0	0	0	0	0	0	14	5	2
1098.400	3	0	9	2	15	10	2	9	7	4	15	0	0	0	0	0	0	0	0	0	0	18	1	0
1098.600	3	0	12	2	18	13	2	7	8	3	12	0	0	0	0	0	0	0	0	0	0	17	2	3
1098.800	6	0	9	4	23	12	2	7	5	4	17	0	0	0	0	0	0	0	0	0	0	18	3	3
1099.000	4	1	10	3	16	6	3	10	9	3	18	0	0	0	0	0	0	0	0	0	0	13	0	6
1099.200	0	0	10	5	12	6	4	14	16	3	22	0	0	0	0	0	0	0	0	0	0	8	4	5
1099.400	0	0	13	3	21	8	2	10	7	2	26	0	0	0	0	0	0	0	0	0	0	20	4	3
1099.600	3	0	8	5	19	5	2	9	12	4	25	0	0	0	0	0	0	0	0	0	0	19	3	4
1099.800	4	0	11	2	16	6	4	8	5	3	17	0	0	0	0	0	0	0	0	0	0	19	2	2
1100.000	4	0	7	7	21	6	2	9	7	2	17	0	0	0	0	0	0	0	0	0	0	15	2	2
1100.200	3	1	9	2	17	8	2	11	5	2	16	0	0	0	0	0	0	0	0	0	0	14	1	0
1100.400	5	1	6	2	11	7	2	7	4	2	14	0	0	0	0	0	0	0	0	0	0	14	2	4
1100.600	4	1	10	4	18	10	3	13	11	4	18	0	0	0	0	0	0	0	0	0	0	16	0	5
1100.800	5	1	12	4	14	5	4	10	5	4	15	0	0	0	0	0	0	0	0	0	0	11	3	3
1101.000	3	1	10	5	24	11	3	9	7	3	14	0	0	0	0	0	0	0	0	0	0	13	3	9
1101.200	4	1	9	5	17	11	3	8	5	4	19	0	0	0	0	0	0	0	0	0	0	15	3	6
1101.400	2	1	8	6	20	9	2	12	7	4	20	0	0	0	0	0	0	0	0	0	0	13	1	5
1101.600	1	0	11	2	19	9	2	10	7	4	17	0	0	0	0	0	0	0	0	0	0	11	1	6
1101.800	0	0	11	2	20	8	2	9	6	3	15	0	0	0	0	0	0	0	0	0	0	13	1	5
1102.000	0	0	11	2	18	9	2	7	5	2	23	0	0	0	0	0	0	2	0	0	0	15	0	4
1102.200	0	0	10	3	21	6	0	7	8	3	16	0	0	0	0	0	0	4	0	0	0	22	4	3
1102.400	0	0	9	3	22	8	2	9	5	4	17	0	0	0	0	0	0	3	0	0	0	7	2	2
1102.600	0	0	10	2	23	10	2	10	6	4	15	0	0	0	0	0	0	3	0	0	0	11	2	6
1102.800	1	0	11	2	17	8	2	10	4	4	17	0	0	0	0	0	1	4	0	0	0	14	4	3
1103.000	1	0	11	3	21	17	3	12	5	4	20	0	0	0	0	0	0	2	0	0	0	17	2	4
1103.200	0	0	12	3	18	6	2	10	7	5	11	0	0	0	0	0	1	4	0	0	0	11	3	3
1103.400	0	0	9	2	22	9	3	11	5	2	16	0	0	0	0	0	1	6	0	0	0	18	3	5
1103.600	0	0	8	2	16	10	2	8	4	4	12	0	0	0	0	0	1	7	0	0	0	15	3	3
1103.800	0	0	7	2	18	7	3	12	6	3	14	0	0	0	0	0	0	5	0	0	0	14	1	2
1104.000	0	0	7	5	19	7	4	11	8	5	17	0	0	0	0	0	0	5	0	0	0	12	3	5
1104.200	0	0	10	2	21	10	2	9	6	4	20	0	0	0	0	0	1	11	2	0	0	9	3	5
1104.400	4	0	12	3	17	8	3	9	7	3	21	0	0	0	0	0	1	11	0	0	0	21	3	5
1104.600	4	1	11	4	20	5	2	14	13	3	14	0	0	0	0	0	1	6	0	0	0	14	3	1
1104.800	4	0	10	5	23	5	2	12	7	2	17	0	0	0	0	0	1	6	0	0	0	15	2	2
1105.000	4	0	11	2	20	9	2	7	6	3	22	0	0	0	0	0	1	7	0	0	0	21	3	2
1105.200	4	0	12	2	18	9	3	13	12	2	25	0	0	0	0	0	1	7	0	0	0	20	4	1
1105.400	4	0	12	2	16	7	2	13	11	2	25	0	0	0	0	0	1	8	1	0	0	18	3	2
1105.600	1	0	11	3	14	7	2	12	14	2	14	0	0	0	0	0	0	8	2	0	0	14	2	3
1105.800	4	0	6	2	11	7	2	14	13	2	15	0	0	0	0	0	1	6	0	0	0	18	4	3
1106.000	3	0	8	4	13	7	2	14	14	4	30	0	0	0	0	0	1	4	0	0	0	18	2	4
1106.200	6	1	8	6	13	10	2	12	4	4	23	0	0	0	0	0	1	5	3	0	0	20	0	4
1106.400	6	1	9	2	13	11	2	10	6	3	27	1	0	0	0	0	0	5	0	0	0	18	1	6
1106.600	5	1	10	4	17	7	2	14	8	3	24	0	0	0	0	0	1	9	0	0	0	16	1	3
1106.800	4	0	11	5	23	9	2	13	6	3	21	0	0	0	0	0	0	8	3	0	0	15	1	3
1107.000	3	1	13	5	22	7	4	9	7	4	16	0	0	0	0	0	1	1	1	0	0	17	2	2
1107.200	4	1	12	5	20	9	2	10	6	4	12	0	0	0	0	0	0	5	1	0	0	14	2	5
1107.400	4	1	13	5	16	10	1	10	5	4	20	0	0	0	0	0	0	6	1	0	0	16	3	2
1107.600	4	2	13	2	18	8	3	12	4	4	17	0	0	0	0	0	0	1	0	0	0	17	3	4
1107.800	4	0	8	5	21	5	3	9	5	2	11	0	0	0	0	0	1	0	0	0	0	16	2	3
1108.000	6	2	9	2	19	7	2	12	6	2	18	0	0	0	0	0	0	2	0	0	0	10	2	5
1108.200	4	0	9	2	18	5	2	8	6	2	12	0	0	0	0	0	1	0	0	0	0	12	3	3
1108.400	5	1	8	4	18	9	2	13	6	4	12	0	0	0	0	0	1	0	0	0	0	12	2	1
1108.600	2	0	12	2	24	9	2	13	5	3	14	0	0	0	0	0	1	2	0	0	0	17	4	4
1108.800	2	0	10	3	20	12	4	10	5	3	21	0	0	0	0	0	1	0	0	0	0	18	3	4
1109.000	4	0	8	5	20	7	2	9	4	3	17	0	0	0	0	0	1	3	0	0	0	16	2	2
1109.200	4	0	6	2	17	8	2	9	4	3	12	0	0	0	0	0	0	3	0	0	0	12	3	2
1109.400	5	0	11	2	16	7	1	9	6	4	19	0	0	0	0	0	0	0	0	0	0	13	3	0
1109.600	4	0	12	2	26	10	2	9	6	5	19	0	0	0	0	0	0	3	0	0	0	15	4	5
1109.800	5	1	11	2	17	9	2	14	7	5	20	0	0	0	0	0	0	0	0	0	0	10	4	7
1110.000	1	0	11	2	30	12	3	12	7	5	23	0	0	0	0	0	0	0	0	0	0	18	5	4
1110.200	4	0	11	2	19	11	2	10	6	2	20	0	0	0	0	0	1	0	0	0	0	14	3	2
1110.400	4	1	8	2	15	10	3	9	6	4	20	0	0	0	0	0	1	1	0	0	0	6	3	3
1110.600	4	0	10	2	23	7	2	9	4	3	29	0	0	0	0	0	0	7	3	0	0	16	3	2
1110.800	6	0	12	3	23	7	2	8	5	3	19	0	0	0	0	0	1	2	0	0	0	10	4	5
1111.000	1	0	11	2	16	7	3	9	7	4	29	0	0	0	0	0	1	0	0	0	0	14	3	3
1111.200	1	0	14	2	16	7	2	11	7	5	28	0	0	0	0	0	1	0	0	0	0	15	3	4
1111.400	4	0	8	2	16	10	3	14	7	5	23	0	0	0	0	0	1	3	0	0	0	22	2	4
1111.600	4	0	8	2	22	8	2	11	6	3	22	0	0	0	0	0	1	5	3	0	0	18	3	5
1111.800	5	0	9	2	16	12	3	12	6	3	23	0	0	0	0	0	0	5	0	0	0	17	2	3
1112.000	3	1	11	2	18	13	2	10	8	4	24	0	0	0	0	0	0	7	5	0	0	13	3	4
1112.200	4	0	11	2	23	12	2	9	7	4	16	0	0	0	0	0	0	7	2	0	0	13	2	0
1112.400	2	0	11	2	14	7	2	9	6	3	17	0	0	0	0	0	1	6	4	0	0	11	2	5
1112.600	0	0	9	2	19	8	0	8	7	3	21	0	0	0	0	0	1	5	3	0	0	12	3	1
1112.800	0	0	8	3	17	9	2	13	6	3	27	0	0	0	0	0	1	6	5	0	0	13	3	2
1113.000	0	0	9	4	25	9	2	9	6	3	20	0	0	0	0	0	1	6	3	0	0	12	3	5
1113.200	0	0	10	2	9	9	2	11	5	4	26	0	0	0	0	0	1	5	3	0	0	8	3	2
1113.400	0	0	9	2	13	7	3	13	8	5	22	0	0	0	0	0	1	5	4	0	0	8	3	3
1113.600	0	0	9	3	16	9	2	10	5	3	21	0	0	0	0	0	1	6	4	0	0	11	3	4
1113.800	0	0	8	2	18	6	2	12	5	3	20	0	0	0	0	0	0	4	6	0	0	12	4	7
1114.000	0	0	11	2	17	7	4	10	7	3	24	0	0	0	0	0	0	6	4	0	0	11	2	2
1114.200	0	0	11	4	22	9	2	11	7	4	20	0	0	0	0	0	1	5	5	0	0	12	3	2
1114.400	0	0	10	6	27	12	2	11	7	4	17	0	0	0	0	0	1	5	4	0	0	10	3	8
1114.600	0	0	6	3	20	6	2	9	5	3	20	0	0	0	0	0	1	8	5	0	0	10	3	6
1114.800	0	0	8	4	25	10	2	8	4	4	17	0	0	0	0	0	0	8	3	0	0	10	3	6
1115.000	0	0	9	2	21	9	3	12	7	4	17	0	0	0	0	0	0	11	4	0	0	15	3	4
1115.200	0	0	11	3	16	9	4	14	5	4	16	0	0	0	0	0	1	10	3	0	0	12	3	2
1115.400	0	0	8	4	22	6	1	10	7	2	18	0	0	0	0	0	0	10	3	0	0	13	3	2
1115.600	0	0	9	4	22	9	2	8	7	3	16	0	0	0	0	0	0	6	4	0	0	11	3	1
1115.800	0	0	10	6	16	7	2	9	6	5	28	0	0	0	0	0	1	8	3	0	0	10	4	4
1116.000	0	0	5	7	16	5	4	10	7	4	20	0	0	0	0	0	1	6	4	0	0	11	3	5
1116.200	0	0	8	2	21	8	2	10	2	3	17	0	0	0	0	0	1	7	1	0	0	14	3	2
1116.400	0	0	10	2	17	9	2	9	5	3	14	0	0	0	0	0	0	6	6	0	0	9	3	0
1116.600	0	0	8	3	15	7	2	10	5	4	15	0	0	0	0	0	0	7	1	0	0	12	3	3
1116.800	0	0	6	6	20	10	4	12	4	4	27	0	0	0	0	0	1	6	5	0	0	15	3	2
1117.000	0	0	8	2	20	14	2	13	7	3	14	0	0	0	0	0	0	14	4	0	0	9	3	2
1117.200	0	0	12	2	22	8	2	10	7	3	19	0	0	0	0	0	0	5	3	0	0	13	3	1
1117.400	0	0	9	5	18	9	0	15	5	4	15	0	0	0	0	0	0	9	3	0	0	9	3	2
1117.600	0	0	9	3	15	11	2	10	8	4	29	0	0	0	0	0	0	6	6	0	0	8	3	2
1117.800	0	0	10	2	22	9	3	10	7	4	20	0	0	0	0	0	0	9	3	0	0	12	4	0
1118.000	0	0	10	4	21	11	2	10	4	3	22	0	0	0	0	0	0	4	2	0	0	12	3	5
1118.200	0	0	9	2	21	10	2	8	4	3	24	0	0	0	0	0	0	7	2	0	0	19	3	3
1118.400	0	1	14	2	17	7	2	6	0	3	18	0	0	0	0	0	0	3	2	0	0	16	3	0
1118.600	0	1	6	2	16	11	4	10	6	4	17	0	0	0	0	0	0	4	2	0	0	14	3	4
1118.800	0	0	11	2	21	9	2	10	7	3	24	0	0	0	0	0	0	4	0	0	0	10	3	2
1119.000	0	0	8	4	22	10	2	10	8	4	20	0	0	0	0	0	0	3	0	0	0	17	3	2
1119.200	0	0	11	2	20	11	2	9	5	3	13	0	0	0	0	0	0	5	0	0	0	10	3	1
1119.400	0	0	11	4	17	9	2	10	6	2	22	0	0	0	0	0	0	7	2	0	0	13	4	3
1119.600	0	0	8	2	21	11	1	3	4	4	23	0	0	0	0	0	0	5	0	0	0	11	3	1
1119.800	0	0	7	6	14	8	2	10	7	5	28	0	0	0	0	0	0	7	2	0	0	11	3	2
1120.000	0	0	7	5	28	10	4	10	6	3	21	0	0	0	0	0	0	6	3	0	0	13	3	0
1120.200	0	0	7	2	20	10	2	12	6	3	17	0	0	0	0	0	0	5	1	0	0	9	3	3
1120.400	0	0	9	2	22	8	2	9	5	4	19	0	0	0	0	0	1	6	1	0	0	8	3	3
1120.600	0	0	9	6	21	15	2	10	6	3	23	0	0	0	0	0	0	6	0	0	0	9	3	3
1120.800	0	0	10	4	15	12	3	12	12	3	15	0	0	0	0	0	1	6	0	0	0	19	3	2
1121.000	0	0	7	2	15	8	2	13	6	3	24	0	0	0	0	0	0	6	1	0	0	12	2	2
1121.200	0	0	10	4	11	9	4	8	6	4	19	0	0	0	0	0	0	6	0	0	0	15	3	2
1121.400	0	0	6	5	15	6	2	13	6	3	26	0	0	0	0	0	1	5	0	0	0	19	3	2
1121.600	0	0	13	2	4	3	2	12	7	3	18	0	0	0	0	0	0	6	0	0	0	14	2	0
1121.800	0	0	8	3	13	7	2	10	5	4	18	0	0	0	0	0	0	8	1	0	0	14	3	3
1122.000	0	0	10	2	11	7	2	15	6	2	19	0	0	0	0	0	0	7	0	0	0	16	3	2
1122.200	0	0	11	3	13	11	3	11	7	4	22	0	0	0	0	0	1	6	1	0	0	13	3	5
1122.400	0	0	10	4	11	7	2	10	7	3	19	0	0	0	0	0	0	7	1	0	0	11	2	3
1122.600	0	0	10	2	11	9	4	10	6	2	17	0	0	0	0	0	1	4	0	0	0	12	3	8
1122.800	0	0	12	2	9	5	2	11	5	4	18	0	0	0	0	0	1	7	1	0	0	15	4	3
1123.000	0	0	9	4	22	7	2	9	7	5	16	0	0	0	0	0	0	8	1	0	0	15	4	3
1123.200	0	0	8	2	22	9	2	14	7	2	16	0	0	0	0	0	1	6	0	0	0	16	3	3
1123.400	0	0	11	2	18	6	3	11	11	3	20	0	0	0	0	0	0	5	0	0	0	10	2	6
1123.600	0	0	12	2	22	5	3	11	10	3	29	0	0	0	0	0	1	6	0	0	0	13	2	3
1123.800	0	0	11	2	14	7	2	10	7	3	27	0	0	0	0	0	0	7	0	0	0	22	3	1
1124.000	0	0	10	2	14	6	4	10	7	2	22	0	0	0	0	0	0	6	1	0	0	13	3	0
1124.200	0	0	11	2	20	8	2	8	5	3	18	0	0	0	0	0	0	5	1	0	0	14	3	5
1124.400	0	0	10	3	18	8	2	15	16	6	32	0	0	0	0	0	0	7	0	0	0	15	3	5
1124.600	0	0	9	2	21	12	2	10	12	2	25	0	0	0	0	0	1	6	0	0	0	17	3	2
1124.800	0	0	9	2	19	7	2	9	7	4	26	0	0	0	0	0	0	5	0	0	0	19	3	2
1125.000	0	0	10	4	22	9	2	15	6	3	21	0	0	0	0	0	0	8	0	0	0	20	3	3
1125.200	0	0	11	2	15	8	2	11	8	4	17	0	0	0	0	0	0	6	0	0	0	15	3	5
1125.400	0	0	12	2	20	12	2	10	8	4	16	0	0	0	0	0	0	5	0	0	0	10	3	5
1125.600	0	0	13	2	22	12	3	10	4	3	20	0	0	0	0	0	0	5	0	0	0	14	2	1
1125.800	0	0	10	2	18	8	4	12	6	4	22	0	0	0	0	0	0	5	0	0	0	17	3	2
1126.000	0	0	10	2	22	10	2	11	7	4	13	0	0	0	0	0	0	5	0	0	0	10	3	4
1126.200	0	0	6	2	17	9	4	13	9	2	16	0	0	0	0	0	0	1	0	0	0	16	4	5
1126.400	0	0	7	2	16	7	2	13	8	2	13	0	0	0	0	0	0	6	1	0	0	17	3	6
1126.600	0	0	13	3	19	7	3	11	5	3	8	0	0	0	0	0	0	6	3	0	0	16	3	6
1126.800	0	0	10	4	15	7	2	8	5	4	11	0	0	0	0	0	0	5	4	0	0	15	3	4
1127.000	0	0	11	2	18	7	2	6	5	4	19	0	0	0	0	0	0	3	4	0	0	9	3	9
1127.200	0	0	7	6	27	8	0	14	10	4	12	0	0	0	0	0	0	6	3	0	0	12	3	11
1127.400	0	0	10	6	17	7	2	11	12	4	13	0	0	0	0	0	1	6	3	0	0	12	3	9
1127.600	0	0	5	2	24	8	2	7	6	3	11	0	0	0	0	0	1	4	4	0	0	15	3	2
1127.800	0	0	7	2	16	5	1	13	12	3	13	0	0	0	0	0	0	6	4	0	0	17	3	6
1128.000	0	0	8	2	22	7	3	8	9	3	14	0	0	0	0	0	1	5	5	0	0	18	2	3
1128.200	0	0	13	2	18	7	1	8	12	4	14	0	0	0	0	0	0	5	4	0	0	15	3	6
1128.400	0	0	8	4	25	9	2	9	10	4	11	0	0	0	0	0	0	4	5	0	0	12	3	5
1128.600	0	0	6	2	22	8	2	12	12	4	10	0	0	0	0	0	0	5	3	0	0	22	4	7
1128.800	0	0	8	2	27	6	2	12	3	3	12	0	0	0	0	0	0	5	4	0	0	16	3	5
1129.000	0	0	10	2	18	9	2	9	6	3	14	0	0	0	0	0	0	4	6	0	0	14	3	5
1129.200	0	0	9	2	23	8	1	9	11	4	11	0	0	0	0	0	0	5	4	0	0	13	4	5
1129.400	0	0	8	2	21	10	2	17	3	5	12	0	0	0	0	0	1	5	4	0	0	8	3	5
1129.600	0	0	8	4	19	8	2	12	11	3	11	0	0	0	0	0	1	6	2	0	0	11	3	5
1129.800	0	0	11	2	19	7	2	9	9	2	8	0	0	0	0	0	1	5	2	0	0	19	3	6
1130.000	0	0	8	2	22	5	2	8	10	4	11	0	0	0	0	0	1	6	3	0	0	18	3	3
1130.200	0	0	5	6	19	9	2	9	3	3	16	0	0	0	0	0	2	5	4	0	0	16	3	7
1130.400	0	0	13	2	21	8	2	14	10	3	10	0	0	0	0	0	1	4	5	0	0	16	2	4
1130.600	0	0	7	3	18	9	2	15	9	5	12	0	0	0	0	0	1	5	6	0	0	14	2	6
1130.800	0	0	10	4	25	6	3	15	8	3	14	0	0	0	0	0	0	4	4	0	0	17	4	9
1131.000	0	0	9	3	23	7	2	12	7	4	12	0	0	0	0	0	0	11	5	0	0	17	3	4
1131.200	0	0	7	2	23	8	2	13	6	3	12	0	0	0	0	0	0	9	5	0	0	18	3	3
1131.400	0	0	11	2	22	9	2	8	4	4	5	0	0	0	0	0	1	7	6	0	0	12	3	5
1131.600	0	0	11	3	17	6	3	11	4	3	9	0	0	0	0	0	0	12	4	0	0	7	4	5
1131.800	0	0	10	6	24	7	2	10	5	3	11	0	0	0	0	0	0	7	4	0	0	9	2	0
1132.000	0	0	5	3	24	9	2	8	1	3	8	0	1	0	0	0	0	9	4	0	0	13	3	2
1132.200	0	0	9	2	18	10	2	10	2	3	9	0	0	0	0	0	1	5	1	0	0	15	4	2
1132.400	0	0	11	2	22	11	2	11	5	3	9	0	0	0	0	0	0	6	7	0	0	15	3	3
1132.600	0	0	11	2	21	7	1	7	2	3	8	0	0	0	0	0	1	7	3	0	0	15	6	2
1132.800	0	0	11	2	20	4	2	7	5	2	11	0	0	0	0	0	1	5	4	0	0	14	5	8
1133.000	0	0	10	2	14	3	0	16	7	3	11	0	0	0	0	0	1	4	4	0	0	13	4	2
1133.200	0	0	8	2	18	5	0	5	3	2	8	0	0	0	0	0	1	5	4	0	0	12	7	5
1133.400	0	0	10	2	24	2	2	15	7	3	13	0	0	0	0	0	0	5	2	0	0	16	4	1
1133.600	0	0	11	2	20	2	2	12	5	2	11	0	0	0	0	0	0	7	3	0	0	11	2	1
1133.800	0	0	11	2	21	5	2	6	3	2	14	0	0	0	0	0	0	14	7	0	0	17	3	5
1134.000	0	0	10	2	24	4	2	12	7	3	11	0	0	0	0	0	0	6	3	0	0	12	3	4
1134.200	0	0	7	2	20	5	4	12	3	3	15	0	0	0	0	0	0	7	2	0	0	10	5	3
1134.400	0	0	8	2	21	4	2	9	5	2	20	0	0	0	0	0	0	11	4	0	0	12	5	6
1134.600	0	0	9	2	19	0	0	11	7	4	13	0	0	0	0	0	0	10	3	0	0	14	8	5
1134.800	0	0	10	3	16	1	2	10	7	2	14	0	0	0	0	0	1	9	7	0	0	10	3	5
1135.000	0	0	10	3	15	2	2	12	4	3	15	0	0	0	0	0	1	9	2	0	0	11	3	4
1135.200	0	0	10	2	18	2	0	10	2	3	17	0	0	0	0	0	1	8	3	0	0	6	7	5
1135.400	0	0	12	2	24	1	1	10	12	3	15	0	0	0	0	0	0	12	6	0	0	7	4	4
1135.600	0	0	10	3	24	2	2	12	5	3	16	0	0	0	0	0	0	15	4	0	0	15	4	4
1135.800	0	0	13	4	20	2	2	8	3	1	14	0	0	0	0	0	1	10	4	0	0	8	3	4
1136.000	0	0	11	4	11	2	0	11	7	3	16	0	0	0	0	0	0	9	3	0	0	13	5	6
1136.200	0	0	5	5	22	2	2	12	6	3	18	0	0	0	0	0	0	9	4	0	0	13	9	4
1136.400	0	0	9	4	24	2	2	12	6	3	11	0	0	0	0	0	0	9	5	0	0	16	4	4
1136.600	0	0	11	2	17	2	2	13	7	5	18	0	0	0	0	0	0	9	4	0	0	10	8	3
1136.800	0	0	11	2	17	2	0	9	9	4	18	0	0	0	0	0	0	5	0	0	0	13	5	7
1137.000	0	0	7	2	23	2	2	9	6	4	8	0	0	0	0	0	0	7	5	0	0	9	5	3
1137.200	0	0	9	2	23	2	2	12	10	4	16	0	0	0	0	0	0	7	2	0	0	5	5	0
1137.400	0	0	10	2	22	5	2	9	5	3	15	0	0	0	0	0	1	11	3	0	0	11	5	4
1137.600	0	0	11	2	30	1	0	13	6	2	13	0	0	0	0	0	0	6	3	0	0	13	6	4
1137.800	0	0	8	2	25	3	2	13	4	4	14	0	0	0	0	0	0	9	2	0	0	16	8	5
1138.000	0	0	12	2	25	1	1	14	7	4	15	0	0	0	0	0	0	14	3	0	0	16	4	2
1138.200	0	0	11	2	20	2	2	11	8	4	13	0	0	0	0	0	0	12	7	0	0	11	6	7
1138.400	0	0	8	2	23	1	1	14	7	4	15	0	0	0	0	0	0	11	4	0	0	15	3	5
1138.600	0	0	8	2	25	4	2	10	6	4	11	0	0	0	0	0	0	10	5	0	0	5	4	2
1138.800	0	0	10	2	16	2	2	13	9	4	11	0	0	0	0	0	0	13	4	0	0	9	5	4
1139.000	0	0	4	2	21	1	3	8	6	4	9	0	0	0	0	0	0	5	2	0	0	12	5	5
1139.200	0	0	7	2	23	3	2	9	9	3	9	0	0	0	0	0	0	7	3	0	0	10	2	3
1139.400	0	0	10	2	20	2	3	11	12	4	14	0	0	0	0	0	0	7	3	0	0	7	5	4
1139.600	0	0	6	2	17	1	1	13	6	3	12	0	1	0	0	0	0	10	2	0	0	11	3	6
1139.800	0	0	10	2	15	3	3	11	8	3	10	0	0	0	0	0	1	7	3	0	0	14	5	4
1140.000	0	0	11	2	30	1	0	10	7	4	12	0	0	0	0	0	0	6	3	0	0	11	3	1
1140.200	0	0	13	2	16	2	2	12	5	4	19	0	0	0	0	0	0	7	1	0	0	8	2	6
1140.400	0	0	11	2	19	2	2	11	5	4	15	0	0	0	0	0	0	7	2	0	0	11	3	3
1140.600	0	0	10	2	22	3	1	12	4	4	13	0	0	0	0	0	0	5	1	0	0	13	3	5
1140.800	0	0	6	2	23	2	2	11	6	4	13	0	0	0	0	0	0	7	0	0	0	8	3	7
1141.000	0	0	7	2	16	2	0	12	5	4	16	0	0	0	0	0	0	10	1	0	0	17	3	6
1141.200	0	0	10	2	24	2	1	12	6	3	17	0	0	0	0	0	1	4	0	0	0	15	4	7
1141.400	0	0	10	4	20	2	2	12	3	5	18	0	0	0	0	0	1	6	3	0	0	14	3	7
1141.600	0	0	11	2	17	2	2	8	3	4	13	0	0	0	0	0	0	8	0	0	0	16	3	8
1141.800	0	0	5	2	20	2	2	14	5	4	18	0	0	0	0	0	1	6	0	0	0	15	3	2
1142.000	0	0	8	2	23	3	2	13	7	4	10	0	0	0	0	0	0	8	0	0	0	15	2	3
1142.200	0	0	13	2	18	2	2	13	5	3	14	0	0	0	0	0	0	7	1	0	0	15	3	8
1142.400	0	0	11	2	18	4	4	15	9	5	13	0	0	0	0	0	0	10	2	0	0	19	4	6
1142.600	0	0	7	2	13	2	1	13	7	5	20	0	0	0	0	0	0	9	1	0	0	14	3	6
1142.800	0	0	8	2	22	2	3	10	4	1	12	0	0	0	0	0	0	8	0	0	0	15	2	1
1143.000	0	0	11	3	20	2	2	6	3	2	14	0	0	0	0	0	0	11	1	0	0	14	3	7
1143.200	0	0	12	2	19	2	2	3	3	0	19	0	0	0	0	0	0	10	3	0	0	14	3	2
1143.400	0	0	10	2	25	2	3	11	3	2	17	0	0	0	0	0	0	9	0	0	0	13	2	7
1143.600	0	0	6	2	22	2	2	10	1	2	15	0	0	0	0	0	1	11	1	0	0	9	3	5
1143.800	0	0	10	4	30	4	2	7	5	0	10	0	0	0	0	0	1	8	1	0	0	14	2	6
1144.000	0	0	12	2	26	2	2	8	5	3	11	0	0	0	0	0	0	8	1	0	0	18	3	12
1144.200	0	0	13	2	20	2	2	10	4	5	20	0	0	0	0	0	1	4	1	0	0	18	3	6
1144.400	1	0	11	3	17	2	1	13	5	4	9	0	0	0	0	0	0	9	0	0	0	18	4	5
1144.600	0	0	13	2	25	4	3	13	10	5	12	0	0	0	0	0	0	11	0	0	0	18	2	6
1144.800	0	0	11	3	23	4	2	8	8	7	7	0	0	0	0	0	0	11	0	0	0	21	3	2
1145.000	0	0	10	2	21	2	2	9	12	6	10	0	0	0	0	0	0	6	1	0	0	21	3	6
1145.200	0	0	9	2	16	2	2	13	12	0	5	0	0	0	0	0	1	6	0	0	0	14	2	4
1145.400	0	0	10	4	24	4	2	14	12	4	6	0	0	0	0	0	1	6	0	0	0	19	3	4
1145.600	0	0	10	3	22	2	2	12	12	5	8	0	0	0	0	0	1	8	0	0	0	18	3	3
1145.800	0	0	10	4	25	2	2	5	8	9	8	0	0	0	0	0	2	9	0	0	0	18	3	5
1146.000	0	0	11	2	25	4	2	6	8	5	5	0	0	0	0	0	1	9	0	0	0	21	4	7
1146.200	0	0	8	2	19	4	3	7	3	1	7	0	0	0	0	0	1	5	0	0	0	18	3	2
1146.400	0	0	10	2	22	2	2	8	4	8	5	0	0	0	0	0	1	10	1	0	0	18	3	2
1146.600	0	0	9	2	22	4	2	10	6	2	11	0	0	0	0	0	1	11	0	0	0	19	1	0
1146.800	0	0	11	2	24	3	2	12	12	6	10	0	0	0	0	0	1	14	0	0	0	20	3	0
1147.000	0	0	14	2	19	2	2	11	13	5	8	0	0	0	0	0	1	6	0	0	0	19	3	0
1147.200	0	0	12	5	17	4	2	15	10	6	9	0	0	0	0	0	1	8	0	0	0	14	4	3
1147.400	0	0	6	4	18	2	1	8	9	4	10	0	0	0	0	0	1	9	1	0	0	18	3	12
1147.600	0	0	11	2	25	4	2	11	13	0	13	0	0	0	0	0	0	9	0	0	0	20	3	1
1147.800	0	0	11	2	25	0	2	11	9	5	11	0	0	0	0	0	0	8	1	0	0	17	3	3
1148.000	0	0	10	2	15	2	2	13	10	0	9	0	0	0	0	0	0	14	0	0	0	20	3	4
1148.200	0	0	10	2	16	4	2	11	8	1	7	0	0	0	0	0	0	11	0	0	0	17	3	5
1148.400	0	0	10	5	15	3	2	12	5	3	9	0	0	0	0	0	0	8	0	0	0	18	3	5
1148.600	0	0	7	2	12	0	2	8	9	1	14	0	0	0	0	0	0	7	0	0	0	14	3	1
1148.800	0	0	9	2	21	4	3	13	9	2	8	0	0	0	0	0	0	6	0	0	0	17	2	3
1149.000	0	0	11	4	19	2	3	4	6	0	18	0	0	0	0	0	1	10	0	0	0	18	3	3
1149.200	0	0	8	2	16	2	2	7	9	2	7	0	0	0	0	0	0	9	0	0	0	21	2	3
1149.400	0	0	10	4	25	1	2	11	7	5	6	0	0	0	0	0	0	7	0	0	0	20	2	1
1149.600	0	0	12	2	24	1	2	18	7	0	8	0	0	0	0	0	0	6	0	0	0	19	5	5
1149.800	0	0	10	2	19	1	2	11	10	3	7	0	0	0	0	0	0	5	0	0	0	18	3	3
1150.000	0	0	11	2	20	2	2	10	16	5	7	0	0	0	0	0	0	7	0	0	0	10	2	1
1150.200	0	0	9	2	18	2	2	12	13	3	8	0	0	0	0	0	0	8	1	0	0	16	5	1
1150.400	0	0	5	3	21	2	0	9	14	0	9	0	0	0	0	0	0	5	0	0	0	15	3	1
1150.600	0	0	12	2	16	0	3	9	9	0	14	0	0	0	0	0	0	6	0	0	0	12	3	2
1150.800	0	0	11	6	20	0	2	8	8	1	6	0	0	0	0	0	0	5	0	0	0	19	2	0
1151.000	0	0	12	2	18	2	2	10	10	0	6	0	0	0	0	0	0	2	0	0	0	14	2	2
1151.200	0	0	7	2	22	1	0	14	9	0	14	0	0	0	0	0	0	3	0	0	0	10	3	3
1151.400	0	0	8	2	14	2	2	9	7	0	10	0	0	0	0	0	0	6	0	0	0	17	3	3
1151.600	0	0	11	2	21	2	2	13	9	0	12	0	0	0	0	0	0	2	0	0	0	14	3	0
1151.800	0	0	11	2	26	2	1	10	10	0	16	0	0	0	0	0	0	6	0	0	0	17	3	3
1152.000	0	0	10	2	21	1	2	8	4	0	11	0	0	0	0	0	0	4	0	0	0	13	3	3
1152.200	0	0	10	2	18	2	2	8	6	0	10	0	0	0	0	0	0	5	0	0	0	19	3	6
1152.400	0	0	9	2	28	0	1	9	9	1	8	0	0	0	0	0	1	5	0	0	0	14	3	2
1152.600	0	0	11	2	24	1	2	7	15	2	10	0	0	0	0	0	0	5	0	0	0	20	3	4
1152.800	0	0	10	2	22	3	2	10	7	0	7	0	0	0	0	0	1	7	0	0	0	17	3	2
1153.000	0	0	7	2	17	4	2	8	13	0	10	0	0	0	0	0	1	5	0	0	0	22	4	6
1153.200	0	0	9	2	19	2	1	12	9	0	11	0	0	0	0	0	0	7	0	0	0	21	3	3
1153.400	0	0	9	2	23	2	1	14	10	0	5	0	0	0	0	0	0	9	0	0	0	22	3	3
1153.600	0	0	6	2	21	2	1	9	12	0	5	0	0	0	0	0	0	5	0	0	0	17	3	4
1153.800	0	0	12	2	21	3	2	11	11	0	11	0	0	0	0	0	0	7	0	0	0	20	3	4
1154.000	0	0	11	4	20	0	1	13	8	1	7	0	0	0	0	0	0	6	0	0	0	21	3	2
1154.200	0	0	10	2	20	2	2	8	11	0	9	0	0	0	0	0	0	7	0	0	0	22	3	1
1154.400	0	0	7	2	14	1	1	12	11	0	8	0	0	0	0	0	0	6	0	0	0	18	3	1
1154.600	0	0	8	2	23	2	2	12	8	0	13	0	0	0	0	0	0	5	0	0	0	18	2	0
1154.800	0	0	9	2	17	1	2	8	10	0	14	0	0	0	0	0	1	5	0	0	0	17	2	0
1155.000	0	0	11	2	16	1	2	13	11	0	14	0	0	0	0	0	1	5	0	0	0	22	2	0
1155.200	0	0	11	4	18	1	1	10	12	0	13	0	0	0	0	0	0	2	0	0	0	20	3	0
1155.400	0	0	5	2	25	1	1	7	10	0	8	0	0	0	0	0	0	0	0	0	0	24	3	0
1155.600	0	0	7	2	18	1	1	9	7	0	12	0	0	0	0	0	0	0	0	0	0	21	7	4
1155.800	0	0	6	2	20	1	1	8	9	0	9	0	0	0	0	0	0	0	0	0	0	21	3	5
1156.000	0	0	7	2	18	0	2	7	6	0	10	0	0	0	0	0	0	1	0	0	0	20	3	5
1156.200	0	0	9	2	20	1	3	8	9	0	12	0	0	0	0	0	0	2	0	0	0	20	4	4
1156.400	0	0	12	2	20	0	2	5	11	0	17	0	0	0	0	0	0	2	0	0	0	20	3	1
1156.600	0	0	10	2	20	1	3	7	10	0	11	0	0	0	0	0	0	3	1	0	0	16	3	6
1156.800	0	0	6	4	24	1	2	7	7	0	10	0	0	0	0	0	0	6	0	0	0	18	3	7
1157.000	0	0	10	6	21	2	2	11	9	0	12	0	0	0	0	0	1	6	0	0	0	19	2	3
1157.200	0	0	11	3	18	2	3	11	11	1	15	0	0	0	0	0	0	5	0	0	0	22	3	8
1157.400	0	0	9	5	19	3	2	8	7	1	13	0	0	0	0	0	0	2	1	0	0	22	3	1
1157.600	0	0	8	2	18	2	2	8	14	0	16	0	0	0	0	0	0	5	0	0	0	16	4	4
1157.800	0	0	10	5	15	3	2	13	11	0	11	0	0	0	0	0	0	6	0	0	0	17	4	7
1158.000	0	0	8	2	20	2	2	9	11	0	13	0	0	0	0	0	1	6	0	0	0	17	2	6
1158.200	0	0	10	2	21	2	2	7	6	0	16	0	0	0	0	0	0	1	0	0	0	19	3	2
1158.400	0	0	11	3	14	2	2	11	2	0	11	0	0	0	0	0	0	0	0	0	0	22	3	4
1158.600	0	0	10	3	26	4	2	15	8	2	9	0	0	0	0	0	0	1	0	0	0	23	3	3
1158.800	0	0	9	2	18	3	3	14	12	0	17	0	0	0	0	0	0	2	0	0	0	17	3	2
1159.000	0	0	11	5	19	2	2	11	7	0	17	0	0	0	0	0	0	0	0	0	0	19	3	1
1159.200	0	0	11	3	22	3	2	8	9	0	10	0	0	0	0	0	1	7	0	0	0	18	3	0
1159.400	0	0	10	3	22	7	2	10	10	0	13	0	0	0	0	0	0	5	0	0	0	22	3	4
1159.600	0	0	9	2	17	7	4	12	7	0	13	0	0	0	0	0	0	8	0	0	0	14	3	2
1159.800	0	0	8	6	19	10	2	11	13	2	5	0	0	0	0	0	0	7	0	0	0	20	3	6
1160.000	0	0	12	5	20	7	1	9	6	0	9	0	0	0	0	0	0	5	0	0	0	21	3	6
1160.200	0	0	11	3	22	5	2	11	3	4	6	0	0	0	0	0	1	8	0	0	0	20	3	3
1160.400	0	0	8	3	20	7	2	11	3	1	5	0	0	0	0	0	0	4	0	0	0	13	3	4
1160.600	0	0	6	2	9	10	2	10	5	0	15	0	0	0	0	0	1	9	0	0	0	22	4	3
1160.800	0	0	10	6	16	7	2	10	5	2	17	0	0	0	0	0	1	8	0	0	0	17	3	3
1161.000	0	0	11	3	23	5	2	11	10	0	5	0	0	0	0	0	0	9	0	0	0	28	3	2
1161.200	0	0	11	2	20	10	2	10	5	0	9	0	0	0	0	0	0	2	0	0	0	16	5	3
1161.400	0	0	9	2	18	7	3	11	6	0	14	0	0	0	0	0	0	8	0	0	0	17	3	2
1161.600	0	0	7	4	19	10	3	12	7	0	9	0	0	0	0	0	1	6	0	0	0	18	3	6
1161.800	0	0	8	6	15	9	2	7	1	0	7	0	0	0	0	0	1	4	0	0	0	14	3	4
1162.000	0	0	10	6	21	5	2	8	2	0	9	0	0	0	0	0	1	7	0	0	0	13	3	3
1162.200	0	0	8	2	18	6	2	7	3	0	7	0	0	0	0	0	1	5	0	0	0	14	3	4
1162.400	0	0	11	4	20	11	2	7	2	0	17	0	0	0	0	0	1	5	0	0	0	14	3	2
1162.600	0	0	11	2	24	12	2	7	5	0	19	0	0	0	0	0	1	7	0	0	0	15	2	4
1162.800	0	0	10	2	15	9	2	10	6	0	7	0	0	0	0	0	1	4	0	0	0	18	3	1
1163.000	0	0	8	4	22	11	2	12	10	1	18	0	0	0	0	0	1	2	0	0	0	22	3	4
1163.200	0	0	11	2	17	9	2	9	5	0	18	0	0	0	0	0	1	5	1	0	0	19	3	1
1163.400	0	0	11	2	17	7	2	12	5	0	18	0	0	0	0	0	1	7	0	0	0	26	6	3
1163.600	0	0	10	5	18	6	0	10	10	0	12	0	0	0	0	0	0	3	0	0	0	16	3	2
1163.800	0	0	10	3	20	5	3	8	7	0	13	0	0	0	0	0	0	0	2	0	0	20	3	1
1164.000	0	0	9	2	17	8	2	8	7	0	9	0	0	0	0	0	0	1	1	0	0	19	3	0
1164.200	0	0	11	2	21	8	2	8	8	0	19	0	0	0	0	0	0	0	2	0	0	24	4	2
1164.400	0	0	8	2	22	8	3	8	8	0	19	0	0	0	0	0	0	0	2	0	0	20	2	1
1164.600	0	0	9	2	18	5	2	7	9	0	10	0	0	0	0	0	0	2	2	0	0	20	4	2
1164.800	0	0	10	3	28	7	2	9	9	0	9	0	0	0	0	0	0	1	1	0	0	20	3	3
1165.000	0	0	10	2	22	5	2	8	15	0	11	0	0	0	0	0	0	1	2	0	0	16	2	2
1165.200	0	0	8	2	25	7	2	8	11	1	8	0	0	0	0	0	0	4	2	0	0	17	2	1
1165.400	0	0	13	2	25	7	4	11	11	1	14	0	0	0	0	0	0	1	2	0	0	17	3	0
1165.600	0	0	12	2	23	5	2	9	13	0	10	0	0	0	0	0	0	0	5	0	0	19	2	1
1165.800	0	0	9	4	23	4	2	8	10	0	7	0	0	0	0	0	0	0	1	0	0	21	3	1
1166.000	0	0	13	2	25	12	2	6	9	0	8	0	0	0	0	0	0	0	0	0	0	18	3	4
1166.200	0	0	7	2	20	10	2	8	11	0	12	0	0	0	0	0	0	0	1	0	0	18	2	0
1166.400	0	0	11	2	19	10	2	9	8	0	13	0	0	0	0	0	0	0	1	0	0	16	3	3
1166.600	0	0	10	2	21	9	2	10	9	0	14	0	0	0	0	0	0	0	2	0	0	19	3	2
1166.800	0	0	10	3	19	11	2	8	11	0	10	0	0	0	0	0	0	0	2	0	0	25	3	5
1167.000	0	0	10	3	20	9	3	11	10	0	11	0	0	0	0	0	0	0	1	0	0	23	3	1
1167.200	0	0	7	2	17	11	2	8	7	0	10	0	0	0	0	0	0	0	1	0	0	19	3	4
1167.400	0	0	7	3	18	6	2	8	12	0	8	0	0	0	0	0	0	0	2	0	0	19	3	1
1167.600	0	0	10	2	19	8	3	8	8	0	10	0	0	0	0	0	0	0	1	0	0	20	3	0
1167.800	0	0	11	2	18	13	3	14	11	0	7	0	1	0	0	0	0	0	0	0	0	20	3	2
1168.000	0	0	12	2	18	6	2	11	17	0	17	0	0	0	0	0	0	0	0	0	0	24	3	6
1168.200	0	0	10	2	21	6	3	14	12	0	11	0	0	0	0	0	0	0	0	0	0	23	3	7
1168.400	0	0	11	4	24	6	2	8	13	0	5	0	1	0	0	0	0	0	0	0	0	21	4	3
1168.600	0	0	7	4	22	8	2	13	9	0	7	0	0	0	0	0	0	0	0	0	0	18	3	3
1168.800	0	0	9	2	21	5	2	8	13	0	19	0	0	0	0	0	0	0	0	0	0	23	4	4
1169.000	0	0	10	2	19	7	2	8	9	0	8	0	0	0	0	0	0	0	0	0	0	23	3	4
1169.200	0	0	6	3	17	8	2	9	10	0	9	0	0	0	0	0	0	0	0	0	0	27	4	2
1169.400	0	0	7	2	25	9	2	8	10	0	12	0	0	0	0	0	0	0	1	0	0	19	3	6
1169.600	0	0	11	2	22	11	2	8	10	0	7	0	0	0	0	0	1	0	1	0	0	17	3	5
1169.800	0	0	13	2	19	5	2	12	13	0	11	0	0	0	0	0	0	0	0	0	0	18	3	5
1170.000	0	0	9	2	22	6	4	11	9	0	17	0	0	0	0	0	1	0	0	0	0	24	4	6
1170.200	0	0	10	2	19	7	2	8	7	0	9	0	0	0	0	0	0	0	0	0	0	21	4	9
1170.400	0	0	10	2	22	6	2	12	6	0	14	0	0	0	0	0	0	0	0	0	0	20	3	10
1170.600	0	0	8	2	20	13	3	8	9	0	9	0	0	0	0	0	1	0	0	0	0	13	4	11
1170.800	0	0	6	2	14	9	2	9	12	0	11	0	0	0	0	0	0	0	1	0	0	18	4	16
1171.000	0	0	6	2	24	11	2	12	12	0	12	0	0	0	0	0	1	0	0	0	0	16	3	9
1171.200	0	0	10	3	19	10	3	10	10	0	8	0	0	0	0	0	1	0	0	0	0	16	4	10
1171.400	0	0	7	3	24	8	1	5	18	0	18	0	0	0	0	0	0	0	0	0	0	19	5	13
1171.600	0	0	10	2	21	9	2	8	11	0	10	0	0	0	0	0	0	0	0	0	0	18	5	8
1171.800	0	0	10	2	19	10	2	8	8	0	11	0	0	0	0	0	0	0	0	0	0	19	4	6
1172.000	0	0	10	3	17	10	2	7	15	0	14	0	0	0	0	0	0	0	0	0	0	24	4	8
1172.200	0	0	5	2	16	11	2	8	10	0	16	0	0	0	0	0	0	0	1	0	0	17	5	3
1172.400	0	0	8	4	18	10	2	10	8	0	5	0	0	0	0	0	0	0	0	0	0	19	5	15
1172.600	0	0	10	2	22	11	2	15	13	0	7	0	1	0	0	0	0	0	0	0	0	19	4	15
1172.800	0	0	6	6	25	6	2	10	10	0	11	0	1	0	0	0	0	0	0	0	0	14	3	18
1173.000	0	0	13	3	21	6	2	9	11	0	10	0	0	0	0	0	0	0	0	0	0	15	3	19
1173.200	0	0	9	2	24	9	3	8	12	0	10	0	0	0	0	0	1	0	0	0	0	20	3	15
1173.400	0	0	11	2	18	7	4	12	8	0	8	0	0	0	0	0	0	0	0	0	0	15	3	9
1173.600	0	0	9	3	20	5	3	11	10	1	8	0	1	0	0	0	0	0	0	0	0	15	3	5
1173.800	0	0	10	2	18	5	3	9	14	1	17	0	0	0	0	0	0	0	0	0	0	21	3	0
1174.000	0	0	10	2	26	5	2	13	10	2	20	0	0	0	0	0	1	0	0	0	0	21	3	5
1174.200	0	0	10	4	20	12	1	7	9	4	17	0	0	0	0	0	1	0	0	0	0	17	3	3
1174.400	0	0	7	4	21	8	0	17	8	3	14	0	0	0	0	0	1	0	0	0	0	16	3	2
1174.600	0	0	9	2	20	7	0	10	7	2	14	0	0	0	0	0	0	0	0	0	0	21	3	4
1174.800	0	0	11	2	23	9	2	14	8	2	13	0	0	0	0	0	0	0	0	0	0	16	2	2
1175.000	0	0	7	6	22	5	2	7	4	3	13	0	0	0	0	0	0	0	0	0	0	21	3	0
1175.200	0	0	11	2	21	7	4	11	2	3	15	0	0	0	0	0	0	0	0	0	0	18	4	0
1175.400	0	0	7	6	21	5	2	8	3	4	21	0	0	0	0	0	0	0	0	0	0	22	3	3
1175.600	0	0	6	2	22	6	1	10	2	3	11	0	0	0	0	0	0	0	0	0	0	19	1	6
1175.800	0	0	10	2	18	6	1	9	1	2	13	0	0	0	0	0	1	0	0	0	0	24	2	5
1176.000	0	0	9	2	19	8	2	8	1	4	11	0	0	0	0	0	0	0	0	0	0	20	3	6
1176.200	0	0	8	2	23	13	2	15	5	1	11	0	0	0	0	0	1	0	0	0	0	20	2	8
1176.400	0	0	8	4	18	7	2	9	5	4	16	0	0	0	0	0	0	0	0	0	0	21	5	8
1176.600	0	0	9	2	16	11	2	11	5	3	16	0	0	0	0	0	0	0	0	0	0	21	4	3
1176.800	0	0	10	6	17	11	0	10	5	4	11	0	0	0	0	0	1	0	0	0	0	22	2	2
1177.000	0	0	12	5	19	12	1	11	6	4	15	0	0	0	0	0	1	0	0	0	0	16	3	3
1177.200	0	0	9	6	18	11	2	13	8	4	8	0	0	0	0	0	0	0	0	0	0	13	3	3
1177.400	0	0	8	5	16	13	0	6	3	5	19	0	0	0	0	0	0	0	0	0	0	24	5	4
1177.600	0	0	9	6	18	12	2	16	4	5	13	0	0	0	0	0	0	0	0	0	0	19	3	1
1177.800	0	0	10	4	20	10	1	12	4	4	22	0	0	0	0	0	0	0	0	0	0	27	1	6
1178.000	0	0	10	3	24	13	2	14	5	3	18	0	0	0	0	0	0	0	0	0	0	25	2	3
1178.200	0	0	8	6	25	10	0	13	6	3	12	0	0	0	0	0	1	0	1	0	0	20	3	1
1178.400	0	0	10	2	17	8	2	16	7	4	11	0	0	0	0	0	0	0	0	0	0	20	2	3
1178.600	0	0	11	2	23	11	0	11	3	3	8	0	0	0	0	0	0	0	0	0	0	22	3	1
1178.800	0	0	10	2	16	8	1	6	4	3	16	0	0	0	0	0	0	0	0	0	0	20	1	3
1179.000	0	0	12	6	22	8	2	13	3	3	12	0	0	0	0	0	0	0	0	0	0	21	0	8
1179.200	0	0	11	2	24	12	2	8	4	3	13	0	0	0	0	0	0	0	0	0	0	24	2	6
1179.400	0	0	10	2	9	16	2	10	6	3	19	0	0	0	0	0	0	0	0	0	0	20	2	7
1179.600	0	0	10	4	21	11	2	8	4	3	16	0	0	0	0	0	0	0	0	0	0	21	0	6
1179.800	0	0	10	6	22	12	2	8	6	3	18	0	0	0	0	0	0	0	0	0	0	15	1	9
1180.000	0	0	9	2	20	10	2	10	7	4	14	0	0	0	0	0	0	0	1	0	0	13	0	4
1180.200	0	0	10	3	19	8	2	14	5	3	15	0	0	0	0	0	0	0	1	0	0	16	2	7
1180.400	0	0	8	3	21	10	2	8	7	3	17	0	0	0	0	0	0	0	3	0	0	15	2	3
1180.600	0	0	10	3	18	12	0	10	5	4	16	0	0	0	0	0	0	0	5	0	0	14	4	2
1180.800	0	0	12	4	20	13	0	11	5	5	14	0	0	0	0	0	0	0	4	0	0	19	7	8
1181.000	0	0	10	2	19	8	2	12	2	4	17	0	0	0	0	0	0	0	2	0	0	12	8	3
1181.200	0	0	8	3	22	10	1	16	4	3	17	0	0	0	0	0	0	0	7	0	0	18	7	19
1181.400	0	0	10	2	18	13	0	10	5	4	18	0	0	0	0	0	0	0	1	0	0	17	4	3
1181.600	0	0	8	4	15	5	1	8	7	4	9	0	0	0	0	0	0	0	7	0	0	13	5	8
1181.800	0	0	9	6	18	15	2	13	10	5	18	0	0	0	0	0	0	0	4	0	0	17	1	2
1182.000	0	0	11	5	14	8	0	11	7	3	16	0	0	0	0	0	0	0	8	0	0	22	0	0
1182.200	0	0	11	4	22	11	2	12	6	3	12	0	0	0	0	0	0	0	5	0	0	20	6	14
1182.400	0	0	11	3	25	8	3	13	7	4	19	0	0	0	0	0	0	0	2	0	0	19	7	12
1182.600	0	0	7	4	14	12	2	12	4	4	10	0	0	0	0	0	1	0	9	0	0	17	8	13
1182.800	0	0	10	5	24	11	0	10	2	4	18	0	0	0	0	0	0	0	6	0	0	17	5	14
1183.000	0	0	7	3	16	5	2	15	4	4	20	0	0	0	0	0	0	0	3	0	0	18	10	16
1183.200	0	0	8	5	24	10	2	14	7	3	19	1	0	0	0	0	0	0	2	0	0	19	6	12
1183.400	0	0	9	2	18	12	2	13	7	5	12	0	0	0	0	0	0	0	8	0	0	19	11	13
1183.600	0	0	10	2	17	11	2	9	3	4	21	0	0	0	0	0	0	0	3	0	0	19	5	8
1183.800	0	0	11	4	17	12	1	12	5	4	14	0	0	0	0	0	0	0	8	0	0	16	15	13
1184.000	0	0	10	2	21	12	2	9	4	5	12	1	0	0	0	0	1	0	4	0	0	21	6	9
1184.200	0	0	10	2	21	13	2	9	4	4	9	0	0	0	0	0	0	0	4	0	0	20	5	16
1184.400	0	0	7	2	21	9	3	15	4	2	16	0	0	0	0	0	0	0	4	0	0	16	2	10
1184.600	0	0	9	2	18	10	2	12	2	4	16	0	0	0	0	0	0	0	5	0	0	20	5	9
1184.800	0	0	9	2	19	13	2	14	6	3	16	0	0	0	0	0	0	0	5	0	0	22	6	15
1185.000	0	0	8	5	23	10	1	14	6	3	21	0	0	0	0	0	0	0	8	0	0	22	6	10
1185.200	0	0	9	4	17	8	1	10	3	4	13	0	0	0	0	0	0	0	7	0	0	18	14	8
1185.400	0	0	11	2	18	12	1	12	7	4	10	0	0	0	0	0	0	0	2	0	0	22	6	10
1185.600	0	0	10	6	17	12	2	15	7	4	8	0	0	0	0	0	0	0	3	0	0	18	11	17
1185.800	0	0	10	2	15	14	2	11	5	4	8	0	0	0	0	0	1	0	6	0	0	14	7	11
1186.000	0	0	7	3	20	13	0	13	3	3	12	0	0	0	0	0	0	0	5	0	0	19	3	5
1186.200	0	0	8	5	20	8	2	11	4	3	13	0	0	0	0	0	1	0	4	0	0	21	4	5
1186.400	0	0	10	2	22	9	2	11	7	4	12	0	0	0	0	0	0	0	2	0	0	19	8	6
1186.600	0	0	8	2	23	14	2	10	3	4	19	0	0	0	0	0	0	0	1	0	0	16	6	2
1186.800	0	0	11	2	22	3	2	14	7	5	12	0	0	0	0	0	0	0	4	0	0	16	4	8
1187.000	0	0	6	5	16	8	2	14	4	3	13	0	0	0	0	0	0	0	2	0	0	13	2	7
1187.200	0	0	10	4	21	10	3	11	7	4	22	0	0	0	0	0	0	0	5	0	0	19	5	8
1187.400	0	0	12	4	21	9	2	7	5	3	19	0	0	0	0	0	0	0	6	0	0	18	5	5
1187.600	0	0	8	3	23	8	2	8	6	4	12	0	0	0	0	0	0	0	11	0	0	20	10	14
1187.800	0	0	8	3	18	7	2	9	7	4	20	0	0	0	0	0	0	0	10	0	0	20	8	13
1188.000	0	0	11	3	17	10	2	15	6	5	14	0	1	0	0	0	0	0	5	0	0	20	9	7
1188.200	0	0	11	2	15	7	2	11	6	4	12	0	0	0	0	0	0	0	4	0	0	15	3	7
1188.400	0	0	10	3	23	13	1	10	3	5	14	0	1	0	0	0	0	0	5	0	0	23	4	9
1188.600	0	0	10	2	16	11	0	7	6	4	16	0	0	0	0	0	0	0	0	0	0	19	6	6
1188.800	0	0	10	2	21	7	2	10	8	5	13	0	0	0	0	0	0	0	1	0	0	19	3	7
1189.000	0	0	6	2	19	5	2	9	7	4	12	0	0	0	0	0	0	0	2	0	0	19	2	4
1189.200	0	0	7	4	21	4	0	4	3	3	19	0	0	0	0	0	0	0	2	0	0	18	5	5
1189.400	0	0	8	2	22	11	0	6	3	4	13	0	0	0	0	0	0	0	6	0	0	18	6	8
1189.600	0	0	9	2	21	14	0	8	8	5	16	0	0	0	0	0	0	0	6	0	0	20	5	6
1189.800	0	0	7	2	25	12	1	9	6	5	11	0	0	0	0	0	0	0	7	0	0	21	6	4
1190.000	0	0	9	2	20	6	2	8	3	3	22	0	0	0	0	0	0	0	4	0	0	18	4	1
1190.200	0	0	11	2	15	7	2	11	4	4	15	0	0	0	0	0	0	0	4	0	0	16	5	5
1190.400	0	0	6	2	19	6	1	9	7	5	19	0	0	0	0	0	0	0	5	0	0	17	8	1
1190.600	0	0	8	5	21	11	2	8	4	3	11	0	0	0	0	0	0	0	2	0	0	14	6	2
1190.800	0	0	12	2	24	6	0	8	4	3	14	0	0	0	0	0	0	0	4	0	0	18	4	1
1191.000	0	0	8	6	25	6	0	5	3	3	10	0	0	0	0	0	0	0	1	0	0	20	9	8
1191.200	0	0	12	2	20	5	0	3	2	3	15	0	0	0	0	0	0	0	4	0	0	17	3	5
1191.400	0	0	6	4	20	4	1	8	8	5	13	0	0	0	0	0	0	0	9	0	0	21	4	4
1191.600	0	0	9	2	18	3	0	5	6	4	15	0	0	0	0	0	0	0	3	0	0	23	6	11
1191.800	0	0	11	2	20	5	0	7	6	3	10	0	0	0	0	0	0	0	4	0	0	13	7	11
1192.000	0	0	12	6	9	2	0	6	5	4	16	0	0	0	0	0	0	0	6	0	0	13	4	19
1192.200	0	0	6	2	19	1	0	6	7	5	9	0	0	0	0	0	0	0	3	0	0	20	4	12
1192.400	0	0	10	2	16	4	3	11	7	5	10	0	0	0	0	0	0	0	6	0	0	18	4	14
1192.600	0	0	8	2	16	3	2	5	4	4	15	0	0	0	0	0	0	0	5	0	0	13	2	10
1192.800	0	0	10	2	20	0	2	6	5	4	13	0	0	0	0	0	0	0	3	0	0	22	3	14
1193.000	0	0	10	4	24	2	2	5	6	4	8	0	0	0	0	0	0	0	3	0	0	19	6	18
1193.200	0	0	8	2	14	1	0	4	4	5	11	0	0	0	0	0	0	0	6	0	0	17	7	16
1193.400	0	0	7	3	18	0	1	9	8	5	11	0	0	0	0	0	0	0	1	0	0	22	5	12
1193.600	0	0	8	2	11	4	0	5	2	4	14	0	0	0	0	0	0	0	6	0	0	16	5	16
1193.800	0	0	11	2	19	4	0	3	6	5	16	0	0	0	0	0	0	0	4	0	0	19	5	9
1194.000	0	0	8	2	16	2	0	4	6	5	22	0	0	0	0	0	0	0	4	0	0	18	3	5
1194.200	0	0	8	2	17	4	0	4	7	3	7	0	0	0	0	0	0	0	2	0	0	12	5	4
1194.400	0	0	12	2	16	5	1	9	7	5	17	0	0	0	0	0	0	0	5	0	0	15	7	11
1194.600	0	0	10	2	20	5	2	12	7	4	18	0	0	0	0	0	0	0	8	0	0	13	5	13
1194.800	0	0	10	2	20	5	2	8	4	0	15	0	0	0	0	0	0	0	5	0	0	17	7	10
1195.000	0	0	7	4	23	5	2	10	4	3	17	0	0	0	0	0	0	0	6	0	0	10	3	12
1195.200	0	0	6	6	24	6	3	9	5	3	14	0	0	0	0	0	0	0	10	0	0	13	6	8
1195.400	0	0	7	2	19	2	3	8	6	3	10	0	0	0	0	0	0	0	7	0	0	13	6	8
1195.600	0	0	9	2	12	3	2	9	7	4	10	0	0	0	0	0	0	0	6	0	0	20	5	7
1195.800	0	0	9	3	20	2	2	10	6	3	22	0	0	0	0	0	0	0	6	0	0	13	7	10
1196.000	0	0	12	1	19	5	4	13	3	3	13	0	0	0	0	0	0	0	3	0	0	18	4	6
1196.200	0	0	11	2	21	7	2	11	5	3	12	0	0	0	0	0	0	0	4	0	0	19	5	8
1196.400	0	0	10	4	27	5	2	14	3	3	14	0	0	0	0	0	0	0	0	0	0	13	4	4
1196.600	0	0	7	2	20	6	2	14	6	4	15	0	0	0	0	0	0	0	4	0	0	16	5	6
1196.800	0	0	8	2	20	5	2	14	5	4	9	0	0	0	0	0	0	0	3	0	0	12	5	7
1197.000	0	0	10	3	23	7	1	9	5	3	12	0	0	0	0	0	0	0	6	0	0	18	4	4
1197.200	0	0	7	2	24	6	3	16	3	3	22	0	0	0	0	0	0	0	13	0	0	16	6	3
1197.400	0	0	9	2	20	5	2	12	6	5	10	0	0	0	0	0	0	0	8	0	0	14	7	7
1197.600	0	0	10	3	18	7	2	6	5	3	10	0	0	0	0	0	0	0	1	0	0	20	2	0
1197.800	0	0	5	2	14	11	2	10	0	3	14	0	0	0	0	0	0	0	1	0	0	17	6	3
1198.000	0	0	9	2	20	12	2	12	3	4	9	0	0	0	0	0	0	0	3	0	0	11	5	8
1198.200	0	0	10	2	22	9	2	12	3	4	11	0	0	0	0	0	0	0	8	0	0	21	7	2
1198.400	0	0	10	3	22	12	2	15	5	4	13	0	0	0	0	0	0	0	7	0	0	20	5	0
1198.600	0	0	10	2	23	7	2	15	3	4	13	0	0	0	0	0	0	0	4	0	0	25	3	0
1198.800	0	0	10	2	24	5	2	10	6	4	10	0	0	0	0	0	0	0	8	0	0	27	9	4
1199.000	0	0	9	2	21	10	2	10	4	3	14	0	0	0	0	0	0	0	4	0	0	20	5	4
1199.200	0	0	13	2	14	12	2	10	6	3	14	0	0	0	0	0	0	0	7	0	0	14	6	3
1199.400	0	0	9	2	13	9	2	14	4	2	14	0	0	0	0	0	0	0	5	0	0	14	8	4
1199.600	0	0	11	2	24	8	3	14	6	3	13	0	0	0	0	0	0	0	9	0	0	18	4	6
1199.800	0	0	8	3	19	10	2	13	7	5	7	0	0	0	0	0	0	0	7	0	0	24	6	5
1200.000	0	0	7	3	21	5	2	13	7	3	10	0	0	0	0	0	0	0	7	0	0	25	7	7
1200.200	0	0	6	2	18	9	2	12	3	4	13	0	0	0	0	0	0	0	7	0	0	25	6	7
1200.400	0	0	9	2	18	12	2	13	0	5	9	0	0	0	0	0	0	0	7	0	0	18	7	7
1200.600	0	0	10	6	23	11	2	12	2	4	11	0	0	0	0	0	0	0	14	0	0	21	1	9
1200.800	0	0	11	4	23	10	2	16	4	4	9	0	0	0	0	0	0	0	6	0	0	15	8	9
1201.000	0	0	11	2	24	8	2	12	6	5	13	0	0	0	0	0	0	0	11	0	0	17	4	9
1201.200	0	0	11	2	17	10	2	11	4	1	16	0	0	0	0	0	0	0	11	0	0	17	5	12
1201.400	0	0	10	5	23	10	2	12	5	4	10	0	0	0	0	0	0	0	5	0	0	19	6	10
1201.600	0	0	8	2	18	10	2	14	6	4	7	0	0	0	0	0	0	0	3	0	0	14	4	10
1201.800	0	0	10	2	21	7	1	7	3	4	9	0	0	0	0	0	0	0	4	0	0	13	6	4
1202.000	0	0	10	4	22	1	3	8	1	4	13	0	0	0	0	0	0	0	3	0	0	11	9	5
1202.200	0	0	10	2	22	2	1	9	5	3	10	0	0	0	0	0	0	0	8	0	0	16	4	0
1202.400	0	0	10	2	16	8	3	13	6	4	14	0	0	0	0	0	0	0	4	0	0	16	5	6
1202.600	0	0	10	2	21	8	1	11	5	2	18	0	0	0	0	0	0	0	8	0	0	11	2	6
1202.800	0	0	12	3	20	12	2	11	5	4	10	0	0	0	0	0	0	0	9	0	0	10	7	5
1203.000	0	0	7	2	23	7	0	9	5	3	10	0	0	0	0	0	0	0	7	0	0	24	7	5
1203.200	0	0	9	2	18	7	0	5	3	3	19	0	0	0	0	0	0	0	8	0	0	17	6	3
1203.400	0	0	7	3	21	5	0	8	3	3	13	0	0	0	0	0	0	0	11	0	0	21	7	7
1203.600	0	0	11	2	18	8	0	5	2	3	9	0	0	0	0	0	0	0	8	0	0	17	7	5
1203.800	0	0	8	6	22	4	0	5	3	4	10	0	0	0	0	0	0	0	6	0	0	17	4	3
1204.000	0	0	10	2	20	6	3	6	2	2	8	0	0	0	0	0	0	0	2	0	0	16	3	1
1204.200	0	0	8	5	22	10	2	8	5	3	11	0	0	0	0	0	0	0	9	0	0	15	6	8
1204.400	0	0	9	6	24	11	1	12	5	3	16	0	0	0	0	0	0	0	8	0	0	16	7	2
1204.600	0	0	10	5	18	12	0	8	4	4	15	0	0	0	0	0	0	0	3	0	0	23	7	7
1204.800	0	0	10	2	22	6	0	12	6	5	24	0	0	0	0	0	0	0	9	0	0	15	3	11
1205.000	0	0	10	2	21	6	0	7	5	4	7	0	0	0	0	0	0	0	11	0	0	17	8	8
1205.200	0	0	6	3	24	7	1	6	3	1	13	0	0	0	0	0	0	0	8	0	0	18	11	11
1205.400	0	0	9	6	23	9	0	9	6	3	15	0	0	0	0	0	0	0	9	0	0	22	3	6
1205.600	0	0	10	4	20	7	2	12	7	5	17	0	0	0	0	0	0	0	6	0	0	23	4	1
1205.800	0	0	10	2	20	7	2	16	6	4	18	0	0	0	0	0	0	0	4	0	0	22	9	3
1206.000	0	0	10	6	24	9	3	13	6	3	21	0	0	0	0	0	0	0	7	0	0	14	4	10
1206.200	0	0	10	2	22	10	1	12	5	4	17	0	0	0	0	0	0	0	2	0	0	14	4	4
1206.400	0	0	9	4	19	9	2	12	3	4	17	0	0	0	0	0	0	0	9	0	0	16	7	3
1206.600	0	0	11	3	20	11	4	13	2	3	17	0	0	0	0	0	0	0	9	0	0	17	8	8
1206.800	0	0	12	6	20	9	2	15	4	3	18	0	0	0	0	0	0	0	5	0	0	16	4	9
1207.000	0	0	11	2	19	9	2	7	3	4	15	0	0	0	0	0	0	0	6	0	0	18	2	8
1207.200	0	0	10	5	23	9	2	12	4	2	18	0	0	0	0	0	0	0	4	0	0	18	1	3
1207.400	0	0	8	3	22	17	1	9	6	4	21	0	0	0	0	0	0	0	9	0	0	14	4	7
1207.600	0	0	7	5	25	10	2	12	3	4	11	0	0	0	0	0	0	0	5	0	0	13	4	9
1207.800	0	0	8	5	22	11	2	10	2	3	16	0	0	0	0	0	0	0	6	0	0	16	6	10
1208.000	0	0	8	2	18	9	2	11	3	3	11	0	0	0	0	0	0	0	7	0	0	9	11	6
1208.200	0	0	9	2	20	11	2	13	3	1	8	0	0	0	0	0	0	0	5	0	0	14	8	9
1208.400	0	0	10	4	23	10	2	10	2	4	20	0	0	0	0	0	0	0	8	0	0	16	10	5
1208.600	0	0	6	4	18	8	2	9	3	3	16	0	0	0	0	0	0	0	5	0	0	12	8	8
1208.800	0	0	7	5	18	12	2	12	5	3	15	0	0	0	0	0	0	0	12	0	0	18	7	9
1209.000	0	0	8	3	22	10	2	13	3	3	15	0	0	0	0	0	0	0	10	0	0	14	6	17
1209.200	0	0	11	3	25	9	2	15	5	3	23	0	0	0	0	0	0	0	9	0	0	12	5	8
1209.400	0	0	6	6	20	11	2	7	4	3	10	0	0	0	0	0	0	0	12	0	0	10	6	11
1209.600	0	0	13	2	17	8	2	14	7	3	17	0	0	0	0	0	0	0	6	0	0	20	5	1
1209.800	0	0	10	5	19	10	2	11	6	4	13	0	0	0	0	0	0	0	3	0	0	19	0	2
1210.000	0	0	7	2	21	9	2	13	3	3	17	0	0	0	0	0	0	0	7	0	0	18	4	7
1210.200	0	0	9	2	20	7	2	9	4	2	13	0	0	0	0	0	0	0	11	0	0	22	9	6
1210.400	0	0	10	4	17	10	1	9	2	4	15	0	0	0	0	0	0	0	6	0	0	24	4	6
1210.600	0	0	6	6	18	11	2	11	7	3	16	0	0	0	0	0	0	0	9	0	0	15	11	13
1210.800	0	0	6	2	24	7	2	14	6	3	17	0	0	0	0	0	0	0	6	0	0	10	4	9
1211.000	0	0	9	3	18	10	1	11	4	4	17	0	0	0	0	0	0	0	9	0	0	13	6	13
1211.200	1	0	7	2	20	7	3	16	6	3	16	0	0	0	0	0	0	0	6	0	0	14	6	12
1211.400	1	0	12	2	24	7	2	12	6	3	9	0	0	0	0	0	0	0	4	0	0	20	9	6
1211.600	1	0	8	2	23	7	4	13	3	4	13	0	0	0	0	0	0	0	12	0	0	18	7	20
1211.800	1	0	10	4	21	9	2	13	4	3	17	0	0	0	0	0	0	0	10	0	0	17	4	1
1212.000	2	0	8	3	21	11	3	12	3	3	11	0	0	0	0	0	0	0	11	0	0	18	5	9
1212.200	2	2	10	6	23	10	4	14	6	3	17	0	0	0	0	0	0	0	11	0	0	21	0	7
1212.400	1	0	9	2	20	7	2	13	3	4	11	0	0	0	0	0	0	0	7	0	0	15	3	2
1212.600	2	1	12	5	19	7	0	13	3	3	12	0	0	0	0	0	0	0	7	0	0	20	0	2
1212.800	1	0	13	6	23	7	4	16	5	4	15	0	0	0	0	0	0	0	8	0	0	17	0	5
1213.000	0	0	12	5	22	7	2	17	2	2	15	0	0	0	0	0	0	0	8	0	0	18	0	4
1213.200	2	1	13	2	22	7	2	12	3	2	20	0	0	0	0	0	0	0	8	0	0	9	0	5
1213.400	2	1	8	4	21	7	2	8	2	4	12	0	0	0	0	0	0	0	12	0	0	19	0	4
1213.600	1	0	11	6	19	5	2	11	5	2	10	0	0	0	0	0	0	0	11	0	0	21	0	5
1213.800	1	0	11	4	22	8	3	15	6	3	11	0	0	0	0	0	0	0	10	0	0	18	0	8
1214.000	1	1	15	4	17	4	4	15	4	3	8	0	0	0	0	0	0	0	11	0	0	17	0	4
1214.200	2	1	9	2	16	6	2	12	7	3	16	0	0	0	0	0	0	0	8	0	0	14	1	1
1214.400	1	0	7	7	23	3	2	7	3	2	12	0	0	0	0	0	0	0	7	0	0	18	1	7
1214.600	1	1	16	5	25	4	2	14	5	4	12	0	0	0	0	0	0	0	6	0	0	21	2	9
1214.800	2	0	11	4	20	10	3	14	3	3	13	0	0	0	0	0	0	0	7	0	0	23	0	8
1215.000	1	0	13	6	23	7	2	11	6	1	12	0	0	0	0	0	0	0	3	0	0	22	7	5
1215.200	1	0	13	2	22	12	4	16	7	5	16	0	0	0	0	0	0	0	7	0	0	17	2	3
1215.400	1	0	9	2	19	8	3	14	5	4	13	0	0	0	0	0	0	0	8	0	0	9	3	12
1215.600	1	1	12	3	25	6	2	14	6	2	15	0	0	0	0	0	0	0	5	0	0	20	5	6
1215.800	1	1	14	4	22	7	2	12	3	0	14	0	0	0	0	0	0	0	8	0	0	13	5	3
1216.000	1	0	15	2	29	8	3	13	2	2	17	0	0	0	0	0	0	0	6	0	0	14	15	18
1216.200	0	0	9	2	25	10	2	7	6	4	12	0	0	0	0	1	0	0	7	0	0	12	3	12
1216.400	0	0	11	4	24	9	2	14	6	4	15	0	0	0	0	0	0	0	9	0	0	17	5	11
1216.600	0	0	8	5	19	6	2	16	3	3	10	0	0	0	0	0	0	0	6	0	0	9	4	4
1216.800	0	0	9	3	34	7	2	16	7	3	17	0	0	0	0	0	0	0	9	0	0	22	9	16
1217.000	0	0	9	5	23	5	2	14	2	3	10	0	0	0	0	1	0	0	9	0	0	5	6	7
1217.200	0	0	9	3	27	6	1	10	3	4	10	0	0	0	0	0	0	0	7	0	0	15	8	9
1217.400	0	0	10	5	22	8	3	14	4	3	18	0	0	0	0	1	1	0	6	0	0	16	3	6
1217.600	0	0	8	2	28	9	2	11	5	4	22	0	0	0	0	0	0	0	2	0	0	14	3	9
1217.800	0	0	11	2	24	8	2	12	5	3	14	0	0	0	0	0	0	0	8	0	0	22	5	11
1218.000	0	0	7	3	23	9	1	10	3	4	12	0	0	0	0	0	0	2	2	0	0	19	6	7
1218.200	0	0	9	5	18	7	3	12	6	3	19	0	0	0	0	0	0	0	4	0	0	17	7	0
1218.400	0	0	10	4	21	12	1	15	6	4	9	0	0	0	0	0	0	0	3	0	0	10	1	0
1218.600	0	0	9	5	18	11	0	8	5	4	15	0	0	0	0	0	0	1	3	0	0	24	6	1
1218.800	0	0	7	6	23	10	2	13	0	3	18	0	0	0	0	0	0	0	5	0	0	20	3	2
1219.000	0	0	6	5	26	12	2	15	2	3	24	0	0	0	0	0	0	0	6	0	0	21	5	5
1219.200	0	0	8	2	23	6	0	12	2	4	17	0	0	0	0	0	0	0	11	0	0	21	5	6
1219.400	0	0	6	3	21	5	2	11	2	3	16	0	0	0	0	0	0	0	8	0	0	15	3	6
1219.600	0	0	10	3	21	6	2	12	3	3	18	0	0	0	0	0	0	0	5	0	0	18	6	5
1219.800	0	0	10	2	18	9	2	12	2	2	16	0	0	0	0	0	0	0	6	0	0	20	1	1
1220.000	0	0	6	2	23	8	4	15	8	3	16	0	0	0	0	0	0	0	5	0	0	20	7	4
1220.200	0	0	9	2	24	8	2	13	5	3	16	0	0	0	0	0	0	0	1	0	0	20	5	5
1220.400	0	0	10	2	25	12	1	10	5	3	15	0	0	0	0	0	0	0	1	0	0	25	8	4
1220.600	0	0	11	2	18	8	2	11	5	4	23	0	0	0	0	0	0	0	5	0	0	16	3	5
1220.800	0	0	10	3	21	9	2	14	5	3	16	0	0	0	0	0	0	0	5	0	0	19	1	0
1221.000	0	0	6	2	17	13	3	13	3	3	20	0	0	0	0	0	0	0	7	0	0	21	4	5
1221.200	0	0	9	3	22	12	2	10	6	3	19	0	0	0	0	0	0	0	4	0	0	17	5	5
1221.400	0	0	8	4	18	12	2	14	8	5	21	0	0	0	0	0	0	0	6	0	0	17	6	11
1221.600	0	0	9	3	21	9	0	9	4	3	15	0	0	0	0	0	0	0	2	0	0	17	7	11
1221.800	0	0	5	7	22	16	2	11	2	4	16	0	0	0	0	0	0	0	6	0	0	13	1	9
1222.000	0	0	9	6	15	10	2	17	4	3	10	0	0	0	0	0	0	0	10	0	0	15	9	10
1222.200	0	0	5	2	25	6	1	10	4	3	20	0	0	0	0	0	0	0	8	0	0	21	4	12
1222.400	0	0	9	5	26	11	2	4	2	4	20	0	0	0	0	0	0	0	3	0	0	17	3	11
1222.600	0	0	6	3	18	7	0	7	4	3	21	0	0	0	0	0	0	0	2	0	0	18	3	8
1222.800	0	0	9	5	19	7	2	15	2	4	10	0	0	0	0	0	0	0	7	0	0	22	4	13
1223.000	0	0	9	4	16	9	2	8	6	3	14	0	0	0	0	0	0	0	5	0	0	18	5	10
1223.200	0	0	10	2	22	14	0	9	5	1	17	0	0	0	0	0	0	0	5	0	0	14	0	8
1223.400	0	0	6	2	22	19	2	14	6	2	11	0	0	0	0	0	0	0	5	0	0	15	0	6
1223.600	0	0	7	2	29	9	2	11	3	4	10	0	0	0	0	0	0	0	10	0	0	25	5	11
1223.800	0	0	10	2	27	8	2	10	6	5	19	0	0	0	0	0	0	0	11	0	0	19	4	15
1224.000	0	0	5	2	27	10	2	11	8	5	12	0	0	0	0	0	0	0	10	0	0	17	6	9
1224.200	0	0	10	2	18	6	2	14	7	3	14	0	0	0	0	0	0	1	10	0	0	14	15	14
1224.400	0	0	9	2	23	6	3	9	9	4	9	0	0	0	0	0	0	0	11	0	0	14	7	15
1224.600	0	0	9	3	22	8	2	8	5	4	21	0	0	0	0	0	0	0	6	0	0	17	6	13
1224.800	0	0	5	2	24	7	0	10	6	3	11	0	0	0	0	0	0	0	9	0	0	16	6	9
1225.000	0	0	6	3	29	9	4	12	5	3	14	0	0	0	0	0	0	0	8	0	0	17	6	14
1225.200	0	0	10	3	22	9	1	14	6	4	14	0	0	0	0	0	0	0	8	0	0	20	5	11
1225.400	0	0	7	2	24	12	2	12	11	5	14	0	0	0	0	0	0	0	3	0	0	22	8	5
1225.600	0	0	10	2	23	8	2	12	8	4	17	0	0	0	0	0	0	0	8	0	0	18	6	5
1225.800	0	0	9	4	28	4	3	12	11	6	15	0	0	1	0	0	0	0	4	0	0	27	5	7
1226.000	0	0	10	2	21	10	2	15	7	3	11	0	0	0	0	0	0	0	4	0	0	16	2	9
1226.200	0	0	9	5	17	5	2	10	5	3	8	0	0	2	0	0	0	0	5	0	0	13	11	8
1226.400	0	0	8	3	19	12	2	9	5	3	11	0	0	4	0	0	1	0	4	0	0	15	11	13
1226.600	0	0	6	2	28	10	4	14	6	4	11	1	0	4	0	0	0	0	7	0	0	17	11	8
1226.800	0	0	12	2	20	7	2	10	3	4	11	0	0	2	0	0	0	0	6	0	0	20	8	10
1227.000	0	0	11	2	23	5	3	8	8	3	19	1	0	4	0	0	0	0	7	0	0	21	8	12
1227.200	0	0	14	2	22	7	2	13	3	4	25	1	0	2	0	0	0	0	6	0	0	12	2	6
1227.400	0	0	10	2	25	9	2	14	6	3	18	0	0	3	0	0	0	0	1	0	0	13	4	6
1227.600	0	0	6	3	22	12	4	15	4	0	17	0	0	1	0	0	0	0	5	0	0	19	7	11
1227.800	0	0	7	4	26	9	2	12	8	1	9	0	0	2	0	0	0	0	5	0	0	22	7	9
1228.000	0	0	9	2	26	9	3	10	2	0	8	0	0	5	0	0	0	0	7	0	0	14	6	3
1228.200	0	0	8	2	26	8	2	10	5	0	18	0	0	4	0	0	0	0	8	0	0	16	3	1
1228.400	0	0	7	5	25	8	3	11	6	3	16	0	0	6	0	0	0	0	12	0	0	15	7	4
1228.600	0	0	10	3	22	9	2	14	6	4	20	0	0	6	0	0	0	1	6	0	0	17	6	4
1228.800	0	0	10	2	24	8	2	14	6	4	18	0	0	4	0	0	0	0	5	0	0	17	2	6
1229.000	0	0	9	2	22	7	3	13	7	4	19	0	0	4	0	0	0	0	3	0	0	21	3	8
1229.200	0	0	11	2	26	7	2	11	3	4	13	0	0	4	0	0	0	0	1	0	0	21	2	6
1229.400	0	0	6	2	22	14	2	10	6	5	13	0	0	5	0	0	0	0	5	0	0	23	3	0
1229.600	0	0	9	3	21	7	1	10	6	5	17	0	0	5	0	0	0	0	3	0	0	21	1	1
1229.800	0	0	6	2	26	6	2	9	5	2	11	0	0	4	0	0	0	0	9	0	0	21	6	2
1230.000	0	0	9	2	25	10	3	13	6	4	8	0	0	4	0	0	0	0	7	0	0	19	6	2
1230.200	0	0	9	2	30	11	3	11	5	4	10	0	0	2	0	0	0	0	6	0	0	20	3	4
1230.400	0	0	6	2	18	9	2	12	10	3	17	0	0	0	0	0	0	0	11	0	0	19	7	0
1230.600	0	0	9	2	21	5	2	12	10	4	15	0	0	0	0	0	0	1	7	0	0	21	5	4
1230.800	0	0	7	2	25	10	2	13	6	4	9	1	0	1	0	0	0	0	10	0	0	15	8	15
1231.000	0	0	7	2	25	8	2	13	5	5	14	0	0	1	0	0	0	0	13	0	0	24	6	8
1231.200	0	0	12	2	22	8	2	14	7	3	9	0	0	1	0	0	0	0	15	0	0	15	9	3
1231.400	0	0	8	2	23	8	3	10	6	3	21	0	0	3	0	0	0	0	8	0	0	25	11	7
1231.600	0	0	5	5	24	6	2	9	7	2	8	0	0	2	0	0	0	0	5	0	0	18	1	3
1231.800	0	0	10	2	23	7	2	6	4	3	14	0	0	2	0	0	0	0	6	0	0	21	5	6
1232.000	0	0	9	2	22	5	1	11	5	5	15	0	0	1	0	0	0	0	9	0	0	21	7	1
1232.200	0	0	11	2	21	7	2	14	8	4	11	0	0	0	0	0	0	0	12	0	0	18	7	6
1232.400	0	0	8	2	27	8	2	15	8	4	13	0	0	0	0	1	0	0	8	0	0	14	6	8
1232.600	0	0	10	2	17	6	3	15	7	3	13	0	0	0	0	0	0	0	6	0	0	16	4	7
1232.800	0	0	8	2	22	6	4	12	5	0	15	0	0	0	0	0	0	0	5	0	0	13	4	4
1233.000	0	0	6	2	20	8	1	8	4	3	8	0	0	0	0	0	1	0	4	0	0	18	7	4
1233.200	0	0	3	2	21	5	2	11	3	3	10	0	0	0	0	0	1	0	3	0	0	19	3	2
1233.400	0	0	10	6	30	10	2	12	4	4	9	0	0	1	0	0	1	0	4	0	0	18	12	3
1233.600	0	0	10	3	13	6	1	10	9	5	17	0	0	3	0	0	0	0	8	0	0	21	6	7
1233.800	0	0	9	2	32	8	3	13	7	4	9	0	0	3	0	0	0	0	6	0	0	23	8	4
1234.000	0	0	10	2	31	11	2	8	5	3	12	0	0	1	0	0	1	0	8	0	0	17	4	5
1234.200	0	0	6	2	28	10	0	10	5	4	10	0	0	2	0	0	1	0	7	0	0	19	6	7
1234.400	0	0	9	2	27	9	3	13	7	2	14	0	0	0	0	0	0	0	5	0	0	22	7	12
1234.600	0	0	10	2	20	3	0	8	6	4	16	0	0	0	0	0	1	0	5	0	0	22	3	2
1234.800	0	0	6	5	32	3	2	15	3	1	11	0	0	0	0	0	2	0	8	0	0	21	6	3
1235.000	0	0	10	5	27	10	2	10	3	4	13	0	0	0	0	0	0	0	5	0	0	21	6	7
1235.200	0	0	7	3	23	9	2	9	2	4	15	0	0	0	0	0	0	0	7	0	0	20	7	10
1235.400	0	0	6	4	23	13	2	5	4	2	14	0	0	0	0	0	0	0	5	0	0	23	2	10
1235.600	0	0	11	2	25	7	1	4	3	4	12	0	0	0	0	0	0	0	5	0	0	22	7	7
1235.800	0	0	8	5	25	11	1	9	3	4	11	0	0	0	0	0	0	0	5	0	0	23	7	5
1236.000	0	0	10	6	21	8	1	7	2	3	13	0	0	0	0	1	0	0	6	0	0	22	2	7
1236.200	0	0	8	2	31	12	2	8	8	5	10	0	0	0	0	0	0	0	5	0	0	24	2	1
1236.400	0	0	10	3	24	8	3	8	4	5	12	0	0	0	0	0	0	0	4	0	0	24	2	7
1236.600	0	0	6	2	23	9	2	10	5	5	19	0	0	0	0	0	0	0	4	0	0	23	5	10
1236.800	0	0	9	3	24	6	1	12	6	5	12	0	0	0	0	0	0	1	6	0	0	19	2	2
1237.000	0	0	9	2	23	10	2	14	7	5	19	0	0	0	0	0	0	0	4	0	0	19	7	8
1237.200	0	0	8	2	31	11	1	12	4	2	10	0	0	0	0	0	0	0	8	0	0	22	6	6
1237.400	0	0	5	4	32	6	3	10	3	2	15	0	0	0	0	0	0	0	6	0	0	21	2	8
1237.600	0	0	10	2	23	7	1	10	4	3	6	0	0	0	0	1	0	0	8	0	0	19	3	7
1237.800	0	0	10	4	22	6	1	5	2	4	10	0	0	0	0	0	0	2	10	0	0	14	0	2
1238.000	0	0	11	3	25	9	2	10	5	4	15	0	0	0	0	0	0	1	5	0	0	25	5	7
1238.200	0	0	7	2	26	13	2	11	7	3	12	0	0	0	0	0	0	0	7	0	0	18	2	4
1238.400	0	0	11	2	21	12	2	9	6	4	12	0	0	0	0	0	0	0	4	0	0	18	4	5
1238.600	0	0	9	2	27	14	2	5	4	2	12	0	0	0	0	0	0	1	4	0	0	27	2	6
1238.800	0	0	9	2	20	13	2	8	4	3	15	0	0	0	0	0	0	0	7	0	0	21	1	0
1239.000	0	0	11	2	33	8	2	11	8	5	20	0	0	0	0	0	0	0	5	0	0	20	0	3
1239.200	0	0	13	3	24	9	2	10	3	4	9	0	0	0	0	1	0	0	6	0	0	13	0	11
1239.400	0	0	10	3	22	11	0	11	3	3	14	0	0	0	0	1	1	0	6	0	0	18	5	9
1239.600	0	0	5	3	21	7	2	9	5	4	19	0	0	0	0	0	0	1	5	0	0	26	0	0
1239.800	0	0	11	2	28	9	3	11	8	4	19	0	0	0	0	0	0	0	11	0	0	18	6	6
1240.000	0	0	6	2	19	7	2	13	6	3	11	0	0	0	0	0	0	0	8	0	0	17	5	4
1240.200	0	0	10	3	16	7	2	14	6	3	9	0	0	0	0	0	0	0	3	0	0	21	2	5
1240.400	0	0	9	4	27	7	3	2	6	4	6	0	0	0	0	0	0	0	5	0	0	24	4	4
1240.600	0	0	7	2	26	9	1	9	6	3	20	0	0	0	0	0	0	0	6	0	0	17	4	4
1240.800	0	0	9	2	17	13	2	7	2	4	22	0	0	0	0	0	0	0	7	0	0	24	4	6
1241.000	0	0	9	4	22	9	0	15	6	3	10	0	0	0	0	0	0	0	3	0	0	18	2	6
1241.200	0	0	10	4	25	12	4	10	6	3	19	0	0	0	0	0	0	0	3	0	0	22	2	4
1241.400	0	0	9	3	20	8	2	10	8	5	11	0	0	0	0	0	0	0	5	0	0	13	5	6
1241.600	0	0	11	4	26	10	2	7	5	4	13	0	0	0	0	0	0	0	7	0	0	20	2	5
1241.800	0	0	12	2	19	13	2	14	8	4	11	0	0	0	0	0	0	0	8	0	0	14	6	8
1242.000	0	0	10	4	31	11	2	13	8	5	14	0	0	0	0	0	0	0	3	0	0	11	0	1
1242.200	0	0	9	2	25	8	2	9	8	4	12	0	0	0	0	1	3	0	6	0	0	17	1	0
1242.400	0	0	11	2	20	11	2	10	5	5	17	0	0	0	0	0	4	0	8	0	0	18	4	8
1242.600	0	0	8	3	25	8	4	8	5	4	12	0	0	0	0	0	1	0	3	0	0	24	4	5
1242.800	0	0	10	2	23	13	3	16	11	5	12	0	0	0	0	0	0	0	3	0	0	26	5	5
1243.000	0	0	9	4	24	8	4	12	8	4	10	0	0	0	0	0	0	0	2	0	0	26	7	4
1243.200	0	0	10	2	18	9	3	10	10	5	13	0	0	1	0	0	0	0	4	0	0	22	0	4
1243.400	0	0	9	2	20	15	2	10	10	4	12	0	0	2	0	0	0	0	4	0	0	20	2	11
1243.600	0	0	12	2	19	8	2	11	15	4	20	0	0	2	0	0	0	0	2	0	0	20	2	7
1243.800	0	0	10	6	26	10	2	12	6	4	10	0	0	1	0	0	0	0	2	0	0	20	0	6
1244.000	0	0	10	2	22	9	3	15	8	5	21	0	0	2	0	0	0	0	2	0	0	16	6	9
1244.200	0	0	9	2	20	14	5	6	8	5	22	0	0	3	0	0	0	0	3	0	0	19	3	11
1244.400	0	0	7	2	25	14	3	10	6	4	17	0	0	2	0	0	0	0	3	0	0	17	5	10
1244.600	0	0	12	2	27	11	3	10	6	2	10	0	0	2	0	0	0	0	6	0	0	16	10	17
1244.800	0	0	11	2	28	9	2	15	8	4	17	0	0	3	0	0	0	0	4	0	0	18	3	5
1245.000	0	0	6	2	29	9	2	13	10	3	15	0	0	2	0	0	0	0	6	0	0	13	2	3
1245.200	0	0	13	2	27	16	2	5	4	2	25	0	0	0	0	0	0	0	4	0	0	11	5	10
1245.400	0	0	8	4	26	11	2	12	5	3	13	0	0	2	0	0	0	0	8	0	0	15	8	6
1245.600	0	0	12	2	29	8	2	11	6	4	10	0	0	1	0	0	0	0	8	0	0	12	6	14
1245.800	0	0	11	2	27	10	2	7	4	5	10	0	0	0	0	0	0	0	5	0	0	15	4	12
1246.000	0	0	9	4	23	13	1	14	7	5	20	0	0	0	0	0	0	0	7	0	0	9	10	9
1246.200	0	0	10	2	22	12	2	14	9	5	13	0	0	0	0	0	0	0	9	0	0	16	8	12
1246.400	0	0	9	2	25	10	2	17	10	5	18	0	0	0	0	0	0	0	4	0	0	16	5	10
1246.600	0	0	6	2	23	11	4	14	8	4	16	0	0	0	0	0	0	0	7	0	0	16	7	14
1246.800	0	0	10	2	23	13	2	14	6	4	10	0	0	1	0	0	0	0	7	0	0	18	8	6
1247.000	0	0	8	2	26	10	2	11	6	3	13	0	0	1	0	0	0	0	8	0	0	18	6	3
1247.200	0	0	13	2	26	10	2	12	5	3	10	0	0	1	0	0	0	0	1	0	0	24	8	5
1247.400	0	0	10	2	28	7	0	7	3	4	12	0	0	0	0	0	0	0	1	0	0	23	9	4
1247.600	0	0	8	5	20	11	2	6	5	4	11	0	0	1	0	0	0	0	7	0	0	17	3	2
1247.800	0	0	5	2	19	7	1	10	8	4	14	0	0	1	0	0	0	0	7	0	0	20	6	4
1248.000	0	0	10	2	24	9	3	12	10	1	11	0	0	0	0	0	0	0	7	0	0	16	7	8
1248.200	0	0	5	4	28	9	1	5	6	4	10	0	0	0	0	0	0	0	13	0	0	20	7	4
1248.400	0	0	5	2	27	13	3	13	7	5	16	0	0	0	0	0	0	0	10	0	0	20	2	7
1248.600	0	0	9	2	33	9	2	13	8	5	18	0	0	2	0	0	0	0	12	0	0	14	8	7
1248.800	0	0	9	4	28	9	1	5	3	2	13	0	0	3	0	0	0	0	11	0	0	24	7	7
1249.000	0	0	9	2	21	5	1	9	4	3	9	0	0	1	0	0	0	0	9	0	0	21	11	4
1249.200	0	0	5	5	30	10	2	11	6	4	19	0	0	0	0	0	0	0	12	0	0	11	4	9
1249.400	0	0	6	4	22	9	2	7	3	4	15	0	0	0	0	0	0	0	13	0	0	22	5	7
1249.600	0	0	9	2	33	7	3	8	4	3	12	0	0	0	0	0	0	0	12	0	0	12	6	10
1249.800	0	0	8	2	26	9	1	9	5	4	16	0	0	0	0	0	0	0	11	0	0	14	8	8
1250.000	0	0	7	2	26	7	3	9	10	4	15	0	0	2	0	0	0	0	14	0	0	20	9	8
1250.200	0	0	9	2	25	9	2	11	7	4	7	0	0	0	0	0	0	0	14	0	0	13	8	11
1250.400	0	0	10	2	22	12	1	8	3	4	15	0	0	0	0	0	0	0	7	0	0	17	4	2
1250.600	0	0	6	2	26	15	1	4	5	4	21	0	0	0	0	0	0	0	11	0	0	20	7	4
1250.800	0	0	9	2	21	10	3	16	10	5	21	0	0	0	0	0	0	0	5	0	0	23	5	10
1251.000	0	0	7	4	24	9	6	16	12	4	8	0	0	1	0	0	0	0	7	0	0	17	2	9
1251.200	0	0	8	2	22	14	4	13	9	5	9	0	0	0	0	1	0	0	13	0	0	20	10	7
1251.400	0	0	8	2	29	11	2	14	7	4	9	0	0	2	0	0	0	0	10	0	0	23	12	13
1251.600	0	0	6	5	37	8	2	14	7	4	14	0	0	1	0	0	0	0	12	0	0	17	7	9
1251.800	0	0	7	3	17	8	2	11	6	4	13	0	0	1	0	0	0	0	12	0	0	13	4	11
1252.000	0	0	8	2	32	10	0	12	6	4	11	0	0	2	0	2	2	0	12	0	0	16	6	8
1252.200	0	0	8	2	25	8	1	10	5	4	11	0	0	2	0	2	0	0	9	0	0	19	7	1
1252.400	0	0	7	6	21	6	2	10	6	3	8	0	0	2	0	1	0	0	9	0	0	11	12	4
1252.600	0	0	11	2	30	8	3	14	10	3	10	0	0	2	0	0	0	0	13	0	0	13	7	5
1252.800	0	0	7	5	17	14	1	9	4	5	11	0	0	2	0	0	0	0	9	0	0	16	6	3
1253.000	0	0	6	2	23	8	2	10	5	3	13	0	0	2	0	0	0	0	11	0	0	17	4	5
1253.200	0	0	11	3	25	9	1	8	5	2	21	0	0	3	0	0	0	0	14	0	0	22	8	9
1253.400	0	0	9	2	19	8	3	4	2	4	21	0	0	2	0	0	0	0	15	0	0	18	7	11
1253.600	0	0	10	2	18	5	1	8	2	3	14	0	0	2	0	0	0	0	13	0	0	18	0	6
1253.800	0	0	10	2	16	6	1	11	6	4	13	0	0	2	0	1	0	0	9	0	0	17	6	8
1254.000	0	0	10	2	16	7	2	13	4	4	16	0	0	2	0	1	0	0	10	0	0	14	11	8
1254.200	0	0	11	2	21	7	4	8	4	4	18	0	0	6	0	1	0	0	10	0	0	17	7	8
1254.400	0	0	9	4	12	7	3	7	3	3	16	0	0	4	0	0	0	0	10	0	0	12	4	5
1254.600	0	0	11	2	31	7	5	10	7	4	13	0	0	2	0	0	0	0	15	0	0	14	7	8
1254.800	0	0	9	2	25	7	4	13	8	4	20	0	0	3	0	0	0	0	17	0	0	20	8	9
1255.000	0	0	11	2	20	9	2	5	3	4	9	0	0	3	0	0	0	0	11	0	0	20	8	11
1255.200	0	0	11	2	19	8	3	4	4	4	22	0	0	3	0	0	0	0	8	0	0	13	4	3
1255.400	0	0	5	2	26	8	2	11	2	2	19	0	0	6	0	0	0	0	10	0	0	13	6	3
1255.600	0	0	1	2	20	8	1	7	3	3	16	0	0	4	0	0	0	0	8	0	0	12	8	8
1255.800	0	0	12	2	25	4	2	12	7	3	16	0	0	1	0	1	0	0	10	0	0	15	6	7
1256.000	0	0	9	2	25	7	2	10	5	3	17	0	0	2	0	0	0	0	11	0	0	12	4	7
1256.200	0	0	7	6	29	10	2	10	3	4	20	0	0	3	0	0	0	0	13	0	0	12	0	5
1256.400	0	0	10	2	26	7	1	10	3	4	13	0	0	2	0	0	0	0	12	0	0	14	1	15
1256.600	0	0	9	2	25	12	2	6	3	3	14	0	0	1	0	0	0	0	7	0	0	22	4	2
1256.800	0	0	9	2	27	11	1	1	3	4	24	0	0	0	0	0	0	0	15	0	0	19	6	6
1257.000	0	0	7	4	30	7	1	7	3	4	13	0	0	0	0	0	0	0	15	0	0	19	2	4
1257.200	0	0	10	5	28	5	2	4	3	3	19	0	0	0	0	0	0	0	12	0	0	24	10	7
1257.400	0	0	10	2	22	8	2	6	4	2	16	0	0	0	0	0	0	0	13	0	0	22	8	5
1257.600	0	0	10	6	26	11	1	4	3	4	11	0	0	0	0	0	0	0	12	0	0	11	8	5
1257.800	0	0	5	2	23	7	0	3	3	3	12	0	0	0	0	0	0	0	11	0	0	16	5	5
1258.000	0	0	9	2	26	9	0	6	3	2	16	0	0	0	0	0	0	0	5	0	0	17	7	4
1258.200	0	0	10	3	20	5	2	1	3	2	23	0	0	0	0	0	0	0	12	0	0	19	5	3
1258.400	0	0	10	5	23	9	3	9	6	3	10	0	0	0	0	0	0	0	10	0	0	14	5	2
1258.600	0	0	7	6	22	6	4	8	4	2	12	0	0	0	0	0	0	0	13	0	0	14	11	8
1258.800	0	0	12	2	27	10	2	6	1	0	19	0	0	0	0	0	0	0	10	0	0	16	12	4
1259.000	0	0	12	6	31	9	2	12	8	3	14	0	0	0	0	0	0	0	8	0	0	13	5	1
1259.200	0	0	11	2	24	6	2	7	3	3	15	0	0	0	0	0	0	0	6	0	0	14	7	0
1259.400	0	0	9	3	25	5	2	9	5	3	11	0	0	0	0	0	0	0	18	0	0	21	10	6
1259.600	0	0	10	2	25	8	1	8	3	4	11	0	0	0	0	0	0	0	6	0	0	17	7	2
1259.800	0	0	10	2	18	11	1	9	3	2	11	0	0	0	0	0	0	0	2	0	0	15	0	1
1260.000	0	0	11	2	23	7	2	6	4	2	18	0	0	0	0	0	0	0	6	0	0	16	6	4
1260.200	0	0	9	2	19	7	0	4	6	4	14	0	0	0	0	0	0	0	12	0	0	18	6	2
1260.400	0	0	11	2	23	8	2	4	3	4	19	0	0	0	0	0	0	0	10	0	0	20	7	8
1260.600	0	0	7	2	22	6	2	10	6	5	12	0	0	0	0	0	0	0	8	0	0	24	8	16
1260.800	0	0	9	2	18	7	3	8	3	4	17	0	0	0	0	0	0	0	9	0	0	22	9	4
1261.000	0	0	6	2	20	10	1	2	3	4	16	0	0	0	0	0	0	0	10	0	0	17	4	0
1261.200	0	0	5	3	23	4	3	0	4	4	17	0	0	0	0	0	0	0	9	0	0	20	5	4
1261.400	0	0	10	2	24	11	3	7	4	3	15	0	0	0	0	0	0	0	9	0	0	22	3	1
1261.600	0	0	12	2	27	7	3	5	3	2	7	0	0	0	0	0	0	0	4	0	0	24	3	4
1261.800	0	0	6	2	20	15	4	6	4	4	12	0	0	0	0	0	0	0	4	0	0	23	5	6
1262.000	0	0	7	2	22	7	3	7	6	5	10	0	0	0	0	0	0	0	6	0	0	21	8	3
1262.200	0	0	9	2	23	9	4	11	8	5	16	0	0	0	0	0	0	0	3	0	0	17	0	5
1262.400	0	0	7	2	20	4	1	3	3	4	8	0	0	0	0	0	0	0	4	0	0	17	0	9
1262.600	0	0	11	5	20	13	2	4	6	4	9	0	0	0	0	0	0	0	7	0	0	13	3	9
1262.800	0	0	9	4	15	4	2	5	2	4	13	0	0	0	0	0	0	0	6	0	0	24	5	6
1263.000	0	0	10	4	16	5	4	4	3	4	15	0	0	0	0	0	0	0	7	0	0	16	2	2
1263.200	0	0	9	6	27	6	2	7	3	4	20	0	0	0	0	0	0	0	5	0	0	17	1	8
1263.400	0	0	8	6	23	4	1	8	2	3	8	0	0	0	0	0	0	0	5	0	0	17	2	4
1263.600	0	0	10	4	23	8	2	4	3	4	14	0	0	0	0	0	0	0	1	0	0	19	2	7
1263.800	0	0	9	1	13	7	3	9	3	4	17	0	0	0	0	0	0	0	1	0	0	23	5	5
1264.000	0	0	9	2	17	9	2	5	3	3	12	0	0	0	0	0	0	0	2	0	0	22	3	3
1264.200	0	0	9	6	18	7	1	7	3	2	10	0	0	0	0	0	0	0	4	0	0	23	3	2
1264.400	0	0	10	2	21	9	2	4	6	4	11	0	0	0	0	0	0	0	2	0	0	19	5	2
1264.600	0	0	9	4	23	9	2	7	5	4	14	0	0	0	0	0	0	0	1	0	0	14	2	5
1264.800	0	0	11	2	17	8	1	3	4	3	16	0	0	0	0	0	0	0	3	0	0	20	4	2
1265.000	0	0	14	2	22	7	1	5	2	2	15	0	0	0	0	0	0	0	5	0	0	24	5	6
1265.200	0	0	14	2	23	8	0	6	3	4	19	0	0	0	0	0	0	0	2	0	0	26	3	3
1265.400	0	0	13	2	20	8	1	4	3	3	13	0	0	0	0	0	0	0	4	0	0	19	3	4
1265.600	0	0	12	2	16	8	1	2	2	4	15	0	0	0	0	0	0	0	2	0	0	16	5	3
1265.800	0	0	7	6	23	7	1	3	5	4	14	0	0	0	0	0	0	0	6	0	0	19	4	4
1266.000	0	0	12	3	23	8	1	4	4	3	24	0	0	0	0	0	0	0	9	0	0	20	4	5
1266.200	0	0	8	6	16	6	2	6	7	5	17	0	0	0	0	0	0	0	2	0	0	25	2	3
1266.400	0	0	12	6	16	7	1	9	6	3	10	0	0	0	0	0	0	0	4	0	0	26	4	4
1266.600	0	0	11	6	19	11	2	12	4	2	18	0	0	0	0	0	0	0	3	0	0	17	4	7
1266.800	0	0	6	4	27	12	2	9	3	4	14	0	0	0	0	0	0	0	4	0	0	25	3	3
1267.000	0	0	9	2	28	10	2	7	6	4	10	0	0	0	0	0	0	0	1	0	0	21	4	6
1267.200	0	0	9	1	20	15	2	12	6	5	7	0	0	0	0	0	0	0	1	0	0	25	4	9
1267.400	0	0	12	2	32	12	3	17	7	4	10	0	0	0	0	0	0	0	4	0	0	21	5	3
1267.600	0	0	9	4	26	11	2	10	4	4	13	0	0	0	0	0	0	0	1	0	0	18	4	5
1267.800	0	0	8	4	21	9	0	13	8	4	11	0	0	0	0	0	0	0	3	0	0	20	7	10
1268.000	0	0	10	2	20	7	2	10	6	4	13	0	0	1	0	0	0	0	3	0	0	20	7	3
1268.200	0	0	9	3	21	10	2	15	8	3	10	0	0	0	0	0	0	0	3	0	0	19	7	7
1268.400	0	0	8	6	22	12	2	7	4	5	14	0	0	1	0	0	0	0	6	0	0	21	4	4
1268.600	0	0	10	2	22	12	2	12	5	3	10	0	0	1	0	0	0	0	6	0	0	20	5	3
1268.800	0	0	7	2	23	11	1	9	3	4	12	0	0	2	0	0	1	0	5	0	0	22	4	2
1269.000	0	0	9	2	23	13	1	10	5	4	13	0	0	1	0	0	1	0	2	0	0	20	3	4
1269.200	0	0	7	2	22	12	3	10	3	4	12	0	0	2	0	0	1	0	4	0	0	21	4	8
1269.400	0	0	5	3	18	9	3	7	3	4	10	0	0	0	0	0	1	0	3	0	0	22	4	5
1269.600	0	0	7	3	15	9	3	10	6	4	6	0	0	0	0	0	0	0	3	0	0	24	7	8
1269.800	0	0	10	6	19	8	2	5	2	4	12	0	0	1	0	0	2	0	1	0	0	21	5	7
1270.000	0	0	12	4	22	7	2	9	6	4	21	0	0	0	0	0	1	0	1	0	0	24	2	6
1270.200	0	0	7	2	18	10	1	7	6	5	11	0	0	0	0	0	0	0	1	0	0	21	4	6
1270.400	0	0	11	2	19	9	3	5	4	4	20	0	0	0	0	0	1	0	4	0	0	25	4	2
1270.600	0	0	7	3	19	9	3	10	3	4	11	0	0	0	0	0	1	0	3	0	0	19	3	3
1270.800	0	0	10	2	22	15	2	10	3	5	17	0	0	0	0	0	1	0	1	0	0	14	3	8
1271.000	0	0	14	2	20	19	2	9	6	5	15	0	0	0	0	2	0	0	7	0	0	18	6	3
1271.200	0	0	6	2	21	11	3	10	3	5	14	0	0	0	0	2	0	0	1	0	0	14	5	5
1271.400	0	0	6	2	25	12	3	8	4	5	13	0	0	0	0	2	0	0	1	0	0	16	4	3
1271.600	0	0	10	2	26	11	1	1	2	3	10	0	0	0	0	2	0	0	1	0	0	15	5	2
1271.800	0	0	10	2	25	9	1	8	3	4	13	0	0	0	0	2	0	0	4	0	0	20	6	4
1272.000	0	0	10	2	23	11	2	2	3	4	8	0	0	0	0	3	0	0	0	0	0	24	5	8
1272.200	0	0	9	2	22	16	2	10	5	4	11	0	0	0	0	3	0	0	3	0	0	23	3	6
1272.400	0	0	10	2	21	12	1	7	4	4	15	0	0	0	0	2	0	0	1	0	0	21	6	6
1272.600	0	0	10	6	23	13	1	5	4	5	18	0	0	0	0	2	0	0	2	0	0	21	3	4
1272.800	0	0	7	2	30	9	1	9	4	2	17	0	0	0	0	2	0	0	2	0	0	17	6	5
1273.000	0	0	11	2	25	15	1	5	5	5	10	0	0	1	0	1	0	0	0	0	0	17	5	9
1273.200	0	0	11	2	18	18	4	8	3	5	10	0	0	1	0	1	0	0	2	0	0	22	6	4
1273.400	0	0	10	2	18	19	3	5	3	4	8	0	0	0	0	2	0	0	4	0	0	22	4	4
1273.600	0	0	11	2	29	14	2	3	2	4	8	0	0	0	0	2	0	0	6	0	0	23	7	8
1273.800	0	0	9	2	25	14	2	8	3	4	16	0	0	0	0	2	0	0	7	0	0	21	4	7
1274.000	0	0	13	2	29	13	2	5	3	4	12	0	0	0	0	2	0	0	5	0	0	17	5	7
1274.200	0	0	10	2	27	13	2	5	3	4	12	0	0	1	0	2	0	0	4	0	0	19	5	6
1274.400	0	0	10	2	21	14	2	3	3	2	17	0	0	0	0	1	2	0	10	0	0	16	7	6
1274.600	0	0	10	2	28	11	2	11	4	5	14	0	0	0	0	2	0	0	4	0	0	21	4	8
1274.800	0	0	9	6	29	10	3	10	4	2	14	0	0	2	0	1	0	0	6	0	0	18	4	7
1275.000	0	0	7	6	23	14	3	9	3	4	10	0	0	2	0	1	0	0	6	0	0	19	4	5
1275.200	0	0	9	2	24	8	1	10	8	4	17	0	0	4	0	2	0	0	4	0	0	19	4	6
1275.400	0	0	9	5	26	11	3	16	6	3	12	0	0	3	0	2	0	0	2	0	0	19	4	5
1275.600	0	0	8	6	31	7	2	11	6	4	12	0	0	3	0	2	0	0	2	0	0	24	3	4
1275.800	0	0	7	2	25	12	1	6	4	5	15	0	0	3	0	3	0	0	3	0	0	23	5	4
1276.000	0	0	9	3	24	9	2	10	3	4	10	0	0	5	0	1	0	0	2	0	0	12	5	3
1276.200	0	0	10	5	29	11	1	10	4	3	22	0	0	5	0	1	0	0	3	0	0	23	4	4
1276.400	0	0	6	2	27	9	3	10	3	3	17	0	0	3	0	2	0	0	7	0	0	24	4	5
1276.600	0	0	10	5	23	11	2	3	5	4	14	0	0	4	0	1	0	0	3	0	0	18	5	6
1276.800	0	0	9	6	26	13	2	7	5	5	14	0	0	3	0	0	0	0	3	0	0	17	2	5
1277.000	0	0	9	2	23	11	1	11	4	2	16	0	0	3	0	1	0	0	5	0	0	19	6	4
1277.200	0	0	12	2	21	14	1	7	3	4	6	0	0	4	0	1	0	0	8	0	0	17	5	8
1277.400	0	0	10	4	23	14	1	3	4	3	17	0	0	2	0	1	0	0	3	0	0	20	6	4
1277.600	0	0	11	3	28	7	3	9	5	4	12	0	0	1	0	1	0	0	1	0	0	26	3	3
1277.800	0	0	9	7	24	6	2	12	5	3	11	0	0	3	0	1	0	0	1	0	0	25	5	5
1278.000	0	0	9	3	23	11	2	11	5	3	22	0	0	3	0	1	0	0	3	0	0	20	8	6
1278.200	0	0	6	2	26	8	2	9	5	4	16	0	0	3	0	2	0	0	6	0	0	17	5	14
1278.400	0	0	5	2	22	14	2	9	5	5	19	0	0	1	0	1	0	0	1	0	0	17	3	3
1278.600	0	0	9	2	23	10	3	5	4	2	13	0	0	1	0	1	0	0	2	0	0	20	6	3
1278.800	0	0	7	6	24	10	2	13	3	3	18	0	0	5	0	1	0	0	6	0	0	20	6	0
1279.000	0	0	7	3	24	18	4	7	2	4	17	0	0	5	0	1	0	0	7	0	0	23	4	2
1279.200	0	0	11	2	20	12	1	12	6	3	17	0	0	3	0	2	0	0	7	0	0	20	5	6
1279.400	0	0	9	5	20	13	1	8	6	4	14	0	0	5	0	3	0	0	1	0	0	19	5	5
1279.600	0	0	14	4	22	7	2	8	3	4	14	0	0	2	0	2	0	0	6	0	0	19	2	2
1279.800	0	0	11	2	15	5	1	5	4	4	16	0	0	3	0	4	0	0	5	0	0	16	3	3
1280.000	0	0	15	4	22	10	3	6	3	4	11	0	0	2	0	4	0	0	7	0	0	15	6	4
1280.200	0	0	12	5	25	9	2	3	7	4	11	0	0	2	0	4	0	0	4	0	0	19	3	4
1280.400	0	0	6	2	16	8	2	4	3	3	17	0	0	5	0	5	1	0	0	0	0	14	2	1
1280.600	0	0	7	3	17	8	2	9	4	3	10	0	0	3	0	6	0	0	2	0	0	20	4	5
1280.800	0	0	7	2	22	11	1	7	6	5	8	0	0	4	0	3	0	0	2	0	0	15	2	6
1281.000	0	0	6	2	18	12	2	6	3	4	13	0	0	5	0	5	1	0	4	0	0	24	3	9
1281.200	0	0	6	2	19	10	5	10	7	1	13	0	0	5	0	2	0	0	5	0	0	18	3	8
1281.400	1	0	6	2	24	13	1	13	8	4	17	0	0	4	0	2	0	0	6	0	0	22	4	8
1281.600	0	0	6	2	17	10	1	10	6	3	24	0	0	5	0	1	0	0	1	0	0	19	5	4
1281.800	0	0	6	2	21	13	0	5	4	4	11	0	0	3	0	3	0	0	3	0	0	17	4	6
1282.000	1	0	7	2	22	11	0	9	6	4	11	0	0	5	0	6	0	0	5	0	0	18	5	5
1282.200	0	0	11	3	21	11	1	11	7	4	14	0	0	5	0	6	1	0	1	0	0	17	3	2
1282.400	0	0	10	2	23	11	1	11	8	5	16	0	0	5	0	4	1	0	6	0	0	22	7	8
1282.600	1	0	9	2	24	4	2	9	5	3	12	0	0	2	0	4	1	0	0	0	0	18	3	5
1282.800	3	0	7	5	21	7	3	14	5	4	18	0	0	4	0	3	0	0	0	0	0	14	0	4
1283.000	2	0	8	5	23	12	3	10	4	5	11	0	0	5	0	2	0	0	3	0	0	21	3	4
1283.200	3	0	9	2	14	10	2	10	4	3	16	0	0	4	0	1	0	0	3	0	0	15	3	4
1283.400	1	0	10	2	23	13	2	10	8	4	16	0	0	5	0	3	0	0	2	0	0	23	5	13
1283.600	1	0	10	2	22	17	3	4	4	4	14	0	0	6	0	2	0	0	1	0	0	22	5	13
1283.800	1	0	9	2	19	9	3	12	7	3	19	0	0	3	0	3	1	0	6	0	0	25	6	8
1284.000	1	0	10	4	15	12	2	10	5	3	12	0	0	3	0	3	2	0	1	0	0	18	4	18
1284.200	3	0	10	2	13	12	2	6	4	2	13	0	0	6	0	4	3	0	2	0	0	21	3	15
1284.400	0	0	9	3	17	12	2	9	8	5	11	0	0	5	0	4	4	1	2	0	0	18	5	12
1284.600	2	0	8	2	24	16	2	11	6	3	19	0	0	3	0	5	1	0	0	0	0	13	4	12
1284.800	4	0	10	3	18	13	1	7	6	3	24	0	0	5	0	7	2	0	2	0	0	17	3	14
1285.000	6	0	11	2	14	6	2	7	6	3	6	0	0	6	0	4	2	0	3	0	0	17	4	6
1285.200	5	0	10	2	12	9	1	13	6	4	14	0	0	4	0	7	1	0	2	0	0	20	4	13
1285.400	5	0	10	2	14	7	2	11	3	4	16	0	0	6	0	7	1	0	2	0	0	25	2	8
1285.600	4	0	8	5	17	9	2	11	6	3	18	0	0	5	0	7	2	0	2	0	0	19	3	6
1285.800	5	0	10	5	18	8	1	9	5	3	14	0	0	6	0	10	1	0	2	0	0	16	4	2
1286.000	4	0	9	2	14	4	1	6	3	3	15	0	0	0	0	4	1	0	2	0	0	12	5	2
1286.200	4	0	7	2	17	8	1	12	6	1	20	0	0	2	0	9	2	0	4	0	0	17	4	1
1286.400	5	0	7	2	19	7	2	12	4	3	10	0	0	2	0	7	1	0	2	0	0	11	2	6
1286.600	4	0	11	3	21	7	2	9	3	3	10	0	0	1	0	5	1	0	1	0	0	18	4	1
1286.800	2	0	8	2	24	7	2	8	2	2	11	0	0	4	0	8	1	0	2	0	0	19	4	4
1287.000	6	0	7	3	23	18	5	3	4	4	16	0	0	0	0	6	1	0	7	0	0	17	2	3
1287.200	11	0	5	4	20	19	6	4	2	4	16	0	0	6	0	8	1	1	0	0	0	21	3	3
1287.400	10	0	10	2	22	19	2	2	3	4	17	0	0	5	0	12	2	0	2	0	0	18	4	2
1287.600	8	0	9	5	21	13	2	3	5	5	20	0	0	6	0	7	0	0	5	0	0	14	1	5
1287.800	6	0	8	2	18	8	1	1	5	4	11	0	0	5	0	3	1	0	4	0	0	19	3	5
1288.000	10	0	12	4	22	10	3	3	5	5	11	0	0	6	0	10	1	0	8	0	0	22	1	2
1288.200	7	0	13	2	17	12	1	2	2	4	19	0	0	5	0	6	1	0	3	0	0	21	3	5
1288.400	10	0	10	2	18	10	1	4	2	3	20	0	0	4	0	11	3	0	4	0	0	24	1	5
1288.600	11	0	11	6	20	9	1	5	3	4	12	0	0	4	0	6	2	0	7	0	0	20	1	3
1288.800	10	0	12	2	13	9	2	7	2	2	17	0	0	4	0	10	5	0	2	0	0	23	1	4
1289.000	11	0	10	2	18	13	2	8	3	4	12	0	0	5	0	7	3	0	3	0	0	18	5	4
1289.200	9	0	11	2	18	12	0	4	2	2	16	0	0	5	0	4	4	0	2	0	0	19	3	3
1289.400	9	0	9	6	22	10	2	7	5	5	20	0	0	4	0	5	4	0	3	0	0	23	1	6
1289.600	9	0	11	3	18	16	2	5	4	4	16	0	0	4	0	3	6	0	5	0	0	17	2	3
1289.800	7	0	11	5	25	7	2	11	3	4	14	0	0	6	0	6	2	0	9	0	0	18	3	5
1290.000	8	0	12	5	23	12	1	9	3	4	12	0	0	5	0	7	4	0	2	0	0	21	2	3
1290.200	8	0	13	2	20	11	2	11	2	3	13	0	0	7	0	11	1	0	8	0	0	21	2	4
1290.400	8	0	13	5	25	9	2	9	2	5	16	0	0	4	0	6	4	0	5	0	0	22	0	5
1290.600	11	0	12	7	19	10	2	8	3	1	8	0	0	7	0	9	5	0	6	0	0	19	2	4
1290.800	11	0	10	2	17	6	2	10	3	1	12	0	0	6	0	5	4	0	4	0	0	14	0	3
1291.000	9	0	11	2	23	8	0	11	8	5	15	0	0	6	0	8	4	0	3	0	0	21	0	2
1291.200	12	0	8	2	17	13	0	9	7	5	6	0	0	3	0	3	4	0	2	0	0	19	0	3
1291.400	11	0	12	6	16	13	3	7	4	4	13	0	0	5	0	5	3	0	4	0	0	21	0	0
1291.600	9	0	11	2	17	9	1	1	2	4	16	0	0	5	0	8	3	0	2	0	0	27	2	1
1291.800	10	0	12	2	17	12	1	12	8	5	14	0	0	5	0	5	3	0	2	0	0	20	2	1
1292.000	6	0	7	2	21	8	2	6	5	0	16	0	0	5	0	5	3	0	2	0	0	20	1	1
1292.200	4	0	7	2	16	5	2	15	7	0	12	0	0	5	0	4	6	0	0	0	0	21	0	1
1292.400	10	0	11	2	19	11	2	10	2	0	13	0	0	2	0	4	6	0	0	0	0	22	3	2
1292.600	10	0	11	5	16	10	2	11	5	0	17	0	0	1	0	5	3	0	0	0	0	25	2	7
1292.800	9	0	11	2	21	9	2	11	5	0	20	0	0	2	0	3	1	0	0	0	0	21	2	4
1293.000	7	0	11	2	23	10	2	12	5	0	19	0	0	2	0	6	2	0	0	0	0	21	5	4
1293.200	8	0	10	3	20	12	2	12	2	0	19	0	0	2	0	7	2	0	0	0	0	19	0	4
1293.400	9	0	8	2	23	9	2	15	5	0	17	0	0	2	0	10	2	0	0	0	0	21	0	6
1293.600	11	0	10	2	20	5	2	13	2	0	18	0	0	1	0	4	0	0	0	0	0	21	3	8
1293.800	9	0	8	2	14	6	2	8	4	0	7	0	0	4	0	5	2	0	0	0	0	12	0	5
1294.000	7	0	7	2	18	6	2	8	4	0	20	0	0	4	0	4	1	0	0	0	0	14	4	4
1294.200	12	0	11	2	22	5	2	14	2	0	6	0	0	1	0	4	2	0	0	0	0	20	1	7
1294.400	10	0	8	4	23	12	1	8	6	0	12	0	0	2	0	5	2	0	0	0	0	16	2	4
1294.600	11	0	10	2	18	17	2	9	2	0	9	0	0	3	0	5	2	0	0	0	0	13	1	4
1294.800	7	0	11	2	17	8	0	12	4	0	18	0	0	4	0	5	1	0	0	0	0	17	1	8
1295.000	9	0	12	2	14	12	4	12	3	0	11	0	0	3	0	5	0	0	0	0	0	14	4	6
1295.200	8	0	10	5	14	10	3	8	2	0	9	0	0	3	0	6	3	0	0	0	0	15	1	5
1295.400	9	0	13	2	24	9	1	5	2	0	21	0	0	2	0	6	0	0	0	0	0	17	4	7
1295.600	8	0	9	3	21	14	4	11	4	0	18	0	0	3	0	4	0	0	0	0	0	15	4	4
1295.800	9	0	11	2	19	11	2	15	8	0	15	0	0	3	0	4	1	0	0	0	0	15	2	1
1296.000	8	0	7	2	30	10	2	5	2	0	11	0	0	5	0	5	0	0	0	0	0	11	1	5
1296.200	9	0	9	2	19	11	1	9	4	0	10	0	0	4	0	3	1	0	0	0	0	13	4	2
1296.400	10	0	12	2	25	9	2	8	1	0	15	0	0	5	0	6	1	0	0	0	0	20	1	3
1296.600	8	0	9	2	19	12	2	10	4	0	15	0	0	5	0	7	0	0	0	0	0	20	1	3
1296.800	9	0	13	2	28	8	2	8	4	0	17	0	0	4	0	4	0	0	0	0	0	18	2	4
1297.000	5	0	13	4	24	8	1	10	2	0	16	0	0	10	0	3	1	0	0	0	0	17	1	3
1297.200	7	0	9	2	23	11	2	15	8	0	11	0	0	4	0	4	1	0	0	0	0	13	4	2
1297.400	10	0	13	4	21	11	2	9	6	0	9	0	0	6	0	5	0	0	0	0	0	11	0	0
1297.600	9	0	11	4	19	15	4	11	5	0	13	0	0	8	0	5	0	0	0	0	0	9	1	3
1297.800	9	0	10	2	21	13	2	14	2	0	6	0	0	6	0	4	0	0	0	0	0	9	0	2
1298.000	6	0	11	2	32	10	3	13	5	0	10	0	0	4	0	3	0	0	0	0	0	14	1	2
1298.200	8	0	8	2	26	7	2	7	2	0	11	0	0	7	0	4	1	0	0	0	0	9	1	2
1298.400	8	0	12	3	38	9	4	7	2	0	8	0	0	0	0	4	0	0	0	0	0	13	1	1
1298.600	6	0	10	2	26	12	3	9	4	0	9	0	0	6	0	4	0	0	0	0	0	13	2	4
1298.800	8	0	13	5	25	14	3	11	2	0	5	0	0	6	0	5	0	0	0	0	0	11	1	0
1299.000	10	0	11	5	27	9	4	17	7	0	7	0	0	4	0	5	0	0	0	0	0	20	4	3
1299.200	6	0	10	2	27	7	2	10	2	0	21	0	0	2	0	11	0	0	0	0	0	18	2	3
1299.400	9	0	14	2	27	8	2	13	4	0	16	0	0	6	0	3	0	0	0	0	0	19	4	3
1299.600	6	0	13	3	14	5	2	11	4	0	16	0	0	5	0	4	0	0	0	0	0	20	0	0
1299.800	10	0	10	2	21	6	2	10	3	0	17	0	0	7	0	5	0	0	0	0	0	21	1	3
1300.000	8	0	10	2	17	9	1	12	4	0	14	0	0	6	0	3	0	0	0	0	0	23	2	0
1300.200	6	0	10	6	25	12	4	8	2	0	3	0	0	9	0	7	0	0	0	0	0	16	2	4
1300.400	6	0	11	2	22	10	2	7	2	0	7	0	0	6	0	5	0	0	0	0	0	19	2	4
1300.600	7	0	10	2	25	8	2	6	2	0	9	0	0	4	0	2	0	0	0	0	0	15	1	4
1300.800	4	0	10	5	21	8	2	5	4	0	13	0	0	7	0	2	0	0	0	0	0	14	3	4
1301.000	8	0	14	3	15	9	2	11	4	0	10	0	0	10	0	2	2	0	0	0	0	14	4	3
1301.200	11	0	12	5	21	7	3	9	2	0	9	0	0	3	0	5	0	0	0	0	0	15	1	3
1301.400	6	0	9	5	20	8	2	7	2	0	10	0	0	5	0	3	2	0	0	0	0	16	2	4
1301.600	10	0	11	2	24	8	3	9	3	0	9	0	0	7	0	5	0	0	0	0	0	10	1	4
1301.800	10	0	15	4	28	8	1	8	2	0	11	0	0	5	0	3	2	0	0	0	0	11	1	1
1302.000	7	0	13	4	21	11	2	5	2	0	11	0	0	5	0	3	2	0	0	0	0	19	2	1
1302.200	5	0	12	2	26	9	1	5	2	0	4	0	0	5	0	3	2	0	0	0	0	17	4	3
1302.400	8	0	8	2	19	9	3	11	2	0	16	0	0	4	0	8	0	0	0	0	0	14	0	3
1302.600	9	0	9	5	21	8	2	4	0	0	12	0	0	4	0	6	2	0	0	0	0	15	3	2
1302.800	8	0	11	2	20	7	2	7	0	0	8	0	0	4	0	1	0	0	0	0	0	24	3	1
1303.000	6	0	8	2	19	10	2	8	3	0	10	0	0	4	0	3	0	0	0	0	0	9	1	3
1303.200	8	0	12	3	19	8	2	5	0	0	7	0	0	5	0	2	6	0	0	0	0	23	4	6
1303.400	11	0	11	5	25	6	2	9	3	0	10	0	0	5	0	5	1	0	0	0	0	11	3	4
1303.600	10	0	10	5	22	8	2	7	2	0	19	0	0	6	0	6	0	0	0	0	0	3	0	3
1303.800	8	0	11	5	19	6	2	8	2	0	19	0	0	4	0	3	3	0	0	0	0	6	0	3
1304.000	9	0	8	2	20	8	1	6	2	0	14	0	0	6	0	11	1	0	0	0	0	13	3	3
1304.200	11	0	11	3	23	11	2	8	2	0	14	0	0	6	0	5	5	0	0	0	0	6	0	6
1304.400	4	0	7	2	20	13	2	7	2	0	17	0	0	8	0	4	4	0	0	0	0	15	1	0
1304.600	8	0	6	3	21	7	3	12	6	0	16	0	0	5	0	4	3	0	0	0	0	17	4	7
1304.800	6	0	11	2	22	7	1	9	2	0	9	0	0	5	0	7	2	0	0	0	0	14	3	8
1305.000	9	0	10	2	25	8	2	9	2	0	20	0	0	4	0	4	0	0	0	0	0	14	3	7
1305.200	10	0	10	3	23	16	2	8	4	0	14	0	0	4	0	4	0	0	0	0	0	17	3	8
1305.400	9	0	7	2	24	9	2	9	2	0	13	0	0	4	0	4	0	0	0	0	0	18	1	5
1305.600	7	0	11	2	25	2	1	11	2	0	13	0	0	4	0	4	2	0	0	0	0	18	1	6
1305.800	8	0	11	5	26	14	4	13	4	0	7	0	0	4	0	3	3	0	0	0	0	14	2	0
1306.000	10	0	10	5	20	7	2	14	5	0	8	0	0	4	0	1	3	0	0	0	0	11	0	3
1306.200	10	0	14	2	27	10	2	10	4	0	11	0	0	4	0	2	2	0	0	0	0	20	1	4
1306.400	5	0	12	6	29	9	1	10	2	0	8	0	0	5	0	4	2	0	0	0	0	20	2	3
1306.600	6	0	12	3	26	5	2	11	4	0	7	0	0	6	0	1	1	0	0	0	0	13	1	5
1306.800	9	0	10	3	21	6	2	11	3	0	10	0	0	6	0	4	1	0	0	0	0	12	1	3
1307.000	5	0	10	2	18	7	0	9	2	0	8	0	0	6	0	0	1	0	0	0	0	10	0	4
1307.200	10	0	10	3	20	11	1	5	2	0	5	0	0	9	0	0	3	0	0	0	0	15	1	3
1307.400	8	0	11	3	24	7	1	5	2	0	8	0	0	4	0	2	3	0	0	0	0	19	0	3
1307.600	10	0	13	6	29	11	2	9	2	0	10	0	0	4	0	3	3	0	0	0	0	8	0	1
1307.800	11	0	6	2	28	11	2	10	2	0	7	0	0	6	0	4	4	0	0	0	0	13	3	4
1308.000	10	0	9	7	28	15	3	11	2	0	14	0	0	6	0	1	3	0	0	0	0	11	1	3
1308.200	7	0	9	2	27	10	2	13	3	0	17	0	0	5	0	2	3	0	0	0	0	21	1	3
1308.400	11	0	9	5	27	11	2	12	4	0	12	0	0	6	0	0	3	0	0	0	0	22	0	3
1308.600	10	0	12	3	22	6	3	12	4	0	18	0	0	5	0	2	3	0	0	0	0	16	4	3
1308.800	7	0	11	6	22	9	2	5	2	0	13	0	0	7	0	3	3	0	0	0	0	12	3	3
1309.000	7	0	11	6	27	8	3	9	2	0	10	0	0	5	0	1	3	0	0	0	0	12	2	3
1309.200	10	0	6	2	17	7	3	9	5	0	12	0	0	5	0	1	2	0	0	0	0	19	4	3
1309.400	4	0	11	2	19	9	1	7	2	0	11	0	0	5	0	2	4	0	0	0	0	11	1	5
1309.600	4	0	5	2	19	13	4	7	2	0	11	0	0	6	0	0	1	0	0	0	0	10	1	3
1309.800	4	0	6	2	28	8	3	7	3	0	11	0	0	6	0	1	1	0	0	0	0	9	2	0
1310.000	10	0	10	3	27	3	2	10	3	0	14	0	0	5	0	1	0	0	0	0	0	7	3	0
1310.200	5	0	10	3	27	8	2	5	2	0	11	0	0	5	0	8	0	0	0	0	0	18	3	3
1310.400	5	0	7	2	20	9	2	8	2	0	8	0	0	4	0	6	1	0	0	0	0	19	4	5
1310.600	3	0	9	2	19	10	2	10	2	0	8	0	0	4	0	7	1	0	0	0	0	20	4	6
1310.800	6	0	9	3	26	7	2	9	2	0	7	0	0	5	0	7	1	0	0	0	0	18	4	6
1311.000	8	0	11	3	19	7	3	12	3	0	6	0	0	5	0	8	1	0	0	0	0	17	6	6
1311.200	9	0	8	3	21	6	3	9	1	1	9	0	0	6	0	4	0	0	0	0	0	6	4	2
1311.400	5	0	12	7	25	9	1	8	4	0	10	0	0	4	0	8	1	0	0	0	0	17	5	5
1311.600	9	0	12	2	24	9	2	7	2	0	7	0	0	4	0	6	1	0	0	0	0	10	3	6
1311.800	7	0	10	3	21	11	1	8	2	1	8	0	0	4	0	9	1	0	0	0	0	16	1	4
1312.000	6	0	11	5	24	12	3	10	2	0	8	0	0	5	0	10	1	0	0	0	0	23	4	7
1312.200	5	0	11	2	24	12	2	7	0	0	8	0	0	4	0	12	1	0	0	0	0	13	2	6
1312.400	5	0	11	2	25	10	3	7	2	0	4	0	0	7	0	9	1	0	0	0	0	16	7	5
1312.600	8	0	12	5	29	7	2	10	2	0	8	0	0	6	0	6	1	0	0	0	0	16	4	2
1312.800	8	0	11	2	23	8	2	9	2	0	9	0	0	4	0	5	0	0	0	0	0	15	7	3
1313.000	5	0	13	3	17	7	2	8	0	1	9	0	0	5	0	0	0	0	0	0	0	19	2	4
1313.200	5	0	11	5	21	5	2	7	1	0	8	0	0	4	0	5	1	0	0	0	0	12	4	7
1313.400	6	0	8	6	19	10	2	12	3	0	8	0	0	4	0	1	2	0	0	0	0	16	4	7
1313.600	5	0	12	6	18	10	2	11	3	0	9	0	0	6	0	2	3	0	0	0	0	26	4	1
1313.800	7	0	12	6	26	5	2	10	2	0	9	0	0	4	0	1	2	0	0	0	0	20	4	1
1314.000	9	0	9	6	23	5	1	8	2	0	10	0	0	4	0	0	1	0	0	0	0	10	1	4
1314.200	7	0	6	6	24	11	1	11	1	0	8	0	0	5	0	0	0	0	0	0	0	16	4	2
1314.400	7	0	9	5	22	11	2	9	1	0	7	0	0	4	0	0	0	0	0	0	0	19	3	4
1314.600	8	0	11	6	26	6	1	3	2	0	7	0	0	6	0	0	0	0	0	0	0	15	4	3
1314.800	8	0	6	4	20	7	2	9	2	0	10	0	0	7	0	0	1	0	0	0	0	12	4	5
1315.000	5	0	11	4	19	13	2	8	3	0	6	0	0	7	0	7	3	0	0	0	0	15	4	4
1315.200	9	0	8	6	21	8	2	9	2	0	5	0	0	6	0	0	4	0	0	0	0	14	4	3
1315.400	7	0	11	5	22	6	1	8	2	0	9	0	0	6	0	1	2	0	0	0	0	19	5	2
1315.600	5	0	11	2	29	11	2	13	3	0	9	0	0	6	0	0	3	0	0	0	0	19	2	2
1315.800	5	0	11	2	24	12	1	8	2	0	11	0	0	5	0	0	0	0	0	0	0	22	5	2
1316.000	5	0	10	2	32	5	0	5	2	0	9	0	0	4	0	1	0	0	0	0	0	22	0	1
1316.200	6	0	14	3	32	13	2	12	2	0	8	0	0	4	0	1	1	0	0	0	0	16	1	2
1316.400	4	0	6	2	31	5	2	13	2	0	8	0	0	5	0	1	0	0	0	0	0	10	0	2
1316.600	11	0	7	2	18	8	5	11	1	0	6	0	0	7	0	1	3	0	0	0	0	13	1	0
1316.800	8	0	11	2	23	11	1	7	2	0	6	0	0	6	0	1	2	0	0	0	0	15	3	3
1317.000	5	0	12	2	34	10	2	14	2	1	3	0	0	7	0	1	1	0	0	0	0	19	1	2
1317.200	5	0	11	6	27	9	1	10	1	0	8	0	0	4	0	3	0	0	0	1	0	15	4	4
1317.400	7	0	11	2	26	8	2	13	2	1	10	0	0	7	0	3	2	0	0	0	0	23	2	2
1317.600	7	0	9	2	28	8	2	10	2	0	7	0	0	5	0	4	4	0	0	0	0	11	4	0
1317.800	10	0	8	2	32	12	1	15	2	0	9	0	0	5	0	1	4	0	0	0	0	16	6	1
1318.000	6	0	11	2	26	10	1	11	0	1	8	0	0	4	0	8	3	0	0	0	0	17	5	0
1318.200	6	0	11	4	25	7	3	16	3	0	11	0	0	5	0	3	4	0	0	0	0	16	3	2
1318.400	8	0	12	6	28	9	2	10	1	0	9	0	0	5	0	1	0	0	0	0	0	15	1	2
1318.600	7	0	12	4	29	11	2	8	1	1	9	0	0	4	0	0	1	0	0	0	0	17	1	2
1318.800	7	0	11	2	19	9	2	12	2	0	12	0	0	8	0	3	4	0	0	0	0	18	0	0
1319.000	7	0	10	2	17	8	2	15	2	0	1	0	0	6	0	0	0	0	0	0	0	19	1	1
1319.200	8	0	13	2	31	7	3	13	2	0	2	0	0	7	0	0	2	0	0	0	0	16	1	2
1319.400	9	0	12	5	23	9	2	9	1	1	6	0	0	7	0	0	1	0	0	0	0	22	1	4
1319.600	8	0	12	3	27	14	2	9	2	0	2	0	0	4	0	1	3	0	0	0	0	21	8	4
1319.800	5	0	9	2	23	9	2	10	2	0	3	0	0	4	0	4	0	0	0	0	0	17	1	2
1320.000	3	0	10	2	29	12	4	10	2	0	1	0	0	5	0	3	4	0	0	0	0	25	3	2
1320.200	4	0	10	2	24	10	3	14	2	0	0	0	0	5	0	9	3	0	0	0	0	21	1	0
1320.400	3	0	9	2	20	11	0	3	2	0	1	0	0	8	0	13	3	0	0	0	0	20	8	6
1320.600	8	0	10	2	25	16	0	3	2	0	2	0	0	5	0	9	3	0	0	0	0	20	1	7
1320.800	8	0	7	4	27	10	2	9	2	0	1	0	0	5	0	3	3	0	0	0	0	19	1	4
1321.000	7	0	11	4	19	11	2	13	5	0	1	0	0	4	0	4	0	0	0	0	0	17	0	5
1321.200	10	0	14	4	22	9	3	11	5	0	1	0	0	5	0	1	3	0	0	0	0	18	1	3
1321.400	7	0	11	4	17	8	1	8	2	0	1	0	0	7	0	3	3	0	0	0	0	10	1	5
1321.600	10	0	12	4	26	7	2	10	2	0	1	0	0	5	0	2	1	0	0	0	0	20	2	5
1321.800	8	0	8	3	26	7	1	9	2	0	1	0	0	6	0	4	1	0	0	0	0	18	3	6
1322.000	10	0	14	2	24	11	2	8	2	0	1	0	0	5	0	2	0	0	0	0	0	25	11	0
1322.200	6	0	13	6	24	8	2	9	2	0	1	0	0	4	0	9	3	0	0	0	0	22	4	2
1322.400	9	0	11	2	30	11	2	9	2	1	9	0	0	5	0	4	1	0	0	0	0	18	3	3
1322.600	8	0	9	2	24	10	3	8	2	0	9	0	0	5	0	2	3	0	0	0	0	18	4	3
1322.800	6	0	11	2	19	8	0	12	5	0	13	0	0	5	0	1	3	0	0	0	0	18	1	0
1323.000	7	0	8	5	28	10	2	10	4	0	8	0	0	5	0	1	3	0	0	0	0	15	3	0
1323.200	11	0	12	5	23	6	2	7	2	0	5	0	0	6	0	1	4	0	0	0	0	25	3	3
1323.400	9	0	12	4	24	9	2	7	2	0	7	0	0	5	0	4	2	0	0	0	0	13	6	6
1323.600	8	0	8	4	24	7	3	11	2	0	12	0	0	5	0	8	3	0	0	0	0	17	5	5
1323.800	8	0	11	6	26	11	1	10	2	0	10	0	0	6	0	1	3	0	0	0	0	15	3	4
1324.000	6	0	11	2	32	8	2	9	2	0	9	0	0	4	0	3	1	0	0	0	0	19	5	0
1324.200	6	0	10	4	33	10	2	11	3	0	9	0	0	4	0	3	1	0	0	0	0	18	3	0
1324.400	6	0	7	2	27	12	2	7	2	0	9	0	0	4	0	2	2	0	0	0	0	19	10	5
1324.600	4	0	10	2	29	10	2	7	2	0	2	0	0	4	0	3	2	0	0	0	0	24	7	2
1324.800	4	0	10	4	23	7	2	6	3	0	3	0	0	5	0	5	3	0	0	0	0	20	9	3
1325.000	6	0	9	2	30	6	1	7	2	0	1	0	0	4	0	0	3	0	0	0	0	14	6	3
1325.200	5	0	9	2	26	7	2	12	3	0	1	0	0	5	0	4	3	0	0	0	0	17	7	0
1325.400	6	0	10	2	14	6	2	9	2	0	1	0	0	4	0	2	4	0	0	0	0	13	7	6
1325.600	3	0	7	2	26	3	2	14	5	0	1	0	0	4	0	7	2	0	0	0	0	18	4	3
1325.800	10	0	11	2	27	10	2	8	2	0	2	0	0	6	0	3	5	0	0	0	0	17	6	0
1326.000	7	0	5	2	26	8	1	6	2	0	2	0	0	5	0	4	1	0	0	0	0	11	3	2
1326.200	11	0	13	2	30	7	2	7	2	0	1	0	0	5	0	10	3	0	0	0	0	12	1	3
1326.400	6	0	11	3	25	8	1	6	2	0	1	0	0	4	0	14	0	0	0	0	0	19	3	2
1326.600	11	0	9	3	17	7	2	12	3	0	1	0	0	4	0	16	5	0	0	0	0	9	2	4
1326.800	7	0	10	3	26	12	2	9	2	0	0	0	0	4	0	9	3	0	0	0	0	9	1	3
1327.000	10	0	14	2	24	9	2	11	2	0	1	0	0	5	0	16	2	0	0	0	0	21	4	4
1327.200	5	0	12	4	21	15	1	8	2	0	1	0	0	4	0	8	2	0	0	0	0	13	3	0
1327.400	4	0	11	3	28	10	3	15	4	0	1	0	0	4	0	17	5	0	0	0	0	19	3	7
1327.600	8	0	10	4	28	11	2	8	2	0	4	0	0	4	0	14	3	0	0	0	0	10	2	6
1327.800	7	0	9	2	27	10	3	9	2	0	3	0	0	5	0	11	3	0	0	0	0	17	4	1
1328.000	6	0	10	2	27	12	1	6	2	0	1	0	0	5	0	18	5	0	0	0	0	20	2	6
1328.200	4	0	11	2	30	10	2	5	2	0	4	0	0	4	0	16	4	0	0	0	0	14	1	5
1328.400	7	0	11	2	37	9	2	7	2	0	0	0	0	4	0	8	3	0	0	0	0	12	1	1
1328.600	5	0	10	2	33	10	2	9	2	0	3	0	0	4	0	6	2	0	0	0	0	19	1	1
1328.800	7	0	11	2	31	12	3	10	3	0	4	0	0	5	0	7	2	0	0	0	0	14	0	1
1329.000	5	0	12	2	23	14	5	12	15	0	8	0	0	5	0	8	0	0	0	0	0	14	7	6
1329.200	4	0	11	2	26	7	4	14	9	1	6	0	0	4	0	8	0	0	0	0	0	20	5	2
1329.400	4	0	9	2	19	10	2	9	13	1	4	0	0	5	0	8	0	0	0	0	0	14	3	6
1329.600	7	0	10	2	26	8	2	10	4	0	3	0	0	5	0	8	4	0	0	0	0	11	5	6
1329.800	5	0	8	7	23	7	2	13	6	0	5	0	0	5	0	1	0	0	0	0	0	8	7	12
1330.000	8	0	9	3	23	11	2	10	5	0	7	0	0	6	0	0	0	0	0	0	0	18	6	10
1330.200	9	0	8	6	22	12	2	11	6	0	3	0	0	6	0	5	0	0	0	0	0	14	2	1
1330.400	6	0	8	2	14	11	2	12	10	1	2	0	0	5	0	0	1	0	0	0	0	16	7	1
1330.600	5	0	10	2	24	12	3	14	13	0	3	0	0	5	0	0	3	0	0	0	0	14	3	5
1330.800	7	0	11	5	23	12	4	14	10	0	1	0	0	5	0	0	4	0	0	0	0	19	7	4
1331.000	3	0	13	2	28	6	2	10	6	0	5	0	0	4	0	0	3	0	0	0	0	16	2	5
1331.200	6	0	10	2	25	5	5	9	2	0	1	0	0	4	0	0	2	0	0	0	0	16	3	1
1331.400	7	0	12	5	26	8	2	10	4	0	3	0	0	5	0	0	1	0	0	0	0	18	8	4
1331.600	7	0	8	2	24	10	2	9	2	0	2	0	0	6	0	0	1	0	0	0	0	15	7	7
1331.800	9	0	11	2	29	9	2	7	3	0	3	0	0	9	0	1	2	0	0	0	0	15	8	6
1332.000	9	0	11	3	21	14	4	11	4	0	2	0	0	6	0	0	1	0	0	0	0	9	10	6
1332.200	9	0	6	2	26	6	2	10	3	0	9	0	0	6	0	0	1	0	0	0	0	6	0	2
1332.400	3	0	11	3	29	6	2	11	6	0	6	0	0	7	0	1	0	0	0	0	0	15	6	7
1332.600	6	0	10	4	23	11	2	9	5	0	7	0	0	4	0	0	1	0	0	0	0	15	2	3
1332.800	8	0	12	2	23	8	3	14	5	0	8	0	0	4	0	0	0	0	0	0	0	19	2	8
1333.000	9	0	6	3	24	10	3	13	4	0	6	0	0	4	0	0	0	0	6	0	0	20	9	5
1333.200	8	0	10	2	21	9	3	11	1	0	6	0	0	4	0	0	0	0	0	0	0	20	10	6
1333.400	9	0	8	2	18	9	2	9	2	0	0	0	0	8	0	1	0	0	0	0	0	23	8	2
1333.600	7	0	11	2	21	8	2	9	2	0	4	0	0	11	0	0	0	0	2	0	0	18	1	3
1333.800	8	0	11	5	21	8	1	5	2	0	5	0	0	5	0	2	0	0	0	0	0	19	1	1
1334.000	6	0	11	5	22	16	2	7	2	0	2	0	0	4	0	0	1	0	6	0	0	17	2	3
1334.200	7	0	5	2	28	19	1	5	1	0	1	0	0	8	0	2	2	0	4	0	0	15	3	5
1334.400	8	0	11	5	34	11	1	10	2	0	5	0	0	7	0	1	0	0	9	0	0	16	1	0
1334.600	7	0	4	7	33	11	2	12	7	0	4	0	0	4	0	1	0	0	9	0	0	19	1	0
1334.800	10	0	4	4	29	11	3	10	4	0	7	0	0	5	0	1	1	0	5	0	0	15	5	4
1335.000	7	0	7	5	21	10	1	4	2	0	3	0	0	8	0	3	2	0	9	0	0	14	2	2
1335.200	7	0	6	2	29	11	2	8	6	0	4	0	0	9	0	5	1	0	5	0	0	24	5	5
1335.400	7	0	12	2	23	13	2	6	2	0	3	0	0	9	0	1	0	0	6	0	0	19	2	5
1335.600	11	0	10	6	26	8	2	10	2	0	5	0	0	6	0	2	0	0	8	0	0	16	5	4
1335.800	6	0	11	3	22	10	2	9	4	0	8	0	0	4	0	2	1	0	14	0	0	16	10	6
1336.000	7	0	6	4	22	14	1	6	3	0	5	0	0	4	0	4	1	0	9	0	0	8	7	6
1336.200	6	0	10	2	27	7	2	11	4	0	1	0	0	1	0	2	1	0	6	0	0	15	6	6
1336.400	5	0	8	2	19	10	2	12	5	0	5	0	0	4	0	1	1	0	8	0	0	18	9	7
1336.600	7	0	13	3	18	8	2	11	6	0	6	0	0	3	0	10	1	0	5	0	0	18	3	4
1336.800	10	0	9	2	22	10	2	9	3	0	0	0	0	4	0	10	0	0	14	0	0	17	5	3
1337.000	5	0	10	7	27	10	2	9	1	0	3	0	0	3	0	7	0	0	8	0	0	13	9	8
1337.200	9	0	14	5	21	5	2	14	4	0	6	0	0	4	0	9	0	0	7	0	0	17	6	4
1337.400	6	0	9	2	24	17	2	8	2	0	6	0	0	2	0	2	1	0	9	0	0	21	7	2
1337.600	5	0	10	3	21	8	2	12	3	0	5	0	0	3	0	5	1	0	3	0	0	19	8	7
1337.800	6	0	8	7	22	10	1	9	2	0	9	0	0	0	0	8	0	0	7	0	0	13	7	8
1338.000	10	0	13	3	22	9	2	9	2	0	3	0	0	2	0	3	0	0	6	0	0	14	5	7
1338.200	8	0	9	5	32	15	2	12	4	0	4	0	0	1	0	6	0	0	7	0	0	17	5	5
1338.400	7	0	8	5	21	11	2	9	2	0	5	0	0	1	0	7	0	0	10	0	0	19	2	0
1338.600	6	0	8	6	18	10	1	9	2	0	2	0	0	1	0	7	0	0	2	0	0	17	3	5
1338.800	8	0	11	2	17	11	2	7	2	0	6	0	0	2	0	5	2	0	5	0	0	13	0	5
1339.000	10	0	8	4	24	7	2	9	2	0	6	0	0	1	0	8	0	0	6	0	0	23	0	1
1339.200	6	0	10	2	23	9	3	9	2	0	4	0	0	0	0	1	1	0	5	0	0	21	0	3
1339.400	9	0	11	3	19	8	2	12	5	0	1	0	0	0	0	0	0	0	2	0	0	12	1	0
1339.600	6	0	11	6	14	7	2	11	3	0	3	0	0	0	0	3	0	0	7	0	0	22	1	4
1339.800	6	0	8	3	27	7	2	8	3	0	6	0	0	0	0	3	1	0	3	0	0	22	1	0
1340.000	8	0	10	2	18	8	2	9	4	0	3	0	0	0	0	1	0	0	3	0	0	18	1	1
1340.200	7	0	10	6	22	3	2	8	2	0	1	0	0	0	0	1	0	0	7	0	0	18	0	1
1340.400	7	0	10	2	17	9	2	8	2	0	1	0	0	0	0	1	0	0	1	0	0	16	0	3
1340.600	6	0	10	2	19	11	2	10	2	0	0	0	0	0	0	1	0	0	3	0	0	21	1	2
1340.800	4	0	10	2	24	2	2	7	2	0	6	0	0	0	0	0	0	0	8	0	0	22	1	0
1341.000	8	0	13	2	32	11	4	11	4	0	5	0	0	0	0	0	0	0	1	0	0	23	6	0
1341.200	5	0	6	5	19	6	2	13	5	0	3	0	0	0	0	0	0	0	1	0	0	22	9	2
1341.400	7	0	10	2	25	6	2	8	2	0	3	0	0	1	0	0	1	0	0	0	0	14	5	2
1341.600	6	0	13	4	23	6	2	7	5	0	10	0	0	1	0	0	0	0	4	0	0	18	6	2
1341.800	6	0	11	5	27	9	2	5	2	0	5	0	0	2	0	0	0	0	0	0	0	19	5	3
1342.000	10	0	11	2	19	10	2	8	3	0	3	0	0	1	0	0	0	0	2	0	0	18	3	2
1342.200	6	0	10	4	28	6	2	11	3	0	2	0	0	3	0	0	0	0	2	0	0	20	4	4
1342.400	5	0	13	4	22	7	2	7	2	0	3	0	0	5	0	0	0	0	3	0	0	19	5	2
1342.600	10	0	12	2	18	7	2	3	2	0	4	0	0	4	0	0	0	0	5	0	0	17	4	1
1342.800	9	0	5	6	19	5	2	10	4	0	3	0	0	1	0	0	0	0	5	0	0	9	6	0
1343.000	10	0	9	6	17	2	2	10	4	0	2	0	0	1	0	0	0	0	6	0	0	14	3	6
1343.200	6	0	10	2	24	2	2	9	3	0	0	0	0	1	0	0	0	0	6	0	0	22	6	2
1343.400	7	0	11	3	22	9	2	8	2	0	2	0	0	1	0	0	0	0	7	0	0	15	4	3
1343.600	9	0	6	2	20	11	2	9	2	0	4	0	0	3	0	0	0	0	2	0	0	17	3	0
1343.800	10	0	10	3	25	11	2	7	2	0	1	0	0	1	0	0	0	0	2	0	0	13	5	3
1344.000	6	0	5	2	23	8	2	8	2	0	3	0	0	2	0	0	0	0	7	0	0	12	2	3
1344.200	5	0	11	2	25	6	2	13	6	0	3	0	0	5	0	0	0	0	2	0	0	11	1	2
1344.400	4	0	10	2	21	8	2	10	2	0	1	0	0	0	0	0	0	0	4	0	0	17	4	1
1344.600	6	0	10	6	29	10	0	5	2	0	3	0	0	5	0	0	0	0	2	0	0	18	6	2
1344.800	10	0	10	6	26	12	2	9	3	0	4	0	0	6	0	0	0	0	4	0	0	23	2	2
1345.000	9	0	6	2	24	11	2	11	2	0	0	0	0	6	0	1	0	0	4	0	0	27	0	3
1345.200	10	0	12	4	21	10	2	6	2	0	0	0	0	6	0	1	0	0	6	0	0	24	0	1
1345.400	6	0	10	2	24	9	2	12	4	0	1	0	0	5	0	1	0	0	5	0	0	19	3	1
1345.600	5	0	12	2	25	8	2	9	2	0	0	0	0	5	0	1	0	0	9	0	0	25	4	2
1345.800	10	0	7	4	27	5	2	9	2	0	0	0	0	4	0	1	0	0	7	0	0	23	1	1
1346.000	10	0	13	3	17	9	2	10	2	0	0	0	0	6	0	1	0	0	8	0	0	23	2	0
1346.200	6	0	11	2	28	10	1	11	2	0	1	0	0	2	0	1	0	0	3	0	0	23	5	3
1346.400	5	0	11	6	25	10	2	15	2	0	2	0	0	0	0	0	0	0	6	0	0	17	1	0
1346.600	6	0	9	4	29	11	3	11	2	0	1	0	0	2	0	1	0	0	7	0	0	24	3	0
1346.800	7	0	7	4	31	13	2	8	1	0	1	0	0	3	0	1	0	0	0	0	0	15	6	1
1347.000	6	0	6	2	21	9	3	12	2	1	7	0	0	2	0	1	0	0	1	0	0	17	5	3
1347.200	8	0	9	3	22	13	4	10	2	0	0	0	0	2	0	1	2	0	3	0	0	19	4	2
1347.400	5	0	8	2	22	14	2	12	5	0	1	0	0	2	0	0	0	0	1	0	0	20	8	3
1347.600	5	0	10	5	25	11	2	11	2	1	3	0	0	2	0	1	0	0	2	0	0	21	4	4
1347.800	3	0	14	4	22	8	2	11	2	1	5	0	0	2	0	1	0	0	1	0	0	20	2	3
1348.000	6	0	10	2	22	8	2	13	3	0	3	0	0	2	0	0	0	0	3	0	0	18	2	1
1348.200	7	0	11	2	22	9	2	8	0	0	0	0	0	2	0	0	0	0	3	0	0	14	4	1
1348.400	6	0	8	2	19	9	2	11	3	0	2	0	0	2	0	0	0	0	6	0	0	13	7	1
1348.600	4	0	11	4	24	9	2	10	3	0	0	0	0	2	0	0	0	0	9	0	0	11	6	2
1348.800	3	0	11	2	24	8	1	8	2	0	2	0	0	2	0	0	0	0	15	0	0	17	5	1
1349.000	5	0	10	2	23	8	2	7	4	0	4	0	0	2	0	0	0	0	14	0	0	17	2	2
1349.200	11	0	9	5	19	8	3	13	5	0	4	0	0	0	0	0	0	0	9	0	0	16	2	2
1349.400	5	0	10	5	25	12	3	7	3	0	5	0	0	0	0	0	0	0	10	0	0	12	8	3
1349.600	8	0	10	2	18	12	2	8	4	0	4	0	0	0	0	0	0	0	13	0	0	20	5	4
1349.800	10	0	12	4	18	8	2	5	4	0	7	0	0	0	0	0	0	0	17	0	0	18	8	8
1350.000	9	0	12	2	20	8	3	9	5	0	5	0	0	0	0	0	0	0	14	0	0	12	6	6
1350.200	10	0	6	2	20	7	3	8	2	0	9	0	0	0	0	0	0	0	9	0	0	13	6	1
1350.400	9	0	10	2	20	3	4	12	3	0	7	0	0	0	0	0	0	0	11	0	0	13	4	5
1350.600	5	0	10	2	27	9	3	12	3	0	6	0	0	0	0	0	0	0	11	0	0	16	7	8
1350.800	5	0	8	3	18	7	2	9	2	0	10	0	0	0	0	0	0	0	12	0	0	15	6	5
1351.000	5	0	11	2	22	6	2	8	4	0	8	0	0	0	0	0	0	0	14	0	0	14	9	3
1351.200	6	0	13	6	21	7	2	8	4	0	7	0	0	0	0	0	0	0	11	0	0	13	9	6
1351.400	6	0	13	4	27	7	2	11	6	0	9	0	0	0	0	0	0	0	9	0	0	15	6	4
1351.600	6	0	9	2	21	6	2	9	3	0	14	0	0	0	0	0	0	0	12	0	0	13	9	9
1351.800	4	0	12	2	21	8	2	8	3	0	7	0	0	0	0	0	0	0	14	0	0	11	6	6
1352.000	6	0	10	2	22	4	1	12	2	0	9	0	0	0	0	0	0	0	14	0	0	14	11	6
1352.200	4	0	10	2	17	8	2	12	5	0	7	0	0	2	0	0	0	0	8	0	0	14	10	5
1352.400	8	0	10	2	26	5	3	17	3	0	12	0	0	2	0	0	0	0	12	0	0	10	3	5
1352.600	8	0	8	5	22	8	3	7	4	0	8	0	0	1	0	0	0	0	15	0	0	8	2	4
1352.800	7	0	10	3	31	9	2	12	2	0	16	0	0	0	0	0	0	0	14	0	0	17	8	5
1353.000	5	0	5	2	19	6	4	9	7	0	12	0	0	0	0	0	0	0	20	0	0	9	6	5
1353.200	3	0	11	2	29	9	2	10	4	0	9	0	0	0	0	0	0	0	9	0	0	8	6	5
1353.400	3	0	11	2	25	8	2	9	2	0	13	0	0	0	0	0	0	0	13	0	0	15	7	1
1353.600	6	0	6	2	25	9	2	11	2	0	10	0	0	0	0	0	0	0	15	0	0	11	7	1
1353.800	7	0	10	5	31	9	2	10	2	0	15	0	0	0	0	0	0	0	12	0	0	13	8	3
1354.000	8	0	13	2	30	11	3	11	3	0	7	0	0	0	0	0	0	0	18	0	0	10	10	2
1354.200	5	0	11	3	24	8	2	12	5	0	10	0	0	0	0	0	0	0	9	0	0	13	5	7
1354.400	5	0	8	5	25	7	0	10	2	0	11	0	0	2	0	0	0	0	8	0	0	9	7	7
1354.600	5	0	10	2	33	11	2	7	5	0	10	0	0	0	0	0	0	0	7	0	0	14	3	4
1354.800	5	0	13	2	28	12	2	9	2	0	8	0	0	0	0	0	0	0	13	0	0	14	5	2
1355.000	7	0	11	6	15	10	2	11	4	0	13	0	0	0	0	0	0	0	9	0	0	13	9	5
1355.200	8	0	11	2	26	10	1	10	4	0	6	0	0	2	0	0	0	0	9	0	0	13	7	6
1355.400	4	0	14	2	23	10	1	9	2	0	7	0	0	0	0	0	0	0	8	0	0	10	4	3
1355.600	5	0	11	2	21	9	3	10	2	0	8	0	0	0	0	0	0	0	10	0	0	15	6	2
1355.800	8	0	13	5	26	10	3	14	3	0	7	0	0	3	0	0	0	0	13	0	0	13	2	7
1356.000	3	0	13	4	23	10	2	11	3	0	8	0	0	0	0	0	0	0	12	0	0	17	6	7
1356.200	6	0	13	6	19	9	2	9	4	0	11	0	0	5	0	0	0	0	7	0	0	7	6	9
1356.400	5	0	12	2	21	10	4	9	2	0	13	0	0	2	0	0	0	0	9	0	0	12	9	6
1356.600	4	0	10	6	26	10	2	10	2	0	12	0	0	4	0	0	0	0	12	0	0	10	9	6
1356.800	6	0	6	5	28	12	2	7	2	0	8	0	0	4	0	0	0	0	10	0	0	14	6	6
1357.000	5	0	12	2	22	7	4	10	2	0	9	0	0	0	0	0	0	0	11	0	0	13	6	4
1357.200	4	0	9	2	28	8	2	10	2	0	16	0	0	0	0	0	0	0	11	0	0	17	5	5
1357.400	6	0	11	3	20	13	2	11	2	0	7	0	0	0	0	0	0	0	10	0	0	14	3	6
1357.600	6	0	10	2	26	10	1	7	3	0	11	0	0	3	0	0	0	0	16	0	0	19	1	9
1357.800	3	0	8	3	20	12	4	9	3	0	9	0	0	8	0	0	0	0	11	0	0	16	7	10
1358.000	5	0	11	2	22	9	2	9	2	0	11	0	0	5	0	0	0	0	17	0	0	15	6	6
1358.200	8	0	12	5	19	13	0	5	2	0	7	0	0	6	0	0	0	0	15	0	0	11	6	4
1358.400	8	0	11	3	23	12	2	12	3	0	7	0	0	6	0	0	0	0	11	0	0	18	11	7
1358.600	7	0	10	2	26	8	2	11	3	0	8	0	0	4	0	0	0	0	5	0	0	12	7	6
1358.800	12	0	8	6	18	10	4	9	2	0	9	0	0	7	0	0	0	0	9	0	0	18	6	3
1359.000	7	0	4	3	26	11	2	12	2	0	8	0	0	4	0	0	0	0	8	0	0	10	8	3
1359.200	8	0	12	5	23	10	2	8	2	0	8	0	0	3	0	0	0	0	16	0	0	11	9	5
1359.400	9	0	10	2	16	11	2	7	2	0	9	0	0	5	0	0	0	0	14	0	0	10	8	3
1359.600	8	0	6	2	13	8	2	8	2	0	7	0	0	5	0	0	0	0	16	0	0	10	8	7
1359.800	6	0	7	6	21	9	2	11	3	0	9	0	0	5	0	0	0	0	11	0	0	16	7	2
1360.000	6	0	11	5	19	13	3	12	2	0	19	0	0	4	0	0	0	0	3	0	0	13	6	3
1360.200	5	0	8	3	18	5	4	14	3	0	20	0	0	5	0	0	0	0	13	0	0	14	5	5
1360.400	4	0	9	4	23	7	2	12	1	0	14	0	0	4	0	0	0	0	8	0	0	16	5	5
1360.600	7	0	6	3	20	8	2	12	2	0	11	0	0	4	0	0	0	0	7	0	0	13	7	8
1360.800	8	0	9	2	19	9	3	10	1	0	19	0	0	3	0	0	0	0	15	0	0	8	8	5
1361.000	11	0	10	6	23	6	1	9	1	0	8	0	0	4	0	0	0	0	9	0	0	12	5	5
1361.200	7	0	11	2	24	13	2	11	2	0	10	0	0	4	0	0	0	0	7	0	0	11	9	4
1361.400	10	0	7	2	25	7	2	11	2	0	19	0	0	4	0	0	0	0	13	0	0	21	6	8
1361.600	7	0	11	3	21	8	2	15	4	0	18	0	0	4	0	0	0	0	11	0	0	16	1	7
1361.800	6	0	11	2	23	8	1	13	2	0	17	0	0	6	0	0	0	0	11	0	0	13	10	9
1362.000	8	0	11	6	30	10	4	16	2	0	16	0	0	4	0	0	0	0	14	0	0	17	5	6
1362.200	7	0	12	7	24	13	4	16	2	0	8	0	0	3	0	0	0	0	12	0	0	15	7	5
1362.400	7	0	11	2	27	10	2	15	2	0	7	0	0	4	0	0	0	0	8	0	0	12	10	7
1362.600	8	0	12	5	33	11	4	10	4	0	12	0	0	6	0	0	0	0	10	0	0	10	6	4
1362.800	7	0	6	3	23	10	2	10	2	0	11	0	0	2	0	0	1	0	14	0	0	9	5	7
1363.000	8	0	11	4	26	7	2	13	2	0	10	0	0	2	0	0	0	0	10	0	0	15	5	1
1363.200	10	0	10	2	21	11	2	12	2	0	12	0	0	2	0	0	0	0	12	0	0	13	8	4
1363.400	9	0	9	3	17	11	3	15	2	0	12	0	0	0	0	0	0	0	14	0	0	8	8	6
1363.600	6	0	7	6	28	8	4	10	0	1	13	0	0	1	0	0	0	0	11	0	0	8	9	3
1363.800	10	0	10	2	24	10	2	18	3	0	15	0	0	0	0	0	0	0	15	0	0	10	8	6
1364.000	9	0	12	6	27	9	2	11	2	0	20	0	0	0	0	0	0	0	10	0	0	18	9	6
1364.200	7	0	9	6	25	9	2	13	2	0	16	0	0	2	0	0	0	0	6	0	0	17	7	3
1364.400	6	0	11	2	29	9	2	12	2	0	24	0	0	4	0	0	0	0	8	0	0	12	7	3
1364.600	8	0	12	5	24	7	1	9	2	0	19	0	0	4	0	0	0	0	15	0	0	14	7	2
1364.800	6	0	10	2	23	9	3	14	3	0	19	0	0	4	0	0	0	0	12	0	0	12	8	5
1365.000	10	0	12	5	16	9	3	17	2	0	16	0	0	4	0	0	0	0	15	0	0	14	9	4
1365.200	6	0	11	6	27	8	2	15	2	0	12	0	0	4	0	1	0	0	12	0	0	14	9	2
1365.400	7	0	9	6	22	12	2	15	4	0	7	0	0	4	0	1	1	0	8	0	0	10	5	3
1365.600	4	0	11	4	18	8	3	15	2	0	5	0	0	4	0	1	0	0	10	0	0	16	4	0
1365.800	3	0	6	2	21	11	4	13	2	0	12	0	0	4	0	0	0	0	17	0	0	11	5	4
1366.000	7	0	7	2	19	10	3	11	2	0	11	0	0	2	0	0	0	0	7	0	0	11	0	3
1366.200	9	0	10	4	16	8	2	11	2	0	14	0	0	4	0	1	0	0	9	0	0	13	6	4
1366.400	8	0	6	2	26	7	2	17	2	0	14	0	0	4	0	1	0	0	13	0	0	15	6	5
1366.600	4	0	10	4	20	6	2	12	2	0	14	0	0	5	0	0	0	0	13	0	0	16	7	8
1366.800	5	0	8	2	20	11	2	12	2	0	12	0	0	4	0	0	0	0	8	0	0	20	6	5
1367.000	7	0	11	4	21	9	2	17	2	0	15	0	0	6	0	0	0	0	5	0	0	19	2	1
1367.200	7	0	9	5	19	13	2	12	2	0	15	0	0	4	0	0	0	0	7	0	0	13	3	5
1367.400	6	0	9	5	24	11	2	16	4	0	4	0	0	4	0	0	0	0	6	0	0	10	3	4
1367.600	12	0	7	6	29	9	2	17	4	0	5	0	0	4	0	0	0	0	6	0	0	20	2	3
1367.800	8	0	7	2	29	8	2	14	2	0	7	0	0	4	0	1	0	0	4	0	0	20	2	3
1368.000	12	0	6	2	20	13	3	14	3	0	16	0	0	4	0	0	0	0	10	0	0	12	4	3
1368.200	6	0	11	3	19	10	1	10	2	0	16	0	0	1	0	0	0	0	7	0	0	14	0	1
1368.400	6	0	6	2	32	7	2	14	2	0	11	0	0	4	0	1	0	0	10	0	0	10	0	1
1368.600	4	0	9	2	32	8	2	15	3	0	8	0	0	4	0	1	0	0	7	0	0	9	1	0
1368.800	5	0	7	3	15	11	2	11	2	0	12	0	0	4	0	0	1	0	5	0	0	9	0	5
1369.000	11	0	9	2	19	7	4	13	2	0	15	0	0	5	0	1	0	0	7	0	0	15	1	0
1369.200	7	0	11	2	21	9	4	18	4	0	9	0	0	5	0	1	0	0	7	0	0	17	1	0
1369.400	7	0	8	2	16	12	3	15	4	0	12	0	0	4	0	1	0	0	9	0	0	14	1	0
1369.600	5	0	7	5	26	9	0	7	4	0	9	0	0	5	0	1	0	0	11	0	0	12	1	7
1369.800	4	0	9	3	21	7	2	13	4	0	8	0	0	4	0	0	0	0	15	0	0	16	3	11
1370.000	6	0	11	2	26	11	4	16	2	0	12	0	0	4	0	0	0	0	13	0	0	14	5	5
1370.200	6	0	11	2	26	18	2	14	2	0	16	0	0	4	0	1	0	0	9	0	0	18	4	1
1370.400	6	0	8	4	16	6	1	11	3	0	9	0	0	4	0	0	0	0	14	0	0	12	5	10
1370.600	3	0	11	2	28	7	2	11	3	0	12	0	0	4	0	0	0	0	9	0	0	9	4	8
1370.800	4	0	11	2	24	9	5	16	2	0	7	0	0	4	0	0	0	0	10	0	0	15	5	7
1371.000	5	0	10	2	33	6	3	11	7	0	11	0	0	4	0	0	0	0	14	0	0	12	4	5
1371.200	7	0	9	2	29	13	2	14	4	0	14	0	0	4	0	0	0	0	6	0	0	10	1	5
1371.400	5	0	10	2	20	9	4	11	5	0	4	0	0	4	0	1	0	0	5	0	0	8	0	5
1371.600	8	0	10	3	19	2	4	15	3	0	13	0	0	4	0	1	0	0	6	0	0	11	0	2
1371.800	2	0	11	2	28	9	2	12	3	0	7	0	0	4	0	1	0	0	6	0	0	17	0	1
1372.000	4	0	9	2	25	9	2	13	3	0	10	0	0	4	0	1	0	0	9	0	0	12	2	2
1372.200	5	0	10	4	25	11	2	15	2	1	16	0	0	4	0	0	0	0	6	0	0	15	0	0
1372.400	5	0	10	4	20	8	4	17	3	0	16	0	0	3	0	0	0	0	10	0	0	15	0	0
1372.600	7	0	6	3	21	4	2	13	6	0	7	0	0	3	0	1	0	0	7	0	0	16	2	8
1372.800	6	0	12	5	16	9	3	9	2	0	13	0	0	3	0	1	0	0	14	0	0	20	6	3
1373.000	6	0	10	5	23	12	3	16	2	0	17	0	0	2	0	1	0	0	15	0	0	16	2	5
1373.200	3	0	7	2	26	12	3	16	4	0	12	0	0	5	0	2	0	0	14	0	0	12	4	7
1373.400	4	0	8	3	23	13	3	15	2	0	7	0	0	4	0	0	0	0	16	0	0	13	8	10
1373.600	3	0	10	2	22	16	3	13	2	0	17	0	0	8	0	0	1	0	8	0	0	22	7	7
1373.800	4	0	10	2	24	10	4	17	6	0	14	0	0	3	0	2	2	0	6	0	0	7	3	3
1374.000	4	0	12	2	21	5	2	12	2	0	11	0	0	3	0	0	0	0	11	0	0	19	1	5
1374.200	5	0	10	3	27	7	2	13	2	0	20	0	0	3	0	0	0	0	13	0	0	13	5	11
1374.400	7	0	11	4	22	11	3	14	4	0	6	0	0	5	0	0	0	0	11	0	0	15	0	6
1374.600	5	0	11	3	18	11	2	11	3	0	11	0	0	4	0	1	0	0	10	0	0	12	6	10
1374.800	7	0	10	2	20	16	3	12	2	0	13	0	0	4	0	0	0	0	7	0	0	14	0	5
1375.000	5	0	12	5	17	5	2	9	2	0	13	0	0	3	0	0	1	0	10	0	0	14	5	5
1375.200	7	0	7	2	19	9	2	16	2	0	9	0	0	4	0	0	0	0	9	0	0	19	6	9
1375.400	3	0	10	2	18	9	3	13	2	0	11	0	0	7	0	0	1	0	5	0	0	19	6	3
1375.600	6	0	15	5	21	7	1	11	4	0	10	0	0	5	0	1	0	0	9	0	0	22	10	8
1375.800	7	0	11	2	20	13	2	11	2	0	10	0	0	4	0	1	0	0	5	0	0	25	0	1
1376.000	6	0	12	2	21	10	1	7	2	0	12	0	0	6	0	1	0	0	6	0	0	32	6	1
1376.200	7	0	12	2	21	14	2	17	3	0	15	0	0	5	0	1	0	0	7	0	0	19	4	2
1376.400	8	0	11	2	27	14	0	16	4	0	19	0	0	7	0	1	0	1	7	0	0	14	2	2
1376.600	7	0	13	6	22	10	2	11	3	0	13	0	0	6	0	0	0	0	13	0	0	13	3	7
1376.800	12	0	9	5	26	8	2	15	4	0	20	0	0	5	0	1	0	0	8	0	0	23	0	7
1377.000	7	0	7	6	22	9	2	10	4	0	11	0	0	7	0	1	0	1	12	0	0	20	0	8
1377.200	7	0	11	2	17	6	3	12	2	0	17	0	0	6	0	1	0	1	12	0	0	18	0	7
1377.400	7	0	11	7	25	11	1	11	2	0	17	0	0	4	0	0	0	0	4	0	0	19	0	5
1377.600	8	0	6	2	19	12	2	8	3	0	10	0	0	9	0	0	0	0	10	0	0	21	2	8
1377.800	8	0	9	5	21	10	2	12	2	0	17	0	0	8	0	0	0	0	5	0	0	24	1	5
1378.000	6	0	13	2	23	9	4	16	2	1	11	0	0	6	0	0	0	1	6	0	0	22	3	5
1378.200	8	0	13	2	21	10	1	8	2	0	16	0	0	6	0	1	0	0	10	0	0	20	2	3
1378.400	7	0	7	3	17	12	2	8	2	0	11	0	0	4	0	0	0	0	5	0	0	18	3	3
1378.600	6	0	13	7	17	10	2	10	2	0	13	0	0	7	0	1	1	0	5	0	0	21	7	2
1378.800	8	0	7	3	19	9	2	11	4	0	13	0	0	4	0	0	0	0	6	0	0	22	3	0
1379.000	7	0	11	2	14	9	4	15	2	1	21	0	0	3	0	0	0	0	4	0	0	24	1	0
1379.200	10	0	14	2	23	9	2	9	3	0	13	0	0	6	0	1	0	0	4	0	0	25	3	2
1379.400	7	0	12	2	24	9	3	9	2	0	17	0	0	8	0	0	0	0	4	0	0	27	4	1
1379.600	7	0	9	2	19	7	2	11	2	0	18	0	0	7	0	0	0	0	4	0	0	18	4	7
1379.800	7	0	11	2	21	7	3	9	4	0	16	0	0	9	0	0	0	0	4	0	0	18	4	3
1380.000	8	0	9	2	28	10	2	10	3	0	20	0	0	7	0	1	0	0	8	0	0	28	3	7
1380.200	7	0	9	5	27	8	2	12	5	0	14	0	0	5	0	0	0	0	5	0	0	24	4	7
1380.400	7	0	10	4	21	11	1	8	2	0	11	0	0	7	0	0	0	0	6	0	0	19	4	2
1380.600	7	0	11	2	19	13	2	6	5	0	4	0	0	4	0	1	3	0	5	0	0	19	4	4
1380.800	10	0	13	2	22	9	2	11	2	0	10	0	0	8	0	0	1	0	1	0	0	20	3	4
1381.000	9	0	11	2	22	12	1	9	2	0	6	0	0	5	0	0	0	0	6	0	0	26	2	2
1381.200	10	0	7	2	22	11	2	6	4	0	12	0	0	7	0	0	1	0	4	0	0	22	4	4
1381.400	8	0	8	2	18	9	2	13	1	0	13	0	0	5	0	1	0	0	8	0	0	24	5	2
1381.600	9	0	6	2	22	12	3	9	2	0	14	0	0	2	0	1	0	0	3	0	0	23	5	5
1381.800	10	0	10	4	27	8	1	10	2	0	15	0	0	2	0	0	0	0	2	0	0	14	3	5
1382.000	9	0	10	2	20	13	2	6	0	0	6	0	0	4	0	1	1	0	8	0	0	16	5	10
1382.200	7	0	8	2	22	12	2	10	5	0	17	0	0	2	0	2	2	0	8	0	0	13	4	2
1382.400	10	0	8	2	26	10	2	8	2	0	20	0	0	3	0	0	1	0	3	0	0	18	4	2
1382.600	10	0	6	2	21	5	2	7	3	0	17	0	0	4	0	0	3	0	7	0	0	21	3	5
1382.800	7	0	10	2	24	9	2	9	2	0	18	0	0	2	0	0	4	0	12	0	0	15	5	0
1383.000	8	0	9	3	24	6	2	12	3	0	18	0	0	4	0	0	3	0	5	0	0	21	5	7
1383.200	5	0	5	4	19	7	2	7	3	0	12	0	0	5	0	0	7	0	7	0	0	17	4	2
1383.400	6	0	12	4	20	5	3	14	5	0	16	0	0	4	0	0	6	0	4	0	0	19	5	6
1383.600	6	0	10	5	26	6	4	11	2	0	12	0	0	3	0	0	4	0	5	0	0	19	5	3
1383.800	5	0	10	4	18	5	2	5	2	0	11	0	0	4	0	0	3	0	7	0	0	23	3	4
1384.000	6	0	9	2	22	6	3	8	2	0	10	0	0	3	0	0	3	0	4	0	0	19	4	2
1384.200	10	0	12	6	19	7	2	11	2	0	13	0	0	4	0	0	3	0	6	0	0	18	5	2
1384.400	8	0	10	2	18	7	2	8	2	0	12	0	0	4	0	0	3	0	4	0	0	25	5	1
1384.600	10	0	13	5	25	7	2	10	2	0	11	0	0	3	0	0	8	0	11	0	0	22	5	6
1384.800	7	0	10	4	17	8	3	16	2	0	11	0	0	3	0	0	5	0	10	0	0	18	5	2
1385.000	5	0	8	2	25	8	4	14	3	0	4	0	0	3	0	0	7	0	8	0	0	24	5	7
1385.200	7	0	9	2	15	9	2	11	5	0	13	0	0	1	0	0	6	0	15	0	0	17	5	3
1385.400	7	0	10	2	21	10	2	11	4	0	11	0	0	2	0	0	4	0	7	0	0	14	4	2
1385.600	5	0	9	2	21	10	4	15	5	0	4	0	0	1	0	0	7	0	15	0	0	16	5	3
1385.800	6	0	9	2	21	14	4	16	2	0	8	0	0	1	0	0	4	0	5	0	0	15	5	2
1386.000	7	0	10	2	25	10	3	13	2	0	9	0	0	2	0	0	5	0	8	0	0	21	5	7
1386.200	6	0	6	2	27	9	2	9	5	0	2	0	0	3	0	0	6	0	9	0	0	19	4	4
1386.400	5	0	13	2	21	9	4	14	4	0	0	0	0	3	0	0	1	0	4	0	0	23	3	1
1386.600	3	0	11	2	28	7	4	13	5	0	3	0	0	5	0	0	2	0	7	0	0	23	2	5
1386.800	3	0	11	2	30	9	4	9	2	0	0	0	0	4	0	0	4	0	3	0	0	23	3	2
1387.000	3	0	9	3	31	9	0	14	2	0	1	0	0	4	0	0	7	0	6	0	0	22	4	3
1387.200	5	0	11	2	31	9	2	14	3	0	2	0	0	1	0	0	5	0	5	0	0	17	3	6
1387.400	6	0	6	3	21	10	3	15	3	0	1	0	0	3	0	0	1	0	2	0	0	26	3	10
1387.600	7	0	11	2	22	10	2	11	4	0	0	0	0	3	0	0	1	0	3	0	0	24	3	5
1387.800	3	0	11	2	24	10	3	10	2	0	3	0	0	4	0	0	1	0	2	0	0	24	1	4
1388.000	3	0	10	2	21	6	3	15	3	0	3	0	0	4	0	0	1	0	2	0	0	28	2	4
1388.200	5	0	8	2	20	8	4	16	7	0	1	0	0	4	0	0	6	0	1	0	0	25	4	5
1388.400	3	0	10	2	24	9	3	16	4	0	3	0	0	2	0	0	2	0	0	0	0	25	5	6
1388.600	4	0	11	3	23	7	5	13	5	0	7	0	0	4	0	0	3	0	1	0	0	16	2	8
1388.800	7	0	6	2	28	10	3	14	2	0	3	0	0	3	0	0	6	0	2	0	0	20	2	3
1389.000	4	0	10	3	23	9	2	16	3	0	3	0	0	4	0	0	6	0	3	0	0	18	3	8
1389.200	7	0	11	2	26	9	1	6	2	0	4	0	0	3	0	0	5	0	4	0	0	18	3	7
1389.400	7	0	11	2	35	12	2	15	2	0	1	0	0	4	0	0	2	0	6	0	0	22	3	8
1389.600	9	0	9	5	15	7	3	11	4	0	1	0	0	2	0	0	0	0	4	0	0	20	2	2
1389.800	11	0	10	2	32	7	0	9	2	0	4	0	0	4	0	0	4	0	9	0	0	18	4	6
1390.000	7	0	9	5	28	8	3	12	2	0	1	0	0	4	0	0	5	0	6	0	0	20	2	7
1390.200	4	0	10	2	28	10	3	11	4	0	5	0	0	4	0	0	6	0	8	0	0	18	4	11
1390.400	9	0	9	3	24	13	4	20	2	0	2	0	0	4	0	0	7	0	2	0	0	18	1	8
1390.600	11	0	11	6	24	11	2	14	2	0	3	0	0	5	0	0	2	0	5	0	0	15	2	10
1390.800	7	0	10	2	29	8	2	9	2	0	4	0	0	4	0	1	7	0	4	0	0	13	4	9
1391.000	5	0	12	3	22	6	2	7	2	0	2	0	0	2	0	0	3	0	7	0	0	24	2	11
1391.200	3	0	11	2	24	11	3	8	2	0	2	0	0	3	0	0	3	0	0	0	0	14	2	15
1391.400	7	0	12	3	20	10	3	19	5	0	1	0	0	4	0	0	0	0	3	0	0	20	2	10
1391.600	11	0	12	2	20	10	4	10	2	0	3	0	0	3	0	0	2	0	4	0	0	23	2	11
1391.800	10	0	13	6	23	11	2	7	2	0	4	0	0	4	0	0	1	0	2	0	0	19	1	8
1392.000	5	0	12	2	23	10	0	6	3	0	5	0	0	4	0	0	4	0	4	0	0	22	1	12
1392.200	4	0	11	4	28	8	3	8	2	0	2	0	0	4	0	0	1	0	7	0	0	22	3	11
1392.400	4	0	10	2	22	9	1	11	2	0	3	0	0	3	0	0	4	0	8	0	0	15	0	9
1392.600	8	0	9	2	23	7	3	8	2	0	5	0	0	2	0	0	1	0	8	0	0	16	3	9
1392.800	6	0	11	2	25	7	3	12	4	0	1	0	0	4	0	0	0	1	9	0	0	19	1	6
1393.000	10	0	12	2	28	11	4	10	3	0	1	0	0	4	0	0	1	1	10	0	0	24	1	7
1393.200	5	0	11	2	27	10	3	6	2	0	3	0	0	3	0	0	1	0	4	0	0	24	1	5
1393.400	8	0	6	2	24	12	3	14	2	0	1	0	0	2	0	0	1	0	3	0	0	23	1	5
1393.600	7	0	11	4	20	10	2	8	4	0	4	0	0	0	0	0	3	0	5	0	0	24	1	3
1393.800	7	0	13	3	26	9	2	14	3	0	2	0	0	5	0	0	1	0	6	0	0	22	1	4
1394.000	3	0	9	2	19	10	5	14	3	0	3	0	0	5	0	0	5	0	10	0	0	14	0	2
1394.200	4	0	11	2	19	7	3	14	5	0	1	0	0	5	0	0	1	0	7	0	0	21	3	5
1394.400	7	0	11	2	27	10	2	9	4	0	2	0	0	4	0	0	1	0	7	0	0	25	0	2
1394.600	8	0	11	4	26	12	3	15	5	0	1	0	0	6	0	0	0	0	3	0	0	22	0	0
1394.800	5	0	10	2	25	10	3	8	2	0	1	0	0	4	0	0	0	0	3	0	0	24	1	0
1395.000	11	0	14	2	23	7	2	8	4	0	4	0	0	2	0	0	0	0	2	0	0	19	5	7
1395.200	11	0	12	5	27	9	1	7	3	0	4	0	0	5	0	0	0	0	6	0	0	17	1	2
1395.400	7	0	9	4	23	8	2	8	2	0	2	0	0	7	0	1	0	0	5	0	0	19	1	1
1395.600	6	0	11	3	21	9	1	6	2	0	2	0	0	2	0	1	0	0	4	0	0	24	0	4
1395.800	5	0	12	6	30	5	5	12	2	0	1	0	0	3	0	0	0	0	6	0	0	23	2	7
1396.000	5	0	8	2	19	6	2	9	2	0	1	0	0	3	0	1	0	0	9	0	0	20	4	7
1396.200	10	0	7	2	25	9	5	15	5	0	0	0	0	3	0	0	0	0	12	0	0	27	4	2
1396.400	7	0	10	5	19	11	4	9	0	0	0	0	0	1	0	1	0	0	13	0	0	26	0	2
1396.600	8	0	6	3	17	7	2	8	4	0	0	0	0	1	0	1	0	0	11	0	0	16	0	5
1396.800	7	0	8	2	19	7	2	9	4	0	2	0	0	3	0	0	1	0	7	0	0	13	0	7
1397.000	9	0	12	3	24	8	2	9	2	0	3	0	0	4	0	0	1	0	14	0	0	16	0	5
1397.200	7	0	10	2	23	7	2	3	2	0	1	0	0	2	0	0	6	0	14	0	0	19	0	3
1397.400	2	0	7	2	15	10	3	6	4	0	1	0	0	1	0	0	0	0	7	0	0	16	0	5
1397.600	8	0	8	2	23	11	3	8	3	0	1	0	0	1	0	0	0	0	8	0	0	12	0	4
1397.800	10	0	6	3	13	5	3	6	2	0	1	0	0	3	0	0	0	0	4	0	0	20	0	1
1398.000	8	0	6	2	23	9	2	5	2	0	4	0	0	3	0	1	1	0	6	0	0	26	1	9
1398.200	6	0	14	4	12	7	2	7	2	0	2	0	0	2	0	1	0	0	5	0	0	28	0	7
1398.400	10	0	12	5	27	14	2	11	2	0	1	0	0	1	0	1	0	0	12	0	0	20	0	10
1398.600	10	0	10	5	22	14	1	5	2	0	1	0	0	1	0	0	0	0	6	0	0	21	0	6
1398.800	8	0	11	2	21	8	0	8	2	0	4	0	0	1	0	0	0	0	10	0	0	24	0	5
1399.000	7	0	11	2	20	9	0	12	4	0	0	0	0	3	0	0	0	0	3	0	0	26	0	6
1399.200	7	0	12	2	21	9	2	9	2	0	1	0	0	1	0	1	1	0	4	0	0	18	1	5
1399.400	8	0	9	4	16	10	3	5	2	0	5	0	0	3	0	0	0	0	7	0	0	26	1	8
1399.600	5	0	12	2	21	11	0	3	2	0	4	0	0	2	0	0	0	0	5	0	0	21	0	10
1399.800	5	0	12	2	18	7	3	8	2	0	4	0	0	2	0	0	0	0	6	0	0	16	2	11
1400.000	11	0	10	2	15	11	1	4	2	0	3	0	0	1	0	0	0	0	5	0	0	12	2	11
1400.200	12	0	10	2	21	9	2	3	2	0	0	0	0	0	0	0	0	0	8	0	0	14	2	5
1400.400	11	0	12	3	25	6	2	3	0	0	4	0	0	1	0	0	0	0	6	0	0	18	1	5
1400.600	8	0	11	2	20	6	2	4	2	0	5	0	0	1	0	0	0	0	4	0	0	19	1	11
1400.800	12	0	12	2	18	11	3	5	2	0	2	0	0	1	0	0	0	0	7	0	0	21	1	14
1401.000	9	0	8	2	21	11	4	4	2	0	0	0	0	1	0	0	0	0	6	0	0	23	0	9
1401.200	8	0	8	2	22	7	1	3	2	0	0	0	0	3	0	1	0	0	6	0	0	23	2	11
1401.400	9	0	10	3	23	7	2	4	3	2	2	0	0	0	0	0	0	0	3	0	0	23	1	6
1401.600	10	0	13	2	19	7	2	7	2	0	1	0	0	1	0	0	0	0	9	0	0	17	2	8
1401.800	9	0	11	3	26	5	1	3	2	0	1	0	0	4	0	0	0	0	10	0	0	23	1	6
1402.000	10	0	11	2	22	9	2	8	2	0	1	0	0	1	0	0	0	0	7	0	0	19	1	9
1402.200	6	0	11	2	19	8	2	15	7	0	0	0	0	1	0	0	0	0	3	0	0	17	3	6
1402.400	11	0	6	5	18	8	2	15	5	0	0	0	0	2	0	0	0	0	9	0	0	23	0	6
1402.600	10	0	11	4	19	7	2	10	5	0	1	0	0	3	0	0	0	0	3	0	0	28	2	8
1402.800	10	0	12	2	23	19	2	11	6	0	0	0	0	1	0	0	0	0	3	0	0	27	1	12
1403.000	10	0	7	2	19	8	2	8	2	0	0	0	0	2	0	0	0	0	5	0	0	25	0	4
1403.200	4	0	11	3	21	8	4	9	5	0	1	0	0	3	0	0	0	0	6	0	0	20	0	4
1403.400	4	0	11	2	16	7	3	10	7	0	2	0	0	1	0	0	0	0	7	0	0	21	0	9
1403.600	4	0	8	2	21	7	4	10	6	0	0	0	0	2	0	0	1	0	12	0	0	21	2	6
1403.800	6	0	8	2	14	7	3	10	7	0	3	0	0	4	0	0	1	0	3	0	0	15	0	10
1404.000	6	0	11	3	23	6	3	11	11	0	0	0	0	6	0	0	1	0	4	0	0	24	2	10
1404.200	6	0	10	2	26	7	3	8	7	0	0	0	0	6	0	0	1	0	6	0	0	28	1	8
1404.400	11	0	10	2	22	7	4	11	7	0	1	0	0	5	0	0	1	0	6	0	0	18	1	11
1404.600	7	0	12	2	23	9	2	13	9	0	1	0	0	3	0	0	0	0	2	0	0	19	4	9
1404.800	6	0	12	2	22	14	6	9	9	0	2	0	0	4	0	0	0	0	5	0	0	16	0	9
1405.000	9	0	10	2	24	11	4	10	6	0	0	0	0	4	0	0	0	0	4	0	0	21	0	10
1405.200	5	0	14	2	20	11	4	9	10	0	1	0	0	2	0	0	0	0	9	0	0	23	3	12
1405.400	5	0	12	6	26	17	3	11	9	0	1	0	0	4	0	0	0	0	5	0	0	15	1	11
1405.600	4	0	11	2	20	12	2	12	10	0	2	0	0	2	0	0	0	0	5	0	0	15	0	5
1405.800	6	0	8	2	20	11	6	11	12	0	1	0	0	4	0	0	0	0	5	0	0	19	0	4
1406.000	7	0	11	4	20	7	3	8	8	0	0	0	0	2	0	0	0	0	9	0	0	16	0	8
1406.200	5	0	10	2	16	9	3	9	11	0	2	0	0	3	0	0	1	0	10	0	0	24	0	12
1406.400	4	0	10	2	16	13	5	10	8	0	4	0	0	2	0	0	1	0	1	0	0	16	1	6
1406.600	5	0	11	6	23	11	2	9	5	0	1	0	0	2	0	0	1	0	6	0	0	20	0	7
1406.800	4	0	11	2	17	5	3	11	12	0	0	0	0	3	0	0	0	0	2	0	0	16	2	2
1407.000	4	0	11	2	10	11	2	11	13	0	0	0	0	2	0	0	0	0	6	0	0	16	3	7
1407.200	5	0	9	2	14	8	0	9	9	0	0	0	0	2	0	0	0	0	4	0	0	24	0	5
1407.400	8	0	6	2	15	19	3	9	6	0	0	0	0	3	0	0	0	0	4	0	0	23	4	6
1407.600	11	0	8	2	23	5	2	10	2	0	7	0	0	2	0	0	0	0	9	0	0	21	2	7
1407.800	10	0	12	2	19	7	1	13	3	0	1	0	0	2	0	0	0	0	7	0	0	15	0	8
1408.000	10	0	10	2	18	7	2	14	2	0	3	0	0	2	0	0	0	0	6	0	0	16	1	10
1408.200	6	0	12	2	17	8	2	6	4	0	7	0	0	4	0	0	0	0	6	0	0	20	1	10
1408.400	9	0	9	3	22	7	3	11	3	0	5	0	0	3	0	0	0	0	6	0	0	20	1	11
1408.600	6	0	6	2	15	10	2	6	2	0	0	0	0	2	0	0	0	0	10	0	0	18	1	10
1408.800	7	0	12	2	18	8	1	9	4	0	1	0	0	3	0	0	0	0	12	0	0	21	1	7
1409.000	9	0	11	2	15	12	2	2	2	0	0	0	0	2	0	0	0	0	7	0	0	19	2	10
1409.200	7	0	12	2	19	7	1	5	2	0	0	0	0	2	0	0	1	0	7	0	0	18	1	11
1409.400	10	0	8	2	24	5	2	9	4	0	0	0	0	2	0	0	1	0	10	0	0	18	3	10
1409.600	8	0	11	2	26	7	2	11	3	0	1	0	0	2	0	0	1	0	7	0	0	13	1	11
1409.800	10	0	13	5	25	6	2	7	5	0	1	0	0	3	0	0	0	0	7	0	0	15	2	8
1410.000	9	0	7	2	26	7	2	8	5	0	1	0	0	2	0	0	0	0	10	0	0	25	1	10
1410.200	6	0	9	2	23	8	2	7	5	0	2	0	0	2	0	0	0	0	6	0	0	17	1	9
1410.400	8	0	12	4	18	10	2	9	5	0	2	0	0	0	0	0	0	0	4	0	0	27	3	10
1410.600	4	0	6	4	23	3	3	11	2	0	1	0	0	0	0	0	1	0	6	0	0	25	2	11
1410.800	5	0	11	5	24	9	2	13	3	0	7	0	0	0	0	0	0	0	6	0	0	24	5	12
1411.000	5	0	11	2	22	9	2	13	4	0	8	0	0	0	0	0	0	0	14	0	0	23	1	12
1411.200	9	0	10	2	17	6	2	6	2	0	10	0	0	0	0	1	0	1	11	0	0	18	1	13
1411.400	11	0	10	5	20	8	3	10	4	0	9	0	0	0	0	1	0	3	14	0	0	18	1	6
1411.600	4	0	14	2	24	5	2	7	3	0	6	0	0	2	0	0	0	0	10	0	0	24	3	10
1411.800	6	0	11	2	25	8	2	11	5	0	4	0	0	2	0	0	0	0	10	0	0	15	1	9
1412.000	10	0	12	2	24	12	2	10	2	0	3	0	0	0	0	0	0	0	7	0	0	21	0	6
1412.200	4	0	6	2	22	11	2	9	6	0	6	0	0	0	0	0	0	0	10	0	0	24	1	4
1412.400	10	0	9	2	25	9	2	6	2	0	3	0	0	0	0	0	0	0	5	0	0	23	0	7
1412.600	8	0	9	2	15	7	2	9	2	0	7	0	0	0	0	0	0	0	5	0	0	25	1	10
1412.800	11	0	12	3	27	11	2	6	3	0	6	0	0	0	0	0	0	0	5	0	0	14	0	8
1413.000	10	0	7	2	26	4	1	7	4	0	3	0	0	0	0	0	0	0	7	0	0	26	0	1
1413.200	8	0	10	2	21	9	4	5	2	0	4	0	0	0	0	0	0	0	8	0	0	20	0	7
1413.400	7	0	10	4	27	7	2	5	2	0	1	0	0	0	0	0	0	2	12	0	0	12	0	7
1413.600	8	0	6	3	27	7	2	4	2	0	3	0	0	0	0	0	0	0	8	0	0	19	0	3
1413.800	9	0	11	5	20	6	3	4	1	0	4	0	0	0	0	0	0	0	0	0	0	11	1	3
1414.000	5	0	9	5	18	7	3	8	2	0	1	0	0	0	0	0	0	0	3	0	0	19	0	2
1414.200	11	0	12	3	23	7	2	5	3	0	1	0	0	0	0	0	0	0	6	0	0	17	0	0
1414.400	11	0	11	2	18	7	2	3	2	0	2	0	0	0	0	0	0	0	9	0	0	21	0	0
1414.600	9	0	13	2	30	11	2	6	2	0	0	0	0	0	0	0	0	0	9	0	0	19	0	3
1414.800	10	0	10	2	25	8	3	5	2	0	1	0	0	0	0	0	0	0	7	0	0	20	1	3
1415.000	7	0	9	2	29	6	1	4	2	0	0	0	0	0	0	0	0	0	5	0	0	19	0	1
1415.200	7	0	5	2	24	10	2	8	4	0	3	0	0	0	0	0	0	0	1	0	0	12	0	1
1415.400	5	0	11	6	21	11	4	9	0	0	3	0	0	0	0	0	0	0	7	0	0	14	0	3
1415.600	7	0	7	3	23	7	2	10	2	0	3	0	0	0	0	0	0	0	5	0	0	17	1	3
1415.800	6	0	9	4	19	7	1	5	2	0	5	0	0	0	0	0	0	0	4	0	0	26	0	2
1416.000	5	0	5	2	17	8	4	10	2	0	1	0	0	0	0	0	0	0	6	0	0	17	3	3
1416.200	7	0	11	2	18	2	3	8	9	0	4	0	0	0	0	0	0	2	5	0	0	12	0	2
1416.400	7	0	11	3	18	11	2	7	7	0	3	0	0	0	0	0	0	0	4	0	0	16	0	1
1416.600	5	0	8	4	14	10	1	7	5	0	6	0	0	0	0	0	0	0	10	0	0	16	0	3
1416.800	7	0	9	2	17	11	2	7	6	0	7	0	0	0	0	1	0	0	6	0	0	22	3	2
1417.000	4	0	8	5	19	11	3	8	8	0	7	0	0	0	0	0	0	0	8	0	0	18	0	1
1417.200	12	0	12	2	17	9	3	8	6	0	5	0	0	0	0	0	0	0	3	0	0	22	2	3
1417.400	6	0	11	2	27	7	3	8	6	0	11	0	0	0	0	0	0	0	9	0	0	21	0	2
1417.600	10	0	8	2	21	14	2	15	8	0	7	0	0	0	0	0	0	0	9	0	0	19	0	7
1417.800	10	0	11	2	24	11	4	9	3	0	10	0	0	0	0	1	0	0	7	0	0	21	2	6
1418.000	5	0	6	2	24	12	2	9	7	0	8	0	0	0	0	2	0	0	7	0	0	19	0	0
1418.200	4	0	6	2	23	12	2	8	14	0	7	0	0	2	0	0	0	0	7	0	0	20	0	2
1418.400	7	0	5	2	27	11	3	9	9	0	12	0	0	3	0	1	1	0	7	0	0	25	2	6
1418.600	3	0	9	4	25	9	2	10	8	0	9	0	0	0	0	0	0	0	10	0	0	20	0	5
1418.800	5	0	11	2	27	11	4	10	5	0	3	0	0	0	0	0	0	0	4	0	0	18	0	0
1419.000	8	0	9	3	22	8	3	10	6	0	2	0	0	0	0	0	0	0	5	0	0	21	0	2
1419.200	3	0	8	2	15	9	4	8	6	0	1	0	0	2	0	0	0	0	8	0	0	20	0	6
1419.400	3	0	10	2	24	7	4	7	8	0	9	0	0	0	0	0	0	0	6	0	0	26	0	6
1419.600	9	0	6	2	25	6	4	9	10	0	2	0	0	1	0	0	0	0	5	0	0	21	0	5
1419.800	10	0	9	2	21	7	5	8	12	0	1	0	0	0	0	0	0	1	5	0	0	25	0	6
1420.000	4	0	11	3	20	11	4	7	10	0	2	0	0	0	0	0	0	0	4	0	0	20	1	3
1420.200	8	0	7	2	24	8	1	8	10	0	1	0	0	2	0	0	0	0	4	0	0	25	0	0
1420.400	8	0	12	3	20	10	4	10	8	0	2	0	0	0	0	0	0	3	6	0	0	24	0	1
1420.600	7	0	11	2	26	10	3	6	8	0	4	0	0	2	0	0	0	0	6	0	0	16	0	0
1420.800	6	0	8	2	20	9	3	10	10	0	1	0	0	2	0	0	0	1	6	0	0	21	0	3
1421.000	12	0	13	2	28	8	3	12	9	0	3	0	0	2	0	0	0	0	2	0	0	20	0	1
1421.200	3	0	10	2	24	8	0	9	12	0	2	0	0	2	0	0	0	0	7	0	0	23	0	4
1421.400	3	0	11	3	22	5	2	11	9	0	1	0	0	1	0	0	0	0	6	0	0	18	3	5
1421.600	3	0	13	2	23	6	2	7	5	0	1	0	0	1	0	0	0	0	4	0	0	23	0	4
1421.800	4	0	11	2	24	8	2	11	8	0	2	0	0	1	0	0	0	0	8	0	0	22	0	1
1422.000	4	0	10	4	23	7	3	6	7	0	3	0	0	1	0	0	0	0	3	0	0	20	0	2
1422.200	3	0	10	6	30	6	4	11	13	0	2	0	0	0	0	0	0	0	5	0	0	24	0	3
1422.400	5	0	10	4	31	7	2	7	4	0	7	0	0	1	0	0	0	0	2	0	0	16	2	6
1422.600	3	0	9	2	31	9	3	13	8	0	1	0	0	2	0	0	0	0	6	0	0	20	0	3
1422.800	3	0	13	2	23	7	4	12	6	0	3	0	0	2	0	0	0	0	4	0	0	20	0	6
1423.000	4	0	10	2	31	7	5	15	8	0	10	0	0	1	0	0	0	0	6	0	0	16	4	2
1423.200	3	0	8	2	23	8	4	12	6	0	4	0	0	2	0	0	0	0	4	0	0	14	2	6
1423.400	6	0	11	2	24	10	2	6	4	0	3	0	0	2	0	0	0	0	3	0	0	17	3	3
1423.600	3	0	11	2	23	6	2	7	5	0	3	0	0	3	0	0	0	0	4	0	0	22	0	2
1423.800	4	0	11	2	33	7	4	16	6	0	1	0	0	2	0	0	0	0	4	0	0	26	5	5
1424.000	3	0	7	2	23	7	3	13	12	0	4	0	0	2	0	0	0	0	3	0	0	16	1	3
1424.200	2	0	10	4	24	8	2	14	12	0	0	0	0	2	0	0	0	0	4	0	0	27	2	6
1424.400	3	0	10	2	21	6	4	13	12	0	0	0	0	2	0	0	0	0	8	0	0	22	1	5
1424.600	3	0	10	3	28	9	3	13	8	0	0	0	0	2	0	0	0	0	4	0	0	21	0	4
1424.800	2	0	10	2	24	8	2	10	10	0	0	0	0	2	0	0	0	0	2	0	0	17	0	1
1425.000	6	0	12	2	22	5	4	12	17	0	0	0	0	1	0	0	0	0	3	0	0	22	2	4
1425.200	10	0	8	5	27	7	2	14	14	0	0	0	0	2	0	0	0	0	7	0	0	20	2	5
1425.400	5	0	10	5	29	6	2	9	16	0	0	0	0	2	0	0	0	0	7	0	0	14	0	4
1425.600	5	0	11	2	23	7	3	10	9	0	2	0	0	0	0	0	0	0	8	0	0	18	0	2
1425.800	6	0	11	2	22	8	3	14	17	0	0	0	0	2	0	1	0	0	4	0	0	20	0	1
1426.000	10	0	7	2	22	11	5	15	11	0	2	0	0	2	0	0	0	0	5	0	0	19	3	3
1426.200	5	0	11	2	29	7	5	14	14	0	1	0	0	4	0	0	0	0	4	0	0	19	7	6
1426.400	10	0	8	2	24	8	3	10	13	0	0	0	0	5	0	0	0	1	7	0	0	26	7	5
1426.600	6	0	10	3	19	12	5	12	12	0	1	0	0	3	0	0	1	0	10	0	0	23	1	4
1426.800	7	0	11	2	24	10	1	7	6	0	1	0	0	4	0	0	1	0	6	0	0	22	3	4
1427.000	3	0	11	2	26	8	3	13	9	0	1	0	0	4	0	0	0	0	4	0	0	22	0	4
1427.200	4	0	10	2	23	11	4	14	6	1	5	0	0	4	0	0	0	0	6	0	0	28	3	2
1427.400	4	0	6	2	13	9	4	12	9	0	1	0	0	3	0	0	1	0	6	0	0	29	3	10
1427.600	7	0	10	2	16	10	5	11	6	0	3	0	0	2	0	0	3	0	11	0	0	21	4	12
1427.800	5	0	13	2	16	8	3	17	13	0	0	0	0	2	0	0	0	1	5	0	0	20	0	1
1428.000	8	0	7	3	18	13	3	9	14	0	1	0	0	2	0	0	1	0	5	0	0	24	4	4
1428.200	5	0	10	6	14	9	4	13	10	0	3	0	0	1	0	0	1	0	10	0	0	21	0	4
1428.400	3	0	10	2	14	9	1	7	10	0	3	0	0	5	0	0	0	0	10	0	0	26	0	4
1428.600	5	0	8	2	19	11	2	8	10	0	0	0	0	6	0	0	1	0	3	0	0	18	0	3
1428.800	9	0	12	3	22	10	2	11	8	1	4	0	0	5	0	0	2	0	10	0	0	25	0	4
1429.000	6	0	9	2	20	7	3	8	6	0	3	0	0	5	0	0	0	2	4	0	0	20	0	1
1429.200	10	0	7	2	21	7	2	11	5	0	2	0	0	7	0	0	1	0	8	0	0	19	0	4
1429.400	8	0	11	3	20	7	2	4	2	0	8	0	0	6	0	0	1	0	12	0	0	20	0	1
1429.600	6	0	15	6	22	10	2	15	3	0	1	0	0	5	0	0	1	0	4	0	0	14	0	2
1429.800	6	0	12	4	28	8	2	8	2	0	6	0	0	3	0	0	0	0	5	0	0	20	0	1
1430.000	4	0	11	2	26	8	2	8	4	0	5	0	0	2	0	0	0	0	6	0	0	26	2	3
1430.200	10	0	7	3	24	11	2	3	2	0	6	0	0	2	0	0	0	0	8	0	0	23	0	4
1430.400	5	0	5	2	28	9	3	10	2	0	9	0	0	2	0	0	0	0	6	0	0	23	0	4
1430.600	3	0	10	3	25	10	2	6	5	0	9	0	0	3	0	0	0	0	11	0	0	22	0	0
1430.800	5	0	8	2	23	7	3	11	3	0	7	0	0	2	0	0	0	0	7	0	0	19	0	2
1431.000	7	0	7	2	23	9	2	9	2	0	2	0	0	2	0	0	0	0	4	0	0	23	2	4
1431.200	7	0	8	2	20	9	2	11	2	0	1	0	0	4	0	0	0	0	9	0	0	28	3	6
1431.400	11	0	10	2	16	7	2	12	2	0	3	0	0	4	0	0	0	0	9	0	0	23	0	7
1431.600	11	0	11	3	21	6	3	9	2	0	1	0	0	2	0	0	0	0	8	0	0	20	0	2
1431.800	6	0	6	2	28	8	3	9	2	1	1	0	0	2	0	0	0	0	2	0	0	22	0	3
1432.000	9	0	11	4	23	7	2	17	2	1	2	0	0	4	0	0	0	0	7	0	0	25	4	1
1432.200	6	0	13	3	18	8	2	16	2	0	4	0	0	2	0	0	0	0	7	0	0	17	0	1
1432.400	11	0	13	4	20	7	2	12	3	0	4	0	0	3	0	0	0	0	9	0	0	22	5	4
1432.600	11	0	12	3	19	7	2	12	3	0	7	0	0	4	0	0	0	0	4	0	0	19	4	2
1432.800	11	0	11	3	24	6	2	14	3	0	5	0	0	6	0	0	0	0	5	0	0	19	2	3
1433.000	10	0	7	2	28	8	3	10	2	0	4	0	0	2	0	0	0	0	6	0	0	20	4	3
1433.200	6	0	8	6	18	5	2	11	2	0	6	0	0	2	0	0	0	0	11	0	0	17	1	6
1433.400	7	0	13	6	25	6	2	7	2	0	1	0	0	3	0	1	0	0	7	0	0	22	2	5
1433.600	6	0	12	2	25	7	2	14	3	0	0	0	0	2	0	0	0	0	5	0	0	15	2	5
1433.800	12	0	9	3	21	10	2	16	2	2	7	0	0	6	0	0	0	0	5	0	0	20	0	4
1434.000	11	0	7	6	26	9	2	11	3	0	5	0	0	4	0	0	0	0	6	0	0	19	1	2
1434.200	7	0	11	2	23	10	2	8	2	0	8	0	0	4	0	0	0	0	6	0	0	17	1	3
1434.400	7	0	10	2	20	7	2	13	2	0	6	0	0	1	0	0	0	0	7	0	0	15	3	6
1434.600	6	0	12	6	21	11	2	11	1	0	9	0	0	3	0	1	3	0	7	0	0	25	3	5
1434.800	11	0	11	6	25	8	3	12	2	0	5	0	0	1	0	0	0	0	7	0	0	25	0	8
1435.000	10	0	13	4	21	7	2	9	2	0	7	0	0	4	0	0	0	0	4	0	0	23	0	1
1435.200	12	0	11	5	27	8	2	10	2	1	10	0	0	1	0	0	0	0	7	0	0	27	0	1
1435.400	7	0	12	6	28	8	2	13	2	0	1	0	0	4	0	0	0	0	9	0	0	25	0	5
1435.600	8	0	9	4	21	5	2	11	2	1	1	0	0	0	0	0	0	0	5	0	0	24	1	0
1435.800	6	0	9	2	17	8	2	12	2	0	2	0	0	3	0	0	0	0	7	0	0	24	0	0
1436.000	12	0	9	2	20	8	2	17	3	1	1	0	0	3	0	0	0	0	9	0	0	19	3	5
1436.200	6	0	10	2	21	6	2	11	2	0	2	0	0	2	0	0	0	0	8	0	0	22	0	0
1436.400	5	0	11	3	22	11	1	9	2	0	5	0	0	1	0	0	0	0	7	0	0	22	1	3
1436.600	7	0	11	2	16	7	0	8	2	0	1	0	0	3	0	0	0	0	6	0	0	20	0	0
1436.800	7	0	11	2	19	8	2	11	2	0	3	0	0	2	0	0	0	0	10	0	0	20	0	4
1437.000	7	0	10	6	20	6	2	11	2	0	2	0	0	2	0	0	0	0	5	0	0	21	4	4
1437.200	9	0	10	3	29	9	2	11	2	0	1	0	0	2	0	1	0	0	4	0	0	19	0	6
1437.400	5	0	10	5	23	11	2	7	2	0	1	0	0	2	0	0	0	0	5	0	0	25	0	4
1437.600	8	0	8	7	28	8	2	8	2	0	9	0	0	1	0	0	0	0	4	0	0	21	4	6
1437.800	9	0	9	5	25	7	1	12	2	0	9	0	0	2	0	0	0	0	4	0	0	23	4	6
1438.000	7	0	10	4	27	8	2	12	2	1	8	0	0	2	0	0	0	0	7	0	0	20	4	6
1438.200	7	0	10	7	31	7	2	12	2	0	7	0	0	1	0	0	0	1	4	0	0	16	3	2
1438.400	10	0	11	4	21	7	2	6	2	0	8	0	0	1	0	0	0	0	9	0	0	19	0	4
1438.600	12	0	9	3	24	8	0	12	2	0	11	0	0	0	0	0	0	0	7	0	0	25	5	1
1438.800	11	0	14	4	24	10	2	10	2	0	9	0	0	0	0	0	0	0	11	0	0	22	7	6
1439.000	10	0	11	3	24	7	3	12	2	0	6	0	0	1	0	0	0	0	5	0	0	27	6	4
1439.200	7	0	7	2	26	4	1	10	2	0	8	0	0	1	0	0	0	0	9	0	0	15	5	5
1439.400	10	0	10	3	21	5	1	10	2	0	8	0	0	2	0	0	0	0	10	0	0	18	7	5
1439.600	8	0	13	6	27	8	2	16	5	0	8	0	0	5	0	0	1	0	5	0	0	25	5	7
1439.800	9	0	13	3	17	9	2	13	2	0	10	0	0	3	0	0	1	1	6	0	0	7	2	5
1440.000	8	0	11	6	20	8	2	9	2	0	8	0	0	5	0	0	1	1	7	0	0	12	4	5
1440.200	5	0	13	4	17	12	3	11	2	0	7	0	0	5	0	0	1	0	6	0	0	19	0	6
1440.400	7	0	11	2	20	10	3	12	2	0	7	0	0	4	0	0	0	1	5	0	0	19	2	5
1440.600	7	0	7	2	22	11	3	15	3	0	10	0	0	2	0	0	1	0	4	0	0	20	12	7
1440.800	6	0	10	3	21	8	2	7	2	0	9	0	0	2	0	0	1	0	5	0	0	19	3	2
1441.000	11	0	10	5	16	11	4	15	4	0	6	0	0	2	0	0	1	0	7	0	0	18	1	5
1441.200	11	0	12	6	28	9	3	10	4	0	2	0	0	1	0	0	0	0	3	0	0	17	2	3
1441.400	11	0	13	6	23	13	3	7	2	0	0	0	0	1	0	0	0	0	3	0	0	23	1	3
1441.600	9	0	10	3	20	8	3	11	2	0	2	0	0	1	0	0	1	0	3	0	0	17	4	2
1441.800	10	0	12	5	30	11	1	12	2	0	1	0	0	1	0	0	0	0	4	0	0	16	0	2
1442.000	7	0	10	6	23	8	1	9	4	0	4	0	0	1	0	0	1	0	4	0	0	26	0	3
1442.200	7	0	13	5	21	11	3	12	1	0	7	0	0	1	0	0	1	0	5	0	0	21	0	4
1442.400	9	0	10	6	32	12	2	8	1	0	4	0	0	2	0	0	0	0	3	0	0	15	5	4
1442.600	7	0	10	2	24	13	1	12	2	0	3	0	0	2	0	0	1	0	10	0	0	25	2	3
1442.800	5	0	10	2	27	9	2	10	1	0	5	0	0	1	0	0	1	0	9	0	0	17	3	5
1443.000	5	0	11	2	20	8	1	8	2	0	1	0	0	1	0	0	1	0	7	0	0	20	0	6
1443.200	6	0	12	2	25	9	2	11	2	0	6	0	0	1	0	0	1	0	10	0	0	12	0	1
1443.400	6	0	12	6	25	6	2	11	2	0	4	0	0	3	0	0	0	0	7	0	0	19	0	3
1443.600	7	0	14	2	21	7	2	11	2	0	8	0	0	1	0	0	1	0	4	0	0	27	0	2
1443.800	8	0	10	2	29	7	2	8	2	1	6	0	0	0	0	0	0	0	3	0	0	25	0	4
1444.000	5	0	13	6	30	8	2	6	2	0	3	0	0	2	0	0	0	0	6	0	0	19	0	2
1444.200	6	0	7	5	27	7	3	11	2	1	3	0	0	1	0	0	0	0	8	0	0	17	1	2
1444.400	9	0	12	6	29	11	2	12	2	0	7	0	0	2	0	0	0	0	1	0	0	23	0	0
1444.600	6	0	11	5	31	8	2	12	2	0	3	0	0	2	0	0	0	0	7	0	0	21	4	3
1444.800	8	0	10	2	23	8	1	9	2	0	6	0	0	1	0	0	0	0	4	0	0	14	1	2
1445.000	9	0	11	2	29	6	3	14	2	1	7	0	0	2	0	0	0	0	8	0	0	19	0	3
1445.200	6	0	6	4	24	6	2	11	2	0	3	0	0	1	0	0	0	0	7	0	0	25	0	1
1445.400	8	0	12	4	24	8	2	13	2	0	8	0	0	1	0	0	0	0	8	0	0	27	0	0
1445.600	9	0	8	2	26	3	3	10	1	0	4	0	0	1	0	0	0	0	10	0	0	20	2	8
1445.800	10	0	7	3	25	7	1	13	2	0	2	0	0	0	0	0	0	0	8	0	0	19	1	3
1446.000	10	0	12	2	23	9	2	10	2	0	7	0	0	1	0	0	0	0	7	0	0	20	2	0
1446.200	6	0	11	2	22	10	2	8	2	0	7	0	0	1	0	0	0	0	10	0	0	23	1	2
1446.400	9	0	13	5	23	9	2	13	2	0	7	0	0	2	0	0	0	0	8	0	0	20	1	3
1446.600	10	0	10	2	21	8	3	11	2	0	5	0	0	0	0	0	0	0	6	0	0	23	0	4
1446.800	8	0	9	4	20	7	3	10	2	0	1	0	0	1	0	1	0	0	6	0	0	22	3	11
1447.000	8	0	9	5	31	4	2	9	2	0	1	0	0	1	0	0	0	0	9	0	0	23	2	9
1447.200	9	0	10	4	16	6	4	7	2	0	0	0	0	0	0	1	0	0	8	0	0	19	0	6
1447.400	11	0	7	3	11	8	2	11	2	0	1	0	0	2	0	1	0	0	4	0	0	19	0	10
1447.600	10	0	12	4	24	9	2	10	2	0	1	0	0	0	0	0	0	0	7	0	0	20	2	12
1447.800	8	0	6	3	19	8	2	11	2	0	0	0	0	0	0	0	0	0	9	0	0	17	1	9
1448.000	5	0	9	2	25	9	2	7	2	0	1	0	0	0	0	0	0	0	4	0	0	19	3	7
1448.200	5	0	11	2	30	8	1	9	2	0	6	0	0	0	0	1	0	0	6	0	0	23	3	4
1448.400	10	0	13	2	32	7	2	7	2	0	3	0	0	0	0	0	0	0	8	0	0	22	0	3
1448.600	10	0	6	2	27	7	3	11	2	0	2	0	0	0	0	0	0	0	7	0	0	16	1	3
1448.800	4	0	10	4	22	13	3	13	3	1	0	0	0	0	0	1	0	0	8	0	0	22	5	5
1449.000	5	0	10	4	30	8	3	15	5	1	0	0	0	1	0	0	0	0	5	0	0	21	1	6
1449.200	6	0	13	6	33	6	2	9	1	2	0	0	0	1	0	0	0	0	5	0	0	17	0	3
1449.400	9	0	13	4	32	10	2	15	2	2	1	0	0	1	0	0	0	0	8	0	0	18	0	3
1449.600	5	0	8	3	29	8	0	8	7	2	0	0	0	1	0	0	0	0	6	0	0	30	4	4
1449.800	8	0	12	6	25	9	1	13	2	1	0	0	0	1	0	0	0	0	3	0	0	19	4	4
1450.000	9	0	8	6	26	6	2	12	3	3	0	0	0	0	0	1	0	0	9	0	0	17	0	1
1450.200	7	0	10	2	23	7	1	7	2	0	0	0	0	1	0	1	0	0	5	0	0	17	4	3
1450.400	9	0	5	2	22	7	2	10	3	0	0	0	0	0	0	1	0	0	4	0	0	23	4	2
1450.600	7	0	12	2	24	9	0	11	4	1	0	0	0	0	0	1	0	0	4	0	0	23	2	2
1450.800	8	0	13	6	24	8	1	14	3	0	1	0	0	0	0	1	0	0	7	0	0	21	4	7
1451.000	8	0	9	2	26	8	2	11	2	0	1	0	0	1	0	0	0	0	4	0	0	29	2	4
1451.200	7	0	13	2	27	12	2	11	2	0	1	0	0	1	0	0	0	0	8	0	0	19	3	6
1451.400	8	0	10	4	23	14	1	11	2	0	0	0	0	0	0	0	0	0	9	0	0	22	4	6
1451.600	9	0	9	3	24	12	2	13	2	0	2	0	0	1	0	0	0	0	5	0	0	22	3	4
1451.800	8	0	14	2	23	7	2	11	2	0	1	0	0	1	0	0	0	0	7	0	0	19	1	3
1452.000	11	0	9	2	18	8	3	9	2	0	1	0	0	1	0	0	0	0	3	0	0	22	3	7
1452.200	5	0	10	2	26	8	2	13	2	0	1	0	0	1	0	0	0	0	6	0	0	19	0	4
1452.400	11	0	8	3	21	9	2	9	1	0	0	0	0	1	0	1	0	0	6	0	0	28	3	2
1452.600	5	0	9	3	29	7	1	5	1	0	0	0	0	2	0	0	0	0	5	0	0	23	1	3
1452.800	5	0	11	2	20	5	2	6	1	0	0	0	0	1	0	0	0	0	3	0	0	22	2	7
1453.000	6	0	9	2	24	5	1	5	2	0	1	0	0	1	0	0	0	0	4	0	0	22	2	2
1453.200	6	0	8	3	24	9	3	10	2	0	1	0	0	1	0	0	0	0	3	0	0	22	3	4
1453.400	7	0	10	2	18	10	3	11	2	0	0	0	0	0	0	0	0	0	4	0	0	22	1	5
1453.600	7	0	11	4	22	6	2	9	2	0	2	0	0	0	0	0	0	0	4	0	0	19	4	6
1453.800	5	0	9	5	19	12	4	14	2	0	1	0	0	0	0	0	0	0	4	0	0	22	5	5
1454.000	5	0	8	2	28	15	0	13	2	0	0	0	0	1	0	0	0	0	3	0	0	26	5	5
1454.200	3	0	9	2	25	12	3	14	2	0	1	0	0	0	0	0	0	0	5	0	0	17	4	5
1454.400	5	0	9	2	33	14	4	12	2	1	0	0	0	1	0	0	0	0	5	0	0	17	7	2
1454.600	6	0	9	3	28	8	3	11	2	0	1	0	0	1	0	1	0	0	7	0	0	21	5	4
1454.800	4	0	11	5	29	9	2	13	2	1	1	0	0	0	0	0	0	0	2	0	0	20	3	8
1455.000	4	0	9	2	17	8	0	5	1	2	0	0	0	0	0	0	0	0	2	0	0	19	2	6
1455.200	4	0	9	3	23	7	3	10	2	0	1	0	0	1	0	0	0	0	3	0	0	15	6	4
1455.400	7	0	8	2	24	10	1	13	2	0	1	0	0	1	0	0	0	0	5	0	0	19	4	7
1455.600	7	0	6	3	23	8	1	10	2	0	1	0	0	0	0	0	0	0	5	0	0	22	3	6
1455.800	7	0	11	2	24	3	2	12	3	0	4	0	0	0	0	1	0	0	4	0	0	14	3	7
1456.000	5	0	11	2	30	6	2	11	3	1	9	0	0	0	0	0	0	0	1	0	0	17	2	8
1456.200	5	0	11	2	25	7	2	7	1	1	7	0	0	0	0	0	0	0	9	0	0	20	4	5
1456.400	5	0	12	3	25	4	1	14	2	2	9	0	0	1	0	0	0	0	2	0	0	18	6	5
1456.600	8	0	10	4	26	7	2	15	2	0	8	0	0	0	0	1	0	0	5	0	0	24	5	4
1456.800	8	0	8	2	22	8	2	10	2	0	7	0	0	0	0	0	0	0	4	0	0	26	4	7
1457.000	8	0	7	2	25	7	2	14	2	0	8	0	0	2	0	0	0	0	7	0	0	21	6	7
1457.200	9	0	9	3	20	6	4	13	3	1	9	0	0	1	0	0	0	0	5	0	0	24	4	6
1457.400	10	0	7	4	18	7	2	9	2	0	11	0	0	2	0	0	0	1	4	0	0	19	4	6
1457.600	8	0	8	2	20	8	1	9	2	0	10	0	0	1	0	0	0	0	7	0	0	13	2	2
1457.800	5	0	7	4	15	7	2	14	2	0	9	0	0	2	0	0	0	0	2	0	0	25	3	10
1458.000	8	0	14	4	21	6	2	18	4	0	9	0	0	2	0	0	0	0	4	0	0	19	4	6
1458.200	8	0	10	5	19	8	3	15	2	0	9	0	0	2	0	0	0	0	8	0	0	22	4	2
1458.400	10	0	10	2	23	6	2	10	2	1	7	0	0	1	0	0	0	3	7	0	0	23	4	2
1458.600	6	0	10	5	15	7	2	13	2	0	6	0	0	0	0	1	0	0	7	0	0	18	4	7
1458.800	11	0	12	5	24	9	2	12	3	1	4	0	0	4	0	0	0	0	10	0	0	24	1	2
1459.000	8	0	7	2	17	12	3	10	2	0	2	0	0	1	0	1	0	0	7	0	0	24	5	1
1459.200	9	0	13	5	20	9	1	8	2	0	1	0	0	0	0	1	0	0	4	0	0	24	2	2
1459.400	7	0	11	6	14	12	2	12	5	3	2	0	0	1	0	0	0	0	3	0	0	22	3	4
1459.600	10	0	10	3	20	7	2	17	7	3	3	0	0	0	0	1	0	0	6	0	0	25	4	2
1459.800	7	0	10	5	24	7	2	12	6	3	3	0	0	0	0	1	0	0	8	0	0	25	6	5
1460.000	6	0	8	6	20	7	2	14	2	3	0	0	0	0	0	0	0	0	7	0	0	20	4	5
1460.200	6	0	8	2	21	7	2	11	2	0	2	0	0	0	0	1	1	0	6	0	0	21	0	3
1460.400	10	0	12	4	17	6	2	13	3	2	3	0	0	0	0	1	0	0	7	0	0	21	2	6
1460.600	11	0	9	2	16	9	1	6	2	0	1	0	0	1	0	1	0	0	6	0	0	22	0	1
1460.800	7	0	8	5	20	10	2	17	2	4	1	0	0	0	0	0	0	0	4	0	0	18	1	3
1461.000	8	0	12	3	17	12	2	14	5	0	3	0	0	0	0	1	0	0	7	0	0	27	4	3
1461.200	7	0	11	6	22	7	4	13	2	0	1	0	0	0	0	0	0	0	4	0	0	24	3	0
1461.400	8	0	9	2	30	9	2	12	2	0	2	0	0	0	0	0	0	0	3	0	0	19	0	1
1461.600	9	0	13	4	17	11	2	8	2	0	2	0	0	1	0	1	0	0	3	0	0	24	3	2
1461.800	12	0	9	4	22	8	2	13	3	0	2	0	0	1	0	0	0	0	3	0	0	23	3	3
1462.000	8	0	10	4	21	10	3	12	1	1	8	0	0	1	0	0	0	0	6	0	0	25	4	3
1462.200	10	0	8	5	18	12	3	13	2	0	4	0	0	0	0	0	0	0	5	0	0	18	0	0
1462.400	8	0	11	4	26	7	2	15	4	1	6	0	0	0	0	0	0	0	5	0	0	24	3	3
1462.600	8	0	9	5	23	8	2	11	3	1	1	0	0	1	0	0	0	0	5	0	0	24	0	5
1462.800	9	0	7	2	22	8	1	10	2	1	1	0	0	1	0	0	1	0	4	0	0	24	8	4
1463.000	3	0	7	2	18	9	3	6	2	0	0	0	0	1	0	0	0	0	6	0	0	30	8	9
1463.200	5	0	11	2	28	6	2	12	2	0	1	0	0	1	0	0	1	0	3	0	0	19	1	9
1463.400	9	0	12	2	23	7	2	9	2	0	2	0	0	0	0	0	0	0	5	0	0	22	0	4
1463.600	7	0	11	6	30	9	2	9	2	0	1	0	0	1	0	0	0	0	8	0	0	22	0	2
1463.800	10	0	11	2	26	7	2	11	2	0	2	0	0	1	0	0	0	0	6	0	0	23	2	4
1464.000	3	0	11	5	19	7	2	9	2	0	2	0	0	1	0	0	0	0	3	0	0	26	2	5
1464.200	6	0	9	6	18	7	1	12	2	0	2	0	0	1	0	0	0	0	2	0	0	25	1	1
1464.400	7	0	12	4	19	8	2	13	2	0	8	0	0	1	0	0	0	0	8	0	0	19	0	7
1464.600	6	0	7	4	25	7	2	17	4	0	1	0	0	0	0	0	0	0	13	0	0	21	2	8
1464.800	10	0	13	6	23	12	2	7	2	0	2	0	0	1	0	0	4	0	18	0	0	12	2	6
1465.000	8	0	12	2	24	7	2	14	2	0	2	0	0	1	0	0	6	0	8	0	0	16	1	2
1465.200	11	0	12	4	22	7	2	8	2	0	0	0	0	1	0	0	7	0	5	0	0	24	0	8
1465.400	8	0	11	2	23	10	4	15	2	0	1	0	0	1	0	0	3	0	8	0	0	18	0	4
1465.600	9	0	11	7	36	8	2	13	3	0	1	0	0	1	0	0	5	0	8	0	0	17	0	2
1465.800	9	0	12	3	30	9	3	10	2	0	1	0	0	1	0	0	4	0	11	0	0	24	5	5
1466.000	8	0	10	2	22	12	3	13	2	0	0	0	0	0	0	0	0	0	6	0	0	21	0	2
1466.200	7	0	11	2	24	10	2	9	2	0	1	0	0	1	0	0	2	0	9	0	0	17	0	6
1466.400	11	0	11	3	23	6	1	11	3	0	0	0	0	0	0	0	6	0	5	1	0	25	4	9
1466.600	4	0	7	3	28	7	3	13	2	0	1	0	0	0	0	0	6	0	6	2	0	20	1	8
1466.800	6	0	11	5	19	7	2	9	2	0	2	0	0	1	0	0	7	0	8	3	0	22	2	13
1467.000	5	0	12	2	22	14	3	13	2	0	1	0	0	0	0	1	3	0	3	3	0	19	1	9
1467.200	4	0	8	6	24	7	3	10	2	1	1	0	0	0	0	0	5	0	12	2	0	22	4	8
1467.400	7	0	6	4	28	7	3	14	3	0	0	0	0	0	0	0	6	0	11	0	0	23	6	12
1467.600	4	0	7	4	19	9	2	9	1	2	1	0	0	0	0	0	4	0	9	0	0	22	4	13
1467.800	8	0	9	6	26	9	2	13	2	0	4	0	0	0	0	0	6	0	11	0	0	20	3	10
1468.000	8	0	11	2	28	11	2	12	2	2	1	0	0	0	0	0	2	0	3	0	0	28	0	14
1468.200	9	0	13	3	25	11	2	12	2	0	2	0	0	0	0	0	6	0	7	0	0	22	2	9
1468.400	8	0	11	6	31	10	2	12	2	0	1	0	0	2	0	0	2	0	11	0	0	24	2	9
1468.600	5	0	11	6	32	7	1	6	2	0	1	0	0	0	0	0	0	0	4	0	0	22	0	5
1468.800	6	0	8	7	23	8	2	10	3	0	1	0	0	0	0	0	2	0	9	0	0	19	0	5
1469.000	6	0	5	5	20	7	3	6	2	0	1	0	0	0	0	0	0	0	5	0	0	17	2	4
1469.200	7	0	10	2	23	8	2	15	3	0	1	0	0	1	0	0	0	0	3	0	0	21	4	4
1469.400	6	0	9	5	19	10	1	12	2	0	1	0	0	0	0	0	0	0	5	0	0	24	0	5
1469.600	5	0	10	3	21	9	1	8	2	0	1	0	0	2	0	0	0	0	3	0	0	18	3	2
1469.800	7	0	8	6	23	8	2	13	2	0	3	0	0	1	0	0	0	0	6	0	0	24	1	8
1470.000	5	0	11	4	17	11	2	17	4	1	1	0	0	1	0	0	0	0	2	0	0	17	0	11
1470.200	5	0	12	2	21	11	2	7	2	0	0	0	0	0	0	0	0	0	3	0	0	20	2	10
1470.400	7	0	13	6	22	10	3	11	2	0	1	0	0	1	0	0	0	0	3	0	0	17	2	10
1470.600	9	0	11	2	26	12	2	14	3	1	1	0	0	3	0	0	0	0	3	0	0	16	0	8
1470.800	8	0	7	4	21	8	2	12	2	1	1	0	0	1	0	0	0	0	1	0	0	24	0	5
1471.000	7	0	11	2	16	12	2	11	2	0	4	0	0	3	0	0	0	0	2	0	0	17	0	7
1471.200	7	0	10	5	20	13	2	9	2	0	2	0	0	1	0	0	0	0	5	0	0	23	0	9
1471.400	7	0	10	2	13	4	2	11	3	1	1	0	0	3	0	0	0	0	2	0	0	21	2	6
1471.600	7	0	11	2	23	9	2	14	3	0	9	0	0	1	0	0	0	0	5	0	0	21	0	9
1471.800	7	0	13	6	30	11	1	10	2	0	2	0	0	1	0	0	0	0	12	0	0	17	0	7
1472.000	9	0	11	2	27	9	2	8	0	0	2	0	0	1	0	0	0	0	8	0	0	21	1	9
1472.200	7	0	10	2	24	12	2	10	2	0	9	0	0	0	0	0	0	0	3	0	0	21	3	8
1472.400	9	0	8	5	23	10	2	13	1	0	5	0	0	1	0	0	0	0	11	0	0	22	1	3
1472.600	9	0	12	5	23	12	2	11	2	0	2	0	0	1	0	0	0	0	11	0	0	23	2	6
1472.800	7	0	10	6	21	9	2	11	2	0	6	0	0	0	0	0	0	0	4	0	0	19	1	4
1473.000	8	0	9	4	22	13	2	14	2	0	6	0	0	0	0	0	0	0	6	0	0	25	0	6
1473.200	10	0	8	2	23	14	1	11	2	0	3	0	0	1	0	0	0	0	5	0	0	27	0	10
1473.400	6	0	10	6	23	13	2	11	2	0	2	0	0	2	0	0	2	0	6	0	0	21	3	0
1473.600	9	0	12	2	22	12	2	10	2	0	0	0	0	3	0	0	2	0	8	0	0	20	3	3
1473.800	6	0	7	6	27	13	3	14	2	2	2	0	0	3	0	0	2	0	3	0	0	14	1	4
1474.000	6	0	12	2	31	2	1	13	6	5	1	0	0	3	0	0	1	0	9	0	0	9	1	9
1474.200	5	0	13	6	24	11	2	10	14	4	2	0	0	3	0	0	1	0	6	0	0	15	0	4
1474.400	9	0	13	2	25	7	2	14	12	3	6	0	0	4	0	0	4	0	10	0	0	14	4	5
1474.600	11	0	13	2	21	7	1	9	10	2	2	0	0	2	0	0	3	0	8	0	0	17	3	4
1474.800	7	0	14	7	25	7	2	11	3	2	2	0	0	2	0	0	7	0	10	0	0	22	3	6
1475.000	9	0	6	4	23	9	4	9	2	4	2	0	0	4	0	1	2	0	6	0	0	21	5	12
1475.200	5	0	9	3	20	8	1	13	9	3	1	0	0	4	0	0	0	0	9	1	0	14	3	10
1475.400	8	0	11	3	25	8	2	10	5	0	0	0	0	4	0	0	4	0	11	0	0	12	2	6
1475.600	4	0	10	6	25	8	1	12	2	0	2	0	0	3	0	0	3	0	12	0	0	17	0	5
1475.800	9	0	12	6	22	8	1	14	2	0	0	0	0	4	0	0	4	0	11	0	0	20	0	9
1476.000	10	0	11	2	20	7	3	15	3	0	5	0	0	2	0	0	5	0	6	0	0	19	0	6
1476.200	7	0	10	2	19	6	2	16	3	0	7	0	0	2	0	0	3	0	9	0	0	23	3	8
1476.400	9	0	7	3	21	7	2	14	2	0	7	0	0	3	0	0	4	0	10	0	0	14	5	12
1476.600	10	0	12	6	34	7	2	11	3	0	7	0	0	5	0	0	3	0	15	0	0	15	1	7
1476.800	6	0	11	5	33	10	3	9	2	0	2	0	0	4	0	0	4	0	13	0	0	21	0	8
1477.000	10	0	6	4	34	9	2	10	2	1	3	0	0	5	0	0	7	0	13	0	0	14	0	8
1477.200	8	0	10	2	21	8	2	10	1	1	6	0	0	7	0	0	8	0	12	0	0	21	1	9
1477.400	8	0	10	2	27	9	2	13	2	0	1	0	0	4	0	0	7	0	12	0	0	21	0	5
1477.600	10	0	9	2	20	11	2	12	1	0	5	0	0	4	0	1	6	0	5	0	0	16	1	7
1477.800	9	0	6	2	19	6	3	13	2	0	8	0	0	4	0	0	7	0	14	0	0	17	1	2
1478.000	11	0	10	4	26	13	4	12	2	1	7	0	0	4	0	0	7	0	9	0	0	21	0	9
1478.200	5	0	8	2	20	10	3	11	2	0	1	0	0	3	0	0	5	0	10	0	0	17	4	8
1478.400	4	0	11	6	23	10	3	12	2	0	3	0	0	2	0	0	7	0	8	1	0	17	2	1
1478.600	5	0	6	2	26	9	2	11	2	0	5	0	0	2	0	0	1	0	7	0	0	23	4	9
1478.800	4	0	9	2	22	9	3	9	2	0	3	0	0	2	0	0	0	0	7	0	0	24	1	1
1479.000	6	0	4	2	17	6	4	10	2	0	9	0	0	2	0	0	1	0	3	0	0	27	5	2
1479.200	3	0	5	2	23	12	3	10	2	1	5	0	0	2	0	0	0	0	9	0	0	19	1	0
1479.400	3	0	6	2	19	7	2	14	2	0	7	0	0	2	0	0	1	0	12	0	0	26	0	9
1479.600	4	0	8	2	14	9	3	12	2	0	8	0	0	0	0	0	1	0	5	0	0	25	1	10
1479.800	3	0	14	2	21	6	4	16	5	0	5	0	0	0	0	0	0	0	8	0	0	20	1	1
1480.000	4	0	13	2	23	4	1	15	2	0	9	0	0	0	0	0	0	0	5	0	0	19	1	7
1480.200	4	0	10	2	18	7	1	6	1	0	7	0	0	0	0	0	0	0	3	0	0	20	0	5
1480.400	6	0	9	2	22	10	2	11	2	0	4	0	0	1	0	0	0	0	5	0	0	19	0	2
1480.600	6	0	9	2	20	7	2	10	2	0	10	0	0	0	0	0	0	0	6	0	0	24	0	3
1480.800	6	0	10	2	30	8	2	10	1	0	7	0	0	0	0	0	1	0	3	0	0	21	0	3
1481.000	6	0	12	2	18	6	4	15	4	0	0	0	0	0	0	0	0	0	6	0	0	19	0	4
1481.200	6	0	11	5	19	8	1	10	0	0	2	0	0	0	0	0	0	0	8	0	0	18	0	4
1481.400	6	0	9	4	18	7	2	12	2	1	2	0	0	0	0	0	0	0	6	0	0	17	0	1
1481.600	6	0	10	4	26	7	2	16	2	0	2	0	0	1	0	0	0	0	8	0	0	22	0	1
1481.800	10	0	9	7	26	6	2	12	2	0	0	0	0	1	0	0	0	0	9	0	0	20	0	0
1482.000	5	0	6	2	16	7	2	8	2	0	0	0	0	1	0	0	0	0	6	0	0	21	0	4
1482.200	9	0	14	5	24	12	2	15	2	0	1	0	0	2	0	0	0	0	8	0	0	15	2	4
1482.400	6	0	10	3	23	11	2	9	2	0	1	0	0	0	0	0	0	0	3	0	0	26	2	7
1482.600	7	0	10	2	24	11	2	9	2	0	1	0	0	0	0	0	0	0	6	0	0	22	1	4
1482.800	6	0	8	6	17	9	2	15	5	2	2	0	0	1	0	0	0	0	6	0	0	24	0	4
1483.000	6	0	8	5	18	8	1	11	2	1	2	0	0	0	0	0	0	0	7	0	0	25	1	5
1483.200	10	0	10	6	24	9	2	13	3	1	2	0	0	2	0	0	0	0	5	0	0	24	0	1
1483.400	8	0	12	5	21	8	0	8	2	0	4	0	0	0	0	0	0	0	5	0	0	27	1	4
1483.600	6	0	8	3	24	13	3	10	2	0	2	0	0	1	0	0	0	0	3	0	0	23	2	5
1483.800	10	0	8	5	16	10	1	10	2	0	2	0	0	2	0	0	0	0	4	0	0	26	0	2
1484.000	9	0	12	3	22	11	2	11	4	0	3	0	0	1	0	0	0	0	2	0	0	25	0	1
1484.200	8	0	10	2	21	9	2	10	2	1	3	0	0	0	0	0	0	0	3	0	0	25	2	4
1484.400	6	0	11	5	28	8	2	11	2	0	2	0	0	0	0	0	0	0	7	0	0	22	3	1
1484.600	9	0	7	7	24	8	2	10	2	0	4	0	0	0	0	0	0	0	3	0	0	21	1	4
1484.800	7	0	12	6	34	9	2	13	2	1	7	0	0	0	0	0	0	0	4	0	0	18	2	5
1485.000	12	0	13	2	35	8	1	10	1	0	7	0	0	0	0	0	0	0	8	0	0	16	6	4
1485.200	10	0	13	7	40	8	1	9	2	0	8	0	0	0	0	0	0	0	3	0	0	18	0	1
1485.400	8	0	11	2	23	8	3	8	1	0	9	0	0	0	0	0	0	0	1	0	0	24	2	1
1485.600	9	0	11	6	35	8	2	7	2	0	7	0	0	0	0	0	0	0	2	0	0	22	1	2
1485.800	9	0	12	3	29	7	2	10	1	0	10	0	0	0	0	0	0	0	4	0	0	23	2	4
1486.000	8	0	13	5	22	6	2	13	2	0	9	0	0	0	0	0	0	0	4	0	0	26	1	6
1486.200	7	0	10	5	21	7	2	13	4	2	7	0	0	0	0	0	0	0	3	0	0	25	5	6
1486.400	11	0	10	4	21	7	2	11	2	1	11	0	0	0	0	0	0	0	3	0	0	23	0	9
1486.600	8	0	12	2	25	11	2	10	2	0	6	0	0	0	0	0	0	0	1	0	0	20	3	4
1486.800	8	0	9	3	25	12	2	8	2	0	6	0	0	0	0	0	0	0	2	0	0	25	2	4
1487.000	8	0	10	2	21	11	2	11	2	1	6	0	0	0	0	0	0	0	2	0	0	25	1	2
1487.200	9	0	13	2	17	10	2	10	2	0	7	0	0	0	0	0	0	0	0	0	0	19	5	6
1487.400	11	0	6	2	19	8	2	11	2	1	6	0	0	0	0	0	0	0	0	0	0	15	3	4
1487.600	7	0	9	2	19	8	1	13	2	1	10	0	0	0	0	0	0	0	0	0	0	24	4	4
1487.800	8	0	12	4	28	8	2	13	2	1	5	0	0	0	0	0	0	0	2	0	0	21	4	2
1488.000	11	0	6	6	23	9	1	10	2	0	8	0	0	0	0	0	0	0	2	0	0	22	3	4
1488.200	8	0	10	3	29	10	2	8	2	1	9	0	0	0	0	0	0	0	2	0	0	23	4	6
1488.400	5	0	10	4	24	6	3	9	2	1	9	0	0	0	0	0	0	0	2	0	0	22	1	5
1488.600	9	0	10	3	24	6	2	12	2	1	9	0	0	0	0	0	0	0	0	0	0	21	5	6
1488.800	9	0	10	2	29	9	3	13	3	1	11	0	0	0	0	0	0	0	2	0	0	19	4	5
1489.000	10	0	10	2	26	7	2	10	2	0	14	0	0	0	0	0	0	0	1	0	0	16	1	3
1489.200	7	0	10	4	23	11	2	10	2	0	6	0	0	0	0	0	0	0	2	0	0	23	2	7
1489.400	6	0	10	5	32	7	2	8	2	1	10	0	0	1	0	0	0	0	1	0	0	23	4	4
1489.600	8	0	14	6	21	8	1	10	2	1	8	0	0	0	0	0	0	0	5	0	0	19	5	7
1489.800	10	0	10	3	26	7	2	9	2	1	6	0	0	0	0	0	0	0	2	0	0	23	5	4
1490.000	6	0	11	2	33	10	2	12	3	2	10	0	0	0	0	0	0	0	3	0	0	19	2	5
1490.200	7	0	11	6	31	8	3	9	2	1	8	0	0	1	0	0	0	0	4	0	0	19	3	5
1490.400	6	0	7	5	26	8	0	10	1	0	10	0	0	1	0	0	0	0	2	0	0	24	2	6
1490.600	9	0	8	4	18	10	2	13	2	0	6	0	0	1	0	0	0	0	4	0	0	20	2	5
1490.800	7	0	11	2	22	8	3	12	2	0	7	0	0	1	0	0	0	0	0	0	0	12	2	5
1491.000	9	0	11	2	29	6	1	10	2	0	11	0	0	0	0	0	0	0	4	0	0	22	4	3
1491.200	9	0	8	2	23	8	2	14	3	2	7	0	0	0	0	0	0	0	4	0	0	24	3	6
1491.400	9	0	11	2	36	8	2	14	2	1	6	0	0	0	0	0	0	0	1	0	0	17	4	5
1491.600	10	0	10	5	19	3	2	11	2	1	8	0	0	0	0	0	0	0	10	0	0	24	4	3
1491.800	11	0	10	3	17	9	2	11	2	1	11	0	0	0	0	0	0	0	6	0	0	24	4	6
1492.000	8	0	12	2	24	7	2	10	2	1	3	0	0	0	0	0	0	0	4	0	0	23	3	5
1492.200	7	0	12	5	23	7	1	14	2	1	7	0	0	1	0	0	0	0	5	0	0	24	4	6
1492.400	9	0	8	4	27	8	3	12	1	3	9	0	0	1	0	0	0	0	1	0	0	21	3	6
1492.600	9	0	10	7	27	7	2	12	3	1	7	0	0	0	0	0	0	0	1	0	0	18	6	5
1492.800	8	0	9	2	30	8	2	9	3	1	8	0	0	0	0	0	0	0	2	0	0	23	5	6
1493.000	8	0	11	5	24	7	2	11	2	1	8	0	0	0	0	0	0	0	1	0	0	18	4	2
1493.200	10	0	10	3	25	9	2	12	3	3	9	0	0	1	0	0	0	0	4	0	0	20	3	2
1493.400	6	0	9	2	24	9	3	14	2	0	8	0	0	1	0	0	0	0	3	0	0	19	4	4
1493.600	7	0	12	2	24	9	2	15	2	0	9	0	0	2	0	0	0	0	6	0	0	21	0	4
1493.800	8	0	12	6	23	6	4	12	2	1	7	0	0	1	0	0	0	0	4	0	0	25	4	4
1494.000	8	0	12	2	27	7	2	14	2	0	5	0	0	2	0	0	0	0	3	0	0	20	4	3
1494.200	10	0	11	2	22	8	1	11	3	1	12	0	0	2	0	0	0	0	4	0	0	19	4	3
1494.400	9	0	10	2	20	15	3	13	2	0	13	0	0	2	0	0	0	0	1	0	0	19	5	4
1494.600	10	0	8	4	27	13	2	14	2	0	10	0	0	0	0	0	0	0	2	0	0	19	3	2
1494.800	6	0	7	2	21	13	1	7	2	1	11	0	0	1	0	0	0	0	2	0	0	19	4	5
1495.000	4	0	7	2	22	14	3	7	2	1	6	0	0	0	0	0	0	0	0	0	0	19	3	2
1495.200	3	0	11	2	20	14	2	13	2	0	9	0	0	1	0	0	0	0	1	0	0	15	4	9
1495.400	3	0	11	2	19	9	1	7	2	1	8	0	0	0	0	0	0	0	1	0	0	19	4	5
1495.600	3	0	11	2	23	15	4	11	2	1	8	0	0	1	0	0	0	0	2	0	0	24	3	2
1495.800	7	0	6	2	26	9	2	10	2	0	8	0	0	0	0	0	0	0	2	0	0	23	4	3
1496.000	6	0	7	2	18	8	3	7	2	1	13	0	0	0	0	0	0	0	2	0	0	20	2	3
1496.200	6	0	13	2	25	8	4	9	2	0	7	0	0	0	0	0	0	0	3	0	0	22	3	5
1496.400	7	0	12	2	27	5	2	9	2	0	10	0	0	0	0	0	0	0	3	0	0	21	2	4
1496.600	5	0	8	4	21	12	1	10	2	0	7	0	0	0	0	0	0	0	3	0	0	20	1	2
1496.800	7	0	10	3	25	12	2	7	2	0	9	0	0	1	0	0	0	0	2	0	0	21	4	5
1497.000	6	0	14	2	25	13	3	12	2	0	9	0	0	0	0	0	0	0	8	0	0	18	1	4
1497.200	5	0	9	2	26	10	2	16	2	1	11	0	0	0	0	0	0	0	7	0	0	16	3	4
1497.400	9	0	10	2	23	8	2	13	3	1	8	0	0	2	0	0	0	0	5	0	0	22	2	6
1497.600	6	0	10	6	30	8	2	8	2	1	8	0	0	1	0	0	0	0	3	0	0	25	3	2
1497.800	5	0	10	2	21	5	3	13	2	0	7	0	0	1	0	0	0	0	4	0	0	23	4	5
1498.000	11	0	9	3	30	14	1	11	2	0	6	0	0	0	0	0	0	0	8	0	0	21	4	5
1498.200	11	0	14	4	29	10	2	10	3	0	11	0	0	3	0	0	0	0	5	0	0	23	3	4
1498.400	10	0	12	5	22	13	2	13	3	0	8	0	0	1	0	0	0	0	4	0	0	24	4	4
1498.600	8	0	12	5	20	11	2	13	2	0	9	0	0	4	0	0	0	0	6	0	0	23	2	2
1498.800	8	0	9	2	25	9	2	8	3	0	14	0	0	5	0	0	0	0	4	0	0	21	4	5
1499.000	11	0	6	5	22	7	3	10	2	0	10	0	0	4	0	0	0	0	3	0	0	28	4	2
1499.200	5	0	10	3	29	8	3	17	2	1	9	0	0	1	0	0	0	0	6	0	0	24	4	5
1499.400	11	0	6	6	26	9	4	13	2	0	10	0	0	3	0	0	0	0	7	0	0	19	3	6
1499.600	7	0	11	6	21	11	3	8	2	0	7	0	0	4	0	0	0	0	5	0	0	27	4	2
1499.800	8	0	10	3	20	9	2	7	2	0	14	0	0	3	0	0	0	0	8	0	0	24	4	3
1500.000	8	0	10	5	24	9	2	13	3	0	9	0	0	5	0	0	0	0	8	0	0	26	5	5
1500.200	10	0	10	2	21	7	2	10	2	0	7	0	0	4	0	0	0	0	4	0	0	27	3	4
