Time	1	2	3	4	5	6	7	8	9	10	11	12	13	14	15	16	17	18	19	20	21	22	23	24	25	26	27	28	29	30	31	32	33	34	35	36
0.000	0	0	0	0	0	0	0	0	0	0	0	0	0	0	0	0	0	0	0	0	0	0	0	0	0	0	0	0	0	0	0	0	10	2	0	6
0.200	0	0	0	0	0	0	0	0	0	0	0	0	0	0	0	0	6	0	0	0	0	0	0	0	0	3	8	0	0	0	0	0	0	0	0	9
0.400	0	0	0	0	0	0	0	0	0	0	0	0	0	0	0	0	4	0	0	1	0	0	6	0	0	7	4	0	0	0	0	0	0	0	0	8
0.600	0	0	0	0	0	0	0	0	0	0	0	0	0	0	0	0	2	0	0	2	0	0	3	0	0	6	7	0	0	0	0	0	0	0	0	8
0.800	0	0	0	0	0	0	0	0	0	0	0	0	0	0	0	0	6	0	1	3	0	0	4	0	0	8	3	0	0	0	0	0	0	0	0	9
1.000	0	0	0	0	0	0	0	0	0	0	0	0	0	0	0	0	6	0	0	3	0	0	6	0	0	5	3	0	0	0	0	0	0	0	0	8
1.200	0	0	0	0	0	0	0	0	0	0	0	0	0	0	0	0	5	0	0	4	0	0	3	0	0	7	10	0	0	0	0	0	0	0	0	11
1.400	0	0	0	0	0	0	0	0	0	0	0	0	0	0	0	0	6	0	0	3	0	0	5	0	0	6	4	0	0	0	0	0	0	0	0	10
1.600	0	0	0	0	0	0	0	0	0	0	0	0	0	0	0	0	5	0	2	2	0	0	3	0	0	11	4	0	0	0	0	0	0	0	0	9
1.800	0	0	0	0	0	0	0	0	0	0	0	0	0	0	0	0	5	0	0	1	0	0	2	0	0	9	4	0	0	0	0	0	0	0	0	8
2.000	0	0	0	0	0	0	0	0	0	0	0	0	0	0	0	0	6	0	0	2	0	0	0	0	0	8	8	0	0	0	0	0	0	0	0	9
2.200	0	0	0	0	0	0	0	0	0	0	0	0	0	0	0	0	1	0	1	4	0	0	0	0	0	7	11	0	0	0	0	0	0	0	0	7
2.400	0	0	0	0	0	0	0	0	0	0	0	0	0	0	0	0	3	0	1	2	0	0	0	0	0	5	6	0	0	0	0	0	0	0	0	7
2.600	0	0	0	0	0	0	0	0	0	0	0	0	0	0	0	0	6	0	0	2	0	0	0	0	0	7	9	0	0	0	0	0	0	0	0	7
2.800	0	0	0	0	0	0	0	0	0	0	0	0	0	0	0	0	5	0	0	1	0	0	0	0	0	5	8	0	0	0	0	0	0	0	0	10
3.000	0	0	0	0	0	0	0	0	0	0	0	0	0	0	0	0	6	0	1	1	0	0	0	0	0	4	8	0	0	0	0	0	0	0	0	4
3.200	0	0	0	0	0	0	0	0	0	0	0	0	0	0	0	0	6	0	0	0	0	0	0	0	0	5	9	0	0	0	0	0	0	0	0	6
3.400	0	0	0	0	0	0	0	0	0	0	0	0	0	0	0	0	5	0	7	2	0	0	1	0	0	5	13	0	0	0	0	0	0	0	0	9
3.600	0	0	0	0	0	0	0	0	0	0	0	0	0	0	0	0	6	0	5	4	0	0	2	0	0	9	19	0	0	0	0	0	0	0	0	8
3.800	0	0	0	0	0	0	0	0	0	0	0	0	0	0	0	0	4	0	7	4	0	0	0	0	0	5	8	0	0	0	0	0	0	0	0	5
4.000	0	0	0	0	0	0	0	0	0	0	0	0	0	0	0	0	2	0	8	3	0	0	0	0	0	11	12	0	0	0	0	0	0	0	0	5
4.200	0	0	0	0	0	0	0	0	0	0	0	0	0	0	0	0	6	0	4	3	0	0	0	0	0	16	12	0	0	0	1	0	0	0	0	5
4.400	0	0	0	0	0	0	0	0	0	0	0	0	0	0	0	0	5	0	9	3	0	0	2	0	0	9	11	0	0	0	0	0	0	0	0	10
4.600	0	0	0	0	0	0	0	0	0	0	0	0	0	0	0	0	3	0	4	2	0	0	1	0	0	9	15	0	0	0	1	0	0	0	0	5
4.800	0	0	0	0	0	0	0	0	0	0	0	0	0	0	0	0	4	0	3	2	0	0	1	0	0	8	6	0	0	0	0	0	0	0	0	7
5.000	0	0	0	0	0	0	0	0	0	0	0	0	0	0	0	0	6	0	7	3	0	0	1	0	0	10	12	0	0	0	1	0	0	0	0	5
5.200	0	0	0	0	0	0	0	0	0	0	0	0	0	0	0	0	4	0	5	3	0	0	0	0	0	2	13	0	0	0	1	0	0	0	0	7
5.400	0	0	0	0	0	0	0	0	0	0	0	0	0	0	0	0	4	0	7	2	0	0	0	0	0	10	16	0	0	0	0	0	0	0	0	6
5.600	0	0	0	0	0	0	0	0	0	0	0	0	0	0	0	0	6	0	7	3	0	0	1	0	0	10	10	0	0	0	0	0	0	0	0	7
5.800	0	0	0	0	0	0	0	0	0	0	0	0	0	0	0	0	5	0	7	2	0	0	0	0	0	11	11	0	0	0	0	0	0	0	0	6
6.000	0	0	0	0	0	0	0	0	0	0	0	0	0	0	0	0	5	0	5	3	0	0	0	0	0	12	12	0	0	0	0	0	0	0	0	11
6.200	0	0	0	0	0	0	0	0	0	0	0	0	0	0	0	0	6	0	9	2	0	0	0	0	0	7	14	0	0	0	0	0	0	0	0	8
6.400	0	0	0	0	0	0	0	0	0	0	0	0	0	0	0	0	6	0	5	3	0	0	0	0	0	10	8	0	0	0	0	0	0	0	0	9
6.600	0	0	0	0	0	0	0	0	0	0	0	0	0	0	0	0	6	0	5	4	0	0	0	0	0	9	14	0	0	0	0	0	0	0	0	6
6.800	0	0	0	0	0	0	0	0	0	0	0	0	0	0	0	0	6	0	3	3	0	0	1	0	0	8	7	0	0	0	0	0	0	0	0	9
7.000	0	0	0	0	0	0	0	0	0	0	0	0	0	0	0	0	6	0	4	3	0	0	1	0	0	9	6	0	0	0	0	0	0	0	0	6
7.200	0	0	0	0	0	0	0	0	0	0	0	0	0	0	0	0	6	0	9	3	0	0	0	0	0	20	6	0	0	0	1	0	0	0	0	10
7.400	0	0	0	0	0	0	0	0	0	0	0	0	0	0	0	0	5	0	5	3	0	0	0	0	0	14	9	0	0	0	0	0	0	0	0	9
7.600	0	0	0	0	0	0	0	0	0	0	0	0	0	0	0	0	5	0	5	5	0	0	0	0	0	15	7	0	0	0	0	0	0	0	0	7
7.800	0	0	0	0	0	0	0	0	0	0	0	0	0	0	0	0	6	0	5	5	0	0	0	0	0	14	11	0	0	0	0	0	0	0	0	9
8.000	0	0	0	0	0	0	0	0	0	0	0	0	0	0	0	0	6	0	8	3	0	0	0	0	0	15	10	0	0	0	0	0	0	0	0	10
8.200	0	0	0	0	0	0	0	0	0	0	0	0	0	0	0	0	6	0	6	2	0	0	0	0	0	12	10	0	0	0	0	0	0	0	0	6
8.400	0	0	0	0	0	0	0	0	0	0	0	0	0	0	0	0	6	0	1	1	0	0	0	0	0	16	9	0	0	0	1	0	0	0	0	7
8.600	0	0	0	0	0	0	0	0	0	0	0	0	0	0	0	0	5	0	4	2	0	0	0	0	0	18	3	0	0	0	0	0	0	0	0	8
8.800	0	0	0	0	0	0	0	0	0	0	0	0	0	0	0	0	6	0	6	2	0	0	0	0	0	18	6	0	0	0	0	0	0	0	0	7
9.000	0	0	0	0	0	0	0	0	0	0	0	0	0	0	0	0	2	0	5	3	0	0	1	0	0	10	7	0	0	0	0	0	0	0	0	9
9.200	0	0	0	0	0	0	0	0	0	0	0	0	0	0	0	0	3	0	5	1	0	0	0	0	0	14	6	0	0	0	0	0	0	0	0	6
9.400	0	0	0	0	0	0	0	0	0	0	0	0	0	0	0	0	6	0	1	2	0	0	1	0	0	11	5	0	0	0	0	0	0	0	0	8
9.600	0	0	0	0	0	0	0	0	0	0	0	0	0	0	0	0	4	0	0	1	0	0	0	0	0	7	3	0	0	0	0	0	0	0	0	7
9.800	0	0	0	0	0	0	0	0	0	0	0	0	0	0	0	0	7	0	0	2	0	0	0	0	0	8	1	0	0	0	0	0	0	0	0	6
10.000	0	0	0	0	0	0	0	0	0	0	0	0	0	0	0	0	6	0	0	1	0	0	0	0	0	8	0	0	0	0	0	0	0	0	0	10
10.200	0	0	0	0	0	0	0	0	0	0	0	0	0	0	0	0	6	0	0	1	0	0	0	0	0	16	0	0	0	0	1	0	0	0	0	9
10.400	0	0	0	0	0	0	0	0	0	0	0	0	0	0	0	0	4	0	0	2	0	0	0	0	0	16	0	0	0	0	1	0	0	0	0	6
10.600	0	0	0	0	0	0	0	0	0	0	0	0	0	0	0	0	5	0	0	1	0	0	0	0	0	14	0	1	0	0	2	0	0	0	0	7
10.800	0	0	0	0	0	0	0	0	0	0	0	0	0	0	0	0	6	0	0	3	0	0	0	0	0	9	0	0	0	0	1	0	0	0	0	7
11.000	0	0	0	0	0	0	0	0	0	0	0	0	0	0	0	0	5	0	0	1	0	0	0	0	0	8	0	0	0	0	2	0	0	0	0	6
11.200	0	0	0	0	0	0	0	0	0	0	0	0	0	0	0	0	4	0	0	0	0	0	0	0	0	6	0	0	0	0	1	0	0	0	0	9
11.400	0	0	0	0	0	0	0	0	0	0	0	0	0	0	0	0	9	0	0	2	0	0	0	0	0	8	0	0	0	0	1	0	0	0	0	8
11.600	0	0	0	0	0	0	0	0	0	0	0	0	0	0	0	0	6	0	0	3	0	0	0	0	0	5	0	0	0	0	1	0	0	0	0	9
11.800	0	0	0	0	0	0	0	0	0	0	0	0	0	0	0	0	4	0	0	2	0	0	0	0	0	12	0	0	0	0	1	0	0	0	0	8
12.000	0	0	0	0	0	0	0	0	0	0	0	0	0	0	0	0	6	0	0	2	0	0	0	0	0	15	1	0	0	0	2	0	0	0	0	6
12.200	0	0	0	0	0	0	0	0	0	0	0	0	0	0	0	0	7	0	0	2	0	0	0	0	0	11	0	0	0	0	0	0	0	0	0	6
12.400	0	0	0	0	0	0	0	0	0	0	0	0	0	0	0	0	6	0	0	1	0	0	0	0	0	6	0	0	0	0	1	0	0	0	0	6
12.600	0	0	0	0	0	0	0	0	0	0	0	0	0	0	0	0	5	0	0	2	0	0	0	0	0	8	0	0	0	0	1	0	0	0	0	7
12.800	0	0	0	0	0	0	0	0	0	0	0	0	0	0	0	0	6	0	0	2	0	0	0	0	0	9	0	0	0	0	1	0	0	0	0	10
13.000	0	0	0	0	0	0	0	0	0	0	0	0	0	0	0	0	7	0	0	2	0	0	1	0	0	5	0	0	0	0	3	0	0	0	0	7
13.200	0	0	0	0	0	0	0	0	0	0	0	0	0	0	0	0	6	0	0	2	0	0	0	0	0	12	0	0	0	0	2	0	0	0	0	10
13.400	0	0	0	0	0	0	0	0	0	0	0	0	0	0	0	0	2	0	0	2	0	0	0	0	0	19	0	0	0	0	0	0	0	0	0	7
13.600	0	0	0	0	0	0	0	0	0	0	0	0	0	0	0	0	5	0	0	0	0	0	0	0	0	8	0	0	0	0	1	0	0	0	0	7
13.800	0	0	0	0	0	0	0	0	0	0	0	0	0	0	0	0	7	0	0	1	0	0	0	0	0	7	2	0	0	0	2	0	0	0	0	7
14.000	0	0	0	0	0	0	0	0	0	0	0	0	0	0	0	0	6	0	1	1	0	0	0	0	0	8	2	0	0	0	0	0	0	0	0	5
14.200	0	0	0	0	0	0	0	0	0	0	0	0	0	0	0	0	5	0	0	2	0	0	0	0	0	14	2	0	0	0	1	0	0	0	0	9
14.400	0	0	0	0	0	0	0	0	0	0	0	0	0	0	0	0	6	0	0	3	0	0	0	0	0	16	4	0	0	0	1	0	0	0	0	8
14.600	0	0	0	0	0	0	0	0	0	0	0	0	0	0	0	0	10	0	0	2	0	0	0	0	0	13	0	0	0	0	2	0	0	0	0	6
14.800	0	0	0	0	0	0	0	0	0	0	0	0	0	0	0	0	6	0	0	3	0	0	0	0	0	18	0	0	0	0	2	0	0	0	0	9
15.000	0	0	0	0	0	0	0	0	0	0	0	0	0	0	0	0	14	0	0	3	0	0	0	0	0	12	1	1	0	0	2	0	0	0	0	6
15.200	0	0	0	0	0	0	0	0	0	0	0	0	0	0	0	0	20	0	0	4	0	0	0	0	0	20	0	0	0	0	1	0	0	0	0	7
15.400	0	0	0	0	0	0	0	0	0	0	0	0	0	0	0	0	11	0	0	3	0	0	0	0	0	5	0	0	0	0	1	0	0	0	0	8
15.600	0	0	0	0	0	0	0	0	0	0	0	0	0	0	0	0	10	0	0	1	0	0	0	0	0	7	0	0	0	0	3	0	0	0	0	10
15.800	0	0	0	0	0	0	0	0	0	0	0	0	0	0	0	0	17	0	0	1	0	0	0	0	0	8	2	0	0	0	1	0	0	0	0	7
16.000	0	0	0	0	0	0	0	0	0	0	0	0	0	0	0	0	13	0	0	1	0	0	0	0	0	8	1	0	0	0	1	0	0	0	0	7
16.200	0	0	0	0	0	0	0	0	0	0	0	0	0	0	0	0	14	0	0	1	0	0	0	0	0	8	1	0	0	0	1	0	0	0	0	7
16.400	0	0	0	0	0	0	0	0	0	0	0	0	0	0	0	0	12	0	0	0	0	0	0	0	0	4	0	0	0	0	1	0	0	0	0	8
16.600	0	0	0	0	0	0	0	0	0	0	0	0	0	0	0	0	13	0	0	1	0	0	0	0	0	15	1	0	0	0	1	0	0	0	0	7
16.800	0	0	0	0	0	0	0	0	0	0	0	0	0	0	0	0	15	0	0	1	0	0	0	0	0	4	0	0	0	0	4	0	0	0	0	9
17.000	0	0	0	0	0	0	0	0	0	0	0	0	0	0	0	0	14	0	0	1	0	0	0	0	0	5	1	0	0	0	1	0	0	0	0	6
17.200	0	0	0	0	0	0	0	0	0	0	0	0	0	0	0	0	13	0	0	1	0	0	0	0	0	16	0	0	0	0	1	0	0	0	0	6
17.400	0	0	0	0	0	0	0	0	0	0	0	0	0	0	0	0	11	0	0	1	0	0	0	0	0	12	0	0	0	0	0	0	0	0	0	7
17.600	0	0	0	0	0	0	0	0	0	0	0	0	0	0	0	0	14	0	0	1	0	0	0	0	0	8	0	0	0	0	1	0	0	0	0	7
17.800	0	0	0	0	0	0	0	0	0	0	0	0	0	0	0	0	11	0	0	1	0	0	0	0	0	18	0	0	0	0	1	0	0	0	0	8
18.000	0	0	0	0	0	0	0	0	0	0	0	0	0	0	0	0	15	0	0	1	0	0	0	0	0	14	0	0	0	0	0	0	0	0	0	7
18.200	0	0	0	0	0	0	0	0	0	0	0	0	0	0	0	0	15	0	0	1	0	0	0	0	0	10	0	0	0	0	1	0	0	0	0	7
18.400	0	0	0	0	0	0	0	0	0	0	0	0	0	0	0	0	14	0	0	0	0	0	0	0	0	9	0	0	0	0	1	0	0	0	0	6
18.600	0	0	0	0	0	0	0	0	0	0	0	0	0	0	0	0	18	0	0	0	0	0	0	0	0	6	0	0	0	0	2	0	0	0	0	3
18.800	0	0	0	0	0	0	0	0	0	0	0	0	0	0	0	0	22	0	0	1	0	0	0	0	0	10	0	0	0	0	0	0	0	0	0	6
19.000	0	0	0	0	0	0	0	0	0	0	0	0	0	0	0	0	14	0	0	0	0	0	0	0	0	4	0	0	0	0	1	0	0	0	0	10
19.200	0	0	0	0	0	0	0	0	0	0	0	0	0	0	0	0	18	0	0	1	0	0	0	0	0	10	0	0	0	0	1	0	0	0	0	7
19.400	0	0	0	0	0	0	0	0	0	0	0	0	0	0	0	0	13	0	0	1	0	0	0	0	0	8	0	0	0	0	2	0	0	0	0	5
19.600	0	0	0	0	0	0	0	0	0	0	0	0	0	0	0	0	10	0	0	1	0	0	0	0	0	8	0	0	0	0	0	0	0	0	0	6
19.800	0	0	0	0	0	0	0	0	0	0	0	0	0	0	0	0	18	0	0	1	0	0	0	0	0	6	0	0	0	0	0	0	0	0	0	6
20.000	0	0	0	0	0	0	0	0	0	0	0	0	0	0	0	0	13	0	0	1	0	0	0	0	0	8	2	0	0	0	1	0	0	0	0	9
20.200	0	0	0	0	0	0	0	0	0	0	0	0	0	0	0	0	17	0	0	1	0	0	0	0	0	7	2	0	0	0	1	0	0	0	0	6
20.400	0	0	0	0	0	0	0	0	0	0	0	0	0	0	0	0	13	0	0	1	0	0	0	0	0	8	2	0	0	0	1	0	0	0	0	6
20.600	0	0	0	0	0	0	0	0	0	0	0	0	0	0	0	0	17	0	0	1	0	0	0	0	0	6	0	0	0	0	0	0	0	0	0	5
20.800	0	0	0	0	0	0	0	0	0	0	0	0	0	0	0	0	19	0	0	1	0	0	0	0	0	6	1	0	0	0	0	0	0	0	0	6
21.000	0	0	0	0	0	0	0	0	0	0	0	0	0	0	0	0	16	0	0	1	0	0	0	0	0	4	2	0	0	0	1	0	0	0	0	6
21.200	0	0	0	0	0	0	0	0	0	0	0	0	0	0	0	0	15	0	0	1	0	0	0	0	0	8	2	0	0	0	0	0	0	0	0	5
21.400	0	0	0	0	0	0	0	0	0	0	0	0	0	0	0	0	16	0	0	1	0	0	0	0	0	6	2	0	0	0	0	0	0	0	0	7
21.600	0	0	0	0	0	0	0	0	0	0	0	0	0	0	0	0	20	0	0	1	0	0	0	0	0	5	5	0	0	0	1	0	0	0	0	6
21.800	0	0	0	0	0	0	0	0	0	0	0	0	0	0	0	0	15	0	0	1	0	0	0	0	0	5	0	0	0	0	1	0	0	0	0	3
22.000	0	0	0	0	0	0	0	0	0	0	0	0	0	0	0	0	11	0	0	0	0	0	0	0	0	3	0	0	0	0	1	0	0	0	0	7
22.200	0	0	0	0	0	0	0	0	0	0	0	0	0	0	0	0	14	0	0	0	0	0	0	0	0	3	0	0	0	0	1	0	0	0	0	7
22.400	0	0	0	0	0	0	0	0	0	0	0	0	0	0	0	0	14	0	0	0	0	0	0	0	0	4	0	1	0	0	2	0	0	0	0	6
22.600	0	0	0	0	0	0	0	0	0	0	0	0	0	0	0	0	16	0	0	1	0	0	0	0	0	6	1	1	0	0	1	0	0	0	0	8
22.800	0	0	0	0	0	0	0	0	0	0	0	0	0	0	0	0	21	0	0	1	0	0	0	0	0	4	0	0	0	0	0	0	0	0	0	6
23.000	0	0	0	0	0	0	0	0	0	0	0	0	0	0	0	0	21	0	0	1	0	0	0	0	0	8	0	0	0	0	1	0	0	0	0	6
23.200	0	0	0	0	0	0	0	0	0	0	0	0	0	0	0	0	16	0	0	1	0	0	0	0	0	7	0	0	0	0	2	0	0	0	0	6
23.400	0	0	0	0	0	0	0	0	0	0	0	0	0	0	0	0	15	0	0	1	0	0	0	0	0	3	0	0	0	0	1	0	0	0	0	7
23.600	0	0	0	0	0	0	0	0	0	0	0	0	0	0	0	0	18	0	0	1	0	0	0	0	0	11	1	0	0	0	1	0	0	0	0	5
23.800	0	0	0	0	0	0	0	0	0	0	0	0	0	0	0	0	18	0	0	0	0	0	0	0	0	6	0	0	0	0	1	0	0	0	0	7
24.000	0	0	0	0	0	0	0	0	0	0	0	0	0	0	0	0	16	0	0	2	0	0	0	0	0	6	0	0	0	0	3	0	0	0	0	6
24.200	0	0	0	0	0	0	0	0	0	0	0	0	0	0	0	0	19	0	0	2	0	0	0	0	0	5	0	1	0	0	3	0	0	0	0	5
24.400	0	0	0	0	0	0	0	0	0	0	0	0	0	0	0	0	15	0	0	1	0	0	0	0	0	5	0	0	0	0	3	0	0	0	0	6
24.600	0	0	0	0	0	0	0	0	0	0	0	0	0	0	0	0	17	0	0	0	0	0	0	0	0	5	1	0	0	0	3	0	0	0	0	5
24.800	0	0	0	0	0	0	0	0	0	0	0	0	0	0	0	0	17	0	0	1	0	0	0	0	0	5	1	0	0	0	1	0	0	0	0	5
25.000	0	0	0	0	0	0	0	0	0	0	0	0	0	0	0	0	18	0	0	0	0	0	0	0	0	7	0	0	0	0	4	0	0	0	0	6
25.200	0	0	0	0	0	0	0	0	0	0	0	0	0	0	0	0	19	0	0	1	0	0	0	0	0	4	0	1	0	0	3	0	0	0	0	5
25.400	0	0	0	0	0	0	0	0	0	0	0	0	0	0	0	0	18	0	0	1	0	0	0	0	0	7	0	0	0	0	2	0	0	0	0	6
25.600	0	0	0	0	0	0	0	0	0	0	0	0	0	0	0	0	17	0	0	0	0	0	0	0	0	8	0	0	0	0	2	0	0	0	0	9
25.800	0	0	0	0	0	0	0	0	0	0	0	0	0	0	0	0	17	0	0	1	0	0	0	0	0	8	0	0	0	0	1	0	0	0	0	4
26.000	0	0	0	0	0	0	0	0	0	0	0	0	0	0	0	0	15	0	0	1	0	0	0	0	0	6	0	0	0	0	2	0	0	0	0	6
26.200	0	0	0	0	0	0	0	0	0	0	0	0	0	0	0	0	13	0	0	1	0	0	0	0	0	6	0	0	0	0	1	0	0	0	0	8
26.400	0	0	0	0	0	0	0	0	0	0	0	0	0	0	0	0	10	0	0	1	0	0	0	0	0	8	0	0	0	0	2	0	0	0	0	3
26.600	0	0	0	0	0	0	0	0	0	0	0	0	0	0	0	0	9	0	0	1	0	0	0	0	0	6	0	0	0	0	1	0	0	0	0	10
26.800	0	0	0	0	0	0	0	0	0	0	0	0	0	0	0	0	11	0	0	1	0	0	0	0	0	5	0	0	0	0	2	0	0	0	0	6
27.000	0	0	0	0	0	0	0	0	0	0	0	0	0	0	0	0	11	0	0	1	0	0	0	0	0	3	0	0	0	0	1	0	0	0	0	7
27.200	0	0	0	0	0	0	0	0	0	0	0	0	0	0	0	0	13	0	0	1	0	0	0	0	0	10	0	0	0	0	1	0	0	0	0	6
27.400	0	0	0	0	0	0	0	0	0	0	0	0	0	0	0	0	16	0	0	1	0	0	0	0	0	7	0	0	0	0	0	0	0	0	0	5
27.600	0	0	0	0	0	0	0	0	0	0	0	0	0	0	0	0	23	0	0	2	0	0	0	0	0	3	0	1	0	0	2	0	0	0	0	6
27.800	0	0	0	0	0	0	0	0	0	0	0	0	0	0	0	0	18	0	0	1	0	0	0	0	0	4	0	0	0	0	2	0	0	0	0	6
28.000	0	0	0	0	0	0	0	0	0	0	0	0	0	0	0	0	21	0	0	1	0	0	0	0	0	4	0	0	0	0	1	0	0	0	0	6
28.200	0	0	0	0	0	0	0	0	0	0	0	0	0	0	0	0	17	0	0	1	0	0	0	0	0	4	1	0	0	0	2	0	0	0	0	8
28.400	0	0	0	0	0	0	0	0	0	0	0	0	0	0	0	0	17	0	0	1	0	0	0	0	0	3	0	0	0	0	2	0	0	0	0	6
28.600	0	0	0	0	0	0	0	0	0	0	0	0	0	0	0	0	17	0	0	1	0	0	0	0	0	8	0	0	0	0	2	0	0	0	0	8
28.800	0	0	0	0	0	0	0	0	0	0	0	0	0	0	0	0	19	0	0	1	0	0	0	0	0	10	4	0	0	0	2	0	0	0	0	11
29.000	0	0	0	0	0	0	0	0	0	0	0	0	0	0	0	0	19	0	0	1	0	0	0	0	0	4	4	0	0	0	0	0	0	0	0	7
29.200	0	0	0	0	0	0	0	0	0	0	0	0	0	0	0	0	15	0	0	1	0	0	0	0	0	10	1	0	0	0	1	0	0	0	0	6
29.400	0	0	0	0	0	0	0	0	0	0	0	0	0	0	0	0	19	0	0	1	0	0	0	0	0	12	1	1	0	0	1	0	0	0	0	5
29.600	0	0	0	0	0	0	0	0	0	0	0	0	0	0	0	0	16	0	0	1	0	0	0	0	0	6	1	0	0	0	1	0	0	0	0	6
29.800	0	0	0	0	0	0	0	0	0	0	0	0	0	0	0	0	16	0	0	1	0	0	0	0	0	7	1	0	0	0	2	0	0	0	0	5
30.000	0	0	0	0	0	0	0	0	0	0	0	0	0	0	0	0	15	0	0	1	0	0	0	0	0	11	1	0	0	0	1	0	0	0	0	11
30.200	0	0	0	0	0	0	0	0	0	0	0	0	0	0	0	0	12	0	0	0	0	0	0	0	0	5	1	0	0	0	1	0	0	0	0	10
30.400	0	0	0	0	0	0	0	0	0	0	0	0	0	0	0	0	10	0	0	0	0	0	0	0	0	5	0	0	0	0	3	0	0	0	0	10
30.600	0	0	0	0	0	0	0	0	0	0	0	0	0	0	0	0	11	0	0	0	0	0	0	0	0	5	0	0	0	0	2	0	0	0	0	9
30.800	0	0	0	0	0	0	0	0	0	0	0	0	0	0	0	0	12	0	0	1	0	0	0	0	0	4	1	0	0	0	2	0	0	0	0	12
31.000	0	0	0	0	0	0	0	0	0	0	0	0	0	0	0	0	16	0	0	1	0	0	0	0	0	6	0	0	0	0	2	0	0	0	0	12
31.200	0	0	0	0	0	0	0	0	0	0	0	0	0	0	0	0	14	0	0	1	0	0	0	0	0	5	1	0	0	0	1	0	0	0	0	9
31.400	0	0	0	0	0	0	0	0	0	0	0	0	0	0	0	0	11	0	0	0	0	0	0	0	0	9	0	0	0	0	2	0	0	0	0	5
31.600	0	0	0	0	0	0	0	0	0	0	0	0	0	0	0	0	10	0	0	0	0	0	0	0	0	11	3	1	0	0	2	0	0	0	0	10
31.800	0	0	0	0	0	0	0	0	0	0	0	0	0	0	0	0	13	0	0	1	0	0	0	0	0	8	4	0	0	0	2	0	0	0	0	5
32.000	0	0	0	0	0	0	0	0	0	0	0	0	0	0	0	0	10	0	0	0	0	0	0	0	0	7	2	0	0	0	2	0	0	0	0	6
32.200	0	0	0	0	0	0	0	0	0	0	0	0	0	0	0	0	6	0	0	0	0	0	0	0	0	8	3	0	0	0	1	0	0	0	0	7
32.400	0	0	0	0	0	0	0	0	0	0	0	0	0	0	0	0	5	0	0	0	0	0	0	0	0	8	4	0	0	0	1	0	0	0	0	6
32.600	0	0	0	0	0	0	0	0	0	0	0	0	0	0	0	0	6	0	0	0	0	0	0	0	0	6	4	0	0	0	0	0	0	0	0	6
32.800	0	0	0	0	0	0	0	0	0	0	0	0	0	0	0	0	3	0	0	0	0	0	0	0	0	5	4	0	0	0	0	0	0	0	0	4
33.000	0	0	0	0	0	0	0	0	0	0	0	0	0	0	0	0	0	0	0	0	0	0	0	0	0	8	4	1	0	0	3	0	0	0	0	7
33.200	0	0	0	0	0	0	0	0	0	0	0	0	0	0	0	0	3	0	0	0	0	0	0	0	0	5	4	1	0	0	1	0	0	0	0	8
33.400	0	0	0	0	0	0	0	0	0	0	0	0	0	0	0	0	10	0	0	0	0	0	0	0	0	6	3	1	0	0	2	0	0	0	0	7
33.600	0	0	0	0	0	0	0	0	0	0	0	0	0	0	0	0	12	0	0	0	0	0	0	0	0	7	2	0	0	0	0	0	0	0	0	4
33.800	0	0	0	0	0	0	0	0	0	0	0	0	0	0	0	0	8	0	0	1	0	0	0	0	0	5	3	1	0	0	0	0	0	0	0	6
34.000	0	0	0	0	0	0	0	0	0	0	0	0	0	0	0	0	14	0	0	0	0	0	0	0	0	6	2	0	0	0	2	0	0	0	0	6
34.200	0	0	0	0	0	0	0	0	0	0	0	0	0	0	0	0	14	0	0	1	0	0	0	0	0	7	2	0	0	0	1	0	0	0	0	6
34.400	0	0	0	0	0	0	0	0	0	0	0	0	0	0	0	0	14	0	0	1	0	0	0	0	0	6	2	0	0	0	2	0	0	0	0	6
34.600	0	0	0	0	0	0	0	0	0	0	0	0	0	0	0	0	9	0	0	0	0	0	0	0	0	6	0	0	0	0	1	0	0	0	0	5
34.800	0	0	0	0	0	0	0	0	0	0	0	0	0	0	0	0	12	0	0	0	0	0	0	0	0	6	0	1	0	0	2	0	0	0	0	9
35.000	0	0	0	0	0	0	0	0	0	0	0	0	0	0	0	0	12	0	0	0	0	0	0	0	0	3	1	0	0	0	0	0	0	0	0	7
35.200	0	0	0	0	0	0	0	0	0	0	0	0	0	0	0	0	16	0	1	0	0	0	0	0	0	6	1	0	0	0	2	0	0	0	0	8
35.400	0	0	0	0	0	0	0	0	0	0	0	0	0	0	0	0	10	0	4	0	0	0	0	0	0	7	0	0	0	0	2	0	0	0	0	7
35.600	1	0	0	0	0	0	0	0	0	0	0	0	0	0	0	0	17	0	5	0	0	0	0	0	0	8	0	0	0	0	0	0	0	0	0	5
35.800	0	0	0	0	0	0	0	0	0	0	0	0	0	0	0	0	11	0	5	1	0	0	0	0	0	8	0	0	0	0	2	0	0	0	0	6
36.000	0	0	0	0	0	0	0	0	0	0	0	0	0	0	0	0	9	0	1	0	0	0	0	0	0	5	0	0	0	0	2	0	0	0	0	5
36.200	0	0	0	0	0	0	0	0	0	0	0	0	0	0	0	0	12	0	0	0	0	0	0	0	0	5	0	0	0	0	0	0	0	0	0	6
36.400	0	0	0	0	0	0	0	0	0	0	0	0	0	0	0	0	12	0	3	1	0	0	0	0	0	11	0	0	0	0	1	0	0	0	0	7
36.600	0	0	0	0	0	0	0	0	0	0	0	0	0	0	0	0	14	0	4	0	0	0	0	0	0	10	0	0	0	0	1	0	0	0	0	6
36.800	0	0	0	0	0	0	0	0	0	0	0	0	0	0	0	0	16	0	3	1	0	0	0	0	0	10	0	0	0	0	0	0	0	0	0	6
37.000	0	0	0	0	0	0	0	0	0	0	0	0	0	0	0	0	8	0	4	0	0	0	0	0	0	6	0	1	0	0	2	0	0	0	0	4
37.200	0	0	0	0	0	0	0	0	0	0	0	0	0	0	0	0	9	0	5	0	0	0	0	0	0	5	0	0	0	0	2	0	0	0	0	7
37.400	0	0	0	0	0	0	0	0	0	0	0	0	0	0	0	0	15	0	5	1	0	0	0	0	0	8	0	0	0	0	2	0	0	0	0	7
37.600	0	0	0	0	0	0	0	0	0	0	0	0	0	0	0	0	11	0	4	0	0	0	0	0	0	7	0	0	0	0	2	0	0	0	0	7
37.800	0	0	0	0	0	0	0	0	0	0	0	0	0	0	0	0	10	0	0	1	0	0	0	0	0	6	0	0	0	0	1	0	0	0	0	7
38.000	0	0	0	0	0	0	0	0	0	0	0	0	0	0	0	0	16	0	0	1	0	0	0	0	0	7	0	0	0	0	2	0	0	0	0	5
38.200	0	0	0	0	0	0	0	0	0	0	0	0	0	0	0	0	10	0	0	0	0	0	0	0	0	3	0	0	0	0	1	0	0	0	0	9
38.400	0	0	0	0	0	0	0	0	0	0	0	0	0	0	0	0	18	0	0	0	0	0	0	0	0	7	0	0	0	0	1	0	0	0	0	5
38.600	0	0	0	0	0	0	0	0	0	0	0	0	0	0	0	0	15	0	0	1	0	0	0	0	0	10	0	0	0	0	2	0	0	0	0	7
38.800	0	0	0	0	0	0	0	0	0	0	0	0	0	0	0	0	13	0	0	1	0	0	0	0	0	9	0	0	0	0	0	0	0	0	0	9
39.000	0	0	0	0	0	0	0	0	0	0	0	0	0	0	0	0	16	0	0	2	0	0	0	0	0	10	0	0	0	0	1	0	0	0	0	7
39.200	0	0	0	0	0	0	0	0	0	0	0	0	0	0	0	0	8	0	1	0	0	0	0	0	0	13	1	0	0	0	1	0	0	0	0	9
39.400	0	0	0	0	0	0	0	0	0	0	0	0	0	0	0	0	10	0	3	0	0	0	0	0	0	10	1	0	0	0	1	0	0	0	0	7
39.600	0	0	0	0	0	0	0	0	0	0	0	0	0	0	0	0	16	0	2	1	0	0	0	0	0	7	0	1	0	0	2	0	0	0	0	6
39.800	0	0	0	0	0	0	0	0	0	0	0	0	0	0	0	0	8	0	1	0	0	0	0	0	0	3	0	0	0	0	2	0	0	0	0	4
40.000	0	0	0	0	0	0	0	0	0	0	0	0	0	0	0	0	7	0	5	0	0	0	0	0	0	5	0	0	0	0	1	0	0	0	0	7
40.200	0	0	0	0	0	0	0	0	0	0	0	0	0	0	0	0	12	0	1	0	0	0	0	0	0	3	0	0	0	0	3	0	0	0	0	6
40.400	0	0	0	0	0	0	0	0	0	0	0	0	0	0	0	0	16	0	0	0	0	0	0	0	0	8	0	1	0	0	1	0	0	0	0	7
40.600	0	0	0	0	0	0	0	0	0	0	0	0	0	0	0	0	8	0	1	0	0	0	0	0	0	8	0	1	0	0	2	0	0	0	0	6
40.800	0	0	0	0	0	0	0	0	0	0	0	0	0	0	0	0	11	0	0	0	0	0	0	0	0	5	0	1	0	0	1	0	0	0	0	5
41.000	0	0	0	0	0	0	0	0	0	0	0	0	0	0	0	0	17	0	0	0	0	0	0	0	0	4	0	1	0	0	2	0	0	0	0	8
41.200	0	0	0	0	0	0	0	0	0	0	0	0	0	0	0	0	15	0	0	1	0	0	0	0	0	8	0	0	0	0	2	0	0	0	0	8
41.400	0	0	0	0	0	0	0	0	0	0	0	0	0	0	0	0	14	0	0	1	0	0	0	0	0	18	0	1	0	0	2	0	0	0	0	10
41.600	0	0	0	0	0	0	0	0	0	0	0	0	0	0	0	0	12	0	0	1	0	0	0	0	0	15	0	1	0	0	3	0	0	0	0	7
41.800	0	0	0	0	0	0	0	0	0	0	0	0	0	0	0	0	17	0	0	1	0	0	0	0	0	5	0	1	0	0	3	0	0	0	0	9
42.000	0	0	0	0	0	0	0	0	0	0	0	0	0	0	0	0	20	0	0	1	0	0	0	0	0	16	0	1	0	0	2	0	0	0	0	10
42.200	0	0	0	0	0	0	0	0	0	0	0	0	0	0	0	0	14	0	1	1	0	0	0	0	0	10	0	1	0	0	3	0	0	0	0	7
42.400	0	0	0	0	0	0	0	0	0	0	0	0	0	0	0	0	17	0	0	1	0	0	0	0	0	12	1	1	0	0	2	0	0	0	0	7
42.600	0	0	0	0	0	0	0	0	0	0	0	0	0	0	0	0	15	0	0	1	0	0	0	0	0	5	0	1	0	0	2	0	0	0	0	6
42.800	0	0	0	0	0	0	0	0	0	0	0	0	0	0	0	0	14	0	0	1	0	0	0	0	0	13	0	1	0	0	2	0	0	0	0	7
43.000	0	0	0	0	0	0	0	0	0	0	0	0	0	0	0	0	15	0	0	1	0	0	0	0	0	6	0	1	0	0	3	0	0	0	0	8
43.200	0	0	0	0	0	0	0	0	0	0	0	0	0	0	0	0	11	0	0	0	0	0	0	0	0	16	0	1	0	0	2	0	0	0	0	9
43.400	0	0	0	0	0	0	0	0	0	0	0	0	0	0	0	0	13	0	0	1	0	0	0	0	0	17	0	1	0	0	2	0	0	0	0	7
43.600	0	0	0	0	0	0	0	0	0	0	0	0	0	0	0	0	13	0	0	0	0	0	0	0	0	20	0	1	0	0	3	0	0	0	0	6
43.800	0	0	0	0	0	0	0	0	0	0	0	0	0	0	0	0	14	0	0	0	0	0	0	0	0	19	0	1	0	0	3	0	0	0	0	7
44.000	0	0	0	0	0	0	0	0	0	0	0	0	0	0	0	0	12	0	0	1	0	0	0	0	0	21	0	1	0	0	3	0	0	0	0	9
44.200	0	0	0	0	0	0	0	0	0	0	0	0	0	0	0	0	20	0	0	1	0	0	0	0	0	16	0	1	0	0	2	0	0	0	0	8
44.400	0	0	0	0	0	0	0	0	0	0	0	0	0	0	0	0	16	0	0	1	0	0	0	0	0	20	0	1	0	0	3	0	0	0	0	6
44.600	0	0	0	0	0	0	0	0	0	0	0	0	0	0	0	0	17	0	0	0	0	0	0	0	0	20	0	1	0	0	2	0	0	0	0	8
44.800	0	0	0	0	0	0	0	0	0	0	0	0	0	0	0	0	19	0	0	1	0	0	0	0	0	13	0	1	0	0	1	0	0	0	0	7
45.000	0	0	0	0	0	0	0	0	0	0	0	0	0	0	0	0	13	0	0	0	0	0	0	0	0	19	0	1	0	0	3	0	0	0	0	7
45.200	0	0	0	0	0	0	0	0	0	0	0	0	0	0	0	0	9	0	0	0	0	0	0	0	0	18	0	1	0	0	3	0	0	0	0	7
45.400	0	0	0	0	0	0	0	0	0	0	0	0	0	0	0	0	17	0	0	1	0	0	0	0	0	19	0	1	0	0	2	0	0	0	0	8
45.600	0	0	0	0	0	0	0	0	0	0	0	0	0	0	0	0	13	0	0	1	0	0	0	0	0	22	0	1	0	0	2	0	0	0	0	8
45.800	0	0	0	0	0	0	0	0	0	0	0	0	0	0	0	0	15	0	0	1	0	0	0	0	0	15	0	1	0	0	3	0	0	0	0	10
46.000	0	0	0	0	0	0	0	0	0	0	0	0	0	0	0	0	20	0	0	1	0	0	0	0	0	19	0	1	0	0	2	0	0	0	0	7
46.200	0	0	0	0	0	0	0	0	0	0	0	0	0	0	0	0	16	0	0	1	0	0	0	0	0	16	0	3	0	0	2	0	0	0	0	6
46.400	0	0	0	0	0	0	0	0	0	0	0	0	0	0	0	0	17	0	0	1	0	0	0	0	0	13	0	2	0	0	2	0	0	0	0	7
46.600	0	0	0	0	0	0	0	0	0	0	0	0	0	0	0	0	14	0	0	0	0	0	0	0	0	20	0	4	0	0	2	0	0	0	0	7
46.800	0	0	0	0	0	0	0	0	0	0	0	0	0	0	0	0	15	0	0	0	0	0	0	0	0	12	0	1	0	0	3	0	0	0	0	7
47.000	0	0	0	0	0	0	0	0	0	0	0	0	0	0	0	0	15	0	0	1	0	0	0	0	0	7	0	1	0	0	2	0	0	0	0	7
47.200	0	0	0	0	0	0	0	0	0	0	0	0	0	0	0	0	20	0	0	1	0	0	0	0	0	15	0	1	0	0	2	0	0	0	0	6
47.400	0	0	0	0	0	0	0	0	0	0	0	0	0	0	0	0	15	0	0	1	0	0	0	0	0	19	0	1	0	0	2	0	0	0	0	7
47.600	0	0	0	0	0	0	0	0	0	0	0	0	0	0	0	0	19	0	0	1	0	0	0	0	0	11	0	1	0	0	2	0	0	0	0	5
47.800	0	0	0	0	0	0	0	0	0	0	0	0	0	0	0	0	14	0	0	0	0	0	0	0	0	17	0	2	0	0	3	0	0	0	0	9
48.000	0	0	0	0	0	0	0	0	0	0	0	0	0	0	0	0	18	0	0	0	0	0	0	0	0	19	0	1	0	0	2	0	0	0	0	7
48.200	0	3	0	0	0	0	0	0	0	0	0	0	0	0	0	0	14	0	0	0	0	0	0	0	0	14	1	1	0	0	2	0	0	0	0	7
48.400	0	4	0	0	0	0	0	0	0	0	0	0	0	0	0	0	15	0	0	0	0	0	0	0	0	20	0	0	0	0	2	0	0	0	0	5
48.600	0	3	0	0	0	0	0	0	0	0	0	0	0	0	0	0	16	0	0	0	0	0	0	0	0	15	0	1	0	0	2	0	0	0	0	6
48.800	0	3	0	0	0	0	0	0	0	0	0	0	0	0	0	0	19	0	0	0	0	0	0	0	0	11	0	1	0	0	2	0	0	0	0	4
49.000	0	8	0	0	0	0	0	0	0	0	0	0	0	0	0	0	17	0	0	0	0	0	0	0	0	18	0	0	0	0	1	0	0	0	0	8
49.200	0	8	0	0	0	0	0	0	0	0	0	0	0	0	0	0	9	0	0	1	0	0	0	0	0	14	2	1	0	0	1	0	0	0	0	9
49.400	0	3	0	0	0	0	0	0	0	0	0	0	0	0	0	0	14	0	0	0	0	0	0	0	0	22	0	1	0	0	3	0	0	0	0	7
49.600	0	4	0	0	0	0	0	0	0	0	0	0	0	0	0	0	17	0	0	1	0	0	0	0	0	16	0	1	0	0	2	0	0	0	0	7
49.800	0	8	0	0	0	0	0	0	0	0	0	0	0	0	0	0	18	0	0	0	0	0	0	0	0	13	0	1	0	0	2	0	0	0	0	5
50.000	0	7	0	0	0	0	0	0	0	0	0	0	0	0	0	0	16	0	0	0	0	0	0	0	0	18	0	1	0	0	2	0	0	0	0	8
50.200	0	8	0	0	0	0	0	0	0	0	0	0	0	0	0	0	16	0	0	0	0	0	0	0	0	18	0	1	0	0	3	0	0	0	0	7
50.400	0	8	0	0	0	0	0	0	0	0	0	0	0	0	0	0	17	0	0	0	0	0	0	0	0	17	0	1	0	0	2	0	0	0	0	8
50.600	0	8	0	0	0	0	0	0	0	0	0	0	0	0	0	0	17	0	0	0	0	0	0	0	0	16	0	0	0	0	2	0	0	0	0	7
50.800	0	8	0	0	0	0	0	0	0	0	0	0	0	0	0	0	14	0	0	0	0	0	0	0	0	16	0	1	0	0	2	0	0	0	0	7
51.000	0	11	0	0	0	0	0	0	0	0	0	0	0	0	0	0	15	0	0	0	0	0	0	0	0	17	0	1	0	0	2	0	0	0	0	8
51.200	0	7	0	0	0	0	0	0	0	0	0	0	0	0	0	0	16	0	0	0	0	0	0	0	0	21	0	1	0	0	1	0	0	0	0	9
51.400	0	8	0	0	0	0	0	0	0	0	0	0	0	0	0	0	13	0	0	0	0	0	0	0	0	13	0	1	0	0	2	0	0	0	0	6
51.600	0	10	0	0	0	0	0	0	0	0	0	0	0	0	0	0	17	0	0	1	0	0	0	0	0	11	1	1	0	0	2	0	0	0	0	9
51.800	0	7	0	0	0	0	0	0	0	0	0	0	0	0	0	0	17	0	0	0	0	0	0	0	0	12	0	1	0	0	2	0	0	0	0	7
52.000	0	9	0	0	0	0	0	0	0	0	0	0	0	0	0	0	20	0	0	0	0	0	0	0	0	14	0	1	0	0	2	0	0	0	0	8
52.200	0	5	0	0	0	0	0	0	0	0	0	0	0	0	0	0	17	0	0	1	0	0	0	0	0	22	0	1	0	0	2	0	0	0	0	8
52.400	0	5	0	0	0	0	0	0	0	0	0	0	0	0	0	0	18	0	0	0	0	0	0	0	0	13	0	1	0	0	2	0	0	0	0	11
52.600	0	8	0	0	0	0	0	0	0	0	0	0	0	0	0	0	17	0	0	0	0	0	0	0	0	19	0	1	0	0	3	0	0	0	0	7
52.800	0	7	0	0	0	0	0	0	0	0	0	0	0	0	0	0	18	0	1	1	0	0	1	0	0	20	0	1	0	0	3	0	0	0	0	9
53.000	0	8	0	0	0	0	0	0	0	0	0	0	0	0	0	0	16	0	0	1	0	0	0	0	0	6	0	1	0	0	1	0	0	0	0	10
53.200	0	1	0	0	0	0	0	0	0	0	0	0	0	0	0	0	18	0	0	0	0	0	1	0	0	19	0	1	0	0	3	0	0	0	0	6
53.400	0	4	0	0	0	0	0	0	0	0	0	0	0	0	0	0	17	0	0	0	0	0	0	0	0	12	0	1	0	0	2	0	0	0	0	11
53.600	0	8	0	0	0	0	0	0	0	0	0	0	0	0	0	0	16	0	0	1	0	0	0	0	0	6	0	1	0	0	3	0	0	0	0	6
53.800	0	5	0	0	0	0	0	0	0	0	0	0	0	0	0	0	15	0	0	1	0	0	1	0	0	7	0	1	0	0	1	0	0	0	0	6
54.000	0	5	0	0	0	0	0	0	0	0	0	0	0	0	0	0	17	0	0	1	0	0	1	0	0	11	0	1	0	0	3	0	0	0	0	9
54.200	0	3	0	0	0	0	0	0	0	0	0	0	0	0	0	0	18	0	0	1	0	0	0	0	0	10	0	0	0	0	3	0	0	0	0	3
54.400	0	1	0	0	0	0	0	0	0	0	0	0	0	0	0	0	13	0	0	1	0	0	0	0	0	17	0	1	0	0	3	0	0	0	0	8
54.600	0	0	0	0	0	0	0	0	0	0	0	0	0	0	0	0	18	0	0	1	0	0	0	0	0	13	0	1	0	0	3	0	0	0	0	7
54.800	0	0	0	0	0	0	0	0	0	0	0	0	0	0	0	0	14	0	0	1	0	0	0	0	0	13	0	0	0	0	2	0	0	0	0	12
55.000	0	0	0	0	0	0	0	0	0	0	0	0	0	0	0	0	14	0	0	1	0	0	0	0	0	12	0	1	0	0	2	0	0	0	0	7
55.200	0	0	0	0	0	0	0	0	0	0	0	0	0	0	0	0	10	0	0	0	0	0	0	0	0	20	0	1	0	0	1	0	0	0	0	7
55.400	0	0	0	0	0	0	0	0	0	0	0	0	0	0	0	0	14	0	0	1	0	0	0	0	0	18	0	1	0	0	3	0	0	0	0	7
55.600	0	0	0	0	0	0	0	0	0	0	0	0	0	0	0	0	16	0	0	1	0	0	0	0	0	18	0	1	0	0	2	0	0	0	0	8
55.800	0	0	0	0	0	0	0	0	0	0	0	0	0	0	0	0	13	0	0	0	0	0	0	0	0	22	0	1	0	0	2	0	0	0	0	5
56.000	0	0	0	0	0	0	0	0	0	0	0	0	0	0	0	0	15	0	0	0	0	0	0	0	0	18	0	1	0	0	3	0	0	0	0	8
56.200	0	0	0	0	0	0	0	0	0	0	0	0	0	0	0	0	19	0	0	0	0	0	0	0	0	20	0	1	0	0	3	0	0	0	0	5
56.400	0	0	0	0	0	0	0	0	0	0	0	0	0	0	0	0	16	0	0	1	0	0	0	0	0	14	0	1	0	0	3	0	0	0	0	7
56.600	0	0	0	0	0	0	0	0	0	0	0	0	0	0	0	0	18	0	0	1	0	0	0	0	0	12	0	1	0	0	3	0	0	0	0	8
56.800	0	0	0	0	0	0	0	0	0	0	0	0	0	0	0	0	9	0	0	0	0	0	0	0	0	18	0	1	0	0	2	0	0	0	0	7
57.000	0	0	0	0	0	0	0	0	0	0	0	0	0	0	0	0	16	0	0	0	0	0	0	0	0	14	0	2	0	0	1	0	0	0	0	4
57.200	0	0	0	0	0	0	0	0	0	0	0	0	0	0	0	0	14	0	0	0	0	0	0	0	0	11	0	1	0	0	3	0	0	0	0	10
57.400	0	0	0	0	0	0	0	0	0	0	0	0	0	0	0	0	18	0	0	0	0	0	0	0	0	11	0	1	0	0	3	0	0	0	0	10
57.600	0	0	0	0	0	0	0	0	0	0	0	0	0	0	0	0	18	0	0	0	0	0	0	0	0	20	0	1	0	0	2	0	0	0	0	10
57.800	0	0	0	0	0	0	0	0	0	0	0	0	0	0	0	0	13	0	0	0	0	0	0	0	0	18	0	1	0	0	1	0	0	0	0	7
58.000	0	0	0	0	0	0	0	0	0	0	0	0	0	0	0	0	14	0	0	1	0	0	0	0	0	18	0	1	0	0	2	0	0	0	0	11
58.200	0	0	0	0	0	0	0	0	0	0	0	0	0	0	0	0	20	0	0	0	0	0	0	0	0	18	0	1	0	0	3	0	0	0	0	11
58.400	0	0	0	0	0	0	0	0	0	0	0	0	0	0	0	0	16	0	0	0	0	0	0	0	0	15	0	1	0	0	1	0	0	0	0	8
58.600	0	0	0	0	0	0	0	0	0	0	0	0	0	0	0	0	13	0	0	0	0	0	0	0	0	15	0	1	0	0	3	0	0	0	0	6
58.800	0	0	0	0	0	0	0	0	0	0	0	0	0	0	0	0	15	0	0	0	0	0	0	0	0	17	0	1	0	0	2	0	0	0	0	5
59.000	0	0	0	0	0	0	0	0	0	0	0	0	0	0	0	0	16	0	0	0	0	0	1	0	0	12	0	1	0	0	2	0	0	0	0	10
59.200	0	0	0	0	0	0	0	0	0	0	0	0	0	0	0	0	17	0	0	0	0	0	1	0	0	10	0	1	0	0	1	0	0	0	0	8
59.400	0	0	0	0	0	0	0	0	0	0	0	0	0	0	0	0	15	0	0	0	0	0	0	0	0	14	0	1	0	0	3	0	0	0	0	6
59.600	0	0	0	0	0	0	0	0	0	0	0	0	0	0	0	0	14	0	0	0	0	0	0	0	0	7	0	1	0	0	3	0	0	0	0	8
59.800	0	0	0	0	0	0	0	0	0	0	0	0	0	0	0	0	20	0	0	1	0	0	0	0	0	7	0	1	0	0	3	0	0	0	0	6
60.000	0	0	0	0	0	0	0	0	0	0	0	0	0	0	0	0	15	0	0	0	0	0	1	0	0	15	0	1	0	0	2	0	0	0	0	9
60.200	0	0	0	0	0	0	0	0	0	0	0	0	0	0	0	0	10	0	0	0	0	0	1	0	0	15	0	1	0	0	2	0	0	0	0	6
60.400	0	0	0	0	0	0	0	0	0	0	0	0	0	0	0	0	14	0	1	0	0	0	0	0	0	21	0	1	0	0	2	0	0	0	0	8
60.600	0	0	0	0	0	0	0	0	0	0	0	0	0	0	0	0	17	0	0	0	0	0	0	0	0	17	0	1	0	0	3	0	0	0	0	8
60.800	0	0	0	0	0	0	0	0	0	0	0	0	0	0	0	0	18	0	0	1	0	0	1	0	0	13	1	1	0	0	3	0	0	0	0	6
61.000	0	0	0	0	0	0	0	0	0	0	0	0	0	0	0	0	12	0	0	1	0	0	0	0	0	16	0	1	0	0	2	0	0	0	0	7
61.200	0	0	0	0	0	0	0	0	0	0	0	0	0	0	0	0	18	0	0	1	0	0	0	0	0	16	0	1	0	0	3	0	0	0	0	9
61.400	0	0	0	0	0	0	0	0	0	0	0	0	0	0	0	0	12	0	0	0	0	0	0	0	0	16	0	3	0	0	3	0	0	0	0	7
61.600	0	0	0	0	0	0	0	0	0	0	0	0	0	0	0	0	18	0	3	1	0	0	0	0	0	16	0	1	0	0	2	0	0	0	0	7
61.800	0	0	0	0	0	0	0	0	0	0	0	0	0	0	0	0	13	0	2	0	0	0	0	0	0	18	0	0	0	0	1	0	0	0	0	6
62.000	0	0	0	0	0	0	0	0	0	0	0	0	0	0	0	0	20	0	2	0	0	0	0	0	0	20	0	1	0	0	3	0	0	0	0	7
62.200	0	0	0	0	0	0	0	0	0	0	0	0	0	0	0	0	16	0	1	0	0	0	0	0	0	12	0	1	0	0	3	0	0	0	0	7
62.400	0	0	0	0	0	0	0	0	0	0	0	0	0	0	0	0	14	0	0	0	0	0	0	0	0	9	0	1	0	0	1	0	0	0	0	4
62.600	0	0	0	0	0	0	0	0	0	0	0	0	0	0	0	0	7	0	1	0	0	0	0	0	0	15	0	1	0	0	3	0	0	0	0	4
62.800	0	0	0	0	0	0	0	0	0	0	0	0	0	0	0	0	15	0	1	0	0	0	0	0	0	7	0	1	0	0	2	0	0	0	0	6
63.000	0	0	0	0	0	0	0	0	0	0	0	0	0	0	0	0	16	0	1	0	0	0	0	0	0	7	0	0	0	0	1	0	0	0	0	1
63.200	0	0	0	0	0	0	0	0	0	0	0	0	0	0	0	0	15	0	1	0	0	0	0	0	0	5	0	0	0	0	1	0	0	0	0	3
63.400	0	0	0	0	0	0	0	0	0	0	0	0	0	0	0	0	19	0	3	0	0	0	0	0	0	12	0	0	0	0	1	0	0	0	0	5
63.600	0	0	0	0	0	0	0	0	0	0	0	0	0	0	0	0	18	0	1	0	0	0	0	0	0	11	0	0	0	0	1	0	0	0	0	6
63.800	0	0	0	0	0	0	0	0	0	0	0	0	0	0	0	0	16	0	4	1	0	0	0	0	0	20	0	0	0	0	0	0	0	0	0	3
64.000	0	0	0	0	0	0	0	0	0	0	0	0	0	0	0	0	19	0	0	0	0	0	0	0	0	10	0	0	0	0	1	0	0	0	0	6
64.200	0	0	0	0	0	0	0	0	0	0	0	0	0	0	0	0	12	0	2	0	0	0	0	0	0	14	0	0	0	0	1	0	0	0	0	5
64.400	0	0	0	0	0	0	0	0	0	0	0	0	0	0	0	0	13	0	4	0	0	0	0	0	0	10	0	0	0	0	1	0	0	0	0	4
64.600	0	0	0	0	0	0	0	0	0	0	0	0	0	0	0	0	13	0	4	0	0	0	0	0	0	9	0	0	0	0	1	0	0	0	0	7
64.800	0	0	0	0	0	0	0	0	0	0	0	0	0	0	0	0	19	0	3	1	0	0	0	0	0	19	0	0	0	0	1	0	0	0	0	6
65.000	0	0	0	0	0	0	0	0	0	0	0	0	0	0	0	0	14	0	2	0	0	0	0	0	0	9	0	0	0	0	1	0	0	0	0	4
65.200	0	0	0	0	0	0	0	0	0	0	0	0	0	0	0	0	15	0	3	0	0	0	0	0	0	16	0	0	0	0	1	0	0	0	0	6
65.400	0	0	0	0	0	0	0	0	0	0	0	0	0	0	0	0	18	0	2	1	0	0	0	0	0	10	1	0	0	0	1	0	0	0	0	7
65.600	0	0	0	0	0	0	0	0	0	0	0	0	0	0	0	0	15	0	1	0	0	0	0	0	0	5	1	0	0	0	1	0	0	0	0	7
65.800	0	0	0	0	0	0	0	0	0	0	0	0	0	0	0	0	16	0	2	0	0	0	0	0	0	12	0	0	0	0	1	0	0	0	0	0
66.000	0	0	0	0	0	0	0	0	0	0	0	0	0	0	0	0	17	0	3	0	0	0	0	0	0	14	0	0	0	0	1	0	0	0	0	2
66.200	0	0	0	0	0	0	0	0	0	0	0	0	0	0	0	0	17	0	1	1	0	0	0	0	0	11	1	0	0	0	1	0	0	0	0	1
66.400	0	0	0	0	0	0	0	0	0	0	0	0	0	0	0	0	17	0	1	1	0	0	0	0	0	10	0	0	0	0	2	0	0	0	0	3
66.600	0	0	0	0	0	0	0	0	0	0	0	0	0	0	0	0	17	0	1	1	0	0	0	0	0	8	0	0	0	0	2	0	0	0	0	7
66.800	0	0	0	0	0	0	0	0	0	0	0	0	0	0	0	0	11	0	2	0	0	0	2	0	0	15	1	0	0	0	1	0	0	0	0	8
67.000	0	0	0	0	0	0	0	0	0	0	0	0	0	0	0	0	13	0	0	0	0	0	1	0	0	14	1	0	0	0	1	0	0	0	0	10
67.200	0	0	0	0	0	0	0	0	0	0	0	0	0	0	0	0	13	0	1	1	0	0	0	0	0	11	1	0	0	0	1	0	0	0	0	8
67.400	0	0	0	0	0	0	0	0	0	0	0	0	0	0	0	0	13	0	1	0	0	0	0	0	0	18	1	0	0	0	2	0	0	0	0	9
67.600	0	0	0	0	0	0	0	0	0	0	0	0	0	0	0	0	11	0	0	0	0	0	0	0	0	11	1	0	0	0	1	0	0	0	0	7
67.800	0	0	0	0	0	0	0	0	0	0	0	0	0	0	0	0	10	0	1	0	0	0	0	0	0	16	0	0	0	0	1	0	0	0	0	7
68.000	0	0	0	0	0	0	0	0	0	0	0	0	0	0	0	0	13	0	0	0	0	0	0	0	0	13	0	0	0	0	1	0	0	0	0	3
68.200	0	0	0	0	0	0	0	0	0	0	0	0	0	0	0	0	13	0	1	1	0	0	0	0	0	12	2	0	0	0	1	0	0	0	0	10
68.400	0	0	0	0	0	0	0	0	0	0	0	0	0	0	0	0	11	0	2	1	0	0	0	0	0	10	0	0	0	1	1	0	0	0	0	9
68.600	0	0	0	0	0	0	0	0	0	0	0	0	0	0	0	0	14	0	0	0	0	0	0	0	0	17	0	0	0	0	1	0	0	0	0	7
68.800	0	0	0	0	0	0	0	0	0	0	0	0	0	0	0	0	14	0	2	0	0	0	0	0	0	5	1	0	0	1	3	0	0	0	0	4
69.000	0	0	0	0	0	0	0	0	0	0	0	0	0	0	0	0	17	0	4	0	0	0	0	0	0	7	1	0	0	0	1	0	0	0	0	4
69.200	0	0	0	0	0	0	0	0	0	0	0	0	0	0	0	0	17	0	6	1	0	0	0	0	0	15	1	0	0	0	1	0	0	0	0	9
69.400	0	0	0	0	0	0	0	0	0	0	0	0	0	0	0	0	17	0	6	1	0	0	0	0	0	20	0	0	0	0	1	0	0	0	0	7
69.600	0	0	0	0	0	0	0	0	0	0	0	0	0	0	0	0	15	0	0	1	0	0	0	0	0	12	2	0	0	0	1	0	0	0	0	4
69.800	0	0	0	0	0	0	0	0	0	0	0	0	0	0	0	0	19	0	1	0	0	0	1	0	0	12	0	0	0	0	1	0	0	0	0	4
70.000	0	0	0	0	0	0	0	0	0	0	0	0	0	0	0	0	16	0	3	1	0	0	0	0	0	17	2	0	0	0	1	0	0	0	0	3
70.200	0	0	0	0	0	0	0	0	0	0	0	0	0	0	0	0	13	0	8	0	0	0	0	0	0	13	1	0	0	0	1	0	0	0	0	4
70.400	0	0	0	0	0	0	0	0	0	0	0	0	0	0	0	0	15	0	5	0	0	0	0	0	0	15	1	0	0	0	1	0	0	0	0	10
70.600	0	0	0	0	0	0	0	0	0	0	0	0	0	0	0	0	15	0	10	0	0	0	0	0	0	8	0	0	0	0	1	0	0	0	0	6
70.800	0	0	0	0	0	0	0	0	0	0	0	0	0	0	0	0	16	0	9	0	0	0	0	0	0	7	0	0	0	0	1	0	0	0	0	9
71.000	0	0	0	0	0	0	0	0	0	0	0	0	0	0	0	0	13	0	11	0	0	0	0	0	0	12	0	0	0	0	1	0	0	0	0	12
71.200	0	0	0	0	0	0	0	0	0	0	0	0	0	0	0	0	16	0	6	0	0	0	0	0	0	14	0	0	0	0	1	0	0	0	0	4
71.400	0	0	0	0	0	0	0	0	0	0	0	0	0	0	0	0	14	0	6	1	0	0	0	0	0	12	2	0	0	1	1	0	0	0	0	9
71.600	0	0	0	0	0	0	0	0	0	0	0	0	0	0	0	0	13	0	6	0	0	0	0	0	0	14	2	0	0	0	1	0	0	0	0	9
71.800	0	0	0	0	0	0	0	0	0	0	0	0	0	0	0	0	13	0	6	0	0	0	0	0	0	8	5	0	0	0	1	0	0	0	0	5
72.000	0	0	0	0	0	0	0	0	0	0	0	0	0	0	0	0	12	0	9	0	0	0	0	0	0	12	6	0	0	0	2	0	0	0	0	6
72.200	0	0	0	0	0	0	0	0	0	0	0	0	0	0	0	0	16	0	11	0	0	0	0	0	0	18	6	0	0	0	1	0	0	0	0	7
72.400	0	0	1	0	0	0	0	0	0	0	0	0	0	0	0	0	17	0	11	0	0	0	0	0	0	10	7	0	0	3	2	0	0	0	0	8
72.600	0	0	0	0	0	0	0	0	0	0	0	0	0	0	0	0	12	0	6	0	0	0	0	0	0	10	8	0	0	1	1	0	0	0	0	2
72.800	0	0	0	0	0	0	0	0	0	0	0	0	0	0	0	0	15	0	9	0	0	0	0	0	0	9	5	0	0	0	1	0	0	0	0	3
73.000	0	0	0	0	0	0	0	0	0	0	0	0	0	0	0	0	17	0	7	0	0	0	0	0	0	14	5	0	0	0	1	0	0	0	0	4
73.200	0	0	0	0	0	0	0	0	0	0	0	0	0	0	0	0	14	0	6	0	0	0	1	0	0	8	6	0	0	1	2	0	0	0	0	8
73.400	0	0	0	0	0	0	0	0	0	0	0	0	0	0	0	0	18	0	11	0	0	0	0	0	0	7	4	0	0	2	1	0	0	0	0	6
73.600	0	0	0	0	0	0	0	0	0	0	0	0	0	0	0	0	15	0	9	0	0	0	0	0	0	15	4	0	0	1	1	0	0	0	0	4
73.800	0	0	1	0	0	0	0	0	0	0	0	0	0	0	0	0	16	0	13	0	0	0	0	0	0	13	4	0	0	0	1	0	0	0	0	9
74.000	0	0	0	0	0	0	0	0	0	0	0	0	0	0	0	0	14	0	10	0	0	0	0	0	0	16	3	0	0	0	1	0	0	0	0	10
74.200	0	0	0	0	0	0	0	0	0	0	0	0	0	0	0	0	16	0	7	1	0	0	0	0	0	15	2	0	0	2	1	0	0	0	0	5
74.400	0	0	0	0	0	0	0	0	0	0	0	0	0	0	0	0	15	0	14	1	0	0	0	0	0	8	3	0	0	0	1	0	0	0	0	7
74.600	0	0	1	0	0	0	0	0	0	0	0	0	0	0	0	0	17	0	14	1	0	0	0	0	0	9	4	0	0	0	1	0	0	0	0	10
74.800	0	0	0	0	0	0	0	0	0	0	0	0	0	0	0	0	15	0	14	0	0	0	0	0	0	4	5	0	0	0	1	0	0	0	0	5
75.000	0	0	0	0	0	0	0	0	0	0	0	0	0	0	0	0	18	0	17	0	0	0	0	0	0	10	4	0	0	0	1	0	0	0	0	10
75.200	0	0	0	0	0	0	0	0	0	0	0	0	0	0	0	0	13	0	9	0	0	1	0	0	0	10	4	0	0	0	1	0	0	0	0	6
75.400	0	0	0	0	0	0	0	0	0	0	0	0	0	0	0	0	15	0	12	0	0	0	0	0	0	11	4	0	0	0	1	0	0	0	0	7
75.600	0	0	0	0	0	0	0	0	0	0	0	0	0	0	0	0	15	0	6	0	0	0	0	0	0	3	4	0	0	1	1	0	0	0	0	6
75.800	0	0	0	0	0	0	0	0	0	0	0	0	0	0	0	0	17	2	14	0	0	0	0	0	0	10	4	0	0	2	1	0	0	0	0	6
76.000	0	0	0	0	0	0	0	0	0	0	0	0	0	0	0	0	13	1	12	0	0	2	0	0	0	12	5	0	0	2	2	0	0	0	0	8
76.200	0	0	0	0	0	0	0	0	0	0	0	0	0	0	0	0	13	0	11	1	0	3	0	0	0	14	5	0	0	0	2	0	0	0	0	7
76.400	0	0	0	0	0	0	0	0	0	0	0	0	0	0	0	0	18	1	9	0	0	3	0	0	0	13	7	0	0	0	2	0	0	0	0	6
76.600	0	0	0	0	0	0	0	0	0	0	0	0	0	0	0	0	15	2	12	0	0	0	0	0	0	12	6	0	0	0	2	0	0	0	0	5
76.800	0	0	0	0	0	0	0	0	0	0	0	0	0	0	0	0	17	2	15	1	0	0	0	0	0	15	7	0	0	0	1	0	0	0	0	13
77.000	0	0	0	0	0	0	0	0	0	0	0	0	0	0	0	0	13	1	17	0	0	0	1	0	0	12	8	0	0	0	2	0	0	0	0	9
77.200	0	0	0	0	0	0	0	0	0	0	0	0	0	0	0	0	17	0	14	1	0	2	0	0	0	15	7	0	0	0	1	0	0	0	0	7
77.400	0	0	0	0	0	0	0	0	0	0	0	0	0	0	0	0	15	1	10	1	0	1	0	0	0	12	7	0	0	0	2	0	0	0	0	7
77.600	0	0	0	0	0	0	0	0	0	0	0	0	0	0	0	0	13	1	14	0	0	0	0	0	0	13	7	0	0	0	1	0	0	0	0	2
77.800	0	0	0	0	0	0	0	0	0	0	0	0	0	0	0	0	18	0	16	0	0	1	0	0	0	15	7	0	0	0	1	0	0	0	0	10
78.000	0	0	0	0	0	0	0	0	0	0	0	0	0	0	0	0	17	1	15	1	0	1	0	0	0	11	6	0	0	0	2	0	0	0	0	6
78.200	0	0	0	0	0	0	0	0	0	0	0	0	0	0	0	0	16	0	14	1	0	3	0	0	0	9	5	0	0	0	1	0	0	0	0	3
78.400	0	0	0	0	0	0	0	0	0	0	0	0	0	0	0	0	11	0	14	1	0	2	0	0	0	8	5	0	0	0	1	0	0	0	0	4
78.600	0	0	0	0	0	0	0	0	0	0	0	0	0	0	0	0	14	0	7	1	0	0	0	0	0	7	6	0	0	0	1	0	0	0	0	12
78.800	0	0	0	0	0	0	0	0	0	0	0	0	0	0	0	0	16	0	13	0	0	0	0	0	0	10	5	0	0	1	1	0	0	0	0	4
79.000	0	0	0	0	0	0	0	0	0	0	0	0	0	0	0	0	14	0	13	2	0	0	0	0	0	12	6	0	0	1	1	0	0	0	0	9
79.200	0	0	0	0	0	0	0	0	0	0	0	0	0	0	0	0	14	0	17	0	0	1	0	0	0	12	7	0	0	2	1	0	0	0	0	6
79.400	0	0	0	0	0	0	0	0	0	0	0	0	0	0	0	0	15	0	15	1	0	0	0	0	0	14	7	0	0	1	1	0	0	0	0	3
79.600	0	0	0	0	0	0	0	0	0	0	0	0	0	0	0	0	11	0	10	0	0	0	0	0	0	10	7	0	0	1	1	0	0	0	0	2
79.800	0	0	0	0	0	0	0	0	0	0	0	0	0	0	0	0	7	0	15	1	0	0	0	0	0	11	5	0	0	2	1	0	0	0	0	4
80.000	0	0	0	0	0	0	0	0	0	0	0	0	0	0	0	0	9	0	10	0	0	0	0	0	0	10	5	0	0	1	1	0	0	0	0	7
80.200	0	0	0	0	0	0	0	0	0	0	0	0	0	0	0	0	15	0	8	1	0	0	0	0	0	5	5	0	0	0	2	0	0	0	0	6
80.400	0	0	0	0	0	0	0	0	0	0	0	0	0	0	0	0	15	0	6	0	0	0	0	0	0	9	4	0	0	3	1	0	0	0	0	7
80.600	0	0	0	0	0	0	0	0	0	0	0	0	0	0	0	0	14	0	6	0	0	0	0	0	0	6	5	0	0	1	1	0	0	0	0	4
80.800	2	0	0	0	0	0	0	0	0	0	0	0	0	0	0	0	15	0	9	0	0	0	0	0	0	3	7	0	0	1	1	0	0	0	0	5
81.000	1	0	0	0	0	0	0	0	0	0	0	0	0	0	0	0	14	0	12	0	0	0	0	0	0	5	5	0	0	1	2	0	0	0	0	3
81.200	8	0	0	0	0	0	0	0	0	0	0	0	0	0	0	0	14	0	12	0	0	0	0	0	0	6	7	0	0	1	1	0	0	0	0	4
81.400	6	0	0	0	0	0	0	0	0	0	0	0	0	0	0	0	10	0	14	0	0	0	0	0	0	8	1	0	0	1	1	0	0	0	0	3
81.600	4	0	0	0	0	0	0	0	0	0	0	0	0	0	0	0	20	0	8	0	0	0	0	0	0	7	5	0	0	1	1	0	0	0	0	4
81.800	4	0	1	0	0	0	0	0	0	0	0	0	0	0	0	0	16	0	16	1	0	0	0	0	0	7	3	0	0	2	1	0	0	0	0	8
82.000	9	0	1	0	0	0	0	0	0	0	0	0	0	0	0	0	13	0	5	1	0	0	0	0	0	12	5	0	0	0	1	0	0	0	0	6
82.200	4	0	1	0	0	0	0	0	0	0	0	0	0	0	0	0	13	0	9	0	0	0	0	0	0	12	5	0	0	1	1	0	0	0	0	9
82.400	2	0	2	0	0	0	0	0	0	0	0	0	0	0	0	0	20	0	5	1	0	0	0	0	0	9	5	0	0	1	1	0	0	0	0	2
82.600	9	0	1	0	0	0	0	0	0	0	0	0	0	0	0	0	11	0	6	0	0	0	0	0	0	6	7	0	0	1	1	0	0	0	0	3
82.800	13	0	0	0	0	0	0	0	0	0	0	0	0	0	0	0	18	0	9	1	0	0	0	0	0	9	5	0	0	0	0	0	0	0	0	7
83.000	7	0	0	0	0	0	0	0	0	0	0	0	0	0	0	0	14	0	9	1	0	0	0	0	0	6	4	0	0	0	2	0	0	0	0	4
83.200	9	0	0	0	0	0	0	0	0	0	0	0	0	0	0	0	15	0	9	0	0	0	0	0	0	3	5	0	0	3	2	0	0	0	0	3
83.400	7	0	0	0	0	0	0	0	0	0	0	0	0	0	0	0	17	0	9	1	0	0	0	0	0	4	5	0	0	1	1	0	0	0	0	8
83.600	5	0	0	0	0	0	0	0	0	0	0	0	0	0	0	0	15	0	12	0	0	0	0	0	0	4	2	0	0	3	2	0	0	0	0	11
83.800	5	0	0	0	0	0	0	0	0	0	0	0	0	0	0	0	15	0	10	0	0	0	0	0	0	4	5	0	0	1	2	0	0	0	0	4
84.000	4	0	0	0	0	0	0	0	0	0	0	0	0	0	0	0	18	0	9	1	0	0	0	0	0	5	5	0	0	0	1	0	0	0	0	1
84.200	0	0	0	0	0	0	0	0	0	0	0	0	0	0	0	0	12	0	13	0	0	0	0	0	0	7	2	0	0	0	1	0	0	0	0	8
84.400	1	0	0	0	0	0	0	0	0	0	0	0	0	0	0	0	17	0	17	1	0	0	1	0	0	6	2	0	0	0	1	0	0	0	0	5
84.600	1	0	0	0	0	0	0	0	0	0	0	0	0	0	0	0	15	0	13	0	0	0	0	0	0	5	6	0	0	1	1	0	0	0	0	4
84.800	7	0	0	0	0	0	0	0	0	0	0	0	0	0	0	0	14	0	10	0	0	0	0	0	0	5	5	0	0	0	1	0	0	0	0	3
85.000	3	0	0	0	0	0	0	0	0	0	0	0	0	0	0	0	17	0	10	1	0	0	0	0	0	5	2	0	0	1	1	0	0	0	0	3
85.200	3	0	0	0	0	0	0	0	0	0	0	0	0	0	0	0	14	0	10	1	0	0	3	0	0	5	5	0	0	0	1	0	0	0	0	3
85.400	0	0	0	0	0	0	0	0	0	0	0	0	0	0	0	0	18	0	12	1	0	0	1	0	0	4	2	0	0	1	1	0	0	0	0	6
85.600	0	0	0	0	0	0	0	0	0	0	0	0	0	0	0	0	18	0	10	1	0	0	2	0	0	4	4	0	0	1	1	0	0	0	0	8
85.800	0	0	0	0	0	0	0	0	0	0	0	0	0	0	0	0	22	0	15	1	0	0	1	0	0	5	1	0	0	0	1	0	0	0	0	6
86.000	0	0	0	0	0	0	0	0	0	0	0	0	0	0	0	0	19	0	13	1	0	0	0	0	0	5	6	0	0	0	1	0	0	0	0	6
86.200	0	0	0	0	0	0	0	0	0	0	0	0	0	0	0	0	16	0	9	1	0	0	1	0	0	5	6	0	0	0	1	0	0	0	0	4
86.400	0	0	0	0	0	0	0	0	0	0	0	0	0	0	0	0	13	0	12	1	0	0	0	0	0	10	2	0	0	0	1	0	0	0	0	5
86.600	0	0	0	0	0	0	0	0	0	0	0	0	0	0	0	0	17	0	10	1	0	0	0	0	0	5	3	0	0	0	2	0	0	0	0	10
86.800	0	0	0	0	0	0	0	0	0	0	0	0	0	0	0	0	12	0	13	1	0	0	0	0	0	8	6	0	0	0	1	0	0	0	0	4
87.000	0	0	0	0	0	0	0	0	0	0	0	0	0	0	0	0	16	0	6	1	0	0	1	0	0	5	1	0	0	2	1	0	0	0	0	6
87.200	0	0	0	0	0	0	0	0	0	0	0	0	0	0	0	0	20	0	9	1	0	0	1	0	0	5	2	0	0	0	1	0	0	0	0	11
87.400	0	0	0	0	0	0	0	0	0	0	0	0	0	0	0	0	18	0	12	1	0	0	0	0	0	5	3	0	0	1	1	0	0	0	0	6
87.600	0	0	0	0	0	0	0	0	0	0	0	0	0	0	0	0	14	0	8	0	0	0	1	0	0	11	6	0	0	1	1	0	0	0	0	4
87.800	0	0	0	0	0	0	0	0	0	0	0	0	0	0	0	0	15	0	12	0	0	0	0	0	0	6	1	0	0	1	1	0	0	0	0	8
88.000	0	0	0	0	0	0	0	0	0	0	0	0	0	0	0	0	16	1	8	1	0	0	0	0	0	6	1	0	0	0	1	0	0	0	0	8
88.200	0	0	0	0	0	0	0	0	0	0	0	0	0	0	0	0	15	0	7	1	0	0	0	0	0	5	6	0	0	1	1	0	0	0	0	6
88.400	0	0	0	0	0	0	0	0	0	0	0	0	0	0	0	0	15	0	7	1	0	0	0	0	0	8	3	0	0	1	1	0	0	0	0	2
88.600	0	0	0	0	0	0	0	0	0	0	0	0	0	0	0	0	12	0	9	1	0	0	0	0	0	8	4	0	0	1	1	0	0	0	0	4
88.800	0	0	0	0	0	0	0	0	0	0	0	0	0	0	0	0	16	0	10	1	0	0	0	0	0	15	3	0	0	0	1	0	0	0	0	6
89.000	0	0	0	0	0	0	0	0	0	0	0	0	0	0	0	0	15	0	11	0	0	0	0	0	0	10	5	0	0	0	1	0	0	0	0	5
89.200	0	0	0	0	0	0	0	0	0	0	0	0	0	0	0	0	16	0	8	0	0	0	2	0	0	13	3	0	0	1	1	0	0	0	0	3
89.400	0	0	0	0	0	0	0	0	0	0	0	0	0	0	0	0	11	0	10	0	0	0	1	0	0	15	3	1	0	1	1	0	0	0	0	4
89.600	0	0	0	0	0	0	0	0	0	0	0	0	0	0	0	0	15	0	7	0	0	0	0	0	0	10	3	0	0	0	1	0	0	0	0	5
89.800	0	0	0	0	0	0	0	0	0	0	0	0	0	0	0	0	12	0	8	1	0	0	2	0	0	6	3	1	0	1	1	0	0	0	0	4
90.000	0	0	0	0	0	0	0	0	0	0	0	0	0	0	0	0	16	4	10	1	0	0	2	0	0	11	3	0	0	1	1	0	0	0	0	6
90.200	0	0	0	0	0	0	0	0	0	0	0	0	0	0	0	0	16	2	9	1	0	0	2	0	0	12	2	1	0	0	2	0	0	0	0	4
90.400	0	0	0	0	0	0	0	0	0	0	0	0	0	0	0	0	11	3	7	0	0	0	2	0	0	10	3	1	0	0	1	0	0	0	0	7
90.600	0	0	0	0	0	0	0	0	0	0	0	0	0	0	0	0	18	4	9	1	0	0	3	0	0	9	3	0	0	1	2	0	0	0	0	2
90.800	0	0	0	0	0	0	0	0	0	0	0	0	0	0	0	0	16	0	11	1	0	0	3	0	0	21	3	0	0	1	1	0	0	0	0	4
91.000	0	0	0	0	0	0	0	0	0	0	0	0	0	0	0	0	15	0	6	0	0	0	2	0	0	10	3	0	0	0	1	0	0	0	0	1
91.200	0	0	0	0	0	0	0	0	0	0	0	0	0	0	0	0	18	0	12	1	0	0	3	0	0	13	3	1	0	0	1	0	0	0	0	7
91.400	0	0	0	0	0	0	0	0	0	0	0	0	0	0	0	0	13	0	9	1	0	0	2	0	0	24	3	0	0	0	1	0	0	0	0	5
91.600	0	0	0	0	0	0	0	0	0	0	0	0	0	0	0	0	14	0	10	1	0	0	2	0	0	18	3	0	0	0	1	0	0	0	0	4
91.800	0	0	0	0	0	0	0	0	0	0	0	0	0	0	0	0	15	0	6	0	0	0	2	0	0	11	4	0	0	0	1	0	0	0	0	4
92.000	0	0	0	0	0	0	0	0	0	0	0	0	0	0	0	0	16	0	13	0	0	0	2	0	0	13	3	0	0	1	1	0	0	0	0	11
92.200	0	0	0	0	0	0	0	0	0	0	0	0	0	0	0	0	8	0	15	0	0	0	2	0	0	14	3	1	0	0	1	0	0	0	0	1
92.400	0	0	0	0	0	0	0	0	0	0	0	0	0	0	0	0	12	0	13	0	0	0	1	0	0	10	3	1	0	0	1	0	0	0	0	4
92.600	0	0	0	0	0	0	0	0	0	0	0	0	0	0	0	0	13	0	6	1	0	0	1	0	0	17	4	0	0	0	1	0	0	0	0	8
92.800	0	0	0	0	0	0	0	0	0	0	0	0	0	0	0	0	17	0	4	1	0	0	2	0	0	12	3	0	0	0	1	0	0	0	0	7
93.000	0	0	0	0	0	0	0	0	0	0	0	0	0	0	0	0	10	0	11	0	0	0	2	0	0	17	3	0	0	0	1	0	0	0	0	9
93.200	0	0	0	0	0	0	0	0	0	0	0	0	0	0	0	0	15	0	9	1	0	0	2	0	0	12	3	0	0	0	1	0	0	0	0	5
93.400	0	0	0	0	0	0	0	0	0	0	0	0	0	0	0	0	14	0	4	1	0	0	2	0	0	16	5	0	0	0	1	0	0	0	0	3
93.600	0	0	0	0	0	0	0	0	0	0	0	0	0	0	0	0	14	0	8	0	0	0	1	0	0	20	3	0	0	0	1	0	0	0	0	2
93.800	0	0	0	0	0	0	0	0	0	0	0	0	0	0	0	0	14	0	7	0	0	0	2	0	0	15	3	0	0	0	1	0	0	0	0	0
94.000	0	0	0	0	0	0	0	0	0	0	0	0	0	0	0	0	15	0	11	0	0	0	1	0	0	20	4	0	0	0	1	0	0	0	0	6
94.200	0	0	0	0	0	0	0	0	0	0	0	0	0	0	0	0	22	0	6	1	0	0	2	0	0	10	3	0	0	0	1	0	0	0	0	2
94.400	0	0	0	0	0	0	0	0	0	0	0	0	0	0	0	0	18	0	7	1	0	0	2	0	0	8	3	0	0	0	1	0	0	0	0	2
94.600	0	0	0	0	0	0	0	0	0	0	0	0	0	0	0	0	13	0	11	1	0	0	0	0	0	17	3	0	0	0	1	0	0	0	0	2
94.800	0	0	0	0	0	0	0	0	0	0	0	0	0	0	0	0	12	0	11	1	0	0	1	0	0	8	3	0	0	0	1	0	0	0	0	3
95.000	0	0	0	0	0	0	0	0	0	0	0	0	0	0	0	0	17	0	7	1	0	0	0	0	0	17	3	0	0	0	1	0	0	0	0	7
95.200	0	0	0	0	0	0	0	0	0	0	0	0	0	0	0	0	9	0	14	0	0	0	1	0	0	11	3	0	0	0	1	0	0	0	0	7
95.400	0	0	0	0	0	0	0	0	0	0	0	0	0	0	0	0	8	0	5	1	0	0	0	0	0	13	3	0	0	0	1	0	0	0	0	4
95.600	0	0	0	0	0	0	0	0	0	0	0	0	0	0	0	0	16	0	9	0	0	0	1	0	0	18	3	0	0	0	1	0	0	0	0	9
95.800	0	0	0	0	0	0	0	0	0	0	0	0	0	0	0	0	15	0	5	0	0	0	0	0	0	15	3	0	0	0	1	0	0	0	0	4
96.000	0	0	0	0	0	0	0	0	0	0	0	0	0	0	0	0	12	0	13	0	0	0	1	0	0	18	3	0	0	0	1	0	0	0	0	8
96.200	0	0	0	0	0	0	0	0	0	0	0	0	0	0	0	0	15	0	13	0	0	0	1	0	0	11	3	0	0	0	1	0	0	0	0	8
96.400	0	0	0	0	0	0	0	0	0	0	0	0	0	0	0	0	11	0	7	0	0	0	2	0	0	12	3	0	0	0	1	0	0	0	0	1
96.600	0	0	0	0	0	0	0	0	0	0	0	0	0	0	0	0	19	0	7	1	0	0	4	0	0	16	5	0	0	0	1	0	0	0	0	6
96.800	0	0	0	0	0	0	0	0	0	0	0	0	0	0	0	0	16	0	9	1	0	0	2	0	0	18	3	0	0	0	1	0	0	0	0	5
97.000	0	0	0	0	0	0	0	0	0	0	0	0	0	0	0	0	12	0	6	1	0	0	2	0	0	13	3	0	0	0	1	0	0	0	0	9
97.200	0	0	0	0	0	0	0	0	0	0	0	0	0	0	0	0	13	0	12	1	0	0	3	0	0	18	3	0	0	0	1	0	0	0	0	6
97.400	0	0	0	0	0	0	0	0	0	0	0	0	0	0	0	0	15	0	9	0	0	0	3	0	0	17	3	0	0	0	1	0	0	0	0	3
97.600	0	0	0	0	0	0	0	0	0	0	0	0	0	0	0	0	17	0	5	1	0	0	4	0	0	18	3	0	0	0	1	0	0	0	0	5
97.800	0	0	0	0	0	0	0	0	0	0	0	0	0	0	0	0	13	0	7	0	0	0	4	0	0	13	3	0	0	0	1	0	0	0	0	5
98.000	0	0	0	0	0	0	0	0	0	0	0	0	0	0	0	0	15	0	5	0	0	0	5	0	0	22	3	0	0	0	1	0	0	0	0	8
98.200	0	0	0	0	0	0	0	0	0	0	0	0	0	0	0	0	14	0	8	0	0	0	4	0	0	12	3	0	0	0	1	0	0	0	0	2
98.400	0	0	0	0	0	0	0	0	0	0	0	0	0	0	0	0	12	0	7	0	0	0	6	0	0	10	4	0	0	0	1	0	0	0	0	7
98.600	0	0	0	0	0	0	0	0	0	0	0	0	0	0	0	0	14	0	8	1	0	0	4	0	0	19	3	0	0	0	1	0	0	0	0	6
98.800	0	0	0	0	0	0	0	0	0	0	0	0	0	0	0	0	14	1	9	0	0	0	5	0	0	16	3	0	0	0	1	0	0	0	0	5
99.000	0	0	0	0	0	0	0	0	0	0	0	0	0	0	0	0	14	0	11	0	0	0	3	0	0	13	4	0	0	0	1	0	0	0	0	2
99.200	0	0	0	0	0	0	0	0	0	0	0	0	0	0	0	0	13	0	11	1	0	0	3	0	0	13	6	0	0	0	1	0	0	0	0	5
99.400	0	0	0	0	0	0	0	0	0	0	0	0	0	0	0	0	14	0	12	1	0	0	2	0	0	8	3	0	0	0	1	0	0	0	0	7
99.600	0	0	0	0	0	0	0	0	0	0	0	0	0	0	0	0	16	0	8	1	0	0	2	0	0	8	3	1	0	0	1	0	0	0	0	1
99.800	0	0	0	0	0	0	0	0	0	0	0	0	0	0	0	0	14	0	10	1	0	0	2	0	0	10	3	0	0	0	1	0	0	0	0	6
100.000	0	0	0	0	0	0	0	0	0	0	0	0	0	0	0	0	17	0	10	1	0	0	2	0	0	8	4	0	0	0	1	0	0	0	0	5
100.200	0	0	0	0	0	0	0	0	0	0	0	0	0	0	0	0	13	0	12	0	0	0	2	0	0	5	4	1	0	0	1	0	0	0	0	1
100.400	0	0	0	0	0	0	0	0	0	0	0	0	0	0	0	0	16	0	13	1	0	0	0	0	0	5	2	1	0	0	1	0	0	0	0	6
100.600	0	0	0	0	0	0	0	0	0	0	0	0	0	0	0	0	15	0	12	0	0	0	0	0	0	19	3	0	0	0	1	0	0	0	0	2
100.800	0	0	0	0	0	0	0	0	0	0	0	0	0	0	0	0	17	0	6	1	0	0	0	0	0	22	4	0	0	0	1	0	0	0	0	6
101.000	0	0	0	0	0	0	0	0	0	0	0	0	0	0	0	0	14	0	6	1	0	0	0	0	0	16	4	0	0	0	1	0	0	0	0	8
101.200	0	0	0	0	0	0	0	0	0	0	0	0	0	0	0	0	16	0	8	1	0	0	0	0	0	13	4	1	0	0	1	0	0	0	0	2
101.400	0	0	0	0	0	0	0	0	0	0	0	0	0	0	0	0	12	0	15	1	0	0	0	0	0	19	4	0	0	0	1	0	0	0	0	1
101.600	0	0	0	0	0	0	0	0	0	0	0	0	0	0	0	0	12	0	8	1	0	0	2	0	0	12	5	1	0	0	1	0	0	0	0	3
101.800	0	0	0	0	0	0	0	0	0	0	0	0	0	0	0	0	17	0	8	1	0	0	0	0	0	21	2	0	0	0	1	0	0	0	0	6
102.000	0	0	0	0	0	0	0	0	0	0	0	0	0	0	0	0	16	0	7	1	0	0	0	0	0	22	4	1	0	1	1	0	0	0	0	2
102.200	0	0	0	0	0	0	0	0	0	0	0	0	0	0	0	0	13	0	10	1	0	0	0	0	0	16	4	0	0	0	1	0	0	0	0	9
102.400	0	0	0	0	0	0	0	0	0	0	0	0	0	0	0	0	14	0	11	1	0	0	0	0	0	6	6	0	0	0	1	0	0	0	0	6
102.600	0	0	0	0	0	0	0	0	0	0	0	0	0	0	0	0	16	0	14	0	0	0	0	0	0	15	4	1	0	0	1	0	0	0	0	5
102.800	0	0	0	0	0	0	0	0	0	0	0	0	0	0	0	0	16	0	10	1	0	0	0	0	0	8	3	0	0	0	1	0	0	0	0	2
103.000	0	0	0	0	0	0	0	0	0	0	0	0	0	0	0	0	15	0	5	0	0	0	0	0	0	5	5	0	0	0	1	0	0	0	0	7
103.200	0	0	0	0	0	0	0	0	0	0	0	0	0	0	0	0	11	0	15	1	0	0	0	0	0	7	5	0	0	0	1	0	0	0	0	4
103.400	0	0	0	0	0	0	0	0	0	0	0	0	0	0	0	0	14	0	9	1	0	0	0	0	0	14	5	0	0	0	1	0	0	0	0	1
103.600	0	0	0	0	0	0	0	0	0	0	0	0	0	0	0	0	16	0	13	1	0	0	0	0	0	5	3	0	0	0	1	0	0	0	0	1
103.800	0	0	0	0	0	0	0	0	0	0	0	0	0	0	0	0	13	0	11	1	0	0	1	0	0	9	3	0	0	0	1	0	0	0	0	1
104.000	0	0	0	0	0	0	0	0	0	0	0	0	0	0	0	0	14	0	10	1	0	0	0	0	0	17	1	1	0	2	1	0	0	0	0	7
104.200	0	0	0	0	0	0	0	0	0	0	0	0	0	0	0	0	15	0	10	1	0	0	0	0	0	25	0	0	0	0	0	0	0	0	0	1
104.400	0	0	0	0	0	0	0	0	0	0	0	0	0	0	0	0	17	0	13	1	0	0	0	0	0	17	1	1	0	0	1	0	0	0	0	3
104.600	0	0	0	0	0	0	0	0	0	0	0	0	0	0	0	0	14	0	14	1	0	0	0	0	0	19	0	1	0	0	2	0	0	0	0	3
104.800	0	0	0	0	0	0	0	0	0	0	0	0	0	0	0	0	9	0	10	0	0	0	0	0	0	21	1	1	0	0	1	0	0	0	0	6
105.000	0	0	0	0	0	0	0	0	0	0	0	0	0	0	0	0	16	0	10	0	0	0	0	0	0	16	0	1	0	0	1	0	0	0	0	6
105.200	0	0	0	0	0	0	0	0	0	0	0	0	0	0	0	0	17	0	7	0	0	0	0	0	0	5	1	0	0	0	1	0	0	0	0	7
105.400	0	0	0	0	0	0	0	0	0	0	0	0	0	0	0	0	16	0	12	2	0	0	0	0	0	18	0	0	0	0	1	0	0	0	0	4
105.600	0	0	0	0	0	0	0	0	0	0	0	0	0	0	0	0	17	0	13	1	0	0	0	0	0	14	0	0	0	0	1	0	0	0	0	6
105.800	0	0	0	0	0	0	0	0	0	0	0	0	0	0	0	0	12	0	16	0	0	0	5	0	0	8	0	0	0	0	2	0	0	0	0	4
106.000	0	0	0	0	0	0	0	0	0	0	0	0	0	0	0	0	9	0	11	1	0	0	2	0	0	16	3	0	0	0	1	0	0	0	0	5
106.200	0	0	0	0	0	0	0	0	0	0	0	0	0	0	0	0	10	0	12	1	0	0	1	0	0	14	1	1	0	0	1	0	0	0	0	7
106.400	0	0	0	0	0	0	0	0	0	0	0	0	0	0	0	0	15	0	14	0	0	0	0	0	0	8	0	1	0	0	1	0	0	0	0	7
106.600	0	0	0	0	0	0	0	0	0	0	0	0	0	0	0	0	17	0	10	0	0	0	0	0	0	8	3	0	0	0	3	0	0	0	0	2
106.800	0	0	0	0	0	0	0	0	0	0	0	0	0	0	0	0	17	0	14	0	0	0	0	0	0	13	1	0	0	0	1	0	0	0	0	7
107.000	0	0	0	0	0	0	0	0	0	0	0	0	0	0	0	0	21	0	8	0	0	0	0	0	0	10	0	1	0	1	2	0	0	0	0	2
107.200	0	0	0	0	0	0	0	0	0	0	0	0	0	0	0	0	16	0	8	1	0	0	0	0	0	10	4	0	0	0	2	0	0	0	0	6
107.400	0	0	0	0	0	0	0	0	0	0	0	0	0	0	0	0	13	0	4	1	0	0	1	0	0	17	3	0	0	0	1	0	0	0	0	5
107.600	0	0	0	0	0	0	0	0	0	0	0	0	0	0	0	0	15	0	8	0	0	0	0	0	0	16	3	0	0	0	1	0	0	0	0	8
107.800	0	0	0	0	0	0	0	0	0	0	0	0	0	0	0	0	16	0	8	0	0	0	0	0	0	18	0	1	0	1	2	0	0	0	0	13
108.000	0	0	0	0	0	0	0	0	0	0	0	0	0	0	0	0	18	0	10	0	0	0	0	0	0	12	0	1	0	0	1	0	0	0	0	5
108.200	0	0	0	0	0	0	0	0	0	0	0	0	0	0	0	0	12	0	12	0	0	0	1	0	0	6	0	0	0	0	1	0	0	0	0	4
108.400	0	0	0	0	0	0	0	0	0	0	0	0	0	0	0	0	16	0	7	0	0	0	0	0	0	5	0	0	0	0	1	0	0	0	0	5
108.600	0	0	0	0	0	0	0	0	0	0	0	0	0	0	0	0	18	0	8	0	0	0	0	0	0	16	0	0	0	0	1	0	0	0	0	3
108.800	0	0	0	0	0	0	0	0	0	0	0	0	0	0	0	0	16	0	9	1	0	0	0	0	0	13	0	0	0	0	1	0	0	0	0	1
109.000	0	0	0	0	0	0	0	0	0	0	0	0	0	0	0	0	18	0	10	0	0	0	3	0	0	15	0	0	0	0	1	0	0	0	0	5
109.200	0	0	0	0	0	0	0	0	0	0	0	0	0	0	0	0	15	0	12	0	0	0	2	0	0	17	0	0	0	0	1	0	0	0	0	3
109.400	0	0	0	0	0	0	0	0	0	0	0	0	0	0	0	0	16	0	13	0	0	0	0	0	0	16	0	0	0	0	1	0	0	0	0	3
109.600	0	0	0	0	0	0	0	0	0	0	0	0	0	0	0	0	16	0	11	0	0	0	2	0	0	21	0	0	0	0	1	0	0	0	0	6
109.800	0	0	0	0	0	0	0	0	0	0	0	0	0	0	0	0	16	0	12	0	0	0	0	0	0	7	0	0	0	0	0	0	0	0	0	7
110.000	0	0	0	0	0	0	0	0	0	0	0	0	0	0	0	0	14	0	6	0	0	0	0	0	0	6	0	0	0	0	1	0	0	0	0	3
110.200	0	0	0	0	0	0	0	0	0	0	0	0	0	0	0	0	18	0	13	1	0	0	0	0	0	9	0	1	0	0	1	0	0	0	0	4
110.400	0	0	0	0	0	0	0	0	0	0	0	0	0	0	0	0	15	0	7	0	0	0	0	0	0	13	0	0	0	0	1	0	0	0	0	9
110.600	0	0	0	0	0	0	0	0	0	0	0	0	0	0	0	0	19	0	12	0	0	0	0	0	0	11	0	0	0	0	1	0	0	0	0	6
110.800	0	0	0	0	0	0	0	0	0	0	0	0	0	0	0	0	14	0	10	0	0	0	0	0	0	5	0	0	0	0	2	0	0	0	0	7
111.000	0	0	0	0	0	0	0	0	0	0	0	0	0	0	0	0	14	0	5	0	0	0	0	0	0	6	1	0	0	0	0	0	0	0	0	7
111.200	0	0	0	0	0	0	0	0	0	0	0	0	0	0	0	0	14	0	6	0	0	0	0	0	0	5	0	0	0	0	0	0	0	0	0	8
111.400	0	0	0	0	0	0	0	0	0	0	0	0	0	0	0	0	14	0	5	0	0	0	0	0	0	11	0	0	0	0	1	0	0	0	0	5
111.600	0	0	0	0	0	0	0	0	0	0	0	0	0	0	0	0	11	0	14	0	0	0	0	0	0	9	0	0	0	0	1	0	0	0	0	13
111.800	0	0	0	0	0	0	0	0	0	0	0	0	0	0	0	0	10	0	14	0	0	0	0	0	0	21	0	0	0	0	1	0	0	0	0	9
112.000	0	0	0	0	0	0	0	0	0	0	0	0	0	0	0	0	14	0	7	1	0	0	0	0	0	11	0	0	0	0	0	0	0	0	0	12
112.200	0	0	0	0	0	0	0	0	0	0	0	0	0	0	0	0	15	0	9	1	0	0	0	0	0	8	0	0	0	0	0	0	0	0	0	8
112.400	0	0	0	0	0	0	0	0	0	0	0	0	0	0	0	0	15	0	12	1	0	0	1	0	0	12	1	0	0	0	0	0	0	0	0	6
112.600	0	0	0	0	0	0	0	0	0	0	0	0	0	0	0	0	10	0	12	1	0	0	0	0	0	10	1	0	0	0	0	0	0	0	0	9
112.800	0	0	0	0	0	0	0	0	0	0	0	0	0	0	0	0	11	0	16	1	0	0	0	0	0	9	0	0	0	0	1	0	0	0	0	3
113.000	0	0	0	0	0	0	0	0	0	0	0	0	0	0	0	0	12	0	15	1	0	0	0	0	0	13	0	0	0	0	1	0	0	0	0	7
113.200	0	0	0	0	0	0	0	0	0	0	0	0	0	0	0	0	14	0	11	1	0	0	0	0	0	10	0	0	0	0	1	0	0	0	0	10
113.400	0	0	0	0	0	0	0	0	0	0	0	0	0	0	0	0	15	0	14	1	0	0	0	0	0	9	0	0	0	0	1	0	0	0	0	1
113.600	0	0	0	0	0	0	0	0	0	0	0	0	0	0	0	0	10	0	15	0	0	0	0	0	0	15	0	0	0	0	1	0	0	0	0	7
113.800	0	0	0	0	0	0	0	0	0	0	0	0	0	0	0	0	14	1	11	1	0	0	0	0	0	16	0	0	0	0	1	0	0	0	0	11
114.000	0	0	0	0	0	0	0	0	0	0	0	0	0	0	0	0	11	0	10	0	0	0	0	0	0	16	0	0	0	0	1	0	0	0	0	5
114.200	0	0	0	0	0	0	0	0	0	0	0	0	0	0	0	0	15	0	10	0	0	0	0	0	0	21	0	0	0	0	1	0	0	0	0	5
114.400	0	0	0	0	0	0	0	0	0	0	0	0	0	0	0	0	14	0	16	0	0	0	0	0	0	20	0	0	0	0	1	0	0	0	0	4
114.600	0	0	0	0	0	0	0	0	0	0	0	0	0	0	0	0	16	0	8	1	0	0	0	0	0	17	0	1	0	0	1	0	0	0	0	10
114.800	0	0	0	0	0	0	0	0	0	0	0	0	0	0	0	0	12	0	15	1	0	0	0	0	0	18	0	0	0	0	1	0	0	0	0	3
115.000	0	0	0	0	0	0	0	0	0	0	0	0	0	0	0	0	15	0	13	1	0	0	0	0	0	17	0	1	0	0	1	0	0	0	0	8
115.200	0	0	0	0	0	0	0	0	0	0	0	0	0	0	0	0	15	0	11	0	0	0	0	0	0	14	0	1	0	0	2	0	0	0	0	6
115.400	0	0	0	0	0	0	0	0	0	0	0	0	0	0	0	0	15	0	16	1	0	0	0	0	0	16	0	1	0	0	1	0	0	0	0	10
115.600	0	0	0	0	0	0	0	0	0	0	0	0	0	0	0	0	13	0	15	1	0	0	0	0	0	17	0	0	0	0	1	0	0	0	0	2
115.800	0	0	0	0	0	0	0	0	0	0	0	0	0	0	0	0	15	0	9	0	0	0	0	0	0	16	0	0	0	0	1	0	0	0	0	4
116.000	0	0	0	0	0	0	0	0	0	0	0	0	0	0	0	0	14	0	17	1	0	0	0	0	0	11	0	1	0	0	1	0	0	0	0	9
116.200	0	0	0	0	0	0	0	0	0	0	0	0	0	0	0	0	15	0	11	1	0	0	0	0	0	19	0	0	0	0	1	0	0	0	0	12
116.400	0	0	0	0	0	0	0	0	0	0	0	0	0	0	0	0	19	0	14	1	0	0	0	0	0	14	0	1	0	0	1	0	0	0	0	2
116.600	0	0	0	0	0	0	0	0	0	0	0	0	0	0	0	0	13	0	13	1	0	0	0	0	0	8	4	0	0	0	0	0	0	0	0	5
116.800	0	0	0	0	0	0	0	0	0	0	0	0	0	0	0	0	16	0	13	1	0	0	0	0	0	25	5	0	0	0	1	0	0	0	0	7
117.000	0	0	0	0	0	0	0	0	0	0	0	0	0	0	0	0	12	0	14	1	0	0	0	0	0	20	5	0	0	0	1	0	0	0	0	4
117.200	0	0	0	0	0	0	0	0	0	0	0	0	0	0	0	0	15	0	12	1	0	0	1	0	0	16	3	0	0	0	1	0	0	0	0	5
117.400	0	0	0	0	0	0	0	0	0	0	0	0	0	0	0	0	16	0	10	1	0	0	2	0	0	11	5	0	0	0	1	0	0	0	0	7
117.600	0	0	0	0	0	0	0	0	0	0	0	0	0	0	0	0	16	1	10	1	0	0	2	0	0	15	6	0	0	0	1	0	0	0	0	14
117.800	0	0	0	0	0	0	0	0	0	0	0	0	0	0	0	0	13	1	11	0	0	0	2	0	0	13	6	0	0	0	2	0	0	0	0	5
118.000	0	0	0	0	0	0	0	0	0	0	0	0	0	0	0	0	16	1	9	1	0	0	2	0	0	6	4	0	0	0	0	0	0	0	0	4
118.200	0	0	0	0	0	0	0	0	0	0	0	0	0	0	0	0	15	1	11	0	0	0	1	0	0	10	4	0	0	0	1	0	0	0	0	9
118.400	0	0	0	0	0	0	0	0	0	0	0	0	0	0	0	0	16	0	7	1	0	0	2	0	0	8	4	0	0	0	1	0	0	0	0	9
118.600	0	0	0	0	0	0	0	0	0	0	0	0	0	0	0	0	16	0	12	1	0	0	2	0	0	11	5	0	0	0	1	0	0	0	0	0
118.800	0	0	0	0	0	0	0	0	0	0	0	0	0	0	0	0	14	0	11	1	0	0	4	0	0	6	5	0	0	0	1	0	0	0	0	5
119.000	0	0	0	0	0	0	0	0	0	0	0	0	0	0	0	0	17	0	10	0	0	0	2	0	0	5	5	0	0	0	2	0	0	0	0	7
119.200	0	0	0	0	0	0	0	0	0	0	0	0	0	0	0	0	17	0	5	1	0	0	2	0	0	10	5	0	0	0	2	0	0	0	0	5
119.400	0	0	0	0	0	0	0	0	0	0	0	0	0	0	0	0	15	0	3	1	0	0	2	0	0	10	5	0	0	0	1	0	0	0	0	4
119.600	0	0	0	0	0	0	0	0	0	0	0	0	0	0	0	0	15	0	14	1	0	0	2	0	0	16	5	0	0	0	1	0	0	0	0	2
119.800	0	0	0	0	0	0	0	0	0	0	0	0	0	0	0	0	15	0	10	1	0	0	3	0	0	16	5	0	0	0	3	0	0	0	0	8
120.000	0	0	0	0	0	0	0	0	0	0	0	0	0	0	0	0	13	0	12	1	0	0	2	0	0	15	5	0	0	0	1	0	0	0	0	8
120.200	0	0	0	0	0	0	0	0	0	0	0	0	0	0	0	0	13	0	8	0	0	0	2	0	0	18	6	0	0	0	1	0	0	0	0	9
120.400	0	0	0	0	0	0	0	0	0	0	0	0	0	0	0	0	14	2	11	1	0	0	2	0	0	22	3	0	0	0	1	0	0	0	0	10
120.600	0	0	0	0	0	0	0	0	0	0	0	0	0	0	0	0	15	0	11	1	0	0	1	0	0	17	6	0	0	0	3	0	0	0	0	7
120.800	0	0	0	0	0	0	0	0	0	0	0	0	0	0	0	0	15	0	12	0	0	0	1	0	0	15	5	0	0	0	2	0	0	0	0	5
121.000	0	0	0	0	0	0	0	0	0	0	0	0	0	0	0	0	13	3	13	1	0	0	0	0	0	16	0	1	0	0	3	0	0	0	0	13
121.200	0	0	0	0	0	0	0	0	0	0	0	0	0	0	0	0	15	1	9	1	0	0	2	0	0	21	1	0	0	0	1	0	0	0	0	4
121.400	0	0	0	0	0	0	0	0	0	0	0	0	0	0	0	0	10	1	11	0	0	0	1	0	0	7	1	1	0	0	4	0	0	0	0	12
121.600	0	0	0	0	0	0	0	0	0	0	0	0	0	0	0	0	15	1	10	0	0	0	0	0	0	14	2	1	0	0	1	0	0	0	0	5
121.800	0	0	0	0	0	0	0	0	0	0	0	0	0	0	0	0	14	1	14	1	0	0	2	0	0	17	0	1	0	0	1	0	0	0	0	6
122.000	0	0	0	0	0	0	0	0	0	0	0	0	0	0	0	0	16	1	9	1	0	0	0	0	0	23	0	1	0	0	1	0	0	0	0	4
122.200	0	0	0	0	0	0	0	0	0	0	0	0	0	0	0	0	14	0	14	0	0	0	2	0	0	6	1	0	0	0	1	0	0	0	0	4
122.400	0	0	0	0	0	0	0	0	0	0	0	0	0	0	0	0	11	0	11	1	0	0	2	0	0	24	0	0	0	0	0	0	0	0	0	6
122.600	0	0	0	0	0	0	0	0	0	0	0	0	0	0	0	0	12	0	13	1	0	0	2	0	0	14	2	1	0	0	1	0	0	0	0	12
122.800	0	0	0	0	0	0	0	0	0	0	0	0	0	0	0	0	16	1	16	1	0	0	3	0	0	10	1	0	0	0	1	0	0	0	0	5
123.000	0	0	0	0	0	0	0	0	0	0	0	0	0	0	0	0	17	0	13	1	0	0	2	0	0	19	0	1	0	0	1	0	0	0	0	7
123.200	0	0	0	0	0	0	0	0	0	0	0	0	0	0	0	0	18	0	5	1	0	0	2	0	0	15	1	0	0	0	1	0	0	0	0	4
123.400	0	0	0	0	0	0	0	0	0	0	0	0	0	0	0	0	15	1	10	1	0	0	2	0	0	17	1	0	0	0	1	0	0	0	0	8
123.600	0	0	0	0	0	0	0	0	0	0	0	0	0	0	0	0	14	0	3	1	0	1	2	0	0	21	1	0	0	0	1	0	0	0	0	8
123.800	0	0	0	0	0	0	0	0	0	0	0	0	0	0	0	0	12	0	13	1	0	0	3	0	0	14	4	1	0	0	2	0	0	0	0	7
124.000	0	0	0	0	0	0	0	0	0	0	0	0	0	0	0	0	13	0	7	0	0	0	4	0	0	11	2	1	0	0	0	0	0	0	0	1
124.200	0	0	0	0	0	0	0	0	0	0	0	0	0	0	0	0	18	1	15	1	0	0	2	0	0	13	1	0	0	0	0	0	0	0	0	4
124.400	0	0	0	0	0	0	0	0	0	0	0	0	0	0	0	0	4	0	10	0	0	0	1	0	0	19	1	1	0	0	1	0	0	0	0	11
124.600	1	0	0	0	0	0	0	0	0	0	0	0	0	0	0	0	12	0	16	1	0	0	2	0	0	11	0	0	0	0	1	0	0	0	0	13
124.800	0	0	0	0	0	0	0	0	0	0	0	0	0	0	0	0	16	0	11	1	0	0	2	0	0	14	0	0	0	0	0	0	0	0	0	11
125.000	0	0	0	0	0	0	0	0	0	0	0	0	0	0	0	0	10	0	5	1	0	0	2	0	0	13	0	0	0	0	0	0	0	0	0	7
125.200	0	0	0	0	0	0	0	0	0	0	0	0	0	0	0	0	16	0	10	1	0	0	2	0	0	13	0	0	0	0	1	0	0	0	0	8
125.400	0	0	0	0	0	0	0	0	0	0	0	0	0	0	0	0	9	0	18	2	0	0	3	0	0	8	1	0	0	0	1	0	0	0	0	10
125.600	0	0	0	0	0	0	0	0	0	0	0	0	0	0	0	0	12	0	8	1	0	1	2	0	0	11	0	1	0	0	1	0	0	0	0	10
125.800	0	0	0	0	0	0	0	0	0	0	0	0	0	0	0	0	17	0	12	0	0	0	3	0	0	10	1	0	0	0	1	0	0	0	0	10
126.000	0	0	0	0	0	0	0	0	0	0	0	0	0	0	0	0	13	0	11	1	0	0	2	0	0	11	0	0	0	0	1	0	0	0	0	9
126.200	0	0	0	0	0	0	0	0	0	0	0	0	0	0	0	0	13	0	12	2	0	0	5	0	0	12	0	0	0	0	1	0	0	0	0	6
126.400	0	0	0	0	0	0	0	0	0	0	0	0	0	0	0	0	14	0	16	0	0	0	4	0	0	9	0	1	0	0	1	0	0	0	0	12
126.600	0	0	0	0	0	0	0	0	0	0	0	0	0	0	0	0	10	0	14	1	0	0	1	0	0	12	0	1	0	0	1	0	0	0	0	2
126.800	0	0	0	0	0	0	0	0	0	0	0	0	0	0	0	0	16	0	9	1	0	0	1	0	0	10	0	0	0	0	1	0	0	0	0	2
127.000	0	0	0	0	0	0	0	0	0	0	0	0	0	0	0	0	16	0	11	1	0	0	0	0	0	17	0	0	0	0	1	0	0	0	0	11
127.200	0	0	0	0	0	0	0	0	0	0	0	0	0	0	0	0	15	0	5	1	0	0	0	0	0	12	0	0	0	0	1	0	0	0	0	11
127.400	0	0	0	0	0	0	0	0	0	0	0	0	0	0	0	0	12	0	10	0	0	0	2	0	0	9	0	0	0	0	0	0	0	0	0	1
127.600	0	0	0	0	0	0	0	0	0	0	0	0	0	0	0	0	17	0	15	1	0	0	0	0	0	10	0	0	0	0	1	0	0	0	0	7
127.800	0	0	0	0	0	0	0	0	0	0	0	0	0	0	0	0	16	0	9	1	0	0	0	0	0	12	0	0	0	0	1	0	0	0	0	13
128.000	0	0	0	0	0	0	0	0	0	0	0	0	0	0	0	0	12	0	7	1	0	0	1	0	0	12	0	0	0	0	1	0	0	0	0	9
128.200	0	0	0	0	0	0	0	0	0	0	0	0	0	0	0	0	12	0	15	1	0	0	0	0	0	12	0	0	0	0	1	0	0	0	0	9
128.400	0	0	0	0	0	0	0	0	0	0	0	0	0	0	0	0	18	0	14	1	0	0	0	0	0	22	0	0	0	0	1	0	0	0	0	5
128.600	0	0	0	0	0	0	0	0	0	0	0	0	0	0	0	0	12	0	9	1	0	0	0	0	0	11	0	0	0	0	1	0	0	0	0	10
128.800	0	0	0	0	0	0	0	0	0	0	0	0	0	0	0	0	14	0	15	0	0	0	0	0	0	5	1	0	0	0	1	0	0	0	0	5
129.000	1	0	0	0	0	0	0	0	0	0	0	0	0	0	0	0	18	0	14	1	0	0	2	0	0	12	0	0	0	0	1	0	0	0	0	5
129.200	0	0	0	0	0	0	0	0	0	0	0	0	0	0	0	0	10	0	12	0	0	0	0	0	0	17	0	0	0	0	1	0	0	0	0	9
129.400	0	0	0	0	0	0	0	0	0	0	0	0	0	0	0	0	13	0	14	1	0	0	0	0	0	8	0	1	0	0	1	0	0	0	0	4
129.600	0	0	0	0	0	0	0	0	0	0	0	0	0	0	0	0	13	0	10	0	0	0	0	0	0	20	0	0	0	0	1	0	0	0	0	1
129.800	0	0	0	0	0	0	0	0	0	0	0	0	0	0	0	0	15	0	15	1	0	0	0	0	0	19	0	1	0	0	1	0	0	0	0	6
130.000	0	0	0	0	0	0	0	0	0	0	0	0	0	0	0	0	5	0	16	0	0	1	0	0	0	6	0	1	0	0	1	0	0	0	0	7
130.200	0	0	0	0	0	0	0	0	0	0	0	0	0	0	0	0	8	0	12	0	0	0	1	0	0	11	0	0	0	0	1	0	0	0	0	7
130.400	0	0	0	0	0	0	0	0	0	0	0	0	0	0	0	0	14	0	15	0	0	0	1	0	0	10	0	0	0	0	1	0	0	0	0	8
130.600	0	0	0	0	0	0	0	0	0	0	0	0	0	0	0	0	11	0	9	1	0	0	1	0	0	14	0	1	0	0	1	0	0	0	0	4
130.800	0	0	0	0	0	0	0	0	0	0	0	0	0	0	0	0	13	0	5	0	0	0	0	0	0	13	0	0	0	0	1	0	0	0	0	7
131.000	0	0	0	0	0	0	0	0	0	0	0	0	0	0	0	0	18	0	11	0	0	0	1	0	0	12	0	1	0	0	1	0	0	0	0	2
131.200	0	0	0	0	0	0	0	0	0	0	0	0	0	0	0	0	18	0	7	1	0	0	0	0	0	18	0	0	0	0	1	0	0	0	0	5
131.400	0	0	0	0	0	0	0	0	0	0	0	0	0	0	0	0	13	0	8	0	0	0	0	0	0	10	0	0	0	0	1	0	0	0	0	9
131.600	0	0	0	0	0	0	0	0	0	0	0	0	0	0	0	0	13	0	15	0	0	0	0	0	0	17	0	0	0	0	1	0	0	0	0	4
131.800	0	0	0	0	0	0	0	0	0	0	0	0	0	0	0	0	17	0	10	0	0	0	1	0	0	15	0	0	0	0	1	0	0	0	0	6
132.000	0	0	0	0	0	0	0	0	0	0	0	0	0	0	0	0	14	0	13	0	0	0	0	0	0	20	0	0	0	0	1	0	0	0	0	7
132.200	0	0	0	0	0	0	0	0	0	0	0	0	0	0	0	0	15	0	7	1	0	0	0	0	0	10	0	0	0	0	1	0	0	0	0	11
132.400	0	0	0	0	0	0	0	0	0	0	0	0	0	0	0	0	16	0	14	0	0	0	0	0	0	10	0	0	0	0	1	0	0	0	0	3
132.600	0	0	0	0	0	0	0	0	0	0	0	0	0	0	0	0	13	0	12	0	0	0	0	0	0	5	0	0	0	0	1	0	0	0	0	3
132.800	0	0	0	0	0	0	0	0	0	0	0	0	0	0	0	0	14	0	8	1	0	0	0	0	0	3	0	0	0	0	1	0	0	0	0	7
133.000	0	0	0	0	0	0	0	0	0	0	0	0	0	0	0	0	11	0	13	0	0	0	0	0	0	5	0	0	0	0	1	0	0	0	0	6
133.200	0	0	0	0	0	0	0	0	0	0	0	0	0	0	0	0	12	0	14	1	0	0	0	0	0	9	0	0	0	0	1	0	0	0	0	4
133.400	0	0	0	0	0	0	0	0	0	0	0	0	0	0	0	0	10	0	9	0	0	0	0	0	0	8	0	0	0	0	1	0	0	0	0	3
133.600	0	0	0	0	0	0	0	0	0	0	0	0	0	0	0	0	14	0	15	1	0	0	0	0	0	8	0	0	0	0	1	0	0	0	0	14
133.800	0	0	0	0	0	0	0	0	0	0	0	0	0	0	0	0	11	0	11	1	0	0	0	0	0	9	0	0	0	0	1	0	0	0	0	14
134.000	0	0	0	0	0	0	0	0	0	0	0	0	0	0	0	0	12	1	8	1	0	1	0	0	0	7	0	1	0	0	1	0	0	0	0	6
134.200	0	0	0	0	0	0	0	0	0	0	0	0	0	0	0	0	10	0	7	0	0	0	0	0	0	9	0	0	0	0	1	0	0	0	0	6
134.400	0	0	0	0	0	0	0	0	0	0	0	0	0	0	0	0	11	0	3	0	0	0	0	0	0	6	0	0	0	0	1	0	0	0	0	2
134.600	0	0	0	0	0	0	0	0	0	0	0	0	0	0	0	0	12	0	8	0	0	0	0	0	0	5	0	1	0	0	1	0	0	0	0	2
134.800	0	0	0	0	0	0	0	0	0	0	0	0	0	0	0	0	12	0	8	1	0	0	0	0	0	14	0	0	0	0	0	0	0	0	0	2
135.000	0	0	0	0	0	0	0	0	0	0	0	0	0	0	0	0	9	0	8	0	0	0	0	0	0	10	0	0	0	0	1	0	0	0	0	7
135.200	0	0	0	0	0	0	0	0	0	0	0	0	0	0	0	0	14	0	7	0	0	0	0	0	0	9	0	0	0	0	1	0	0	0	0	13
135.400	0	0	0	0	0	0	0	0	0	0	0	0	0	0	0	0	10	0	13	1	0	0	0	0	0	7	0	0	0	0	1	0	0	0	0	9
135.600	0	0	0	0	0	0	0	0	0	0	0	0	0	0	0	0	16	0	8	1	0	0	0	0	0	6	0	0	0	0	1	0	0	0	0	8
135.800	0	0	0	0	0	0	0	0	0	0	0	0	0	0	0	0	15	0	7	1	0	0	0	0	0	11	0	1	0	0	1	0	0	0	0	2
136.000	0	0	0	0	0	0	0	0	0	0	0	0	0	0	0	0	15	0	9	0	0	0	0	0	0	11	0	0	0	0	1	0	0	0	0	8
136.200	0	0	0	0	0	0	0	0	0	0	0	0	0	0	0	0	15	0	10	0	0	0	0	0	0	6	0	1	0	0	1	0	0	0	0	3
136.400	0	0	0	0	0	0	0	0	0	0	0	0	0	0	0	0	17	0	7	1	0	0	1	0	0	9	0	1	0	0	1	0	0	0	0	5
136.600	0	0	0	0	0	0	0	0	0	0	0	0	0	0	0	0	17	0	8	0	0	0	0	0	0	5	0	0	0	0	1	0	0	0	0	5
136.800	0	3	0	0	0	0	0	0	0	0	0	0	0	0	0	0	20	0	10	1	0	0	2	0	0	5	0	0	0	0	1	0	0	0	0	4
137.000	0	5	0	0	0	0	0	0	0	0	0	0	0	0	0	0	15	0	7	1	0	0	1	2	0	1	0	0	0	0	1	0	0	0	0	3
137.200	0	6	0	0	0	0	0	0	0	0	0	0	0	0	0	0	11	0	7	0	0	0	0	0	0	5	0	1	0	0	1	0	0	0	0	1
137.400	0	5	0	0	0	0	0	0	0	0	0	0	0	0	0	0	17	0	7	0	0	0	2	1	0	2	0	1	0	0	1	0	0	0	0	2
137.600	0	12	0	0	0	0	0	0	0	0	0	0	0	0	0	0	17	0	7	1	0	0	2	1	0	6	0	0	0	0	1	0	0	0	0	3
137.800	0	9	0	0	0	0	0	0	0	0	0	0	0	0	0	0	14	0	5	0	0	0	1	1	0	5	0	0	0	0	1	0	0	0	0	1
138.000	0	5	0	0	0	0	0	0	0	0	0	0	0	0	0	0	15	0	10	0	0	0	2	0	0	7	0	0	0	0	1	0	0	0	0	9
138.200	0	8	0	0	0	0	0	0	0	0	0	0	0	0	0	0	13	0	9	0	0	0	2	1	0	5	0	0	0	0	1	0	0	0	0	5
138.400	0	7	0	0	0	0	0	0	0	0	0	0	0	0	0	0	14	0	12	0	0	0	2	1	0	5	0	0	0	0	1	0	0	0	0	5
138.600	0	8	0	0	0	0	0	0	0	0	0	0	0	0	0	0	16	0	9	0	0	0	2	0	0	5	0	0	0	0	1	0	0	0	0	8
138.800	0	10	0	0	0	0	0	0	0	0	0	0	0	0	0	0	15	0	9	1	0	0	2	1	0	6	0	0	0	0	1	0	0	0	0	11
139.000	0	8	0	0	0	0	0	0	0	0	0	0	0	0	0	0	14	0	8	1	0	0	2	1	0	5	0	0	0	0	1	0	0	0	0	8
139.200	0	9	0	0	0	0	0	0	0	0	0	0	0	0	0	0	13	0	12	0	0	0	2	0	0	5	0	0	0	0	1	0	0	0	0	5
139.400	0	12	0	0	0	0	0	0	0	0	0	0	0	0	0	0	14	0	11	0	0	0	2	2	0	4	0	1	0	0	4	0	0	0	0	6
139.600	0	8	0	0	0	0	0	0	0	0	0	0	0	0	0	0	15	0	12	0	0	0	2	1	0	4	0	1	0	0	1	0	0	0	0	4
139.800	0	8	0	0	0	0	0	0	0	0	0	0	0	0	0	0	15	0	8	0	0	0	0	2	0	4	0	1	0	0	2	0	0	0	0	3
140.000	0	6	0	0	0	0	0	0	0	0	0	0	0	0	0	0	15	0	8	0	0	0	2	0	0	3	0	0	0	0	1	0	0	0	0	7
140.200	0	9	0	0	0	0	0	0	0	0	0	0	0	0	0	0	16	0	13	0	0	0	2	0	0	4	0	1	0	0	1	0	0	0	0	2
140.400	0	14	0	0	0	0	0	0	0	0	0	0	0	0	0	0	18	0	8	0	0	0	0	0	0	4	0	1	0	0	0	0	0	0	0	3
140.600	0	10	0	0	0	0	0	0	0	0	0	0	0	0	0	0	10	0	20	0	0	0	0	0	0	3	0	1	0	0	1	0	0	0	0	5
140.800	0	11	0	0	0	0	0	0	0	0	0	0	0	0	0	0	12	0	9	0	0	0	1	0	0	2	0	0	0	0	1	0	0	0	0	3
141.000	0	10	0	0	0	0	0	0	0	0	0	0	0	0	0	0	16	0	14	0	0	0	0	0	0	3	0	1	0	0	1	0	0	0	0	5
141.200	0	9	0	0	0	0	0	0	0	0	0	0	0	0	0	0	14	0	13	1	0	0	0	0	0	6	0	1	0	0	1	0	0	0	0	2
141.400	0	9	0	0	0	0	0	0	0	0	0	0	0	0	0	0	16	0	16	1	0	0	0	0	0	7	0	0	0	0	1	0	0	0	0	4
141.600	0	10	0	0	0	0	0	0	0	0	0	0	0	0	0	0	11	0	12	0	0	0	2	1	0	3	0	0	0	0	1	0	0	0	0	5
141.800	0	14	0	0	0	0	0	0	0	0	0	0	0	0	0	0	16	0	10	1	0	0	1	1	0	10	0	0	0	0	1	0	0	0	0	3
142.000	0	3	0	0	0	0	0	0	0	0	0	0	0	0	0	0	12	0	13	1	0	0	0	0	0	10	0	1	0	0	1	0	0	0	0	2
142.200	0	11	0	0	0	0	0	0	0	0	0	0	0	0	0	0	11	0	13	1	0	0	0	3	0	9	0	0	0	0	1	0	0	0	0	1
142.400	0	9	0	0	0	0	0	0	0	0	0	0	0	0	0	0	13	0	11	1	0	0	1	0	0	9	0	0	0	0	1	0	0	0	0	3
142.600	0	8	0	0	0	0	0	0	0	0	0	0	0	0	0	0	12	0	11	1	0	0	2	1	0	13	0	0	0	0	1	0	0	0	0	4
142.800	0	8	0	0	0	0	0	0	0	0	0	0	0	0	0	0	18	0	12	1	0	0	2	0	0	9	0	0	0	1	1	0	0	0	0	6
143.000	0	8	0	0	0	0	0	0	0	0	0	0	0	0	0	0	15	0	16	1	0	0	2	1	0	8	0	0	0	0	2	0	0	0	0	9
143.200	0	8	0	0	0	0	0	0	0	0	0	0	0	0	0	0	15	0	14	1	0	0	2	0	0	20	0	1	0	0	1	0	0	0	0	5
143.400	0	7	0	0	0	0	0	0	0	0	0	0	0	0	0	0	16	0	16	1	0	0	2	0	0	12	0	1	0	0	0	0	0	0	0	4
143.600	0	4	0	0	0	0	0	0	0	0	0	0	0	0	0	0	14	0	16	1	0	0	2	0	0	10	0	1	0	0	0	0	0	0	0	0
143.800	0	6	0	0	0	0	0	0	0	0	0	0	0	0	0	0	16	0	14	1	0	0	2	0	0	9	0	1	0	1	0	0	0	0	0	0
144.000	0	5	0	0	0	0	0	0	0	0	0	0	0	0	0	0	16	0	14	1	0	0	1	0	0	21	0	0	0	0	0	0	0	0	0	0
144.200	0	8	0	0	0	0	0	0	0	0	0	0	0	0	0	0	13	0	9	1	0	0	0	0	0	13	0	1	0	0	0	0	0	0	0	5
144.400	0	2	0	0	0	0	0	0	0	0	0	0	0	0	0	0	15	1	5	0	0	0	0	0	0	9	0	0	0	1	0	0	0	0	0	5
144.600	0	5	0	0	0	0	0	0	0	0	0	0	0	0	0	0	12	0	3	0	0	0	0	0	0	19	0	0	0	0	0	0	0	0	0	4
144.800	0	4	0	0	0	0	0	0	0	0	0	0	0	0	0	0	16	0	8	1	0	0	1	0	0	17	0	0	0	0	0	0	0	0	0	3
145.000	0	5	0	0	0	0	0	0	0	0	0	0	0	0	0	0	17	0	8	1	0	0	0	0	0	23	0	1	0	0	0	0	0	0	0	4
145.200	0	3	0	0	0	0	0	0	0	0	0	0	0	0	0	0	17	0	7	1	0	0	2	0	0	24	0	1	0	0	0	0	0	0	0	1
145.400	0	8	0	0	0	0	0	0	0	0	0	0	0	0	0	0	15	1	6	1	0	0	0	0	0	19	0	0	0	0	0	0	0	0	0	3
145.600	0	0	0	0	0	0	0	0	0	0	0	0	0	0	0	0	11	2	7	1	0	0	0	0	0	18	1	0	0	0	0	0	0	0	0	5
145.800	0	0	0	0	0	0	0	0	0	0	0	0	0	0	0	0	16	2	12	1	0	0	0	0	0	12	0	0	0	0	0	0	0	0	0	4
146.000	0	0	0	0	0	0	0	0	0	0	0	0	0	0	0	0	15	1	10	0	0	0	3	0	0	13	0	0	0	0	0	0	0	0	0	5
146.200	0	0	0	0	0	0	0	0	0	0	0	0	0	0	0	0	14	2	12	1	0	0	2	0	0	12	1	0	0	0	0	0	0	0	0	5
146.400	0	3	0	0	0	0	0	0	0	0	0	0	0	0	0	0	17	3	8	1	0	0	2	0	0	6	0	0	0	0	0	0	0	0	0	5
146.600	0	0	0	0	0	0	0	0	0	0	0	0	0	0	0	0	15	2	12	0	0	0	3	0	0	10	9	0	0	0	0	0	0	0	0	0
146.800	0	1	0	0	0	0	0	0	0	0	0	0	0	0	0	0	17	2	9	0	0	0	2	0	0	14	2	0	0	0	0	0	0	0	0	1
147.000	0	3	0	0	0	0	0	0	0	0	0	0	0	0	0	0	14	3	12	1	0	0	2	0	0	7	1	0	0	0	0	0	0	0	0	1
147.200	0	1	0	0	0	0	0	0	0	0	0	0	0	0	0	0	14	3	8	1	0	0	2	0	0	18	3	0	0	0	0	0	0	0	0	3
147.400	0	8	0	0	0	0	0	0	0	0	0	0	0	0	0	0	16	2	12	1	0	0	2	0	0	18	3	0	0	0	0	0	0	0	0	3
147.600	0	8	0	0	0	0	0	0	0	0	0	0	0	0	0	0	16	3	16	0	0	0	2	0	0	20	4	0	0	0	0	0	0	0	0	4
147.800	0	7	0	0	0	0	0	0	0	0	0	0	0	0	0	0	14	3	16	1	0	0	3	0	0	15	3	0	0	0	0	0	0	0	0	4
148.000	0	5	0	0	0	0	0	0	0	0	0	0	0	0	0	0	12	2	11	1	0	0	3	0	0	15	3	0	0	0	0	0	0	0	0	3
148.200	0	8	0	0	0	0	0	0	0	0	0	0	0	0	0	0	16	6	9	1	0	0	2	0	0	15	4	0	0	0	0	0	0	0	0	3
148.400	0	7	0	0	0	0	0	0	0	0	0	0	0	0	0	0	10	5	8	1	0	1	1	0	0	16	1	0	0	0	0	0	0	0	0	4
148.600	0	8	0	0	0	0	0	0	0	0	0	0	0	0	0	0	14	6	14	0	0	0	2	0	0	22	0	0	0	0	0	0	0	0	0	5
148.800	0	9	0	0	0	0	0	0	0	0	0	0	0	0	0	0	11	5	8	1	0	0	2	0	0	18	0	0	0	0	0	0	0	0	0	5
149.000	0	5	0	0	0	0	0	0	0	0	0	0	0	0	0	0	15	4	13	1	0	0	2	0	0	19	0	0	0	0	0	0	0	0	0	5
149.200	0	7	0	0	0	0	0	0	0	0	0	0	0	0	0	0	18	3	10	0	0	0	2	0	0	21	1	0	0	0	0	0	0	0	0	5
149.400	0	6	0	0	0	0	0	0	0	0	0	0	0	0	0	0	15	4	9	0	0	0	2	0	0	20	0	0	0	0	0	0	0	0	0	5
149.600	0	8	0	0	0	0	0	0	0	0	0	0	0	0	0	0	13	2	8	0	0	0	2	0	0	8	0	0	0	0	0	0	0	0	0	4
149.800	0	7	0	0	0	0	0	0	0	0	0	0	0	0	0	0	17	2	13	1	0	0	2	0	0	10	0	0	0	0	0	0	0	0	0	4
150.000	0	2	0	0	0	0	0	0	0	0	0	0	0	0	0	0	16	4	15	1	0	0	2	0	0	7	1	0	0	0	0	0	0	0	0	6
150.200	0	0	0	0	0	0	0	0	0	0	0	0	0	0	0	0	8	2	11	0	0	0	2	0	0	9	0	0	0	0	0	0	0	0	0	5
150.400	0	0	0	0	0	0	0	0	0	0	0	0	0	0	0	0	15	3	9	1	0	1	2	0	0	21	0	0	0	0	0	0	0	0	0	5
150.600	0	0	0	0	0	0	0	0	0	0	0	0	0	0	0	0	15	2	4	1	0	1	2	0	0	21	0	0	0	0	0	0	0	0	0	5
150.800	0	0	0	0	0	0	0	0	0	0	0	0	0	0	0	0	15	1	8	1	0	0	2	0	0	13	0	0	0	0	0	0	0	0	0	5
151.000	0	0	0	0	0	0	0	0	0	0	0	0	0	0	0	0	15	3	14	1	0	0	2	0	0	21	0	0	0	0	0	0	0	0	0	1
151.200	0	0	0	0	0	0	0	0	0	0	0	0	0	0	0	0	14	4	9	0	0	1	3	0	0	13	0	0	0	0	0	0	0	0	0	8
151.400	0	0	0	0	0	0	0	0	0	0	0	0	0	0	0	0	14	2	14	1	0	0	2	0	0	13	0	0	0	0	0	0	0	0	0	6
151.600	0	0	0	0	0	0	0	0	0	0	0	0	0	0	0	0	13	5	17	1	0	1	2	0	0	19	0	0	0	0	0	0	0	0	0	8
151.800	0	0	0	0	0	0	0	0	0	0	0	0	0	0	0	0	15	3	10	1	0	0	2	0	0	11	0	0	0	0	0	0	0	0	0	9
152.000	0	0	0	0	0	0	0	0	0	0	0	0	0	0	0	0	17	3	12	1	0	0	2	0	0	16	0	0	0	0	0	0	0	0	0	9
152.200	0	0	0	0	0	0	0	0	0	0	0	0	0	0	0	0	15	1	13	0	0	0	0	0	0	22	0	0	0	0	0	0	0	0	0	7
152.400	0	0	0	0	0	0	0	0	0	0	0	0	0	0	0	0	18	0	12	0	0	0	2	0	0	12	0	0	0	0	0	0	0	0	0	3
152.600	0	0	0	0	0	0	0	0	0	0	0	0	0	0	0	0	18	0	13	1	0	0	2	0	0	12	0	0	0	0	0	0	0	0	0	7
152.800	0	0	0	0	0	0	0	0	0	0	0	0	0	0	0	0	11	1	12	1	0	0	2	0	0	26	0	0	0	0	0	0	0	0	0	8
153.000	0	0	0	0	0	0	0	0	0	0	0	0	0	0	0	0	18	4	11	1	0	0	2	0	0	17	0	0	0	0	0	0	0	0	0	7
153.200	0	0	0	0	0	0	0	0	0	0	0	0	0	0	0	0	19	4	10	1	0	1	2	0	0	12	0	0	0	0	0	0	0	0	0	11
153.400	0	0	0	0	0	0	0	0	0	0	0	0	0	0	0	0	15	5	14	0	0	1	0	0	0	13	0	0	0	0	0	0	0	0	0	9
153.600	0	0	0	0	0	0	0	0	0	0	0	0	0	0	0	0	13	2	13	1	0	1	0	0	0	17	0	0	0	0	0	0	0	0	0	7
153.800	0	0	0	0	0	0	0	0	0	0	0	0	0	0	0	0	19	4	14	1	0	2	0	0	0	14	0	0	0	0	0	0	0	0	0	9
154.000	0	0	0	0	0	0	0	0	0	0	0	0	0	0	0	0	13	4	15	1	0	0	0	0	0	12	0	0	0	0	0	0	0	0	0	14
154.200	0	0	0	0	0	0	0	0	0	0	0	0	0	0	0	0	15	4	9	1	0	0	0	0	0	14	0	0	0	0	0	0	0	0	0	3
154.400	0	0	0	0	0	0	0	0	0	0	0	0	0	0	0	0	17	6	14	1	0	1	1	0	0	10	0	0	0	0	0	0	0	0	0	11
154.600	0	4	0	0	0	0	0	0	0	0	0	0	0	0	0	0	15	7	12	1	0	0	0	0	0	9	0	0	0	0	0	0	0	0	0	7
154.800	0	0	0	0	0	0	0	0	0	0	0	0	0	0	0	0	13	6	13	0	0	0	1	0	0	5	0	0	0	0	0	0	0	0	0	9
155.000	0	3	0	0	0	0	0	0	0	0	0	0	0	0	0	0	12	7	13	0	0	0	1	0	0	6	0	0	0	0	0	0	0	0	0	7
155.200	0	4	0	0	0	0	0	0	0	0	0	0	0	0	0	0	15	5	14	1	0	0	0	0	0	11	0	0	0	0	0	0	0	0	0	9
155.400	0	8	0	0	0	0	0	0	0	0	0	0	0	0	0	0	10	4	7	0	0	0	0	0	0	7	0	0	0	0	0	0	0	0	0	8
155.600	0	8	0	0	0	0	0	0	0	0	0	0	0	0	0	0	19	1	7	1	0	1	0	0	0	8	0	0	0	0	0	0	0	0	0	9
155.800	0	8	0	0	0	0	0	0	0	0	0	0	0	0	0	0	13	4	8	1	0	1	0	0	0	16	0	0	0	0	0	0	0	0	0	6
156.000	0	8	0	0	0	0	0	0	0	0	0	0	0	0	0	0	17	1	6	0	0	0	3	0	0	20	0	0	0	0	0	0	0	0	0	6
156.200	0	7	0	0	0	0	0	0	0	0	0	0	0	0	0	0	15	4	5	1	0	0	2	0	0	7	0	0	0	0	0	0	0	0	0	6
156.400	0	9	0	0	0	0	0	0	0	0	0	0	0	0	0	0	11	1	13	1	0	1	2	0	0	13	0	0	0	0	0	0	0	0	0	6
156.600	0	10	0	0	0	0	0	0	0	0	0	0	0	0	0	0	13	3	10	1	0	0	2	0	0	20	0	0	0	0	0	0	0	0	0	10
156.800	0	4	0	0	0	0	0	0	0	0	0	0	0	0	0	0	10	3	6	1	0	0	2	0	0	12	0	0	0	0	0	0	0	0	0	9
157.000	0	5	0	0	0	0	0	0	0	0	0	0	0	0	0	0	14	4	9	1	0	0	0	0	0	12	0	0	0	0	0	0	0	0	0	7
157.200	0	8	0	0	0	0	0	0	0	0	0	0	0	0	0	0	11	1	12	1	0	0	0	0	0	18	0	0	0	0	0	0	0	0	0	13
157.400	0	9	0	0	0	0	0	0	0	0	0	0	0	0	0	0	14	2	13	1	0	0	0	0	0	20	0	0	0	0	0	0	0	0	0	7
157.600	0	8	0	0	0	0	0	0	0	0	0	0	0	0	0	0	17	6	4	0	0	0	0	0	0	10	0	0	0	0	0	0	0	0	0	9
157.800	0	8	0	0	0	0	0	0	0	0	0	0	0	0	0	0	18	6	12	1	0	0	0	0	0	14	0	0	0	0	0	0	0	0	0	9
158.000	0	8	0	0	0	0	0	0	0	0	0	0	0	0	0	0	15	4	16	1	0	2	0	0	0	15	0	0	0	0	0	0	0	0	0	11
158.200	0	8	0	0	0	0	0	0	0	0	0	0	0	0	0	0	10	6	14	1	0	1	2	0	0	18	0	0	0	0	0	0	0	0	0	3
158.400	0	8	0	0	0	0	0	0	0	0	0	0	0	0	0	0	15	1	10	0	0	1	1	0	0	14	0	0	0	0	0	0	0	0	0	8
158.600	0	7	0	0	0	0	0	0	0	0	0	0	0	0	0	0	16	2	11	1	0	0	2	0	0	12	0	0	0	0	0	0	0	0	0	2
158.800	0	6	0	0	0	0	0	0	0	0	0	0	0	0	0	0	16	6	6	1	0	1	2	0	0	22	0	0	0	0	0	0	0	0	0	7
159.000	0	1	0	0	0	0	0	0	0	0	0	0	0	0	0	0	17	1	12	1	0	1	3	0	0	18	1	0	0	0	0	0	0	0	0	8
159.200	0	0	0	0	0	0	0	0	0	0	0	0	0	0	0	0	18	6	9	1	0	0	2	0	0	17	1	0	0	0	0	0	0	0	0	8
159.400	0	0	0	0	0	0	0	0	0	0	0	0	0	0	0	0	13	1	9	1	0	0	2	0	0	15	1	0	0	0	0	0	0	0	0	8
159.600	0	0	0	0	0	0	0	0	0	0	0	0	0	0	0	0	15	1	5	1	0	1	4	0	0	13	1	0	0	0	0	0	0	0	0	6
159.800	0	0	0	0	0	0	0	0	0	0	0	0	0	0	0	0	12	2	10	0	0	0	2	0	0	18	3	0	0	0	0	0	0	0	0	8
160.000	0	0	0	0	0	0	0	0	0	0	0	0	0	0	0	0	14	2	11	1	0	0	3	0	0	24	3	0	0	0	0	0	0	0	0	6
160.200	0	0	0	0	0	0	0	0	0	0	0	0	0	0	0	0	18	4	8	1	0	1	3	0	0	20	2	0	0	0	0	0	0	0	0	7
160.400	0	0	0	0	0	0	0	0	0	0	0	0	0	0	0	0	14	3	13	1	0	1	4	0	0	23	3	0	0	0	0	0	0	0	0	8
160.600	0	0	0	0	0	0	0	0	0	0	0	0	0	0	0	0	17	7	7	1	0	0	3	0	0	16	4	0	0	0	0	0	0	0	0	4
160.800	0	0	0	0	0	0	0	0	0	0	0	0	0	0	0	0	16	4	11	1	0	0	3	0	0	19	2	0	0	0	0	0	0	0	0	7
161.000	0	0	0	0	0	0	0	0	0	0	0	0	0	0	0	0	15	2	5	1	0	0	3	0	0	17	0	0	0	0	0	0	0	0	0	5
161.200	0	0	0	0	0	0	0	0	0	0	0	0	0	0	0	0	14	6	13	1	0	1	2	0	0	14	3	0	0	0	0	0	0	0	0	5
161.400	0	0	0	0	0	0	0	0	0	0	0	0	0	0	0	0	14	3	10	1	0	0	2	0	0	8	4	0	0	0	0	0	0	0	0	8
161.600	0	0	0	0	0	0	0	0	0	0	0	0	0	0	0	0	16	1	13	1	0	0	3	0	0	12	0	0	0	0	0	0	0	0	0	5
161.800	0	0	0	0	0	0	0	0	0	0	0	0	0	0	0	0	15	5	4	1	0	0	3	0	0	22	1	0	0	0	0	0	0	0	0	6
162.000	0	0	0	0	0	0	0	0	0	0	0	0	0	0	0	0	18	1	5	1	0	0	2	0	0	19	0	0	0	0	0	0	0	0	0	9
162.200	0	0	0	0	0	0	0	0	0	0	0	0	0	0	0	0	13	1	5	0	0	0	2	0	0	13	2	0	0	0	0	0	0	0	0	2
162.400	0	0	0	0	0	0	0	0	0	0	0	0	0	0	0	0	18	1	7	0	0	1	2	0	0	17	1	0	0	0	0	0	0	0	0	5
162.600	0	0	0	0	0	0	0	0	0	0	0	0	0	0	0	0	15	2	12	0	0	1	2	0	0	14	0	0	0	0	0	0	0	0	0	5
162.800	0	0	0	0	0	0	0	0	0	0	0	0	0	0	0	0	13	0	17	0	0	0	2	0	0	19	0	0	0	0	0	0	0	0	0	0
163.000	0	0	0	0	0	0	0	0	0	0	0	0	0	0	0	0	9	1	6	1	0	0	2	0	0	20	1	0	0	0	0	0	0	0	0	0
163.200	0	0	0	0	0	0	0	0	0	0	0	0	0	0	0	0	16	1	15	1	0	0	3	0	0	15	2	0	0	0	0	0	0	0	0	0
163.400	0	0	0	0	0	0	0	0	0	0	0	0	0	0	0	0	13	2	12	1	0	0	4	0	0	9	1	0	0	0	0	0	0	0	0	0
163.600	0	0	0	0	0	0	0	0	0	0	0	0	0	0	0	0	15	1	11	1	0	0	2	0	0	18	1	0	0	0	0	0	0	0	0	0
163.800	0	0	0	0	0	0	0	0	0	0	0	0	0	0	0	0	14	0	6	0	0	0	2	0	0	13	1	0	0	0	0	0	0	0	0	0
164.000	0	0	0	0	0	0	0	0	0	0	0	0	0	0	0	0	15	1	7	0	0	0	0	0	0	11	1	0	0	0	0	0	0	0	0	3
164.200	0	0	0	0	0	0	0	0	0	0	0	0	0	0	0	0	16	0	12	0	0	0	2	0	0	6	1	0	0	0	0	0	0	0	0	5
164.400	0	0	0	0	0	0	0	0	0	0	0	0	0	0	0	0	15	0	12	0	0	0	2	0	0	11	1	0	0	0	0	0	0	0	0	2
164.600	0	0	0	0	0	0	0	0	0	0	0	0	0	0	0	0	17	0	4	1	0	0	1	0	0	16	3	0	0	0	0	0	0	0	0	6
164.800	0	0	0	0	0	0	0	0	0	0	0	0	0	0	0	0	10	0	10	0	0	0	0	0	0	17	1	0	0	0	0	0	0	0	0	6
165.000	0	0	0	0	0	0	0	0	0	0	0	0	0	0	0	0	9	0	12	1	0	0	0	0	0	22	0	0	0	0	0	0	0	0	0	7
165.200	0	0	0	0	0	0	0	0	0	0	0	0	0	0	0	0	13	0	12	1	0	0	2	0	0	17	0	0	0	0	0	0	0	0	0	5
165.400	0	0	0	0	0	0	0	0	0	0	0	0	0	0	0	0	10	0	11	1	0	0	2	0	0	20	0	0	0	0	0	0	0	0	0	6
165.600	0	0	0	0	0	0	0	0	0	0	0	0	0	0	0	0	9	0	13	0	0	0	0	0	0	18	0	0	0	0	0	0	0	0	0	5
165.800	0	0	0	0	0	0	0	0	0	0	0	0	0	0	0	0	10	0	6	1	0	0	0	0	0	19	0	0	0	0	0	0	0	0	0	4
166.000	0	0	0	0	0	0	0	0	0	0	0	0	0	0	0	0	11	0	14	1	0	0	0	0	0	17	1	0	0	0	0	0	0	0	0	5
166.200	0	0	0	0	0	0	0	0	0	0	0	0	0	0	0	0	10	0	10	1	0	0	0	0	0	19	1	0	0	0	0	0	0	0	0	9
166.400	0	0	0	0	0	0	0	0	0	0	0	0	0	0	0	0	10	0	12	0	0	0	0	0	0	8	1	0	0	0	0	0	0	0	0	7
166.600	0	0	0	0	0	0	0	0	0	0	0	0	0	0	0	0	12	0	6	2	0	0	0	0	0	18	1	0	0	0	0	0	0	0	0	7
166.800	0	0	0	0	0	0	0	0	0	0	0	0	0	0	0	0	9	0	9	1	0	0	0	0	0	14	1	0	0	0	0	0	0	0	0	10
167.000	0	0	0	0	0	0	0	0	0	0	0	0	0	0	0	0	8	0	14	0	0	0	0	0	0	10	0	0	0	0	0	0	0	0	0	5
167.200	0	0	0	0	0	0	0	0	0	0	0	0	0	0	0	0	13	0	12	3	0	0	0	0	0	11	0	0	0	0	0	0	0	0	0	6
167.400	0	0	0	0	0	0	0	0	0	0	0	0	0	0	0	0	14	0	10	2	0	0	0	0	0	11	0	0	0	0	0	0	0	0	0	11
167.600	0	0	0	0	0	0	0	0	0	0	0	0	0	0	0	0	11	0	3	1	0	0	1	0	0	18	0	0	0	0	0	0	0	0	0	9
167.800	0	0	0	0	0	0	0	0	0	0	0	0	0	0	0	0	8	0	12	1	0	0	1	0	0	11	0	0	0	0	0	0	0	0	0	6
168.000	0	0	0	0	0	0	0	0	0	0	0	0	0	0	0	0	7	0	12	1	0	0	0	0	0	13	0	0	0	0	0	0	0	0	0	9
168.200	0	0	0	0	0	0	0	0	0	0	0	0	0	0	0	0	11	0	11	1	0	0	1	0	0	17	1	0	0	0	0	0	0	0	0	10
168.400	0	0	0	0	0	0	0	0	0	0	0	0	0	0	0	0	10	0	16	1	0	0	2	0	0	26	0	0	0	0	0	0	0	0	0	12
168.600	0	0	0	0	0	0	0	0	0	0	0	0	0	0	0	0	15	0	18	1	0	0	1	0	0	18	0	0	0	0	0	0	0	0	0	4
168.800	0	0	0	0	0	0	0	0	0	0	0	0	0	0	0	0	5	0	8	1	0	0	2	0	0	11	0	0	0	0	0	0	0	0	0	7
169.000	0	0	0	0	0	0	0	0	0	0	0	0	0	0	0	0	14	0	13	0	0	0	0	0	0	26	1	0	0	0	0	0	0	0	0	8
169.200	0	0	0	0	0	0	0	0	0	0	0	0	0	0	0	0	5	0	11	0	0	0	0	0	0	19	0	0	0	0	0	0	0	0	0	5
169.400	0	0	0	0	0	0	0	0	0	0	0	0	0	0	0	0	14	0	10	1	0	0	0	0	0	21	1	0	0	0	0	0	0	0	0	9
169.600	0	0	0	0	0	0	0	0	0	0	0	0	0	0	0	0	13	0	7	1	0	0	0	0	0	13	0	0	0	0	0	0	0	0	0	3
169.800	0	0	0	0	0	0	0	0	0	0	0	0	0	0	0	0	15	0	13	1	0	0	0	0	0	11	1	0	0	0	0	0	0	0	0	7
170.000	0	0	0	0	0	0	0	0	0	0	0	0	0	0	0	0	19	0	11	2	0	0	0	0	0	20	0	0	0	0	0	0	0	0	0	8
170.200	0	0	0	0	0	0	0	0	0	0	0	0	0	0	0	0	17	0	10	1	0	0	0	0	0	12	0	0	0	0	0	0	0	0	0	10
170.400	0	0	0	0	0	0	0	0	0	0	0	0	0	0	0	0	11	0	10	0	0	0	0	0	0	11	0	0	0	0	0	0	0	0	0	8
170.600	0	0	0	0	0	0	0	0	0	0	0	0	0	0	0	0	11	0	9	0	0	0	0	0	0	5	0	0	0	0	0	0	0	0	0	10
170.800	0	0	0	0	0	0	0	0	0	0	0	0	0	0	0	0	14	0	10	1	0	0	1	0	0	11	0	0	0	0	0	0	0	0	0	11
171.000	0	0	0	0	0	0	0	0	0	0	0	0	0	0	0	0	9	0	12	0	0	0	2	0	0	10	1	0	0	0	0	0	0	0	0	7
171.200	0	0	0	0	0	0	0	0	0	0	0	0	0	0	0	0	13	0	7	1	0	0	2	0	0	14	2	0	0	0	0	0	0	0	0	8
171.400	0	0	0	0	0	0	0	0	0	0	0	0	0	0	0	0	12	0	8	0	0	0	3	0	0	17	0	0	0	0	0	0	0	0	0	11
171.600	0	0	0	0	0	0	0	0	0	0	0	0	0	0	0	0	15	0	6	3	0	0	2	0	0	15	0	0	0	0	0	0	0	0	0	8
171.800	0	0	0	0	0	0	0	0	0	0	0	0	0	0	0	0	7	0	8	1	0	0	0	0	0	10	0	0	0	0	0	0	0	0	0	12
172.000	0	0	0	0	0	0	0	0	0	0	0	0	0	0	0	0	11	0	11	0	0	0	0	0	0	20	0	0	0	0	0	0	0	0	0	1
172.200	0	0	0	0	0	0	0	0	0	0	0	0	0	0	0	0	14	0	18	0	0	0	0	0	0	11	0	0	0	0	0	0	0	0	0	0
172.400	0	0	0	0	0	0	0	0	0	0	0	0	0	0	0	0	12	0	15	1	0	0	0	0	0	25	1	0	0	0	0	0	0	0	0	8
172.600	0	0	0	0	0	0	0	0	0	0	0	0	0	0	0	0	11	0	13	1	0	0	0	0	0	22	0	0	0	0	0	0	0	0	0	7
172.800	0	0	0	0	0	0	0	0	0	0	0	0	0	0	0	0	14	0	11	1	0	0	0	0	0	17	2	0	0	0	0	0	0	0	0	8
173.000	0	0	0	0	0	0	0	0	0	0	0	0	0	0	0	0	12	0	11	1	0	0	0	0	0	15	0	0	0	0	0	0	0	0	0	5
173.200	0	0	0	0	0	0	0	0	0	0	0	0	0	0	0	0	10	0	6	1	0	0	0	0	0	19	0	0	0	0	0	0	0	0	0	4
173.400	0	0	0	0	0	0	0	0	0	0	0	0	0	0	0	0	17	0	12	1	0	0	0	0	0	11	1	0	0	0	0	0	0	0	0	2
173.600	0	0	0	0	0	0	0	0	0	0	0	0	0	0	0	0	11	0	13	1	0	0	0	0	0	17	1	0	0	0	0	0	0	0	0	4
173.800	0	0	0	0	0	0	0	0	0	0	0	0	0	0	0	0	13	0	13	1	0	0	2	0	0	20	0	0	0	0	0	0	0	0	0	4
174.000	0	0	0	0	0	0	0	0	0	0	0	0	0	0	0	0	13	0	10	0	0	0	0	0	0	16	0	0	0	0	0	0	0	0	0	5
174.200	0	0	0	0	0	0	0	0	0	0	0	0	0	0	0	0	15	0	10	0	0	0	0	0	0	7	0	0	0	0	0	0	0	0	0	0
174.400	0	0	0	0	0	0	0	0	0	0	0	0	0	0	0	0	15	0	10	1	0	0	0	0	0	13	0	0	0	0	0	0	0	0	0	0
174.600	0	0	0	0	0	0	0	0	0	0	0	0	0	0	0	0	12	0	12	1	0	0	0	0	0	23	0	0	0	0	0	0	0	0	0	0
174.800	0	0	0	0	0	0	0	0	0	0	0	0	0	0	0	0	14	0	9	1	0	0	2	0	0	15	0	0	0	0	0	0	0	0	0	0
175.000	0	0	0	0	0	0	0	0	0	0	0	0	0	0	0	0	15	0	8	0	0	0	2	0	0	15	0	0	0	0	0	0	0	0	0	0
175.200	0	0	0	0	0	0	0	0	0	0	0	0	0	0	0	0	19	0	11	0	0	0	2	0	0	20	0	0	0	0	0	0	0	0	0	1
175.400	0	0	0	0	0	0	0	0	0	0	0	0	0	0	0	0	14	0	12	1	0	0	0	0	0	20	0	0	0	0	0	0	0	0	0	1
175.600	0	0	0	0	0	0	0	0	0	0	0	0	0	0	0	0	16	0	6	1	0	0	2	0	0	13	0	0	0	0	0	0	0	0	0	6
175.800	0	0	0	0	0	0	0	0	0	0	0	0	0	0	0	0	16	0	7	0	0	0	2	0	0	12	1	0	0	0	0	0	0	0	0	2
176.000	0	0	0	0	0	0	0	0	0	0	0	0	0	0	0	0	8	0	6	0	0	0	2	0	0	14	0	0	0	0	0	0	0	0	0	4
176.200	0	0	0	0	0	0	0	0	0	0	0	0	0	0	0	0	15	0	9	0	0	0	2	0	0	19	0	0	0	0	0	0	0	0	0	5
176.400	0	0	0	0	0	0	0	0	0	0	0	0	0	0	0	0	13	0	12	0	0	0	1	0	0	11	0	0	0	0	0	0	0	0	0	5
176.600	0	0	0	0	0	0	0	0	0	0	0	0	0	0	0	0	17	0	14	1	0	0	2	0	0	9	0	0	0	0	0	0	0	0	0	5
176.800	0	0	0	0	0	0	0	0	0	0	0	0	0	0	0	0	14	0	18	0	0	0	2	0	0	12	0	0	0	0	0	0	0	0	0	5
177.000	0	0	0	0	0	0	0	0	0	0	0	0	0	0	0	0	10	0	12	1	0	0	2	0	0	10	0	0	0	0	0	0	0	0	0	2
177.200	0	0	0	0	0	0	0	0	0	0	0	0	0	0	0	0	13	0	10	0	0	0	3	0	0	10	0	0	0	0	0	0	0	0	0	6
177.400	0	0	0	0	0	0	0	0	0	0	0	0	0	0	0	0	14	0	14	0	0	0	2	0	0	17	0	0	0	0	0	0	0	0	0	3
177.600	0	0	0	0	0	0	0	0	0	0	0	0	0	0	0	0	15	0	12	0	0	0	3	0	0	14	0	0	0	0	0	0	0	0	0	0
177.800	0	0	0	0	0	0	0	0	0	0	0	0	0	0	0	0	14	0	8	1	0	0	2	0	0	10	0	0	0	0	0	0	0	0	0	0
178.000	0	0	0	0	0	0	0	0	0	0	0	0	0	0	0	0	12	0	14	1	0	0	2	0	0	15	0	0	0	0	0	0	0	0	0	2
178.200	0	0	0	0	0	0	0	0	0	0	0	0	0	0	0	0	11	0	6	0	0	0	0	0	0	14	0	0	0	0	0	0	0	0	0	3
178.400	0	0	0	0	0	0	0	0	0	0	0	0	0	0	0	0	12	0	13	1	0	0	2	0	0	10	0	0	0	0	0	0	0	0	0	2
178.600	0	0	0	0	0	0	0	0	0	0	0	0	0	0	0	0	11	0	16	0	0	0	0	0	0	13	0	0	0	0	0	0	0	0	0	1
178.800	0	0	0	0	0	0	0	0	0	0	0	0	0	0	0	0	17	0	10	0	0	0	0	0	0	4	2	0	0	0	0	0	0	0	0	5
179.000	0	0	0	0	0	0	0	0	0	0	0	0	0	0	0	0	14	0	15	0	0	0	2	0	0	5	0	0	0	0	0	0	0	0	0	5
179.200	0	0	0	0	0	0	0	0	0	0	0	0	0	0	0	0	20	0	14	0	0	0	2	0	0	6	0	0	0	0	0	0	0	0	0	5
179.400	0	0	0	0	0	0	0	0	0	0	0	0	0	0	0	0	15	0	11	0	0	0	2	0	0	4	0	0	0	0	0	0	0	0	0	5
179.600	0	0	0	0	0	0	0	0	0	0	0	0	0	0	0	0	16	0	15	1	0	0	3	0	0	8	0	0	0	0	0	0	0	0	0	5
179.800	0	0	0	0	0	0	0	0	0	0	0	0	0	0	0	0	15	0	13	0	0	0	3	0	0	4	0	0	0	0	0	0	0	0	0	7
180.000	0	0	0	0	0	0	0	0	0	0	0	0	0	0	0	0	17	0	15	0	0	0	2	0	0	3	0	0	0	0	0	0	0	0	0	0
180.200	0	0	0	0	0	0	0	0	0	0	0	0	0	0	0	0	15	0	11	0	0	0	4	0	0	2	0	0	0	0	0	0	0	0	0	4
180.400	0	0	0	0	0	0	0	0	0	0	0	0	0	0	0	0	10	0	15	0	0	0	1	0	0	7	0	0	0	0	0	0	0	0	0	4
180.600	0	0	0	0	0	0	0	0	0	0	0	0	0	0	0	0	15	0	11	1	0	0	1	0	0	5	0	0	0	0	0	0	0	0	0	7
180.800	0	0	0	0	0	0	0	0	0	0	0	0	0	0	0	0	15	0	12	0	0	0	0	0	0	3	0	0	0	0	0	0	0	0	0	6
181.000	0	0	0	0	0	0	0	0	0	0	0	0	0	0	0	0	14	0	7	0	0	0	0	0	0	4	0	0	0	0	0	0	0	0	0	5
181.200	0	0	0	0	0	0	0	0	0	0	0	0	0	0	0	0	14	0	11	0	0	0	0	0	0	7	0	0	0	0	0	0	0	0	0	6
181.400	0	0	0	0	0	0	0	0	0	0	0	0	0	0	0	0	11	0	14	0	0	0	0	0	0	3	1	0	0	0	0	0	0	0	0	7
181.600	0	0	0	0	0	0	0	0	0	0	0	0	0	0	0	0	15	0	6	0	0	0	0	0	0	5	0	0	0	0	0	0	0	0	0	7
181.800	0	0	0	0	0	0	0	0	0	0	0	0	0	0	0	0	13	0	11	0	0	0	0	0	0	5	0	0	0	0	0	0	0	0	0	6
182.000	0	0	0	0	0	0	0	0	0	0	0	0	0	0	0	0	15	0	9	0	0	0	0	0	0	4	0	0	0	0	0	0	0	0	0	7
182.200	0	0	0	0	0	0	0	0	0	0	0	0	0	0	0	0	18	0	8	0	0	0	0	0	0	3	0	0	0	0	0	0	0	0	0	3
182.400	0	0	0	0	0	0	0	0	0	0	0	0	0	0	0	0	13	0	6	0	0	0	1	0	0	3	0	0	0	0	0	0	0	0	0	0
182.600	0	0	0	0	0	0	0	0	0	0	0	0	0	0	0	0	16	0	8	0	0	0	0	0	0	5	0	0	0	0	0	0	0	0	0	10
182.800	0	0	0	0	0	0	0	0	0	0	0	0	0	0	0	0	16	0	12	0	0	0	1	0	0	5	0	0	0	0	0	0	0	0	0	12
183.000	0	0	0	0	0	0	0	0	0	0	0	0	0	0	0	0	16	0	6	1	0	0	0	0	0	6	0	0	0	0	0	0	0	0	0	7
183.200	0	0	0	0	0	0	0	0	0	0	0	0	0	0	0	0	15	0	10	0	0	0	0	0	0	14	0	0	0	0	0	0	0	0	0	6
183.400	0	0	0	0	0	0	0	0	0	0	0	0	0	0	0	0	15	0	15	0	0	0	1	0	0	16	0	0	0	0	0	0	0	0	0	9
183.600	0	0	0	0	0	0	0	0	0	0	0	0	0	0	0	0	14	0	8	1	0	0	0	0	0	24	0	0	0	0	0	0	0	0	0	1
183.800	0	0	0	0	0	0	0	0	0	0	0	0	0	0	0	0	13	0	11	1	0	0	0	0	0	8	0	0	0	0	0	0	0	0	0	0
184.000	0	0	0	0	0	0	0	0	0	0	0	0	0	0	0	0	18	0	10	1	0	0	0	0	0	14	1	0	0	0	0	0	0	0	0	1
184.200	0	0	0	0	0	0	0	0	0	0	0	0	0	0	0	0	12	0	14	1	0	0	0	0	0	13	0	0	0	0	0	0	0	0	0	6
184.400	0	0	0	0	0	0	0	0	0	0	0	0	0	0	0	0	11	0	10	0	0	0	0	0	0	17	0	0	0	0	0	0	0	0	0	9
184.600	0	0	0	0	0	0	0	0	0	0	0	0	0	0	0	0	15	0	10	1	0	0	0	0	0	15	0	0	0	0	0	0	0	0	0	8
184.800	0	0	0	0	0	0	0	0	0	0	0	0	0	0	0	0	14	0	9	0	0	0	0	0	0	12	0	0	0	0	0	0	0	0	0	4
185.000	0	0	0	0	0	0	0	0	0	0	0	0	0	0	0	0	14	0	10	1	0	0	1	0	0	8	1	0	0	0	0	0	0	0	0	4
185.200	0	0	0	0	0	0	0	0	0	0	0	0	0	0	0	0	13	0	5	1	0	0	0	0	0	9	1	0	0	0	0	0	0	0	0	4
185.400	0	0	0	0	0	0	0	0	0	0	0	0	0	0	0	0	14	0	12	1	0	0	0	0	0	22	2	0	0	0	0	0	0	0	0	2
185.600	0	0	0	0	0	0	0	0	0	0	0	0	0	0	0	0	8	0	11	1	0	0	0	0	0	12	4	0	0	0	0	0	0	0	0	11
185.800	0	0	0	0	0	0	0	0	0	0	0	0	0	0	0	0	15	0	7	1	0	0	0	0	0	18	1	0	0	0	0	0	0	0	0	3
186.000	0	0	0	0	0	0	0	0	0	0	0	0	0	0	0	0	11	0	13	1	0	0	0	0	0	17	4	0	0	0	0	0	0	0	0	3
186.200	0	0	0	0	0	0	0	0	0	0	0	0	0	0	0	0	8	0	9	1	0	0	0	0	0	16	2	0	0	0	0	0	0	0	0	2
186.400	0	0	0	0	0	0	0	0	0	0	0	0	0	0	0	0	11	0	13	2	0	0	0	0	0	15	1	0	0	0	0	0	0	0	0	2
186.600	0	0	0	0	0	0	0	0	0	0	0	0	0	0	0	0	10	0	13	1	0	0	2	0	0	17	3	0	0	0	0	0	0	0	0	3
186.800	0	0	0	0	0	0	0	0	0	0	0	0	0	0	0	0	10	0	16	1	0	0	2	0	0	10	3	0	0	0	0	0	0	0	0	2
187.000	0	0	0	0	0	0	0	0	0	0	0	0	0	0	0	0	13	0	12	0	0	0	2	0	0	13	4	0	0	0	0	0	0	0	0	3
187.200	0	0	0	0	0	0	0	0	0	0	0	0	0	0	0	0	18	0	12	1	0	0	2	0	0	13	1	0	0	0	0	0	0	0	0	3
187.400	0	0	0	0	0	0	0	0	0	0	0	0	0	0	0	0	10	0	8	1	0	0	2	0	0	20	3	0	0	0	0	0	0	0	0	2
187.600	0	0	0	0	0	0	0	0	0	0	0	0	0	0	0	0	15	0	12	1	0	0	1	0	0	17	3	0	0	0	0	0	0	0	0	4
187.800	0	0	0	0	0	0	0	0	0	0	0	0	0	0	0	0	16	2	9	1	0	0	1	0	0	19	3	0	0	0	0	0	0	0	0	11
188.000	0	0	0	0	0	0	0	0	0	0	0	0	0	0	0	0	17	1	6	1	0	0	1	0	0	9	3	0	0	0	0	0	0	0	0	3
188.200	0	0	0	0	0	0	0	0	0	0	0	0	0	0	0	0	11	1	13	1	0	0	2	0	0	14	3	0	0	0	0	0	0	0	0	5
188.400	0	0	0	0	0	0	0	0	0	0	0	0	0	0	0	0	15	0	10	0	0	0	1	0	0	11	3	0	0	0	0	0	0	0	0	5
188.600	0	0	0	0	0	0	0	0	0	0	0	0	0	0	0	0	10	0	13	0	0	0	2	0	0	14	3	0	0	0	0	0	0	0	0	6
188.800	0	0	0	0	0	0	0	0	0	0	0	0	0	0	0	0	14	0	11	0	0	0	2	0	0	17	3	0	0	0	0	0	0	0	0	4
189.000	0	0	0	0	0	0	0	0	0	0	0	0	0	0	0	0	11	0	13	0	0	0	2	0	0	11	1	0	0	0	0	0	0	0	0	0
189.200	0	0	0	0	0	0	0	0	0	0	0	0	0	0	0	0	15	0	10	1	0	0	3	0	0	12	1	0	0	0	0	0	0	0	0	0
189.400	0	0	0	0	0	0	0	0	0	0	0	0	0	0	0	0	14	0	7	1	0	0	2	0	0	18	1	0	0	0	0	0	0	0	0	0
189.600	0	0	0	0	0	0	0	0	0	0	0	0	0	0	0	0	16	0	8	2	0	0	2	0	0	25	0	0	0	0	0	0	0	0	0	0
189.800	0	0	0	0	0	0	0	0	0	0	0	0	0	0	0	0	13	0	12	1	0	0	3	0	0	18	1	0	0	0	0	0	0	0	0	0
190.000	0	0	0	0	0	0	0	0	0	0	0	0	0	0	0	0	20	0	13	1	0	0	3	0	0	25	1	0	0	0	0	0	0	0	0	0
190.200	0	0	0	0	0	0	0	0	0	0	0	0	0	0	0	0	8	0	12	0	0	0	2	0	0	26	0	0	0	0	0	0	0	0	0	0
190.400	0	0	0	0	0	0	0	0	0	0	0	0	0	0	0	0	17	0	10	1	0	0	3	0	0	21	1	0	0	0	0	0	0	0	0	0
190.600	0	0	0	0	0	0	0	0	0	0	0	0	0	0	0	0	16	0	13	0	0	0	3	0	0	19	1	0	0	0	0	0	0	0	0	0
190.800	0	0	0	0	0	0	0	0	0	0	0	0	0	0	0	0	17	0	5	0	0	0	2	0	0	21	4	0	0	0	0	0	0	0	0	0
191.000	0	0	0	0	0	0	0	0	0	0	0	0	0	0	0	0	16	0	12	0	0	0	2	0	0	11	1	0	0	0	0	0	0	0	0	0
191.200	0	0	0	0	0	0	0	0	0	0	0	0	0	0	0	0	19	0	4	1	0	0	2	0	0	22	2	0	0	0	0	0	0	0	0	4
191.400	0	0	0	0	0	0	0	0	0	0	0	0	0	0	0	0	11	2	15	1	0	0	2	0	0	19	3	0	0	0	0	0	0	0	0	4
191.600	0	0	0	0	0	0	0	0	0	0	0	0	0	0	0	0	15	1	15	0	0	0	2	0	0	18	1	0	0	0	0	0	0	0	0	6
191.800	0	0	0	0	0	0	0	0	0	0	0	0	0	0	0	0	19	0	8	0	0	0	1	0	0	13	4	0	0	0	0	0	0	0	0	2
192.000	0	0	0	0	0	0	0	0	0	0	0	0	0	0	0	0	13	0	13	0	0	0	2	0	0	14	1	0	0	0	0	0	0	0	0	9
192.200	0	0	0	0	0	0	0	0	0	0	0	0	0	0	0	0	18	1	19	1	0	0	2	0	0	11	2	0	0	0	0	0	0	0	0	0
192.400	0	0	0	0	0	0	0	0	0	0	0	0	0	0	0	0	10	0	12	1	0	0	2	0	0	11	3	0	0	0	0	0	0	0	0	0
192.600	0	0	0	0	0	0	0	0	0	0	0	0	0	0	0	0	12	0	16	1	0	0	2	0	0	21	1	0	0	0	0	0	0	0	0	2
192.800	0	0	0	0	0	0	0	0	0	0	0	0	0	0	0	0	14	0	12	0	0	0	3	0	0	11	3	0	0	0	0	0	0	0	0	8
193.000	0	0	0	0	0	0	0	0	0	0	0	0	0	0	0	0	7	0	14	1	0	0	3	0	0	11	1	0	0	0	0	0	0	0	0	2
193.200	0	0	0	0	0	0	0	0	0	0	0	0	0	0	0	0	15	0	11	1	0	0	3	0	0	9	0	0	0	0	0	0	0	0	0	2
193.400	0	0	0	0	0	0	0	0	0	0	0	0	0	0	0	0	10	0	15	0	0	0	2	0	0	19	1	0	0	0	0	0	0	0	0	2
193.600	0	0	0	0	0	0	0	0	0	0	0	0	0	0	0	0	14	1	16	0	0	0	3	0	0	8	1	0	0	0	0	0	0	0	0	4
193.800	0	0	0	0	0	0	0	0	0	0	0	0	0	0	0	0	16	0	10	0	0	0	2	0	0	20	1	0	0	0	0	0	0	0	0	1
194.000	0	0	0	0	0	0	0	0	0	0	0	0	0	0	0	0	14	0	18	0	0	0	2	0	0	10	4	0	0	0	0	0	0	0	0	1
194.200	0	0	0	0	0	0	0	0	0	0	0	0	0	0	0	0	13	0	14	1	0	0	2	0	0	12	3	0	0	0	0	0	0	0	0	0
194.400	0	0	0	0	0	0	0	0	0	0	0	0	0	0	0	0	10	0	17	1	0	0	2	0	0	8	4	0	0	0	0	0	0	0	0	5
194.600	0	0	0	0	0	0	0	0	0	0	0	0	0	0	0	0	12	0	14	1	0	0	2	0	0	8	3	0	0	0	0	0	0	0	0	1
194.800	0	0	0	0	0	0	0	0	0	0	0	0	0	0	0	0	10	0	17	1	0	0	2	0	0	11	2	0	0	0	0	0	0	0	0	0
195.000	0	0	0	0	0	0	0	0	0	0	0	0	0	0	0	0	13	0	18	1	0	0	1	0	0	5	3	0	0	0	0	0	0	0	0	0
195.200	0	0	0	0	0	0	0	0	0	0	0	0	0	0	0	0	13	0	16	1	0	0	2	0	0	10	1	0	0	0	0	0	0	0	0	0
195.400	0	0	0	0	0	0	0	0	0	0	0	0	0	0	0	0	17	0	13	1	0	0	2	0	0	9	0	0	0	0	0	0	0	0	0	0
195.600	0	0	0	0	0	0	0	0	0	0	0	0	0	0	0	0	16	0	14	0	0	0	3	0	0	13	1	0	0	0	0	0	0	0	0	0
195.800	0	0	0	0	0	0	0	0	0	0	0	0	0	0	0	0	16	0	18	2	0	0	2	0	0	10	2	0	0	0	0	0	0	0	0	0
196.000	0	0	0	0	0	0	0	0	0	0	0	0	0	0	0	0	15	0	15	2	0	0	2	0	0	11	0	0	0	0	0	0	0	0	0	1
196.200	0	0	0	0	0	0	0	0	0	0	0	0	0	0	0	0	16	2	16	2	0	0	2	0	0	13	0	0	0	0	0	0	0	0	0	0
196.400	0	0	0	0	0	0	0	0	0	0	0	0	0	0	0	0	15	2	16	0	0	0	2	0	0	11	0	0	0	0	0	0	0	0	0	0
196.600	0	0	0	0	0	0	0	0	0	0	0	0	0	0	0	0	16	2	13	1	0	0	2	0	0	10	1	0	0	0	0	0	0	0	0	0
196.800	0	0	0	0	0	0	0	0	0	0	0	0	0	0	0	0	12	5	13	2	0	0	3	0	0	11	0	0	0	0	0	0	0	0	0	0
197.000	0	0	0	0	0	0	0	0	0	0	0	0	0	0	0	0	20	2	15	1	0	0	3	0	0	10	0	0	0	0	0	0	0	0	0	2
197.200	0	0	0	0	0	0	0	0	0	0	0	0	0	0	0	0	19	4	12	2	0	0	2	0	0	14	1	0	0	0	0	0	0	0	0	1
197.400	0	0	0	0	0	0	0	0	0	0	0	0	0	0	0	0	20	2	14	2	0	0	2	0	0	13	0	0	0	0	0	0	0	0	0	0
197.600	0	0	0	0	0	0	0	0	0	0	0	0	0	0	0	0	15	2	9	1	0	0	3	0	0	13	0	0	0	0	0	0	0	0	0	0
197.800	0	0	0	0	0	0	0	0	0	0	0	0	0	0	0	0	14	2	15	1	0	0	2	0	0	19	0	0	0	0	0	0	0	0	0	1
198.000	0	0	0	0	0	0	0	0	0	0	0	0	0	0	0	0	17	3	14	1	0	0	3	0	0	17	0	0	0	0	0	0	0	0	0	1
198.200	0	0	0	0	0	0	0	0	0	0	0	0	0	0	0	0	14	4	13	1	0	0	4	0	0	14	1	0	0	0	0	0	0	0	0	0
198.400	0	0	0	0	0	0	0	0	0	0	0	0	0	0	0	0	15	3	14	1	0	0	3	0	0	15	0	0	0	0	0	0	0	0	0	0
198.600	0	0	0	0	0	0	0	0	0	0	0	0	0	0	0	0	9	5	11	1	0	0	3	0	0	14	1	0	0	0	0	0	0	0	0	0
198.800	0	0	0	0	0	0	0	0	0	0	0	0	0	0	0	0	18	2	14	1	0	0	4	0	0	14	0	0	0	0	0	0	0	0	0	0
199.000	0	0	0	0	0	0	0	0	0	0	0	0	0	0	0	0	11	6	13	1	0	0	1	0	0	12	0	0	0	0	0	0	0	0	0	0
199.200	0	0	0	0	0	0	0	0	0	0	0	0	0	0	0	0	18	5	15	1	0	0	3	0	0	12	0	0	0	0	0	0	0	0	0	0
199.400	0	0	0	0	0	0	0	0	0	0	0	0	0	0	0	0	14	4	11	2	0	0	3	0	0	12	1	0	0	0	0	0	0	0	0	5
199.600	0	0	0	0	0	0	0	0	0	0	0	0	0	0	0	0	16	1	11	1	0	0	2	0	0	20	1	0	0	0	0	0	0	0	0	6
199.800	0	0	0	0	0	0	0	0	0	0	0	0	0	0	0	0	18	0	14	1	0	0	1	0	0	11	0	0	0	0	0	0	0	0	0	1
200.000	0	0	0	0	0	0	0	0	0	0	0	0	0	0	0	0	5	0	14	1	0	0	2	0	0	12	1	0	0	0	0	0	0	0	0	4
200.200	0	0	0	0	0	0	0	0	0	0	0	0	0	0	0	0	16	1	14	1	0	0	2	0	0	14	0	0	0	0	0	0	0	0	0	3
200.400	0	0	0	0	0	0	0	0	0	0	0	0	0	0	0	0	16	1	12	1	0	0	4	0	0	14	0	0	0	0	0	0	0	0	0	3
200.600	0	0	0	0	0	0	0	0	0	0	0	0	0	0	0	0	19	5	11	1	0	0	3	0	0	10	0	0	0	0	0	0	0	0	0	2
200.800	0	0	0	0	0	0	0	0	0	0	0	0	0	0	0	0	16	2	15	1	0	0	2	0	0	16	0	0	0	0	0	0	0	0	0	3
201.000	0	0	0	0	0	0	0	0	0	0	0	0	0	0	0	0	16	2	11	1	0	0	2	0	0	12	3	0	0	0	0	0	0	0	0	0
201.200	0	0	0	0	0	0	0	0	0	0	0	0	0	0	0	0	11	3	12	1	0	0	3	0	0	22	2	0	0	0	0	0	0	0	0	0
201.400	0	0	0	0	0	0	0	0	0	0	0	0	0	0	0	0	13	2	13	0	0	0	3	0	0	13	0	0	0	0	0	0	0	0	0	0
201.600	0	0	0	0	0	0	0	0	0	0	0	0	0	0	0	0	11	2	13	0	0	0	3	0	0	12	0	0	0	0	0	0	0	0	0	0
201.800	0	0	0	0	0	0	0	0	0	0	0	0	0	0	0	0	13	3	13	0	0	0	3	0	0	11	0	0	0	0	0	0	0	0	0	0
202.000	0	0	0	0	0	0	0	0	0	0	0	0	0	0	0	0	13	5	12	2	0	0	3	0	0	11	0	0	0	0	0	0	0	0	0	0
202.200	0	0	0	0	0	0	0	0	0	0	0	0	0	0	0	0	11	5	15	1	0	0	4	0	0	19	0	0	0	0	0	0	0	0	0	0
202.400	0	0	0	0	0	0	0	0	0	0	0	0	0	0	0	0	15	5	14	0	0	0	3	0	0	13	0	0	0	0	0	0	0	0	0	0
202.600	0	0	0	0	0	0	0	0	0	0	0	0	0	0	0	0	12	3	12	0	0	0	4	0	0	13	0	0	0	0	0	0	0	0	0	0
202.800	0	0	0	0	0	0	0	0	0	0	0	0	0	0	0	0	12	5	12	1	0	0	4	0	0	18	0	0	0	0	0	0	0	0	0	1
203.000	0	0	0	0	0	0	0	0	0	0	0	0	0	0	0	0	11	2	11	1	0	0	4	0	0	17	3	0	0	0	0	0	0	0	0	1
203.200	0	0	0	0	0	0	0	0	0	0	0	0	0	0	0	0	15	1	11	1	0	0	3	0	0	20	0	0	0	0	0	0	0	0	0	0
203.400	0	0	0	0	0	0	0	0	0	0	0	0	0	0	0	0	12	2	13	1	0	0	4	0	0	11	0	0	0	0	0	0	0	0	0	0
203.600	0	0	0	0	0	0	0	0	0	0	0	0	0	0	0	0	11	0	12	1	0	0	3	0	0	16	0	0	0	0	0	0	0	0	0	0
203.800	0	0	0	0	0	0	0	0	0	0	0	0	0	0	0	0	12	1	12	1	0	0	3	0	0	15	0	0	0	0	0	0	0	0	0	0
204.000	0	0	0	0	0	0	0	0	0	0	0	0	0	0	0	0	15	3	14	1	0	0	4	0	0	12	0	0	0	0	0	0	0	0	0	0
204.200	0	0	0	0	0	0	0	0	0	0	0	0	0	0	0	0	13	2	13	1	0	0	4	0	0	9	0	0	0	0	0	0	0	0	0	0
204.400	0	0	0	0	0	0	0	0	0	0	0	0	0	0	0	0	18	5	12	1	0	0	4	0	0	12	0	0	0	0	0	0	0	0	0	0
204.600	0	0	0	0	0	0	0	0	0	0	0	0	0	0	0	0	9	8	10	1	0	0	1	0	0	24	0	0	0	0	0	0	0	0	0	0
204.800	0	0	0	0	0	0	0	0	0	0	0	0	0	0	0	0	13	3	10	0	0	0	3	0	0	24	1	0	0	0	0	0	0	0	0	0
205.000	0	0	0	0	0	0	0	0	0	0	0	0	0	0	0	0	17	1	13	1	0	0	3	0	0	20	0	0	0	0	0	0	0	0	0	0
205.200	0	0	0	0	0	0	0	0	0	0	0	0	0	0	0	0	12	3	12	1	0	0	2	0	0	11	0	0	0	0	0	0	0	0	0	0
205.400	0	0	0	0	0	0	0	0	0	0	0	0	0	0	0	0	15	3	13	1	0	0	4	0	0	16	0	0	0	0	0	0	0	0	0	0
205.600	0	0	0	0	0	0	0	0	0	0	0	0	0	0	0	0	20	1	8	0	0	0	3	0	0	14	0	0	0	0	0	0	0	0	0	0
205.800	0	0	0	0	0	0	0	0	0	0	0	0	0	0	0	0	18	1	12	1	0	0	3	0	0	16	0	0	0	0	0	0	0	0	0	0
206.000	0	0	0	0	0	0	0	0	0	0	0	0	0	0	0	0	16	0	10	1	0	0	2	0	0	11	0	0	0	0	0	0	0	0	0	0
206.200	0	0	0	0	0	0	0	0	0	0	0	0	0	0	0	0	16	2	12	1	0	0	4	0	0	11	0	0	0	0	0	0	0	0	0	0
206.400	0	0	0	0	0	0	0	0	0	0	0	0	0	0	0	0	17	2	7	1	0	0	3	0	0	18	0	0	0	0	0	0	0	0	0	0
206.600	0	0	0	0	0	0	0	0	0	0	0	0	0	0	0	0	12	1	12	1	0	0	3	0	0	10	1	0	0	0	0	0	0	0	0	0
206.800	0	0	0	0	0	0	0	0	0	0	0	0	0	0	0	0	13	2	10	1	0	0	2	0	0	14	0	0	0	0	0	0	0	0	0	0
207.000	0	0	0	0	0	0	0	0	0	0	0	0	0	0	0	0	17	0	14	1	0	0	3	0	0	10	3	0	0	0	0	0	0	0	0	0
207.200	0	0	0	0	0	0	0	0	0	0	0	0	0	0	0	0	15	0	15	1	0	0	4	0	0	14	0	0	0	0	0	0	0	0	0	0
207.400	0	0	0	0	0	0	0	0	0	0	0	0	0	0	0	0	12	0	15	1	0	0	3	0	0	18	0	0	0	0	0	0	0	0	0	0
207.600	0	0	0	0	0	0	0	0	0	0	0	0	0	0	0	0	21	0	13	1	0	0	4	0	0	15	0	0	0	0	0	0	0	0	0	1
207.800	0	0	0	0	0	0	0	0	0	0	0	0	0	0	0	0	15	0	14	1	0	0	1	0	0	11	0	0	0	0	0	0	0	0	0	0
208.000	0	0	0	0	0	0	0	0	0	0	0	0	0	0	0	0	17	2	11	2	0	0	3	0	0	10	0	0	0	0	0	0	0	0	0	0
208.200	0	0	0	0	0	0	0	0	0	0	0	0	0	0	0	0	13	2	13	0	0	0	2	0	0	9	0	0	0	0	0	0	0	0	0	0
208.400	0	0	0	0	0	0	0	0	0	0	0	0	0	0	0	0	17	5	14	1	0	0	2	0	0	14	0	0	0	0	0	0	0	0	0	0
208.600	0	0	0	0	0	0	0	0	0	0	0	0	0	0	0	0	13	4	14	0	0	0	3	0	0	10	0	0	0	0	0	0	0	0	0	0
208.800	0	0	0	0	0	0	0	0	0	0	0	0	0	0	0	0	10	5	15	1	0	0	3	0	0	15	0	0	0	0	0	0	0	0	0	0
209.000	0	0	0	0	0	0	0	0	0	0	0	0	0	0	0	0	12	4	13	1	0	0	3	0	0	11	0	0	0	0	0	0	0	0	0	0
209.200	0	0	0	0	0	0	0	0	0	0	0	0	0	0	0	0	20	5	13	1	0	0	2	0	0	19	0	0	0	0	0	0	0	0	0	0
209.400	0	0	0	0	0	0	0	0	0	0	0	0	0	0	0	0	18	5	12	1	0	0	3	0	0	16	0	0	0	0	0	0	0	0	0	0
209.600	0	0	0	0	0	0	0	0	0	0	0	0	0	0	0	0	10	2	13	1	0	0	3	0	0	18	0	0	0	0	0	0	0	0	0	0
209.800	0	0	0	0	0	0	0	0	0	0	0	0	0	0	0	0	14	3	13	0	0	0	2	0	0	17	0	0	0	0	0	0	0	0	0	0
210.000	0	0	0	0	0	0	0	0	0	0	0	0	0	0	0	0	12	0	15	1	0	0	1	0	0	16	0	0	0	0	0	0	0	0	0	1
210.200	0	0	0	0	0	0	0	0	0	0	0	0	0	0	0	0	19	2	14	1	0	0	4	0	0	15	0	0	0	0	0	0	0	0	0	0
210.400	0	0	0	0	0	0	0	0	0	0	0	0	0	0	0	0	16	0	14	0	0	0	3	0	0	10	0	0	0	0	0	0	0	0	0	0
210.600	0	0	0	0	0	0	0	0	0	0	0	0	0	0	0	0	17	2	12	1	0	0	3	0	0	10	0	0	0	0	0	0	0	0	0	0
210.800	0	0	0	0	0	0	0	0	0	0	0	0	0	0	0	0	9	4	12	1	0	0	4	0	0	16	0	0	0	0	0	0	0	0	0	0
211.000	0	0	0	0	0	0	0	0	0	0	0	0	0	0	0	0	19	3	14	1	0	0	1	0	0	12	0	0	0	0	0	0	0	0	0	0
211.200	0	0	0	0	0	0	0	0	0	0	0	0	0	0	0	0	15	2	10	2	0	0	1	0	0	16	0	0	0	0	0	0	0	0	0	0
211.400	0	0	0	0	0	0	0	0	0	0	0	0	0	0	0	0	13	2	14	2	0	0	3	0	0	19	0	0	0	0	0	0	0	0	0	0
211.600	0	0	0	0	0	0	0	0	0	0	0	0	0	0	0	0	15	2	10	0	0	0	4	0	0	14	0	0	0	0	0	0	0	0	0	0
211.800	0	0	0	0	0	0	0	0	0	0	0	0	0	0	0	0	15	2	15	1	0	0	4	0	0	17	0	0	0	0	0	0	0	0	0	4
212.000	0	0	0	0	0	0	0	0	0	0	0	0	0	0	0	0	14	2	13	1	0	0	2	0	0	14	0	0	0	0	0	0	0	0	0	0
212.200	0	0	0	0	0	0	0	0	0	0	0	0	0	0	0	0	12	3	9	2	0	0	0	0	0	15	0	0	0	0	0	0	0	0	0	1
212.400	0	0	0	0	0	0	0	0	0	0	0	0	0	0	0	0	14	4	9	0	0	0	0	0	0	15	0	0	0	0	0	0	0	0	0	3
212.600	0	0	0	0	0	0	0	0	0	0	0	0	0	0	0	0	18	2	5	0	0	0	0	0	0	17	0	0	0	0	0	0	0	0	0	4
212.800	0	0	0	0	0	0	0	0	0	0	0	0	0	0	0	0	18	4	6	1	0	0	0	0	0	15	0	0	0	0	0	0	0	0	0	7
213.000	0	0	0	0	0	0	0	0	0	0	0	0	0	0	0	0	20	2	6	1	0	0	0	0	0	14	0	0	0	0	0	0	0	0	0	5
213.200	0	0	0	0	0	0	0	0	0	0	0	0	0	0	0	0	15	3	8	2	0	0	0	0	0	15	0	0	0	0	0	0	0	0	0	0
213.400	0	0	0	0	0	0	0	0	0	0	0	0	0	0	0	0	15	4	5	1	0	0	0	0	0	16	0	0	0	0	0	0	0	0	0	1
213.600	0	0	0	0	0	0	0	0	0	0	0	0	0	0	0	0	14	4	10	1	0	0	0	0	0	13	0	0	0	0	0	0	0	0	0	4
213.800	0	0	0	0	0	0	0	0	0	0	0	0	0	0	0	0	15	5	2	1	0	0	0	0	0	18	0	0	0	0	0	0	0	0	0	5
214.000	0	0	0	0	0	0	0	0	0	0	0	0	0	0	0	0	17	5	4	1	0	0	0	0	0	25	0	0	0	0	0	0	0	0	0	5
214.200	0	0	0	0	0	0	0	0	0	0	0	0	0	0	0	0	16	3	2	2	0	0	0	0	0	15	0	0	0	0	0	0	0	0	0	5
214.400	0	0	0	0	0	0	0	0	0	0	0	0	0	0	0	0	17	4	2	1	0	0	0	0	0	19	0	0	0	0	0	0	0	0	0	5
214.600	0	0	0	0	0	0	0	0	0	0	0	0	0	0	0	0	13	2	6	1	0	0	0	0	0	21	0	0	0	0	0	0	0	0	0	5
214.800	0	0	0	0	0	0	0	0	0	0	0	0	0	0	0	0	16	5	5	0	0	0	0	0	0	11	0	0	0	0	0	0	0	0	0	6
215.000	0	0	0	0	0	0	0	0	0	0	0	0	0	0	0	0	19	4	5	0	0	0	0	0	0	11	0	0	0	0	0	0	0	0	0	4
215.200	0	0	0	0	0	0	0	0	0	0	0	0	0	0	0	0	12	4	4	1	0	0	0	0	0	15	0	0	0	0	0	0	0	0	0	4
215.400	0	0	0	0	0	0	0	0	0	0	0	0	0	0	0	0	17	1	3	1	0	0	0	0	0	21	0	0	0	0	0	0	0	0	0	5
215.600	0	0	0	0	0	0	0	0	0	0	0	0	0	0	0	0	15	1	8	1	0	0	0	0	0	20	0	0	0	0	0	0	0	0	0	5
215.800	0	0	0	0	0	0	0	0	0	0	0	0	0	0	0	0	17	0	3	0	0	0	1	0	0	10	0	0	0	0	0	0	0	0	0	6
216.000	0	0	0	0	0	0	0	0	0	0	0	0	0	0	0	0	19	1	2	2	0	0	0	0	0	13	0	0	0	0	0	0	0	0	0	5
216.200	0	0	0	0	0	0	0	0	0	0	0	0	0	0	0	0	19	2	4	0	0	0	1	0	0	21	1	0	0	0	0	0	0	0	0	3
216.400	0	0	0	0	0	0	0	0	0	0	0	0	0	0	0	0	15	3	6	0	0	0	0	0	0	17	0	0	0	0	0	0	0	0	0	4
216.600	0	0	0	0	0	0	0	0	0	0	0	0	0	0	0	0	16	3	9	1	0	0	0	0	0	19	0	0	0	0	0	0	0	0	0	5
216.800	0	0	0	0	0	0	0	0	0	0	0	0	0	0	0	0	12	1	10	0	0	0	0	0	0	13	1	0	0	0	0	0	0	0	0	8
217.000	0	0	0	0	0	0	0	0	0	0	0	0	0	0	0	0	14	2	10	1	0	0	2	0	0	13	0	0	0	0	0	0	0	0	0	9
217.200	0	0	0	0	0	0	0	0	0	0	0	0	0	0	0	0	15	1	10	1	0	0	0	0	0	18	1	0	0	0	0	0	0	0	0	5
217.400	0	0	0	0	0	0	0	0	0	0	0	0	0	0	0	0	13	0	13	1	0	0	2	0	0	11	0	0	0	0	0	0	0	0	0	2
217.600	0	0	0	0	0	0	0	0	0	0	0	0	0	0	0	0	17	0	8	1	0	0	0	0	0	22	0	0	0	0	0	0	0	0	0	7
217.800	0	0	0	0	0	0	0	0	0	0	0	0	0	0	0	0	14	0	11	1	0	0	1	0	0	12	1	0	0	0	0	0	0	0	0	4
218.000	0	0	0	0	0	0	0	0	0	0	0	0	0	0	0	0	10	0	16	1	0	0	0	0	0	21	0	0	0	0	0	0	0	0	0	4
218.200	0	0	0	0	0	0	0	0	0	0	0	0	0	0	0	0	18	0	11	1	0	0	0	0	0	27	0	0	0	0	0	0	0	0	0	0
218.400	0	0	0	0	0	0	0	0	0	0	0	0	0	0	0	0	16	0	9	1	0	0	0	0	0	17	0	0	0	0	0	0	0	0	0	7
218.600	0	0	0	0	0	0	0	0	0	0	0	0	0	0	0	0	15	0	14	1	0	0	0	0	0	16	0	0	0	0	0	0	0	0	0	6
218.800	0	0	0	0	0	0	0	0	0	0	0	0	0	0	0	0	20	0	16	1	0	0	0	0	0	22	0	0	0	0	0	0	0	0	0	6
219.000	0	0	0	0	0	0	0	0	0	0	0	0	0	0	0	0	16	0	9	1	0	0	0	0	0	17	0	0	0	0	0	0	0	0	0	7
219.200	0	0	0	0	0	0	0	0	0	0	0	0	0	0	0	0	15	0	10	1	0	0	0	0	0	24	0	0	0	0	0	0	0	0	0	5
219.400	0	0	0	0	0	0	0	0	0	0	0	0	0	0	0	0	24	0	10	1	0	0	0	0	0	14	0	0	0	0	0	0	0	0	0	6
219.600	0	0	0	0	0	0	0	0	0	0	0	0	0	0	0	0	20	0	7	1	0	0	0	0	0	26	0	0	0	0	0	0	0	0	0	5
219.800	0	0	0	0	0	0	0	0	0	0	0	0	0	0	0	0	18	0	10	1	0	0	2	0	0	11	0	0	0	0	0	0	0	0	0	5
220.000	0	0	0	0	0	0	0	0	0	0	0	0	0	0	0	0	10	0	13	1	0	0	1	0	0	13	0	0	0	0	0	0	0	0	0	8
220.200	0	0	0	0	0	0	0	0	0	0	0	0	0	0	0	0	9	0	9	1	0	0	0	0	0	12	0	0	0	0	0	0	0	0	0	6
220.400	0	0	0	0	0	0	0	0	0	0	0	0	0	0	0	0	12	0	6	0	0	0	0	0	0	12	0	0	0	0	0	0	0	0	0	8
220.600	0	0	0	0	0	0	0	0	0	0	0	0	0	0	0	0	9	0	17	1	0	0	0	0	0	15	0	0	0	0	0	0	0	0	0	6
220.800	0	0	0	0	0	0	0	0	0	0	0	0	0	0	0	0	13	0	12	2	0	0	0	0	0	18	0	0	0	0	0	0	0	0	0	2
221.000	0	0	0	0	0	0	0	0	0	0	0	0	0	0	0	0	15	0	7	1	0	0	0	0	0	12	0	0	0	0	0	0	0	0	0	2
221.200	0	0	0	0	0	0	0	0	0	0	0	0	0	0	0	0	14	0	9	2	0	0	0	0	0	20	0	0	0	0	0	0	0	0	0	1
221.400	0	0	0	0	0	0	0	0	0	0	0	0	0	0	0	0	9	0	13	0	0	0	0	0	0	13	0	0	0	0	0	0	0	0	0	1
221.600	0	0	0	0	0	0	0	0	0	0	0	0	0	0	0	0	10	0	12	1	0	0	0	0	0	14	0	0	0	0	0	0	0	0	0	0
221.800	0	0	0	0	0	0	0	0	0	0	0	0	0	0	0	0	18	0	15	1	0	0	0	0	0	19	0	0	0	0	0	0	0	0	0	5
222.000	0	0	0	0	0	0	0	0	0	0	0	0	0	0	0	0	18	0	13	1	0	0	0	0	0	21	0	0	0	0	0	0	0	0	0	5
222.200	0	0	0	0	0	0	0	0	0	0	0	0	0	0	0	0	18	0	11	2	0	0	0	0	0	15	0	0	0	0	0	0	0	0	0	5
222.400	0	0	0	0	0	0	0	0	0	0	0	0	0	0	0	0	17	0	11	1	0	0	0	0	0	12	0	0	0	0	0	0	0	0	0	6
222.600	0	0	0	0	0	0	0	0	0	0	0	0	0	0	0	0	15	0	9	1	0	0	0	0	0	7	0	0	0	0	0	0	0	0	0	5
222.800	0	0	0	0	0	0	0	0	0	0	0	0	0	0	0	0	11	0	11	1	0	0	0	0	0	14	0	0	0	0	0	0	0	0	0	3
223.000	0	0	0	0	0	0	0	0	0	0	0	0	0	0	0	0	7	0	13	1	0	0	0	0	0	14	0	0	0	0	0	0	0	0	0	4
223.200	0	0	0	0	0	0	0	0	0	0	0	0	0	0	0	0	8	0	9	1	0	0	0	0	0	16	0	0	0	0	0	0	0	0	0	5
223.400	0	0	0	0	0	0	0	0	0	0	0	0	0	0	0	0	8	0	13	1	0	0	0	0	0	14	0	0	0	0	0	0	0	0	0	2
223.600	0	0	0	0	0	0	0	0	0	0	0	0	0	0	0	0	9	0	12	1	0	0	0	0	0	15	0	0	0	0	0	0	0	0	0	1
223.800	0	0	0	0	0	0	0	0	0	0	0	0	0	0	0	0	15	0	9	2	0	0	0	0	0	26	0	0	0	0	0	0	0	0	0	2
224.000	0	0	0	0	0	0	0	0	0	0	0	0	0	0	0	0	11	0	14	2	0	0	0	0	0	16	0	0	0	0	0	0	0	0	0	2
224.200	0	0	0	0	0	0	0	0	0	0	0	0	0	0	0	0	16	0	5	1	0	0	0	0	0	21	0	0	0	0	0	0	0	0	0	0
224.400	0	0	0	0	0	0	0	0	0	0	0	0	0	0	0	0	10	0	5	1	0	0	0	0	0	16	0	0	0	0	0	0	0	0	0	0
224.600	0	0	0	0	0	0	0	0	0	0	0	0	0	0	0	0	7	0	7	1	0	0	0	0	0	13	0	0	0	0	0	0	0	0	0	3
224.800	0	0	0	0	0	0	0	0	0	0	0	0	0	0	0	0	8	0	4	1	0	0	0	0	0	9	0	0	0	0	0	0	0	0	0	1
225.000	0	0	0	0	0	0	0	0	0	0	0	0	0	0	0	0	6	0	2	0	0	0	0	0	0	11	0	0	0	0	0	0	0	0	0	8
225.200	0	0	0	0	0	0	0	0	0	0	0	0	0	0	0	0	10	0	7	1	0	0	0	0	0	15	0	0	0	0	0	0	0	0	0	4
225.400	0	0	0	0	0	0	0	0	0	0	0	0	0	0	0	0	7	0	5	0	0	0	0	0	0	19	0	0	0	0	0	0	0	0	0	5
225.600	0	0	0	0	0	0	0	0	0	0	0	0	0	0	0	0	6	0	11	0	0	0	0	0	0	11	0	0	0	0	0	0	0	0	0	1
225.800	0	0	0	0	0	0	0	0	0	0	0	0	0	0	0	0	14	2	8	1	0	0	0	0	0	14	0	0	0	0	0	0	0	0	0	1
226.000	0	0	0	0	0	0	0	0	0	0	0	0	0	0	0	0	10	0	15	1	0	0	0	0	0	14	0	0	0	0	0	0	0	0	0	1
226.200	0	0	0	0	0	0	0	0	0	0	0	0	0	0	0	0	10	0	5	1	0	0	0	0	0	15	0	0	0	0	0	0	0	0	0	5
226.400	0	0	0	0	0	0	0	0	0	0	0	0	0	0	0	0	12	0	11	1	0	0	0	0	0	15	0	0	0	0	0	0	0	0	0	1
226.600	0	0	0	0	0	0	0	0	0	0	0	0	0	0	0	0	13	2	7	0	0	0	0	0	0	14	0	0	0	0	0	0	0	0	0	0
226.800	0	0	0	0	0	0	0	0	0	0	0	0	0	0	0	0	9	0	11	0	0	0	0	0	0	9	0	0	0	0	0	0	0	0	0	0
227.000	0	0	0	0	0	0	0	0	0	0	0	0	0	0	0	0	8	0	14	1	0	0	0	0	0	9	0	0	0	0	0	0	0	0	0	0
227.200	0	0	0	0	0	0	0	0	0	0	0	0	0	0	0	0	17	0	11	0	0	0	0	0	0	13	0	0	0	0	0	0	0	0	0	0
227.400	0	0	0	0	0	0	0	0	0	0	0	0	0	0	0	0	8	0	12	0	0	0	0	0	0	9	0	0	0	0	0	0	0	0	0	0
227.600	0	0	0	0	0	0	0	0	0	0	0	0	0	0	0	0	11	1	9	1	0	0	0	0	0	14	0	0	0	0	0	0	0	0	0	0
227.800	0	0	0	0	0	0	0	0	0	0	0	0	0	0	0	0	12	0	13	1	0	0	0	0	0	16	0	0	0	0	0	0	0	0	0	0
228.000	0	0	0	0	0	0	0	0	0	0	0	0	0	0	0	0	16	0	10	1	0	0	0	0	0	13	0	0	0	0	0	0	0	0	0	0
228.200	0	0	0	0	0	0	0	0	0	0	0	0	0	0	0	0	13	1	10	1	0	0	0	0	0	6	0	0	0	0	0	0	0	0	0	0
228.400	0	0	0	0	0	0	0	0	0	0	0	0	0	0	0	0	17	1	7	1	0	0	0	0	0	15	0	1	0	0	0	0	0	0	0	0
228.600	0	0	0	0	0	0	0	0	0	0	0	0	0	0	0	0	14	0	15	1	0	0	0	0	0	12	0	0	0	0	0	0	0	0	0	0
228.800	0	0	0	0	0	0	0	0	0	0	0	0	0	0	0	0	13	0	9	1	0	0	0	0	0	14	0	0	0	0	0	0	0	0	0	0
229.000	0	0	0	0	0	0	0	0	0	0	0	0	0	0	0	0	17	0	12	0	0	0	0	0	0	17	0	0	0	0	0	0	0	0	0	0
229.200	0	0	0	0	0	0	0	0	0	0	0	0	0	0	0	0	14	0	11	0	0	0	0	0	0	8	0	0	0	0	0	0	0	0	0	0
229.400	0	0	0	0	0	0	0	0	0	0	0	0	0	0	0	0	12	2	14	0	0	0	0	0	0	11	0	0	0	0	0	0	0	0	0	0
229.600	0	0	0	0	0	0	0	0	0	0	0	0	0	0	0	0	12	0	12	0	0	0	0	0	0	8	0	1	0	0	0	0	0	0	0	0
229.800	0	0	0	0	0	0	0	0	0	0	0	0	0	0	0	0	14	0	10	0	0	0	0	0	0	9	0	0	0	0	0	0	0	0	0	0
230.000	0	0	0	0	0	0	0	0	0	0	0	0	0	0	0	0	16	0	8	0	0	0	0	0	0	9	0	0	0	0	0	0	0	0	0	0
230.200	0	0	0	0	0	0	0	0	0	0	0	0	0	0	0	0	14	0	8	1	0	0	0	0	0	19	0	0	0	0	0	0	0	0	0	0
230.400	0	0	0	0	0	0	0	0	0	0	0	0	0	0	0	0	10	0	2	0	0	0	0	0	0	23	0	0	0	0	0	0	0	0	0	0
230.600	0	0	0	0	0	0	0	0	0	0	0	0	0	0	0	0	13	1	8	1	0	0	0	0	0	17	0	0	0	0	0	0	0	0	0	0
230.800	0	0	0	0	0	0	0	0	0	0	0	0	0	0	0	0	18	1	11	1	0	0	0	0	0	21	0	0	0	0	0	0	0	0	0	0
231.000	0	0	0	0	0	0	0	0	0	0	0	0	0	0	0	0	18	1	7	1	0	0	0	0	0	21	0	1	0	0	0	0	0	0	0	0
231.200	0	0	0	0	0	0	0	0	0	0	0	0	0	0	0	0	12	0	10	1	0	0	0	0	0	14	0	0	0	0	0	0	0	0	0	0
231.400	0	0	0	0	0	0	0	0	0	0	0	0	0	0	0	0	11	0	7	1	0	0	0	0	0	9	0	2	0	0	0	0	0	0	0	0
231.600	0	0	0	0	0	0	0	0	0	0	0	0	0	0	0	0	12	0	9	1	0	0	0	0	0	10	1	6	0	0	0	0	0	0	0	0
231.800	0	0	0	0	0	0	0	0	0	0	0	0	0	0	0	0	15	0	10	1	0	0	0	0	0	15	0	1	0	0	0	0	0	0	0	0
232.000	0	0	0	0	0	0	0	0	0	0	0	0	0	0	0	0	13	2	3	0	0	0	0	0	0	16	0	0	0	0	0	0	0	0	0	0
232.200	0	0	0	0	0	0	0	0	0	0	0	0	0	0	0	0	14	0	5	1	0	0	0	0	0	9	0	1	0	0	0	0	0	0	0	0
232.400	0	0	0	0	0	0	0	0	0	0	0	0	0	0	0	0	13	0	8	1	0	0	0	0	0	9	0	0	0	0	0	0	0	0	0	0
232.600	0	0	0	0	0	0	0	0	0	0	0	0	0	0	0	0	15	1	12	1	0	0	0	0	0	13	0	2	0	0	0	0	0	0	0	0
232.800	0	0	0	0	0	0	0	0	0	0	0	0	0	0	0	0	13	4	9	1	0	0	0	0	0	18	0	0	0	0	0	0	0	0	0	0
233.000	0	0	0	0	0	0	0	0	0	0	0	0	0	0	0	0	12	2	10	1	0	0	0	0	0	9	0	0	0	0	0	0	0	0	0	0
233.200	0	0	0	0	0	0	0	0	0	0	0	0	0	0	0	0	13	0	4	1	0	0	0	0	0	21	0	0	0	0	0	0	0	0	0	0
233.400	0	0	0	0	0	0	0	0	0	0	0	0	0	0	0	0	11	1	13	0	0	0	0	0	0	6	0	2	0	0	0	0	0	0	0	0
233.600	0	0	0	0	0	0	0	0	0	0	0	0	0	0	0	0	9	1	11	1	0	0	0	0	0	7	0	1	0	0	0	0	0	0	0	0
233.800	0	0	0	0	0	0	0	0	0	0	0	0	0	0	0	0	6	0	9	1	0	0	0	0	0	14	0	2	0	0	0	0	0	0	0	0
234.000	0	0	0	0	0	0	0	0	0	0	0	0	0	0	0	0	9	0	6	2	0	0	0	0	0	14	0	0	0	0	0	0	0	0	0	0
234.200	0	0	0	0	0	0	0	0	0	0	0	0	0	0	0	0	17	0	8	2	0	0	0	0	0	13	0	2	0	0	0	0	0	0	0	0
234.400	0	0	0	0	0	0	0	0	0	0	0	0	0	0	0	0	10	0	6	3	0	0	0	0	0	15	0	2	0	0	0	0	0	0	0	0
234.600	0	0	0	0	0	0	0	0	0	0	0	0	0	0	0	0	13	0	7	2	0	0	0	0	0	13	0	0	0	0	0	0	0	0	0	0
234.800	0	0	0	0	0	0	0	0	0	0	0	0	0	0	0	0	7	0	12	0	0	0	1	0	0	16	0	4	0	0	0	0	0	0	0	0
235.000	0	0	0	0	0	0	0	0	0	0	0	0	0	0	0	0	16	0	8	0	0	0	0	0	0	17	0	3	0	0	0	0	0	0	0	0
235.200	0	0	0	0	0	0	0	0	0	0	0	0	0	0	0	0	18	0	8	1	0	0	0	0	0	24	0	1	0	0	0	0	0	0	0	0
235.400	0	0	0	0	0	0	0	0	0	0	0	0	0	0	0	0	19	0	5	0	0	0	0	0	0	15	0	1	0	0	0	0	0	0	0	0
235.600	0	0	0	0	0	0	0	0	0	0	0	0	0	0	0	0	19	0	8	0	0	0	0	0	0	14	0	0	0	0	0	0	0	0	0	0
235.800	0	0	0	0	0	0	0	0	0	0	0	0	0	0	0	0	23	0	7	1	0	0	0	0	0	28	0	1	0	0	0	0	0	0	0	0
236.000	0	0	0	0	0	0	0	0	0	0	0	0	0	0	0	0	13	0	13	1	0	0	1	0	0	23	0	0	0	0	0	0	0	0	0	0
236.200	0	0	0	0	0	0	0	0	0	0	0	0	0	0	0	0	16	0	10	1	0	0	0	0	0	25	0	0	0	0	0	0	0	0	0	0
236.400	0	0	0	0	0	0	0	0	0	0	0	0	0	0	0	0	14	0	11	1	0	0	1	0	0	22	0	0	0	0	0	0	0	0	0	0
236.600	0	0	0	0	0	0	0	0	0	0	0	0	0	0	0	0	10	0	13	2	0	0	0	0	0	22	1	1	0	0	0	0	0	0	0	0
236.800	0	0	0	0	0	0	0	0	0	0	0	0	0	0	0	0	11	0	13	1	0	0	1	0	0	23	1	0	0	0	0	0	0	0	0	0
237.000	0	0	0	0	0	0	0	0	0	0	0	0	0	0	0	0	17	0	14	2	0	0	0	0	0	18	1	1	0	0	0	0	0	0	0	0
237.200	0	0	0	0	0	0	0	0	0	0	0	0	0	0	0	0	19	0	10	1	0	0	0	0	0	20	0	0	0	0	0	0	0	0	0	0
237.400	0	0	0	0	0	0	0	0	0	0	0	0	0	0	0	0	16	0	11	2	0	0	0	0	0	14	0	0	0	0	0	0	0	0	0	0
237.600	0	0	0	0	0	0	0	0	0	0	0	0	0	0	0	0	21	0	3	1	0	0	0	0	0	17	1	0	0	0	0	0	0	0	0	0
237.800	0	0	0	0	0	0	0	0	0	0	0	0	0	0	0	0	15	0	9	1	0	0	0	0	0	31	1	0	0	0	0	0	0	0	0	0
238.000	0	0	0	0	0	0	0	0	0	0	0	0	0	0	0	0	14	0	11	1	0	0	0	0	0	19	0	0	0	0	0	0	0	0	0	0
238.200	0	0	0	0	0	0	0	0	0	0	0	0	0	0	0	0	16	0	13	2	0	0	0	0	0	17	0	1	0	0	0	0	0	0	0	0
238.400	0	0	0	0	0	0	0	0	0	0	0	0	0	0	0	0	17	0	9	1	0	0	0	0	0	24	0	0	0	0	0	0	0	0	0	0
238.600	0	0	0	0	0	0	0	0	0	0	0	0	0	0	0	0	17	0	10	2	0	0	0	0	0	21	1	0	0	0	0	0	0	0	0	1
238.800	0	0	0	0	0	0	0	0	0	0	0	0	0	0	0	0	11	0	11	0	0	0	0	0	0	16	1	0	0	0	0	0	0	0	0	0
239.000	0	0	0	0	0	0	0	0	0	0	0	0	0	0	0	0	14	0	11	1	0	0	0	0	0	26	0	0	0	0	0	0	0	0	0	0
239.200	0	0	0	0	0	0	0	0	0	0	0	0	0	0	0	0	9	0	9	1	0	0	0	0	0	20	0	0	0	0	0	0	0	0	0	1
239.400	0	0	0	0	0	0	0	0	0	0	0	0	0	0	0	0	16	0	9	2	0	0	0	0	0	24	0	0	0	0	0	0	0	0	0	1
239.600	0	0	0	0	0	0	0	0	0	0	0	0	0	0	0	0	14	0	11	1	0	0	0	0	0	19	0	0	0	0	0	0	0	0	0	0
239.800	0	0	0	0	0	0	0	0	0	0	0	0	0	0	0	0	17	0	14	1	0	0	0	0	0	29	1	0	0	0	0	0	0	0	0	0
240.000	0	0	0	0	0	0	0	0	0	0	0	0	0	0	0	0	20	0	9	1	0	0	1	0	0	29	0	0	0	0	0	0	0	0	0	1
240.200	0	0	0	0	0	0	0	0	0	0	0	0	0	0	0	0	12	0	8	2	0	0	2	0	0	19	2	0	0	0	0	0	0	0	0	0
240.400	0	0	0	0	0	0	0	0	0	0	0	0	0	0	0	0	17	4	14	1	0	0	0	0	0	28	0	0	0	0	0	0	0	0	0	0
240.600	0	0	0	0	0	0	0	0	0	0	0	0	0	0	0	0	22	0	8	1	0	0	0	0	0	16	0	0	0	0	0	0	0	0	0	0
240.800	0	0	0	0	0	0	0	0	0	0	0	0	0	0	0	0	21	0	14	2	0	0	0	0	0	14	0	0	0	0	0	0	0	0	0	0
241.000	0	0	0	0	0	0	0	0	0	0	0	0	0	0	0	0	12	0	3	1	0	0	0	0	0	23	1	0	0	0	0	0	0	0	0	0
241.200	0	0	0	0	0	0	0	0	0	0	0	0	0	0	0	0	17	0	7	1	0	0	0	0	0	22	0	0	0	0	0	0	0	0	0	0
241.400	0	0	0	0	0	0	0	0	0	0	0	0	0	0	0	0	14	0	12	2	0	0	2	0	0	20	0	0	0	0	0	0	0	0	0	0
241.600	0	0	0	0	0	0	0	0	0	0	0	0	0	0	0	0	16	0	17	1	0	0	0	0	0	13	1	0	0	0	0	0	0	0	0	0
241.800	0	0	0	0	0	0	0	0	0	0	0	0	0	0	0	0	17	0	11	2	0	0	0	0	0	18	1	0	0	0	0	0	0	0	0	0
242.000	0	0	0	0	0	0	0	0	0	0	0	0	0	0	0	0	9	0	9	1	0	0	0	0	0	17	1	0	0	0	0	0	0	0	0	0
242.200	0	0	0	0	0	0	0	0	0	0	0	0	0	0	0	0	10	0	11	2	0	0	0	0	0	19	3	0	0	0	0	0	0	0	0	0
242.400	0	0	0	0	0	0	0	0	0	0	0	0	0	0	0	0	9	0	16	2	0	0	2	0	0	14	1	0	0	0	0	0	0	0	0	0
242.600	0	0	0	0	0	0	0	0	0	0	0	0	0	0	0	0	11	0	8	2	0	0	2	0	0	15	1	0	0	0	0	0	0	0	0	0
242.800	0	0	0	0	0	0	0	0	0	0	0	0	0	0	0	0	18	0	9	1	0	0	2	0	0	12	0	0	0	0	0	0	0	0	0	0
243.000	0	0	0	0	0	0	0	0	0	0	0	0	0	0	0	0	8	0	11	1	0	0	1	0	0	12	0	0	0	0	0	0	0	0	0	0
243.200	0	0	0	0	0	0	0	0	0	0	0	0	0	0	0	0	19	0	12	1	0	0	2	0	0	12	0	0	0	0	0	0	0	0	0	0
243.400	0	0	0	0	0	0	0	0	0	0	0	0	0	0	0	0	12	0	12	1	0	0	2	0	0	15	0	0	0	0	0	0	0	0	0	0
243.600	0	0	0	0	0	0	0	0	0	0	0	0	0	0	0	0	12	0	8	1	0	0	2	0	0	15	0	0	0	0	0	0	0	0	0	0
243.800	0	0	0	0	0	0	0	0	0	0	0	0	0	0	0	0	9	0	6	2	0	0	0	0	0	8	0	0	0	0	0	0	0	0	0	0
244.000	0	0	0	0	0	0	0	0	0	0	0	0	0	0	0	0	15	0	10	2	0	0	1	0	0	17	0	0	0	0	0	0	0	0	0	0
244.200	0	0	0	0	0	0	0	0	0	0	0	0	0	0	0	0	10	0	3	1	0	0	0	0	0	13	0	0	0	0	0	0	0	0	0	0
244.400	0	0	0	0	0	0	0	0	0	0	0	0	0	0	0	0	10	0	7	1	0	0	0	0	0	21	0	0	0	0	0	0	0	0	0	0
244.600	0	0	0	0	0	0	0	0	0	0	0	0	0	0	0	0	7	0	15	1	0	0	0	0	0	29	0	0	0	0	0	0	0	0	0	1
244.800	0	0	0	0	0	0	0	0	0	0	0	0	0	0	0	0	9	0	13	1	0	0	0	0	0	20	0	0	0	0	0	0	0	0	0	0
245.000	0	0	0	0	0	0	0	0	0	0	0	0	0	0	0	0	10	0	13	1	0	0	1	0	0	18	0	0	0	0	0	0	0	0	0	0
245.200	0	0	0	0	0	0	0	0	0	0	0	0	0	0	0	0	5	0	10	1	0	0	0	0	0	19	0	0	0	0	0	0	0	0	0	0
245.400	0	0	0	0	0	0	0	0	0	0	0	0	0	0	0	0	8	0	12	1	0	0	0	0	0	20	0	0	0	0	0	0	0	0	0	1
245.600	0	0	0	0	0	0	0	0	0	0	0	0	0	0	0	0	6	0	5	1	0	0	0	0	0	13	0	0	0	0	0	0	0	0	0	0
245.800	0	0	0	0	0	0	0	0	0	0	0	0	0	0	0	0	5	0	6	0	0	0	0	0	0	13	0	0	0	0	0	0	0	0	0	0
246.000	0	0	0	0	0	0	0	0	0	0	0	0	0	0	0	0	10	0	9	1	0	0	3	0	0	19	0	0	0	0	0	0	0	0	0	0
246.200	0	0	0	0	0	0	0	0	0	0	0	0	0	0	0	0	9	0	12	1	0	0	0	0	0	23	0	0	0	0	0	0	0	0	0	0
246.400	0	0	0	0	0	0	0	0	0	0	0	0	0	0	0	0	8	0	11	2	0	0	0	0	0	19	0	0	0	0	0	0	0	0	0	0
246.600	0	0	0	0	0	0	0	0	0	0	0	0	0	0	0	0	13	0	8	1	0	0	0	0	0	21	0	0	0	0	0	0	0	0	0	0
246.800	0	0	0	0	0	0	0	0	0	0	0	0	0	0	0	0	9	0	13	1	0	0	3	0	0	16	0	0	0	0	0	0	0	0	0	0
247.000	0	0	0	0	0	0	0	0	0	0	0	0	0	0	0	0	10	0	12	1	0	0	3	0	0	16	0	0	0	0	0	0	0	0	0	0
247.200	0	0	0	0	0	0	0	0	0	0	0	0	0	0	0	0	15	0	10	1	0	0	2	0	0	15	0	0	0	0	0	0	0	0	0	0
247.400	0	0	0	0	0	0	0	0	0	0	0	0	0	0	0	0	16	0	11	1	0	0	2	0	0	21	0	0	0	0	0	0	0	0	0	0
247.600	0	0	0	0	0	0	0	0	0	0	0	0	0	0	0	0	15	0	7	0	0	0	2	0	0	25	0	0	0	0	0	0	0	0	0	0
247.800	0	0	0	0	0	0	0	0	0	0	0	0	0	0	0	0	14	0	11	0	0	0	2	0	0	19	0	0	0	0	0	0	0	0	0	0
248.000	0	0	0	0	0	0	0	0	0	0	0	0	0	0	0	0	13	0	14	1	0	0	2	0	0	25	0	0	0	0	0	0	0	0	0	0
248.200	0	0	0	0	0	0	0	0	0	0	0	0	0	0	0	0	15	0	9	1	0	0	1	0	0	24	0	0	0	0	0	0	0	0	0	0
248.400	0	0	0	0	0	0	0	0	0	0	0	0	0	0	0	0	15	0	11	0	0	0	2	0	0	22	0	0	0	0	0	0	0	0	0	0
248.600	0	0	0	0	0	0	0	0	0	0	0	0	0	0	0	0	14	0	11	1	0	0	2	0	0	23	0	0	0	0	0	0	0	0	0	0
248.800	0	0	0	0	0	0	0	0	0	0	0	0	0	0	0	0	16	0	11	1	0	0	2	0	0	15	0	0	0	0	0	0	0	0	0	0
249.000	0	0	0	0	0	0	0	0	0	0	0	0	0	0	0	0	11	0	8	0	0	0	2	0	0	16	0	0	0	0	0	0	0	0	0	0
249.200	0	0	0	0	0	0	0	0	0	0	0	0	0	0	0	0	14	0	6	1	0	0	3	0	0	17	0	0	0	0	0	0	0	0	0	0
249.400	0	0	0	0	0	0	0	0	0	0	0	0	0	0	0	0	21	0	14	0	0	0	2	0	0	21	0	0	0	0	0	0	0	0	0	0
249.600	0	0	0	0	0	0	0	0	0	0	0	0	0	0	0	0	19	0	14	1	0	0	2	0	0	21	0	0	0	0	0	0	0	0	0	0
249.800	0	0	0	0	0	0	0	0	0	0	0	0	0	0	0	0	20	0	11	0	0	0	4	0	0	23	0	0	0	0	0	0	0	0	0	0
250.000	0	0	0	0	0	0	0	0	0	0	0	0	0	0	0	0	18	0	4	0	0	0	3	0	0	23	0	0	0	0	0	0	0	0	0	0
250.200	0	0	0	0	0	0	0	0	0	0	0	0	0	0	0	0	21	0	9	1	0	0	2	0	0	14	0	0	0	0	0	0	0	0	0	0
250.400	0	0	0	0	0	0	0	0	0	0	0	0	0	0	0	0	20	0	9	0	0	0	2	0	0	18	0	0	0	0	0	0	0	0	0	0
250.600	0	0	0	0	0	0	0	0	0	0	0	0	0	0	0	0	10	2	6	1	0	0	2	0	0	15	0	0	0	0	0	0	0	0	0	0
250.800	0	0	0	0	0	0	0	0	0	0	0	0	0	0	0	0	16	0	2	1	0	0	5	0	0	19	0	0	0	0	0	0	0	0	0	0
251.000	0	0	0	0	0	0	0	0	0	0	0	0	0	0	0	0	13	0	7	1	0	0	3	0	0	19	0	0	0	0	0	0	0	0	0	0
251.200	0	0	0	0	0	0	0	0	0	0	0	0	0	0	0	0	8	0	11	1	0	0	3	0	0	17	0	0	0	0	0	0	0	0	0	0
251.400	0	0	0	0	0	0	0	0	0	0	0	0	0	0	0	0	11	0	8	0	0	0	3	0	0	18	0	0	0	0	0	0	0	0	0	0
251.600	0	0	0	0	0	0	0	0	0	0	0	0	0	0	0	0	6	0	5	0	0	0	2	0	0	16	0	0	0	0	0	0	0	0	0	0
251.800	0	0	0	0	0	0	0	0	0	0	0	0	0	0	0	0	9	0	8	0	0	0	3	0	0	26	0	0	0	0	0	0	0	0	0	0
252.000	0	0	0	0	0	0	0	0	0	0	0	0	0	0	0	0	11	0	10	1	0	0	3	0	0	17	0	0	0	0	0	0	0	0	0	0
252.200	0	0	0	0	0	0	0	0	0	0	0	0	0	0	0	0	10	0	9	1	0	0	2	0	0	20	0	0	0	0	0	0	0	0	0	0
252.400	0	0	0	0	0	0	0	0	0	0	0	0	0	0	0	0	6	0	10	1	0	0	3	0	0	15	0	0	0	0	0	0	0	0	0	0
252.600	0	0	0	0	0	0	0	0	0	0	0	0	0	0	0	0	8	0	9	1	0	0	2	0	0	22	0	0	0	0	0	0	0	0	0	0
252.800	0	0	0	0	0	0	0	0	0	0	0	0	0	0	0	0	8	0	9	1	0	0	4	0	0	20	0	0	0	0	0	0	0	0	0	0
253.000	0	0	0	0	0	0	0	0	0	0	0	0	0	0	0	0	6	0	5	0	0	0	2	0	0	25	0	0	0	0	0	0	0	0	0	0
253.200	0	0	0	0	0	0	0	0	0	0	0	0	0	0	0	0	6	0	8	2	0	0	5	0	0	12	0	0	0	0	0	0	0	0	0	0
253.400	0	0	0	0	0	0	0	0	0	0	0	0	0	0	0	0	11	0	7	2	0	0	3	0	0	16	0	0	0	0	0	0	0	0	0	0
253.600	0	0	0	0	0	0	0	0	0	0	0	0	0	0	0	0	12	0	12	2	0	0	4	0	0	22	0	0	0	0	0	0	0	0	0	0
253.800	0	0	0	0	0	0	0	0	0	0	0	0	0	0	0	0	14	0	7	1	0	0	2	0	0	19	0	0	0	0	0	0	0	0	0	0
254.000	0	0	0	0	0	0	0	0	0	0	0	0	0	0	0	0	14	0	8	1	0	0	2	0	0	20	0	0	0	0	0	0	0	0	0	0
254.200	0	0	0	0	0	0	0	0	0	0	0	0	0	0	0	0	10	0	9	2	0	0	2	0	0	12	0	0	0	0	0	0	0	0	0	0
254.400	0	0	0	0	0	0	0	0	0	0	0	0	0	0	0	0	12	0	8	2	0	0	1	0	0	16	0	0	0	0	0	0	0	0	0	0
254.600	0	0	0	0	0	0	0	0	0	0	0	0	0	0	0	0	14	0	11	1	0	0	0	0	0	26	0	0	0	0	0	0	0	0	0	0
254.800	0	0	0	0	0	0	0	0	0	0	0	0	0	0	0	0	17	0	6	3	0	0	0	0	0	15	0	0	0	0	0	0	0	0	0	0
255.000	0	0	0	0	0	0	0	0	0	0	0	0	0	0	0	0	10	0	13	2	0	0	0	0	0	15	0	0	0	0	0	0	0	0	0	0
255.200	0	0	0	0	0	0	0	0	0	0	0	0	0	0	0	0	7	0	8	1	0	0	1	0	0	12	0	0	0	0	0	0	0	0	0	0
255.400	0	0	0	0	0	0	0	0	0	0	0	0	0	0	0	0	13	0	9	2	0	0	0	0	0	18	0	0	0	0	0	0	0	0	0	0
255.600	0	0	0	0	0	0	0	0	0	0	0	0	0	0	0	0	14	0	15	3	0	0	0	0	0	18	0	0	0	0	0	0	0	0	0	0
255.800	0	0	0	0	0	0	0	0	0	0	0	0	0	0	0	0	10	0	10	2	0	0	0	0	0	17	0	0	0	0	0	0	0	0	0	0
256.000	0	0	0	0	0	0	0	0	0	0	0	0	0	0	0	0	9	0	7	2	0	0	0	0	0	19	0	0	0	0	0	0	0	0	0	0
256.200	0	0	0	0	0	0	0	0	0	0	0	0	0	0	0	0	12	0	9	0	0	0	0	0	0	21	0	0	0	0	0	0	0	0	0	0
256.400	0	0	0	0	0	0	0	0	0	0	0	0	0	0	0	0	9	0	13	2	0	0	0	0	0	18	0	0	0	0	0	0	0	0	0	0
256.600	0	0	0	0	0	0	0	0	0	0	0	0	0	0	0	0	13	0	13	2	0	0	0	0	0	21	0	0	0	0	0	0	0	0	0	0
256.800	0	0	0	0	0	0	0	0	0	0	0	0	0	0	0	0	12	0	10	2	0	0	0	0	0	14	0	0	0	0	0	0	0	0	0	0
257.000	0	0	0	0	0	0	0	0	0	0	0	0	0	0	0	0	10	0	15	1	0	0	0	0	0	15	0	0	0	0	0	0	0	0	0	0
257.200	0	0	0	0	0	0	0	0	0	0	0	0	0	0	0	0	15	0	9	1	0	0	0	0	0	23	0	0	0	0	0	0	0	0	0	0
257.400	0	0	0	0	0	0	0	0	0	0	0	0	0	0	0	0	15	0	9	1	0	0	0	0	0	18	0	0	0	0	0	0	0	0	0	0
257.600	0	0	0	0	0	0	0	0	0	0	0	0	0	0	0	0	12	0	13	1	0	0	0	0	0	16	0	0	0	0	0	0	0	0	0	0
257.800	0	0	0	0	0	0	0	0	0	0	0	0	0	0	0	0	19	0	11	1	0	0	0	0	0	21	0	0	0	0	0	0	0	0	0	0
258.000	0	0	0	0	0	0	0	0	0	0	0	0	0	0	0	0	12	0	13	1	0	0	0	0	0	13	0	0	0	0	0	0	0	0	0	0
258.200	0	0	0	0	0	0	0	0	0	0	0	0	0	0	0	0	8	0	6	1	0	0	0	0	0	11	0	0	0	0	0	0	0	0	0	0
258.400	0	0	0	0	0	0	0	0	0	0	0	0	0	0	0	0	10	0	14	1	0	0	0	0	0	11	0	0	0	0	0	0	0	0	0	0
258.600	0	0	0	0	0	0	0	0	0	0	0	0	0	0	0	0	12	2	7	1	0	0	0	0	0	16	0	0	0	0	0	0	0	0	0	0
258.800	0	0	0	0	0	0	0	0	0	0	0	0	0	0	0	0	13	0	8	1	0	0	0	0	0	20	0	0	0	0	0	0	0	0	0	0
259.000	0	0	0	0	0	0	0	0	0	0	0	0	0	0	0	0	18	0	9	1	0	0	0	0	0	19	0	0	0	0	0	0	0	0	0	0
259.200	0	0	0	0	0	0	0	0	0	0	0	0	0	0	0	0	19	0	9	1	0	0	0	0	0	21	0	0	0	0	0	0	0	0	0	0
259.400	0	0	0	0	0	0	0	0	0	0	0	0	0	0	0	0	20	0	7	1	0	0	0	0	0	19	0	0	0	0	0	0	0	0	0	0
259.600	0	0	0	0	0	0	0	0	0	0	0	0	0	0	0	0	10	1	9	0	0	0	0	0	0	19	0	0	0	0	0	0	0	0	0	0
259.800	0	0	0	0	0	0	0	0	0	0	0	0	0	0	0	0	16	0	6	1	0	0	0	0	0	17	0	0	0	0	0	0	0	0	0	0
260.000	0	0	0	0	0	0	0	0	0	0	0	0	0	0	0	0	12	2	9	1	0	0	0	0	0	26	0	0	0	0	0	0	0	0	0	0
260.200	0	0	0	0	0	0	0	0	0	0	0	0	0	0	0	0	14	2	10	1	0	0	0	0	0	26	0	0	0	0	0	0	0	0	0	0
260.400	0	0	0	0	0	0	0	0	0	0	0	0	0	0	0	0	8	3	10	0	0	0	0	0	0	23	0	0	0	0	0	0	0	0	0	0
260.600	0	0	0	0	0	0	0	0	0	0	0	0	0	0	0	0	12	1	12	1	0	0	0	0	0	20	0	0	0	0	0	0	0	0	0	0
260.800	0	0	0	0	0	0	0	0	0	0	0	0	0	0	0	0	14	0	3	1	0	0	0	0	0	21	0	0	0	0	0	0	0	0	0	0
261.000	0	0	0	0	0	0	0	0	0	0	0	0	0	0	0	0	16	1	13	1	0	0	0	0	0	13	0	0	0	0	0	0	0	0	0	0
261.200	0	0	0	0	0	0	0	0	0	0	0	0	0	0	0	0	13	0	13	1	0	0	0	0	0	20	0	0	0	0	0	0	0	0	0	0
261.400	0	0	0	0	0	0	0	0	0	0	0	0	0	0	0	0	17	0	16	0	0	0	0	0	0	5	0	0	0	0	0	0	0	0	0	0
261.600	0	0	0	0	0	0	0	0	0	0	0	0	0	0	0	0	15	0	14	1	0	0	0	0	0	10	0	0	0	0	0	0	0	0	0	0
261.800	0	0	0	0	0	0	0	0	0	0	0	0	0	0	0	0	17	0	9	1	0	0	0	0	0	11	0	0	0	0	0	0	0	0	0	0
262.000	0	0	0	0	0	0	0	0	0	0	0	0	0	0	0	0	16	0	9	1	0	0	0	0	0	9	0	0	0	0	0	0	0	0	0	0
262.200	0	0	0	0	0	0	0	0	0	0	0	0	0	0	0	0	9	0	11	1	0	0	0	0	0	21	0	0	0	0	0	0	0	0	0	0
262.400	0	0	0	0	0	0	0	0	0	0	0	0	0	0	0	0	13	0	9	0	0	0	0	0	0	14	0	0	0	0	0	0	0	0	0	0
262.600	0	0	0	0	0	0	0	0	0	0	0	0	0	0	0	0	9	1	9	1	0	0	0	0	0	16	0	0	0	0	0	0	0	0	0	1
262.800	0	0	0	0	0	0	0	0	0	0	0	0	0	0	0	0	15	0	6	2	0	0	0	0	0	11	0	0	0	0	0	0	0	0	0	0
263.000	0	0	0	0	0	0	0	0	0	0	0	0	0	0	0	0	14	0	6	1	0	0	0	0	0	20	0	0	0	0	0	0	0	0	0	0
263.200	0	0	0	0	0	0	0	0	0	0	0	0	0	0	0	0	8	0	8	1	0	0	0	0	0	19	0	0	0	0	0	0	0	0	0	0
263.400	0	0	0	0	0	0	0	0	0	0	0	0	0	0	0	0	14	0	13	0	0	0	0	0	0	17	0	0	0	0	0	0	0	0	0	0
263.600	0	0	0	0	0	0	0	1	0	0	0	0	0	0	0	0	15	0	9	0	0	0	0	0	0	20	0	0	0	0	0	0	0	0	0	0
263.800	0	0	0	0	0	0	0	0	0	0	0	0	0	0	0	0	15	0	9	1	0	0	0	0	0	19	0	0	0	0	0	0	0	0	0	0
264.000	0	0	0	0	0	0	0	0	0	0	0	0	0	0	0	0	12	1	13	0	0	0	0	0	0	13	0	0	0	0	0	0	0	0	0	0
264.200	0	0	0	0	0	0	0	0	0	0	0	0	0	0	0	0	16	1	10	1	0	0	0	0	0	12	0	0	0	0	0	0	0	0	0	0
264.400	0	0	0	0	0	0	0	0	0	0	0	0	0	0	0	0	15	0	13	1	0	0	0	0	0	11	0	0	0	0	0	0	0	0	0	0
264.600	0	0	0	0	0	0	0	0	0	0	0	0	0	0	0	0	16	0	13	1	0	0	0	0	0	14	0	0	0	0	0	0	0	0	0	0
264.800	0	0	0	0	0	0	0	0	0	0	0	0	0	0	0	0	14	0	6	1	0	0	2	0	0	8	0	0	0	0	0	0	0	0	0	0
265.000	0	0	0	0	0	0	0	0	0	0	0	0	0	0	0	0	17	1	6	1	0	0	0	0	0	8	1	0	0	0	0	0	0	0	0	0
265.200	0	0	0	0	0	0	0	0	0	0	0	0	0	0	0	0	16	0	10	0	0	0	0	0	0	12	0	0	0	0	0	0	0	0	0	0
265.400	0	0	0	0	0	0	0	0	0	0	0	0	0	0	0	0	14	1	10	1	0	0	2	0	0	8	2	0	0	0	0	0	0	0	0	0
265.600	0	0	0	0	0	0	0	0	0	0	0	0	0	0	0	0	10	1	12	0	0	0	0	0	0	14	0	0	0	0	0	0	0	0	0	0
265.800	0	0	0	0	0	0	0	0	0	0	0	0	0	0	0	0	13	0	8	1	0	0	1	0	0	13	0	0	0	0	0	0	0	0	0	0
266.000	0	0	0	0	0	0	0	0	0	0	0	0	0	0	0	0	16	0	6	0	0	0	0	0	0	9	0	0	0	0	0	0	0	0	0	0
266.200	0	0	0	0	0	0	0	0	0	0	0	0	0	0	0	0	10	0	12	0	0	0	0	0	0	11	0	0	0	0	0	0	0	0	0	0
266.400	0	0	0	0	0	0	0	0	0	0	0	0	0	0	0	0	15	0	14	0	0	0	1	0	0	9	0	0	0	0	0	0	0	0	0	0
266.600	0	0	0	0	0	0	0	0	0	0	0	0	0	0	0	0	19	0	10	1	0	0	2	0	0	5	0	0	0	0	0	0	0	0	0	0
266.800	0	0	0	0	0	0	0	0	0	0	0	0	0	0	0	0	12	0	7	1	0	0	0	0	0	9	0	0	0	0	0	0	0	0	0	0
267.000	0	0	0	0	0	0	0	0	0	0	0	0	0	0	0	0	8	0	6	0	0	0	1	0	0	8	0	0	0	0	0	0	0	0	0	0
267.200	0	0	0	0	0	0	0	0	0	0	0	0	0	0	0	0	13	0	4	1	0	0	0	0	0	7	0	0	0	0	0	0	0	0	0	1
267.400	0	0	0	0	0	0	0	0	0	0	0	0	0	0	0	0	15	0	13	1	0	0	0	0	0	9	0	0	0	0	0	0	0	0	0	0
267.600	0	0	0	0	0	0	0	0	0	0	0	0	0	0	0	0	16	0	9	1	0	0	0	0	0	7	0	0	0	0	0	0	0	0	0	0
267.800	0	0	0	0	0	0	0	0	0	0	0	0	0	0	0	0	14	0	5	1	0	0	0	0	0	11	0	0	0	0	0	0	0	0	0	0
268.000	0	0	0	0	0	0	0	0	0	0	0	0	0	0	0	0	15	0	8	0	0	0	0	0	0	8	1	0	0	0	0	0	0	0	0	0
268.200	0	0	0	0	0	0	0	0	0	0	0	0	0	0	0	0	7	0	8	0	0	0	0	0	0	10	0	0	0	0	0	0	0	0	0	0
268.400	0	0	0	0	0	0	0	0	0	0	0	0	0	0	0	0	16	0	14	1	0	0	0	0	0	8	0	0	0	0	0	0	0	0	0	0
268.600	0	0	0	0	0	0	0	0	0	0	0	0	0	0	0	0	14	0	19	1	0	0	0	0	0	8	0	0	0	0	0	0	0	0	0	0
268.800	0	0	0	0	0	0	0	0	0	0	0	0	0	0	0	0	15	0	12	1	0	0	0	0	0	10	0	0	0	0	0	0	0	0	0	0
269.000	0	0	0	0	0	0	0	0	0	0	0	0	0	0	0	0	17	0	12	2	0	0	0	0	0	11	0	0	0	0	0	0	0	0	0	1
269.200	0	0	0	0	0	0	0	0	0	0	0	0	0	0	0	0	8	0	13	2	0	0	0	0	0	11	0	0	0	0	0	0	0	0	0	0
269.400	0	0	0	0	0	0	0	0	0	0	0	0	0	0	0	0	9	0	18	1	0	0	0	0	0	16	0	0	0	0	0	0	0	0	0	0
269.600	0	0	0	0	0	0	0	0	0	0	0	0	0	0	0	0	7	0	6	1	0	0	0	0	0	13	0	0	0	0	0	0	0	0	0	2
269.800	0	0	0	0	0	0	0	0	0	0	0	0	0	0	0	0	16	0	7	3	0	0	2	0	0	11	0	0	0	0	0	0	0	0	0	1
270.000	0	0	0	0	0	0	0	3	0	0	0	0	0	0	0	0	11	0	12	2	0	0	0	0	0	10	0	0	0	0	0	0	0	0	0	0
270.200	0	0	0	0	0	0	0	1	0	0	0	0	0	0	0	0	19	0	10	2	0	0	0	0	0	12	0	0	0	0	0	0	0	0	0	0
270.400	0	0	0	0	0	0	0	4	0	0	0	0	0	0	0	0	16	0	14	2	0	0	0	0	0	10	0	0	0	0	0	0	0	0	0	0
270.600	0	0	0	0	0	0	0	2	0	0	0	0	0	0	0	0	12	0	13	2	0	0	1	0	0	9	0	0	0	0	0	0	0	0	0	0
270.800	0	0	0	0	0	0	0	3	0	0	0	0	0	0	0	0	14	0	18	2	0	0	1	0	0	12	0	0	0	0	0	0	0	0	0	0
271.000	0	0	0	0	0	0	0	4	0	0	0	0	0	0	0	0	17	0	15	1	0	0	0	0	0	12	0	0	0	0	0	0	0	0	0	0
271.200	0	0	0	0	0	0	0	2	0	0	0	0	0	0	0	0	8	0	16	3	0	0	0	0	0	8	0	0	0	0	0	0	0	0	0	0
271.400	0	0	0	0	0	0	0	4	0	0	0	0	0	0	0	0	13	0	4	2	0	0	0	0	0	9	0	0	0	0	0	0	0	0	0	0
271.600	0	0	0	0	0	0	0	4	0	0	0	0	0	0	0	0	15	0	11	2	0	0	0	0	0	20	0	0	0	0	0	0	0	0	0	0
271.800	0	0	0	0	0	0	0	3	0	0	0	0	0	0	0	0	15	0	7	2	0	0	0	0	0	8	0	0	0	0	0	0	0	0	0	0
272.000	0	0	0	0	0	0	0	2	0	0	0	0	0	0	0	0	13	0	9	2	0	0	0	0	0	6	0	0	0	0	0	0	0	0	0	0
272.200	0	0	0	0	0	0	0	3	0	0	0	0	0	0	0	0	19	0	10	3	0	0	0	0	0	12	0	0	0	0	0	0	0	0	0	0
272.400	0	0	0	0	0	0	0	1	0	0	0	0	0	0	0	0	10	0	17	2	0	0	0	0	0	11	0	0	0	0	0	0	0	0	0	0
272.600	0	0	0	0	0	0	0	1	0	0	0	0	0	0	0	0	10	0	4	0	0	0	0	0	0	15	0	0	0	0	0	0	0	0	0	0
272.800	0	0	0	0	0	0	0	4	0	0	0	0	0	0	0	0	11	0	10	2	0	0	0	0	0	8	0	0	0	0	0	0	0	0	0	1
273.000	0	0	0	0	0	0	0	3	0	0	0	0	0	0	0	0	10	0	11	1	0	0	0	0	0	10	0	0	0	0	0	0	0	0	0	0
273.200	0	0	0	0	0	0	0	3	0	0	0	0	0	0	0	0	14	0	10	5	0	0	0	0	0	21	0	0	0	0	0	0	0	0	0	0
273.400	0	0	0	0	0	0	0	4	0	0	0	0	0	0	0	0	12	0	10	3	0	0	0	0	0	17	0	0	0	0	0	0	0	0	0	0
273.600	0	0	0	0	0	0	0	1	0	0	0	0	0	0	0	0	12	0	5	2	0	0	0	0	0	25	0	0	0	0	0	0	0	0	0	0
273.800	0	0	0	0	0	0	0	0	0	0	0	0	0	0	0	0	2	0	2	0	0	0	0	0	0	17	0	0	0	0	0	0	0	0	0	0
274.000	0	0	0	0	0	0	0	0	0	0	0	0	0	0	0	0	10	0	11	0	0	0	0	0	0	18	0	0	0	0	0	0	0	0	0	1
274.200	0	0	0	0	0	0	0	0	0	0	0	0	0	0	0	0	10	0	8	0	0	0	0	0	0	16	0	0	0	0	0	0	0	0	0	2
274.400	0	0	0	0	0	0	0	0	0	0	0	0	0	0	0	0	9	0	10	1	0	0	0	0	0	16	0	0	0	0	0	0	0	0	0	1
274.600	0	0	0	0	0	0	0	0	0	0	0	0	0	0	0	0	9	0	5	1	0	0	0	0	0	23	0	0	0	0	0	0	0	0	0	0
274.800	0	0	0	0	0	0	0	1	0	0	0	0	0	0	0	0	10	0	11	2	0	0	0	0	0	20	0	0	0	0	0	0	0	0	0	0
275.000	0	0	0	0	0	0	0	0	0	0	0	0	0	0	0	0	15	0	12	2	0	0	0	0	0	24	0	0	0	0	0	0	0	0	0	1
275.200	0	0	0	0	0	0	0	1	0	0	0	0	0	0	0	0	14	0	9	2	0	0	1	0	0	21	0	0	0	0	0	0	0	0	0	0
275.400	0	0	0	0	0	0	0	0	0	0	0	0	0	0	0	0	4	0	5	0	0	0	0	0	0	24	0	0	0	0	0	0	0	0	0	0
275.600	0	0	0	0	0	0	0	0	0	0	0	0	0	0	0	0	10	0	7	2	0	0	0	0	0	24	0	0	0	0	0	0	0	0	0	0
275.800	0	0	0	0	0	0	0	0	0	0	0	0	0	0	0	0	14	0	4	3	0	0	0	0	0	22	0	0	0	0	0	0	0	0	0	0
276.000	0	0	0	0	0	0	0	1	0	0	0	0	0	0	0	0	15	0	9	3	0	0	0	0	0	16	1	0	0	0	0	0	0	0	0	0
276.200	0	0	0	0	0	0	0	1	0	0	0	0	0	0	0	0	6	0	9	2	0	0	0	0	0	21	0	0	0	0	0	0	0	0	0	0
276.400	0	0	0	0	0	0	0	3	0	0	0	0	0	0	0	0	8	2	14	0	0	0	0	0	0	16	0	0	0	0	0	0	0	0	0	0
276.600	0	0	0	0	0	0	0	2	0	0	0	0	0	0	0	0	9	0	4	2	0	0	0	0	0	19	0	0	0	0	0	0	0	0	0	0
276.800	0	0	0	0	0	0	0	1	0	0	0	0	0	0	0	0	11	0	11	1	0	0	0	0	0	19	0	0	0	0	0	0	0	0	0	0
277.000	0	0	0	0	0	0	0	3	0	0	0	0	0	0	0	0	11	0	7	3	0	0	0	0	0	10	0	0	0	0	0	0	0	0	0	0
277.200	0	0	0	0	0	0	0	6	0	0	0	0	0	0	0	0	12	0	10	3	0	0	0	0	0	22	0	0	0	0	0	0	0	0	0	0
277.400	0	0	0	0	0	0	0	9	0	0	0	0	0	0	0	0	14	0	13	1	0	0	2	0	0	21	1	0	0	0	0	0	0	0	0	0
277.600	0	0	0	0	0	0	0	8	0	0	0	0	0	0	0	0	19	0	7	1	0	0	0	0	0	23	0	0	0	0	0	0	0	0	0	1
277.800	0	0	0	0	0	0	0	5	0	0	0	0	0	0	0	0	11	1	9	1	0	0	0	0	0	18	0	0	0	0	0	0	0	0	0	0
278.000	0	0	0	0	0	0	0	8	0	0	0	0	0	0	0	0	23	0	5	1	0	0	0	0	0	24	0	0	0	0	0	0	0	0	0	0
278.200	0	0	0	0	0	0	0	8	0	0	0	0	0	0	0	0	14	0	8	1	0	0	0	0	0	10	0	0	0	0	0	0	0	0	0	0
278.400	0	0	0	0	0	0	0	7	0	0	0	0	0	0	0	0	13	0	7	1	0	0	0	0	0	16	2	0	0	0	0	0	0	0	0	0
278.600	0	0	0	0	0	0	0	6	0	0	0	0	0	0	0	0	18	0	7	2	0	0	0	0	0	21	1	0	0	0	0	0	0	0	0	0
278.800	0	0	0	0	0	0	0	8	0	0	0	0	0	0	0	0	14	0	13	3	0	0	0	0	0	24	0	0	0	0	0	0	0	0	0	0
279.000	0	0	0	0	0	0	0	8	0	0	0	0	0	0	0	0	13	0	10	1	0	0	0	0	0	17	0	0	0	0	0	0	0	0	0	0
279.200	0	0	0	0	0	0	0	6	0	0	0	0	0	0	0	0	14	0	10	1	0	0	0	0	0	17	2	0	0	0	0	0	0	0	0	0
279.400	0	0	0	0	0	0	0	8	0	0	0	0	0	0	0	0	15	0	10	1	0	0	0	0	0	23	5	0	0	0	0	0	0	0	0	0
279.600	0	0	0	0	0	0	0	8	0	0	0	0	0	0	0	0	5	0	7	1	0	0	0	0	0	21	3	0	0	0	0	0	0	0	0	0
279.800	0	0	0	0	0	0	0	8	0	0	0	0	0	0	0	0	13	0	7	1	0	0	0	0	0	21	5	0	0	0	0	0	0	0	0	0
280.000	0	0	0	0	0	0	0	8	0	0	0	0	0	0	0	0	13	0	10	1	0	0	0	0	0	23	2	0	0	0	0	0	0	0	0	0
280.200	0	0	0	0	0	0	0	8	0	0	0	0	0	0	0	0	16	0	10	1	0	0	0	0	0	17	4	0	0	0	0	0	0	0	0	0
280.400	0	0	0	0	0	0	0	8	0	0	0	0	0	0	0	0	17	0	12	1	0	0	0	0	0	19	3	0	0	0	0	0	0	0	0	0
280.600	0	0	0	0	0	0	0	8	0	0	0	0	0	0	0	0	15	0	15	2	0	0	0	0	0	16	2	0	0	0	0	0	0	0	0	0
280.800	0	0	0	0	0	0	0	8	0	0	0	0	0	0	0	0	14	0	11	3	0	0	0	0	0	17	3	0	0	0	0	0	0	0	0	0
281.000	0	0	0	0	0	0	0	8	0	0	0	0	0	0	0	0	12	0	13	0	0	0	0	0	0	9	3	0	0	0	0	0	0	0	0	0
281.200	0	0	0	0	0	0	0	9	0	0	0	0	0	0	0	0	10	0	7	1	0	0	0	0	0	12	2	0	0	0	0	0	0	0	0	0
281.400	0	0	0	0	0	0	0	8	0	0	0	0	0	0	0	0	14	1	9	0	0	0	0	0	0	23	0	0	0	0	0	0	0	0	0	0
281.600	0	0	0	0	0	0	0	8	0	0	0	0	0	0	0	0	11	0	9	1	0	0	0	0	0	11	0	0	0	0	0	0	0	0	0	0
281.800	0	0	0	0	0	0	0	8	0	0	0	0	0	0	0	0	16	1	9	0	0	0	0	0	0	17	0	0	0	0	0	0	0	0	0	0
282.000	0	0	0	0	0	0	0	8	0	0	0	0	0	0	0	0	12	0	6	0	0	0	0	0	0	11	0	0	0	0	0	0	0	0	0	0
282.200	0	0	0	0	0	0	0	6	0	0	0	0	0	0	0	0	16	0	14	0	0	0	0	0	0	16	0	0	0	0	0	0	0	0	0	0
282.400	0	0	0	0	0	0	0	5	0	0	0	0	0	0	0	0	20	0	9	1	0	0	0	0	0	14	0	0	0	0	0	0	0	0	0	0
282.600	0	0	0	0	0	0	0	8	0	0	0	0	0	0	0	0	13	0	4	1	0	0	0	0	0	20	0	0	0	0	0	0	0	0	0	0
282.800	0	0	0	0	0	0	0	5	0	0	0	0	0	0	0	0	16	0	11	0	0	0	0	0	0	13	0	0	0	0	0	0	0	0	0	0
283.000	0	0	0	0	0	0	0	5	0	0	0	0	0	0	0	0	13	0	10	1	0	0	0	0	0	16	0	0	0	0	0	0	0	0	0	0
283.200	0	0	0	0	0	0	0	3	0	0	0	0	0	0	0	0	18	0	10	1	0	0	0	0	0	23	0	0	0	0	0	0	0	0	0	0
283.400	0	0	0	0	0	0	0	5	0	0	0	0	0	0	0	0	9	0	11	0	0	0	0	0	0	26	0	0	0	0	0	0	0	0	0	0
283.600	0	0	0	0	0	0	0	5	0	0	0	0	0	0	0	0	15	0	8	0	0	0	0	0	0	10	0	0	0	0	0	0	0	0	0	0
283.800	0	0	0	0	0	0	0	5	0	0	0	0	0	0	0	0	10	0	11	1	0	0	0	0	0	19	0	0	0	0	0	0	0	0	0	0
284.000	0	0	0	0	0	0	0	5	0	0	0	0	0	0	0	0	14	0	5	2	0	0	0	0	0	20	0	0	0	0	0	0	0	0	0	0
284.200	0	0	0	0	0	0	0	5	0	0	0	0	0	0	0	0	15	0	7	0	0	0	0	0	0	22	0	0	0	0	0	0	0	0	0	0
284.400	0	0	0	0	0	0	0	8	0	0	0	0	0	0	0	0	17	0	13	0	0	0	0	0	0	23	0	0	0	0	0	0	0	0	0	0
284.600	0	0	0	0	0	0	0	6	0	0	0	0	0	0	0	0	18	0	6	0	0	0	0	0	0	20	0	0	0	0	0	0	0	0	0	0
284.800	0	0	0	0	0	0	0	6	0	0	0	0	0	0	0	0	19	1	14	1	0	0	0	0	0	19	0	0	0	0	0	0	0	0	0	0
285.000	0	0	0	0	0	0	0	9	0	0	0	0	0	0	0	0	14	0	13	2	0	0	0	0	0	20	0	0	0	0	0	0	0	0	0	0
285.200	0	0	0	0	0	0	0	5	0	0	0	0	0	0	0	0	12	0	15	1	0	0	0	0	0	25	0	0	0	0	0	0	0	0	0	0
285.400	0	0	0	0	0	0	0	6	0	0	0	0	0	0	0	0	12	0	13	0	0	0	0	0	0	19	0	0	0	0	0	0	0	0	0	0
285.600	0	0	0	0	0	0	0	5	0	0	0	0	0	0	0	0	13	0	11	1	0	0	0	0	0	20	0	0	0	0	0	0	0	0	0	0
285.800	0	0	0	0	0	0	0	5	0	0	0	0	0	0	0	0	13	0	6	3	0	0	0	0	0	16	0	0	0	0	0	0	0	0	0	0
286.000	0	0	0	0	0	0	0	8	0	0	0	0	0	0	0	0	13	0	9	0	0	0	0	0	0	21	0	0	0	0	0	0	0	0	0	0
286.200	0	0	0	0	0	0	0	8	0	0	0	0	0	0	0	0	12	1	7	1	0	0	0	0	0	13	0	0	0	0	0	0	0	0	0	0
286.400	0	0	0	0	0	0	0	5	0	0	0	0	0	0	0	0	14	1	10	3	0	0	0	0	0	21	0	0	0	0	0	0	0	0	0	0
286.600	0	0	0	0	0	0	0	5	1	0	0	0	0	0	0	0	16	2	9	0	0	0	0	0	0	16	0	0	0	0	0	0	0	0	0	0
286.800	0	0	0	0	0	0	0	7	1	0	0	0	0	0	0	0	13	1	14	1	0	0	0	0	0	20	0	0	0	0	0	0	0	0	0	0
287.000	0	0	0	0	0	0	0	7	0	0	0	0	0	0	0	0	14	0	16	3	0	0	0	0	0	18	0	0	0	0	0	0	0	0	0	0
287.200	0	0	0	0	0	0	0	8	1	0	0	0	0	0	0	0	11	0	12	0	0	0	0	0	0	15	0	0	0	0	0	0	0	0	0	0
287.400	0	0	0	0	0	0	0	6	1	0	0	0	0	0	0	0	15	1	13	1	0	0	0	0	0	22	0	0	0	0	0	0	0	0	0	0
287.600	0	0	0	0	0	0	0	8	0	0	0	0	0	0	0	0	12	2	10	2	0	0	0	0	0	23	0	0	0	0	0	0	0	0	0	0
287.800	0	0	0	0	0	0	0	4	0	0	0	0	0	0	0	0	14	1	7	2	0	0	0	0	0	17	0	0	0	0	0	0	0	0	0	0
288.000	0	0	0	0	0	0	0	5	0	0	0	0	0	0	0	0	12	0	9	1	0	0	0	0	0	16	0	0	0	0	0	0	0	0	0	0
288.200	0	0	0	0	0	0	0	1	0	0	0	0	0	0	0	0	20	0	10	1	0	0	0	0	0	19	0	0	0	0	0	0	0	0	0	0
288.400	0	0	0	0	0	0	0	5	0	0	0	0	0	0	0	0	18	0	12	1	0	0	0	0	0	20	0	0	0	0	0	0	0	0	0	0
288.600	0	0	0	0	0	0	0	3	0	0	0	0	0	0	0	0	16	0	11	1	0	0	0	0	0	9	0	0	0	0	0	0	0	0	0	0
288.800	0	0	0	0	0	0	0	5	0	0	0	0	0	0	0	0	12	0	12	1	0	0	0	0	0	20	0	0	0	0	0	0	0	0	0	0
289.000	0	0	0	0	0	0	0	5	0	0	0	0	0	0	0	0	10	0	17	2	0	0	0	0	0	17	0	0	0	0	0	0	0	0	0	0
289.200	0	0	0	0	0	0	0	5	0	0	0	0	0	0	0	0	13	0	13	2	0	0	0	0	0	19	0	0	0	0	0	0	0	0	0	0
289.400	0	0	0	0	0	0	0	3	0	0	0	0	0	0	0	0	17	0	10	2	0	0	0	0	0	19	0	0	0	0	0	0	0	0	0	0
289.600	0	0	0	0	0	0	0	3	0	0	0	0	0	0	0	0	16	0	5	3	0	0	0	0	0	17	0	0	0	0	0	0	0	0	0	0
289.800	0	0	0	0	0	0	0	3	0	0	0	0	0	0	0	0	17	0	9	2	0	0	0	0	0	20	0	0	0	0	0	0	0	0	0	0
290.000	0	0	0	0	0	0	0	5	0	0	0	0	0	0	0	0	18	0	12	0	0	0	0	0	0	21	0	0	0	0	0	0	0	0	0	0
290.200	0	0	0	0	0	0	0	5	0	0	0	0	0	0	0	0	12	0	13	3	0	0	0	0	0	20	0	0	0	0	0	0	0	0	0	0
290.400	0	0	0	0	0	0	0	5	0	0	0	0	0	0	0	0	17	0	10	2	0	0	0	0	0	24	0	0	0	0	0	0	0	0	0	0
290.600	0	0	0	0	0	0	0	5	0	0	0	0	0	0	0	0	16	0	14	2	0	0	0	0	0	23	0	0	0	0	0	0	0	0	0	0
290.800	0	0	0	0	0	0	0	3	0	0	0	0	0	0	0	0	17	0	9	1	0	0	0	0	0	16	0	0	0	0	0	0	0	0	0	0
291.000	0	0	0	0	0	0	0	5	0	0	0	0	0	0	0	0	9	0	10	1	0	0	0	0	0	22	0	0	0	0	0	0	0	0	0	0
291.200	0	0	0	0	0	0	0	8	0	0	0	0	0	0	0	0	13	0	8	1	0	0	0	0	0	20	0	0	0	0	0	0	0	0	0	0
291.400	0	0	0	0	0	0	0	5	0	0	0	0	0	0	0	0	18	0	14	1	0	0	0	0	0	18	0	0	0	0	0	0	0	0	0	0
291.600	0	0	0	0	0	0	0	7	0	0	0	0	0	0	0	0	18	0	12	1	0	0	0	0	0	20	0	0	0	0	0	0	0	0	0	0
291.800	0	0	0	0	0	0	0	5	0	0	0	0	0	0	0	0	23	0	7	3	0	0	0	0	0	21	0	0	0	0	0	0	0	0	0	0
292.000	0	0	0	0	0	0	0	8	0	0	0	0	0	0	0	0	15	0	3	1	0	0	0	0	0	11	0	0	0	0	0	0	0	0	0	0
292.200	0	0	0	0	0	0	0	4	0	0	0	0	0	0	0	0	14	0	7	3	0	0	0	0	0	13	0	0	0	0	0	0	0	0	0	1
292.400	0	0	0	0	0	0	0	6	0	0	0	0	0	0	0	0	15	0	9	2	0	0	0	0	0	25	0	0	0	0	0	0	0	0	0	1
292.600	0	0	0	0	0	0	0	8	0	0	0	0	0	0	0	0	21	0	5	1	0	0	0	0	0	14	0	0	0	0	0	0	0	0	0	0
292.800	0	0	0	0	0	0	0	4	0	0	0	0	0	0	0	0	11	0	17	1	0	0	0	0	0	6	0	0	0	0	0	0	0	0	0	0
293.000	0	0	0	0	0	0	0	4	0	0	0	0	0	0	0	0	16	0	15	2	0	0	0	0	0	16	0	0	0	0	0	0	0	0	0	0
293.200	0	0	0	0	0	0	0	3	0	0	0	0	0	0	0	0	14	1	6	1	0	0	0	0	0	17	0	0	0	0	0	0	0	0	0	0
293.400	0	0	0	0	0	0	0	1	0	0	0	0	0	0	0	0	12	0	14	1	0	0	1	0	0	15	0	0	0	0	0	0	0	0	0	0
293.600	0	0	0	0	0	0	0	4	0	0	0	0	0	0	0	0	13	0	12	1	0	0	0	0	0	15	0	0	0	0	0	0	0	0	0	0
293.800	0	0	0	0	0	0	0	4	0	0	0	0	0	0	0	0	11	0	16	1	0	0	0	0	0	20	0	0	0	0	0	0	0	0	0	0
294.000	0	0	0	0	0	0	0	7	0	0	0	0	0	0	0	0	20	0	9	0	0	0	0	0	0	24	0	0	0	0	0	0	0	0	0	1
294.200	0	0	0	0	0	0	0	6	0	0	0	0	0	0	0	0	15	0	15	1	0	0	0	0	0	24	0	0	0	0	0	0	0	0	0	0
294.400	0	0	0	0	0	0	0	8	0	0	0	0	0	0	0	0	17	0	9	0	0	0	0	0	0	24	0	0	0	0	0	0	0	0	0	0
294.600	0	0	0	0	0	0	0	4	0	0	0	0	0	0	0	0	13	0	14	1	0	0	0	0	0	20	0	0	0	0	0	0	0	0	0	0
294.800	0	0	0	0	0	0	0	8	0	0	0	0	0	0	0	0	14	0	12	1	0	0	0	0	0	22	0	0	0	0	0	0	0	0	0	0
295.000	0	0	0	0	0	0	0	6	0	0	0	0	0	0	0	0	16	0	12	0	0	0	0	0	0	19	0	0	0	0	0	0	0	0	0	0
295.200	0	0	0	0	0	0	0	8	0	0	0	0	0	0	0	0	14	0	12	1	0	0	0	0	0	23	0	0	0	0	0	0	0	0	0	0
295.400	0	0	0	0	0	0	0	4	0	0	0	0	0	0	0	0	11	0	8	1	0	0	0	0	0	20	0	0	0	0	0	0	0	0	0	0
295.600	0	0	0	0	0	0	0	5	0	0	0	0	0	0	0	0	8	0	7	1	0	0	0	0	0	20	0	0	0	0	0	0	0	0	0	0
295.800	0	0	0	0	0	0	0	4	0	0	0	0	0	0	0	0	11	0	13	1	0	0	0	0	0	23	0	0	0	0	0	0	0	0	0	1
296.000	0	0	0	0	0	0	0	2	0	0	0	0	0	0	0	0	19	0	14	1	0	0	0	0	0	17	0	0	0	0	0	0	0	0	0	0
296.200	0	0	0	0	0	0	0	3	0	0	0	0	0	0	0	0	10	0	14	0	0	0	0	0	0	19	0	0	0	0	0	0	0	0	0	0
296.400	0	0	0	0	0	0	0	7	0	0	0	0	0	0	0	0	12	0	15	0	0	0	0	0	0	12	0	0	0	0	0	0	0	0	0	1
296.600	0	0	0	0	0	0	0	7	0	0	0	0	0	0	0	0	12	0	11	1	0	0	0	0	0	21	0	0	0	0	0	0	0	0	0	0
296.800	0	0	0	0	0	0	0	9	0	0	0	0	0	0	0	0	14	0	11	1	0	0	0	0	0	15	0	0	0	0	0	0	0	0	0	0
297.000	0	0	0	0	0	0	0	10	0	0	0	0	0	0	0	0	15	0	14	1	0	0	0	0	0	26	0	0	0	0	0	0	0	0	0	0
297.200	0	0	0	0	0	0	0	13	0	0	0	0	0	0	0	0	17	0	15	1	0	0	0	0	0	22	2	0	0	0	0	0	0	0	0	0
297.400	0	0	0	0	0	0	0	13	0	0	0	0	0	0	0	0	17	0	11	1	0	0	0	0	0	19	2	0	0	0	0	0	0	0	0	0
297.600	0	0	0	0	0	0	0	8	0	0	0	0	0	0	0	0	13	0	10	1	0	0	0	0	0	20	6	0	0	0	0	0	0	0	0	0
297.800	0	0	0	0	0	0	0	7	0	0	0	0	0	0	0	0	17	0	15	2	0	0	0	0	0	21	3	0	0	0	0	0	0	0	0	0
298.000	0	0	0	0	0	0	0	7	0	0	0	0	0	0	0	0	15	0	10	1	0	0	0	0	0	15	2	0	0	0	0	0	0	0	0	0
298.200	0	0	0	0	0	0	0	8	0	0	0	0	0	0	0	0	7	0	8	0	0	0	1	0	0	21	4	0	0	0	0	0	0	0	0	0
298.400	0	0	0	0	0	0	0	6	0	0	0	0	0	0	0	0	19	0	9	1	0	0	0	0	0	25	2	0	0	0	0	0	0	0	0	0
298.600	0	0	0	0	0	0	0	8	0	0	0	0	0	0	0	0	12	0	11	1	0	0	0	0	0	22	2	0	0	0	0	0	0	0	0	0
298.800	0	0	0	0	0	0	0	7	0	0	0	0	0	0	0	0	13	0	4	1	0	0	2	0	0	18	2	0	0	0	0	0	0	0	0	0
299.000	0	0	0	0	0	0	0	10	0	0	0	0	0	0	0	0	12	0	6	1	0	0	2	0	0	11	4	0	0	0	0	0	0	0	0	0
299.200	0	0	0	0	0	0	0	4	0	0	0	0	0	0	0	0	11	0	6	1	0	0	0	0	0	25	3	0	0	0	0	0	0	0	0	0
299.400	0	0	0	0	0	0	0	5	0	0	0	0	0	0	0	0	10	0	2	1	0	0	0	0	0	10	1	0	0	0	0	0	0	0	0	0
299.600	0	0	0	0	0	0	0	8	0	0	0	0	0	0	0	0	22	0	2	0	0	0	0	0	0	15	3	0	0	0	0	0	0	0	0	0
299.800	0	0	0	0	0	0	0	8	0	0	0	0	0	0	0	0	11	0	4	1	0	0	0	0	0	11	3	0	0	0	0	0	0	0	0	0
300.000	0	0	0	0	0	0	0	8	0	0	0	0	0	0	0	0	14	0	8	1	0	0	1	0	0	13	1	0	0	0	0	0	0	0	0	0
300.200	0	0	0	0	0	0	0	7	0	0	0	0	0	0	0	0	11	0	18	1	0	0	2	0	0	8	3	0	0	0	0	0	0	0	0	0
300.400	0	0	0	0	0	0	0	6	0	0	0	0	0	0	0	0	6	0	15	1	0	0	2	0	0	10	5	0	0	0	0	0	0	0	0	0
300.600	0	0	0	0	0	0	0	7	1	0	0	0	0	0	0	0	8	0	16	1	0	0	2	0	0	9	1	0	0	0	0	0	0	0	0	0
300.800	0	0	0	0	0	0	0	3	0	0	0	0	0	0	0	0	10	0	14	2	0	0	2	0	0	11	3	0	0	0	0	0	0	0	0	0
301.000	0	0	0	0	0	0	0	7	0	0	0	0	0	0	0	0	16	0	10	1	0	0	2	0	0	9	3	0	0	0	0	0	0	0	0	0
301.200	0	0	0	0	0	0	0	9	0	0	0	0	0	0	0	0	17	0	12	1	0	0	3	0	0	10	2	0	0	0	0	0	0	0	0	0
301.400	0	0	0	0	0	0	0	9	0	0	0	0	0	0	0	0	12	0	14	1	0	0	2	0	0	8	4	0	0	0	0	0	0	0	0	0
301.600	0	0	0	0	0	0	0	7	0	0	0	0	0	0	0	0	18	0	14	2	0	0	2	0	0	11	5	0	0	0	0	0	0	0	0	0
301.800	0	0	0	0	0	0	0	11	0	0	0	0	0	0	0	0	15	0	15	1	0	0	0	0	0	8	3	0	0	0	0	0	0	0	0	0
302.000	0	0	0	0	0	0	0	8	0	0	0	0	0	0	0	0	12	0	15	1	0	0	2	0	0	10	2	0	0	0	0	0	0	0	0	0
302.200	0	0	0	0	0	0	0	6	0	0	0	0	0	0	0	0	22	0	13	1	0	0	1	0	0	19	2	0	0	0	0	0	0	0	0	0
302.400	0	0	0	0	0	0	0	14	0	0	0	0	0	0	0	0	15	0	15	1	0	0	2	0	0	11	1	0	0	0	0	0	0	0	0	0
302.600	0	0	0	0	0	0	0	5	0	0	0	0	0	0	0	0	16	0	16	1	0	0	0	0	0	10	1	0	0	0	0	0	0	0	0	0
302.800	0	0	0	0	0	0	0	10	0	0	0	0	0	0	0	0	24	0	16	0	0	0	0	0	0	7	1	0	0	0	0	0	0	0	0	0
303.000	0	0	0	0	0	0	0	11	0	0	0	0	0	0	0	0	17	0	13	1	0	0	0	0	0	12	1	0	0	0	0	0	0	0	0	0
303.200	0	0	0	0	0	0	0	8	0	0	0	0	0	0	0	0	23	0	17	2	0	0	0	0	0	9	1	0	0	0	0	0	0	0	0	0
303.400	0	0	0	0	0	0	0	14	0	0	0	0	0	0	0	0	21	0	8	0	0	0	0	0	0	11	1	0	0	0	0	0	0	0	0	0
303.600	0	0	0	0	0	0	0	7	0	0	0	0	0	0	0	0	17	0	12	1	0	0	0	0	0	14	2	0	0	0	0	0	0	0	0	0
303.800	0	0	0	0	0	0	0	7	0	0	0	0	0	0	0	0	21	0	10	0	0	0	0	0	0	10	1	0	0	0	0	0	0	0	0	0
304.000	0	0	0	0	0	0	0	9	0	0	0	0	0	0	0	0	13	0	14	1	0	0	0	0	0	8	1	0	0	0	0	0	0	0	0	0
304.200	0	0	0	0	0	0	0	9	0	0	0	0	0	0	0	0	19	0	16	1	0	0	0	0	0	9	4	0	0	0	0	0	0	0	0	0
304.400	0	0	0	0	0	0	0	11	0	0	0	0	0	0	0	0	11	0	17	1	0	0	0	0	0	12	3	0	0	0	0	0	0	0	0	0
304.600	0	0	0	0	0	0	0	10	0	0	0	0	0	0	0	0	15	0	14	1	0	0	0	0	0	8	2	0	0	0	0	0	0	0	0	0
304.800	0	0	0	0	0	0	0	10	0	0	0	0	0	0	0	0	17	0	12	1	0	0	0	0	0	14	2	0	0	0	0	0	0	0	0	0
305.000	0	0	0	0	0	0	0	13	0	0	0	0	0	0	0	0	31	0	13	2	0	0	0	0	0	5	4	0	0	0	0	0	0	0	0	0
305.200	0	0	0	0	0	0	0	8	0	0	0	0	0	0	0	0	22	0	14	2	0	0	0	0	0	5	3	0	0	0	0	0	0	0	0	0
305.400	0	0	0	0	0	0	0	4	0	0	0	0	0	0	0	0	16	0	11	3	0	0	0	0	0	10	2	0	0	0	0	0	0	0	0	0
305.600	0	0	0	0	0	0	0	7	0	0	0	0	0	0	0	0	20	0	7	3	0	0	0	0	0	5	2	0	0	0	0	0	0	0	0	0
305.800	0	0	0	0	0	0	0	7	0	0	0	0	0	0	0	0	26	0	14	3	0	0	0	0	0	8	2	0	0	0	0	0	0	0	0	0
306.000	0	0	0	0	0	0	0	9	0	0	0	0	0	0	0	0	11	0	4	1	0	0	0	0	0	10	0	0	0	0	0	0	0	0	0	0
306.200	0	0	0	0	0	0	0	1	0	0	0	0	0	0	0	0	15	0	8	0	0	0	0	0	0	8	0	0	0	0	0	0	0	0	0	0
306.400	0	0	0	0	0	0	0	11	0	0	0	0	0	0	0	0	14	0	19	2	0	0	0	0	0	14	0	0	0	0	0	0	0	0	0	0
306.600	0	0	0	0	0	0	0	6	0	0	0	0	0	0	0	0	12	0	14	1	0	0	0	0	0	11	0	0	0	0	0	0	0	0	0	0
306.800	0	0	0	0	0	0	0	7	0	0	0	0	0	0	0	0	18	0	10	3	0	0	0	0	0	8	0	0	0	0	0	0	0	0	0	0
307.000	0	0	0	0	0	0	0	9	0	0	0	0	0	0	0	0	19	0	16	1	0	0	0	0	0	7	0	0	0	0	0	0	0	0	0	0
307.200	0	0	0	0	0	0	0	10	0	0	0	0	0	0	0	0	17	0	10	1	0	0	0	0	0	18	0	0	0	0	0	0	0	0	0	0
307.400	0	0	0	0	0	0	0	4	0	0	0	0	0	0	0	0	10	0	12	1	0	0	0	0	0	13	0	0	0	0	0	0	0	0	0	0
307.600	0	0	0	0	0	0	0	5	0	0	0	0	0	0	0	0	7	0	11	1	0	0	0	0	0	11	0	0	0	0	0	0	0	0	0	0
307.800	0	0	0	0	0	0	0	7	0	0	0	0	0	0	0	0	7	0	13	2	0	0	0	0	0	15	0	0	0	0	0	0	0	0	0	0
308.000	0	0	0	0	0	0	0	9	1	0	0	0	0	0	0	0	12	0	10	1	0	0	0	0	0	10	0	0	0	0	0	0	0	0	0	0
308.200	0	0	0	0	0	0	0	9	1	0	0	0	0	0	0	0	14	0	12	3	0	0	0	0	0	16	0	0	0	0	0	0	0	0	0	0
308.400	0	0	0	0	0	0	0	4	1	0	0	0	0	0	0	0	19	0	10	1	0	0	0	0	0	8	0	0	0	0	0	0	0	0	0	0
308.600	0	0	0	0	0	0	0	5	0	0	0	0	0	0	0	0	22	0	4	2	0	0	0	0	0	5	0	0	0	0	0	0	0	0	0	0
308.800	0	0	0	0	0	0	0	5	0	0	0	0	0	0	0	0	18	0	6	3	0	0	0	0	0	11	0	0	0	0	0	0	0	0	0	0
309.000	0	0	0	0	0	0	0	6	0	0	0	0	0	0	0	0	24	0	13	4	0	0	2	0	0	10	0	0	0	0	0	0	0	0	0	0
309.200	0	0	0	0	0	0	0	5	0	0	0	0	0	0	0	0	14	0	16	1	0	0	1	0	0	8	0	0	0	0	0	0	0	0	0	0
309.400	0	0	0	0	0	0	0	7	0	0	0	0	0	0	0	0	13	0	13	1	0	0	1	0	0	8	0	0	0	0	0	0	0	0	0	0
309.600	0	0	0	0	0	0	0	5	0	0	0	0	0	0	0	0	19	0	16	2	0	0	1	0	0	12	0	0	0	0	0	0	0	0	0	0
309.800	0	0	0	0	0	0	0	9	0	0	0	0	0	0	0	0	23	0	12	1	0	0	2	0	0	8	0	0	0	0	0	0	0	0	0	0
310.000	0	0	0	0	0	0	0	7	0	0	0	0	0	0	0	0	26	0	9	4	0	0	2	0	0	9	0	0	0	0	0	0	0	0	0	0
310.200	0	0	0	0	0	0	0	6	0	0	0	0	0	0	0	0	10	0	9	2	0	0	0	0	0	7	0	0	0	0	0	0	0	0	0	0
310.400	0	0	0	0	0	0	0	6	0	0	0	0	0	0	0	0	20	0	9	3	0	0	0	0	0	7	0	0	0	0	0	0	0	0	0	0
310.600	0	0	0	0	0	0	0	10	0	0	0	0	0	0	0	0	18	0	15	1	0	0	0	0	0	8	0	0	0	0	0	0	0	0	0	0
310.800	0	0	0	0	0	0	0	5	0	0	0	0	0	0	0	0	21	0	16	1	0	0	0	0	0	7	0	0	0	0	0	0	0	0	0	0
311.000	0	0	0	0	0	0	0	5	0	0	0	0	0	0	0	0	18	0	7	1	0	0	0	0	0	7	0	0	0	0	0	0	0	0	0	0
311.200	0	0	0	0	0	0	0	5	0	0	0	0	0	0	0	0	11	0	14	1	0	0	0	0	0	9	0	0	0	0	0	0	0	0	0	0
311.400	0	0	0	0	0	0	0	5	0	0	0	0	0	0	0	0	20	0	9	1	0	0	0	0	0	9	0	0	0	0	0	0	0	0	0	0
311.600	0	0	0	0	0	0	0	4	0	0	0	0	0	0	0	0	16	1	11	1	0	0	0	0	0	10	0	0	0	0	0	0	0	0	0	0
311.800	0	0	0	0	0	0	0	6	0	0	0	0	0	0	0	0	21	0	14	1	0	0	0	0	0	9	0	0	0	0	0	0	0	0	0	0
312.000	0	0	0	0	0	0	0	8	0	0	0	0	0	0	0	0	12	1	11	1	0	0	0	0	0	9	0	0	0	0	0	0	0	0	0	0
312.200	0	0	0	0	0	0	0	6	0	0	0	0	0	0	0	0	18	2	13	0	0	0	0	0	0	8	0	0	0	0	0	0	0	0	0	0
312.400	0	0	0	0	0	0	0	10	0	0	0	0	0	0	0	0	16	0	14	1	0	0	2	0	0	10	0	0	0	0	0	0	0	0	0	0
312.600	0	0	0	0	0	0	0	7	0	0	0	0	0	0	0	0	16	3	9	1	0	0	2	0	0	7	0	0	0	0	0	0	0	0	0	0
312.800	0	0	0	0	0	0	0	10	0	0	0	0	0	0	0	0	15	4	7	1	0	0	0	0	0	13	0	0	0	0	0	0	0	0	0	0
313.000	0	0	0	0	0	0	0	9	0	0	0	0	0	0	0	0	21	3	12	2	0	0	0	0	0	13	0	0	0	0	0	0	0	0	0	0
313.200	0	0	0	0	0	0	0	9	0	0	0	0	0	0	0	0	16	1	5	0	0	0	0	0	0	10	0	0	0	0	0	0	0	0	0	0
313.400	0	0	0	0	0	0	0	11	0	0	0	0	0	0	0	0	13	2	7	0	0	0	2	0	0	8	0	0	0	0	0	0	0	0	0	0
313.600	0	0	0	0	0	0	0	10	0	0	0	0	0	0	0	0	12	1	7	1	0	0	0	0	0	11	0	0	0	0	0	0	0	0	0	0
313.800	0	0	0	0	0	0	0	8	0	0	0	0	0	0	0	0	16	0	3	1	0	0	0	0	0	12	0	0	0	0	0	0	0	0	0	0
314.000	0	0	0	0	0	0	0	7	0	0	0	0	0	0	0	0	12	0	11	1	0	0	0	0	0	10	0	0	0	0	0	0	0	0	0	0
314.200	0	0	0	0	0	0	0	8	0	0	0	0	0	0	0	0	7	0	12	2	0	0	0	0	0	7	0	0	0	0	0	0	0	0	0	0
314.400	0	0	0	0	0	0	0	10	0	0	0	0	0	0	0	0	10	0	7	1	0	0	0	0	0	11	0	0	0	0	0	0	0	0	0	0
314.600	0	0	0	0	0	0	0	8	0	0	0	0	0	0	0	0	11	0	16	1	0	0	0	0	0	10	0	0	0	0	0	0	0	0	0	0
314.800	0	0	0	0	0	0	0	10	0	0	0	0	0	0	0	0	10	0	11	1	0	0	0	0	0	9	0	0	0	0	0	0	0	0	0	0
315.000	0	0	0	0	0	0	0	7	0	0	0	0	0	0	0	0	7	0	13	1	0	0	0	0	0	12	0	0	0	0	0	0	0	0	0	0
315.200	0	0	0	0	0	0	0	9	0	0	0	0	0	0	0	0	11	0	11	1	0	0	0	0	0	11	0	0	0	0	0	0	0	0	0	0
315.400	0	0	0	0	0	0	0	10	0	0	0	0	0	0	0	0	3	0	11	1	0	0	0	0	0	7	0	0	0	0	0	0	0	0	0	0
315.600	0	0	0	0	0	0	0	12	0	0	0	0	0	0	0	0	8	0	8	1	0	0	0	0	0	8	0	0	0	0	0	0	0	0	0	0
315.800	0	0	0	0	0	0	0	9	0	0	0	0	0	0	0	0	9	0	9	1	0	0	0	0	0	5	0	0	0	0	0	0	0	0	0	0
316.000	0	0	0	0	0	0	0	7	0	0	0	0	0	0	0	0	8	0	6	1	0	0	0	0	0	6	0	0	0	0	0	0	0	0	0	0
316.200	0	0	0	0	0	0	0	6	0	0	0	0	0	0	0	0	4	0	6	1	0	0	0	0	0	8	0	0	0	0	0	0	0	0	0	0
316.400	0	0	0	0	0	0	0	9	0	0	0	0	0	0	0	0	5	0	9	1	0	0	0	0	0	5	0	0	0	0	0	0	0	0	0	0
316.600	0	0	0	0	0	0	0	8	0	0	0	0	0	0	0	0	8	0	11	1	0	0	0	0	0	9	0	0	0	0	0	0	0	0	0	0
316.800	0	0	0	0	0	0	0	7	0	0	0	0	0	0	0	0	15	0	18	1	0	0	0	0	0	9	0	0	0	0	0	0	0	0	0	0
317.000	0	0	0	0	0	0	0	10	0	0	0	0	0	0	0	0	9	0	13	0	0	0	0	0	0	8	0	0	0	0	0	0	0	0	0	0
317.200	0	0	0	0	0	0	0	7	0	0	0	0	0	0	0	0	6	0	17	1	0	0	0	0	0	9	0	0	0	0	0	0	0	0	0	0
317.400	0	0	0	0	0	0	0	5	0	0	0	0	0	0	0	0	7	0	16	0	0	0	0	0	0	7	0	0	0	0	0	0	0	0	0	0
317.600	0	0	0	0	0	0	0	9	0	0	0	0	0	0	0	0	11	0	16	1	0	0	0	0	0	6	0	0	0	0	0	0	0	0	0	0
317.800	0	0	0	0	0	0	0	9	1	0	0	0	0	0	0	0	9	0	16	1	0	0	0	0	0	9	0	0	0	0	0	0	0	0	0	0
318.000	0	0	0	0	0	0	0	7	4	0	0	0	0	0	0	0	6	0	14	3	0	0	3	0	0	9	0	0	0	0	0	0	0	0	0	0
318.200	0	0	0	0	0	0	0	8	4	0	0	0	0	0	0	0	11	0	15	2	0	0	1	0	0	8	0	0	0	0	0	0	0	0	0	0
318.400	0	0	0	0	0	0	0	8	2	0	0	0	0	0	0	0	10	0	14	1	0	0	2	0	0	9	0	0	0	0	0	0	0	0	0	0
318.600	0	0	0	0	0	0	0	8	5	0	0	0	0	0	0	1	12	0	15	3	0	0	1	0	0	10	0	0	0	0	0	0	0	0	0	0
318.800	0	0	0	0	0	0	0	6	2	0	0	0	0	0	0	0	11	0	12	2	0	0	2	0	0	9	0	0	0	0	0	0	0	0	0	0
319.000	0	0	0	0	0	0	0	7	2	0	0	0	0	0	0	0	13	0	18	1	0	0	4	0	0	9	0	0	0	0	0	0	0	0	0	0
319.200	0	0	0	0	0	0	0	9	0	0	0	0	0	0	0	0	14	0	14	2	0	0	3	0	0	9	0	0	0	0	0	0	0	0	0	0
319.400	0	0	0	0	0	0	0	7	1	0	0	0	0	0	0	0	12	0	16	1	0	0	2	0	0	9	0	0	0	0	0	0	0	0	0	0
319.600	0	0	0	0	0	0	0	11	0	0	0	0	0	0	0	0	7	0	18	0	0	0	2	0	0	8	0	0	0	0	0	0	0	0	0	0
319.800	0	0	0	0	0	0	0	9	5	0	0	0	0	0	0	0	9	0	18	0	0	0	3	0	0	8	0	0	0	0	0	0	0	0	0	0
320.000	0	0	0	0	0	0	0	6	5	0	0	0	0	0	0	0	6	0	14	0	0	0	2	0	0	8	0	0	0	0	0	0	0	0	0	0
320.200	0	0	0	0	0	0	0	6	1	0	0	0	0	0	0	0	8	0	15	1	0	0	3	0	0	8	0	0	0	0	0	0	0	0	0	0
320.400	0	0	0	0	0	0	0	8	3	0	0	0	0	0	0	0	12	0	15	1	0	0	2	0	0	8	0	0	0	0	0	0	0	0	0	0
320.600	0	0	0	0	0	0	0	11	0	0	0	0	0	0	0	0	11	0	16	1	0	0	1	0	0	5	0	0	0	0	0	0	0	0	0	0
320.800	0	0	0	0	0	0	0	9	5	0	0	0	0	0	0	0	9	0	16	1	0	0	2	0	0	6	0	0	0	0	0	0	0	0	0	0
321.000	0	0	0	0	0	0	0	8	5	0	0	0	0	0	0	0	8	0	13	1	0	0	1	0	0	9	0	0	0	0	0	0	0	0	0	0
321.200	0	0	0	0	0	0	0	11	9	0	0	0	0	0	0	0	16	0	13	0	0	0	3	0	0	9	0	0	0	0	0	0	0	0	0	0
321.400	0	0	0	0	0	0	0	8	7	0	0	0	0	0	0	0	13	0	17	1	0	0	2	0	0	19	0	0	0	0	0	0	0	0	0	0
321.600	0	0	0	0	0	0	0	7	7	0	0	0	0	0	0	0	13	0	14	1	0	0	2	0	0	17	0	0	0	0	0	0	0	0	0	0
321.800	0	0	0	0	0	0	0	6	4	0	0	0	0	0	0	0	11	0	18	0	0	0	2	0	0	8	0	0	0	0	0	0	0	0	0	0
322.000	0	0	0	0	0	0	0	6	4	0	0	0	0	0	0	0	13	0	16	1	0	0	2	0	0	5	0	0	0	0	0	0	0	0	0	0
322.200	0	0	0	0	0	0	0	7	5	0	0	0	0	0	0	0	12	0	14	0	0	0	2	0	0	13	0	0	0	0	0	0	0	0	0	0
322.400	0	0	0	0	0	0	0	10	7	0	0	0	0	0	0	0	12	0	16	1	0	0	2	0	0	9	0	0	0	0	0	0	0	0	0	0
322.600	0	0	0	0	0	0	0	10	4	0	0	0	0	0	0	0	11	0	17	1	0	0	2	0	0	9	0	0	0	0	0	0	0	0	0	0
322.800	0	0	0	0	0	0	0	5	4	0	0	0	0	0	0	0	7	0	14	2	0	0	2	0	0	13	0	0	0	0	0	0	0	0	0	0
323.000	0	0	0	0	0	0	0	7	3	0	0	0	0	0	0	0	10	0	10	1	0	0	2	0	0	7	0	0	0	0	0	0	0	0	0	0
323.200	0	0	0	0	0	0	0	6	6	0	0	0	0	0	0	0	12	0	15	0	0	0	2	0	0	10	0	0	0	0	0	0	0	0	0	0
323.400	0	0	0	0	0	0	0	7	2	0	0	0	0	0	0	0	11	0	17	1	0	0	2	0	0	10	0	0	0	0	0	0	0	0	0	0
323.600	0	0	0	0	0	0	0	9	1	0	0	0	0	0	0	0	14	0	14	1	0	0	3	0	0	9	0	0	0	0	0	0	0	0	0	0
323.800	0	0	0	0	0	0	0	12	0	0	0	0	0	0	0	0	11	0	13	0	0	0	2	0	0	14	0	0	0	0	0	0	0	0	0	0
324.000	0	0	0	0	0	0	0	9	0	0	0	0	0	0	0	0	12	0	14	2	0	0	3	0	0	8	0	0	0	0	0	0	0	0	0	0
324.200	0	0	0	0	0	0	0	9	5	0	0	0	0	0	0	0	11	0	16	1	0	0	3	0	0	12	0	0	0	0	0	0	0	0	0	0
324.400	0	0	0	0	0	0	0	8	4	0	0	0	0	0	0	0	9	0	11	1	0	0	2	0	0	13	0	0	0	0	0	0	0	0	0	0
324.600	0	0	0	0	0	0	0	5	4	0	0	0	0	0	0	0	15	0	15	1	0	0	2	0	0	11	0	0	0	0	0	0	0	0	0	0
324.800	0	0	0	0	0	0	0	7	4	0	0	0	0	0	0	0	18	0	13	4	0	0	2	0	0	7	0	0	0	0	0	0	0	0	0	0
325.000	0	0	0	0	0	0	0	7	2	0	0	0	0	0	0	0	14	0	14	0	0	0	2	0	0	8	0	0	0	0	0	0	0	0	0	0
325.200	0	0	0	0	0	0	0	8	2	0	0	0	0	0	0	0	16	0	12	1	0	0	2	0	0	10	0	0	0	0	0	0	0	0	0	0
325.400	0	0	0	0	0	0	0	9	4	0	0	0	0	0	0	0	21	0	15	4	0	0	2	0	0	11	0	0	0	0	0	0	0	0	0	0
325.600	0	0	0	0	0	0	0	5	3	0	0	0	0	0	0	0	14	1	10	3	0	0	3	0	0	10	0	0	0	0	0	0	0	0	0	0
325.800	0	0	0	0	0	0	0	6	5	0	0	0	0	0	0	0	14	1	14	1	0	0	2	0	0	14	0	0	0	0	0	0	0	0	0	0
326.000	0	0	0	0	0	0	0	10	4	0	0	0	0	0	0	0	21	0	15	3	0	0	2	0	0	11	0	0	0	0	0	0	0	0	0	0
326.200	0	0	0	0	0	0	0	6	4	0	0	0	0	0	0	0	20	0	17	3	0	0	2	0	0	6	0	0	0	0	0	0	0	0	0	0
326.400	0	0	0	0	0	0	0	5	2	0	0	0	0	0	0	0	23	0	14	2	0	0	2	0	0	6	0	0	0	0	0	0	0	0	0	0
326.600	0	0	0	0	0	0	0	5	3	0	0	0	0	0	0	0	17	0	15	2	0	0	2	0	0	7	0	0	0	0	0	0	0	0	0	0
326.800	0	0	0	0	0	0	0	5	4	0	0	0	0	0	0	0	13	0	16	1	0	0	3	0	0	4	0	0	0	0	0	0	0	0	0	0
327.000	0	0	0	0	0	0	0	10	4	0	0	0	0	0	0	0	17	0	14	2	0	0	2	0	0	6	0	0	0	0	0	0	0	0	0	0
327.200	0	0	0	0	0	0	0	11	0	0	0	0	0	0	0	0	16	0	18	1	0	0	2	0	0	8	0	0	0	0	0	0	0	0	0	0
327.400	0	0	0	0	0	0	0	10	0	0	0	0	0	0	0	0	20	0	12	1	0	0	2	0	0	6	0	0	0	0	0	0	0	0	0	0
327.600	0	0	0	0	0	0	0	11	0	0	0	0	0	0	0	0	17	0	16	0	0	0	2	0	0	8	0	0	0	0	0	0	0	0	0	0
327.800	0	0	0	0	0	0	0	10	0	0	0	0	0	0	0	0	19	0	12	1	0	0	2	0	0	7	0	0	0	0	0	0	0	0	0	0
328.000	0	0	0	0	0	0	0	6	0	0	0	0	0	0	0	0	20	0	17	1	0	0	2	0	0	7	0	0	0	0	0	0	0	0	0	0
328.200	0	0	0	0	0	0	0	10	0	0	0	0	0	0	0	0	25	0	14	1	0	0	3	0	0	7	0	0	0	0	0	0	0	0	0	0
328.400	0	0	0	0	0	0	0	9	0	0	0	0	0	0	0	0	18	0	16	1	0	0	2	0	0	9	0	0	0	0	0	0	0	0	0	0
328.600	0	0	0	0	0	0	0	10	0	0	0	0	0	0	0	0	14	0	16	4	0	0	2	0	0	5	0	0	0	0	0	0	0	0	0	0
328.800	0	0	0	0	0	0	0	9	0	0	0	0	0	0	0	0	14	0	15	1	0	0	2	0	0	8	0	0	0	0	0	0	0	0	0	0
329.000	0	0	0	0	0	0	0	14	0	0	0	0	0	0	0	0	12	0	10	1	0	0	0	0	0	8	0	0	0	0	0	0	0	0	0	0
329.200	0	0	0	0	0	0	0	9	0	0	0	0	0	0	0	0	21	0	10	2	0	0	0	0	0	8	0	0	0	0	0	0	0	0	0	0
329.400	0	0	0	0	0	0	0	9	0	0	0	0	0	0	0	0	19	0	10	1	0	0	0	0	0	9	0	0	0	0	0	0	0	0	0	0
329.600	0	0	0	0	0	0	0	9	0	0	0	0	0	0	0	0	14	0	13	1	0	0	0	0	0	10	0	0	0	0	0	0	0	0	0	0
329.800	0	0	0	0	0	0	0	8	0	0	0	0	0	0	0	0	14	0	15	1	0	0	0	0	0	11	0	0	0	0	0	0	0	0	0	0
330.000	0	0	0	0	0	0	0	6	0	0	0	0	0	0	0	0	21	0	12	1	0	0	2	0	0	8	0	0	0	0	0	0	0	0	0	0
330.200	0	0	0	0	0	0	0	6	0	0	0	0	0	0	0	0	16	1	15	0	0	0	2	0	0	8	0	0	0	0	0	0	0	0	0	0
330.400	0	0	0	0	0	0	0	11	0	0	0	0	0	0	0	0	12	0	18	1	0	0	2	0	0	8	0	0	0	0	0	0	0	0	0	0
330.600	0	0	0	0	0	0	0	7	0	0	0	0	0	0	0	0	17	0	16	0	0	0	2	0	0	10	0	0	0	0	0	0	0	0	0	0
330.800	0	0	0	0	0	0	0	11	0	0	0	0	0	0	0	0	9	0	15	1	0	0	2	0	0	8	0	0	0	0	0	0	0	0	0	0
331.000	0	0	0	0	0	0	0	12	0	0	0	0	0	0	0	0	9	0	16	0	0	0	2	0	0	7	0	0	0	0	0	0	0	0	0	1
331.200	0	0	0	0	0	0	0	9	0	0	0	0	0	0	0	0	11	0	13	0	0	0	1	0	0	10	0	0	0	0	0	0	0	0	0	0
331.400	0	0	0	0	0	0	0	11	0	0	0	0	0	0	0	0	11	0	14	1	0	0	2	0	0	9	0	0	0	0	0	0	0	0	0	0
331.600	0	0	0	0	0	0	0	7	0	0	0	0	0	0	0	0	11	0	18	1	0	0	0	0	0	8	0	0	0	0	0	0	0	0	0	0
331.800	0	0	0	0	0	0	0	7	0	0	0	0	0	0	0	0	12	0	11	1	0	0	0	0	0	11	0	0	0	0	0	0	0	0	0	1
332.000	0	0	0	0	0	0	0	7	0	0	0	0	0	0	0	0	14	0	3	0	0	0	0	0	0	12	0	0	0	0	0	0	0	0	0	0
332.200	0	0	0	0	0	0	0	7	0	0	0	0	0	0	0	0	16	0	13	1	0	0	0	0	0	9	0	0	0	0	0	0	0	0	0	0
332.400	0	0	0	0	0	0	0	8	0	0	0	0	0	0	0	0	17	0	16	1	0	0	0	0	0	7	0	0	0	0	0	0	0	0	0	0
332.600	0	0	0	0	0	0	0	11	0	0	0	0	0	0	0	0	16	0	17	1	0	0	0	0	0	9	0	0	0	0	0	0	0	0	0	0
332.800	0	0	0	0	0	0	0	10	0	0	0	0	0	0	0	0	11	0	13	1	0	0	0	0	0	9	0	0	0	0	0	0	0	0	0	0
333.000	0	0	0	0	0	0	0	11	0	0	0	0	0	0	0	0	16	0	10	1	0	0	0	0	0	9	0	0	0	0	0	0	0	0	0	0
333.200	0	0	0	0	0	0	0	7	0	0	0	0	0	0	0	0	19	0	11	1	0	0	0	0	0	5	0	0	0	0	0	0	0	0	0	1
333.400	0	0	0	0	0	0	0	9	0	0	0	0	0	0	0	0	22	0	13	1	0	0	0	0	0	6	0	0	0	0	0	0	0	0	0	1
333.600	0	0	0	0	0	0	0	8	0	0	0	0	0	0	0	0	20	0	10	0	0	0	0	0	0	3	0	0	0	0	0	0	0	0	0	0
333.800	0	0	0	0	0	0	0	7	0	0	0	0	0	0	0	0	24	0	4	1	0	0	0	0	0	11	0	0	0	0	0	0	0	0	0	0
334.000	0	0	0	0	0	0	0	14	0	0	0	0	0	0	0	0	18	0	11	2	0	0	0	0	0	6	0	0	0	0	0	0	0	0	0	0
334.200	0	0	0	0	0	0	0	8	0	0	0	0	0	0	0	0	20	0	15	0	0	0	0	0	0	11	0	0	0	0	0	0	0	0	0	0
334.400	0	0	0	0	0	0	0	9	0	0	0	0	0	0	0	0	18	0	7	1	0	0	0	0	0	15	0	0	0	0	0	0	0	0	0	0
334.600	0	0	0	0	0	0	0	13	0	0	0	0	0	0	0	0	13	0	15	2	0	0	0	0	0	6	0	0	0	0	0	0	0	0	0	0
334.800	0	0	0	0	0	0	0	10	0	0	0	0	0	0	0	0	13	0	13	2	0	0	0	0	0	9	0	0	0	0	0	0	0	0	0	0
335.000	0	0	0	0	0	0	0	6	0	0	0	0	0	0	0	0	16	0	9	6	0	0	0	0	0	15	0	0	0	0	0	0	0	0	0	0
335.200	0	0	0	0	0	0	0	9	0	0	0	0	0	0	0	0	20	0	16	2	0	0	0	0	0	20	0	0	0	0	0	0	0	0	0	0
335.400	0	0	0	0	0	0	0	10	0	0	0	0	0	0	0	0	18	0	10	1	0	0	0	0	0	12	0	0	0	0	0	0	0	0	0	0
335.600	0	0	0	0	0	0	0	6	0	0	0	0	0	0	0	0	20	0	12	5	0	0	0	0	0	10	0	0	0	0	0	0	0	0	0	0
335.800	0	0	0	0	0	0	0	8	0	0	0	0	0	0	0	0	18	0	15	6	0	0	0	0	0	13	0	0	0	0	0	0	0	0	0	0
336.000	0	0	0	0	0	0	0	10	0	0	0	0	0	0	0	0	16	0	11	4	0	0	0	0	0	18	0	0	0	0	0	0	0	0	0	0
336.200	0	0	0	0	0	0	0	12	0	0	0	0	0	0	0	0	22	0	9	5	0	0	0	0	0	9	0	0	0	0	0	0	0	0	0	0
336.400	0	0	0	0	0	0	0	10	0	0	0	0	0	0	0	0	22	0	11	2	0	0	0	0	0	9	0	0	0	0	0	0	0	0	0	0
336.600	0	0	0	0	0	0	0	12	0	0	0	0	0	0	0	0	24	0	9	4	0	0	0	0	0	13	0	0	0	0	0	0	0	0	0	0
336.800	0	0	0	0	0	0	0	9	0	0	0	0	0	0	0	0	22	0	3	1	0	0	0	0	0	5	0	0	0	0	0	0	0	0	0	0
337.000	0	0	0	0	0	0	0	7	0	0	0	0	0	0	0	0	11	0	18	2	0	0	0	0	0	7	0	0	0	0	0	0	0	0	0	0
337.200	0	0	0	0	0	0	0	5	0	0	0	0	0	0	0	0	21	0	14	7	0	0	0	0	0	14	0	0	0	0	0	0	0	0	0	0
337.400	0	0	0	0	0	0	0	7	0	0	0	0	0	0	0	0	17	0	14	5	0	0	0	0	0	15	0	0	0	0	0	0	0	0	0	0
337.600	0	0	0	0	0	0	0	10	0	0	0	0	0	0	0	0	12	0	19	6	0	0	0	0	0	12	0	0	0	0	0	0	0	0	0	0
337.800	0	0	0	0	0	0	0	7	0	0	0	0	0	0	0	0	20	0	4	5	0	0	0	0	0	8	0	0	0	0	0	0	0	0	0	1
338.000	0	0	0	0	0	0	0	8	0	0	0	0	0	0	0	0	20	0	8	8	0	0	0	0	0	14	0	0	0	0	0	0	0	0	0	0
338.200	0	0	0	0	0	0	0	10	0	0	0	0	0	0	0	0	20	0	15	3	0	0	0	0	0	12	0	0	0	0	0	0	0	0	0	1
338.400	0	0	0	0	0	0	0	13	0	0	0	0	0	0	0	0	18	0	10	6	0	0	0	0	0	8	0	0	0	0	0	0	0	0	0	2
338.600	0	0	0	0	0	0	0	8	0	0	0	0	0	0	0	0	18	1	17	5	0	0	0	0	0	10	0	0	0	0	0	0	0	0	0	1
338.800	0	0	0	0	0	0	0	5	0	0	0	0	0	0	0	0	17	1	13	6	0	0	0	0	0	10	0	0	0	0	0	0	0	0	0	0
339.000	0	0	0	0	0	0	0	6	0	0	0	0	0	0	0	0	14	0	9	0	0	0	0	0	0	9	0	0	0	0	0	0	0	0	0	0
339.200	0	0	0	0	0	0	0	9	0	0	0	0	0	0	0	0	11	1	12	2	0	0	0	0	0	11	0	0	0	0	0	0	0	0	0	0
339.400	0	0	0	0	0	0	0	8	0	0	0	0	0	0	0	0	20	0	4	3	0	0	1	0	0	5	0	0	0	0	0	0	0	0	0	0
339.600	0	0	0	0	0	0	0	6	0	0	0	0	0	0	0	0	10	0	12	1	0	0	0	0	0	9	0	0	0	0	0	0	0	0	0	0
339.800	0	0	0	0	0	0	0	7	0	0	0	0	0	0	0	0	13	0	14	3	0	0	0	0	0	7	0	0	0	0	0	0	0	0	0	0
340.000	0	0	0	0	0	0	0	7	0	0	0	0	0	0	0	0	11	0	12	5	0	0	0	0	0	4	0	0	0	0	0	0	0	0	0	0
340.200	0	0	0	0	0	0	0	7	0	0	0	0	0	0	0	0	19	0	8	2	0	0	0	0	0	8	0	0	0	0	0	0	0	0	0	0
340.400	0	0	0	0	0	0	0	8	0	0	0	0	0	0	0	0	12	0	11	3	0	0	0	0	0	10	0	0	0	0	0	0	0	0	0	0
340.600	0	0	0	0	0	0	0	8	0	0	0	0	0	0	0	0	11	0	17	0	0	0	0	0	0	4	0	0	0	0	0	0	0	0	0	0
340.800	0	0	0	0	0	0	0	10	0	0	0	0	0	0	0	0	16	0	12	1	0	0	0	0	0	10	0	0	0	0	0	0	0	0	0	0
341.000	0	0	0	0	0	0	0	8	0	0	0	0	0	0	0	0	17	0	7	1	0	0	0	0	0	8	0	0	0	0	0	0	0	0	0	0
341.200	0	0	0	0	0	0	0	4	0	0	0	0	0	0	0	0	18	0	17	4	0	0	0	0	0	5	0	0	0	0	0	0	0	0	0	0
341.400	0	0	0	0	0	0	0	11	0	0	0	0	0	0	0	0	20	1	14	3	0	0	0	0	0	3	0	0	0	0	0	0	0	0	0	0
341.600	0	0	0	0	0	0	0	8	0	0	0	0	0	0	0	0	14	0	12	6	0	0	0	0	0	5	0	0	0	0	0	0	0	0	0	0
341.800	0	0	0	0	0	0	0	7	0	0	0	0	0	0	0	0	17	0	13	5	0	0	0	0	0	7	0	0	0	0	0	0	0	0	0	0
342.000	0	0	0	0	0	0	0	10	0	0	0	0	0	0	0	0	15	1	18	6	0	0	0	0	0	9	0	0	0	0	0	0	0	0	0	0
342.200	0	0	0	0	0	0	0	7	0	0	0	0	0	0	0	0	12	1	10	2	0	0	0	0	0	3	0	0	0	0	0	0	0	0	0	0
342.400	0	0	0	0	0	0	0	12	0	0	0	0	0	0	0	0	14	1	13	2	0	0	1	0	0	7	0	0	0	0	0	0	0	0	0	0
342.600	0	0	0	0	0	0	0	11	0	0	0	0	0	0	0	0	19	0	12	4	0	0	0	0	0	11	0	0	0	0	0	0	0	0	0	0
342.800	0	0	0	0	0	0	0	11	0	0	0	0	0	0	0	0	11	0	13	3	0	0	0	0	0	10	0	0	0	0	0	0	0	0	0	0
343.000	0	0	0	0	0	0	0	8	0	0	0	0	0	0	0	0	18	0	13	3	0	0	0	0	0	7	0	0	0	0	0	0	0	0	0	0
343.200	0	0	0	0	0	0	0	7	0	0	0	0	0	0	0	0	14	0	13	0	0	0	0	0	0	3	0	0	0	0	0	0	0	0	0	0
343.400	0	0	0	0	0	0	0	6	0	0	0	0	0	0	0	0	15	0	17	4	0	0	0	0	0	12	0	0	0	0	0	0	0	0	0	0
343.600	0	0	0	0	0	0	0	7	0	0	0	0	0	0	0	0	16	0	13	1	0	0	0	0	0	5	0	0	0	0	0	0	0	0	0	0
343.800	0	0	0	0	0	0	0	11	0	0	0	0	0	0	0	0	21	0	17	1	0	0	0	0	0	7	0	0	0	0	0	0	0	0	0	0
344.000	0	0	0	0	0	0	0	7	0	0	0	0	0	0	0	0	17	0	18	7	0	0	1	0	0	7	0	0	0	0	0	0	0	0	0	0
344.200	0	0	0	0	0	0	0	9	0	0	0	0	0	0	0	0	29	0	16	4	0	0	1	0	0	1	0	0	0	0	0	0	0	0	0	0
344.400	0	0	0	0	0	0	0	8	0	0	0	0	0	0	0	0	25	0	16	5	0	0	1	0	0	7	0	0	0	0	0	0	0	0	0	0
344.600	0	0	0	0	0	0	0	7	0	0	0	0	0	0	0	0	28	0	19	4	0	0	1	0	0	5	0	0	0	0	0	0	0	0	0	0
344.800	0	0	0	0	0	0	0	6	0	0	0	0	0	0	0	0	13	0	18	1	0	0	0	0	0	7	0	0	0	0	0	0	0	0	0	0
345.000	0	0	0	0	0	0	0	11	0	0	0	0	0	0	0	0	32	0	14	5	0	0	0	0	0	8	0	0	0	0	0	0	0	0	0	0
345.200	0	0	0	0	0	0	0	10	0	0	0	0	0	0	0	0	25	0	11	3	0	0	0	0	0	12	0	0	0	0	0	0	0	0	0	0
345.400	0	0	0	0	0	0	0	10	0	0	0	0	0	0	0	0	19	0	12	2	0	0	0	0	0	10	0	0	0	0	0	0	0	0	0	0
345.600	0	0	0	0	0	0	0	9	0	0	0	0	0	0	0	0	21	0	11	3	0	0	0	0	0	8	0	0	0	0	0	0	0	0	0	0
345.800	0	0	0	0	0	0	0	6	0	0	0	0	0	0	0	0	16	0	10	3	0	0	0	0	0	7	0	0	0	0	0	0	0	0	0	0
346.000	0	0	0	0	0	0	0	6	0	0	0	0	0	0	0	0	21	0	13	3	0	0	1	0	0	10	0	0	0	0	0	0	0	0	0	0
346.200	0	0	0	0	0	0	0	6	0	0	0	0	0	0	0	0	21	0	12	2	0	0	0	0	0	9	0	0	0	0	0	0	0	0	0	0
346.400	0	0	0	0	0	0	0	12	0	0	0	0	0	0	0	0	24	0	10	4	0	0	0	0	0	9	0	0	0	0	0	0	0	0	0	0
346.600	0	0	0	0	0	0	0	3	0	0	0	0	0	0	0	0	22	1	5	0	0	0	0	0	0	10	0	0	0	0	0	0	0	0	0	0
346.800	0	0	0	0	0	0	0	11	0	0	0	0	0	0	0	0	13	0	15	4	0	0	0	0	0	11	0	0	0	0	0	0	0	0	0	0
347.000	0	0	0	0	0	0	0	9	0	0	0	0	0	0	0	0	21	0	14	2	0	0	0	0	0	15	0	0	0	0	0	0	0	0	0	0
347.200	0	0	0	0	0	0	0	11	0	0	0	0	0	0	0	0	17	0	12	5	0	0	0	0	0	10	0	0	0	0	0	0	0	0	0	0
347.400	0	0	0	0	0	0	0	7	0	0	0	0	0	0	0	0	19	0	7	0	0	0	0	0	0	11	0	0	0	0	0	0	0	0	0	0
347.600	0	0	0	0	0	0	0	12	0	0	0	0	0	0	0	0	25	0	12	4	0	0	0	0	0	10	0	0	0	0	0	0	0	0	0	1
347.800	0	0	0	0	0	0	0	5	0	0	0	0	0	0	0	0	19	0	10	6	0	0	0	0	0	17	0	0	0	0	0	0	0	0	0	0
348.000	0	0	0	0	0	0	0	5	0	0	0	0	0	0	0	0	23	0	10	3	0	0	0	0	0	22	0	0	0	0	0	0	0	0	0	0
348.200	0	0	0	0	0	0	0	10	0	0	0	0	0	0	0	0	20	0	10	3	0	0	0	0	0	13	0	0	0	0	0	0	0	0	0	0
348.400	0	0	0	0	0	0	0	13	0	0	0	0	0	0	0	0	26	0	4	4	0	0	0	0	0	14	0	0	0	0	0	0	0	0	0	0
348.600	0	0	0	0	0	0	0	7	0	0	0	0	0	0	0	0	19	0	8	3	0	0	0	0	0	17	0	0	0	0	0	0	0	0	0	0
348.800	0	0	0	0	0	0	0	9	0	0	0	0	0	0	0	0	23	0	11	1	0	0	0	0	0	14	0	0	0	0	0	0	0	0	0	0
349.000	0	0	0	0	0	0	0	7	0	0	0	0	0	0	0	0	28	0	6	2	0	0	0	0	0	15	0	0	0	0	0	0	0	0	0	0
349.200	0	0	0	0	0	0	0	7	0	0	0	0	0	0	0	0	21	0	12	5	0	0	0	0	0	17	0	0	0	0	0	0	0	0	0	0
349.400	0	0	0	0	0	0	0	10	0	0	0	0	0	0	0	0	17	0	16	3	0	0	0	0	0	8	0	0	0	0	0	0	0	0	0	0
349.600	0	0	0	0	0	0	0	8	0	0	0	0	0	0	0	0	18	0	11	3	0	0	0	0	0	6	0	0	0	0	0	0	0	0	0	0
349.800	0	0	0	0	0	0	0	8	0	0	0	0	0	0	0	0	19	0	17	4	0	0	0	0	0	6	0	0	0	0	0	0	0	0	0	0
350.000	0	0	0	0	0	0	0	4	0	0	0	0	0	0	0	0	12	1	16	1	0	0	0	0	0	5	1	0	0	0	0	0	0	0	0	0
350.200	0	0	0	0	0	0	0	7	0	0	0	0	0	0	0	0	23	0	13	3	0	0	0	0	0	8	1	0	0	0	0	0	0	0	0	0
350.400	0	0	0	0	0	0	0	8	0	0	0	0	0	0	0	0	15	0	9	1	0	0	0	0	0	4	0	0	0	0	0	0	0	0	0	0
350.600	0	0	0	0	0	0	0	7	0	0	0	0	0	0	0	0	23	0	9	0	0	0	0	0	0	1	0	0	0	0	0	0	0	0	0	0
350.800	0	0	0	0	0	0	0	11	0	0	0	0	0	0	0	0	18	0	13	1	0	0	0	0	0	5	0	0	0	0	0	0	0	0	0	0
351.000	0	0	0	0	0	0	0	10	0	0	0	0	0	0	0	0	19	0	12	1	0	0	0	0	0	3	0	0	0	0	0	0	0	0	0	0
351.200	0	0	0	0	0	0	0	12	0	0	0	0	0	0	0	0	26	0	14	1	0	0	0	0	0	3	0	0	0	0	0	0	0	0	0	0
351.400	0	0	0	0	0	0	0	13	0	0	0	0	0	0	0	0	10	1	15	2	0	0	0	0	0	5	0	0	0	0	0	0	0	0	0	0
351.600	0	0	0	0	0	0	0	14	0	0	0	0	0	0	0	0	17	0	12	4	0	0	0	0	0	6	0	0	0	0	0	0	0	0	0	0
351.800	0	0	0	0	0	0	0	13	0	0	0	0	0	0	0	0	23	0	16	4	0	0	0	0	0	3	0	0	0	0	0	0	0	0	0	0
352.000	0	0	0	0	0	0	0	7	0	0	0	0	0	0	0	0	30	1	13	3	0	0	0	0	0	4	0	0	0	0	0	0	0	0	0	0
352.200	0	0	0	0	0	0	0	8	0	0	0	0	0	0	0	0	29	1	13	3	0	0	0	0	0	3	0	0	0	0	0	0	0	0	0	0
352.400	0	0	0	0	0	0	0	8	0	0	0	0	0	0	0	0	27	0	17	4	0	0	0	0	0	7	0	0	0	0	0	0	0	0	0	0
352.600	0	0	0	0	0	0	0	14	0	0	0	0	0	0	0	0	26	0	15	1	0	0	0	0	0	6	0	0	0	0	0	0	0	0	0	0
352.800	0	0	0	0	0	0	0	8	0	0	0	0	0	0	0	0	24	0	12	4	0	0	0	0	0	5	0	0	0	0	0	0	0	0	0	0
353.000	0	0	0	0	0	0	0	12	0	0	0	0	0	0	0	0	20	0	9	2	0	0	0	0	0	6	0	0	0	0	0	0	0	0	0	1
353.200	0	0	0	0	0	0	0	10	0	0	0	0	0	0	0	0	19	0	13	3	0	0	3	0	0	4	0	0	0	0	0	0	0	0	0	0
353.400	0	0	0	0	0	0	0	8	0	0	0	0	0	0	0	0	15	0	14	4	0	0	1	0	0	6	0	0	0	0	0	0	0	0	0	0
353.600	0	0	0	0	0	0	0	9	0	0	0	0	0	0	0	0	11	0	16	3	0	0	1	0	0	6	0	0	0	0	0	0	0	0	0	0
353.800	0	0	0	0	0	0	0	12	0	0	0	0	0	0	0	0	19	0	14	1	0	0	1	0	0	5	0	0	0	0	0	0	0	0	0	0
354.000	0	0	0	0	0	0	0	9	1	0	0	0	0	0	0	0	22	1	15	2	0	0	0	0	0	6	0	0	0	0	0	0	0	0	0	0
354.200	0	0	0	0	0	0	0	9	0	0	0	0	0	0	0	0	24	0	16	4	0	0	0	0	0	6	0	0	0	0	0	0	0	0	0	0
354.400	0	0	0	0	0	0	0	15	0	0	0	0	0	0	0	0	18	0	13	3	0	0	0	0	0	6	0	0	0	0	0	0	0	0	0	0
354.600	0	0	0	0	0	0	0	9	0	0	0	0	0	0	0	0	22	0	6	5	0	0	0	0	0	6	0	0	0	0	0	0	0	0	0	0
354.800	0	0	0	0	0	0	0	9	0	0	0	0	0	0	0	0	16	0	8	1	0	0	0	0	0	6	0	0	0	0	0	0	0	0	0	0
355.000	0	0	0	0	0	0	0	7	1	0	0	0	0	0	0	0	17	0	4	2	0	0	0	0	0	6	0	0	0	0	0	0	0	0	0	0
355.200	0	0	0	0	0	0	0	2	1	0	0	0	0	0	0	0	18	0	4	6	0	0	0	0	0	6	0	0	0	0	0	0	0	0	0	0
355.400	0	0	0	0	0	0	0	4	0	0	0	0	0	0	0	0	19	0	7	3	0	0	0	0	0	4	0	0	0	0	0	0	0	0	0	0
355.600	0	0	0	0	0	0	0	6	0	0	0	0	0	0	0	0	12	0	10	4	0	0	0	0	0	5	0	0	0	0	0	0	0	0	0	0
355.800	0	0	0	0	0	0	0	8	0	0	0	0	0	0	0	0	17	0	6	1	0	0	0	0	0	6	1	0	0	0	0	0	0	0	0	0
356.000	0	0	0	0	0	0	0	8	0	0	0	0	0	0	0	0	13	0	5	2	0	0	0	0	0	6	0	0	0	0	0	0	0	0	0	0
356.200	0	0	0	0	0	0	0	9	0	0	0	0	0	0	0	0	15	0	12	4	0	0	0	0	0	6	0	0	0	0	0	0	0	0	0	0
356.400	0	0	0	0	0	0	0	9	0	0	0	0	0	0	0	0	22	0	10	3	0	0	0	0	0	7	0	0	0	0	0	0	0	0	0	0
356.600	0	0	0	0	0	0	0	5	0	0	0	0	0	0	0	0	19	0	7	3	0	0	0	0	0	6	0	0	0	0	0	0	0	0	0	0
356.800	0	0	0	0	0	0	0	8	0	0	0	0	0	0	0	0	19	0	17	5	0	0	0	0	0	8	0	0	0	0	0	0	0	0	0	0
357.000	0	0	0	0	0	0	0	7	1	0	0	0	0	0	0	0	21	0	13	1	0	0	0	0	0	5	0	0	0	0	0	0	0	0	0	0
357.200	0	0	0	0	0	0	0	7	0	0	0	0	0	0	0	0	15	0	6	5	0	0	0	0	0	6	0	0	0	0	0	0	0	0	0	0
357.400	0	0	0	0	0	0	0	9	0	0	0	0	0	0	0	0	24	0	8	2	0	0	0	0	0	6	0	0	0	0	0	0	0	0	0	0
357.600	0	0	0	0	0	0	0	9	0	0	0	0	0	0	0	0	16	0	11	3	0	0	0	0	0	6	0	0	0	0	0	0	0	0	0	0
357.800	0	0	0	0	0	0	0	6	0	0	0	0	0	0	0	0	19	0	11	4	0	0	0	0	0	6	0	0	0	0	0	0	0	0	0	0
358.000	0	0	0	0	0	0	0	8	1	0	0	0	0	0	0	0	20	0	11	2	0	0	0	0	0	6	1	0	0	0	0	0	0	0	0	0
358.200	0	0	0	0	0	0	0	10	0	0	0	0	0	0	0	0	24	0	12	5	0	0	0	0	0	6	3	0	0	0	0	0	0	0	0	0
358.400	0	0	0	0	0	0	0	11	0	0	0	0	0	0	0	0	24	0	11	4	0	0	0	0	0	6	1	0	0	0	0	0	0	0	0	0
358.600	0	0	0	0	0	0	0	12	0	0	0	0	0	0	0	0	9	0	13	6	0	0	0	0	0	9	0	0	0	0	0	0	0	0	0	0
358.800	0	0	0	0	0	0	0	9	0	0	0	0	0	0	0	0	19	0	15	4	0	0	0	0	0	12	0	0	0	0	0	0	0	0	0	0
359.000	0	0	0	0	0	0	0	4	0	0	0	0	0	0	0	0	19	0	4	2	0	0	0	0	0	9	0	0	0	0	0	0	0	0	0	0
359.200	0	0	0	0	0	0	0	8	0	0	0	0	0	0	0	0	13	0	6	1	0	0	0	0	0	17	0	0	0	0	0	0	0	0	0	0
359.400	0	0	0	0	0	0	0	7	0	0	0	0	0	0	0	0	20	0	5	2	0	0	0	0	0	6	0	0	0	0	0	0	0	0	0	0
359.600	0	0	0	0	0	0	0	14	0	0	0	0	0	0	0	0	21	0	4	3	0	0	0	0	0	15	1	0	0	0	0	0	0	0	0	0
359.800	0	0	0	0	0	0	0	12	1	0	0	0	0	0	0	0	15	0	10	1	0	0	0	0	0	5	1	0	0	0	0	0	0	0	0	0
360.000	0	0	0	0	0	0	0	8	1	0	0	0	0	0	0	0	20	0	9	1	0	0	0	0	0	10	0	0	0	0	0	0	0	0	0	0
360.200	0	0	0	0	0	0	0	16	0	0	0	0	0	0	0	0	18	0	6	1	0	0	0	0	0	9	0	0	0	0	0	0	0	0	0	0
360.400	0	0	0	0	0	0	0	13	0	0	0	0	0	0	0	0	20	0	18	1	0	0	0	0	0	18	0	0	0	0	0	0	0	0	0	0
360.600	0	0	0	0	0	0	0	13	0	0	0	0	0	0	0	0	14	0	11	1	0	0	0	0	0	10	0	0	0	0	0	0	0	0	0	0
360.800	0	0	0	0	0	0	0	6	0	0	0	0	0	0	0	0	8	0	12	1	0	0	0	0	0	7	0	0	0	0	0	0	0	0	0	0
361.000	0	0	0	0	0	0	0	3	0	0	0	0	0	0	0	0	10	0	16	1	0	0	0	0	0	13	0	0	0	0	0	0	0	0	0	1
361.200	0	0	0	0	0	0	0	9	0	0	0	0	0	0	0	0	21	0	13	1	0	0	0	0	0	10	0	0	0	0	0	0	0	0	0	1
361.400	0	0	0	0	0	0	0	11	0	0	0	0	0	0	0	0	9	0	14	2	0	0	0	0	0	13	0	0	0	0	0	0	0	0	0	1
361.600	0	0	0	0	0	0	0	6	0	0	0	0	0	0	0	0	9	0	6	1	0	0	0	0	0	6	0	0	0	0	0	0	0	0	0	1
361.800	0	0	0	0	0	0	0	11	0	0	0	0	0	0	0	0	7	0	14	3	0	0	0	0	0	7	0	0	0	0	0	0	0	0	0	1
362.000	0	0	0	0	0	0	0	11	0	0	0	0	0	0	0	0	10	0	15	3	0	0	0	0	0	5	0	0	0	0	0	0	0	0	0	3
362.200	0	0	0	0	0	0	0	9	0	0	0	0	0	0	0	0	6	0	14	4	0	0	0	0	0	7	0	0	0	0	0	0	0	0	0	4
362.400	0	0	0	0	0	0	0	9	0	0	0	0	0	0	0	0	15	0	9	1	0	0	0	0	0	7	0	0	0	0	0	0	0	0	0	1
362.600	0	0	0	0	0	0	0	8	0	0	0	0	0	0	0	0	12	0	3	1	0	0	0	0	0	11	0	0	0	0	0	0	0	0	0	3
362.800	0	0	0	0	0	0	0	12	0	0	0	0	0	0	0	0	22	0	5	1	0	0	0	0	0	10	0	0	0	0	0	0	0	0	0	2
363.000	0	0	0	0	0	0	0	9	0	0	0	0	0	0	0	0	17	0	10	1	0	0	0	0	0	8	0	0	0	0	0	0	0	0	0	2
363.200	0	0	0	0	0	0	0	7	0	0	0	0	0	0	0	0	9	0	13	2	0	0	0	0	0	10	0	0	0	0	0	0	0	0	0	3
363.400	0	0	0	0	0	0	0	12	0	0	0	0	0	0	0	0	11	0	10	1	0	0	0	0	0	17	0	0	0	0	0	0	0	0	0	3
363.600	0	0	0	0	0	0	0	11	0	0	0	0	0	0	0	0	16	0	2	1	0	0	0	0	0	9	0	0	0	0	0	0	0	0	0	2
363.800	0	0	0	0	0	0	0	11	0	0	0	0	0	0	0	0	10	0	12	3	0	0	0	0	0	13	0	0	0	0	0	0	0	0	0	0
364.000	0	0	0	0	0	0	0	16	0	0	0	0	0	0	0	0	10	0	13	4	0	0	0	0	0	12	0	0	0	0	0	0	0	0	0	0
364.200	0	0	0	0	0	0	0	9	0	0	0	0	0	0	0	0	10	0	10	0	0	0	0	0	0	11	0	0	0	0	0	0	0	0	0	1
364.400	0	0	0	0	0	0	0	12	0	0	0	0	0	0	0	0	13	0	17	0	0	0	0	0	0	15	0	0	0	0	0	0	0	0	0	2
364.600	0	0	0	0	0	0	0	9	0	0	0	0	0	0	0	0	21	0	12	1	0	0	0	0	0	14	0	0	0	0	0	0	0	0	0	1
364.800	0	0	0	0	0	0	0	10	0	0	0	0	0	0	0	0	20	0	13	3	0	0	0	0	0	14	0	0	0	0	0	0	0	0	0	3
365.000	0	0	0	0	0	0	0	11	0	0	0	0	0	0	0	0	10	0	14	0	0	0	0	0	0	10	0	0	0	0	0	0	0	0	0	4
365.200	0	0	0	0	0	0	0	11	0	0	0	0	0	0	0	0	11	0	11	1	0	0	0	0	0	12	0	0	0	0	0	0	0	0	0	4
365.400	0	0	0	0	0	0	0	9	0	0	0	0	0	0	0	0	14	0	8	1	0	0	0	0	0	11	0	0	0	0	0	0	0	0	0	6
365.600	0	0	0	0	0	0	0	7	0	0	0	0	0	0	0	0	11	0	13	2	0	0	0	0	0	13	0	0	0	0	0	0	0	0	0	5
365.800	0	0	0	0	0	0	0	6	0	0	0	0	0	0	0	0	14	0	11	1	0	0	0	0	0	7	0	0	0	0	0	0	0	0	0	2
366.000	0	0	0	0	0	0	0	6	0	0	0	0	0	0	0	0	11	0	11	2	0	0	0	0	0	8	0	0	0	0	0	0	0	0	0	0
366.200	0	0	0	0	0	0	0	9	0	0	0	0	0	0	0	0	12	0	13	2	0	0	0	0	0	8	0	0	0	0	0	0	0	0	0	0
366.400	0	0	0	0	0	0	0	13	0	0	0	0	0	0	0	1	9	0	10	4	0	0	0	0	0	10	0	0	0	0	0	0	0	0	0	0
366.600	0	0	0	0	0	0	0	9	0	0	0	0	0	0	0	0	16	0	12	1	0	0	0	0	0	10	0	0	0	0	0	0	0	0	0	0
366.800	0	0	0	0	0	0	0	8	0	0	0	0	0	0	0	0	8	0	9	1	0	0	0	0	0	11	0	0	0	0	0	0	0	0	0	0
367.000	0	0	0	0	0	0	0	12	0	0	0	0	0	0	0	0	10	0	8	0	0	0	0	0	0	10	0	0	0	0	0	0	0	0	0	0
367.200	0	0	0	0	0	0	0	11	0	0	0	0	0	0	0	0	16	0	8	1	0	0	0	0	0	7	0	0	0	0	0	0	0	0	0	2
367.400	0	0	0	0	0	0	0	12	0	0	0	0	0	0	0	0	11	1	10	2	0	0	0	0	0	13	0	0	0	0	0	0	0	0	0	0
367.600	0	0	0	0	0	0	0	8	0	0	0	0	0	0	0	0	12	0	11	1	0	0	0	0	0	11	0	0	0	0	0	0	0	0	0	1
367.800	0	0	0	0	0	0	0	12	0	0	0	0	0	0	0	0	11	0	18	2	0	0	0	0	0	5	0	0	0	0	0	0	0	0	0	0
368.000	0	0	0	0	0	0	0	12	0	0	0	0	0	0	0	0	15	0	13	2	0	0	1	0	0	6	0	0	0	0	0	0	0	0	0	1
368.200	0	0	0	0	0	0	0	12	0	0	0	0	0	0	0	0	10	0	15	2	0	0	0	0	0	6	0	0	0	0	0	0	0	0	0	2
368.400	0	0	0	0	0	0	0	9	0	0	0	0	0	0	0	0	16	1	10	0	0	0	0	0	0	8	0	0	0	0	0	0	0	0	0	3
368.600	0	0	0	0	0	0	0	6	0	0	0	0	0	0	0	0	9	0	15	1	0	0	0	0	0	7	0	0	0	0	0	0	0	0	0	4
368.800	0	0	0	0	0	0	0	8	0	0	0	0	0	0	0	0	15	0	10	2	0	0	1	0	0	5	0	0	0	0	0	0	0	0	0	0
369.000	0	0	0	0	0	0	0	9	0	0	0	0	0	0	0	0	17	0	14	1	0	0	1	0	0	8	0	0	0	0	0	0	0	0	0	0
369.200	0	0	0	0	0	0	0	9	0	0	0	0	0	0	0	0	8	0	14	2	0	0	2	0	0	9	0	0	0	0	0	0	0	0	0	0
369.400	0	0	0	0	0	0	0	10	0	0	0	0	0	0	0	0	14	0	14	1	0	0	2	0	0	6	0	0	0	0	0	0	0	0	0	1
369.600	0	0	0	0	0	0	0	9	0	0	0	0	0	0	0	0	18	0	14	3	0	0	2	0	0	10	0	0	0	0	0	0	0	0	0	1
369.800	0	0	0	0	0	0	0	9	0	0	0	0	0	0	0	0	15	0	12	1	0	0	0	0	0	12	0	0	0	0	0	0	0	0	0	5
370.000	0	0	0	0	0	0	0	10	0	0	0	0	0	0	0	0	13	0	11	4	0	0	0	0	0	10	0	0	0	0	0	0	0	0	0	4
370.200	0	0	0	0	0	0	0	8	0	0	0	0	0	0	0	0	8	0	12	3	0	0	0	0	0	9	0	0	0	0	0	0	0	0	0	0
370.400	0	0	0	0	0	0	0	8	0	0	0	0	0	0	0	0	15	0	15	1	0	0	0	0	0	8	0	0	0	0	0	0	0	0	0	2
370.600	0	0	0	0	0	0	0	7	0	0	0	0	0	0	0	0	13	0	9	2	0	0	0	0	0	6	0	0	0	0	0	0	0	0	0	0
370.800	0	0	0	0	0	0	0	5	0	0	0	0	0	0	0	0	22	0	6	4	0	0	0	0	0	10	0	0	0	0	0	0	0	0	0	0
371.000	0	0	0	0	0	0	0	8	0	0	0	0	0	0	0	0	12	0	12	2	0	0	0	0	0	12	0	0	0	0	0	0	0	0	0	0
371.200	0	0	0	0	0	0	0	4	0	0	0	0	0	0	0	0	11	0	10	0	0	0	0	0	0	8	0	0	0	0	0	0	0	0	0	0
371.400	0	0	0	0	0	0	0	10	0	0	0	0	0	0	0	0	14	0	9	4	0	0	0	0	0	8	0	0	0	0	0	0	0	0	0	0
371.600	0	0	0	0	0	0	0	11	0	0	0	0	0	0	0	0	13	0	9	1	0	0	0	0	0	6	0	0	0	0	0	0	0	0	0	0
371.800	0	0	0	0	0	0	0	12	0	0	0	0	0	0	0	0	18	0	9	1	0	0	0	0	0	6	0	0	0	0	0	0	0	0	0	1
372.000	0	0	0	0	0	0	0	9	0	0	0	0	0	0	0	0	11	0	16	0	0	0	0	0	0	8	0	0	0	0	0	0	0	0	0	0
372.200	0	0	0	0	0	0	0	6	0	0	0	0	0	0	0	0	9	0	12	1	0	0	0	0	0	10	0	0	0	0	0	0	0	0	0	0
372.400	0	0	0	0	0	0	0	8	0	0	0	0	0	0	0	0	11	1	8	1	0	0	0	0	0	7	0	0	0	0	0	0	0	0	0	1
372.600	0	0	0	0	0	0	0	9	0	0	0	0	0	0	0	0	17	0	10	0	0	0	0	0	0	9	0	0	0	0	0	0	0	0	0	0
372.800	0	0	0	0	0	0	0	9	0	0	0	0	0	0	0	0	11	0	13	3	0	0	0	0	0	8	0	0	0	0	0	0	0	0	0	0
373.000	0	0	0	0	0	0	0	7	0	0	0	0	0	0	0	0	9	1	14	3	0	0	0	0	0	13	0	0	0	0	0	0	0	0	0	0
373.200	0	0	0	0	0	0	0	5	0	0	0	0	0	0	0	0	13	0	13	4	0	0	0	0	0	8	0	0	0	0	0	0	0	0	0	0
373.400	0	0	0	0	0	0	0	8	0	0	0	0	0	0	0	0	14	0	7	0	0	0	0	0	0	8	0	0	0	0	0	0	0	0	0	1
373.600	0	0	0	0	0	0	0	7	0	0	0	0	0	0	0	0	13	1	8	1	0	0	0	0	0	8	0	0	0	0	0	0	0	0	0	2
373.800	0	0	0	0	0	0	0	8	0	0	0	0	0	0	0	0	21	1	9	4	0	0	0	0	0	8	0	0	0	0	0	0	0	0	0	2
374.000	0	0	0	0	0	0	0	9	0	0	0	0	0	0	0	0	24	0	10	2	0	0	0	0	0	6	0	0	0	0	0	0	0	0	0	1
374.200	0	0	0	0	0	0	0	7	0	0	0	0	0	0	0	0	20	0	12	0	0	0	0	0	0	3	0	0	0	0	0	0	0	0	0	0
374.400	0	0	0	0	0	0	0	10	0	0	0	0	0	0	0	0	20	0	10	0	0	0	0	0	0	5	0	0	0	0	0	0	0	0	0	0
374.600	0	0	0	0	0	0	0	7	0	0	0	0	0	0	0	0	14	0	5	1	0	0	0	0	0	8	0	0	0	0	0	0	0	0	0	0
374.800	0	0	0	0	0	0	0	10	0	0	0	0	0	0	0	0	8	0	2	3	0	0	0	0	0	7	0	0	0	0	0	0	0	0	0	0
375.000	0	0	0	0	0	0	0	10	0	0	0	0	0	0	0	0	23	0	7	1	0	0	0	0	0	4	0	0	0	0	0	0	0	0	0	1
375.200	0	0	0	0	0	0	0	8	0	0	0	0	0	0	0	0	12	1	11	2	0	0	0	0	0	8	0	0	0	0	0	0	0	0	0	0
375.400	0	0	0	0	0	0	0	8	0	0	0	0	0	0	0	0	16	0	16	3	0	0	0	0	0	7	0	0	0	0	0	0	0	0	0	0
375.600	0	0	0	0	0	0	0	5	0	0	0	0	0	0	0	0	13	0	7	2	0	0	0	0	0	4	0	0	0	0	0	0	0	0	0	0
375.800	0	0	0	0	0	0	0	7	0	0	0	0	0	0	0	0	11	0	14	5	0	0	0	0	0	5	0	0	0	0	0	0	0	0	0	0
376.000	0	0	0	0	0	0	0	6	0	0	0	0	0	0	0	0	11	0	16	5	0	0	0	0	0	8	0	0	0	0	0	0	0	0	0	0
376.200	0	0	0	0	0	0	0	8	0	0	0	0	0	0	0	0	15	0	12	2	0	0	0	0	0	4	0	0	0	0	0	0	0	0	0	0
376.400	0	0	0	0	0	0	0	11	0	0	0	0	0	0	0	0	10	0	10	3	0	0	0	0	0	5	0	0	0	0	0	0	0	0	0	1
376.600	0	0	0	0	0	0	0	7	0	0	0	0	0	0	0	0	18	0	13	5	0	0	0	0	0	8	0	0	0	0	0	0	0	0	0	4
376.800	0	0	0	0	0	0	0	7	0	0	0	0	0	0	0	0	13	0	12	1	0	0	0	0	0	16	0	0	0	0	0	0	0	0	0	5
377.000	0	0	0	0	0	0	0	10	0	0	0	0	0	0	0	0	15	0	13	1	0	0	0	0	0	5	0	0	0	0	0	0	0	0	0	4
377.200	0	0	0	0	0	0	0	7	0	0	0	0	0	0	0	0	7	0	14	2	0	0	0	0	0	4	0	0	0	0	0	0	0	0	0	5
377.400	0	0	0	0	0	0	0	8	0	0	0	0	0	0	0	0	14	0	14	3	0	0	0	0	0	6	0	0	0	0	0	0	0	0	0	6
377.600	0	0	0	0	0	0	0	10	0	0	0	0	0	0	0	0	16	0	8	1	0	0	0	0	0	6	0	0	0	0	0	0	0	0	0	5
377.800	0	0	0	0	0	0	0	8	0	0	0	0	0	0	0	0	18	0	13	2	0	0	0	0	0	6	0	0	0	0	0	0	0	0	0	4
378.000	0	0	0	0	0	0	0	8	0	0	0	0	0	0	0	0	12	0	14	1	0	0	0	0	0	7	0	0	0	0	0	0	0	0	0	4
378.200	0	0	0	0	0	0	0	5	0	0	0	0	0	0	0	0	10	0	18	2	0	0	0	0	0	8	0	0	0	0	0	0	0	0	0	8
378.400	0	0	0	0	0	0	0	5	0	0	0	0	0	0	0	0	9	0	18	2	0	0	0	0	0	6	0	0	0	0	0	0	0	0	0	2
378.600	0	0	0	0	0	0	0	12	0	0	0	0	0	0	0	0	12	0	17	3	0	0	0	0	0	6	0	0	0	0	0	0	0	0	0	5
378.800	0	0	0	0	0	0	0	5	0	0	0	0	0	0	0	0	16	0	11	5	0	0	0	0	0	5	0	0	0	0	0	0	0	0	0	2
379.000	0	0	0	0	0	0	0	9	0	0	0	0	0	0	0	0	14	0	10	2	0	0	0	0	0	8	0	0	0	0	0	0	0	0	0	5
379.200	0	0	0	0	0	0	0	5	0	0	0	0	0	0	0	0	10	0	11	0	0	0	0	0	0	7	0	0	0	0	0	0	0	0	0	2
379.400	0	0	0	0	0	0	0	6	0	0	0	0	0	0	0	0	15	0	14	0	0	0	0	0	0	6	0	0	0	0	0	0	0	0	0	2
379.600	0	0	0	0	0	0	0	5	0	0	0	0	0	0	0	0	19	0	9	2	0	0	1	0	0	6	0	0	0	0	0	0	0	0	0	3
379.800	0	0	0	0	0	0	0	6	0	0	0	0	0	0	0	0	19	0	7	2	0	0	2	0	0	11	0	0	0	0	0	0	0	0	0	1
380.000	0	0	0	0	0	0	0	9	0	0	0	0	0	0	0	0	12	0	6	1	0	0	0	0	0	8	0	0	0	0	0	0	0	0	0	2
380.200	0	0	0	0	0	0	0	7	0	0	0	0	0	0	0	0	12	0	9	2	0	0	0	0	0	6	0	0	0	0	0	0	0	0	0	2
380.400	0	0	0	0	0	0	0	5	0	0	0	0	0	0	0	0	6	0	6	3	0	0	2	0	0	10	0	0	0	0	0	0	0	0	0	2
380.600	0	0	0	0	0	0	0	9	0	0	0	0	0	0	0	0	13	0	9	4	0	0	1	0	0	11	0	0	0	0	0	0	0	0	0	6
380.800	0	0	0	0	0	0	0	5	0	0	0	0	0	0	0	0	7	0	13	1	0	0	1	0	0	6	0	0	0	0	0	0	0	0	0	4
381.000	0	0	0	0	0	0	0	4	0	0	0	0	0	0	0	0	6	0	6	3	0	0	0	0	0	4	0	0	0	0	0	0	0	0	0	6
381.200	0	0	0	0	0	0	0	5	0	0	0	0	0	0	0	0	20	0	6	3	0	0	0	0	0	7	0	0	0	0	0	0	0	0	0	9
381.400	0	0	0	0	0	0	0	5	0	0	0	0	0	0	0	0	17	0	8	7	0	0	2	0	0	8	0	0	0	0	0	0	0	0	0	6
381.600	0	0	0	0	0	0	0	7	0	0	0	0	0	0	0	0	13	0	10	0	0	0	1	0	0	8	0	0	0	0	0	0	0	0	0	4
381.800	0	0	0	0	0	0	0	5	0	0	0	0	0	0	0	0	16	0	8	3	0	0	0	0	0	6	0	0	0	0	0	0	0	0	0	7
382.000	0	0	0	0	0	0	0	5	0	0	0	0	0	0	0	0	12	0	7	2	0	0	0	0	0	8	0	0	0	0	0	0	0	0	0	5
382.200	0	0	0	0	0	0	0	5	0	0	0	0	0	0	0	0	17	0	17	3	0	0	1	0	0	9	0	0	0	0	0	0	0	0	0	5
382.400	0	0	0	0	0	0	0	5	0	0	0	0	0	0	0	0	19	0	9	1	0	0	0	0	0	7	0	0	0	0	0	0	0	0	0	7
382.600	0	0	0	0	0	0	0	7	0	0	0	0	0	0	0	0	10	0	7	1	0	0	1	0	0	6	0	0	0	0	0	0	0	0	0	6
382.800	0	0	0	0	0	0	0	11	0	0	0	0	0	0	0	0	16	0	13	0	0	0	2	0	0	8	0	0	0	0	0	0	0	0	0	6
383.000	0	0	0	0	0	0	0	5	0	0	0	0	0	0	0	0	14	0	11	1	0	0	1	0	0	6	0	0	0	0	0	0	0	0	0	5
383.200	0	0	0	0	0	0	0	6	0	0	0	0	0	0	0	0	16	0	12	1	0	0	0	0	0	7	0	0	0	0	0	0	0	0	0	7
383.400	0	0	0	0	0	0	0	6	0	0	0	0	0	0	0	0	14	0	12	1	0	0	0	0	0	6	0	0	0	0	0	0	0	0	0	6
383.600	0	0	0	0	0	0	0	9	0	0	0	0	0	0	0	0	16	0	11	5	0	0	1	0	0	5	0	0	0	0	0	0	0	0	0	6
383.800	0	0	0	0	0	0	0	5	0	0	0	0	0	0	0	0	18	0	14	3	0	0	0	0	0	8	0	0	0	0	0	0	0	0	0	5
384.000	0	0	0	0	0	0	0	5	0	0	0	0	0	0	0	0	14	0	14	8	0	0	0	0	0	12	0	0	0	0	0	0	0	0	0	5
384.200	0	0	0	0	0	0	0	5	0	0	0	0	0	0	0	0	21	0	18	4	0	0	2	0	0	11	0	0	0	0	0	0	0	0	0	5
384.400	0	0	0	0	0	0	0	6	0	0	0	0	0	0	0	0	22	0	9	5	0	0	2	0	0	17	0	0	0	0	0	0	0	0	0	5
384.600	0	0	0	0	0	0	0	4	0	0	0	0	0	0	0	0	18	0	10	3	0	0	0	0	0	7	0	0	0	0	0	0	0	0	0	5
384.800	0	0	0	0	0	0	0	6	0	0	0	0	0	0	0	0	16	0	13	2	0	0	2	0	0	5	0	0	0	0	0	0	0	0	0	4
385.000	0	0	0	0	0	0	0	4	0	0	0	0	0	0	0	0	15	0	7	4	0	0	0	0	0	16	0	0	0	0	0	0	0	0	0	5
385.200	0	0	0	0	0	0	0	5	0	0	0	0	0	0	0	0	18	0	6	1	0	0	0	0	0	11	0	0	0	0	0	0	0	0	0	4
385.400	0	0	0	0	0	0	0	8	0	0	0	0	0	0	0	0	15	0	11	1	0	0	0	0	0	15	0	0	0	0	0	0	0	0	0	6
385.600	0	0	0	0	0	0	0	5	0	0	0	0	0	0	0	0	19	0	9	2	0	0	1	0	0	15	0	0	0	0	0	0	0	0	0	6
385.800	0	0	0	0	0	0	0	5	0	0	0	0	0	0	0	0	17	0	12	1	0	0	2	0	0	14	0	0	0	0	0	0	0	0	0	2
386.000	0	0	0	0	0	0	0	4	2	0	0	0	0	0	0	0	24	0	5	2	0	0	1	0	0	17	0	0	0	0	0	0	0	0	0	5
386.200	0	0	0	0	0	0	0	1	3	0	0	0	0	0	0	0	20	0	12	5	0	0	1	0	0	17	0	0	0	0	0	0	0	0	0	5
386.400	0	0	0	0	0	0	0	4	2	0	0	0	0	0	0	0	16	0	15	3	0	0	0	0	0	9	0	0	0	0	0	0	0	0	0	4
386.600	0	0	0	0	0	0	0	6	0	0	0	0	0	0	0	0	21	0	6	5	0	0	0	0	0	15	0	0	0	0	0	0	0	0	0	5
386.800	0	0	0	0	0	0	0	4	1	0	0	0	0	0	0	0	18	0	10	4	0	0	0	0	0	16	0	0	0	0	0	0	0	0	0	6
387.000	0	0	0	0	0	0	0	5	0	0	0	0	0	0	0	0	17	0	11	6	0	0	0	0	0	17	0	0	0	0	0	0	0	0	0	5
387.200	0	0	0	0	0	0	0	5	0	0	0	0	0	0	0	0	16	0	4	6	0	0	0	0	0	10	0	0	0	0	0	0	0	0	0	3
387.400	0	0	0	0	0	0	0	6	0	0	0	0	0	0	0	0	18	0	10	4	0	0	0	0	0	11	0	0	0	0	0	0	0	0	0	1
387.600	0	0	0	0	0	0	0	6	0	0	0	0	0	0	0	0	21	0	6	8	0	0	0	0	0	8	0	0	0	0	0	0	0	0	0	4
387.800	0	0	0	0	0	0	0	9	0	0	0	0	0	0	0	0	20	0	16	8	0	0	1	0	0	8	0	0	0	0	0	0	0	0	0	5
388.000	0	0	0	0	0	0	0	5	0	0	0	0	0	0	0	0	23	0	9	7	0	0	3	0	0	10	0	0	0	0	0	0	0	0	0	5
388.200	0	0	0	0	0	0	0	5	0	0	0	0	0	0	0	0	19	0	2	2	0	0	2	0	0	7	0	0	0	0	0	0	0	0	0	5
388.400	0	0	0	0	0	0	0	5	0	0	0	0	0	0	0	0	14	0	10	4	0	0	2	0	0	6	0	0	0	0	0	0	0	0	0	5
388.600	0	0	0	0	0	0	0	2	0	0	0	0	0	0	0	0	17	0	5	3	0	0	1	0	0	13	0	0	0	0	0	0	0	0	0	4
388.800	0	0	0	0	0	0	0	3	0	0	0	0	0	0	0	0	18	0	13	1	0	0	0	0	0	17	0	0	0	0	0	0	0	0	0	5
389.000	0	0	0	0	0	0	0	5	0	0	0	0	0	0	0	0	16	0	2	3	0	0	0	0	0	8	0	0	0	0	0	0	0	0	0	6
389.200	0	0	0	0	0	0	0	9	0	0	0	0	0	0	0	0	19	0	9	5	0	0	0	0	0	14	0	0	0	0	0	0	0	0	0	6
389.400	0	0	0	0	0	0	0	7	0	0	0	0	0	0	0	0	29	0	15	4	0	0	2	0	0	15	0	1	0	0	0	0	0	0	0	5
389.600	0	0	0	0	0	0	0	8	0	0	0	0	0	0	0	0	22	0	12	6	0	0	0	0	0	13	0	0	0	0	0	0	0	0	0	6
389.800	0	0	0	0	0	0	0	5	0	0	0	0	0	0	0	0	20	0	13	2	0	0	2	0	0	13	0	0	0	0	0	0	0	0	0	5
390.000	0	0	0	0	0	0	0	6	0	0	0	0	0	0	0	0	16	0	19	4	0	0	2	0	0	10	0	0	0	0	0	0	0	0	0	4
390.200	0	0	0	0	0	0	0	5	0	0	0	0	0	0	0	0	13	0	14	2	0	0	2	0	0	19	0	0	0	0	0	0	0	0	0	4
390.400	0	0	0	0	0	0	0	5	0	0	0	0	0	0	0	0	15	0	12	3	0	0	2	0	0	9	0	0	0	0	0	0	0	0	0	6
390.600	0	0	0	0	0	0	0	2	0	0	0	0	0	0	0	0	21	0	11	3	0	0	2	0	0	12	0	0	0	0	0	0	0	0	0	2
390.800	0	0	0	0	0	0	0	5	0	0	0	0	0	0	0	0	16	0	14	2	0	0	2	0	0	7	0	0	0	0	0	0	0	0	0	4
391.000	0	0	0	0	0	0	0	7	0	0	0	0	0	0	0	0	18	0	5	5	0	0	2	0	0	18	0	1	0	0	0	0	0	0	0	5
391.200	0	0	0	0	0	0	0	5	0	0	0	0	0	0	0	0	18	0	7	1	0	0	0	0	0	14	0	1	0	0	0	0	0	0	0	5
391.400	0	0	0	0	0	0	0	6	0	0	0	0	0	0	0	0	13	0	11	2	0	0	0	0	0	11	0	2	0	0	0	0	0	0	0	5
391.600	0	0	0	0	0	0	0	5	0	0	0	0	0	0	0	0	10	0	12	1	0	0	2	0	0	9	0	1	0	0	0	0	0	0	0	5
391.800	0	0	0	0	0	0	0	6	0	0	0	0	0	0	0	0	20	0	13	1	0	0	2	0	0	10	0	2	0	0	0	0	0	0	0	5
392.000	0	0	0	0	0	0	0	5	0	0	0	0	0	0	0	0	19	0	7	0	0	0	0	0	0	6	0	1	0	0	1	0	0	0	0	4
392.200	0	0	0	0	0	0	0	5	0	0	0	0	0	0	0	0	14	0	9	2	0	0	0	0	0	7	0	1	0	0	0	0	0	0	0	2
392.400	0	0	0	0	0	0	0	6	0	0	0	0	0	0	0	0	13	0	10	0	0	0	0	0	0	6	0	1	0	0	0	0	0	0	0	0
392.600	0	0	0	0	0	0	0	5	0	0	0	0	0	0	0	0	14	0	12	1	0	0	0	0	0	6	0	1	0	0	0	0	0	0	0	2
392.800	0	0	0	0	0	0	0	11	0	0	0	0	0	0	0	0	13	0	14	5	0	0	0	0	0	7	0	4	0	0	0	0	0	0	0	0
393.000	0	0	0	0	0	0	0	7	0	0	0	0	0	0	0	0	19	1	8	4	0	0	0	0	0	6	0	2	0	0	0	0	0	0	0	0
393.200	0	0	0	0	0	0	0	5	0	0	0	0	0	0	0	0	13	0	8	5	0	0	0	0	0	7	0	1	0	0	0	0	0	0	0	0
393.400	0	0	0	0	0	0	0	6	0	0	0	0	0	0	0	0	7	0	12	4	0	0	0	0	0	8	0	2	0	0	0	0	0	0	0	0
393.600	0	0	0	0	0	0	0	13	0	0	0	0	0	0	0	0	27	0	11	1	0	0	0	0	0	9	0	2	0	0	0	0	0	0	0	0
393.800	0	0	0	0	0	0	0	5	0	0	0	0	0	0	0	0	21	0	10	2	0	0	0	0	0	6	0	1	0	0	0	0	0	0	0	0
394.000	0	0	0	0	0	0	0	6	0	0	0	0	0	0	0	0	23	0	7	1	0	0	0	0	0	12	0	2	0	0	0	0	0	0	0	0
394.200	0	0	0	0	0	0	0	5	0	0	0	0	0	0	0	0	15	0	9	2	0	0	0	0	0	11	0	3	0	0	1	0	0	0	0	0
394.400	0	0	0	0	0	0	0	8	0	0	0	0	0	0	0	0	18	0	7	0	0	0	0	0	0	11	0	2	0	0	1	0	0	0	0	0
394.600	0	0	0	0	0	0	0	6	0	0	0	0	0	0	0	0	21	0	10	2	0	0	2	0	0	11	0	1	0	0	1	0	0	0	0	0
394.800	0	0	0	0	0	0	0	5	0	0	0	0	0	0	0	0	17	0	12	1	0	0	4	0	0	5	0	2	0	0	0	0	0	0	0	0
395.000	0	0	0	0	0	0	0	7	0	0	0	0	0	0	0	0	18	0	8	5	0	0	0	0	0	6	0	4	0	0	2	0	0	0	0	0
395.200	0	0	0	0	0	0	0	6	0	0	0	0	0	0	0	0	19	0	10	5	0	0	0	0	0	7	0	2	0	0	0	0	0	0	0	0
395.400	0	0	0	0	0	0	0	5	0	0	0	0	0	0	0	0	17	0	9	8	0	0	0	0	0	4	0	2	0	0	0	0	0	0	0	0
395.600	0	0	0	0	0	0	0	6	0	0	0	0	0	0	0	0	21	0	7	1	0	0	1	0	0	7	0	2	0	0	0	0	0	0	0	0
395.800	0	0	0	0	0	0	0	8	0	0	0	0	0	0	0	0	21	0	17	1	0	0	0	0	0	6	0	4	0	0	1	0	0	0	0	0
396.000	0	0	0	0	0	0	0	6	0	0	0	0	0	0	0	0	14	0	12	2	0	0	0	0	0	3	0	3	0	0	2	0	0	0	0	0
396.200	0	0	0	0	0	0	0	7	0	0	0	0	0	0	0	0	17	0	13	3	0	0	0	0	0	6	0	1	0	0	0	0	0	0	0	0
396.400	0	0	0	0	0	0	0	6	0	0	0	0	0	0	0	0	23	0	13	4	0	0	0	0	0	4	0	1	0	0	0	0	0	0	0	0
396.600	0	0	0	0	0	0	0	8	0	0	0	0	0	0	0	0	17	0	11	3	0	0	0	0	0	5	0	2	0	0	0	0	0	0	0	0
396.800	0	0	0	0	0	0	0	7	0	0	0	0	0	0	0	0	22	0	11	5	0	0	0	0	0	5	0	1	0	0	0	0	0	0	0	0
397.000	0	0	0	0	0	0	0	10	0	0	0	0	0	0	0	0	16	0	14	3	0	0	2	0	0	7	0	5	0	0	1	0	0	0	0	0
397.200	0	0	0	0	0	0	0	6	0	0	0	0	0	0	0	0	14	0	11	6	0	0	0	0	0	6	0	4	0	0	0	0	0	0	0	0
397.400	0	0	0	0	0	0	0	4	0	0	0	0	0	0	0	0	17	0	11	5	0	0	0	0	0	8	0	4	0	0	1	0	0	0	0	0
397.600	0	0	0	0	0	0	0	7	0	0	0	0	0	0	0	0	15	0	13	2	0	0	0	0	0	5	0	4	0	0	1	0	0	0	0	0
397.800	0	0	0	0	0	0	0	7	0	0	0	0	0	0	0	0	12	0	6	2	0	0	0	0	0	5	0	4	0	0	0	0	0	0	0	0
398.000	0	0	0	0	0	0	0	4	0	0	0	0	0	0	0	0	14	0	12	3	0	0	0	0	0	8	0	2	0	0	0	0	0	0	0	0
398.200	0	0	0	0	0	0	0	4	0	0	0	0	0	0	0	0	15	0	12	3	0	0	0	0	0	6	0	4	0	0	1	0	0	0	0	0
398.400	0	0	0	0	0	0	0	8	0	0	0	0	0	0	0	0	14	0	7	6	0	0	0	0	0	6	0	4	0	0	0	0	0	0	0	0
398.600	0	0	0	0	0	0	0	3	1	0	0	0	0	0	0	0	18	0	9	3	0	0	0	0	0	8	0	4	0	0	1	0	0	0	0	0
398.800	0	0	0	0	0	0	0	6	1	0	0	0	0	0	0	0	23	0	14	4	0	0	0	0	0	7	0	4	0	0	0	0	0	0	0	0
399.000	0	0	0	0	0	0	0	6	1	0	0	0	0	0	0	0	15	0	11	3	0	0	0	0	0	6	0	4	0	0	1	0	0	0	0	0
399.200	0	0	0	0	0	0	0	5	0	0	0	0	0	0	0	0	17	0	11	1	0	0	1	0	0	5	0	5	0	0	1	0	0	0	0	0
399.400	0	0	0	0	0	0	0	5	0	0	0	0	0	0	0	0	18	0	10	5	0	0	0	0	0	7	0	5	0	0	1	0	0	0	0	0
399.600	0	0	0	0	0	0	0	5	0	0	0	0	0	0	0	0	18	0	14	2	0	0	0	0	0	5	0	4	0	0	1	0	0	0	0	0
399.800	0	0	0	0	0	0	0	1	0	0	0	0	0	0	0	0	14	0	15	1	0	0	1	0	0	6	0	6	0	0	1	0	0	0	0	0
400.000	0	0	0	0	0	0	0	5	0	0	0	0	0	0	0	0	23	0	9	5	0	0	0	0	0	7	0	4	0	0	1	0	0	0	0	0
400.200	0	0	0	0	0	0	0	5	0	0	0	0	0	0	0	0	18	0	12	2	0	0	0	0	0	7	0	4	0	0	0	0	0	0	0	0
400.400	0	0	0	0	0	0	0	5	0	0	0	0	0	0	0	0	14	0	13	3	0	0	0	0	0	7	0	4	0	0	0	0	0	0	0	0
400.600	0	0	0	0	0	0	0	6	0	0	0	0	0	0	0	0	14	0	14	4	0	0	0	0	0	8	0	4	0	0	1	0	0	0	0	0
400.800	0	0	0	0	0	0	0	5	0	0	0	0	0	0	0	0	18	0	18	4	0	0	0	0	0	13	0	4	0	0	1	0	0	0	0	0
401.000	0	0	0	0	0	0	0	5	0	0	0	0	0	0	0	0	13	0	13	2	0	0	0	0	0	6	0	4	0	0	0	0	0	0	0	0
401.200	0	0	0	0	0	0	0	4	0	0	0	0	0	0	0	0	14	0	9	7	0	0	0	0	0	16	0	2	0	0	0	0	0	0	0	0
401.400	0	0	0	0	0	0	0	5	0	0	0	0	0	0	0	0	12	0	10	1	0	0	0	0	0	8	0	2	0	0	2	0	0	0	0	0
401.600	0	0	0	0	0	0	0	7	0	0	0	0	0	0	0	0	14	0	14	5	0	0	0	0	0	5	0	4	0	0	1	0	0	0	0	0
401.800	0	0	0	0	0	0	0	7	0	0	0	0	0	0	0	0	16	0	15	4	0	0	0	0	0	7	0	4	0	3	0	0	0	0	0	0
402.000	0	0	0	0	0	0	0	5	0	0	0	0	0	0	0	0	12	0	14	3	0	0	0	0	0	5	0	3	0	0	2	0	0	0	0	0
402.200	0	0	0	0	0	0	0	8	0	0	0	0	0	0	0	0	18	0	15	3	0	0	0	0	0	5	0	4	0	0	1	0	0	0	0	0
402.400	0	0	0	0	0	0	0	6	0	0	0	0	0	0	0	0	18	0	13	6	0	0	0	0	0	4	0	4	0	0	1	0	0	0	0	0
402.600	0	0	0	0	0	0	0	5	0	0	0	0	0	0	0	0	13	0	14	3	0	0	0	0	0	6	0	4	0	0	0	0	0	0	0	0
402.800	0	0	0	0	0	0	0	4	0	0	0	0	0	0	0	0	19	0	16	1	0	0	0	0	0	6	0	4	0	0	1	0	0	0	0	0
403.000	0	0	0	0	0	0	0	4	0	0	0	0	0	0	0	0	19	0	17	6	0	0	0	0	0	6	0	4	0	0	1	0	0	0	0	0
403.200	0	0	0	0	0	0	0	3	0	0	0	0	0	0	0	0	9	0	11	5	0	0	0	0	0	7	0	3	0	0	1	0	0	0	0	0
403.400	0	0	0	0	0	0	0	4	0	0	0	0	0	0	0	0	16	0	13	4	0	0	0	0	0	5	0	4	0	0	1	0	0	0	0	0
403.600	0	0	0	0	0	0	0	4	0	0	0	0	0	0	0	0	13	0	5	2	0	0	0	0	0	5	0	4	0	0	0	0	0	0	0	0
403.800	0	0	0	0	0	0	0	4	0	0	0	0	0	0	0	0	12	0	10	3	0	0	0	0	0	4	0	4	0	0	0	0	0	0	0	0
404.000	0	0	0	0	0	0	0	7	0	0	0	0	0	0	0	0	10	0	16	4	0	0	0	0	0	4	0	4	0	0	0	0	0	0	0	0
404.200	0	0	0	0	0	0	0	6	0	0	0	0	0	0	0	0	13	0	14	5	0	0	0	0	0	8	0	5	0	0	0	0	0	0	0	0
404.400	0	0	0	0	0	0	0	5	0	0	0	0	0	0	0	0	18	0	9	3	0	0	0	0	0	7	0	4	0	0	0	0	0	0	0	0
404.600	0	0	0	0	0	0	0	6	0	0	0	0	0	0	0	0	16	0	11	6	0	0	0	0	0	8	0	2	0	0	0	0	0	0	0	0
404.800	0	0	0	0	0	0	0	5	0	0	0	0	0	0	0	0	23	0	12	5	0	0	0	0	0	6	0	3	0	0	0	0	0	0	0	0
405.000	0	0	0	0	0	0	0	5	0	0	0	0	0	0	0	0	14	0	13	3	0	0	0	0	0	7	0	1	0	0	0	0	0	0	0	0
405.200	0	0	0	0	0	0	0	5	0	0	0	0	0	0	0	0	14	0	12	6	0	0	0	0	0	6	0	1	0	0	0	0	0	0	0	0
405.400	0	0	0	0	0	0	0	5	0	0	0	0	0	0	0	0	18	0	14	2	0	0	1	0	0	6	0	2	0	0	0	0	0	0	0	0
405.600	0	0	0	0	0	0	0	6	2	0	0	0	0	0	0	0	20	0	11	2	0	0	1	0	0	7	0	0	0	0	0	0	0	0	0	0
405.800	0	0	0	0	0	0	0	8	0	0	0	0	0	0	0	0	10	0	15	3	0	0	0	0	0	8	0	2	0	0	0	0	0	0	0	0
406.000	0	0	0	0	0	0	0	6	2	0	0	0	0	0	0	0	15	0	14	5	0	0	1	0	0	10	0	3	0	0	0	0	0	0	0	0
406.200	0	0	0	0	0	0	0	5	0	0	0	0	0	0	0	0	15	0	11	5	0	0	0	0	0	9	0	1	0	0	0	0	0	0	0	0
406.400	0	0	0	0	0	0	0	6	2	0	0	0	0	0	0	0	17	0	12	2	0	0	0	0	0	7	0	2	0	0	0	0	0	0	0	0
406.600	0	0	0	0	0	0	0	6	1	0	0	0	0	0	0	0	16	0	12	4	0	0	1	0	0	7	0	1	0	0	0	0	0	0	0	0
406.800	0	0	0	0	0	0	0	4	0	0	0	0	0	0	0	0	11	0	16	1	0	0	0	0	0	4	0	1	0	0	0	0	0	0	0	0
407.000	0	0	0	0	0	0	0	5	0	0	0	0	0	0	0	0	12	0	14	4	0	0	1	0	0	6	0	0	0	0	0	0	0	0	0	0
407.200	0	0	0	0	0	0	0	6	0	0	0	0	0	0	0	0	19	0	10	8	0	0	0	0	0	13	0	0	0	0	0	0	0	0	0	0
407.400	0	0	0	0	0	0	0	5	1	0	0	0	0	0	0	0	16	0	13	5	0	0	0	0	0	14	0	0	0	0	0	0	0	0	0	0
407.600	0	0	0	0	0	0	0	6	5	0	0	0	0	0	0	0	20	0	7	3	0	0	0	0	0	13	0	0	0	0	0	0	0	0	0	0
407.800	0	0	0	0	0	0	0	6	7	0	0	0	0	0	0	0	20	1	9	2	0	0	0	0	0	15	0	0	0	0	0	0	0	0	0	0
408.000	0	0	0	0	0	0	0	7	4	0	0	0	0	0	0	0	17	0	13	2	0	0	2	0	0	12	0	0	0	0	0	0	0	0	0	0
408.200	0	0	0	0	0	0	0	5	6	0	0	0	0	0	0	0	14	0	12	2	0	0	2	0	0	8	0	0	0	0	0	0	0	0	0	0
408.400	0	0	0	0	0	0	0	5	9	0	0	0	0	0	0	0	14	0	11	2	0	0	2	0	0	17	0	0	0	0	0	0	0	0	0	0
408.600	0	0	0	0	0	0	0	6	8	0	0	0	0	0	0	0	12	0	15	4	0	0	2	0	0	11	0	0	0	0	0	0	0	0	0	0
408.800	0	0	0	0	0	0	0	5	7	0	0	0	0	0	0	0	15	0	11	2	0	0	2	0	0	13	0	1	0	0	0	0	0	0	0	0
409.000	0	0	0	0	0	0	0	8	5	0	0	0	0	0	0	0	10	0	10	1	0	0	2	0	0	13	0	0	0	0	0	0	0	0	0	0
409.200	0	0	0	0	0	0	0	6	6	0	0	0	0	0	0	0	16	0	13	4	0	0	2	0	0	8	0	1	0	0	0	0	0	0	0	0
409.400	0	0	0	0	0	0	0	8	6	0	0	0	0	0	0	0	13	0	12	5	0	0	2	0	0	7	0	1	0	0	0	0	0	0	0	0
409.600	0	0	0	0	0	0	0	9	6	0	0	0	0	0	0	0	18	0	13	2	0	0	0	0	0	10	0	1	0	0	0	0	0	0	0	0
409.800	0	0	0	0	0	0	0	7	6	0	0	0	0	0	0	0	17	0	15	5	0	0	0	0	0	13	0	0	0	0	0	0	0	0	0	0
410.000	0	0	0	0	0	0	0	6	6	0	0	0	0	0	0	0	18	0	13	4	0	0	0	0	0	10	0	1	0	0	0	0	0	0	0	3
410.200	0	0	0	0	0	0	0	8	4	0	0	0	0	0	0	0	13	0	10	2	0	0	2	0	0	4	0	2	0	0	0	0	0	0	0	0
410.400	0	0	0	0	0	0	0	7	5	0	0	0	0	0	0	0	16	0	14	5	0	0	2	0	0	12	0	0	0	0	0	0	0	0	0	0
410.600	0	0	0	0	0	0	0	6	5	0	0	0	0	0	0	0	16	0	14	1	0	0	2	0	0	10	0	0	0	0	0	0	0	0	0	0
410.800	0	0	0	0	0	0	0	5	2	0	0	0	0	0	0	0	20	0	11	6	0	0	0	0	0	16	0	0	0	0	0	0	0	0	0	0
411.000	0	0	0	0	0	0	0	5	0	0	0	0	0	0	0	0	15	0	14	2	0	0	0	0	0	15	0	0	0	0	0	0	0	0	0	1
411.200	0	0	0	0	0	0	0	7	0	0	0	0	0	0	0	0	15	0	9	4	0	0	0	0	0	14	0	0	0	0	0	0	0	0	0	0
411.400	0	0	0	0	0	0	0	5	0	0	0	0	0	0	0	0	20	0	8	3	0	0	0	0	0	16	0	0	0	0	0	0	0	0	0	0
411.600	0	0	0	0	0	0	0	5	0	0	0	0	0	0	0	0	18	0	13	2	0	0	0	0	0	19	0	0	0	0	0	0	0	0	0	0
411.800	0	0	0	0	0	0	0	7	0	0	0	0	0	0	0	0	21	0	9	1	0	0	0	0	0	16	0	0	0	0	0	0	0	0	0	0
412.000	0	0	0	0	0	0	0	6	0	0	0	0	0	0	0	0	14	0	2	1	0	0	0	0	0	21	0	1	0	0	0	0	0	0	0	0
412.200	0	0	0	0	0	0	0	8	0	0	0	0	0	0	0	0	16	0	18	5	0	0	0	0	0	14	0	0	0	0	0	0	0	0	0	0
412.400	0	0	0	0	0	0	0	5	0	0	0	0	0	0	0	0	14	0	12	2	0	0	0	0	0	16	0	1	0	0	0	0	0	0	0	0
412.600	0	0	0	0	0	0	0	8	0	0	0	0	0	0	0	0	24	0	3	3	0	0	0	0	0	19	0	0	0	0	0	0	0	0	0	0
412.800	0	0	0	0	0	0	0	9	0	0	0	0	0	0	0	0	18	0	10	4	0	0	0	0	0	11	0	0	0	0	0	0	0	0	0	0
413.000	0	0	0	0	0	0	0	8	0	0	0	0	0	0	0	0	22	0	9	2	0	0	0	0	0	18	0	0	0	0	0	0	0	0	0	0
413.200	0	0	0	0	0	0	0	7	0	0	0	0	0	0	0	0	25	0	16	2	0	0	0	0	0	14	0	0	0	0	0	0	0	0	0	0
413.400	0	0	0	0	0	0	0	8	0	0	0	0	0	0	0	0	12	0	20	2	0	0	1	0	0	8	0	0	0	0	0	0	0	0	0	0
413.600	0	0	0	0	0	0	0	5	0	0	0	0	0	0	0	0	18	0	17	5	0	0	1	0	0	15	0	2	0	0	0	0	0	0	0	0
413.800	0	0	0	0	0	0	0	5	0	0	0	0	0	0	0	0	18	0	19	4	0	0	1	0	0	14	0	0	0	0	0	0	0	0	0	0
414.000	0	0	0	0	0	0	0	10	0	0	0	0	0	0	0	0	14	0	15	3	0	0	0	0	0	18	0	0	0	0	0	0	0	0	0	0
414.200	0	0	0	0	0	0	0	9	0	0	0	0	0	0	0	0	18	0	17	6	0	0	1	0	0	13	0	0	0	0	0	0	0	0	0	0
414.400	0	0	0	0	0	0	0	5	0	0	0	0	0	0	0	0	15	0	16	3	0	0	0	0	0	14	0	1	0	0	0	0	0	0	0	0
414.600	0	0	0	0	0	0	0	6	0	0	0	0	0	0	0	0	19	0	9	6	0	0	2	0	0	14	0	0	0	0	0	0	0	0	0	0
414.800	0	0	0	0	0	0	0	5	0	0	0	0	0	0	0	0	12	0	18	3	0	0	2	0	0	13	0	0	0	0	0	0	0	0	0	0
415.000	0	0	0	0	0	0	0	6	0	0	0	0	0	0	0	0	24	0	10	4	0	0	0	0	0	14	0	0	0	0	0	0	0	0	0	0
415.200	0	0	0	0	0	0	0	9	0	0	0	0	0	0	0	0	16	0	12	4	0	0	0	0	0	17	0	1	0	0	0	0	0	0	0	0
415.400	0	0	0	0	0	0	0	5	0	0	0	0	0	0	0	0	13	0	16	4	0	0	0	0	0	8	0	0	0	0	0	0	0	0	0	0
415.600	0	0	0	0	0	0	0	7	0	0	0	0	0	0	0	0	21	0	15	1	0	0	0	0	0	18	0	1	0	0	0	0	0	0	0	0
415.800	0	0	0	0	0	0	0	6	0	0	0	0	0	0	0	0	20	0	11	2	0	0	0	0	0	14	0	4	0	0	1	0	0	0	0	0
416.000	0	0	0	0	0	0	0	5	0	0	0	0	0	0	0	0	21	0	12	5	0	0	0	0	0	15	0	5	0	0	0	0	0	0	0	0
416.200	0	0	0	0	0	0	0	9	0	0	0	0	0	0	0	0	12	0	12	3	0	0	0	0	0	16	0	2	0	0	0	0	0	0	0	0
416.400	0	0	0	0	0	0	0	5	0	0	0	0	0	0	0	0	19	0	12	5	0	0	0	0	0	12	0	1	0	0	0	0	0	0	0	0
416.600	0	0	0	0	0	0	0	5	0	0	0	0	0	0	0	0	17	0	9	2	0	0	0	0	0	13	0	0	0	0	0	0	0	0	0	0
416.800	0	0	0	0	0	0	0	5	0	0	0	0	0	0	0	0	24	0	12	4	0	0	0	0	0	15	0	0	0	0	0	0	0	0	0	0
417.000	0	0	0	0	0	0	0	7	0	0	0	0	0	0	0	0	13	0	14	6	0	0	0	0	0	13	0	1	0	0	0	0	0	0	0	0
417.200	0	0	0	0	0	0	0	7	0	0	0	0	0	0	0	0	23	0	14	8	0	0	0	0	0	14	0	0	0	0	0	0	0	0	0	0
417.400	0	0	0	0	0	0	0	6	0	0	0	0	0	0	0	0	16	0	14	5	0	0	0	0	0	9	0	2	0	0	0	0	0	0	0	0
417.600	0	0	0	0	0	0	0	6	0	0	0	0	0	0	0	0	16	0	10	8	0	0	0	0	0	20	0	0	0	0	0	0	0	0	0	0
417.800	0	0	0	0	0	0	0	5	0	0	0	0	0	0	0	0	14	0	7	6	0	0	2	0	0	18	0	1	0	0	0	0	0	0	0	0
418.000	0	0	0	0	0	0	0	10	2	0	0	0	0	0	0	0	22	0	15	6	0	0	2	0	0	10	0	0	0	0	0	0	0	0	0	0
418.200	0	0	0	0	0	0	0	5	0	0	0	0	0	0	0	0	22	0	11	3	0	0	2	0	0	16	0	0	0	0	0	0	0	0	0	0
418.400	0	0	0	0	0	0	0	5	0	0	0	0	0	0	0	0	22	0	18	4	0	0	4	0	0	15	0	0	0	0	0	0	0	0	0	0
418.600	0	0	0	0	0	0	0	6	0	0	0	0	0	0	0	0	25	0	20	3	0	0	2	0	0	12	0	2	0	0	0	0	0	0	0	0
418.800	0	0	0	0	0	0	0	10	1	0	0	0	0	0	0	0	19	0	13	6	0	0	2	0	0	21	0	0	0	0	0	0	0	0	0	0
419.000	0	0	0	0	0	0	0	7	0	0	0	0	0	0	0	0	23	0	10	4	0	0	2	0	0	18	0	0	0	0	0	0	0	0	0	0
419.200	0	0	0	0	0	0	0	3	1	0	0	0	0	0	0	0	26	0	13	9	0	0	2	0	0	19	0	0	0	0	0	0	0	0	0	0
419.400	0	0	0	0	0	0	0	4	0	0	0	0	0	0	0	0	18	0	18	4	0	0	2	0	0	11	0	0	0	0	0	0	0	0	0	0
419.600	0	0	0	0	0	0	0	4	0	0	0	0	0	0	0	0	17	0	10	4	0	0	2	0	0	15	0	0	0	0	0	0	0	0	0	0
419.800	0	0	0	0	0	0	0	6	0	0	0	0	0	0	0	0	21	0	7	5	0	0	0	0	0	8	0	0	0	0	0	0	0	0	0	0
420.000	0	0	0	0	0	0	0	5	0	0	0	0	0	0	0	0	20	0	8	4	0	0	2	0	0	11	0	0	0	0	0	0	0	0	0	0
420.200	0	0	0	0	0	0	0	5	1	0	0	0	0	0	0	0	10	0	15	2	0	0	2	0	0	17	0	0	0	0	0	0	0	0	0	5
420.400	0	0	0	0	0	0	0	6	0	0	0	0	0	0	0	0	17	0	14	5	0	0	2	0	0	11	0	0	0	0	0	0	0	0	0	4
420.600	0	0	0	0	0	0	0	4	0	0	0	0	0	0	0	0	15	0	13	2	0	0	3	0	0	12	0	0	0	0	0	0	0	0	0	4
420.800	0	0	0	0	0	0	0	6	0	0	0	0	0	0	0	0	18	0	9	4	0	0	2	0	0	17	0	0	0	0	0	0	0	0	0	4
421.000	0	0	0	0	0	0	0	5	0	0	0	0	0	0	0	0	11	0	11	2	0	0	2	0	0	13	0	0	0	0	0	0	0	0	0	0
421.200	0	0	0	0	0	0	0	6	0	0	0	0	0	0	0	0	22	0	10	6	0	0	2	0	0	15	0	4	0	0	0	0	0	0	0	0
421.400	0	0	0	0	0	0	0	7	0	0	0	0	0	0	0	0	17	0	12	5	0	0	2	0	0	15	0	6	0	0	0	0	0	0	0	0
421.600	0	0	0	0	0	0	0	6	0	0	0	0	0	0	0	0	21	0	10	2	0	0	2	0	0	19	0	4	0	0	0	0	0	0	0	1
421.800	0	0	0	0	0	0	0	5	0	0	0	0	0	0	0	0	17	0	9	5	0	0	2	0	0	14	0	6	0	0	0	0	0	0	0	0
422.000	0	0	0	0	0	0	0	8	0	0	0	0	0	0	0	0	18	0	9	1	0	0	3	0	0	11	0	4	0	0	0	0	0	0	0	0
422.200	0	0	0	0	0	0	0	6	0	0	0	0	0	0	0	0	19	0	7	2	0	0	4	0	0	6	0	4	0	0	0	0	0	0	0	5
422.400	0	0	0	0	0	0	0	6	0	0	0	0	0	0	0	0	20	0	13	5	0	0	3	0	0	14	0	6	0	2	0	0	0	0	0	4
422.600	0	0	0	0	0	0	0	6	0	0	0	0	0	0	0	0	14	0	16	1	0	0	2	0	0	15	0	5	0	0	0	0	0	0	0	0
422.800	0	0	0	0	0	0	0	3	0	0	0	0	0	0	0	0	15	0	16	5	0	0	2	0	0	13	0	6	0	0	0	0	0	0	0	3
423.000	0	0	0	0	0	0	0	3	0	0	0	0	0	0	0	0	22	0	13	1	0	0	2	0	0	6	0	2	0	0	0	0	0	0	0	6
423.200	0	0	0	0	0	0	0	4	0	0	0	0	0	0	0	0	27	0	12	4	0	0	2	0	0	12	0	4	0	0	1	0	0	0	0	6
423.400	0	0	0	0	0	0	0	6	0	0	0	0	0	0	0	0	13	0	13	0	0	0	3	0	0	8	0	3	0	0	0	0	0	0	0	6
423.600	0	0	0	0	0	0	0	6	0	0	0	0	0	0	0	0	18	0	12	3	0	0	2	0	0	11	0	6	0	0	1	0	0	0	0	3
423.800	0	0	0	0	0	0	0	7	0	0	0	0	0	0	0	0	21	0	19	5	0	0	2	0	0	10	0	6	0	0	1	0	0	0	0	1
424.000	0	0	0	0	0	0	0	8	0	0	0	0	0	0	0	0	11	0	13	1	0	0	2	0	0	10	0	6	0	1	0	0	0	0	0	3
424.200	0	0	0	0	0	0	0	6	0	0	0	0	0	0	0	0	20	0	8	5	0	0	1	0	0	12	0	6	0	3	0	0	0	0	0	2
424.400	0	0	0	0	0	0	0	11	0	0	0	0	0	0	0	0	17	0	11	3	0	0	1	0	0	10	0	5	0	0	0	0	0	0	0	0
424.600	0	0	0	0	0	0	0	11	0	0	0	0	0	0	0	0	15	0	11	3	0	0	0	0	0	10	0	6	0	5	0	0	0	0	0	4
424.800	0	0	0	0	0	0	0	9	0	0	0	0	0	0	0	0	13	0	14	6	0	0	0	0	0	7	0	6	0	7	1	0	0	0	0	5
425.000	0	0	0	0	0	0	0	5	0	0	0	0	0	0	0	0	13	0	12	3	0	0	2	0	0	9	0	6	0	0	0	0	0	0	0	5
425.200	0	0	0	0	0	0	0	10	0	0	0	0	0	0	0	0	18	0	15	6	0	0	0	0	0	13	0	6	0	2	0	0	0	0	0	7
425.400	0	0	0	0	0	0	0	5	0	0	0	0	0	0	0	0	21	0	13	5	0	0	0	0	0	7	0	6	0	6	1	0	0	0	0	6
425.600	0	0	0	0	0	0	0	5	0	0	0	0	0	0	0	0	20	0	9	4	0	0	0	0	0	20	0	4	0	0	1	0	0	0	0	6
425.800	0	0	0	0	0	0	0	5	0	0	0	0	0	0	0	0	20	0	10	1	0	0	0	0	0	12	0	4	0	1	1	0	0	0	0	6
426.000	0	0	0	0	0	0	0	5	0	0	0	0	0	0	0	0	15	0	13	4	0	0	0	0	0	15	0	6	0	4	1	0	0	0	0	5
426.200	0	0	0	0	0	0	0	6	1	0	0	0	0	0	0	0	20	0	7	4	0	0	0	0	0	19	0	6	0	2	0	0	0	0	0	5
426.400	0	0	0	0	0	0	0	6	0	0	0	0	0	0	0	0	19	0	11	4	0	0	0	0	0	19	0	6	0	7	1	0	0	0	0	7
426.600	0	0	0	0	0	0	0	6	0	0	0	0	0	0	0	0	16	0	14	5	0	0	0	0	0	16	0	6	0	2	1	0	0	0	0	5
426.800	0	0	0	0	0	0	0	7	0	0	0	0	0	0	0	0	20	0	5	5	0	0	0	0	0	16	0	4	0	6	1	0	0	0	0	4
427.000	0	0	0	0	0	0	0	6	0	0	0	0	0	0	0	0	14	0	7	5	0	0	0	0	0	7	0	6	0	4	1	0	0	0	0	5
427.200	0	0	0	0	0	0	0	7	0	0	0	0	0	0	0	0	12	0	6	3	0	0	0	0	0	16	0	6	0	7	0	0	0	0	0	5
427.400	0	0	0	0	0	0	0	4	0	0	0	0	0	0	0	0	17	0	11	4	0	0	0	0	0	17	0	6	0	6	0	0	0	0	0	5
427.600	0	0	0	0	0	0	0	8	0	0	0	0	0	0	0	0	19	0	14	3	0	0	0	0	0	19	0	6	0	4	0	0	0	0	0	6
427.800	0	0	0	0	0	0	0	5	0	0	0	0	0	0	0	0	12	0	13	4	0	0	0	0	0	12	0	6	0	6	0	0	0	0	0	6
428.000	0	0	0	0	0	0	0	6	0	0	0	0	0	0	0	0	18	0	15	6	0	0	0	0	0	16	0	6	0	6	0	0	0	0	0	5
428.200	0	0	0	0	0	0	0	5	0	0	0	0	0	0	0	0	13	0	18	3	0	0	0	0	0	9	0	6	0	5	0	0	0	0	0	6
428.400	0	0	0	0	0	0	0	6	0	0	0	0	0	0	0	0	12	0	17	6	0	0	0	0	0	12	0	6	0	7	0	0	0	0	0	4
428.600	0	0	0	0	0	0	0	5	0	0	0	0	0	0	0	0	14	0	10	4	0	0	0	0	0	16	0	6	0	5	1	0	0	0	0	5
428.800	0	0	0	0	0	0	0	7	0	0	0	0	0	0	0	0	13	0	7	2	0	0	0	0	0	16	0	4	0	5	0	0	0	0	0	5
429.000	0	0	0	0	0	0	0	8	0	0	0	0	0	0	0	0	19	0	9	3	0	0	0	0	0	13	0	6	0	5	0	0	0	0	0	2
429.200	0	0	0	0	0	0	0	5	0	0	0	0	0	0	0	0	17	0	12	4	0	0	0	0	0	12	0	4	0	2	1	0	0	0	0	3
429.400	0	0	0	0	0	0	0	7	0	0	0	0	0	0	0	0	16	0	8	4	0	0	0	0	0	10	0	4	0	6	1	0	0	0	0	0
429.600	0	0	0	0	0	0	0	10	0	0	0	0	0	0	0	0	20	0	4	3	0	0	0	0	0	13	0	4	0	3	1	0	0	0	0	0
429.800	0	0	0	0	0	0	0	11	0	0	0	0	0	0	0	0	20	0	9	4	0	0	0	0	0	12	0	5	0	4	0	0	0	0	0	3
430.000	0	0	0	0	0	0	0	5	0	0	0	0	0	0	0	0	11	0	12	3	0	0	0	0	0	14	0	4	0	2	0	0	0	0	0	3
430.200	0	0	0	0	0	0	0	10	0	0	0	0	0	0	0	0	15	0	9	4	0	0	0	0	0	15	0	2	0	1	0	0	0	0	0	3
430.400	0	0	0	0	0	0	0	5	0	0	0	0	0	0	0	0	18	3	8	5	0	0	0	0	0	12	0	4	0	3	1	0	0	0	0	4
430.600	0	0	0	0	0	0	0	5	0	0	0	0	0	0	0	0	20	0	13	2	0	0	2	0	0	21	0	5	0	1	0	0	0	0	0	0
430.800	0	0	0	0	0	0	0	5	0	0	0	0	0	0	0	0	10	0	11	3	0	0	3	0	0	18	0	4	0	3	0	0	0	0	0	2
431.000	0	0	0	0	0	0	0	5	0	0	0	0	0	0	0	0	16	0	9	3	0	0	2	0	0	12	0	6	0	2	1	0	0	0	0	2
431.200	0	0	0	0	0	0	0	8	0	0	0	0	0	0	0	0	16	0	6	1	0	0	2	0	0	9	0	6	0	2	0	0	0	0	0	3
431.400	0	0	0	0	0	0	0	3	1	0	0	0	0	0	0	0	9	0	8	1	0	0	2	0	0	17	0	5	0	7	4	0	0	0	0	0
431.600	0	0	0	0	0	0	0	4	3	0	0	0	0	0	0	0	11	0	14	3	0	0	1	0	0	15	0	3	0	9	2	0	0	0	0	2
431.800	0	0	0	0	0	0	0	7	0	0	0	0	0	0	0	0	8	0	12	2	0	0	2	0	0	13	0	3	0	2	0	0	0	0	0	3
432.000	0	0	0	0	0	0	0	6	0	0	0	0	0	0	0	0	8	0	8	3	0	0	2	0	0	19	0	5	0	3	2	0	0	0	0	0
432.200	0	0	0	0	0	0	0	6	0	0	0	0	0	0	0	0	10	0	15	4	0	0	1	0	0	20	0	3	0	4	0	0	0	0	0	0
432.400	0	0	0	0	0	0	0	5	0	0	0	0	0	0	0	0	9	0	11	0	0	0	0	0	0	15	0	5	0	9	0	0	0	0	0	0
432.600	0	0	0	0	0	0	0	4	0	0	0	0	0	0	0	0	9	0	14	5	0	0	1	0	0	12	0	6	0	3	0	0	0	0	0	0
432.800	0	0	0	0	0	0	0	6	0	0	0	0	0	0	0	0	9	0	3	2	0	0	0	0	0	18	0	8	0	7	1	0	0	0	0	1
433.000	0	0	0	0	0	0	0	6	0	0	0	0	0	0	0	0	6	0	13	3	0	0	0	0	0	20	0	6	0	5	1	0	0	0	0	0
433.200	0	0	0	0	0	0	0	13	0	0	0	0	0	0	0	0	10	0	18	4	0	0	0	0	0	18	0	3	0	1	0	0	0	0	0	0
433.400	0	0	0	0	0	0	0	6	0	0	0	0	0	0	0	0	7	0	11	3	0	0	0	0	0	22	0	4	0	7	3	0	0	0	0	0
433.600	0	0	0	0	0	0	0	6	0	0	0	0	0	0	0	0	9	0	10	4	0	0	0	0	0	17	0	8	0	5	0	0	0	0	0	0
433.800	0	0	0	0	0	0	0	5	0	0	0	0	0	0	0	0	12	0	14	1	0	0	0	0	0	14	0	6	0	4	0	0	0	0	0	0
434.000	0	0	0	0	0	0	0	6	0	0	0	0	0	0	0	0	17	0	8	1	0	0	0	0	0	8	0	8	0	7	0	0	0	0	0	0
434.200	0	0	0	0	0	0	0	7	0	0	0	0	0	0	0	0	16	0	18	1	0	0	1	0	0	5	0	6	0	4	0	0	0	0	0	0
434.400	0	0	0	0	0	0	0	5	0	0	0	0	0	0	0	0	6	0	12	5	0	0	0	0	0	21	0	3	0	4	0	0	0	0	0	0
434.600	0	0	0	0	0	0	0	6	0	0	0	0	0	0	0	0	20	0	7	1	0	0	0	0	0	14	0	4	0	6	0	0	0	0	0	0
434.800	0	0	0	0	0	0	0	5	0	0	0	0	0	0	0	0	14	0	10	0	0	0	0	0	0	7	0	6	0	5	0	0	0	0	0	6
435.000	0	0	0	0	0	0	0	5	0	0	0	0	0	0	0	0	7	0	13	0	0	0	1	0	0	14	0	5	0	2	1	0	0	0	0	2
435.200	0	0	0	0	0	0	0	5	0	0	0	0	0	0	0	0	16	0	6	4	0	0	0	0	0	15	0	6	0	7	0	0	0	0	0	0
435.400	0	0	0	0	0	0	0	7	0	0	0	0	0	0	0	0	13	0	8	1	0	0	0	0	0	12	0	8	0	5	0	0	0	0	0	0
435.600	0	0	0	0	0	0	0	6	0	0	0	0	0	0	0	0	23	0	9	1	0	0	0	0	0	12	0	6	0	5	0	0	0	0	0	0
435.800	0	0	0	0	0	0	0	7	0	0	0	0	0	0	0	0	18	0	11	2	0	0	0	0	0	11	0	8	0	6	0	0	0	0	0	0
436.000	0	0	0	0	0	0	0	14	0	0	0	0	0	0	0	0	12	0	13	2	0	0	2	0	0	17	0	7	0	5	1	0	0	0	0	0
436.200	0	0	0	0	0	0	0	10	0	0	0	0	0	0	0	0	20	0	12	1	0	0	2	0	0	13	0	6	0	2	0	0	0	0	0	0
436.400	0	0	0	0	0	0	0	6	0	0	0	0	0	0	0	0	11	0	8	1	0	0	0	0	0	23	0	5	0	8	0	0	0	0	0	0
436.600	0	0	0	0	0	0	0	9	0	0	0	0	0	0	0	0	16	0	10	1	0	0	2	0	0	18	0	6	0	3	0	0	0	0	0	0
436.800	0	0	0	0	0	0	0	8	0	0	0	0	0	0	0	0	8	0	8	4	0	0	3	0	0	17	0	3	0	2	0	0	0	0	0	0
437.000	0	0	0	0	0	0	0	8	0	0	0	0	0	0	0	0	19	0	5	4	0	0	2	0	0	19	0	6	0	2	0	0	0	0	0	0
437.200	0	0	0	0	0	0	0	5	0	0	0	0	0	0	0	0	7	0	11	3	0	0	2	0	0	23	0	6	0	2	0	0	0	0	0	0
437.400	0	0	0	0	0	0	0	6	0	0	0	0	0	0	0	0	12	0	6	2	0	0	3	0	0	22	0	6	0	6	0	0	0	0	0	1
437.600	0	0	0	0	0	0	0	9	0	0	0	0	0	0	0	0	14	0	4	4	0	0	2	0	0	25	0	7	0	3	3	0	0	0	0	0
437.800	0	0	0	0	0	0	0	9	0	0	0	0	0	0	0	0	7	0	8	3	0	0	2	0	0	16	0	6	0	2	0	0	0	0	0	0
438.000	0	0	0	0	0	0	0	5	0	0	0	0	0	0	0	0	11	0	9	4	0	0	2	0	0	17	0	5	0	0	0	0	0	0	0	3
438.200	0	0	0	0	0	0	0	5	0	0	0	0	0	0	0	0	13	0	4	1	0	0	0	0	0	16	0	6	0	0	0	0	0	0	0	1
438.400	0	0	0	0	0	0	0	6	0	0	0	0	0	0	0	0	16	0	16	2	0	0	2	0	0	22	0	6	0	4	1	0	0	0	0	0
438.600	0	0	0	0	0	0	0	4	0	0	0	0	0	0	0	0	11	0	7	1	0	0	0	0	0	20	0	5	0	1	0	0	0	0	0	0
438.800	0	0	0	0	0	0	0	12	0	0	0	0	0	0	0	0	16	0	13	1	0	0	1	0	0	17	0	6	0	7	0	0	0	0	0	0
439.000	0	0	0	0	0	0	0	9	0	0	0	0	0	0	0	0	10	0	14	2	0	0	0	0	0	21	0	6	0	2	0	0	0	0	0	1
439.200	0	0	0	0	0	0	0	10	0	0	0	0	0	0	0	0	10	0	11	3	0	0	0	0	0	22	0	5	0	2	0	0	0	0	0	1
439.400	0	0	0	0	0	0	0	11	0	0	0	0	0	0	0	0	10	0	16	1	0	0	0	0	0	19	0	6	0	2	1	0	0	0	0	0
439.600	0	0	0	0	0	0	0	9	0	0	0	0	0	0	0	0	10	0	15	1	0	0	0	0	0	13	0	3	0	2	4	0	0	0	0	1
439.800	0	0	0	0	0	0	0	12	0	0	0	0	0	0	0	0	14	0	12	1	0	0	0	0	0	22	0	4	0	4	5	0	0	0	0	0
440.000	0	0	0	0	0	0	0	9	0	0	0	0	0	0	0	0	12	0	15	1	0	0	0	0	0	15	0	5	0	1	0	0	0	0	0	2
440.200	0	0	0	0	0	0	0	8	0	0	0	0	0	0	0	0	15	0	11	1	0	0	0	0	0	17	0	6	0	6	0	0	0	0	0	1
440.400	0	0	0	0	0	0	0	7	0	0	0	0	0	0	0	0	12	0	12	1	0	0	0	0	0	20	0	6	0	1	0	0	0	0	0	1
440.600	0	0	0	0	0	0	0	8	0	0	0	0	0	0	0	0	9	0	10	0	0	0	0	0	0	16	0	6	0	2	1	0	0	0	0	0
440.800	0	0	0	0	0	0	0	12	0	0	0	0	0	0	0	0	16	0	4	1	0	0	0	0	0	14	0	7	0	3	0	0	0	0	0	2
441.000	0	0	0	0	0	0	0	7	0	0	0	0	0	0	0	0	11	0	9	1	0	0	0	0	0	15	0	6	0	3	1	0	0	0	0	1
441.200	0	0	0	0	0	0	0	10	0	0	0	0	0	0	0	0	17	0	10	4	0	0	0	0	0	18	0	6	0	7	3	0	0	0	0	0
441.400	0	0	0	0	0	0	0	7	0	0	0	0	0	0	0	0	21	0	10	0	0	0	0	0	0	9	0	7	0	6	6	0	0	0	0	1
441.600	0	0	0	0	0	0	0	7	0	0	0	0	0	0	0	0	19	0	1	3	0	0	0	0	0	16	0	5	0	6	2	0	0	0	0	0
441.800	0	0	0	0	0	0	0	9	0	0	0	0	0	0	0	0	21	0	11	3	0	0	0	0	0	19	0	9	0	3	1	0	0	0	0	0
442.000	0	0	0	0	0	0	0	7	0	0	0	0	0	0	0	0	14	0	6	1	0	0	0	0	0	21	0	6	0	9	1	0	0	0	0	0
442.200	0	0	0	0	0	0	0	7	0	0	0	0	0	0	0	0	13	0	9	1	0	0	0	0	0	15	0	6	0	2	1	0	0	0	0	1
442.400	0	0	0	0	0	0	0	14	1	0	0	0	0	0	0	0	10	0	9	1	0	0	0	0	0	19	0	5	0	8	2	0	0	0	0	2
442.600	0	0	0	0	0	0	0	9	0	0	0	0	0	0	0	0	22	0	11	1	0	0	0	0	0	12	0	6	0	9	4	0	0	0	0	2
442.800	0	0	0	0	0	0	0	10	0	0	0	0	0	0	0	0	17	0	12	0	0	0	0	0	0	14	0	5	0	12	2	0	0	0	0	1
443.000	0	0	0	0	0	0	0	11	0	0	0	0	0	0	0	0	15	0	7	0	0	0	0	0	0	16	0	7	0	3	2	0	0	0	0	1
443.200	0	0	0	0	0	0	0	11	0	0	0	0	0	0	0	0	19	0	4	0	0	0	0	0	0	12	0	6	0	8	1	0	0	0	0	0
443.400	0	0	0	0	0	0	0	9	0	0	0	0	0	0	0	0	19	0	9	0	0	0	0	0	0	16	0	3	0	2	0	0	0	0	0	0
443.600	0	0	0	0	0	0	0	6	0	0	0	0	0	0	0	0	18	0	8	1	0	0	0	0	0	18	0	5	0	7	1	0	0	0	0	6
443.800	0	0	0	0	0	0	0	8	0	0	0	0	0	0	0	0	27	0	12	1	0	0	0	0	0	14	0	5	0	8	6	0	0	0	0	0
444.000	0	0	0	0	0	0	0	12	0	0	0	0	0	0	0	0	14	0	9	0	0	0	0	0	0	18	0	5	0	1	1	0	0	0	0	0
444.200	0	0	0	0	0	0	0	15	0	0	0	0	0	0	0	0	22	0	1	0	0	0	0	0	0	14	0	3	0	5	1	0	0	0	0	0
444.400	0	0	0	0	0	0	0	11	0	0	0	0	0	0	0	0	13	0	11	0	0	0	0	0	0	15	0	5	0	8	2	0	0	0	0	3
444.600	0	0	0	0	0	0	0	9	0	0	0	0	0	0	0	0	11	0	3	0	0	0	0	0	0	15	0	5	0	5	0	0	0	0	0	1
444.800	0	0	0	0	0	0	0	8	0	0	0	0	0	0	0	0	17	0	5	0	0	0	0	0	0	12	0	7	0	9	6	0	0	0	0	0
445.000	0	0	0	0	0	0	0	11	0	0	0	0	0	0	0	0	16	0	7	0	0	0	0	0	0	13	0	7	0	6	2	0	0	0	0	2
445.200	0	0	0	0	0	0	0	10	0	0	0	0	0	0	0	0	12	0	10	0	0	0	0	0	0	10	0	5	0	9	3	0	0	0	0	3
445.400	0	0	0	0	0	0	0	10	0	0	0	0	0	0	0	0	16	0	10	0	0	0	0	0	0	12	0	7	0	2	0	0	0	0	0	1
445.600	0	0	0	0	0	0	0	7	0	0	0	0	0	0	0	0	18	0	9	0	0	0	0	0	0	13	0	4	0	3	0	0	0	0	0	2
445.800	0	0	0	0	0	0	0	13	0	0	0	0	0	0	0	0	24	0	5	0	0	0	0	0	0	15	0	3	0	9	0	0	0	0	0	4
446.000	0	0	0	0	0	0	0	10	0	0	0	0	0	0	0	0	17	0	5	1	0	0	0	0	0	9	0	7	0	4	3	0	0	0	0	2
446.200	0	0	0	0	0	0	0	6	0	0	0	0	0	0	0	0	24	0	4	0	0	0	0	0	0	12	0	5	0	7	1	0	0	0	0	2
446.400	0	0	0	0	0	0	0	6	0	0	0	0	0	0	0	0	18	0	4	2	0	0	0	0	0	12	0	8	0	4	2	0	0	0	0	1
446.600	0	0	0	0	0	0	0	11	0	0	0	0	0	0	0	0	29	0	10	0	0	0	0	0	0	12	0	5	0	6	0	0	0	0	0	0
446.800	0	0	0	0	0	0	0	8	0	0	0	0	0	0	0	0	19	0	10	0	0	0	0	0	0	13	0	6	0	6	3	0	0	0	0	1
447.000	0	0	0	0	0	0	0	12	0	0	0	0	0	0	0	0	22	0	11	0	0	0	0	0	0	18	0	5	0	7	4	0	0	0	0	2
447.200	0	0	0	0	0	0	0	11	0	0	0	0	0	0	0	0	23	0	8	0	0	0	0	0	0	20	0	6	0	3	1	0	0	0	0	0
447.400	0	0	0	0	0	0	0	9	0	0	0	0	0	0	0	0	23	0	8	2	0	0	0	0	0	15	0	6	0	6	0	0	0	0	0	2
447.600	0	0	0	0	0	0	0	8	0	0	0	0	0	0	0	0	22	0	8	0	0	0	0	0	0	18	0	6	0	3	1	0	0	0	0	2
447.800	0	0	0	0	0	0	0	7	0	0	0	0	0	0	0	0	22	0	6	0	0	0	0	0	0	17	0	5	0	3	2	0	0	1	0	3
448.000	0	0	0	0	0	0	0	10	0	0	0	0	0	0	0	0	22	0	11	0	0	0	2	0	0	18	0	8	0	4	1	0	0	0	0	2
448.200	0	0	0	0	0	0	0	9	0	0	0	0	0	0	0	0	22	0	11	1	0	0	2	0	0	14	0	5	0	6	0	0	0	0	0	1
448.400	0	0	0	0	0	0	0	12	0	0	0	0	0	0	0	0	21	0	13	0	0	0	2	0	0	13	0	5	0	4	3	0	0	0	0	1
448.600	0	0	0	0	0	0	0	9	0	0	0	0	0	0	0	0	19	0	12	0	0	0	2	0	0	10	0	6	0	6	1	0	0	0	0	0
448.800	0	0	0	0	0	0	0	12	0	0	0	0	0	0	0	0	30	0	12	0	0	0	2	0	0	7	0	6	0	3	0	0	0	0	0	2
449.000	0	0	0	0	0	0	0	8	0	0	0	0	0	0	0	0	24	0	15	0	0	0	1	0	0	12	0	6	0	4	6	0	0	0	0	0
449.200	0	0	0	0	0	0	0	9	1	0	0	0	0	0	0	0	20	1	13	0	0	0	2	0	0	11	0	8	0	5	6	0	0	0	0	0
449.400	0	0	0	0	0	0	0	7	1	0	0	0	0	0	0	0	27	0	10	0	0	0	1	0	0	9	0	6	0	6	3	0	0	0	0	2
449.600	0	0	0	0	0	0	0	9	0	0	0	0	0	0	0	0	20	1	14	0	0	0	2	0	0	15	0	7	0	6	1	0	0	0	0	0
449.800	0	0	0	0	0	0	0	7	0	0	0	0	0	0	0	0	25	1	14	0	0	0	2	0	0	14	0	6	0	1	3	0	0	0	0	1
450.000	0	0	0	0	0	0	0	5	0	0	0	0	0	0	0	0	21	0	14	0	0	0	2	0	0	12	0	7	0	7	4	0	0	0	0	1
450.200	0	0	0	0	0	0	0	2	0	0	0	0	0	0	0	0	22	0	14	0	0	0	2	0	0	16	0	5	0	2	4	0	0	0	0	1
450.400	0	0	0	0	0	0	0	5	0	0	0	0	0	0	0	0	22	0	12	0	0	0	2	0	0	10	0	6	0	0	4	0	0	0	0	0
450.600	0	0	0	0	0	0	0	6	0	0	0	0	0	0	0	0	23	0	11	0	0	0	2	0	0	11	0	6	0	2	0	0	0	0	0	0
450.800	0	0	0	0	0	0	0	5	0	0	0	0	0	0	0	0	15	0	16	0	0	0	1	0	0	9	0	7	0	6	0	0	0	0	0	0
451.000	0	0	0	0	0	0	0	4	0	0	0	0	0	0	0	0	34	0	16	0	0	0	0	0	0	17	0	5	0	5	0	0	0	0	0	0
451.200	0	0	0	0	0	0	0	4	0	0	0	0	0	0	0	0	27	0	15	0	0	0	1	0	0	20	0	6	0	2	0	0	0	0	0	0
451.400	0	0	0	0	0	0	0	6	0	0	0	0	0	0	0	0	18	0	17	0	0	0	0	0	0	20	0	6	0	3	0	0	0	0	0	0
451.600	0	0	0	0	0	0	0	5	0	0	0	0	0	0	0	0	16	0	13	0	0	0	0	0	0	10	0	8	0	4	0	0	0	0	0	0
451.800	0	0	0	0	0	0	0	8	0	0	0	0	0	0	0	0	19	0	12	0	0	0	0	0	0	13	0	8	0	4	0	0	0	0	0	8
452.000	0	0	0	0	0	0	0	5	0	0	0	0	0	0	0	0	17	0	11	0	0	0	0	0	0	9	0	6	0	4	0	0	0	0	0	2
452.200	0	0	0	0	0	0	0	5	0	0	0	0	0	0	0	0	19	0	11	0	0	0	0	0	0	6	0	6	0	2	1	0	0	0	0	6
452.400	0	0	0	0	0	0	0	6	0	0	0	0	0	0	0	0	22	0	8	0	0	0	1	0	0	17	0	6	0	3	1	0	0	0	0	2
452.600	0	0	0	0	0	0	0	6	0	0	0	0	0	0	0	0	20	0	7	0	0	0	0	0	0	6	0	6	0	0	0	0	0	0	0	4
452.800	0	0	0	0	0	0	0	6	0	0	0	0	0	0	0	0	19	0	13	1	0	0	1	0	0	10	0	5	0	4	0	0	0	0	0	5
453.000	0	0	0	0	0	0	0	6	0	0	0	0	0	0	0	0	20	0	10	0	0	0	0	0	0	8	0	6	0	3	0	0	0	0	0	5
453.200	0	0	0	0	0	0	0	9	0	0	0	0	0	0	0	0	28	0	12	0	0	0	1	0	0	8	0	6	0	1	0	0	0	0	0	3
453.400	0	0	0	0	0	0	0	5	0	0	0	0	0	0	0	0	24	0	8	0	0	0	0	0	0	8	0	6	0	2	2	0	0	0	0	2
453.600	0	0	0	0	0	0	0	10	0	0	0	0	0	0	0	0	28	0	9	0	0	0	3	0	0	5	0	6	0	1	1	0	0	0	0	4
453.800	0	0	0	0	0	0	0	6	0	0	0	0	0	0	0	0	24	0	14	0	0	0	4	0	0	4	0	7	0	3	0	0	0	0	0	5
454.000	0	0	0	0	0	0	0	13	0	0	0	0	0	0	0	0	33	0	11	0	0	0	3	0	0	8	0	6	0	1	0	0	0	0	0	3
454.200	0	0	0	0	0	0	0	11	0	0	0	0	0	0	0	0	33	0	13	0	0	0	3	0	0	7	0	7	0	2	0	0	0	0	0	1
454.400	0	0	0	0	0	0	0	8	0	0	0	0	0	0	0	0	26	0	13	0	0	0	3	0	0	8	0	7	0	1	0	0	0	0	0	1
454.600	0	0	0	0	0	0	0	7	0	0	0	0	0	0	0	0	23	0	18	0	0	0	3	0	0	5	0	8	0	2	0	0	0	0	0	3
454.800	0	0	0	0	0	0	0	6	0	0	0	0	0	0	0	0	26	0	11	0	0	0	0	0	0	5	0	6	0	3	0	0	0	0	0	4
455.000	0	0	0	0	0	0	0	9	0	0	0	0	0	0	0	0	27	1	8	0	0	0	0	0	0	5	0	7	0	6	0	0	0	0	0	3
455.200	0	0	0	0	0	0	0	10	0	0	0	0	0	0	0	0	29	0	12	0	0	0	0	0	0	10	0	7	0	2	1	0	0	0	0	4
455.400	0	0	0	0	0	0	0	7	0	0	0	0	0	0	0	0	25	0	18	2	0	0	0	0	0	10	0	5	0	3	0	0	0	0	0	4
455.600	0	0	0	0	0	0	0	8	0	0	0	0	0	0	0	0	25	0	19	0	0	0	0	0	0	8	0	7	0	2	2	0	0	0	0	0
455.800	0	0	0	0	0	0	0	8	0	0	0	0	0	0	0	0	29	0	10	0	0	0	0	0	0	8	0	6	0	5	0	0	0	0	0	0
456.000	0	0	0	0	0	0	0	5	0	0	0	0	0	0	0	0	31	0	14	0	0	0	0	0	0	8	0	6	0	4	0	0	0	0	0	0
456.200	0	0	0	0	0	0	0	9	0	0	0	0	0	0	0	0	30	0	13	0	0	0	0	0	0	6	0	8	0	9	0	0	0	0	0	0
456.400	0	0	0	0	0	0	0	7	0	0	0	0	0	0	0	0	32	0	13	0	0	0	0	0	0	6	0	8	0	4	0	0	0	0	0	0
456.600	0	0	0	0	0	0	0	7	1	0	0	0	0	0	0	0	27	0	12	0	0	0	0	0	0	5	0	8	0	5	0	0	0	0	0	0
456.800	0	0	0	0	0	0	0	10	0	0	0	0	0	0	0	0	25	0	13	2	0	0	0	0	0	8	0	4	0	2	0	0	0	0	0	0
457.000	0	0	0	0	0	0	0	9	3	0	0	0	0	0	0	0	31	0	18	1	0	0	0	0	0	8	0	8	0	6	0	0	0	0	0	0
457.200	0	0	0	0	0	0	0	6	1	0	0	0	0	0	0	0	23	0	13	0	0	0	0	0	0	6	0	4	0	5	0	0	0	0	0	0
457.400	0	0	0	0	0	0	0	8	4	0	0	0	0	0	0	0	25	0	14	0	0	0	0	0	0	7	0	4	0	5	0	0	0	0	0	0
457.600	0	0	0	0	0	0	0	6	5	0	0	0	0	0	0	0	28	0	9	0	0	0	0	0	0	5	0	7	0	5	1	0	0	0	0	1
457.800	0	0	0	0	0	0	0	1	3	0	0	0	0	0	0	0	30	0	5	0	0	0	0	0	0	8	0	7	0	1	0	0	0	0	0	0
458.000	0	0	0	0	0	0	0	6	4	0	0	0	0	0	0	0	25	0	16	0	0	0	0	0	0	5	0	8	0	4	0	0	0	0	0	0
458.200	0	0	0	0	0	0	0	7	5	0	0	0	0	0	0	0	32	0	13	0	0	0	0	0	0	6	0	6	0	6	0	0	0	0	0	0
458.400	0	0	0	0	0	0	0	9	3	0	0	0	0	0	0	0	26	0	9	0	0	0	0	0	0	8	0	5	0	5	0	0	0	0	0	0
458.600	0	0	0	0	0	0	0	6	5	0	0	0	0	0	0	0	20	0	11	0	0	0	0	0	0	6	0	8	0	4	3	0	0	0	0	0
458.800	0	0	0	0	0	0	0	9	4	0	0	0	0	0	0	0	27	0	11	1	0	0	0	0	0	10	0	6	0	4	0	0	0	0	0	0
459.000	0	0	0	0	0	0	0	9	3	0	0	0	0	0	0	0	24	0	12	0	0	0	0	0	0	9	0	9	0	6	0	0	0	0	0	0
459.200	0	0	0	0	0	0	0	8	2	0	0	0	0	0	0	0	25	0	12	1	0	0	0	0	0	7	0	5	0	4	0	0	0	0	0	0
459.400	0	0	0	0	0	0	0	6	0	0	0	0	0	0	0	0	23	0	10	0	0	0	0	0	0	5	0	6	0	1	0	0	0	0	0	0
459.600	0	0	0	0	0	0	0	8	2	0	0	0	0	0	0	0	25	0	12	0	0	0	0	0	0	9	0	5	0	5	0	0	0	0	0	0
459.800	0	0	0	0	0	0	0	8	0	0	0	0	0	0	0	0	29	0	13	0	0	0	0	0	0	5	0	7	0	3	0	0	0	0	0	0
460.000	0	0	0	0	0	0	0	5	0	0	0	0	0	0	0	0	22	0	11	1	0	0	0	0	0	8	0	4	0	5	1	0	0	0	0	0
460.200	0	0	0	0	0	0	0	7	0	0	0	0	0	0	0	0	28	0	14	1	0	0	0	0	0	10	0	5	0	1	0	0	0	0	0	0
460.400	0	0	0	0	0	0	0	6	0	0	0	0	0	0	0	0	28	0	19	0	0	0	0	0	0	9	0	7	0	2	0	0	0	0	0	0
460.600	0	0	0	0	0	0	0	8	0	0	0	0	0	0	0	0	29	0	16	0	0	0	0	0	0	7	0	6	0	5	1	0	0	0	0	0
460.800	0	0	0	0	0	0	0	11	0	0	0	0	0	0	0	0	28	0	12	2	0	0	0	0	0	7	0	4	0	4	0	0	0	0	0	0
461.000	0	0	0	0	0	0	0	8	0	0	0	0	0	0	0	0	30	0	17	0	0	0	0	0	0	9	0	3	0	4	0	0	0	0	0	0
461.200	0	0	0	0	0	0	0	10	0	0	0	0	0	0	0	0	21	0	12	0	0	0	0	0	0	6	0	3	0	2	0	0	0	0	0	0
461.400	0	0	0	0	0	0	0	5	1	0	0	0	0	0	0	0	27	0	14	1	0	0	0	0	0	9	0	5	0	6	0	0	0	0	0	0
461.600	0	0	0	0	0	0	0	6	0	0	0	0	0	0	0	0	32	0	13	1	0	0	0	0	0	6	0	4	0	5	0	0	0	0	0	0
461.800	0	0	0	0	0	0	0	11	0	0	0	0	0	0	0	0	26	0	17	1	0	0	0	0	0	7	0	7	0	7	0	0	0	0	0	0
462.000	0	0	0	0	0	0	0	6	0	0	0	0	0	0	0	0	23	0	16	0	0	0	0	0	0	7	0	5	0	7	0	0	0	0	0	0
462.200	0	0	0	0	0	0	0	6	0	0	0	0	0	0	0	0	29	0	16	0	0	0	0	0	0	10	0	6	0	1	0	0	0	0	0	0
462.400	0	0	0	0	0	0	0	9	0	0	0	0	0	0	0	0	24	0	16	1	0	0	0	0	0	7	0	5	0	3	0	0	0	0	0	0
462.600	0	0	0	0	0	0	0	12	0	0	0	0	0	0	0	0	32	0	10	0	0	0	0	0	0	7	0	3	0	6	0	0	0	0	0	0
462.800	0	0	0	0	0	0	0	6	0	0	0	0	0	0	0	0	20	0	18	0	0	0	0	0	0	5	0	9	0	5	0	0	0	0	0	0
463.000	0	0	0	0	0	0	0	7	0	0	0	0	0	0	0	0	24	0	13	0	0	0	0	0	0	5	0	6	0	4	0	0	0	0	0	0
463.200	0	0	0	0	0	0	0	8	0	0	0	0	0	0	0	0	28	0	10	0	0	0	0	0	0	7	0	7	0	4	0	0	0	0	0	1
463.400	0	0	0	0	0	0	0	6	0	0	0	0	0	0	0	0	27	0	16	1	0	0	0	0	0	6	0	6	0	7	0	0	0	0	0	2
463.600	0	0	0	0	0	0	0	10	0	0	0	0	0	0	0	0	25	0	13	1	0	0	0	0	0	8	0	7	0	5	0	0	0	0	0	0
463.800	0	0	0	0	0	0	0	5	0	0	0	0	0	0	0	0	22	0	12	0	0	0	0	0	0	5	0	6	0	5	0	0	0	0	0	0
464.000	0	0	0	0	0	0	0	9	0	0	0	0	0	0	0	0	25	0	13	0	0	0	1	0	0	7	0	4	0	5	0	0	0	0	0	1
464.200	0	0	0	0	0	0	0	7	0	0	0	0	0	0	0	0	24	0	9	0	0	0	2	0	0	7	0	7	0	1	0	0	0	0	0	0
464.400	0	0	0	0	0	0	0	13	0	0	0	0	0	0	0	0	28	0	13	0	0	0	2	0	0	5	0	6	0	2	1	0	0	0	0	0
464.600	0	0	0	0	0	0	0	7	0	0	0	0	0	0	0	0	25	0	12	0	0	0	2	0	0	5	0	9	0	5	0	0	0	0	0	1
464.800	0	0	0	0	0	0	0	10	0	0	0	0	0	0	0	0	31	0	11	0	0	0	2	0	0	10	0	7	0	5	0	0	0	0	0	0
465.000	0	0	0	0	0	0	0	8	0	0	0	0	0	0	0	0	25	0	12	0	0	0	0	0	0	6	0	3	0	4	0	0	0	0	0	0
465.200	0	0	0	0	0	0	0	9	0	0	0	0	0	0	0	0	25	0	10	0	0	0	0	0	0	9	0	10	0	7	0	0	0	0	0	0
465.400	0	0	0	0	0	0	0	10	0	0	0	0	0	0	0	0	30	0	13	0	0	0	2	0	0	8	0	4	0	1	0	0	0	0	0	0
465.600	0	0	0	0	0	0	0	11	0	0	0	0	0	0	0	0	22	0	8	0	0	0	2	0	0	10	0	1	0	2	0	0	0	0	0	1
465.800	0	0	0	0	0	0	0	9	0	0	0	0	0	0	0	0	29	0	7	0	0	0	2	0	0	12	0	7	0	6	0	0	0	0	0	0
466.000	0	0	0	0	0	0	0	11	0	0	0	0	0	0	0	0	29	0	11	0	0	0	3	0	0	8	0	9	0	3	0	0	0	0	0	0
466.200	0	0	0	0	0	0	0	8	0	0	0	0	0	0	0	0	30	0	12	1	0	0	2	0	0	9	0	1	0	2	0	0	0	0	0	0
466.400	0	0	0	0	0	0	0	6	0	0	0	0	0	0	0	0	25	0	8	2	0	0	2	0	0	5	0	4	0	3	0	0	0	0	0	0
466.600	0	0	0	0	0	0	0	5	0	0	0	0	0	0	0	0	19	0	7	0	0	0	3	0	0	5	0	5	0	6	0	0	0	0	0	0
466.800	0	0	0	0	0	0	0	9	1	0	0	0	0	0	0	0	21	0	8	1	0	0	0	0	0	10	0	1	0	5	0	0	0	0	0	0
467.000	0	0	0	0	0	0	0	7	6	0	0	0	0	0	0	0	16	0	7	1	0	0	0	0	0	11	0	3	0	2	0	0	0	0	0	0
467.200	0	0	0	0	0	0	0	10	1	0	0	0	0	0	0	0	16	0	6	0	0	0	0	0	0	7	0	2	0	7	0	0	0	0	0	0
467.400	0	0	0	0	0	0	0	7	6	0	0	0	0	0	0	0	15	0	3	0	0	0	0	0	0	8	0	5	0	5	0	0	0	0	0	0
467.600	0	0	0	0	0	0	0	5	5	0	0	0	0	0	0	0	13	0	4	0	0	0	0	0	0	12	0	10	0	7	0	0	0	0	0	0
467.800	0	0	0	0	0	0	0	5	4	0	0	0	0	0	0	0	19	0	9	0	0	0	0	0	0	12	0	5	0	5	0	0	0	0	0	0
468.000	0	0	0	0	0	0	0	6	0	0	0	0	0	0	0	0	18	0	12	0	0	0	0	0	0	10	0	1	0	3	0	0	0	0	0	0
468.200	0	0	0	0	0	0	0	8	0	0	0	0	0	0	0	0	21	0	6	0	0	0	0	0	0	8	0	3	0	7	0	0	0	0	0	0
468.400	0	0	0	0	0	0	0	7	0	0	0	0	0	0	0	0	29	0	9	0	0	0	0	0	0	6	0	0	0	7	0	0	0	0	0	0
468.600	0	0	0	0	0	0	0	9	0	0	0	0	0	0	0	0	24	0	8	0	0	0	0	0	0	11	0	3	0	5	0	0	0	0	0	0
468.800	0	0	0	0	0	0	0	5	0	0	0	0	0	0	0	0	19	0	10	1	0	0	0	0	0	7	0	5	0	5	0	0	0	0	0	0
469.000	0	0	0	0	0	0	0	9	0	0	0	0	0	0	0	0	24	0	14	0	0	0	0	0	0	9	0	5	0	7	0	0	0	0	0	0
469.200	0	0	0	0	0	0	0	5	0	0	0	0	0	0	0	0	28	0	5	2	0	0	2	0	0	5	0	5	0	4	0	0	0	0	0	0
469.400	0	0	0	0	0	0	0	9	0	0	0	0	0	0	0	0	22	0	10	1	0	0	2	0	0	6	0	4	0	5	0	0	0	0	0	0
469.600	0	0	0	0	0	0	0	5	0	0	0	0	0	0	0	0	20	0	9	1	0	0	3	0	0	7	0	7	0	6	0	0	0	0	0	0
469.800	0	0	0	0	0	0	0	5	1	0	0	0	0	0	0	0	23	0	11	3	0	0	2	0	0	4	0	7	0	9	0	0	0	0	0	0
470.000	0	0	0	0	0	0	0	6	1	0	0	0	0	0	0	0	25	0	11	0	0	0	2	0	0	10	0	8	0	2	0	0	0	0	0	0
470.200	0	0	0	0	0	0	0	9	0	0	0	0	0	0	0	0	30	0	10	1	0	0	2	0	0	7	0	7	0	5	0	0	0	0	0	0
470.400	0	0	0	0	0	0	0	11	0	0	0	0	0	0	0	0	25	0	7	0	0	0	2	0	0	7	0	7	0	2	0	0	0	0	0	0
470.600	0	0	0	0	0	0	0	6	1	0	0	0	0	0	0	0	18	0	13	0	0	0	2	0	0	9	0	0	0	5	0	0	0	0	0	1
470.800	0	0	0	0	0	0	0	5	3	0	0	0	0	0	0	0	27	0	8	1	0	0	2	0	0	11	0	5	0	5	0	0	0	0	0	1
471.000	0	0	0	0	0	0	0	5	1	0	0	0	0	0	0	0	20	0	14	1	0	0	2	0	0	9	0	4	0	7	0	0	0	0	0	0
471.200	0	0	0	0	0	0	0	11	0	0	0	0	0	0	0	0	27	0	12	0	0	0	2	0	0	8	0	8	0	6	0	0	0	0	0	0
471.400	0	0	0	0	0	0	0	10	0	0	0	0	0	0	0	0	22	0	11	1	0	0	2	0	0	8	0	2	0	8	0	0	0	0	0	0
471.600	0	0	0	0	0	0	0	9	0	0	0	0	0	0	0	0	20	0	11	0	0	0	2	0	0	7	0	8	0	2	0	0	0	0	0	0
471.800	0	0	0	0	0	0	0	11	0	0	0	0	0	0	0	0	23	0	10	2	0	0	0	0	0	10	0	8	0	6	0	0	0	0	0	0
472.000	0	0	0	0	0	0	0	4	0	0	0	0	0	0	0	0	24	0	9	0	0	0	0	0	0	10	0	7	0	7	0	0	0	0	0	0
472.200	0	0	0	0	0	0	0	7	1	0	0	0	0	0	0	0	25	0	11	0	0	0	0	0	0	11	0	6	0	8	0	0	0	0	0	0
472.400	0	0	0	0	0	0	0	7	1	0	0	0	0	0	0	0	22	0	18	2	0	0	2	0	0	11	0	8	0	7	0	0	0	0	0	0
472.600	0	0	0	0	0	0	0	10	1	0	0	0	0	0	0	0	24	0	9	1	0	0	2	0	0	5	0	6	0	2	0	0	0	0	0	0
472.800	0	0	0	0	0	0	0	12	0	0	0	0	0	0	0	0	23	0	9	0	0	0	2	0	0	12	0	8	0	6	0	0	0	0	0	0
473.000	0	0	0	0	0	0	0	10	0	0	0	0	0	0	0	0	26	0	10	2	0	0	2	0	0	9	0	7	0	7	0	0	0	0	0	2
473.200	0	0	0	0	0	0	0	7	0	0	0	0	0	0	0	0	22	0	10	2	0	0	2	0	0	6	0	7	0	4	0	0	0	0	0	0
473.400	0	0	0	0	0	0	0	6	0	0	0	0	0	0	0	0	20	0	15	0	0	0	2	0	0	6	0	8	0	3	0	0	0	0	0	0
473.600	0	0	0	0	0	0	0	9	0	0	0	0	0	0	0	0	27	0	14	0	0	0	2	0	0	6	0	8	0	5	0	0	0	0	0	0
473.800	0	0	0	0	0	0	0	10	0	0	0	0	0	0	0	0	27	0	14	2	0	0	2	0	0	10	0	8	0	6	0	0	0	0	0	0
474.000	0	0	0	0	0	0	0	4	0	0	0	0	0	0	0	0	24	0	14	2	0	0	1	0	0	14	0	6	0	5	0	0	0	0	0	0
474.200	0	0	0	0	0	0	0	8	0	0	0	0	0	0	0	0	16	0	6	0	0	0	1	0	0	14	0	8	0	7	0	0	0	0	0	0
474.400	0	0	0	0	0	0	0	8	0	0	0	0	0	0	0	0	19	0	10	0	0	0	2	0	0	5	0	8	0	5	0	0	0	0	0	0
474.600	0	0	0	0	0	0	0	7	0	0	0	0	0	0	0	0	19	0	11	0	0	0	2	0	0	5	0	7	0	8	0	0	0	0	0	0
474.800	0	0	0	0	0	0	0	5	0	0	0	0	0	0	0	0	22	0	13	0	0	0	0	0	0	7	0	6	0	8	0	0	0	0	0	0
475.000	0	0	0	0	0	0	0	11	0	0	0	0	0	0	0	0	23	0	13	2	0	0	0	0	0	12	0	7	0	4	0	0	0	0	0	0
475.200	0	0	0	0	0	0	0	5	0	0	0	0	0	0	0	0	22	0	4	0	0	0	0	0	0	9	0	6	0	10	0	0	0	0	0	0
475.400	0	0	0	0	0	0	0	11	0	0	0	0	0	0	0	0	23	0	11	1	0	0	0	0	0	13	0	6	0	5	0	0	0	0	0	2
475.600	0	0	0	0	0	0	0	9	0	0	0	0	0	0	0	0	18	0	9	0	0	0	0	0	0	20	0	6	0	2	0	0	0	0	0	2
475.800	0	0	0	0	0	0	0	5	0	0	0	0	0	0	0	0	25	0	13	0	0	0	1	0	0	12	0	7	0	7	0	0	0	0	0	3
476.000	0	0	0	0	0	0	0	6	0	0	0	0	0	0	0	0	18	0	13	0	0	0	2	0	0	15	0	7	0	5	0	0	0	0	0	5
476.200	0	0	0	0	0	0	0	9	0	0	0	0	0	0	0	0	20	0	15	0	0	0	1	0	0	5	0	8	0	5	0	0	0	0	0	4
476.400	0	0	0	0	0	0	0	7	1	0	0	0	0	0	0	0	24	0	15	2	0	0	0	0	0	12	0	6	0	4	0	0	0	0	0	6
476.600	0	0	0	0	0	0	0	9	0	0	0	0	0	0	0	0	31	0	13	2	0	0	2	0	0	20	0	8	0	6	0	0	0	0	0	7
476.800	0	0	0	0	0	0	0	6	0	0	0	0	0	0	0	0	25	0	17	0	0	0	0	0	0	14	0	8	0	3	0	0	0	0	0	9
477.000	0	0	0	0	0	0	0	7	0	0	0	0	0	0	0	0	30	0	12	0	0	0	2	0	0	19	0	6	0	7	4	0	0	0	0	5
477.200	0	0	0	0	0	0	0	6	0	0	0	0	0	0	0	0	24	0	17	0	0	0	1	0	0	17	0	6	0	3	0	0	0	0	0	3
477.400	0	0	0	0	0	0	0	5	0	0	0	0	0	0	0	0	20	0	12	0	0	0	0	0	0	22	0	6	0	6	2	0	0	0	0	8
477.600	0	0	0	0	0	0	0	4	0	0	0	0	0	0	0	0	24	0	15	1	0	0	2	0	0	20	0	7	0	4	2	0	0	0	0	5
477.800	0	0	0	0	0	0	0	10	0	0	0	0	0	0	0	0	25	0	12	0	0	0	2	0	0	21	0	6	0	5	2	0	0	0	0	6
478.000	0	0	0	0	0	0	0	2	0	0	0	0	0	0	0	0	21	0	13	0	0	0	2	0	0	18	0	6	0	1	0	0	0	0	0	2
478.200	0	0	0	0	0	0	0	4	0	0	0	0	0	0	0	0	21	0	10	0	0	0	2	0	0	22	0	8	0	10	2	0	0	0	0	0
478.400	0	0	0	0	0	0	0	4	0	0	0	0	0	0	0	0	20	0	13	0	0	0	2	0	0	21	0	8	0	3	3	0	0	0	0	3
478.600	0	0	0	0	0	0	0	10	0	0	0	0	0	0	0	0	20	0	12	0	0	0	2	0	0	7	0	7	0	4	0	0	0	0	0	0
478.800	0	0	0	0	0	0	0	5	0	0	0	0	0	0	0	0	23	0	12	0	0	0	2	0	0	7	0	8	0	4	4	0	0	0	0	8
479.000	0	0	0	0	0	0	0	5	0	0	0	0	0	0	0	0	21	0	13	0	0	0	2	0	0	6	0	7	0	0	1	0	0	0	0	7
479.200	0	0	0	0	0	0	0	6	0	0	0	0	0	0	0	0	23	0	15	0	0	0	1	0	0	5	0	5	0	1	0	0	0	0	0	8
479.400	0	0	0	0	0	0	0	6	0	0	0	0	0	0	0	0	21	0	10	0	0	0	0	0	0	8	0	5	0	4	2	0	0	0	0	7
479.600	0	0	0	0	0	0	0	5	0	0	0	0	0	0	0	0	26	0	15	0	0	0	2	0	0	12	0	5	0	2	0	0	0	0	0	9
479.800	0	0	0	0	0	0	0	7	0	0	0	0	0	0	0	0	23	0	11	0	0	0	2	0	0	12	0	6	0	5	1	0	0	0	0	8
480.000	0	0	0	0	0	0	0	10	0	0	0	0	0	0	0	0	25	0	12	0	0	0	2	0	0	11	0	6	0	3	4	0	0	0	0	7
480.200	0	0	0	0	0	0	0	8	0	0	0	0	0	0	0	0	26	0	7	0	0	0	0	0	0	7	0	7	0	1	1	0	0	0	0	6
480.400	0	0	0	0	0	0	0	11	0	0	0	0	0	0	0	0	22	0	11	0	0	0	0	0	0	13	0	6	0	5	4	0	0	0	0	5
480.600	0	0	0	0	0	0	0	9	0	0	0	0	0	0	0	0	27	0	14	0	0	0	1	0	0	16	0	5	0	5	2	0	0	0	0	6
480.800	0	0	0	0	0	0	0	11	0	0	0	0	0	0	0	0	25	0	16	0	0	0	2	0	0	18	0	6	0	1	2	0	0	0	0	6
481.000	0	0	0	0	0	0	0	9	0	0	0	0	0	0	0	0	26	0	12	0	0	0	3	0	0	8	0	6	0	9	4	0	0	0	0	3
481.200	0	0	0	0	0	0	0	12	0	0	0	0	0	0	0	0	19	0	9	0	0	0	1	0	0	14	0	6	0	11	3	0	0	1	0	7
481.400	0	0	0	0	0	0	0	8	0	0	0	0	0	0	0	0	18	0	6	0	0	0	0	0	0	14	0	6	0	2	2	0	0	0	0	5
481.600	0	0	0	0	0	0	0	8	0	0	0	0	0	0	0	0	23	0	4	0	0	0	0	0	0	12	0	6	0	3	2	0	0	0	0	6
481.800	0	0	0	0	0	0	0	9	0	0	0	0	0	0	0	0	23	0	4	0	0	0	0	0	0	8	0	6	0	4	1	0	0	0	0	2
482.000	0	0	0	0	0	0	0	9	0	0	0	0	0	0	0	0	17	0	9	0	0	0	0	0	0	8	0	6	0	5	0	0	0	0	0	0
482.200	0	0	0	0	0	0	0	10	0	0	0	0	0	0	0	0	30	0	8	2	0	0	0	0	0	5	0	7	0	5	0	0	0	0	0	6
482.400	0	0	0	0	0	0	0	10	0	0	0	0	0	0	0	0	22	0	11	0	0	0	0	0	0	7	0	7	0	1	0	0	0	0	0	4
482.600	0	0	0	0	0	0	0	8	0	0	0	0	0	0	0	0	29	0	12	0	0	0	0	0	0	4	0	6	0	6	1	0	0	0	0	0
482.800	0	0	0	0	0	0	0	12	0	0	0	0	0	0	0	0	21	0	13	0	0	0	0	0	0	5	0	6	0	5	0	0	0	0	0	2
483.000	0	0	0	0	0	0	0	11	1	0	0	0	0	0	0	0	20	0	12	0	0	0	0	0	0	6	0	6	0	4	0	0	0	0	0	1
483.200	0	0	0	0	0	0	0	7	0	0	0	0	0	0	0	0	18	0	12	0	0	0	1	0	0	6	0	3	0	4	0	0	0	0	0	2
483.400	0	0	0	0	0	0	0	6	1	0	0	0	0	0	0	0	16	0	16	0	0	0	0	0	0	7	0	5	0	5	0	0	0	0	0	5
483.600	0	0	0	0	0	0	0	9	1	0	0	0	0	0	0	0	20	0	7	0	0	0	0	0	0	7	0	6	0	6	2	0	0	0	0	3
483.800	0	0	0	0	0	0	0	9	0	0	0	0	0	0	0	0	12	0	14	1	0	0	2	0	0	4	0	6	0	5	0	0	0	0	0	3
484.000	0	0	0	0	0	0	0	7	0	0	0	0	0	0	0	0	22	0	12	0	0	0	2	0	0	5	0	8	0	6	1	0	0	0	0	4
484.200	0	0	0	0	0	0	0	6	0	0	0	0	0	0	0	0	17	0	8	0	0	0	2	0	0	5	0	5	0	5	0	0	0	0	0	3
484.400	0	0	0	0	0	0	0	8	0	0	0	0	0	0	0	0	18	0	2	0	0	0	0	0	0	3	0	5	0	5	2	0	0	0	0	0
484.600	0	0	0	0	0	0	0	8	0	0	0	0	0	0	0	0	20	0	6	0	0	0	0	0	0	5	0	5	0	5	1	0	0	0	0	6
484.800	0	0	0	0	0	0	0	6	0	0	0	0	0	0	0	0	20	0	8	2	0	0	0	0	0	7	0	5	0	2	0	0	0	0	0	7
485.000	0	0	0	0	0	0	0	10	0	0	0	0	0	0	0	0	23	0	13	0	0	0	0	0	0	7	0	4	0	6	2	0	0	0	0	1
485.200	0	0	0	0	0	0	0	9	0	0	0	0	0	0	0	0	22	0	12	0	0	0	2	0	0	6	0	5	0	3	0	0	0	0	0	3
485.400	0	0	0	0	0	0	0	11	0	0	0	0	0	0	0	0	26	0	14	0	0	0	2	0	0	8	0	8	0	5	1	0	0	0	0	5
485.600	0	0	0	0	0	0	0	9	0	0	0	0	0	0	0	0	23	0	15	0	0	0	1	0	0	6	0	6	0	1	5	0	0	0	0	0
485.800	0	0	0	0	0	0	0	13	0	0	0	0	0	0	0	0	19	0	13	0	0	0	2	0	0	3	0	6	0	1	2	0	0	0	0	1
486.000	0	0	0	0	0	0	0	11	0	0	0	0	0	0	0	0	21	0	12	0	0	0	2	0	0	6	0	7	0	2	0	0	0	0	0	2
486.200	0	0	0	0	0	0	0	11	0	0	0	0	0	0	0	0	25	0	17	0	0	0	2	0	0	7	0	8	0	3	3	0	0	0	0	5
486.400	0	0	0	0	0	0	0	11	0	0	0	0	0	0	0	0	22	0	10	0	0	0	2	0	0	3	0	7	0	4	1	0	0	0	0	5
486.600	0	0	0	0	0	0	0	10	0	0	0	0	0	0	0	0	25	0	18	0	0	0	2	0	0	6	0	7	0	3	2	0	0	0	0	5
486.800	0	0	0	0	0	0	0	11	0	0	0	0	0	0	0	0	25	0	15	0	0	0	2	0	0	5	0	7	0	3	1	0	0	0	0	5
487.000	0	0	0	0	0	0	0	12	0	0	0	0	0	0	0	0	28	0	15	0	0	0	2	0	0	5	0	8	0	4	1	0	0	0	0	3
487.200	0	0	0	0	0	0	0	11	0	0	0	0	0	0	0	0	21	0	11	2	0	0	0	0	0	7	0	6	0	0	2	0	0	0	0	1
487.400	0	0	0	0	0	0	0	14	0	0	0	0	0	0	0	0	15	0	11	0	0	0	2	0	0	8	0	6	0	4	1	0	0	0	0	1
487.600	0	0	0	0	0	0	0	13	0	0	0	0	0	0	0	0	22	0	7	1	0	0	0	0	0	7	0	3	0	0	0	0	0	0	0	6
487.800	0	0	0	0	0	0	0	12	0	0	0	0	0	0	0	0	10	0	5	0	0	0	1	0	0	8	0	4	0	0	0	0	0	0	0	8
488.000	0	0	0	0	0	0	0	14	0	0	0	0	0	0	0	0	19	0	12	0	0	0	0	0	0	5	0	3	0	0	0	0	0	0	0	8
488.200	0	0	0	0	0	0	0	11	0	0	0	0	0	0	0	0	23	0	8	0	0	0	0	0	0	7	0	8	0	2	0	0	0	0	0	7
488.400	0	0	0	0	0	0	0	9	0	0	0	0	0	0	0	0	23	0	10	1	0	0	0	0	0	6	0	4	0	4	0	0	0	0	0	8
488.600	0	0	0	0	0	0	0	10	0	0	0	0	0	0	0	0	20	0	13	0	0	0	2	0	0	8	0	4	0	1	1	0	0	0	0	6
488.800	0	0	0	0	0	0	0	9	0	0	0	0	0	0	0	0	29	1	8	1	0	0	1	0	0	6	0	6	0	3	0	0	0	0	0	4
489.000	0	0	0	0	0	0	0	9	0	0	0	0	0	0	0	0	16	0	13	0	0	0	1	0	0	8	0	7	0	8	1	0	0	0	0	8
489.200	0	0	0	0	0	0	0	9	0	0	0	0	0	0	0	0	19	0	12	0	0	0	2	0	0	7	0	7	0	3	2	0	0	0	0	6
489.400	0	0	0	0	0	0	0	10	0	0	0	0	0	0	0	0	13	0	8	1	0	0	0	0	0	8	0	6	0	1	2	0	0	0	0	8
489.600	0	0	0	0	0	0	0	13	0	0	0	0	0	0	0	0	13	0	11	0	0	0	0	0	0	12	0	6	0	3	1	0	0	0	0	11
489.800	0	0	0	0	0	0	0	10	0	0	0	0	0	0	0	0	22	0	7	1	0	0	0	0	0	6	0	6	0	4	1	0	0	0	0	14
490.000	0	0	0	0	0	0	0	7	0	0	0	0	0	0	0	0	15	0	8	1	0	0	0	0	0	7	0	8	0	3	0	0	0	0	0	6
490.200	0	0	0	0	0	0	0	7	0	0	0	0	0	0	0	0	18	0	8	1	0	0	0	0	0	7	0	6	0	1	0	0	0	0	0	5
490.400	0	0	0	0	0	0	0	8	0	0	0	0	0	0	0	0	11	0	2	1	0	0	0	0	0	5	0	8	0	5	1	0	0	0	0	10
490.600	0	0	0	0	0	0	0	9	0	0	0	0	0	0	0	0	24	0	10	0	0	0	0	0	0	4	0	8	0	1	0	0	0	0	0	7
490.800	0	0	0	0	0	0	0	9	0	0	0	0	0	0	0	0	20	0	15	0	0	0	0	0	0	8	0	8	0	1	0	0	0	0	0	10
491.000	0	0	0	0	0	0	0	10	0	0	0	0	0	0	0	0	29	0	14	1	0	0	0	0	0	6	0	8	0	5	1	0	0	0	0	1
491.200	0	0	0	0	0	0	0	10	0	0	0	0	0	0	0	0	24	0	10	0	0	0	0	0	0	8	0	9	0	3	1	0	0	0	0	0
491.400	0	0	0	0	0	0	0	10	0	0	0	0	0	0	0	0	17	0	11	0	0	0	0	0	0	7	0	6	0	7	2	0	0	0	0	0
491.600	0	0	0	0	0	0	0	10	0	0	0	0	0	0	0	0	22	0	13	1	0	0	0	0	0	7	0	5	0	3	0	0	0	0	0	0
491.800	0	0	0	0	0	0	0	5	0	0	0	0	0	0	0	0	11	0	14	0	0	0	0	0	0	5	0	8	0	1	0	0	0	0	0	0
492.000	0	0	0	0	0	0	0	7	0	0	0	0	0	0	0	0	24	0	14	0	0	0	0	0	0	3	0	6	0	2	0	0	0	0	0	3
492.200	0	0	0	0	0	0	0	9	0	0	0	0	0	0	0	0	25	0	12	0	0	0	0	0	0	1	0	8	0	3	4	0	0	0	0	8
492.400	0	0	0	0	0	0	0	8	0	0	0	0	0	0	0	0	25	0	17	0	0	0	0	0	0	6	0	7	0	6	1	0	0	0	0	0
492.600	0	0	0	0	0	0	0	10	0	0	0	0	0	0	0	0	22	0	15	1	0	0	0	0	0	6	0	6	0	5	1	0	0	0	0	0
492.800	0	0	0	0	0	0	0	9	0	0	0	0	0	0	0	0	29	0	15	1	0	0	0	0	0	11	0	8	0	2	0	0	0	0	0	0
493.000	0	0	0	0	0	0	0	8	0	0	0	0	0	0	0	0	25	0	15	0	0	0	0	0	0	12	0	6	0	2	0	0	0	0	0	0
493.200	0	0	0	0	0	0	0	5	0	0	0	0	0	0	0	0	26	1	9	0	0	0	0	0	0	5	0	9	0	5	4	0	0	0	0	0
493.400	0	0	0	0	0	0	0	8	0	0	0	0	0	0	0	0	27	0	14	0	0	0	0	0	0	11	0	8	0	3	1	0	0	0	0	0
493.600	0	0	0	0	0	0	0	11	0	0	0	0	0	0	0	0	22	0	7	0	0	0	0	0	0	7	0	8	0	7	2	0	0	0	0	0
493.800	0	0	0	0	0	0	0	5	0	0	0	0	0	0	0	0	20	0	5	1	0	0	0	0	0	11	0	8	0	2	0	0	0	0	0	0
494.000	0	0	0	0	0	0	0	6	0	0	0	0	0	0	0	0	24	0	17	1	0	0	1	0	0	4	0	7	0	4	0	0	0	0	0	0
494.200	0	0	0	0	0	0	0	9	0	0	0	0	0	0	0	0	28	0	16	2	0	0	0	0	0	7	0	7	0	7	2	0	0	1	0	0
494.400	0	0	0	0	0	0	0	5	0	0	0	0	0	0	0	0	26	0	11	1	0	0	0	0	0	7	0	8	0	1	0	0	0	0	0	0
494.600	0	0	0	0	0	0	0	5	0	0	0	0	0	0	0	0	22	0	19	0	0	0	1	0	0	10	0	6	0	3	0	0	0	0	0	0
494.800	0	0	0	0	0	0	0	5	0	0	0	0	0	0	0	0	27	0	12	0	0	0	0	0	0	8	0	8	0	3	0	0	0	0	0	0
495.000	0	0	0	0	0	0	0	6	0	0	0	0	0	0	0	0	27	0	13	1	0	0	0	0	0	5	0	8	0	7	4	0	0	0	0	2
495.200	0	0	0	0	0	0	0	7	0	0	0	0	0	0	0	0	23	0	14	1	0	0	0	0	0	9	0	5	0	3	0	0	0	0	0	0
495.400	0	0	0	0	0	0	0	7	0	0	0	0	0	0	0	0	32	0	10	1	0	0	0	0	0	6	0	9	0	3	3	0	0	0	0	0
495.600	0	0	0	0	0	0	0	8	0	0	0	0	0	0	0	0	29	0	6	1	0	0	0	0	0	7	0	9	0	7	3	0	0	0	0	0
495.800	0	0	0	0	0	0	0	6	0	0	0	0	0	0	0	0	23	0	10	1	0	0	0	0	0	7	0	8	0	2	0	0	0	0	0	0
496.000	0	0	0	0	0	0	0	7	0	0	0	0	0	0	0	0	22	0	14	1	0	0	0	0	0	14	0	8	0	7	1	0	0	0	0	0
496.200	0	0	0	0	0	0	0	10	0	0	0	0	0	0	0	0	25	0	15	0	0	0	0	0	0	12	0	6	0	3	0	0	0	0	0	0
496.400	0	0	0	0	0	0	0	5	0	0	0	0	0	0	0	0	27	0	18	0	0	0	0	0	0	8	0	8	0	2	0	0	0	0	0	0
496.600	0	0	0	0	0	0	0	5	0	0	0	0	0	0	0	0	29	0	4	0	0	0	0	0	0	5	0	8	0	6	1	0	0	0	0	0
496.800	0	0	0	0	0	0	0	5	0	0	0	0	0	0	0	0	27	0	9	0	0	0	0	0	0	8	0	6	0	3	3	0	0	0	0	0
497.000	0	0	0	0	0	0	0	6	0	0	0	0	0	0	0	0	26	0	17	0	0	0	0	0	0	8	0	6	0	3	3	0	0	0	0	0
497.200	0	0	0	0	0	0	0	7	0	0	0	0	0	0	0	0	26	0	12	0	0	0	0	0	0	6	0	8	0	6	4	0	0	0	0	0
497.400	0	0	0	0	0	0	0	11	0	0	0	0	0	0	0	0	31	0	13	0	0	0	0	0	0	10	0	5	0	8	4	0	0	0	0	1
497.600	0	0	0	0	0	0	0	9	0	0	0	0	0	0	0	0	27	0	11	0	0	0	2	0	0	7	0	5	0	2	2	0	0	0	0	1
497.800	0	0	0	0	0	0	0	8	0	0	0	0	0	0	0	0	25	0	13	2	0	0	0	0	0	6	0	4	0	2	0	0	0	0	0	0
498.000	0	0	0	0	0	0	0	9	0	0	0	0	0	0	0	0	28	0	14	0	0	0	2	0	0	6	0	3	0	8	0	0	0	0	0	0
498.200	0	0	0	0	0	0	0	6	0	0	0	0	0	0	0	0	32	0	11	1	0	0	0	0	0	9	0	7	0	2	4	0	0	0	0	0
498.400	0	0	0	0	0	0	0	7	0	0	0	0	0	0	0	0	32	0	10	1	0	0	0	0	0	7	0	8	0	9	2	0	0	0	0	0
498.600	0	0	0	0	0	0	0	10	0	0	0	0	0	0	0	0	34	0	13	0	0	0	2	0	0	6	0	8	0	3	0	0	0	0	0	1
498.800	0	0	0	0	0	0	0	9	0	0	0	0	0	0	0	0	25	0	16	0	0	0	2	0	0	6	0	8	0	3	0	0	0	0	0	0
499.000	0	0	0	0	0	0	0	11	0	0	0	0	0	0	0	0	30	0	13	0	0	0	0	0	0	8	0	8	0	6	0	0	0	0	0	0
499.200	0	0	0	0	0	0	0	10	0	0	0	0	0	0	0	0	31	0	9	0	0	0	0	0	0	6	0	4	0	6	0	0	0	0	0	0
499.400	0	0	0	0	0	0	0	8	0	0	0	0	0	0	0	0	26	0	10	0	0	0	0	0	0	9	0	7	0	7	0	0	0	0	0	0
499.600	0	0	0	0	0	0	0	5	0	0	0	0	0	0	0	0	27	0	13	0	0	0	0	0	0	4	0	4	0	4	0	0	0	0	0	0
499.800	0	0	0	0	0	0	0	5	0	0	0	0	0	0	0	0	33	0	12	1	0	0	0	0	0	6	0	8	0	3	0	0	0	0	0	0
500.000	0	0	0	0	0	0	0	10	0	0	0	0	0	0	0	0	26	0	15	0	0	0	0	0	0	8	0	6	0	2	0	0	0	0	0	0
500.200	0	0	0	0	0	0	0	8	0	0	0	0	0	0	0	0	26	0	15	1	0	0	0	0	0	7	0	8	0	7	1	0	0	0	0	0
500.400	0	0	0	0	0	0	0	9	0	0	0	0	0	0	0	0	19	0	13	0	0	0	0	0	0	4	0	8	0	5	0	0	0	0	0	0
500.600	0	0	0	0	0	0	0	10	0	0	0	0	0	0	0	0	29	0	15	0	0	0	0	0	0	2	0	8	0	5	0	0	0	0	0	0
500.800	0	0	0	0	0	0	0	9	0	0	0	0	0	0	0	0	24	0	16	0	0	0	0	0	0	2	0	10	0	4	0	0	0	0	0	0
501.000	0	0	0	0	0	0	0	10	0	0	0	0	0	0	0	0	20	0	14	0	0	0	0	0	0	4	0	9	0	5	0	0	0	0	0	0
501.200	0	0	0	0	0	0	0	9	0	0	0	0	0	0	0	0	19	0	10	0	0	0	0	0	0	6	0	5	0	2	0	0	0	0	0	0
501.400	0	0	0	0	0	0	0	5	0	0	0	0	0	0	0	0	20	0	12	0	0	0	0	0	0	7	0	9	0	4	0	0	0	0	0	0
501.600	0	0	0	0	0	0	0	6	0	0	0	0	0	0	0	0	25	0	10	1	0	0	0	0	0	8	0	6	0	1	0	0	0	0	0	1
501.800	0	0	0	0	0	0	0	8	0	0	0	0	0	0	0	0	22	0	4	0	0	0	0	0	0	5	0	8	0	1	0	0	0	0	0	5
502.000	0	0	0	0	0	0	0	9	0	0	0	0	0	0	0	0	25	0	11	0	0	0	0	0	0	6	0	1	0	2	0	0	0	0	0	5
502.200	0	0	0	0	0	0	0	8	0	0	0	0	0	0	0	0	21	0	11	0	0	0	0	0	0	6	0	3	0	1	0	0	0	0	0	6
502.400	0	0	0	0	0	0	0	6	0	0	0	0	0	0	0	0	24	0	15	0	0	0	0	0	0	4	0	4	0	4	0	0	0	0	0	6
502.600	0	0	0	0	0	0	0	5	0	0	0	0	0	0	0	0	22	0	6	0	0	0	0	0	0	3	0	5	0	0	0	0	0	0	0	3
502.800	0	0	0	0	0	0	0	6	0	0	0	0	0	0	0	0	29	0	8	0	0	0	0	0	0	6	0	10	0	7	0	0	0	0	0	0
503.000	0	0	0	0	0	0	0	13	0	0	0	0	0	0	0	0	26	0	15	0	0	0	0	0	0	10	0	6	0	2	0	0	0	0	0	0
503.200	0	0	0	0	0	0	0	5	0	0	0	0	0	0	0	0	26	0	17	0	0	0	0	0	0	7	0	7	0	3	0	0	0	0	0	0
503.400	0	0	0	0	0	0	0	9	0	0	0	0	0	0	0	0	26	0	16	0	0	0	0	0	0	4	0	6	0	3	0	0	0	0	0	0
503.600	0	0	0	0	0	0	0	9	0	0	0	0	0	0	0	0	33	0	19	0	0	0	0	0	0	6	0	7	0	3	0	0	0	0	0	0
503.800	0	0	0	0	0	0	0	7	0	0	0	0	0	0	0	0	27	0	15	0	0	0	0	0	0	6	0	8	0	2	0	0	0	0	0	0
504.000	0	0	0	0	0	0	0	6	1	0	0	0	0	0	0	0	31	0	5	1	0	0	0	0	0	7	0	1	0	2	0	0	0	0	0	0
504.200	0	0	0	0	0	0	0	4	0	0	0	0	0	0	0	0	30	0	14	0	0	0	0	0	0	7	0	4	0	2	0	0	0	0	0	1
504.400	0	0	0	0	0	0	0	6	0	0	0	0	0	0	0	0	33	0	11	1	0	0	0	0	0	8	0	0	0	0	0	0	0	0	0	0
504.600	0	0	0	0	0	0	0	7	0	0	0	0	0	0	0	0	27	0	11	0	0	0	0	0	0	6	0	6	0	3	0	0	0	0	0	0
504.800	0	0	0	0	0	0	0	6	0	0	0	0	0	0	0	0	28	0	11	1	0	0	0	0	0	7	0	10	0	6	0	0	0	0	0	0
505.000	0	0	0	0	0	0	0	6	0	0	0	0	0	0	0	0	24	0	14	0	0	0	0	0	0	7	0	4	0	1	0	0	0	0	0	0
505.200	0	0	0	0	0	0	0	9	0	0	0	0	0	0	0	0	25	0	16	0	0	0	2	0	0	6	0	4	0	1	0	0	0	0	0	0
505.400	0	0	0	0	0	0	0	5	0	0	0	0	0	0	0	0	29	0	13	0	0	0	0	0	0	8	0	5	0	4	0	0	0	0	0	0
505.600	0	0	0	0	0	0	0	6	0	0	0	0	0	0	0	0	26	0	17	0	0	0	0	0	0	5	0	5	0	3	1	0	0	0	0	0
505.800	0	0	0	0	0	0	0	6	0	0	0	0	0	0	0	0	20	0	15	0	0	0	0	0	0	7	0	4	0	2	0	0	0	0	0	0
506.000	0	0	0	0	0	0	0	5	0	0	0	0	0	0	0	0	23	0	14	0	0	0	0	0	0	7	0	4	0	5	1	0	0	0	0	0
506.200	0	0	0	0	0	0	0	5	0	0	0	0	0	0	0	0	26	0	15	0	0	0	0	0	0	6	0	4	0	1	0	0	0	0	0	0
506.400	0	0	0	0	0	0	0	6	0	0	0	0	0	0	0	0	24	0	15	0	0	0	0	0	0	7	0	2	0	2	0	0	0	0	0	0
506.600	0	0	0	0	0	0	0	6	0	0	0	0	0	0	0	0	25	0	18	0	0	0	0	0	0	6	0	4	0	0	0	0	0	0	0	0
506.800	0	0	0	0	0	0	0	6	0	0	0	0	0	0	0	0	23	0	19	0	0	0	0	0	0	7	0	3	0	0	0	0	0	0	0	0
507.000	0	0	0	0	0	0	0	6	0	0	0	0	0	0	0	0	28	0	13	0	0	0	0	0	0	7	0	2	0	1	0	0	0	0	0	0
507.200	0	0	0	0	0	0	0	5	0	0	0	0	0	0	0	0	26	0	17	0	0	0	0	0	0	8	0	5	0	1	0	0	0	0	0	0
507.400	0	0	0	0	0	0	0	5	0	0	0	0	0	0	0	0	25	0	16	1	0	0	0	0	0	8	0	2	0	2	0	0	0	0	0	0
507.600	0	0	0	0	0	0	0	6	0	0	0	0	0	0	0	0	21	0	14	1	0	0	0	0	0	8	0	3	0	1	0	0	0	0	0	0
507.800	0	0	0	0	0	0	0	6	0	0	0	0	0	0	0	0	28	0	18	1	0	0	0	0	0	6	0	4	0	0	0	0	0	0	0	0
508.000	0	0	0	0	0	0	0	6	0	0	0	0	0	0	0	0	29	0	17	0	0	0	0	0	0	5	0	6	0	1	0	0	0	0	0	0
508.200	0	0	0	0	0	0	0	4	0	0	0	0	0	0	0	0	21	0	11	0	0	0	0	0	0	5	0	5	0	4	0	0	0	0	0	0
508.400	0	0	0	0	0	0	0	6	0	0	0	0	0	0	0	0	25	0	12	0	0	0	0	0	0	5	0	9	0	5	0	0	0	0	0	0
508.600	0	0	0	0	0	0	0	4	0	0	0	0	0	0	0	0	23	1	13	1	0	0	0	0	0	7	0	3	0	1	0	0	0	0	0	0
508.800	0	0	0	0	0	0	0	6	0	0	0	0	0	0	0	0	28	0	13	0	0	0	0	0	0	7	0	3	0	1	0	0	0	0	0	0
509.000	0	0	0	0	0	0	0	5	0	0	0	0	0	0	0	0	25	0	11	1	0	0	0	0	0	6	0	6	0	5	0	0	0	0	0	0
509.200	0	0	0	0	0	0	0	6	0	0	0	0	0	0	0	0	28	0	11	0	0	0	0	0	0	8	0	7	0	3	0	0	0	0	0	0
509.400	0	0	0	0	0	0	0	5	0	0	0	0	0	0	0	0	25	0	14	0	0	0	0	0	0	6	0	10	0	6	0	0	0	0	0	0
509.600	0	0	0	0	0	0	0	6	0	0	0	0	0	0	0	0	29	0	17	1	0	0	0	0	0	7	0	8	0	1	0	0	0	0	0	0
509.800	0	0	0	0	0	0	0	6	0	0	0	0	0	0	0	0	24	0	12	0	0	0	1	0	0	6	0	5	0	3	0	0	0	0	0	0
510.000	0	0	0	0	0	0	0	8	0	0	0	0	0	0	0	0	26	0	16	0	0	0	1	0	0	9	0	6	0	5	0	0	0	0	0	0
510.200	0	0	0	0	0	0	0	6	0	0	0	0	0	0	0	0	25	0	9	0	0	0	1	0	0	10	0	6	0	3	0	0	0	0	0	0
510.400	0	0	0	0	0	0	0	6	0	0	0	0	0	0	0	0	28	0	10	0	0	0	1	0	0	7	0	9	0	1	0	0	0	0	0	0
510.600	0	0	0	0	0	0	0	11	0	0	0	0	0	0	0	0	16	0	12	0	0	0	1	0	0	5	0	10	0	1	0	0	0	0	0	0
510.800	0	0	0	0	0	0	0	8	0	0	0	0	0	0	0	0	11	0	18	0	0	0	2	0	0	6	0	7	0	1	0	0	0	0	0	0
511.000	0	0	0	0	0	0	0	5	0	0	0	0	0	0	0	0	19	0	11	0	0	0	0	0	0	7	2	13	0	3	2	0	0	0	0	0
511.200	0	0	0	0	0	0	0	9	0	0	0	0	0	0	0	0	26	0	7	0	0	0	2	0	0	6	0	5	0	4	0	0	0	0	0	0
511.400	0	0	0	0	0	0	0	9	0	0	0	0	0	0	0	0	26	0	12	1	0	0	0	0	0	7	0	6	0	0	0	0	0	0	0	0
511.600	0	0	0	0	0	0	0	6	0	0	0	0	0	0	0	0	25	0	5	0	0	0	0	0	0	6	0	2	0	0	0	0	0	0	0	0
511.800	0	0	0	0	0	0	0	7	0	0	0	0	0	0	0	0	26	1	14	1	0	0	0	0	0	9	0	8	0	2	1	0	0	0	0	0
512.000	0	0	0	0	0	0	0	4	0	0	0	0	0	0	0	0	24	0	9	0	0	0	0	0	0	5	0	0	0	4	1	0	0	0	0	1
512.200	0	0	0	0	0	0	0	6	1	0	0	0	0	0	0	0	30	0	11	0	0	0	0	0	0	6	0	4	0	2	0	0	0	0	0	0
512.400	0	0	0	0	0	0	0	8	0	0	0	0	0	0	0	0	28	0	14	0	0	0	0	0	0	6	0	4	0	4	0	0	0	0	0	0
512.600	0	0	0	0	0	0	0	7	0	0	0	0	0	0	0	0	28	0	8	1	0	0	0	0	0	6	0	5	0	2	0	0	0	0	0	0
512.800	0	0	0	0	0	0	0	8	0	0	0	0	0	0	0	0	33	0	12	0	0	0	0	0	0	6	0	0	0	0	0	0	0	0	0	0
513.000	0	0	0	0	0	0	0	8	0	0	0	0	0	0	0	0	30	0	12	1	0	0	0	0	0	7	0	8	0	5	0	0	0	0	0	0
513.200	0	0	0	0	0	0	0	9	2	0	0	0	0	0	0	0	26	1	15	0	0	0	0	0	0	6	0	6	0	2	0	0	0	0	0	0
513.400	0	0	0	0	0	0	0	9	0	0	0	0	0	0	0	0	27	0	15	0	0	0	0	0	0	8	0	8	0	6	0	0	0	0	0	0
513.600	0	0	0	0	0	0	0	9	1	0	0	0	0	0	0	0	26	0	12	0	0	0	0	0	0	6	0	7	0	6	0	0	0	0	0	0
513.800	0	0	0	0	0	0	0	5	4	0	0	0	0	0	0	0	22	1	11	0	0	0	0	0	0	7	0	8	0	7	0	0	0	0	0	0
514.000	0	0	0	0	0	0	0	7	1	0	0	0	0	0	0	0	23	0	4	1	0	0	0	0	0	6	0	9	0	7	0	0	0	0	0	0
514.200	0	0	0	0	0	0	0	5	0	0	0	0	0	0	0	0	25	0	6	0	0	0	0	0	0	7	0	7	0	1	0	0	0	0	0	0
514.400	0	0	0	0	0	0	0	7	0	0	0	0	0	0	0	0	28	2	6	1	0	0	0	0	0	6	0	9	0	5	0	0	0	0	0	0
514.600	0	0	0	0	0	0	0	9	0	0	0	0	0	0	0	0	24	2	11	0	0	0	0	0	0	6	0	8	0	4	0	0	0	0	0	0
514.800	0	0	0	0	0	0	0	9	0	0	0	0	0	0	0	0	26	1	9	0	0	0	0	0	0	7	0	5	0	3	0	0	0	0	0	0
515.000	0	0	0	0	0	0	0	7	0	0	0	0	0	0	0	0	27	1	11	0	0	0	0	0	0	7	0	4	0	7	0	0	0	0	0	0
515.200	0	0	0	0	0	0	0	6	0	0	0	0	0	0	0	0	21	1	6	0	0	0	0	0	0	6	0	4	0	4	0	0	0	0	0	0
515.400	0	0	0	0	0	0	0	5	0	0	0	0	0	0	0	0	28	5	17	0	0	0	0	0	0	7	0	6	0	5	0	0	0	0	0	0
515.600	0	0	0	0	0	0	0	5	0	0	0	0	0	0	0	0	25	4	15	0	0	0	1	0	0	5	0	7	0	4	0	0	0	0	0	0
515.800	0	0	0	0	0	0	0	3	0	0	0	0	0	0	0	0	20	1	9	0	0	0	2	0	0	6	0	7	0	4	0	0	0	0	0	0
516.000	0	0	0	0	0	0	0	3	0	0	0	0	0	0	0	0	14	5	12	0	0	0	2	0	0	6	0	7	0	6	0	0	0	0	0	0
516.200	0	0	0	0	0	0	0	6	0	0	0	0	0	0	0	0	17	5	10	1	0	0	0	0	0	6	0	6	0	6	0	0	0	0	0	0
516.400	0	0	0	0	0	0	0	4	0	0	0	0	0	0	0	0	15	4	10	1	0	0	0	0	0	6	0	6	0	5	0	0	0	0	0	0
516.600	0	0	0	0	0	0	0	2	0	0	0	0	0	0	0	0	13	6	14	1	0	0	2	0	0	7	0	6	0	5	0	0	0	0	0	0
516.800	0	0	0	0	0	0	0	4	0	0	0	0	0	0	0	0	15	1	12	1	0	0	3	0	0	6	0	7	0	3	0	0	0	0	0	0
517.000	0	0	0	0	0	0	0	3	0	0	0	0	0	0	0	0	12	2	15	0	0	0	0	0	0	5	0	7	0	2	0	0	0	0	0	3
517.200	0	0	0	0	0	0	0	1	0	0	0	0	0	0	0	0	14	4	12	1	0	0	0	0	0	7	0	8	0	6	1	0	0	0	0	0
517.400	0	0	0	0	0	0	0	1	0	0	0	0	0	0	0	0	19	5	15	1	0	0	0	0	0	8	0	8	0	3	0	0	0	0	0	0
517.600	0	0	0	0	0	0	0	2	0	0	0	0	0	0	0	0	21	5	12	1	0	0	2	0	0	8	0	5	0	7	0	0	0	0	0	0
517.800	0	0	0	0	0	0	0	3	0	0	0	0	0	0	0	0	24	2	16	1	0	0	0	0	0	6	0	8	0	7	0	0	0	0	0	0
518.000	0	0	0	0	0	0	0	1	0	0	0	0	0	0	0	0	21	4	13	1	0	0	0	0	0	5	0	6	0	7	0	0	0	0	0	0
518.200	0	0	0	0	0	0	0	4	0	0	0	0	0	0	0	0	22	3	11	1	0	0	0	0	0	8	0	4	0	2	0	0	0	0	0	0
518.400	0	0	0	0	0	0	0	3	0	0	0	0	0	0	0	0	21	3	16	1	0	0	0	0	0	6	0	8	0	9	0	0	0	0	0	0
518.600	0	0	0	0	0	0	0	3	0	0	0	0	0	0	0	0	27	3	15	0	0	0	0	0	0	7	0	8	0	10	0	0	0	0	0	0
518.800	0	0	0	0	0	0	0	1	0	0	0	0	0	0	0	0	22	4	6	1	0	0	0	0	0	5	0	8	0	5	0	0	0	0	0	0
519.000	0	0	0	0	0	0	0	1	0	0	0	0	0	0	0	0	17	2	10	1	0	0	0	0	0	7	0	7	0	5	0	0	0	0	0	0
519.200	0	0	0	0	0	0	0	1	0	0	0	0	0	0	0	0	13	4	12	1	0	0	0	0	0	7	0	5	0	3	0	0	0	0	0	0
519.400	0	0	0	0	0	0	0	1	0	0	0	0	0	0	0	0	17	1	8	1	0	0	0	0	0	6	0	7	0	9	0	0	0	0	0	0
519.600	0	0	0	0	0	0	0	0	0	0	0	0	0	0	0	0	19	0	9	1	0	0	0	0	0	5	0	5	0	8	0	0	0	0	0	0
519.800	0	0	0	0	0	0	0	0	0	0	0	0	0	0	0	0	13	1	9	1	0	0	0	0	0	7	0	6	0	0	1	0	0	0	0	4
520.000	0	0	0	0	0	0	0	3	0	0	0	0	0	0	0	0	18	0	10	1	0	0	0	0	0	7	0	6	0	3	1	0	0	0	0	2
520.200	0	0	0	0	0	0	0	1	0	0	0	0	0	0	0	0	18	0	12	1	0	0	1	0	0	7	0	8	0	7	2	0	0	0	0	4
520.400	0	0	0	0	0	0	0	0	0	0	0	0	0	0	0	0	17	0	6	1	0	0	0	0	0	6	0	8	0	5	0	0	0	0	0	5
520.600	0	0	0	0	0	0	0	0	0	0	0	0	0	0	0	0	22	0	14	1	0	0	0	0	0	6	0	8	0	6	1	0	0	0	0	3
520.800	0	0	0	0	0	0	0	0	0	0	0	0	0	0	0	0	13	0	5	1	0	0	0	0	0	7	0	6	0	12	3	0	0	0	0	4
521.000	0	0	0	0	0	0	0	1	0	0	0	0	0	0	0	0	24	0	9	1	0	0	0	0	0	6	0	6	0	10	3	0	0	0	0	4
521.200	0	0	0	0	0	0	0	1	0	0	0	0	0	0	0	0	25	0	17	1	0	0	2	0	0	6	0	5	0	5	1	0	0	0	0	4
521.400	0	0	0	0	0	0	0	0	0	0	0	0	0	0	0	0	12	0	9	1	0	0	1	0	0	7	0	6	0	5	0	0	0	0	0	3
521.600	0	0	0	0	0	0	0	0	0	0	0	0	0	0	0	0	24	0	13	1	0	0	0	0	0	4	0	8	0	9	1	0	0	0	0	4
521.800	0	0	0	0	0	0	0	1	0	0	0	0	0	0	0	0	15	0	7	0	0	0	0	0	0	6	0	5	0	1	0	0	0	0	0	4
522.000	0	0	0	0	0	0	0	1	0	0	0	0	0	0	0	0	20	0	12	0	0	0	0	0	0	9	0	8	0	7	1	0	0	0	0	2
522.200	0	0	0	0	0	0	0	1	0	0	0	0	0	0	0	0	18	1	18	1	0	0	0	0	0	8	0	6	0	7	0	0	0	0	0	2
522.400	0	0	0	0	0	0	0	0	0	0	0	0	0	0	0	0	19	1	9	0	0	0	0	0	0	7	0	5	0	1	0	0	0	0	0	4
522.600	0	0	0	0	0	0	0	1	0	0	0	0	0	0	0	0	13	1	7	0	0	0	0	0	0	8	0	8	0	8	1	0	0	0	0	5
522.800	0	0	0	0	0	0	0	1	0	0	0	0	0	0	0	0	20	1	8	1	0	0	0	0	0	7	0	6	0	1	0	0	0	0	0	4
523.000	0	0	0	0	0	0	0	0	0	0	0	0	0	0	0	0	20	0	7	1	0	0	0	0	0	6	0	6	0	5	1	0	0	0	0	6
523.200	0	0	0	0	0	0	0	1	0	0	0	0	0	0	0	0	27	0	11	1	0	0	1	0	0	9	0	8	0	5	3	0	0	0	0	3
523.400	0	0	0	0	0	0	0	1	0	0	0	0	0	0	0	0	16	1	6	0	0	0	0	0	0	8	0	8	0	9	1	0	0	0	0	4
523.600	0	0	0	0	0	0	0	1	0	0	0	0	0	0	0	0	13	1	9	0	0	0	0	0	0	8	0	6	0	5	1	0	0	0	0	3
523.800	0	0	0	0	0	0	0	1	0	0	0	0	0	0	0	0	15	0	11	1	0	0	0	0	0	6	0	6	0	2	0	0	0	0	0	3
524.000	0	0	0	0	0	0	0	1	0	0	0	0	0	0	0	0	18	0	12	1	0	0	0	0	0	9	0	6	0	8	3	0	0	0	0	7
524.200	0	0	0	0	0	0	0	1	0	0	0	0	0	0	0	0	22	0	15	1	0	0	0	0	0	5	0	6	0	4	0	0	0	0	0	2
524.400	0	0	0	0	0	0	0	0	0	0	0	0	0	0	0	0	19	0	10	1	0	0	0	0	0	2	0	4	0	4	1	0	0	0	0	2
524.600	0	0	0	0	0	0	0	1	0	0	0	0	0	0	0	0	16	0	6	1	0	0	0	0	0	6	0	6	0	4	0	0	0	0	0	2
524.800	0	0	0	0	0	0	0	0	0	0	0	0	0	0	0	0	22	0	9	1	0	0	1	0	0	8	0	6	0	4	0	0	0	0	0	2
525.000	0	0	0	0	0	0	0	1	0	0	0	0	0	0	0	0	18	0	13	1	0	0	1	0	0	4	0	5	0	1	0	0	0	0	0	2
525.200	0	0	0	0	0	0	0	1	0	0	0	0	0	0	0	0	23	1	10	1	0	0	0	0	0	5	0	6	0	2	0	0	0	0	0	4
525.400	0	0	0	0	0	0	0	0	0	0	0	0	0	0	0	0	20	0	10	1	0	0	0	0	0	6	0	8	0	8	0	0	0	0	0	3
525.600	0	0	0	0	0	0	0	5	0	0	0	0	0	0	0	0	25	1	10	1	0	0	0	0	0	4	0	8	0	3	1	0	0	0	0	5
525.800	0	0	0	0	0	0	0	1	0	0	0	0	0	0	0	0	21	0	13	1	0	0	0	0	0	6	0	4	0	4	1	0	0	0	0	3
526.000	0	0	0	0	0	0	0	0	0	0	0	0	0	0	0	0	16	1	16	0	0	0	0	0	0	6	0	6	0	4	2	0	0	0	0	4
526.200	0	0	0	0	0	0	0	1	0	0	0	0	0	0	0	0	26	0	11	1	0	0	2	0	0	6	0	6	0	1	0	0	0	0	0	3
526.400	0	0	0	0	0	0	0	3	0	0	0	0	0	0	0	0	14	0	13	1	0	0	2	0	0	7	0	7	0	7	3	0	0	0	0	5
526.600	0	0	0	0	0	0	0	1	0	0	0	0	0	0	0	0	17	0	10	1	0	0	2	0	0	6	0	7	0	7	0	0	0	0	0	4
526.800	0	0	0	0	0	0	0	0	0	0	0	0	0	0	0	0	19	0	14	1	0	0	2	0	0	7	0	6	0	5	0	0	0	0	0	4
527.000	0	0	0	0	0	0	0	1	0	0	0	0	0	0	0	0	19	0	11	1	0	0	1	0	0	6	0	4	0	5	0	0	0	0	0	4
527.200	0	0	0	0	0	0	0	1	0	0	0	0	0	0	0	0	16	0	10	0	0	0	2	0	0	7	0	6	0	2	1	0	0	0	0	3
527.400	0	0	0	0	0	0	0	0	0	0	0	0	0	0	0	0	23	0	12	1	0	0	2	0	0	6	0	7	0	6	3	0	0	0	0	5
527.600	0	0	0	0	0	0	0	1	0	0	0	0	0	0	0	0	20	1	17	1	0	0	3	0	0	7	0	6	0	3	2	0	0	0	0	5
527.800	0	0	0	0	0	0	0	1	0	0	0	0	0	0	0	0	13	0	14	1	0	0	1	0	0	7	0	6	0	9	1	0	0	0	0	4
528.000	0	0	0	0	0	0	0	1	0	0	0	0	0	0	0	0	21	0	12	1	0	0	0	0	0	10	0	8	0	4	1	0	0	0	0	0
528.200	0	0	0	0	0	0	0	1	0	0	0	0	0	0	0	0	18	0	9	1	0	0	0	0	0	10	0	6	0	4	0	0	0	0	0	4
528.400	0	0	0	0	0	0	0	1	0	0	0	0	0	0	0	0	19	1	10	1	0	0	0	0	0	9	0	7	0	6	1	0	0	0	0	5
528.600	0	0	0	0	0	0	0	1	0	0	0	0	0	0	0	0	15	0	6	1	0	0	0	0	0	8	0	7	0	4	1	0	0	0	0	4
528.800	0	0	0	0	0	0	0	1	0	0	0	0	0	0	0	0	16	1	12	0	0	0	0	0	0	8	0	7	0	5	4	0	0	0	0	5
529.000	0	0	0	0	0	0	0	0	0	0	0	0	0	0	0	0	21	0	14	1	0	0	2	0	0	6	0	7	0	7	2	0	0	0	0	5
529.200	0	0	0	0	0	0	0	0	0	0	0	0	0	0	0	0	13	0	13	0	0	0	2	0	0	6	0	8	0	7	3	0	0	0	0	3
529.400	0	0	0	0	0	0	0	1	0	0	0	0	0	0	0	0	15	0	8	0	0	0	2	0	0	13	0	5	0	8	0	0	0	0	0	3
529.600	0	0	0	0	0	0	0	1	0	0	0	0	0	0	0	0	14	0	12	0	0	0	2	0	0	7	0	8	0	8	0	0	0	0	0	1
529.800	0	0	0	0	0	0	0	0	0	0	0	0	0	0	0	0	17	0	11	1	0	0	2	0	0	12	0	6	0	4	5	0	0	0	0	2
530.000	0	0	0	0	0	0	0	1	0	0	0	0	0	0	0	0	12	0	14	1	0	0	0	0	0	9	0	8	0	6	5	0	0	0	0	3
530.200	0	0	0	0	0	0	0	3	0	0	0	0	0	0	0	0	12	0	4	0	0	0	2	0	0	10	0	6	0	8	2	0	0	0	0	6
530.400	0	0	0	0	0	0	0	1	0	0	0	0	0	0	0	0	13	0	12	1	0	0	0	0	0	11	0	6	0	6	2	0	0	0	0	3
530.600	0	0	0	0	0	0	0	1	0	0	0	0	0	0	0	0	24	0	9	1	0	0	0	0	0	10	0	6	0	10	2	0	0	0	0	4
530.800	0	0	0	0	0	0	0	1	0	0	0	0	0	0	0	0	14	0	17	1	0	0	0	0	0	7	0	5	0	5	3	0	0	0	0	2
531.000	0	0	0	0	0	0	0	1	0	0	0	0	0	0	0	0	19	0	16	1	0	0	2	0	0	8	0	5	0	5	6	0	0	0	0	1
531.200	0	0	0	0	0	0	0	1	0	0	0	0	0	0	0	0	18	0	15	1	0	0	2	0	0	6	0	8	0	6	3	0	0	0	0	0
531.400	0	0	0	0	0	0	0	1	0	0	0	0	0	0	0	0	18	0	13	1	0	0	0	0	0	9	0	6	0	8	7	0	0	0	0	1
531.600	0	0	0	0	0	0	0	1	0	0	0	0	0	0	0	0	17	0	15	1	0	0	2	0	0	10	0	6	0	7	5	0	0	0	0	0
531.800	0	0	0	0	0	0	0	1	0	0	0	0	0	0	0	0	18	0	9	1	0	0	2	0	0	12	0	6	0	5	3	0	0	0	0	1
532.000	0	0	0	0	0	0	0	1	0	0	0	0	0	0	0	0	26	0	7	1	0	0	1	0	0	8	0	5	0	4	4	0	0	0	0	2
532.200	0	0	0	0	0	0	0	1	0	0	0	0	0	0	0	0	25	0	13	0	0	0	3	0	0	9	0	5	0	1	2	0	0	0	0	1
532.400	0	0	0	0	0	0	0	1	0	0	0	0	0	0	0	0	20	0	9	1	0	0	2	0	0	7	0	6	0	7	5	0	0	0	0	2
532.600	0	0	0	0	0	0	0	1	0	0	0	0	0	0	0	0	20	0	10	1	0	0	2	0	0	10	0	5	0	4	2	0	0	0	0	1
532.800	0	0	0	0	0	0	0	4	0	0	0	0	0	0	0	0	20	0	15	0	0	0	2	0	0	8	0	3	0	8	2	0	0	0	0	1
533.000	0	0	0	0	0	0	0	3	0	0	0	0	0	0	0	0	19	0	10	2	0	0	3	0	0	7	0	5	0	9	6	0	0	0	0	2
533.200	0	0	0	0	0	0	0	3	0	0	0	0	0	0	0	0	22	0	13	1	0	0	2	0	0	7	0	5	0	7	4	0	0	0	0	0
533.400	0	0	0	0	0	0	0	1	0	0	0	0	0	0	0	0	19	2	8	2	0	0	2	0	0	7	0	8	0	6	2	0	0	0	0	0
533.600	0	0	0	0	0	0	0	1	0	0	0	0	0	0	0	0	18	0	7	4	0	0	0	0	0	5	0	7	0	8	1	0	0	0	0	0
533.800	0	0	0	0	0	0	0	4	0	0	0	0	0	0	0	0	29	0	11	1	0	0	3	0	0	7	0	5	0	8	5	0	0	0	0	0
534.000	0	0	0	0	0	0	0	3	0	0	0	0	0	0	0	0	30	0	12	0	0	0	2	0	0	7	0	6	0	8	2	0	0	0	0	0
534.200	0	0	0	0	0	0	0	1	0	0	0	0	0	0	0	0	21	0	10	1	0	0	2	0	0	8	0	5	0	1	3	0	0	0	0	0
534.400	0	0	0	0	0	0	0	3	0	0	0	0	0	0	0	0	22	0	6	3	0	0	2	0	0	6	0	6	0	5	2	0	0	0	0	0
534.600	0	0	0	0	0	0	0	4	0	0	0	0	0	0	0	0	20	1	7	2	0	0	1	0	0	7	0	7	0	5	1	0	0	0	0	0
534.800	0	0	0	0	0	0	0	4	0	0	0	0	0	0	0	0	14	0	12	3	0	0	2	0	0	11	0	5	0	3	2	0	0	0	0	0
535.000	0	0	0	0	0	0	0	5	0	0	0	0	0	0	0	0	19	0	9	1	0	0	2	0	0	10	0	4	0	3	2	0	0	0	0	0
535.200	0	0	0	0	0	0	0	8	0	0	0	0	0	0	0	0	19	0	14	3	0	0	2	0	0	11	0	2	0	4	2	0	0	0	0	0
535.400	0	0	0	0	0	0	0	8	0	0	0	0	0	0	0	0	21	0	15	1	0	0	2	0	0	7	0	3	0	3	2	0	0	0	0	0
535.600	0	0	0	0	0	0	0	8	0	0	0	0	0	0	0	0	15	0	12	1	0	0	2	0	0	8	0	5	0	4	2	0	0	0	0	0
535.800	0	0	0	0	0	0	0	9	0	0	0	0	0	0	0	0	20	0	12	1	0	0	3	0	0	9	0	5	0	2	2	0	0	0	0	0
536.000	0	0	0	0	0	0	0	4	0	0	0	0	0	0	0	0	20	0	9	1	0	0	2	0	0	14	0	6	0	1	3	0	0	0	0	2
536.200	0	0	0	0	0	0	0	4	0	0	0	0	0	0	0	0	15	0	9	3	0	0	2	0	0	19	0	5	0	3	2	0	0	0	0	4
536.400	0	0	0	0	0	0	0	5	0	0	0	0	0	0	0	0	19	0	9	1	0	0	2	0	0	14	0	5	0	4	2	0	0	0	0	7
536.600	0	0	0	0	0	0	0	7	0	0	0	0	0	0	0	0	18	0	12	1	0	0	2	0	0	13	0	8	0	4	0	0	0	0	0	2
536.800	0	0	0	0	0	0	0	7	0	0	0	0	0	0	0	0	21	0	13	1	0	0	4	0	0	16	0	8	0	14	4	0	0	0	0	0
537.000	0	0	0	0	0	0	0	6	0	0	0	0	0	0	0	0	20	0	15	1	0	0	2	0	0	12	0	8	0	5	4	0	0	0	0	0
537.200	0	0	0	0	0	0	0	6	0	0	0	0	0	0	0	0	15	0	7	1	0	0	2	0	0	18	0	8	0	8	3	0	0	0	0	0
537.400	0	0	0	0	0	0	0	7	0	0	0	0	0	0	0	0	16	1	9	1	0	0	2	0	0	16	0	8	0	5	3	0	0	0	0	0
537.600	0	0	0	0	0	0	0	8	0	0	0	0	0	0	0	0	21	0	9	1	0	0	0	0	0	9	0	2	0	5	0	0	0	0	0	0
537.800	0	0	0	0	0	0	0	7	0	0	0	0	0	0	0	0	14	0	10	2	0	0	1	0	0	9	0	8	0	5	0	0	0	0	0	0
538.000	0	0	0	0	0	0	0	9	0	0	0	0	0	0	0	0	14	0	13	4	0	0	2	0	0	11	0	7	0	6	0	0	0	0	0	0
538.200	0	0	0	0	0	0	0	12	0	0	0	0	0	0	0	0	20	0	9	2	0	0	1	0	0	12	0	6	0	4	0	0	0	0	0	0
538.400	0	0	0	0	0	0	0	4	0	0	0	0	0	0	0	0	16	0	11	2	0	0	0	0	0	11	0	5	0	4	0	0	0	0	0	0
538.600	0	0	0	0	0	0	0	10	0	0	0	0	0	0	0	0	21	0	14	1	0	0	2	0	0	13	0	0	0	2	0	0	0	0	0	0
538.800	0	0	0	0	0	0	0	4	0	0	0	0	0	0	0	0	13	0	10	3	0	0	2	0	0	10	0	0	0	4	0	0	0	0	0	0
539.000	0	0	0	0	0	0	0	11	0	0	0	0	0	0	0	0	19	0	9	3	0	0	0	0	0	17	0	6	0	4	0	0	0	0	0	3
539.200	0	0	0	0	0	0	0	4	0	0	0	0	0	0	0	0	19	1	9	2	0	0	2	0	0	18	0	8	0	6	0	0	0	0	0	3
539.400	0	0	0	0	0	0	0	8	0	0	0	0	0	0	0	0	21	0	11	4	0	0	2	0	0	13	0	6	0	3	0	0	0	0	0	0
539.600	0	0	0	0	0	0	0	13	0	0	0	0	0	0	0	0	17	0	7	3	0	0	2	0	0	14	0	7	0	0	0	0	0	0	0	3
539.800	0	0	0	0	0	0	0	11	0	0	0	0	0	0	0	0	12	1	7	4	0	0	2	0	0	13	0	8	0	7	0	0	0	0	0	3
540.000	0	0	0	0	0	0	0	5	0	0	0	0	0	0	0	0	21	1	12	1	0	0	0	0	0	8	0	5	0	9	0	0	0	0	0	2
540.200	0	0	0	0	0	0	0	7	0	0	0	0	0	0	0	0	23	1	13	4	0	0	4	0	0	8	0	7	0	5	0	0	0	0	0	5
540.400	0	0	0	0	0	0	0	8	0	0	0	0	0	0	0	0	22	0	7	4	0	0	6	0	0	11	0	8	0	8	0	0	0	0	0	5
540.600	0	0	0	0	0	0	0	10	0	0	0	0	0	0	0	0	23	0	13	4	0	0	3	0	0	9	0	6	0	6	0	0	0	0	0	3
540.800	0	0	0	0	0	0	0	5	0	0	0	0	0	0	0	0	22	0	11	2	0	0	3	0	0	6	0	1	0	1	0	0	0	0	0	2
541.000	0	0	0	0	0	0	0	4	0	0	0	0	0	0	0	0	15	0	13	1	0	0	4	0	0	7	0	0	0	5	0	0	0	0	0	4
541.200	0	0	0	0	0	0	0	12	0	0	0	0	0	0	0	0	23	0	9	3	0	0	2	0	0	12	0	0	0	6	0	0	0	0	1	4
541.400	0	0	0	0	0	0	0	6	0	0	0	0	0	0	0	0	16	0	10	1	0	0	1	0	0	11	0	3	0	7	0	0	0	0	0	5
541.600	0	0	0	0	0	0	0	4	0	0	0	0	0	0	0	0	20	0	10	4	0	0	2	0	0	9	0	1	0	4	0	0	0	0	0	2
541.800	0	0	0	0	0	0	0	4	0	0	0	0	0	0	0	0	20	1	14	3	0	0	2	0	0	6	0	4	0	4	0	0	0	0	0	3
542.000	0	0	0	0	0	0	0	6	0	0	0	0	0	0	0	0	25	1	15	2	0	0	1	0	0	10	0	1	0	3	0	0	0	0	0	3
542.200	0	0	0	0	0	0	0	3	0	0	0	0	0	0	0	0	20	1	8	3	0	0	2	0	0	11	0	8	0	7	0	0	0	0	1	2
542.400	0	0	0	0	0	0	0	6	0	0	0	0	0	0	0	0	22	0	14	1	0	0	2	0	0	6	0	7	0	2	1	0	0	0	0	3
542.600	0	0	0	0	0	0	0	6	0	0	0	0	0	0	0	0	20	0	13	1	0	0	2	0	0	7	0	6	0	6	0	0	0	0	0	4
542.800	0	0	0	0	0	0	0	5	0	0	0	0	0	0	0	0	17	0	13	1	0	0	1	0	0	4	0	3	0	8	0	0	0	0	0	3
543.000	0	0	0	0	0	0	0	6	0	0	0	0	0	0	0	0	21	0	14	1	0	0	4	0	0	12	0	5	0	5	0	0	0	0	0	2
543.200	0	0	0	0	0	0	0	12	0	0	0	0	0	0	0	0	22	0	10	1	0	0	3	0	0	19	0	0	0	6	0	0	0	0	0	3
543.400	0	0	0	0	0	0	0	5	0	0	0	0	0	0	0	0	22	2	8	3	0	0	2	0	0	15	0	3	0	6	0	0	0	0	0	2
543.600	0	0	0	0	0	0	0	8	0	0	0	0	0	0	0	0	15	1	14	3	0	0	2	0	0	8	0	0	0	2	0	0	0	0	0	3
543.800	0	0	0	0	0	0	0	12	0	0	0	0	0	0	0	0	19	0	13	1	0	0	2	0	0	8	0	0	0	2	0	0	0	0	0	3
544.000	0	0	0	0	0	0	0	8	0	0	0	0	0	0	0	0	22	0	9	3	0	0	2	0	0	8	0	0	0	1	0	0	0	0	0	2
544.200	0	0	0	0	0	0	0	10	0	0	0	0	0	0	0	0	26	0	15	2	0	0	2	0	0	5	0	0	0	3	0	0	0	0	1	3
544.400	0	0	0	0	0	0	0	8	0	0	0	0	0	0	0	0	21	0	6	2	0	0	2	0	0	9	0	1	0	5	0	0	0	0	0	2
544.600	0	0	0	0	0	0	0	6	0	0	0	0	0	0	0	0	17	0	5	4	0	0	1	0	0	5	0	0	0	7	0	0	0	0	0	1
544.800	0	0	0	0	0	0	0	6	0	0	0	0	0	0	0	0	18	1	4	1	0	0	1	0	0	7	0	0	0	3	0	0	0	0	0	3
545.000	0	0	0	0	0	0	0	8	0	0	0	0	0	0	0	0	19	0	4	1	0	0	0	0	0	7	0	0	0	5	0	0	0	0	0	3
545.200	0	0	0	0	0	0	0	9	0	0	0	0	0	0	0	0	13	0	5	1	0	0	1	0	0	10	0	0	0	6	0	0	0	0	0	2
545.400	0	0	0	0	0	0	0	8	0	0	0	0	0	0	0	0	18	0	4	1	0	0	0	0	0	13	0	0	0	7	0	0	0	0	0	2
545.600	0	0	0	0	0	0	0	6	0	0	0	0	0	0	0	0	17	0	4	1	0	0	1	0	0	7	0	0	0	8	0	0	0	0	0	3
545.800	0	0	0	0	0	0	0	9	0	0	0	0	0	0	0	0	19	0	5	1	0	0	0	0	0	9	0	0	0	9	0	0	0	0	0	2
546.000	0	0	0	0	0	0	0	14	0	0	0	0	0	0	0	0	15	1	8	2	0	0	4	0	0	9	0	0	0	6	0	0	0	0	0	2
546.200	0	0	0	0	0	0	0	9	0	0	0	0	0	0	0	0	17	0	10	1	0	0	3	0	0	10	0	0	0	9	0	0	0	0	0	4
546.400	0	0	0	0	0	0	0	15	0	0	0	0	0	0	0	0	25	0	8	2	0	0	3	0	0	13	0	0	0	5	0	0	0	0	1	3
546.600	0	0	0	0	0	0	0	8	0	0	0	0	0	0	0	0	21	1	6	2	0	0	2	0	0	7	0	0	0	7	0	0	0	0	0	3
546.800	0	0	0	0	0	0	0	15	0	0	0	0	0	0	0	0	24	2	7	3	0	0	2	0	0	9	0	0	0	5	0	0	0	0	0	5
547.000	0	0	0	0	0	0	0	13	0	0	0	0	0	0	0	0	23	0	11	1	0	0	4	0	0	10	0	0	0	7	0	0	0	0	1	3
547.200	0	0	0	0	0	0	0	9	0	0	0	0	0	0	0	0	19	1	11	2	0	0	4	0	0	10	0	0	0	5	0	0	0	0	0	3
547.400	0	0	0	0	0	0	0	10	0	0	0	0	0	0	0	0	20	2	7	5	0	0	4	0	0	7	0	0	0	6	0	0	0	0	0	2
547.600	0	0	0	0	0	0	0	10	0	0	0	0	0	0	0	0	20	0	11	1	0	0	4	0	0	7	0	0	0	9	0	0	0	0	0	4
547.800	0	0	0	0	0	0	0	10	0	0	0	0	0	0	0	0	17	2	11	1	0	0	3	0	0	6	0	2	0	5	1	0	0	0	0	3
548.000	0	0	0	0	0	0	0	8	0	0	0	0	0	0	0	0	13	0	10	4	0	0	3	0	0	6	0	1	0	10	0	0	0	0	0	4
548.200	0	0	0	0	0	0	0	8	0	0	0	0	0	0	0	0	15	2	10	1	0	0	0	0	0	7	0	0	0	6	0	0	0	0	0	5
548.400	0	0	0	0	0	0	0	8	0	0	0	0	0	0	0	0	19	3	10	1	0	0	4	0	0	11	0	0	0	7	0	0	0	0	1	5
548.600	0	0	0	0	0	0	0	6	0	0	0	0	0	0	0	0	9	1	12	1	0	0	2	0	0	9	0	0	0	3	0	0	0	0	1	3
548.800	0	0	0	0	0	0	0	11	0	0	0	0	0	0	0	0	15	0	9	0	0	0	4	0	0	7	0	4	0	9	0	0	0	0	0	3
549.000	0	0	0	0	0	0	0	10	0	0	0	0	0	0	0	0	20	1	8	1	0	0	4	0	0	12	0	5	0	7	0	0	0	0	0	3
549.200	0	0	0	0	0	0	0	10	0	0	0	0	0	0	0	0	16	2	5	1	0	0	4	0	0	10	0	1	0	6	0	0	0	0	0	3
549.400	0	0	0	0	0	0	0	7	0	0	0	0	0	0	0	0	18	2	8	0	0	0	3	0	0	7	0	3	0	6	0	0	0	0	1	4
549.600	0	0	0	0	0	0	0	7	0	0	0	0	0	0	0	0	21	0	12	3	0	0	2	0	0	7	0	4	0	7	0	0	0	0	0	2
549.800	0	0	0	0	0	0	0	8	0	0	0	0	0	0	0	0	17	1	13	1	0	0	5	0	0	9	0	2	0	2	0	0	0	0	0	3
550.000	0	0	0	0	0	0	0	15	0	0	0	0	0	0	0	0	23	0	11	1	0	0	2	0	0	6	0	4	0	4	0	0	0	0	0	3
550.200	0	0	0	0	0	0	0	12	0	0	0	0	0	0	0	0	19	0	11	3	0	0	4	0	0	7	0	4	0	3	0	0	0	0	0	5
550.400	0	0	0	0	0	0	0	10	1	0	0	0	0	0	0	0	18	0	15	1	0	0	4	0	0	7	0	2	0	9	0	0	0	0	1	3
550.600	0	0	0	0	0	0	0	7	0	0	0	0	0	0	0	0	18	0	14	2	0	0	2	0	0	8	0	1	0	4	0	0	0	0	0	5
550.800	0	0	0	0	0	0	0	10	0	0	0	0	0	0	0	0	19	0	20	1	0	0	2	0	0	5	0	0	0	7	0	0	0	0	0	5
551.000	0	0	0	0	0	0	0	7	0	0	0	0	0	0	0	0	21	0	9	2	0	0	2	0	0	7	0	0	0	3	0	0	0	0	0	5
551.200	0	0	0	0	0	0	0	11	0	0	0	0	0	0	0	0	19	0	13	4	0	0	3	0	0	9	0	0	0	8	0	0	0	0	0	1
551.400	0	0	0	0	0	0	0	9	0	0	0	0	0	0	0	0	21	0	13	1	0	0	2	0	0	6	0	0	0	8	0	0	0	0	0	3
551.600	0	0	0	0	0	0	0	13	0	0	0	0	0	0	0	0	24	0	12	5	0	0	2	0	0	12	0	0	0	7	0	0	0	0	0	3
551.800	0	0	0	0	0	0	0	9	0	0	0	0	0	0	0	0	19	0	12	3	0	0	2	0	0	11	0	2	0	9	0	0	0	0	0	3
552.000	0	0	0	0	0	0	0	8	0	0	0	0	0	0	0	0	19	0	9	3	0	0	2	0	0	10	0	0	0	9	0	0	0	0	0	5
552.200	0	0	0	0	0	0	0	8	0	0	0	0	0	0	0	0	20	0	10	1	0	0	4	0	0	18	0	0	0	3	0	0	0	0	1	2
552.400	0	0	0	0	0	0	0	5	0	0	0	0	0	0	0	0	23	0	15	2	0	0	2	0	0	10	0	5	0	4	0	0	0	0	1	2
552.600	0	0	0	0	0	0	0	7	0	0	0	0	0	0	0	0	16	0	14	1	0	0	2	0	0	14	0	0	0	2	0	0	0	0	0	3
552.800	0	0	0	0	0	0	0	12	0	0	0	0	0	0	0	0	21	0	11	3	0	0	1	0	0	10	0	0	0	2	0	0	0	0	1	4
553.000	0	0	0	0	0	0	0	9	0	0	0	0	0	0	0	0	20	0	15	1	0	0	2	0	0	9	0	2	0	5	0	0	0	0	1	2
553.200	0	0	0	0	0	0	0	10	0	0	0	0	0	0	0	0	22	0	15	3	0	0	2	0	0	8	0	0	0	3	0	0	0	0	1	2
553.400	0	0	0	0	0	0	0	5	0	0	0	0	0	0	0	0	20	0	13	2	0	0	2	0	0	9	0	0	0	4	0	0	0	0	1	4
553.600	0	0	0	0	0	0	0	9	0	0	0	0	0	0	0	0	18	0	12	2	0	0	2	0	0	10	0	0	0	3	0	0	0	0	1	4
553.800	0	0	0	0	0	0	0	5	0	0	0	0	0	0	0	0	13	0	13	2	0	0	2	0	0	9	0	0	0	4	0	0	0	0	1	3
554.000	0	0	0	0	0	0	0	9	0	0	0	0	0	0	0	0	16	0	11	3	0	0	2	0	0	7	0	1	0	7	0	0	0	0	1	5
554.200	0	0	0	0	0	0	0	7	0	0	0	0	0	0	0	0	21	0	15	1	0	0	2	0	0	7	0	2	0	7	0	0	0	0	1	4
554.400	0	0	0	0	0	0	0	8	0	0	0	0	0	0	0	0	20	0	11	1	0	0	2	0	0	5	0	0	0	5	0	0	0	0	0	4
554.600	0	0	0	0	0	0	0	11	0	0	0	0	0	0	0	0	9	0	10	1	0	0	2	0	0	5	0	0	0	5	0	0	0	0	0	4
554.800	0	0	0	0	0	0	0	9	0	0	0	0	0	0	0	0	22	0	6	3	0	0	2	0	0	7	0	0	0	3	0	0	0	0	0	4
555.000	0	0	0	0	0	0	0	9	0	0	0	0	0	0	0	0	14	0	5	3	0	0	2	0	0	12	0	1	0	1	0	0	0	0	0	2
555.200	0	0	0	0	0	0	0	10	0	0	0	0	0	0	0	0	15	0	13	1	0	0	2	0	0	8	0	0	0	3	0	0	0	0	0	5
555.400	0	0	0	0	0	0	0	7	0	0	0	0	0	0	0	0	18	0	13	1	0	0	2	0	0	18	0	0	0	5	0	0	0	0	0	4
555.600	0	0	0	0	0	0	0	7	0	0	0	0	0	0	0	0	20	0	16	2	0	0	4	0	0	8	0	0	0	3	0	0	0	0	0	2
555.800	0	0	0	0	0	0	0	9	0	0	0	0	0	0	0	0	16	0	15	0	0	0	3	0	0	10	0	0	0	4	0	0	0	0	0	2
556.000	0	0	0	0	0	0	0	11	0	0	0	0	0	0	0	0	22	0	10	3	0	0	4	0	0	11	0	0	0	2	0	0	0	0	0	2
556.200	0	0	0	0	0	0	0	9	0	0	0	0	0	0	0	0	21	0	12	1	0	0	3	0	0	7	0	0	0	5	0	0	0	0	0	2
556.400	0	0	0	0	0	0	0	8	0	0	0	0	0	0	0	0	21	0	12	2	0	0	2	0	0	7	0	0	0	5	0	0	0	0	1	4
556.600	0	0	0	0	0	0	0	8	0	0	0	0	0	0	0	0	18	0	10	1	0	0	2	0	0	8	0	0	0	3	0	0	0	0	1	2
556.800	0	0	0	0	0	0	0	11	0	0	0	0	0	0	0	0	18	0	5	1	0	0	2	0	0	14	0	0	0	4	0	0	0	0	0	4
557.000	0	0	0	0	0	0	0	7	0	0	0	0	0	0	0	0	11	0	10	4	0	0	2	0	0	16	0	0	0	3	0	0	0	0	1	2
557.200	0	0	0	0	0	0	0	9	0	0	0	0	0	0	0	0	15	0	8	4	0	0	1	0	0	6	0	0	0	3	0	0	0	0	0	4
557.400	0	0	0	0	0	0	0	8	0	0	0	0	0	0	0	0	18	0	13	1	0	0	2	0	0	11	0	0	0	1	0	0	0	0	1	5
557.600	0	0	0	0	0	0	0	15	0	0	0	0	0	0	0	0	21	0	10	2	0	0	2	0	0	10	0	0	0	2	0	0	0	0	0	7
557.800	0	0	0	0	0	0	0	9	0	0	0	0	0	0	0	0	17	0	7	2	0	0	2	0	0	6	0	0	0	2	0	0	0	0	1	8
558.000	0	0	0	0	0	0	0	5	0	0	0	0	0	0	0	0	21	0	14	1	0	0	2	0	0	14	0	0	0	1	0	0	0	0	0	4
558.200	0	0	0	0	0	0	0	5	0	0	0	0	0	0	0	0	22	0	15	1	0	0	2	0	0	7	0	0	0	2	0	0	0	0	1	4
558.400	0	0	0	0	0	0	0	7	0	0	0	0	0	0	0	0	15	0	12	1	0	0	1	0	0	11	0	0	0	1	0	0	0	0	1	7
558.600	0	0	0	0	0	0	0	6	1	0	0	0	0	0	0	0	18	0	12	1	0	0	2	0	0	14	0	0	0	1	0	0	0	0	0	8
558.800	0	0	0	0	0	0	0	7	0	0	0	0	0	0	0	0	16	0	10	1	0	0	2	0	0	9	0	0	0	2	0	0	0	0	0	3
559.000	0	0	0	0	0	0	0	12	0	0	0	0	0	0	0	0	16	0	6	3	0	0	2	0	0	11	0	0	0	4	0	0	0	0	0	5
559.200	0	0	0	0	0	0	0	6	0	0	0	0	0	0	0	0	18	0	12	1	0	0	1	0	0	11	0	0	0	0	0	0	0	0	0	3
559.400	0	0	0	0	0	0	0	10	0	0	0	0	0	0	0	0	17	0	13	2	0	0	2	0	0	8	0	0	0	0	0	0	0	0	1	4
559.600	0	0	0	0	0	0	0	6	0	0	0	0	0	0	0	0	17	0	12	1	0	0	0	0	0	7	0	0	0	1	0	0	0	0	0	7
559.800	0	0	0	0	0	0	0	8	0	0	0	0	0	0	0	0	20	0	12	1	0	0	0	0	0	9	0	0	0	0	0	0	0	0	0	3
560.000	0	0	0	0	0	0	0	6	0	0	0	0	0	0	0	0	18	0	8	1	0	0	1	0	0	16	0	0	0	0	0	0	0	0	0	5
560.200	0	0	0	0	0	0	0	6	0	0	0	0	0	0	0	0	9	0	9	1	0	0	0	0	0	14	0	0	0	0	0	0	0	0	0	3
560.400	0	0	0	0	0	0	0	8	0	0	0	0	0	0	0	0	9	0	13	1	0	0	0	0	0	9	0	0	0	0	0	0	0	0	1	3
560.600	0	0	0	0	0	0	0	5	0	0	0	0	0	0	0	0	17	0	11	1	0	0	0	0	0	11	0	0	0	0	0	0	0	0	0	4
560.800	0	0	0	0	0	0	0	10	0	0	0	0	0	0	0	0	17	0	10	1	0	0	0	0	0	13	0	0	0	0	0	0	0	0	1	4
561.000	0	0	0	0	0	0	0	12	1	0	0	0	0	0	0	0	18	0	14	1	0	0	1	0	0	15	0	0	0	0	0	0	0	0	0	6
561.200	0	0	0	0	0	0	0	5	1	0	0	0	0	0	0	0	19	0	12	1	0	0	0	0	0	8	0	0	0	0	0	0	0	0	1	5
561.400	0	0	0	0	0	0	0	5	0	0	0	0	0	0	0	0	22	0	17	1	0	0	0	0	0	5	0	0	0	5	0	0	0	0	0	8
561.600	0	0	0	0	0	0	0	5	0	0	0	0	0	0	0	0	18	0	6	1	0	0	0	0	0	11	0	0	0	4	0	0	0	0	0	6
561.800	0	0	0	0	0	0	0	7	0	0	0	0	0	0	0	0	22	0	12	1	0	0	0	0	0	15	0	0	0	7	0	0	0	0	0	5
562.000	0	0	0	0	0	0	0	5	0	0	0	0	0	0	0	0	19	0	15	1	0	0	2	0	0	7	0	0	0	5	0	0	0	0	0	5
562.200	0	0	0	0	0	0	0	6	0	0	0	0	0	0	0	0	19	0	6	1	0	0	1	0	0	12	0	0	0	2	0	0	0	0	0	5
562.400	0	0	0	0	0	0	0	7	0	0	0	0	0	0	0	0	14	0	11	1	0	0	2	0	0	9	0	0	0	7	0	0	0	0	0	6
562.600	0	0	0	0	0	0	0	6	0	0	0	0	0	0	0	0	23	0	13	1	0	0	2	0	0	10	0	0	0	5	0	0	0	0	0	4
562.800	0	0	0	0	0	0	0	6	0	0	0	0	0	0	0	0	16	0	9	2	0	0	2	0	0	9	0	1	0	6	0	0	0	0	1	4
563.000	0	0	0	0	0	0	0	7	0	0	0	0	0	0	0	0	20	0	17	1	0	0	2	0	0	9	0	0	0	5	0	0	0	0	0	2
563.200	0	0	0	0	0	0	0	7	0	0	0	0	0	0	0	0	14	0	13	2	0	0	2	0	0	6	0	1	0	7	0	0	0	0	0	7
563.400	0	0	0	0	0	0	0	4	0	0	0	0	0	0	0	0	23	0	18	1	0	0	2	0	0	7	0	0	0	6	0	0	0	0	0	7
563.600	0	0	0	0	0	0	0	5	0	0	0	0	0	0	0	0	18	0	7	1	0	0	0	0	0	11	0	0	0	3	0	0	0	0	1	4
563.800	0	0	0	0	0	0	0	5	2	0	0	0	0	0	0	0	17	0	11	1	0	0	0	0	0	9	0	0	0	6	0	0	0	0	1	8
564.000	0	0	0	0	0	0	0	8	0	0	0	0	0	0	0	0	21	0	7	1	0	0	0	0	0	13	0	0	0	7	0	0	0	0	1	7
564.200	0	0	0	0	0	0	0	5	0	0	0	0	0	0	0	0	22	0	4	1	0	0	0	0	0	11	0	1	0	3	0	0	0	0	1	5
564.400	0	0	0	0	0	0	0	7	0	0	0	0	0	0	0	0	13	0	11	1	0	0	1	0	0	8	0	2	0	5	0	0	0	0	1	6
564.600	0	0	0	0	0	0	0	6	0	0	0	0	0	0	0	0	15	0	14	1	0	0	2	0	0	10	0	1	0	4	0	0	0	0	1	7
564.800	0	0	0	0	0	0	0	6	0	0	0	0	0	0	0	0	17	0	12	2	0	0	1	0	0	9	0	1	0	5	0	0	0	0	2	7
565.000	0	0	0	0	0	0	0	8	0	0	0	0	0	0	0	0	20	0	15	1	0	0	2	0	0	9	0	2	0	5	0	0	0	0	1	6
565.200	0	0	0	0	0	0	0	5	0	0	0	0	0	0	0	0	18	0	13	2	0	0	2	0	0	9	0	0	0	5	0	0	0	0	1	2
565.400	0	0	0	0	0	0	0	6	0	0	0	0	0	0	0	0	24	0	14	1	0	0	0	0	0	8	0	2	0	6	0	0	0	0	1	2
565.600	0	0	0	0	0	0	0	10	0	0	0	0	0	0	0	0	19	0	9	2	0	0	0	0	0	7	0	1	0	6	0	0	0	0	1	2
565.800	0	0	0	0	0	0	0	7	0	0	0	0	0	0	0	0	21	0	14	1	0	0	2	0	0	8	0	0	0	2	0	0	0	0	1	3
566.000	0	0	0	0	0	0	0	7	0	0	0	0	0	0	0	0	20	0	14	2	0	0	2	0	0	12	0	0	0	5	0	0	0	0	1	3
566.200	0	0	0	0	0	0	0	8	0	0	0	0	0	0	0	0	18	0	13	1	0	0	2	0	0	8	0	2	0	5	0	0	0	0	1	5
566.400	0	0	0	0	0	0	0	8	0	0	0	0	0	0	0	0	11	0	6	1	0	0	1	0	0	11	0	1	0	3	0	0	0	0	1	6
566.600	0	0	0	0	0	0	0	10	0	0	0	0	0	0	0	0	22	0	13	2	0	0	1	0	0	7	0	0	0	4	0	0	0	0	0	3
566.800	0	0	0	0	0	0	0	5	0	0	0	0	0	0	0	0	20	0	12	2	0	0	1	0	0	7	0	0	0	4	0	0	0	0	0	2
567.000	0	0	0	0	0	0	0	2	0	0	0	0	0	0	0	0	25	0	13	3	0	0	2	0	0	5	0	0	0	2	0	0	0	0	1	5
567.200	0	0	0	0	0	0	0	7	0	0	0	0	0	0	0	0	27	0	12	3	0	0	2	0	0	6	0	0	0	2	0	0	0	0	1	4
567.400	0	0	0	0	0	0	0	6	0	0	0	0	0	0	0	0	21	0	10	3	0	0	2	0	0	5	0	0	0	1	0	0	0	0	1	5
567.600	0	0	0	0	0	0	0	7	0	0	0	0	0	0	0	0	20	0	5	2	0	0	0	0	0	6	0	0	0	1	0	0	0	0	1	3
567.800	0	0	0	0	0	0	0	6	0	0	0	0	0	0	0	0	26	0	10	0	0	0	0	0	0	5	0	0	0	3	0	0	0	0	1	6
568.000	0	0	0	0	0	0	0	7	1	0	0	0	0	0	0	0	23	0	10	2	0	0	0	0	0	8	0	0	0	1	0	0	0	0	1	5
568.200	0	0	0	0	0	0	0	5	0	0	0	0	0	0	0	0	22	0	12	2	0	0	0	0	0	7	0	0	0	1	0	0	0	0	1	6
568.400	0	0	0	0	0	0	0	9	0	0	0	0	0	0	0	0	22	0	13	3	0	0	0	0	0	12	0	0	0	1	0	0	0	0	1	4
568.600	0	0	0	0	0	0	0	7	0	0	0	0	0	0	0	0	20	0	11	2	0	0	0	0	0	5	0	0	0	1	0	0	0	0	0	3
568.800	0	0	0	0	0	0	0	11	0	0	0	0	0	0	0	0	22	0	18	3	0	0	0	0	0	11	0	0	0	2	0	0	0	0	1	3
569.000	0	0	0	0	0	0	0	8	0	0	0	0	0	0	0	0	20	0	13	1	0	0	0	0	0	9	0	1	0	4	0	0	0	0	0	5
569.200	0	0	0	0	0	0	0	7	0	0	0	0	0	0	0	0	19	0	11	3	0	0	0	0	0	7	0	0	0	5	0	0	0	0	0	5
569.400	0	0	0	0	0	0	0	7	0	0	0	0	0	0	0	0	22	0	12	4	0	0	0	0	0	10	0	0	0	2	0	0	0	0	1	5
569.600	0	0	0	0	0	0	0	8	0	0	0	0	0	0	0	0	23	0	17	2	0	0	0	0	0	10	0	1	0	6	2	0	0	0	0	6
569.800	0	0	0	0	0	0	0	5	0	0	0	0	0	0	0	0	20	0	5	3	0	0	0	0	0	7	0	0	0	1	0	0	0	0	1	6
570.000	0	0	0	0	0	0	0	4	0	0	0	0	0	0	0	0	16	0	12	1	0	0	0	0	0	8	0	0	0	5	0	0	0	1	1	6
570.200	0	0	0	0	0	0	0	4	0	0	0	0	0	0	0	0	19	0	9	1	0	0	0	0	0	10	0	0	0	3	0	0	0	0	1	1
570.400	0	0	0	0	0	0	0	5	0	0	0	0	0	0	0	0	18	0	7	1	0	0	1	0	0	9	0	0	0	2	0	0	0	0	0	3
570.600	0	0	0	0	0	0	0	6	0	0	0	0	0	0	0	0	15	0	11	1	0	0	0	0	0	6	0	0	0	1	0	0	0	0	0	5
570.800	0	0	0	0	0	0	0	6	0	0	0	0	0	0	0	0	17	0	4	4	0	0	0	0	0	8	0	0	0	4	0	0	0	0	0	4
571.000	0	0	0	0	0	0	0	5	1	0	0	0	0	0	0	0	11	0	9	3	0	0	0	0	0	12	0	1	0	8	0	0	0	0	0	4
571.200	0	0	0	0	0	0	0	4	2	0	0	0	0	0	0	0	21	0	11	1	0	0	0	0	0	9	0	0	0	3	0	0	0	0	1	2
571.400	0	0	0	0	0	0	0	3	1	0	0	0	0	0	0	0	19	0	6	1	0	0	0	0	0	13	0	0	0	1	0	0	0	0	1	3
571.600	0	0	0	0	0	0	0	5	0	0	0	0	0	0	0	0	16	0	8	3	0	0	0	0	0	10	0	1	0	6	0	0	0	0	0	3
571.800	0	0	0	0	0	0	0	11	0	0	0	0	0	0	0	0	23	0	7	4	0	0	1	0	0	14	0	3	0	6	0	0	0	0	0	4
572.000	0	0	0	0	0	0	0	7	0	0	0	0	0	0	0	0	15	0	9	1	0	0	0	0	0	13	0	1	0	8	0	0	0	0	0	2
572.200	0	0	0	0	0	0	0	6	0	0	0	0	0	0	0	0	13	0	5	1	0	0	0	0	0	15	0	4	0	3	0	0	0	0	0	4
572.400	0	0	0	0	0	0	0	9	0	0	0	0	0	0	0	0	14	0	15	1	0	0	0	0	0	21	0	1	0	2	0	0	0	0	0	8
572.600	0	0	0	0	0	0	0	5	0	0	0	0	0	0	0	0	21	0	11	1	0	0	0	0	0	15	0	0	0	1	0	0	0	0	0	4
572.800	0	0	0	0	0	0	0	8	0	0	0	0	0	0	0	0	17	0	15	1	0	0	0	0	0	7	0	0	0	3	0	0	0	0	0	3
573.000	0	0	0	0	0	0	0	5	0	0	0	0	0	0	0	0	13	0	12	1	0	0	0	0	0	17	0	2	0	4	0	0	0	0	0	2
573.200	0	0	0	0	0	0	0	5	0	0	0	0	0	0	0	0	13	0	11	1	0	0	0	0	0	15	0	0	0	2	0	0	0	0	0	3
573.400	0	0	0	0	0	0	0	4	0	0	0	0	0	0	0	0	16	0	15	1	0	0	0	0	0	12	0	6	0	2	0	0	0	0	0	3
573.600	0	0	0	0	0	0	0	7	0	0	0	0	0	0	0	0	11	1	11	0	0	0	0	0	0	11	0	0	0	2	0	0	0	0	0	3
573.800	0	0	0	0	0	0	0	10	0	0	0	0	0	0	0	0	15	0	7	1	0	0	0	0	0	13	0	0	0	6	0	0	0	0	0	3
574.000	0	0	0	0	0	0	0	5	0	0	0	0	0	0	0	0	11	0	8	1	0	0	1	0	0	12	0	1	0	7	0	0	0	0	0	4
574.200	0	0	0	0	0	0	0	5	0	0	0	0	0	0	0	0	11	0	13	1	0	0	2	0	0	16	0	6	0	8	0	0	0	0	0	4
574.400	0	0	0	0	0	0	0	5	0	0	0	0	0	0	0	0	10	0	12	1	0	0	3	0	0	8	0	4	0	6	0	0	0	0	0	4
574.600	0	0	0	0	0	0	0	5	0	0	0	0	0	0	0	0	12	0	10	1	0	0	3	0	0	8	0	6	0	4	0	0	0	0	0	3
574.800	0	0	0	0	0	0	0	2	0	0	0	0	0	0	0	0	12	0	13	0	0	0	2	0	0	9	0	1	0	5	0	0	0	0	0	2
575.000	0	0	0	0	0	0	0	4	0	0	0	0	0	0	0	0	16	0	12	1	0	0	2	0	0	10	0	3	0	6	0	0	0	0	0	5
575.200	0	0	0	0	0	0	0	9	0	0	0	0	0	0	0	0	18	0	17	1	0	0	3	0	0	16	0	0	0	7	0	0	0	0	0	3
575.400	0	0	0	0	0	0	0	6	0	0	0	0	0	0	0	0	14	0	13	2	0	0	3	0	0	17	0	1	0	6	0	0	0	0	0	7
575.600	0	0	0	0	0	0	0	5	0	0	0	0	0	0	0	0	15	0	10	1	0	0	2	0	0	17	0	6	0	5	0	0	0	0	0	8
575.800	0	0	0	0	0	0	0	5	0	0	0	0	0	0	0	0	14	0	13	1	0	0	3	0	0	6	0	3	0	3	0	0	0	0	0	3
576.000	0	0	0	0	0	0	0	6	0	0	0	0	0	0	0	0	14	0	15	3	0	0	2	0	0	7	0	4	0	2	0	0	0	0	0	2
576.200	0	0	0	0	0	0	0	7	0	0	0	0	0	0	0	0	18	0	8	1	0	0	6	0	0	7	0	5	0	5	0	0	0	0	0	4
576.400	0	0	0	0	0	0	0	6	0	0	0	0	0	0	0	0	16	0	13	1	0	0	4	0	0	6	0	5	0	3	0	0	0	0	0	7
576.600	0	0	0	0	0	0	0	6	0	0	0	0	0	0	0	0	13	0	13	1	0	0	2	0	0	11	0	5	0	4	0	0	0	0	0	8
576.800	0	0	0	0	0	0	0	5	0	0	0	0	0	0	0	0	17	0	14	2	0	0	4	0	0	13	0	4	0	2	0	0	0	0	0	0
577.000	0	0	0	0	0	0	0	7	0	0	0	0	0	0	0	0	10	0	14	1	0	0	4	0	0	9	0	2	0	3	0	0	0	0	0	5
577.200	0	0	0	0	0	0	0	8	0	0	0	0	0	0	0	0	16	0	13	1	0	0	2	0	0	8	0	2	0	5	0	0	0	0	0	1
577.400	0	0	0	0	0	0	0	5	0	0	0	0	0	0	0	0	19	0	12	1	0	0	3	0	0	11	0	2	0	5	0	0	0	0	0	3
577.600	0	0	0	0	0	0	0	5	0	0	0	0	0	0	0	0	16	0	17	1	0	0	2	0	0	16	0	5	0	6	0	0	0	0	1	2
577.800	0	0	0	0	0	0	0	11	0	0	0	0	0	0	0	0	19	0	15	4	0	0	2	0	0	12	0	5	0	6	0	0	0	0	0	3
578.000	0	0	0	0	0	0	0	8	0	0	0	0	0	0	0	0	13	0	16	1	0	0	2	0	0	12	0	0	0	3	0	0	0	0	1	8
578.200	0	0	0	0	0	0	0	5	0	0	0	0	0	0	0	0	17	0	16	1	0	0	2	0	0	16	0	5	0	5	0	0	0	0	0	4
578.400	0	0	0	0	0	0	0	6	0	0	0	0	0	0	0	0	12	0	16	1	0	0	3	0	0	11	0	2	0	4	0	0	0	0	0	4
578.600	0	0	0	0	0	0	0	9	1	0	0	0	0	0	0	0	15	0	9	1	0	0	2	0	0	15	0	1	0	2	0	0	0	0	0	5
578.800	0	0	0	0	0	0	0	6	0	0	0	0	0	0	0	0	15	0	15	1	0	0	2	0	0	15	0	5	0	7	0	0	0	0	1	8
579.000	0	0	0	0	0	0	0	7	0	0	0	0	0	0	0	0	13	0	11	1	0	0	2	0	0	14	0	0	0	2	0	0	0	0	0	3
579.200	0	0	0	0	0	0	0	5	0	0	0	0	0	0	0	0	15	0	12	2	0	0	2	0	0	11	0	5	0	4	0	0	0	0	0	3
579.400	0	0	0	0	0	0	0	5	0	0	0	0	0	0	0	0	14	0	12	1	0	0	1	0	0	15	0	7	0	3	0	0	0	0	0	8
579.600	0	0	0	0	0	0	0	6	0	0	0	0	0	0	0	0	15	0	20	1	0	0	2	0	0	14	0	4	0	0	0	0	0	0	0	4
579.800	0	0	0	0	0	0	0	7	0	0	0	0	0	0	0	0	17	0	9	1	0	0	0	0	0	19	0	9	0	3	0	0	0	0	0	4
580.000	0	0	0	0	0	0	0	7	0	0	0	0	0	0	0	0	19	0	6	2	0	0	2	0	0	13	0	9	0	5	0	0	0	0	0	3
580.200	0	0	0	0	0	0	0	8	0	0	0	0	0	0	0	0	22	0	8	2	0	0	2	0	0	13	0	8	0	3	0	0	0	0	1	2
580.400	0	0	0	0	0	0	0	6	0	0	0	0	0	0	0	0	9	0	3	2	0	0	0	0	0	12	0	7	0	4	0	0	0	0	0	4
580.600	0	0	0	0	0	0	0	11	0	0	0	0	0	0	0	0	14	0	16	0	0	0	1	0	0	17	0	2	0	1	0	0	0	0	0	2
580.800	0	0	0	0	0	0	0	10	0	0	0	0	0	0	0	0	14	0	13	1	0	0	2	0	0	17	0	6	0	4	0	0	0	0	0	2
581.000	0	0	0	0	0	0	0	7	0	0	0	0	0	0	0	0	15	0	13	1	0	0	2	0	0	20	0	8	0	4	0	0	0	0	1	2
581.200	0	0	0	0	0	0	0	10	0	0	0	0	0	0	0	0	13	0	9	1	0	0	2	0	0	12	0	6	0	5	3	0	0	0	0	3
581.400	0	0	0	0	0	0	0	6	0	0	0	0	0	0	0	0	13	0	10	1	0	0	2	0	0	11	0	9	0	3	0	0	0	0	0	5
581.600	0	0	0	0	0	0	0	4	0	0	0	0	0	0	0	0	17	0	4	1	0	0	1	0	0	16	0	2	0	2	0	0	0	0	1	6
581.800	0	0	0	0	0	0	0	0	0	0	0	0	0	0	0	0	20	0	6	3	0	0	0	0	0	13	0	7	0	1	0	0	0	0	1	4
582.000	0	0	0	0	0	0	0	0	0	0	0	0	0	0	0	0	12	0	13	1	0	0	0	0	0	16	0	1	0	2	0	0	0	0	1	4
582.200	0	0	0	0	0	0	0	0	0	0	0	0	0	0	0	0	15	0	7	1	0	0	1	0	0	10	0	6	0	1	0	0	0	0	2	8
582.400	0	0	0	0	0	0	0	1	0	0	0	0	0	0	0	0	14	0	2	1	0	0	2	0	0	10	0	3	0	1	0	0	0	0	0	3
582.600	0	0	0	0	0	0	0	1	0	0	0	0	0	0	0	0	12	0	10	5	0	0	0	0	0	6	0	2	0	1	0	0	0	0	0	4
582.800	0	0	0	0	0	0	0	1	0	0	0	0	0	0	0	0	15	2	15	1	0	0	0	0	0	11	0	5	0	3	0	0	0	0	0	3
583.000	0	0	0	0	0	0	0	2	0	0	0	0	0	0	0	0	14	0	4	1	0	0	0	0	0	8	0	7	0	4	0	0	0	0	0	2
583.200	0	0	0	0	0	0	0	3	0	0	0	0	0	0	0	0	14	1	12	1	0	0	1	0	0	11	0	1	0	3	0	0	0	0	0	4
583.400	0	0	0	0	0	0	0	3	0	0	0	0	0	0	0	0	16	3	10	2	0	0	0	0	0	7	0	2	0	2	0	0	0	0	0	3
583.600	0	0	0	0	0	0	0	1	0	0	0	0	0	0	0	0	16	2	11	1	0	0	0	0	0	8	0	5	0	4	0	0	0	0	1	6
583.800	0	0	0	0	0	0	0	3	0	0	0	0	0	0	0	0	17	0	9	1	0	0	2	0	0	13	0	7	0	7	0	0	0	0	0	2
584.000	0	0	0	0	0	0	0	2	0	0	0	0	0	0	0	0	20	0	8	1	0	0	4	0	0	12	0	10	0	2	0	0	0	0	1	5
584.200	0	0	0	0	0	0	0	1	0	0	0	0	0	0	0	0	12	0	11	1	0	0	4	0	0	9	0	5	0	2	0	0	0	0	0	7
584.400	0	0	0	0	0	0	0	3	0	0	0	0	0	0	0	0	15	1	12	0	0	0	2	0	0	12	0	5	0	3	0	0	0	0	0	5
584.600	0	0	0	0	0	0	0	3	0	0	0	0	0	0	0	0	18	0	8	0	0	0	4	0	0	11	0	3	0	3	0	0	0	0	0	2
584.800	0	0	0	0	0	0	0	3	0	0	0	0	0	0	0	0	13	1	13	1	0	0	3	0	0	6	0	5	0	2	0	0	0	0	1	2
585.000	0	0	0	0	0	0	0	1	0	0	0	0	0	0	0	0	11	1	9	2	0	0	0	0	0	9	0	3	0	2	0	0	0	0	1	4
585.200	0	0	0	0	0	0	0	3	0	0	0	0	0	0	0	0	16	1	10	2	0	0	0	0	0	13	0	5	0	1	0	0	0	0	1	3
585.400	0	0	0	0	0	0	0	3	0	0	0	0	0	0	0	0	15	1	11	3	0	0	3	0	0	14	0	7	0	2	0	0	0	0	0	2
585.600	0	0	0	0	0	0	0	3	0	0	0	0	0	0	0	0	19	1	14	3	0	0	1	0	0	8	0	6	0	4	0	0	0	0	1	7
585.800	0	0	0	0	0	0	0	3	0	0	0	0	0	0	0	0	16	1	17	1	0	0	3	0	0	11	0	10	0	3	0	0	0	0	0	3
586.000	0	0	0	0	0	0	0	1	0	0	0	0	0	0	0	0	14	1	9	4	0	0	4	0	0	14	0	12	0	2	0	0	0	0	0	5
586.200	0	0	0	0	0	0	0	3	0	0	0	0	0	0	0	0	19	0	12	3	0	0	3	0	0	14	0	8	0	0	0	0	0	0	0	6
586.400	0	0	0	0	0	0	0	3	0	0	0	0	0	0	0	0	20	0	9	1	0	0	2	0	0	11	0	4	0	2	0	0	0	0	1	2
586.600	0	0	0	0	0	0	0	3	0	0	0	0	0	0	0	0	25	0	8	3	0	0	5	0	0	17	0	4	0	4	0	0	0	0	0	5
586.800	0	0	0	0	0	0	0	1	0	0	0	0	0	0	0	0	17	0	5	4	0	0	4	0	0	18	0	6	0	1	0	0	0	0	1	7
587.000	0	0	0	0	0	0	0	1	0	0	0	0	0	0	0	0	19	0	12	1	0	0	2	0	0	20	0	7	0	5	0	0	0	0	0	4
587.200	0	0	0	0	0	0	0	2	0	0	0	0	0	0	0	0	19	0	13	1	0	0	4	0	0	15	0	3	0	2	0	0	0	0	1	4
587.400	0	0	0	0	0	0	0	5	0	0	0	0	0	0	0	0	21	0	14	3	0	0	3	0	0	11	1	6	0	2	0	0	0	0	0	4
587.600	0	0	0	0	0	0	0	1	0	0	0	0	0	0	0	0	15	0	12	1	0	0	2	0	0	19	0	10	0	4	0	0	0	0	0	4
587.800	0	0	0	0	0	0	0	2	3	0	0	0	0	0	0	0	17	0	12	2	0	0	4	0	0	11	0	6	0	3	0	0	0	0	0	3
588.000	0	0	0	0	0	0	0	1	4	0	0	0	0	0	0	0	19	0	13	3	0	0	4	0	0	13	0	6	0	2	0	0	0	0	0	3
588.200	0	0	0	0	0	0	0	1	3	0	0	0	0	0	0	0	19	0	6	1	0	0	3	0	0	9	0	8	0	1	0	0	0	0	0	3
588.400	0	0	0	0	0	0	0	3	7	0	0	0	0	0	0	0	18	0	11	1	0	0	3	0	0	10	0	5	0	2	0	0	0	0	1	5
588.600	0	0	0	0	0	0	0	3	6	0	0	0	0	0	0	0	18	2	5	1	0	0	2	0	0	7	0	10	0	5	0	0	0	0	0	3
588.800	0	0	0	0	0	0	0	1	5	0	0	0	0	0	0	0	17	3	15	1	0	0	2	0	0	8	0	4	0	3	0	0	0	0	0	2
589.000	0	0	0	0	0	0	0	1	7	0	0	0	0	0	0	0	17	0	12	1	0	0	2	0	0	10	0	7	0	2	0	0	0	0	0	7
589.200	0	0	0	0	0	0	0	0	5	0	0	0	0	0	0	0	21	0	10	3	0	0	1	0	0	9	0	3	0	1	0	0	0	0	0	3
589.400	0	0	0	0	0	0	0	0	4	0	0	0	0	0	0	0	13	0	13	1	0	0	2	0	0	8	0	6	0	6	0	0	0	0	0	2
589.600	0	0	0	0	0	0	0	0	6	0	0	0	0	0	0	0	15	0	14	1	0	0	2	0	0	10	0	6	0	5	0	0	0	0	1	5
589.800	0	0	0	0	0	0	0	0	1	0	0	0	0	0	0	0	21	0	6	1	0	0	2	0	0	14	0	7	0	1	0	0	0	0	0	3
590.000	0	0	0	0	0	0	0	0	3	0	0	0	0	0	0	0	18	0	12	2	0	0	2	0	0	8	0	8	0	1	0	0	0	0	0	5
590.200	0	0	0	0	0	0	0	1	2	0	0	0	0	0	0	0	14	0	10	1	0	0	0	0	0	6	0	5	0	3	0	0	0	0	0	0
590.400	0	0	0	0	0	0	0	0	0	0	0	0	0	0	0	0	18	0	11	1	0	0	2	0	0	15	0	4	0	1	0	0	0	0	1	4
590.600	0	0	0	0	0	0	0	0	0	0	0	0	0	0	0	0	17	0	11	1	0	0	2	0	0	8	0	4	0	4	0	0	0	0	1	4
590.800	0	0	0	0	0	0	0	4	1	0	0	0	0	0	0	0	19	0	7	4	0	0	2	0	0	12	0	2	0	1	0	0	0	0	1	3
591.000	0	0	0	0	0	0	0	5	0	0	0	0	0	0	0	0	15	0	6	5	0	0	2	0	0	10	0	4	0	2	2	0	0	0	1	3
591.200	0	0	0	0	0	0	0	5	1	0	0	0	0	0	0	0	13	0	6	2	0	0	2	0	0	6	0	5	0	3	0	0	0	0	1	5
591.400	0	0	0	0	0	0	0	5	2	0	0	0	0	0	0	0	12	0	7	2	0	0	0	0	0	7	0	6	0	1	1	0	0	0	1	3
591.600	0	0	0	0	0	0	0	6	0	0	0	0	0	0	0	0	13	0	15	2	0	0	0	0	0	4	0	6	0	1	1	0	0	0	1	5
591.800	0	0	0	0	0	0	0	6	0	0	0	0	0	0	0	0	11	0	5	1	0	0	0	0	0	6	0	4	0	0	0	0	0	0	0	4
592.000	0	0	0	0	0	0	0	7	0	0	0	0	0	0	0	0	17	0	11	2	0	0	2	0	0	10	0	5	0	2	0	0	0	0	1	7
592.200	0	0	0	0	0	0	0	5	0	0	0	0	0	0	0	0	16	0	12	2	0	0	2	0	0	7	0	0	0	1	0	0	0	0	1	5
592.400	0	0	0	0	0	0	0	6	0	0	0	0	0	0	0	0	17	0	5	4	0	0	2	0	0	9	0	5	0	3	0	0	0	0	1	3
592.600	0	0	0	0	0	0	0	5	0	0	0	0	0	0	0	0	16	0	17	2	0	0	2	0	0	7	0	1	0	1	0	0	0	0	0	3
592.800	0	0	0	0	0	0	0	5	0	0	0	0	0	0	0	0	18	0	9	2	0	0	2	0	0	9	0	6	0	2	0	0	0	0	1	3
593.000	0	0	0	0	0	0	0	5	0	0	0	0	0	0	0	0	16	0	6	2	0	0	2	0	0	6	0	0	0	4	0	0	0	0	1	9
593.200	0	0	0	0	0	0	0	7	0	0	0	0	0	0	0	0	7	0	10	3	0	0	2	0	0	9	0	2	0	6	2	0	0	0	2	5
593.400	0	0	0	0	0	0	0	5	0	0	0	0	0	0	0	0	11	0	10	1	0	0	2	0	0	9	0	3	0	4	0	0	0	0	1	12
593.600	0	0	0	0	0	0	0	9	0	0	0	0	0	0	0	0	12	0	16	2	0	0	2	0	0	10	0	8	0	2	1	0	0	0	1	6
593.800	0	0	0	0	0	0	0	7	0	0	0	0	0	0	0	0	7	2	14	3	0	0	4	0	0	6	0	5	0	1	0	0	0	0	1	15
594.000	0	0	0	0	0	0	0	4	0	0	0	0	0	0	0	0	7	1	13	4	0	0	2	0	0	8	0	8	0	3	0	0	0	0	1	11
594.200	0	0	0	0	0	0	0	6	0	0	0	0	0	0	0	0	15	1	9	2	0	0	2	0	0	5	0	7	0	1	0	0	0	0	0	13
594.400	0	0	0	0	0	0	0	6	2	0	0	0	0	0	0	0	13	1	12	4	0	0	3	0	0	7	0	9	0	1	0	0	0	0	1	15
594.600	0	0	0	0	0	0	0	7	2	0	0	0	0	0	0	0	13	2	12	0	0	0	3	0	0	7	0	5	0	5	1	0	0	0	0	15
594.800	0	0	0	0	0	0	0	0	2	0	0	0	0	0	0	0	11	2	12	1	0	0	3	0	0	6	0	8	0	3	0	0	0	0	1	18
595.000	0	0	0	0	0	0	0	10	2	0	0	0	0	0	0	0	13	1	14	5	0	0	2	0	0	7	0	5	0	3	0	0	0	0	0	12
595.200	0	0	0	0	0	0	0	7	0	0	0	0	0	0	0	0	14	2	12	5	0	0	4	0	0	5	0	9	0	1	0	0	0	0	1	14
595.400	0	0	0	0	0	0	0	12	0	0	0	0	0	0	0	0	11	0	12	3	0	0	0	0	0	7	0	10	0	1	0	0	0	0	0	15
595.600	0	0	0	0	0	0	0	12	0	0	0	0	0	0	0	0	23	1	12	4	0	0	2	0	0	7	0	4	0	3	0	0	0	0	1	15
595.800	0	0	0	0	0	0	1	10	0	0	0	0	0	0	0	0	19	1	13	2	0	0	2	0	0	11	0	11	0	5	0	0	0	0	0	13
596.000	0	0	0	0	0	0	0	9	0	0	0	0	0	0	0	0	18	1	13	3	0	0	5	0	0	15	0	5	0	1	0	0	0	0	1	15
596.200	0	0	0	0	0	0	0	5	0	0	0	0	0	0	0	0	22	0	3	2	0	0	4	0	0	6	0	8	0	3	0	0	0	0	0	17
596.400	0	0	0	0	0	0	1	11	0	0	0	0	0	0	0	0	16	0	10	4	0	0	6	0	0	12	0	5	0	2	0	0	0	0	0	14
596.600	0	0	0	0	0	0	0	13	0	0	0	0	0	0	0	0	19	1	12	4	0	0	4	0	0	16	0	6	0	2	0	0	0	0	1	16
596.800	0	0	0	0	0	0	1	14	0	0	0	0	0	0	0	0	24	1	8	4	0	0	2	0	0	14	0	4	0	1	0	0	0	0	0	17
597.000	0	0	0	0	0	0	1	14	0	0	0	0	0	0	0	0	16	1	13	1	0	0	2	0	0	10	0	10	0	2	0	0	0	0	1	10
597.200	0	0	0	0	0	0	0	25	0	0	0	0	0	0	0	0	20	1	10	1	0	0	3	0	0	11	0	3	0	1	0	0	0	0	0	11
597.400	0	0	0	0	0	0	0	12	0	0	0	0	0	0	0	0	20	0	8	5	0	0	2	0	0	11	0	4	0	5	0	0	0	0	0	10
597.600	0	0	0	0	0	0	0	10	0	0	0	0	0	0	0	0	17	0	11	1	0	0	3	0	0	9	0	11	0	3	0	0	0	0	0	14
597.800	0	0	0	0	0	0	0	17	0	0	0	0	0	0	0	0	14	0	9	3	0	0	4	0	0	7	0	1	0	2	0	0	0	0	1	12
598.000	0	0	0	0	0	0	0	7	1	0	0	0	0	0	0	0	18	1	14	1	0	0	4	0	0	8	0	8	0	1	0	0	0	0	1	12
598.200	0	0	0	0	0	0	0	7	1	0	0	0	0	0	0	0	19	0	13	3	0	0	4	0	0	6	0	7	0	1	0	0	0	0	1	13
598.400	0	0	0	0	0	0	0	10	1	0	0	0	0	0	0	0	19	1	14	3	0	0	2	0	0	7	0	10	0	2	0	0	0	0	1	13
598.600	0	0	0	0	0	0	0	11	1	0	0	0	0	0	0	0	18	0	13	0	0	0	1	0	0	6	0	5	0	1	0	0	0	0	1	13
598.800	0	0	0	0	0	0	0	10	3	0	0	0	0	0	0	0	16	0	14	4	0	0	3	0	0	7	0	2	0	1	0	0	0	0	0	12
599.000	0	0	0	0	0	0	0	10	1	0	0	0	0	0	0	0	19	0	12	2	0	0	2	0	0	7	0	9	0	1	0	0	0	0	1	16
599.200	0	0	0	0	0	0	0	6	2	0	0	0	0	0	0	0	15	0	14	4	0	0	3	0	0	8	0	9	0	4	0	0	0	0	0	16
599.400	0	0	0	0	0	0	0	6	1	0	0	0	0	0	0	0	16	0	10	3	0	0	2	0	0	8	0	6	0	1	1	0	0	0	0	14
599.600	0	0	0	0	0	0	0	11	0	0	0	0	0	0	0	0	14	1	14	0	0	0	2	0	0	7	0	6	0	1	0	0	0	0	1	17
599.800	0	0	0	0	0	0	0	15	0	0	0	0	0	0	0	0	13	0	13	1	0	0	2	0	0	8	0	4	0	2	0	0	0	0	1	16
600.000	0	0	0	0	0	0	0	10	0	0	0	0	0	0	0	0	15	0	8	1	0	0	2	0	0	5	0	5	0	1	0	0	0	0	0	15
600.200	0	0	0	0	0	0	0	12	0	0	0	0	0	0	0	0	19	0	8	2	0	0	2	0	0	7	0	6	0	1	0	0	0	0	0	10
600.400	0	0	0	0	0	0	1	14	0	0	0	0	0	0	0	0	13	0	16	1	0	0	2	0	0	11	0	1	0	1	0	0	0	0	2	15
600.600	0	0	0	0	0	0	1	6	0	0	0	0	0	0	0	0	16	0	10	2	0	0	0	0	0	14	0	4	0	1	0	0	0	0	2	19
600.800	0	0	0	0	0	0	0	6	0	0	0	0	0	0	0	0	18	1	13	3	0	0	0	0	0	7	0	7	0	5	0	0	0	0	0	17
601.000	0	0	0	0	0	0	0	9	0	0	0	0	0	0	0	0	23	3	13	1	0	0	0	0	0	10	0	5	0	2	0	0	0	0	2	18
601.200	0	0	0	0	0	0	0	7	0	0	0	0	0	0	0	0	14	0	14	1	0	0	0	0	0	11	0	1	0	1	0	0	0	0	1	17
601.400	0	0	0	0	0	0	0	7	4	0	0	0	0	0	0	0	22	0	12	1	0	0	0	0	0	16	0	4	0	2	0	0	0	0	1	15
601.600	0	0	0	0	0	0	0	2	3	0	0	0	0	0	0	0	19	1	12	4	0	0	0	0	0	14	0	11	0	2	1	0	0	0	1	25
601.800	0	0	0	0	0	0	0	9	3	0	0	0	0	0	0	0	12	0	14	3	0	0	0	0	0	15	0	2	0	1	0	0	0	0	1	17
602.000	0	0	0	0	0	0	0	5	0	0	0	0	0	0	0	0	18	0	4	1	0	0	0	0	0	10	0	2	0	0	0	0	0	0	1	16
602.200	0	0	0	0	0	0	0	7	0	0	0	0	0	0	0	0	15	0	13	3	0	0	0	0	0	9	0	3	0	1	0	0	0	0	0	17
602.400	0	0	0	0	0	0	0	8	0	0	0	0	0	0	0	0	16	0	7	3	0	0	0	0	0	15	0	3	0	1	0	0	0	0	1	16
602.600	0	0	0	0	0	0	0	14	0	0	0	0	0	0	0	0	11	0	8	1	0	0	0	0	0	15	0	4	0	1	0	0	0	0	0	10
602.800	0	0	0	0	0	0	0	12	1	0	0	0	0	0	0	0	11	0	11	1	0	0	0	0	0	16	0	7	0	2	0	0	0	0	1	12
603.000	0	0	0	0	0	0	0	9	0	0	0	0	0	0	0	0	16	0	12	3	0	0	0	0	0	16	0	6	0	2	0	0	0	0	0	16
603.200	0	0	0	0	0	0	0	9	0	0	0	0	0	0	0	0	11	0	12	1	0	0	0	0	0	15	0	7	0	2	0	0	0	0	1	16
603.400	0	0	0	0	0	0	0	11	1	0	0	0	0	0	0	0	11	0	9	2	0	0	0	0	0	9	0	7	0	1	0	0	0	0	1	15
603.600	0	0	0	0	0	0	0	8	0	0	0	0	0	0	0	0	17	0	7	2	0	0	0	0	0	8	0	8	0	6	0	0	0	0	0	15
603.800	0	0	0	0	0	0	0	10	0	0	0	0	0	0	0	0	14	0	13	1	0	0	0	0	0	9	0	4	0	5	0	0	0	0	1	17
604.000	0	0	0	0	0	0	0	8	1	0	0	0	0	0	0	0	15	0	15	1	0	0	0	0	0	9	0	7	0	4	0	0	0	0	0	16
604.200	0	0	0	0	0	0	0	9	1	0	0	0	0	0	0	0	12	0	10	1	0	0	0	0	0	14	0	6	0	3	0	0	0	0	0	11
604.400	0	0	0	0	0	0	0	9	1	0	0	0	0	0	0	0	16	0	13	3	0	0	2	0	0	10	0	5	0	2	0	0	0	0	0	17
604.600	0	0	0	0	0	0	0	13	1	0	0	0	0	0	0	0	14	0	12	4	0	0	2	0	0	16	0	8	0	2	0	0	0	0	0	18
604.800	0	0	0	0	0	0	0	10	1	0	0	0	0	0	0	0	13	1	13	1	0	0	5	0	0	14	0	7	0	1	0	0	0	0	0	12
605.000	0	0	0	0	0	0	0	8	0	0	0	0	0	0	0	0	13	0	14	1	0	0	3	0	0	19	0	4	0	3	0	0	0	0	0	12
605.200	0	0	0	0	0	0	0	7	0	0	0	0	0	0	0	0	12	0	12	2	0	0	4	0	0	11	0	7	0	1	0	0	0	0	0	23
605.400	0	0	0	0	0	0	0	13	0	0	0	0	0	0	0	0	14	0	15	3	0	0	4	0	0	9	0	7	0	1	1	0	0	0	0	21
605.600	0	0	0	0	0	0	0	9	0	0	0	0	0	0	0	0	14	0	13	2	0	0	3	0	0	13	0	2	0	1	2	0	0	0	1	22
605.800	0	0	0	0	0	0	0	5	0	0	0	0	0	0	0	0	17	0	13	4	0	0	2	0	0	10	0	4	0	1	0	0	0	0	0	22
606.000	0	0	0	0	0	0	0	8	0	0	0	0	0	0	0	0	18	0	12	4	0	0	2	0	0	11	0	6	0	1	1	0	0	0	0	10
606.200	0	0	0	0	0	0	0	7	0	0	0	0	0	0	0	0	22	0	3	4	0	0	0	0	0	12	0	3	0	1	0	0	0	0	1	18
606.400	0	0	0	0	0	0	0	8	0	0	0	0	0	0	0	0	15	0	9	1	0	0	0	0	0	14	0	3	0	2	0	0	0	0	0	18
606.600	0	0	0	0	0	0	0	10	0	0	0	0	0	0	0	0	17	0	12	3	0	0	3	0	0	14	0	8	0	3	0	0	0	0	0	17
606.800	0	0	0	0	0	0	0	10	0	0	0	0	0	0	0	0	14	0	12	3	0	0	2	0	0	13	0	3	0	1	0	0	0	0	0	12
607.000	0	0	0	0	0	0	0	8	5	0	0	0	0	0	0	0	20	0	10	3	0	0	0	0	0	13	0	1	0	3	1	0	0	0	0	10
607.200	0	0	0	0	0	0	0	8	3	0	0	0	0	0	0	0	17	0	9	4	0	0	2	0	0	13	0	2	0	6	0	0	0	0	0	17
607.400	0	0	0	0	0	0	0	8	3	0	0	0	0	0	0	0	15	0	12	4	0	0	3	0	0	12	0	5	0	2	0	0	0	0	2	17
607.600	0	0	0	0	0	0	0	7	0	0	0	0	0	0	0	0	18	0	11	4	0	0	2	0	0	12	0	6	0	4	0	0	0	0	0	11
607.800	0	0	0	0	0	0	0	7	0	0	0	0	0	0	0	0	16	0	14	2	0	0	2	0	0	11	0	9	0	5	1	0	0	0	0	13
608.000	0	0	0	0	0	0	0	8	0	0	0	0	0	0	0	0	20	0	13	3	0	0	2	0	0	10	0	4	0	1	0	0	0	0	0	15
608.200	0	0	0	0	0	0	0	6	0	0	0	0	0	0	0	0	26	0	13	3	0	0	2	0	0	8	0	7	0	3	2	0	0	0	0	14
608.400	0	0	0	0	0	0	0	13	0	0	0	0	0	0	0	0	21	0	17	4	0	0	2	0	0	9	0	6	0	2	0	0	0	0	1	12
608.600	0	0	0	0	0	0	0	13	1	0	0	0	0	0	0	0	23	0	15	4	0	0	2	0	0	11	0	1	0	1	0	0	0	0	0	14
608.800	0	0	0	0	0	0	0	8	0	0	0	0	0	0	0	0	23	0	16	1	0	0	2	0	0	23	0	5	0	3	0	0	0	0	0	12
609.000	0	0	0	0	0	0	0	14	0	0	0	0	0	0	0	0	18	0	12	1	0	0	2	0	0	13	0	2	0	3	0	0	0	0	0	16
609.200	0	0	0	0	0	0	0	12	1	0	0	0	0	0	0	0	21	0	13	3	0	0	2	0	0	12	0	1	0	3	0	0	0	0	1	17
609.400	0	0	0	0	0	0	0	8	0	0	0	0	0	0	0	0	19	1	17	4	0	0	2	0	0	11	0	7	0	3	1	0	0	0	0	12
609.600	0	0	0	0	0	0	0	10	0	0	0	0	0	0	0	0	20	0	17	2	0	0	2	0	0	14	0	6	0	6	2	0	0	0	0	17
609.800	0	0	0	0	0	0	0	8	0	0	0	0	0	0	0	0	21	0	15	3	0	0	2	0	0	14	0	2	0	1	0	0	0	0	0	9
610.000	0	0	0	0	0	0	0	5	0	0	0	0	0	0	0	0	18	1	17	3	0	0	3	0	0	18	0	5	0	2	0	0	0	0	0	13
610.200	0	0	0	0	0	0	0	7	0	0	0	0	0	0	0	0	18	0	17	3	0	0	2	0	0	14	0	6	0	1	0	0	0	0	0	9
610.400	0	0	0	0	0	0	0	6	0	0	0	0	0	0	0	0	21	0	19	3	0	0	2	0	0	12	0	3	0	1	0	0	0	0	1	13
610.600	0	0	0	0	0	0	0	5	0	0	0	0	0	0	0	0	20	0	14	4	0	0	2	0	0	8	0	1	0	1	0	0	0	0	1	19
610.800	0	0	0	0	0	0	0	8	0	0	0	0	0	0	0	0	17	1	16	4	0	0	2	0	0	8	0	9	0	2	0	0	0	0	1	16
611.000	0	0	0	0	0	0	0	11	0	0	0	0	0	0	0	0	16	0	15	3	0	0	2	0	0	10	0	1	0	2	0	0	0	0	2	20
611.200	0	0	0	0	0	0	0	12	0	0	0	0	0	0	0	0	16	0	18	3	0	0	2	0	0	11	0	10	0	1	0	0	0	0	1	11
611.400	0	0	0	0	0	0	0	11	0	0	0	0	0	0	0	0	16	0	17	2	0	0	2	0	0	15	0	4	0	1	0	0	0	0	0	10
611.600	0	0	0	0	0	0	0	8	0	0	0	0	0	0	0	0	20	1	15	4	0	0	2	0	0	15	0	6	0	1	0	0	0	0	0	7
611.800	0	0	0	0	0	0	0	13	0	0	0	0	0	0	0	0	23	1	16	4	0	0	2	0	0	12	0	2	0	3	2	0	0	0	1	17
612.000	0	0	0	0	0	0	0	9	0	0	0	0	0	0	0	0	21	0	15	4	0	0	1	0	0	10	0	9	0	4	0	0	0	0	1	17
612.200	0	0	0	0	0	0	0	12	0	0	0	0	0	0	0	0	18	0	13	1	0	0	1	0	0	10	0	2	0	5	1	0	0	0	0	13
612.400	0	0	0	0	0	0	0	11	0	0	0	0	0	0	0	0	16	0	13	2	0	0	2	0	0	17	0	3	0	1	0	0	0	0	1	13
612.600	0	0	0	0	0	0	0	6	0	0	0	0	0	0	0	0	19	0	13	1	0	0	2	0	0	10	0	9	0	1	0	0	0	0	0	17
612.800	0	0	0	0	0	0	0	10	0	0	0	0	0	0	0	0	13	0	12	2	0	0	2	0	0	12	0	8	0	5	1	0	0	0	0	12
613.000	0	0	0	0	0	0	0	11	0	0	0	0	0	0	0	0	17	0	5	2	0	0	2	0	0	13	0	9	0	2	1	0	0	0	0	15
613.200	0	0	0	0	0	0	0	10	0	0	0	0	0	0	0	0	19	0	7	4	0	0	2	0	0	13	0	11	0	6	2	0	0	0	0	13
613.400	0	0	0	0	0	0	0	12	0	0	0	0	0	0	0	0	19	0	10	4	0	0	2	0	0	8	0	6	0	2	1	0	0	0	0	3
613.600	0	0	0	0	0	0	0	6	0	0	0	0	0	0	0	0	20	0	12	3	0	0	0	0	0	12	0	7	0	4	2	0	0	0	0	6
613.800	0	0	0	0	0	0	0	10	0	0	0	0	0	0	0	0	24	0	16	1	0	0	1	0	0	16	0	4	0	4	1	0	0	0	0	11
614.000	0	0	0	0	0	0	0	10	0	0	0	0	0	0	0	0	19	0	16	4	0	0	1	0	0	11	0	8	0	3	0	0	0	0	1	3
614.200	0	0	0	0	0	0	0	8	0	0	0	0	0	0	0	0	19	0	13	2	0	0	0	0	0	9	0	7	0	5	3	0	0	0	1	9
614.400	0	0	0	0	0	0	0	8	0	0	0	0	0	0	0	0	19	0	16	4	0	0	1	0	0	13	0	2	0	7	3	0	0	0	1	5
614.600	0	0	0	0	0	0	0	8	0	0	0	0	0	0	0	0	19	0	10	1	0	0	0	0	0	9	0	5	0	2	0	0	0	0	0	2
614.800	0	0	0	0	0	0	0	9	0	0	0	0	0	0	0	0	18	0	13	2	0	0	0	0	0	9	0	6	0	3	3	0	0	0	1	5
615.000	0	0	0	0	0	0	0	10	1	0	0	0	0	0	0	0	17	0	7	3	0	0	0	0	0	11	0	7	0	5	1	0	0	0	1	4
615.200	0	0	0	0	0	0	0	9	0	0	0	0	0	0	0	0	16	0	13	4	0	0	0	0	0	17	0	10	0	2	4	0	0	0	1	5
615.400	0	0	0	0	0	0	0	8	0	0	0	0	0	0	0	0	23	0	18	3	0	0	0	0	0	13	0	4	0	2	0	0	0	0	1	4
615.600	0	0	0	0	0	0	0	10	0	0	0	0	0	0	0	0	26	0	17	4	0	0	0	0	0	16	0	7	0	2	0	0	0	0	0	2
615.800	0	0	0	0	0	0	0	8	0	0	0	0	0	0	0	0	22	0	14	3	0	0	0	0	0	17	0	3	0	1	0	0	0	0	1	2
616.000	0	0	0	0	0	0	0	8	0	0	0	0	0	0	0	0	23	0	17	4	0	0	0	0	0	8	0	6	0	6	2	0	0	0	0	0
616.200	0	0	0	0	0	0	0	12	0	0	0	0	0	0	0	0	25	0	18	3	0	0	1	0	0	12	0	3	0	1	0	0	0	0	0	2
616.400	0	0	0	0	0	0	0	7	0	0	0	0	0	0	0	0	20	0	17	3	0	0	2	0	0	9	0	7	0	5	0	0	0	0	0	2
616.600	0	0	0	0	0	0	0	7	0	0	0	0	0	0	0	0	20	0	17	1	0	0	0	0	0	13	0	5	0	4	0	0	0	0	1	2
616.800	0	0	0	0	0	0	0	6	0	0	0	0	0	0	0	0	18	0	15	2	0	0	1	0	0	12	0	6	0	5	2	0	0	0	1	3
617.000	0	0	0	0	0	0	0	7	0	0	0	0	0	0	0	0	22	0	18	4	0	0	2	0	0	13	0	7	0	3	1	0	0	0	1	5
617.200	0	0	0	0	0	0	0	6	0	0	0	0	0	0	0	0	23	0	16	4	0	0	1	0	0	11	0	4	0	2	1	0	0	0	1	2
617.400	0	0	0	0	0	0	0	7	0	0	0	0	0	0	0	0	21	0	15	4	0	0	1	0	0	11	0	1	0	5	0	0	0	0	0	2
617.600	0	0	0	0	0	0	0	7	0	0	0	0	0	0	0	0	20	0	12	3	0	0	0	0	0	14	0	6	0	7	0	0	0	0	1	4
617.800	0	0	0	0	0	0	0	6	0	0	0	0	0	0	0	0	17	0	15	4	0	0	0	0	0	15	0	10	0	5	0	0	0	0	1	6
618.000	0	0	0	0	0	0	0	9	0	0	0	0	0	0	0	0	18	0	10	1	0	0	0	0	0	16	0	2	0	0	0	0	0	0	1	1
618.200	0	0	0	0	0	0	0	6	0	0	0	0	0	0	0	0	17	0	19	1	0	0	1	0	0	16	0	3	0	6	1	0	0	0	1	5
618.400	0	0	0	0	0	0	0	12	0	0	0	0	0	0	0	0	22	0	15	1	0	0	2	0	0	17	0	4	0	0	0	0	0	0	1	2
618.600	0	0	0	0	0	0	0	7	0	0	0	0	0	0	0	0	23	0	17	1	0	0	2	0	0	14	0	5	0	0	1	0	0	0	1	4
618.800	0	0	0	0	0	0	0	8	0	0	0	0	0	0	0	0	15	0	15	4	0	0	2	0	0	14	0	8	0	0	1	0	0	0	1	2
619.000	0	0	0	0	0	0	0	8	0	0	0	0	0	0	0	0	23	0	18	3	0	0	0	0	0	14	0	2	0	1	0	0	0	0	1	3
619.200	0	0	0	0	0	0	0	13	0	0	0	0	0	0	0	0	18	0	11	4	0	0	0	0	0	14	0	8	0	3	1	0	0	0	0	2
619.400	0	0	0	0	0	0	0	14	1	0	0	0	0	0	0	0	21	0	15	2	0	0	1	0	0	16	0	5	0	1	0	0	0	0	1	2
619.600	0	0	0	0	0	0	0	7	0	0	0	0	0	0	0	0	25	0	11	4	0	0	0	0	0	13	0	7	0	4	0	0	0	0	1	2
619.800	0	0	0	0	0	0	0	5	0	0	0	0	0	0	0	0	19	0	9	4	0	0	2	0	0	11	0	5	0	5	1	0	0	0	0	2
620.000	0	0	0	0	0	0	0	13	0	0	0	0	0	0	0	0	18	0	12	2	0	0	3	0	0	8	0	4	0	4	0	0	0	0	1	6
620.200	0	0	0	0	0	0	0	10	0	0	0	0	0	0	0	0	16	0	14	3	0	0	2	0	0	8	0	5	0	1	0	0	0	0	1	4
620.400	0	0	0	0	0	0	0	6	0	0	0	0	0	0	0	0	19	0	15	3	0	0	2	0	0	13	0	7	0	6	0	0	0	0	1	2
620.600	0	0	0	0	0	0	0	5	0	0	0	0	0	0	0	0	13	0	13	4	0	0	2	0	0	18	0	7	0	6	0	0	0	0	1	5
620.800	0	0	0	0	0	0	0	5	0	0	0	0	0	0	0	0	23	0	11	4	0	0	0	0	0	18	0	1	0	1	0	0	0	0	1	2
621.000	0	0	0	0	0	0	0	6	0	0	0	0	0	0	0	0	13	0	14	4	0	0	2	0	0	9	0	5	0	3	0	0	0	0	1	3
621.200	0	0	0	0	0	0	0	8	0	0	0	0	0	0	0	0	20	0	12	4	0	0	2	0	0	10	0	6	0	4	0	0	0	0	0	2
621.400	0	0	0	0	0	0	0	6	0	0	0	0	0	0	0	0	14	0	7	4	0	0	0	0	0	12	0	7	0	1	0	0	0	0	0	3
621.600	0	0	0	0	0	0	0	13	0	0	0	0	0	0	0	0	11	0	10	6	0	0	2	0	0	12	0	6	0	2	0	0	0	0	0	1
621.800	0	0	0	0	0	0	0	11	0	0	0	0	0	0	0	0	9	0	7	3	0	0	1	0	0	12	0	6	0	2	0	0	0	0	1	2
622.000	0	0	0	0	0	0	0	9	0	0	0	0	0	0	0	0	11	0	13	2	0	0	2	0	0	12	0	6	0	5	0	0	0	0	0	3
622.200	0	0	0	0	0	0	0	9	0	0	0	0	0	0	0	0	7	0	15	1	0	0	2	0	0	6	0	6	0	1	0	0	0	0	0	2
622.400	0	0	0	0	0	0	0	18	0	0	0	0	0	0	0	0	12	0	13	3	0	0	2	0	0	13	0	9	0	2	0	0	0	0	0	2
622.600	0	0	0	0	0	0	0	17	0	0	0	0	0	0	0	0	15	0	14	2	0	0	3	0	0	14	0	6	0	5	0	0	0	0	1	5
622.800	0	0	0	0	0	0	0	11	0	0	0	0	0	0	0	0	13	0	12	4	0	0	2	0	0	10	0	8	0	5	1	0	0	0	0	6
623.000	0	0	0	0	0	0	0	13	0	0	0	0	0	0	0	0	14	0	17	4	0	0	2	0	0	12	0	3	0	5	0	0	0	0	1	4
623.200	0	0	0	0	0	0	0	13	0	0	0	0	0	0	0	0	10	0	11	5	0	0	2	0	0	11	0	5	0	5	0	0	0	0	1	7
623.400	0	0	0	0	0	0	0	9	0	0	0	0	0	0	0	0	10	0	14	4	0	0	2	0	0	10	0	1	0	1	0	0	0	0	1	3
623.600	0	0	0	0	0	0	0	13	0	0	0	0	0	0	0	0	8	0	14	0	0	0	2	0	0	9	0	3	0	2	0	0	0	0	0	2
623.800	0	0	0	0	0	0	0	10	0	0	0	0	0	0	0	0	16	0	11	3	0	0	3	0	0	9	0	6	0	4	0	0	0	0	0	2
624.000	0	0	0	0	0	0	0	6	0	0	0	0	0	0	0	0	17	0	12	3	0	0	2	0	0	10	0	9	0	2	0	0	0	0	0	4
624.200	0	0	0	0	0	0	0	11	0	0	0	0	0	0	0	0	9	0	14	2	0	0	2	0	0	12	0	6	0	6	0	0	0	0	0	3
624.400	0	0	0	0	0	0	0	8	0	0	0	0	0	0	0	0	16	0	16	1	0	0	3	0	0	10	0	5	0	6	0	0	0	0	0	3
624.600	0	0	0	0	0	0	0	7	0	0	0	0	0	0	0	0	15	0	11	2	0	0	2	0	0	14	0	7	0	3	0	0	0	0	0	5
624.800	0	0	0	0	0	0	0	14	0	0	0	0	0	0	0	0	15	0	13	1	0	0	2	0	0	12	0	9	0	3	1	0	0	0	0	5
625.000	0	0	0	0	0	0	0	11	0	0	0	0	0	0	0	0	20	0	13	6	0	0	2	0	0	10	0	4	0	6	0	0	0	0	0	9
625.200	0	0	0	0	0	0	0	9	0	0	0	0	0	0	0	0	11	0	10	4	0	0	2	0	0	11	0	9	0	2	0	0	0	0	0	2
625.400	0	0	0	0	0	0	0	5	0	0	0	0	0	0	0	0	16	0	15	3	0	0	2	0	0	10	0	5	0	4	0	0	0	0	0	2
625.600	0	0	0	0	0	0	0	5	1	0	0	0	0	0	0	0	20	0	8	5	0	0	2	0	0	13	0	5	0	4	0	0	0	0	1	5
625.800	0	0	0	0	0	0	0	5	0	0	0	0	0	0	0	0	12	0	5	4	0	0	2	0	0	12	0	10	0	5	0	0	0	0	0	5
626.000	0	0	0	0	0	0	0	9	1	0	0	0	0	0	0	0	12	0	12	4	0	0	2	0	0	11	0	7	0	4	0	0	0	0	0	5
626.200	0	0	0	0	0	0	0	8	3	0	0	0	0	0	0	0	16	0	15	3	0	0	2	0	0	10	0	6	0	5	0	0	0	0	0	7
626.400	0	0	0	0	0	0	0	6	1	0	0	0	0	0	0	0	6	0	13	2	0	0	2	0	0	7	0	3	0	4	0	0	0	0	1	3
626.600	0	0	0	0	0	0	0	6	3	0	0	0	0	0	0	0	17	0	15	4	0	0	2	0	0	11	0	2	0	1	0	0	0	0	0	3
626.800	0	0	0	0	0	0	0	5	1	0	0	0	0	0	0	0	11	0	12	4	0	0	2	0	0	11	0	7	0	0	0	0	0	0	1	4
627.000	0	0	0	0	0	0	0	7	3	0	0	0	0	0	0	0	9	0	9	3	0	0	2	0	0	11	0	2	0	1	0	0	0	0	0	3
627.200	0	0	0	0	0	0	0	0	3	0	0	0	0	0	0	0	23	0	15	6	0	0	1	0	0	11	0	4	0	5	0	0	0	0	0	3
627.400	0	0	0	0	0	0	0	6	2	0	0	0	0	0	0	0	16	0	12	3	0	0	2	0	0	4	0	3	0	1	0	0	0	0	0	4
627.600	0	0	0	0	0	0	0	9	0	0	0	0	0	0	0	0	11	0	11	3	0	0	2	0	0	9	0	6	0	2	0	0	0	0	1	3
627.800	0	0	0	0	0	0	0	9	0	0	0	0	0	0	0	0	8	0	11	2	0	0	2	0	0	5	0	1	0	0	0	0	0	0	0	3
628.000	0	0	0	0	0	0	0	7	1	0	0	0	0	0	0	0	9	0	15	2	0	0	2	0	0	7	0	3	0	6	1	0	0	0	0	5
628.200	0	0	0	0	0	0	0	6	0	0	0	0	0	0	0	0	13	0	5	5	0	0	2	0	0	10	0	9	0	2	0	0	0	0	0	2
628.400	0	0	0	0	0	0	0	6	0	0	0	0	0	0	0	0	10	0	16	3	0	0	2	0	0	10	0	7	0	6	0	0	0	0	0	4
628.600	0	0	0	0	0	0	0	5	0	0	0	0	0	0	0	0	9	0	14	3	0	0	2	0	0	8	0	6	0	1	0	0	0	0	0	3
628.800	0	0	0	0	0	0	0	4	0	0	0	0	0	0	0	0	12	0	15	3	0	0	2	0	0	11	0	7	0	4	0	0	0	0	0	4
629.000	0	0	0	0	0	0	0	7	0	0	0	0	0	0	0	0	12	0	15	2	0	0	2	0	0	11	0	5	0	0	0	0	0	0	0	3
629.200	0	0	0	0	0	0	0	6	0	0	0	0	0	0	0	0	15	0	12	2	0	0	2	0	0	12	0	6	0	1	0	0	0	0	1	4
629.400	0	0	0	0	0	0	0	9	0	0	0	0	0	0	0	0	15	0	7	0	0	0	2	0	0	13	0	2	0	3	0	0	0	0	0	5
629.600	0	0	0	0	0	0	0	9	0	0	0	0	0	0	0	0	18	0	13	2	0	0	2	0	0	13	0	5	0	2	0	0	0	0	0	7
629.800	0	0	0	0	0	0	0	11	1	0	0	0	0	0	0	0	14	0	11	1	0	0	0	0	0	11	0	10	0	1	0	0	0	0	0	7
630.000	0	0	0	0	0	0	0	9	0	0	0	0	0	0	0	0	21	1	4	3	0	0	0	0	0	18	0	6	0	1	0	0	0	0	0	5
630.200	0	0	0	0	0	0	0	8	1	0	0	0	0	0	0	0	23	0	13	1	0	0	2	0	0	8	0	10	0	3	0	0	0	0	0	3
630.400	0	0	0	0	0	0	0	5	0	0	0	0	0	0	0	0	17	0	10	2	0	0	2	0	0	10	0	10	0	7	0	0	0	0	0	4
630.600	0	0	0	0	0	0	0	10	0	0	0	0	0	0	0	0	24	0	7	1	0	0	2	0	0	9	0	9	0	4	1	0	0	0	0	4
630.800	0	0	0	0	0	0	0	11	0	0	0	0	0	0	0	0	20	0	9	1	0	0	2	0	0	5	0	10	0	4	0	0	0	0	0	8
631.000	0	0	0	0	0	0	0	8	0	0	0	0	0	0	0	0	18	0	12	1	0	0	2	0	0	11	0	4	0	6	0	0	0	0	0	6
631.200	0	0	0	0	0	0	0	8	0	0	0	0	0	0	0	0	23	0	13	2	0	0	2	0	0	10	0	5	0	8	0	0	0	0	0	5
631.400	0	0	0	0	0	0	0	8	0	0	0	0	0	0	0	0	18	0	14	4	0	0	1	0	0	6	0	2	0	5	0	0	0	0	1	3
631.600	0	0	0	0	0	0	0	7	0	0	0	0	0	0	0	0	20	0	15	3	0	0	0	0	0	5	0	4	0	5	0	0	0	0	0	4
631.800	0	0	0	0	0	0	0	6	0	0	0	0	0	0	0	0	18	0	18	1	0	0	2	0	0	6	0	5	0	5	0	0	0	0	0	6
632.000	0	0	0	0	0	0	0	10	0	0	0	0	0	0	0	0	20	0	10	3	0	0	2	0	0	6	0	2	0	7	0	0	0	0	0	3
632.200	0	0	0	0	0	0	0	10	0	0	0	0	0	0	0	0	19	0	11	3	0	0	2	0	0	7	0	6	0	6	0	0	0	0	0	3
632.400	0	0	0	0	0	0	0	6	0	0	0	0	0	0	0	0	22	0	13	3	0	0	0	0	0	9	0	6	0	8	0	0	0	0	0	3
632.600	0	0	0	0	0	0	0	9	0	0	0	0	0	0	0	0	19	0	10	3	0	0	2	0	0	4	0	6	0	4	0	0	0	0	0	4
632.800	0	0	0	0	0	0	0	8	0	0	0	0	0	0	0	0	21	0	14	1	0	0	0	0	0	7	0	5	0	5	0	0	0	0	0	5
633.000	0	0	0	0	0	0	0	3	0	0	0	0	0	0	0	0	18	0	14	1	0	0	0	0	0	8	0	6	0	7	1	0	0	0	0	4
633.200	0	0	0	0	0	0	0	7	0	0	0	0	0	0	0	0	19	0	13	1	0	0	1	0	0	8	0	7	0	2	0	0	0	0	0	5
633.400	0	0	0	0	0	0	0	7	0	0	0	0	0	0	0	0	18	0	15	2	0	0	1	0	0	9	0	5	0	6	0	0	0	0	0	3
633.600	0	0	0	0	0	0	0	6	0	0	0	0	0	0	0	0	18	0	11	2	0	0	0	0	0	9	0	7	0	7	0	0	0	0	0	8
633.800	0	0	0	0	0	0	0	8	0	0	0	0	0	0	0	0	19	0	16	1	0	0	0	0	0	10	0	5	0	2	0	0	0	0	0	5
634.000	0	0	0	0	0	0	0	8	0	0	0	0	0	0	0	0	14	0	14	3	0	0	0	0	0	16	0	6	0	1	0	0	0	0	0	3
634.200	0	0	0	0	0	0	0	10	0	0	0	0	0	0	0	0	21	0	16	3	0	0	0	0	0	12	0	2	0	6	0	0	0	0	0	6
634.400	0	0	0	0	0	0	0	6	0	0	0	0	0	0	0	0	22	0	12	1	0	0	0	0	0	12	0	5	0	4	0	0	0	0	0	5
634.600	0	0	0	0	0	0	0	12	2	0	0	0	0	0	0	0	19	0	16	1	0	0	0	0	0	9	0	6	0	5	0	0	0	0	0	5
634.800	0	0	0	0	0	0	0	10	0	0	0	0	0	0	0	0	17	0	13	4	0	0	0	0	0	16	0	4	0	7	0	0	0	0	0	3
635.000	0	0	0	0	0	0	0	11	0	0	0	0	0	0	0	0	23	0	16	3	0	0	0	0	0	13	0	8	0	0	0	0	0	0	0	6
635.200	0	0	0	0	0	0	0	7	0	0	0	0	0	0	0	0	14	0	12	3	0	0	0	0	0	9	0	6	0	2	0	0	0	0	1	7
635.400	0	0	0	0	0	0	0	7	0	0	0	0	0	0	0	0	22	0	15	4	0	0	0	0	0	9	0	7	0	5	0	0	0	0	0	6
635.600	0	0	0	0	0	0	0	7	0	0	0	0	0	0	0	0	20	0	15	1	0	0	0	0	0	8	0	8	0	5	0	0	0	0	0	6
635.800	0	0	0	0	0	0	0	8	0	0	0	0	0	0	0	0	21	0	14	3	0	0	0	0	0	13	0	10	0	7	0	0	0	0	0	5
636.000	0	0	0	0	0	0	0	8	0	0	0	0	0	0	0	0	23	0	15	2	0	0	0	0	0	14	0	7	0	7	0	0	0	0	0	6
636.200	0	0	0	0	0	0	0	13	0	0	0	0	0	0	0	0	14	1	6	3	0	0	0	0	0	17	0	7	0	6	0	0	0	0	0	6
636.400	0	0	0	0	0	0	0	8	0	0	0	0	0	0	0	0	17	0	8	1	0	0	0	0	0	18	0	9	0	4	0	0	0	0	0	6
636.600	0	0	0	0	0	0	0	10	0	0	0	0	0	0	0	0	22	0	7	3	0	0	0	0	0	19	0	10	0	6	0	0	0	0	0	5
636.800	0	0	0	0	0	0	0	6	0	0	0	0	0	0	0	0	16	0	9	3	0	0	0	0	0	13	0	8	0	4	0	0	0	0	0	5
637.000	0	0	0	0	0	0	0	10	0	0	0	0	0	0	0	0	17	0	13	1	0	0	0	0	0	16	0	4	0	3	0	0	0	0	1	7
637.200	0	0	0	0	0	0	0	11	0	0	0	0	0	0	0	0	22	0	11	1	0	0	0	0	0	17	0	5	0	0	0	0	0	0	0	4
637.400	0	0	0	0	0	0	0	9	0	0	0	0	0	0	0	0	15	0	14	1	0	0	0	0	0	10	0	7	0	7	0	0	0	0	1	6
637.600	0	0	0	0	0	0	0	8	0	0	0	0	0	0	0	0	22	0	18	2	0	0	0	0	0	7	0	7	0	2	0	0	0	0	1	4
637.800	0	0	0	0	0	0	0	7	0	0	0	0	0	0	0	0	18	0	11	1	0	0	0	0	0	7	0	3	0	6	0	0	0	0	0	6
638.000	0	0	0	0	0	0	0	9	0	0	0	0	0	0	0	0	22	0	9	2	0	0	0	0	0	8	0	8	0	2	0	0	0	0	1	4
638.200	0	0	0	0	0	0	0	10	0	0	0	0	0	0	0	0	17	0	7	2	0	0	0	0	0	10	0	6	0	0	0	0	0	0	0	6
638.400	0	0	0	0	0	0	0	10	0	0	0	0	0	0	0	0	19	0	15	1	0	0	0	0	0	9	0	6	0	0	0	0	0	0	1	8
638.600	0	0	0	0	0	0	0	8	0	0	0	0	0	0	0	0	22	0	11	1	0	0	0	0	0	10	0	5	0	1	0	0	0	0	0	3
638.800	0	0	0	0	0	0	0	10	0	0	0	0	0	0	0	0	19	0	13	2	0	0	0	0	0	7	0	5	0	2	0	0	0	0	1	9
639.000	0	0	0	0	0	0	0	10	0	0	0	0	0	0	0	0	13	0	12	1	0	0	0	0	0	10	0	7	0	4	0	0	0	0	0	5
639.200	0	0	0	0	0	0	0	11	0	0	0	0	0	0	0	0	20	0	11	3	0	0	0	0	0	11	0	5	0	2	0	0	0	0	1	6
639.400	0	0	0	0	0	0	0	8	0	0	0	0	0	0	0	0	19	0	8	2	0	0	0	0	0	5	0	4	0	1	0	0	0	0	1	3
639.600	0	0	0	0	0	0	0	11	0	0	0	0	0	0	0	0	17	0	13	1	0	0	0	0	0	13	0	10	0	5	0	0	0	0	1	5
639.800	0	0	0	0	0	0	0	12	0	0	0	0	0	0	0	0	22	0	11	1	0	0	0	0	0	13	0	5	0	4	0	0	0	0	1	9
640.000	0	0	0	0	0	0	0	12	0	0	0	0	0	0	0	0	18	0	13	2	0	0	0	0	0	13	0	6	0	2	0	0	0	0	1	7
640.200	0	0	0	0	0	0	0	9	0	0	0	0	0	0	0	0	17	0	13	1	0	0	0	0	0	9	0	5	0	3	0	0	0	0	0	5
640.400	0	0	0	0	0	0	0	10	1	0	0	0	0	0	0	0	14	0	8	2	0	0	0	0	0	10	0	1	0	0	0	0	0	0	1	6
640.600	0	0	0	0	0	0	0	9	1	0	0	0	0	0	0	0	16	0	10	2	0	0	0	0	0	12	0	5	0	3	0	0	0	0	0	2
640.800	0	0	0	0	0	0	0	6	2	0	0	0	0	0	0	0	18	0	11	2	0	0	0	0	0	17	0	1	0	1	0	0	0	0	0	3
641.000	0	0	0	0	0	0	0	8	0	0	0	0	0	0	0	0	24	0	14	1	0	0	0	0	0	14	0	4	0	2	0	0	0	0	1	2
641.200	0	0	0	0	0	0	0	7	0	0	0	0	0	0	0	0	26	0	7	2	0	0	0	0	0	18	0	4	0	5	0	0	0	0	0	6
641.400	0	0	0	0	0	0	0	11	0	0	0	0	0	0	0	0	18	0	13	2	0	0	0	0	0	18	0	5	0	3	0	0	0	0	0	3
641.600	0	0	0	0	0	0	0	9	0	0	0	0	0	0	0	0	21	0	9	1	0	0	0	0	0	11	0	6	0	2	0	0	0	0	1	6
641.800	0	0	0	0	0	0	0	11	0	0	0	0	0	0	0	0	17	0	18	4	0	0	0	0	0	15	0	6	0	5	0	0	0	0	1	2
642.000	0	0	0	0	0	0	0	8	0	0	0	0	0	0	0	0	15	0	12	1	0	0	0	0	0	13	0	4	0	3	0	0	0	0	1	6
642.200	0	0	0	0	0	0	0	7	0	0	0	0	0	0	0	0	21	0	8	3	0	0	0	0	0	11	0	6	0	5	0	0	0	0	1	3
642.400	0	0	0	0	0	0	0	5	0	0	0	0	0	0	0	0	16	0	13	1	0	0	0	0	0	6	0	3	0	1	0	0	0	0	0	4
642.600	0	0	0	0	0	0	0	10	0	0	0	0	0	0	0	0	24	0	11	1	0	0	0	0	0	9	0	7	0	0	0	0	0	0	0	4
642.800	0	0	0	0	0	0	0	8	0	0	0	0	0	0	0	0	20	0	4	2	0	0	0	0	0	10	0	3	0	0	0	0	0	0	0	4
643.000	0	0	0	0	0	0	0	9	0	0	0	0	0	0	0	0	22	0	12	1	0	0	0	0	0	13	0	8	0	3	0	0	0	0	0	6
643.200	0	0	0	0	0	0	0	7	0	0	0	0	0	0	0	0	16	0	12	4	0	0	0	0	0	14	0	9	0	5	0	0	0	0	1	9
643.400	0	0	0	0	0	0	0	6	0	0	0	0	0	0	0	0	17	0	11	1	0	0	0	0	0	15	1	4	0	5	0	0	0	0	0	4
643.600	0	0	0	0	0	0	0	8	0	0	0	0	0	0	0	0	23	0	8	1	0	0	0	0	0	18	1	6	0	6	0	0	0	0	0	3
643.800	0	0	0	0	0	0	0	5	0	0	0	0	0	0	0	0	15	0	16	4	0	0	0	0	0	15	0	6	0	1	0	0	0	0	0	3
644.000	0	0	0	0	0	0	0	6	0	0	0	0	0	0	0	0	12	0	13	4	0	0	0	0	0	14	0	5	0	2	0	0	0	0	0	2
644.200	0	0	0	0	0	0	0	10	1	0	0	0	0	0	0	0	17	0	15	3	0	0	0	0	0	16	0	12	0	1	0	0	0	0	0	2
644.400	0	0	0	0	0	0	0	9	0	0	0	0	0	0	0	0	21	0	10	1	0	0	0	0	0	12	0	8	0	3	0	0	0	0	0	2
644.600	0	0	0	0	0	0	0	7	0	0	0	0	0	0	0	0	12	0	10	4	0	0	0	0	0	16	0	5	0	1	0	0	0	0	1	3
644.800	0	0	0	0	0	0	0	10	1	0	0	0	0	0	0	0	18	0	10	2	0	0	0	0	0	8	0	7	0	1	0	0	0	0	1	3
645.000	0	0	0	0	0	0	0	8	0	0	0	0	0	0	0	0	21	0	13	1	0	0	0	0	0	15	0	6	0	4	0	0	0	0	0	4
645.200	0	0	0	0	0	0	0	7	0	0	0	0	0	0	0	0	12	0	13	2	0	0	0	0	0	17	0	6	0	6	0	0	0	0	1	7
645.400	0	0	0	0	0	0	0	6	0	0	0	0	0	0	0	0	12	0	13	1	0	0	2	0	0	12	0	6	0	2	0	0	0	0	1	5
645.600	0	0	0	0	0	0	0	10	0	0	0	0	0	0	0	0	19	0	13	1	0	0	0	0	0	13	0	2	0	2	0	0	0	0	1	2
645.800	0	0	0	0	0	0	0	8	0	0	0	0	0	0	0	0	22	0	9	3	0	0	0	0	0	13	0	4	0	2	0	0	0	0	0	3
646.000	0	0	0	0	0	0	0	7	0	0	0	0	0	0	0	0	22	0	14	1	0	0	0	0	0	14	0	4	0	1	0	0	0	0	0	5
646.200	0	0	0	0	0	0	0	8	0	0	0	0	0	0	0	0	22	0	7	1	0	0	0	0	0	17	0	7	0	1	0	0	0	0	1	4
646.400	0	0	0	0	0	0	0	8	0	0	0	0	0	0	0	0	25	0	13	3	0	0	0	0	0	13	0	6	0	4	0	0	0	0	0	2
646.600	0	0	0	0	0	0	0	9	0	0	0	0	0	0	0	0	19	0	13	1	0	0	0	0	0	18	0	5	0	2	0	0	0	0	1	4
646.800	0	0	0	0	0	0	0	8	0	0	0	0	0	0	0	0	24	0	11	1	0	0	0	0	0	23	0	6	0	1	0	0	0	0	1	2
647.000	0	0	0	0	0	0	0	10	1	0	0	0	0	0	0	0	28	0	16	2	0	0	0	0	0	12	0	9	0	1	0	0	0	0	0	5
647.200	0	0	0	0	0	0	0	10	0	0	0	0	0	0	0	0	28	0	14	1	0	0	0	0	0	15	0	6	0	3	0	0	0	0	1	2
647.400	0	0	0	0	0	0	0	9	0	0	0	0	0	0	0	0	30	0	18	1	0	0	0	0	0	14	0	9	0	3	0	0	0	0	1	4
647.600	0	0	0	0	0	0	0	7	0	0	0	0	0	0	0	0	18	0	12	1	0	0	0	0	0	11	0	6	0	1	0	0	0	0	1	6
647.800	0	0	0	0	0	0	0	9	0	0	0	0	0	0	0	0	16	0	16	2	0	0	2	0	0	17	0	6	0	3	0	0	0	0	1	3
648.000	0	0	0	0	0	0	0	11	0	0	0	0	0	0	0	0	30	0	12	1	0	0	0	0	0	14	0	6	0	2	0	0	0	0	0	3
648.200	0	0	0	0	0	0	0	6	0	0	0	0	0	0	0	0	21	0	12	2	0	0	0	0	0	11	0	6	0	4	0	0	0	0	0	4
648.400	0	0	0	0	0	0	0	5	0	0	0	0	0	0	0	0	27	0	12	4	0	0	0	0	0	11	0	6	0	1	0	0	0	0	1	3
648.600	0	0	0	0	0	0	0	11	0	0	0	0	0	0	0	0	28	0	5	5	0	0	0	0	0	14	1	5	0	6	0	0	0	0	0	7
648.800	0	0	0	0	0	0	0	7	0	0	0	0	0	0	0	0	23	0	8	1	0	0	0	0	0	9	0	4	0	6	0	0	0	0	1	6
649.000	0	0	0	0	0	0	0	11	0	0	0	0	0	0	0	0	18	1	14	1	0	0	0	0	0	8	0	7	0	1	0	0	0	0	0	3
649.200	0	0	0	0	0	0	0	13	0	0	0	0	0	0	0	0	21	0	9	1	0	0	0	0	0	14	0	6	0	3	0	0	0	0	1	6
649.400	0	0	0	0	0	0	0	4	0	0	0	0	0	0	0	0	19	0	13	4	0	0	2	0	0	11	0	2	0	1	0	0	0	0	1	7
649.600	0	0	0	0	0	0	0	8	0	0	0	0	0	0	0	0	13	0	12	1	0	0	2	0	0	10	0	8	0	2	1	0	0	0	0	6
649.800	0	0	0	0	0	0	0	7	0	0	0	0	0	0	0	0	18	0	6	2	0	0	2	0	0	9	0	7	0	7	0	0	0	0	0	3
650.000	0	0	0	0	0	0	0	9	0	0	0	0	0	0	0	0	14	0	13	1	0	0	1	0	0	7	0	1	0	3	0	0	0	0	1	3
650.200	0	0	0	0	0	0	0	14	0	0	0	0	0	0	0	0	18	0	14	1	0	0	1	0	0	7	0	0	0	1	0	0	0	0	0	4
650.400	0	0	0	0	0	0	0	12	0	0	0	0	0	0	0	0	18	0	11	1	0	0	2	0	0	6	0	1	0	5	0	0	0	0	0	2
650.600	0	0	0	0	0	0	0	8	0	0	0	0	0	0	0	0	21	0	11	1	0	0	2	0	0	15	0	3	0	8	0	0	0	0	0	6
650.800	0	0	0	0	0	0	0	12	0	0	0	0	0	0	0	0	21	0	10	4	0	0	1	0	0	7	0	2	0	4	0	0	0	0	0	3
651.000	0	0	0	0	0	0	0	10	0	0	0	0	0	0	0	0	23	0	13	4	0	0	2	0	0	7	0	4	0	2	0	0	0	0	0	4
651.200	0	0	0	0	0	0	0	12	0	0	0	0	0	0	0	0	17	0	11	3	0	0	3	0	0	13	0	0	0	1	0	0	0	0	1	4
651.400	0	0	0	0	0	0	0	17	0	0	0	0	0	0	0	0	23	0	8	2	0	0	2	0	0	13	0	5	0	6	0	0	0	0	0	2
651.600	0	0	0	0	0	0	0	8	0	0	0	0	0	0	0	0	14	0	14	1	0	0	2	0	0	16	0	3	0	2	0	0	0	0	0	5
651.800	0	0	0	0	0	0	0	5	0	0	0	0	0	0	0	0	20	0	11	3	0	0	2	0	0	20	0	4	0	1	0	0	0	0	0	2
652.000	0	0	0	0	0	0	0	12	0	0	0	0	0	0	0	0	24	0	4	2	0	0	2	0	0	11	0	1	0	5	0	0	0	0	0	3
652.200	0	0	0	0	0	0	0	11	0	0	0	0	0	0	0	0	23	0	11	3	0	0	3	0	0	12	0	2	0	5	0	0	0	0	0	6
652.400	0	0	0	0	0	0	0	11	0	0	0	0	0	0	0	0	16	0	11	2	0	0	3	0	0	12	0	4	0	2	0	0	0	0	1	5
652.600	0	0	0	0	0	0	0	9	0	0	0	0	0	0	0	0	19	0	7	1	0	0	2	0	0	15	0	4	0	7	0	0	0	0	1	4
652.800	0	0	0	0	0	0	0	8	0	0	0	0	0	0	0	0	17	0	10	2	0	0	2	0	0	10	0	0	0	1	0	0	0	0	1	4
653.000	0	0	0	0	0	0	0	11	0	0	0	0	0	0	0	0	19	0	7	3	0	0	2	0	0	13	0	1	0	2	0	0	0	0	0	4
653.200	0	0	0	0	0	0	0	9	0	0	0	0	0	0	0	0	18	0	11	1	0	0	2	0	0	13	0	9	0	4	0	0	0	0	1	3
653.400	0	0	0	0	0	0	0	11	0	0	0	0	0	0	0	0	16	0	16	1	0	0	3	0	0	15	0	4	0	2	0	0	0	0	0	5
653.600	0	0	0	0	0	0	0	9	0	0	0	0	0	0	0	0	26	0	8	4	0	0	2	0	0	15	0	4	0	6	0	0	0	0	0	7
653.800	0	0	0	0	0	0	0	8	0	0	0	0	0	0	0	0	20	0	15	2	0	0	2	0	0	16	0	6	0	1	0	0	0	0	0	6
654.000	0	0	0	0	0	0	0	9	0	0	0	0	0	0	0	0	14	0	11	2	0	0	2	0	0	15	0	7	0	3	0	0	0	0	0	3
654.200	0	0	0	0	0	0	0	11	0	0	0	0	0	0	0	0	16	0	17	3	0	0	2	0	0	9	0	6	0	4	0	0	0	0	0	5
654.400	0	0	0	0	0	0	0	10	0	0	0	0	0	0	0	0	13	0	14	3	0	0	1	0	0	7	0	9	0	7	0	0	0	0	0	7
654.600	0	0	0	0	0	0	0	12	0	0	0	0	0	0	0	0	19	0	14	3	0	0	0	0	0	11	0	5	0	6	0	0	0	0	0	3
654.800	0	0	0	0	0	0	0	11	0	0	0	0	0	0	0	0	23	0	10	4	0	0	1	0	0	5	0	6	0	1	0	0	0	0	0	4
655.000	0	0	0	0	0	0	0	13	0	0	0	0	0	0	0	0	17	0	10	2	0	0	2	0	0	10	0	5	0	2	0	0	0	0	1	3
655.200	0	0	0	0	0	0	0	16	0	0	0	0	0	0	0	0	21	0	19	4	0	0	1	0	0	9	0	6	0	4	1	0	0	0	0	3
655.400	0	0	0	0	0	0	0	14	0	0	0	0	0	0	0	0	16	0	14	4	0	0	0	0	0	13	0	6	0	5	0	0	0	0	0	4
655.600	0	0	0	0	0	0	0	8	0	0	0	0	0	0	0	0	21	0	13	3	0	0	0	0	0	8	0	5	0	3	0	0	0	0	0	2
655.800	0	0	0	0	0	0	0	7	0	0	0	0	0	0	0	0	24	0	15	1	0	0	2	0	0	12	0	6	0	0	0	0	0	0	0	3
656.000	0	0	0	0	0	0	0	12	0	0	0	0	0	0	0	0	20	0	9	4	0	0	2	0	0	14	0	10	0	6	0	0	0	0	0	5
656.200	0	0	0	0	0	0	0	10	0	0	0	0	0	0	0	0	20	0	16	3	0	0	2	0	0	9	0	5	0	7	0	0	0	0	0	4
656.400	0	0	0	0	0	0	0	11	0	0	0	0	0	0	0	0	25	0	14	4	0	0	2	0	0	15	0	4	0	4	0	0	0	0	1	5
656.600	0	0	0	0	0	0	0	6	0	0	0	0	0	0	0	0	5	0	7	2	0	0	2	0	0	10	0	4	0	4	0	0	0	0	0	3
656.800	0	0	0	0	0	0	0	13	0	0	0	0	0	0	0	0	22	0	11	4	0	0	2	0	0	12	0	5	0	1	0	0	0	0	0	7
657.000	0	0	0	0	0	0	0	7	0	0	0	0	0	0	0	0	17	0	15	2	0	0	3	0	0	5	0	4	0	7	0	0	0	0	1	7
657.200	0	0	0	0	0	0	0	9	0	0	0	0	0	0	0	0	23	0	16	3	0	0	2	0	0	8	0	4	0	5	1	0	0	0	1	3
657.400	0	0	0	0	0	0	0	10	0	0	0	0	0	0	0	0	20	0	17	3	0	0	2	0	0	11	0	9	0	4	0	0	0	0	1	3
657.600	0	0	0	0	0	0	0	8	0	0	0	0	0	0	0	0	18	0	14	3	0	0	2	0	0	16	0	8	0	4	0	0	0	0	0	3
657.800	0	0	0	0	0	0	0	6	0	0	0	0	0	0	0	0	17	0	13	2	0	0	2	0	0	9	0	7	0	5	0	0	0	0	0	5
658.000	0	0	0	0	0	0	0	9	0	0	0	0	0	0	0	0	16	0	6	1	0	0	2	0	0	14	0	5	0	2	0	0	0	0	1	3
658.200	0	0	0	0	0	0	0	5	0	0	0	0	0	0	0	0	17	0	18	3	0	0	2	0	0	12	0	6	0	3	1	0	0	0	0	4
658.400	0	0	0	0	0	0	0	9	0	0	0	0	0	0	0	0	21	0	8	3	0	0	1	0	0	5	0	0	0	1	0	0	0	0	0	4
658.600	0	0	0	0	0	0	0	5	0	0	0	0	0	0	0	0	18	0	14	3	0	0	2	0	0	7	0	5	0	7	0	0	0	0	0	4
658.800	0	0	0	0	0	0	0	11	0	0	0	0	0	0	0	0	20	0	13	2	0	0	2	0	0	6	0	0	0	4	0	0	0	0	0	3
659.000	0	0	0	0	0	0	0	13	0	0	0	0	0	0	0	0	21	0	16	1	0	0	2	0	0	7	0	4	0	6	0	0	0	0	0	6
659.200	0	0	0	0	0	0	0	8	0	0	0	0	0	0	0	0	18	0	11	2	0	0	0	0	0	8	0	4	0	7	0	0	0	0	0	4
659.400	0	0	0	0	0	0	0	9	0	0	0	0	0	0	0	0	22	0	10	2	0	0	0	0	0	7	0	3	0	4	0	0	0	0	0	4
659.600	0	0	0	0	0	0	0	8	0	0	0	0	0	0	0	0	24	0	8	5	0	0	0	0	0	8	0	6	0	3	0	0	0	0	0	5
659.800	0	0	0	0	0	0	0	8	0	0	0	0	0	0	0	0	20	0	13	1	0	0	0	0	0	6	0	3	0	5	0	0	0	0	1	5
660.000	0	0	0	0	0	0	0	10	0	0	0	0	0	0	0	0	20	0	9	2	0	0	0	0	0	8	0	0	0	4	0	0	0	0	1	3
660.200	0	0	0	0	0	0	0	11	0	0	0	0	0	0	0	0	22	0	8	3	0	0	0	0	0	6	0	6	0	1	0	0	0	0	1	7
660.400	0	0	0	0	0	0	0	10	0	0	0	0	0	0	0	0	25	0	7	1	0	0	0	0	0	12	0	8	0	4	1	0	0	0	1	7
660.600	0	0	0	0	0	0	0	7	0	0	0	0	0	0	0	0	18	0	5	1	0	0	0	0	0	17	0	6	0	4	0	0	0	0	0	1
660.800	0	0	0	0	0	0	0	7	0	0	0	0	0	0	0	0	15	0	2	2	0	0	0	0	0	11	0	4	0	6	0	0	0	0	0	4
661.000	0	0	0	0	0	0	0	7	0	0	0	0	0	0	0	0	19	0	1	2	0	0	0	0	0	16	0	4	0	5	0	0	0	0	0	4
661.200	0	0	0	0	0	0	0	7	0	0	0	0	0	0	0	0	16	0	2	0	0	0	0	0	0	14	0	4	0	3	0	0	0	0	0	3
661.400	0	0	0	0	0	0	0	5	0	0	0	0	0	0	0	0	19	0	2	1	0	0	0	0	0	12	0	4	0	5	0	0	0	0	0	5
661.600	0	0	0	0	0	0	0	5	1	0	0	0	0	0	0	0	16	0	2	1	0	0	0	0	0	16	0	5	0	6	0	0	0	0	1	5
661.800	0	0	0	0	0	0	0	5	3	0	0	0	0	0	0	0	21	0	13	3	0	0	0	0	0	14	0	4	0	1	0	0	0	0	0	4
662.000	0	0	0	0	0	0	0	8	1	0	0	0	0	0	0	0	21	0	15	3	0	0	0	0	0	10	0	5	0	5	0	0	0	0	1	5
662.200	0	0	0	0	0	0	0	5	0	0	0	0	0	0	0	0	25	0	11	2	0	0	0	0	0	16	0	5	0	5	0	0	0	0	0	7
662.400	0	0	0	0	0	0	0	10	0	0	0	0	0	0	0	0	19	0	7	0	0	0	0	0	0	15	0	5	0	7	1	0	0	0	0	2
662.600	0	0	0	0	0	0	0	5	0	0	0	0	0	0	0	0	24	0	15	2	0	0	0	0	0	6	0	4	0	1	0	0	0	0	1	5
662.800	0	0	0	0	0	0	0	6	0	0	0	0	0	0	0	0	22	0	13	1	0	0	0	0	0	9	0	4	0	1	0	0	0	0	0	7
663.000	0	0	0	0	0	0	0	6	0	0	0	0	0	0	0	0	20	0	15	1	0	0	1	0	0	6	0	3	0	4	1	0	0	0	0	7
663.200	0	0	0	0	0	0	0	5	0	0	0	0	0	0	0	0	23	0	13	3	0	0	0	0	0	14	0	5	0	2	0	0	0	0	1	3
663.400	0	0	0	0	0	0	0	5	0	0	0	0	0	0	0	0	18	0	13	2	0	0	2	0	0	9	0	2	0	3	0	0	0	0	1	5
663.600	0	0	0	0	0	0	0	6	0	0	0	0	0	0	0	0	20	0	13	3	0	0	2	0	0	15	0	8	0	8	0	0	0	0	0	9
663.800	0	0	0	0	0	0	0	4	0	0	0	0	0	0	0	0	17	0	13	3	0	0	2	0	0	15	0	8	0	5	0	0	0	0	0	3
664.000	0	0	0	0	0	0	0	4	0	0	0	0	0	0	0	0	21	0	13	2	0	0	2	0	0	13	0	5	0	1	0	0	0	0	1	7
664.200	0	0	0	0	0	0	0	5	0	0	0	0	0	0	0	0	21	0	6	1	0	0	2	0	0	7	0	0	0	2	0	0	0	0	0	6
664.400	0	0	0	0	0	0	0	6	0	0	0	0	0	0	0	0	22	0	12	3	0	0	0	0	0	6	0	4	0	6	0	0	0	0	0	7
664.600	0	0	0	0	0	0	0	6	0	0	0	0	0	0	0	0	14	0	6	1	0	0	1	0	0	8	0	7	0	6	0	0	0	0	0	7
664.800	0	0	0	0	0	0	0	7	0	0	0	0	0	0	0	0	16	0	7	2	0	0	0	0	0	14	0	6	0	4	0	0	0	0	1	5
665.000	0	0	0	0	0	0	0	4	0	0	0	0	0	0	0	0	18	0	9	1	0	0	0	0	0	8	0	5	0	1	0	0	0	0	0	9
665.200	0	0	0	0	0	0	0	6	0	0	0	0	0	0	0	0	22	0	16	1	0	0	0	0	0	7	0	10	0	4	0	0	0	0	0	6
665.400	0	0	0	0	0	0	0	5	0	0	0	0	0	0	0	0	18	0	11	1	0	0	0	0	0	9	0	7	0	2	0	0	0	0	0	4
665.600	0	0	0	0	0	0	0	8	0	0	0	0	0	0	0	0	22	0	7	1	0	0	2	0	0	15	1	9	0	3	0	0	0	0	0	3
665.800	0	0	0	0	0	0	0	6	0	0	0	0	0	0	0	0	14	0	12	1	0	0	0	0	0	15	1	7	0	7	0	0	0	0	1	5
666.000	0	0	0	0	0	0	0	6	0	0	0	0	0	0	0	0	19	0	11	3	0	0	2	0	0	14	0	5	0	6	0	0	0	0	0	3
666.200	0	0	0	0	0	0	0	10	0	0	0	0	0	0	0	0	16	0	11	3	0	0	0	0	0	8	0	8	0	6	0	0	0	0	1	9
666.400	0	0	0	0	0	0	0	4	0	0	0	0	0	0	0	0	20	0	14	3	0	0	2	0	0	12	0	3	0	5	0	0	0	0	0	4
666.600	0	0	0	0	0	0	0	6	0	0	0	0	0	0	0	0	20	0	13	3	0	0	1	0	0	6	0	10	0	5	1	0	0	0	0	1
666.800	0	0	0	0	0	0	0	5	0	0	0	0	0	0	0	0	18	0	15	4	0	0	2	0	0	12	0	6	0	4	1	0	0	0	0	3
667.000	0	0	0	0	0	0	0	7	0	0	0	0	0	0	0	0	17	0	10	1	0	0	0	0	0	3	0	4	0	3	0	0	0	0	1	7
667.200	0	0	0	0	0	0	0	5	0	0	0	0	0	0	0	0	12	0	9	2	0	0	0	0	0	3	0	7	0	3	0	0	0	0	1	6
667.400	0	0	0	0	0	0	0	9	0	0	0	0	0	0	0	0	14	1	9	1	0	0	2	0	0	3	0	6	0	3	0	0	0	0	0	7
667.600	0	0	0	0	0	0	0	7	0	0	0	0	0	0	0	0	21	0	18	4	0	0	2	0	0	17	0	6	0	7	0	0	0	0	0	5
667.800	0	0	0	0	0	0	0	9	0	0	0	0	0	0	0	0	20	0	15	4	0	0	1	0	0	10	0	6	0	1	0	0	0	0	1	5
668.000	0	0	0	0	0	0	0	6	0	0	0	0	0	0	0	0	15	0	6	1	0	0	0	0	0	19	0	6	0	3	0	0	0	0	1	4
668.200	0	0	0	0	0	0	0	6	0	0	0	0	0	0	0	0	16	0	8	2	0	0	0	0	0	14	0	9	0	3	0	0	0	0	1	7
668.400	0	0	0	0	0	0	0	10	0	0	0	0	0	0	0	0	16	0	10	2	0	0	0	0	0	13	0	6	0	3	0	0	0	0	1	5
668.600	0	0	0	0	0	0	0	6	0	0	0	0	0	0	0	0	21	0	17	4	0	0	0	0	0	17	0	3	0	2	0	0	0	0	0	3
668.800	0	0	0	0	0	0	0	7	0	0	0	0	0	0	0	0	16	0	13	1	0	0	0	0	0	17	0	9	0	5	0	0	0	0	0	3
669.000	0	0	0	0	0	0	0	7	0	0	0	0	0	0	0	0	16	0	12	1	0	0	0	0	0	15	0	7	0	4	0	0	0	0	0	2
669.200	0	0	0	0	0	0	0	7	0	0	0	0	0	0	0	0	13	0	16	1	0	0	0	0	0	15	0	4	0	6	1	0	0	0	0	5
669.400	0	0	0	0	0	0	0	6	0	0	0	0	0	0	0	0	20	0	10	2	0	0	0	0	0	20	0	5	0	2	0	0	0	0	0	2
669.600	0	0	0	0	0	0	0	6	0	0	0	0	0	0	0	0	21	0	16	2	0	0	0	0	0	12	0	6	0	6	0	0	0	0	0	5
669.800	0	0	0	0	0	0	0	6	0	0	0	0	0	0	0	0	16	0	10	1	0	0	0	0	0	9	0	5	0	5	0	0	0	0	1	8
670.000	0	0	0	0	0	0	0	6	0	0	0	0	0	0	0	0	24	0	16	1	0	0	0	0	0	13	0	1	0	1	0	0	0	0	1	6
670.200	0	0	0	0	0	0	0	10	0	0	0	0	0	0	0	0	22	0	12	1	0	0	0	0	0	10	0	1	0	1	0	0	0	0	1	6
670.400	0	0	0	0	0	0	0	7	0	0	0	0	0	0	0	0	20	0	19	4	0	0	0	0	0	13	0	7	0	1	0	0	0	0	0	7
670.600	0	0	0	0	0	0	0	6	0	0	0	0	0	0	0	0	19	0	17	2	0	0	0	0	0	12	0	11	0	4	0	0	0	0	0	6
670.800	0	0	0	0	0	0	0	9	0	0	0	0	0	0	0	0	20	0	15	2	0	0	0	0	0	12	0	6	0	3	0	0	0	0	0	3
671.000	0	0	0	0	0	0	0	6	0	0	0	0	0	0	0	0	15	0	6	4	0	0	0	0	0	16	0	11	0	3	0	0	0	0	0	4
671.200	0	0	0	0	0	0	0	8	0	0	0	0	0	0	0	0	20	0	16	3	0	0	0	0	0	13	0	10	0	1	0	0	0	0	1	4
671.400	0	0	0	0	0	0	0	6	0	0	0	0	0	0	0	0	20	0	15	3	0	0	0	0	0	8	0	6	0	4	0	0	0	0	1	7
671.600	0	0	0	0	0	0	0	9	0	0	0	0	0	0	0	0	16	0	13	4	0	0	0	0	0	11	0	3	0	1	0	0	0	0	0	3
671.800	0	0	0	0	0	0	0	9	0	0	0	0	0	0	0	0	15	0	13	2	0	0	0	0	0	14	0	4	0	1	0	0	0	0	0	4
672.000	0	0	0	0	0	0	0	9	0	0	0	0	0	0	0	0	24	0	11	4	0	0	0	0	0	11	0	7	0	2	0	0	0	0	0	7
672.200	0	0	0	0	0	0	0	7	0	0	0	0	0	0	0	0	19	0	13	2	0	0	0	0	0	14	0	11	0	2	0	0	0	0	0	5
672.400	0	0	0	0	0	0	0	11	0	0	0	0	0	0	0	0	19	0	7	4	0	0	0	0	0	16	0	5	0	1	0	0	0	0	1	3
672.600	0	0	0	0	0	0	0	7	0	0	0	0	0	0	0	0	17	0	10	1	0	0	0	0	0	15	0	10	0	6	0	0	0	0	1	10
672.800	0	0	0	0	0	0	0	11	0	0	0	0	0	0	0	0	20	0	17	1	0	0	0	0	0	12	0	10	0	1	1	0	0	0	1	4
673.000	0	0	0	0	0	0	0	9	0	0	0	0	0	0	0	0	25	0	14	2	0	0	0	0	0	7	0	3	0	1	0	0	0	0	1	3
673.200	0	0	0	0	0	0	0	7	0	0	0	0	0	0	0	0	16	0	13	1	0	0	0	0	0	16	0	7	0	1	0	0	0	0	2	5
673.400	0	0	0	0	0	0	0	5	0	0	0	0	0	0	0	0	21	0	15	4	0	0	0	0	0	11	0	5	0	3	0	0	0	0	1	3
673.600	0	0	0	0	0	0	0	6	0	0	0	0	0	0	0	0	15	0	9	1	0	0	2	0	0	16	0	6	0	1	0	0	0	0	0	4
673.800	0	0	0	0	0	0	0	11	0	0	0	0	0	0	0	0	17	0	6	4	0	0	2	0	0	13	0	6	0	2	0	0	0	0	0	2
674.000	0	0	0	0	0	0	0	5	0	0	0	0	0	0	0	0	15	0	4	3	0	0	1	0	0	5	0	6	0	1	0	0	0	0	1	3
674.200	0	0	0	0	0	0	0	4	0	0	0	0	0	0	0	0	13	0	13	1	0	0	1	0	0	12	0	9	0	2	0	0	0	0	0	4
674.400	0	0	0	0	0	0	0	8	0	0	0	0	0	0	0	0	14	0	15	1	0	0	2	0	0	14	0	11	0	4	0	0	0	0	0	3
674.600	0	0	0	0	0	0	0	5	0	0	0	0	0	0	0	0	13	0	11	1	0	0	2	0	0	16	0	7	0	6	0	0	0	0	1	3
674.800	0	0	0	0	0	0	0	9	0	0	0	0	0	0	0	0	17	0	11	1	0	0	2	0	0	11	0	5	0	3	0	0	0	0	0	2
675.000	0	0	0	0	0	0	0	11	0	0	0	0	0	0	0	0	9	1	11	1	0	0	2	0	0	11	0	10	0	2	0	0	0	0	0	3
675.200	0	0	0	0	0	0	0	7	0	0	0	0	0	0	0	0	20	0	11	1	0	0	2	0	0	14	0	7	0	4	0	0	0	0	0	2
675.400	0	0	0	0	0	0	0	7	0	0	0	0	0	0	0	0	17	0	11	2	0	0	2	0	0	9	0	6	0	3	0	0	0	0	1	6
675.600	0	0	0	0	0	0	0	4	2	0	0	0	0	0	0	0	15	0	3	1	0	0	3	0	0	17	0	4	0	5	0	0	0	0	0	3
675.800	0	0	0	0	0	0	0	5	2	0	0	0	0	0	0	0	21	0	12	1	0	0	2	0	0	9	0	6	0	1	0	0	0	0	1	8
676.000	0	0	0	0	0	0	0	13	1	0	0	0	0	0	0	0	19	0	8	1	0	0	3	0	0	17	0	6	0	0	0	0	0	0	1	5
676.200	0	0	0	0	0	0	0	6	0	0	0	0	0	0	0	0	19	0	8	2	0	0	3	0	0	17	0	11	0	1	0	0	0	0	0	4
676.400	0	0	0	0	0	0	0	5	1	0	0	0	0	0	0	0	15	0	13	1	0	0	2	0	0	13	0	4	0	0	0	0	0	0	1	4
676.600	0	0	0	0	0	0	0	6	1	0	0	0	0	0	0	0	19	0	9	3	0	0	2	0	0	11	0	6	0	2	0	0	0	0	0	5
676.800	0	0	0	0	0	0	0	5	0	0	0	0	0	0	0	0	15	0	10	1	0	0	2	0	0	12	0	12	0	5	0	0	0	0	0	4
677.000	0	0	0	0	0	0	0	8	0	0	0	0	0	0	0	0	21	0	11	2	0	0	1	0	0	15	0	9	0	3	0	0	0	0	0	6
677.200	0	0	0	0	0	0	0	6	0	0	0	0	0	0	0	0	20	0	10	1	0	0	2	0	0	14	0	9	0	5	0	0	0	0	0	3
677.400	0	0	0	0	0	0	0	6	0	0	0	0	0	0	0	0	21	0	19	2	0	0	2	0	0	10	0	7	0	7	0	0	0	0	0	3
677.600	0	0	0	0	0	0	0	5	0	0	0	0	0	0	0	0	18	0	12	1	0	0	1	0	0	5	0	6	0	6	0	0	0	0	0	4
677.800	0	0	0	0	0	0	0	6	0	0	0	0	0	0	0	0	18	0	11	1	0	0	0	0	0	3	0	6	0	9	0	0	0	0	0	3
678.000	0	0	0	0	0	0	0	7	0	0	0	0	0	0	0	0	17	0	13	2	0	0	0	0	0	8	0	6	0	5	0	0	0	0	1	6
678.200	0	0	0	0	0	0	0	5	0	0	0	0	0	0	0	0	18	0	13	3	0	0	0	0	0	12	0	6	0	2	0	0	0	0	0	5
678.400	0	0	0	0	0	0	0	9	0	0	0	0	0	0	0	0	16	0	11	2	0	0	2	0	0	18	1	9	0	5	0	0	0	0	0	6
678.600	0	0	0	0	0	0	0	10	0	0	0	0	0	0	0	0	19	0	7	3	0	0	1	0	0	15	1	3	0	5	0	0	0	0	0	3
678.800	0	0	0	0	0	0	0	7	0	0	0	0	0	0	0	0	17	0	9	1	0	0	0	0	0	15	0	7	0	2	0	0	0	0	0	6
679.000	0	0	0	0	0	0	0	9	0	0	0	0	0	0	0	0	16	0	11	1	0	0	0	0	0	18	0	7	0	3	0	0	0	0	1	9
679.200	0	0	0	0	0	0	0	7	0	0	0	0	0	0	0	0	12	0	9	1	0	0	0	0	0	11	1	4	0	1	0	0	0	0	0	4
679.400	0	0	0	0	0	0	0	4	0	0	0	0	0	0	0	0	19	0	7	1	0	0	0	0	0	16	1	6	0	4	0	0	0	0	1	10
679.600	0	0	0	0	0	0	0	7	0	0	0	0	0	0	0	0	13	0	11	1	0	0	0	0	0	15	2	6	0	7	0	0	0	0	0	5
679.800	0	0	0	0	0	0	0	10	0	0	0	0	0	0	0	0	17	0	10	1	0	0	1	0	0	13	2	4	0	2	0	0	0	0	1	5
680.000	0	0	0	0	0	0	0	7	0	0	0	0	0	0	0	0	17	0	10	4	0	0	0	0	0	17	1	2	0	3	0	0	0	0	0	5
680.200	0	0	0	0	0	0	0	7	0	0	0	0	0	0	0	0	19	0	7	1	0	0	0	0	0	16	0	1	0	3	0	0	0	0	0	4
680.400	0	0	0	0	0	0	0	7	0	0	0	0	0	0	0	0	17	0	6	1	0	0	0	0	0	17	0	5	0	4	1	0	0	0	1	6
680.600	0	0	0	0	0	0	0	8	0	0	0	0	0	0	0	0	18	0	8	1	0	0	0	0	0	14	0	5	0	4	0	0	0	0	0	3
680.800	0	0	0	0	0	0	0	7	1	0	0	0	0	0	0	0	22	0	13	1	0	0	0	0	0	15	0	2	0	4	0	0	0	0	0	4
681.000	0	0	0	0	0	0	0	5	0	0	0	0	0	0	0	0	18	0	11	1	0	0	0	0	0	13	0	0	0	1	0	0	0	0	0	5
681.200	0	0	0	0	0	0	0	6	0	0	0	0	0	0	0	0	21	0	13	1	0	0	0	0	0	14	0	0	0	1	0	0	0	0	0	5
681.400	0	0	0	0	0	0	0	5	1	0	0	0	0	0	0	0	16	0	9	1	0	0	0	0	0	13	0	1	0	0	0	0	0	0	0	4
681.600	0	0	0	0	0	0	0	4	0	0	0	0	0	0	0	0	16	0	12	1	0	0	0	0	0	7	0	0	0	1	0	0	0	0	0	7
681.800	0	0	0	0	0	0	0	4	0	0	0	0	0	0	0	0	15	0	11	0	0	0	0	0	0	14	0	0	0	1	0	0	0	0	0	6
682.000	0	0	0	0	0	0	0	4	0	0	0	0	0	0	0	0	16	0	11	3	0	0	0	0	0	19	0	1	0	4	0	0	0	0	0	2
682.200	0	0	0	0	0	0	0	4	0	0	0	0	0	0	0	0	15	0	15	1	0	0	0	0	0	9	0	0	0	6	0	0	0	0	0	3
682.400	0	0	0	0	0	0	0	6	0	0	0	0	0	0	0	0	22	1	12	3	0	0	0	0	0	19	0	1	0	4	0	0	0	0	0	3
682.600	0	0	0	0	0	0	0	4	0	0	0	0	0	0	0	0	20	0	7	2	0	0	0	0	0	18	0	0	0	3	0	0	0	0	1	3
682.800	0	0	0	0	0	0	0	5	0	0	0	0	0	0	0	0	20	0	12	3	0	0	0	0	0	13	0	2	0	4	0	0	0	0	1	4
683.000	0	0	0	0	0	0	0	4	0	0	0	0	0	0	0	0	23	0	13	1	0	0	0	0	0	11	0	1	0	4	0	0	0	0	1	6
683.200	0	0	0	0	0	0	0	5	0	0	0	0	0	0	0	0	22	0	12	4	0	0	0	0	0	12	0	2	0	1	0	0	0	0	0	3
683.400	0	0	0	0	0	0	0	6	0	0	0	0	0	0	0	0	21	0	11	1	0	0	0	0	0	19	0	8	0	4	0	0	0	0	0	4
683.600	0	0	0	0	0	0	0	5	0	0	0	0	0	0	0	0	16	0	8	4	0	0	0	0	0	14	0	3	0	2	0	0	0	0	0	6
683.800	0	0	0	0	0	0	0	6	0	0	0	0	0	0	0	0	17	0	18	2	0	0	0	0	0	15	0	2	0	0	0	0	0	0	1	3
684.000	0	0	0	0	0	0	0	5	0	0	0	0	0	0	0	0	16	0	8	3	0	0	0	0	0	18	0	4	0	2	0	0	0	0	1	3
684.200	0	0	0	0	0	0	0	5	0	0	0	0	0	0	0	0	24	0	6	1	0	0	1	0	0	8	0	2	0	0	0	0	0	0	0	3
684.400	0	0	0	0	0	0	0	5	0	0	0	0	0	0	0	0	21	0	19	3	0	0	2	0	0	16	0	7	0	7	0	0	0	0	0	6
684.600	0	0	0	0	0	0	0	5	0	0	0	0	0	0	0	0	18	0	7	2	0	0	2	0	0	16	0	6	0	3	0	0	0	0	1	6
684.800	0	0	0	0	0	0	0	5	0	0	0	0	0	0	0	0	14	0	7	3	0	0	0	0	0	13	0	7	0	4	1	0	0	0	1	8
685.000	0	0	0	0	0	0	0	5	0	0	0	0	0	0	0	0	16	0	14	3	0	0	0	0	0	10	0	6	0	6	0	0	0	0	1	6
685.200	0	0	0	0	0	0	0	5	0	0	0	0	0	0	0	0	15	0	12	1	0	0	0	0	0	13	0	5	0	1	0	0	0	0	1	3
685.400	0	0	0	0	0	0	0	5	0	0	0	0	0	0	0	0	12	0	10	1	0	0	0	0	0	17	0	9	0	6	0	0	0	0	0	3
685.600	0	0	0	0	0	0	0	6	0	0	0	0	0	0	0	0	16	0	11	4	0	0	0	0	0	17	0	10	0	3	0	0	0	0	1	6
685.800	0	0	0	0	0	0	0	5	0	0	0	0	0	0	0	0	17	0	20	1	0	0	0	0	0	16	0	6	0	2	0	0	0	0	0	1
686.000	0	0	0	0	0	0	0	8	0	0	0	0	0	0	0	0	16	0	10	1	0	0	0	0	0	10	0	10	0	3	0	0	0	0	0	2
686.200	0	0	0	0	0	0	0	8	0	0	0	0	0	0	0	0	14	0	7	1	0	0	0	0	0	16	0	9	0	0	0	0	0	0	0	7
686.400	0	0	0	0	0	0	0	5	0	0	0	0	0	0	0	0	21	0	14	1	0	0	0	0	0	19	0	7	0	0	0	0	0	0	1	7
686.600	0	0	0	0	0	0	0	4	0	0	0	0	0	0	0	0	10	0	13	3	0	0	0	0	0	13	0	7	0	4	0	0	0	0	0	5
686.800	0	0	0	0	0	0	0	6	0	0	0	0	0	0	0	0	17	0	17	1	0	0	0	0	0	16	0	8	0	2	0	0	0	0	0	7
687.000	0	0	0	0	0	0	0	5	0	0	0	0	0	0	0	0	18	0	12	1	0	0	0	0	0	18	0	6	0	2	0	0	0	0	1	3
687.200	0	0	0	0	0	0	0	5	0	0	0	0	0	0	0	0	17	0	14	1	0	0	0	0	0	13	0	6	0	2	1	0	0	0	0	4
687.400	0	0	0	0	0	0	0	7	0	0	0	0	0	0	0	0	16	0	10	1	0	0	1	0	0	18	0	6	0	1	2	0	0	0	0	4
687.600	0	0	0	0	0	0	0	7	0	0	0	0	0	0	0	0	18	0	18	2	0	0	1	0	0	10	0	6	0	1	0	0	0	0	0	3
687.800	0	0	0	0	0	0	0	8	0	0	0	0	0	0	0	0	21	0	9	2	0	0	0	0	0	11	0	10	0	1	0	0	0	0	0	4
688.000	0	0	0	0	0	0	0	9	0	0	0	0	0	0	0	0	16	0	12	3	0	0	2	0	0	12	0	7	0	1	0	0	0	0	0	2
688.200	0	0	0	0	0	0	0	8	0	0	0	0	0	0	0	0	9	0	10	1	0	0	2	0	0	3	0	8	0	3	0	0	0	0	0	3
688.400	0	0	0	0	0	0	0	11	0	0	0	0	0	0	0	0	17	0	14	2	0	0	3	0	0	4	0	7	0	3	0	0	0	0	1	4
688.600	0	0	0	0	0	0	0	11	0	0	0	0	0	0	0	0	18	0	13	3	0	0	2	0	0	4	0	7	0	3	0	0	0	0	1	3
688.800	0	0	0	0	0	0	0	9	0	0	0	0	0	0	0	0	19	0	15	1	0	0	2	0	0	4	1	10	0	2	0	0	0	0	0	3
689.000	0	0	0	0	0	0	0	8	0	0	0	0	0	0	0	0	20	0	14	1	0	0	3	0	0	11	0	12	0	5	0	0	0	0	0	2
689.200	0	0	0	0	0	0	0	5	0	0	0	0	0	0	0	0	19	0	13	1	0	0	2	0	0	10	1	10	0	1	0	0	0	0	0	3
689.400	0	0	0	0	0	0	0	3	0	0	0	0	0	0	0	0	12	0	8	1	0	0	2	0	0	11	0	8	0	2	0	0	0	0	0	3
689.600	0	0	0	0	0	0	0	5	0	0	0	0	0	0	0	0	21	0	12	1	0	0	2	0	0	4	0	9	0	2	0	0	0	0	1	2
689.800	0	0	0	0	0	0	0	4	0	0	0	0	0	0	0	0	22	0	13	4	0	0	3	0	0	3	0	7	0	1	0	0	0	0	1	4
690.000	0	0	0	0	0	0	0	5	0	0	0	0	0	0	0	0	15	0	6	3	0	0	0	0	0	9	0	9	0	5	0	0	0	0	0	5
690.200	0	0	0	0	0	0	0	9	0	0	0	0	0	0	0	0	14	0	6	1	0	0	0	0	0	11	0	8	0	4	0	0	0	0	0	2
690.400	0	0	0	0	0	0	0	11	0	0	0	0	0	0	0	0	15	0	12	1	0	0	2	0	0	19	0	5	0	2	0	0	0	0	0	5
690.600	0	0	0	0	0	0	0	6	0	0	0	0	0	0	0	0	16	0	16	1	0	0	2	0	0	20	0	3	0	1	0	0	0	0	1	5
690.800	0	0	0	0	0	0	0	9	0	0	0	0	0	0	0	0	24	0	13	3	0	0	2	0	0	15	0	7	0	2	0	0	0	0	0	4
691.000	0	0	0	0	0	0	0	6	0	0	0	0	0	0	0	0	18	0	7	0	0	0	1	0	0	15	0	4	0	1	0	0	0	0	0	3
691.200	0	0	0	0	0	0	0	6	0	0	0	0	0	0	0	0	21	0	18	1	0	0	1	0	0	17	0	8	0	3	0	0	0	0	1	2
691.400	0	0	0	0	0	0	0	8	0	0	0	0	0	0	0	0	21	0	13	1	0	0	0	0	0	11	0	8	0	5	0	0	0	0	0	4
691.600	0	0	0	0	0	0	0	7	0	0	0	0	0	0	0	0	15	0	6	1	0	0	0	0	0	20	0	7	0	2	0	0	0	0	1	4
691.800	0	0	0	0	0	0	0	9	0	0	0	0	0	0	0	0	22	1	12	4	0	0	0	0	0	16	0	6	0	4	0	0	0	0	0	7
692.000	0	0	0	0	0	0	0	9	0	0	0	0	0	0	0	0	25	0	13	4	0	0	4	0	0	19	0	7	0	5	0	0	0	0	1	3
692.200	0	0	0	0	0	0	0	9	0	0	0	0	0	0	0	0	17	1	9	3	0	0	2	0	0	14	0	4	0	1	0	0	0	0	0	3
692.400	0	0	0	0	0	0	0	11	0	0	0	0	0	0	0	0	19	2	11	4	0	0	2	0	0	8	0	3	0	2	0	0	0	0	0	4
692.600	0	0	0	0	0	0	0	8	0	0	0	0	0	0	0	0	21	0	14	3	0	0	4	0	0	14	0	6	0	2	0	0	0	0	0	4
692.800	0	0	0	0	0	0	0	9	1	0	0	0	0	0	0	0	20	0	10	1	0	0	2	0	0	12	0	2	0	1	1	0	0	0	0	4
693.000	0	0	0	0	0	0	0	8	1	0	0	0	0	0	0	0	19	0	11	1	0	0	2	0	0	13	0	6	0	4	0	0	0	0	0	7
693.200	0	0	0	0	0	0	0	9	0	0	0	0	0	0	0	0	22	0	12	1	0	0	1	0	0	12	0	7	0	5	0	0	0	0	0	4
693.400	0	0	0	0	0	0	0	5	0	0	0	0	0	0	0	0	17	0	17	1	0	0	2	0	0	17	0	7	0	4	0	0	0	0	0	4
693.600	0	0	0	0	0	0	0	6	0	0	0	0	0	0	0	0	23	0	14	3	0	0	1	0	0	15	0	8	0	3	0	0	0	0	1	9
693.800	0	0	0	0	0	0	0	6	0	0	0	0	0	0	0	0	18	0	11	1	0	0	2	0	0	14	0	7	0	3	0	0	0	0	1	4
694.000	0	0	0	0	0	0	0	12	0	0	0	0	0	0	0	0	19	1	8	4	0	0	2	0	0	13	0	6	0	5	0	0	0	0	0	3
694.200	0	0	0	0	0	0	0	8	0	0	0	0	0	0	0	0	21	0	11	4	0	0	5	0	0	12	0	5	0	1	0	0	0	0	1	2
694.400	0	0	0	0	0	0	0	8	0	0	0	0	0	0	0	0	21	0	14	3	0	0	4	0	0	13	0	5	0	3	1	0	0	0	1	9
694.600	0	0	0	0	0	0	0	6	0	0	0	0	0	0	0	0	16	0	14	4	0	0	2	0	0	16	0	6	0	5	0	0	0	0	1	6
694.800	0	0	0	0	0	0	0	5	0	0	0	0	0	0	0	0	14	0	15	4	0	0	2	0	0	19	0	3	0	4	0	0	0	0	1	5
695.000	0	0	0	0	0	0	0	4	0	0	0	0	0	0	0	0	19	0	11	1	0	0	2	0	0	10	0	7	0	3	0	0	0	0	0	2
695.200	0	0	0	0	0	0	0	5	0	0	0	0	0	0	0	0	15	0	12	1	0	0	2	0	0	8	0	5	0	0	0	0	0	0	1	4
695.400	0	0	0	0	0	0	0	6	0	0	0	0	0	0	0	0	22	0	15	4	0	0	2	0	0	14	0	10	0	4	0	0	0	0	1	6
695.600	0	0	0	0	0	0	0	7	0	0	0	0	0	0	0	0	17	0	14	4	0	0	4	0	0	15	0	2	0	0	0	0	0	0	1	0
695.800	0	0	0	0	0	0	0	5	0	0	0	0	0	0	0	0	16	0	12	3	0	0	2	0	0	12	0	4	0	3	0	0	0	0	0	3
696.000	0	0	0	0	0	0	0	6	0	0	0	0	0	0	0	0	23	0	15	1	0	0	3	0	0	10	0	4	0	3	0	0	0	0	1	7
696.200	0	0	0	0	0	0	0	6	0	0	0	0	0	0	0	0	16	0	10	2	0	0	2	0	0	17	0	4	0	7	0	0	0	0	1	2
696.400	0	0	0	0	0	0	0	5	0	0	0	0	0	0	0	0	17	0	11	1	0	0	2	0	0	12	0	2	0	0	0	0	0	0	0	5
696.600	0	0	0	0	0	0	0	3	0	0	0	0	0	0	0	0	18	0	12	1	0	0	2	0	0	13	0	5	0	3	0	0	0	0	1	3
696.800	0	0	0	0	0	0	0	6	0	0	0	0	0	0	0	0	21	0	11	1	0	0	1	0	0	10	0	9	0	3	0	0	0	0	0	2
697.000	0	0	0	0	0	0	0	4	0	0	0	0	0	0	0	0	17	0	10	3	0	0	2	0	0	15	0	4	0	3	0	0	0	0	0	5
697.200	0	0	0	0	0	0	0	6	0	0	0	0	0	0	0	0	22	0	15	3	0	0	1	0	0	18	0	10	0	4	0	0	0	0	1	5
697.400	0	0	0	0	0	0	0	6	0	0	0	0	0	0	0	0	22	0	11	1	0	0	2	0	0	17	0	6	0	6	0	0	0	0	0	4
697.600	0	0	0	0	0	0	0	5	0	0	0	0	0	0	0	0	16	0	17	1	0	0	0	0	0	18	0	5	0	1	0	0	0	0	1	6
697.800	0	0	0	0	0	0	0	6	0	0	0	0	0	0	0	0	18	0	13	3	0	0	2	0	0	10	0	3	0	1	0	0	0	0	0	6
698.000	0	0	0	0	0	0	0	3	0	0	0	0	0	0	0	0	25	0	12	3	0	0	0	0	0	11	0	6	0	1	0	0	0	0	1	8
698.200	0	0	0	0	0	0	0	5	0	0	0	0	0	0	0	0	20	0	15	4	0	0	2	0	0	12	0	6	0	1	0	0	0	0	0	3
698.400	0	0	0	0	0	0	0	6	0	0	0	0	0	0	0	0	21	0	17	4	0	0	1	0	0	12	0	8	0	2	2	0	0	0	1	8
698.600	0	0	0	0	0	0	0	3	0	0	0	0	0	0	0	0	23	0	12	4	0	0	0	0	0	10	0	6	0	2	0	0	0	0	1	2
698.800	0	0	0	0	0	0	0	5	0	0	0	0	0	0	0	0	16	0	9	4	0	0	0	0	0	12	0	6	0	5	0	0	0	0	0	9
699.000	0	0	0	0	0	0	0	6	0	0	0	0	0	0	0	0	10	0	7	1	0	0	0	0	0	12	0	8	0	2	0	0	0	0	1	6
699.200	0	0	0	0	0	0	0	8	0	0	0	0	0	0	0	0	18	0	13	1	0	0	2	0	0	7	0	6	0	7	0	0	0	0	0	6
699.400	0	0	0	0	0	0	0	12	0	0	0	0	0	0	0	0	24	0	16	2	0	0	2	0	0	8	0	9	0	3	0	0	0	0	2	6
699.600	0	0	0	0	0	0	0	7	0	0	0	0	0	0	0	0	20	0	15	3	0	0	2	0	0	8	0	8	0	2	2	0	0	0	0	3
699.800	0	0	0	0	0	0	0	11	0	0	0	0	0	0	0	0	18	0	14	4	0	0	2	0	0	7	0	7	0	4	1	0	0	0	0	2
700.000	0	0	0	0	0	0	0	10	0	0	0	0	0	0	0	0	21	0	19	4	0	0	0	0	0	11	0	5	0	2	0	0	0	0	0	6
700.200	0	0	0	0	0	0	0	8	0	0	0	0	0	0	0	0	18	0	16	1	0	0	0	0	0	8	0	9	0	4	0	0	0	0	0	2
700.400	0	0	0	0	0	0	0	5	0	0	0	0	0	0	0	0	15	0	15	2	0	0	2	0	0	14	0	6	0	3	0	0	0	0	1	2
700.600	0	0	0	0	0	0	0	4	0	0	0	0	0	0	0	0	19	0	17	4	0	0	2	0	0	11	0	6	0	3	0	0	0	0	1	3
700.800	0	0	0	0	0	0	0	6	0	0	0	0	0	0	0	0	18	0	12	1	0	0	3	0	0	13	0	7	0	5	0	0	0	0	0	4
701.000	0	0	0	0	0	0	0	6	0	0	0	0	0	0	0	0	15	0	19	1	0	0	2	0	0	12	0	6	0	2	0	0	0	0	0	5
701.200	0	0	0	0	0	0	0	5	0	0	0	0	0	0	0	0	15	0	14	1	0	0	3	0	0	13	0	3	0	4	0	0	0	0	1	3
701.400	0	0	0	0	0	0	0	5	0	0	0	0	0	0	0	0	18	0	14	3	0	0	2	0	0	11	0	6	0	5	0	0	0	0	0	4
701.600	0	0	0	0	0	0	0	4	0	0	0	0	0	0	0	0	19	0	12	2	0	0	2	0	0	10	0	3	0	4	0	0	0	0	1	5
701.800	0	0	0	0	0	0	0	6	0	0	0	0	0	0	0	0	19	0	13	3	0	0	2	0	0	12	0	4	0	2	0	0	0	0	1	3
702.000	0	0	0	0	0	0	0	8	0	0	0	0	0	0	0	0	18	0	10	4	0	0	1	0	0	14	0	3	0	5	0	0	0	0	1	5
702.200	0	0	0	0	0	0	0	8	0	0	0	0	0	0	0	0	19	0	12	4	0	0	2	0	0	10	0	6	0	5	0	0	0	0	0	2
702.400	0	0	0	0	0	0	0	5	0	0	0	0	0	0	0	0	19	0	16	2	0	0	0	0	0	14	0	6	0	3	0	0	0	0	0	7
702.600	0	0	0	0	0	0	0	7	0	0	0	0	0	0	0	0	23	0	12	1	0	0	0	0	0	12	0	4	0	1	0	0	0	0	0	6
702.800	0	0	0	0	0	0	0	6	0	0	0	0	0	0	0	0	13	0	17	4	0	0	2	0	0	10	0	7	0	1	0	0	0	0	0	3
703.000	0	0	0	0	0	0	0	5	0	0	0	0	0	0	0	0	17	0	16	2	0	0	2	0	0	12	0	4	0	3	0	0	0	0	0	2
703.200	0	0	0	0	0	0	0	6	0	0	0	0	0	0	0	0	14	0	12	2	0	0	2	0	0	6	0	5	0	1	0	0	0	0	0	3
703.400	0	0	0	0	0	0	0	4	0	0	0	0	0	0	0	0	22	0	15	1	0	0	2	0	0	9	0	5	0	1	0	0	0	0	1	5
703.600	0	0	0	0	0	0	0	7	0	0	0	0	0	0	0	0	22	0	9	3	0	0	2	0	0	7	0	5	0	1	0	0	0	0	1	3
703.800	0	0	0	0	0	0	0	5	0	0	0	0	0	0	0	0	21	0	12	2	0	0	1	0	0	13	0	8	0	2	0	0	0	0	0	4
704.000	0	0	0	0	0	0	0	5	0	0	0	0	0	0	0	0	19	0	13	4	0	0	2	0	0	13	0	7	0	5	0	0	0	0	1	3
704.200	0	0	0	0	0	0	0	9	0	0	0	0	0	0	0	0	21	0	14	4	0	0	1	0	0	11	0	5	0	3	0	0	0	0	0	2
704.400	0	0	0	0	0	0	0	6	0	0	0	0	0	0	0	0	20	0	16	3	0	0	2	0	0	9	0	6	0	4	1	0	0	0	0	4
704.600	0	0	0	0	0	0	0	10	0	0	0	0	0	0	0	0	16	0	9	2	0	0	2	0	0	12	0	5	0	4	0	0	0	0	1	2
704.800	0	0	0	0	0	0	0	9	0	0	0	0	0	0	0	0	18	0	7	3	0	0	2	0	0	12	0	9	0	3	0	0	0	0	1	5
705.000	0	0	0	0	0	0	0	8	0	0	0	0	0	0	0	0	22	0	13	2	0	0	2	0	0	16	0	5	0	5	0	0	0	0	1	5
705.200	0	0	0	0	0	0	0	5	0	0	0	0	0	0	0	0	21	0	13	1	0	0	0	0	0	10	0	6	0	7	0	0	0	0	1	3
705.400	0	0	0	0	0	0	0	7	0	0	0	0	0	0	0	0	24	0	11	4	0	0	0	0	0	12	0	10	0	1	0	0	0	0	1	5
705.600	0	0	0	0	0	0	0	8	0	0	0	0	0	0	0	0	23	0	15	1	0	0	2	0	0	8	0	6	0	5	0	0	0	0	0	5
705.800	0	0	0	0	0	0	0	10	0	0	0	0	0	0	0	0	19	0	15	2	0	0	1	0	0	15	0	10	0	3	0	0	0	0	0	8
706.000	0	0	0	0	0	0	0	9	0	0	0	0	0	0	0	0	19	0	12	1	0	0	2	0	0	16	0	5	0	1	0	0	0	0	1	2
706.200	0	0	0	0	0	0	0	9	0	0	0	0	0	0	0	0	24	0	16	1	0	0	2	0	0	13	0	9	0	5	0	0	0	0	0	3
706.400	0	0	0	0	0	0	0	13	0	0	0	0	0	0	0	0	24	0	12	1	0	0	2	0	0	11	0	9	0	5	0	0	0	0	0	2
706.600	0	0	0	0	0	0	0	10	0	0	0	0	0	0	0	0	17	0	14	3	0	0	2	0	0	12	0	8	0	3	0	0	0	0	0	4
706.800	0	0	0	0	0	0	0	7	0	0	0	0	0	0	0	0	19	0	13	2	0	0	2	0	0	15	0	1	0	2	0	0	0	0	1	6
707.000	0	0	0	0	0	0	0	9	0	0	0	0	0	0	0	0	17	0	11	1	0	0	2	0	0	12	0	4	0	8	0	0	0	0	1	2
707.200	0	0	0	0	0	0	0	9	0	0	0	0	0	0	0	0	17	0	12	2	0	0	2	0	0	9	0	6	0	4	0	0	0	0	1	3
707.400	0	0	0	0	0	0	0	5	0	0	0	0	0	0	0	0	20	0	7	1	0	0	2	0	0	12	0	7	0	6	0	0	0	0	1	6
707.600	0	0	0	0	0	0	0	11	0	0	0	0	0	0	0	0	21	0	12	2	0	0	2	0	0	13	0	7	0	4	0	0	0	0	2	7
707.800	0	0	0	0	0	0	0	6	0	0	0	0	0	0	0	0	19	0	8	4	0	0	2	0	0	8	0	1	0	1	0	0	0	0	1	6
708.000	0	0	0	0	0	0	0	4	0	0	0	0	0	0	0	0	17	0	12	2	0	0	2	0	0	17	0	6	0	1	0	0	0	0	1	4
708.200	0	0	0	0	0	0	0	6	0	0	0	0	0	0	0	0	21	0	15	2	0	0	2	0	0	7	0	6	0	6	0	0	0	0	0	5
708.400	0	0	0	0	0	0	0	6	0	0	0	0	0	0	0	0	13	1	13	1	0	0	2	0	0	17	0	6	0	5	0	0	0	0	0	1
708.600	0	0	0	0	0	0	0	3	0	0	0	0	0	0	0	0	20	0	15	1	0	0	2	0	0	19	0	7	0	2	0	0	0	0	1	4
708.800	0	0	0	0	0	0	0	2	0	0	0	0	0	0	0	0	18	0	12	4	0	0	2	0	0	11	0	6	0	4	0	0	0	0	1	7
709.000	0	0	0	0	0	0	0	6	0	0	0	0	0	0	0	0	18	0	12	3	0	0	2	0	0	19	0	7	0	4	0	0	0	0	0	5
709.200	0	0	0	0	0	0	0	6	0	0	0	0	0	0	0	0	20	0	15	4	0	0	2	0	0	9	0	4	0	4	0	0	0	0	1	15
709.400	0	0	0	0	0	0	0	7	0	0	0	0	0	0	0	0	14	0	12	2	0	0	2	0	0	14	0	1	0	3	0	0	0	0	1	5
709.600	0	0	0	0	0	0	0	5	0	0	0	0	0	0	0	0	14	1	7	1	0	0	2	0	0	13	0	6	0	7	0	0	0	0	0	6
709.800	0	0	0	0	0	0	0	8	0	0	0	0	0	0	0	0	16	1	11	1	0	0	2	0	0	11	0	8	0	2	0	0	0	0	1	8
710.000	0	0	0	0	0	0	0	9	0	0	0	0	0	0	0	0	16	1	11	2	0	0	2	0	0	14	0	7	0	4	0	0	0	0	0	2
710.200	0	0	0	0	0	0	0	6	0	0	0	0	0	0	0	0	19	1	13	2	0	0	2	0	0	12	1	7	0	1	0	0	0	0	1	5
710.400	0	0	0	0	0	0	0	4	0	0	0	0	0	0	0	0	20	1	6	4	0	0	2	0	0	12	0	7	0	3	0	0	0	0	1	6
710.600	0	0	0	0	0	0	0	9	0	0	0	0	0	0	0	0	19	0	6	2	0	0	2	0	0	19	0	7	0	5	0	0	0	0	0	2
710.800	0	0	0	0	0	0	0	5	0	0	0	0	0	0	0	0	16	0	8	4	0	0	3	0	0	17	0	11	0	1	0	0	0	0	1	3
711.000	0	0	0	0	0	0	0	6	0	0	0	0	0	0	0	0	22	0	11	3	0	0	3	0	0	12	0	9	0	1	0	0	0	0	1	19
711.200	0	0	0	0	0	0	0	6	0	0	0	0	0	0	0	0	16	0	9	1	0	0	2	0	0	14	0	4	0	2	0	0	0	0	1	10
711.400	0	0	0	0	0	0	0	5	0	0	0	0	0	0	0	0	14	0	11	2	0	0	3	0	0	10	0	6	0	4	0	0	0	0	0	15
711.600	0	0	0	0	0	0	0	5	0	0	0	0	0	0	0	0	19	0	10	1	0	0	2	0	0	13	0	9	0	6	0	0	0	0	1	13
711.800	0	0	0	0	0	0	0	6	0	0	0	0	0	0	0	0	17	0	14	4	0	0	2	0	0	10	0	9	0	3	0	0	0	0	0	16
712.000	0	0	0	0	0	0	0	7	0	0	0	0	0	0	0	0	17	0	14	3	0	0	1	0	0	15	0	6	0	1	0	0	0	0	1	19
712.200	0	0	0	0	0	0	0	7	0	0	0	0	0	0	0	0	20	1	10	1	0	0	2	0	0	12	0	8	0	5	0	0	0	0	1	10
712.400	0	0	0	0	0	0	0	11	0	0	0	0	0	0	0	0	20	0	11	3	0	0	1	0	0	12	0	7	0	2	0	0	0	0	0	9
712.600	0	0	0	0	0	0	0	6	0	0	0	0	0	0	0	0	20	0	13	2	0	0	2	0	0	11	0	5	0	6	0	0	0	0	0	9
712.800	0	0	0	0	0	0	0	3	0	0	0	0	0	0	0	0	20	0	14	3	0	0	3	0	0	12	0	11	0	2	0	0	0	0	0	13
713.000	0	0	0	0	0	0	0	3	0	0	0	0	0	0	0	0	22	0	8	4	0	0	2	0	0	13	0	6	0	1	0	0	0	0	1	16
713.200	0	0	0	0	0	0	0	3	0	0	0	0	0	0	0	0	20	0	7	3	0	0	2	0	0	10	0	7	0	2	0	0	0	0	1	22
713.400	0	0	0	0	0	0	0	4	0	0	0	0	0	0	0	0	18	0	11	2	0	0	2	0	0	16	0	7	0	2	0	0	0	0	1	15
713.600	0	0	0	0	0	0	0	6	0	0	0	0	0	0	0	0	15	0	11	3	0	0	2	0	0	13	0	7	0	5	0	0	0	0	0	20
713.800	0	0	0	0	0	0	0	7	0	0	0	0	0	0	0	0	20	0	10	4	0	0	2	0	0	10	0	2	0	2	0	0	0	0	1	12
714.000	0	0	0	0	0	0	0	5	0	0	0	0	0	0	0	0	15	0	4	4	0	0	2	0	0	15	0	3	0	2	0	0	0	0	0	13
714.200	0	0	0	0	0	0	0	6	0	0	0	0	0	0	0	0	21	0	17	1	0	0	2	0	0	7	0	9	0	4	0	0	0	0	1	14
714.400	0	0	0	0	0	0	0	4	0	0	0	0	0	0	0	0	21	0	14	3	0	0	2	0	0	15	0	6	0	6	0	0	0	0	1	16
714.600	0	0	0	0	0	0	0	4	0	0	0	0	0	0	0	0	20	0	10	4	0	0	2	0	0	15	0	6	0	3	0	0	0	0	1	14
714.800	0	0	0	0	0	0	0	5	0	0	0	0	0	0	0	0	21	0	11	1	0	0	2	0	0	16	0	6	0	2	0	0	0	0	0	11
715.000	0	0	0	0	0	0	0	6	0	0	0	0	0	0	0	0	14	0	15	2	0	0	2	0	0	9	0	10	0	4	0	0	0	0	1	20
715.200	0	0	0	0	0	0	0	5	0	0	0	0	0	0	0	0	15	0	11	4	0	0	2	0	0	11	0	8	0	3	0	0	0	0	0	15
715.400	0	0	0	0	0	0	0	5	0	0	0	0	0	0	0	0	17	0	7	3	0	0	1	0	0	16	0	5	0	2	0	0	0	0	1	16
715.600	0	0	0	0	0	0	0	6	0	0	0	0	0	0	0	0	13	0	8	3	0	0	2	0	0	16	0	1	0	0	0	0	0	0	1	15
715.800	0	0	0	0	0	0	0	5	0	0	0	0	0	0	0	0	18	0	15	1	0	0	2	0	0	13	0	6	0	5	0	0	0	0	1	9
716.000	0	0	0	0	0	0	0	4	0	0	0	0	0	0	0	0	23	0	7	1	0	0	2	0	0	12	0	6	0	3	0	0	0	0	0	17
716.200	0	0	0	0	0	0	0	5	0	0	0	0	0	0	0	0	21	0	9	1	0	0	2	0	0	13	0	4	0	1	0	0	0	0	1	16
716.400	0	0	0	0	0	0	0	4	2	0	0	0	0	0	0	0	19	0	13	2	0	0	2	0	0	8	0	6	0	1	0	0	0	0	0	19
716.600	0	0	0	0	0	0	0	5	2	0	0	0	0	0	0	0	9	0	7	1	0	0	1	0	0	11	0	4	0	2	0	0	0	0	0	13
716.800	0	0	0	0	0	0	0	4	0	0	0	0	0	0	0	0	13	0	10	2	0	0	2	0	0	12	0	10	0	7	0	0	0	0	1	17
717.000	0	0	0	0	0	0	0	6	0	0	0	0	0	0	0	0	21	0	12	4	0	0	2	0	0	10	0	7	0	2	0	0	0	0	1	15
717.200	0	0	0	0	0	0	0	5	1	0	0	0	0	0	0	0	19	0	16	2	0	0	2	0	0	9	0	6	0	6	1	0	0	0	1	14
717.400	0	0	0	0	0	0	0	5	0	0	0	0	0	0	0	0	18	0	13	3	0	0	2	0	0	11	0	4	0	3	0	0	0	0	0	16
717.600	0	0	0	0	0	0	0	4	0	0	0	0	0	0	0	0	17	0	15	2	0	0	2	0	0	16	0	9	0	4	0	0	0	0	1	11
717.800	0	0	0	0	0	0	0	6	0	0	0	0	0	0	0	0	17	0	15	1	0	0	2	0	0	19	0	10	0	3	0	0	0	0	1	11
718.000	0	0	0	0	0	0	0	9	0	0	0	0	0	0	0	0	21	0	16	2	0	0	2	0	0	11	0	9	0	2	0	0	0	0	1	15
718.200	0	0	0	0	0	0	0	9	0	0	0	0	0	0	0	0	22	0	12	3	0	0	1	0	0	20	0	10	0	5	0	0	0	0	1	17
718.400	0	0	0	0	0	0	0	5	0	0	0	0	0	0	0	0	15	0	12	4	0	0	1	0	0	17	0	9	0	4	0	0	0	0	0	6
718.600	0	0	0	0	0	0	0	5	0	0	0	0	0	0	0	0	24	0	12	2	0	0	1	0	0	14	0	7	0	1	0	0	0	0	1	16
718.800	0	0	0	0	0	0	0	5	5	0	0	0	0	0	0	0	15	0	15	1	0	0	2	0	0	12	0	9	0	5	0	0	0	0	1	8
719.000	0	0	0	0	0	0	0	5	0	0	0	0	0	0	0	0	16	0	10	4	0	0	3	0	0	17	0	6	0	1	0	0	0	0	0	8
719.200	0	0	0	0	0	0	0	6	4	0	0	0	0	0	0	0	19	0	11	1	0	0	2	0	0	12	0	7	0	3	0	0	0	0	0	14
719.400	0	0	0	0	0	0	0	5	2	0	0	0	0	0	0	0	17	0	11	1	0	0	1	0	0	12	0	7	0	1	0	0	0	0	0	16
719.600	0	0	0	0	0	0	0	6	2	0	0	0	0	0	0	0	14	0	15	1	0	0	2	0	0	17	0	6	0	3	0	0	0	0	0	16
719.800	0	0	0	0	0	0	0	6	5	0	0	0	0	0	0	0	12	0	11	1	0	0	2	0	0	20	0	6	0	2	0	0	0	0	2	20
720.000	0	0	0	0	0	0	0	6	2	0	0	0	0	0	0	0	17	0	13	1	0	0	2	0	0	13	0	5	0	1	0	0	0	0	1	15
720.200	0	0	0	0	0	0	0	5	3	0	0	0	0	0	0	0	14	0	7	4	0	0	1	0	0	12	0	4	0	1	0	0	0	0	2	19
720.400	0	0	0	0	0	0	0	9	3	0	0	0	0	0	0	0	16	0	6	1	0	0	2	0	0	14	0	5	0	2	0	0	0	0	2	18
720.600	0	0	0	0	0	0	0	5	3	0	0	0	0	0	0	0	13	0	10	4	0	0	2	0	0	10	0	6	0	1	0	0	0	0	0	13
720.800	0	0	0	0	0	0	0	5	1	0	0	0	0	0	0	0	19	0	7	2	0	0	0	0	0	15	0	9	0	1	0	0	0	0	1	14
721.000	0	0	0	0	0	0	0	9	4	0	0	0	0	0	0	0	18	0	10	4	0	0	0	0	0	17	0	6	0	1	1	0	0	0	1	15
721.200	0	0	0	0	0	0	0	9	1	0	0	0	0	0	0	0	19	0	12	4	0	0	0	0	0	15	0	5	0	3	0	0	0	0	0	12
721.400	0	0	0	0	0	0	0	8	0	0	0	0	0	0	0	0	15	0	11	3	0	0	0	0	0	16	0	7	0	1	0	0	0	0	1	11
721.600	0	0	0	0	0	0	0	14	0	0	0	0	0	0	0	0	23	0	9	3	0	0	0	0	0	9	0	5	0	1	0	0	0	0	1	16
721.800	0	0	0	0	0	0	0	6	1	0	0	0	0	0	0	0	20	0	10	3	0	0	2	0	0	14	0	4	0	1	0	0	0	0	1	11
722.000	0	0	0	0	0	0	0	6	1	0	0	0	0	0	0	0	20	0	4	2	0	0	0	0	0	13	0	3	0	0	1	0	0	0	1	12
722.200	0	0	0	0	0	0	0	5	0	0	0	0	0	0	0	0	18	0	1	4	0	0	0	0	0	12	0	6	0	2	0	0	0	0	1	17
722.400	0	0	0	0	0	0	0	8	0	0	0	0	0	0	0	0	22	0	11	5	0	0	0	0	0	9	0	7	0	2	0	0	0	0	1	15
722.600	0	0	0	0	0	0	0	6	0	0	0	0	0	0	0	0	19	0	11	5	0	0	0	0	0	9	0	7	0	1	0	0	0	0	1	23
722.800	0	0	0	0	0	0	0	6	0	0	0	0	0	0	0	0	25	0	7	5	0	0	0	0	0	13	0	5	0	3	0	0	0	0	0	9
723.000	0	0	0	0	0	0	0	9	0	0	0	0	0	0	0	0	16	0	15	4	0	0	2	0	0	15	0	6	0	4	0	0	0	0	0	11
723.200	0	0	0	0	0	0	0	9	0	0	0	0	0	0	0	0	23	0	13	2	0	0	3	0	0	9	0	5	0	6	0	0	0	0	0	17
723.400	0	0	0	0	0	0	0	6	0	0	0	0	0	0	0	0	21	0	14	4	0	0	2	0	0	16	0	4	0	1	0	0	0	0	0	18
723.600	0	0	0	0	0	0	0	5	0	0	0	0	0	0	0	0	19	0	8	4	0	0	2	0	0	17	0	5	0	6	0	0	0	0	0	18
723.800	0	0	0	0	0	0	0	6	0	0	0	0	0	0	0	0	23	0	10	4	0	0	2	0	0	6	0	8	0	5	0	0	0	0	1	20
724.000	0	0	0	0	0	0	0	8	0	0	0	0	0	0	0	0	25	0	16	3	0	0	2	0	0	9	0	7	0	1	1	0	0	0	0	18
724.200	0	0	0	0	0	0	0	6	0	0	0	0	0	0	0	0	25	0	14	4	0	0	2	0	0	9	0	3	0	2	0	0	0	0	0	14
724.400	0	0	0	0	0	0	0	6	0	0	0	0	0	0	0	0	22	0	16	1	0	0	2	0	0	9	0	4	0	5	1	0	0	0	0	13
724.600	0	0	0	0	0	0	0	10	0	0	0	0	0	0	0	0	25	0	12	1	0	0	2	0	0	10	0	6	0	5	0	0	0	0	0	14
724.800	0	0	0	0	0	0	0	6	0	0	0	0	0	0	0	0	16	2	15	1	0	0	2	0	0	13	0	5	0	4	2	0	0	0	0	12
725.000	0	0	0	0	0	0	0	6	0	0	0	0	0	0	0	0	22	0	18	2	0	0	2	0	0	10	0	5	0	7	0	0	0	0	0	7
725.200	0	0	0	0	0	0	0	4	0	0	0	0	0	0	0	0	17	0	17	3	0	0	2	0	0	11	0	4	0	7	3	0	0	0	0	19
725.400	0	0	0	0	0	0	0	7	0	0	0	0	0	0	0	0	23	0	16	4	0	0	2	0	0	9	0	6	0	7	4	0	0	0	0	12
725.600	0	0	0	0	0	0	0	6	0	0	0	0	0	0	0	0	21	0	17	4	0	0	2	0	0	10	0	5	0	7	0	0	0	0	0	18
725.800	0	0	0	0	0	0	0	4	0	0	0	0	0	0	0	0	19	0	14	3	0	0	2	0	0	8	0	4	0	7	1	0	0	0	0	13
726.000	0	0	0	0	0	0	0	7	0	0	0	0	0	0	0	0	14	0	12	3	0	0	2	0	0	20	0	0	0	4	0	0	0	0	0	15
726.200	0	0	0	0	0	0	0	9	0	0	0	0	0	0	0	0	16	0	13	1	0	0	2	0	0	12	0	4	0	5	0	0	0	0	0	13
726.400	0	0	0	0	0	0	0	7	0	0	0	0	0	0	0	0	7	0	14	1	0	0	2	0	0	19	0	6	0	4	1	0	0	0	0	17
726.600	0	0	0	0	0	0	0	10	0	0	0	0	0	0	0	0	14	0	12	1	0	0	0	0	0	15	0	8	0	5	0	0	0	0	0	14
726.800	0	0	0	0	0	0	0	10	0	0	0	0	0	0	0	0	16	0	10	1	0	0	0	0	0	14	0	6	0	2	0	0	0	0	0	16
727.000	0	0	0	0	0	0	0	10	0	0	0	0	0	0	0	0	17	0	12	1	0	0	0	0	0	14	0	0	0	1	0	0	0	0	0	12
727.200	0	0	0	0	0	0	0	6	1	0	0	0	0	0	0	0	13	0	11	1	0	0	1	0	0	14	0	4	0	6	0	0	0	0	0	8
727.400	0	0	0	0	0	0	0	6	0	0	0	0	0	0	0	0	15	0	10	1	0	0	0	0	0	6	0	3	0	3	0	0	0	0	0	9
727.600	0	0	0	0	0	0	0	4	0	0	0	0	0	0	0	0	19	0	13	1	0	0	2	0	0	18	0	2	0	1	0	0	0	0	0	11
727.800	0	0	0	0	0	0	0	6	0	0	0	0	0	0	0	0	16	0	17	5	0	0	3	0	0	8	0	4	0	6	0	0	0	0	0	8
728.000	0	0	0	0	0	0	0	5	0	0	0	0	0	0	0	0	24	0	9	3	0	0	2	0	0	9	0	6	0	6	0	0	0	0	0	7
728.200	0	0	0	0	0	0	0	4	0	0	0	0	0	0	0	0	20	0	11	2	0	0	2	0	0	14	0	7	0	1	0	0	0	0	0	4
728.400	0	0	0	0	0	0	0	5	0	0	0	0	0	0	0	0	16	0	7	1	0	0	2	0	0	5	0	8	0	2	0	0	0	0	0	4
728.600	0	0	0	0	0	0	0	11	0	0	0	0	0	0	0	0	17	0	9	2	0	0	2	0	0	11	0	3	0	7	0	0	0	0	0	9
728.800	0	0	0	0	0	0	0	5	0	0	0	0	0	0	0	0	20	0	12	1	0	0	2	0	0	13	0	5	0	9	0	0	0	0	0	6
729.000	0	0	0	0	0	0	0	5	0	0	0	0	0	0	0	0	17	0	17	3	0	0	2	0	0	10	0	2	0	2	0	0	0	0	0	5
729.200	0	0	0	0	0	0	0	6	0	0	0	0	0	0	0	0	20	0	12	3	0	0	2	0	0	10	0	1	0	5	0	0	0	0	0	5
729.400	0	0	0	0	0	0	0	6	1	0	0	0	0	0	0	0	20	0	16	2	0	0	2	0	0	11	0	1	0	5	0	0	0	0	0	5
729.600	0	0	0	0	0	0	0	6	0	0	0	0	0	0	0	0	16	0	15	1	0	0	2	0	0	8	0	2	0	8	0	0	0	0	0	5
729.800	0	0	0	0	0	0	0	7	0	0	0	0	0	0	0	0	22	0	14	2	0	0	2	0	0	6	0	1	0	5	0	0	0	0	0	6
730.000	0	0	0	0	0	0	0	5	0	0	0	0	0	0	0	0	23	0	13	4	0	0	2	0	0	9	0	3	0	6	0	0	0	0	0	8
730.200	0	0	0	0	0	0	0	5	0	0	0	0	0	0	0	0	19	0	10	3	0	0	2	0	0	8	0	3	0	7	0	0	0	0	0	4
730.400	0	0	0	0	0	0	0	7	1	0	0	0	0	0	0	0	25	0	12	1	0	0	2	0	0	8	0	4	0	4	0	0	0	0	0	13
730.600	0	0	0	0	0	0	0	5	0	0	0	0	0	0	0	0	18	0	14	1	0	0	2	0	0	7	0	2	0	4	0	0	0	0	0	11
730.800	0	0	0	0	0	0	0	4	0	0	0	0	0	0	0	0	20	0	18	1	0	0	2	0	0	8	0	1	0	4	0	0	0	0	0	10
731.000	0	0	0	0	0	0	0	5	0	0	0	0	0	0	0	0	15	0	12	2	0	0	2	0	0	13	0	1	0	7	0	0	0	0	0	7
731.200	0	0	0	0	0	0	0	5	0	0	0	0	0	0	0	0	18	0	9	1	0	0	2	0	0	11	0	0	0	3	0	0	0	0	0	9
731.400	0	0	0	0	0	0	0	6	0	0	0	0	0	0	0	0	9	0	10	1	0	0	2	0	0	5	0	2	0	8	0	0	0	0	0	10
731.600	0	0	0	0	0	0	0	3	0	0	0	0	0	0	0	0	21	0	10	2	0	0	2	0	0	7	0	7	0	7	0	0	0	0	0	6
731.800	0	0	0	0	0	0	0	2	0	0	0	0	0	0	0	0	18	0	9	2	0	0	3	0	0	13	0	4	0	6	0	0	0	0	0	5
732.000	0	0	0	0	0	0	0	5	0	0	0	0	0	0	0	0	10	0	14	2	0	0	2	0	0	12	0	4	0	4	0	0	0	0	1	9
732.200	0	0	0	0	0	0	0	5	1	0	0	0	0	0	0	0	17	0	9	1	0	0	3	0	0	6	0	6	0	5	0	0	0	0	0	10
732.400	0	0	0	0	0	0	0	5	0	0	0	0	0	0	0	0	18	0	11	1	0	0	2	0	0	7	0	3	0	4	0	0	0	0	0	6
732.600	0	0	0	0	0	0	0	4	0	0	0	0	0	0	0	0	17	0	16	2	0	0	3	0	0	7	0	2	0	5	0	0	0	0	0	6
732.800	0	0	0	0	0	0	0	4	1	0	0	0	0	0	0	0	14	0	10	1	0	0	2	0	0	8	0	2	0	2	0	0	0	0	0	4
733.000	0	0	0	0	0	0	0	5	0	0	0	0	0	0	0	0	20	0	12	2	0	0	1	0	0	6	0	3	0	7	0	0	0	0	0	8
733.200	0	0	0	0	0	0	0	5	0	0	0	0	0	0	0	0	23	0	15	2	0	0	2	0	0	5	0	2	0	1	0	0	0	0	0	6
733.400	0	0	0	0	0	0	0	4	0	0	0	0	0	0	0	0	19	0	11	1	0	0	0	0	0	8	0	2	0	7	0	0	0	0	0	7
733.600	0	0	0	0	0	0	0	6	0	0	0	0	0	0	0	0	18	0	10	1	0	0	2	0	0	8	0	0	0	4	0	0	0	0	0	14
733.800	0	0	0	0	0	0	0	6	0	0	0	0	0	0	0	0	18	0	16	2	0	0	0	0	0	8	0	1	0	6	0	0	0	0	0	14
734.000	0	0	0	0	0	0	0	5	0	0	0	0	0	0	0	0	21	0	13	3	0	0	0	0	0	6	0	0	0	5	0	0	0	0	0	17
734.200	0	0	0	0	0	0	0	5	0	0	0	0	0	0	0	0	15	0	8	1	0	0	0	0	0	8	0	2	0	3	0	0	0	0	1	18
734.400	0	0	0	0	0	0	0	5	0	0	0	0	0	0	0	0	14	0	7	4	0	0	0	0	0	12	0	0	0	5	0	0	0	0	0	16
734.600	0	0	0	0	0	0	0	6	0	0	0	0	0	0	0	0	18	0	12	2	0	0	1	0	0	15	0	0	0	1	0	0	0	0	0	16
734.800	0	0	0	0	0	0	0	5	0	0	0	0	0	0	0	0	18	0	11	1	0	0	2	0	0	6	0	2	0	2	0	0	0	0	0	14
735.000	0	0	0	0	0	0	0	6	0	0	0	0	0	0	0	0	19	0	11	3	0	0	0	0	0	18	0	0	0	7	0	0	0	0	0	16
735.200	0	0	0	0	0	0	0	5	1	0	0	0	0	0	0	0	17	0	10	1	0	0	2	0	0	10	0	0	0	5	0	0	0	0	0	14
735.400	0	0	0	0	0	0	0	6	0	0	0	0	0	0	0	0	19	0	13	3	0	0	0	0	0	8	0	1	0	5	0	0	0	0	0	15
735.600	0	0	0	0	0	0	0	5	0	0	0	0	0	0	0	0	22	0	12	1	0	0	0	0	0	7	0	1	0	2	0	0	0	0	0	14
735.800	0	0	0	0	0	0	0	5	0	0	0	0	0	0	0	0	19	0	13	1	0	0	0	0	0	9	0	0	0	4	0	0	0	0	0	11
736.000	0	0	0	0	0	0	0	7	0	0	0	0	0	0	0	0	18	0	16	2	0	0	1	0	0	13	0	2	0	6	0	0	0	0	0	15
736.200	0	0	0	0	0	0	0	5	0	0	0	0	0	0	0	0	19	0	13	2	0	0	2	0	0	7	0	0	0	6	0	0	0	0	0	12
736.400	0	0	0	0	0	0	0	7	0	0	0	0	0	0	0	0	15	0	9	1	0	0	0	0	0	6	0	0	0	1	0	0	0	0	0	12
736.600	0	0	0	0	0	0	0	7	0	0	0	0	0	0	0	0	12	0	11	1	0	0	0	0	0	9	0	0	0	4	0	0	0	0	0	15
736.800	0	0	0	0	0	0	0	7	0	0	0	0	0	0	0	0	18	0	15	3	0	0	1	0	0	10	0	0	0	7	0	0	0	0	0	14
737.000	0	0	0	0	0	0	0	7	1	0	0	0	0	0	0	0	19	0	18	1	0	0	2	0	0	10	0	0	0	1	0	0	0	0	0	15
737.200	0	0	0	0	0	0	0	8	0	0	0	0	0	0	0	0	17	0	12	1	0	0	2	0	0	9	0	0	0	2	0	0	0	0	0	11
737.400	0	0	0	0	0	0	0	6	0	0	0	0	0	0	0	0	21	0	15	3	0	0	0	0	0	6	0	0	0	8	0	0	0	0	0	18
737.600	0	0	0	0	0	0	0	7	1	0	0	0	0	0	0	0	18	0	10	3	0	0	2	0	0	8	0	0	0	6	0	0	0	0	0	13
737.800	0	0	0	0	0	0	0	7	0	0	0	0	0	0	0	0	19	0	15	2	0	0	0	0	0	9	0	0	0	4	0	0	0	0	0	12
738.000	0	0	0	0	0	0	0	2	0	0	0	0	0	0	0	0	20	0	14	1	0	0	0	0	0	8	0	1	0	1	0	0	0	0	0	14
738.200	0	0	0	0	0	0	0	9	0	0	0	0	0	0	0	0	15	0	11	1	0	0	2	0	0	9	0	0	0	1	0	0	0	0	0	8
738.400	0	0	0	0	0	0	0	9	0	0	0	0	0	0	0	0	18	0	11	3	0	0	0	0	0	11	0	0	0	4	0	0	0	0	0	13
738.600	0	0	0	0	0	0	0	7	0	0	0	0	0	0	0	0	14	0	13	2	0	0	2	0	0	10	0	0	0	10	0	0	0	0	0	12
738.800	0	0	0	0	0	0	0	12	0	0	0	0	0	0	0	0	21	0	12	1	0	0	2	0	0	7	0	0	0	4	0	0	0	0	0	10
739.000	0	0	0	0	0	0	0	3	0	0	0	0	0	0	0	0	19	0	4	2	0	0	0	0	0	9	0	1	0	8	0	0	0	0	0	10
739.200	0	0	0	0	0	0	0	5	2	0	0	0	0	0	0	0	22	0	15	3	0	0	1	0	0	11	0	0	0	4	0	0	0	0	0	6
739.400	0	0	0	0	0	0	0	4	0	0	0	0	0	0	0	0	23	0	9	2	0	0	2	0	0	10	0	1	0	4	0	0	0	0	0	8
739.600	0	0	0	0	0	0	0	3	0	0	0	0	0	0	0	0	15	0	10	2	0	0	2	0	0	7	0	0	0	4	0	0	0	0	0	9
739.800	0	0	0	0	0	0	0	6	0	0	0	0	0	0	0	0	19	0	5	2	0	0	2	0	0	15	0	0	0	0	0	0	0	0	0	8
740.000	0	0	0	0	0	0	0	6	0	0	0	0	0	0	0	0	25	0	7	3	0	0	0	0	0	8	0	0	0	7	0	0	0	0	0	4
740.200	0	0	0	0	0	0	0	7	0	0	0	0	0	0	0	0	22	0	1	2	0	0	1	0	0	7	0	0	0	6	0	0	0	0	0	3
740.400	0	0	0	0	0	0	0	8	0	0	0	0	0	0	0	0	20	0	10	1	0	0	2	0	0	7	0	0	0	1	0	0	0	0	0	6
740.600	0	0	0	0	0	0	0	6	0	0	0	0	0	0	0	0	20	0	12	1	0	0	2	0	0	7	0	0	0	4	0	0	0	0	0	4
740.800	0	0	0	0	0	0	0	7	0	0	0	0	0	0	0	0	19	0	8	1	0	0	2	0	0	13	0	0	0	6	0	0	0	0	0	6
741.000	0	0	0	0	0	0	0	9	0	0	0	0	0	0	0	0	20	0	11	5	0	0	1	0	0	12	0	0	0	6	0	0	0	0	0	5
741.200	0	0	0	0	0	0	0	9	0	0	0	0	0	0	0	0	21	0	20	3	0	0	0	0	0	15	0	0	0	5	0	0	0	0	0	6
741.400	0	0	0	0	0	0	0	13	0	0	0	0	0	0	0	0	22	0	14	3	0	0	2	0	0	10	0	0	0	4	0	0	0	0	0	7
741.600	0	0	0	0	0	0	0	10	0	0	0	0	0	0	0	0	22	0	16	1	0	0	2	0	0	9	0	0	0	4	0	0	0	0	0	8
741.800	0	0	0	0	0	0	0	5	0	0	0	0	0	0	0	0	18	0	13	3	0	0	2	0	0	10	0	0	0	3	0	0	0	0	0	10
742.000	0	0	0	0	0	0	0	5	0	0	0	0	0	0	0	0	21	0	13	3	0	0	2	0	0	5	0	0	0	5	0	0	0	0	1	14
742.200	0	0	0	0	0	0	0	6	0	0	0	0	0	0	0	0	21	0	11	1	0	0	2	0	0	12	0	0	0	4	0	0	0	0	1	15
742.400	0	0	0	0	0	0	0	6	0	0	0	0	0	0	0	0	22	0	13	3	0	0	2	0	0	9	0	0	0	6	0	0	0	0	0	15
742.600	0	0	0	0	0	0	0	6	0	0	0	0	0	0	0	0	22	0	14	3	0	0	2	0	0	8	0	1	0	6	0	0	0	0	0	9
742.800	0	0	0	0	0	0	0	6	0	0	0	0	0	0	0	0	21	0	18	4	0	0	2	0	0	9	0	0	0	5	0	0	0	0	0	11
743.000	0	0	0	0	0	0	0	5	0	0	0	0	0	0	0	0	19	0	13	2	0	0	2	0	0	11	0	0	0	2	0	0	0	0	0	8
743.200	0	0	0	0	0	0	0	5	0	0	0	0	0	0	0	0	21	0	10	3	0	0	2	0	0	9	0	0	0	3	0	0	0	0	1	17
743.400	0	0	0	0	0	0	0	6	0	0	0	0	0	0	0	0	17	0	13	2	0	0	2	0	0	16	0	0	0	3	0	0	0	0	0	11
743.600	0	0	0	0	0	0	0	5	0	0	0	0	0	0	0	0	22	0	20	2	0	0	2	0	0	12	0	0	0	1	0	0	0	0	0	14
743.800	0	0	0	0	0	0	0	5	0	0	0	0	0	0	0	0	24	0	12	1	0	0	2	0	0	11	0	0	0	0	0	0	0	0	0	10
744.000	0	0	0	0	0	0	0	6	0	0	0	0	0	0	0	0	25	0	16	2	0	0	3	0	0	11	0	0	0	4	0	0	0	0	0	11
744.200	0	0	0	0	0	0	0	5	0	0	0	0	0	0	0	0	25	0	10	3	0	0	0	0	0	13	0	0	0	2	0	0	0	0	0	13
744.400	0	0	0	0	0	0	0	5	0	0	0	0	0	0	0	0	20	0	6	4	0	0	2	0	0	8	0	1	0	3	0	0	0	0	0	4
744.600	0	0	0	0	0	0	0	5	0	0	0	0	0	0	0	0	22	0	13	1	0	0	2	0	0	4	0	0	0	2	0	0	0	0	0	4
744.800	0	0	0	0	0	0	0	5	0	0	0	0	0	0	0	0	24	0	9	1	0	0	0	0	0	6	0	0	0	0	0	0	0	0	0	4
745.000	0	0	0	0	0	0	0	3	0	0	0	0	0	0	0	0	17	0	14	1	0	0	0	0	0	7	0	0	0	1	0	0	0	0	1	8
745.200	0	0	0	0	0	0	0	5	0	0	0	0	0	0	0	0	19	0	9	1	0	0	2	0	0	8	0	0	0	2	0	0	0	0	0	4
745.400	0	0	0	0	0	0	0	6	0	0	0	0	0	0	0	0	22	0	16	1	0	0	2	0	0	10	0	0	0	5	0	0	0	0	0	5
745.600	0	0	0	0	0	0	0	5	0	0	0	0	0	0	0	0	18	0	10	1	0	0	0	0	0	8	0	0	0	4	0	0	0	0	0	4
745.800	0	0	0	0	0	0	0	4	0	0	0	0	0	0	0	0	20	0	6	3	0	0	2	0	0	13	0	0	0	3	0	0	0	0	0	5
746.000	0	0	0	0	0	0	0	12	0	0	0	0	0	0	0	0	21	0	10	3	0	0	2	0	0	8	0	0	0	2	0	0	0	0	0	4
746.200	0	0	0	0	0	0	0	5	0	0	0	0	0	0	0	0	22	0	10	3	0	0	0	0	0	10	0	0	0	4	0	0	0	0	0	5
746.400	0	0	0	0	0	0	0	6	0	0	0	0	0	0	0	0	19	0	9	2	0	0	0	0	0	6	0	0	0	1	0	0	0	0	0	7
746.600	0	0	0	0	0	0	0	5	0	0	0	0	0	0	0	0	17	0	16	1	0	0	1	0	0	14	0	0	0	5	0	0	0	0	0	5
746.800	0	0	0	0	0	0	0	5	0	0	0	0	0	0	0	0	21	0	14	2	0	0	0	0	0	17	0	0	0	6	0	0	0	0	0	5
747.000	0	0	0	0	0	0	0	5	0	0	0	0	0	0	0	0	19	0	15	1	0	0	0	0	0	14	0	0	0	2	0	0	0	0	0	4
747.200	0	0	0	0	0	0	0	5	0	0	0	0	0	0	0	0	12	0	14	3	0	0	2	0	0	12	0	1	0	6	0	0	0	0	0	6
747.400	0	0	0	0	0	0	0	6	0	0	0	0	0	0	0	0	16	0	10	1	0	0	2	0	0	12	0	0	0	2	0	0	0	0	0	4
747.600	0	0	0	0	0	0	0	6	0	0	0	0	0	0	0	0	22	0	14	1	0	0	3	0	0	11	0	0	0	3	0	0	0	0	0	1
747.800	0	0	0	0	0	0	0	6	0	0	0	0	0	0	0	0	23	0	10	3	0	0	3	0	0	14	0	0	0	6	0	0	0	0	0	1
748.000	0	0	0	0	0	0	0	5	0	0	0	0	0	0	0	0	23	0	7	2	0	0	0	0	0	12	0	0	0	5	0	0	0	0	0	0
748.200	0	0	0	0	0	0	0	5	0	0	0	0	0	0	0	0	23	0	10	3	0	0	2	0	0	8	0	0	0	2	0	0	0	0	0	4
748.400	0	0	0	0	0	0	0	6	0	0	0	0	0	0	0	0	20	0	14	2	0	0	2	0	0	11	0	0	0	2	0	0	0	0	0	3
748.600	0	0	0	0	0	0	0	5	0	0	0	0	0	0	0	0	20	0	11	4	0	0	2	0	0	4	0	0	0	5	0	0	0	0	0	4
748.800	0	0	0	0	0	0	0	6	0	0	0	0	0	0	0	0	19	0	17	3	0	0	2	0	0	8	0	0	0	3	0	0	0	0	0	5
749.000	0	0	0	0	0	0	0	5	0	0	0	0	0	0	0	0	22	0	16	4	0	0	2	0	0	7	0	0	0	2	0	0	0	0	1	7
749.200	0	0	0	0	0	0	0	7	0	0	0	0	0	0	0	0	21	0	9	2	0	0	2	0	0	8	0	0	0	5	0	0	0	0	0	11
749.400	0	0	0	0	0	0	0	5	0	0	0	0	0	0	0	0	21	0	9	4	0	0	3	0	0	11	0	0	0	8	0	0	0	0	0	6
749.600	0	0	0	0	0	0	0	5	0	0	0	0	0	0	0	0	18	0	16	3	0	0	2	0	0	7	0	0	0	3	0	0	0	0	0	14
749.800	0	0	0	0	0	0	0	6	0	0	0	0	0	0	0	0	20	0	13	3	0	0	2	0	0	8	0	1	0	4	0	0	0	0	0	11
750.000	0	0	0	0	0	0	0	7	0	0	0	0	0	0	0	0	17	0	15	2	0	0	2	0	0	18	0	0	0	4	0	0	0	0	0	5
750.200	0	0	0	0	0	0	0	6	0	0	0	0	0	0	0	0	11	0	13	2	0	0	1	0	0	9	0	0	0	6	0	0	0	0	0	5
750.400	0	0	0	0	0	0	0	4	0	0	0	0	0	0	0	0	18	0	11	4	0	0	2	0	0	10	0	0	0	5	0	0	0	0	0	4
750.600	0	0	0	0	0	0	0	6	0	0	0	0	0	0	0	0	22	0	13	1	0	0	2	0	0	11	0	0	0	1	0	0	0	0	0	5
750.800	0	0	0	0	0	0	0	6	0	0	0	0	0	0	0	0	20	0	7	1	0	0	1	0	0	11	0	0	0	4	0	0	0	0	0	4
751.000	0	0	0	0	0	0	0	5	0	0	0	0	0	0	0	0	19	0	7	1	0	0	2	0	0	13	0	0	0	5	0	0	0	0	0	5
751.200	0	0	0	0	0	0	0	5	0	0	0	0	0	0	0	0	16	0	10	1	0	0	2	0	0	15	0	0	0	2	0	0	0	0	0	4
751.400	0	0	0	0	0	0	0	6	0	0	0	0	0	0	0	0	16	0	4	1	0	0	0	0	0	8	0	0	0	1	0	0	0	0	0	4
751.600	0	0	0	0	0	0	0	5	0	0	0	0	0	0	0	0	18	0	14	1	0	0	0	0	0	12	0	0	0	0	0	0	0	0	0	4
751.800	0	0	0	0	0	0	0	5	0	0	0	0	0	0	0	0	15	0	9	1	0	0	1	0	0	10	0	0	0	1	0	0	0	0	0	5
752.000	0	0	0	0	0	0	0	2	0	0	0	0	0	0	0	0	18	0	6	1	0	0	0	0	0	15	0	0	0	4	0	0	0	0	0	23
752.200	0	0	0	0	0	0	0	8	0	0	0	0	0	0	0	0	15	0	7	3	0	0	1	0	0	14	0	0	0	6	0	0	0	0	0	18
752.400	0	0	0	0	0	0	0	8	0	0	0	0	0	0	0	0	13	0	14	2	0	0	2	0	0	9	0	0	0	6	0	0	0	0	0	11
752.600	0	0	0	0	0	0	0	8	0	0	0	0	0	0	0	0	21	0	11	1	0	0	2	0	0	10	0	0	0	2	0	0	0	0	0	3
752.800	0	0	0	0	0	0	0	3	0	0	0	0	0	0	0	0	24	0	11	1	0	0	2	0	0	14	0	0	0	0	0	0	0	0	1	5
753.000	0	0	0	0	0	0	0	6	0	0	0	0	0	0	0	0	10	0	13	1	0	0	2	0	0	12	0	0	0	1	0	0	0	0	0	24
753.200	0	0	0	0	0	0	0	7	1	0	0	0	0	0	0	0	19	0	11	1	0	0	0	0	0	18	0	0	0	4	0	0	0	0	0	20
753.400	0	0	0	0	0	0	0	6	0	0	0	0	0	0	0	0	18	0	12	1	0	0	0	0	0	14	0	0	0	1	0	0	0	0	0	21
753.600	0	0	0	0	0	0	0	8	0	0	0	0	0	0	0	0	17	0	6	2	0	0	0	0	0	15	0	0	0	1	0	0	0	0	0	16
753.800	0	0	0	0	0	0	0	10	0	0	0	0	0	0	0	0	19	0	7	2	0	0	0	0	0	10	0	0	0	1	0	0	0	0	0	13
754.000	0	0	0	0	0	0	0	6	1	0	0	0	0	0	0	0	19	0	11	3	0	0	0	0	0	12	0	1	0	2	0	0	0	0	0	6
754.200	0	0	0	0	0	0	0	5	0	0	0	0	0	0	0	0	12	0	10	1	0	0	0	0	0	16	0	0	0	0	0	0	0	0	1	11
754.400	0	0	0	0	0	0	0	7	1	0	0	0	0	0	0	0	12	0	5	1	0	0	1	0	0	14	0	1	0	1	0	0	0	0	0	10
754.600	0	0	0	0	0	0	0	6	0	0	0	0	0	0	0	0	16	0	11	1	0	0	2	0	0	10	0	0	0	2	0	0	0	0	0	13
754.800	0	0	0	0	0	0	0	5	1	0	0	0	0	0	0	0	18	0	7	1	0	0	0	0	0	10	0	1	0	1	0	0	0	0	0	10
755.000	0	0	0	0	0	0	0	4	2	0	0	0	0	0	0	0	15	0	8	1	0	0	0	0	0	8	0	0	0	1	0	0	0	0	0	11
755.200	0	0	0	0	0	0	0	5	1	0	0	0	0	0	0	0	16	0	18	1	0	0	0	0	0	10	0	0	0	0	0	0	0	0	0	12
755.400	0	0	0	0	0	0	0	6	0	0	0	0	0	0	0	0	14	0	14	1	0	0	0	0	0	17	0	1	0	0	0	0	0	0	0	15
755.600	0	0	0	0	0	0	0	4	3	0	0	0	0	0	0	0	17	0	12	1	0	0	0	0	0	16	0	0	0	2	0	0	0	0	1	13
755.800	0	0	0	0	0	0	0	3	3	0	0	0	0	0	0	0	12	0	6	1	0	0	1	0	0	17	0	0	0	3	0	0	0	0	0	13
756.000	0	0	0	0	0	0	0	6	0	0	0	0	0	0	0	0	18	0	7	1	0	0	0	0	0	7	0	2	0	2	0	0	0	0	1	14
756.200	0	0	0	0	0	0	0	4	0	0	0	0	0	0	0	0	15	0	11	1	0	0	0	0	0	16	0	2	0	2	0	0	0	0	0	17
756.400	0	0	0	0	0	0	0	4	1	0	0	0	0	0	0	0	14	0	11	0	0	0	0	0	0	9	0	1	0	5	0	0	0	0	2	19
756.600	0	0	0	0	0	0	0	6	0	0	0	0	0	0	0	0	13	0	10	1	0	0	0	0	0	14	0	1	0	2	0	0	0	0	0	20
756.800	0	0	0	0	0	0	0	4	1	0	0	0	0	0	0	0	16	0	5	1	0	0	0	0	0	12	0	3	0	6	0	0	0	0	0	13
757.000	0	0	0	0	0	0	0	1	0	0	0	0	0	0	0	0	13	0	12	1	0	0	0	0	0	13	0	4	0	7	0	0	0	0	0	18
757.200	0	0	0	0	0	0	0	5	0	0	0	0	0	0	0	0	13	0	5	1	0	0	0	0	0	12	0	5	0	8	0	0	0	0	0	14
757.400	0	0	0	0	0	0	0	4	0	0	0	0	0	0	0	0	17	0	7	1	0	0	0	0	0	17	0	6	0	7	1	0	0	0	0	7
757.600	0	0	0	0	0	0	0	8	0	0	0	0	0	0	0	0	17	0	9	1	0	0	0	0	0	14	0	7	0	1	0	0	0	0	0	16
757.800	0	0	0	0	0	0	0	4	0	0	0	0	0	0	0	0	17	0	10	1	0	0	0	0	0	13	0	5	0	3	0	0	0	0	0	15
758.000	0	0	0	0	0	0	0	10	0	0	0	0	0	0	0	0	17	0	14	0	0	0	0	0	0	6	0	6	0	1	0	0	0	0	0	16
758.200	0	0	0	0	0	0	0	8	0	0	0	0	0	0	0	0	14	0	15	1	0	0	0	0	0	10	0	5	0	4	0	0	0	0	0	14
758.400	0	0	0	0	0	0	0	8	0	0	0	0	0	0	0	0	15	0	3	1	0	0	0	0	0	8	0	6	0	5	0	0	0	0	0	19
758.600	0	0	0	0	0	0	0	7	0	0	0	0	0	0	0	0	15	0	9	1	0	0	0	0	0	4	0	8	0	4	0	0	0	0	0	18
758.800	0	0	0	0	0	0	0	8	0	0	0	0	0	0	0	0	20	0	10	1	0	0	0	0	0	3	0	10	0	2	0	0	0	0	0	14
759.000	0	0	0	0	0	0	0	9	0	0	0	0	0	0	0	0	15	0	11	1	0	0	0	0	0	7	0	4	0	3	0	0	0	0	0	19
759.200	0	0	0	0	0	0	0	8	0	0	0	0	0	0	0	0	22	0	9	1	0	0	1	0	0	13	0	5	0	6	0	0	0	0	0	20
759.400	0	0	0	0	0	0	0	7	0	0	0	0	0	0	0	0	21	0	12	2	0	0	0	0	0	13	0	6	0	1	0	0	0	0	0	12
759.600	0	0	0	0	0	0	0	10	0	0	0	0	0	0	0	0	23	0	8	1	0	0	0	0	0	15	0	9	0	6	0	0	0	0	0	8
759.800	0	0	0	0	0	0	0	5	0	0	0	0	0	0	0	0	20	0	14	1	0	0	0	0	0	13	0	5	0	5	2	0	0	0	0	16
760.000	0	0	0	0	0	0	0	5	0	0	0	0	0	0	0	0	17	0	14	1	0	0	0	0	0	13	0	2	0	4	0	0	0	0	0	15
760.200	0	0	0	0	0	0	0	9	0	0	0	0	0	0	0	0	15	0	6	1	0	0	0	0	0	10	0	2	0	4	0	0	0	0	1	16
760.400	0	0	0	0	0	0	0	5	0	0	0	0	0	0	0	0	16	0	2	1	0	0	0	0	0	13	0	6	0	7	0	0	0	0	0	9
760.600	0	0	0	0	0	0	0	3	0	0	0	0	0	0	0	0	16	0	12	1	0	0	2	0	0	16	0	6	0	4	0	0	0	0	1	13
760.800	0	0	0	0	0	0	0	5	0	0	0	0	0	0	0	0	11	0	5	1	0	0	2	0	0	11	0	9	0	6	1	0	0	0	0	12
761.000	0	0	0	0	0	0	0	6	0	0	0	0	0	0	0	0	22	0	9	2	0	0	2	0	0	14	0	6	0	4	0	0	0	0	1	16
761.200	0	0	0	0	0	0	0	5	0	0	0	0	0	0	0	0	15	0	6	1	0	0	1	0	0	8	0	4	0	3	0	0	0	0	2	19
761.400	0	0	0	0	0	0	0	1	0	0	0	0	0	0	0	0	19	0	4	3	0	0	2	0	0	14	0	5	0	8	1	0	0	0	1	17
761.600	0	0	0	0	0	0	0	6	0	0	0	0	0	0	0	0	18	0	11	1	0	0	0	0	0	10	0	1	0	2	0	0	0	0	1	15
761.800	0	0	0	0	0	0	0	4	0	0	0	0	0	0	0	0	18	0	12	1	0	0	1	0	0	14	0	9	0	6	0	0	0	0	0	17
762.000	0	0	0	0	0	0	0	6	0	0	0	0	0	0	0	0	15	0	9	1	0	0	2	0	0	10	0	6	0	5	0	0	0	0	1	14
762.200	0	0	0	0	0	0	0	5	0	0	0	0	0	0	0	0	20	0	8	1	0	0	2	0	0	8	0	2	0	5	0	0	0	0	0	15
762.400	0	0	0	0	0	0	0	4	0	0	0	0	0	0	0	0	14	0	9	3	0	0	0	0	0	7	0	2	0	1	0	0	0	0	0	18
762.600	0	0	0	0	0	0	0	6	0	0	0	0	0	0	0	0	13	0	12	4	0	0	0	0	0	12	0	11	0	3	0	0	0	0	0	14
762.800	0	0	0	0	0	0	0	4	0	0	0	0	0	0	0	0	20	0	11	3	0	0	0	0	0	19	0	6	0	1	0	0	0	0	0	11
763.000	0	0	0	0	0	0	0	5	0	0	0	0	0	0	0	0	20	0	14	1	0	0	2	0	0	12	0	5	0	5	0	0	0	0	1	13
763.200	0	0	0	0	0	0	0	6	0	0	0	0	0	0	0	0	17	0	15	1	0	0	0	0	0	16	0	5	0	4	0	0	0	0	0	14
763.400	0	0	0	0	0	0	0	8	3	0	0	0	0	0	0	0	19	0	8	1	0	0	2	0	0	14	0	6	0	3	0	0	0	0	0	12
763.600	0	0	0	0	0	0	0	6	4	0	0	0	0	0	0	0	19	0	5	1	0	0	2	0	0	17	0	8	0	4	0	0	0	0	0	6
763.800	0	0	0	0	0	0	0	7	3	0	0	0	0	0	0	0	19	0	5	1	0	0	2	0	0	10	0	6	0	0	0	0	0	0	0	6
764.000	0	0	0	0	0	0	0	6	3	0	0	0	0	0	0	0	19	0	4	1	0	0	2	0	0	15	0	8	0	7	0	0	0	0	1	7
764.200	0	0	0	0	0	0	0	5	2	0	0	0	0	0	0	0	12	0	7	1	0	0	3	0	0	16	0	6	0	1	0	0	0	0	0	6
764.400	0	0	0	0	0	0	0	6	2	0	0	0	0	0	0	0	21	0	11	3	0	0	2	0	0	18	0	5	0	3	2	0	0	0	1	7
764.600	0	0	0	0	0	0	0	6	2	0	0	0	0	0	0	0	15	0	5	1	0	0	2	0	0	14	0	1	0	0	0	0	0	0	1	8
764.800	0	0	0	0	0	0	0	4	5	0	0	0	0	0	0	0	16	0	7	1	0	0	2	0	0	12	0	3	0	0	0	0	0	0	1	2
765.000	0	0	0	0	0	0	0	5	3	0	0	0	0	0	0	0	16	0	12	1	0	0	2	0	0	14	0	6	0	1	0	0	0	0	0	2
765.200	0	0	0	0	0	0	0	6	0	0	0	0	0	0	0	0	16	0	6	1	0	0	2	0	0	15	0	6	0	10	0	0	0	0	0	1
765.400	0	0	0	0	0	0	0	7	1	0	0	0	0	0	0	0	16	0	8	2	0	0	2	0	0	14	0	4	0	1	0	0	0	0	1	2
765.600	0	0	0	0	0	0	0	8	2	0	0	0	0	0	0	0	12	0	8	1	0	0	2	0	0	14	0	4	0	1	0	0	0	0	0	2
765.800	0	0	0	0	0	0	0	6	1	0	0	0	0	0	0	0	16	0	12	1	0	0	2	0	0	18	0	8	0	0	0	0	0	0	1	5
766.000	0	0	0	0	0	0	0	7	0	0	0	0	0	0	0	0	15	0	5	4	0	0	2	0	0	11	1	10	0	0	0	0	0	0	0	2
766.200	0	0	0	0	0	0	0	6	1	0	0	0	0	0	0	0	21	0	8	2	0	0	1	0	0	17	0	6	0	1	0	0	0	0	1	6
766.400	0	0	0	0	0	0	0	6	0	0	0	0	0	0	0	0	16	0	7	3	0	0	2	0	0	12	0	5	0	2	0	0	0	0	0	2
766.600	0	0	0	0	0	0	0	7	0	0	0	0	0	0	0	0	14	0	9	3	0	0	2	0	0	10	0	6	0	5	0	0	0	0	1	5
766.800	0	0	0	0	0	0	0	6	0	0	0	0	0	0	0	0	25	0	7	2	0	0	2	0	0	13	0	7	0	1	0	0	0	0	1	4
767.000	0	0	0	0	0	0	0	5	0	0	0	0	0	0	0	0	20	0	11	3	0	0	2	0	0	16	0	9	0	2	0	0	0	0	1	3
767.200	0	0	0	0	0	0	0	5	0	0	0	0	0	0	0	0	20	0	11	1	0	0	2	0	0	14	0	8	0	4	0	0	0	0	0	4
767.400	0	0	0	0	0	0	0	3	1	0	0	0	0	0	0	0	18	0	16	1	0	0	1	0	0	16	0	9	0	3	0	0	0	0	0	5
767.600	0	0	0	0	0	0	0	5	0	0	0	0	0	0	0	0	18	0	13	1	0	0	2	0	0	17	0	5	0	1	0	0	0	0	0	4
767.800	0	0	0	0	0	0	0	5	0	0	0	0	0	0	0	0	21	0	8	4	0	0	2	0	0	19	0	3	0	1	0	0	0	0	0	5
768.000	0	0	0	0	0	0	0	7	0	0	0	0	0	0	0	0	21	0	11	2	0	0	2	0	0	15	0	6	0	1	0	0	0	0	0	2
768.200	0	0	0	0	0	0	0	5	0	0	0	0	0	0	0	0	20	0	11	3	0	0	3	0	0	13	0	6	0	5	0	0	0	0	0	4
768.400	0	0	0	0	0	0	0	7	0	0	0	0	0	0	0	0	19	0	8	2	0	0	2	0	0	14	0	6	0	1	0	0	0	0	1	4
768.600	0	0	0	0	0	0	0	7	0	0	0	0	0	0	0	0	24	0	12	1	0	0	2	0	0	17	0	8	0	2	0	0	0	0	0	6
768.800	0	0	0	0	0	0	0	5	0	0	0	0	0	0	0	0	18	0	13	1	0	0	2	0	0	16	0	7	0	2	0	0	0	0	0	3
769.000	0	0	0	0	0	0	0	9	0	0	0	0	0	0	0	0	22	0	8	1	0	0	2	0	0	16	0	9	0	2	0	0	0	0	0	5
769.200	0	0	0	0	0	0	0	9	0	0	0	0	0	0	0	0	20	0	7	1	0	0	2	0	0	13	0	5	0	5	1	0	0	0	1	2
769.400	0	0	0	0	0	0	0	6	0	0	0	0	0	0	0	0	20	0	6	2	0	0	2	0	0	11	0	5	0	6	0	0	0	0	0	3
769.600	0	0	0	0	0	0	0	5	0	0	0	0	0	0	0	0	24	0	15	1	0	0	0	0	0	10	0	5	0	4	0	0	0	0	1	3
769.800	0	0	0	0	0	0	0	5	0	0	0	0	0	0	0	0	18	0	11	1	0	0	0	0	0	15	0	4	0	6	0	0	0	0	1	4
770.000	0	0	0	0	0	0	0	6	0	0	0	0	0	0	0	0	17	0	13	4	0	0	2	0	0	8	0	6	0	5	0	0	0	0	0	5
770.200	0	0	0	0	0	0	0	5	2	0	0	0	0	0	0	0	18	0	5	4	0	0	0	0	0	15	0	6	0	1	0	0	0	0	0	6
770.400	0	0	0	0	0	0	0	5	0	0	0	0	0	0	0	0	16	0	8	1	0	0	0	0	0	13	0	5	0	1	0	0	0	0	1	9
770.600	0	0	0	0	0	0	0	7	0	0	0	0	0	0	0	0	13	0	13	1	0	0	0	0	0	14	0	6	0	1	0	0	0	0	0	1
770.800	0	0	0	0	0	0	0	6	0	0	0	0	0	0	0	0	15	0	13	3	0	0	2	0	0	17	0	7	0	1	0	0	0	0	0	5
771.000	0	0	0	0	0	0	0	5	0	0	0	0	0	0	0	0	15	0	7	3	0	0	2	0	0	7	0	8	0	4	0	0	0	0	0	4
771.200	0	0	0	0	0	0	0	8	0	0	0	0	0	0	0	0	13	0	8	1	0	0	0	0	0	10	0	1	0	5	0	0	0	0	0	7
771.400	0	0	0	0	0	0	0	9	0	0	0	0	0	0	0	0	17	0	12	2	0	0	0	0	0	10	0	4	0	3	0	0	0	0	0	3
771.600	0	0	0	0	0	0	0	6	2	0	0	0	0	0	0	0	16	0	14	4	0	0	0	0	0	7	0	4	0	4	0	0	0	0	0	3
771.800	0	0	0	0	0	0	0	8	0	0	0	0	0	0	0	0	17	0	10	2	0	0	0	0	0	10	0	1	0	2	0	0	0	0	0	7
772.000	0	0	0	0	0	0	0	8	0	0	0	0	0	0	0	0	15	0	9	2	0	0	0	0	0	13	0	2	0	5	0	0	0	0	0	7
772.200	0	0	0	0	0	0	0	10	0	0	0	0	0	0	0	0	14	0	7	3	0	0	0	0	0	13	0	1	0	4	0	0	0	0	1	5
772.400	0	0	0	0	0	0	0	6	0	0	0	0	0	0	0	0	16	0	7	4	0	0	0	0	0	14	0	0	0	1	0	0	0	0	0	6
772.600	0	0	0	0	0	0	0	8	0	0	0	0	0	0	0	0	21	0	13	1	0	0	0	0	0	12	0	3	0	3	0	0	0	0	0	7
772.800	0	0	0	0	0	0	0	8	0	0	0	0	0	0	0	0	21	0	13	3	0	0	0	0	0	13	0	4	0	4	0	0	0	0	0	3
773.000	0	0	0	0	0	0	0	10	0	0	0	0	0	0	0	0	17	0	15	4	0	0	0	0	0	17	0	1	0	4	0	0	0	0	1	3
773.200	0	0	0	0	0	0	0	9	0	0	0	0	0	0	0	0	28	0	14	5	0	0	2	0	0	15	0	2	0	6	0	0	0	0	0	5
773.400	0	0	0	0	0	0	0	7	0	0	0	0	0	0	0	0	18	0	12	4	0	0	0	0	0	10	0	2	0	6	0	0	0	0	0	6
773.600	0	0	0	0	0	0	0	7	0	0	0	0	0	0	0	0	19	0	6	2	0	0	2	0	0	14	0	3	0	5	0	0	0	0	1	6
773.800	0	0	0	0	0	0	0	7	0	0	0	0	0	0	0	0	23	0	7	4	0	0	2	0	0	13	0	4	0	7	2	0	0	0	1	21
774.000	0	0	0	0	0	0	0	6	0	0	0	0	0	0	0	0	22	0	14	4	0	0	2	0	0	12	0	7	0	5	2	0	0	0	0	10
774.200	0	0	0	0	0	0	0	5	0	0	0	0	0	0	0	0	22	0	12	1	0	0	2	0	0	13	0	7	0	5	0	0	0	0	0	12
774.400	0	0	0	0	0	0	0	6	0	0	0	0	0	0	0	0	15	0	14	2	0	0	3	0	0	11	0	3	0	5	0	0	0	0	0	8
774.600	0	0	0	0	0	0	0	4	0	0	0	0	0	0	0	0	18	0	8	2	0	0	3	0	0	16	0	4	0	4	0	0	0	0	0	6
774.800	0	0	0	0	0	0	0	6	0	0	0	0	0	0	0	0	17	0	12	3	0	0	3	0	0	17	0	4	0	6	0	0	0	0	1	7
775.000	0	0	0	0	0	0	0	5	0	0	0	0	0	0	0	0	15	0	9	2	0	0	2	0	0	17	0	6	0	8	0	0	0	0	0	3
775.200	0	0	0	0	0	0	0	5	0	0	0	0	0	0	0	0	22	0	14	3	0	0	2	0	0	8	0	2	0	3	0	0	0	0	1	3
775.400	0	0	0	0	0	0	0	4	0	0	0	0	0	0	0	0	20	0	16	4	0	0	3	0	0	9	0	4	0	1	0	0	0	0	0	4
775.600	0	0	0	0	0	0	0	6	0	0	0	0	0	0	0	0	19	0	16	3	0	0	2	0	0	10	0	7	0	5	0	0	0	0	0	7
775.800	0	0	0	0	0	0	0	4	0	0	0	0	0	0	0	0	22	0	18	1	0	0	2	0	0	6	0	5	0	1	0	0	0	0	0	3
776.000	0	0	0	0	0	0	0	5	0	0	0	0	0	0	0	0	16	0	14	3	0	0	2	0	0	11	0	8	0	4	1	0	0	0	0	4
776.200	0	0	0	0	0	0	0	6	0	0	0	0	0	0	0	0	19	0	12	4	0	0	3	0	0	11	0	1	0	6	0	0	0	0	0	4
776.400	0	0	0	0	0	0	0	5	0	0	0	0	0	0	0	0	14	0	9	4	0	0	2	0	0	3	0	2	0	5	1	0	0	0	0	19
776.600	0	0	0	0	0	0	0	2	0	0	0	0	0	0	0	0	25	0	13	4	0	0	3	0	0	8	0	4	0	4	0	0	0	0	1	5
776.800	0	0	0	0	0	0	0	0	0	0	0	0	0	0	0	0	14	0	11	1	0	0	2	0	0	17	0	3	0	7	1	0	0	0	1	15
777.000	0	0	0	0	0	0	0	0	0	0	0	0	0	0	0	0	16	0	9	1	0	0	2	0	0	16	0	5	0	5	0	0	0	0	0	15
777.200	0	0	0	0	0	0	0	1	0	0	0	0	0	0	0	0	13	0	17	1	0	0	2	0	0	8	0	2	0	2	2	0	0	0	0	11
777.400	0	0	0	0	0	0	0	0	0	0	0	0	0	0	0	0	24	0	13	1	0	0	1	0	0	12	0	3	0	5	0	0	0	0	1	10
777.600	0	0	0	0	0	0	0	1	0	0	0	0	0	0	0	0	15	0	6	4	0	0	1	0	0	13	0	6	0	3	3	0	0	0	1	10
777.800	0	0	0	0	0	0	0	0	0	0	0	0	0	0	0	0	11	0	14	3	0	0	0	0	0	20	0	5	0	7	0	0	0	0	1	9
778.000	0	0	0	0	0	0	0	0	0	0	0	0	0	0	0	0	17	0	10	1	0	0	0	0	0	11	0	4	0	6	0	0	0	0	0	13
778.200	0	0	0	0	0	0	0	1	0	0	0	0	0	0	0	0	17	0	12	1	0	0	2	0	0	13	0	5	0	4	0	0	0	0	0	15
778.400	0	0	0	0	0	0	0	0	0	0	0	0	0	0	0	0	15	0	14	1	0	0	2	0	0	14	0	5	0	5	1	0	0	0	1	15
778.600	0	0	0	0	0	0	0	1	0	0	0	0	0	0	0	0	14	0	16	2	0	0	1	0	0	14	0	5	0	3	0	0	0	0	1	12
778.800	0	0	0	0	0	0	0	3	0	0	0	0	0	0	0	0	19	0	16	4	0	0	0	0	0	14	0	2	0	1	0	0	0	0	0	14
779.000	0	0	0	0	0	0	0	3	0	0	0	0	0	0	0	0	14	0	11	2	0	0	0	0	0	19	0	6	0	5	0	0	0	0	0	13
779.200	0	0	0	0	0	0	0	5	0	0	0	0	0	0	0	0	18	0	13	1	0	0	0	0	0	13	0	4	0	5	0	0	0	0	0	12
779.400	0	0	0	0	0	0	0	1	0	0	0	0	0	0	0	0	14	0	14	1	0	0	0	0	0	9	0	3	0	9	0	0	0	0	1	16
779.600	0	0	0	0	0	0	0	2	0	0	0	0	0	0	0	0	17	0	8	1	0	0	0	0	0	17	0	6	0	4	0	0	0	0	0	22
779.800	0	0	0	0	0	0	0	4	0	0	0	0	0	0	0	0	13	0	5	1	0	0	0	0	0	14	0	2	0	7	0	0	0	0	0	15
780.000	0	0	0	0	0	0	0	4	0	0	0	0	0	0	0	0	14	0	12	1	0	0	0	0	0	14	0	7	0	3	0	0	0	0	0	16
780.200	0	0	0	0	0	0	0	3	0	0	0	0	0	0	0	0	14	0	12	1	0	0	0	0	0	17	0	5	0	5	0	0	0	0	1	17
780.400	0	0	0	0	0	0	0	0	0	0	0	0	0	0	0	0	10	0	13	0	0	0	0	0	0	16	0	6	0	6	1	0	0	0	0	17
780.600	0	0	0	0	0	0	0	4	0	0	0	0	0	0	0	0	14	0	17	2	0	0	0	0	0	9	0	0	0	6	0	0	0	0	0	16
780.800	0	0	0	0	0	0	0	3	0	0	0	0	0	0	0	0	15	0	10	1	0	0	0	0	0	16	0	7	0	3	0	0	0	0	0	13
781.000	0	0	0	0	0	0	0	4	0	0	0	0	0	0	0	0	15	0	7	2	0	0	0	0	0	17	0	6	0	8	0	0	0	0	0	14
781.200	0	0	0	0	0	0	0	3	0	0	0	0	0	0	0	0	14	0	9	0	0	0	0	0	0	13	0	5	0	5	0	0	0	0	0	17
781.400	0	0	0	0	0	0	0	2	0	0	0	0	0	0	0	0	12	0	11	1	0	0	0	0	0	19	0	3	0	3	0	0	0	0	0	19
781.600	0	0	0	0	0	0	0	3	0	0	0	0	0	0	0	0	11	0	18	1	0	0	0	0	0	22	0	5	0	3	0	0	0	0	0	15
781.800	0	0	0	0	0	0	0	3	0	0	0	0	0	0	0	0	13	0	7	1	0	0	0	0	0	14	0	6	0	5	0	0	0	0	0	18
782.000	0	0	0	0	0	0	0	3	0	0	0	0	0	0	0	0	17	0	11	1	0	0	2	0	0	17	0	3	0	2	0	0	0	0	1	14
782.200	0	0	0	0	0	0	0	3	0	0	0	0	0	0	0	0	17	0	13	3	0	0	2	0	0	18	0	8	0	4	0	0	0	0	1	18
782.400	0	0	0	0	0	0	0	0	0	0	0	0	0	0	0	0	11	0	9	1	0	0	2	0	0	17	0	6	0	2	0	0	0	0	1	17
782.600	0	0	0	0	0	0	0	0	0	0	0	0	0	0	0	0	15	0	8	4	0	0	0	0	0	13	0	6	0	5	0	0	0	0	0	12
782.800	0	0	0	0	0	0	0	1	0	0	0	0	0	0	0	0	20	0	11	3	0	0	0	0	0	15	0	4	0	7	0	0	0	0	0	5
783.000	0	0	0	0	0	0	0	0	0	0	0	0	0	0	0	0	14	0	14	1	0	0	0	0	0	18	0	8	0	4	0	0	0	0	1	17
783.200	0	0	0	0	0	0	0	0	0	0	0	0	0	0	0	0	18	0	3	3	0	0	0	0	0	11	0	8	0	6	0	0	0	0	1	10
783.400	0	0	0	0	0	0	0	0	0	0	0	0	0	0	0	0	16	0	10	4	0	0	0	0	0	12	0	7	0	2	0	0	0	0	1	18
783.600	0	0	0	0	0	0	0	2	0	0	0	0	0	0	0	0	19	0	12	4	0	0	0	0	0	16	0	6	0	5	0	0	0	0	0	4
783.800	0	0	0	0	0	0	0	0	0	0	0	0	0	0	0	0	18	0	10	3	0	0	0	0	0	15	0	2	0	0	0	0	0	0	0	9
784.000	0	0	0	0	0	0	0	5	0	0	0	0	0	0	0	0	20	0	16	4	0	0	0	0	0	12	0	4	0	5	0	0	0	0	0	5
784.200	0	0	0	0	0	0	0	6	0	0	0	0	0	0	0	0	16	0	11	1	0	0	0	0	0	18	0	7	0	5	0	0	0	0	0	6
784.400	0	0	0	0	0	0	0	4	0	0	0	0	0	0	0	0	17	0	11	3	0	0	0	0	0	14	0	6	0	3	0	0	0	0	1	2
784.600	0	0	0	0	0	0	0	5	0	0	0	0	0	0	0	0	17	0	14	1	0	0	0	0	0	13	0	6	0	4	0	0	0	0	0	8
784.800	0	0	0	0	0	0	0	1	0	0	0	0	0	0	0	0	12	0	13	4	0	0	0	0	0	11	0	8	0	5	0	0	0	0	0	3
785.000	0	0	0	0	0	0	0	0	0	0	0	0	0	0	0	0	16	0	12	2	0	0	0	0	0	20	0	6	0	6	0	0	0	0	1	4
785.200	0	0	0	0	0	0	0	0	0	0	0	0	0	0	0	0	17	0	11	1	0	0	0	0	0	11	0	8	0	4	0	0	0	0	0	7
785.400	0	0	0	0	0	0	0	1	0	0	0	0	0	0	0	0	22	0	7	4	0	0	0	0	0	16	0	10	0	4	0	0	0	0	0	3
785.600	0	0	0	0	0	0	0	1	0	0	0	0	0	0	0	0	22	0	12	2	0	0	0	0	0	17	0	6	0	6	0	0	0	0	0	6
785.800	0	0	0	0	0	0	0	1	0	0	0	0	0	0	0	0	17	0	15	4	0	0	0	0	0	11	0	9	0	5	0	0	0	0	0	5
786.000	0	0	0	0	0	0	0	0	0	0	0	0	0	0	0	0	16	0	12	3	0	0	0	0	0	11	0	5	0	1	0	0	0	0	0	6
786.200	0	0	0	0	0	0	0	0	0	0	0	0	0	0	0	0	21	0	17	1	0	0	0	0	0	19	0	8	0	1	0	0	0	0	0	6
786.400	0	0	0	0	0	0	0	0	0	0	0	0	0	0	0	0	21	0	3	3	0	0	0	0	0	14	0	1	0	3	0	0	0	0	0	4
786.600	0	0	0	0	0	0	0	0	0	0	0	0	0	0	0	0	13	0	8	4	0	0	0	0	0	13	0	9	0	2	0	0	0	0	0	5
786.800	0	0	0	0	0	0	0	2	0	0	0	0	0	0	0	0	20	0	10	4	0	0	0	0	0	11	0	5	0	2	0	0	0	0	1	3
787.000	0	0	0	0	0	0	0	0	0	0	0	0	0	0	0	0	25	0	13	3	0	0	0	0	0	6	0	7	0	1	0	0	0	0	1	6
787.200	0	0	0	0	0	0	0	0	0	0	0	0	0	0	0	0	23	0	8	1	0	0	0	0	0	6	0	11	0	1	0	0	0	0	0	5
787.400	0	0	0	0	0	0	0	4	0	0	0	0	0	0	0	0	18	0	9	4	0	0	0	0	0	14	0	3	0	6	1	0	0	0	0	6
787.600	0	0	0	0	0	0	0	0	0	0	0	0	0	0	0	0	10	0	11	4	0	0	1	0	0	15	0	9	0	3	0	0	0	0	1	6
787.800	0	0	0	0	0	0	0	1	0	0	0	0	0	0	0	0	16	0	8	4	0	0	0	0	0	10	0	6	0	3	0	0	0	0	0	6
788.000	0	0	0	0	0	0	0	6	0	0	0	0	0	0	0	0	17	0	10	2	0	0	0	0	0	10	0	7	0	2	0	0	0	0	0	1
788.200	0	0	0	0	0	0	0	1	0	0	0	0	0	0	0	0	17	0	12	6	0	0	0	0	0	14	0	8	0	1	0	0	0	0	1	1
788.400	0	0	0	0	0	0	0	0	0	0	0	0	0	0	0	0	20	0	12	5	0	0	0	0	0	4	0	6	0	0	0	0	0	0	0	5
788.600	0	0	0	0	0	0	0	0	0	0	0	0	0	0	0	0	19	0	7	4	0	0	0	0	0	11	0	4	0	5	0	0	0	0	1	4
788.800	0	0	0	0	0	0	0	0	0	0	0	0	0	0	0	0	17	0	14	6	0	0	0	0	0	15	0	1	0	2	0	0	0	0	0	3
789.000	0	0	0	0	0	0	0	2	0	0	0	0	0	0	0	0	16	0	13	6	0	0	0	0	0	16	0	6	0	7	0	0	0	0	1	6
789.200	0	0	0	0	0	0	0	2	0	0	0	0	0	0	0	0	16	0	8	7	0	0	0	0	0	9	0	4	0	5	0	0	0	0	0	6
789.400	0	0	0	0	0	0	0	6	0	0	0	0	0	0	0	0	18	0	15	0	0	0	0	0	0	11	0	3	0	2	0	0	0	0	0	6
789.600	0	0	0	0	0	0	0	1	0	0	0	0	0	0	0	0	15	0	11	5	0	0	0	0	0	8	0	2	0	5	0	0	0	0	0	4
789.800	0	0	0	0	0	0	0	0	0	0	0	0	0	0	0	0	24	0	9	5	0	0	0	0	0	10	0	5	0	5	0	0	0	0	1	3
790.000	0	0	0	0	0	0	0	0	0	0	0	0	0	0	0	0	18	0	15	4	0	0	0	0	0	10	0	5	0	4	0	0	0	0	0	5
790.200	0	0	0	0	0	0	0	0	0	0	0	0	0	0	0	0	10	0	12	1	0	0	0	0	0	8	0	6	0	8	0	0	0	0	0	3
790.400	0	0	0	0	0	0	0	4	0	0	0	0	0	0	0	0	20	0	13	3	0	0	0	0	0	9	0	5	0	5	0	0	0	0	1	2
790.600	0	0	0	0	0	0	0	2	0	0	0	0	0	0	0	0	26	0	11	2	0	0	0	0	0	9	0	4	0	1	0	0	0	0	0	5
790.800	0	0	0	0	0	0	0	6	0	0	0	0	0	0	0	0	18	0	9	3	0	0	0	0	0	14	0	6	0	6	0	0	0	0	0	3
791.000	0	0	0	0	0	0	0	7	0	0	0	0	0	0	0	0	22	0	10	4	0	0	0	0	0	14	0	6	0	2	0	0	0	0	0	3
791.200	0	0	0	0	0	0	0	4	5	0	0	0	0	0	0	0	16	0	15	4	0	0	1	0	0	12	0	6	0	1	0	0	0	0	0	4
791.400	0	0	0	0	0	0	0	7	6	0	0	0	0	0	0	0	17	0	9	3	0	0	0	0	0	12	0	5	0	4	0	0	0	0	0	2
791.600	0	0	0	0	0	0	0	2	7	0	0	0	0	0	0	0	17	0	12	1	0	0	0	0	0	13	0	4	0	1	0	0	0	0	0	5
791.800	0	0	0	0	0	0	0	3	1	0	0	0	0	0	0	0	18	0	8	4	0	0	0	0	0	18	0	5	0	2	0	0	0	0	1	3
792.000	0	0	0	0	0	0	0	7	3	0	0	0	0	0	0	0	18	0	10	1	0	0	0	0	0	18	0	5	0	2	0	0	0	0	0	1
792.200	0	0	0	0	0	0	0	4	3	0	0	0	0	0	0	0	19	0	13	4	0	0	0	0	0	17	0	6	0	2	0	0	0	0	0	4
792.400	0	0	0	0	0	0	0	7	1	0	0	0	0	0	0	0	17	0	10	4	0	0	2	0	0	16	0	5	0	1	0	0	0	0	0	4
792.600	0	0	0	0	0	0	0	9	1	0	0	0	0	0	0	0	20	0	12	1	0	0	2	0	0	10	0	6	0	6	0	0	0	0	0	3
792.800	0	0	0	0	0	0	0	9	1	0	0	0	0	0	0	0	20	0	11	3	0	0	0	0	0	9	0	5	0	5	0	0	0	0	0	3
793.000	0	0	0	0	0	0	0	6	2	0	0	0	0	0	0	0	12	0	13	2	0	0	0	0	0	13	0	6	0	3	0	0	0	0	0	6
793.200	0	0	0	0	0	0	0	4	1	0	0	0	0	0	0	0	20	0	8	2	0	0	0	0	0	7	0	6	0	1	0	0	0	0	0	2
793.400	0	0	0	0	0	0	0	6	1	0	0	0	0	0	0	0	17	0	7	1	0	0	0	0	0	10	0	8	0	2	0	0	0	0	0	7
793.600	0	0	0	0	0	0	0	6	3	0	0	0	0	0	0	0	17	0	3	1	0	0	0	0	0	13	0	6	0	5	0	0	0	0	0	2
793.800	0	0	0	0	0	0	0	7	1	0	0	0	0	0	0	0	13	0	8	1	0	0	0	0	0	10	0	8	0	6	0	0	0	0	0	4
794.000	0	0	0	0	0	0	0	8	1	0	0	0	0	0	0	0	16	0	5	4	0	0	0	0	0	13	0	6	0	1	0	0	0	0	0	4
794.200	0	0	0	0	0	0	0	9	0	0	0	0	0	0	0	0	21	0	9	2	0	0	0	0	0	15	0	7	0	5	0	0	0	0	0	3
794.400	0	0	0	0	0	0	0	9	0	0	0	0	0	0	0	0	16	0	9	1	0	0	0	0	0	16	0	7	0	4	0	0	0	0	0	4
794.600	0	0	0	0	0	0	0	8	1	0	0	0	0	0	0	0	16	0	2	1	0	0	0	0	0	10	0	7	0	7	0	0	0	0	1	8
794.800	0	0	0	0	0	0	0	0	0	0	0	0	0	0	0	0	15	0	2	1	0	0	0	0	0	14	0	7	0	2	0	0	0	0	0	5
795.000	0	0	0	0	0	0	0	8	0	0	0	0	0	0	0	0	11	0	2	1	0	0	0	0	0	8	0	8	0	3	0	0	0	0	0	8
795.200	0	0	0	0	0	0	0	6	0	0	0	0	0	0	0	0	18	0	3	1	0	0	0	0	0	16	0	6	0	6	0	0	0	0	0	3
795.400	0	0	0	0	0	0	0	3	0	0	0	0	0	0	0	0	17	0	2	3	0	0	0	0	0	17	0	7	0	3	0	0	0	0	0	5
795.600	0	0	0	0	0	0	0	1	0	0	0	0	0	0	0	0	22	0	2	4	0	0	0	0	0	13	0	8	0	2	0	0	0	0	0	6
795.800	0	0	0	0	0	0	0	7	0	0	0	0	0	0	0	0	18	0	6	1	0	0	0	0	0	16	0	8	0	5	0	0	0	0	0	5
796.000	0	0	0	0	0	0	0	4	0	0	0	0	0	0	0	0	18	0	5	1	0	0	0	0	0	16	0	4	0	2	0	0	0	0	0	4
796.200	0	0	0	0	0	0	0	3	0	0	0	0	0	0	0	0	15	0	6	1	0	0	0	0	0	13	0	2	0	3	0	0	0	0	0	4
796.400	0	0	0	0	0	0	0	0	0	0	0	0	0	0	0	0	18	0	13	2	0	0	0	0	0	18	0	6	0	5	0	0	0	0	0	4
796.600	0	0	0	0	0	0	0	9	0	0	0	0	0	0	0	0	12	0	10	1	0	0	0	0	0	12	0	6	0	5	0	0	0	0	1	9
796.800	0	0	0	0	0	0	0	6	0	0	0	0	0	0	0	0	8	0	14	1	0	0	0	0	0	9	0	1	0	1	0	0	0	0	1	6
797.000	0	0	0	0	0	0	0	9	0	0	0	0	0	0	0	0	14	0	6	3	0	0	0	0	0	11	0	5	0	0	0	0	0	0	0	9
797.200	0	0	0	0	0	0	0	9	0	0	0	0	0	0	0	0	12	0	8	3	0	0	0	0	0	16	0	1	0	1	0	0	0	0	0	8
797.400	0	0	0	0	0	0	0	9	0	0	0	0	0	0	0	0	18	0	9	4	0	0	0	0	0	9	0	1	0	1	0	0	0	0	1	7
797.600	0	0	0	0	0	0	0	6	0	0	0	0	0	0	0	0	17	0	10	2	0	0	0	0	0	11	0	6	0	5	0	0	0	0	0	3
797.800	0	0	0	0	0	0	0	6	0	0	0	0	0	0	0	0	17	0	14	3	0	0	0	0	0	9	0	3	0	2	0	0	0	0	0	4
798.000	0	0	0	0	0	0	0	8	0	0	0	0	0	0	0	0	16	0	9	3	0	0	0	0	0	11	0	7	0	6	2	0	0	0	1	15
798.200	0	0	0	0	0	0	0	7	0	0	0	0	0	0	0	0	18	0	13	4	0	0	0	0	0	13	0	8	0	1	0	0	0	0	1	6
798.400	0	0	0	0	0	0	0	9	0	0	0	0	0	0	0	0	16	0	15	1	0	0	0	0	0	9	0	1	0	3	0	0	0	0	0	2
798.600	0	0	0	0	0	0	0	0	0	0	0	0	0	0	0	0	16	0	8	2	0	0	0	0	0	10	0	5	0	4	2	0	0	0	0	2
798.800	0	0	0	0	0	0	0	9	0	0	0	0	0	0	0	0	19	0	10	1	0	0	0	0	0	16	0	6	0	2	1	0	0	0	0	8
799.000	0	0	0	0	0	0	0	9	0	0	0	0	0	0	0	0	17	0	17	2	0	0	0	0	0	7	0	3	0	4	0	0	0	0	1	3
799.200	0	0	0	0	0	0	0	10	0	0	0	0	0	0	0	0	20	0	14	2	0	0	0	0	0	11	0	6	0	4	0	0	0	0	0	2
799.400	0	0	0	0	0	0	0	7	0	0	0	0	0	0	0	0	19	0	15	1	0	0	0	0	0	8	0	8	0	7	0	0	0	0	1	6
799.600	0	0	0	0	0	0	0	10	0	0	0	0	0	0	0	0	19	0	11	2	0	0	0	0	0	12	0	10	0	0	0	0	0	0	1	2
799.800	0	0	0	0	0	0	0	6	0	0	0	0	0	0	0	0	22	0	15	4	0	0	0	0	0	13	0	6	0	1	0	0	0	0	1	5
800.000	0	0	0	0	0	0	0	0	0	0	0	0	0	0	0	0	24	0	15	1	0	0	0	0	0	7	0	7	0	4	0	0	0	0	0	1
800.200	0	0	0	0	0	0	0	0	0	0	0	0	0	0	0	0	15	0	12	2	0	0	0	0	0	11	0	6	0	0	1	0	0	0	0	4
800.400	0	0	0	0	0	0	0	0	0	0	0	0	0	0	0	0	24	0	17	2	0	0	0	0	0	9	0	4	0	5	0	0	0	0	2	16
800.600	0	0	0	0	0	0	0	8	0	0	0	0	0	0	0	0	25	0	15	1	0	0	0	0	0	10	0	5	0	5	1	0	0	0	0	13
800.800	0	0	0	0	0	0	0	7	0	0	0	0	0	0	0	0	18	0	7	3	0	0	0	0	0	14	0	5	0	4	2	0	0	0	1	16
801.000	0	0	0	0	0	0	0	7	0	0	0	0	0	0	0	0	25	0	10	4	0	0	1	0	0	9	0	1	0	2	0	0	0	0	0	19
801.200	0	0	0	0	0	0	0	9	0	0	0	0	0	0	0	0	23	0	16	3	0	0	2	0	0	7	0	8	0	3	0	0	0	0	2	16
801.400	0	0	0	0	0	0	0	7	0	0	0	0	0	0	0	0	22	0	13	4	0	0	2	0	0	14	0	9	0	2	1	0	0	0	1	20
801.600	0	0	0	0	0	0	0	7	0	0	0	0	0	0	0	0	16	0	16	1	0	0	2	0	0	9	0	6	0	6	2	0	0	0	1	17
801.800	0	0	0	0	0	0	0	6	0	0	0	0	0	0	0	0	19	0	17	4	0	0	2	0	0	7	0	4	0	1	0	0	0	0	1	15
802.000	0	0	0	0	0	0	0	5	0	0	0	0	0	0	0	0	19	0	13	4	0	0	2	0	0	13	0	8	0	1	0	0	0	0	1	8
802.200	0	0	0	0	0	0	0	1	0	0	0	0	0	0	0	0	15	0	13	1	0	0	2	0	0	11	0	5	0	5	0	0	0	0	1	4
802.400	0	0	0	0	0	0	0	1	0	0	0	0	0	0	0	0	15	0	6	3	0	0	1	0	0	20	0	6	0	5	1	0	0	0	1	10
802.600	0	0	0	0	0	0	0	2	0	0	0	0	0	0	0	0	19	0	11	3	0	0	2	0	0	11	0	0	0	1	0	0	0	0	1	7
802.800	0	0	0	0	0	0	0	0	0	0	0	0	0	0	0	0	23	0	15	3	0	0	0	0	0	6	0	8	0	1	1	0	0	0	1	6
803.000	0	0	0	0	0	0	0	5	0	0	0	0	0	0	0	0	20	0	13	3	0	0	2	0	0	12	0	6	0	2	1	0	0	0	0	4
803.200	0	0	0	0	0	0	0	4	0	0	0	0	0	0	0	0	21	0	15	3	0	0	1	0	0	14	0	3	0	3	3	0	0	0	1	5
803.400	0	0	0	0	0	0	0	6	0	0	0	0	0	0	0	0	15	0	15	2	0	0	2	0	0	18	0	6	0	1	0	0	0	0	0	3
803.600	0	0	0	0	0	0	0	1	0	0	0	0	0	0	0	0	18	0	12	4	0	0	2	0	0	14	0	6	0	4	0	0	0	0	0	7
803.800	0	0	0	0	0	0	0	0	0	0	0	0	0	0	0	0	20	0	11	4	0	0	1	0	0	16	0	3	0	1	0	0	0	0	1	7
804.000	0	0	0	0	0	0	0	4	0	0	0	0	0	0	0	0	23	0	16	4	0	0	2	0	0	14	0	6	0	5	0	0	0	0	1	9
804.200	0	0	0	0	0	0	0	6	0	0	0	0	0	0	0	0	22	0	16	3	0	0	2	0	0	17	0	7	0	4	0	0	0	0	1	11
804.400	0	0	0	0	0	0	0	0	0	0	0	0	0	0	0	0	21	0	13	4	0	0	0	0	0	16	0	7	0	5	0	0	0	0	0	15
804.600	0	0	0	0	0	0	0	0	0	0	0	0	0	0	0	0	18	0	8	4	0	0	0	0	0	10	0	6	0	2	0	0	0	0	1	11
804.800	0	0	0	0	0	0	0	0	0	0	0	0	0	0	0	0	19	0	8	1	0	0	2	0	0	11	0	4	0	3	0	0	0	0	1	20
805.000	0	0	0	0	0	0	0	0	0	0	0	0	0	0	0	0	24	0	14	2	0	0	2	0	0	16	0	10	0	3	0	0	0	0	0	12
805.200	0	0	0	0	0	0	0	0	0	0	0	0	0	0	0	0	19	0	11	2	0	0	2	0	0	13	0	4	0	5	1	0	0	0	0	20
805.400	0	0	0	0	0	0	0	1	0	0	0	0	0	0	0	0	22	0	10	3	0	0	1	0	0	15	0	2	0	1	0	0	0	0	0	20
805.600	0	0	0	0	0	0	0	5	0	0	0	0	0	0	0	0	16	0	16	4	0	0	2	0	0	14	0	6	0	6	0	0	0	0	0	14
805.800	0	0	0	0	0	0	0	3	0	0	0	0	0	0	0	0	17	0	19	3	0	0	1	0	0	14	0	7	0	3	0	0	0	0	1	19
806.000	0	0	0	0	0	0	0	0	0	0	0	0	0	0	0	0	22	0	17	4	0	0	1	0	0	12	0	3	0	1	0	0	0	0	0	17
806.200	0	0	0	0	0	0	0	0	0	0	0	0	0	0	0	0	12	0	17	4	0	0	2	0	0	12	0	6	0	4	0	0	0	0	1	14
806.400	0	0	0	0	0	0	0	0	0	0	0	0	0	0	0	0	19	0	14	3	0	0	0	0	0	8	0	7	0	4	0	0	0	0	0	18
806.600	0	0	0	0	0	0	0	0	0	0	0	0	0	0	0	0	14	0	11	4	0	0	0	0	0	15	0	6	0	1	0	0	0	0	0	16
806.800	0	0	0	0	0	0	0	1	0	0	0	0	0	0	0	0	20	0	10	4	0	0	2	0	0	14	0	6	0	1	0	0	0	0	1	18
807.000	0	0	0	0	0	0	0	4	0	0	0	0	0	0	0	0	15	0	12	4	0	0	0	0	0	16	0	0	0	0	0	0	0	0	1	21
807.200	0	0	0	0	0	0	0	5	0	0	0	0	0	0	0	0	20	0	10	2	0	0	0	0	0	12	0	1	0	5	0	0	0	0	1	13
807.400	0	0	0	0	0	0	0	5	0	0	0	0	0	0	0	0	23	0	12	3	0	0	0	0	0	16	0	3	0	6	0	0	0	0	0	14
807.600	0	0	0	0	0	0	0	0	0	0	0	0	0	0	0	0	20	0	7	3	0	0	0	0	0	17	0	8	0	4	0	0	0	0	0	7
807.800	0	0	0	0	0	0	0	3	0	0	0	0	0	0	0	0	23	0	13	4	0	0	0	0	0	11	0	5	0	3	0	0	0	0	1	20
808.000	0	0	0	0	0	0	0	2	0	0	0	0	0	0	0	0	20	0	7	2	0	0	0	0	0	9	0	6	0	5	0	0	0	0	1	12
808.200	0	0	0	0	0	0	0	2	0	0	0	0	0	0	0	0	22	0	9	1	0	0	0	0	0	11	0	3	0	4	1	0	0	0	0	13
808.400	0	0	0	0	0	0	0	3	0	0	0	0	0	0	0	0	20	0	18	4	0	0	0	0	0	15	0	3	0	2	0	0	0	0	2	12
808.600	0	0	0	0	0	0	0	4	0	0	0	0	0	0	0	0	17	0	15	4	0	0	0	0	0	15	0	4	0	3	1	0	0	0	1	10
808.800	0	0	0	0	0	0	0	4	0	0	0	0	0	0	0	0	19	0	18	4	0	0	0	0	0	15	0	4	0	3	0	0	0	0	1	18
809.000	0	0	0	0	0	0	0	6	0	0	0	0	0	0	0	0	16	0	16	3	0	0	0	0	0	11	0	7	0	5	0	0	0	0	1	11
809.200	0	0	0	0	0	0	0	7	0	0	0	0	0	0	0	0	25	0	7	4	0	0	0	0	0	9	0	8	0	3	0	0	0	0	0	2
809.400	0	0	0	0	0	0	0	11	0	0	0	0	0	0	0	0	19	0	14	4	0	0	1	0	0	7	0	2	0	1	0	0	0	0	1	5
809.600	0	0	0	0	0	0	0	10	0	0	0	0	0	0	0	0	21	0	8	3	0	0	0	0	0	12	0	8	0	5	0	0	0	0	0	5
809.800	0	0	0	0	0	0	0	9	0	0	0	0	0	0	0	0	21	0	19	4	0	0	1	0	0	10	0	5	0	1	0	0	0	0	0	6
810.000	0	0	0	0	0	0	0	9	0	0	0	0	0	0	0	0	21	0	8	2	0	0	0	0	0	12	0	8	0	2	0	0	0	0	0	4
810.200	0	0	0	0	0	0	0	9	0	0	0	0	0	0	0	0	14	0	11	3	0	0	0	0	0	10	0	9	0	1	0	0	0	0	0	4
810.400	0	0	0	0	0	0	0	6	0	0	0	0	0	0	0	0	20	0	10	2	0	0	0	0	0	10	0	6	0	0	0	0	0	0	0	5
810.600	0	0	0	0	0	0	0	6	0	0	0	0	0	0	0	0	17	0	11	3	0	0	0	0	0	10	0	2	0	4	0	0	0	0	0	3
810.800	0	0	0	0	0	0	0	7	0	0	0	0	0	0	0	0	25	0	13	1	0	0	0	0	0	9	0	6	0	1	0	0	0	0	1	4
811.000	0	0	0	0	0	0	0	8	0	0	0	0	0	0	0	0	22	0	11	2	0	0	0	0	0	9	0	6	0	6	0	0	0	0	0	6
811.200	0	0	0	0	0	0	0	9	0	0	0	0	0	0	0	0	24	0	17	2	0	0	0	0	0	9	0	6	0	4	0	0	0	0	1	3
811.400	0	0	0	0	0	0	0	7	0	0	0	0	0	0	0	0	22	0	9	4	0	0	0	0	0	15	0	8	0	6	0	0	0	0	0	5
811.600	0	0	0	0	0	0	0	7	0	0	0	0	0	0	0	0	20	0	11	3	0	0	0	0	0	14	0	1	0	4	0	0	0	0	1	4
811.800	0	0	0	0	0	0	0	6	0	0	0	0	0	0	0	0	16	0	14	4	0	0	0	0	0	8	0	0	0	2	0	0	0	0	1	3
812.000	0	0	0	0	0	0	0	8	0	0	0	0	0	0	0	0	29	0	11	4	0	0	0	0	0	7	0	2	0	5	0	0	0	0	1	4
812.200	0	0	0	0	0	0	0	7	0	0	0	0	0	0	0	0	24	0	15	3	0	0	0	0	0	14	0	4	0	4	0	0	0	0	1	2
812.400	0	0	0	0	0	0	0	8	0	0	0	0	0	0	0	0	21	0	12	1	0	0	0	0	0	12	0	6	0	1	0	0	0	0	0	3
812.600	0	0	0	0	0	0	0	7	0	0	0	0	0	0	0	0	21	0	18	3	0	0	0	0	0	13	0	1	0	3	0	0	0	0	0	5
812.800	0	0	0	0	0	0	0	7	0	0	0	0	0	0	0	0	20	0	13	4	0	0	0	0	0	13	0	2	0	4	0	0	0	0	1	5
813.000	0	0	0	0	0	0	0	9	0	0	0	0	0	0	0	0	24	0	16	4	0	0	0	0	0	15	0	1	0	3	0	0	0	0	0	10
813.200	0	0	0	0	0	0	0	9	0	0	0	0	0	0	0	0	20	0	11	4	0	0	0	0	0	7	0	1	0	1	0	0	0	0	1	8
813.400	0	0	0	0	0	0	0	7	0	0	0	0	0	0	0	0	21	0	10	4	0	0	0	0	0	8	0	2	0	4	0	0	0	0	0	9
813.600	0	0	0	0	0	0	0	6	0	0	0	0	0	0	0	0	21	0	12	2	0	0	0	0	0	7	0	1	0	3	0	0	0	0	1	11
813.800	0	0	0	0	0	0	0	8	0	0	0	0	0	0	0	0	27	0	13	2	0	0	1	0	0	6	0	4	0	5	0	0	0	0	1	11
814.000	0	0	0	0	0	0	0	9	0	0	0	0	0	0	0	0	24	0	13	4	0	0	0	0	0	7	0	2	0	2	0	0	0	0	1	6
814.200	0	0	0	0	0	0	0	7	0	0	0	0	0	0	0	0	27	0	12	4	0	0	0	0	0	10	0	2	0	5	0	0	0	0	0	10
814.400	0	0	0	0	0	0	0	9	0	0	0	0	0	0	0	0	24	0	16	4	0	0	0	0	0	8	0	3	0	4	0	0	0	0	0	4
814.600	0	0	0	0	0	0	0	8	0	0	0	0	0	0	0	0	25	0	14	3	0	0	0	0	0	6	0	0	0	0	0	0	0	0	1	13
814.800	0	0	0	0	0	0	0	6	0	0	0	0	0	0	0	0	24	0	13	5	0	0	0	0	0	9	0	1	0	5	0	0	0	0	0	4
815.000	0	0	0	0	0	0	0	9	0	0	0	0	0	0	0	0	22	0	16	3	0	0	0	0	0	10	0	0	0	3	0	0	0	0	0	7
815.200	0	0	0	0	0	0	0	10	0	0	0	0	0	0	0	0	20	0	15	1	0	0	0	0	0	7	0	1	0	2	0	0	0	0	1	5
815.400	0	0	0	0	0	0	0	8	0	0	0	0	0	0	0	0	18	0	14	4	0	0	0	0	0	7	0	2	0	4	0	0	0	0	1	8
815.600	0	0	0	0	0	0	0	7	0	0	0	0	0	0	0	0	26	0	10	4	0	0	0	0	0	9	0	4	0	4	0	0	0	0	1	6
815.800	0	0	0	0	0	0	0	7	0	0	0	0	0	0	0	0	14	0	16	5	0	0	0	0	0	10	0	5	0	6	0	0	0	0	0	6
816.000	0	0	0	0	0	0	0	10	0	0	0	0	0	0	0	0	19	0	14	2	0	0	0	0	0	7	0	6	0	2	0	0	0	0	0	6
816.200	0	0	0	0	0	0	0	8	0	0	0	0	0	0	0	0	24	0	8	4	0	0	1	0	0	12	0	4	0	4	0	0	0	0	0	9
816.400	0	0	0	0	0	0	0	7	0	0	0	0	0	0	0	0	15	0	10	4	0	0	2	0	0	8	0	5	0	2	0	0	0	0	0	6
816.600	0	0	0	0	0	0	0	8	0	0	0	0	0	0	0	0	14	0	11	5	0	0	2	0	0	11	0	2	0	3	0	0	0	0	1	9
816.800	0	0	0	0	0	0	0	8	0	0	0	0	0	0	0	0	11	0	11	4	0	0	0	0	0	6	0	1	0	1	0	0	0	0	0	7
817.000	0	0	0	0	0	0	0	6	0	0	0	0	0	0	0	0	13	0	10	5	0	0	0	0	0	10	0	3	0	2	0	0	0	0	0	8
817.200	0	0	0	0	0	0	0	9	0	0	0	0	0	0	0	0	22	0	9	5	0	0	0	0	0	12	0	6	0	4	0	0	0	0	0	3
817.400	0	0	0	0	0	0	0	9	0	0	0	0	0	0	0	0	17	0	5	4	0	0	0	0	0	7	0	5	0	6	0	0	0	0	0	7
817.600	0	0	0	0	0	0	0	9	0	0	0	0	0	0	0	0	12	0	14	3	0	0	0	0	0	9	0	2	0	6	0	0	0	0	0	5
817.800	0	0	0	0	0	0	0	7	0	0	0	0	0	0	0	0	14	0	8	4	0	0	0	0	0	5	0	4	0	6	0	0	0	0	0	4
818.000	0	0	0	0	0	0	0	7	0	0	0	0	0	0	0	0	13	0	13	4	0	0	1	0	0	14	0	9	0	4	0	0	0	0	1	4
818.200	0	0	0	0	0	0	0	8	0	0	0	0	0	0	0	0	19	0	10	4	0	0	2	0	0	15	0	6	0	2	0	0	0	0	1	4
818.400	0	0	0	0	0	0	0	8	0	0	0	0	0	0	0	0	26	0	4	4	0	0	1	0	0	15	0	4	0	5	0	0	0	0	1	4
818.600	0	0	0	0	0	0	0	7	0	0	0	0	0	0	0	0	28	0	6	3	0	0	0	0	0	15	0	7	0	6	0	0	0	0	0	5
818.800	0	0	0	0	0	0	0	10	0	0	0	0	0	0	0	0	22	0	6	5	0	0	0	0	0	12	0	6	0	4	0	0	0	0	0	6
819.000	0	0	0	0	0	0	0	10	0	0	0	0	0	0	0	0	28	0	9	1	0	0	1	0	0	9	0	6	0	5	0	0	0	0	0	7
819.200	0	0	0	0	0	0	0	6	0	0	0	0	0	0	0	0	24	0	5	3	0	0	0	0	0	19	0	8	0	5	0	0	0	0	0	5
819.400	0	0	0	0	0	0	0	7	0	0	0	0	0	0	0	0	18	0	6	1	0	0	1	0	0	17	0	3	0	6	0	0	0	0	0	1
819.600	0	0	0	0	0	0	0	6	0	0	0	0	0	0	0	0	13	0	5	1	0	0	0	0	0	11	0	2	0	1	0	0	0	0	0	5
819.800	0	0	0	0	0	0	0	8	0	0	0	0	0	0	0	0	18	0	7	2	0	0	0	0	0	12	0	4	0	3	0	0	0	0	0	3
820.000	0	0	0	0	0	0	0	7	0	0	0	0	0	0	0	0	15	0	9	2	0	0	0	0	0	13	0	6	0	5	0	0	0	0	0	4
820.200	0	0	0	0	0	0	0	7	0	0	0	0	0	0	0	0	13	0	5	1	0	0	0	0	0	12	0	4	0	5	0	0	0	0	0	4
820.400	0	0	0	0	0	0	0	9	0	0	0	0	0	0	0	0	19	0	7	1	0	0	0	0	0	12	0	6	0	5	0	0	0	0	1	6
820.600	0	0	0	0	0	0	0	9	0	0	0	0	0	0	0	0	17	0	7	2	0	0	0	0	0	16	0	2	0	1	0	0	0	0	0	4
820.800	0	0	0	0	0	0	0	9	0	0	0	0	0	0	0	0	17	0	11	1	0	0	1	0	0	12	0	1	0	6	0	0	0	0	0	3
821.000	0	0	0	0	0	0	0	6	0	0	0	0	0	0	0	0	18	0	13	3	0	0	2	0	0	14	0	6	0	2	0	0	0	0	0	4
821.200	0	0	0	0	0	0	0	9	0	0	0	0	0	0	0	0	19	0	14	1	0	0	2	0	0	10	0	2	0	7	0	0	0	0	1	2
821.400	0	0	0	0	0	0	0	7	0	0	0	0	0	0	0	0	21	0	8	1	0	0	2	0	0	13	0	5	0	3	0	0	0	0	0	3
821.600	0	0	0	0	0	0	0	9	0	0	0	0	0	0	0	0	21	0	11	1	0	0	2	0	0	11	0	3	0	5	0	0	0	0	0	3
821.800	0	0	0	0	0	0	0	5	0	0	0	0	0	0	0	0	23	0	12	2	0	0	2	0	0	10	0	9	0	5	0	0	0	0	0	5
822.000	0	0	0	0	0	0	0	5	0	0	0	0	0	0	0	0	17	0	8	1	0	0	1	0	0	15	0	9	0	10	1	0	0	0	0	4
822.200	0	0	0	0	0	0	0	5	0	0	0	0	0	0	0	0	21	0	13	4	0	0	2	0	0	10	0	5	0	9	1	0	0	0	0	8
822.400	0	0	0	0	0	0	0	6	0	0	0	0	0	0	0	0	24	0	13	3	0	0	1	0	0	14	0	4	0	9	0	0	0	0	0	7
822.600	0	0	0	0	0	0	0	4	0	0	0	0	0	0	0	0	14	0	13	1	0	0	0	0	0	14	0	3	0	7	0	0	0	0	0	4
822.800	0	0	0	0	0	0	0	9	0	0	0	0	0	0	0	0	23	0	14	2	0	0	2	0	0	12	0	4	0	7	0	0	0	0	0	5
823.000	0	0	0	0	0	0	0	7	0	0	0	0	0	0	0	0	21	0	7	3	0	0	2	0	0	11	0	5	0	3	0	0	0	0	0	5
823.200	0	0	0	0	0	0	0	5	0	0	0	0	0	0	0	0	13	0	10	4	0	0	2	0	0	14	0	5	0	4	0	0	0	0	0	4
823.400	0	0	0	0	0	0	0	6	0	0	0	0	0	0	0	0	18	0	8	4	0	0	2	0	0	14	0	1	0	4	0	0	0	0	0	6
823.600	0	0	0	0	0	0	0	6	0	0	0	0	0	0	0	0	21	0	11	4	0	0	2	0	0	16	0	4	0	8	0	0	0	0	0	2
823.800	0	0	0	0	0	0	0	0	0	0	0	0	0	0	0	0	16	0	13	1	0	0	3	0	0	12	0	5	0	8	0	0	0	0	1	4
824.000	0	0	0	0	0	0	0	6	0	0	0	0	0	0	0	0	17	0	14	2	0	0	2	0	0	6	0	2	0	4	0	0	0	0	0	3
824.200	0	0	0	0	0	0	0	5	0	0	0	0	0	0	0	0	28	0	10	5	0	0	2	0	0	11	0	2	0	7	0	0	0	0	0	4
824.400	0	0	0	0	0	0	0	6	0	0	0	0	0	0	0	0	20	0	9	1	0	0	0	0	0	19	0	5	0	5	1	0	0	0	0	3
824.600	0	0	0	0	0	0	0	9	0	0	0	0	0	0	0	0	17	0	9	2	0	0	2	0	0	20	0	5	0	5	4	0	0	0	1	3
824.800	0	0	0	0	0	0	0	8	0	0	0	0	0	0	0	0	26	0	17	4	0	0	2	0	0	13	0	5	0	5	0	0	0	0	0	7
825.000	0	0	0	0	0	0	0	6	0	0	0	0	0	0	0	0	19	0	12	1	0	0	2	0	0	11	0	3	0	3	3	0	0	0	0	4
825.200	0	0	0	0	0	0	0	9	0	0	0	0	0	0	0	0	12	0	11	3	0	0	2	0	0	12	0	5	0	2	1	0	0	0	0	2
825.400	0	0	0	0	0	0	0	6	0	0	0	0	0	0	0	0	17	0	15	2	0	0	2	0	0	11	0	5	0	0	0	0	0	0	0	4
825.600	0	0	0	0	0	0	0	7	0	0	0	0	0	0	0	0	17	0	15	2	0	0	2	0	0	10	0	5	0	4	0	0	0	0	0	3
825.800	0	0	0	0	0	0	0	9	0	0	0	0	0	0	0	0	23	0	16	2	0	0	2	0	0	9	0	3	0	3	1	0	0	0	0	3
826.000	0	0	0	0	0	0	0	9	0	0	0	0	0	0	0	0	16	0	10	2	0	0	3	0	0	13	0	4	0	6	1	0	0	0	0	4
826.200	0	0	0	0	0	0	0	8	0	0	0	0	0	0	0	0	20	0	9	3	0	0	2	0	0	14	0	3	0	3	0	0	0	0	0	3
826.400	0	0	0	0	0	0	0	0	0	0	0	0	0	0	0	0	15	0	14	2	0	0	2	0	0	10	0	4	0	3	0	0	0	0	0	8
826.600	0	0	0	0	0	0	0	6	0	0	0	0	0	0	0	0	11	0	12	3	0	0	2	0	0	12	0	4	0	5	0	0	0	0	0	5
826.800	0	0	0	0	0	0	0	5	0	0	0	0	0	0	0	0	21	0	13	2	0	0	2	0	0	14	0	4	0	6	0	0	0	0	0	4
827.000	0	0	0	0	0	0	0	5	0	0	0	0	0	0	0	0	22	0	10	1	0	0	0	0	0	7	0	3	0	6	0	0	0	0	0	6
827.200	0	0	0	0	0	0	0	8	0	0	0	0	0	0	0	0	21	0	11	5	0	0	0	0	0	10	0	5	0	5	2	0	0	0	0	8
827.400	0	0	0	0	0	0	0	9	0	0	0	0	0	0	0	0	15	0	14	1	0	0	0	0	0	11	0	5	0	4	0	0	0	0	0	2
827.600	0	0	0	0	0	0	0	6	0	0	0	0	0	0	0	0	19	0	15	4	0	0	2	0	0	10	0	2	0	3	0	0	0	0	1	3
827.800	0	0	0	0	0	0	0	5	0	0	0	0	0	0	0	0	18	0	11	1	0	0	0	0	0	13	0	4	0	9	0	0	0	0	1	8
828.000	0	0	0	0	0	0	0	4	0	0	0	0	0	0	0	0	10	0	16	1	0	0	2	0	0	11	0	2	0	3	2	0	0	0	0	5
828.200	0	0	0	0	0	0	0	5	0	0	0	0	0	0	0	0	18	0	13	2	0	0	0	0	0	13	0	5	0	2	4	0	0	0	0	4
828.400	0	0	0	0	0	0	0	5	0	0	0	0	0	0	0	0	23	0	10	4	0	0	0	0	0	13	0	3	0	7	0	0	0	0	0	5
828.600	0	0	0	0	0	0	0	2	0	0	0	0	0	0	0	0	20	0	15	3	0	0	0	0	0	14	0	5	0	6	0	0	0	0	0	5
828.800	0	0	0	0	0	0	0	2	0	0	0	0	0	0	0	0	18	0	17	2	0	0	1	0	0	13	0	3	0	6	1	0	0	0	0	5
829.000	0	0	0	0	0	0	0	2	0	0	0	0	0	0	0	0	19	0	13	4	0	0	1	0	0	19	0	2	0	7	0	0	0	0	0	6
829.200	0	0	0	0	0	0	0	0	0	0	0	0	0	0	0	0	13	0	15	1	0	0	2	0	0	14	0	3	0	5	0	0	0	0	0	4
829.400	0	0	0	0	0	0	0	8	0	0	0	0	0	0	0	0	22	0	15	1	0	0	2	0	0	15	0	3	0	5	0	0	0	0	0	3
829.600	0	0	0	0	0	0	0	6	0	0	0	0	0	0	0	0	14	0	11	1	0	0	1	0	0	13	0	5	0	3	0	0	0	0	0	4
829.800	0	0	0	0	0	0	0	9	0	0	0	0	0	0	0	0	18	0	16	1	0	0	0	0	0	9	0	3	0	6	0	0	0	0	0	4
830.000	0	0	0	0	0	0	0	5	0	0	0	0	0	0	0	0	13	0	12	3	0	0	1	0	0	12	0	4	0	7	0	0	0	0	0	7
830.200	0	0	0	0	0	0	0	7	0	0	0	0	0	0	0	0	18	0	11	3	0	0	2	0	0	10	0	5	0	3	0	0	0	0	0	4
830.400	0	0	0	0	0	0	0	5	0	0	0	0	0	0	0	0	20	0	12	4	0	0	2	0	0	15	0	6	0	4	0	0	0	0	0	5
830.600	0	0	0	0	0	0	0	6	0	0	0	0	0	0	0	0	17	0	15	1	0	0	2	0	0	14	0	4	0	1	0	0	0	0	0	4
830.800	0	0	0	0	0	0	0	9	0	0	0	0	0	0	0	0	17	0	16	3	0	0	2	0	0	11	0	5	0	5	0	0	0	0	0	4
831.000	0	0	0	0	0	0	0	5	0	0	0	0	0	0	0	0	19	0	16	1	0	0	2	0	0	13	0	3	0	5	0	0	0	0	0	3
831.200	0	0	0	0	0	0	0	0	0	0	0	0	0	0	0	0	23	0	14	3	0	0	2	0	0	16	0	4	0	4	1	0	0	0	0	6
831.400	0	0	0	0	0	0	0	2	0	0	0	0	0	0	0	0	21	0	19	4	0	0	2	0	0	16	0	6	0	4	0	0	0	0	1	3
831.600	0	0	0	0	0	0	0	0	0	0	0	0	0	0	0	0	22	0	13	2	0	0	2	0	0	10	0	2	0	6	0	0	0	0	0	6
831.800	0	0	0	0	0	0	0	5	0	0	0	0	0	0	0	0	25	0	12	4	0	0	2	0	0	13	0	5	0	4	0	0	0	0	0	6
832.000	0	0	0	0	0	0	0	2	0	0	0	0	0	0	0	0	14	0	17	1	0	0	2	0	0	17	0	3	0	3	0	0	0	0	0	2
832.200	0	0	0	0	0	0	0	1	0	0	0	0	0	0	0	0	12	0	13	1	0	0	2	0	0	9	0	5	0	3	0	0	0	0	1	4
832.400	0	0	0	0	0	0	0	2	0	0	0	0	0	0	0	0	14	0	13	4	0	0	2	0	0	10	0	4	0	4	2	0	0	0	0	2
832.600	0	0	0	0	0	0	0	3	0	0	0	0	0	0	0	0	12	0	8	1	0	0	0	0	0	10	0	4	0	3	1	0	0	0	1	6
832.800	0	0	0	0	0	0	0	2	0	0	0	0	0	0	0	0	20	0	15	1	0	0	2	0	0	12	0	2	0	6	0	0	0	0	1	2
833.000	0	0	0	0	0	0	0	1	0	0	0	0	0	0	0	0	19	0	11	3	0	0	0	0	0	11	0	2	0	0	0	0	0	0	1	5
833.200	0	0	0	0	0	0	0	0	0	0	0	0	0	0	0	0	14	0	7	3	0	0	0	0	0	5	0	2	0	1	0	0	0	0	1	6
833.400	0	0	0	0	0	0	0	1	0	0	0	0	0	0	0	0	16	0	7	2	0	0	0	0	0	13	0	4	0	5	1	0	0	0	1	5
833.600	0	0	0	0	0	0	0	3	0	0	0	0	0	0	0	0	16	0	14	2	0	0	2	0	0	11	0	4	0	6	3	0	0	0	1	4
833.800	0	0	0	0	0	0	0	4	0	0	0	0	0	0	0	0	13	0	12	1	0	0	0	0	0	14	0	5	0	1	0	0	0	0	1	5
834.000	0	0	0	0	0	0	0	3	0	0	0	0	0	0	0	0	17	0	9	3	0	0	0	0	0	12	0	3	0	3	0	0	0	0	0	6
834.200	0	0	0	0	0	0	0	1	0	0	0	0	0	0	0	0	15	0	14	4	0	0	0	0	0	11	0	4	0	5	1	0	0	0	1	2
834.400	0	0	0	0	0	0	0	3	0	0	0	0	0	0	0	0	19	0	11	0	0	0	0	0	0	17	0	4	0	10	1	0	0	0	0	2
834.600	0	0	0	0	0	0	0	5	0	0	0	0	0	0	0	0	18	0	11	1	0	0	1	0	0	14	0	2	0	2	0	0	0	0	0	5
834.800	0	0	0	0	0	0	0	4	0	0	0	0	0	0	0	0	10	0	10	3	0	0	2	0	0	10	0	2	0	0	0	0	0	0	0	7
835.000	0	0	0	0	0	0	0	6	0	0	0	0	0	0	0	0	13	0	9	2	0	0	2	0	0	4	0	4	0	3	2	0	0	0	1	5
835.200	0	0	0	0	0	0	0	9	0	0	0	0	0	0	0	0	20	0	14	3	0	0	2	0	0	10	0	5	0	5	1	0	0	0	1	3
835.400	0	0	0	0	0	0	0	9	0	0	0	0	0	0	0	0	21	0	11	4	0	0	2	0	0	10	0	3	0	5	0	0	0	0	1	6
835.600	0	0	0	0	0	0	0	8	0	0	0	0	0	0	0	0	15	0	10	2	0	0	2	0	0	6	0	2	0	5	0	0	0	0	1	6
835.800	0	0	0	0	0	0	0	0	0	0	0	0	0	0	0	0	18	0	9	1	0	0	2	0	0	15	0	6	0	7	1	0	0	0	1	4
836.000	0	0	0	0	0	0	0	9	0	0	0	0	0	0	0	0	18	0	11	2	0	0	2	0	0	16	0	4	0	5	1	0	0	0	0	0
836.200	0	0	0	0	0	0	0	7	0	0	0	0	0	0	0	0	17	0	10	4	0	0	2	0	0	15	0	5	0	6	2	0	0	0	1	5
836.400	0	0	0	0	0	0	0	9	0	0	0	0	0	0	0	0	20	0	5	1	0	0	2	0	0	14	0	3	0	6	0	0	0	0	1	3
836.600	0	0	0	0	0	0	0	8	0	0	0	0	0	0	0	0	20	0	12	1	0	0	0	0	0	15	0	3	0	5	0	0	0	0	1	3
836.800	0	0	0	0	0	0	0	7	0	0	0	0	0	0	0	0	19	0	8	2	0	0	2	0	0	17	0	2	0	1	0	0	0	0	0	4
837.000	0	0	0	0	0	0	0	2	0	0	0	0	0	0	0	0	21	0	7	3	0	0	3	0	0	16	0	8	0	4	0	0	0	0	0	4
837.200	0	0	0	0	0	0	0	7	0	0	0	0	0	0	0	0	19	0	10	1	0	0	2	0	0	13	0	8	0	3	0	0	0	0	1	4
837.400	0	0	0	0	0	0	0	7	0	0	0	0	0	0	0	0	14	0	15	1	0	0	2	0	0	10	0	5	0	5	0	0	0	0	1	4
837.600	0	0	0	0	0	0	0	5	0	0	0	0	0	0	0	0	20	0	6	2	0	0	2	0	0	19	0	4	0	5	0	0	0	0	0	4
837.800	0	0	0	0	0	0	0	11	0	0	0	0	0	0	0	0	16	0	10	1	0	0	2	0	0	5	0	8	0	6	0	0	0	0	1	5
838.000	0	0	0	0	0	0	0	7	0	0	0	0	0	0	0	0	21	0	9	1	0	0	2	0	0	12	0	7	0	4	1	0	0	0	0	7
838.200	0	0	0	0	0	0	0	7	0	0	0	0	0	0	0	0	18	0	12	1	0	0	3	0	0	11	0	4	0	7	0	0	0	0	0	3
838.400	0	0	0	0	0	0	0	9	0	0	0	0	0	0	0	0	15	0	9	1	0	0	2	0	0	8	0	3	0	3	0	0	0	0	0	2
838.600	0	0	0	0	0	0	0	1	0	0	0	0	0	0	0	0	21	0	13	1	0	0	2	0	0	11	0	9	0	5	0	0	0	0	0	4
838.800	0	0	0	0	0	0	0	3	0	0	0	0	0	0	0	0	13	0	9	1	0	0	2	0	0	18	0	10	0	1	0	0	0	0	0	4
839.000	0	0	0	0	0	0	0	1	0	0	0	0	0	0	0	0	20	0	8	3	0	0	2	0	0	9	0	5	0	6	0	0	0	0	0	8
839.200	0	0	0	0	0	0	0	6	0	0	0	0	0	0	0	0	16	0	10	1	0	0	2	0	0	15	0	5	0	3	0	0	0	0	0	6
839.400	0	0	0	0	0	0	0	0	0	0	0	0	0	0	0	0	18	0	8	4	0	0	2	0	0	16	0	2	0	2	0	0	0	0	0	5
839.600	0	0	0	0	0	0	0	0	0	0	0	0	0	0	0	0	21	0	7	4	0	0	2	0	0	14	0	10	0	5	0	0	0	0	0	7
839.800	0	0	0	0	0	0	0	0	0	0	0	0	0	0	0	0	19	0	7	3	0	0	2	0	0	11	0	8	0	1	0	0	0	0	0	10
840.000	0	0	0	0	0	0	0	0	0	0	0	0	0	0	0	0	13	0	10	1	0	0	2	0	0	10	0	8	0	1	0	0	0	0	0	8
840.200	0	0	0	0	0	0	0	0	0	0	0	0	0	0	0	0	18	0	11	3	0	0	2	0	0	9	0	5	0	3	0	0	0	0	1	3
840.400	0	0	0	0	0	0	0	0	0	0	0	0	0	0	0	0	17	0	10	2	0	0	2	0	0	9	0	6	0	2	0	0	0	0	0	1
840.600	0	0	0	0	0	0	0	0	0	0	0	0	0	0	0	0	17	0	6	2	0	0	3	0	0	15	0	3	0	5	0	0	0	0	0	3
840.800	0	0	0	0	0	0	0	0	0	0	0	0	0	0	0	0	16	0	6	1	0	0	2	0	0	7	0	4	0	4	0	0	0	0	0	4
841.000	0	0	0	0	0	0	0	0	0	0	0	0	0	0	0	0	10	0	11	1	0	0	2	0	0	8	0	8	0	5	1	0	0	0	0	13
841.200	0	0	0	0	0	0	0	0	0	0	0	0	0	0	0	0	16	0	9	3	0	0	1	0	0	11	0	5	0	2	0	0	0	0	0	4
841.400	0	0	0	0	0	0	0	0	0	0	0	0	0	0	0	0	13	0	15	1	0	0	2	0	0	7	0	4	0	3	0	0	0	0	0	4
841.600	0	0	0	0	0	0	0	0	0	0	0	0	0	0	0	0	17	0	7	2	0	0	2	0	0	14	0	4	0	2	1	0	0	0	0	4
841.800	0	0	0	0	0	0	0	0	0	0	0	0	0	0	0	0	13	0	8	3	0	0	2	0	0	16	0	4	0	7	1	0	0	0	0	7
842.000	0	0	0	0	0	0	0	0	0	0	0	0	0	0	0	0	21	0	16	2	0	0	2	0	0	11	0	2	0	5	1	0	0	0	1	10
842.200	0	0	0	0	0	0	0	1	0	0	0	0	0	0	0	0	18	0	9	3	0	0	2	0	0	10	0	4	0	7	0	0	0	0	1	9
842.400	0	0	0	0	0	0	0	3	0	0	0	0	0	0	0	0	22	0	7	2	0	0	2	0	0	10	0	6	0	2	0	0	0	0	1	14
842.600	0	0	0	0	0	0	0	5	0	0	0	0	0	0	0	0	21	0	10	6	0	0	2	0	0	11	0	0	0	2	0	0	0	0	0	20
842.800	0	0	0	0	0	0	0	3	0	0	0	0	0	0	0	0	21	0	9	1	0	0	2	0	0	11	0	7	0	5	1	0	0	0	1	13
843.000	0	0	0	0	0	0	0	2	0	0	0	0	0	0	0	0	19	0	12	3	0	0	2	0	0	11	0	3	0	1	0	0	0	0	0	12
843.200	0	0	0	0	0	0	0	0	0	0	0	0	0	0	0	0	17	0	8	3	0	0	2	0	0	7	0	1	0	2	0	0	0	0	0	14
843.400	0	0	0	0	0	0	0	4	0	0	0	0	0	0	0	0	17	0	9	2	0	0	3	0	0	7	0	5	0	3	0	0	0	0	0	13
843.600	0	0	0	0	0	0	0	2	0	0	0	0	0	0	0	0	22	0	6	1	0	0	3	0	0	14	0	8	0	7	1	0	0	0	0	19
843.800	0	0	0	0	0	0	0	7	0	0	0	0	0	0	0	0	20	0	9	3	0	0	2	0	0	6	0	6	0	4	0	0	0	0	1	17
844.000	0	0	0	0	0	0	0	7	0	0	0	0	0	0	0	0	16	0	13	4	0	0	2	0	0	8	0	3	0	4	0	0	0	0	0	13
844.200	0	0	0	0	0	0	0	7	0	0	0	0	0	0	0	0	13	0	14	2	0	0	2	0	0	12	0	1	0	4	0	0	0	0	1	23
844.400	0	0	0	0	0	0	0	5	0	0	0	0	0	0	0	0	21	0	9	3	0	0	0	0	0	9	0	10	0	3	0	0	0	0	0	17
844.600	0	0	0	0	0	0	0	2	0	0	0	0	0	0	0	0	20	0	5	1	0	0	3	0	0	20	0	2	0	3	0	0	0	0	1	17
844.800	0	0	0	0	0	0	0	1	0	0	0	0	0	0	0	0	19	0	15	4	0	0	2	0	0	9	0	2	0	6	0	0	0	0	0	20
845.000	0	0	0	0	0	0	0	0	0	0	0	0	0	0	0	0	22	0	10	3	0	0	2	0	0	11	0	4	0	4	2	0	0	0	1	18
845.200	0	0	0	0	0	0	0	3	0	0	0	0	0	0	0	0	19	0	13	1	0	0	2	0	0	14	0	3	0	4	0	0	0	0	0	14
845.400	0	0	0	0	0	0	0	1	2	0	0	0	0	0	0	0	18	0	15	1	0	0	3	0	0	14	0	6	0	6	1	0	0	0	0	18
845.600	0	0	0	0	0	0	0	1	0	0	0	0	0	0	0	0	17	0	10	4	0	0	0	0	0	15	0	6	0	6	0	0	0	0	1	16
845.800	0	0	0	0	0	0	0	6	0	0	0	0	0	0	0	0	18	0	10	4	0	0	0	0	0	12	0	4	0	7	0	0	0	0	0	21
846.000	0	0	0	0	0	0	0	4	0	0	0	0	0	0	0	0	20	0	8	1	0	0	1	0	0	15	0	2	0	10	1	0	0	0	0	16
846.200	0	0	0	0	0	0	0	1	0	0	0	0	0	0	0	0	15	0	8	3	0	0	0	0	0	16	0	1	0	1	0	0	0	0	1	6
846.400	0	0	0	0	0	0	0	1	1	0	0	0	0	0	0	0	19	0	7	1	0	0	0	0	0	10	0	6	0	6	0	0	0	0	1	9
846.600	0	0	0	0	0	0	0	0	0	0	0	0	0	0	0	0	25	0	3	2	0	0	0	0	0	20	0	1	0	0	0	0	0	0	0	12
846.800	0	0	0	0	0	0	0	1	0	0	0	0	0	0	0	0	18	0	8	4	0	0	0	0	0	10	0	4	0	5	0	0	0	0	0	10
847.000	0	0	0	0	0	0	0	0	0	0	0	0	0	0	0	0	15	0	13	1	0	0	0	0	0	13	0	1	0	2	0	0	0	0	0	14
847.200	0	0	0	0	0	0	0	0	0	0	0	0	0	0	0	0	18	0	14	2	0	0	0	0	0	9	0	5	0	4	0	0	0	0	1	17
847.400	0	0	0	0	0	0	0	0	0	0	0	0	0	0	0	0	19	0	16	1	0	0	0	0	0	13	0	5	0	4	0	0	0	0	1	15
847.600	0	0	0	0	0	0	0	1	0	0	0	0	0	0	0	0	15	0	18	3	0	0	0	0	0	20	0	5	0	4	2	0	0	0	1	19
847.800	0	0	0	0	0	0	0	2	0	0	0	0	0	0	0	0	15	0	16	1	0	0	2	0	0	10	0	4	0	1	0	0	0	0	1	14
848.000	0	0	0	0	0	0	0	1	0	0	0	0	0	0	0	0	23	0	15	3	0	0	2	0	0	9	0	5	0	6	2	0	0	0	0	13
848.200	0	0	0	0	0	0	0	0	0	0	0	0	0	0	0	0	17	0	5	1	0	0	0	0	0	13	0	6	0	5	0	0	0	0	1	13
848.400	0	0	0	0	0	0	0	1	0	0	0	0	0	0	0	0	22	0	8	3	0	0	0	0	0	10	0	6	0	3	2	0	0	0	0	4
848.600	0	0	0	0	0	0	0	6	0	0	0	0	0	0	0	0	20	0	8	1	0	0	2	0	0	13	0	5	0	5	0	0	0	0	1	10
848.800	0	0	0	0	0	0	0	0	0	0	0	0	0	0	0	0	23	0	5	4	0	0	0	0	0	15	0	7	0	9	0	0	0	0	0	4
849.000	0	0	0	0	0	0	0	0	0	0	0	0	0	0	0	0	17	0	4	4	0	0	0	0	0	9	0	6	0	1	2	0	0	0	0	9
849.200	0	0	0	0	0	0	0	0	0	0	0	0	0	0	0	0	22	0	5	4	0	0	0	0	0	12	0	5	0	4	1	0	0	0	1	9
849.400	0	0	0	0	0	0	0	0	0	0	0	0	0	0	0	0	11	0	12	1	0	0	0	0	0	13	0	5	0	4	1	0	0	0	1	12
849.600	0	0	0	0	0	0	0	1	0	0	0	0	0	0	0	0	25	0	11	4	0	0	0	0	0	12	0	5	0	9	1	0	0	0	0	8
849.800	0	0	0	0	0	0	0	1	0	0	0	0	0	0	0	0	11	0	15	2	0	0	0	0	0	12	0	5	0	6	1	0	0	0	1	13
850.000	0	0	0	0	0	0	0	1	0	0	0	0	0	0	0	0	14	0	5	3	0	0	1	0	0	14	0	6	0	8	3	0	0	0	0	18
850.200	0	0	0	0	0	0	0	3	0	0	0	0	0	0	0	0	21	0	15	4	0	0	2	0	0	9	0	5	0	3	0	0	0	0	1	17
850.400	0	0	0	0	0	0	0	2	0	0	0	0	0	0	0	0	19	0	17	2	0	0	1	0	0	4	0	5	0	7	2	0	0	0	1	18
850.600	0	0	0	0	0	0	0	2	0	0	0	0	0	0	0	0	17	0	13	3	0	0	2	0	0	5	0	5	0	6	0	0	0	0	0	14
850.800	0	0	0	0	0	0	0	4	0	0	0	0	0	0	0	0	17	0	6	2	0	0	0	0	0	13	0	6	0	6	0	0	0	0	1	20
851.000	0	0	0	0	0	0	0	2	0	0	0	0	0	0	0	0	14	0	14	3	0	0	0	0	0	11	0	6	0	6	0	0	0	0	1	16
851.200	0	0	0	0	0	0	0	5	0	0	0	0	0	0	0	0	12	0	6	1	0	0	0	0	0	10	0	5	0	1	1	0	0	0	1	16
851.400	0	0	0	0	0	0	0	3	0	0	0	0	0	0	0	0	13	0	3	2	0	0	0	0	0	11	0	6	0	3	1	0	0	0	0	16
851.600	0	0	0	0	0	0	0	1	0	0	0	0	0	0	0	0	17	0	2	2	0	0	0	0	0	15	0	6	0	4	0	0	0	0	0	17
851.800	0	0	0	0	0	0	0	0	0	0	0	0	0	0	0	0	20	0	9	3	0	0	0	0	0	13	0	8	0	7	2	0	0	0	0	15
852.000	0	0	0	0	0	0	0	0	0	0	0	0	0	0	0	0	14	0	15	1	0	0	0	0	0	8	0	7	0	3	0	0	0	0	1	18
852.200	0	0	0	0	0	0	0	0	0	0	0	0	0	0	0	0	11	0	12	1	0	0	1	0	0	12	0	5	0	7	1	0	0	0	0	14
852.400	0	0	0	0	0	0	0	0	0	0	0	0	0	0	0	0	15	0	12	1	0	0	2	0	0	7	0	5	0	5	0	0	0	0	1	18
852.600	0	0	0	0	0	0	0	0	0	0	0	0	0	0	0	0	15	0	10	4	0	0	2	0	0	10	0	3	0	0	1	0	0	0	0	16
852.800	0	0	0	0	0	0	0	0	0	0	0	0	0	0	0	0	17	0	9	1	0	0	2	0	0	12	0	4	0	1	0	0	0	0	0	15
853.000	0	0	0	0	0	0	0	0	0	0	0	0	0	0	0	0	14	0	12	1	0	0	2	0	0	9	0	2	0	6	2	0	0	0	1	19
853.200	0	0	0	0	0	0	0	0	0	0	0	0	0	0	0	0	18	0	9	3	0	0	3	0	0	14	0	3	0	6	1	0	0	0	0	14
853.400	0	0	0	0	0	0	0	1	0	0	0	0	0	0	0	0	12	0	4	4	0	0	2	0	0	12	0	4	0	6	0	0	0	0	0	23
853.600	0	0	0	0	0	0	0	0	0	0	0	0	0	0	0	0	13	0	7	4	0	0	2	0	0	12	0	5	0	4	0	0	0	0	0	20
853.800	0	0	0	0	0	0	0	0	0	0	0	0	0	0	0	0	17	0	5	4	0	0	2	0	0	15	0	3	0	6	2	0	0	0	1	21
854.000	0	0	0	0	0	0	0	0	0	0	0	0	0	0	0	0	16	0	10	3	0	0	2	0	0	12	0	6	0	7	1	0	0	0	1	18
854.200	0	0	0	0	0	0	0	0	0	0	0	0	0	0	0	0	8	0	14	1	0	0	2	0	0	16	0	2	0	5	0	0	0	0	1	15
854.400	0	0	0	0	0	0	0	0	0	0	0	0	0	0	0	0	10	0	11	1	0	0	2	0	0	8	0	7	0	8	3	0	0	0	0	13
854.600	0	0	0	0	0	0	0	0	0	0	0	0	0	0	0	0	9	0	12	2	0	0	1	0	0	13	0	7	0	3	0	0	0	0	0	17
854.800	0	0	0	0	0	0	0	0	0	0	0	0	0	0	0	0	11	0	4	1	0	0	0	0	0	10	0	4	0	3	0	0	0	0	0	13
855.000	0	0	0	0	0	0	0	0	0	0	0	0	0	0	0	0	12	0	4	1	0	0	1	0	0	10	0	6	0	4	0	0	0	0	1	11
855.200	0	0	0	0	0	0	0	0	0	0	0	0	0	0	0	0	14	0	4	1	0	0	2	0	0	15	0	6	0	5	0	0	0	0	1	17
855.400	0	0	0	0	0	0	0	0	0	0	0	0	0	0	0	0	10	1	16	1	0	0	2	0	0	16	0	8	0	9	1	0	0	0	1	15
855.600	0	0	0	0	0	0	0	0	0	0	0	0	0	0	0	0	13	0	17	3	0	0	2	0	0	9	0	2	0	7	0	0	0	0	1	16
855.800	0	0	0	0	0	0	0	0	0	0	0	0	0	0	0	0	14	0	17	4	0	0	2	0	0	10	0	2	0	8	0	0	0	0	1	17
856.000	0	0	0	0	0	0	0	0	0	0	0	0	0	0	0	0	23	0	9	4	0	0	2	0	0	8	0	5	0	4	0	0	0	0	1	10
856.200	0	0	0	0	0	0	0	0	0	0	0	0	0	0	0	0	11	0	11	1	0	0	2	0	0	10	0	2	0	8	2	0	0	0	0	17
856.400	0	0	0	0	0	0	0	0	0	0	0	0	0	0	0	0	8	0	16	1	0	0	2	0	0	13	0	4	0	6	2	0	0	0	0	13
856.600	0	0	0	0	0	0	0	0	0	0	0	0	0	0	0	0	8	0	8	1	0	0	2	0	0	8	0	6	0	5	0	0	0	0	1	15
856.800	0	0	0	0	0	0	0	0	0	0	0	0	0	0	0	0	11	0	7	1	0	0	2	0	0	13	0	5	0	6	3	0	0	0	1	7
857.000	0	0	0	0	0	0	0	0	0	0	0	0	0	0	0	0	8	0	15	0	0	0	2	0	0	15	0	5	0	5	3	0	0	0	0	6
857.200	0	0	0	0	0	0	0	0	0	0	0	0	0	0	0	0	10	0	8	4	0	0	2	0	0	10	0	4	0	4	0	0	0	0	1	17
857.400	0	0	0	0	0	0	0	0	0	0	0	0	0	0	0	0	11	0	15	1	0	0	2	0	0	14	0	5	0	6	2	0	0	0	1	13
857.600	0	0	0	0	0	0	0	0	0	0	0	0	0	0	0	0	13	0	17	1	0	0	3	0	0	9	0	6	0	7	3	0	0	0	0	15
857.800	0	0	0	0	0	0	0	0	0	0	0	0	0	0	0	0	7	0	13	1	0	0	2	0	0	11	0	5	0	8	0	0	0	0	1	16
858.000	0	0	0	0	0	0	0	0	0	0	0	0	0	0	0	0	15	0	10	1	0	0	2	0	0	15	0	4	0	3	0	0	0	0	0	14
858.200	0	0	0	0	0	0	0	0	0	0	0	0	0	0	0	0	13	0	10	1	0	0	2	0	0	11	0	5	0	5	0	0	0	0	0	17
858.400	0	0	0	0	0	0	0	0	0	0	0	0	0	0	0	0	10	0	13	2	0	0	2	0	0	16	0	5	0	6	0	0	0	0	1	14
858.600	0	0	0	0	0	0	0	0	0	0	0	0	0	0	0	0	8	0	18	2	0	0	0	0	0	14	0	6	0	3	0	0	0	0	1	18
858.800	0	0	0	0	0	0	0	0	0	0	0	0	0	0	0	0	20	0	12	1	0	0	1	0	0	15	0	4	0	0	0	0	0	0	0	15
859.000	0	0	0	0	0	0	0	0	0	0	0	0	0	0	0	0	16	0	14	1	0	0	2	0	0	11	0	7	0	1	0	0	0	0	0	16
859.200	0	0	0	0	0	0	0	0	0	0	0	0	0	0	0	0	13	0	10	1	0	0	2	0	0	8	0	6	0	3	0	0	0	0	0	14
859.400	0	0	0	0	0	0	0	0	0	0	0	0	0	0	0	0	12	0	12	1	0	0	2	0	0	4	0	7	0	4	0	0	0	0	0	13
859.600	0	0	0	0	0	0	0	0	0	0	0	0	0	0	0	0	8	0	8	1	0	0	2	0	0	9	0	6	0	9	0	0	0	0	0	19
859.800	0	0	0	0	0	0	0	0	0	0	0	0	0	0	0	0	14	0	15	4	0	0	2	0	0	7	0	7	0	6	2	0	0	0	1	17
860.000	0	0	0	0	0	0	0	0	0	0	0	0	0	0	0	0	21	0	15	1	0	0	2	0	0	12	0	11	0	3	0	0	0	0	1	17
860.200	0	0	0	0	0	0	0	0	0	0	0	0	0	0	0	0	21	0	9	3	0	0	2	0	0	11	0	6	0	1	0	0	0	0	1	17
860.400	0	0	0	0	0	0	0	0	0	0	0	0	0	0	0	0	11	0	12	3	0	0	3	0	0	7	0	8	0	5	0	0	0	0	1	20
860.600	0	0	0	0	0	0	0	0	0	0	0	0	0	0	0	0	12	0	12	3	0	0	2	0	0	9	0	6	0	5	0	0	0	0	1	14
860.800	0	0	0	0	0	0	0	0	0	0	0	0	0	0	0	0	17	0	14	4	0	0	3	0	0	10	0	5	0	8	0	0	0	0	1	15
861.000	0	0	0	0	0	0	0	0	0	0	0	0	0	0	0	0	18	0	9	2	0	0	2	0	0	10	0	8	0	4	0	0	0	0	1	16
861.200	0	0	0	0	0	0	0	0	0	0	0	0	0	0	0	0	15	0	10	1	0	0	2	0	0	9	0	7	0	3	0	0	0	0	1	11
861.400	0	0	0	0	0	0	0	0	0	0	0	0	0	0	0	0	14	0	7	3	0	0	2	0	0	10	0	1	0	5	0	0	0	0	1	15
861.600	0	0	0	0	0	0	0	0	0	0	0	0	0	0	0	0	20	0	9	3	0	0	3	0	0	7	0	6	0	3	0	0	0	0	0	17
861.800	0	0	0	0	0	0	0	0	0	0	0	0	0	0	0	0	13	0	12	1	0	0	3	0	0	7	0	5	0	6	0	0	0	0	1	17
862.000	0	0	0	0	0	0	0	0	0	0	0	0	0	0	0	0	11	0	17	3	0	0	2	0	0	9	0	10	0	7	2	0	0	0	0	16
862.200	0	0	0	0	0	0	0	0	0	0	0	0	0	0	0	0	12	0	13	2	0	0	2	0	0	15	0	6	0	2	0	0	0	0	0	15
862.400	0	0	0	0	0	0	0	0	0	0	0	0	0	0	0	0	15	0	13	2	0	0	3	0	0	9	0	6	0	4	0	0	0	0	1	21
862.600	0	0	0	0	0	0	0	2	0	0	0	0	0	0	0	0	12	0	14	1	0	0	2	0	0	14	0	5	0	6	2	0	0	0	0	14
862.800	0	0	0	0	0	0	0	1	0	0	0	0	0	0	0	0	18	0	14	2	0	0	2	0	0	9	0	4	0	4	0	0	0	0	0	16
863.000	0	0	0	0	0	0	0	0	0	0	0	0	0	0	0	0	10	0	15	2	0	0	2	0	0	10	0	6	0	5	0	0	0	0	0	17
863.200	0	0	0	0	0	0	0	0	0	0	0	0	0	0	0	0	20	0	15	3	0	0	2	0	0	14	0	4	0	6	0	0	0	0	1	15
863.400	0	0	0	0	0	0	0	0	0	0	0	0	0	0	0	0	14	0	13	5	0	0	2	0	0	11	0	5	0	5	2	0	0	0	0	14
863.600	0	0	0	0	0	0	0	0	0	0	0	0	0	0	0	0	18	0	18	2	0	0	2	0	0	8	0	6	0	5	1	0	0	0	1	15
863.800	0	0	0	0	0	0	0	0	0	0	0	0	0	0	0	0	18	0	14	4	0	0	3	0	0	13	0	8	0	4	2	0	0	0	0	14
864.000	0	0	0	0	0	0	0	0	0	0	0	0	0	0	0	0	16	0	14	5	0	0	2	0	0	16	0	7	0	7	1	0	0	0	1	10
864.200	0	0	0	0	0	0	0	0	0	0	0	0	0	0	0	0	13	0	13	3	0	0	2	0	0	10	0	3	0	1	0	0	0	0	0	10
864.400	0	0	0	0	0	0	0	0	0	0	0	0	0	0	0	0	14	0	14	4	0	0	2	0	0	16	0	4	0	5	0	0	0	0	0	14
864.600	0	0	0	0	0	0	0	0	0	0	0	0	0	0	0	0	17	0	17	2	0	0	2	0	0	9	0	6	0	6	0	0	0	0	1	15
864.800	0	0	0	0	0	0	0	2	0	0	0	0	0	0	0	0	17	0	12	4	0	0	2	0	0	13	0	5	0	3	0	0	0	0	0	15
865.000	0	0	0	0	0	0	0	0	0	0	0	0	0	0	0	0	15	0	16	3	0	0	2	0	0	16	0	5	0	5	0	0	0	0	0	7
865.200	0	0	0	0	0	0	0	0	0	0	0	0	0	0	0	0	15	0	8	3	0	0	2	0	0	13	0	7	0	3	0	0	0	0	0	7
865.400	0	0	0	0	0	0	0	0	0	0	0	0	0	0	0	0	16	0	13	1	0	0	2	0	0	12	0	9	0	5	2	0	0	0	0	14
865.600	0	0	0	0	0	0	0	0	0	0	0	0	0	0	0	0	15	0	19	2	0	0	2	0	0	12	0	6	0	4	0	0	0	0	0	14
865.800	0	0	0	0	0	0	0	2	0	0	0	0	0	0	0	0	17	0	15	1	0	0	2	0	0	12	0	5	0	2	0	0	0	0	0	18
866.000	0	0	0	0	0	0	0	4	0	0	0	0	0	0	0	0	16	0	15	4	0	0	2	0	0	11	0	5	0	4	1	0	0	0	1	13
866.200	0	0	0	0	0	0	0	3	0	0	0	0	0	0	0	0	22	0	16	4	0	0	3	0	0	16	0	5	0	5	1	0	0	0	1	20
866.400	0	0	0	0	0	0	0	4	0	0	0	0	0	0	0	0	14	0	16	1	0	0	2	0	0	13	0	4	0	5	0	0	0	0	1	22
866.600	0	0	0	0	0	0	0	2	0	0	0	0	0	0	0	0	20	0	16	4	0	0	2	0	0	8	0	6	0	4	0	0	0	0	1	15
866.800	0	0	0	0	0	0	0	3	0	0	0	0	0	0	0	0	14	0	6	1	0	0	2	0	0	16	0	3	0	6	0	0	0	0	2	13
867.000	0	0	0	0	0	0	0	2	0	0	0	0	0	0	0	0	16	0	12	4	0	0	0	0	0	15	0	6	0	4	0	0	0	0	1	11
867.200	0	0	0	0	0	0	0	1	0	0	0	0	0	0	0	0	15	0	14	2	0	0	2	0	0	9	0	7	0	3	0	0	0	0	0	11
867.400	0	0	0	0	0	0	0	4	0	0	0	0	0	0	0	0	16	0	13	4	0	0	0	0	0	17	0	6	0	5	2	0	0	0	1	17
867.600	0	0	0	0	0	0	0	5	0	0	0	0	0	0	0	0	19	0	13	3	0	0	0	0	0	16	0	1	0	5	0	0	0	0	1	13
867.800	0	0	0	0	0	0	0	5	0	0	0	0	0	0	0	0	16	0	13	2	0	0	0	0	0	14	0	9	0	5	0	0	0	0	1	15
868.000	0	0	0	0	0	0	0	3	0	0	0	0	0	0	0	0	18	0	9	2	0	0	0	0	0	12	0	4	0	4	0	0	0	0	0	2
868.200	0	0	0	0	0	0	0	5	0	0	0	0	0	0	0	0	19	0	13	1	0	0	0	0	0	10	0	7	0	4	0	0	0	0	0	6
868.400	0	0	0	0	0	0	0	1	0	0	0	0	0	0	0	0	4	0	14	3	0	0	0	0	0	14	0	10	0	6	0	0	0	0	0	3
868.600	0	0	0	0	0	0	0	1	0	0	0	0	0	0	0	0	10	0	13	1	0	0	0	0	0	14	0	6	0	5	1	0	0	0	0	3
868.800	0	0	0	0	0	0	0	2	0	0	0	0	0	0	0	0	7	0	14	2	0	0	0	0	0	11	0	7	0	4	0	0	0	0	1	10
869.000	0	0	0	0	0	0	0	0	0	0	0	0	0	0	0	0	7	0	14	1	0	0	0	0	0	15	0	0	0	1	0	0	0	0	1	4
869.200	0	0	0	0	0	0	0	1	0	0	0	0	0	0	0	0	12	0	14	2	0	0	1	0	0	10	0	4	0	6	0	0	0	0	0	5
869.400	0	0	0	0	0	0	0	3	0	0	0	0	0	0	0	0	9	0	10	4	0	0	0	0	0	10	0	0	0	1	0	0	0	0	1	4
869.600	0	0	0	0	0	0	0	1	0	0	0	0	0	0	0	0	11	0	12	2	0	0	0	0	0	10	0	5	0	5	0	0	0	0	0	2
869.800	0	0	0	0	0	0	0	1	0	0	0	0	0	0	0	0	18	0	10	2	0	0	2	0	0	8	0	5	0	1	0	0	0	0	1	5
870.000	0	0	0	0	0	0	0	4	0	0	0	0	0	0	0	0	6	0	13	0	0	0	2	0	0	7	0	5	0	6	0	0	0	0	1	5
870.200	0	0	0	0	0	0	0	5	0	0	0	0	0	0	0	0	12	0	10	0	0	0	0	0	0	10	0	1	0	1	0	0	0	0	0	6
870.400	0	0	0	0	0	0	0	3	0	0	0	0	0	0	0	0	13	0	13	3	0	0	0	0	0	6	0	6	0	2	2	0	0	0	1	3
870.600	0	0	0	0	0	0	0	1	0	0	0	0	0	0	0	0	8	0	14	3	0	0	2	0	0	8	0	2	0	7	1	0	0	0	0	4
870.800	0	0	0	0	0	0	0	3	0	0	0	0	0	0	0	0	10	0	14	3	0	0	2	0	0	11	0	7	0	3	1	0	0	0	0	3
871.000	0	0	0	0	0	0	0	1	0	0	0	0	0	0	0	0	14	0	15	1	0	0	2	0	0	10	0	3	0	4	1	0	0	0	0	4
871.200	0	0	0	0	0	0	0	0	0	0	0	0	0	0	0	0	12	0	11	0	0	0	2	0	0	18	0	5	0	5	0	0	0	0	0	2
871.400	0	0	0	0	0	0	0	4	0	0	0	0	0	0	0	0	18	0	9	2	0	0	3	0	0	14	0	0	0	5	0	0	0	0	0	5
871.600	0	0	0	0	0	0	0	2	0	0	0	0	0	0	0	0	15	0	9	2	0	0	2	0	0	13	0	3	0	1	1	0	0	0	0	8
871.800	0	0	0	0	0	0	0	4	0	0	0	0	0	0	0	0	17	0	11	1	0	0	2	0	0	8	0	1	0	1	0	0	0	0	0	5
872.000	0	0	0	0	0	0	0	4	0	0	0	0	0	0	0	0	13	0	9	3	0	0	2	0	0	11	0	4	0	2	0	0	0	0	0	4
872.200	0	0	0	0	0	0	0	4	0	0	0	0	0	0	0	0	13	0	12	3	0	0	2	0	0	11	0	5	0	2	0	0	0	0	0	4
872.400	0	0	0	0	0	0	0	4	0	0	0	0	0	0	0	0	17	0	13	3	0	0	2	0	0	14	0	3	0	2	0	0	0	0	0	5
872.600	0	0	0	0	0	0	0	4	0	0	0	0	0	0	0	0	11	0	13	2	0	0	2	0	0	14	0	7	0	1	0	0	0	0	1	3
872.800	0	0	0	0	0	0	0	3	0	0	0	0	0	0	0	0	17	0	13	4	0	0	2	0	0	16	0	4	0	5	0	0	0	0	1	5
873.000	0	0	0	0	0	0	0	3	0	0	0	0	0	0	0	0	13	0	11	3	0	0	2	0	0	15	0	3	0	5	0	0	0	0	0	5
873.200	0	0	0	0	0	0	0	3	0	0	0	0	0	0	0	0	13	0	13	1	0	0	2	0	0	8	0	0	0	5	0	0	0	0	0	4
873.400	0	0	0	0	0	0	0	8	0	0	0	0	0	0	0	0	11	0	14	1	0	0	2	0	0	9	0	3	0	4	0	0	0	0	1	4
873.600	0	0	0	0	0	0	0	8	0	0	0	0	0	0	0	0	14	0	5	3	0	0	2	0	0	18	0	1	0	5	0	0	0	0	0	4
873.800	0	0	0	0	0	0	0	4	0	0	0	0	0	0	0	0	15	0	13	2	0	0	2	0	0	11	0	5	0	3	0	0	0	0	0	5
874.000	0	0	0	0	0	0	0	8	0	0	0	0	0	0	0	0	15	0	6	1	0	0	2	0	0	18	0	6	0	4	0	0	0	0	0	3
874.200	0	0	0	0	0	0	0	8	0	0	0	0	0	0	0	0	16	0	14	4	0	0	2	0	0	12	0	5	0	2	0	0	0	0	0	1
874.400	0	0	0	0	0	0	0	8	0	0	0	0	0	0	0	0	13	0	16	1	0	0	0	0	0	15	0	7	0	6	0	0	0	0	0	2
874.600	0	0	0	0	0	0	0	8	0	0	0	0	0	0	0	0	17	0	8	3	0	0	0	0	0	18	0	7	0	5	0	0	0	0	0	4
874.800	0	0	0	0	0	0	0	4	0	0	0	0	0	0	0	0	15	0	7	3	0	0	0	0	0	15	0	0	0	3	0	0	0	0	0	2
875.000	0	0	0	0	0	0	0	3	0	0	0	0	0	0	0	0	14	0	11	3	0	0	2	0	0	17	0	7	0	4	0	0	0	0	0	4
875.200	0	0	0	0	0	0	0	4	0	0	0	0	0	0	0	0	12	0	11	3	0	0	1	0	0	18	0	1	0	4	0	0	0	0	1	3
875.400	0	0	0	0	0	0	0	4	0	0	0	0	0	0	0	0	7	0	10	3	0	0	0	0	0	13	0	3	0	4	0	0	0	0	0	4
875.600	0	0	0	0	0	0	0	3	0	0	0	0	0	0	0	0	14	0	15	2	0	0	0	0	0	16	0	0	0	1	0	0	0	0	0	3
875.800	0	0	0	0	0	0	0	3	0	0	0	0	0	0	0	0	17	0	6	3	0	0	2	0	0	14	0	0	0	4	0	0	0	0	0	3
876.000	0	0	0	0	0	0	0	6	0	0	0	0	0	0	0	0	13	0	15	2	0	0	1	0	0	14	0	2	0	1	0	0	0	0	0	3
876.200	0	0	0	0	0	0	0	2	0	0	0	0	0	0	0	0	13	0	11	1	0	0	1	0	0	13	0	4	0	8	0	0	0	0	0	7
876.400	0	0	0	0	0	0	0	1	0	0	0	0	0	0	0	0	12	0	12	4	0	0	2	0	0	14	0	1	0	6	0	0	0	0	0	3
876.600	0	0	0	0	0	0	0	1	0	0	0	0	0	0	0	0	17	0	6	1	0	0	2	0	0	13	0	3	0	4	0	0	0	0	0	3
876.800	0	0	0	0	0	0	0	4	0	0	0	0	0	0	0	0	13	0	14	3	0	0	2	0	0	8	0	2	0	6	0	0	0	0	0	9
877.000	0	0	0	0	0	0	0	4	0	0	0	0	0	0	0	0	15	0	14	3	0	0	2	0	0	7	0	5	0	4	0	0	0	0	0	6
877.200	0	0	0	0	0	0	0	4	0	0	0	0	0	0	0	0	15	0	14	1	0	0	2	0	0	5	0	11	0	7	1	0	0	0	0	7
877.400	0	0	0	0	0	0	0	2	0	0	0	0	0	0	0	0	10	0	13	2	0	0	2	0	0	7	0	7	0	2	0	0	0	0	0	6
877.600	0	0	0	0	0	0	0	5	0	0	0	0	0	0	0	0	12	0	8	2	0	0	1	0	0	6	0	4	0	1	0	0	0	0	0	5
877.800	0	0	0	0	0	0	0	7	0	0	0	0	0	0	0	0	15	1	9	2	0	0	0	0	0	7	0	0	0	0	0	0	0	0	0	3
878.000	0	0	0	0	0	0	0	4	0	0	0	0	0	0	0	0	17	0	16	2	0	0	2	0	0	7	0	7	0	6	0	0	0	0	0	6
878.200	0	0	0	0	0	0	0	5	0	0	0	0	0	0	0	0	14	0	15	3	0	0	2	0	0	9	0	5	0	3	0	0	0	0	0	5
878.400	0	0	0	0	0	0	0	7	0	0	0	0	0	0	0	0	17	0	10	2	0	0	0	0	0	7	0	6	0	3	0	0	0	0	0	6
878.600	0	0	0	0	0	0	0	3	0	0	0	0	0	0	0	0	12	0	12	3	0	0	0	0	0	9	0	5	0	4	0	0	0	0	0	5
878.800	0	0	0	0	0	0	0	5	0	0	0	0	0	0	0	0	18	0	16	3	0	0	0	0	0	8	0	2	0	1	1	0	0	0	0	6
879.000	0	0	0	0	0	0	0	5	0	0	0	0	0	0	0	0	10	0	10	3	0	0	0	0	0	6	0	0	0	1	0	0	0	0	0	4
879.200	0	0	0	0	0	0	0	8	0	0	0	0	0	0	0	0	15	0	16	3	0	0	0	0	0	7	0	8	0	4	0	0	0	0	1	8
879.400	0	0	0	0	0	0	0	7	0	0	0	0	0	0	0	0	15	0	6	2	0	0	0	0	0	8	0	4	0	4	0	0	0	0	1	8
879.600	0	0	0	0	0	0	0	4	0	0	0	0	0	0	0	0	14	0	15	3	0	0	0	0	0	7	0	7	0	1	0	0	0	0	1	5
879.800	0	0	0	0	0	0	0	10	0	0	0	0	0	0	0	0	15	0	15	2	0	0	0	0	0	17	0	5	0	4	1	0	0	0	0	4
880.000	0	0	0	0	0	0	0	8	0	0	0	0	0	0	0	0	16	0	8	2	0	0	0	0	0	10	0	7	0	4	0	0	0	0	0	5
880.200	0	0	0	0	0	0	0	8	0	0	0	0	0	0	0	0	16	0	9	2	0	0	0	0	0	14	0	3	0	4	0	0	0	0	0	5
880.400	0	0	0	0	0	0	0	8	0	0	0	0	0	0	0	0	16	0	16	2	0	0	0	0	0	27	0	0	0	1	0	0	0	0	1	3
880.600	0	0	0	0	0	0	0	8	0	0	0	0	0	0	0	0	12	0	12	2	0	0	0	0	0	17	0	4	0	1	0	0	0	0	1	7
880.800	0	0	0	0	0	0	0	8	0	0	0	0	0	0	0	0	12	0	14	2	0	0	1	0	0	9	0	2	0	2	0	0	0	0	0	2
881.000	0	0	0	0	0	0	0	8	0	0	0	0	0	0	0	0	14	0	15	3	0	0	2	0	0	17	0	6	0	7	0	0	0	0	0	3
881.200	0	0	0	0	0	0	0	7	0	0	0	0	0	0	0	0	15	0	16	2	0	0	2	0	0	13	0	1	0	8	0	0	0	0	0	6
881.400	0	0	0	0	0	0	0	7	0	0	0	0	0	0	0	0	21	0	12	1	0	0	0	0	0	18	0	3	0	8	0	0	0	0	0	3
881.600	0	0	0	0	0	0	0	4	0	0	0	0	0	0	0	0	13	0	12	2	0	0	2	0	0	7	0	2	0	5	0	0	0	0	0	7
881.800	0	0	0	0	0	0	0	3	0	0	0	0	0	0	0	0	15	0	16	3	0	0	2	0	0	8	0	3	0	1	0	0	0	0	0	8
882.000	0	0	0	0	0	0	0	2	0	0	0	0	0	0	0	0	17	0	14	2	0	0	2	0	0	10	0	10	0	5	0	0	0	0	0	5
882.200	0	0	0	0	0	0	0	3	0	0	0	0	0	0	0	0	10	0	10	0	0	0	2	0	0	16	0	8	0	2	0	0	0	0	0	3
882.400	0	0	0	0	0	0	0	3	0	0	0	0	0	0	0	0	15	0	13	3	0	0	3	0	0	15	0	3	0	1	0	0	0	0	0	2
882.600	0	0	0	0	0	0	0	4	0	0	0	0	0	0	0	0	11	0	15	3	0	0	2	0	0	15	0	7	0	2	0	0	0	0	0	4
882.800	0	0	0	0	0	0	0	1	0	0	0	0	0	0	0	0	19	0	12	2	0	0	3	0	0	17	0	10	0	5	0	0	0	0	1	6
883.000	0	0	0	0	0	0	0	2	0	0	0	0	0	0	0	0	17	0	3	2	0	0	2	0	0	15	0	12	0	4	0	0	0	0	0	4
883.200	0	0	0	0	0	0	0	4	0	0	0	0	0	0	0	0	14	0	9	2	0	0	3	0	0	18	0	10	0	4	0	0	0	0	0	3
883.400	0	0	0	0	0	0	0	2	0	0	0	0	0	0	0	0	19	0	7	1	0	0	2	0	0	14	0	7	0	5	0	0	0	0	0	4
883.600	0	0	0	0	0	0	0	4	0	0	0	0	0	0	0	0	11	0	10	4	0	0	0	0	0	12	0	8	0	4	0	0	0	0	1	4
883.800	0	0	0	0	0	0	0	4	0	0	0	0	0	0	0	0	15	0	8	2	0	0	0	0	0	12	0	10	0	4	0	0	0	0	0	4
884.000	0	0	0	0	0	0	0	1	0	0	0	0	0	0	0	0	17	0	10	3	0	0	2	0	0	11	0	9	0	1	0	0	0	0	0	4
884.200	0	0	0	0	0	0	0	4	0	0	0	0	0	0	0	0	18	0	9	2	0	0	1	0	0	16	0	8	0	0	0	0	0	0	0	6
884.400	0	0	0	0	0	0	0	4	0	0	0	0	0	0	0	0	13	0	15	2	0	0	2	0	0	14	0	11	0	3	0	0	0	0	0	6
884.600	0	0	0	0	0	0	0	3	0	0	0	0	0	0	0	0	16	0	15	1	0	0	2	0	0	17	0	9	0	4	0	0	0	0	0	7
884.800	0	0	0	0	0	0	0	5	0	0	0	0	0	0	0	0	15	0	12	1	0	0	0	0	0	12	0	5	0	3	0	0	0	0	0	8
885.000	0	0	0	0	0	0	0	4	0	0	0	0	0	0	0	0	19	0	16	2	0	0	2	0	0	8	0	3	0	1	0	0	0	0	1	3
885.200	0	0	0	0	0	0	0	3	0	0	0	0	0	0	0	0	18	0	9	2	0	0	3	0	0	10	0	4	0	1	0	0	0	0	0	2
885.400	0	0	0	0	0	0	0	5	0	0	0	0	0	0	0	0	16	0	8	3	0	0	2	0	0	22	0	11	0	2	0	0	0	0	1	5
885.600	0	0	0	0	0	0	0	6	0	0	0	0	0	0	0	0	22	0	10	2	0	0	3	0	0	13	0	9	0	2	0	0	0	0	0	6
885.800	0	0	0	0	0	0	0	4	0	0	0	0	0	0	0	0	21	0	10	2	0	0	0	0	0	16	0	11	0	2	0	0	0	0	0	5
886.000	0	0	0	0	0	0	0	7	0	0	0	0	0	0	0	0	17	0	13	1	0	0	2	0	0	9	0	8	0	0	0	0	0	0	1	4
886.200	0	0	0	0	0	0	0	4	0	0	0	0	0	0	0	0	16	0	15	2	0	0	0	0	0	12	0	9	0	1	0	0	0	0	1	6
886.400	0	0	0	0	0	0	0	5	0	0	0	0	0	0	0	0	14	0	16	2	0	0	2	0	0	18	0	2	0	1	0	0	0	0	0	5
886.600	0	0	0	0	0	0	0	1	0	0	0	0	0	0	0	0	17	0	7	3	0	0	2	0	0	12	0	6	0	1	0	0	0	0	1	7
886.800	0	0	0	0	0	0	0	4	0	0	0	0	0	0	0	0	12	0	8	3	0	0	1	0	0	7	0	7	0	0	0	0	0	0	0	6
887.000	0	0	0	0	0	0	0	5	0	0	0	0	0	0	0	0	17	0	14	2	0	0	2	0	0	8	0	7	0	4	0	0	0	0	0	5
887.200	0	0	0	0	0	0	0	5	0	0	0	0	0	0	0	0	12	0	15	3	0	0	0	0	0	6	0	7	0	2	0	0	0	0	0	3
887.400	0	0	0	0	0	0	0	3	0	0	0	0	0	0	0	0	12	0	16	3	0	0	0	0	0	11	0	7	0	2	0	0	0	0	0	7
887.600	0	0	0	0	0	0	0	4	0	0	0	0	0	0	0	0	13	0	17	3	0	0	1	0	0	19	0	8	0	8	0	0	0	0	0	3
887.800	0	0	0	0	0	0	0	5	0	0	0	0	0	0	0	0	17	0	13	2	0	0	2	0	0	17	0	7	0	3	0	0	0	0	0	4
888.000	0	0	0	0	0	0	0	3	0	0	0	0	0	0	0	0	13	0	14	1	0	0	0	0	0	11	0	4	0	3	0	0	0	0	0	1
888.200	0	0	0	0	0	0	0	5	0	0	0	0	0	0	0	0	12	0	11	2	0	0	0	0	0	13	0	5	0	3	0	0	0	0	0	5
888.400	0	0	0	0	0	0	0	4	0	0	0	0	0	0	0	0	16	0	10	3	0	0	1	0	0	13	0	3	0	2	0	0	0	0	0	2
888.600	0	0	0	0	0	0	0	5	0	0	0	0	0	0	0	0	16	0	14	3	0	0	0	0	0	19	0	5	0	4	0	0	0	0	1	4
888.800	0	0	0	0	0	0	0	1	0	0	0	0	0	0	0	0	17	0	11	3	0	0	0	0	0	8	0	4	0	4	0	0	0	0	0	7
889.000	0	0	0	0	0	0	0	1	0	0	0	0	0	0	0	0	18	0	11	5	0	0	0	0	0	13	0	4	0	7	1	0	0	0	0	7
889.200	0	0	0	0	0	0	0	1	0	0	0	0	0	0	0	0	16	0	11	1	0	0	0	0	0	14	0	5	0	5	1	0	0	0	0	4
889.400	0	0	0	0	0	0	0	1	0	0	0	0	0	0	0	0	17	0	7	2	0	0	0	0	0	14	0	3	0	3	0	0	0	0	0	6
889.600	0	0	0	0	0	0	0	2	0	0	0	0	0	0	0	0	19	1	15	3	0	0	0	0	0	19	0	4	0	3	0	0	0	0	0	2
889.800	0	0	0	0	0	0	0	3	0	0	0	0	0	0	0	0	14	0	16	2	0	0	0	0	0	13	0	5	0	2	0	0	0	0	0	3
890.000	0	0	0	0	0	0	0	2	0	0	0	0	0	0	0	0	15	0	7	3	0	0	0	0	0	18	0	2	0	5	0	0	0	0	0	4
890.200	0	0	0	0	0	0	0	1	0	0	0	0	0	0	0	0	16	0	18	2	0	0	0	0	0	17	0	6	0	4	0	0	0	0	0	3
890.400	0	0	0	0	0	0	0	3	0	0	0	0	0	0	0	0	13	0	12	3	0	0	0	0	0	16	0	4	0	2	0	0	0	0	0	6
890.600	0	0	0	0	0	0	0	4	0	0	0	0	0	0	0	0	18	0	9	2	0	0	0	0	0	19	0	5	0	3	0	0	0	0	0	5
890.800	0	0	0	0	0	0	0	3	0	0	0	0	0	0	0	0	15	0	11	3	0	0	0	0	0	17	0	1	0	3	0	0	0	0	0	4
891.000	0	0	0	0	0	0	0	2	0	0	0	0	0	0	0	0	15	0	14	2	0	0	0	0	0	13	0	1	0	5	0	0	0	0	0	4
891.200	0	0	0	0	0	0	0	3	0	0	0	0	0	0	0	0	17	0	13	1	0	0	1	0	0	10	0	4	0	2	0	0	0	0	0	4
891.400	0	0	0	0	0	0	0	5	0	0	0	0	0	0	0	0	15	0	10	3	0	0	0	0	0	13	0	4	0	4	0	0	0	0	0	3
891.600	0	0	0	0	0	0	0	5	0	0	0	0	0	0	0	0	19	0	9	3	0	0	0	0	0	16	0	5	0	4	0	0	0	0	1	4
891.800	0	0	0	0	0	0	0	5	0	0	0	0	0	0	0	0	19	0	10	1	0	0	0	0	0	17	0	0	0	1	0	0	0	0	1	3
892.000	0	0	0	0	0	0	0	3	0	0	0	0	0	0	0	0	19	0	11	2	0	0	0	0	0	15	0	3	0	3	0	0	0	0	0	3
892.200	0	0	0	0	0	0	0	3	0	0	0	0	0	0	0	0	16	0	5	2	0	0	0	0	0	13	0	3	0	1	0	0	0	0	0	6
892.400	0	0	0	0	0	0	0	6	0	0	0	0	0	0	0	0	13	0	5	2	0	0	0	0	0	14	0	1	0	1	0	0	0	0	0	4
892.600	0	0	0	0	0	0	0	4	0	0	0	0	0	0	0	0	15	0	10	1	0	0	0	0	0	13	0	4	0	5	0	0	0	0	0	2
892.800	0	0	0	0	0	0	0	1	0	0	0	0	0	0	0	0	14	0	12	3	0	0	1	0	0	18	0	8	0	5	0	0	0	0	1	3
893.000	0	0	0	0	0	0	0	2	0	0	0	0	0	0	0	0	20	0	7	2	0	0	0	0	0	14	0	0	0	1	0	0	0	0	0	2
893.200	0	0	0	0	0	0	0	3	0	0	0	0	0	0	0	0	17	0	13	3	0	0	0	0	0	16	0	5	0	1	0	0	0	0	1	6
893.400	0	0	0	0	0	0	0	3	0	0	0	0	0	0	0	0	13	0	10	2	0	0	0	0	0	15	0	4	0	2	0	0	0	0	0	4
893.600	0	0	0	0	0	0	0	5	0	0	0	0	0	0	0	0	11	0	12	2	0	0	0	0	0	14	0	6	0	2	0	0	0	0	0	5
893.800	0	0	0	0	0	0	0	6	0	0	0	0	0	0	0	0	17	0	8	2	0	0	2	0	0	9	0	2	0	4	0	0	0	0	0	3
894.000	0	0	0	0	0	0	0	3	0	0	0	0	0	0	0	0	17	0	4	1	0	0	0	0	0	11	0	2	0	5	0	0	0	0	0	6
894.200	0	0	0	0	0	0	0	5	0	0	0	0	0	0	0	0	18	0	16	3	0	0	0	0	0	13	0	6	0	7	1	0	0	0	0	4
894.400	0	0	0	0	0	0	0	5	0	0	0	0	0	0	0	0	13	0	5	2	0	0	0	0	0	11	0	6	0	5	0	0	0	0	1	6
894.600	0	0	0	0	0	0	0	5	0	0	0	0	0	0	0	0	14	0	18	2	0	0	0	0	0	15	0	3	0	5	0	0	0	0	0	5
894.800	0	0	0	0	0	0	0	5	0	0	0	0	0	0	0	0	16	0	9	2	0	0	0	0	0	11	0	2	0	0	0	0	0	0	1	9
895.000	0	0	0	0	0	0	0	5	0	0	0	0	0	0	0	0	19	0	7	1	0	0	0	0	0	19	0	4	0	5	0	0	0	0	0	4
895.200	0	0	0	0	0	0	0	4	0	0	0	0	0	0	0	0	18	0	16	1	0	0	0	0	0	9	0	0	0	5	0	0	0	0	0	4
895.400	0	0	0	0	0	0	0	7	0	0	0	0	0	0	0	0	16	0	8	2	0	0	1	0	0	14	0	4	0	3	0	0	0	0	0	6
895.600	0	0	0	0	0	0	0	5	0	0	0	0	0	0	0	0	19	0	8	3	0	0	2	0	0	12	0	7	0	1	0	0	0	0	0	6
895.800	0	0	0	0	0	0	0	4	0	0	0	0	0	0	0	0	17	0	11	1	0	0	1	0	0	7	0	7	0	6	0	0	0	0	0	5
896.000	0	0	0	0	0	0	0	7	0	0	0	0	0	0	0	0	18	0	9	2	0	0	2	0	0	11	0	7	0	4	2	0	0	0	0	3
896.200	0	0	0	0	0	0	0	7	0	0	0	0	0	0	0	0	15	0	4	1	0	0	2	0	0	14	0	4	0	6	0	0	0	0	1	4
896.400	0	0	0	0	0	0	0	7	0	0	0	0	0	0	0	0	16	0	9	2	0	0	2	0	0	20	0	8	0	1	0	0	0	0	0	3
896.600	0	0	0	0	0	0	0	6	0	0	0	0	0	0	0	0	18	0	11	3	0	0	3	0	0	14	0	7	0	2	0	0	0	0	0	5
896.800	0	0	0	0	0	0	0	4	0	0	0	0	0	0	0	0	14	0	11	1	0	0	2	0	0	10	0	5	0	0	0	0	0	0	0	4
897.000	0	0	0	0	0	0	0	8	0	0	0	0	0	0	0	0	16	0	10	2	0	0	2	0	0	13	0	5	0	5	0	0	0	0	0	4
897.200	0	0	0	0	0	0	0	9	0	0	0	0	0	0	0	0	13	0	4	1	0	0	2	0	0	15	0	2	0	9	0	0	0	0	0	2
897.400	0	0	0	0	0	0	0	11	0	0	0	0	0	0	0	0	16	0	12	1	0	0	2	0	0	8	0	5	0	1	0	0	0	0	0	7
897.600	0	0	0	0	0	0	0	6	0	0	0	0	0	0	0	0	21	0	12	2	0	0	2	0	0	17	0	4	0	4	0	0	0	0	0	3
897.800	0	0	0	0	0	0	0	9	0	0	0	0	0	0	0	0	20	0	11	3	0	0	2	0	0	14	0	5	0	4	0	0	0	0	0	5
898.000	0	0	0	0	0	0	0	8	0	0	0	0	0	0	0	0	16	0	14	1	0	0	2	0	0	14	0	5	0	9	0	0	0	0	0	3
898.200	0	0	0	0	0	0	0	8	0	0	0	0	0	0	0	0	20	0	13	0	0	0	2	0	0	16	0	4	0	3	0	0	0	0	0	3
898.400	0	0	0	0	0	0	0	11	0	0	0	0	0	0	0	0	18	0	10	2	0	0	2	0	0	13	0	4	0	4	0	0	0	0	0	4
898.600	0	0	0	0	0	0	0	14	0	0	0	0	0	0	0	0	16	0	12	1	0	0	2	0	0	11	0	1	0	3	0	0	0	0	0	3
898.800	0	0	0	0	0	0	0	11	0	0	0	0	0	0	0	0	20	0	15	2	0	0	3	0	0	8	0	10	0	7	0	0	0	0	0	4
899.000	0	0	0	0	0	0	0	11	0	0	0	0	0	0	0	0	20	0	5	1	0	0	2	0	0	7	0	1	0	0	0	0	0	0	0	2
899.200	0	0	0	0	0	0	0	8	0	0	0	0	0	0	0	0	16	0	4	0	0	0	2	0	0	15	0	5	0	1	0	0	0	0	0	3
899.400	0	0	0	0	0	0	0	6	0	0	0	0	0	0	0	0	17	0	15	1	0	0	2	0	0	9	0	4	0	1	0	0	0	0	0	5
899.600	0	0	0	0	0	0	0	6	0	0	0	0	0	0	0	0	19	0	7	1	0	0	2	0	0	18	0	5	0	8	0	0	0	0	0	5
899.800	0	0	0	0	0	0	0	4	0	0	0	0	0	0	0	0	22	0	13	0	0	0	2	0	0	14	0	7	0	2	0	0	0	0	0	3
900.000	0	0	0	0	0	0	0	2	0	0	0	0	0	0	0	0	16	0	9	1	0	0	2	0	0	13	0	6	0	4	0	0	0	0	0	8
900.200	0	0	0	0	0	0	0	3	0	0	0	0	0	0	0	0	15	0	11	1	0	0	2	0	0	12	0	6	0	2	0	0	0	0	0	5
900.400	0	0	0	0	0	0	0	8	0	0	0	0	0	0	0	0	17	0	7	2	0	0	2	0	0	14	0	6	0	2	0	0	0	0	0	6
900.600	0	0	0	0	0	0	0	6	0	0	0	0	0	0	0	0	21	0	13	1	0	0	2	0	0	9	0	11	0	5	0	0	0	0	0	4
900.800	0	0	0	0	0	0	0	5	0	0	0	0	0	0	0	0	21	0	9	1	0	0	2	0	0	16	0	8	0	7	0	0	0	0	0	6
901.000	0	0	0	0	0	0	0	3	0	0	0	0	0	0	0	0	13	0	13	0	0	0	2	0	0	17	0	7	0	5	0	0	0	0	0	6
901.200	0	0	0	0	0	0	0	3	0	0	0	0	0	0	0	0	15	0	14	0	0	0	2	0	0	12	0	6	0	4	0	0	0	0	0	4
901.400	0	0	0	0	0	0	0	6	0	0	0	0	0	0	0	0	16	0	13	1	0	0	2	0	0	9	0	4	0	5	0	0	0	0	0	7
901.600	0	0	0	0	0	0	0	8	0	0	0	0	0	0	0	0	17	0	1	3	0	0	2	0	0	8	0	10	0	1	0	0	0	0	0	3
901.800	0	0	0	0	0	0	0	5	0	0	0	0	0	0	0	0	24	0	5	2	0	0	2	0	0	11	0	4	0	0	0	0	0	0	0	7
902.000	0	0	0	0	0	0	0	5	0	0	0	0	0	0	0	0	7	0	11	2	0	0	2	0	0	19	0	8	0	1	0	0	0	0	0	3
902.200	0	0	0	0	0	0	0	2	0	0	0	0	0	0	0	0	10	0	2	1	0	0	2	0	0	20	0	5	0	3	0	0	0	0	0	3
902.400	0	0	0	0	0	0	0	0	0	0	0	0	0	0	0	0	10	0	4	1	0	0	0	0	0	17	0	6	0	3	0	0	0	0	0	6
902.600	0	0	0	0	0	0	0	4	0	0	0	0	0	0	0	0	8	0	11	1	0	0	4	0	0	13	0	8	0	4	0	0	0	0	0	5
902.800	0	0	0	0	0	0	0	3	0	0	0	0	0	0	0	0	8	0	9	2	0	0	2	0	0	22	0	6	0	5	0	0	0	0	0	2
903.000	0	0	0	0	0	0	0	1	0	0	0	0	0	0	0	0	14	0	12	3	0	0	3	0	0	17	0	7	0	5	0	0	0	0	0	6
903.200	0	0	0	0	0	0	0	4	0	0	0	0	0	0	0	0	13	0	5	2	0	0	2	0	0	28	0	5	0	1	0	0	0	0	0	4
903.400	0	0	0	0	0	0	0	3	0	0	0	0	0	0	0	0	15	1	16	2	0	0	2	0	0	23	0	10	0	5	0	0	0	0	0	5
903.600	0	0	0	0	0	0	0	5	0	0	0	0	0	0	0	0	12	0	15	2	0	0	2	0	0	22	0	3	0	5	0	0	0	0	0	4
903.800	0	0	0	0	0	0	0	5	0	0	0	0	0	0	0	0	16	0	12	2	0	0	2	0	0	28	0	6	0	4	0	0	0	0	0	4
904.000	0	0	0	0	0	0	0	3	0	0	0	0	0	0	0	0	12	0	10	2	0	0	2	0	0	35	0	2	0	4	0	0	0	0	0	7
904.200	0	0	0	0	0	0	0	2	0	0	0	0	0	0	0	0	16	0	5	2	0	0	0	0	0	14	0	6	0	4	0	0	0	0	1	5
904.400	0	0	0	0	0	0	0	1	0	0	0	0	0	0	0	0	8	0	5	2	0	0	0	0	0	22	0	1	0	2	0	0	0	0	0	5
904.600	0	0	0	0	0	0	0	3	0	0	0	0	0	0	0	0	17	0	12	3	0	0	0	0	0	27	0	5	0	2	0	0	0	0	1	7
904.800	0	0	0	0	0	0	0	3	0	0	0	0	0	0	0	0	9	0	10	2	0	0	0	0	0	32	0	7	0	1	0	0	0	0	0	3
905.000	0	0	0	0	0	0	0	2	0	0	0	0	0	0	0	0	13	0	17	2	0	0	0	0	0	22	0	5	0	6	0	0	0	0	0	5
905.200	0	0	0	0	0	0	0	3	0	0	0	0	0	0	0	0	11	0	6	2	0	0	0	0	0	29	0	3	0	3	0	0	0	0	0	4
905.400	0	0	0	0	0	0	0	4	0	0	0	0	0	0	0	0	13	0	8	3	0	0	0	0	0	26	0	6	0	3	0	0	0	0	1	3
905.600	0	0	0	0	0	0	0	1	0	0	0	0	0	0	0	0	11	0	7	2	0	0	0	0	0	21	0	10	0	5	0	0	0	0	0	5
905.800	0	0	0	0	0	0	0	3	0	0	0	0	0	0	0	0	15	0	4	3	0	0	0	0	0	22	0	6	0	4	0	0	0	0	0	7
906.000	0	0	0	0	0	0	0	4	0	0	0	0	0	0	0	0	15	0	14	2	0	0	0	0	0	22	0	7	0	3	0	0	0	0	1	8
906.200	0	0	0	0	0	0	0	3	0	0	0	0	0	0	0	0	18	0	9	2	0	0	0	0	0	26	0	5	0	3	0	0	0	0	0	4
906.400	0	0	0	0	0	0	0	6	0	0	0	0	0	0	0	0	17	0	12	2	0	0	0	0	0	24	0	7	0	3	0	0	0	0	1	6
906.600	0	0	0	0	0	0	0	10	0	0	0	0	0	0	0	0	19	0	4	1	0	0	0	0	0	20	0	8	0	4	0	0	0	0	0	6
906.800	0	0	0	0	0	0	0	7	0	0	0	0	0	0	0	0	18	0	7	2	0	0	0	0	0	18	0	6	0	5	0	0	0	0	1	3
907.000	0	0	0	0	0	0	0	5	0	0	0	0	0	0	0	0	21	0	9	2	0	0	0	0	0	26	0	6	0	1	0	0	0	0	0	3
907.200	0	0	0	0	0	0	0	7	0	0	0	0	0	0	0	0	18	0	11	2	0	0	0	0	0	25	0	7	0	4	0	0	0	0	0	4
907.400	0	0	0	0	0	0	0	8	0	0	0	0	0	0	0	0	15	0	16	0	0	0	0	0	0	30	0	2	0	4	0	0	0	0	0	2
907.600	0	0	0	0	0	0	0	8	0	0	0	0	0	0	0	0	19	0	13	2	0	0	0	0	0	25	0	7	0	0	0	0	0	0	1	6
907.800	0	0	0	0	0	0	0	7	0	0	0	0	0	0	0	0	12	0	10	2	0	0	0	0	0	27	0	10	0	5	0	0	0	0	1	4
908.000	0	0	0	0	0	0	0	7	0	0	0	0	0	0	0	0	12	0	12	2	0	0	0	0	0	25	0	5	0	4	0	0	0	0	1	6
908.200	0	0	0	0	0	0	0	6	0	0	0	0	0	0	0	0	15	0	17	2	0	0	1	0	0	28	0	4	0	6	0	0	0	0	1	2
908.400	0	0	0	0	0	0	0	11	0	0	0	0	0	0	0	0	19	0	16	2	0	0	0	0	0	29	0	2	0	2	0	0	0	0	1	5
908.600	0	0	0	0	0	0	0	7	0	0	0	0	0	0	0	0	14	0	14	1	0	0	0	0	0	25	0	2	0	1	0	0	0	0	1	5
908.800	0	0	0	0	0	0	0	5	0	0	0	0	0	0	0	0	15	0	15	1	0	0	0	0	0	31	0	1	0	1	0	0	0	0	1	6
909.000	0	0	0	0	0	0	0	9	0	0	0	0	0	0	0	0	7	0	10	1	0	0	0	0	0	23	0	2	0	2	0	0	0	0	1	8
909.200	0	0	0	0	0	0	0	6	0	0	0	0	0	0	0	0	14	0	9	2	0	0	0	0	0	28	0	3	0	2	0	0	0	0	0	4
909.400	0	0	0	0	0	0	0	6	0	0	0	0	0	0	0	0	11	0	14	3	0	0	0	0	0	31	0	6	0	2	0	0	0	0	0	4
909.600	0	0	0	0	0	0	0	5	0	0	0	0	0	0	0	0	13	1	16	1	0	0	0	0	0	22	0	6	0	4	0	0	0	0	0	3
909.800	0	0	0	0	0	0	0	10	0	0	0	0	0	0	0	0	19	0	11	2	0	0	0	0	0	19	0	5	0	4	0	0	0	0	0	5
910.000	0	0	0	0	0	0	0	9	0	0	0	0	0	0	0	0	16	0	14	2	0	0	0	0	0	31	0	6	0	6	0	0	0	0	0	5
910.200	0	0	0	0	0	0	0	12	0	0	0	0	0	0	0	0	18	0	15	3	0	0	1	0	0	31	0	7	0	7	0	0	0	0	0	6
910.400	0	0	0	0	0	0	0	9	0	0	0	0	0	0	0	0	19	0	9	2	0	0	2	0	0	34	0	4	0	4	0	0	0	0	0	4
910.600	0	0	0	0	0	0	0	8	0	0	0	0	0	0	0	0	12	0	9	2	0	0	2	0	0	26	0	8	0	5	1	0	0	0	0	5
910.800	0	0	0	0	0	0	0	6	0	0	0	0	0	0	0	0	21	0	13	3	0	0	2	0	0	24	0	7	0	3	0	0	0	0	0	7
911.000	0	0	0	0	0	0	0	10	0	0	0	0	0	0	0	0	20	0	15	3	0	0	0	0	0	19	0	5	0	3	0	0	0	0	0	10
911.200	0	0	0	0	0	0	0	4	0	0	0	0	0	0	0	0	16	0	3	3	0	0	0	0	0	16	0	7	0	3	0	0	0	0	1	13
911.400	0	0	0	0	0	0	0	7	0	0	0	0	0	0	0	0	19	0	14	2	0	0	1	0	0	16	0	6	0	8	0	0	0	0	0	12
911.600	0	0	0	0	0	0	0	6	0	0	0	0	0	0	0	0	14	0	15	2	0	0	0	0	0	23	0	8	0	4	0	0	0	0	0	12
911.800	0	0	0	0	0	0	0	7	0	0	0	0	0	0	0	0	14	0	13	1	0	0	0	0	0	21	0	5	0	4	0	0	0	0	0	16
912.000	0	0	0	0	0	0	0	5	0	0	0	0	0	0	0	0	13	0	12	3	0	0	0	0	0	24	0	7	0	5	0	0	0	0	0	22
912.200	0	0	0	0	0	0	0	8	0	0	0	0	0	0	0	0	16	0	7	2	0	0	0	0	0	19	0	8	0	7	0	0	0	0	0	21
912.400	0	0	0	0	0	0	0	5	0	0	0	0	0	0	0	0	22	0	9	3	0	0	1	0	0	23	0	4	0	4	0	0	0	0	1	16
912.600	0	0	0	0	0	0	0	7	0	0	0	0	0	0	0	0	15	0	13	2	0	0	0	0	0	7	0	6	0	2	0	0	0	0	0	16
912.800	0	0	0	0	0	0	0	9	0	0	0	0	0	0	0	0	19	0	5	2	0	0	0	0	0	33	0	3	0	4	0	0	0	0	0	17
913.000	0	0	0	0	0	0	0	9	0	0	0	0	0	0	0	0	15	0	14	1	0	0	0	0	0	29	0	7	0	6	0	0	0	0	1	16
913.200	0	0	0	0	0	0	0	10	0	0	0	0	0	0	0	0	10	0	14	1	0	0	0	0	0	17	0	6	0	6	0	0	0	0	0	10
913.400	0	0	0	0	0	0	0	8	0	0	0	0	0	0	0	0	11	0	10	2	0	0	0	0	0	22	0	5	0	4	0	0	0	0	1	14
913.600	0	0	0	0	0	0	0	9	0	0	0	0	0	0	0	0	11	0	9	3	0	0	1	0	0	16	0	5	0	4	0	0	0	0	1	18
913.800	0	0	0	0	0	0	0	8	0	0	0	0	0	0	0	0	10	0	18	2	0	0	0	0	0	19	0	5	0	0	1	0	0	0	1	15
914.000	0	0	0	0	0	0	0	8	0	0	0	0	0	0	0	0	11	0	17	1	0	0	0	0	0	32	0	6	0	6	1	0	0	0	1	20
914.200	0	0	0	0	0	0	0	8	0	0	0	0	0	0	0	0	15	0	12	2	0	0	0	0	0	22	0	6	0	6	0	0	0	0	0	12
914.400	0	0	0	0	0	0	0	8	0	0	0	0	0	0	0	0	15	0	16	1	0	0	0	0	0	24	0	2	0	3	0	0	0	0	0	12
914.600	0	0	0	0	0	0	0	8	0	0	0	0	0	0	0	0	13	0	12	2	0	0	0	0	0	22	0	4	0	2	0	0	0	0	0	17
914.800	0	0	0	0	0	0	0	8	0	0	0	0	0	0	0	0	15	0	13	2	0	0	0	0	0	23	0	1	0	0	0	0	0	0	0	9
915.000	0	0	0	0	0	0	0	8	0	0	0	0	0	0	0	0	7	0	15	2	0	0	1	0	0	20	0	5	0	1	0	0	0	0	1	10
915.200	0	0	0	0	0	0	0	7	0	0	0	0	0	0	0	0	8	0	11	1	0	0	4	0	0	10	0	7	0	6	0	0	0	0	0	10
915.400	0	0	0	0	0	0	0	7	0	0	0	0	0	0	0	0	4	0	3	4	0	0	0	0	0	24	0	9	0	6	0	0	0	0	1	19
915.600	0	0	0	0	0	0	0	9	0	0	0	0	0	0	0	0	8	0	9	3	0	0	0	0	0	20	0	6	0	4	2	0	0	0	1	13
915.800	0	0	0	0	0	0	0	9	0	0	0	0	0	0	0	0	14	0	12	2	0	0	0	0	0	9	0	8	0	5	1	0	0	0	0	12
916.000	0	0	0	0	0	0	0	8	0	0	0	0	0	0	0	0	5	0	14	2	0	0	0	0	0	9	0	6	0	4	4	0	0	0	0	13
916.200	0	0	0	0	0	0	0	8	0	0	0	0	0	0	0	0	6	0	7	2	0	0	0	0	0	9	0	6	0	7	0	0	0	0	1	17
916.400	0	0	0	0	0	0	0	9	0	0	0	0	0	0	0	0	8	0	10	3	0	0	0	0	0	12	0	8	0	2	1	0	0	0	1	15
916.600	0	0	0	0	0	0	0	10	0	0	0	0	0	0	0	0	11	0	9	2	0	0	0	0	0	12	0	6	0	2	2	0	0	0	0	3
916.800	0	0	0	0	0	0	0	10	0	0	0	0	0	0	0	0	9	0	12	3	0	0	0	0	0	16	0	6	0	6	0	0	0	0	0	8
917.000	0	0	0	0	0	0	0	9	0	0	0	0	0	0	0	0	7	0	7	3	0	0	0	0	0	13	0	7	0	6	0	0	0	0	0	4
917.200	0	0	0	0	0	0	0	7	0	0	0	0	0	0	0	0	7	0	8	1	0	0	1	0	0	7	0	7	0	5	0	0	0	0	0	3
917.400	0	0	0	0	0	0	0	7	0	0	0	0	0	0	0	0	7	0	15	0	0	0	2	0	0	6	0	6	0	4	0	0	0	0	1	5
917.600	0	0	0	0	0	0	0	9	0	0	0	0	0	0	0	0	10	0	18	2	0	0	2	0	0	7	0	6	0	2	0	0	0	0	0	6
917.800	0	0	0	0	0	0	0	9	0	0	0	0	0	0	0	0	10	0	9	2	0	0	0	0	0	13	0	7	0	5	0	0	0	0	0	8
918.000	0	0	0	0	0	0	0	9	0	0	0	0	0	0	0	0	10	0	7	2	0	0	0	0	0	11	0	8	0	4	0	0	0	0	1	3
918.200	0	0	0	0	0	0	0	8	0	0	0	0	0	0	0	0	7	0	14	0	0	0	0	0	0	14	0	9	0	1	0	0	0	0	0	3
918.400	0	0	0	0	0	0	0	4	0	0	0	0	0	0	0	0	11	0	4	1	0	0	0	0	0	13	0	8	0	5	0	0	0	0	0	5
918.600	0	0	0	0	0	0	0	6	0	0	0	0	0	0	0	0	10	0	14	1	0	0	0	0	0	14	0	12	0	4	0	0	0	0	0	2
918.800	0	0	0	0	0	0	0	9	0	0	0	0	0	0	0	0	7	0	8	1	0	0	0	0	0	10	0	8	0	4	0	0	0	0	0	5
919.000	0	0	0	0	0	0	0	8	0	0	0	0	0	0	0	0	6	0	4	1	0	0	0	0	0	13	0	5	0	4	0	0	0	0	0	3
919.200	0	0	0	0	0	0	0	9	0	0	0	0	0	0	0	0	11	0	16	1	0	0	0	0	0	15	0	5	0	2	0	0	0	0	0	4
919.400	0	0	0	0	0	0	0	9	0	0	0	0	0	0	0	0	11	0	10	1	0	0	0	0	0	15	0	1	0	2	0	0	0	0	0	4
919.600	0	0	0	0	0	0	0	5	0	0	0	0	0	0	0	0	7	0	16	1	0	0	0	0	0	6	0	3	0	1	0	0	0	0	1	5
919.800	0	0	0	0	0	0	0	5	0	0	0	0	0	0	0	0	10	0	13	1	0	0	0	0	0	10	0	2	0	5	0	0	0	0	0	2
920.000	0	0	0	0	0	0	0	10	0	0	0	0	0	0	0	0	16	0	11	1	0	0	0	0	0	11	0	7	0	2	0	0	0	0	1	3
920.200	0	0	0	0	0	0	0	9	0	0	0	0	0	0	0	0	14	0	10	1	0	0	0	0	0	16	0	1	0	1	1	0	0	0	0	3
920.400	0	0	0	0	0	0	0	9	0	0	0	0	0	0	0	0	14	0	10	1	0	0	2	0	0	13	0	1	0	4	0	0	0	0	0	3
920.600	0	0	0	0	0	0	0	9	0	0	0	0	0	0	0	0	14	0	7	1	0	0	0	0	0	7	0	1	0	2	0	0	0	0	0	4
920.800	0	0	0	0	0	0	0	9	0	0	0	0	0	0	0	0	11	0	14	1	0	0	2	0	0	9	0	5	0	4	0	0	0	0	0	7
921.000	0	0	0	0	0	0	0	3	0	0	0	0	0	0	0	0	14	0	15	1	0	0	2	0	0	12	0	9	0	3	0	0	0	0	1	2
921.200	0	0	0	0	0	0	0	4	0	0	0	0	0	0	0	0	25	0	8	0	0	0	2	0	0	16	0	7	0	2	0	0	0	0	0	5
921.400	0	0	0	0	0	0	0	9	0	0	0	0	0	0	0	0	13	0	12	1	0	0	2	0	0	15	0	7	0	4	0	0	0	0	0	4
921.600	0	0	0	0	0	0	0	7	0	0	0	0	0	0	0	0	9	0	12	1	0	0	2	0	0	15	0	5	0	3	0	0	0	0	1	6
921.800	0	0	0	0	0	0	0	6	0	0	0	0	0	0	0	0	5	0	17	0	0	0	2	0	0	11	0	5	0	1	0	0	0	0	1	4
922.000	0	0	0	0	0	0	0	8	0	0	0	0	0	0	0	0	6	0	13	0	0	0	2	0	0	14	0	5	0	4	0	0	0	0	1	5
922.200	0	0	0	0	0	0	0	6	0	0	0	0	0	0	0	0	8	0	16	2	0	0	2	0	0	10	0	3	0	2	0	0	0	0	0	1
922.400	0	0	0	0	0	0	0	8	0	0	0	0	0	0	0	0	8	1	18	1	0	0	2	0	0	13	0	5	0	2	0	0	0	0	0	5
922.600	0	0	0	0	0	0	0	8	0	0	0	0	0	0	0	0	11	0	8	1	0	0	2	0	0	11	0	7	0	3	0	0	0	0	0	3
922.800	0	0	0	0	0	0	0	7	0	0	0	0	0	0	0	0	7	0	13	1	0	0	2	0	0	10	0	7	0	3	0	0	0	0	0	3
923.000	0	0	0	0	0	0	0	8	0	0	0	0	0	0	0	0	13	0	7	1	0	0	3	0	0	9	0	7	0	5	0	0	0	0	1	5
923.200	0	0	0	0	0	0	0	6	0	0	0	0	0	0	0	0	13	0	4	1	0	0	2	0	0	11	0	4	0	1	0	0	0	0	0	4
923.400	0	0	0	0	0	0	0	5	0	0	0	0	0	0	0	0	8	0	13	1	0	0	3	0	0	7	0	1	0	5	0	0	0	0	1	5
923.600	0	0	0	0	0	0	0	9	0	0	0	0	0	0	0	0	17	0	7	1	0	0	2	0	0	7	0	7	0	5	0	0	0	0	0	4
923.800	0	0	0	0	0	0	0	10	0	0	0	0	0	0	0	0	18	0	15	0	0	0	2	0	0	6	0	8	0	4	0	0	0	0	1	5
924.000	0	0	0	0	0	0	0	6	0	0	0	0	0	0	0	0	8	0	6	1	0	0	2	0	0	10	0	5	0	3	0	0	0	0	0	2
924.200	0	0	0	0	0	0	0	8	0	0	0	0	0	0	0	0	9	0	6	0	0	0	2	0	0	11	0	2	0	0	0	0	0	0	0	3
924.400	0	0	0	0	0	0	0	6	0	0	0	0	0	0	0	0	11	0	11	1	0	0	3	0	0	15	0	4	0	1	0	0	0	0	1	4
924.600	0	0	0	0	0	0	0	9	0	0	0	0	0	0	0	0	6	0	19	1	0	0	2	0	0	11	0	0	0	1	0	0	0	0	1	5
924.800	0	0	0	0	0	0	0	6	0	0	0	0	0	0	0	0	10	0	13	2	0	0	2	0	0	15	0	6	0	4	0	0	0	0	0	11
925.000	0	0	0	0	0	0	0	6	0	0	0	0	0	0	0	0	10	0	11	1	0	0	2	0	0	12	0	5	0	5	0	0	0	0	0	11
925.200	0	0	0	0	0	0	0	8	0	0	0	0	0	0	0	0	9	0	13	2	0	0	2	0	0	12	0	9	0	5	0	0	0	0	1	6
925.400	0	0	0	0	0	0	0	6	0	0	0	0	0	0	0	0	5	0	8	2	0	0	0	0	0	12	0	7	0	5	0	0	0	0	0	3
925.600	0	0	0	0	0	0	0	5	0	0	0	0	0	0	0	0	5	0	15	1	0	0	0	0	0	12	0	8	0	2	0	0	0	0	0	3
925.800	0	0	0	0	0	0	0	8	0	0	0	0	0	0	0	0	1	0	17	1	0	0	0	0	0	9	0	10	0	0	0	0	0	0	0	4
926.000	0	0	0	0	0	0	0	7	0	0	0	0	0	0	0	0	9	0	18	0	0	0	0	0	0	10	0	9	0	7	0	0	0	0	0	6
926.200	0	0	0	0	0	0	0	5	0	0	0	0	0	0	0	0	9	0	18	1	0	0	0	0	0	8	0	6	0	2	0	0	0	0	0	4
926.400	0	0	0	0	0	0	0	6	0	0	0	0	0	0	0	0	11	0	17	1	0	0	0	0	0	16	0	12	0	4	0	0	0	0	0	3
926.600	0	0	0	0	0	0	0	6	0	0	0	0	0	0	0	0	9	0	16	0	0	0	0	0	0	11	0	4	0	5	0	0	0	0	1	7
926.800	0	0	0	0	0	0	0	5	0	0	0	0	0	0	0	0	10	0	16	1	0	0	0	0	0	11	0	10	0	7	0	0	0	0	0	3
927.000	0	0	0	0	0	0	0	3	0	0	0	0	0	0	0	0	8	0	10	0	0	0	0	0	0	10	0	7	0	5	0	0	0	0	0	1
927.200	0	0	0	0	0	0	0	7	0	0	0	0	0	0	0	0	10	0	17	1	0	0	0	0	0	10	0	9	0	3	0	0	0	0	1	3
927.400	0	0	0	0	0	0	0	5	0	0	0	0	0	0	0	0	19	0	15	1	0	0	0	0	0	11	0	6	0	2	0	0	0	0	1	5
927.600	0	0	0	0	0	0	0	0	0	0	0	0	0	0	0	0	18	0	17	2	0	0	0	0	0	11	0	6	0	4	0	0	0	0	0	3
927.800	0	0	0	0	0	0	0	0	0	0	0	0	0	0	0	0	17	0	14	1	0	0	0	0	0	12	0	7	0	4	0	0	0	0	1	4
928.000	0	0	0	0	0	0	0	0	0	0	0	0	0	0	0	0	10	0	11	1	0	0	0	0	0	16	0	7	0	5	0	0	0	0	0	3
928.200	0	0	0	0	0	0	0	0	0	0	0	0	0	0	0	0	11	0	15	2	0	0	0	0	0	12	0	3	0	2	0	0	0	0	0	2
928.400	0	0	0	0	0	0	0	0	0	0	0	0	0	0	0	0	12	0	13	1	0	0	0	0	0	12	0	2	0	2	0	0	0	0	0	7
928.600	0	0	0	0	0	0	0	0	0	0	0	0	0	0	0	0	15	1	17	1	0	0	2	0	0	7	0	2	0	1	0	0	0	0	0	3
928.800	0	0	0	0	0	0	0	0	0	0	0	0	0	0	0	0	18	0	16	3	0	0	1	0	0	14	0	2	0	2	0	0	0	0	1	4
929.000	0	0	0	0	0	0	0	0	0	0	0	0	0	0	0	0	15	0	12	2	0	0	2	0	0	11	0	6	0	2	0	0	0	0	0	2
929.200	0	0	0	0	0	0	0	0	0	0	0	0	0	0	0	0	12	0	15	2	0	0	2	0	0	12	0	1	0	2	0	0	0	0	0	3
929.400	0	0	0	0	0	0	0	0	0	0	0	0	0	0	0	0	12	1	15	1	0	0	2	0	0	16	0	7	0	4	0	0	0	0	0	5
929.600	0	0	0	0	0	0	0	4	0	0	0	0	0	0	0	0	16	0	14	1	0	0	0	0	0	13	0	4	0	4	0	0	0	0	0	6
929.800	0	0	0	0	0	0	0	5	0	0	0	0	0	0	0	0	13	0	9	1	0	0	0	0	0	16	0	6	0	5	0	0	0	0	0	3
930.000	0	0	0	0	0	0	0	4	0	0	0	0	0	0	0	0	16	0	13	1	0	0	1	0	0	11	0	6	0	2	0	0	0	0	1	8
930.200	0	0	0	0	0	0	0	8	0	0	0	0	0	0	0	0	14	0	13	1	0	0	2	0	0	19	0	9	0	5	0	0	0	0	0	2
930.400	0	0	0	0	0	0	0	5	0	0	0	0	0	0	0	0	14	0	10	1	0	0	2	0	0	14	0	6	0	5	0	0	0	0	0	6
930.600	0	0	0	0	0	0	0	8	0	0	0	0	0	0	0	0	17	0	6	1	0	0	0	0	0	8	0	9	0	5	0	0	0	0	0	2
930.800	0	0	0	0	0	0	0	5	0	0	0	0	0	0	0	0	13	0	15	1	0	0	0	0	0	16	0	6	0	5	0	0	0	0	0	4
931.000	0	0	0	0	0	0	0	5	0	0	0	0	0	0	0	0	19	0	9	1	0	0	0	0	0	16	0	9	0	2	0	0	0	0	0	6
931.200	0	0	0	0	0	0	0	5	0	0	0	0	0	0	0	0	15	0	14	1	0	0	2	0	0	18	0	1	0	1	0	0	0	0	0	3
931.400	0	0	0	0	0	0	0	2	0	0	0	0	0	0	0	0	13	0	16	1	0	0	2	0	0	14	0	6	0	5	0	0	0	0	0	5
931.600	0	0	0	0	0	0	0	3	0	0	0	0	0	0	0	0	16	0	12	1	0	0	2	0	0	13	0	7	0	4	0	0	0	0	1	5
931.800	0	0	0	0	0	0	0	2	0	0	0	0	0	0	0	0	15	0	14	2	0	0	0	0	0	17	0	6	0	5	0	0	0	0	0	4
932.000	0	0	0	0	0	0	0	2	0	0	0	0	0	0	0	0	12	0	12	1	0	0	0	0	0	12	0	7	0	4	0	0	0	0	1	5
932.200	0	0	0	0	0	0	0	3	0	0	0	0	0	0	0	0	17	0	12	1	0	0	0	0	0	8	0	7	0	1	0	0	0	0	0	4
932.400	0	0	0	0	0	0	0	9	0	0	0	0	0	0	0	0	15	0	12	1	0	0	0	0	0	12	0	7	0	5	0	0	0	0	0	3
932.600	0	0	0	0	0	0	0	9	0	0	0	0	0	0	0	0	13	0	12	1	0	0	0	0	0	17	0	5	0	5	0	0	0	0	0	3
932.800	0	0	0	0	0	0	0	10	0	0	0	0	0	0	0	0	12	0	18	1	0	0	0	0	0	12	0	7	0	7	0	0	0	0	0	8
933.000	0	0	0	0	0	0	0	4	0	0	0	0	0	0	0	0	9	0	15	1	0	0	1	0	0	15	0	9	0	8	1	0	0	0	0	13
933.200	0	0	0	0	0	0	0	1	0	0	0	0	0	0	0	0	15	0	12	1	0	0	1	0	0	19	0	5	0	7	0	0	0	0	0	14
933.400	0	0	0	0	0	0	0	3	0	0	0	0	0	0	0	0	5	0	7	1	0	0	0	0	0	17	0	4	0	5	2	0	0	0	1	12
933.600	0	0	0	0	0	0	0	6	0	0	0	0	0	0	0	0	8	0	15	1	0	0	2	0	0	18	0	7	0	5	0	0	0	0	1	15
933.800	0	0	0	0	0	0	0	5	0	0	0	0	0	0	0	0	12	0	15	1	0	0	0	0	0	16	0	7	0	3	0	0	0	0	1	12
934.000	0	0	0	0	0	0	0	5	0	0	0	0	0	0	0	0	11	0	6	1	0	0	2	0	0	15	0	6	0	8	1	0	0	0	0	14
934.200	0	0	0	0	0	0	0	5	0	0	0	0	0	0	0	0	13	0	16	1	0	0	0	0	0	16	0	6	0	8	1	0	0	0	1	20
934.400	0	0	0	0	0	0	0	4	0	0	0	0	0	0	0	0	15	0	17	1	0	0	2	0	0	18	0	5	0	4	0	0	0	0	0	15
934.600	0	0	0	0	0	0	0	3	0	0	0	0	0	0	0	0	10	0	17	1	0	0	0	0	0	16	0	8	0	5	2	0	0	0	1	17
934.800	0	0	0	0	0	0	0	5	0	0	0	0	0	0	0	0	16	0	15	1	0	0	0	0	0	13	0	5	0	2	0	0	0	0	0	12
935.000	0	0	0	0	0	0	0	5	0	0	0	0	0	0	0	0	7	0	11	1	0	0	0	0	0	10	0	6	0	4	0	0	0	0	1	8
935.200	0	0	0	0	0	0	0	4	0	0	0	0	0	0	0	0	5	0	16	1	0	0	0	0	0	7	0	8	0	4	0	0	0	0	0	14
935.400	0	0	0	0	0	0	0	3	0	0	0	0	0	0	0	0	12	0	16	0	0	0	0	0	0	11	0	6	0	5	0	0	0	0	1	11
935.600	0	0	0	0	0	0	0	3	0	0	0	0	0	0	0	0	17	0	14	0	0	0	1	0	0	14	0	3	0	5	0	0	0	0	1	13
935.800	0	0	0	0	0	0	0	5	0	0	0	0	0	0	0	0	20	0	11	1	0	0	1	0	0	15	0	4	0	5	0	0	0	0	0	18
936.000	0	0	0	0	0	0	0	6	0	0	0	0	0	0	0	0	9	0	14	0	0	0	2	0	0	13	0	7	0	3	0	0	0	0	0	11
936.200	0	0	0	0	0	0	0	4	0	0	0	0	0	0	0	0	12	0	15	1	0	0	2	0	0	17	0	5	0	5	0	0	0	0	1	5
936.400	0	0	0	0	0	0	0	2	0	0	0	0	0	0	0	0	14	0	11	1	0	0	2	0	0	11	0	6	0	2	0	0	0	0	1	6
936.600	0	0	0	0	0	0	0	1	0	0	0	0	0	0	0	0	15	0	6	1	0	0	2	0	0	7	0	4	0	6	0	0	0	0	1	2
936.800	0	0	0	0	0	0	0	5	0	0	0	0	0	0	0	0	14	0	3	1	0	0	2	0	0	14	0	3	0	6	0	0	0	0	0	3
937.000	0	0	0	0	0	0	0	5	0	0	0	0	0	0	0	0	16	0	5	1	0	0	2	0	0	14	0	4	0	6	0	0	0	0	1	3
937.200	0	0	0	0	0	0	0	4	0	0	0	0	0	0	0	0	17	0	6	1	0	0	1	0	0	11	0	7	0	5	0	0	0	0	1	5
937.400	0	0	0	0	0	0	0	4	0	0	0	0	0	0	0	0	13	0	4	1	0	0	2	0	0	14	0	5	0	5	0	0	0	0	0	4
937.600	0	0	0	0	0	0	0	4	0	0	0	0	0	0	0	0	23	0	12	1	0	0	2	0	0	15	0	5	0	5	0	0	0	0	0	4
937.800	0	0	0	0	0	0	0	3	0	0	0	0	0	0	0	0	17	0	17	1	0	0	2	0	0	14	0	6	0	1	0	0	0	0	0	6
938.000	0	0	0	0	0	0	0	1	0	0	0	0	0	0	0	0	13	0	16	1	0	0	2	0	0	11	0	5	0	5	0	0	0	0	0	3
938.200	0	0	0	0	0	0	0	3	0	0	0	0	0	0	0	0	15	0	8	1	0	0	0	0	0	14	0	8	0	4	0	0	0	0	0	5
938.400	0	0	0	0	0	0	0	1	0	0	0	0	0	0	0	0	14	0	8	1	0	0	1	0	0	13	0	7	0	4	0	0	0	0	1	5
938.600	0	0	0	0	0	0	0	2	0	0	0	0	0	0	0	0	14	0	7	0	0	0	2	0	0	15	0	8	0	1	0	0	0	0	1	2
938.800	0	0	0	0	0	0	0	4	0	0	0	0	0	0	0	0	13	0	15	1	0	0	2	0	0	13	1	4	0	2	0	0	0	0	1	3
939.000	0	0	0	0	0	0	0	2	0	0	0	0	0	0	0	0	21	0	11	1	0	0	2	0	0	17	4	7	0	6	0	0	0	0	1	3
939.200	0	0	0	0	0	0	0	3	0	0	0	0	0	0	0	0	11	0	12	1	0	0	1	0	0	12	4	4	0	6	0	0	0	0	0	3
939.400	0	0	0	0	0	0	0	4	0	0	0	0	0	0	0	0	16	0	11	1	0	0	2	0	0	13	2	5	0	4	0	0	0	0	1	7
939.600	0	0	0	0	0	0	0	1	0	0	0	0	0	0	0	0	15	0	12	1	0	0	4	0	0	17	4	4	0	1	0	0	0	0	1	4
939.800	0	0	0	0	0	0	0	2	0	0	0	0	0	0	0	0	16	0	13	1	0	0	2	0	0	12	4	7	0	3	0	0	0	0	0	10
940.000	0	0	0	0	0	0	0	2	0	0	0	0	0	0	0	0	16	0	12	1	0	0	2	0	0	16	4	10	0	5	1	0	0	0	0	5
940.200	0	0	0	0	0	0	0	2	0	0	0	0	0	0	0	0	14	0	12	1	0	0	1	0	0	14	3	3	0	2	0	0	0	0	0	3
940.400	0	0	0	0	0	0	0	3	0	0	0	0	0	0	0	0	14	0	12	1	0	0	2	0	0	14	1	4	0	3	0	0	0	0	0	2
940.600	0	0	0	0	0	0	0	3	0	0	0	0	0	0	0	0	15	0	14	0	0	0	2	0	0	12	2	8	0	2	0	0	0	0	1	5
940.800	0	0	0	0	0	0	0	6	0	0	0	0	0	0	0	0	13	0	8	1	0	0	2	0	0	13	2	3	0	2	0	0	0	0	0	5
941.000	0	0	0	0	0	0	0	4	0	0	0	0	0	0	0	0	4	0	8	1	0	0	2	0	0	11	1	5	0	5	0	0	0	0	0	4
941.200	0	0	0	0	0	0	0	5	0	0	0	0	0	0	0	0	11	0	16	1	0	0	1	0	0	17	1	5	0	4	0	0	0	0	0	4
941.400	0	0	0	0	0	0	0	3	0	0	0	0	0	0	0	0	17	0	9	1	0	0	1	0	0	13	1	7	0	5	0	0	0	0	0	3
941.600	0	0	0	0	0	0	0	6	0	0	0	0	0	0	0	0	9	0	9	1	0	0	1	0	0	14	0	8	0	2	0	0	0	0	0	3
941.800	0	0	0	0	0	0	0	4	0	0	0	0	0	0	0	0	18	0	10	0	0	0	2	0	0	20	0	6	0	3	0	0	0	0	0	3
942.000	0	0	0	0	0	0	0	5	0	0	0	0	0	0	0	0	12	0	10	0	0	0	1	0	0	18	0	9	0	3	0	0	0	0	1	5
942.200	0	0	0	0	0	0	0	12	0	0	0	0	0	0	0	0	12	0	8	1	0	0	2	0	0	12	0	8	0	5	0	0	0	0	0	7
942.400	0	0	0	0	0	0	0	10	0	0	0	0	0	0	0	0	12	0	10	1	0	0	2	0	0	15	0	5	0	2	0	0	0	0	0	3
942.600	0	0	0	0	0	0	0	6	0	0	0	0	0	0	0	0	8	0	5	0	0	0	2	0	0	18	0	7	0	4	0	0	0	0	1	6
942.800	0	0	0	0	0	0	0	9	0	0	0	0	0	0	0	0	13	0	9	0	0	0	2	0	0	14	0	9	0	3	0	0	0	0	0	4
943.000	0	0	0	0	0	0	0	11	0	0	0	0	0	0	0	0	12	0	15	0	0	0	2	0	0	18	0	9	0	3	1	0	0	0	0	5
943.200	0	0	0	0	0	0	0	7	0	0	0	0	0	0	0	0	11	0	7	1	0	0	0	0	0	20	0	9	0	2	0	0	0	0	0	3
943.400	0	0	0	0	0	0	0	6	0	0	0	0	0	0	0	0	12	0	17	1	0	0	2	0	0	17	0	6	0	5	0	0	0	0	0	5
943.600	0	0	0	0	0	0	0	7	0	0	0	0	0	0	0	0	10	0	13	0	0	0	2	0	0	21	0	4	0	5	0	0	0	0	0	4
943.800	0	0	0	0	0	0	0	6	0	0	0	0	0	0	0	0	10	0	14	1	0	0	2	0	0	18	1	6	0	1	0	0	0	0	0	3
944.000	0	0	0	0	0	0	0	3	0	0	0	0	0	0	0	0	9	0	15	1	0	0	2	0	0	12	1	5	0	3	0	0	0	0	1	5
944.200	0	0	0	0	0	0	0	4	0	0	0	0	0	0	0	0	11	0	18	0	0	0	2	0	0	16	0	6	0	1	0	0	0	0	0	5
944.400	0	0	0	0	0	0	0	4	0	0	0	0	0	0	0	0	11	0	12	1	0	0	2	0	0	15	0	7	0	4	0	0	0	0	0	4
944.600	0	0	0	0	0	0	0	5	0	0	0	0	0	0	0	0	10	0	9	2	0	0	2	0	0	18	0	6	0	2	0	0	0	0	1	6
944.800	0	0	0	0	0	0	0	4	0	0	0	0	0	0	0	0	12	0	16	3	0	0	2	0	0	19	0	1	0	2	0	0	0	0	1	6
945.000	0	0	0	0	0	0	0	5	0	0	0	0	0	0	0	0	13	0	14	1	0	0	2	0	0	24	0	6	0	4	0	0	0	0	1	5
945.200	0	0	0	0	0	0	0	4	0	0	0	0	0	0	0	0	11	0	6	1	0	0	0	0	0	23	0	6	0	1	1	0	0	0	1	8
945.400	0	0	0	0	0	0	0	5	0	0	0	0	0	0	0	0	14	0	9	3	0	0	0	0	0	24	0	3	0	4	0	0	0	0	0	3
945.600	0	0	0	0	0	0	0	6	0	0	0	0	0	0	0	0	11	0	16	1	0	0	0	0	0	23	0	7	0	2	0	0	0	0	1	5
945.800	0	0	0	0	0	0	0	2	0	0	0	0	0	0	0	0	11	0	17	2	0	0	0	0	0	20	0	7	0	2	0	0	0	0	1	5
946.000	0	0	0	0	0	0	0	3	0	0	0	0	0	0	0	0	16	0	6	2	0	0	1	0	0	8	0	3	0	5	0	0	0	0	0	4
946.200	0	0	0	0	0	0	0	4	0	0	0	0	0	0	0	0	19	0	10	1	0	0	2	0	0	8	0	1	0	5	0	0	0	0	1	6
946.400	0	0	0	0	0	0	0	3	0	0	0	0	0	0	0	0	17	0	11	3	0	0	0	0	0	13	0	3	0	4	0	0	0	0	1	7
946.600	0	0	0	0	0	0	0	3	0	0	0	0	0	0	0	0	12	0	4	2	0	0	0	0	0	8	0	4	0	7	0	0	0	0	0	5
946.800	0	0	0	0	0	0	0	5	0	0	0	0	0	0	0	0	12	0	14	3	0	0	0	0	0	11	0	3	0	5	0	0	0	0	0	4
947.000	0	0	0	0	0	0	0	4	0	0	0	0	0	0	0	0	16	0	6	1	0	0	0	0	0	8	0	6	0	6	0	0	0	0	1	6
947.200	0	0	0	0	0	0	0	4	0	0	0	0	0	0	0	0	18	0	9	2	0	0	0	0	0	20	0	7	0	1	0	0	0	0	1	9
947.400	0	0	0	0	0	0	0	4	0	0	0	0	0	0	0	0	16	0	9	3	0	0	0	0	0	16	0	7	0	5	0	0	0	0	0	4
947.600	0	0	0	0	0	0	0	4	0	0	0	0	0	0	0	0	15	0	9	1	0	0	0	0	0	12	0	6	0	6	0	0	0	0	0	4
947.800	0	0	0	0	0	0	0	1	0	0	0	0	0	0	0	0	16	0	14	2	0	0	0	0	0	17	0	9	0	5	1	0	0	0	0	5
948.000	0	0	0	0	0	0	0	4	1	0	0	0	0	0	0	0	13	0	17	2	0	0	0	0	0	19	0	5	0	2	0	0	0	0	0	5
948.200	0	0	0	0	0	0	0	3	0	0	0	0	0	0	0	0	15	1	12	3	0	0	0	0	0	16	0	5	0	2	0	0	0	0	0	4
948.400	0	0	0	0	0	0	0	3	0	0	0	0	0	0	0	0	12	1	17	2	0	0	0	0	0	15	0	5	0	5	0	0	0	0	0	4
948.600	0	0	0	0	0	0	0	5	0	0	0	0	0	0	0	0	16	1	14	3	0	0	0	0	0	16	0	8	0	3	0	0	0	0	0	4
948.800	0	0	0	0	0	0	0	2	0	0	0	0	0	0	0	0	12	0	12	0	0	0	0	0	0	16	0	6	0	5	0	0	0	0	0	4
949.000	0	0	0	0	0	0	0	3	0	0	0	0	0	0	0	0	19	0	16	3	0	0	2	0	0	12	0	7	0	7	1	0	0	0	0	3
949.200	0	0	0	0	0	0	0	4	0	0	0	0	0	0	0	0	10	0	14	3	0	0	0	0	0	16	0	8	0	6	0	0	0	0	0	4
949.400	0	0	0	0	0	0	0	3	0	0	0	0	0	0	0	0	20	0	18	3	0	0	1	0	0	14	0	7	0	6	0	0	0	0	0	4
949.600	0	0	0	0	0	0	0	3	0	0	0	0	0	0	0	0	14	0	15	3	0	0	0	0	0	16	0	7	0	6	2	0	0	0	0	3
949.800	0	0	0	0	0	0	0	3	0	0	0	0	0	0	0	0	18	0	12	2	0	0	0	0	0	10	0	6	0	2	0	0	0	0	0	3
950.000	0	0	0	0	0	0	0	5	0	0	0	0	0	0	0	0	17	0	19	3	0	0	0	0	0	15	0	7	0	4	0	0	0	0	0	4
950.200	0	0	0	0	0	0	0	3	0	0	0	0	0	0	0	0	15	0	10	3	0	0	0	0	0	17	0	3	0	2	0	0	0	0	0	5
950.400	0	0	0	0	0	0	0	5	0	0	0	0	0	0	0	0	12	0	9	2	0	0	0	0	0	14	0	6	0	1	0	0	0	0	0	3
950.600	0	0	0	0	0	0	0	2	0	0	0	0	0	0	0	0	19	0	12	3	0	0	0	0	0	13	0	7	0	1	0	0	0	0	0	8
950.800	0	0	0	0	0	0	0	5	0	0	0	0	0	0	0	0	15	0	10	1	0	0	0	0	0	13	0	5	0	3	0	0	0	0	0	7
951.000	0	0	0	0	0	0	0	1	0	0	0	0	0	0	0	0	15	0	9	2	0	0	0	0	0	12	0	6	0	6	0	0	0	0	0	2
951.200	0	0	0	0	0	0	0	3	0	0	0	0	0	0	0	0	15	0	6	2	0	0	0	0	0	18	0	5	0	2	0	0	0	0	0	2
951.400	0	0	0	0	0	0	0	4	0	0	0	0	0	0	0	0	13	0	11	3	0	0	0	0	0	16	0	4	0	2	0	0	0	0	1	6
951.600	0	0	0	0	0	0	0	5	0	0	0	0	0	0	0	0	13	0	9	3	0	0	0	0	0	17	0	4	0	5	0	0	0	0	0	8
951.800	0	0	0	0	0	0	0	4	0	0	0	0	0	0	0	0	10	0	8	1	0	0	0	0	0	10	0	6	0	1	0	0	0	0	0	4
952.000	0	0	0	0	0	0	0	5	0	0	0	0	0	0	0	0	17	0	9	3	0	0	0	0	0	16	0	5	0	3	0	0	0	0	1	2
952.200	0	0	0	0	0	0	0	1	0	0	0	0	0	0	0	0	20	0	13	1	0	0	0	0	0	14	0	3	0	4	0	0	0	0	0	2
952.400	0	0	0	0	0	0	0	1	0	0	0	0	0	0	0	0	16	0	7	3	0	0	0	0	0	14	0	6	0	5	0	0	0	0	0	2
952.600	0	0	0	0	0	0	0	4	0	0	0	0	0	0	0	0	14	0	9	2	0	0	0	0	0	16	0	4	0	2	0	0	0	0	0	3
952.800	0	0	0	0	0	0	0	3	0	0	0	0	0	0	0	0	16	0	15	1	0	0	0	0	0	9	0	5	0	3	0	0	0	0	0	4
953.000	0	0	0	0	0	0	0	5	0	0	0	0	0	0	0	0	16	0	9	1	0	0	0	0	0	14	0	7	0	4	0	0	0	0	0	0
953.200	0	0	0	0	0	0	0	3	0	0	0	0	0	0	0	0	13	0	14	4	0	0	0	0	0	17	0	2	0	0	0	0	0	0	0	4
953.400	0	0	0	0	0	0	0	5	0	0	0	0	0	0	0	0	16	0	6	2	0	0	0	0	0	19	0	6	0	2	0	0	0	0	0	3
953.600	0	0	0	0	0	0	0	5	0	0	0	0	0	0	0	0	14	0	8	3	0	0	0	0	0	20	0	6	0	4	0	0	0	0	1	6
953.800	0	0	0	0	0	0	0	4	0	0	0	0	0	0	0	0	14	0	7	2	0	0	0	0	0	16	0	8	0	4	0	0	0	0	1	7
954.000	0	0	0	0	0	0	0	3	0	0	0	0	0	0	0	0	18	0	8	2	0	0	0	0	0	19	0	6	0	2	0	0	0	0	0	7
954.200	0	0	0	0	0	0	0	4	0	0	0	0	0	0	0	0	10	0	4	2	0	0	0	0	0	17	0	0	0	0	0	0	0	0	1	5
954.400	0	0	0	0	0	0	0	5	0	0	0	0	0	0	0	0	12	0	8	3	0	0	0	0	0	18	0	6	0	4	0	0	0	0	1	3
954.600	0	0	0	0	0	0	0	5	0	0	0	0	0	0	0	0	18	0	8	3	0	0	0	0	0	16	0	5	0	2	0	0	0	0	1	4
954.800	0	0	0	0	0	0	0	5	0	0	0	0	0	0	0	0	15	0	8	1	0	0	0	0	0	13	0	5	0	1	0	0	0	0	1	3
955.000	0	0	0	0	0	0	0	5	0	0	0	0	0	0	0	0	17	0	12	3	0	0	0	0	0	13	0	3	0	5	0	0	0	0	0	5
955.200	0	0	0	0	0	0	0	4	0	0	0	0	0	0	0	0	13	0	8	1	0	0	0	0	0	16	0	4	0	8	0	0	0	0	0	3
955.400	0	0	0	0	0	0	0	5	0	0	0	0	0	0	0	0	13	0	13	3	0	0	0	0	0	17	0	2	0	6	0	0	0	0	1	4
955.600	0	0	0	0	0	0	0	5	0	0	0	0	0	0	0	0	12	0	15	3	0	0	0	0	0	15	0	4	0	4	0	0	0	0	0	6
955.800	0	0	0	0	0	0	0	7	0	0	0	0	0	0	0	0	8	0	16	3	0	0	0	0	0	16	0	6	0	6	0	0	0	0	0	5
956.000	0	0	0	0	0	0	0	10	0	0	0	0	0	0	0	0	19	0	14	2	0	0	0	0	0	17	0	8	0	5	0	0	0	0	0	5
956.200	0	0	0	0	0	0	0	8	0	0	0	0	0	0	0	0	17	0	13	3	0	0	0	0	0	13	0	9	0	4	1	0	0	0	0	3
956.400	0	0	0	0	0	0	0	9	0	0	0	0	0	0	0	0	19	0	13	3	0	0	0	0	0	7	0	4	0	3	0	0	0	0	0	5
956.600	0	0	0	0	0	0	0	9	0	0	0	0	0	0	0	0	12	0	17	1	0	0	0	0	0	16	0	4	0	2	0	0	0	0	0	6
956.800	0	0	0	0	0	0	0	8	0	0	0	0	0	0	0	0	10	0	12	1	0	0	0	0	0	14	0	6	0	5	2	0	0	0	1	5
957.000	0	0	0	0	0	0	0	9	0	0	0	0	0	0	0	0	14	0	10	2	0	0	0	0	0	11	0	6	0	2	0	0	0	0	1	8
957.200	0	0	0	0	0	0	0	11	0	0	0	0	0	0	0	0	15	0	4	2	0	0	0	0	0	16	0	5	0	4	0	0	0	0	0	4
957.400	0	0	0	0	0	0	0	8	0	0	0	0	0	0	0	0	14	0	7	1	0	0	0	0	0	14	0	4	0	8	0	0	0	0	1	6
957.600	0	0	0	0	0	0	0	14	0	0	0	0	0	0	0	0	20	0	8	1	0	0	0	0	0	17	0	4	0	3	0	0	0	0	0	4
957.800	0	0	0	0	0	0	0	10	0	0	0	0	0	0	0	0	13	0	6	4	0	0	0	0	0	17	0	5	0	7	0	0	0	0	0	7
958.000	0	0	0	0	0	0	0	13	0	0	0	0	0	0	0	0	10	0	4	1	0	0	0	0	0	14	0	4	0	4	0	0	0	0	0	4
958.200	0	0	0	0	0	0	0	10	0	0	0	0	0	0	0	0	12	0	3	2	0	0	0	0	0	15	0	0	0	3	0	0	0	0	0	4
958.400	0	0	0	0	0	0	0	12	0	0	0	0	0	0	0	0	16	0	14	2	0	0	0	0	0	13	0	5	0	4	0	0	0	0	0	6
958.600	0	0	0	0	0	0	0	6	0	0	0	0	0	0	0	0	14	0	11	2	0	0	0	0	0	16	0	2	0	3	0	0	0	0	0	3
958.800	0	0	0	0	0	0	0	8	0	0	0	0	0	0	0	0	12	0	15	3	0	0	0	0	0	9	0	5	0	10	0	0	0	0	0	4
959.000	0	0	0	0	0	0	0	5	0	0	0	0	0	0	0	0	16	0	11	3	0	0	0	0	0	15	0	5	0	6	0	0	0	0	0	6
959.200	0	0	0	0	0	0	0	8	0	0	0	0	0	0	0	0	8	0	15	3	0	0	0	0	0	18	0	6	0	7	3	0	0	0	0	2
959.400	0	0	0	0	0	0	0	7	0	0	0	0	0	0	0	0	16	0	12	3	0	0	0	0	0	17	0	6	0	5	0	0	0	0	0	3
959.600	0	0	0	0	0	0	0	9	0	0	0	0	0	0	0	0	18	0	6	1	0	0	0	0	0	10	0	1	0	3	0	0	0	0	0	3
959.800	0	0	0	0	0	0	0	6	0	0	0	0	0	0	0	0	18	0	9	3	0	0	0	0	0	10	0	4	0	2	0	0	0	0	0	4
960.000	0	0	0	0	0	0	0	6	0	0	0	0	0	0	0	0	14	0	18	1	0	0	0	0	0	12	0	4	0	5	0	0	0	0	0	3
960.200	0	0	0	0	0	0	0	7	0	0	0	0	0	0	0	0	16	0	7	2	0	0	0	0	0	14	0	1	0	4	0	0	0	0	1	3
960.400	0	0	0	0	0	0	0	8	0	0	0	0	0	0	0	0	18	0	9	2	0	0	0	0	0	22	0	11	0	2	0	0	0	0	0	7
960.600	0	0	0	0	0	0	0	8	0	0	0	0	0	0	0	0	13	0	10	2	0	0	0	0	0	14	0	7	0	3	0	0	0	0	0	4
960.800	0	0	0	0	0	0	0	7	0	0	0	0	0	0	0	0	15	0	7	1	0	0	1	0	0	16	0	6	0	1	0	0	0	0	1	3
961.000	0	0	0	0	0	0	0	7	0	0	0	0	0	0	0	0	17	0	11	1	0	0	0	0	0	16	0	10	0	6	0	0	0	0	0	3
961.200	0	0	0	0	0	0	0	8	0	0	0	0	0	0	0	0	24	0	10	1	0	0	0	0	0	9	0	6	0	1	0	0	0	0	1	2
961.400	0	0	0	0	0	0	0	5	0	0	0	0	0	0	0	0	15	0	7	3	0	0	1	0	0	16	0	8	0	4	0	0	0	0	1	7
961.600	0	0	0	0	0	0	0	8	0	0	0	0	0	0	0	0	18	0	13	2	0	0	0	0	0	16	0	4	0	3	0	0	0	0	1	5
961.800	0	0	0	0	0	0	0	9	0	0	0	0	0	0	0	0	18	0	12	3	0	0	0	0	0	16	0	6	0	1	1	0	0	0	1	3
962.000	0	0	0	0	0	0	0	8	0	0	0	0	0	0	0	0	13	0	7	2	0	0	0	0	0	19	0	4	0	1	0	0	0	0	0	1
962.200	0	0	0	0	0	0	0	9	0	0	0	0	0	0	0	0	11	0	5	1	0	0	0	0	0	17	0	7	0	3	0	0	0	0	1	2
962.400	0	0	0	0	0	0	0	9	0	0	0	0	0	0	0	0	16	0	7	1	0	0	0	0	0	15	0	9	0	3	0	0	0	0	0	6
962.600	0	0	0	0	0	0	0	11	0	0	0	0	0	0	0	0	14	0	11	2	0	0	0	0	0	17	0	7	0	1	0	0	0	0	1	3
962.800	0	0	0	0	0	0	0	9	0	0	0	0	0	0	0	0	14	0	14	1	0	0	0	0	0	15	0	7	0	6	0	0	0	0	1	2
963.000	0	0	0	0	0	0	0	10	0	0	0	0	0	0	0	0	17	0	8	1	0	0	0	0	0	22	0	6	0	8	1	0	0	0	0	6
963.200	0	0	0	0	0	0	0	14	0	0	0	0	0	0	0	0	14	0	5	0	0	0	0	0	0	16	0	10	0	2	2	0	0	0	1	4
963.400	0	0	0	0	0	0	0	6	0	0	0	0	0	0	0	0	8	0	6	2	0	0	0	0	0	17	0	4	0	1	0	0	0	0	1	3
963.600	0	0	0	0	0	0	0	5	0	0	0	0	0	0	0	0	12	0	7	2	0	0	0	0	1	18	0	6	0	6	0	0	0	0	1	4
963.800	0	0	0	0	0	0	0	9	0	0	0	0	0	0	0	0	12	0	13	1	0	0	0	0	0	17	0	6	0	1	0	0	0	0	0	4
964.000	0	0	0	0	0	0	0	8	0	0	0	0	0	0	0	0	16	0	7	2	0	0	0	0	0	18	0	1	0	2	0	0	0	0	0	2
964.200	0	0	0	0	0	0	0	7	0	0	0	0	0	0	0	0	17	1	6	1	0	0	0	0	0	18	0	4	0	1	0	0	0	0	0	2
964.400	0	0	0	0	0	0	0	7	0	0	0	0	0	0	0	0	14	0	5	1	0	0	0	0	0	19	0	6	0	4	0	0	0	0	0	7
964.600	0	0	0	0	0	0	0	10	0	0	0	0	0	0	0	0	13	1	12	1	0	0	0	0	0	13	0	6	0	2	0	0	0	0	0	3
964.800	0	0	0	0	0	0	0	10	0	0	0	0	0	0	0	0	10	1	6	1	0	0	0	0	0	14	0	8	0	4	0	0	0	0	0	3
965.000	0	0	0	0	0	0	0	10	0	0	0	0	0	0	0	0	15	1	5	2	0	0	0	0	0	14	0	8	0	6	2	0	0	0	0	3
965.200	0	0	0	0	0	0	0	9	0	0	0	0	0	0	0	0	11	1	8	3	0	0	1	0	0	18	0	8	0	8	1	0	0	0	0	4
965.400	0	0	0	0	0	0	0	10	0	0	0	0	0	0	0	0	22	0	7	3	0	0	0	0	0	9	0	5	0	5	0	0	0	0	0	3
965.600	0	0	0	0	0	0	0	5	0	0	0	0	0	0	0	0	13	1	8	2	0	0	0	0	0	11	0	4	0	3	0	0	0	0	1	3
965.800	0	0	0	0	0	0	0	6	0	0	0	0	0	0	0	0	19	0	10	1	0	0	2	0	0	23	0	1	0	2	0	0	0	0	0	7
966.000	0	0	0	0	0	0	0	10	0	0	0	0	0	0	0	0	17	0	6	1	0	0	1	0	0	17	0	2	0	2	0	0	0	0	0	4
966.200	0	0	0	0	0	0	0	5	0	0	0	0	0	0	0	0	18	0	5	2	0	0	0	0	0	16	0	0	0	3	0	0	0	0	0	2
966.400	0	0	0	0	0	0	0	9	0	0	0	0	0	0	0	0	20	0	6	2	0	0	1	0	0	19	0	6	0	1	0	0	0	0	0	5
966.600	0	0	0	0	0	0	0	8	0	0	0	0	0	0	0	0	21	0	12	2	0	0	1	0	0	11	0	7	0	5	0	0	0	0	0	4
966.800	0	0	0	0	0	0	0	8	0	0	0	0	0	0	0	0	14	0	10	1	0	0	2	0	0	11	0	7	0	4	0	0	0	0	0	6
967.000	0	0	0	0	0	0	0	6	0	0	0	0	0	0	0	0	18	0	8	1	0	0	1	0	0	17	0	10	0	7	0	0	0	0	0	3
967.200	0	0	0	0	0	0	0	6	0	0	0	0	0	0	0	0	14	0	13	2	0	0	1	0	0	19	0	8	0	6	0	0	0	0	0	5
967.400	0	0	0	0	0	0	0	7	0	0	0	0	0	0	0	0	17	0	7	3	0	0	2	0	0	18	0	7	0	5	0	0	0	0	1	5
967.600	0	0	0	0	0	0	0	5	0	0	0	0	0	0	0	0	17	0	11	3	0	0	1	0	0	16	0	6	0	4	0	0	0	0	0	3
967.800	0	0	0	0	0	0	0	7	0	0	0	0	0	0	0	0	9	0	6	3	0	0	1	0	0	12	0	6	0	4	0	0	0	0	1	2
968.000	0	0	0	0	0	0	0	0	0	0	0	0	0	0	0	0	18	0	15	3	0	0	4	0	0	9	0	6	0	5	0	0	0	0	0	4
968.200	0	0	0	0	0	0	0	4	0	0	0	0	0	0	0	0	16	0	14	3	0	0	0	0	0	12	0	6	0	1	1	0	0	0	0	2
968.400	0	0	0	0	0	0	0	3	0	0	0	0	0	0	0	0	7	0	15	1	0	0	2	0	0	19	0	8	0	4	0	0	0	0	0	2
968.600	0	0	0	0	0	0	0	2	0	0	0	0	0	0	0	0	16	0	6	2	0	0	0	0	0	21	0	6	0	5	0	0	0	0	1	3
968.800	0	0	0	0	0	0	0	1	0	0	0	0	0	0	0	0	19	0	9	1	0	0	1	0	0	10	0	5	0	2	1	0	0	0	1	4
969.000	0	0	0	0	0	0	0	1	0	0	0	0	0	0	0	0	23	0	11	1	0	0	0	0	0	14	0	5	0	1	0	0	0	0	1	3
969.200	0	0	0	0	0	0	0	5	0	0	0	0	0	0	0	0	12	0	13	1	0	0	0	0	0	15	0	9	0	5	0	0	0	0	0	5
969.400	0	0	0	0	0	0	0	5	0	0	0	0	0	0	0	0	17	0	12	1	0	0	0	0	0	15	0	6	0	1	0	0	0	0	0	6
969.600	0	0	0	0	0	0	0	5	0	0	0	0	0	0	0	0	13	0	12	2	0	0	0	0	0	13	0	3	0	1	0	0	0	0	0	3
969.800	0	0	0	0	0	0	0	4	0	0	0	0	0	0	0	0	16	0	11	2	0	0	0	0	0	16	0	6	0	2	0	0	0	0	0	4
970.000	0	0	0	0	0	0	0	5	0	0	0	0	0	0	0	0	12	0	6	1	0	0	0	0	0	16	0	6	0	3	0	0	0	0	0	2
970.200	0	0	0	0	0	0	0	3	0	0	0	0	0	0	0	0	15	0	11	1	0	0	0	0	0	21	0	5	0	1	0	0	0	0	1	3
970.400	0	0	0	0	0	0	0	5	0	0	0	0	0	0	0	0	18	0	15	2	0	0	0	0	0	10	0	6	0	3	0	0	0	0	0	6
970.600	0	0	0	0	0	0	0	5	0	0	0	0	0	0	0	0	14	0	9	3	0	0	0	0	0	13	0	7	0	3	0	0	0	0	0	5
970.800	0	0	0	0	0	0	0	1	0	0	0	0	0	0	0	0	12	0	18	2	0	0	0	0	0	13	0	6	0	3	0	0	0	0	1	5
971.000	0	0	0	0	0	0	0	0	0	0	0	0	0	0	0	0	14	0	11	3	0	0	0	0	0	14	0	7	0	3	0	0	0	0	0	5
971.200	0	0	0	0	0	0	0	0	0	0	0	0	0	0	0	0	14	0	6	4	0	0	0	0	0	21	0	6	0	3	0	0	0	0	0	5
971.400	0	0	0	0	0	0	0	0	0	0	0	0	0	0	0	0	22	0	14	3	0	0	0	0	0	14	0	6	0	5	0	0	0	0	0	6
971.600	0	0	0	0	0	0	0	0	0	0	0	0	0	0	0	0	13	0	12	3	0	0	0	0	0	16	0	6	0	3	0	0	0	0	0	14
971.800	0	0	0	0	0	0	0	0	0	0	0	0	0	0	0	0	18	0	10	2	0	0	0	0	0	13	0	6	0	3	0	0	0	0	1	12
972.000	0	0	0	0	0	0	0	0	0	0	0	0	0	0	0	0	9	0	10	2	0	0	0	0	0	15	0	5	0	7	0	0	0	0	1	13
972.200	0	0	0	0	0	0	0	0	0	0	0	0	0	0	0	0	18	0	14	3	0	0	0	0	0	15	0	5	0	3	2	0	0	0	1	10
972.400	0	0	0	0	0	0	0	0	0	0	0	0	0	0	0	0	15	0	11	1	0	0	0	0	0	13	0	4	0	4	2	0	0	0	0	6
972.600	0	0	0	0	0	0	0	0	0	0	0	0	0	0	0	0	14	0	14	2	0	0	0	0	0	15	0	7	0	5	0	0	0	0	0	2
972.800	0	0	0	0	0	0	0	0	0	0	0	0	0	0	0	0	14	0	10	1	0	0	0	0	0	13	0	4	0	5	0	0	0	0	0	8
973.000	0	0	0	0	0	0	0	0	0	0	0	0	0	0	0	0	15	0	12	1	0	0	0	0	0	18	0	6	0	4	0	0	0	0	0	4
973.200	0	0	0	0	0	0	0	0	0	0	0	0	0	0	0	0	14	0	1	0	0	0	0	0	0	18	0	7	0	5	2	0	0	0	0	4
973.400	0	0	0	0	0	0	0	0	0	0	0	0	0	0	0	0	17	0	11	2	0	0	0	0	0	14	0	5	0	5	1	0	0	0	0	2
973.600	0	0	0	0	0	0	0	0	0	0	0	0	0	0	0	0	15	0	10	2	0	0	0	0	0	13	0	5	0	5	0	0	0	0	0	3
973.800	0	0	0	0	0	0	0	0	0	0	0	0	0	0	0	0	10	0	12	2	0	0	0	0	0	16	0	1	0	4	0	0	0	0	0	3
974.000	0	0	0	0	0	0	0	0	0	0	0	0	0	0	0	0	11	0	15	0	0	0	0	0	0	16	0	6	0	6	1	0	0	0	0	5
974.200	0	0	0	0	0	0	0	0	0	0	0	0	0	0	0	0	8	0	16	2	0	0	0	0	0	15	0	6	0	1	0	0	0	0	0	12
974.400	0	0	0	0	0	0	0	0	0	0	0	0	0	0	0	0	10	0	14	2	0	0	0	0	0	14	0	9	0	3	0	0	0	0	0	15
974.600	0	0	0	0	0	0	0	0	1	0	0	0	0	0	0	0	13	1	13	0	0	0	0	0	0	17	0	1	0	1	0	0	0	0	0	12
974.800	0	0	0	0	0	0	0	0	2	0	0	0	0	0	0	0	9	2	12	2	0	0	0	0	0	12	0	9	0	3	0	0	0	0	1	14
975.000	0	0	0	0	0	0	0	0	1	0	0	0	0	0	0	0	13	0	15	3	0	0	0	0	0	15	0	4	0	2	0	0	0	0	0	16
975.200	0	0	0	0	0	0	0	0	0	0	0	0	0	0	0	0	20	0	15	2	0	0	0	0	0	13	0	3	0	3	0	0	0	0	0	9
975.400	0	0	0	0	0	0	0	0	0	0	0	0	0	0	0	0	15	0	10	3	0	0	0	0	0	16	0	5	0	5	0	0	0	0	0	12
975.600	0	0	0	0	0	0	0	0	0	0	0	0	0	0	0	0	19	1	10	2	0	0	0	0	0	15	0	1	0	1	0	0	0	0	0	19
975.800	0	0	0	0	0	0	0	0	0	0	0	0	0	0	0	0	21	1	18	2	0	0	0	0	0	17	0	5	0	1	0	0	0	0	0	17
976.000	0	0	0	0	0	0	0	0	0	0	0	0	0	0	0	0	18	0	9	4	0	0	0	0	0	14	0	3	0	5	0	0	0	0	0	15
976.200	0	0	0	0	0	0	0	0	0	0	0	0	0	0	0	0	22	0	11	3	0	0	0	0	0	15	0	3	0	3	0	0	0	0	0	18
976.400	0	0	0	0	0	0	0	0	0	0	0	0	0	0	0	0	15	0	14	3	0	0	0	0	0	15	0	1	0	4	0	0	0	0	0	14
976.600	0	0	0	0	0	0	0	0	0	0	0	0	0	0	0	0	14	0	11	3	0	0	0	0	0	10	0	5	0	2	0	0	0	0	0	16
976.800	0	0	0	0	0	0	0	0	0	0	0	0	0	0	0	0	18	4	11	2	0	0	0	0	0	21	0	11	0	4	0	0	0	0	0	15
977.000	0	0	0	0	0	0	0	0	0	0	0	0	0	0	0	0	17	0	11	2	0	0	0	0	0	13	0	5	0	0	0	0	0	0	0	15
977.200	0	0	0	0	0	0	0	0	0	0	0	0	0	0	0	0	14	0	16	1	0	0	3	0	0	18	0	1	0	4	0	0	0	0	0	16
977.400	0	0	0	0	0	0	0	0	0	0	0	0	0	0	0	0	11	0	15	2	0	0	3	0	0	11	0	10	0	4	1	0	0	0	0	12
977.600	0	0	0	0	0	0	0	0	0	0	0	0	0	0	0	0	16	0	12	3	0	0	4	0	0	18	0	4	0	3	0	0	0	0	0	13
977.800	0	0	0	0	0	0	0	0	0	0	0	0	0	0	0	0	17	0	8	2	0	0	3	0	0	13	0	9	0	2	0	0	0	0	0	16
978.000	0	0	0	0	0	0	0	0	0	0	0	0	0	0	0	0	15	0	14	3	0	0	2	0	0	17	0	6	0	2	1	0	0	0	0	12
978.200	0	0	0	0	0	0	0	0	0	0	0	0	0	0	0	0	16	1	10	3	0	0	2	0	0	12	0	10	0	5	0	0	0	0	0	7
978.400	0	0	0	0	0	0	0	0	0	0	0	0	0	0	0	0	22	3	9	2	0	0	3	0	0	17	0	7	0	2	0	0	0	0	1	9
978.600	0	0	0	0	0	0	0	0	0	0	0	0	0	0	0	0	16	0	16	1	0	0	3	0	0	17	0	2	0	2	0	0	0	0	1	14
978.800	0	0	0	0	0	0	0	0	0	0	0	0	0	0	0	0	15	1	8	2	0	0	2	0	0	10	0	2	0	5	0	0	0	0	0	12
979.000	0	0	0	0	0	0	0	0	0	0	0	0	0	0	0	0	14	0	14	1	0	0	2	0	0	16	0	6	0	5	0	0	0	0	0	11
979.200	0	0	0	0	0	0	0	0	0	0	0	0	0	0	0	0	19	0	8	3	0	0	2	0	0	16	0	9	0	9	0	0	0	0	0	13
979.400	0	0	0	0	0	0	0	0	0	0	0	0	0	0	0	0	14	0	6	1	0	0	1	0	0	17	0	8	0	3	0	0	0	0	0	6
979.600	0	0	0	0	0	0	0	0	0	0	0	0	0	0	0	0	14	0	9	2	0	0	2	0	0	17	0	8	0	5	0	0	0	0	1	14
979.800	0	0	0	0	0	0	0	0	0	0	0	0	0	0	0	0	12	0	13	1	0	0	2	0	0	18	0	8	0	5	0	0	0	0	0	8
980.000	0	0	0	0	0	0	0	0	0	0	0	0	0	0	0	0	15	0	15	1	0	0	2	0	0	18	0	5	0	5	0	0	0	0	0	8
980.200	0	0	0	0	0	0	0	0	0	0	0	0	0	0	0	0	6	0	15	1	0	0	1	0	0	16	0	6	0	2	0	0	0	0	0	5
980.400	0	0	0	0	0	0	0	0	0	0	0	0	0	0	0	0	13	0	11	1	0	0	1	0	0	17	0	7	0	5	0	0	0	0	1	3
980.600	0	0	0	0	0	0	0	0	0	0	0	0	0	0	0	0	12	0	9	1	0	0	2	0	0	14	0	11	0	6	1	0	0	0	0	4
980.800	0	0	0	0	0	0	0	0	0	0	0	0	0	0	0	0	9	0	8	1	0	0	2	0	0	14	0	8	0	2	0	0	0	0	0	11
981.000	0	0	0	0	0	0	0	0	0	0	0	0	0	0	0	0	8	0	11	1	0	0	3	0	0	14	0	10	0	4	0	0	0	0	0	4
981.200	0	0	0	0	0	0	0	0	0	0	0	0	0	0	0	0	16	0	9	1	0	0	3	0	0	11	0	10	0	2	0	0	0	0	1	5
981.400	0	0	0	0	0	0	0	0	0	0	0	0	0	0	0	0	10	0	8	1	0	0	4	0	0	13	0	6	0	5	0	0	0	0	0	2
981.600	0	0	0	0	0	0	0	0	0	0	0	0	0	0	0	0	14	0	11	1	0	0	5	0	0	11	0	5	0	1	0	0	0	0	0	3
981.800	0	0	0	0	0	0	0	0	0	0	0	0	0	0	0	0	15	0	11	1	0	0	5	0	0	14	0	7	0	5	0	0	0	0	0	3
982.000	0	0	0	0	0	0	0	0	0	0	0	0	0	0	0	0	16	0	10	1	0	0	5	0	0	10	0	5	0	5	0	0	0	0	0	4
982.200	0	0	0	0	0	0	0	0	0	0	0	0	0	0	0	0	17	0	10	1	0	0	5	0	0	15	0	6	0	3	0	0	0	0	0	6
982.400	0	0	0	0	0	0	0	0	0	0	0	0	0	0	0	0	14	0	9	1	0	0	2	0	0	9	0	5	0	4	0	0	0	0	0	5
982.600	0	0	0	0	0	0	0	0	0	0	0	0	0	0	0	0	14	0	10	0	0	0	2	0	0	16	1	4	0	7	0	0	0	0	0	6
982.800	0	0	0	0	0	0	0	0	0	0	0	0	0	0	0	0	18	0	6	1	0	0	2	0	0	12	0	6	0	0	1	0	0	0	1	3
983.000	0	0	0	0	0	0	0	0	0	0	0	0	0	0	0	0	16	0	14	0	0	0	3	0	0	11	0	7	0	1	0	0	0	0	1	5
983.200	0	0	0	0	0	0	0	0	0	0	0	0	0	0	0	0	13	0	13	1	0	0	4	0	0	13	0	8	0	4	0	0	0	0	0	5
983.400	0	0	0	0	0	0	0	0	0	0	0	0	0	0	0	0	17	0	10	1	0	0	3	0	0	15	0	7	0	5	2	0	0	0	1	5
983.600	0	0	0	0	0	0	0	0	0	0	0	0	0	0	0	0	13	0	9	0	0	0	3	0	0	15	0	6	0	6	0	0	0	0	0	7
983.800	0	0	0	0	0	0	0	0	0	0	0	0	0	0	0	0	23	0	15	1	0	0	3	0	0	17	0	6	0	3	0	0	0	0	0	2
984.000	0	0	0	0	0	0	0	0	0	0	0	0	0	0	0	0	11	0	11	1	0	0	6	0	0	17	0	6	0	1	0	0	0	0	0	4
984.200	0	0	0	0	0	0	0	0	0	0	0	0	0	0	0	0	17	0	13	0	0	0	3	0	0	14	0	6	0	4	0	0	0	0	1	2
984.400	0	0	0	0	0	0	0	0	0	0	0	0	0	0	0	0	17	0	8	0	0	0	2	0	0	15	0	8	0	5	0	0	0	0	1	2
984.600	0	0	0	0	0	0	0	0	0	0	0	0	0	0	0	0	14	0	11	1	0	0	2	0	0	11	0	6	0	4	0	0	0	0	0	5
984.800	0	0	0	0	0	0	0	0	0	0	0	0	0	0	0	0	16	0	12	0	0	0	2	0	0	14	0	2	0	2	0	0	0	0	1	2
985.000	0	0	0	0	0	0	0	0	0	0	0	0	0	0	0	0	12	0	10	0	0	0	1	0	0	7	1	2	0	4	0	0	0	0	1	8
985.200	0	0	0	0	0	0	0	0	0	0	0	0	0	0	0	0	21	0	11	1	0	0	2	0	0	14	0	8	0	7	0	0	0	0	1	5
985.400	0	0	0	0	0	0	0	0	0	0	0	0	0	0	0	0	14	0	11	1	0	0	0	0	0	16	0	2	0	5	0	0	0	0	0	4
985.600	0	0	0	0	0	0	0	0	0	0	0	0	0	0	0	0	17	0	14	0	0	0	2	0	0	10	0	4	0	5	0	0	0	0	0	6
985.800	0	0	0	0	0	0	0	0	0	0	0	0	0	0	0	0	11	0	17	0	0	0	2	0	0	20	0	2	0	3	0	0	0	0	0	7
986.000	0	0	0	0	0	0	0	0	0	0	0	0	0	0	0	0	18	0	13	1	0	0	1	0	0	15	0	4	0	6	0	0	0	0	1	8
986.200	0	0	0	0	0	0	0	0	0	0	0	0	0	0	0	0	17	0	12	1	0	0	3	0	0	20	0	0	0	2	0	0	0	0	1	4
986.400	0	0	0	0	0	0	0	0	0	0	0	0	0	0	0	0	20	0	10	1	0	0	2	0	0	16	0	1	0	1	0	0	0	0	1	4
986.600	0	0	0	0	0	0	0	0	0	0	0	0	0	0	0	0	16	0	10	1	0	0	2	0	0	9	0	1	0	1	0	0	0	0	0	4
986.800	0	0	0	0	0	0	0	0	0	0	0	0	0	0	0	0	16	0	10	1	0	0	2	0	0	15	0	6	0	2	0	0	0	0	1	3
987.000	0	0	0	0	0	0	0	0	0	0	0	0	0	0	0	0	10	0	12	1	0	0	4	0	0	12	0	5	0	3	0	0	0	0	1	7
987.200	0	0	0	0	0	0	0	0	0	0	0	0	0	0	0	0	11	0	9	0	0	0	2	0	0	14	0	3	0	3	0	0	0	0	1	5
987.400	0	0	0	0	0	0	0	0	0	0	0	0	0	0	0	0	13	0	5	1	0	0	4	0	0	10	0	0	0	2	0	0	0	0	0	6
987.600	0	0	0	0	0	0	0	0	0	0	0	0	0	0	0	0	8	0	10	1	0	0	4	0	0	12	0	6	0	5	0	0	0	0	0	4
987.800	0	0	0	0	0	0	0	0	0	0	0	0	0	0	0	0	19	0	9	1	0	0	2	0	0	18	0	5	0	5	0	0	0	0	0	5
988.000	0	0	0	0	0	0	0	0	0	0	0	0	0	0	0	0	20	0	12	0	0	0	2	0	0	7	0	2	0	2	0	0	0	0	0	4
988.200	0	0	0	0	0	0	0	0	0	0	0	0	0	0	0	0	13	0	13	0	0	0	3	0	0	9	0	5	0	6	0	0	0	0	1	6
988.400	0	0	0	0	0	0	0	0	0	0	0	0	0	0	0	0	15	0	8	1	0	0	2	0	0	14	0	6	0	4	0	0	0	0	0	3
988.600	0	0	0	0	0	0	0	0	0	0	0	0	0	0	0	0	10	0	13	1	0	0	1	0	0	13	0	5	0	3	0	0	0	0	0	4
988.800	0	0	0	0	0	0	0	0	0	0	0	0	0	0	0	0	13	0	11	1	0	0	2	0	0	14	0	3	0	5	0	0	0	0	0	4
989.000	0	0	0	0	0	0	0	0	0	0	0	0	0	0	0	0	21	0	12	1	0	0	3	0	0	12	0	6	0	5	0	0	0	0	1	2
989.200	0	0	0	0	0	0	0	0	0	0	0	0	0	0	0	0	10	0	11	1	0	0	2	0	0	11	0	5	0	4	0	0	0	0	0	5
989.400	0	0	0	0	0	0	0	0	0	0	0	0	0	0	0	0	14	0	16	1	0	0	2	0	0	10	0	4	0	6	0	0	0	0	0	4
989.600	0	0	0	0	0	0	0	0	0	0	0	0	0	0	0	0	10	0	9	0	0	0	2	0	0	14	0	7	0	5	0	0	0	0	0	5
989.800	0	0	0	0	0	0	0	0	0	0	0	0	0	0	0	0	14	0	7	1	0	0	2	0	0	9	0	9	0	6	1	0	0	0	1	2
990.000	0	0	0	0	0	0	0	0	0	0	0	0	0	0	0	0	15	0	10	0	0	0	2	0	0	7	0	2	0	4	0	0	0	0	1	2
990.200	0	0	0	0	0	0	0	0	0	0	0	0	0	0	0	0	10	0	13	1	0	0	3	0	0	7	0	10	0	2	0	0	0	0	0	4
990.400	0	0	0	0	0	0	0	0	0	0	0	0	0	0	0	0	14	0	16	1	0	0	2	0	0	9	0	4	0	6	0	0	0	0	0	3
990.600	0	0	0	0	0	0	0	0	0	0	0	0	0	0	0	0	14	0	12	1	0	0	1	0	0	9	0	5	0	1	0	0	0	0	1	6
990.800	0	0	0	0	0	0	0	0	0	0	0	0	0	0	0	0	14	0	11	0	0	0	2	0	0	16	0	9	0	0	0	0	0	0	1	3
991.000	0	0	0	0	0	0	0	0	0	0	0	0	0	0	0	0	16	0	6	1	0	0	2	0	0	12	0	10	0	1	0	0	0	0	1	4
991.200	0	0	0	0	0	0	0	0	0	0	0	0	0	0	0	0	16	0	5	0	0	0	2	0	0	9	0	2	0	1	0	0	0	0	0	7
991.400	0	0	0	0	0	0	0	0	0	0	0	0	0	0	0	0	13	0	8	1	0	0	2	0	0	10	0	7	0	4	0	0	0	0	1	6
991.600	0	0	0	0	0	0	0	0	0	0	0	0	0	0	0	0	13	0	14	2	0	0	2	0	0	10	0	8	0	4	0	0	0	0	1	6
991.800	0	0	0	0	0	0	0	0	0	0	0	0	0	0	0	0	12	0	11	0	0	0	2	0	0	15	0	8	0	5	0	0	0	0	1	15
992.000	0	0	0	0	0	0	0	0	0	0	0	0	0	0	0	0	13	0	3	2	0	0	2	0	0	10	0	4	0	8	2	0	0	0	1	9
992.200	0	0	0	0	0	0	0	0	0	0	0	0	0	0	0	0	14	0	6	2	0	0	2	0	0	9	0	7	0	5	0	0	0	0	1	8
992.400	0	0	0	0	0	0	0	0	0	0	0	0	0	0	0	0	14	0	15	2	0	0	2	0	0	18	0	4	0	4	0	0	0	0	1	18
992.600	0	0	0	0	0	0	0	0	0	0	0	0	0	0	0	0	12	0	13	2	0	0	2	0	0	17	0	6	0	4	0	0	0	0	0	4
992.800	0	0	0	0	0	0	0	0	0	0	0	0	0	0	0	0	14	0	13	2	0	0	0	0	0	19	0	5	0	5	2	0	0	0	0	18
993.000	0	0	0	0	0	0	0	0	0	0	0	0	0	0	0	0	12	0	12	3	0	0	0	0	0	17	0	4	0	5	1	0	0	0	1	20
993.200	0	0	0	0	0	0	0	0	0	0	0	0	0	0	0	0	17	0	5	2	0	0	2	0	0	18	0	6	0	4	0	0	0	0	1	6
993.400	0	0	0	0	0	0	0	0	0	0	0	0	0	0	0	0	17	0	14	2	0	0	2	0	0	17	0	1	0	2	0	0	0	0	1	13
993.600	0	0	0	0	0	0	0	0	0	0	0	0	0	0	0	0	11	0	15	3	0	0	3	0	0	20	0	5	0	3	0	0	0	0	1	7
993.800	0	0	0	0	0	0	0	0	0	0	0	0	0	0	0	0	12	0	13	2	0	0	2	0	0	20	0	6	0	1	0	0	0	0	0	8
994.000	0	0	0	0	0	0	0	0	0	0	0	0	0	0	0	0	16	0	9	1	0	0	2	0	0	10	0	5	0	1	1	0	0	0	0	8
994.200	0	0	0	0	0	0	0	0	0	0	0	0	0	0	0	0	15	0	10	0	0	0	3	0	0	11	0	7	0	5	0	0	0	0	0	7
994.400	0	0	0	0	0	0	0	0	0	0	0	0	0	0	0	0	16	0	6	0	0	0	2	0	0	7	0	7	0	2	0	0	0	0	1	9
994.600	0	0	0	0	0	0	0	0	0	0	0	0	0	0	0	0	20	0	10	1	0	0	2	0	0	8	0	7	0	6	0	0	0	0	1	6
994.800	0	0	0	0	0	0	0	0	0	0	0	0	0	0	0	0	17	0	5	2	0	0	2	0	0	12	0	4	0	5	0	0	0	0	1	7
995.000	0	0	0	0	0	0	0	0	0	0	0	0	0	0	0	0	16	0	4	1	0	0	2	0	0	20	0	8	0	6	0	0	0	0	0	9
995.200	0	0	0	0	0	0	0	0	0	0	0	0	0	0	0	0	9	0	8	0	0	0	2	0	0	12	0	8	0	2	1	0	0	0	0	6
995.400	0	0	0	0	0	0	0	0	0	0	0	0	0	0	0	0	12	0	9	0	0	0	2	0	0	14	0	10	0	1	0	0	0	0	0	2
995.600	0	0	0	0	0	0	0	0	0	0	0	0	0	0	0	0	15	0	6	1	0	0	2	0	0	19	0	8	0	0	0	0	0	0	0	10
995.800	0	0	0	0	0	0	0	0	0	0	0	0	0	0	0	0	13	0	12	0	0	0	3	0	0	16	0	6	0	5	3	0	0	0	0	5
996.000	0	0	0	0	0	0	0	0	0	0	0	0	0	0	0	0	12	0	5	0	0	0	2	0	0	12	0	1	0	0	1	0	0	0	1	7
996.200	0	0	0	0	0	0	0	0	0	0	0	0	0	0	0	0	11	0	8	1	0	0	2	0	0	7	0	5	0	1	0	0	0	0	1	3
996.400	0	0	0	0	0	0	0	0	0	0	0	0	0	0	0	0	15	0	4	1	0	0	2	0	0	14	0	9	0	1	0	0	0	0	1	4
996.600	0	0	0	0	0	0	0	0	0	0	0	0	0	0	0	0	15	0	6	0	0	0	2	0	0	15	0	5	0	1	0	0	0	0	0	6
996.800	0	0	0	0	0	0	0	0	0	0	0	0	0	0	0	0	12	0	4	0	0	0	3	0	0	13	0	9	0	2	1	0	0	0	1	5
997.000	0	0	0	0	0	0	0	0	0	0	0	0	0	0	0	0	13	0	8	0	0	0	3	0	0	16	0	3	0	5	2	0	0	0	1	4
997.200	0	0	0	0	0	0	0	0	0	0	0	0	0	0	0	0	14	0	6	0	0	0	3	0	0	7	0	6	0	4	1	0	0	0	1	6
997.400	0	0	0	0	0	0	0	0	0	0	0	0	0	0	0	0	14	0	6	0	0	0	2	0	0	14	0	6	0	4	0	0	0	0	0	6
997.600	0	0	0	0	0	0	0	0	0	0	0	0	0	0	0	0	12	1	5	0	0	0	2	0	0	8	0	4	0	5	0	0	0	0	1	7
997.800	0	0	0	0	0	0	0	0	0	0	0	0	0	0	0	0	15	0	6	1	0	0	2	0	0	7	0	6	0	3	0	0	0	0	0	5
998.000	0	0	0	0	0	0	0	0	0	0	0	0	0	0	0	0	12	0	6	2	0	0	3	0	0	14	0	3	0	4	0	0	0	0	1	6
998.200	0	0	0	0	0	0	0	0	0	0	0	0	0	0	0	0	13	0	5	1	0	0	2	0	0	15	0	9	0	2	3	0	0	0	0	6
998.400	0	0	0	0	0	0	0	0	0	0	0	0	0	0	0	0	14	0	6	2	0	0	3	0	0	16	0	3	0	1	1	0	0	0	0	5
998.600	0	0	0	0	0	0	0	0	0	0	0	0	0	0	0	0	9	0	6	1	0	0	3	0	0	17	0	2	0	0	2	0	0	0	1	9
998.800	0	0	0	0	0	0	0	0	0	0	0	0	0	0	0	0	10	0	7	3	0	0	2	0	0	19	0	3	0	2	0	0	0	0	0	5
999.000	0	0	0	0	0	0	0	0	0	0	0	0	0	0	0	0	8	0	6	2	0	0	2	0	0	16	0	1	0	1	0	0	0	0	0	3
999.200	0	0	0	0	0	0	0	0	0	0	0	0	0	0	0	0	12	0	4	1	0	0	2	0	0	9	0	3	0	2	0	0	0	0	1	6
999.400	0	0	0	0	0	0	0	0	0	0	0	0	0	0	0	0	6	0	3	1	0	0	2	0	0	15	0	0	0	5	0	0	0	0	1	4
999.600	0	0	0	0	0	0	0	0	0	0	0	0	0	0	0	0	4	0	6	1	0	0	2	0	0	14	0	0	0	1	0	0	0	0	1	8
999.800	0	0	0	0	0	0	0	0	0	0	0	0	0	0	0	0	9	0	6	2	0	0	2	0	0	6	0	3	0	4	0	0	0	0	1	7
1000.000	0	0	0	0	0	0	0	0	0	0	0	0	0	0	0	0	10	0	5	1	0	0	4	0	0	19	0	1	0	5	0	0	0	0	1	5
1000.200	0	0	0	0	0	0	0	0	0	0	0	0	0	0	0	0	11	0	1	1	0	0	2	0	0	14	0	7	0	1	0	0	0	0	0	3
1000.400	0	0	0	0	0	0	0	0	0	0	0	0	0	0	0	0	11	0	8	2	0	0	1	0	0	17	0	8	0	3	1	0	0	0	1	3
1000.600	0	0	0	0	0	0	0	0	0	0	0	0	0	0	0	0	12	0	13	2	0	0	0	0	0	8	0	5	0	5	1	0	0	0	0	3
1000.800	0	0	0	0	0	0	0	0	0	0	0	0	0	0	0	0	9	0	7	0	0	0	2	0	0	12	0	4	0	3	0	0	0	0	0	4
1001.000	0	0	0	0	0	0	0	0	0	0	0	0	0	0	0	0	8	0	10	1	0	0	2	0	0	17	0	6	0	1	0	0	0	0	0	7
1001.200	0	0	0	0	0	0	0	0	0	0	0	0	0	0	0	0	9	0	10	1	0	0	3	0	0	11	0	5	0	6	0	0	0	0	0	7
1001.400	0	0	0	0	0	0	0	0	0	0	0	0	0	0	0	0	9	0	12	1	0	0	2	0	0	12	0	6	0	4	0	0	0	0	0	6
1001.600	0	0	0	0	0	0	0	0	0	0	0	0	0	0	0	0	6	1	9	0	0	0	2	0	0	17	0	8	0	1	0	0	0	0	1	7
1001.800	0	0	0	0	0	0	0	0	0	0	0	0	0	0	0	0	4	0	7	0	0	0	2	0	0	11	0	5	0	1	0	0	0	0	0	7
1002.000	0	0	0	0	0	0	0	0	0	0	0	0	0	0	0	0	4	0	5	0	0	0	2	0	0	16	0	7	0	3	0	0	0	0	0	6
1002.200	0	0	0	0	0	0	0	0	0	0	0	0	0	0	0	0	3	0	12	0	0	0	2	0	0	12	0	2	0	1	0	0	0	0	0	5
1002.400	0	0	0	0	0	0	0	0	0	0	0	0	0	0	0	0	4	0	12	0	0	0	2	0	0	15	0	3	0	2	0	0	0	0	0	5
1002.600	0	0	0	0	0	0	0	0	0	0	0	0	0	0	0	0	3	0	10	0	0	0	2	0	0	15	0	3	0	5	0	0	0	0	0	6
1002.800	0	0	0	0	0	0	0	0	0	0	0	0	0	0	0	0	3	0	10	0	0	0	2	0	0	13	0	5	0	5	0	0	0	0	0	7
1003.000	0	0	0	0	0	0	0	0	0	0	0	0	0	0	0	0	3	1	11	0	0	0	2	0	0	14	0	3	0	5	0	0	0	0	1	5
1003.200	0	0	0	0	0	0	0	0	0	0	0	0	0	0	0	0	9	0	8	1	0	0	2	0	0	15	0	7	0	6	1	0	0	0	0	10
1003.400	0	0	0	0	0	0	0	0	0	0	0	0	0	0	0	0	4	0	9	0	0	0	2	0	0	23	0	2	0	2	0	0	0	0	0	10
1003.600	0	0	0	0	0	0	0	0	0	0	0	0	0	0	0	0	3	0	9	0	0	0	2	0	0	12	0	7	0	4	0	0	0	0	1	6
1003.800	0	0	0	0	0	0	0	0	0	0	0	0	0	0	0	0	8	0	5	2	0	0	4	0	0	23	0	1	0	3	0	0	0	0	1	9
1004.000	0	0	0	0	0	0	0	0	0	0	0	0	0	0	0	0	5	0	4	1	0	0	2	0	0	20	0	3	0	2	0	0	0	0	1	10
1004.200	0	0	0	0	0	0	0	0	0	0	0	0	0	0	0	0	10	0	3	1	0	0	2	0	0	21	0	4	0	5	0	0	0	0	1	10
1004.400	0	0	0	0	0	0	0	0	0	0	0	0	0	0	0	0	6	0	6	1	0	0	2	0	0	23	0	6	0	2	0	0	0	0	1	11
1004.600	0	0	0	0	0	0	0	0	0	0	0	0	0	0	0	0	9	0	6	1	0	0	2	0	0	10	0	6	0	2	0	0	0	0	1	9
1004.800	0	0	0	0	0	0	0	0	0	0	0	0	0	0	0	0	10	0	5	1	0	0	2	0	0	13	0	7	0	3	0	0	0	0	1	13
1005.000	0	0	0	0	0	0	0	0	0	0	0	0	0	0	0	0	10	0	10	1	0	0	2	0	0	16	0	4	0	4	0	0	0	0	0	9
1005.200	0	0	0	0	0	0	0	0	0	0	0	0	0	0	0	0	11	0	5	1	0	0	2	0	0	9	0	1	0	4	0	0	0	0	1	10
1005.400	0	0	0	0	0	0	0	0	0	0	0	0	0	0	0	0	10	0	9	1	0	0	1	0	0	11	0	3	0	0	0	0	0	0	0	7
1005.600	0	0	0	0	0	0	0	0	0	0	0	0	0	0	0	0	11	0	9	2	0	0	2	0	0	9	0	6	0	1	0	0	0	0	0	7
1005.800	0	0	0	0	0	0	0	0	0	0	0	0	0	0	0	0	4	0	10	1	0	0	2	0	0	13	0	6	0	4	0	0	0	0	0	10
1006.000	0	0	0	0	0	0	0	0	0	0	0	0	0	0	0	0	5	0	10	1	0	0	2	0	0	15	0	4	0	1	0	0	0	0	0	11
1006.200	0	0	0	0	0	0	0	0	0	0	0	0	0	0	0	0	6	0	7	0	0	0	3	0	0	19	0	6	0	1	0	0	0	0	0	12
1006.400	0	0	0	0	0	0	0	0	0	0	0	0	0	0	0	0	8	0	7	1	0	0	2	0	0	17	0	8	0	2	0	0	0	0	0	9
1006.600	0	0	0	0	0	0	0	0	0	0	0	0	0	0	0	0	10	0	5	1	0	0	2	0	0	12	0	1	0	3	0	0	0	0	0	8
1006.800	0	0	0	0	0	0	0	0	0	0	0	0	0	0	0	0	9	0	7	1	0	0	2	0	0	16	0	2	0	2	0	0	0	0	0	11
1007.000	0	0	0	0	0	0	0	0	0	0	0	0	0	0	0	0	6	0	10	1	0	0	2	0	0	15	0	5	0	1	0	0	0	0	1	7
1007.200	0	0	0	0	0	0	0	0	0	0	0	0	0	0	0	0	8	0	4	1	0	0	2	0	0	22	0	9	0	2	0	0	0	0	1	12
1007.400	0	0	0	0	0	0	0	0	0	0	0	0	0	0	0	0	5	0	5	1	0	0	2	0	0	10	0	4	0	5	0	0	0	0	0	10
1007.600	0	0	0	0	0	0	0	0	0	0	0	0	0	0	0	0	5	0	8	0	0	0	2	0	0	10	0	7	0	2	0	0	0	0	0	7
1007.800	0	0	0	0	0	0	0	0	0	0	0	0	0	0	0	0	11	0	6	3	0	0	2	0	0	19	0	6	0	1	0	0	0	0	0	7
1008.000	0	0	0	0	0	0	0	0	0	0	0	0	0	0	0	0	8	0	6	0	0	0	2	0	0	15	0	9	0	1	0	0	0	0	0	7
1008.200	0	0	0	0	0	0	0	0	0	0	0	0	0	0	0	0	10	0	4	2	0	0	3	0	0	13	0	4	0	3	0	0	0	0	0	10
1008.400	0	0	0	0	0	0	0	0	0	0	0	0	0	0	0	0	7	0	10	1	0	0	7	0	0	16	0	7	0	5	0	0	0	0	0	9
1008.600	0	0	0	0	0	0	0	0	0	0	0	0	0	0	0	0	7	0	5	2	0	0	2	0	0	19	0	5	0	5	0	0	0	0	0	11
1008.800	0	0	0	0	0	0	0	0	0	0	0	0	0	0	0	0	11	0	5	2	0	0	2	0	0	21	0	6	0	5	0	0	0	0	0	8
1009.000	0	0	0	0	0	0	0	0	0	0	0	0	0	0	0	0	12	0	8	3	0	0	5	0	0	18	0	5	0	5	0	0	0	0	1	10
1009.200	0	0	0	0	0	0	0	0	0	0	0	0	0	0	0	0	15	0	12	0	0	0	4	0	0	17	0	6	0	2	0	0	0	0	0	8
1009.400	0	0	0	0	0	0	0	0	0	0	0	0	0	0	0	0	9	0	8	1	0	0	2	0	0	20	0	5	0	4	0	0	0	0	0	11
1009.600	0	0	0	0	0	0	0	0	0	0	0	0	0	0	0	0	6	0	12	1	0	0	2	0	0	7	0	5	0	3	0	0	0	0	1	8
1009.800	0	0	0	0	0	0	0	0	0	0	0	0	0	0	0	0	11	0	8	2	0	0	2	0	0	19	0	8	0	3	0	0	0	0	1	7
1010.000	0	0	0	0	0	0	0	0	0	0	0	0	0	0	0	0	9	0	7	2	0	0	3	0	0	15	0	7	0	1	0	0	0	0	0	7
1010.200	0	0	0	0	0	0	0	0	0	0	0	0	0	0	0	0	10	0	6	0	0	0	3	0	0	14	0	4	0	2	0	0	0	0	0	7
1010.400	0	0	0	0	0	0	0	0	0	0	0	0	0	0	0	0	8	0	5	1	0	0	2	0	0	14	0	4	0	2	0	0	0	0	0	8
1010.600	0	0	0	0	0	0	0	0	0	0	0	0	0	0	0	0	9	0	3	0	0	0	2	0	0	10	0	4	0	5	0	0	0	0	1	8
1010.800	0	0	0	0	0	0	0	0	0	0	0	0	0	0	0	0	6	0	3	0	0	0	2	0	0	13	0	4	0	1	0	0	0	0	1	8
1011.000	0	0	0	0	0	0	0	0	0	0	0	0	0	0	0	0	6	0	5	1	0	0	1	0	0	17	0	4	0	1	0	0	0	0	1	7
1011.200	0	0	0	0	0	0	0	0	0	0	0	0	0	0	0	0	5	0	3	1	0	0	2	0	0	23	0	1	0	2	0	0	0	0	1	9
1011.400	0	0	0	0	0	0	0	0	0	0	0	0	0	0	0	0	5	0	9	1	0	0	1	0	0	18	0	6	0	3	0	0	0	0	0	7
1011.600	0	0	0	0	0	0	0	0	0	0	0	0	0	0	0	0	9	0	6	0	0	0	2	0	0	12	0	4	0	3	0	0	0	0	0	8
1011.800	0	0	0	0	0	0	0	0	0	0	0	0	0	0	0	0	14	0	9	1	0	0	2	0	0	25	0	5	0	4	0	0	0	0	1	11
1012.000	0	0	0	0	0	0	0	0	0	0	0	0	0	0	0	0	7	0	4	2	0	0	3	0	0	15	0	6	0	4	0	0	0	0	0	12
1012.200	0	0	0	0	0	0	0	0	0	0	0	0	0	0	0	0	11	0	4	3	0	0	2	0	0	22	0	4	0	5	0	0	0	0	0	7
1012.400	0	0	0	0	0	0	0	0	0	0	0	0	0	0	0	0	7	0	8	2	0	0	2	0	0	19	0	6	0	4	0	0	0	0	0	8
1012.600	0	0	0	0	0	0	0	0	0	0	0	0	0	0	0	0	11	0	6	1	0	0	2	0	0	27	0	5	0	5	0	0	0	0	0	9
1012.800	0	0	0	0	0	0	0	0	0	0	0	0	0	0	0	0	19	0	4	2	0	0	2	0	0	23	0	5	0	5	0	0	0	0	1	10
1013.000	0	0	0	0	0	0	0	0	0	0	0	0	0	0	0	0	9	0	3	0	0	0	2	0	0	10	0	6	0	1	0	0	0	0	1	4
1013.200	0	0	0	0	0	0	0	0	0	0	0	0	0	0	0	0	10	0	5	1	0	0	2	0	0	18	0	2	0	4	0	0	0	0	0	7
1013.400	0	0	0	0	0	0	0	0	0	0	0	0	0	0	0	0	11	0	6	0	0	0	2	0	0	23	0	6	0	2	0	0	0	0	0	7
1013.600	0	0	0	0	0	0	0	0	0	0	0	0	0	0	0	0	11	0	5	1	0	0	2	0	0	22	0	4	0	1	0	0	0	0	0	6
1013.800	0	0	0	0	0	0	0	0	0	0	0	0	0	0	0	0	6	0	9	1	0	0	2	0	0	20	0	5	0	4	0	0	0	0	0	8
1014.000	0	0	0	0	0	0	0	0	0	0	0	0	0	0	0	0	12	0	4	0	0	0	2	0	0	17	0	6	0	5	0	0	0	0	0	6
1014.200	0	0	0	0	0	0	0	0	0	0	0	0	0	0	0	0	11	1	7	0	0	0	2	0	0	15	0	6	0	4	0	0	0	0	0	12
1014.400	0	0	0	0	0	0	0	0	0	0	0	0	0	0	0	0	8	0	10	1	0	0	2	0	0	23	0	6	0	3	0	0	0	0	0	7
1014.600	0	0	0	0	0	0	0	0	0	0	0	0	0	0	0	0	6	0	5	0	0	0	4	0	0	12	0	5	0	7	0	0	0	0	0	11
1014.800	0	0	0	0	0	0	0	0	0	0	0	0	0	0	0	0	8	0	7	0	0	0	2	0	0	17	0	0	0	3	0	0	0	0	0	10
1015.000	0	0	0	0	0	0	0	0	0	0	0	0	0	0	0	0	11	0	2	1	0	0	2	0	0	16	0	8	0	5	0	0	0	0	0	7
1015.200	0	0	0	0	0	0	0	0	0	0	0	0	0	0	0	0	5	0	1	1	0	0	2	0	0	18	0	5	0	6	0	0	0	0	0	9
1015.400	0	0	0	0	0	0	0	0	0	0	0	0	0	0	0	0	8	1	13	1	0	0	2	0	0	15	0	1	0	4	0	0	0	0	0	10
1015.600	0	0	0	0	0	0	0	0	0	0	0	0	0	0	0	0	9	2	8	1	0	0	2	0	0	12	0	5	0	2	0	0	0	0	0	10
1015.800	0	0	0	0	0	0	0	0	0	0	0	0	0	0	0	0	7	0	12	0	0	0	2	0	0	16	0	6	0	2	0	0	0	0	0	8
1016.000	0	0	0	0	0	0	0	0	0	0	0	0	0	0	0	0	10	0	16	1	0	0	2	0	0	17	0	6	0	6	0	0	0	0	0	8
1016.200	0	0	0	0	0	0	0	0	0	0	0	0	0	0	0	0	10	0	13	3	0	0	2	0	0	17	0	7	0	5	0	0	0	0	0	7
1016.400	0	0	0	0	0	0	0	0	0	0	0	0	0	0	0	0	6	0	13	2	0	0	3	0	0	21	0	8	0	6	1	0	0	0	0	4
1016.600	0	0	0	0	0	0	0	0	0	0	0	0	0	0	0	0	6	0	8	1	0	0	2	0	0	24	0	9	0	5	0	0	0	0	0	7
1016.800	0	0	0	0	0	0	0	0	0	0	0	0	0	0	0	0	5	0	16	0	0	0	2	0	0	19	0	8	0	3	0	0	0	0	0	11
1017.000	0	0	0	0	0	0	0	0	0	0	0	0	0	0	0	0	3	1	12	0	0	0	2	0	0	26	0	1	0	1	0	0	0	0	0	9
1017.200	0	0	0	0	0	0	0	0	0	0	0	0	0	0	0	0	4	0	10	0	0	0	4	0	0	23	0	5	0	1	0	0	0	0	0	5
1017.400	0	0	0	0	0	0	0	0	0	0	0	0	0	0	0	0	7	0	14	0	0	0	4	0	0	23	0	4	0	5	0	0	0	0	0	9
1017.600	0	0	0	0	0	0	0	0	0	0	0	0	0	0	0	0	4	0	16	0	0	0	5	0	0	22	0	3	0	4	0	0	0	0	0	9
1017.800	0	0	0	0	0	0	0	0	0	0	0	0	0	0	0	0	2	0	11	0	0	0	1	0	0	20	0	7	0	3	0	0	0	0	1	9
1018.000	0	0	0	0	0	0	0	0	0	0	0	0	0	0	0	0	4	0	14	1	0	0	2	0	0	21	0	1	0	1	0	0	0	0	0	8
1018.200	0	0	0	0	0	0	0	0	0	0	0	0	0	0	0	0	4	0	11	1	0	0	1	0	0	18	0	7	0	4	0	0	0	0	1	12
1018.400	0	0	0	0	0	0	0	0	0	0	0	0	0	0	0	0	5	0	10	0	0	0	1	0	0	15	0	2	0	1	0	0	0	0	0	8
1018.600	0	0	0	0	0	0	0	0	0	0	0	0	0	0	0	0	6	0	13	0	0	0	0	0	0	16	0	3	0	6	0	0	0	0	0	9
1018.800	0	0	0	0	0	0	0	0	0	0	0	0	0	0	0	0	5	0	12	0	0	0	2	0	0	19	0	0	0	3	0	0	0	0	0	7
1019.000	0	0	0	0	0	0	0	0	0	0	0	0	0	0	0	0	4	0	8	0	0	0	1	0	0	17	0	3	0	5	0	0	0	0	0	9
1019.200	0	0	0	0	0	0	0	0	0	0	0	0	0	0	0	0	4	0	16	1	0	0	2	0	0	14	0	5	0	3	0	0	0	0	0	8
1019.400	0	0	0	0	0	0	0	0	0	0	0	0	0	0	0	0	2	0	3	1	0	0	0	0	0	22	0	5	0	5	0	0	0	0	0	9
1019.600	0	0	0	0	0	0	0	0	0	0	0	0	0	0	0	0	3	0	7	0	0	0	0	0	0	18	0	7	0	3	0	0	0	0	0	8
1019.800	0	0	0	0	0	0	0	0	0	0	0	0	0	0	0	0	6	0	7	1	0	0	1	0	0	26	0	6	0	5	0	0	0	0	0	9
1020.000	0	0	0	0	0	0	0	0	0	0	0	0	0	0	0	0	6	0	10	3	0	0	1	0	0	24	0	6	0	4	0	0	0	0	0	5
1020.200	0	0	0	0	0	0	0	0	0	0	0	0	0	0	0	0	6	0	9	1	0	0	1	0	0	16	0	6	0	6	0	0	0	0	0	9
1020.400	0	0	0	0	0	0	0	0	0	0	0	0	0	0	0	0	7	0	13	1	0	0	3	0	0	30	0	8	0	5	0	0	0	0	1	8
1020.600	0	0	0	0	0	0	0	0	0	0	0	0	0	0	0	0	3	0	8	1	0	0	2	0	0	20	0	2	0	2	0	0	0	0	0	12
1020.800	0	0	0	0	0	0	0	0	0	0	0	0	0	0	0	0	6	0	11	2	0	0	2	0	0	17	0	5	0	1	0	0	0	0	0	7
1021.000	0	0	0	0	0	0	0	0	0	0	0	0	0	0	0	0	7	0	8	2	0	0	2	0	0	14	0	2	0	2	0	0	0	0	0	8
1021.200	0	0	0	0	0	0	0	0	0	0	0	0	0	0	0	0	4	0	10	1	0	0	2	0	0	13	0	4	0	1	0	0	0	0	1	7
1021.400	0	0	0	0	0	0	0	0	0	0	0	0	0	0	0	0	5	0	9	1	0	0	2	0	0	13	0	4	0	4	0	0	0	0	1	7
1021.600	0	0	0	0	0	0	0	0	0	0	0	0	0	0	0	0	4	0	6	2	0	0	2	0	0	14	0	6	0	7	0	0	0	0	1	7
1021.800	0	0	0	0	0	0	0	0	0	0	0	0	0	0	0	0	5	0	11	1	0	0	2	0	0	19	0	2	0	5	0	0	0	0	0	8
1022.000	0	0	0	0	0	0	0	0	0	0	0	0	0	0	0	0	10	0	14	1	0	0	2	0	0	16	0	3	0	5	0	0	0	0	0	7
1022.200	0	0	0	0	0	0	0	0	0	0	0	0	0	0	0	0	9	0	12	1	0	0	3	0	0	12	0	5	0	5	1	0	0	0	0	10
1022.400	0	0	0	0	0	0	0	0	0	0	0	0	0	0	0	0	3	0	6	1	0	0	2	0	0	15	0	4	0	6	0	0	0	0	1	6
1022.600	0	0	0	0	0	0	0	0	0	0	0	0	0	0	0	0	13	0	5	1	0	0	1	0	0	12	0	0	0	1	0	0	0	0	1	9
1022.800	0	0	0	0	0	0	0	0	0	0	0	0	0	0	0	0	9	0	4	1	0	0	3	0	0	16	0	5	0	2	0	0	0	0	1	7
1023.000	0	0	0	0	0	0	0	0	0	0	0	0	0	0	0	0	16	0	3	3	0	0	2	0	0	17	0	3	0	5	0	0	0	0	1	7
1023.200	0	0	0	0	0	0	0	0	0	0	0	0	0	0	0	0	7	0	1	1	0	0	2	0	0	18	0	6	0	8	0	0	0	0	0	6
1023.400	0	0	0	0	0	0	0	0	0	0	0	0	0	0	0	0	15	0	3	1	0	0	2	0	0	17	0	5	0	6	1	0	0	0	0	5
1023.600	0	0	0	0	0	0	0	0	0	0	0	0	0	0	0	0	15	0	4	1	0	0	2	0	0	24	0	5	0	4	0	0	0	0	0	8
1023.800	0	0	0	0	0	0	0	0	0	0	0	0	0	0	0	0	12	0	3	1	0	0	2	0	0	23	0	5	0	1	0	0	0	0	0	7
1024.000	0	0	0	0	0	0	0	0	0	0	0	0	0	0	0	0	8	0	5	0	0	0	2	0	0	15	0	5	0	1	0	0	0	0	1	8
1024.200	0	0	0	0	0	0	0	0	0	0	0	0	0	0	0	0	15	0	5	1	0	0	2	0	0	14	0	7	0	2	0	0	0	0	1	12
1024.400	0	0	0	0	0	0	0	0	0	0	0	0	0	0	0	0	7	0	4	1	0	0	0	0	0	17	0	6	0	2	0	0	0	0	1	11
1024.600	0	0	0	0	0	0	0	0	0	0	0	0	0	0	0	0	13	0	3	1	0	0	1	0	0	14	0	6	0	4	1	0	0	0	1	6
1024.800	0	0	0	0	0	0	0	0	0	0	0	0	0	0	0	0	9	0	5	1	0	0	1	0	0	7	0	6	0	1	0	0	0	0	1	4
1025.000	0	0	0	0	0	0	0	0	0	0	0	0	0	0	0	0	13	0	4	1	0	0	2	0	0	16	0	3	0	6	0	0	0	0	1	10
1025.200	0	0	0	0	0	0	0	0	0	0	0	0	0	0	0	0	8	0	4	1	0	0	2	0	0	23	0	7	0	2	1	0	0	0	1	8
1025.400	0	0	0	0	0	0	0	0	0	0	0	0	0	0	0	0	4	0	7	0	0	0	3	0	0	9	0	8	0	7	0	0	0	0	1	7
1025.600	0	0	0	0	0	0	0	0	0	0	0	0	0	0	0	0	4	0	13	0	0	0	4	0	0	16	0	0	0	3	0	0	0	0	1	8
1025.800	0	0	0	0	0	0	0	0	0	0	0	0	0	0	0	0	2	0	10	0	0	0	4	0	0	8	0	0	0	2	0	0	0	0	1	6
1026.000	0	0	0	0	0	0	0	0	0	0	0	0	0	0	0	0	6	0	10	0	0	0	2	0	0	12	0	1	0	4	0	0	0	0	0	9
1026.200	0	0	0	0	0	0	0	0	0	0	0	0	0	0	0	0	9	0	9	1	0	0	5	0	0	16	0	9	0	6	0	0	0	0	0	10
1026.400	0	0	0	0	0	0	0	0	0	0	0	0	0	0	0	0	6	0	11	1	0	0	2	0	0	15	0	5	0	2	0	0	0	0	0	10
1026.600	0	0	0	0	0	0	0	0	0	0	0	0	0	0	0	0	3	0	5	1	0	0	2	0	0	15	0	4	0	5	0	0	0	0	1	10
1026.800	0	0	0	0	0	0	0	0	0	0	0	0	0	0	0	0	4	0	4	2	0	0	2	0	0	15	0	6	0	5	0	0	0	0	0	6
1027.000	0	0	0	0	0	0	0	0	0	0	0	0	0	0	0	0	5	0	4	2	0	0	2	0	0	9	0	4	0	1	0	0	0	0	1	7
1027.200	0	0	0	0	0	0	0	0	0	0	0	0	0	0	0	0	1	0	3	0	0	0	1	0	0	15	0	8	0	6	0	0	0	0	0	8
1027.400	0	0	0	0	0	0	0	0	0	0	0	0	0	0	0	0	5	0	7	0	0	0	2	0	0	12	0	7	0	4	0	0	0	0	0	7
1027.600	0	0	0	0	0	0	0	0	0	0	0	0	0	0	0	0	0	0	6	0	0	0	2	0	0	9	0	10	0	2	0	0	0	0	1	8
1027.800	0	0	0	0	0	0	0	0	0	0	0	0	0	0	0	0	0	0	5	0	0	0	2	0	0	13	0	6	0	5	0	0	0	0	1	10
1028.000	0	0	0	0	0	0	0	0	0	0	0	0	0	0	0	0	8	0	6	0	0	0	2	0	0	12	0	7	0	7	0	0	0	0	0	11
1028.200	0	0	0	0	0	0	0	0	0	0	0	0	0	0	0	0	6	0	8	1	0	0	2	0	0	10	0	6	0	1	0	0	0	0	0	12
1028.400	0	0	0	0	0	0	0	0	0	0	0	0	0	0	0	0	5	0	9	0	0	0	0	0	0	14	0	8	0	5	0	0	0	0	0	9
1028.600	0	0	0	0	0	0	0	0	0	0	0	0	0	0	0	0	10	0	10	1	0	0	1	0	0	11	0	6	0	3	1	0	0	0	0	9
1028.800	0	0	0	0	0	0	0	0	0	0	0	0	0	0	0	0	3	0	8	1	0	0	2	0	0	16	0	9	0	2	0	0	0	0	0	7
1029.000	0	0	0	0	0	0	0	0	0	0	0	0	0	0	0	0	5	0	6	0	0	0	2	0	0	12	0	5	0	2	0	0	0	0	1	7
1029.200	0	0	0	0	0	0	0	0	0	0	0	0	0	0	0	0	5	0	15	1	0	0	2	0	0	14	0	4	0	4	0	0	0	0	0	8
1029.400	0	0	0	0	0	0	0	0	0	0	0	0	0	0	0	0	10	0	10	1	0	0	2	0	0	12	0	11	0	5	0	0	0	0	0	10
1029.600	0	0	0	0	0	0	0	0	0	0	0	0	0	0	0	0	7	0	10	1	0	0	1	0	0	10	0	2	0	2	0	0	0	0	0	8
1029.800	0	0	0	0	0	0	0	0	0	0	0	0	0	0	0	0	5	0	16	2	0	0	2	0	0	14	0	11	0	4	0	0	0	0	0	7
1030.000	0	0	0	0	0	0	0	0	0	0	0	0	0	0	0	0	6	0	9	1	0	0	2	0	0	14	0	3	0	3	0	0	0	0	0	11
1030.200	0	0	0	0	0	0	0	0	0	0	0	0	0	0	0	0	7	0	11	1	0	0	2	0	0	15	0	6	0	1	0	0	0	0	0	8
1030.400	0	0	0	0	0	0	0	0	0	0	0	0	0	0	0	0	3	0	9	3	0	0	2	0	0	22	0	5	0	3	0	0	0	0	0	7
1030.600	0	0	0	0	0	0	0	0	0	0	0	0	0	0	0	0	4	0	5	1	0	0	2	0	0	18	0	3	0	3	0	0	0	0	1	7
1030.800	0	0	0	0	0	0	0	0	0	0	0	0	0	0	0	0	11	0	7	0	0	0	2	0	0	15	0	6	0	1	0	0	0	0	1	9
1031.000	0	0	0	0	0	0	0	0	0	0	0	0	0	0	0	0	5	0	7	0	0	0	0	0	0	8	0	6	0	4	0	0	0	0	1	5
1031.200	0	0	0	0	0	0	0	0	0	0	0	0	0	0	0	0	10	0	9	1	0	0	0	0	0	16	0	6	0	4	0	0	0	0	1	9
1031.400	0	0	0	0	0	0	0	0	0	0	0	0	0	0	0	0	5	1	7	1	0	0	0	0	0	16	0	6	0	3	0	0	0	0	0	9
1031.600	0	0	0	0	0	0	0	0	0	0	0	0	0	0	0	0	11	0	10	2	0	0	0	0	0	15	0	7	0	5	0	0	0	0	0	8
1031.800	0	0	0	0	0	0	0	0	0	0	0	0	0	0	0	0	7	1	12	0	0	0	2	0	0	17	0	11	0	5	0	0	0	0	0	6
1032.000	0	0	0	0	0	0	0	0	0	0	0	0	0	0	0	0	13	0	6	1	0	0	2	0	0	25	0	8	0	3	0	0	0	0	0	10
1032.200	0	0	0	0	0	0	0	0	0	0	0	0	0	0	0	0	7	0	7	2	0	0	2	0	0	22	0	11	0	5	0	0	0	0	0	11
1032.400	0	0	0	0	0	0	0	0	0	0	0	0	0	0	0	0	8	0	11	0	0	0	2	0	0	14	0	6	0	2	0	0	0	0	0	10
1032.600	0	0	0	0	0	0	0	0	0	0	0	0	0	0	0	0	12	0	11	0	0	0	2	0	0	11	0	9	0	2	0	0	0	0	0	7
1032.800	0	0	0	0	0	0	0	0	0	0	0	0	0	0	0	0	12	0	9	0	0	0	2	0	0	13	0	6	0	5	0	0	0	0	0	6
1033.000	0	0	0	0	0	0	0	0	0	0	0	0	0	0	0	0	11	0	8	1	0	0	2	0	0	13	1	5	0	0	0	0	0	0	0	7
1033.200	0	0	0	0	0	0	0	0	0	0	0	0	0	0	0	0	9	0	6	1	0	0	2	0	0	15	1	6	0	1	0	0	0	0	1	10
1033.400	0	0	0	0	0	0	0	0	0	0	0	0	0	0	0	0	9	0	12	0	0	0	2	0	0	13	0	6	0	1	0	0	0	0	0	7
1033.600	0	0	0	0	0	0	0	0	0	0	0	0	0	0	0	0	13	0	15	0	0	0	2	0	0	18	0	12	0	2	0	0	0	0	1	8
1033.800	0	0	0	0	0	0	0	0	0	0	0	0	0	0	0	0	6	0	6	0	0	0	2	0	0	16	0	14	0	4	0	0	0	0	0	8
1034.000	0	0	0	0	0	0	0	0	0	0	0	0	0	0	0	0	8	0	9	0	0	0	2	0	0	15	0	12	0	5	0	0	0	0	0	6
1034.200	0	0	0	0	0	0	0	0	0	0	0	0	0	0	0	0	5	0	15	0	0	0	2	0	0	13	0	11	0	1	0	0	0	0	0	10
1034.400	0	0	0	0	0	0	0	0	0	0	0	0	0	0	0	0	9	0	16	0	0	0	1	0	0	16	0	5	0	2	0	0	0	0	1	5
1034.600	0	0	0	0	0	0	0	0	0	0	0	0	0	0	0	0	9	0	8	0	0	0	2	0	0	19	0	8	0	2	0	0	0	0	1	7
1034.800	0	0	0	0	0	0	0	0	0	0	0	0	0	0	0	0	11	0	8	0	0	0	1	0	0	15	0	2	0	1	0	0	0	0	1	9
1035.000	0	0	0	0	0	0	0	0	0	0	0	0	0	0	0	0	11	0	7	0	0	0	2	0	0	19	0	10	0	3	0	0	0	0	1	10
1035.200	0	0	0	0	0	0	0	0	0	0	0	0	0	0	0	0	8	0	9	0	0	0	2	0	0	16	0	9	0	3	1	0	0	0	0	7
1035.400	0	0	0	0	0	0	0	0	0	0	0	0	0	0	0	0	6	0	6	0	0	0	2	0	0	15	0	9	0	1	0	0	0	0	0	7
1035.600	0	0	0	0	0	0	0	0	0	0	0	0	0	0	0	0	6	0	7	0	0	0	2	0	0	19	0	11	0	4	0	0	0	0	0	8
1035.800	0	0	0	0	0	0	0	0	0	0	0	0	0	0	0	0	9	0	9	1	0	0	2	0	0	14	0	11	0	1	0	0	0	0	0	7
1036.000	0	0	0	0	0	0	0	0	0	0	0	0	0	0	0	0	9	0	7	0	0	0	2	0	0	20	0	9	0	1	0	0	0	0	0	10
1036.200	0	0	0	0	0	0	0	0	0	0	0	0	0	0	0	0	8	0	7	0	0	0	2	0	0	14	0	5	0	1	0	0	0	0	0	5
1036.400	0	0	0	0	0	0	0	0	0	0	0	0	0	0	0	0	4	0	4	0	0	0	2	0	0	19	0	10	0	2	0	0	0	0	2	11
1036.600	0	0	0	0	0	0	0	0	0	0	0	0	0	0	0	0	6	0	7	0	0	0	2	0	0	18	0	5	0	2	0	0	0	0	1	10
1036.800	0	0	0	0	0	0	0	0	0	0	0	0	0	0	0	0	4	0	6	0	0	0	2	0	0	19	0	8	0	3	0	0	0	0	1	8
1037.000	0	0	0	0	0	0	0	0	0	0	0	0	0	0	0	0	4	0	6	1	0	0	2	0	0	14	0	8	0	5	0	0	0	0	1	9
1037.200	0	0	0	0	0	0	0	0	0	0	0	0	0	0	0	0	4	0	8	1	0	0	2	0	0	18	0	8	0	4	0	0	0	0	1	7
1037.400	0	0	0	0	0	0	0	0	0	0	0	0	0	0	0	0	6	0	11	0	0	0	2	0	0	18	0	8	0	6	0	0	0	0	0	10
1037.600	0	0	0	0	0	0	0	0	0	0	0	0	0	0	0	0	4	0	7	1	0	0	2	0	0	21	0	4	0	3	0	0	0	0	1	5
1037.800	0	0	0	0	0	0	0	0	0	0	0	0	0	0	0	0	7	0	12	1	0	0	2	0	0	20	0	9	0	5	0	0	0	0	0	6
1038.000	0	0	0	0	0	0	0	0	0	0	0	0	0	0	0	0	5	0	11	1	0	0	2	0	0	16	0	5	0	3	0	0	0	0	1	7
1038.200	0	0	0	0	0	0	0	0	0	0	0	0	0	0	0	0	7	0	11	1	0	0	2	0	0	22	0	6	0	1	0	0	0	0	0	7
1038.400	0	0	0	0	0	0	0	0	0	0	0	0	0	0	0	0	8	0	5	1	0	0	0	0	0	14	0	0	0	0	0	0	0	0	1	11
1038.600	0	0	0	0	0	0	0	0	0	0	0	0	0	0	0	0	12	0	7	1	0	0	1	0	0	12	0	5	0	0	0	0	0	0	1	9
1038.800	0	0	0	0	0	0	0	0	0	0	0	0	0	0	0	0	7	0	10	1	0	0	0	0	0	20	0	10	0	3	0	0	0	0	1	8
1039.000	0	0	0	0	0	0	0	0	0	0	0	0	0	0	0	0	10	0	13	1	0	0	0	0	0	19	0	6	0	2	0	0	0	0	1	8
1039.200	0	0	0	0	0	0	0	0	0	0	0	0	0	0	0	0	5	0	9	1	0	0	0	0	0	23	0	6	0	2	0	0	0	0	1	11
1039.400	0	0	0	0	0	0	0	0	0	0	0	0	0	0	0	0	6	0	8	1	0	0	0	0	0	27	0	8	0	3	0	0	0	0	1	14
1039.600	0	0	0	0	0	0	0	0	0	0	0	0	0	0	0	0	8	0	10	1	0	0	0	0	0	19	0	7	0	5	0	0	0	0	0	9
1039.800	0	0	0	0	0	0	0	0	0	0	0	0	0	0	0	0	7	0	12	1	0	0	0	0	0	16	0	6	0	4	0	0	0	0	1	10
1040.000	0	0	0	0	0	0	0	0	0	0	0	0	0	0	0	0	7	0	8	1	0	0	1	0	0	19	0	6	0	1	0	0	0	0	1	10
1040.200	0	0	0	0	0	0	0	0	0	0	0	0	0	0	0	0	5	0	15	1	0	0	1	0	0	17	0	3	0	1	0	0	0	0	0	9
1040.400	0	0	0	0	0	0	0	0	0	0	0	0	0	0	0	0	6	0	15	0	0	0	1	0	0	16	0	8	0	3	0	0	0	0	1	11
1040.600	0	0	0	0	0	0	0	0	0	0	0	0	0	0	0	0	7	0	12	1	0	0	1	0	0	19	0	3	0	2	0	0	0	0	1	8
1040.800	0	0	0	0	0	0	0	0	0	0	0	0	0	0	0	0	5	0	11	0	0	0	1	0	0	14	0	2	0	1	1	0	0	0	1	15
1041.000	0	0	0	0	0	0	0	0	0	0	0	0	0	0	0	0	8	0	11	0	0	0	1	0	0	14	0	0	0	7	0	0	0	0	1	10
1041.200	0	0	0	0	0	0	0	0	0	0	0	0	0	0	0	0	7	1	14	1	0	0	1	0	0	19	0	2	0	7	3	0	0	0	1	9
1041.400	0	0	0	0	0	0	0	0	0	0	0	0	0	0	0	0	6	0	12	1	0	0	1	0	0	21	0	1	0	3	0	0	0	0	0	11
1041.600	0	0	0	0	0	0	0	0	0	0	0	0	0	0	0	0	15	0	9	1	0	0	1	0	0	25	0	4	0	3	1	0	0	0	1	12
1041.800	0	0	0	0	0	0	0	0	0	0	0	0	0	0	0	0	4	0	4	1	0	0	2	0	0	18	0	0	0	2	0	0	0	0	1	11
1042.000	0	0	0	0	0	0	0	0	0	0	0	0	0	0	0	0	3	0	5	1	0	0	3	0	0	19	0	2	0	4	0	0	0	0	1	9
1042.200	0	0	0	0	0	0	0	0	0	0	0	0	0	0	0	0	3	0	5	1	0	0	2	0	0	25	0	5	0	4	0	0	0	0	1	9
1042.400	0	0	0	0	0	0	0	0	0	0	0	0	0	0	0	0	3	0	7	1	0	0	2	0	0	15	0	4	0	3	0	0	0	0	0	8
1042.600	0	0	0	0	0	0	0	0	0	0	0	0	0	0	0	0	5	0	12	1	0	0	2	0	0	13	0	1	0	5	0	0	0	0	0	11
1042.800	0	0	0	0	0	0	0	0	0	0	0	0	0	0	0	0	6	0	10	1	0	0	3	0	0	20	0	2	0	3	0	0	0	0	0	9
1043.000	0	0	0	0	0	0	0	0	0	0	0	0	0	0	0	0	4	0	17	1	0	0	2	0	0	19	0	1	0	2	0	0	0	0	0	8
1043.200	0	0	0	0	0	0	0	0	0	0	0	0	0	0	0	0	6	0	13	1	0	0	3	0	0	15	0	6	0	3	0	0	0	0	1	8
1043.400	0	0	0	0	0	0	0	0	0	0	0	0	0	0	0	0	8	0	13	1	0	0	4	0	0	13	0	7	0	2	0	0	0	0	1	11
1043.600	0	0	0	0	0	0	0	0	0	0	0	0	0	0	0	0	6	0	14	0	0	0	2	0	0	16	0	6	0	1	0	0	0	0	2	11
1043.800	0	0	0	0	0	0	0	0	0	0	0	0	0	0	0	0	5	0	13	0	0	0	1	0	0	15	0	5	0	4	0	0	0	0	0	8
1044.000	0	0	0	0	0	0	0	0	0	0	0	0	0	0	0	0	6	0	8	0	0	0	0	0	0	19	0	5	0	6	0	0	0	0	1	14
1044.200	0	0	0	0	0	0	0	0	0	0	0	0	0	0	0	0	10	0	14	0	0	0	2	0	0	16	0	2	0	5	0	0	0	0	0	7
1044.400	0	0	0	0	0	0	0	0	0	0	0	0	0	0	0	0	13	0	10	1	0	0	0	0	0	15	0	4	0	4	0	0	0	0	0	9
1044.600	0	0	0	0	0	0	0	0	0	0	0	0	0	0	0	0	14	0	12	0	0	0	2	0	0	17	0	10	0	2	0	0	0	0	0	6
1044.800	0	0	0	0	0	0	0	0	0	0	0	0	0	0	0	0	12	0	12	1	0	0	0	0	0	18	0	4	0	2	0	0	0	0	1	6
1045.000	0	0	0	0	0	0	0	0	0	0	0	0	0	0	0	0	9	0	16	1	0	0	0	0	0	13	0	5	0	1	0	0	0	0	1	5
1045.200	0	0	0	0	0	0	0	0	0	0	0	0	0	0	0	0	13	0	12	0	0	0	0	0	0	9	0	2	0	3	0	0	0	0	1	3
1045.400	0	0	0	0	0	0	0	0	0	0	0	0	0	0	0	0	8	0	15	1	0	0	0	0	0	13	0	4	0	2	0	0	0	0	1	7
1045.600	0	0	0	0	0	0	0	0	0	0	0	0	0	0	0	0	9	0	10	0	0	0	0	0	0	16	0	3	0	5	0	0	0	0	1	4
1045.800	0	0	0	0	0	0	0	0	0	0	0	0	0	0	0	0	10	1	14	1	0	0	0	0	0	17	0	4	0	3	0	0	0	0	0	5
1046.000	0	0	0	0	0	0	0	0	0	0	0	0	0	0	0	0	10	0	14	2	0	0	0	0	0	20	0	0	0	6	0	0	0	0	1	6
1046.200	0	0	0	0	0	0	0	0	0	0	0	0	0	0	0	0	10	0	8	1	0	0	0	0	0	19	0	3	0	2	0	0	0	0	1	11
1046.400	0	0	0	0	0	0	0	0	0	0	0	0	0	0	0	0	14	0	8	1	0	0	0	0	0	16	0	2	0	3	0	0	0	0	1	13
1046.600	0	0	0	0	0	0	0	0	0	0	0	0	0	0	0	0	12	0	5	1	0	0	0	0	0	21	0	0	0	1	0	0	0	0	1	8
1046.800	0	0	0	0	0	0	0	0	0	0	0	0	0	0	0	0	10	0	7	1	0	0	0	0	0	24	0	1	0	4	0	0	0	0	1	9
1047.000	0	0	0	0	0	0	0	0	0	0	0	0	0	0	0	0	10	0	10	2	0	0	0	0	0	23	0	1	0	5	0	0	0	0	1	6
1047.200	0	0	0	0	0	0	0	0	0	0	0	0	0	0	0	0	13	0	11	1	0	0	0	0	0	18	0	1	0	1	0	0	0	0	1	10
1047.400	0	0	0	0	0	0	0	0	0	0	0	0	0	0	0	0	11	0	7	0	0	0	0	0	0	18	0	4	0	1	0	0	0	0	0	8
1047.600	0	0	0	0	0	0	0	0	0	0	0	0	0	0	0	0	12	0	7	0	0	0	0	0	0	20	0	2	0	4	0	0	0	0	1	8
1047.800	0	0	0	0	0	0	0	0	0	0	0	0	0	0	0	0	7	0	8	0	0	0	0	0	0	24	0	1	0	2	0	0	0	0	1	8
1048.000	0	0	0	0	0	0	0	0	0	0	0	0	0	0	0	0	14	0	9	1	0	0	2	0	0	14	0	1	0	2	0	0	0	0	0	7
1048.200	0	0	0	0	0	0	0	0	0	0	0	0	0	0	0	0	12	0	12	1	0	0	4	0	0	14	0	1	0	1	0	0	0	0	1	6
1048.400	0	0	0	0	0	0	0	0	0	0	0	0	0	0	0	0	11	0	7	0	0	0	4	0	0	20	0	4	0	1	0	0	0	0	0	7
1048.600	0	0	0	0	0	0	0	0	0	0	0	0	0	0	0	0	16	0	5	0	0	0	0	0	0	20	0	1	0	1	0	0	0	0	0	8
1048.800	0	0	0	0	0	0	0	0	0	0	0	0	0	0	0	0	11	0	11	1	0	0	2	0	0	14	0	4	0	1	0	0	0	0	0	8
1049.000	0	0	0	0	0	0	0	0	0	0	0	0	0	0	0	0	9	0	15	0	0	0	2	0	0	18	0	1	0	1	0	0	0	0	0	7
1049.200	0	0	0	0	0	0	0	0	0	0	0	0	0	0	0	0	9	0	11	0	0	0	2	0	0	20	0	3	0	1	0	0	0	0	0	11
1049.400	0	0	0	0	0	0	0	0	0	0	0	0	0	0	0	0	15	0	12	1	0	0	2	0	0	14	0	2	0	4	0	0	0	0	1	8
1049.600	0	0	0	0	0	0	0	0	0	0	0	0	0	0	0	0	11	0	14	1	0	0	2	0	0	16	0	4	0	6	0	0	0	0	0	7
1049.800	0	0	0	0	0	0	0	0	0	0	0	0	0	0	0	0	17	0	9	1	0	0	2	0	0	20	0	7	0	2	0	0	0	0	0	10
1050.000	0	0	0	0	0	0	0	0	0	0	0	0	0	0	0	0	9	0	8	1	0	0	2	0	0	30	0	1	0	2	0	0	0	0	0	6
1050.200	0	0	0	0	0	0	0	0	0	0	0	0	0	0	0	0	12	0	15	1	0	0	2	0	0	22	0	6	0	0	0	0	0	0	0	7
1050.400	0	0	0	0	0	0	0	0	0	0	0	0	0	0	0	0	8	0	9	1	0	0	2	0	0	19	0	7	0	5	0	0	0	0	0	6
1050.600	0	0	0	0	0	0	0	0	0	0	0	0	0	0	0	0	7	0	6	1	0	0	2	0	0	23	0	6	0	0	0	0	0	0	0	7
1050.800	0	0	0	0	0	0	0	0	0	0	0	0	0	0	0	0	13	0	6	0	0	0	2	0	0	17	0	2	0	0	0	0	0	0	1	7
1051.000	0	0	0	0	0	0	0	0	0	0	0	0	0	0	0	0	7	0	5	1	0	0	2	0	0	21	0	3	0	1	0	0	0	0	1	9
1051.200	0	0	0	0	0	0	0	0	0	0	0	0	0	0	0	0	8	0	7	0	0	0	2	0	0	17	0	8	0	2	0	0	0	0	0	7
1051.400	0	0	0	0	0	0	0	0	0	0	0	0	0	0	0	0	12	0	6	1	0	0	2	0	0	21	0	8	0	2	0	0	0	0	0	5
1051.600	0	0	0	0	0	0	0	0	0	0	0	0	0	0	0	0	13	0	9	1	0	0	2	0	0	18	0	6	0	5	0	0	0	0	0	10
1051.800	0	0	0	0	0	0	0	0	0	0	0	0	0	0	0	0	10	0	7	0	0	0	2	0	0	15	0	8	0	3	0	0	0	0	0	5
1052.000	0	0	0	0	0	0	0	0	0	0	0	0	0	0	0	0	13	0	3	1	0	0	2	0	0	26	0	8	0	4	0	0	0	0	0	6
1052.200	0	0	0	0	0	0	0	0	0	0	0	0	0	0	0	0	16	0	6	1	0	0	2	0	0	10	0	3	0	2	0	0	0	0	1	8
1052.400	0	0	0	0	0	0	0	0	0	0	0	0	0	0	0	0	10	0	8	1	0	0	2	0	0	19	0	10	0	5	0	0	0	0	0	7
1052.600	0	0	0	0	0	0	0	0	0	0	0	0	0	0	0	0	15	0	3	3	0	0	2	0	0	15	2	9	0	1	0	0	0	0	0	8
1052.800	0	0	0	0	0	0	0	0	0	0	0	0	0	0	0	0	12	0	6	2	0	0	2	0	0	20	2	1	0	2	0	0	0	0	1	7
1053.000	0	0	0	0	0	0	0	0	0	0	0	0	0	0	0	0	12	0	8	2	0	0	2	0	0	22	0	7	0	4	0	0	0	0	0	9
1053.200	0	0	0	0	0	0	0	0	0	0	0	0	0	0	0	0	12	0	8	3	0	0	1	0	0	21	0	1	0	4	0	0	0	0	1	7
1053.400	0	0	0	0	0	0	0	0	0	0	0	0	0	0	0	0	11	0	12	2	0	0	1	0	0	16	0	11	0	5	0	0	0	0	0	9
1053.600	0	0	0	0	0	0	0	0	0	0	0	0	0	0	0	0	13	0	6	1	0	0	1	0	0	23	0	9	0	6	0	0	0	0	0	11
1053.800	0	0	0	0	0	0	0	0	0	0	0	0	0	0	0	0	12	0	10	2	0	0	0	0	0	23	0	8	0	2	0	0	0	0	1	7
1054.000	0	0	0	0	0	0	0	0	0	0	0	0	0	0	0	0	16	0	11	1	0	0	2	0	0	16	0	10	0	4	0	0	0	0	0	7
1054.200	0	0	0	0	0	0	0	0	0	0	0	0	0	0	0	0	12	0	15	1	0	0	1	0	0	23	0	11	0	3	0	0	0	0	0	7
1054.400	0	0	0	0	0	0	0	0	0	0	0	0	0	0	0	0	11	0	14	0	0	0	2	0	0	17	0	9	0	2	0	0	0	0	0	7
1054.600	0	0	0	0	0	0	0	0	0	0	0	0	0	0	0	0	11	1	9	2	0	0	2	0	0	13	0	9	0	7	0	0	0	0	0	8
1054.800	0	0	0	0	0	0	0	0	0	0	0	0	0	0	0	0	10	0	13	0	0	0	2	0	0	16	0	12	0	2	0	0	0	0	1	7
1055.000	0	0	0	0	0	0	0	0	0	0	0	0	0	0	0	0	11	0	11	1	0	0	2	0	0	29	0	6	0	3	0	0	0	0	0	6
1055.200	0	0	0	0	0	0	0	0	0	0	0	0	0	0	0	0	14	0	16	0	0	0	0	0	0	30	0	2	0	1	0	0	0	0	1	9
1055.400	0	0	0	0	0	0	0	0	0	0	0	0	0	0	0	0	9	0	15	0	0	0	1	0	0	17	0	5	0	1	0	0	0	0	0	7
1055.600	0	0	0	0	0	0	0	0	0	0	0	0	0	0	0	0	12	1	8	1	0	0	0	0	0	23	0	7	0	2	0	0	0	0	1	12
1055.800	0	0	0	0	0	0	0	0	0	0	0	0	0	0	0	0	11	1	16	1	0	0	0	0	0	22	0	6	0	2	1	0	0	0	1	7
1056.000	0	0	0	0	0	0	0	0	1	0	0	0	0	0	0	0	7	1	6	1	0	0	0	0	0	23	0	8	0	1	0	0	0	0	1	12
1056.200	0	0	0	0	0	0	0	0	0	0	0	0	0	0	0	0	12	1	12	0	0	0	0	0	0	22	0	9	0	2	0	0	0	0	0	7
1056.400	0	0	0	0	0	0	0	0	0	0	0	0	0	0	0	0	11	1	6	1	0	0	0	0	0	27	0	7	0	5	0	0	0	0	0	10
1056.600	0	0	0	0	0	0	0	0	0	0	0	0	0	0	0	0	9	0	14	1	0	0	0	0	0	26	0	9	0	4	0	0	0	0	0	10
1056.800	0	0	0	0	0	0	0	0	0	0	0	0	0	0	0	0	11	1	14	0	0	0	2	0	0	25	0	1	0	1	0	0	0	0	0	10
1057.000	0	0	0	0	0	0	0	0	0	0	0	0	0	0	0	0	11	1	13	1	0	0	2	0	0	32	0	11	0	4	0	0	0	0	0	9
1057.200	0	0	0	0	0	0	0	0	0	0	0	0	0	0	0	0	12	0	5	1	0	0	1	0	0	24	0	11	0	5	0	0	0	0	0	4
1057.400	0	0	0	0	0	0	0	0	0	0	0	0	0	0	0	0	11	0	9	0	0	0	1	0	0	29	0	8	0	4	1	0	0	0	0	8
1057.600	0	0	0	0	0	0	0	0	0	0	0	0	0	0	0	0	11	0	7	0	0	0	2	0	0	21	0	6	0	3	0	0	0	0	0	7
1057.800	0	0	0	0	0	0	0	0	0	0	0	0	0	0	0	0	15	2	7	0	0	0	0	0	0	15	0	12	0	7	1	0	0	0	1	2
1058.000	0	0	0	0	0	0	0	0	0	0	0	0	0	0	0	0	12	0	7	0	0	0	2	0	0	18	0	8	0	3	0	0	0	0	0	6
1058.200	0	0	0	0	0	0	0	0	0	0	0	0	0	0	0	0	10	0	8	1	0	0	2	0	0	28	0	6	0	2	0	0	0	0	0	6
1058.400	0	0	0	0	0	0	0	0	0	0	0	0	0	0	0	0	8	0	12	1	0	0	3	0	0	13	0	4	0	4	0	0	0	0	0	2
1058.600	0	0	0	0	0	0	0	0	0	0	0	0	0	0	0	0	12	0	12	1	0	0	2	0	0	22	0	7	0	1	0	0	0	0	1	4
1058.800	0	0	0	0	0	0	0	0	0	0	0	0	0	0	0	0	15	0	14	1	0	0	4	0	0	18	0	8	0	1	0	0	0	0	1	9
1059.000	0	0	0	0	0	0	0	0	0	0	0	0	0	0	0	0	9	0	5	1	0	0	4	0	0	29	0	8	0	0	0	0	0	0	1	5
1059.200	0	0	0	0	0	0	0	0	0	0	0	0	0	0	0	0	15	0	13	1	0	0	2	0	0	19	0	12	0	3	0	0	0	0	1	8
1059.400	0	0	0	0	0	0	0	0	0	0	0	0	0	0	0	0	6	0	15	0	0	0	2	0	0	20	0	9	0	4	0	0	0	0	1	5
1059.600	0	0	0	0	0	0	0	0	0	0	0	0	0	0	0	0	9	0	13	0	0	0	2	0	0	3	0	12	0	3	0	0	0	0	0	8
1059.800	0	0	0	0	0	0	0	0	0	0	0	0	0	0	0	0	15	0	14	0	0	0	2	0	0	12	0	11	0	3	0	0	0	0	0	7
1060.000	0	0	0	0	0	0	0	0	0	0	0	0	0	0	0	0	16	0	16	0	0	0	2	0	0	8	0	9	0	4	0	0	0	0	0	7
1060.200	0	0	0	0	0	0	0	0	0	0	0	0	0	0	0	0	7	0	11	0	0	0	2	0	0	15	0	4	0	1	0	0	0	0	0	7
1060.400	0	0	0	0	0	0	0	0	0	0	0	0	0	0	0	0	14	0	10	2	0	0	2	0	0	14	0	9	0	1	0	0	0	0	0	7
1060.600	0	0	0	0	0	0	0	0	0	0	0	0	0	0	0	0	13	0	12	1	0	0	2	0	0	18	0	10	0	4	0	0	0	0	0	6
1060.800	0	0	0	0	0	0	0	0	0	0	0	0	0	0	0	0	10	0	10	1	0	0	2	0	0	12	0	9	0	3	0	0	0	0	0	2
1061.000	0	0	0	0	0	0	0	0	0	0	0	0	0	0	0	0	12	0	9	2	0	0	2	0	0	12	0	10	0	2	0	0	0	0	0	7
1061.200	0	0	0	0	0	0	0	0	0	0	0	0	0	0	0	0	14	0	11	1	0	0	2	0	0	16	0	4	0	2	0	0	0	0	0	5
1061.400	0	0	0	0	0	0	0	0	0	0	0	0	0	0	0	0	11	0	7	0	0	0	2	0	0	11	0	9	0	1	0	0	0	0	0	8
1061.600	0	0	0	0	0	0	0	0	0	0	0	0	0	0	0	0	13	0	12	1	0	0	2	0	0	10	0	10	0	1	0	0	0	0	0	6
1061.800	0	0	0	0	0	0	0	0	0	0	0	0	0	0	0	0	13	0	14	1	0	0	2	0	0	4	0	6	0	1	0	0	0	0	1	9
1062.000	0	0	0	0	0	0	0	0	0	0	0	0	0	0	0	0	11	0	4	0	0	0	2	0	0	12	0	10	0	1	0	0	0	0	0	7
1062.200	0	0	0	0	0	0	0	0	0	0	0	0	0	0	0	0	9	0	10	2	0	0	2	0	0	16	0	6	0	1	0	0	0	0	1	7
1062.400	0	0	0	0	0	0	0	0	0	0	0	0	0	0	0	0	10	1	8	0	0	0	1	0	0	4	0	9	0	2	0	0	0	0	0	3
1062.600	0	0	0	0	0	0	0	0	2	0	0	0	0	0	0	0	12	1	13	1	0	0	2	0	0	17	0	6	0	3	0	0	0	0	1	4
1062.800	0	0	0	0	0	0	0	0	0	0	0	0	0	0	0	0	12	0	11	1	0	0	2	0	0	7	0	5	0	1	0	0	0	0	0	8
1063.000	0	0	0	0	0	0	0	0	0	0	0	0	0	0	0	0	10	0	11	1	0	0	2	0	0	15	0	7	0	4	0	0	0	0	0	6
1063.200	0	0	0	0	0	0	0	0	2	0	0	0	0	0	0	0	10	1	12	0	0	0	2	0	0	9	0	10	0	1	0	0	0	0	0	10
1063.400	0	0	0	0	0	0	0	0	4	0	0	0	0	0	0	0	12	1	10	1	0	0	0	0	0	9	0	4	0	1	0	0	0	0	0	6
1063.600	0	0	0	0	0	0	0	0	5	0	0	0	0	0	0	0	7	2	11	0	0	0	0	0	0	20	0	10	0	1	0	0	0	0	0	6
1063.800	0	0	0	0	0	0	0	0	0	0	0	0	0	0	0	0	8	1	11	0	0	0	2	0	0	18	0	6	0	2	0	0	0	0	0	3
1064.000	0	0	0	0	0	0	0	0	0	0	0	0	0	0	0	0	8	0	11	2	0	0	0	0	0	14	0	10	0	2	0	0	0	0	0	6
1064.200	0	0	0	0	0	0	0	0	0	0	0	0	0	0	0	0	12	0	15	1	0	0	0	0	0	16	0	8	0	3	0	0	0	0	0	5
1064.400	0	0	0	0	0	0	0	0	0	0	0	0	0	0	0	0	9	1	7	0	0	0	0	0	0	17	0	5	0	2	0	0	0	0	0	3
1064.600	0	0	0	0	0	0	0	0	0	0	0	0	0	0	0	0	13	1	15	0	0	0	0	0	0	9	0	6	0	2	0	0	0	0	0	5
1064.800	0	0	0	0	0	0	0	0	0	0	0	0	0	0	0	0	12	0	6	1	0	0	1	0	0	12	0	9	0	5	0	0	0	0	0	8
1065.000	0	0	0	0	0	0	0	0	0	0	0	0	0	0	0	0	8	0	9	1	0	0	2	0	0	9	0	10	0	2	0	0	0	0	0	6
1065.200	0	0	0	0	0	0	0	0	0	0	0	0	0	0	0	0	14	0	12	1	0	0	2	0	0	15	0	6	0	2	0	0	0	0	0	3
1065.400	0	0	0	0	0	0	0	0	0	0	0	0	0	0	0	0	4	0	9	0	0	0	1	0	0	9	0	1	0	2	0	0	0	0	1	6
1065.600	0	0	0	0	0	0	0	0	0	0	0	0	0	0	0	0	11	0	15	1	0	0	2	0	0	12	0	3	0	1	0	0	0	0	0	6
1065.800	0	0	0	0	0	0	0	0	0	0	0	0	0	0	0	0	11	0	14	0	0	0	2	0	0	19	0	6	0	1	0	0	0	0	0	4
1066.000	0	0	0	0	0	0	0	0	0	0	0	0	0	0	0	0	10	0	10	1	0	0	2	0	0	12	0	9	0	1	0	0	0	0	0	3
1066.200	0	0	0	0	0	0	0	0	0	0	0	0	0	0	0	0	7	0	16	0	0	0	2	0	0	13	0	6	0	1	0	0	0	0	0	5
1066.400	0	0	0	0	0	0	0	0	0	0	0	0	0	0	0	0	14	0	10	1	0	0	2	0	0	14	0	6	0	2	0	0	0	0	0	9
1066.600	0	0	0	0	0	0	0	0	0	0	0	0	0	0	0	0	13	0	15	1	0	0	2	0	0	6	0	4	0	2	0	0	0	0	0	8
1066.800	0	0	0	0	0	0	0	0	0	0	0	0	0	0	0	0	14	0	13	1	0	0	2	0	0	14	0	3	0	2	0	0	0	0	0	5
1067.000	0	0	0	0	0	0	0	0	0	0	0	0	0	0	0	0	6	0	10	1	0	0	0	0	0	11	0	8	0	2	0	0	0	0	0	5
1067.200	0	0	0	0	0	0	0	0	0	0	0	0	0	0	0	0	11	0	17	1	0	0	2	0	0	14	0	8	0	2	0	0	0	0	0	3
1067.400	0	0	0	0	0	0	0	0	0	0	0	0	0	0	0	0	14	0	12	1	0	0	0	0	0	14	0	5	0	2	0	0	0	0	0	3
1067.600	0	0	0	0	0	0	0	0	0	0	0	0	0	0	0	0	9	0	14	1	0	0	0	0	0	15	0	3	0	1	0	0	0	0	0	3
1067.800	0	0	0	0	0	0	0	0	0	0	0	0	0	0	0	0	11	0	11	2	0	0	0	0	0	10	0	6	0	2	0	0	0	0	0	4
1068.000	0	0	0	0	0	0	0	0	0	0	0	0	0	0	0	0	15	0	6	1	0	0	0	0	0	9	0	1	0	2	0	0	0	0	0	5
1068.200	0	0	0	0	0	0	0	0	0	0	0	0	0	0	0	0	11	0	13	2	0	0	0	0	0	12	0	4	0	1	1	0	0	0	0	8
1068.400	0	0	0	0	0	0	0	0	0	0	0	0	0	0	0	0	9	0	9	2	0	0	1	0	0	17	0	11	0	1	0	0	0	0	0	9
1068.600	0	0	0	0	0	0	0	0	0	0	0	0	0	0	0	0	9	0	6	0	0	0	2	0	0	16	0	4	0	4	0	0	0	0	1	7
1068.800	0	0	0	0	0	0	0	0	0	0	0	0	0	0	0	0	11	0	15	1	0	0	0	0	0	9	0	6	0	1	0	0	0	0	0	3
1069.000	0	0	0	0	0	0	0	0	0	0	0	0	0	0	0	0	12	0	15	0	0	0	2	0	0	15	0	6	0	1	0	0	0	0	0	5
1069.200	0	0	0	0	0	0	0	0	0	0	0	0	0	0	0	0	15	0	9	2	0	0	0	0	0	14	0	10	0	1	0	0	0	0	0	3
1069.400	0	0	0	0	0	0	0	0	0	0	0	0	0	0	0	0	14	0	11	1	0	0	0	0	0	18	0	8	0	1	0	0	0	0	0	2
1069.600	0	0	0	0	0	0	0	0	0	0	0	0	0	0	0	0	11	0	9	1	0	0	0	0	0	12	0	9	0	1	1	0	0	0	0	7
1069.800	0	0	0	0	0	0	0	0	0	0	0	0	0	0	0	0	13	0	10	1	0	0	0	0	0	14	0	8	0	1	0	0	0	0	0	6
1070.000	0	0	0	0	0	0	0	0	0	0	0	0	0	0	0	0	13	0	11	1	0	0	0	0	0	15	0	5	0	2	0	0	0	0	0	5
1070.200	0	0	0	0	0	0	0	0	0	0	0	0	0	0	0	0	11	0	5	0	0	0	0	0	0	8	0	1	0	4	0	0	0	0	0	3
1070.400	0	0	0	0	0	0	0	0	0	0	0	0	0	0	0	0	7	0	10	0	0	0	2	0	0	9	0	10	0	2	0	0	0	0	0	4
1070.600	0	0	0	0	0	0	0	0	0	0	0	0	0	0	0	0	7	0	10	1	0	0	0	0	0	14	0	1	0	1	0	0	0	0	0	4
1070.800	0	0	0	0	0	0	0	0	0	0	0	0	0	0	0	0	14	0	7	2	0	0	0	0	0	10	0	10	0	1	0	0	0	0	1	10
1071.000	0	0	0	0	0	0	0	0	0	0	0	0	0	0	0	0	13	0	14	3	0	0	0	0	0	17	0	10	0	1	0	0	0	0	0	5
1071.200	0	0	0	0	0	0	0	0	0	0	0	0	0	0	0	0	11	0	8	1	0	0	0	0	0	15	0	9	0	0	0	0	0	0	0	7
1071.400	0	0	0	0	0	0	0	0	0	0	0	0	0	0	0	0	11	0	13	1	0	0	0	0	0	10	0	7	0	2	0	0	0	0	0	6
1071.600	0	0	0	0	0	0	0	0	0	0	0	0	0	0	0	0	14	0	13	1	0	0	0	0	0	14	0	7	0	1	0	0	0	0	0	7
1071.800	0	0	0	0	0	0	0	0	0	0	0	0	0	0	0	0	17	0	13	0	0	0	0	0	0	15	0	5	0	1	0	0	0	0	0	8
1072.000	0	0	0	0	0	0	0	0	0	0	0	0	0	0	0	0	11	0	11	1	0	0	2	0	0	12	0	9	0	3	0	0	0	0	0	8
1072.200	0	0	0	0	0	0	0	0	0	0	0	0	0	0	0	0	8	0	5	2	0	0	0	0	0	18	0	9	0	4	0	0	0	0	0	7
1072.400	0	0	0	0	0	0	0	0	0	0	0	0	0	0	0	0	17	0	8	1	0	0	0	0	0	15	0	9	0	1	0	0	0	0	0	7
1072.600	0	0	0	0	0	0	0	0	0	0	0	0	0	0	0	0	14	0	6	2	0	0	0	0	0	18	0	11	0	1	0	0	0	0	0	6
1072.800	0	0	0	0	0	0	0	0	0	0	0	0	0	0	0	0	7	0	13	0	0	0	0	0	0	18	0	3	0	5	0	0	0	0	0	3
1073.000	0	0	0	0	0	0	0	0	0	0	0	0	0	0	0	0	15	0	7	1	0	0	0	0	0	15	0	6	0	5	0	0	0	0	0	3
1073.200	0	0	0	0	0	0	0	0	0	0	0	0	0	0	0	0	8	1	6	2	0	0	2	0	0	18	0	7	0	1	0	0	0	0	0	3
1073.400	0	0	0	0	0	0	0	0	0	0	0	0	0	0	0	0	14	0	5	2	0	0	0	0	0	19	0	5	0	0	0	0	0	0	0	7
1073.600	0	0	0	0	0	0	0	0	0	0	0	0	0	0	0	0	16	0	6	0	0	0	0	0	0	11	0	9	0	4	0	0	0	0	0	3
1073.800	0	0	0	0	0	0	0	0	0	0	0	0	0	0	0	0	13	0	16	1	0	0	0	0	0	15	0	11	0	1	0	0	0	0	1	3
1074.000	0	0	0	0	0	0	0	0	0	0	0	0	0	0	0	0	9	0	7	1	0	0	0	0	0	17	0	10	0	1	0	0	0	0	0	6
1074.200	0	0	0	0	0	0	0	0	0	0	0	0	0	0	0	0	11	0	11	2	0	0	0	0	0	17	0	9	0	1	0	0	0	0	0	4
1074.400	0	0	0	0	0	0	0	0	0	0	0	0	0	0	0	0	9	0	13	1	0	0	0	0	0	18	0	6	0	1	0	0	0	0	0	3
1074.600	0	0	0	0	0	0	0	0	0	0	0	0	0	0	0	0	13	0	10	2	0	0	0	0	0	19	0	8	0	3	0	0	0	0	0	3
1074.800	0	0	0	0	0	0	0	0	0	0	0	0	0	0	0	0	15	0	8	1	0	0	0	0	0	9	0	7	0	4	0	0	0	0	0	3
1075.000	0	0	0	0	0	0	0	0	0	0	0	0	0	0	0	0	13	1	12	0	0	0	0	0	0	12	0	7	0	2	0	0	0	0	0	2
1075.200	0	0	0	0	0	0	0	0	0	0	0	0	0	0	0	0	6	0	11	2	0	0	2	0	0	13	0	7	0	0	0	0	0	0	0	2
1075.400	0	0	0	0	0	0	0	0	0	0	0	0	0	0	0	0	14	0	12	1	0	0	0	0	0	17	0	8	0	1	1	0	0	0	0	5
1075.600	0	0	0	0	0	0	0	0	0	0	0	0	0	0	0	0	9	0	11	0	0	0	1	0	0	14	0	7	0	1	0	0	0	0	0	6
1075.800	0	0	0	0	0	0	0	0	0	0	0	0	0	0	0	0	5	0	15	0	0	0	2	0	0	21	0	8	0	1	1	0	0	0	0	1
1076.000	0	0	0	0	0	0	0	0	1	0	0	0	0	0	0	0	13	0	7	2	0	0	1	0	0	16	0	7	0	6	0	0	0	0	0	4
1076.200	0	0	0	0	0	0	0	0	0	0	0	0	0	0	0	0	6	0	6	1	0	0	2	0	0	12	0	6	0	3	0	0	0	0	0	4
1076.400	0	0	0	0	0	0	0	0	3	0	0	0	0	0	0	0	7	0	6	0	0	0	0	0	0	10	0	8	0	5	0	0	0	0	0	4
1076.600	0	0	0	0	0	0	0	0	2	0	0	0	0	0	0	0	8	1	2	0	0	0	2	0	0	19	0	8	0	4	0	0	0	0	0	3
1076.800	0	0	0	0	0	0	0	0	2	0	0	0	0	0	0	0	12	1	2	0	0	0	0	0	0	14	0	9	0	4	0	0	0	0	0	9
1077.000	0	0	0	0	0	0	0	0	1	0	0	0	0	0	0	0	14	1	4	2	0	0	0	0	0	18	0	3	0	8	1	0	0	0	1	3
1077.200	0	0	0	0	0	0	0	0	1	0	0	0	0	0	0	0	11	1	6	2	0	0	0	0	0	15	0	8	0	3	0	0	0	0	0	7
1077.400	0	0	0	0	0	0	0	0	2	0	0	0	0	0	0	0	7	1	6	0	0	0	0	0	0	15	0	6	0	4	0	0	0	0	0	6
1077.600	0	0	0	0	0	0	0	0	0	0	0	0	0	0	0	0	11	1	8	0	0	0	2	0	0	9	0	6	0	1	0	0	0	0	0	5
1077.800	0	0	0	0	0	0	0	0	0	0	0	0	0	0	0	0	9	0	9	0	0	0	2	0	0	15	0	6	0	3	0	0	0	0	0	7
1078.000	0	0	0	0	0	0	0	0	0	0	0	0	0	0	0	0	10	1	15	1	0	0	2	0	0	9	0	7	0	5	0	0	0	0	0	7
1078.200	0	0	0	0	0	0	0	0	2	0	0	0	0	0	0	0	4	4	15	1	0	0	2	0	0	9	0	5	0	2	1	0	0	0	0	4
1078.400	0	0	0	0	0	0	0	0	0	0	0	0	0	0	0	0	11	5	6	2	0	0	2	0	0	10	0	10	0	3	0	0	0	0	0	3
1078.600	0	0	0	0	0	0	0	0	0	0	0	0	0	0	0	0	12	1	4	0	0	0	2	0	0	9	0	7	0	3	0	0	0	0	0	5
1078.800	0	0	0	0	0	0	0	0	0	0	0	0	0	0	0	0	12	0	10	3	0	0	2	0	0	8	0	8	0	4	0	0	0	0	1	2
1079.000	0	0	0	0	0	0	0	0	0	0	0	0	0	0	0	0	9	0	10	0	0	0	2	0	0	13	0	2	0	3	0	0	0	0	0	3
1079.200	0	0	0	0	0	0	0	0	0	0	0	0	0	0	0	0	5	0	11	0	0	0	2	0	0	13	0	5	0	3	0	0	0	0	0	2
1079.400	0	0	0	0	0	0	0	0	0	0	0	0	0	0	0	0	12	0	8	4	0	0	2	0	0	10	0	3	0	1	0	0	0	0	1	3
1079.600	0	0	0	0	0	0	0	0	0	0	0	0	0	0	0	0	13	1	10	1	0	0	2	0	0	10	0	4	0	3	1	0	0	0	1	4
1079.800	0	0	0	0	0	0	0	0	0	0	0	0	0	0	0	0	10	0	7	2	0	0	2	0	0	9	0	6	0	1	1	0	0	0	0	5
1080.000	0	0	0	0	0	0	0	0	0	0	0	0	0	0	0	0	13	0	11	1	0	0	1	0	0	12	0	7	0	7	0	0	0	0	0	2
1080.200	0	0	0	0	0	0	0	0	0	0	0	0	0	0	0	0	7	0	18	0	0	0	2	0	0	14	0	9	0	8	0	0	0	0	0	4
1080.400	0	0	0	0	0	0	0	0	0	0	0	0	0	0	0	0	11	0	10	2	0	0	2	0	0	13	0	11	0	2	0	0	0	0	0	1
1080.600	0	0	0	0	0	0	0	0	0	0	0	0	0	0	0	0	5	0	7	1	0	0	0	0	0	13	2	8	0	6	0	0	0	0	0	2
1080.800	0	0	0	0	0	0	0	0	0	0	0	0	0	0	0	0	1	0	14	0	0	0	2	0	0	13	0	7	0	4	1	0	0	0	0	2
1081.000	0	0	0	0	0	0	0	0	0	0	0	0	0	0	0	0	4	0	10	2	0	0	1	0	0	13	0	6	0	4	0	0	0	0	0	4
1081.200	0	0	0	0	0	0	0	0	1	0	0	0	0	0	0	0	16	0	8	2	0	0	0	0	0	14	1	7	0	5	0	0	0	0	0	2
1081.400	0	0	0	0	0	0	0	0	0	0	0	0	0	0	0	0	14	0	5	0	0	0	0	0	0	13	0	6	0	3	0	0	0	0	0	3
1081.600	0	0	0	0	0	0	0	0	0	0	0	0	0	0	0	0	17	0	11	1	0	0	0	0	0	16	0	10	0	5	0	0	0	0	0	3
1081.800	0	0	0	0	0	0	0	0	0	0	0	0	0	0	0	0	13	0	13	2	0	0	0	0	0	19	0	5	0	1	0	0	0	0	0	4
1082.000	0	0	0	0	0	0	0	0	0	0	0	0	0	0	0	0	17	0	13	6	0	0	0	0	0	19	0	7	0	5	2	0	0	0	0	4
1082.200	0	0	0	0	0	0	0	0	0	0	0	0	0	0	0	0	22	0	12	1	0	0	0	0	0	17	0	10	0	3	1	0	0	0	1	3
1082.400	0	0	0	0	0	0	0	0	0	0	0	0	0	0	0	0	13	0	14	1	0	0	1	0	0	7	1	7	0	4	0	0	0	0	0	3
1082.600	0	0	0	0	0	0	0	0	0	0	0	0	0	0	0	0	19	0	14	4	0	0	0	0	0	7	2	11	0	4	2	0	0	0	0	3
1082.800	0	0	0	0	0	0	0	0	0	0	0	0	0	0	0	0	21	0	17	2	0	0	1	0	0	8	1	9	0	4	1	0	0	0	0	8
1083.000	0	0	0	0	0	0	0	0	0	0	0	0	0	0	0	0	14	0	14	3	0	0	0	0	0	4	0	3	0	1	0	0	0	0	0	3
1083.200	0	0	0	0	0	0	0	0	0	0	0	0	0	0	0	0	13	0	8	5	0	0	0	0	0	12	0	4	0	1	0	0	0	0	0	4
1083.400	0	0	0	0	0	0	0	0	0	0	0	0	0	0	0	0	18	0	6	4	0	0	0	0	0	5	0	8	0	0	0	0	0	0	1	5
1083.600	0	0	0	0	0	0	0	0	0	0	0	0	0	0	0	0	20	0	7	1	0	0	1	0	0	7	0	6	0	4	0	0	0	0	0	7
1083.800	0	0	0	0	0	0	0	0	0	0	0	0	0	0	0	0	14	0	11	3	0	0	2	0	0	8	0	9	0	4	0	0	0	0	1	3
1084.000	0	0	0	0	0	0	0	0	0	0	0	0	0	0	0	0	15	0	15	4	0	0	2	0	0	10	0	10	0	4	0	0	0	0	0	3
1084.200	0	0	0	0	0	0	0	0	0	0	0	0	0	0	0	0	11	0	4	1	0	0	2	0	0	10	0	10	0	0	0	0	0	0	0	3
1084.400	0	0	0	0	0	0	0	0	0	0	0	0	0	0	0	0	11	0	9	2	0	0	0	0	0	8	1	10	0	4	2	0	0	0	0	2
1084.600	0	0	0	0	0	0	0	0	0	0	0	0	0	0	0	0	16	0	12	3	0	0	0	0	0	15	0	8	0	0	1	0	0	0	1	5
1084.800	0	0	0	0	0	0	0	0	0	0	0	0	0	0	0	0	16	0	18	2	0	0	0	0	0	14	1	10	0	1	0	0	0	0	0	3
1085.000	0	0	0	0	0	0	0	0	0	0	0	0	0	0	0	0	13	0	14	2	0	0	2	0	0	10	0	8	0	1	1	0	0	0	1	3
1085.200	0	0	0	0	0	0	0	0	0	0	0	0	0	0	0	0	18	0	15	3	0	0	2	0	0	9	0	9	0	4	1	0	0	0	0	4
1085.400	0	0	0	0	0	0	0	0	0	0	0	0	0	0	0	0	15	0	13	3	0	0	0	0	0	11	0	8	0	7	2	0	0	0	0	3
1085.600	0	0	0	0	0	0	0	0	0	0	0	0	0	0	0	0	17	0	12	4	0	0	0	0	0	16	0	8	0	2	0	0	0	0	0	2
1085.800	0	0	0	0	0	0	0	0	0	0	0	0	0	0	0	0	16	0	10	2	0	0	0	0	0	19	0	3	0	1	0	0	0	0	0	3
1086.000	0	0	0	0	0	0	0	0	0	0	0	0	0	0	0	0	12	0	9	3	0	0	0	0	0	14	0	4	0	1	0	0	0	0	1	4
1086.200	0	0	0	0	0	0	0	0	0	0	0	0	0	0	0	0	15	0	12	2	0	0	0	0	0	19	0	10	0	2	0	0	0	0	0	2
1086.400	0	0	0	0	0	0	0	0	0	0	0	0	0	0	0	0	12	1	8	2	0	0	0	0	0	17	0	2	0	4	0	0	0	0	0	3
1086.600	0	0	0	0	0	0	0	0	0	0	0	0	0	0	0	0	14	0	11	3	0	0	0	0	0	13	0	8	0	1	0	0	0	0	0	5
1086.800	0	0	0	0	0	0	0	0	0	0	0	0	0	0	0	0	12	0	13	2	0	0	0	0	0	17	1	6	0	2	0	0	0	0	0	3
1087.000	0	0	0	0	0	0	0	0	0	0	0	0	0	0	0	0	15	0	17	3	0	0	0	0	0	16	0	8	0	1	0	0	0	0	0	5
1087.200	0	0	0	0	0	0	0	0	0	0	0	0	0	0	0	0	15	0	12	3	0	0	2	0	0	16	0	9	0	2	0	0	0	0	0	0
1087.400	0	0	0	0	0	0	0	0	0	0	0	0	0	0	0	0	23	0	14	3	0	0	2	0	0	14	0	7	0	5	0	0	0	0	0	2
1087.600	0	0	0	0	0	0	0	0	0	0	0	0	0	0	0	0	11	0	16	2	0	0	2	0	0	8	0	9	0	6	0	0	0	0	0	4
1087.800	0	0	0	0	0	0	0	0	0	0	0	0	0	0	0	0	15	0	13	0	0	0	2	0	0	14	1	6	0	5	0	0	0	0	0	3
1088.000	0	0	0	0	0	0	0	0	0	0	0	0	0	0	0	0	8	0	12	1	0	0	2	0	0	11	1	10	0	4	0	0	0	0	0	3
1088.200	0	0	0	0	0	0	0	0	0	0	0	0	0	0	0	0	18	0	10	1	0	0	2	0	0	18	1	5	0	6	3	0	0	0	0	4
1088.400	0	0	0	0	0	0	0	0	0	0	0	0	0	0	0	0	17	1	11	3	0	0	2	0	0	16	0	8	0	8	0	0	0	0	0	2
1088.600	0	0	0	0	0	0	0	0	0	0	0	0	0	0	0	0	20	0	15	2	0	0	2	0	0	16	0	7	0	5	0	0	0	0	1	4
1088.800	0	0	0	0	0	0	0	0	0	0	0	0	0	0	0	0	16	0	13	5	0	0	2	0	0	12	0	0	0	4	0	0	0	0	1	3
1089.000	0	0	0	0	0	0	0	0	0	0	0	0	0	0	0	0	20	0	10	3	0	0	2	0	0	13	0	9	0	5	0	0	0	0	0	3
1089.200	0	0	0	0	0	0	0	0	0	0	0	0	0	0	0	0	18	0	9	3	0	0	2	0	0	12	0	3	0	5	0	0	0	0	1	2
1089.400	0	0	0	0	0	0	0	0	0	0	0	0	0	0	0	0	21	0	13	3	0	0	2	0	0	15	1	7	0	4	0	0	0	0	1	6
1089.600	0	0	0	0	0	0	0	0	0	0	0	0	0	0	0	0	19	0	13	2	0	0	2	0	0	16	1	3	0	4	0	0	0	0	0	3
1089.800	0	0	0	0	0	0	0	0	0	0	0	0	0	0	0	0	16	0	13	3	0	0	2	0	0	21	0	11	0	1	0	0	0	0	0	5
1090.000	0	0	0	0	0	0	0	0	0	0	0	0	0	0	0	0	17	0	13	2	0	0	2	0	0	16	0	7	0	6	2	0	0	0	1	6
1090.200	0	0	0	0	0	0	0	0	0	0	0	0	0	0	0	0	19	0	14	3	0	0	2	0	0	16	2	11	0	4	0	0	0	0	1	4
1090.400	0	0	0	0	0	0	0	0	0	0	0	0	0	0	0	0	17	0	13	2	0	0	2	0	0	15	0	8	0	1	0	0	0	0	1	2
1090.600	0	0	0	0	0	0	0	0	0	0	0	0	0	0	0	0	20	0	15	3	0	0	0	0	0	17	0	7	0	1	1	0	0	0	1	5
1090.800	0	0	0	0	0	0	0	0	0	0	0	0	0	0	0	0	22	0	14	2	0	0	2	0	0	15	0	10	0	1	0	0	0	0	1	4
1091.000	0	0	0	0	0	0	0	0	0	0	0	0	0	0	0	0	16	0	14	2	0	0	1	0	0	9	0	8	0	4	0	0	0	0	1	3
1091.200	0	0	0	0	0	0	0	0	0	0	0	0	0	0	0	0	9	0	14	2	0	0	2	0	0	16	1	9	0	6	2	0	0	0	1	4
1091.400	0	0	0	0	0	0	0	0	0	0	0	0	0	0	0	0	18	0	14	3	0	0	2	0	0	19	0	11	0	4	0	0	0	0	0	4
1091.600	0	0	0	0	0	0	0	0	0	0	0	0	0	0	0	0	15	0	17	3	0	0	2	0	0	12	0	9	0	4	0	0	0	0	1	4
1091.800	0	0	0	0	0	0	0	0	0	0	0	0	0	0	0	0	18	0	13	3	0	0	2	0	0	16	0	5	0	5	1	0	0	0	1	4
1092.000	0	0	0	0	0	0	0	0	0	0	0	0	0	0	0	0	20	0	14	3	0	0	3	0	0	16	1	10	0	5	0	0	0	0	1	3
1092.200	0	0	0	0	0	0	0	0	0	0	0	0	0	0	0	0	14	0	8	2	0	0	2	0	0	11	0	11	0	5	2	0	0	0	1	3
1092.400	0	0	0	0	0	0	0	0	0	0	0	0	0	0	0	0	12	0	13	3	0	0	3	0	0	8	0	5	0	6	0	0	0	0	1	2
1092.600	0	0	0	0	0	0	0	0	0	0	0	0	0	0	0	0	14	0	11	2	0	0	2	0	0	10	0	5	0	2	1	0	0	0	0	3
1092.800	0	0	0	0	0	0	0	0	0	0	0	0	0	0	0	0	18	0	13	3	0	0	4	0	0	9	0	11	0	2	0	0	0	0	0	4
1093.000	0	0	0	0	0	0	0	0	0	0	0	0	0	0	0	0	10	0	13	2	0	0	2	0	0	2	0	7	0	4	0	0	0	0	1	4
1093.200	0	0	0	0	0	0	0	0	0	0	0	0	0	0	0	0	11	0	11	3	0	0	2	0	0	14	0	3	0	5	0	0	0	0	0	7
1093.400	0	0	0	0	0	0	0	0	0	0	0	0	0	0	0	0	14	0	12	2	0	0	2	0	0	8	0	6	0	4	0	0	0	0	1	5
1093.600	0	0	0	0	0	0	0	0	0	0	0	0	0	0	0	0	19	0	13	2	0	0	2	0	0	17	0	7	0	0	0	0	0	0	1	10
1093.800	0	0	0	0	0	0	0	0	0	0	0	0	0	0	0	0	15	0	17	2	0	0	2	0	0	12	0	4	0	5	0	0	0	0	0	4
1094.000	0	0	0	0	0	0	0	0	0	0	0	0	0	0	0	0	13	0	15	2	0	0	2	0	0	13	0	1	0	7	0	0	0	0	0	4
1094.200	0	0	0	0	0	0	0	0	0	0	0	0	0	0	0	0	19	0	15	2	0	0	3	0	0	6	0	0	0	2	0	0	0	0	0	5
1094.400	0	0	0	0	0	0	0	0	0	0	0	0	0	0	0	0	14	0	14	2	0	0	0	0	0	4	0	2	0	2	0	0	0	0	1	6
1094.600	0	0	0	0	0	0	0	0	0	0	0	0	0	0	0	0	13	0	10	3	0	0	0	0	0	15	0	4	0	2	0	0	0	0	0	4
1094.800	0	0	0	0	0	0	0	0	0	0	0	0	0	0	0	0	13	0	16	2	0	0	0	0	0	13	0	4	0	4	1	0	0	0	0	4
1095.000	0	0	0	0	0	0	0	0	0	0	0	0	0	0	0	0	20	0	12	3	0	0	1	0	0	7	0	5	0	1	0	0	0	0	0	3
1095.200	0	0	0	0	0	0	0	0	0	0	0	0	0	0	0	0	18	0	18	3	0	0	0	0	0	15	0	1	0	5	1	0	0	0	1	2
1095.400	0	0	0	0	0	0	0	0	0	0	0	0	0	0	0	0	16	0	18	2	0	0	3	0	0	8	0	5	0	2	0	0	0	0	1	5
1095.600	0	0	0	0	0	0	0	0	0	0	0	0	0	0	0	0	18	0	10	1	0	0	4	0	0	11	0	7	0	4	0	0	0	0	1	6
1095.800	0	0	0	0	0	0	0	0	0	0	0	0	0	0	0	0	23	0	13	3	0	0	4	0	0	10	0	1	0	4	0	0	0	0	2	4
1096.000	0	0	0	0	0	0	0	0	0	0	0	0	0	0	0	0	14	0	14	3	0	0	2	0	0	9	0	2	0	2	0	0	0	0	2	7
1096.200	0	0	0	0	0	0	0	0	0	0	0	0	0	0	0	0	16	0	13	3	0	0	2	0	0	4	0	1	0	4	0	0	0	0	1	5
1096.400	0	0	0	0	0	0	0	0	0	0	0	0	0	0	0	0	16	0	12	2	0	0	0	0	0	9	0	4	0	1	0	0	0	0	1	3
1096.600	0	0	0	0	0	0	0	0	0	0	0	0	0	0	0	0	20	0	16	2	0	0	1	0	0	17	0	6	0	2	0	0	0	0	1	6
1096.800	0	0	0	0	0	0	0	0	0	0	0	0	0	0	0	0	14	0	20	2	0	0	1	0	0	12	0	3	0	4	0	0	0	0	2	2
1097.000	0	0	0	0	0	0	0	0	0	0	0	0	0	0	0	0	15	0	14	1	0	0	0	0	0	9	0	3	0	1	0	0	0	0	1	4
1097.200	0	0	0	0	0	0	0	0	0	0	0	0	0	0	0	0	14	0	11	3	0	0	0	0	0	8	0	2	0	2	0	0	0	0	1	4
1097.400	0	0	0	0	0	0	0	0	0	0	0	0	0	0	0	0	14	0	9	3	0	0	0	0	0	14	0	6	0	4	0	0	0	0	0	4
1097.600	0	0	0	0	0	0	0	0	0	0	0	0	0	0	0	0	15	0	13	3	0	0	2	0	0	12	0	5	0	2	0	0	0	0	0	6
1097.800	0	0	0	0	0	0	0	0	0	0	0	0	0	0	0	0	14	0	12	3	0	0	0	0	0	6	0	9	0	3	0	0	0	0	1	6
1098.000	0	0	0	0	0	0	0	0	0	0	0	0	0	0	0	0	12	0	9	2	0	0	0	0	0	10	0	7	0	2	0	0	0	0	1	4
1098.200	0	0	0	0	0	0	0	0	0	0	0	0	0	0	0	0	18	0	16	2	0	0	1	0	0	10	0	9	0	5	2	0	0	0	0	2
1098.400	0	0	0	0	0	0	0	0	0	0	0	0	0	0	0	0	20	1	8	2	0	0	1	0	0	8	0	0	0	4	0	0	0	0	0	3
1098.600	0	0	0	0	0	0	0	0	0	0	0	0	0	0	0	0	18	0	16	3	0	0	2	0	0	7	0	3	0	3	0	0	0	0	1	2
1098.800	0	0	0	0	0	0	0	0	0	0	0	0	0	0	0	0	14	0	20	3	0	0	2	0	0	9	0	4	0	5	0	0	0	0	0	2
1099.000	0	0	0	0	0	0	0	0	0	0	0	0	0	0	0	0	20	0	15	3	0	0	2	0	0	7	0	6	0	5	0	0	0	0	1	6
1099.200	0	0	0	0	0	0	0	0	0	0	0	0	0	0	0	0	18	0	15	2	0	0	2	0	0	5	0	0	0	2	0	0	0	0	1	5
1099.400	0	0	0	0	0	0	0	0	0	0	0	0	0	0	0	0	22	0	10	2	0	0	2	0	0	12	0	5	0	5	1	0	0	0	1	5
1099.600	0	0	0	0	0	0	0	0	0	0	0	0	0	0	0	0	14	0	19	3	0	0	2	0	0	7	0	6	0	1	0	0	0	0	1	2
1099.800	0	0	0	0	0	0	0	0	0	0	0	0	0	0	0	0	16	0	14	1	0	0	2	0	0	9	0	6	0	4	0	0	0	0	0	2
1100.000	0	0	0	0	0	0	0	0	0	0	0	0	0	0	0	0	17	0	15	3	0	0	3	0	0	12	0	4	0	8	1	0	0	0	1	2
1100.200	0	0	0	0	0	0	0	0	0	0	0	0	0	0	0	0	15	1	13	2	0	0	2	0	0	10	0	1	0	2	1	0	0	0	0	2
1100.400	0	0	0	0	0	0	0	0	0	0	0	0	0	0	0	0	14	1	8	2	0	0	2	0	0	8	0	2	0	1	2	0	0	0	1	2
1100.600	0	0	0	0	0	0	0	0	0	0	0	0	0	0	0	0	17	0	17	2	0	0	1	0	0	7	0	3	0	7	0	0	0	0	1	4
1100.800	0	0	0	0	0	0	0	0	0	0	0	0	0	0	0	0	19	0	9	3	0	0	1	0	0	7	0	3	0	6	2	0	0	0	0	2
1101.000	0	0	0	0	0	0	0	0	0	0	0	0	0	0	0	0	18	0	15	3	0	0	2	0	0	6	0	1	0	6	2	0	0	0	1	2
1101.200	0	0	0	0	0	0	0	0	0	0	0	0	0	0	0	0	18	0	14	3	0	0	2	0	0	16	0	4	0	5	2	0	0	0	1	4
1101.400	0	0	0	0	0	0	0	0	0	0	0	0	0	0	0	0	15	0	14	2	0	0	2	0	0	12	0	5	0	6	1	0	0	0	1	6
1101.600	0	0	0	0	0	0	0	0	0	0	0	0	0	0	0	0	18	0	14	2	0	0	2	0	0	13	0	1	0	1	0	0	0	0	1	0
1101.800	0	0	0	0	0	0	0	0	0	0	0	0	0	0	0	0	14	0	12	2	0	0	2	0	0	13	0	2	0	0	0	0	0	0	1	2
1102.000	0	0	0	0	0	0	0	0	0	0	0	0	0	0	0	0	18	1	9	3	0	0	1	0	0	10	0	1	0	1	0	0	0	0	1	4
1102.200	0	0	0	0	0	0	0	0	0	0	0	0	0	0	0	0	21	1	15	2	0	0	0	0	0	16	0	0	0	0	0	0	0	0	1	4
1102.400	0	0	0	0	0	0	0	0	0	0	0	0	0	0	0	0	19	1	16	1	0	0	3	0	0	14	0	0	0	1	0	0	0	0	1	2
1102.600	0	0	0	0	0	0	0	0	0	0	0	0	0	0	0	0	20	0	20	1	0	0	2	0	0	18	0	0	0	0	0	0	0	0	1	4
1102.800	0	0	0	0	0	0	0	0	0	0	0	0	0	0	0	0	19	0	16	3	0	0	1	0	0	16	0	7	0	5	0	0	0	0	1	3
1103.000	0	0	0	0	0	0	0	0	0	0	0	0	0	0	0	0	20	0	15	3	0	0	1	0	0	3	0	2	0	6	3	0	0	0	1	2
1103.200	0	0	0	0	0	0	0	0	0	0	0	0	0	0	0	0	13	0	12	3	0	0	0	0	0	14	0	3	0	1	0	0	0	0	0	0
1103.400	0	0	0	0	0	0	0	0	0	0	0	0	0	0	0	0	17	0	11	2	0	0	0	0	0	13	0	0	0	2	0	0	0	0	1	3
1103.600	0	0	0	0	0	0	0	0	0	0	0	0	0	0	0	0	19	0	13	2	0	0	0	0	0	19	0	4	0	1	0	0	0	0	0	1
1103.800	0	0	0	0	0	0	0	0	0	0	0	0	0	0	0	0	17	0	10	1	0	0	2	0	0	17	0	1	0	1	0	0	0	0	1	2
1104.000	0	0	0	0	0	0	0	0	0	0	0	0	0	0	0	0	22	0	16	2	0	0	2	0	0	12	0	4	0	5	0	0	0	0	0	2
1104.200	0	0	0	0	0	0	0	0	0	0	0	0	0	0	0	0	15	0	14	2	0	0	2	0	0	13	0	4	0	5	0	0	0	0	0	2
1104.400	0	0	0	0	0	0	0	0	0	0	0	0	0	0	0	0	21	0	6	1	0	0	2	0	0	18	0	5	0	3	0	0	0	0	0	2
1104.600	0	0	0	0	0	0	0	0	0	0	0	0	0	0	0	0	16	0	10	1	0	0	2	0	0	15	0	3	0	1	0	0	0	0	0	5
1104.800	0	0	0	0	0	0	0	0	0	0	0	0	0	0	0	0	20	0	14	3	0	0	2	0	0	12	0	0	0	1	0	0	0	0	0	4
1105.000	0	0	0	0	0	0	0	0	0	0	0	0	0	0	0	0	15	0	9	2	0	0	2	0	0	19	0	6	0	4	0	0	0	0	1	4
1105.200	0	0	0	0	0	0	0	0	0	0	0	0	0	0	0	0	16	0	12	4	0	0	2	0	0	15	0	2	0	3	0	0	0	0	0	3
1105.400	0	0	0	0	0	0	0	0	0	0	0	0	0	0	0	0	19	0	16	3	0	0	2	0	0	17	0	1	0	2	0	0	0	0	1	5
1105.600	0	0	0	0	0	0	0	0	0	0	0	0	0	0	0	0	19	0	9	2	0	0	0	0	0	9	0	0	0	1	0	0	0	0	1	4
1105.800	0	0	0	0	0	0	0	0	0	0	0	0	0	0	0	0	22	0	4	5	0	0	0	0	0	10	0	0	0	4	0	0	0	0	0	5
1106.000	0	0	0	0	0	0	0	0	0	0	0	0	0	0	0	0	22	0	5	2	0	0	0	0	0	14	0	1	0	2	0	0	0	0	1	6
1106.200	0	0	0	0	0	0	0	0	0	0	0	0	0	0	0	0	20	0	6	3	0	0	0	0	0	15	0	5	0	2	0	0	0	0	0	7
1106.400	0	0	0	0	0	0	0	0	0	0	0	0	0	0	0	0	21	0	10	1	0	0	0	0	0	16	0	3	0	4	0	0	0	0	1	7
1106.600	0	0	0	0	0	0	0	0	0	0	0	0	0	0	0	0	19	0	16	1	0	0	2	0	0	11	0	3	0	6	2	0	0	0	0	6
1106.800	0	0	0	0	0	0	0	0	0	0	0	0	0	0	0	0	23	0	11	1	0	0	1	0	0	11	0	7	0	7	3	0	0	0	1	8
1107.000	0	0	0	0	0	0	0	0	0	0	0	0	0	0	0	0	15	0	16	2	0	0	2	0	0	15	0	4	0	2	0	0	0	0	1	3
1107.200	0	0	0	0	0	0	0	0	0	0	0	0	0	0	0	0	16	0	11	1	0	0	1	0	0	14	0	2	0	5	1	0	0	0	0	4
1107.400	0	0	0	0	0	0	0	0	0	0	0	0	0	0	0	0	17	0	13	3	0	0	2	0	0	9	0	1	0	5	0	0	0	0	1	8
1107.600	0	0	0	0	0	0	0	0	0	0	0	0	0	0	0	0	17	1	12	2	0	0	2	0	0	17	0	0	0	4	0	0	0	0	0	2
1107.800	0	0	0	0	0	0	0	0	0	0	0	0	0	0	0	0	16	0	8	2	0	0	2	0	0	13	0	2	0	2	1	0	0	0	0	1
1108.000	0	0	0	0	0	0	0	0	0	0	0	0	0	0	0	0	21	0	11	3	0	0	2	0	0	15	0	5	0	2	0	0	0	0	1	5
1108.200	0	0	0	0	0	0	0	0	0	0	0	0	0	0	0	0	21	0	14	2	0	0	2	0	0	8	0	6	0	7	0	0	0	0	0	2
1108.400	0	0	0	0	0	0	0	0	0	0	0	0	0	0	0	0	12	0	11	2	0	0	2	0	0	9	0	1	0	3	0	0	0	0	0	4
1108.600	0	0	0	0	0	0	0	0	0	0	0	0	0	0	0	0	13	0	18	2	0	0	2	0	0	8	0	0	0	1	0	0	0	0	0	4
1108.800	0	0	0	0	0	0	0	0	0	0	0	0	0	0	0	0	16	1	13	4	0	0	2	0	0	13	0	3	0	5	0	0	0	0	0	2
1109.000	0	0	0	0	0	0	0	0	0	0	0	0	0	0	0	0	22	0	8	4	0	0	2	0	0	13	0	2	0	4	0	0	0	0	0	4
1109.200	0	0	0	0	0	0	0	0	0	0	0	0	0	0	0	0	19	0	16	3	0	0	2	0	0	11	0	1	0	0	0	0	0	0	0	4
1109.400	0	0	0	0	0	0	0	0	0	0	0	0	0	0	0	0	20	0	13	3	0	0	2	0	0	10	0	0	0	3	0	0	0	0	0	3
1109.600	0	0	0	0	0	0	0	0	0	0	0	0	0	0	0	0	17	0	13	4	0	0	1	0	0	8	0	1	0	1	0	0	0	0	1	3
1109.800	0	0	0	0	0	0	0	0	0	0	0	0	0	0	0	0	19	0	14	3	0	0	2	0	0	14	0	4	0	5	0	0	0	0	0	2
1110.000	0	0	0	0	0	0	0	0	0	0	0	0	0	0	0	0	20	0	11	3	0	0	2	0	0	13	0	1	0	4	0	0	0	0	0	3
1110.200	0	0	0	0	0	0	0	0	0	0	0	0	0	0	0	0	20	0	17	2	0	0	2	0	0	9	0	0	0	2	0	0	0	0	1	3
1110.400	0	0	0	0	0	0	0	0	0	0	0	0	0	0	0	0	21	0	16	3	0	0	1	0	0	12	0	0	0	1	0	0	0	0	0	7
1110.600	0	0	0	0	0	0	0	0	0	0	0	0	0	0	0	0	18	0	9	1	0	0	2	0	0	15	0	1	0	4	0	0	0	0	1	3
1110.800	0	0	0	0	0	0	0	0	0	0	0	0	0	0	0	0	23	0	9	2	0	0	2	0	0	11	0	0	0	0	0	0	0	0	0	2
1111.000	0	0	0	0	0	0	0	0	0	0	0	0	0	0	0	0	16	0	11	2	0	0	2	0	0	21	0	5	0	4	0	0	0	0	0	5
1111.200	0	0	0	0	0	0	0	0	0	0	0	0	0	0	0	0	16	0	10	3	0	0	2	0	0	18	0	3	0	2	0	0	0	0	0	2
1111.400	0	0	0	0	0	0	0	0	0	0	0	0	0	0	0	0	14	0	11	1	0	0	2	0	0	19	0	3	0	1	0	0	0	0	0	7
1111.600	0	0	0	0	0	0	0	0	0	0	0	0	0	0	0	0	13	0	13	2	0	0	2	0	0	12	0	3	0	1	0	0	0	0	0	7
1111.800	0	0	0	0	0	0	0	0	0	0	0	0	0	0	0	0	12	0	14	2	0	0	2	0	0	11	0	8	0	4	3	0	0	0	0	6
1112.000	0	0	0	0	0	0	0	0	0	0	0	0	0	0	0	0	18	0	14	4	0	0	2	0	0	14	0	4	0	9	2	0	0	0	1	7
1112.200	0	0	0	0	0	0	0	0	0	0	0	0	0	0	0	0	19	0	18	3	0	0	2	0	0	17	0	3	0	3	0	0	0	0	1	10
1112.400	0	0	0	0	0	0	0	0	0	0	0	0	0	0	0	0	16	0	11	2	0	0	2	0	0	17	0	3	0	2	0	0	0	0	0	10
1112.600	0	0	0	0	0	0	0	0	0	0	0	0	0	0	0	0	17	0	15	2	0	0	2	0	0	8	0	1	0	6	0	0	0	0	0	2
1112.800	0	0	0	0	0	0	0	0	0	0	0	0	0	0	0	0	23	0	14	3	0	0	2	0	0	17	0	4	0	4	0	0	0	0	1	3
1113.000	0	0	0	0	0	0	0	0	0	0	0	0	0	0	0	0	21	0	12	3	0	0	2	0	0	16	0	2	0	4	0	0	0	0	0	4
1113.200	0	0	0	0	0	0	0	0	0	0	0	0	0	0	0	0	16	0	10	2	0	0	2	0	0	15	0	0	0	4	0	0	0	0	1	4
1113.400	0	0	0	0	0	0	0	0	0	0	0	0	0	0	0	0	19	0	14	2	0	0	2	0	0	17	0	1	0	5	0	0	0	0	0	2
1113.600	0	0	0	0	0	0	0	0	0	0	0	0	0	0	0	0	16	0	14	2	0	0	2	0	0	18	0	1	0	6	0	0	0	0	0	2
1113.800	0	0	0	0	0	0	0	0	0	0	0	0	0	0	0	0	21	0	14	3	0	0	2	0	0	17	0	1	0	2	0	0	0	0	1	2
1114.000	0	0	0	0	0	0	0	0	0	0	0	0	0	0	0	0	22	0	15	2	0	0	2	0	0	17	0	0	0	2	0	0	0	0	0	5
1114.200	0	0	0	0	0	0	0	0	0	0	0	0	0	0	0	0	19	0	10	3	0	0	1	0	0	12	0	0	0	1	0	0	0	0	1	3
1114.400	0	0	0	0	0	0	0	0	0	0	0	0	0	0	0	0	18	0	12	3	0	0	1	0	0	16	0	0	0	8	0	0	0	0	1	5
1114.600	0	0	0	0	0	0	0	0	0	0	0	0	0	0	0	0	19	0	12	2	0	0	1	0	0	11	0	0	0	7	0	0	0	0	0	6
1114.800	0	0	0	0	0	0	0	0	0	0	0	0	0	0	0	0	14	0	11	3	0	0	2	0	0	10	0	0	0	3	0	0	0	0	0	3
1115.000	0	0	0	0	0	0	0	0	0	0	0	0	0	0	0	0	16	0	13	2	0	0	2	0	0	9	0	0	0	2	0	0	0	0	1	6
1115.200	0	0	0	0	0	0	0	0	0	0	0	0	0	0	0	0	17	0	9	3	0	0	2	0	0	10	0	0	0	1	0	0	0	0	3	11
1115.400	0	0	0	0	0	0	0	0	0	0	0	0	0	0	0	0	13	0	13	1	0	0	2	0	0	9	0	0	0	4	0	0	0	0	1	5
1115.600	0	0	0	0	0	0	0	0	0	0	0	0	0	0	0	0	21	0	8	1	0	0	2	0	0	10	0	0	0	5	0	0	0	0	0	3
1115.800	0	0	0	0	0	0	0	0	0	0	0	0	0	0	0	0	19	0	11	1	0	0	2	0	0	11	0	0	0	1	0	0	0	0	1	4
1116.000	0	0	0	0	0	0	0	0	0	0	0	0	0	0	0	0	17	0	14	3	0	0	2	0	0	16	0	0	0	4	0	0	0	0	1	4
1116.200	0	0	0	0	0	0	0	0	0	0	0	0	0	0	0	0	19	0	9	3	0	0	2	0	0	12	0	2	0	4	0	0	0	0	0	7
1116.400	0	0	0	0	0	0	0	0	0	0	0	0	0	0	0	0	20	0	12	3	0	0	2	0	0	14	0	0	0	1	0	0	0	0	0	10
1116.600	0	0	0	0	0	0	0	0	0	0	0	0	0	0	0	0	15	0	5	2	0	0	2	0	0	15	0	0	0	1	0	0	0	0	0	5
1116.800	0	0	0	0	0	0	0	0	0	0	0	0	0	0	0	0	17	0	11	2	0	0	2	0	0	13	0	0	0	1	0	0	0	0	1	7
1117.000	0	0	0	0	0	0	0	0	0	0	0	0	0	0	0	0	22	0	12	3	0	0	2	0	0	9	0	0	0	1	0	0	0	0	1	2
1117.200	0	0	0	0	0	0	0	0	0	0	0	0	0	0	0	0	18	0	11	3	0	0	2	0	0	11	0	0	0	1	0	0	0	0	1	6
1117.400	0	0	0	0	0	0	0	0	0	0	0	0	0	0	0	0	20	0	11	3	0	0	2	0	0	16	0	0	0	9	0	0	0	0	0	5
1117.600	0	0	0	0	0	0	0	0	0	0	0	0	0	0	0	0	16	0	15	3	0	0	2	0	0	18	0	0	0	5	0	0	0	0	1	4
1117.800	0	0	0	0	0	0	0	0	0	0	0	0	0	0	0	0	17	0	14	3	0	0	2	0	0	12	0	0	0	2	0	0	0	0	0	3
1118.000	0	0	0	0	0	0	0	0	0	0	0	0	0	0	0	0	20	0	7	3	0	0	2	0	0	17	0	0	0	2	0	0	0	0	1	3
1118.200	0	0	0	0	0	0	0	0	0	0	0	0	0	0	0	0	16	0	13	2	0	0	2	0	0	18	0	0	0	4	0	0	0	0	1	4
1118.400	0	0	0	0	0	0	0	0	0	0	0	0	0	0	0	0	20	0	11	1	0	0	3	0	0	13	0	0	0	1	0	0	0	0	0	2
1118.600	0	0	0	0	0	0	0	0	0	0	0	0	0	0	0	0	18	0	16	3	0	0	2	0	0	16	0	1	0	5	0	0	0	0	0	3
1118.800	0	0	0	0	0	0	0	0	0	0	0	0	0	0	0	0	21	0	12	3	0	0	2	0	0	15	0	1	0	3	0	0	0	0	0	2
1119.000	0	0	0	0	0	0	0	0	0	0	0	0	0	0	0	0	23	0	13	3	0	0	0	0	0	10	0	0	0	4	0	0	0	0	1	4
1119.200	0	0	0	0	0	0	0	0	0	0	0	0	0	0	0	0	17	0	5	3	0	0	0	0	0	16	0	0	0	2	0	0	0	0	1	4
1119.400	0	0	0	0	0	0	0	0	0	0	0	0	0	0	0	0	17	0	17	3	0	0	0	0	0	12	0	0	0	5	0	0	0	0	0	4
1119.600	0	0	0	0	0	0	0	0	0	0	0	0	0	0	0	0	18	0	15	2	0	0	2	0	0	15	0	0	0	2	0	0	0	0	0	3
1119.800	0	0	0	0	0	0	0	0	0	0	0	0	0	0	0	0	20	0	12	2	0	0	2	0	0	17	0	0	0	5	0	0	0	0	0	2
1120.000	0	0	0	0	0	0	0	0	0	0	0	0	0	0	0	0	17	0	13	2	0	0	0	0	0	11	0	4	0	5	0	0	0	0	1	2
1120.200	0	0	0	0	0	0	0	0	0	0	0	0	0	0	0	0	19	0	14	1	0	0	0	0	0	7	0	0	0	1	0	0	0	0	0	5
1120.400	0	0	0	0	0	0	0	0	0	0	0	0	0	0	0	0	18	0	12	2	0	0	1	0	0	8	0	0	0	1	0	0	0	0	0	4
1120.600	0	0	0	0	0	0	0	0	0	0	0	0	0	0	0	0	19	0	15	2	0	0	1	0	0	11	0	0	0	5	0	0	0	0	1	4
1120.800	0	0	0	0	0	0	0	0	0	0	0	0	0	0	0	0	19	0	16	2	0	0	1	0	0	13	0	0	0	4	0	0	0	0	0	3
1121.000	0	0	0	0	0	0	0	0	0	0	0	0	0	0	0	0	16	0	15	1	0	0	0	0	0	11	0	0	0	6	0	0	0	0	0	3
1121.200	0	0	0	0	0	0	0	0	0	0	0	0	0	0	0	0	17	0	12	2	0	0	0	0	0	17	0	0	0	2	0	0	0	0	0	5
1121.400	0	0	0	0	0	0	0	0	0	0	0	0	0	0	0	0	13	0	10	2	0	0	0	0	0	10	0	0	0	2	0	0	0	0	0	6
1121.600	0	0	0	0	0	0	0	0	0	0	0	0	0	0	0	0	17	0	12	3	0	0	0	0	0	15	0	0	0	2	0	0	0	0	0	6
1121.800	0	0	0	0	0	0	0	0	0	0	0	0	0	0	0	0	20	0	10	2	0	0	0	0	0	9	0	0	0	1	0	0	0	0	1	8
1122.000	0	0	0	0	0	0	0	0	0	0	0	0	0	0	0	0	20	0	14	1	0	0	0	0	0	10	0	0	0	3	0	0	0	0	0	9
1122.200	0	0	0	0	0	0	0	0	0	0	0	0	0	0	0	0	17	0	10	1	0	0	0	0	0	10	0	0	0	2	0	0	0	0	0	3
1122.400	0	0	0	0	0	0	0	0	0	0	0	0	0	0	0	0	22	0	15	4	0	0	0	0	0	16	0	0	0	5	0	0	0	0	1	3
1122.600	0	0	0	0	0	0	0	0	0	0	0	0	0	0	0	0	18	0	11	1	0	0	1	0	0	18	0	0	0	4	0	0	0	0	0	3
1122.800	0	0	0	0	0	0	0	0	0	0	0	0	0	0	0	0	15	0	11	3	0	0	0	0	0	10	0	0	0	4	0	0	0	0	0	2
1123.000	0	0	0	0	0	0	0	0	0	0	0	0	0	0	0	0	15	0	13	2	0	0	1	0	0	10	0	0	0	4	0	0	0	0	0	2
1123.200	0	0	0	0	0	0	0	0	0	0	0	0	0	0	0	0	18	0	13	2	0	0	0	0	0	14	0	0	0	3	0	0	0	0	0	3
1123.400	0	0	0	0	0	0	0	0	0	0	0	0	0	0	0	0	15	0	17	1	0	0	1	0	0	10	0	0	0	4	0	0	0	0	1	6
1123.600	0	0	0	0	0	0	0	0	0	0	0	0	0	0	0	0	15	0	12	0	0	0	0	0	0	5	0	0	0	5	0	0	0	0	0	4
1123.800	0	0	0	0	0	0	0	0	0	0	0	0	0	0	0	0	12	0	9	2	0	0	1	0	0	12	0	0	0	2	0	0	0	0	0	4
1124.000	0	0	0	0	0	0	0	0	0	0	0	0	0	0	0	0	20	0	13	2	0	0	0	0	0	11	0	0	0	2	0	0	0	0	0	2
1124.200	0	0	0	0	0	0	0	0	0	0	0	0	0	0	0	0	17	0	15	2	0	0	0	0	0	10	0	1	0	7	0	0	0	0	0	2
1124.400	0	0	0	0	0	0	0	0	0	0	0	0	0	0	0	0	19	0	17	3	0	0	2	0	0	18	0	0	0	6	0	0	0	0	0	2
1124.600	0	0	0	0	0	0	0	0	0	0	0	0	0	0	0	0	17	0	13	2	0	0	2	0	0	11	0	0	0	2	0	0	0	0	0	4
1124.800	0	0	0	0	0	0	0	0	0	0	0	0	0	0	0	0	17	0	13	3	0	0	3	0	0	14	0	0	0	6	0	0	0	0	0	4
1125.000	0	0	0	0	0	0	0	0	0	0	0	0	0	0	0	0	9	0	11	3	0	0	2	0	0	10	0	0	0	2	0	0	0	0	1	3
1125.200	0	0	0	0	0	0	0	0	0	0	0	0	0	0	0	0	18	0	13	3	0	0	2	0	0	8	0	0	0	3	0	0	0	0	0	2
1125.400	0	0	0	0	0	0	0	0	0	0	0	0	0	0	0	0	12	0	14	2	0	0	3	0	0	9	0	0	0	3	0	0	0	0	0	4
1125.600	0	0	0	0	0	0	0	0	0	0	0	0	0	0	0	0	17	0	17	3	0	0	2	0	0	14	0	2	0	1	0	0	0	0	0	0
1125.800	0	0	0	0	0	0	0	0	0	0	0	0	0	0	0	0	15	0	11	3	0	0	2	0	0	9	0	0	0	4	0	0	0	0	0	4
1126.000	0	0	0	0	0	0	0	0	0	0	0	0	0	0	0	0	13	0	13	3	0	0	2	0	0	9	0	0	0	1	0	0	0	0	1	2
1126.200	0	0	0	0	0	0	0	0	0	0	0	0	0	0	0	0	21	0	14	2	0	0	2	0	0	15	0	0	0	5	0	0	0	0	1	2
1126.400	0	0	0	0	0	0	0	0	0	0	0	0	0	0	0	0	14	0	16	2	0	0	2	0	0	7	0	0	0	1	0	0	0	0	0	3
1126.600	0	0	0	0	0	0	0	0	0	0	0	0	0	0	0	0	17	0	18	2	0	0	2	0	0	11	0	0	0	3	0	0	0	0	0	8
1126.800	0	0	0	0	0	0	0	0	0	0	0	0	0	0	0	0	19	0	15	2	0	0	2	0	0	18	0	0	0	2	0	0	0	0	1	5
1127.000	0	0	0	0	0	0	0	0	0	0	0	0	0	0	0	0	21	0	14	1	0	0	0	0	0	6	0	0	0	5	0	0	0	0	0	6
1127.200	0	0	0	0	0	0	0	0	0	0	0	0	0	0	0	0	14	0	13	1	0	0	2	0	0	9	0	0	0	1	0	0	0	0	1	4
1127.400	0	0	0	0	0	0	0	0	0	0	0	0	0	0	0	0	19	0	12	3	0	0	2	0	0	12	0	1	0	1	0	0	0	0	1	4
1127.600	0	0	0	0	0	0	0	0	0	0	0	0	0	0	0	0	17	0	11	2	0	0	2	0	0	11	0	0	0	4	0	0	0	0	1	3
1127.800	0	0	0	0	0	0	0	0	0	0	0	0	0	0	0	0	18	0	12	2	0	0	2	0	0	16	0	0	0	1	0	0	0	0	1	3
1128.000	0	0	0	0	0	0	0	0	0	0	0	0	0	0	0	0	18	0	13	1	0	0	2	0	0	14	0	1	0	5	0	0	0	0	0	9
1128.200	0	0	0	0	0	0	0	0	0	0	0	0	0	0	0	0	21	0	9	3	0	0	2	0	0	9	0	1	0	10	0	0	0	0	1	4
1128.400	0	0	0	0	0	0	0	0	0	0	0	0	0	0	0	0	14	0	15	2	0	0	2	0	0	11	0	0	0	5	0	0	0	0	0	5
1128.600	0	0	0	0	0	0	0	0	0	0	0	0	0	0	0	0	17	0	8	1	0	0	2	0	0	14	0	0	0	2	0	0	0	0	1	5
1128.800	0	0	0	0	0	0	0	0	0	0	0	0	0	0	0	0	20	0	6	2	0	0	2	0	0	15	0	0	0	3	0	0	0	0	1	7
1129.000	0	0	0	0	0	0	0	0	0	0	0	0	0	0	0	0	19	0	12	2	0	0	2	0	0	11	0	0	0	2	0	0	0	0	0	18
1129.200	0	0	0	0	0	0	0	0	0	0	0	0	0	0	0	0	12	0	7	2	0	0	2	0	0	10	0	1	0	2	0	0	0	0	1	15
1129.400	0	0	0	0	0	0	0	0	0	0	0	0	0	0	0	0	18	0	9	2	0	0	2	0	0	11	0	1	0	5	0	0	0	0	0	12
1129.600	0	0	0	0	0	0	0	0	0	0	0	0	0	0	0	0	21	0	8	2	0	0	2	0	0	13	0	0	0	2	0	0	0	0	0	14
1129.800	0	0	0	0	0	0	0	0	0	0	0	0	0	0	0	0	20	0	7	3	0	0	2	0	0	14	0	0	0	3	0	0	0	0	1	13
1130.000	0	0	0	0	0	0	0	0	0	0	0	0	0	0	0	0	17	0	16	2	0	0	0	0	0	11	0	1	0	5	0	0	0	0	1	14
1130.200	0	0	0	0	0	0	0	0	0	0	0	0	0	0	0	0	16	0	9	3	0	0	2	0	0	13	0	0	0	2	0	0	0	0	1	22
1130.400	0	0	0	0	0	0	0	0	0	0	0	0	0	0	0	0	16	0	15	3	0	0	1	0	0	12	0	0	0	3	0	0	0	0	0	18
1130.600	0	0	0	0	0	0	0	0	0	0	0	0	0	0	0	0	16	0	11	2	0	0	3	0	0	13	0	0	0	3	0	0	0	0	0	14
1130.800	0	0	0	0	0	0	0	0	0	0	0	0	0	0	0	0	17	0	15	2	0	0	1	0	0	10	0	1	0	1	0	0	0	0	0	9
1131.000	0	0	0	0	0	0	0	0	0	0	0	0	0	0	0	0	16	0	13	3	0	0	2	0	0	15	0	0	0	1	0	0	0	0	0	9
1131.200	0	0	0	0	0	0	0	0	0	0	0	0	0	0	0	0	18	0	13	1	0	0	2	0	0	9	0	0	0	1	0	0	0	0	0	15
1131.400	0	0	0	0	0	0	0	0	0	0	0	0	0	0	0	0	16	0	15	2	0	0	2	0	0	13	0	0	0	2	0	0	0	0	1	12
1131.600	0	0	0	0	0	0	0	0	0	0	0	0	0	0	0	0	17	0	9	3	0	0	2	0	0	9	0	0	0	4	0	0	0	0	1	9
1131.800	0	0	0	0	0	0	0	0	0	0	0	0	0	0	0	0	17	1	9	2	0	0	2	0	0	13	0	0	0	3	0	0	0	0	0	17
1132.000	0	0	0	0	0	0	0	0	0	0	0	0	0	0	0	0	18	0	12	2	0	0	2	0	0	7	0	1	0	2	0	0	0	0	0	15
1132.200	0	0	0	0	0	0	0	0	0	0	0	0	0	0	0	0	20	0	12	2	0	0	2	0	0	11	0	1	0	1	0	0	0	0	0	15
1132.400	0	0	0	0	0	0	0	0	0	0	0	0	0	0	0	0	13	0	13	2	0	0	3	0	0	6	0	2	0	5	0	0	0	0	0	17
1132.600	0	0	0	0	0	0	0	0	0	0	0	0	0	0	0	0	14	0	18	3	0	0	2	0	0	9	0	0	0	2	0	0	0	0	0	11
1132.800	0	0	0	0	0	0	0	0	0	0	0	0	0	0	0	0	10	0	13	2	0	0	2	0	0	14	0	1	0	2	0	0	0	0	0	11
1133.000	0	0	0	0	0	0	0	0	0	0	0	0	0	0	0	0	14	0	12	3	0	0	0	0	0	15	0	0	0	1	0	0	0	0	0	11
1133.200	0	0	0	0	0	0	0	0	0	0	0	0	0	0	0	0	16	0	12	1	0	0	0	0	0	10	0	0	0	1	0	0	0	0	0	11
1133.400	0	0	0	0	0	0	0	0	0	0	0	0	0	0	0	0	19	0	12	1	0	0	0	0	0	7	0	2	0	4	0	0	0	0	0	10
1133.600	0	0	0	0	0	0	0	0	0	0	0	0	0	0	0	0	20	0	18	2	0	0	0	0	0	16	0	1	0	1	0	0	0	0	0	10
1133.800	0	0	0	0	0	0	0	0	0	0	0	0	0	0	0	0	16	0	16	3	0	0	0	0	0	14	0	0	0	5	0	0	0	0	0	13
1134.000	0	0	0	0	0	0	0	0	0	0	0	0	0	0	0	0	21	0	12	2	0	0	0	0	0	14	0	4	0	4	0	0	0	0	0	6
1134.200	0	0	0	0	0	0	0	0	0	0	0	0	0	0	0	0	15	0	15	3	0	0	1	0	0	5	0	2	0	4	0	0	0	0	0	10
1134.400	0	0	0	0	0	0	0	0	0	0	0	0	0	0	0	0	13	0	9	1	0	0	1	0	0	10	0	0	0	5	0	0	0	0	0	6
1134.600	0	0	0	0	0	0	0	0	0	0	0	0	0	0	0	0	16	0	15	2	0	0	2	0	0	14	0	0	0	2	0	0	0	0	0	10
1134.800	0	0	0	0	0	0	0	0	0	0	0	0	0	0	0	0	19	0	15	2	0	0	2	0	0	11	0	0	0	1	0	0	0	0	0	11
1135.000	0	0	0	0	0	0	0	0	0	0	0	0	0	0	0	0	15	0	18	1	0	0	2	0	0	12	0	0	0	4	0	0	0	0	0	10
1135.200	0	0	0	0	0	0	0	0	0	0	0	0	0	0	0	0	20	0	13	2	0	0	2	0	0	10	0	1	0	5	0	0	0	0	0	12
1135.400	0	0	0	0	0	0	0	0	0	0	0	0	0	0	0	0	19	0	16	1	0	0	2	0	0	3	0	1	0	3	0	0	0	0	0	15
1135.600	0	0	0	0	0	0	0	0	0	0	0	0	0	0	0	0	10	0	16	1	0	0	2	0	0	12	0	1	0	3	0	0	0	0	0	10
1135.800	0	0	0	0	0	0	0	0	0	0	0	0	0	0	0	0	18	1	13	1	0	0	2	0	0	11	0	1	0	1	0	0	0	0	0	13
1136.000	0	0	0	0	0	0	0	0	0	0	0	0	0	0	0	0	19	0	15	2	0	0	2	0	0	11	0	0	0	3	0	0	0	0	0	16
1136.200	0	0	0	0	0	0	0	0	0	0	0	0	0	0	0	0	12	0	15	2	0	0	1	0	0	11	0	0	0	4	0	0	0	0	0	15
1136.400	0	0	0	0	0	0	0	0	0	0	0	0	0	0	0	0	21	0	17	2	0	0	2	0	0	17	0	2	0	4	0	0	0	0	0	16
1136.600	0	0	0	0	0	0	0	0	0	0	0	0	0	0	0	0	16	0	14	3	0	0	2	0	0	10	0	3	0	7	1	0	0	0	0	13
1136.800	0	0	0	0	0	0	0	0	0	0	0	0	0	0	0	0	17	0	13	2	0	0	2	0	0	10	0	0	0	2	2	0	0	0	0	16
1137.000	0	0	0	0	0	0	0	0	0	0	0	0	0	0	0	0	16	0	12	2	0	0	2	0	0	16	0	1	0	3	0	0	0	0	0	16
1137.200	0	0	0	0	0	0	0	0	0	0	0	0	0	0	0	0	18	0	17	1	0	0	2	0	0	13	0	2	0	2	1	0	0	0	0	14
1137.400	0	0	0	0	0	0	0	0	0	0	0	0	0	0	0	0	18	0	3	1	0	0	2	0	0	10	0	1	0	1	2	0	0	0	0	10
1137.600	0	0	0	0	0	0	0	0	0	0	0	0	0	0	0	0	14	0	18	2	0	0	2	0	0	11	0	2	0	4	2	0	0	0	0	19
1137.800	0	0	0	0	0	0	0	0	0	0	0	0	0	0	0	0	20	0	6	1	0	0	2	0	0	11	0	3	0	5	1	0	0	0	0	17
1138.000	0	0	0	0	0	0	0	0	0	0	0	0	0	0	0	0	20	0	7	2	0	0	2	0	0	9	0	2	0	4	2	0	0	0	0	16
1138.200	0	0	0	0	0	0	0	0	0	0	0	0	0	0	0	0	16	0	8	2	0	0	2	0	0	6	0	2	0	4	0	0	0	0	0	13
1138.400	0	0	0	0	0	0	0	0	0	0	0	0	0	0	0	0	12	0	5	2	0	0	2	0	0	11	0	0	0	3	0	0	0	0	0	13
1138.600	0	0	0	0	0	0	0	0	0	0	0	0	0	0	0	0	18	0	9	2	0	0	2	0	0	10	0	0	0	2	0	0	0	0	0	16
1138.800	0	0	0	0	0	0	0	0	0	0	0	0	0	0	0	0	19	0	13	2	0	0	2	0	0	9	0	0	0	0	0	0	0	0	0	13
1139.000	0	0	0	0	0	0	0	0	0	0	0	0	0	0	0	0	17	0	12	1	0	0	2	0	0	6	0	0	0	4	0	0	0	0	0	14
1139.200	0	0	0	0	0	0	0	0	0	0	0	0	0	0	0	0	16	0	14	0	0	0	1	0	0	10	0	0	0	2	0	0	0	0	0	17
1139.400	0	0	0	0	0	0	0	0	0	0	0	0	0	0	0	0	16	0	14	2	0	0	1	0	0	14	0	0	0	1	0	0	0	0	0	16
1139.600	0	0	0	0	0	0	0	0	0	0	0	0	0	0	0	0	16	0	11	1	0	0	2	0	0	5	0	0	0	1	0	0	0	0	0	19
1139.800	0	0	0	0	0	0	0	0	0	0	0	0	0	0	0	0	21	0	15	2	0	0	4	0	0	13	0	0	0	0	0	0	0	0	0	14
1140.000	0	0	0	0	0	0	0	0	0	0	0	0	0	0	0	0	14	0	14	2	0	0	2	0	0	8	0	0	0	0	0	0	0	0	0	18
1140.200	0	0	0	0	0	0	0	0	0	0	0	0	0	0	0	0	16	0	16	2	0	0	2	0	0	9	0	0	0	2	0	0	0	0	0	15
1140.400	0	0	0	0	0	0	0	0	0	0	0	0	0	0	0	0	19	0	8	2	0	0	2	0	0	9	0	0	0	0	0	0	0	0	0	18
1140.600	0	0	0	0	0	0	0	0	0	0	0	0	0	0	0	0	17	1	13	2	0	0	2	0	0	8	0	0	0	2	0	0	0	0	0	13
1140.800	0	0	0	0	0	0	0	0	0	0	0	0	0	0	0	0	14	0	11	2	0	0	2	0	0	6	0	0	0	2	0	0	0	0	0	14
1141.000	0	0	0	0	0	0	0	0	0	0	0	0	0	0	0	0	17	0	10	1	0	0	0	0	0	10	0	0	0	4	2	0	0	0	0	15
1141.200	0	0	0	0	0	0	0	0	0	0	0	0	0	0	0	0	18	0	5	2	0	0	2	0	0	9	0	0	0	1	0	0	0	0	0	16
1141.400	0	0	0	0	0	0	0	0	0	0	0	0	0	0	0	0	14	0	13	2	0	0	2	0	0	11	0	0	0	6	0	0	0	0	0	19
1141.600	0	0	0	0	0	0	0	0	0	0	0	0	0	0	0	0	16	0	6	3	0	0	2	0	0	12	0	0	0	4	2	0	0	0	0	15
1141.800	0	0	0	0	0	0	0	0	0	0	0	0	0	0	0	0	19	0	10	2	0	0	2	0	0	10	0	2	0	9	1	0	0	0	0	16
1142.000	0	0	0	0	0	0	0	0	0	0	0	0	0	0	0	0	19	0	11	2	0	0	2	0	0	5	0	0	0	3	0	0	0	0	0	17
1142.200	0	0	0	0	0	0	0	0	0	0	0	0	0	0	0	0	18	0	13	1	0	0	2	0	0	12	0	1	0	9	0	0	0	0	0	18
1142.400	0	0	0	0	0	0	0	0	0	0	0	0	0	0	0	0	18	0	19	3	0	0	2	0	0	8	0	0	0	1	0	0	0	0	0	12
1142.600	0	0	0	0	0	0	0	0	0	0	0	0	0	0	0	0	16	0	11	2	0	0	2	0	0	7	0	1	0	6	0	0	0	0	1	16
1142.800	0	0	0	0	0	0	0	0	0	0	0	0	0	0	0	0	17	0	9	1	0	0	2	0	0	15	0	0	0	2	0	0	0	0	0	9
1143.000	0	0	0	0	0	0	0	0	0	0	0	0	0	0	0	0	18	0	18	1	0	0	2	0	0	10	0	0	0	1	0	0	0	0	0	15
1143.200	0	0	0	0	0	0	0	0	0	0	0	0	0	0	0	0	20	0	11	1	0	0	1	0	0	5	0	0	0	2	0	0	0	0	1	15
1143.400	0	0	0	0	0	0	0	0	0	0	0	0	0	0	0	0	18	0	15	1	0	0	0	0	0	7	0	0	0	2	0	0	0	0	0	21
1143.600	0	0	0	0	0	0	0	0	0	0	0	0	0	0	0	0	16	0	11	1	0	0	2	0	0	11	0	0	0	2	0	0	0	0	0	7
1143.800	0	0	0	0	0	0	0	0	0	0	0	0	0	0	0	0	10	0	11	1	0	0	2	0	0	16	0	0	0	3	0	0	0	0	0	11
1144.000	0	0	0	0	0	0	0	0	0	0	0	0	0	0	0	0	16	0	12	1	0	0	2	0	0	5	0	0	0	5	0	0	0	0	0	13
1144.200	0	0	0	0	0	0	0	0	0	0	0	0	0	0	0	0	21	0	17	2	0	0	3	0	0	9	0	0	0	3	0	0	0	0	0	13
1144.400	0	0	0	0	0	0	0	0	0	0	0	0	0	0	0	0	17	0	14	1	0	0	2	0	0	15	0	0	0	1	0	0	0	0	0	13
1144.600	0	0	0	0	0	0	0	0	0	0	0	0	0	0	0	0	21	0	17	1	0	0	2	0	0	9	0	0	0	4	0	0	0	0	0	15
1144.800	0	0	0	0	0	0	0	0	0	0	0	0	0	0	0	0	14	0	11	2	0	0	2	0	0	9	0	0	0	4	0	0	0	0	0	16
1145.000	0	0	0	0	0	0	0	0	0	0	0	0	0	0	0	0	19	0	11	2	0	0	2	0	0	12	0	0	0	5	0	0	0	0	0	11
1145.200	0	0	0	0	0	0	0	0	0	0	0	0	0	0	0	0	15	0	12	2	0	0	2	0	0	11	0	0	0	3	0	0	0	0	0	17
1145.400	0	0	0	0	0	0	0	0	0	0	0	0	0	0	0	0	19	0	6	2	0	0	2	0	0	14	0	0	0	4	0	0	0	0	0	12
1145.600	0	0	0	0	0	0	0	0	0	0	0	0	0	0	0	0	20	0	11	2	0	0	3	0	0	9	0	0	0	2	0	0	0	0	0	7
1145.800	0	0	0	0	0	0	0	0	0	0	0	0	0	0	0	0	14	0	12	2	0	0	2	0	0	12	0	0	0	2	0	0	0	0	0	14
1146.000	0	0	0	0	0	0	0	0	0	0	0	0	0	0	0	0	17	0	11	2	0	0	2	0	0	7	0	1	0	6	0	0	0	0	1	12
1146.200	0	0	0	0	0	0	0	0	0	0	0	0	0	0	0	0	21	0	8	1	0	0	5	0	0	11	0	0	0	3	0	0	0	0	0	16
1146.400	0	0	0	0	0	0	0	0	0	0	0	0	0	0	0	0	15	0	12	3	0	0	3	0	0	8	0	0	0	4	0	0	0	0	0	11
1146.600	0	0	0	0	0	0	0	0	0	0	0	0	0	0	0	0	19	0	10	1	0	0	2	0	0	11	0	0	0	6	0	0	0	0	0	15
1146.800	0	0	0	0	0	0	0	0	0	0	0	0	0	0	0	0	18	0	11	2	0	0	2	0	0	13	0	0	0	3	0	0	0	0	0	14
1147.000	0	0	0	0	0	0	0	0	0	0	0	0	0	0	0	0	17	0	13	0	0	0	2	0	0	16	0	1	0	5	1	0	0	0	0	9
1147.200	0	0	0	0	0	0	0	0	0	0	0	0	0	0	0	0	18	0	16	2	0	0	2	0	0	18	0	2	0	4	0	0	0	0	0	18
1147.400	0	0	0	0	0	0	0	0	0	0	0	0	0	0	0	0	23	0	13	1	0	0	2	0	0	13	0	0	0	7	1	0	0	0	0	14
1147.600	0	0	0	0	0	0	0	0	0	0	0	0	0	0	0	0	18	0	10	1	0	0	3	0	0	12	0	0	0	4	0	0	0	0	0	15
1147.800	0	0	0	0	0	0	0	0	0	0	0	0	0	0	0	0	15	0	12	0	0	0	2	0	0	16	0	0	0	5	0	0	0	0	1	17
1148.000	0	0	0	0	0	0	0	0	0	0	0	0	0	0	0	0	19	0	7	0	0	0	1	0	0	15	0	0	0	3	0	0	0	0	1	18
1148.200	0	0	0	0	0	0	0	0	0	0	0	0	0	0	0	0	19	0	6	2	0	0	2	0	0	17	0	0	0	5	0	0	0	0	0	16
1148.400	0	0	0	0	0	0	0	0	0	0	0	0	0	0	0	0	16	0	14	2	0	0	2	0	0	14	0	2	0	7	2	0	0	0	0	16
1148.600	0	0	0	0	0	0	0	0	0	0	0	0	0	0	0	0	14	0	7	2	0	0	2	0	0	18	0	0	0	8	0	0	0	0	0	13
1148.800	0	0	0	0	0	0	0	0	0	0	0	0	0	0	0	0	16	0	10	1	0	0	2	0	0	22	0	0	0	7	0	0	0	0	0	15
1149.000	0	0	0	0	0	0	0	0	0	0	0	0	0	0	0	0	23	0	6	1	0	0	2	0	0	16	0	0	0	4	0	0	0	0	0	8
1149.200	0	0	0	0	0	0	0	0	0	0	0	0	0	0	0	0	24	0	12	1	0	0	2	0	0	16	0	0	0	1	0	0	0	0	0	14
1149.400	0	0	0	0	0	0	0	0	0	0	0	0	0	0	0	0	16	0	9	1	0	0	1	0	0	13	0	0	0	1	0	0	0	0	0	15
1149.600	0	0	0	0	0	0	0	0	0	0	0	0	0	0	0	0	18	0	10	1	0	0	2	0	0	6	0	1	0	1	0	0	0	0	0	16
1149.800	0	0	0	0	0	0	0	0	0	0	0	0	0	0	0	0	17	0	11	3	0	0	2	0	0	9	0	0	0	8	2	0	0	0	0	16
1150.000	0	0	0	0	0	0	0	0	0	0	0	0	0	0	0	0	19	0	15	2	0	0	2	0	0	17	0	1	0	5	2	0	0	0	0	17
1150.200	0	0	0	0	0	0	0	0	0	0	0	0	0	0	0	0	18	0	12	1	0	0	2	0	0	19	0	0	0	1	0	0	0	0	0	15
1150.400	0	0	0	0	0	0	0	0	0	0	0	0	0	0	0	0	15	0	12	2	0	0	3	0	0	6	0	0	0	1	0	0	0	0	0	14
1150.600	0	0	0	0	0	0	0	0	0	0	0	0	0	0	0	0	20	0	11	2	0	0	4	0	0	17	0	0	0	2	0	0	0	0	0	16
1150.800	0	0	0	0	0	0	0	0	0	0	0	0	0	0	0	0	23	0	9	3	0	0	2	0	0	16	0	0	0	4	0	0	0	0	0	13
1151.000	0	0	0	0	0	0	0	0	0	0	0	0	0	0	0	0	18	0	12	1	0	0	3	0	0	13	0	0	0	2	0	0	0	0	0	4
1151.200	0	0	0	0	0	0	0	0	0	0	0	0	0	0	0	0	18	0	15	2	0	0	2	0	0	7	0	0	0	2	0	0	0	0	0	7
1151.400	0	0	0	0	0	0	0	0	0	0	0	0	0	0	0	0	13	0	9	2	0	0	2	0	0	16	0	0	0	4	0	0	0	0	0	5
1151.600	0	0	0	0	0	0	0	0	0	0	0	0	0	0	0	0	14	0	13	2	0	0	2	0	0	9	0	0	0	7	0	0	0	0	0	5
1151.800	0	0	0	0	0	0	0	0	0	0	0	0	0	0	0	0	18	0	15	2	0	0	2	0	0	13	0	0	0	2	0	0	0	0	0	5
1152.000	0	0	0	0	0	0	0	0	0	0	0	0	0	0	0	0	13	0	13	3	0	0	2	0	0	18	0	1	0	4	0	0	0	0	0	5
1152.200	0	0	0	0	0	0	0	0	0	0	0	0	0	0	0	0	13	0	14	1	0	0	2	0	0	12	0	0	0	4	0	0	0	0	0	6
1152.400	0	0	0	0	0	0	0	0	0	0	0	0	0	0	0	0	21	0	15	2	0	0	2	0	0	17	0	0	0	2	0	0	0	0	2	4
1152.600	0	0	0	0	0	0	0	0	0	0	0	0	0	0	0	0	15	0	10	3	0	0	2	0	0	15	0	0	0	3	0	0	0	0	0	5
1152.800	0	0	0	0	0	0	0	0	0	0	0	0	0	0	0	0	12	0	16	1	0	0	2	0	0	17	0	0	0	6	0	0	0	0	0	5
1153.000	0	0	0	0	0	0	0	0	0	0	0	0	0	0	0	0	18	0	13	1	0	0	2	0	0	7	0	0	0	4	0	0	0	0	0	4
1153.200	0	0	0	0	0	0	0	0	0	0	0	0	0	0	0	0	18	0	12	2	0	0	2	0	0	6	0	0	0	3	0	0	0	0	0	4
1153.400	0	0	0	0	0	0	0	0	0	0	0	0	0	0	0	0	20	0	15	2	0	0	2	0	0	8	0	0	0	1	0	0	0	0	0	5
1153.600	0	0	0	0	0	0	0	0	0	0	0	0	0	0	0	0	18	0	14	2	0	0	2	0	0	14	0	0	0	5	0	0	0	0	0	4
1153.800	0	0	0	0	0	0	0	0	0	0	0	0	0	0	0	0	20	0	10	1	0	0	1	0	0	16	0	0	0	4	0	0	0	0	0	4
1154.000	0	0	0	0	0	0	0	0	0	0	0	0	0	0	0	0	10	0	13	2	0	0	2	0	0	14	0	0	0	2	0	0	0	0	0	4
1154.200	0	0	0	0	0	0	0	0	0	0	0	0	0	0	0	0	17	0	4	2	0	0	2	0	0	18	0	0	0	1	0	0	0	0	0	5
1154.400	0	0	0	0	0	0	0	1	0	0	0	0	0	0	0	0	18	0	13	1	0	0	3	0	0	14	0	0	0	6	0	0	0	0	0	5
1154.600	0	0	0	0	0	0	0	1	0	0	0	0	0	0	0	0	12	0	14	2	0	0	2	0	0	16	0	0	0	6	0	0	0	0	0	4
1154.800	0	0	0	0	0	0	0	2	0	0	0	0	0	0	0	0	12	0	15	3	0	0	2	0	0	11	0	0	0	3	0	0	0	0	0	4
1155.000	0	0	0	0	0	0	0	1	0	0	0	0	0	0	0	0	15	0	14	3	0	0	2	0	0	11	0	0	0	4	0	0	0	0	0	4
1155.200	0	0	0	0	0	0	0	1	0	0	0	0	0	0	0	0	15	0	13	2	0	0	1	0	0	7	0	0	0	4	0	0	0	0	0	5
1155.400	0	0	0	0	0	0	0	3	0	0	0	0	0	0	0	0	8	0	14	2	0	0	2	0	0	13	0	2	0	3	0	0	0	0	0	14
1155.600	0	0	0	0	0	0	0	2	0	0	0	0	0	0	0	0	14	0	13	2	0	0	2	0	0	14	0	4	0	6	1	0	0	0	0	15
1155.800	0	0	0	0	0	0	0	3	0	0	0	0	0	0	0	0	14	0	15	2	0	0	2	0	0	12	0	6	0	5	0	0	0	0	0	11
1156.000	0	0	0	0	0	0	0	2	0	0	0	0	0	0	0	0	11	0	8	2	0	0	3	0	0	18	0	4	0	0	0	0	0	0	0	11
1156.200	0	0	0	0	0	0	0	3	0	0	0	0	0	0	0	0	14	0	9	2	0	0	2	0	0	20	0	4	0	5	0	0	0	0	0	17
1156.400	0	0	0	0	0	0	0	3	0	0	0	0	0	0	0	0	14	0	10	3	0	0	2	0	0	15	0	2	0	4	0	0	0	0	1	17
1156.600	0	0	0	0	0	0	0	1	0	0	0	0	0	0	0	0	15	0	17	3	0	0	4	0	0	17	0	5	0	5	2	0	0	0	0	11
1156.800	0	0	0	0	0	0	0	4	0	0	0	0	0	0	0	0	19	2	13	2	0	0	2	0	0	9	0	0	0	5	0	0	0	0	0	13
1157.000	0	0	0	0	0	0	0	5	0	0	0	0	0	0	0	0	12	0	18	2	0	0	4	0	0	13	0	2	0	6	0	0	0	0	0	8
1157.200	0	0	0	0	0	0	0	9	0	0	0	0	0	0	0	0	21	0	15	2	0	0	3	0	0	8	0	2	0	6	2	0	0	0	0	15
1157.400	0	0	0	0	0	0	0	6	0	0	0	0	0	0	0	0	14	0	15	1	0	0	2	0	0	15	0	1	0	4	3	0	0	0	0	15
1157.600	0	0	0	0	0	0	0	7	0	0	0	0	0	0	0	0	12	0	12	2	0	0	2	0	0	13	0	1	0	4	2	0	0	0	0	14
1157.800	0	0	0	0	0	0	0	4	0	0	0	0	0	0	0	0	15	0	13	1	0	0	3	0	0	13	0	2	0	5	2	0	0	0	0	13
1158.000	0	0	0	0	0	0	0	9	0	0	0	0	0	0	0	0	15	0	10	1	0	0	2	0	0	12	0	1	0	5	0	0	0	0	0	13
1158.200	0	0	0	0	0	0	0	8	0	0	0	0	0	0	0	0	17	0	16	2	0	0	2	0	0	13	0	8	0	6	0	0	0	0	0	15
1158.400	0	0	0	0	0	0	0	8	0	0	0	0	0	0	0	0	20	0	16	3	0	0	2	0	0	8	0	1	0	2	0	0	0	0	0	10
1158.600	0	0	0	0	0	0	0	9	0	0	0	0	0	0	0	0	20	0	13	2	0	0	2	0	0	21	0	1	0	4	0	0	0	0	0	17
1158.800	0	0	0	0	0	0	0	6	0	0	0	0	0	0	0	0	17	0	11	2	0	0	2	0	0	17	0	0	0	2	0	0	0	0	0	16
1159.000	0	0	0	0	0	0	0	10	0	0	0	0	0	0	0	0	21	0	14	1	0	0	3	0	0	9	0	2	0	6	0	0	0	0	0	15
1159.200	0	0	0	0	0	0	0	7	0	0	0	0	0	0	0	0	17	0	16	1	0	0	1	0	0	11	0	0	0	5	0	0	0	0	0	15
1159.400	0	0	0	0	0	0	0	6	0	0	0	0	0	0	0	0	22	0	12	1	0	0	2	0	0	6	0	5	0	6	1	0	0	0	0	12
1159.600	0	0	0	0	0	0	0	4	0	0	0	0	0	0	0	0	14	0	10	1	0	0	2	0	0	9	0	1	0	3	0	0	0	0	1	12
1159.800	0	0	0	0	0	0	0	7	0	0	0	0	0	0	0	0	16	0	11	2	0	0	2	0	0	10	0	2	0	3	0	0	0	0	0	15
1160.000	0	0	0	0	0	0	0	8	0	0	0	0	0	0	0	0	20	0	18	1	0	0	2	0	0	8	0	4	0	4	0	0	0	0	0	12
1160.200	0	0	0	0	0	0	0	7	0	0	0	0	0	0	0	0	17	0	15	2	0	0	2	0	0	9	0	3	0	5	0	0	0	0	0	12
1160.400	0	0	0	0	0	0	0	10	0	0	0	0	0	0	0	0	13	0	13	2	0	0	2	0	0	13	0	0	0	1	0	0	0	0	0	18
1160.600	0	0	0	0	0	0	0	9	0	0	0	0	0	0	0	0	17	0	14	1	0	0	4	0	0	10	0	0	0	1	0	0	0	0	0	18
1160.800	0	0	0	0	0	0	0	8	0	0	0	0	0	0	0	0	22	0	13	2	0	0	5	0	0	12	0	0	0	1	0	0	0	0	0	15
1161.000	0	0	0	0	0	0	0	9	0	0	0	0	0	0	0	0	20	0	13	2	0	0	2	0	0	14	0	1	0	7	0	0	0	0	0	14
1161.200	0	0	0	0	0	0	0	5	0	0	0	0	0	0	0	0	16	0	19	1	0	0	3	0	0	12	0	0	0	7	0	0	0	0	0	15
1161.400	0	0	0	0	0	0	0	10	0	0	0	0	0	0	0	0	18	2	17	3	0	0	4	0	0	8	0	0	0	2	0	0	0	0	0	14
1161.600	0	0	0	0	0	0	0	9	0	0	0	0	0	0	0	0	20	0	18	3	0	0	3	0	0	14	0	0	0	1	0	0	0	0	0	11
1161.800	0	0	0	0	0	0	0	13	0	0	0	0	0	0	0	0	21	0	12	2	0	0	0	0	0	11	0	1	0	2	0	0	0	0	0	12
1162.000	0	0	0	0	0	0	0	8	0	0	0	0	0	0	0	0	11	0	10	3	0	0	0	0	0	7	0	0	0	2	0	0	0	0	1	12
1162.200	0	0	0	0	0	0	0	8	0	0	0	0	0	0	0	0	19	0	9	3	0	0	0	0	0	11	0	0	0	5	0	0	0	0	0	17
1162.400	0	0	0	0	0	0	0	8	0	0	0	0	0	0	0	0	20	0	14	2	0	0	0	0	0	16	0	2	0	3	0	0	0	0	0	13
1162.600	0	0	0	0	0	0	0	7	0	0	0	0	0	0	0	0	21	0	8	3	0	0	0	0	0	16	0	3	0	3	0	0	0	0	1	12
1162.800	0	0	0	0	0	0	0	10	0	0	0	0	0	0	0	0	19	1	14	2	0	0	0	0	0	14	0	0	0	2	0	0	0	0	0	14
1163.000	0	0	0	0	0	0	0	10	0	0	0	0	0	0	0	0	16	1	10	2	0	0	0	0	0	8	0	1	0	2	0	0	0	0	0	12
1163.200	0	0	0	0	0	0	0	7	0	0	0	0	0	0	0	0	17	1	14	3	0	0	0	0	0	10	0	0	0	3	0	0	0	0	0	12
1163.400	0	0	0	0	0	0	0	7	0	0	0	0	0	0	0	0	21	1	15	4	0	0	0	0	0	15	0	0	0	4	0	0	0	0	1	7
1163.600	0	0	0	0	0	0	0	9	0	0	0	0	0	0	0	0	17	1	15	1	0	0	0	0	0	16	0	0	0	6	0	0	0	0	1	13
1163.800	0	0	0	0	0	0	0	10	0	0	0	0	0	0	0	0	20	1	11	4	0	0	0	0	0	11	0	1	0	3	0	0	0	0	0	10
1164.000	0	0	0	0	0	0	0	10	0	0	0	0	0	0	0	0	17	0	12	2	0	0	1	0	0	9	0	0	0	4	0	0	0	0	1	8
1164.200	0	0	0	0	0	0	0	8	0	0	0	0	0	0	0	0	20	0	10	4	0	0	2	0	0	16	0	1	0	2	0	0	0	0	1	6
1164.400	0	0	0	0	0	0	0	6	0	0	0	0	0	0	0	0	12	0	14	3	0	0	0	0	0	17	0	0	0	4	0	0	0	0	1	12
1164.600	0	0	0	0	0	0	0	8	0	0	0	0	0	0	0	0	17	0	8	1	0	0	0	0	0	14	0	0	0	3	0	0	0	0	0	12
1164.800	0	0	0	0	0	0	0	8	0	0	0	0	0	0	0	0	20	0	11	2	0	0	0	0	0	13	0	0	0	8	0	0	0	0	1	13
1165.000	0	0	0	0	0	0	0	7	0	0	0	0	0	0	0	0	20	0	12	1	0	0	0	0	0	10	0	0	0	3	0	0	0	0	1	14
1165.200	0	0	0	0	0	0	0	11	0	0	0	0	0	0	0	0	18	0	14	0	0	0	0	0	0	18	0	2	0	6	0	0	0	0	0	10
1165.400	0	0	0	0	0	0	0	15	0	0	0	0	0	0	0	0	20	0	4	2	0	0	0	0	0	14	0	0	0	2	0	0	0	0	0	12
1165.600	0	0	0	0	0	0	0	8	0	0	0	0	0	0	0	0	17	1	15	0	0	0	0	0	0	12	0	1	0	2	0	0	0	0	0	14
1165.800	0	0	0	0	0	0	0	8	0	0	0	0	0	0	0	0	19	0	10	1	0	0	0	0	0	13	0	1	0	5	0	0	0	0	0	9
1166.000	0	0	0	0	0	0	0	8	0	0	0	0	0	0	0	0	17	0	16	4	0	0	0	0	0	15	0	0	0	3	0	0	0	0	0	14
1166.200	0	0	0	0	0	0	0	10	0	0	0	0	0	0	0	0	16	0	4	2	0	0	0	0	0	15	0	0	0	4	0	0	0	0	0	20
1166.400	0	0	0	0	0	0	0	9	0	0	0	0	0	0	0	0	23	1	9	2	0	0	0	0	0	11	0	0	0	3	0	0	0	0	0	12
1166.600	0	0	0	0	0	0	0	5	0	0	0	0	0	0	0	0	20	1	14	3	0	0	1	0	0	8	0	3	0	3	0	0	0	0	0	19
1166.800	0	0	0	0	0	0	0	10	0	0	0	0	0	0	0	0	21	1	14	1	0	0	0	0	0	13	0	0	0	3	0	0	0	0	0	14
1167.000	0	0	0	0	0	0	0	9	0	0	0	0	0	0	0	0	22	0	13	3	0	0	0	0	0	7	0	1	0	5	0	0	0	0	0	17
1167.200	0	0	0	0	0	0	0	6	0	0	0	0	0	0	0	0	16	1	8	2	0	0	1	0	0	8	0	2	0	6	0	0	0	0	0	14
1167.400	0	0	0	0	0	0	0	8	0	0	0	0	0	0	0	0	21	0	13	1	0	0	0	0	0	11	0	0	0	2	0	0	0	0	0	13
1167.600	0	0	0	0	0	0	0	5	0	0	0	0	0	0	0	0	19	0	17	1	0	0	1	0	0	10	0	0	0	7	0	0	0	0	0	13
1167.800	0	0	0	0	0	0	0	9	0	0	0	0	0	0	0	0	23	0	18	3	0	0	1	0	0	10	0	0	0	2	0	0	0	0	0	11
1168.000	0	0	0	0	0	0	0	10	0	0	0	0	0	0	0	0	18	0	19	1	0	0	2	0	0	10	0	0	0	1	0	0	0	0	0	8
1168.200	0	0	0	0	0	0	0	9	0	0	0	0	0	0	0	0	21	0	19	2	0	0	2	0	0	15	0	0	0	4	0	0	0	0	0	14
1168.400	0	0	0	0	0	0	0	8	0	0	0	0	0	0	0	0	22	1	16	0	0	0	0	0	0	16	0	0	0	5	0	0	0	0	1	14
1168.600	0	0	0	0	0	0	0	8	0	0	0	0	0	0	0	0	19	0	18	1	0	0	0	0	0	9	0	0	0	3	0	0	0	0	0	16
1168.800	0	0	0	0	0	0	0	13	0	0	0	0	0	0	0	0	21	0	12	2	0	0	1	0	0	15	0	2	0	3	0	0	0	0	0	18
1169.000	0	0	0	0	0	0	0	12	0	0	0	0	0	0	0	0	22	0	15	1	0	0	2	0	0	15	0	0	0	1	0	0	0	0	0	18
1169.200	0	0	0	0	0	0	0	7	0	0	0	0	0	0	0	0	18	0	15	3	0	0	0	0	0	13	0	0	0	6	0	0	0	0	0	20
1169.400	0	0	0	0	0	0	0	8	0	0	0	0	0	0	0	0	22	0	17	3	0	0	0	0	0	12	0	0	0	1	0	0	0	0	0	18
1169.600	0	0	0	0	0	0	0	8	0	0	0	0	0	0	0	0	23	1	12	2	0	0	0	0	0	13	0	0	0	4	0	0	0	0	0	13
1169.800	0	0	0	0	0	0	0	10	0	0	0	0	0	0	0	0	16	0	9	2	0	0	1	0	0	14	0	0	0	3	0	0	0	0	0	16
1170.000	0	0	0	0	0	0	0	9	0	0	0	0	0	0	0	0	22	0	15	2	0	0	2	0	0	20	0	0	0	2	0	0	0	0	0	17
1170.200	0	0	0	0	0	0	0	12	0	0	0	0	0	0	0	0	19	0	15	0	0	0	2	0	0	13	0	0	0	4	0	0	0	0	0	11
1170.400	0	0	0	0	0	0	0	7	0	0	0	0	0	0	0	0	17	2	14	4	0	0	3	0	0	13	0	0	0	5	0	0	0	0	1	13
1170.600	0	0	0	0	0	0	0	9	0	0	0	0	0	0	0	0	23	0	14	2	0	0	2	0	0	8	0	0	0	5	0	0	0	0	0	17
1170.800	0	0	0	0	0	0	0	10	0	0	0	0	0	0	0	0	21	0	9	4	0	0	2	0	0	8	0	1	0	4	0	0	0	0	0	17
1171.000	0	0	0	0	0	0	0	5	0	0	0	0	0	0	0	0	18	0	16	3	0	0	2	0	0	14	0	1	0	2	0	0	0	0	0	14
1171.200	0	0	0	0	0	0	0	9	0	0	0	0	0	0	0	0	23	0	12	3	0	0	2	0	0	10	0	0	0	1	0	0	0	0	0	15
1171.400	0	0	0	0	0	0	0	8	0	0	0	0	0	0	0	0	20	0	9	2	0	0	2	0	0	7	0	0	0	5	0	0	0	0	0	15
1171.600	0	0	0	0	0	0	0	7	0	0	0	0	0	0	0	0	19	0	14	3	0	0	2	0	0	11	0	0	0	1	0	0	0	0	0	11
1171.800	0	0	0	0	0	0	0	8	0	0	0	0	0	0	0	0	20	0	11	2	0	0	1	0	0	14	0	1	0	4	0	0	0	0	0	16
1172.000	0	0	0	0	0	0	0	8	0	0	0	0	0	0	0	0	19	0	13	4	0	0	0	0	0	8	0	0	0	3	0	0	0	0	1	12
1172.200	0	0	0	0	0	0	0	9	0	0	0	0	0	0	0	0	23	0	9	3	0	0	1	0	0	15	0	1	0	2	0	0	0	0	0	17
1172.400	0	0	0	0	0	0	0	9	0	0	0	0	0	0	0	0	21	0	10	3	0	0	1	0	0	14	0	2	0	3	0	0	0	0	0	13
1172.600	0	0	0	0	0	0	0	4	0	0	0	0	0	0	0	0	22	0	11	3	0	0	0	0	0	11	0	0	0	2	0	0	0	0	0	16
1172.800	0	0	0	0	0	0	0	8	0	0	0	0	0	0	0	0	22	0	9	1	0	0	0	0	0	18	0	1	0	3	0	0	0	0	0	15
1173.000	0	0	0	0	0	0	0	4	0	0	0	0	0	0	0	0	22	0	12	3	0	0	1	0	0	12	0	0	0	7	0	0	0	0	1	12
1173.200	0	0	0	0	0	0	0	3	0	0	0	0	0	0	0	0	19	2	11	3	0	0	0	0	0	18	0	0	0	1	0	0	0	0	0	13
1173.400	0	0	0	0	0	0	0	4	0	0	0	0	0	0	0	0	14	0	12	3	0	0	0	0	0	9	0	1	0	2	0	0	0	0	0	14
1173.600	0	0	0	0	0	0	0	5	0	0	0	0	0	0	0	0	19	0	10	2	0	0	0	0	0	7	0	0	0	4	0	0	0	0	0	15
1173.800	0	0	0	0	0	0	0	3	0	0	0	0	0	0	0	0	21	0	19	2	0	0	0	0	0	14	0	0	0	2	0	0	0	0	0	16
1174.000	0	0	0	0	0	0	0	3	0	0	0	0	0	0	0	0	20	0	15	1	0	0	0	0	0	14	0	0	0	3	0	0	0	0	0	13
1174.200	0	0	0	0	0	0	0	4	0	0	0	0	0	0	0	0	25	0	13	1	0	0	0	0	0	15	0	0	0	1	0	0	0	0	0	12
1174.400	0	0	0	0	0	0	0	1	0	0	0	0	0	0	0	0	22	0	16	3	0	0	2	0	0	6	0	0	0	3	0	0	0	0	0	12
1174.600	0	0	0	0	0	0	0	3	0	0	0	0	0	0	0	0	19	0	17	3	0	0	0	0	0	8	0	1	0	5	0	0	0	0	0	16
1174.800	0	0	0	0	0	0	0	5	0	0	0	0	0	0	0	0	18	0	6	3	0	0	2	0	0	13	0	0	0	4	0	0	0	0	0	16
1175.000	0	0	0	0	0	0	0	3	0	0	0	0	0	0	0	0	23	0	8	3	0	0	0	0	0	12	0	0	0	5	0	0	0	0	0	16
1175.200	0	0	0	0	0	0	0	3	0	0	0	0	0	0	0	0	16	0	11	2	0	0	2	0	0	15	0	0	0	5	0	0	0	0	0	5
1175.400	0	0	0	0	0	0	0	3	0	0	0	0	0	0	0	0	18	0	14	3	0	0	2	0	0	17	0	0	0	2	0	0	0	0	1	16
1175.600	0	0	0	0	0	0	0	5	0	0	0	0	0	0	0	0	23	0	8	3	0	0	2	0	0	16	0	1	0	7	0	0	0	0	0	9
1175.800	0	0	0	0	0	0	0	7	0	0	0	0	0	0	0	0	18	0	6	2	0	0	2	0	0	7	0	0	0	7	1	0	0	0	0	3
1176.000	0	0	0	0	0	0	0	8	0	0	0	0	0	0	0	0	20	0	13	0	0	0	0	0	0	15	0	1	0	1	0	0	0	0	0	16
1176.200	0	0	0	0	0	0	0	11	0	0	0	0	0	0	0	0	23	0	16	2	0	0	0	0	0	13	0	1	0	1	0	0	0	0	0	6
1176.400	0	0	0	0	0	0	0	9	0	0	0	0	0	0	0	0	25	0	12	2	0	0	0	0	0	18	0	0	0	3	0	0	0	0	0	7
1176.600	0	0	0	0	0	0	0	10	0	0	0	0	0	0	0	0	22	0	15	1	0	0	1	0	0	12	0	3	0	10	0	0	0	0	0	12
1176.800	0	0	0	0	0	0	0	10	0	0	0	0	0	0	0	0	18	0	12	3	0	0	0	0	0	23	0	1	0	2	0	0	0	0	0	4
1177.000	0	0	0	0	0	0	0	8	0	0	0	0	0	0	0	0	22	0	12	2	0	0	0	0	0	18	0	1	0	5	0	0	0	0	0	14
1177.200	0	0	0	0	0	0	0	4	0	0	0	0	0	0	0	0	16	0	10	3	0	0	0	0	0	17	0	1	0	2	0	0	0	0	0	11
1177.400	0	0	0	0	0	0	0	7	0	0	0	0	0	0	0	0	18	1	9	3	0	0	0	0	0	12	0	1	0	6	0	0	0	0	0	11
1177.600	0	0	0	0	0	0	0	7	0	0	0	0	0	0	0	0	19	0	13	4	0	0	1	0	0	15	0	1	0	2	0	0	0	0	0	11
1177.800	0	0	0	0	0	0	0	9	0	0	0	0	0	0	0	0	21	0	5	3	0	0	0	0	0	20	0	3	0	5	1	0	0	0	0	11
1178.000	0	0	0	0	0	0	0	9	0	0	0	0	0	0	0	0	19	0	11	3	0	0	1	0	0	11	0	1	0	7	0	0	0	0	0	10
1178.200	0	0	0	0	0	0	0	8	0	0	0	0	0	0	0	0	20	1	6	3	0	0	0	0	0	11	0	0	0	2	0	0	0	0	0	13
1178.400	0	0	0	0	0	0	0	8	0	0	0	0	0	0	0	0	14	0	9	1	0	0	2	0	0	17	0	1	0	6	2	0	0	0	0	16
1178.600	0	0	0	0	0	0	0	9	0	0	0	0	0	0	0	0	25	0	7	2	0	0	2	0	0	15	0	0	0	5	0	0	0	0	0	15
1178.800	0	0	0	0	0	0	0	10	0	0	0	0	0	0	0	0	16	0	12	2	0	0	2	0	0	13	0	2	0	5	2	0	0	0	0	9
1179.000	0	0	0	0	0	0	0	10	0	0	0	0	0	0	0	0	20	0	10	3	0	0	2	0	0	14	0	1	0	5	0	0	0	0	0	14
1179.200	0	0	0	0	0	0	0	10	0	0	0	0	0	0	0	0	15	0	14	1	0	0	3	0	0	14	0	2	0	5	0	0	0	0	0	14
1179.400	0	0	0	0	0	0	0	6	0	0	0	0	0	0	0	0	17	0	16	2	0	0	2	0	0	9	0	0	0	5	1	0	0	0	0	14
1179.600	0	0	0	0	0	0	0	8	0	0	0	0	0	0	0	0	21	0	15	4	0	0	2	0	0	12	0	1	0	0	1	0	0	0	0	12
1179.800	0	0	0	0	0	0	0	11	0	0	0	0	0	0	0	0	22	0	6	3	0	0	1	0	0	17	0	2	0	6	1	0	0	0	0	14
1180.000	0	0	0	0	0	0	0	9	0	0	0	0	0	0	0	0	19	0	3	3	0	0	0	0	0	14	0	0	0	6	4	0	0	0	0	14
1180.200	0	0	0	0	0	0	0	9	0	0	0	0	0	0	0	0	21	1	11	1	0	0	0	0	0	7	0	0	0	3	6	0	0	0	0	16
1180.400	0	0	0	0	0	0	0	11	0	0	0	0	0	0	0	0	19	0	15	3	0	0	1	0	0	14	0	0	0	6	1	0	0	0	0	12
1180.600	0	0	0	0	0	0	0	12	0	0	0	0	0	0	0	0	19	0	15	3	0	0	0	0	0	9	0	0	0	3	1	0	0	0	0	14
1180.800	0	0	0	0	0	0	0	9	0	0	0	0	0	0	0	0	23	0	13	3	0	0	0	0	0	6	0	0	0	3	0	0	0	0	0	16
1181.000	0	0	0	0	0	0	0	11	0	0	0	0	0	0	0	0	19	0	12	3	0	0	2	0	0	9	0	0	0	3	5	0	0	0	0	13
1181.200	0	0	0	0	0	0	0	10	0	0	0	0	0	0	0	0	16	0	9	3	0	0	2	0	0	15	0	0	0	0	0	0	0	0	0	16
1181.400	0	0	0	0	0	0	0	9	0	0	0	0	0	0	0	0	19	0	12	4	0	0	2	0	0	13	0	0	0	3	2	0	0	0	0	17
1181.600	0	0	0	0	0	0	0	10	0	0	0	0	0	0	0	0	16	0	12	3	0	0	2	0	0	14	0	2	0	9	2	0	0	0	0	16
1181.800	0	0	0	0	0	0	0	10	0	0	0	0	0	0	0	0	21	0	15	1	0	0	2	0	0	11	0	0	0	5	2	0	0	0	0	15
1182.000	0	0	0	0	0	0	0	8	0	0	0	0	0	0	0	0	19	0	18	2	0	0	4	0	0	14	0	0	0	6	2	0	0	0	0	16
1182.200	0	0	0	0	0	0	0	10	0	0	0	0	0	0	0	0	11	0	19	0	0	0	2	0	0	13	0	0	0	2	0	0	0	0	0	14
1182.400	0	0	0	0	0	0	0	8	0	0	0	0	0	0	0	0	20	0	14	2	0	0	2	0	0	9	0	0	0	6	0	0	0	0	0	14
1182.600	0	0	0	0	0	0	0	8	0	0	0	0	0	0	0	0	16	0	15	2	0	0	1	0	0	16	0	0	0	4	0	0	0	0	0	15
1182.800	0	0	0	0	0	0	0	8	0	0	0	0	0	0	0	0	22	0	15	3	0	0	0	0	0	9	0	0	0	0	0	0	0	0	0	17
1183.000	0	0	0	0	0	0	0	7	0	0	0	0	0	0	0	0	16	0	14	4	0	0	0	0	0	13	0	0	0	3	0	0	0	0	0	18
1183.200	0	0	0	0	0	0	0	10	0	0	0	0	0	0	0	0	15	0	12	2	0	0	0	0	0	12	0	0	0	0	0	0	0	0	0	14
1183.400	0	0	0	0	0	0	0	8	0	0	0	0	0	0	0	0	17	0	13	2	0	0	1	0	0	12	0	0	0	1	0	0	0	0	0	15
1183.600	0	0	0	0	0	0	0	8	0	0	0	0	0	0	0	0	16	0	9	2	0	0	1	0	0	7	0	0	0	4	0	0	0	0	0	12
1183.800	0	0	0	0	0	0	0	9	0	0	0	0	0	0	0	0	24	0	16	3	0	0	0	0	0	8	0	0	0	3	0	0	0	0	0	18
1184.000	0	0	0	0	0	0	0	10	0	0	0	0	0	0	0	0	18	0	15	3	0	0	0	0	0	15	0	0	0	2	3	0	0	0	0	14
1184.200	0	0	0	0	0	0	0	6	0	0	0	0	0	0	0	0	23	0	12	2	0	0	1	0	0	13	0	0	0	0	0	0	0	0	0	14
1184.400	0	0	0	0	0	0	0	8	0	0	0	0	0	0	0	0	20	0	11	2	0	0	0	0	0	15	0	0	0	2	0	0	0	0	0	16
1184.600	0	0	0	0	0	0	0	10	0	0	0	0	0	0	0	0	22	0	9	3	0	0	2	0	0	3	0	0	0	1	0	0	0	0	0	12
1184.800	0	0	0	0	0	0	0	10	0	0	0	0	0	0	0	0	21	0	15	1	0	0	2	0	0	10	0	0	0	2	0	0	0	0	0	13
1185.000	0	0	0	0	0	0	0	8	0	0	0	0	0	0	0	0	22	0	12	5	0	0	2	0	0	14	0	0	0	4	0	0	0	0	0	15
1185.200	0	0	0	0	0	0	0	9	0	0	0	0	0	0	0	0	15	0	15	2	0	0	2	0	0	10	0	0	0	6	2	0	0	0	0	17
1185.400	0	0	0	0	0	0	0	9	0	0	0	0	0	0	0	0	19	0	12	2	0	0	2	0	0	12	0	0	0	2	0	0	0	0	0	15
1185.600	0	0	0	0	0	0	0	8	0	0	0	0	0	0	0	0	20	0	11	3	0	0	2	0	0	15	0	1	0	4	2	0	0	0	0	14
1185.800	0	0	0	0	0	0	0	6	0	0	0	0	0	0	0	0	21	0	10	2	0	0	2	0	0	16	0	0	0	0	1	0	0	0	0	14
1186.000	0	0	0	0	0	0	0	5	0	0	0	0	0	0	0	0	23	0	14	3	0	0	3	0	0	10	0	1	0	5	3	0	0	0	0	13
1186.200	0	0	0	0	0	0	0	4	0	0	0	0	0	0	0	0	21	0	10	1	0	0	1	0	0	12	0	0	0	1	2	0	0	0	0	15
1186.400	0	0	0	0	0	0	0	9	0	0	0	0	0	0	0	0	20	0	14	3	0	0	2	0	0	8	0	0	0	3	1	0	0	0	0	16
1186.600	0	0	0	0	0	0	0	9	0	0	0	0	0	0	0	0	20	0	13	1	0	0	2	0	0	15	0	1	0	0	7	0	0	0	0	13
1186.800	0	0	0	0	0	0	0	10	0	0	0	0	0	0	0	0	21	0	9	4	0	0	2	0	0	11	0	0	0	2	0	0	0	0	0	14
1187.000	0	0	0	0	0	0	0	7	0	0	0	0	0	0	0	0	23	0	10	1	0	0	1	0	0	12	0	1	0	4	0	0	0	0	0	13
1187.200	0	0	0	0	0	0	0	6	0	0	0	0	0	0	0	0	17	0	12	3	0	0	2	0	0	14	0	0	0	3	0	0	0	0	0	14
1187.400	0	0	0	0	0	0	0	9	0	0	0	0	0	0	0	0	18	0	15	3	0	0	2	0	0	6	0	1	0	1	0	0	0	0	0	12
1187.600	0	0	0	0	0	0	0	9	0	0	0	0	0	0	0	0	18	0	14	2	0	0	0	0	0	8	0	0	0	3	0	0	0	0	0	12
1187.800	0	0	0	0	0	0	0	9	0	0	0	0	0	0	0	0	13	0	12	1	0	0	0	0	0	15	0	1	0	5	0	0	0	0	0	16
1188.000	0	0	0	0	0	0	0	10	0	0	0	0	0	0	0	0	22	0	2	1	0	0	2	0	0	6	0	0	0	3	0	0	0	0	0	17
1188.200	0	0	0	0	0	0	0	9	0	0	0	0	0	0	0	0	19	0	9	2	0	0	2	0	0	15	0	0	0	3	0	0	0	0	0	15
1188.400	0	0	0	0	0	0	0	6	0	0	0	0	0	0	0	0	22	0	10	3	0	0	1	0	0	17	0	0	0	5	0	0	0	0	0	16
1188.600	0	0	0	0	0	0	0	8	0	0	0	0	0	0	0	0	19	0	13	3	0	0	0	0	0	11	0	0	0	2	0	0	0	0	0	16
1188.800	0	0	0	0	0	0	0	8	0	0	0	0	0	0	0	0	21	0	11	2	0	0	0	0	0	17	0	0	0	7	0	0	0	0	0	19
1189.000	0	0	0	0	0	0	0	9	0	0	0	0	0	0	0	0	21	0	15	2	0	0	0	0	0	14	0	0	0	1	0	0	0	0	0	17
1189.200	0	0	0	0	0	0	0	5	0	0	0	0	0	0	0	0	19	0	13	2	0	0	0	0	0	8	0	0	0	4	0	0	0	0	0	15
1189.400	0	0	0	0	0	0	0	5	0	0	0	0	0	0	0	0	15	0	7	2	0	0	0	0	0	6	0	0	0	7	3	0	0	0	0	14
1189.600	0	0	0	0	0	0	0	6	0	0	0	0	0	0	0	0	19	0	13	3	0	0	0	0	0	11	0	0	0	4	0	0	0	0	0	12
1189.800	0	0	0	0	0	0	0	6	0	0	0	0	0	0	0	0	19	0	10	3	0	0	0	0	0	10	0	0	0	6	0	0	0	0	0	13
1190.000	0	0	0	0	0	0	0	5	0	0	0	0	0	0	0	0	17	0	8	2	0	0	2	0	0	10	0	1	0	5	3	0	0	0	0	13
1190.200	0	0	0	0	0	0	0	5	0	0	0	0	0	0	0	0	21	0	16	3	0	0	2	0	0	15	0	2	0	6	3	0	0	0	0	16
1190.400	0	0	0	0	0	0	0	6	0	0	0	0	0	0	0	0	23	0	14	3	0	0	2	0	0	10	0	0	0	6	0	0	0	0	0	18
1190.600	0	0	0	0	0	0	0	5	0	0	0	0	0	0	0	0	19	0	17	2	0	0	0	0	0	11	0	0	0	2	1	0	0	0	0	16
1190.800	0	0	0	0	0	0	0	3	0	0	0	0	0	0	0	0	19	1	16	4	0	0	2	0	0	10	0	0	0	7	4	0	0	0	0	16
1191.000	0	0	0	0	0	0	0	4	0	0	0	0	0	0	0	0	25	0	10	3	0	0	2	0	0	13	0	1	0	7	1	0	0	0	0	16
1191.200	0	0	0	0	0	0	0	5	0	0	0	0	0	0	0	0	15	0	13	3	0	0	2	0	0	13	0	0	0	3	2	0	0	0	0	17
1191.400	0	0	0	0	0	0	0	5	0	0	0	0	0	0	0	0	21	0	17	2	0	0	2	0	0	13	0	0	0	3	3	0	0	0	0	16
1191.600	0	0	0	0	0	0	0	5	0	0	0	0	0	0	0	0	17	0	13	4	0	0	2	0	0	19	0	2	0	5	3	0	0	0	0	12
1191.800	0	0	0	0	0	0	0	7	0	0	0	0	0	0	0	0	12	0	8	3	0	0	0	0	0	10	0	2	0	2	4	0	0	0	0	14
1192.000	0	0	0	0	0	0	0	6	0	0	0	0	0	0	0	0	17	0	7	3	0	0	0	0	0	7	0	0	0	4	5	0	0	0	0	11
1192.200	0	0	0	0	0	0	0	6	0	0	0	0	0	0	0	0	16	0	13	4	0	0	0	0	0	8	0	0	0	8	3	0	0	0	0	18
1192.400	0	0	0	0	0	0	0	6	0	0	0	0	0	0	0	0	19	0	6	3	0	0	2	0	0	10	0	2	0	5	1	0	0	0	0	16
1192.600	0	0	0	0	0	0	0	6	0	0	0	0	0	0	0	0	16	0	12	3	0	0	1	0	0	12	0	0	0	4	2	0	0	0	0	17
1192.800	0	0	0	0	0	0	0	4	0	0	0	0	0	0	0	0	24	0	15	5	0	0	0	0	0	7	0	0	0	1	0	0	0	0	0	16
1193.000	0	0	0	0	0	0	0	6	0	0	0	0	0	0	0	0	19	0	11	4	0	0	2	0	0	12	0	0	0	2	0	0	0	0	0	14
1193.200	0	0	0	0	0	0	0	6	0	0	0	0	0	0	0	0	21	0	16	4	0	0	2	0	0	14	0	0	0	1	0	0	0	0	0	14
1193.400	0	0	0	0	0	0	0	6	0	0	0	0	0	0	0	0	20	0	12	3	0	0	2	0	0	9	0	1	0	7	3	0	0	0	0	17
1193.600	0	0	0	0	0	0	0	10	0	0	0	0	0	0	0	0	19	0	7	2	0	0	2	0	0	15	0	3	0	3	2	0	0	0	0	17
1193.800	0	0	0	0	0	0	0	9	0	0	0	0	0	0	0	0	19	0	13	1	0	0	3	0	0	9	0	2	0	5	5	0	0	0	0	15
1194.000	0	0	0	0	0	0	0	9	0	0	0	0	0	0	0	0	19	0	16	2	0	0	2	0	0	13	0	2	0	6	0	0	0	0	0	17
1194.200	0	0	0	0	0	0	0	12	0	0	0	0	0	0	0	0	20	0	20	3	0	0	2	0	0	10	0	0	0	6	2	0	0	0	0	16
1194.400	0	0	0	0	0	0	0	7	0	0	0	0	0	0	0	0	20	0	14	3	0	0	2	0	0	11	0	2	0	5	1	0	0	0	0	14
1194.600	0	0	0	0	0	0	0	11	0	0	0	0	0	0	0	0	19	0	12	2	0	0	3	0	0	13	0	2	0	3	6	0	0	0	0	14
1194.800	0	0	0	0	0	0	0	9	0	0	0	0	0	0	0	0	23	0	11	4	0	0	0	0	0	14	0	2	0	5	4	0	0	0	0	17
1195.000	0	0	0	0	0	0	0	7	0	0	0	0	0	0	0	0	20	0	12	3	0	0	0	0	0	16	0	2	0	9	4	0	0	0	0	14
1195.200	0	0	0	0	0	0	0	4	0	0	0	0	0	0	0	0	17	0	14	4	0	0	0	0	0	11	0	2	0	1	6	0	0	0	0	17
1195.400	0	0	0	0	0	0	0	10	0	0	0	0	0	0	0	0	16	1	10	2	0	0	0	0	0	12	0	0	0	5	0	0	0	0	0	12
1195.600	0	0	0	0	0	0	0	10	0	0	0	0	0	0	0	0	23	1	13	4	0	0	0	0	0	13	0	0	0	7	2	0	0	0	0	14
1195.800	0	0	0	0	0	0	0	9	0	0	0	0	0	0	0	0	18	1	16	5	0	0	0	0	0	16	0	0	0	6	0	0	0	0	0	19
1196.000	0	0	0	0	0	0	0	8	0	0	0	0	0	0	0	0	21	1	14	5	0	0	0	0	0	5	0	1	0	3	2	0	0	0	0	15
1196.200	0	0	0	0	0	0	0	12	0	0	0	0	0	0	0	0	16	0	13	4	0	0	2	0	0	5	0	0	0	4	1	0	0	0	0	18
1196.400	0	0	0	0	0	0	0	11	0	0	0	0	0	0	0	0	14	0	17	1	0	0	2	0	0	13	0	0	0	2	6	0	0	0	0	14
1196.600	0	0	0	0	0	0	0	8	0	0	0	0	0	0	0	0	21	0	14	4	0	0	1	0	0	15	0	0	0	5	5	0	0	0	0	13
1196.800	0	0	0	0	0	0	0	8	0	0	0	0	0	0	0	0	21	0	12	2	0	0	2	0	0	9	0	0	0	1	0	0	0	0	0	15
1197.000	0	0	0	0	0	0	0	13	0	0	0	0	0	0	0	0	13	0	16	3	0	0	2	0	0	11	0	0	0	8	2	0	0	0	0	14
1197.200	0	0	0	0	0	0	0	12	0	0	0	0	0	0	0	0	16	0	12	3	0	0	2	0	0	10	0	0	0	2	0	0	0	0	0	14
1197.400	0	0	0	0	0	0	0	7	0	0	0	0	0	0	0	0	15	0	19	3	0	0	2	0	0	10	0	2	0	3	2	0	0	0	0	16
1197.600	0	0	0	0	0	0	0	8	0	0	0	0	0	0	0	0	17	0	15	1	0	0	2	0	0	7	0	0	0	4	3	0	0	0	2	15
1197.800	0	0	0	0	0	0	0	8	0	0	0	0	0	0	0	0	11	0	9	1	0	0	2	0	0	12	0	0	0	4	4	0	0	0	0	16
1198.000	0	0	0	0	0	0	0	10	0	0	0	0	0	0	0	0	15	0	17	3	0	0	2	0	0	8	0	0	0	5	0	0	0	0	0	15
1198.200	0	0	0	0	0	0	0	14	0	0	0	0	0	0	0	0	18	0	8	2	0	0	1	0	0	6	0	0	0	6	2	0	0	0	0	15
1198.400	0	0	0	0	0	0	0	6	0	0	0	0	0	0	0	0	12	0	14	2	0	0	2	0	0	7	0	0	0	2	2	0	0	0	0	16
1198.600	0	0	0	0	0	0	0	4	0	0	0	0	0	0	0	0	18	0	11	2	0	0	2	0	0	7	0	0	0	8	2	0	0	0	0	14
1198.800	0	0	0	0	0	0	0	6	0	0	0	0	0	0	0	0	18	0	15	1	0	0	1	0	0	15	0	0	0	1	2	0	0	0	0	15
1199.000	0	0	0	0	0	0	0	5	0	0	0	0	0	0	0	0	11	0	12	2	0	0	2	0	0	5	0	0	0	4	3	0	0	0	0	14
1199.200	0	0	0	0	0	0	0	9	0	0	0	0	0	0	0	0	20	0	14	4	0	0	0	0	0	16	0	0	0	2	5	0	0	0	0	15
1199.400	0	0	0	0	0	0	0	8	0	0	0	0	0	0	0	0	12	0	14	2	0	0	1	0	0	12	0	0	0	2	0	0	0	0	0	18
1199.600	0	0	0	0	0	0	0	9	0	0	0	0	0	0	0	0	16	0	11	2	0	0	0	0	0	17	0	0	0	3	0	0	0	0	0	15
1199.800	0	0	0	0	0	0	0	10	0	0	0	0	0	0	0	0	19	0	12	5	0	0	0	0	0	16	0	0	0	1	0	0	0	0	0	14
1200.000	0	0	0	0	0	0	0	7	0	0	0	0	0	0	0	0	17	0	14	1	0	0	2	0	0	11	0	1	0	3	5	0	0	0	2	11
1200.200	0	0	0	0	0	0	0	11	0	0	0	0	0	0	0	0	14	0	15	3	0	0	0	0	0	10	0	0	0	2	0	0	0	0	0	16
1200.400	0	0	0	0	0	0	0	8	0	0	0	0	0	0	0	0	21	0	10	2	0	0	0	0	0	6	0	0	0	4	0	0	0	0	0	15
1200.600	0	0	0	0	0	0	0	10	0	0	0	0	0	0	0	0	18	0	17	1	0	0	0	0	0	15	0	0	0	4	2	0	0	0	0	14
1200.800	0	0	0	0	0	0	0	3	0	0	0	0	0	0	0	0	16	0	16	2	0	0	0	0	0	8	0	1	0	6	4	0	0	0	0	14
1201.000	0	0	0	0	0	0	0	12	0	0	0	0	0	0	0	0	15	0	13	2	0	0	0	0	0	9	0	1	0	5	1	0	0	0	0	16
1201.200	0	0	0	0	0	0	0	10	0	0	0	0	0	0	0	0	12	0	12	3	0	0	0	0	0	12	0	0	0	2	0	0	0	0	0	14
1201.400	0	0	0	0	0	0	0	7	0	0	0	0	0	0	0	0	16	0	13	1	0	0	0	0	0	9	0	1	0	2	0	0	0	0	0	15
1201.600	0	0	0	0	0	0	0	9	0	0	0	0	0	0	0	0	14	0	12	1	0	0	0	0	0	12	0	2	0	1	0	0	0	0	0	17
1201.800	0	0	0	0	0	0	0	6	0	0	0	0	0	0	0	0	17	0	15	1	0	0	0	0	0	12	0	1	0	3	2	0	0	0	0	16
1202.000	0	0	0	0	0	0	0	9	0	0	0	0	0	0	0	0	14	0	11	3	0	0	0	0	0	15	0	0	0	1	0	0	0	0	0	15
1202.200	0	0	0	0	0	0	0	9	0	0	0	0	0	0	0	0	13	1	15	1	0	0	0	0	0	10	0	0	0	3	0	0	0	0	0	10
1202.400	0	0	0	0	0	0	0	9	0	0	0	0	0	0	0	0	14	0	12	1	0	0	0	0	0	16	0	0	0	0	0	0	0	0	0	15
1202.600	0	0	0	0	0	0	0	6	0	0	0	0	0	0	0	0	13	0	18	3	0	0	0	0	0	14	0	0	0	2	1	0	0	0	0	15
1202.800	0	0	0	0	0	0	0	8	0	0	0	0	0	0	0	0	15	0	11	2	0	0	0	0	0	17	0	0	0	0	0	0	0	0	0	14
1203.000	0	0	0	0	0	0	0	3	0	0	0	0	0	0	0	0	19	0	11	2	0	0	0	0	0	11	0	0	0	0	4	0	0	0	0	17
1203.200	0	0	0	0	0	0	0	10	0	0	0	0	0	0	0	0	15	0	17	4	0	0	0	0	0	11	0	0	0	1	1	0	0	0	0	18
1203.400	0	0	0	0	0	0	0	7	0	0	0	0	0	0	0	0	16	0	13	3	0	0	1	0	0	13	0	0	0	0	3	0	0	0	0	18
1203.600	0	0	0	0	0	0	0	6	0	0	0	0	0	0	0	0	18	0	18	2	0	0	1	0	0	14	0	0	0	0	2	0	0	0	0	12
1203.800	0	0	0	0	0	0	0	5	0	0	0	0	0	0	0	0	14	0	15	2	0	0	0	0	0	10	0	1	0	1	1	0	0	0	0	11
1204.000	0	0	0	0	0	0	0	8	0	0	0	0	0	0	0	0	15	0	14	3	0	0	1	0	0	6	0	0	0	2	0	0	0	0	0	14
1204.200	0	0	0	0	0	0	0	4	0	0	0	0	0	0	0	0	18	0	16	2	0	0	1	0	0	8	0	0	0	0	1	0	0	0	0	14
1204.400	0	0	0	0	0	0	0	7	0	0	0	0	0	0	0	0	16	0	13	2	0	0	0	0	0	7	0	0	0	3	2	0	0	0	0	11
1204.600	0	0	0	0	0	0	0	8	0	0	0	0	0	0	0	0	12	0	19	1	0	0	0	0	0	11	0	0	0	0	0	0	0	0	0	15
1204.800	0	0	0	0	0	0	0	8	0	0	0	0	0	0	0	0	15	0	9	2	0	0	0	0	0	15	0	0	0	0	0	0	0	0	0	13
1205.000	0	0	0	0	0	0	0	9	0	0	0	0	0	0	0	0	18	0	12	3	0	0	0	0	0	6	0	0	0	1	1	0	0	0	0	17
1205.200	0	0	0	0	0	0	0	10	0	0	0	0	0	0	0	0	18	0	11	1	0	0	0	0	0	8	0	0	0	1	2	0	0	0	0	15
1205.400	0	0	0	0	0	0	0	9	0	0	0	0	0	0	0	0	18	0	6	2	0	0	0	0	0	8	0	0	0	4	1	0	0	0	0	6
1205.600	0	0	0	0	0	0	0	9	0	0	0	0	0	0	0	0	15	0	9	1	0	0	0	0	0	15	0	0	0	0	2	0	0	0	0	4
1205.800	0	0	0	0	0	0	0	8	0	0	0	0	0	0	0	0	16	0	11	1	0	0	0	0	0	15	0	0	0	0	0	0	0	0	0	2
1206.000	0	0	0	0	0	0	0	10	0	0	0	0	0	0	0	0	18	0	6	1	0	0	0	0	0	13	0	1	0	0	4	0	0	0	0	15
1206.200	0	0	0	0	0	0	0	7	0	0	0	0	0	0	0	0	25	0	15	2	0	0	0	0	0	9	0	4	0	1	0	0	0	0	1	16
1206.400	0	0	0	0	0	0	0	7	0	0	0	0	0	0	0	0	16	0	14	2	0	0	0	0	0	16	0	4	0	3	2	0	0	0	0	16
1206.600	0	0	0	0	0	0	0	9	0	0	0	0	0	0	0	0	12	0	15	1	0	0	0	0	0	10	0	5	0	5	5	0	0	0	0	16
1206.800	0	0	0	0	0	0	0	8	0	0	0	0	0	0	0	0	18	0	14	3	0	0	0	0	0	18	0	2	0	6	2	0	0	0	0	15
1207.000	0	0	0	0	0	0	0	7	0	0	0	0	0	0	0	0	19	0	12	2	0	0	0	0	0	10	0	0	0	4	6	0	0	0	0	14
1207.200	0	0	0	0	0	0	0	9	0	0	0	0	0	0	0	0	21	0	16	1	0	0	0	0	0	15	0	3	0	4	3	0	0	0	0	15
1207.400	0	0	0	0	0	0	0	7	0	0	0	0	0	0	0	0	20	0	16	3	0	0	0	0	0	11	0	3	0	3	4	0	0	0	0	14
1207.600	0	0	0	0	0	0	0	8	0	0	0	0	0	0	0	0	22	0	12	3	0	0	0	0	0	15	0	5	0	6	3	0	0	0	0	15
1207.800	0	0	0	0	0	0	0	10	0	0	0	0	0	0	0	0	19	0	18	1	0	0	0	0	0	14	0	2	0	3	9	0	0	0	0	16
1208.000	0	0	0	0	0	0	0	8	0	0	0	0	0	0	0	0	16	0	12	1	0	0	0	0	0	13	0	1	0	3	4	0	0	0	0	15
1208.200	0	0	0	0	0	0	0	7	0	0	0	0	0	0	0	0	20	0	11	3	0	0	0	0	0	14	0	6	0	0	6	0	0	0	0	15
1208.400	0	0	0	0	0	0	0	8	0	0	0	0	0	0	0	0	20	0	18	2	0	0	0	0	0	15	0	2	0	3	2	0	0	0	0	15
1208.600	0	0	0	0	0	0	0	9	0	0	0	0	0	0	0	0	15	0	17	1	0	0	0	0	0	12	0	2	0	3	3	0	0	0	0	15
1208.800	0	0	0	0	0	0	0	9	0	0	0	0	0	0	0	0	19	0	6	3	0	0	0	0	0	12	0	4	0	1	0	0	0	0	0	14
1209.000	0	0	0	0	0	0	0	5	0	0	0	0	0	0	0	0	17	0	9	2	0	0	0	0	0	6	0	2	0	1	0	0	0	0	0	16
1209.200	0	0	0	0	0	0	0	7	0	0	0	0	0	0	0	0	18	0	10	2	0	0	2	0	0	17	0	3	0	5	0	0	0	0	0	15
1209.400	0	0	0	0	0	0	0	10	0	0	0	0	0	0	0	0	23	0	18	3	0	0	2	0	0	7	0	4	0	6	0	0	0	0	0	12
1209.600	0	0	0	0	0	0	0	9	0	0	0	0	0	0	0	0	20	0	12	3	0	0	2	0	0	16	0	4	0	4	0	0	0	0	0	15
1209.800	0	0	0	0	0	0	0	14	0	0	0	0	0	0	0	0	24	0	10	3	0	0	2	0	0	10	0	0	0	2	0	0	0	0	0	9
1210.000	0	0	0	0	0	0	0	9	0	0	0	0	0	0	0	0	13	0	15	1	0	0	2	0	0	12	0	0	0	2	6	0	0	0	1	15
1210.200	0	0	0	0	0	0	0	9	0	0	0	0	0	0	0	0	17	0	15	3	0	0	2	0	0	12	0	0	0	0	2	0	0	0	0	12
1210.400	0	0	0	0	0	0	0	8	0	0	0	0	0	0	0	0	20	0	8	2	0	0	2	0	0	7	0	0	0	1	0	0	0	0	0	14
1210.600	0	0	0	0	0	0	0	9	0	0	0	0	0	0	0	0	22	0	8	2	0	0	2	0	0	12	0	0	0	0	0	0	0	0	0	14
1210.800	0	0	0	0	0	0	0	9	0	0	0	0	0	0	0	0	19	0	13	1	0	0	2	0	0	6	0	0	0	0	0	0	0	0	0	16
1211.000	0	0	0	0	0	0	0	8	0	0	0	0	0	0	0	0	20	0	17	3	0	0	0	0	0	12	0	2	0	3	0	0	0	0	1	15
1211.200	0	0	0	0	0	0	0	6	0	0	0	0	0	0	0	0	18	0	9	1	0	0	2	0	0	12	0	2	0	2	0	0	0	0	0	10
1211.400	0	0	0	0	0	0	0	5	0	0	0	0	0	0	0	0	15	0	15	2	0	0	2	0	0	13	0	0	0	1	0	0	0	0	0	12
1211.600	0	0	0	0	0	0	0	8	0	0	0	0	0	0	0	0	13	0	10	1	0	0	2	0	0	12	0	0	0	2	0	0	0	0	0	20
1211.800	0	0	0	0	0	0	0	6	0	0	0	0	0	0	0	0	15	0	13	3	0	0	2	0	0	6	0	0	0	3	0	0	0	0	0	12
1212.000	0	0	0	0	0	0	0	4	0	0	0	0	0	0	0	0	19	0	19	4	0	0	2	0	0	12	0	0	0	4	0	0	0	0	0	18
1212.200	0	0	0	0	0	0	0	6	0	0	0	0	0	0	0	0	17	0	8	2	0	0	2	0	0	12	0	0	0	1	0	0	0	0	0	12
1212.400	0	0	0	0	0	0	0	4	0	0	0	0	0	0	0	0	19	0	16	3	0	0	2	0	0	11	0	0	0	1	0	0	0	0	0	13
1212.600	0	0	0	0	0	0	0	7	0	0	0	0	0	0	0	0	22	0	15	3	0	0	2	0	0	10	0	0	0	3	0	0	0	0	0	10
1212.800	0	0	0	0	0	0	0	12	0	0	0	0	0	0	0	0	12	0	10	3	0	0	1	0	0	10	0	4	0	5	3	0	0	0	0	16
1213.000	0	0	0	0	0	0	0	9	0	0	0	0	0	0	0	0	14	0	15	3	0	0	2	0	0	7	0	2	0	2	0	0	0	0	0	14
1213.200	0	0	0	0	0	0	0	3	0	0	0	0	0	0	0	0	18	0	12	3	0	0	0	0	0	7	0	1	0	4	0	0	0	0	0	15
1213.400	0	0	0	0	0	0	0	9	0	0	0	0	0	0	0	0	21	0	13	3	0	0	2	0	0	12	0	0	0	4	0	0	0	0	0	7
1213.600	0	0	0	0	0	0	0	7	0	0	0	0	0	0	0	0	22	0	12	3	0	0	0	0	0	10	0	0	0	2	0	0	0	0	0	20
1213.800	0	0	0	0	0	0	0	7	0	0	0	0	0	0	0	0	13	1	12	3	0	0	0	0	0	6	0	0	0	5	0	0	0	0	0	14
1214.000	0	0	0	0	0	0	0	9	0	0	0	0	0	0	0	0	13	0	15	2	0	0	2	0	0	10	0	0	0	3	0	0	0	0	0	11
1214.200	0	0	0	0	0	0	0	8	0	0	0	0	0	0	0	0	22	0	9	3	0	0	2	0	0	16	0	0	0	1	0	0	0	0	0	9
1214.400	0	0	0	0	0	0	0	5	0	0	0	0	0	0	0	0	17	0	7	4	0	0	2	0	0	14	0	0	0	4	0	0	0	0	0	10
1214.600	0	0	0	0	0	0	0	6	0	0	0	0	0	0	0	0	18	0	15	3	0	0	3	0	0	12	0	0	0	2	0	0	0	0	0	12
1214.800	0	0	0	0	0	0	0	8	0	0	0	0	0	0	0	0	19	0	6	3	0	0	2	0	0	20	0	0	0	2	0	0	0	0	0	12
1215.000	0	0	0	0	0	0	0	5	0	0	0	0	0	0	0	0	14	0	15	2	0	0	2	0	0	14	0	0	0	2	0	0	0	0	0	11
1215.200	0	0	0	0	0	0	0	6	0	0	0	0	0	0	0	0	14	0	11	2	0	0	1	0	0	6	0	1	0	5	0	0	0	0	0	11
1215.400	0	0	0	0	0	0	0	7	0	0	0	0	0	0	0	0	18	0	11	2	0	0	2	0	0	8	0	0	0	1	0	0	0	0	0	12
1215.600	0	0	0	0	0	0	0	4	0	0	0	0	0	0	0	0	13	0	10	2	0	0	2	0	0	16	0	1	0	5	0	0	0	0	0	9
1215.800	0	0	0	0	0	0	0	5	0	0	0	0	0	0	0	0	20	0	7	3	0	0	2	0	0	9	0	0	0	4	0	0	0	0	0	12
1216.000	0	0	0	0	0	0	0	10	0	0	0	0	0	0	0	0	18	0	7	2	0	0	1	0	0	11	0	0	0	3	0	0	0	0	0	7
1216.200	0	0	0	0	0	0	0	9	0	0	0	0	0	0	0	0	21	0	14	3	0	0	2	0	0	13	0	0	0	3	0	0	0	0	0	11
1216.400	0	0	0	0	0	0	0	7	0	0	0	0	0	0	0	0	20	0	10	3	0	0	2	0	0	12	0	0	0	2	0	0	0	0	0	10
1216.600	0	0	0	0	0	0	0	8	0	0	0	0	0	0	0	0	21	0	13	3	0	0	2	0	0	11	0	0	0	6	0	0	0	0	0	15
1216.800	0	0	0	0	0	0	0	8	0	0	0	0	0	0	0	0	21	0	14	1	0	0	2	0	0	14	0	0	0	3	0	0	0	0	0	16
1217.000	0	0	0	0	0	0	0	9	0	0	0	0	0	0	0	0	18	0	14	3	0	0	2	0	0	9	0	0	0	4	0	0	0	0	0	15
1217.200	0	0	0	0	0	0	0	6	0	0	0	0	0	0	0	0	19	0	17	3	0	0	2	0	0	9	0	0	0	2	0	0	0	0	0	10
1217.400	0	0	0	0	0	0	0	9	0	0	0	0	0	0	0	0	17	0	13	3	0	0	2	0	0	11	0	0	0	1	0	0	0	0	0	16
1217.600	0	0	0	0	0	0	0	7	0	0	0	0	0	0	0	0	11	0	14	2	0	0	0	0	0	12	0	0	0	2	0	0	0	0	1	18
1217.800	0	0	0	0	0	0	0	9	0	0	0	0	0	0	0	0	18	0	8	3	0	0	2	0	0	8	0	0	0	2	0	0	0	0	0	15
1218.000	0	0	0	0	0	0	0	8	0	0	0	0	0	0	0	0	20	0	15	3	0	0	2	0	0	17	0	0	0	4	0	0	0	0	0	15
1218.200	0	0	0	0	0	0	0	7	0	0	0	0	0	0	0	0	19	0	14	3	0	0	2	0	0	14	0	0	0	5	0	0	0	0	0	12
1218.400	0	0	0	0	0	0	0	10	0	0	0	0	0	0	0	0	19	0	17	3	0	0	2	0	0	14	0	0	0	2	0	0	0	0	0	11
1218.600	0	0	0	0	0	0	0	9	0	0	0	0	0	0	0	0	17	0	16	3	0	0	2	0	0	13	0	0	0	4	0	0	0	0	0	11
1218.800	0	0	0	0	0	0	0	9	0	0	0	0	0	0	0	0	20	0	13	3	0	0	2	0	0	8	0	0	0	2	0	0	0	0	0	19
1219.000	0	0	0	0	0	0	0	7	0	0	0	0	0	0	0	0	21	0	14	2	0	0	2	0	0	9	0	1	0	3	0	0	0	0	0	14
1219.200	0	0	0	0	0	0	0	9	0	0	0	0	0	0	0	0	20	0	8	2	0	0	1	0	0	13	0	1	0	1	0	0	0	0	0	10
1219.400	0	0	0	0	0	0	0	7	0	0	0	0	0	0	0	0	20	0	12	4	0	0	2	0	0	6	0	0	0	1	0	0	0	0	0	12
1219.600	0	0	0	0	0	0	0	6	0	0	0	0	0	0	0	0	18	0	12	3	0	0	1	0	0	8	0	0	0	2	0	0	0	0	0	12
1219.800	0	0	0	0	0	0	0	5	0	0	0	0	0	0	0	0	19	0	14	3	0	0	0	0	0	10	0	0	0	1	0	0	0	0	0	14
1220.000	0	0	0	0	0	0	0	3	0	0	0	0	0	0	0	0	20	0	12	3	0	0	4	0	0	13	0	0	0	3	0	0	0	0	0	16
1220.200	0	0	0	0	0	0	0	4	0	0	0	0	0	0	0	0	21	0	15	2	0	0	4	0	0	11	0	0	0	1	0	0	0	0	0	12
1220.400	0	0	0	0	0	0	0	3	0	0	0	0	0	0	0	0	20	0	14	3	0	0	2	0	0	13	0	0	0	2	0	0	0	0	0	21
1220.600	0	0	0	0	0	0	0	4	0	0	0	0	0	0	0	0	15	0	16	2	0	0	5	0	0	12	0	0	0	1	0	0	0	0	0	14
1220.800	0	0	0	0	0	0	0	5	0	0	0	0	0	0	0	0	17	0	16	3	0	0	5	0	0	12	0	0	0	1	0	0	0	0	0	17
1221.000	0	0	0	0	0	0	0	3	0	0	0	0	0	0	0	0	25	0	15	3	0	0	4	0	0	19	0	0	0	0	0	0	0	0	0	17
1221.200	0	0	0	0	0	0	0	5	0	0	0	0	0	0	0	0	24	0	12	3	0	0	4	0	0	20	0	0	0	1	0	0	0	0	0	18
1221.400	0	0	0	0	0	0	0	5	0	0	0	0	0	0	0	0	18	0	12	4	0	0	3	0	0	14	0	0	0	1	0	0	0	0	0	13
1221.600	0	0	0	0	0	0	0	4	0	0	0	0	0	0	0	0	19	0	14	3	0	0	3	0	0	12	0	0	0	1	0	0	0	0	0	14
1221.800	0	0	0	0	0	0	0	5	0	0	0	0	0	0	0	0	18	0	9	4	0	0	3	0	0	16	0	0	0	3	0	0	0	0	0	12
1222.000	0	0	0	0	0	0	0	1	0	0	0	0	0	0	0	0	20	0	12	1	0	0	3	0	0	12	0	0	0	5	0	0	0	0	0	13
1222.200	0	0	0	0	0	0	0	3	0	0	0	0	0	0	0	0	18	0	12	4	0	0	2	0	0	10	0	0	0	3	0	0	0	0	0	15
1222.400	0	0	0	0	0	0	0	1	0	0	0	0	0	0	0	0	16	0	9	4	0	0	2	0	0	13	0	0	0	2	0	0	0	0	1	16
1222.600	0	0	0	0	0	0	0	1	0	0	0	0	0	0	0	0	19	0	10	3	0	0	2	0	0	10	0	0	0	2	0	0	0	0	0	14
1222.800	0	0	0	0	0	0	0	1	0	0	0	0	0	0	0	0	23	0	15	3	0	0	3	0	0	12	0	0	0	6	0	0	0	0	0	16
1223.000	0	0	0	0	0	0	0	3	0	0	0	0	0	0	0	0	18	1	14	2	0	0	2	0	0	9	0	1	0	4	0	0	0	0	0	16
1223.200	0	0	0	0	0	0	0	4	0	0	0	0	0	0	0	0	15	0	14	2	0	0	4	0	0	13	0	0	0	3	0	0	0	0	0	15
1223.400	0	0	0	0	0	0	0	3	0	0	0	0	0	0	0	0	17	0	10	2	0	0	2	0	0	13	0	5	0	7	0	0	0	0	0	16
1223.600	0	0	0	0	0	0	0	3	0	0	0	0	0	0	0	0	19	0	13	5	0	0	1	0	0	10	0	0	0	2	0	0	0	0	0	15
1223.800	0	0	0	0	0	0	0	3	0	0	0	0	0	0	0	0	18	0	14	2	0	0	4	0	0	11	0	0	0	5	0	0	0	0	0	16
1224.000	0	0	0	0	0	0	0	4	0	0	0	0	0	0	0	0	17	0	13	3	0	0	3	0	0	16	0	0	0	3	0	0	0	0	0	17
1224.200	0	0	0	0	0	0	0	3	0	0	0	0	0	0	0	0	15	0	12	2	0	0	2	0	0	18	0	0	0	1	0	0	0	0	0	13
1224.400	0	0	0	0	0	0	0	1	0	0	0	0	0	0	0	0	17	0	7	3	0	0	2	0	0	13	0	1	0	6	0	0	0	0	0	16
1224.600	0	0	0	0	0	0	0	1	0	0	0	0	0	0	0	0	21	0	13	3	0	0	6	0	0	11	0	0	0	1	0	0	0	0	0	13
1224.800	0	0	0	0	0	0	0	1	0	0	0	0	0	0	0	0	14	0	7	2	0	0	3	0	0	7	0	0	0	2	0	0	0	0	0	15
1225.000	0	0	0	0	0	0	0	4	0	0	0	0	0	0	0	0	17	0	13	3	0	0	2	0	0	9	0	0	0	2	0	0	0	0	0	14
1225.200	0	0	0	0	0	0	0	5	0	0	0	0	0	0	0	0	17	2	10	3	0	0	2	0	0	15	0	0	0	1	0	0	0	0	0	11
1225.400	0	0	0	0	0	0	0	4	0	0	0	0	0	0	0	0	19	0	10	3	0	0	2	0	0	10	0	0	0	3	0	0	0	0	1	16
1225.600	0	0	0	0	0	0	0	4	0	0	0	0	0	0	0	0	21	0	13	3	0	0	2	0	0	5	0	0	0	2	0	0	0	0	1	12
1225.800	0	0	0	0	0	0	0	4	0	0	0	0	0	0	0	0	18	0	12	3	0	0	2	0	0	6	0	0	0	2	0	0	0	0	0	13
1226.000	0	0	0	0	0	0	0	3	0	0	0	0	0	0	0	0	19	0	14	2	0	0	2	0	0	6	0	1	0	4	0	0	0	0	0	11
1226.200	0	0	0	0	0	0	0	6	0	0	0	0	0	0	0	0	16	0	15	2	0	0	1	0	0	6	0	0	0	0	0	0	0	0	0	13
1226.400	0	0	0	0	0	0	0	4	0	0	0	0	0	0	0	0	18	0	13	2	0	0	2	0	0	7	0	2	0	2	0	0	0	0	0	16
1226.600	0	0	0	0	0	0	0	4	0	0	0	0	0	0	0	0	12	0	15	2	0	0	2	0	0	16	0	0	0	5	0	0	0	0	0	18
1226.800	0	0	0	0	0	0	0	7	0	0	0	0	0	0	0	0	11	0	15	3	0	0	2	0	0	15	0	0	0	5	0	0	0	0	1	12
1227.000	0	0	0	0	0	0	0	3	0	0	0	0	0	0	0	0	10	0	12	2	0	0	2	0	0	12	0	0	0	5	0	0	0	0	0	20
1227.200	0	0	0	0	0	0	0	5	0	0	0	0	0	0	0	0	16	0	8	3	0	0	2	0	0	16	0	0	0	3	0	0	0	0	0	17
1227.400	0	0	0	0	0	0	0	6	0	0	0	0	0	0	0	0	19	0	11	2	0	0	2	0	0	13	0	3	0	4	0	0	0	0	0	10
1227.600	0	0	0	0	0	0	0	2	0	0	0	0	0	0	0	0	21	0	12	3	0	0	5	0	0	13	0	0	0	9	0	0	0	0	0	15
1227.800	0	0	0	0	0	0	0	6	0	0	0	0	0	0	0	0	19	0	16	2	0	0	4	0	0	13	0	0	0	5	0	0	0	0	0	14
1228.000	0	0	0	0	0	0	0	5	0	0	0	0	0	0	0	0	19	0	9	3	0	0	1	0	0	12	0	0	0	3	0	0	0	0	1	13
1228.200	0	0	0	0	0	0	0	4	0	0	0	0	0	0	0	0	17	0	10	3	0	0	2	0	0	11	0	1	0	8	0	0	0	0	0	16
1228.400	0	0	0	0	0	0	0	1	0	0	0	0	0	0	0	0	17	0	8	3	0	0	2	0	0	14	0	0	0	1	0	0	0	0	0	13
1228.600	0	0	0	0	0	0	0	3	0	0	0	0	0	0	0	0	13	0	5	2	0	0	0	0	0	14	0	0	0	2	0	0	0	0	0	17
1228.800	0	0	0	0	0	0	0	7	0	0	0	0	0	0	0	0	16	0	7	3	0	0	1	0	0	10	0	0	0	2	0	0	0	0	0	15
1229.000	0	0	0	0	0	0	0	5	0	0	0	0	0	0	0	0	20	0	12	2	0	0	2	0	0	13	0	0	0	4	0	0	0	0	0	15
1229.200	0	0	0	0	0	0	0	1	0	0	0	0	0	0	0	0	17	0	10	1	0	0	2	0	0	13	0	0	0	3	0	0	0	0	0	15
1229.400	0	0	0	0	0	0	0	5	0	0	0	0	0	0	0	0	15	0	18	4	0	0	2	0	0	10	0	0	0	6	0	0	0	0	0	17
1229.600	0	0	0	0	0	0	0	3	0	0	0	0	0	0	0	0	18	0	13	2	0	0	2	0	0	11	0	0	0	3	0	0	0	0	0	12
1229.800	0	0	0	0	0	0	0	3	0	0	0	0	0	0	0	0	10	0	12	3	0	0	0	0	0	13	0	1	0	7	0	0	0	0	0	7
1230.000	0	0	0	0	0	0	0	1	0	0	0	0	0	0	0	0	13	0	18	3	0	0	2	0	0	19	0	0	0	4	0	0	0	0	0	16
1230.200	0	0	0	0	0	0	0	2	0	0	0	0	0	0	0	0	14	0	12	3	0	0	2	0	0	16	0	0	0	4	0	0	0	0	0	17
1230.400	0	0	0	0	0	0	0	2	0	0	0	0	0	0	0	0	20	0	16	3	0	0	0	0	0	15	0	0	0	5	0	0	0	0	0	15
1230.600	0	0	0	0	0	0	0	2	0	0	0	0	0	0	0	0	23	0	16	3	0	0	2	0	0	13	0	0	0	6	0	0	0	0	0	16
1230.800	0	0	0	0	0	0	0	2	0	0	0	0	0	0	0	0	20	0	12	3	0	0	3	0	0	16	0	0	0	5	0	0	0	0	0	19
1231.000	0	0	0	0	0	0	0	1	0	0	0	0	0	0	0	0	19	0	8	1	0	0	2	0	0	11	0	0	0	6	0	0	0	0	0	17
1231.200	0	0	0	0	0	0	0	2	0	0	0	0	0	0	0	0	21	0	11	2	0	0	2	0	0	10	0	2	0	5	0	0	0	0	0	15
1231.400	0	0	0	0	0	0	0	1	0	0	0	0	0	0	0	0	20	0	8	2	0	0	2	0	0	10	0	0	0	4	0	0	0	0	1	14
1231.600	0	0	0	0	0	0	0	3	0	0	0	0	0	0	0	0	11	0	11	2	0	0	2	0	0	12	0	0	0	1	0	0	0	0	0	11
1231.800	0	0	0	0	0	0	0	4	0	0	0	0	0	0	0	0	15	0	17	2	0	0	2	0	0	11	0	0	0	1	0	0	0	0	1	13
1232.000	0	0	0	0	0	0	0	2	0	0	0	0	0	0	0	0	17	0	13	3	0	0	2	0	0	18	0	0	0	6	0	0	0	0	0	19
1232.200	0	0	0	0	0	0	0	4	0	0	0	0	0	0	0	0	17	0	10	3	0	0	2	0	0	15	0	0	0	2	0	0	0	0	0	21
1232.400	0	0	0	0	0	0	0	2	0	0	0	0	0	0	0	0	17	0	7	4	0	0	2	0	0	18	0	0	0	3	0	0	0	0	0	20
1232.600	0	0	0	0	0	0	0	5	0	0	0	0	0	0	0	0	19	0	13	2	0	0	1	0	0	15	0	0	0	5	0	0	0	0	0	12
1232.800	0	0	0	0	0	0	0	1	0	0	0	0	0	0	0	0	16	0	6	3	0	0	1	0	0	24	0	0	0	3	0	0	0	0	0	21
1233.000	0	0	0	0	0	0	0	3	0	0	0	0	0	0	0	0	14	0	14	1	0	0	2	0	0	13	0	0	0	1	2	0	0	0	0	15
1233.200	0	0	0	0	0	0	0	3	0	0	0	0	0	0	0	0	16	0	8	4	0	0	1	0	0	13	0	0	0	8	0	0	0	0	1	18
1233.400	0	0	0	0	0	0	0	3	0	0	0	0	0	0	0	0	18	0	9	3	0	0	0	0	0	16	0	0	0	1	0	0	0	0	0	17
1233.600	0	0	0	0	0	0	0	3	0	0	0	0	0	0	0	0	21	0	15	3	0	0	2	0	0	12	0	0	0	2	0	0	0	0	0	13
1233.800	0	0	0	0	0	0	0	3	0	0	0	0	0	0	0	0	18	0	14	2	0	0	3	0	0	16	0	0	0	3	0	0	0	0	1	16
1234.000	0	0	0	0	0	0	0	3	0	0	0	0	0	0	0	0	21	0	14	3	0	0	0	0	0	17	0	0	0	1	0	0	0	0	0	17
1234.200	0	0	0	0	0	0	0	3	0	0	0	0	0	0	0	0	13	0	15	2	0	0	0	0	0	9	0	0	0	3	0	0	0	0	0	11
1234.400	0	0	0	0	0	0	0	2	0	0	0	0	0	0	0	0	17	0	18	2	0	0	0	0	0	15	0	0	0	6	0	0	0	0	0	17
1234.600	0	0	0	0	0	0	0	1	0	0	0	0	0	0	0	0	16	0	11	1	0	0	2	0	0	14	0	0	0	1	0	0	0	0	1	12
1234.800	0	0	0	0	0	0	0	1	0	0	0	0	0	0	0	0	16	0	7	3	0	0	0	0	0	15	0	0	0	5	0	0	0	0	0	15
1235.000	0	0	0	0	0	0	0	3	0	0	0	0	0	0	0	0	18	0	10	2	0	0	2	0	0	18	0	0	0	4	0	0	0	0	0	20
1235.200	0	0	0	0	0	0	0	1	0	0	0	0	0	0	0	0	21	0	11	4	0	0	4	0	0	16	0	0	0	7	0	0	0	0	0	14
1235.400	0	0	0	0	0	0	0	1	0	0	0	0	0	0	0	0	16	0	12	2	0	0	2	0	0	13	0	0	0	3	0	0	0	0	0	20
1235.600	0	0	0	0	0	0	0	4	0	0	0	0	0	0	0	0	21	0	14	2	0	0	3	0	0	22	0	0	0	4	0	0	0	0	0	14
1235.800	0	0	0	0	0	0	0	5	0	0	0	0	0	0	0	0	23	0	10	3	0	0	2	0	0	13	0	0	0	2	0	0	0	0	1	10
1236.000	0	0	0	0	0	0	0	3	0	0	0	0	0	0	0	0	15	0	12	2	0	0	2	0	0	11	0	1	0	4	0	0	0	0	0	12
1236.200	0	0	0	0	0	0	0	3	0	0	0	0	0	0	0	0	17	0	14	3	0	0	0	0	0	13	0	0	0	5	0	0	0	0	0	15
1236.400	0	0	0	0	0	0	0	3	0	0	0	0	0	0	0	0	15	0	15	3	0	0	2	0	0	9	0	0	0	0	0	0	0	0	0	12
1236.600	0	0	0	0	0	0	0	4	0	0	0	0	0	0	0	0	16	0	14	2	0	0	2	0	0	10	0	0	0	1	0	0	0	0	1	10
1236.800	0	0	0	0	0	0	0	3	0	0	0	0	0	0	0	0	20	0	14	3	0	0	2	0	0	12	0	0	0	6	0	0	0	0	0	7
1237.000	0	0	0	0	0	0	0	4	0	0	0	0	0	0	0	0	22	0	17	4	0	0	2	0	0	10	0	0	0	1	0	0	0	0	0	11
1237.200	0	0	0	0	0	0	0	3	0	0	0	0	0	0	0	0	17	0	18	2	0	0	2	0	0	14	0	0	0	3	0	0	0	0	0	14
1237.400	0	0	0	0	0	0	0	4	0	0	0	0	0	0	0	0	20	0	15	3	0	0	0	0	0	11	0	0	0	2	0	0	0	0	0	16
1237.600	0	0	0	0	0	0	0	2	0	0	0	0	0	0	0	0	19	0	18	3	0	0	3	0	0	14	0	0	0	3	0	0	0	0	0	4
1237.800	0	0	0	0	0	0	0	1	0	0	0	0	0	0	0	0	13	0	14	1	0	0	2	0	0	12	0	0	0	7	0	0	0	0	0	6
1238.000	0	0	0	0	0	0	0	4	0	0	0	0	0	0	0	0	21	0	11	4	0	0	0	0	0	13	0	0	0	3	0	0	0	0	1	12
1238.200	0	0	0	0	0	0	0	0	0	0	0	0	0	0	0	0	21	0	5	4	0	0	0	0	0	18	0	0	0	4	0	0	0	0	1	9
1238.400	0	0	0	0	0	0	0	2	0	0	0	0	0	0	0	0	17	0	16	2	0	0	0	0	0	12	0	0	0	1	0	0	0	0	1	15
1238.600	0	0	0	0	0	0	0	1	0	0	0	0	0	0	0	0	23	0	15	1	0	0	0	0	0	18	0	0	0	5	0	0	0	0	0	16
1238.800	0	0	0	0	0	0	0	4	0	0	0	0	0	0	0	0	19	0	12	2	0	0	0	0	0	12	0	0	0	3	0	0	0	0	0	11
1239.000	0	0	0	0	0	0	0	4	0	0	0	0	0	0	0	0	17	0	10	3	0	0	0	0	0	11	0	0	0	1	0	0	0	0	0	9
1239.200	0	0	0	0	0	0	0	2	0	0	0	0	0	0	0	0	20	0	6	2	0	0	1	0	0	8	0	0	0	4	0	0	0	0	0	13
1239.400	0	0	0	0	0	0	0	1	0	0	0	0	0	0	0	0	20	0	7	3	0	0	0	0	0	23	0	1	0	4	0	0	0	0	0	16
1239.600	0	0	0	0	0	0	0	3	0	0	0	0	0	0	0	0	16	0	9	1	0	0	2	0	0	14	0	0	0	3	0	0	0	0	0	11
1239.800	0	0	0	0	0	0	0	2	0	0	0	0	0	0	0	0	24	0	13	2	0	0	1	0	0	7	0	0	0	4	0	0	0	0	0	14
1240.000	0	0	0	0	0	0	0	4	0	0	0	0	0	0	0	0	17	0	9	2	0	0	0	0	0	14	0	0	0	5	0	0	0	0	0	16
1240.200	0	0	0	0	0	0	0	3	0	0	0	0	0	0	0	0	17	0	14	3	0	0	2	0	0	19	0	1	0	2	0	0	0	0	1	16
1240.400	0	0	0	0	0	0	0	3	0	0	0	0	0	0	0	0	24	0	16	3	0	0	2	0	0	6	0	0	0	3	0	0	0	0	0	9
1240.600	0	0	0	0	0	0	0	6	0	0	0	0	0	0	0	0	17	0	10	3	0	0	2	0	0	15	0	0	0	3	0	0	0	0	0	16
1240.800	0	0	0	0	0	0	0	4	0	0	0	0	0	0	0	0	19	0	14	2	0	0	2	0	0	15	0	1	0	6	1	0	0	0	0	11
1241.000	0	0	0	0	0	0	0	6	0	0	0	0	0	0	0	0	20	0	6	2	0	0	2	0	0	16	0	0	0	7	0	0	0	0	0	12
1241.200	0	0	0	0	0	0	0	6	0	0	0	0	0	0	0	0	16	0	10	3	0	0	2	0	0	11	0	1	0	6	0	0	0	0	2	12
1241.400	0	0	0	0	0	0	0	10	0	0	0	0	0	0	0	0	19	0	13	4	0	0	2	0	0	15	0	1	0	3	0	0	0	0	0	10
1241.600	0	0	0	0	0	0	0	6	0	0	0	0	0	0	0	0	20	0	15	4	0	0	2	0	0	14	0	0	0	8	0	0	0	0	1	9
1241.800	0	0	0	0	0	0	0	5	0	0	0	0	0	0	0	0	17	0	11	3	0	0	0	0	0	8	0	1	0	8	0	0	0	0	1	8
1242.000	0	0	0	0	0	0	0	5	0	0	0	0	0	0	0	0	19	0	7	2	0	0	2	0	0	14	0	0	0	6	0	0	0	0	0	10
1242.200	0	0	0	0	0	0	0	14	0	0	0	0	0	0	0	0	18	0	13	2	0	0	2	0	0	13	0	0	0	3	0	0	0	0	0	17
1242.400	0	0	0	0	0	0	0	14	0	0	0	0	0	0	0	0	20	0	12	2	0	0	2	0	0	14	0	1	0	3	0	0	0	0	0	14
1242.600	0	0	0	0	0	0	0	15	0	0	0	0	0	0	0	0	18	0	3	3	0	0	1	0	0	13	0	0	0	5	0	0	0	0	1	13
1242.800	0	0	0	0	0	0	0	5	0	0	0	0	0	0	0	0	18	0	17	2	0	0	2	0	0	13	0	1	0	4	0	0	0	0	1	9
1243.000	0	0	0	0	0	0	0	11	0	0	0	0	0	0	0	0	17	0	15	4	0	0	1	0	0	10	0	0	0	4	0	0	0	0	1	10
1243.200	0	0	0	0	0	0	0	10	0	0	0	0	0	0	0	0	18	0	11	2	0	0	2	0	0	13	0	0	0	4	0	0	0	0	0	17
1243.400	0	0	0	0	0	0	0	8	0	0	0	0	0	0	0	0	14	0	15	3	0	0	2	0	0	11	0	0	0	4	0	0	0	0	0	16
1243.600	0	0	0	0	0	0	0	9	0	0	0	0	0	0	0	0	16	0	9	3	0	0	1	0	0	9	0	2	0	4	0	0	0	0	0	16
1243.800	0	0	0	0	0	0	0	12	0	0	0	0	0	0	0	0	13	0	8	3	0	0	4	0	0	17	0	5	0	6	0	0	0	0	0	15
1244.000	0	0	0	0	0	0	0	8	0	0	0	0	0	0	0	0	13	0	11	3	0	0	6	0	0	12	0	3	0	2	0	0	0	0	1	10
1244.200	0	0	0	0	0	0	0	6	0	0	0	0	0	0	0	0	15	0	13	3	0	0	2	0	0	15	0	3	0	4	0	0	0	0	0	14
1244.400	0	0	0	0	0	0	0	8	0	0	0	0	0	0	0	0	18	0	14	3	0	0	2	0	0	15	0	8	0	1	0	0	0	0	0	11
1244.600	0	0	0	0	0	0	0	11	0	0	0	0	0	0	0	0	22	0	15	2	0	0	3	0	0	15	0	3	0	6	0	0	0	0	0	19
1244.800	0	0	0	0	0	0	0	7	0	0	0	0	0	0	0	0	20	0	13	3	0	0	2	0	0	14	0	8	0	2	0	0	0	0	0	15
1245.000	0	0	0	0	0	0	0	5	0	0	0	0	0	0	0	0	13	0	13	2	0	0	2	0	0	13	0	2	0	4	0	0	0	0	0	16
1245.200	0	0	0	0	0	0	0	11	0	0	0	0	0	0	0	0	19	0	9	2	0	0	2	0	0	10	0	2	0	1	0	0	0	0	0	12
1245.400	0	0	0	0	0	0	0	7	0	0	0	0	0	0	0	0	19	0	11	1	0	0	2	0	0	13	0	4	0	1	0	0	0	0	1	11
1245.600	0	0	0	0	0	0	0	6	0	0	0	0	0	0	0	0	16	0	16	2	0	0	2	0	0	12	0	5	0	3	0	0	0	0	0	18
1245.800	0	0	0	0	0	0	0	8	0	0	0	0	0	0	0	0	15	0	12	3	0	0	2	0	0	12	0	0	0	2	0	0	0	0	0	17
1246.000	0	0	0	0	0	0	0	5	0	0	0	0	0	0	0	0	9	0	18	1	0	0	3	0	0	14	0	4	0	1	0	0	0	0	0	12
1246.200	0	0	0	0	0	0	0	8	0	0	0	0	0	0	0	0	15	0	12	2	0	0	2	0	0	10	0	7	0	5	0	0	0	0	0	15
1246.400	0	0	0	0	0	0	0	7	0	0	0	0	0	0	0	0	16	0	11	3	0	0	0	0	0	11	0	3	0	2	1	0	0	0	0	17
1246.600	0	0	0	0	0	0	0	6	0	0	0	0	0	0	0	0	19	0	16	2	0	0	1	0	0	13	0	2	0	2	1	0	0	0	0	16
1246.800	0	0	0	0	0	0	0	4	0	0	0	0	0	0	0	0	18	0	15	2	0	0	0	0	0	12	0	7	0	2	0	0	0	0	1	15
1247.000	0	0	0	0	0	0	0	5	0	0	0	0	0	0	0	0	19	0	14	1	0	0	2	0	0	6	0	2	0	4	0	0	0	0	0	15
1247.200	0	0	0	0	0	0	0	5	0	0	0	0	0	0	0	0	20	0	14	0	0	0	1	0	0	11	0	6	0	2	0	0	0	0	0	10
1247.400	0	0	0	0	0	0	0	0	0	0	0	0	0	0	0	0	27	0	9	2	0	0	1	0	0	13	0	0	0	2	0	0	0	0	1	13
1247.600	0	0	0	0	0	0	0	4	0	0	0	0	0	0	0	0	20	0	14	1	0	0	2	0	0	11	0	0	0	8	0	0	0	0	0	13
1247.800	0	0	0	0	0	0	0	2	0	0	0	0	0	0	0	0	22	1	10	3	0	0	2	0	0	12	0	0	0	4	0	0	0	0	0	18
1248.000	0	0	0	0	0	0	0	6	0	0	0	0	0	0	0	0	21	0	13	2	0	0	2	0	0	17	0	1	0	5	0	0	0	0	1	11
1248.200	0	0	0	0	0	0	0	5	0	0	0	0	0	0	0	0	22	0	9	3	0	0	2	0	0	15	0	0	0	2	0	0	0	0	0	14
1248.400	0	0	0	0	0	0	0	5	0	0	0	0	0	0	0	0	20	0	12	3	0	0	2	0	0	12	0	0	0	3	0	0	0	0	0	15
1248.600	0	0	0	0	0	0	0	5	0	0	0	0	0	0	0	0	18	0	8	3	0	0	2	0	0	14	0	0	0	2	0	0	0	0	0	9
1248.800	0	0	0	0	0	0	0	7	0	0	0	0	0	0	0	0	15	0	12	2	0	0	2	0	0	10	0	0	0	2	0	0	0	0	0	15
1249.000	0	0	0	0	0	0	0	7	0	0	0	0	0	0	0	0	20	0	13	2	0	0	3	0	0	15	0	0	0	1	0	0	0	0	0	14
1249.200	0	0	0	0	0	0	0	10	0	0	0	0	0	0	0	0	21	0	9	2	0	0	3	0	0	5	0	0	0	4	0	0	0	0	1	13
1249.400	0	0	0	0	0	0	0	5	0	0	0	0	0	0	0	0	11	0	10	4	0	0	5	0	0	12	0	0	0	5	0	0	0	0	0	16
1249.600	0	0	0	0	0	0	0	5	0	0	0	0	0	0	0	0	17	0	11	3	0	0	2	0	0	6	0	0	0	1	0	0	0	0	0	13
1249.800	0	0	0	0	0	0	0	5	0	0	0	0	0	0	0	0	21	0	17	3	0	0	2	0	0	12	0	0	0	5	0	0	0	0	0	12
1250.000	0	0	0	0	0	0	0	3	0	0	0	0	0	0	0	0	16	0	14	2	0	0	3	0	0	11	0	0	0	4	0	0	0	0	1	18
1250.200	0	0	0	0	0	0	0	5	0	0	0	0	0	0	0	0	17	0	17	3	0	0	0	0	0	13	0	0	0	7	0	0	0	0	0	15
1250.400	0	0	0	0	0	0	0	4	0	0	0	0	0	0	0	0	19	0	14	3	0	0	2	0	0	12	0	2	0	4	0	0	0	0	0	9
1250.600	0	0	0	0	0	0	0	4	0	0	0	0	0	0	0	0	18	0	16	3	0	0	3	0	0	12	0	0	0	2	0	0	0	0	0	15
1250.800	0	0	0	0	0	0	0	4	0	0	0	0	0	0	0	0	16	0	18	3	0	0	1	0	0	11	0	0	0	3	0	0	0	0	0	12
1251.000	0	0	0	0	0	0	0	3	0	0	0	0	0	0	0	0	15	0	18	2	0	0	2	0	0	11	0	0	0	1	0	0	0	0	0	16
1251.200	0	0	0	0	0	0	0	4	0	0	0	0	0	0	0	0	18	0	13	3	0	0	2	0	0	10	0	0	0	3	0	0	0	0	0	15
1251.400	0	0	0	0	0	0	0	3	0	0	0	0	0	0	0	0	20	0	14	3	0	0	2	0	0	9	0	1	0	4	0	0	0	0	0	18
1251.600	0	0	0	0	0	0	0	7	0	0	0	0	0	0	0	0	17	0	6	2	0	0	2	0	0	13	0	0	0	4	0	0	0	0	0	11
1251.800	0	0	0	0	0	0	0	4	0	0	0	0	0	0	0	0	15	0	9	2	0	0	2	0	0	10	0	0	0	3	0	0	0	0	0	12
1252.000	0	0	0	0	0	0	0	2	0	0	0	0	0	0	0	0	20	0	18	3	0	0	2	0	0	11	0	0	0	4	0	0	0	0	0	11
1252.200	0	0	0	0	0	0	0	3	0	0	0	0	0	0	0	0	22	0	7	1	0	0	2	0	0	18	0	0	0	4	0	0	0	0	0	14
1252.400	0	0	0	0	0	0	0	4	0	0	0	0	0	0	0	0	22	0	11	3	0	0	2	0	0	8	0	0	0	5	0	0	0	0	0	12
1252.600	0	0	0	0	0	0	0	4	0	0	0	0	0	0	0	0	17	0	18	3	0	0	2	0	0	9	0	0	0	4	0	0	0	0	0	13
1252.800	0	0	0	0	0	0	0	1	0	0	0	0	0	0	0	0	18	0	18	1	0	0	2	0	0	16	0	0	0	1	0	0	0	0	0	15
1253.000	0	0	0	0	0	0	0	3	0	0	0	0	0	0	0	0	20	0	13	3	0	0	2	0	0	12	0	0	0	2	0	0	0	0	0	15
1253.200	0	0	0	0	0	0	0	3	0	0	0	0	0	0	0	0	18	0	18	2	0	0	2	0	0	8	0	0	0	4	0	0	0	0	0	16
1253.400	0	0	0	0	0	0	0	3	0	0	0	0	0	0	0	0	17	0	15	3	0	0	2	0	0	13	0	0	0	2	0	0	0	0	0	9
1253.600	0	0	0	0	0	0	0	3	0	0	0	0	0	0	0	0	17	0	17	3	0	0	2	0	0	5	0	0	0	2	0	0	0	0	0	11
1253.800	0	0	0	0	0	0	0	4	0	0	0	0	0	0	0	0	19	0	16	3	0	0	2	0	0	10	0	0	0	7	0	0	0	0	0	12
1254.000	0	0	0	0	0	0	0	1	0	0	0	0	0	0	0	0	15	0	14	3	0	0	3	0	0	12	0	0	0	2	0	0	0	0	0	18
1254.200	0	0	0	0	0	0	0	5	0	0	0	0	0	0	0	0	19	0	12	4	0	0	2	0	0	13	0	0	0	0	0	0	0	0	0	14
1254.400	0	0	0	0	0	0	0	4	0	0	0	0	0	0	0	0	15	0	12	3	0	0	2	0	0	16	0	0	0	4	0	0	0	0	0	14
1254.600	0	0	0	0	0	0	0	3	0	0	0	0	0	0	0	0	17	0	12	3	0	0	4	0	0	17	0	0	0	3	0	0	0	0	0	7
1254.800	0	0	0	0	0	0	0	4	0	0	0	0	0	0	0	0	18	0	15	2	0	0	2	0	0	14	0	0	0	7	0	0	0	0	1	14
1255.000	0	0	0	0	0	0	0	5	0	0	0	0	0	0	0	0	21	0	10	3	0	0	4	0	0	11	0	0	0	4	0	0	0	0	1	14
1255.200	0	0	0	0	0	0	0	2	0	0	0	0	0	0	0	0	21	0	17	1	0	0	4	0	0	14	0	0	0	3	0	0	0	0	0	12
1255.400	0	0	0	0	0	0	0	5	0	0	0	0	0	0	0	0	19	0	16	1	0	0	5	0	0	10	0	0	0	3	0	0	0	0	1	13
1255.600	0	0	0	0	0	0	0	4	0	0	0	0	0	0	0	0	14	0	13	3	0	0	5	0	0	14	0	0	0	1	0	0	0	0	0	11
1255.800	0	0	0	0	0	0	0	4	0	0	0	0	0	0	0	0	19	0	13	2	0	0	1	0	0	13	0	0	0	3	0	0	0	0	0	12
1256.000	0	0	0	0	0	0	0	3	0	0	0	0	0	0	0	0	18	0	12	3	0	0	0	0	0	10	0	0	0	2	0	0	0	0	0	16
1256.200	0	0	0	0	0	0	0	1	0	0	0	0	0	0	0	0	19	0	12	2	0	0	1	0	0	15	0	0	0	1	0	0	0	0	1	13
1256.400	0	0	0	0	0	0	0	1	0	0	0	0	0	0	0	0	21	0	14	3	0	0	0	0	0	11	0	2	0	1	0	0	0	0	1	11
1256.600	0	0	0	0	0	0	0	5	0	0	0	0	0	0	0	0	21	0	10	3	0	0	0	0	0	14	0	3	0	4	0	0	0	0	0	15
1256.800	0	0	0	0	0	0	0	4	0	0	0	0	0	0	0	0	22	0	14	3	0	0	0	0	0	15	0	2	0	8	0	0	0	0	2	13
1257.000	0	0	0	0	0	0	0	4	0	0	0	0	0	0	0	0	20	0	13	1	0	0	3	0	0	6	0	5	0	2	0	0	0	0	0	12
1257.200	0	0	0	0	0	0	0	5	0	0	0	0	0	0	0	0	19	0	11	3	0	0	2	0	0	12	0	0	0	3	0	0	0	0	0	15
1257.400	0	0	0	0	0	0	0	1	0	0	0	0	0	0	0	0	22	0	15	3	0	0	4	0	0	17	0	0	0	1	0	0	0	0	1	10
1257.600	0	0	0	0	0	0	0	3	0	0	0	0	0	0	0	0	22	0	14	3	0	0	2	0	0	8	0	1	0	3	0	0	0	0	0	12
1257.800	0	0	0	0	0	0	0	5	0	0	0	0	0	0	0	0	18	0	15	3	0	0	3	0	0	16	0	0	0	4	0	0	0	0	1	17
1258.000	0	0	0	0	0	0	0	5	0	0	0	0	0	0	0	0	18	0	14	3	0	0	1	0	0	6	0	1	0	3	0	0	0	0	2	21
1258.200	0	0	0	0	0	0	0	5	0	0	0	0	0	0	0	0	12	0	13	1	0	0	3	0	0	8	0	0	0	5	0	0	0	0	2	18
1258.400	0	0	0	0	0	0	0	4	0	0	0	0	0	0	0	0	19	0	11	2	0	0	2	0	0	12	0	4	0	6	0	0	0	0	1	23
1258.600	0	0	0	0	0	0	0	5	0	0	0	0	0	0	0	0	14	0	16	2	0	0	2	0	0	13	0	6	0	1	0	0	0	0	0	15
1258.800	0	0	0	0	0	0	0	1	0	0	0	0	0	0	0	0	10	0	15	3	0	0	3	0	0	7	0	0	0	6	0	0	0	0	0	12
1259.000	0	0	0	0	0	0	0	4	0	0	0	0	0	0	0	0	16	0	15	3	0	0	2	0	0	17	0	1	0	5	0	0	0	0	0	18
1259.200	0	0	0	0	0	0	0	5	0	0	0	0	0	0	0	0	14	0	16	1	0	0	4	0	0	8	0	4	0	3	0	0	0	0	1	16
1259.400	0	0	0	0	0	0	0	3	0	0	0	0	0	0	0	0	21	0	13	0	0	0	2	0	0	9	0	0	0	2	0	0	0	0	0	10
1259.600	0	0	0	0	0	0	0	3	0	0	0	0	0	0	0	0	17	0	12	3	0	0	6	0	0	6	0	0	0	2	0	0	0	0	0	5
1259.800	0	0	0	0	0	0	0	5	0	0	0	0	0	0	0	0	18	0	15	3	0	0	2	0	0	14	0	0	0	2	0	0	0	0	0	8
1260.000	0	0	0	0	0	0	0	5	0	0	0	0	0	0	0	0	11	0	12	1	0	0	2	0	0	15	0	0	0	1	0	0	0	0	0	12
1260.200	0	0	0	0	0	0	0	5	0	0	0	0	0	0	0	0	16	0	13	3	0	0	4	0	0	8	0	2	0	3	0	0	0	0	0	10
1260.400	0	0	0	0	0	0	0	7	0	0	0	0	0	0	0	0	20	0	15	2	0	0	2	0	0	8	0	7	0	2	0	0	0	0	0	10
1260.600	0	0	0	0	0	0	0	6	0	0	0	0	0	0	0	0	21	0	12	2	0	0	4	0	0	14	0	3	0	3	0	0	0	0	0	12
1260.800	0	0	0	0	0	0	0	5	0	0	0	0	0	0	0	0	16	0	11	2	0	0	3	0	0	9	0	5	0	1	0	0	0	0	0	10
1261.000	0	0	0	0	0	0	0	5	0	0	0	0	0	0	0	0	17	0	17	3	0	0	2	0	0	11	0	1	0	5	0	0	0	0	0	12
1261.200	0	0	0	0	0	0	0	5	0	0	0	0	0	0	0	0	17	0	14	3	0	0	5	0	0	6	0	2	0	5	0	0	0	0	0	11
1261.400	0	0	0	0	0	0	0	4	0	0	0	0	0	0	0	0	13	0	15	1	0	0	2	0	0	12	0	0	0	3	0	0	0	0	0	12
1261.600	0	0	0	0	0	0	0	8	0	0	0	0	0	0	0	0	19	0	12	2	0	0	4	0	0	12	0	2	0	2	0	0	0	0	0	13
1261.800	0	0	0	0	0	0	0	2	0	0	0	0	0	0	0	0	16	0	10	2	0	0	4	0	0	16	0	5	0	5	0	0	0	0	0	16
1262.000	0	0	0	0	0	0	0	5	0	0	0	0	0	0	0	0	16	0	18	3	0	0	2	0	0	13	0	0	0	4	0	0	0	0	0	15
1262.200	0	0	0	0	0	0	0	7	0	0	0	0	0	0	0	0	20	0	7	4	0	0	2	0	0	20	0	2	0	5	0	0	0	0	0	12
1262.400	0	0	0	0	0	0	0	7	0	0	0	0	0	0	0	0	20	0	18	0	0	0	4	0	0	13	0	0	0	4	0	0	0	0	0	13
1262.600	0	0	0	0	0	0	0	5	0	0	0	0	0	0	0	0	18	0	7	3	0	0	4	0	0	15	0	7	0	5	0	0	0	0	0	15
1262.800	0	0	0	0	0	0	0	6	0	0	0	0	0	0	0	0	22	0	11	2	0	0	4	0	0	16	0	2	0	1	0	0	0	0	0	15
1263.000	0	0	0	0	0	0	0	5	0	0	0	0	0	0	0	0	13	0	11	3	0	0	6	0	0	19	0	7	0	2	0	0	0	0	0	15
1263.200	0	0	0	0	0	0	0	8	0	0	0	0	0	0	0	0	16	0	11	4	0	0	2	0	0	17	0	6	0	5	0	0	0	0	0	15
1263.400	0	0	0	0	0	0	0	7	0	0	0	0	0	0	0	0	18	0	13	3	0	0	2	0	0	14	0	0	0	2	0	0	0	0	1	14
1263.600	0	0	0	0	0	0	0	9	0	0	0	0	0	0	0	0	17	0	9	3	0	0	3	0	0	15	0	6	0	1	0	0	0	0	0	11
1263.800	0	0	0	0	0	0	0	11	0	0	0	0	0	0	0	0	19	0	11	2	0	0	2	0	0	16	0	7	0	2	0	0	0	0	0	15
1264.000	0	0	0	0	0	0	0	9	0	0	0	0	0	0	0	0	18	0	19	3	0	0	0	0	0	13	0	6	0	6	0	0	0	0	0	11
1264.200	0	0	0	0	0	0	0	12	0	0	0	0	0	0	0	0	19	0	16	4	0	0	2	0	0	17	0	2	0	2	0	0	0	0	0	12
1264.400	0	0	0	0	0	0	0	14	0	0	0	0	0	0	0	0	18	0	13	0	0	0	2	0	0	13	0	5	0	4	0	0	0	0	1	13
1264.600	0	0	0	0	0	0	0	6	0	0	0	0	0	0	0	0	15	0	13	1	0	0	2	0	0	11	0	8	0	3	0	0	0	0	0	13
1264.800	0	0	0	0	0	0	0	7	0	0	0	0	0	0	0	0	21	0	16	1	0	0	2	0	0	9	0	1	0	2	1	0	0	0	0	8
1265.000	0	0	0	0	0	0	0	5	0	0	0	0	0	0	0	0	15	0	10	2	0	0	2	0	0	13	0	3	0	3	1	0	0	0	1	12
1265.200	0	0	0	0	0	0	0	7	0	0	0	0	0	0	0	0	20	0	9	2	0	0	3	0	0	14	0	1	0	3	2	0	0	0	0	16
1265.400	0	0	0	0	0	0	0	5	0	0	0	0	0	0	0	0	19	0	12	1	0	0	2	0	0	11	0	6	0	6	0	0	0	0	0	9
1265.600	0	0	0	0	0	0	0	7	0	0	0	0	0	0	0	0	20	0	14	0	0	0	2	0	0	13	0	4	0	3	0	0	0	0	0	14
1265.800	0	0	0	0	0	0	0	8	0	0	0	0	0	0	0	0	18	0	9	2	0	0	2	0	0	14	0	1	0	3	0	0	0	0	0	13
1266.000	0	0	0	0	0	0	0	6	0	0	0	0	0	0	0	0	17	0	16	1	0	0	2	0	0	7	0	6	0	1	0	0	0	0	1	15
1266.200	0	0	0	0	0	0	0	6	0	0	0	0	0	0	0	0	16	0	10	3	0	0	3	0	0	11	0	1	0	1	1	0	0	0	0	15
1266.400	0	0	0	0	0	0	0	5	0	0	0	0	0	0	0	0	17	0	7	3	0	0	2	0	0	8	0	4	0	2	0	0	0	0	0	13
1266.600	0	0	0	0	0	0	0	5	0	0	0	0	0	0	0	0	18	0	11	4	0	0	2	0	0	16	0	4	0	3	0	0	0	0	0	16
1266.800	0	0	0	0	0	0	0	4	0	0	0	0	0	0	0	0	23	0	12	1	0	0	3	0	0	13	0	2	0	1	0	0	0	0	0	12
1267.000	0	0	0	0	0	0	0	3	0	0	0	0	0	0	0	0	17	0	6	1	0	0	4	0	0	8	0	2	0	1	0	0	0	0	1	16
1267.200	0	0	0	0	0	0	0	3	0	0	0	0	0	0	0	0	17	0	11	3	0	0	3	0	0	10	0	2	0	1	0	0	0	0	1	14
1267.400	0	0	0	0	0	0	0	6	0	0	0	0	0	0	0	0	18	0	10	2	0	0	2	0	0	15	0	3	0	1	0	0	0	0	1	8
1267.600	0	0	0	0	0	0	0	3	0	0	0	0	0	0	0	0	22	0	10	3	0	0	2	0	0	17	0	8	0	2	0	0	0	0	0	12
1267.800	0	0	0	0	0	0	0	5	0	0	0	0	0	0	0	0	17	0	14	0	0	0	0	0	0	16	0	7	0	1	0	0	0	0	0	9
1268.000	0	0	0	0	0	0	0	4	0	0	0	0	0	0	0	0	13	0	9	1	0	0	0	0	0	14	0	2	0	2	0	0	0	0	1	18
1268.200	0	0	0	0	0	0	0	4	0	0	0	0	0	0	0	0	17	0	6	4	0	0	0	0	0	19	0	3	0	2	0	0	0	0	0	13
1268.400	0	0	0	0	0	0	0	4	0	0	0	0	0	0	0	0	20	0	10	2	0	0	0	0	0	13	0	4	0	2	0	0	0	0	0	12
1268.600	0	0	0	0	0	0	0	5	0	0	0	0	0	0	0	0	16	0	10	1	0	0	0	0	0	19	0	2	0	1	1	0	0	0	0	13
1268.800	0	0	0	0	0	0	0	6	0	0	0	0	0	0	0	0	14	0	8	4	0	0	2	0	0	13	0	7	0	5	0	0	0	0	0	14
1269.000	0	0	0	0	0	0	0	5	0	0	0	0	0	0	0	0	19	0	8	3	0	0	2	0	0	9	0	10	0	1	0	0	0	0	0	13
1269.200	0	0	0	0	0	0	0	6	0	0	0	0	0	0	0	0	14	0	13	2	0	0	4	0	0	15	0	9	0	2	0	0	0	0	0	15
1269.400	0	0	0	0	0	0	0	4	0	0	0	0	0	0	0	0	19	0	13	1	0	0	3	0	0	12	0	8	0	2	0	0	0	0	0	10
1269.600	0	0	0	0	0	0	0	11	0	0	0	0	0	0	0	0	19	0	14	2	0	0	2	0	0	7	0	10	0	5	0	0	0	0	0	13
1269.800	0	0	0	0	0	0	0	11	0	0	0	0	0	0	0	0	14	0	8	3	0	0	4	0	0	7	0	7	0	2	0	0	0	0	0	15
1270.000	0	0	0	0	0	0	0	9	0	0	0	0	0	0	0	0	20	0	12	3	0	0	4	0	0	9	0	5	0	2	0	0	0	0	0	11
1270.200	0	0	0	0	0	0	0	6	0	0	0	0	0	0	0	0	17	0	13	2	0	0	5	0	0	8	0	9	0	2	0	0	0	0	0	14
1270.400	0	0	0	0	0	0	0	10	0	0	0	0	0	0	0	0	24	0	14	5	0	0	4	0	0	11	0	8	0	5	0	0	0	0	0	10
1270.600	0	0	0	0	0	0	0	7	0	0	0	0	0	0	0	0	19	0	8	3	0	0	2	0	0	13	0	7	0	2	0	0	0	0	0	15
1270.800	0	0	0	0	0	0	0	8	0	0	0	0	0	0	0	0	19	0	12	2	0	0	3	0	0	15	0	4	0	5	0	0	0	0	0	17
1271.000	0	0	0	0	0	0	0	9	0	0	0	0	0	0	0	0	16	0	11	3	0	0	2	0	0	9	0	8	0	2	0	0	0	0	0	11
1271.200	0	0	0	0	0	0	0	9	0	0	0	0	0	0	0	0	19	0	14	3	0	0	2	0	0	11	0	6	0	1	0	0	0	0	0	15
1271.400	0	0	0	0	0	0	0	11	0	0	0	0	0	0	0	0	20	0	14	3	0	0	2	0	0	16	0	9	0	1	0	0	0	0	0	17
1271.600	0	0	0	0	0	0	0	11	0	0	0	0	0	0	0	0	19	0	10	1	0	0	6	0	0	14	0	8	0	2	0	0	0	0	0	22
1271.800	0	0	0	0	0	0	0	7	0	0	0	0	0	0	0	0	15	0	10	4	0	0	4	0	0	14	0	2	0	1	0	0	0	0	0	15
1272.000	0	0	0	2	0	0	0	13	0	0	0	0	0	0	0	0	23	1	13	2	0	0	2	0	0	14	0	7	0	2	0	0	0	0	0	16
1272.200	0	0	0	7	0	0	0	6	0	0	0	0	0	0	0	0	15	1	9	3	0	0	4	0	0	14	0	1	0	1	0	0	0	0	0	15
1272.400	0	0	0	5	0	0	0	7	0	0	0	0	0	0	0	0	17	0	15	3	0	0	3	0	0	11	0	6	0	2	0	0	0	0	0	9
1272.600	0	0	0	2	0	0	0	9	0	0	0	0	0	0	0	0	21	0	11	1	0	0	2	0	0	11	0	7	0	2	0	0	0	0	0	16
1272.800	0	0	0	2	0	0	0	5	0	0	0	0	0	0	0	0	13	2	9	1	0	0	4	0	0	14	0	5	0	5	0	0	0	0	0	15
1273.000	0	0	0	2	0	0	0	10	0	0	0	0	0	0	0	0	15	2	9	3	0	0	2	0	0	14	0	3	0	7	0	0	0	0	0	11
1273.200	0	0	0	0	0	0	0	12	0	0	0	0	0	0	0	0	16	0	7	2	0	0	2	0	0	16	0	4	0	8	0	0	0	0	0	16
1273.400	0	0	0	4	0	0	0	11	0	0	0	0	0	0	0	0	18	0	12	2	0	0	3	0	0	13	0	3	0	3	0	0	0	0	0	15
1273.600	0	0	0	5	0	0	0	5	0	0	0	0	0	0	0	0	12	0	11	3	0	0	2	0	0	12	0	0	0	2	0	0	0	0	0	17
1273.800	0	0	0	5	0	0	0	10	0	0	0	0	0	0	0	0	19	0	12	2	0	0	3	0	0	12	0	1	0	3	0	0	0	0	1	12
1274.000	0	0	0	7	0	0	0	6	0	0	0	0	0	0	0	0	17	0	13	1	0	0	2	0	0	10	0	2	0	1	0	0	0	0	0	18
1274.200	0	0	0	3	0	0	0	8	0	0	0	0	0	0	0	0	13	1	8	2	0	0	2	0	0	11	0	3	0	2	0	0	0	0	0	14
1274.400	0	0	0	2	0	0	0	6	0	0	0	0	0	0	0	0	14	0	5	2	0	0	0	0	0	14	0	3	0	5	0	0	0	0	0	9
1274.600	0	0	0	3	0	0	0	5	0	0	0	0	0	0	0	0	17	0	7	2	0	0	2	0	0	15	0	2	0	2	0	0	0	0	1	15
1274.800	0	0	0	4	0	0	0	7	0	0	0	0	0	0	0	0	17	2	12	3	0	0	2	0	0	13	0	6	0	6	0	0	0	0	0	11
1275.000	0	0	0	5	0	0	0	5	0	0	0	0	0	0	0	0	18	0	9	2	0	0	0	0	0	18	0	2	0	3	0	0	0	0	0	17
1275.200	0	0	0	6	0	0	0	8	0	0	0	0	0	0	0	0	10	0	6	2	0	0	0	0	0	10	0	2	0	4	4	0	0	0	0	16
1275.400	0	0	0	4	0	0	0	6	0	0	0	0	0	0	0	0	13	0	13	3	0	0	0	0	0	12	0	5	0	7	0	0	0	0	0	16
1275.600	0	0	0	4	0	0	0	6	0	0	0	0	0	0	0	0	18	0	14	1	0	0	0	0	0	12	0	2	0	4	0	0	0	0	0	13
1275.800	0	0	0	5	0	0	0	9	0	0	0	0	0	0	0	0	17	0	9	0	0	0	0	0	0	14	0	4	0	6	0	0	0	0	0	9
1276.000	0	0	0	4	0	0	0	8	0	0	0	0	0	0	0	0	17	2	6	2	0	0	0	0	0	16	0	5	0	1	0	0	0	0	0	15
1276.200	0	0	0	5	0	0	0	10	0	0	0	0	0	0	0	0	13	3	11	2	0	0	0	0	0	18	0	9	0	3	0	0	0	0	0	18
1276.400	0	0	0	2	0	0	0	5	0	0	0	0	0	0	0	0	13	3	8	2	0	0	0	0	0	13	0	10	0	3	0	0	0	0	1	13
1276.600	0	0	0	11	0	0	0	7	0	0	0	0	0	0	0	0	19	2	7	2	0	0	0	0	0	14	0	7	0	5	0	0	0	0	0	12
1276.800	0	0	0	3	0	0	0	8	0	0	0	0	0	0	0	0	15	0	12	2	0	0	1	0	0	10	0	3	0	4	0	0	0	0	0	11
1277.000	0	0	0	6	0	0	0	6	0	0	0	0	0	0	0	0	17	0	11	2	0	0	3	0	0	13	0	5	0	5	0	0	0	0	1	9
1277.200	0	0	0	4	0	0	0	7	0	0	0	0	0	0	0	0	16	1	6	3	0	0	2	0	0	14	0	6	0	3	0	0	0	0	0	14
1277.400	0	0	0	7	0	0	0	6	0	0	0	0	0	0	0	0	12	0	13	2	0	0	2	0	0	9	0	10	0	3	0	0	0	0	1	13
1277.600	0	0	0	6	0	0	0	7	0	0	0	0	0	0	0	0	18	0	12	2	0	0	1	0	0	11	0	8	0	5	0	0	0	0	0	14
1277.800	0	0	0	4	0	0	0	5	0	0	0	0	0	0	0	0	15	1	11	2	0	0	2	0	0	17	0	6	0	2	0	0	0	0	0	13
1278.000	0	0	0	0	0	0	0	6	0	0	0	0	0	0	0	0	16	0	11	1	0	0	2	0	0	16	0	6	0	2	0	0	0	0	0	12
1278.200	0	0	0	1	0	0	0	5	0	0	0	0	0	0	0	0	10	1	11	2	0	0	2	0	0	10	0	3	0	2	0	0	0	0	0	15
1278.400	0	0	0	1	0	0	0	5	0	0	0	0	0	0	0	0	9	0	10	2	0	0	2	0	0	13	0	2	0	1	0	0	0	0	0	15
1278.600	0	0	0	2	0	0	0	6	0	0	0	0	0	0	0	0	12	0	12	2	0	0	2	0	0	13	0	4	0	5	0	0	0	0	0	16
1278.800	0	0	0	1	0	0	0	8	0	0	0	0	0	0	0	0	21	0	16	1	0	0	2	0	0	16	0	6	0	4	0	0	0	0	0	16
1279.000	0	0	0	0	0	0	0	9	0	0	0	0	0	0	0	0	16	0	12	2	0	0	2	0	0	13	0	9	0	4	0	0	0	0	0	12
1279.200	0	0	0	0	0	0	0	7	0	0	0	0	0	0	0	0	20	0	7	2	0	0	2	0	0	12	0	7	0	7	0	0	0	0	0	17
1279.400	0	0	0	0	0	0	0	6	0	0	0	0	0	0	0	0	14	0	13	2	0	0	3	0	0	13	0	10	0	5	0	0	0	0	0	15
1279.600	0	0	0	0	0	0	0	5	0	0	0	0	0	0	0	0	20	0	10	2	0	0	3	0	0	12	0	8	0	3	0	0	0	0	0	13
1279.800	0	0	0	0	0	0	0	7	0	0	0	0	0	0	0	0	15	0	15	1	0	0	2	0	0	8	0	3	0	2	0	0	0	0	0	12
1280.000	0	0	0	0	0	0	0	6	0	0	0	0	0	0	0	0	16	0	16	1	0	0	3	0	0	10	0	8	0	2	0	0	0	0	0	12
1280.200	0	0	0	0	0	0	0	3	0	0	0	0	0	0	0	0	10	0	14	2	0	0	2	0	0	15	0	6	0	4	1	0	0	0	0	14
1280.400	0	0	0	0	0	0	0	6	0	0	0	0	0	0	0	0	17	0	12	2	0	0	3	0	0	9	0	9	0	3	0	0	0	0	0	13
1280.600	0	0	0	0	0	0	0	13	0	0	0	0	0	0	0	0	20	0	13	1	0	0	3	0	0	7	0	2	0	5	1	0	0	0	0	8
1280.800	0	0	0	0	0	0	0	9	0	0	0	0	0	0	0	0	19	0	15	3	0	0	3	0	0	9	0	2	0	3	1	0	0	0	0	17
1281.000	0	0	0	0	0	0	0	11	0	0	0	0	0	0	0	0	16	0	3	2	0	0	2	0	0	12	0	4	0	2	1	0	0	0	0	13
1281.200	0	0	0	0	0	0	0	11	0	0	0	0	0	0	0	0	11	0	7	0	0	0	3	0	0	13	0	4	0	3	0	0	0	0	0	12
1281.400	0	0	0	0	0	0	0	11	0	0	0	0	0	0	0	0	16	0	16	1	0	0	2	0	0	0	0	1	0	1	0	0	0	0	0	9
1281.600	0	0	0	0	0	0	0	10	0	0	0	0	0	0	0	0	14	0	18	1	0	0	3	0	0	6	0	3	0	2	0	0	0	0	1	11
1281.800	0	0	0	0	0	0	0	11	0	0	0	0	0	0	0	0	16	0	9	2	0	0	3	0	0	16	0	5	0	2	0	0	0	0	0	11
1282.000	0	0	0	0	0	0	0	12	0	0	0	0	0	0	0	0	17	0	17	2	0	0	2	0	0	6	0	2	0	2	0	0	0	0	0	12
1282.200	0	0	0	0	0	0	0	11	0	0	0	0	0	0	0	0	14	0	12	3	0	0	2	0	0	3	0	1	0	2	0	0	0	0	1	12
1282.400	0	0	0	0	0	0	0	16	0	0	0	0	0	0	0	0	20	0	11	2	0	0	4	0	0	9	0	5	0	2	0	0	0	0	1	15
1282.600	0	0	0	0	0	0	0	13	0	0	0	0	0	0	0	0	11	0	10	2	0	0	4	0	0	11	0	4	0	2	0	0	0	0	0	12
1282.800	0	0	0	1	0	0	0	13	0	0	0	0	0	0	0	0	13	0	12	2	0	0	2	0	0	13	0	3	0	3	0	0	0	0	0	15
1283.000	0	0	0	0	0	0	0	11	0	0	0	0	0	0	0	0	17	0	10	1	0	0	2	0	0	9	0	3	0	4	0	0	0	0	0	11
1283.200	0	0	0	1	0	0	0	8	0	0	0	0	0	0	0	0	18	0	14	1	0	0	2	0	0	5	0	3	0	2	0	0	0	0	0	14
1283.400	0	0	0	0	0	0	0	13	0	0	0	0	0	0	0	0	18	0	13	1	0	0	2	0	0	7	0	4	0	1	0	0	0	0	0	12
1283.600	0	0	0	0	0	0	0	15	0	0	0	0	0	0	0	0	19	0	10	2	0	0	2	0	0	9	0	2	0	2	0	0	0	0	0	9
1283.800	0	0	0	0	0	0	0	10	0	0	0	0	0	0	0	0	13	0	8	3	0	0	2	0	0	7	0	2	0	1	0	0	0	0	0	11
1284.000	0	0	0	0	0	0	0	1	0	0	0	0	0	0	0	0	14	0	11	1	0	0	2	0	0	12	0	2	0	3	0	0	0	0	0	15
1284.200	0	0	0	0	0	0	0	4	0	0	0	0	0	0	0	0	18	0	12	3	0	0	2	0	0	13	0	8	0	3	0	0	0	0	0	13
1284.400	0	0	0	0	0	0	0	1	0	0	0	0	0	0	0	0	13	0	12	2	0	0	4	0	0	7	0	8	0	2	0	0	0	0	0	10
1284.600	0	0	0	0	0	0	0	5	0	0	0	0	0	0	0	0	18	0	15	1	0	0	3	0	0	16	0	5	0	4	0	0	0	0	0	12
1284.800	0	0	0	0	0	0	0	3	0	0	0	0	0	0	0	0	20	0	14	3	0	0	3	0	0	14	0	4	0	4	0	0	0	0	0	15
1285.000	0	0	0	0	0	0	0	6	0	0	0	0	0	0	0	0	19	0	12	2	0	0	2	0	0	14	0	10	0	5	0	0	0	0	0	13
1285.200	0	0	0	0	0	0	0	4	0	0	0	0	0	0	0	0	19	0	11	2	0	0	3	0	0	17	0	5	0	2	0	0	0	0	0	16
1285.400	0	0	0	0	0	0	0	4	0	0	0	0	0	0	0	0	19	0	14	1	0	0	4	0	0	9	0	4	0	1	0	0	0	0	0	9
1285.600	0	0	0	0	0	0	0	3	0	0	0	0	0	0	0	0	19	0	13	2	0	0	6	0	0	13	0	9	0	3	0	0	0	0	0	12
1285.800	0	0	0	0	0	0	0	3	0	0	0	0	0	0	0	0	17	1	13	1	0	0	4	0	0	9	0	5	0	1	0	0	0	0	0	12
1286.000	0	0	0	0	0	0	0	2	0	0	0	0	0	0	0	0	16	0	7	1	0	0	3	0	0	14	0	1	0	1	0	0	0	0	0	11
1286.200	0	0	0	4	0	0	0	5	0	0	0	0	0	0	0	0	17	0	14	2	0	0	2	0	0	16	0	1	0	4	0	0	0	0	0	11
1286.400	0	0	0	5	0	0	0	3	0	0	0	0	0	0	0	0	17	0	14	2	0	0	2	0	0	15	0	6	0	5	0	0	0	0	0	9
1286.600	0	0	0	5	0	0	0	5	0	0	0	0	0	0	0	0	17	0	9	3	0	0	2	0	0	13	0	1	0	1	0	0	0	0	0	12
1286.800	0	0	0	5	0	0	0	4	0	0	0	0	0	0	0	0	14	0	11	3	0	0	4	0	0	13	0	10	0	7	0	0	0	0	0	12
1287.000	0	0	0	5	0	0	0	6	0	0	0	0	0	0	0	0	18	3	13	2	0	0	1	0	0	19	0	9	0	5	0	0	0	0	0	14
1287.200	0	0	0	5	0	0	0	5	0	0	0	0	0	0	0	0	16	0	9	3	0	0	3	0	0	10	0	8	0	2	0	0	0	0	0	14
1287.400	0	0	0	8	0	0	0	4	0	0	0	0	0	0	0	0	19	0	10	2	0	0	2	0	0	14	0	7	0	4	0	0	0	0	0	10
1287.600	0	0	0	5	0	0	0	5	0	0	0	0	0	0	0	0	8	0	10	1	0	0	1	0	0	9	0	1	0	4	0	0	0	0	0	17
1287.800	0	0	0	7	0	0	0	3	0	0	0	0	0	0	0	0	17	0	14	1	0	0	2	0	0	14	0	6	0	1	1	0	0	0	0	16
1288.000	0	0	0	6	0	0	0	4	0	0	0	0	0	0	0	0	15	0	9	2	0	0	3	0	0	14	0	4	0	1	0	0	0	0	0	11
1288.200	0	0	0	5	0	0	0	3	0	0	0	0	0	0	0	0	13	0	10	2	0	0	3	0	0	12	0	6	0	1	0	0	0	0	0	10
1288.400	0	0	0	5	0	0	0	5	0	0	0	0	0	0	0	0	15	0	13	1	0	0	2	0	0	12	0	11	0	2	0	0	0	0	0	12
1288.600	0	0	0	0	0	0	0	5	0	0	0	0	0	0	0	0	18	1	16	3	0	0	2	0	0	15	0	6	0	2	0	0	0	0	0	12
1288.800	0	0	0	1	0	0	0	0	0	0	0	0	0	0	0	0	17	1	15	1	0	0	2	0	0	12	0	2	0	2	0	0	0	0	0	16
1289.000	0	0	0	1	0	0	0	6	0	0	0	0	0	0	0	0	19	0	17	1	0	0	2	0	0	17	0	9	0	2	0	0	0	0	0	16
1289.200	0	0	0	0	0	0	0	7	0	0	0	0	0	0	0	0	14	2	13	1	0	0	2	0	0	14	0	1	0	0	0	0	0	0	1	14
1289.400	0	0	0	2	0	0	0	7	0	0	0	0	0	0	0	0	14	0	16	0	0	0	2	0	0	15	0	10	0	1	0	0	0	0	1	18
1289.600	0	0	0	1	0	0	0	3	0	0	0	0	0	0	0	0	19	0	14	2	0	0	1	0	0	14	0	6	0	2	0	0	0	0	0	12
1289.800	0	0	0	0	0	0	0	1	0	0	0	0	0	0	0	0	16	1	13	0	0	0	0	0	0	14	0	2	0	0	0	0	0	0	0	13
1290.000	0	0	0	0	0	0	0	4	0	0	0	0	0	0	0	0	12	1	9	2	0	0	0	0	0	17	0	2	0	2	0	0	0	0	0	17
1290.200	0	0	0	0	0	0	0	6	0	0	0	0	0	0	0	0	13	1	15	1	0	0	0	0	0	14	0	10	0	5	0	0	0	0	0	16
1290.400	0	0	0	0	0	0	0	4	0	0	0	0	0	0	0	0	15	0	12	2	0	0	0	0	0	12	0	9	0	1	0	0	0	0	0	13
1290.600	0	0	0	0	0	0	0	2	0	0	0	0	0	0	0	0	17	0	9	2	0	0	0	0	0	14	0	7	0	5	1	0	0	0	0	16
1290.800	0	0	0	0	0	0	0	4	0	0	0	0	0	0	0	0	21	0	10	2	0	0	0	0	0	11	0	7	0	2	0	0	0	0	0	11
1291.000	0	0	0	0	0	0	0	2	0	0	0	0	0	0	0	0	17	0	13	2	0	0	0	0	0	15	0	6	0	0	0	0	0	0	1	8
1291.200	0	0	0	0	0	0	0	1	0	0	0	0	0	0	0	0	17	1	15	1	0	0	0	0	0	14	0	8	0	1	0	0	0	0	1	12
1291.400	0	0	0	0	0	0	0	0	0	0	0	0	0	0	0	0	14	0	15	3	0	0	0	0	0	11	0	8	0	1	0	0	0	0	1	14
1291.600	0	0	0	0	0	0	0	1	0	0	0	0	0	0	0	0	17	0	12	2	0	0	1	0	0	13	0	1	0	4	0	0	0	0	1	14
1291.800	0	0	0	0	0	0	0	4	0	0	0	0	0	0	0	0	20	0	12	2	0	0	0	0	0	9	0	7	0	2	0	0	0	0	0	14
1292.000	0	0	0	0	0	0	0	5	0	0	0	0	0	0	0	0	14	0	11	0	0	0	1	0	0	15	0	5	0	1	0	0	0	0	0	15
1292.200	0	0	0	0	0	0	0	5	0	0	0	0	0	0	0	0	15	0	12	1	0	0	2	0	0	10	0	5	0	4	0	0	0	0	0	11
1292.400	0	0	0	0	0	0	0	9	0	0	0	0	0	0	0	0	15	0	15	1	0	0	7	0	0	8	0	5	0	2	1	0	0	0	0	20
1292.600	0	0	0	0	0	0	0	12	0	0	0	0	0	0	0	0	16	0	15	1	0	0	2	0	0	5	0	0	0	5	0	0	0	0	0	11
1292.800	0	0	0	8	0	0	0	8	0	0	0	0	0	0	0	0	18	0	12	1	0	0	2	0	0	14	0	3	0	8	0	0	0	0	0	10
1293.000	0	0	0	7	0	0	0	10	0	0	0	0	0	0	0	0	19	0	11	1	0	0	0	0	0	12	0	5	0	5	0	0	0	0	0	15
1293.200	0	0	0	5	0	0	0	9	0	0	0	0	0	0	0	0	18	0	14	1	0	0	1	0	0	7	0	3	0	6	0	0	0	0	0	15
1293.400	0	0	0	5	0	0	0	9	0	0	0	0	0	0	0	0	10	0	8	0	0	0	0	0	0	9	0	5	0	5	0	0	0	0	0	14
1293.600	0	0	0	4	0	0	0	6	0	0	0	0	0	0	0	0	15	0	6	0	0	0	0	0	0	8	0	2	0	1	0	0	0	0	1	14
1293.800	0	0	0	4	0	0	0	9	0	0	0	0	0	0	0	0	18	0	10	1	0	0	0	0	0	12	0	2	0	2	0	0	0	0	0	16
1294.000	0	0	0	8	0	0	0	13	0	0	0	0	0	0	0	0	14	0	9	2	0	0	0	0	0	8	0	3	0	5	0	0	0	0	0	15
1294.200	0	0	0	6	0	0	0	7	0	0	0	0	0	0	0	0	16	0	4	1	0	0	0	0	0	8	0	3	0	5	0	0	0	0	0	17
1294.400	0	0	0	7	0	0	0	6	0	0	0	0	0	0	0	0	16	0	14	2	0	0	0	0	0	9	0	10	0	3	0	0	0	0	0	18
1294.600	0	0	0	2	0	0	0	3	0	0	0	0	0	0	0	0	13	0	4	0	0	0	0	0	0	10	0	7	0	2	0	0	0	0	0	12
1294.800	0	0	0	6	0	0	0	8	0	0	0	0	0	0	0	0	18	0	11	0	0	0	0	0	0	10	0	6	0	2	0	0	0	0	0	12
1295.000	0	0	0	4	0	0	0	4	0	0	0	0	0	0	0	0	18	0	1	2	0	0	0	0	0	11	0	4	0	7	0	0	0	0	0	19
1295.200	0	0	0	7	0	0	0	6	0	0	0	0	0	0	0	0	14	0	6	2	0	0	0	0	0	10	0	1	0	4	0	0	0	0	0	11
1295.400	0	0	0	6	0	0	0	4	0	0	0	0	0	0	0	0	18	0	14	2	0	0	0	0	0	12	0	1	0	1	0	0	0	0	1	6
1295.600	0	0	0	7	0	0	0	14	0	0	0	0	0	0	0	0	14	0	15	2	0	0	1	0	0	13	0	1	0	3	0	0	0	0	0	8
1295.800	0	0	0	4	0	0	0	10	0	0	0	0	0	0	0	0	16	0	15	2	0	0	0	0	0	19	0	3	0	5	0	0	0	0	0	13
1296.000	0	0	0	6	0	0	0	4	0	0	0	0	0	0	0	0	17	0	9	3	0	0	2	0	0	16	0	4	0	2	0	0	0	0	0	9
1296.200	0	0	0	8	0	0	0	6	0	0	0	0	0	0	0	0	17	0	13	2	0	0	0	0	0	15	0	6	0	1	0	0	0	0	1	13
1296.400	0	0	0	8	0	0	0	5	0	0	0	0	0	0	0	0	15	0	12	2	0	0	0	0	0	16	0	3	0	4	0	0	0	0	0	9
1296.600	0	0	0	8	0	0	0	6	0	0	0	0	0	0	0	0	18	0	5	2	0	0	0	0	0	10	0	7	0	4	0	0	0	0	0	18
1296.800	0	0	0	8	0	0	0	4	0	0	0	0	0	0	0	0	11	0	9	2	0	0	2	0	0	16	0	4	0	3	0	0	0	0	0	14
1297.000	0	0	0	3	0	0	0	6	0	0	0	0	0	0	0	0	19	0	15	2	0	0	0	0	0	12	0	4	0	4	0	0	0	0	0	13
1297.200	0	0	0	4	0	0	0	5	0	0	0	0	0	0	0	0	11	0	9	2	0	0	2	0	0	11	0	5	0	2	0	0	0	0	0	14
1297.400	0	0	0	3	0	0	0	7	0	0	0	0	0	0	0	0	14	0	11	3	0	0	2	0	0	5	0	1	0	2	0	0	0	0	0	15
1297.600	0	0	0	1	0	0	0	5	0	0	0	0	0	0	0	0	20	0	9	0	0	0	2	0	0	7	0	3	0	2	1	0	0	0	0	11
1297.800	0	0	0	0	0	0	0	6	0	0	0	0	0	0	0	0	13	0	9	2	0	0	3	0	0	13	0	10	0	2	0	0	0	0	0	23
1298.000	0	0	0	0	0	0	0	9	0	0	0	0	0	0	0	0	19	0	17	2	0	0	3	0	0	10	0	7	0	2	0	0	0	0	0	10
1298.200	0	0	0	0	0	0	0	6	0	0	0	0	0	0	0	0	18	0	12	2	0	0	2	0	0	9	0	9	0	1	0	0	0	0	0	8
1298.400	0	0	0	1	0	0	0	9	0	0	0	0	0	0	0	0	17	0	13	1	0	0	0	0	0	10	0	3	0	5	0	0	0	0	0	17
1298.600	0	0	0	0	0	0	0	8	0	0	0	0	0	0	0	0	20	0	13	1	0	0	1	0	0	14	0	0	0	2	0	0	0	0	0	9
1298.800	0	0	0	0	0	0	0	9	0	0	0	0	0	0	0	0	17	0	13	3	0	0	2	0	0	13	0	1	0	2	0	0	0	0	1	13
1299.000	0	0	0	0	0	0	0	10	0	0	0	0	0	0	0	0	15	0	12	3	0	0	1	0	0	10	0	5	0	3	0	0	0	0	0	15
1299.200	0	0	0	0	0	0	0	13	0	0	0	0	0	0	0	0	15	0	13	2	0	0	2	0	0	5	0	0	0	1	0	0	0	0	1	18
1299.400	0	0	0	0	0	0	0	8	0	0	0	0	0	0	0	0	14	0	13	2	0	0	2	0	0	7	0	2	0	1	0	0	0	0	1	7
1299.600	0	0	0	0	0	0	0	3	0	0	0	0	0	0	0	0	15	0	12	2	0	0	2	0	0	7	0	0	0	2	0	0	0	0	0	13
1299.800	0	0	0	0	0	0	0	6	0	0	0	0	0	0	0	0	13	0	18	1	0	0	2	0	0	12	0	4	0	3	0	0	0	0	0	15
1300.000	0	0	0	0	0	0	0	9	0	0	0	0	0	0	0	0	19	0	17	1	0	0	2	0	0	7	0	5	0	6	2	0	0	0	1	12
1300.200	0	0	0	0	0	0	0	8	0	0	0	0	0	0	0	0	16	0	16	2	0	0	2	0	0	6	0	2	0	2	0	0	0	0	0	17
1300.400	0	0	0	0	0	0	0	11	0	0	0	0	0	0	0	0	19	0	14	2	0	0	2	0	0	3	0	1	0	1	0	0	0	0	1	16
1300.600	0	0	0	0	0	0	0	8	0	0	0	0	0	0	0	0	14	0	13	2	0	0	2	0	0	8	0	1	0	1	0	0	0	0	0	11
1300.800	0	0	0	0	0	0	0	10	0	0	0	0	0	0	0	0	18	0	15	1	0	0	1	0	0	10	0	1	0	1	0	0	0	0	0	9
1301.000	0	0	0	0	0	0	0	8	0	0	0	0	0	0	0	0	18	0	14	2	0	0	2	0	0	9	0	5	0	1	0	0	0	0	0	11
1301.200	0	0	0	0	0	0	0	9	0	0	0	0	0	0	0	0	18	0	13	2	0	0	2	0	0	12	0	0	0	1	0	0	0	0	0	10
1301.400	0	0	0	0	0	0	0	10	0	0	0	0	0	0	0	0	12	0	16	1	0	0	2	0	0	12	0	3	0	2	0	0	0	0	0	9
1301.600	0	0	0	0	0	0	0	7	0	0	0	0	0	0	0	0	17	0	16	2	0	0	2	0	0	12	0	1	0	5	0	0	0	0	0	10
1301.800	0	0	0	0	0	0	0	14	0	0	0	0	0	0	0	0	17	0	13	1	0	0	0	0	0	10	0	6	0	5	1	0	0	0	0	11
1302.000	0	0	0	0	0	0	0	8	0	0	0	0	0	0	0	0	8	0	15	2	0	0	2	0	0	12	0	1	0	4	1	0	0	0	0	12
1302.200	0	0	0	0	0	0	0	11	0	0	0	0	0	0	0	0	18	0	1	2	0	0	0	0	0	10	0	0	0	0	0	0	0	0	1	7
1302.400	0	0	0	0	0	0	0	8	0	0	0	0	0	0	0	0	13	0	12	1	0	0	2	0	0	13	0	3	0	1	0	0	0	0	0	14
1302.600	0	0	0	0	0	0	0	11	0	0	0	0	0	0	0	0	11	0	12	1	0	0	2	0	0	16	0	1	0	0	0	0	0	0	0	10
1302.800	0	0	0	0	0	0	0	8	0	0	0	0	0	0	0	0	11	0	13	2	0	0	2	0	0	9	0	0	0	0	0	0	0	0	0	11
1303.000	0	0	0	0	0	0	0	10	0	0	0	0	0	0	0	0	14	1	9	0	0	0	2	0	0	14	0	1	0	0	0	0	0	0	0	7
1303.200	0	0	0	0	0	0	0	8	0	0	0	0	0	0	0	0	14	0	13	1	0	0	2	0	0	13	0	1	0	1	0	0	0	0	0	14
1303.400	0	0	0	0	0	0	0	4	0	0	0	0	0	0	0	0	16	0	10	2	0	0	2	0	0	10	0	3	0	2	0	0	0	0	1	10
1303.600	0	0	0	0	0	0	0	9	0	0	0	0	0	0	0	0	12	1	11	3	0	0	2	0	0	11	0	2	0	3	0	0	0	0	0	7
1303.800	0	0	0	0	0	0	0	8	0	0	0	0	0	0	0	0	12	0	7	1	0	0	1	0	0	14	0	1	0	1	0	0	0	0	0	16
1304.000	0	0	0	0	0	0	0	7	0	0	0	0	0	0	0	0	14	0	13	2	0	0	2	0	0	12	0	1	0	2	0	0	0	0	0	11
1304.200	0	0	0	0	0	0	0	12	0	0	0	0	0	0	0	0	13	0	15	3	0	0	0	0	0	7	0	2	0	2	0	0	0	0	0	11
1304.400	0	0	0	0	0	0	0	7	0	0	0	0	0	0	0	0	12	0	17	3	0	0	1	0	0	13	0	1	0	2	0	0	0	0	0	12
1304.600	0	0	0	0	0	0	0	6	0	0	0	0	0	0	0	0	17	0	16	3	0	0	2	0	0	11	0	5	0	5	0	0	0	0	0	10
1304.800	0	0	0	0	0	0	0	12	0	0	0	0	0	0	0	0	17	0	14	3	0	0	2	0	0	10	0	9	0	3	2	0	0	0	0	8
1305.000	0	0	0	0	0	0	0	8	0	0	0	0	0	0	0	0	15	0	15	2	0	0	2	0	0	15	0	2	0	1	0	0	0	0	0	8
1305.200	0	0	0	0	0	0	0	10	0	0	0	0	0	0	0	0	18	1	18	2	0	0	0	0	0	13	0	3	0	1	1	0	0	0	0	9
1305.400	0	0	0	0	0	0	0	9	0	0	0	0	0	0	0	0	19	0	14	3	0	0	1	0	0	7	0	4	0	2	0	0	0	0	0	10
1305.600	0	0	0	0	0	0	0	9	0	0	0	0	0	0	0	0	12	0	18	2	0	0	0	0	0	11	0	2	0	2	0	0	0	0	0	10
1305.800	0	0	0	0	0	0	0	11	0	0	0	0	0	0	0	0	14	0	17	3	0	0	2	0	0	17	0	4	0	2	0	0	0	0	0	10
1306.000	0	0	0	0	0	0	0	10	0	0	0	0	0	0	0	0	19	0	15	2	0	0	2	0	0	15	0	1	0	2	0	0	0	0	0	8
1306.200	0	0	0	0	0	0	0	12	0	0	0	0	0	0	0	0	14	0	11	1	0	0	1	0	0	14	0	6	0	3	0	0	0	0	0	10
1306.400	0	0	0	0	0	0	0	11	0	0	0	0	0	0	0	0	17	0	10	2	0	0	3	0	0	18	0	0	0	2	1	0	0	0	0	11
1306.600	0	0	0	3	0	0	0	9	0	0	0	0	0	0	0	0	18	0	10	2	0	0	2	0	0	13	1	6	0	1	0	0	0	0	0	11
1306.800	0	0	0	4	0	0	0	8	0	0	0	0	0	0	0	0	13	0	14	1	0	0	3	0	0	17	0	8	0	2	0	0	0	0	0	9
1307.000	0	0	0	4	0	0	0	7	0	0	0	0	0	0	0	0	19	0	12	2	0	0	2	0	0	15	0	4	0	6	3	0	0	0	0	8
1307.200	0	0	0	4	0	0	0	11	0	0	0	0	0	0	0	0	18	0	11	2	0	0	2	0	0	15	0	8	0	3	3	0	0	0	0	10
1307.400	0	0	0	4	0	0	0	9	0	0	0	0	0	0	0	0	17	0	16	1	0	0	2	0	0	17	0	8	0	3	1	0	0	0	0	20
1307.600	0	0	0	3	0	0	0	4	0	0	0	0	0	0	0	0	16	0	14	1	0	0	3	0	0	16	0	1	0	3	0	0	0	0	0	10
1307.800	0	0	0	0	0	0	0	11	0	0	0	0	0	0	0	0	13	0	13	2	0	0	2	0	0	15	0	3	0	4	1	0	0	0	0	19
1308.000	0	0	0	0	0	0	0	7	0	0	0	0	0	0	0	0	17	0	11	3	0	0	3	0	0	19	0	2	0	1	2	0	0	0	0	14
1308.200	0	0	0	0	0	0	0	10	0	0	0	0	0	0	0	0	16	0	14	2	0	0	2	0	0	9	0	2	0	1	0	0	0	0	0	9
1308.400	0	0	0	0	0	0	0	10	0	0	0	0	0	0	0	0	19	0	13	1	0	0	2	0	0	15	0	2	0	4	2	0	0	0	0	16
1308.600	0	0	0	0	0	0	0	10	0	0	0	0	0	0	0	0	20	0	6	2	0	0	2	0	0	15	0	2	0	5	0	0	0	0	0	13
1308.800	0	0	0	1	0	2	0	12	0	0	0	0	0	0	0	0	20	0	14	2	0	0	1	0	0	14	0	7	0	5	0	0	0	0	1	14
1309.000	0	0	0	0	0	0	0	12	0	0	0	0	0	0	0	0	18	0	10	2	0	0	3	0	0	12	0	2	0	7	1	0	0	0	0	21
1309.200	0	0	0	0	0	0	0	18	0	0	0	0	0	0	0	0	17	0	11	3	0	0	2	0	0	10	0	5	0	5	0	0	0	0	0	14
1309.400	0	0	0	0	0	0	0	7	0	0	0	0	0	0	0	0	17	0	14	3	0	0	3	0	0	7	0	1	0	5	0	0	0	0	0	14
1309.600	0	0	0	0	0	0	0	8	0	0	0	0	0	0	0	0	17	0	13	2	0	0	0	0	0	7	0	0	0	2	0	0	0	0	0	8
1309.800	0	0	0	0	0	0	0	12	0	0	0	0	0	0	0	0	17	0	13	2	0	0	2	0	0	5	0	11	0	3	0	0	0	0	0	15
1310.000	0	0	0	0	0	0	0	10	0	0	0	0	0	0	0	0	15	0	13	2	0	0	2	0	0	5	0	4	0	4	1	0	0	0	0	11
1310.200	0	0	0	0	0	0	0	14	0	0	0	0	0	0	0	0	13	0	11	1	0	0	1	0	0	12	0	2	0	4	0	0	0	0	0	13
1310.400	0	0	0	0	0	0	0	11	0	0	0	0	0	0	0	0	16	0	16	3	0	0	1	0	0	11	0	4	0	4	0	0	0	0	0	20
1310.600	0	0	0	0	0	0	0	13	0	0	0	0	0	0	0	0	9	0	15	1	0	0	0	0	0	12	0	1	0	3	0	0	0	0	0	11
1310.800	0	0	0	0	0	0	0	13	0	0	0	0	0	0	0	0	18	0	13	1	0	0	2	0	0	10	0	4	0	2	0	0	0	0	0	13
1311.000	0	0	0	0	0	1	0	14	0	0	0	0	0	0	0	0	17	0	16	1	0	0	1	0	0	15	0	0	0	3	0	0	0	0	0	15
1311.200	0	0	0	0	0	0	0	8	0	0	0	0	0	0	0	0	10	0	13	1	0	0	2	0	0	16	0	1	0	4	0	0	0	0	0	13
1311.400	0	0	0	0	0	0	0	6	0	0	0	0	0	0	0	0	16	0	16	1	0	0	3	0	0	13	0	0	0	3	0	0	0	0	0	13
1311.600	0	0	0	0	0	0	0	9	0	0	0	0	0	0	0	0	16	0	13	1	0	0	3	0	0	13	0	0	0	2	0	0	0	0	0	15
1311.800	0	0	0	0	0	1	0	10	0	0	0	0	0	0	0	0	17	0	14	2	0	0	3	0	0	8	0	0	0	3	0	0	0	0	0	14
1312.000	0	0	0	0	0	0	0	9	0	0	0	0	0	0	0	0	18	0	12	3	0	0	2	0	0	12	0	2	0	4	0	0	0	0	0	10
1312.200	0	0	0	0	0	2	0	11	0	0	0	0	0	0	0	0	14	0	11	2	0	0	3	0	0	8	0	3	0	5	0	0	0	0	0	17
1312.400	0	0	0	0	0	0	0	10	0	0	0	0	0	0	0	0	16	0	14	2	0	0	2	0	0	7	0	6	0	5	0	0	0	0	0	16
1312.600	0	0	0	0	0	0	0	15	0	0	0	0	0	0	0	0	13	0	6	2	0	0	3	0	0	12	0	6	0	6	0	0	0	0	0	16
1312.800	0	0	0	0	0	0	0	9	0	0	0	0	0	0	0	0	17	0	11	1	0	0	2	0	0	13	0	2	0	2	0	0	0	0	0	15
1313.000	0	0	0	0	0	0	0	11	0	0	0	0	0	0	0	0	15	0	12	1	0	0	3	0	0	12	0	7	0	3	0	0	0	0	0	10
1313.200	0	0	0	0	0	0	0	7	0	0	0	0	0	0	0	0	15	0	15	1	0	0	2	0	0	13	0	6	0	4	0	0	0	0	1	13
1313.400	0	0	0	0	0	1	0	13	0	0	0	0	0	0	0	0	15	0	11	1	0	0	2	0	0	6	0	6	0	5	0	0	0	0	1	17
1313.600	0	0	0	0	0	1	0	7	0	0	0	0	0	0	0	0	18	0	16	1	0	0	2	0	0	15	0	5	0	3	0	0	0	0	1	18
1313.800	0	0	0	0	0	0	0	8	0	0	0	0	0	0	0	0	12	0	10	1	0	0	2	0	0	18	0	0	0	6	0	0	0	0	0	15
1314.000	0	0	0	0	0	1	0	11	0	0	0	0	0	0	0	0	15	0	16	1	0	0	2	0	0	10	0	0	0	2	0	0	0	0	0	12
1314.200	0	0	0	1	0	1	0	10	0	0	0	0	0	0	0	0	11	0	15	1	0	0	2	0	0	14	0	4	0	3	0	0	0	0	1	12
1314.400	0	0	0	0	0	1	0	11	0	0	0	0	0	0	0	0	19	0	16	3	0	0	2	0	0	10	0	2	0	3	0	0	0	0	1	16
1314.600	0	0	0	0	0	2	0	10	0	0	0	0	0	0	0	0	20	0	16	2	0	0	0	0	0	17	0	1	0	4	0	0	0	0	1	8
1314.800	0	0	0	5	0	0	0	9	0	0	0	0	0	0	0	0	12	0	18	1	0	0	1	0	0	12	0	10	0	6	0	0	0	0	0	13
1315.000	0	0	0	1	0	2	0	9	0	0	0	0	0	0	0	0	17	0	16	2	0	0	1	0	0	12	0	2	0	2	0	0	0	0	1	13
1315.200	0	0	0	5	0	0	0	5	0	0	0	0	0	0	0	0	16	0	11	3	0	0	2	0	0	14	0	5	0	4	0	0	0	0	1	13
1315.400	0	0	0	5	0	0	0	8	0	0	0	0	0	0	0	0	13	0	14	2	0	0	2	0	0	17	0	8	0	4	0	0	0	0	0	12
1315.600	0	0	0	4	0	0	0	10	0	0	0	0	0	0	0	0	18	0	15	2	0	0	2	0	0	16	0	5	0	1	0	0	0	0	0	12
1315.800	0	0	0	5	0	0	0	5	0	0	0	0	0	0	0	0	24	0	12	3	0	0	2	0	0	17	0	2	0	1	0	0	0	0	0	14
1316.000	0	0	0	3	0	0	0	13	0	0	0	0	0	0	0	0	20	0	7	3	0	0	1	0	0	12	0	10	0	4	3	0	0	0	0	14
1316.200	0	0	0	4	0	0	0	10	0	0	0	0	0	0	0	0	13	0	10	2	0	0	3	0	0	17	0	3	0	6	1	0	0	0	0	19
1316.400	0	0	0	2	0	0	0	11	0	0	0	0	0	0	0	0	17	0	14	2	0	0	2	0	0	16	0	6	0	6	1	0	0	0	0	10
1316.600	0	0	0	0	0	0	0	10	0	0	0	0	0	0	0	0	18	0	14	3	0	0	2	0	0	11	0	3	0	1	0	0	0	0	0	14
1316.800	0	0	0	0	0	0	0	8	0	0	0	0	0	0	0	0	22	0	7	3	0	0	2	0	0	16	0	1	0	3	0	0	0	0	0	15
1317.000	0	0	0	0	0	0	0	12	0	0	0	0	0	0	0	0	10	0	13	2	0	0	1	0	0	12	0	8	0	6	1	0	0	0	0	16
1317.200	0	0	0	0	0	0	0	11	0	0	0	0	0	0	0	0	15	0	10	1	0	0	2	0	0	13	0	7	0	5	0	0	0	0	0	15
1317.400	0	0	0	0	0	0	0	9	0	0	0	0	0	0	0	0	16	0	10	3	0	0	0	0	0	11	0	7	0	3	1	0	0	0	0	14
1317.600	0	0	0	0	0	0	0	9	0	0	0	0	0	0	0	0	17	0	12	2	0	0	0	0	0	17	0	5	0	1	3	0	0	0	0	22
1317.800	0	0	0	0	0	0	0	8	0	0	0	0	0	0	0	0	20	0	7	2	0	0	1	0	0	14	0	7	0	6	2	0	0	0	0	20
1318.000	0	0	0	0	0	0	0	7	0	0	0	0	0	0	0	0	18	0	5	3	0	0	2	0	0	16	0	4	0	5	0	0	0	0	0	15
1318.200	0	0	0	0	0	0	0	11	0	0	0	0	0	0	0	0	20	0	14	2	0	0	2	0	0	17	0	7	0	6	3	0	0	0	0	18
1318.400	0	0	0	0	0	0	0	11	0	0	0	0	0	0	0	0	15	1	11	2	0	0	1	0	0	14	0	6	0	3	0	0	0	0	0	9
1318.600	0	0	0	0	0	0	0	13	0	0	0	0	0	0	0	0	22	0	6	1	0	0	0	0	0	16	0	7	0	1	2	0	0	0	0	10
1318.800	0	0	0	0	0	1	0	12	0	0	0	0	0	0	0	0	20	0	13	2	0	0	2	0	0	15	0	6	0	4	0	0	0	0	0	10
1319.000	0	0	0	0	0	0	0	15	0	0	0	0	0	0	0	0	21	0	10	3	0	0	1	0	0	15	0	4	0	4	0	0	0	0	0	11
1319.200	0	0	0	0	0	0	0	14	0	0	0	0	0	0	0	0	16	0	14	1	0	0	2	0	0	15	0	4	0	4	0	0	0	0	0	8
1319.400	0	0	0	0	0	0	0	9	0	0	0	0	0	0	0	0	16	0	9	1	0	0	2	0	0	8	0	9	0	5	2	0	0	0	0	13
1319.600	0	0	0	0	0	0	0	8	0	0	0	0	0	0	0	0	16	0	8	1	0	0	2	0	0	15	0	7	0	5	0	0	0	0	0	12
1319.800	0	0	0	0	0	0	0	8	0	0	0	0	0	0	0	0	14	0	13	1	0	0	2	0	0	16	0	4	0	6	0	0	0	0	0	11
1320.000	0	0	0	0	0	0	0	10	0	0	0	0	0	0	0	0	12	0	17	1	0	0	1	0	0	13	0	7	0	4	0	0	0	0	0	13
1320.200	0	0	0	0	0	0	0	8	0	0	0	0	0	0	0	0	14	0	10	2	0	0	2	0	0	15	0	4	0	5	0	0	0	0	0	13
1320.400	0	0	0	0	0	0	0	10	0	0	0	0	0	0	0	0	17	0	13	3	0	0	1	0	0	15	0	6	0	4	0	0	0	0	0	12
1320.600	0	0	0	0	0	0	0	8	0	0	0	0	0	0	0	0	11	0	16	1	0	0	1	0	0	9	0	7	0	5	2	0	0	0	0	14
1320.800	0	0	0	0	0	0	0	12	0	0	0	0	0	0	0	0	10	0	12	1	0	0	0	0	0	14	0	5	0	6	0	0	0	0	0	16
1321.000	0	0	0	0	0	0	0	8	0	0	0	0	0	0	0	0	19	0	12	3	0	0	1	0	0	9	0	6	0	7	1	0	0	0	0	8
1321.200	0	0	0	0	0	0	0	10	0	0	0	0	0	0	0	0	15	0	10	0	0	0	0	0	0	9	0	6	0	6	1	0	0	0	0	10
1321.400	0	0	0	0	0	0	0	12	0	0	0	0	0	0	0	0	15	0	11	2	0	0	1	0	0	14	0	4	0	2	1	0	0	0	0	12
1321.600	0	0	0	0	0	0	0	13	0	0	0	0	0	0	0	0	14	0	13	3	0	0	2	0	0	12	0	6	0	6	1	0	0	0	0	14
1321.800	0	0	0	0	0	0	0	13	0	0	0	0	0	0	0	0	19	0	12	2	0	0	0	0	0	16	0	4	0	4	0	0	0	0	0	9
1322.000	0	0	0	0	0	0	0	11	0	0	0	0	0	0	0	0	18	0	6	1	0	0	0	0	0	18	0	6	0	3	0	0	0	0	0	9
1322.200	0	0	0	0	0	0	0	17	0	0	0	0	0	0	0	0	19	0	9	3	0	0	1	0	0	16	0	6	0	7	1	0	0	0	0	8
1322.400	0	0	0	0	0	0	0	8	0	0	0	0	0	0	0	0	13	0	7	2	0	0	0	0	0	16	0	7	0	1	0	0	0	0	0	9
1322.600	0	0	0	0	0	0	0	9	0	0	0	0	0	0	0	0	17	1	8	3	0	0	0	0	0	12	0	0	0	5	0	0	0	0	0	7
1322.800	0	0	0	0	0	0	0	10	0	0	0	0	0	0	0	0	15	0	6	2	0	0	0	0	0	12	0	3	0	2	0	0	0	0	0	9
1323.000	0	0	0	0	0	0	0	6	0	0	0	0	0	0	0	0	19	0	12	1	0	0	1	0	0	15	0	1	0	1	0	0	0	0	0	12
1323.200	0	0	0	0	0	2	0	9	0	0	0	0	0	0	0	0	18	0	6	3	0	0	0	0	0	13	0	5	0	2	2	0	0	0	0	14
1323.400	0	0	0	0	0	0	0	7	0	0	0	0	0	0	0	0	19	0	8	1	0	0	3	0	0	15	0	4	0	3	0	0	0	0	0	13
1323.600	0	0	0	0	0	0	0	10	0	0	0	0	0	0	0	0	20	0	5	2	0	0	3	0	0	18	0	5	0	4	2	0	0	0	0	13
1323.800	0	0	0	0	0	1	0	16	0	0	0	0	0	0	0	0	13	0	12	1	0	0	2	0	0	16	0	4	0	6	1	0	0	0	0	16
1324.000	0	0	0	0	0	0	0	9	0	0	0	0	0	0	0	0	15	0	10	2	0	0	2	0	0	15	0	1	0	6	0	0	0	0	0	11
1324.200	0	0	0	0	0	0	0	12	0	0	0	0	0	0	0	0	16	0	8	1	0	0	2	0	0	19	0	2	0	5	1	0	0	0	0	13
1324.400	0	0	0	0	0	0	0	7	0	0	0	0	0	0	0	0	15	0	8	2	0	0	2	0	0	16	0	2	0	3	3	0	0	0	0	9
1324.600	0	0	0	0	0	0	0	9	0	0	0	0	0	0	0	0	18	0	10	0	0	0	2	0	0	20	0	2	0	4	0	0	0	0	0	10
1324.800	0	0	0	0	0	0	0	9	0	0	0	0	0	0	0	0	22	0	6	3	0	0	3	0	0	15	0	3	0	7	1	0	0	0	0	10
1325.000	0	0	0	0	0	0	0	11	0	0	0	0	0	0	0	0	14	0	17	2	0	0	3	0	0	12	0	6	0	1	1	0	0	0	0	11
1325.200	0	0	0	0	0	0	0	7	0	0	0	0	0	0	0	0	22	0	9	2	0	0	2	0	0	16	0	4	0	4	3	0	0	0	0	13
1325.400	0	0	0	0	0	0	0	8	0	0	0	0	0	0	0	0	18	0	13	2	0	0	2	0	0	12	0	6	0	6	0	0	0	0	0	12
1325.600	0	0	0	0	0	0	0	8	0	0	0	0	0	0	0	0	18	0	12	1	0	0	2	0	0	9	0	9	0	5	1	0	0	0	0	9
1325.800	0	0	0	0	0	0	0	4	0	0	0	0	0	0	0	0	22	0	13	1	0	0	2	0	0	10	0	7	0	6	0	0	0	0	0	7
1326.000	0	0	0	0	0	0	0	8	0	0	0	0	0	0	0	0	14	0	12	1	0	0	2	0	0	15	0	6	0	3	1	0	0	0	0	12
1326.200	0	0	0	0	0	0	0	7	0	0	0	0	0	0	0	0	13	0	7	3	0	0	2	0	0	18	0	2	0	4	0	0	0	0	0	12
1326.400	0	0	0	0	0	0	0	3	0	0	0	0	0	0	0	0	15	0	12	1	0	0	6	0	0	12	0	9	0	4	2	0	0	0	0	10
1326.600	0	0	0	0	0	0	0	7	0	0	0	0	0	0	0	0	15	0	13	1	0	0	2	0	0	15	0	8	0	2	0	0	0	0	0	9
1326.800	0	0	0	0	0	0	0	8	0	0	0	0	0	0	0	0	12	0	12	1	0	0	3	0	0	12	0	2	0	5	1	0	0	0	0	10
1327.000	0	0	0	0	0	1	0	10	0	0	0	0	0	0	0	0	14	0	12	1	0	0	2	0	0	15	0	7	0	3	0	0	0	0	0	10
1327.200	0	0	0	0	0	0	0	11	0	0	0	0	0	0	0	0	18	0	12	1	0	0	2	0	0	12	0	0	0	6	0	0	0	0	0	12
1327.400	0	0	0	0	0	0	0	8	0	0	0	0	0	0	0	0	19	0	10	1	0	0	2	0	0	13	0	3	0	7	5	0	0	0	0	11
1327.600	0	0	0	0	0	0	0	9	0	0	0	0	0	0	0	0	17	0	7	1	0	0	0	0	0	15	0	8	0	4	3	0	0	0	0	10
1327.800	0	0	0	0	0	0	0	10	0	0	0	0	0	0	0	0	10	0	12	1	0	0	2	0	0	9	0	1	0	7	1	0	0	0	0	15
1328.000	0	0	0	0	0	0	0	10	0	0	0	0	0	0	0	0	16	0	14	1	0	0	2	0	0	11	0	4	0	4	1	0	0	0	0	15
1328.200	0	0	0	0	0	0	0	10	0	0	0	0	0	0	0	0	14	0	9	2	0	0	2	0	0	10	0	5	0	4	1	0	0	0	0	12
1328.400	0	0	0	0	0	0	0	7	0	0	0	0	0	0	0	0	16	1	10	2	0	0	2	0	0	14	0	9	0	7	3	0	0	0	0	16
1328.600	0	0	0	0	0	0	0	12	0	0	0	0	0	0	0	0	14	0	9	1	0	0	2	0	0	14	0	6	0	6	1	0	0	0	0	12
1328.800	0	0	0	0	0	0	0	7	0	0	0	0	0	0	0	0	15	0	9	2	0	0	2	0	0	15	0	8	0	3	3	0	0	0	0	14
1329.000	0	0	0	0	0	0	0	9	0	0	0	0	0	0	0	0	22	0	13	3	0	0	3	0	0	14	0	3	0	6	2	0	0	0	0	10
1329.200	0	0	0	0	0	0	0	8	0	0	0	0	0	0	0	0	17	0	11	1	0	0	2	0	0	8	0	4	0	6	3	0	0	0	0	10
1329.400	0	0	0	0	0	0	0	11	0	0	0	0	0	0	0	0	17	0	8	1	0	0	2	0	0	15	0	4	0	2	1	0	0	0	0	12
1329.600	0	0	0	0	0	0	0	9	0	0	0	0	0	0	0	0	15	0	10	1	0	0	3	0	0	13	0	4	0	3	4	0	0	0	0	9
1329.800	0	0	0	0	0	0	0	8	0	0	0	0	0	0	0	0	16	0	8	2	0	0	2	0	0	12	0	5	0	5	3	0	0	0	0	12
1330.000	0	0	0	0	0	0	0	10	0	0	0	0	0	0	0	0	16	0	13	1	0	0	2	0	0	12	0	5	0	2	1	0	0	0	0	18
1330.200	0	0	0	0	0	0	0	8	0	0	0	0	0	0	0	0	17	0	8	2	0	0	2	0	0	12	0	0	0	1	0	0	0	0	0	18
1330.400	0	0	0	0	0	0	0	8	0	0	0	0	0	0	0	0	16	0	13	1	0	0	2	0	0	13	0	5	0	2	1	0	0	0	0	16
1330.600	0	0	0	0	0	0	0	9	0	0	0	0	0	0	0	0	14	0	10	2	0	0	2	0	0	16	0	4	0	1	2	0	0	0	0	12
1330.800	0	0	0	0	0	0	0	11	0	0	0	0	0	0	0	0	18	0	8	1	0	0	2	0	0	17	1	4	0	4	3	0	0	0	0	13
1331.000	0	0	0	0	0	0	0	9	0	0	0	0	0	0	0	0	12	0	12	1	0	0	2	0	0	14	0	4	0	0	0	0	0	0	0	7
1331.200	0	0	0	0	0	0	0	11	0	0	0	0	0	0	0	0	16	0	11	1	0	0	0	0	0	14	0	7	0	3	1	0	0	0	0	10
1331.400	0	0	0	0	0	0	0	9	0	0	0	0	0	0	0	0	17	0	14	2	0	0	2	0	0	19	0	11	0	4	2	0	0	0	0	12
1331.600	0	0	0	0	0	0	0	9	0	0	0	0	0	0	0	0	16	0	14	3	0	0	2	0	0	17	1	8	0	3	3	0	0	0	0	8
1331.800	0	0	0	0	0	0	0	9	0	0	0	0	0	0	0	0	17	0	9	0	0	0	0	0	0	12	0	7	0	0	4	0	0	0	0	9
1332.000	0	0	0	0	0	0	0	11	0	0	0	0	0	0	0	0	12	0	10	0	0	0	0	0	0	14	0	9	0	1	0	0	0	0	0	11
1332.200	0	0	0	0	0	0	0	10	0	0	0	0	0	0	0	0	16	0	11	3	0	0	0	0	0	13	0	8	0	1	0	0	0	0	0	9
1332.400	0	0	0	0	0	0	0	7	0	0	0	0	0	0	0	0	23	0	5	2	0	0	0	0	0	10	1	7	0	1	2	0	0	0	0	9
1332.600	0	0	0	0	0	0	0	8	0	0	0	0	0	0	0	0	21	0	8	1	0	0	1	0	0	21	0	5	0	7	0	0	0	0	0	10
1332.800	0	0	0	0	0	0	0	11	0	0	0	0	0	0	0	0	18	0	11	0	0	0	2	0	0	11	0	5	0	1	1	0	0	0	0	10
1333.000	0	0	0	0	0	0	0	8	0	0	0	0	0	0	0	0	11	0	9	0	0	0	2	0	0	15	0	6	0	6	5	0	0	0	0	6
1333.200	0	0	0	0	0	0	0	9	0	0	0	0	0	0	0	0	19	0	14	1	0	0	2	0	0	15	0	5	0	5	2	0	0	0	0	13
1333.400	0	0	0	0	0	0	0	14	0	0	0	0	0	0	0	0	14	0	10	1	0	0	2	0	0	18	0	5	0	6	4	0	0	0	0	10
1333.600	0	0	0	0	0	0	0	11	0	0	0	0	0	0	0	0	11	0	9	3	0	0	2	0	0	18	0	3	0	4	1	0	0	0	0	10
1333.800	0	0	0	0	0	0	0	16	0	0	0	0	0	0	0	0	15	0	6	0	0	0	0	0	0	16	0	8	0	1	1	0	0	0	0	10
1334.000	0	0	0	0	0	0	0	12	0	0	0	0	0	0	0	0	19	0	11	0	0	0	0	0	0	18	4	6	0	3	0	0	0	0	0	14
1334.200	0	0	0	0	0	0	0	11	0	0	0	0	0	0	0	0	15	0	7	1	0	0	0	0	0	17	1	9	0	3	3	0	0	0	0	9
1334.400	0	0	0	4	0	0	0	12	0	0	0	0	0	0	0	0	13	0	10	1	0	0	0	0	0	18	5	8	0	3	4	0	0	0	0	8
1334.600	0	0	0	2	0	0	0	8	0	0	0	0	0	0	0	0	13	0	14	1	0	0	2	0	0	15	4	4	0	0	0	0	0	0	0	10
1334.800	0	0	0	5	0	0	0	10	0	0	0	0	0	0	0	0	15	0	9	0	0	0	2	0	0	14	4	4	0	0	3	0	0	0	0	10
1335.000	0	0	0	7	0	0	0	14	0	0	0	0	0	0	0	0	17	0	11	1	0	0	1	0	0	12	4	9	0	2	3	0	0	0	0	9
1335.200	0	0	0	4	0	1	0	13	0	0	0	0	0	0	0	0	17	0	16	1	0	0	2	0	0	4	4	6	0	3	1	0	0	0	0	10
1335.400	0	0	0	4	0	0	0	9	0	0	0	0	0	0	0	0	19	0	5	1	0	0	0	0	0	9	4	8	0	4	3	0	0	0	0	11
1335.600	0	0	0	4	0	0	0	13	0	0	0	0	0	0	0	0	17	0	8	0	0	0	2	0	0	15	6	6	0	0	0	0	0	0	0	9
1335.800	0	0	0	5	0	0	0	12	0	0	0	0	0	0	0	0	16	0	11	1	0	0	2	0	0	15	4	5	0	3	1	0	0	0	0	13
1336.000	0	0	0	5	0	0	0	13	0	0	0	0	0	0	0	0	17	0	9	1	0	0	2	0	0	14	6	6	0	1	4	0	0	0	0	18
1336.200	0	0	0	6	0	1	0	7	0	0	0	0	0	0	0	0	13	0	8	2	0	0	2	0	0	18	5	5	0	2	4	0	0	0	0	14
1336.400	0	0	0	8	0	0	0	8	0	0	0	0	0	0	0	0	17	0	10	1	0	0	2	0	0	17	4	1	0	0	4	0	0	0	0	16
1336.600	0	0	0	4	0	1	0	10	0	0	0	0	0	0	0	0	9	0	7	1	0	0	3	0	0	10	3	6	0	2	0	0	0	0	0	12
1336.800	0	0	0	3	0	0	0	10	0	0	0	0	0	0	0	0	21	0	16	1	0	0	2	0	0	17	6	3	0	3	0	0	0	0	0	22
1337.000	0	0	0	6	0	0	0	7	0	0	0	0	0	0	0	0	16	0	11	1	0	0	2	0	0	18	6	9	0	1	2	0	0	0	0	20
1337.200	0	0	0	7	0	0	0	6	0	0	0	0	0	0	0	0	17	0	9	2	0	0	2	0	0	18	4	8	0	2	0	0	0	0	0	19
1337.400	0	0	0	9	0	0	0	5	0	0	0	0	0	0	0	0	13	0	8	3	0	0	3	0	0	13	5	4	0	2	1	0	0	0	0	20
1337.600	0	0	0	8	0	0	0	8	0	0	0	0	0	0	0	0	19	0	4	2	0	0	2	0	0	17	3	7	0	4	2	0	0	0	0	14
1337.800	0	0	0	4	0	0	0	12	0	0	0	0	0	0	0	0	11	0	11	1	0	0	2	0	0	16	4	3	0	2	0	0	0	0	0	18
1338.000	0	0	0	2	0	0	0	11	0	0	0	0	0	0	0	0	16	0	5	2	0	0	2	0	0	10	5	6	0	1	0	0	0	0	0	15
1338.200	0	0	0	8	0	0	0	11	0	0	0	0	0	0	0	0	21	0	10	3	0	0	2	0	0	16	7	5	0	2	0	0	0	0	0	17
1338.400	0	0	0	6	0	0	0	13	0	0	0	0	0	0	0	0	13	1	12	2	0	0	3	0	0	12	5	4	0	3	0	0	0	0	1	20
1338.600	0	0	0	8	0	0	0	9	0	0	0	0	0	0	0	0	18	1	10	2	0	0	2	0	0	10	6	4	0	1	0	0	0	0	0	15
1338.800	0	0	0	6	0	0	0	12	0	0	0	0	0	0	0	0	14	0	13	0	0	0	1	0	0	19	6	7	0	6	0	0	0	0	0	14
1339.000	0	0	0	8	0	0	0	10	0	0	0	0	0	0	0	0	18	0	5	2	0	0	0	0	0	17	6	4	0	1	0	0	0	0	0	17
1339.200	0	0	0	4	0	0	0	10	0	0	0	0	0	0	0	0	17	0	9	1	0	0	0	0	0	20	5	7	0	5	0	0	0	0	0	13
1339.400	0	0	0	7	0	0	0	12	0	0	0	0	0	0	0	0	16	0	10	2	0	0	1	0	0	15	5	3	0	0	0	0	0	0	0	22
1339.600	0	0	0	5	0	0	0	11	0	0	0	0	0	0	0	0	16	0	12	1	0	0	2	0	0	19	10	5	0	4	0	0	0	0	0	19
1339.800	0	0	0	4	0	0	0	6	0	0	0	0	0	0	0	0	17	0	11	1	0	0	2	0	0	14	6	5	0	3	1	0	0	0	0	17
1340.000	0	0	0	5	0	0	0	7	0	0	0	0	0	0	0	0	19	0	11	1	0	0	2	0	0	17	5	2	0	1	0	0	0	0	0	17
1340.200	0	0	0	7	0	0	0	11	0	0	0	0	0	0	0	0	16	0	13	1	0	0	1	0	0	15	6	6	0	4	0	0	0	0	1	16
1340.400	0	0	0	7	0	0	0	11	0	0	0	0	0	0	0	0	13	0	13	1	0	0	1	0	0	11	5	7	0	1	1	0	0	0	0	18
1340.600	0	0	0	5	0	0	0	9	0	0	0	0	0	0	0	0	16	0	13	1	0	0	1	0	0	12	3	5	0	3	0	0	0	0	0	16
1340.800	0	0	0	3	0	0	0	10	0	0	0	0	0	0	0	0	14	0	14	0	0	0	2	0	0	10	6	5	0	4	0	0	0	0	0	21
1341.000	0	0	0	5	0	0	0	12	0	0	0	0	0	0	0	0	18	0	14	2	0	0	2	0	0	14	6	8	0	4	1	0	0	0	1	25
1341.200	0	0	0	5	0	0	0	12	0	0	0	0	0	0	0	0	20	0	12	2	0	0	2	0	0	16	6	6	0	2	0	0	0	0	0	24
1341.400	0	0	0	6	0	0	0	5	0	0	0	0	0	0	0	0	15	0	9	1	0	0	2	0	0	13	5	2	0	5	0	0	0	0	0	16
1341.600	0	0	0	7	0	0	0	10	0	0	0	0	0	0	0	0	18	0	14	1	0	0	2	0	0	13	6	5	0	1	0	0	0	0	0	15
1341.800	0	0	0	7	0	0	0	9	0	0	0	0	0	0	0	0	16	0	10	1	0	0	2	0	0	13	8	5	0	0	0	0	0	0	0	17
1342.000	0	0	0	4	0	0	0	9	0	0	0	0	0	0	0	0	15	0	6	2	0	0	0	0	0	13	9	1	0	2	0	0	0	0	0	18
1342.200	0	0	0	4	0	0	0	3	0	0	0	0	0	0	0	0	18	0	9	1	0	0	1	0	0	17	6	1	0	2	0	0	0	0	0	20
1342.400	0	0	0	4	0	0	0	9	0	0	0	0	0	0	0	0	19	1	3	1	0	0	2	0	0	14	6	7	0	0	0	0	0	0	0	21
1342.600	0	0	0	4	0	0	0	6	0	0	0	0	0	0	0	0	16	0	10	3	0	0	2	0	0	10	4	5	0	1	0	0	0	0	0	16
1342.800	0	0	0	8	0	0	0	9	0	0	0	0	0	0	0	0	16	1	17	1	0	0	2	0	0	8	4	8	0	1	0	0	0	0	0	15
1343.000	0	0	0	10	0	0	0	11	0	0	0	0	0	0	0	0	14	1	15	2	0	0	2	0	0	11	4	5	0	3	0	0	0	0	0	17
1343.200	0	0	0	6	0	0	0	7	0	0	0	0	0	0	0	0	14	0	8	3	0	0	2	0	0	11	6	7	0	1	0	0	0	0	1	22
1343.400	0	0	0	6	0	0	0	8	0	0	0	0	0	0	0	0	19	0	7	3	0	0	2	0	0	14	5	5	0	2	1	0	0	0	0	22
1343.600	0	0	0	6	0	0	0	9	0	0	0	0	0	0	0	0	15	0	11	1	0	0	2	0	0	13	6	7	0	4	2	0	0	0	0	18
1343.800	0	0	0	7	0	0	0	14	0	0	0	0	0	0	0	0	9	0	10	2	0	0	2	0	0	10	4	7	0	6	0	0	0	0	0	18
1344.000	0	0	0	4	0	0	0	9	0	0	0	0	0	0	0	0	17	0	8	2	0	0	2	0	0	9	6	8	0	2	0	0	0	0	0	16
1344.200	0	0	0	5	0	0	0	10	0	0	0	0	0	0	0	0	13	0	13	2	0	0	2	0	0	17	7	6	0	3	0	0	0	0	1	11
1344.400	0	0	0	7	0	0	0	12	0	0	0	0	0	0	0	0	12	0	11	1	0	0	1	0	0	13	10	5	0	6	2	0	0	0	0	17
1344.600	0	0	0	5	0	0	0	12	0	0	0	0	0	0	0	0	15	0	9	3	0	0	2	0	0	15	10	9	0	3	0	0	0	0	1	12
1344.800	0	0	0	4	0	0	0	9	0	0	0	0	0	0	0	0	13	0	16	1	0	0	2	0	0	16	11	8	0	1	0	0	0	0	1	13
1345.000	0	0	0	0	0	0	0	12	0	0	0	0	0	0	0	0	10	0	17	2	0	0	2	0	0	8	9	7	0	6	1	0	0	0	0	18
1345.200	0	0	0	0	0	0	0	6	0	0	0	0	0	0	0	0	14	0	12	1	0	0	2	0	0	13	6	6	0	6	0	0	0	0	0	15
1345.400	0	0	0	0	0	0	0	13	0	0	0	0	0	0	0	0	14	0	11	3	0	0	2	0	0	16	5	6	0	1	0	0	0	0	0	18
1345.600	0	0	0	0	0	0	0	7	0	0	0	0	0	0	0	0	16	0	15	2	0	0	2	0	0	10	5	5	0	4	0	0	0	0	0	14
1345.800	0	0	0	0	0	0	0	10	0	0	0	0	0	0	0	0	11	0	10	2	0	0	2	0	0	16	5	3	0	1	0	0	0	0	0	13
1346.000	0	0	0	0	0	0	0	12	0	0	0	0	0	0	0	0	16	0	4	3	0	0	2	0	0	14	5	4	0	2	0	0	0	0	1	19
1346.200	0	0	0	0	0	0	0	10	0	0	0	0	0	0	0	0	16	0	11	1	0	0	0	0	0	15	6	2	0	0	0	0	0	0	0	19
1346.400	0	0	0	0	0	0	0	6	0	0	0	0	0	0	0	0	13	0	12	1	0	0	1	0	0	10	6	1	0	1	0	0	0	0	0	18
1346.600	0	0	0	0	0	0	0	10	0	0	0	0	0	0	0	0	15	0	11	2	0	0	0	0	0	13	4	5	0	2	0	0	0	0	0	24
1346.800	0	0	0	0	0	0	0	12	0	0	0	0	0	0	0	0	17	0	12	2	0	0	2	0	0	15	7	5	0	1	0	0	0	0	0	19
1347.000	0	0	0	4	0	0	0	11	0	0	0	0	0	0	0	0	13	0	12	1	0	0	2	0	0	12	7	7	0	5	0	0	0	0	0	12
1347.200	0	0	0	2	0	0	0	9	0	0	0	0	0	0	0	0	20	0	12	2	0	0	4	0	0	19	6	8	0	5	0	0	0	0	0	18
1347.400	0	0	0	0	0	0	0	11	0	0	0	0	0	0	0	0	11	0	13	2	0	0	4	0	0	17	6	9	0	4	0	0	0	0	0	16
1347.600	0	0	0	1	0	0	0	10	0	0	0	0	0	0	0	0	16	0	14	2	0	0	4	0	0	18	5	3	0	5	1	0	0	0	1	19
1347.800	0	0	0	5	0	0	0	13	0	0	0	0	0	0	0	0	14	0	10	2	0	0	4	0	0	17	9	7	0	6	0	0	0	0	0	9
1348.000	0	0	0	4	0	0	0	11	0	0	0	0	0	0	0	0	16	0	13	0	0	0	5	0	0	13	7	4	0	1	0	0	0	0	0	9
1348.200	0	0	0	2	0	1	0	6	0	0	0	0	0	0	0	0	21	0	10	2	0	0	2	0	0	15	6	6	0	2	0	0	0	0	1	16
1348.400	0	0	0	8	0	0	0	6	0	0	0	0	0	0	0	0	15	0	11	3	0	0	4	0	0	14	5	4	0	1	0	0	0	0	0	18
1348.600	0	0	0	8	0	0	0	8	0	0	0	0	0	0	0	0	17	0	10	2	0	0	2	0	0	15	5	7	0	0	1	0	0	0	0	17
1348.800	0	0	0	12	0	0	0	12	0	0	0	0	0	0	0	0	17	0	11	0	0	0	3	0	0	16	6	1	0	1	0	0	0	0	1	19
1349.000	0	0	0	6	0	0	0	12	0	0	0	0	0	0	0	0	19	0	12	1	0	0	2	0	0	10	3	1	0	1	0	0	0	0	0	17
1349.200	0	0	0	7	0	0	0	12	0	0	0	0	0	0	0	0	14	2	10	1	0	0	2	0	0	11	3	2	0	2	0	0	0	0	0	14
1349.400	0	0	0	2	0	0	0	12	0	0	0	0	0	0	0	0	16	0	4	2	0	0	2	0	0	9	3	3	0	6	0	0	0	0	0	15
1349.600	0	0	0	10	0	0	0	12	0	0	0	0	0	0	0	0	14	0	9	1	0	0	2	0	0	12	2	1	0	5	0	0	0	0	0	16
1349.800	0	0	0	10	0	0	0	9	0	0	0	0	0	0	0	0	20	0	11	1	0	0	2	0	0	9	0	4	0	8	0	0	0	0	0	23
1350.000	0	0	0	7	0	0	0	8	0	0	0	0	0	0	0	0	15	0	11	2	0	0	2	0	0	10	0	2	0	9	0	0	0	0	0	14
1350.200	0	0	0	8	0	0	0	9	0	0	0	0	0	0	0	0	22	0	7	2	0	0	2	0	0	9	2	6	0	6	1	0	0	0	1	19
1350.400	0	0	0	4	0	0	0	10	0	0	0	0	0	0	0	0	22	0	12	3	0	0	2	0	0	9	0	4	0	1	1	0	0	0	0	19
1350.600	0	0	0	3	0	1	0	14	0	0	0	0	0	0	0	0	13	0	5	1	0	0	0	0	0	5	0	2	0	6	3	0	0	0	0	18
1350.800	0	0	0	3	0	0	0	12	0	0	0	0	0	0	0	0	19	0	9	3	0	0	2	0	0	13	0	3	0	2	0	0	0	0	1	15
1351.000	0	0	0	2	0	0	0	13	0	0	0	0	0	0	0	0	17	0	11	0	0	0	2	0	0	6	0	0	0	10	3	0	0	0	1	17
1351.200	0	0	0	10	0	0	0	7	0	0	0	0	0	0	0	0	14	0	11	2	0	0	2	0	0	9	0	2	0	9	0	0	0	0	2	21
1351.400	0	0	0	9	0	0	0	10	0	0	0	0	0	0	0	0	21	1	6	0	0	0	1	0	0	11	0	1	0	4	0	0	0	0	2	17
1351.600	0	0	0	12	0	0	0	12	0	0	0	0	0	0	0	0	22	1	10	1	0	0	0	0	0	12	0	5	0	5	0	0	0	0	1	14
1351.800	0	0	0	6	0	0	0	9	0	0	0	0	0	0	0	0	20	1	7	2	0	0	0	0	0	17	0	1	0	6	0	0	0	0	1	20
1352.000	0	0	0	9	0	0	0	8	0	0	0	0	0	0	0	0	15	2	14	3	0	0	0	0	0	15	0	1	0	7	0	0	0	0	1	20
1352.200	0	0	0	6	0	0	0	12	0	0	0	0	0	0	0	0	18	1	7	1	0	0	0	0	0	12	0	0	0	1	0	0	0	0	1	14
1352.400	0	0	0	12	0	0	0	8	0	0	0	0	0	0	0	0	18	1	11	2	0	0	0	0	0	9	0	0	0	1	0	0	0	0	2	20
1352.600	0	0	0	6	0	0	0	7	0	0	0	0	0	0	0	0	20	0	9	2	0	0	0	0	0	9	0	0	0	2	0	0	0	0	1	21
1352.800	0	0	0	10	0	0	0	8	0	0	0	0	0	0	0	0	13	0	13	1	0	0	0	0	0	11	0	0	0	4	0	0	0	0	1	16
1353.000	0	0	0	5	0	0	0	8	0	0	0	0	0	0	0	0	19	0	8	3	0	0	0	0	0	13	0	0	0	2	0	0	0	0	2	25
1353.200	0	0	0	12	0	0	0	10	0	0	0	0	0	0	0	0	19	0	14	1	0	0	0	0	0	16	0	4	0	1	0	0	0	0	1	17
1353.400	0	0	0	9	0	0	0	12	0	0	0	0	0	0	0	0	14	0	14	1	0	0	2	0	0	12	0	2	0	3	0	0	0	0	0	21
1353.600	0	0	0	4	0	0	0	7	0	0	0	0	0	0	0	0	18	1	10	1	0	0	0	0	0	11	1	6	0	2	0	0	0	0	2	18
1353.800	0	0	0	6	0	0	0	4	0	0	0	0	0	0	0	0	13	0	14	0	0	0	2	0	0	8	1	9	0	1	0	0	0	0	1	23
1354.000	0	0	0	5	0	0	0	5	0	0	0	0	0	0	0	0	23	0	12	2	0	0	2	0	0	11	1	0	0	1	0	0	0	0	1	21
1354.200	0	0	0	4	0	0	0	9	0	0	0	0	0	0	0	0	20	0	13	1	0	0	2	0	0	7	0	0	0	1	0	0	0	0	1	16
1354.400	0	0	0	2	0	0	0	8	0	0	0	0	0	0	0	0	20	0	18	1	0	0	0	0	0	11	2	5	0	4	0	0	0	0	2	20
1354.600	0	0	0	0	0	0	0	7	0	0	0	0	0	0	0	0	19	0	10	1	0	0	0	0	0	10	1	0	0	2	0	0	0	0	1	19
1354.800	0	0	0	0	0	0	0	5	0	0	0	0	0	0	0	0	15	0	16	1	0	0	0	0	0	9	0	0	0	2	0	0	0	0	1	20
1355.000	0	0	0	0	0	0	0	7	0	0	0	0	0	0	0	0	15	0	14	3	0	0	0	0	0	5	1	1	0	1	0	0	0	0	1	21
1355.200	0	0	0	0	0	0	0	0	0	0	0	0	0	0	0	0	16	0	17	3	0	0	0	0	0	12	1	2	0	1	0	0	0	0	0	16
1355.400	0	0	0	0	0	0	0	5	0	0	0	0	0	0	0	0	19	0	17	4	0	0	0	0	0	13	0	1	0	1	0	0	0	0	2	13
1355.600	0	0	0	0	0	0	0	6	0	0	0	0	0	0	0	0	18	0	14	1	0	0	0	0	0	10	0	7	0	1	0	0	0	0	2	22
1355.800	0	0	0	0	0	0	0	8	0	0	0	0	0	0	0	0	18	0	9	3	0	0	0	0	0	10	0	6	0	2	0	0	0	0	1	16
1356.000	0	0	0	0	0	0	0	8	0	0	0	0	0	0	0	0	16	0	15	2	0	0	2	0	0	15	0	2	0	1	0	0	0	0	0	17
1356.200	0	0	0	0	0	0	0	7	0	0	0	0	0	0	0	0	13	0	14	2	0	0	0	0	0	13	0	2	0	1	0	0	0	0	1	20
1356.400	0	0	0	1	0	0	0	4	0	0	0	0	0	0	0	0	20	0	18	3	0	0	2	0	0	12	0	0	0	1	0	0	0	0	1	12
1356.600	0	0	0	4	0	0	0	10	0	0	0	0	0	0	0	0	14	0	9	3	0	0	2	0	0	15	0	0	0	0	0	0	0	0	1	14
1356.800	0	0	0	1	0	0	0	9	0	0	0	0	0	0	0	0	14	0	12	3	0	0	0	0	0	11	0	1	0	3	0	0	0	0	1	15
1357.000	0	0	0	1	0	0	0	11	0	0	0	0	0	0	0	0	13	0	9	3	0	0	1	0	0	11	0	1	0	2	0	0	0	0	1	12
1357.200	0	0	0	4	0	0	0	6	0	0	0	0	0	0	0	0	20	0	10	3	0	0	2	0	0	18	0	5	0	1	0	0	0	0	1	15
1357.400	0	0	0	0	0	0	0	6	0	0	0	0	0	0	0	0	18	0	11	2	0	0	0	0	0	13	0	4	0	1	0	0	0	0	1	15
1357.600	0	0	0	0	0	0	0	8	0	0	0	0	0	0	0	0	17	0	11	3	0	0	0	0	0	13	0	0	0	1	0	0	0	0	0	20
1357.800	0	0	0	0	0	0	0	7	0	0	0	0	0	0	0	0	16	0	11	2	0	0	0	0	0	13	0	3	0	1	0	0	0	0	1	15
1358.000	0	0	0	0	0	0	0	12	0	0	0	0	0	0	0	0	17	0	11	3	0	0	0	0	0	6	0	1	0	1	0	0	0	0	2	19
1358.200	0	0	0	0	0	0	0	9	0	0	0	0	0	0	0	0	14	0	10	3	0	0	1	0	0	12	0	1	0	3	0	0	0	0	1	14
1358.400	0	0	0	0	0	0	0	6	0	0	0	0	0	0	0	0	19	0	8	2	0	0	0	0	0	17	0	1	0	1	0	0	0	0	1	19
1358.600	0	0	0	0	0	0	0	6	0	0	0	0	0	0	0	0	13	0	16	2	0	0	0	0	0	13	0	1	0	1	0	0	0	0	1	17
1358.800	0	0	0	0	0	0	0	14	0	0	0	0	0	0	0	0	18	0	11	2	0	0	0	0	0	19	0	0	0	2	0	0	0	0	0	20
1359.000	0	0	0	0	0	0	0	7	0	0	0	0	0	0	0	0	17	0	8	1	0	0	0	0	0	15	0	1	0	4	0	0	0	0	1	17
1359.200	0	0	0	0	0	0	0	8	0	0	0	0	0	0	0	0	14	0	3	3	0	0	0	0	0	17	1	3	0	3	0	0	0	0	1	22
1359.400	0	0	0	0	0	0	0	7	0	0	0	0	0	0	0	0	11	0	10	2	0	0	0	0	0	14	0	5	0	1	0	0	0	0	2	17
1359.600	0	0	0	0	0	0	0	7	0	0	0	0	0	0	0	0	20	0	12	3	0	0	0	0	0	14	0	1	0	3	0	0	0	0	1	10
1359.800	0	0	0	0	0	0	0	8	0	0	0	0	0	0	0	0	11	0	13	3	0	0	0	0	0	12	0	1	0	6	0	0	0	0	2	18
1360.000	0	0	0	0	0	0	0	8	0	0	0	0	0	0	0	0	15	0	15	3	0	0	0	0	0	14	0	1	0	2	1	0	0	0	1	17
1360.200	0	0	0	0	0	0	0	11	0	0	0	0	0	0	0	0	18	0	12	2	0	0	0	0	0	9	0	1	0	7	1	0	0	0	1	18
1360.400	0	0	0	0	0	0	0	10	0	0	0	0	0	0	0	0	13	0	9	3	0	0	0	0	0	11	0	3	0	4	0	0	0	0	2	19
1360.600	0	0	0	0	0	0	0	11	0	0	0	0	0	0	0	0	9	0	16	3	0	0	2	0	0	15	0	2	0	4	0	0	0	0	2	18
1360.800	0	0	0	0	0	0	0	12	0	0	0	0	0	0	0	0	18	0	7	2	0	0	0	0	0	13	0	0	0	1	0	0	0	0	2	23
1361.000	0	0	0	0	0	0	0	8	0	0	0	0	0	0	0	0	18	0	10	1	0	0	0	0	0	13	0	0	0	4	0	0	0	0	2	17
1361.200	0	0	0	0	0	0	0	10	0	0	0	0	0	0	0	0	18	0	16	2	0	0	0	0	0	14	1	0	0	4	0	0	0	0	1	17
1361.400	0	0	0	0	0	0	0	9	0	0	0	0	0	0	0	0	17	0	11	2	0	0	0	0	0	12	0	0	0	1	0	0	0	0	0	9
1361.600	0	0	0	0	0	0	0	8	0	0	0	0	0	0	0	0	12	0	16	2	0	0	1	0	0	14	0	1	0	4	0	0	0	0	0	16
1361.800	0	0	0	0	0	0	0	6	0	0	0	0	0	0	0	0	16	0	8	2	0	0	1	0	0	17	0	0	0	2	0	0	0	0	0	17
1362.000	0	0	0	0	0	0	0	7	0	0	0	0	0	0	0	0	16	0	13	2	0	0	2	0	0	9	0	0	0	5	0	0	0	0	0	18
1362.200	0	0	0	0	0	0	0	6	0	0	0	0	0	0	0	0	10	0	12	2	0	0	2	0	0	16	0	0	0	2	0	0	0	0	0	17
1362.400	0	0	0	0	0	0	0	7	0	0	0	0	0	0	0	0	19	0	8	3	0	0	1	0	0	16	0	0	0	6	0	0	0	0	1	22
1362.600	0	0	0	0	0	0	0	9	0	0	0	0	0	0	0	0	17	0	14	3	0	0	0	0	0	18	0	0	0	5	0	0	0	0	1	15
1362.800	0	0	0	0	0	0	0	9	0	0	0	0	0	0	0	0	15	0	10	1	0	0	2	0	0	16	0	0	0	6	0	0	0	0	0	6
1363.000	0	0	0	0	0	0	0	8	0	0	0	0	0	0	0	0	13	0	14	2	0	0	3	0	0	10	0	0	0	3	0	0	0	0	0	5
1363.200	0	0	0	0	0	0	0	12	0	0	0	0	0	0	0	0	13	0	13	2	0	0	2	0	0	18	0	2	0	4	0	0	0	0	0	3
1363.400	0	0	0	0	0	0	0	9	0	0	0	0	0	0	0	0	16	0	9	3	0	0	2	0	0	13	0	0	0	5	0	0	0	0	0	8
1363.600	0	0	0	0	0	0	0	5	0	0	0	0	0	0	0	0	14	0	11	1	0	0	2	0	0	11	0	0	0	0	0	0	0	0	0	5
1363.800	0	0	0	0	0	0	0	9	0	0	0	0	0	0	0	0	19	0	14	2	0	0	3	0	0	18	0	2	0	5	0	0	0	0	0	4
1364.000	0	0	0	0	0	0	0	12	0	0	0	0	0	0	0	0	17	0	8	3	0	0	2	0	0	21	0	0	0	8	0	0	0	0	0	5
1364.200	0	0	0	0	0	0	0	6	0	0	0	0	0	0	0	0	18	0	13	3	0	0	2	0	0	13	0	0	0	7	0	0	0	0	0	11
1364.400	0	0	0	0	0	0	0	8	0	0	0	0	0	0	0	0	18	0	10	3	0	0	3	0	0	18	0	0	0	3	0	0	0	0	0	13
1364.600	0	0	0	0	0	0	0	7	0	0	0	0	0	0	0	0	12	0	12	2	0	0	2	0	0	19	0	0	0	7	0	0	0	0	0	11
1364.800	0	0	0	0	0	0	0	5	0	0	0	0	0	0	0	0	13	0	8	2	0	0	2	0	0	12	0	0	0	1	0	0	0	0	0	15
1365.000	0	0	0	0	0	0	0	9	0	0	0	0	0	0	0	0	13	0	17	1	0	0	3	0	0	14	0	0	0	8	0	0	0	0	0	14
1365.200	0	0	1	0	0	0	0	10	0	0	0	0	0	0	0	0	19	0	15	3	0	0	3	0	0	16	0	0	0	1	0	0	0	0	0	15
1365.400	0	0	1	0	0	0	0	11	0	0	0	0	0	0	0	0	15	0	18	2	0	0	2	0	0	9	0	0	0	5	0	0	0	0	0	14
1365.600	0	0	0	0	0	0	0	9	0	0	0	0	0	0	0	0	19	0	14	2	0	0	0	0	0	13	0	0	0	2	0	0	0	0	0	10
1365.800	0	0	0	0	0	0	0	3	0	0	0	0	0	0	0	0	12	0	15	0	0	0	2	0	0	10	0	0	0	4	0	0	0	0	0	17
1366.000	0	0	1	0	0	0	0	6	0	0	0	0	0	0	0	0	14	0	13	0	0	0	2	0	0	15	0	0	0	2	0	0	0	0	0	13
1366.200	0	0	1	0	0	0	0	4	0	0	0	0	0	0	0	0	16	0	15	2	0	0	2	0	0	12	0	0	0	8	0	0	0	0	0	16
1366.400	0	0	0	0	0	0	0	3	0	0	0	0	0	0	0	0	21	0	14	1	0	0	2	0	0	16	0	0	0	2	0	0	0	0	0	12
1366.600	0	0	0	0	0	0	0	3	0	0	0	0	0	0	0	0	20	0	5	1	0	0	1	0	0	14	0	0	0	6	0	0	0	0	0	18
1366.800	0	0	0	0	0	0	0	1	0	0	0	0	0	0	0	0	16	0	14	2	0	0	2	0	0	5	0	0	0	5	0	0	0	0	0	15
1367.000	0	0	0	0	0	0	0	1	0	0	0	0	0	0	0	0	17	0	9	0	0	0	0	0	0	6	0	1	0	5	0	0	0	0	0	17
1367.200	0	0	0	0	0	0	0	2	0	0	0	0	0	0	0	0	15	0	11	1	0	0	1	0	0	7	0	0	0	4	0	0	0	0	0	13
1367.400	0	0	0	0	0	0	0	1	0	0	0	0	0	0	0	0	15	1	13	4	0	0	0	0	0	8	0	0	0	3	0	0	0	0	1	19
1367.600	0	0	0	0	0	0	0	0	0	0	0	0	0	0	0	0	20	0	8	0	0	0	0	0	0	8	0	1	0	2	0	0	0	0	0	8
1367.800	0	0	0	0	0	0	0	2	0	0	0	0	0	0	0	0	19	0	12	1	0	0	0	0	0	6	0	0	0	1	0	0	0	0	0	8
1368.000	0	0	0	0	0	0	0	3	0	0	0	0	0	0	0	0	18	0	10	1	0	0	0	0	0	10	0	0	0	3	0	0	0	0	0	6
1368.200	0	0	0	1	0	0	0	3	0	0	0	0	0	0	0	0	13	0	13	1	0	0	0	0	0	13	0	1	0	2	0	0	0	0	1	5
1368.400	0	0	0	0	0	0	0	10	0	0	0	0	0	0	0	0	21	0	7	1	0	0	2	0	0	10	0	0	0	4	0	0	0	0	0	5
1368.600	0	0	0	0	0	0	0	12	0	0	0	0	0	0	0	0	12	0	16	1	0	0	2	0	0	12	0	1	0	2	0	0	0	0	0	5
1368.800	0	0	0	0	0	0	0	11	0	0	0	0	0	0	0	0	17	0	13	1	0	0	0	0	0	9	0	0	0	1	0	0	0	0	0	9
1369.000	0	0	0	0	0	0	0	7	0	0	0	0	0	0	0	0	19	0	10	1	0	0	0	0	0	9	0	0	0	8	0	0	0	0	0	7
1369.200	0	0	0	0	0	0	0	9	0	0	0	0	0	0	0	0	18	0	11	0	0	0	0	0	0	12	0	0	0	3	0	0	0	0	0	8
1369.400	0	0	0	5	0	0	0	12	0	0	0	0	0	0	0	0	18	0	11	3	0	0	0	0	0	9	0	0	0	6	0	0	0	0	0	14
1369.600	0	0	0	2	0	0	0	9	0	0	0	0	0	0	0	0	16	0	10	0	0	0	1	0	0	15	0	4	0	7	0	0	0	0	0	20
1369.800	0	0	0	0	0	0	0	11	0	0	0	0	0	0	0	0	17	0	8	1	0	0	2	0	0	13	0	4	0	9	0	0	0	0	0	17
1370.000	0	0	0	0	0	0	0	13	0	0	0	0	0	0	0	0	21	1	13	5	0	0	2	0	0	11	0	1	0	7	0	0	0	0	0	16
1370.200	0	0	0	0	0	0	0	7	0	0	0	0	0	0	0	0	16	0	15	4	0	0	2	0	0	17	0	0	0	4	0	0	0	0	0	12
1370.400	0	0	0	0	0	0	0	9	0	0	0	0	0	0	0	0	17	0	9	4	0	0	3	0	0	12	0	0	0	4	0	0	0	0	0	14
1370.600	0	0	0	1	0	0	0	9	0	0	0	0	0	0	0	0	18	0	11	0	0	0	0	0	0	11	0	0	0	5	0	0	0	0	0	16
1370.800	0	0	0	0	0	0	0	9	0	0	0	0	0	0	0	0	15	0	14	1	0	0	0	0	0	7	0	0	0	1	0	0	0	0	0	17
1371.000	0	0	0	0	0	0	0	12	0	0	0	0	0	0	0	0	19	0	13	4	0	0	0	0	0	15	0	0	0	4	0	0	0	0	0	9
1371.200	0	0	0	0	0	0	0	12	0	0	0	0	0	0	0	0	21	0	7	1	0	0	0	0	0	16	0	0	0	3	0	0	0	0	1	13
1371.400	0	0	0	0	0	0	0	12	0	0	0	0	0	0	0	0	20	0	10	1	0	0	2	0	0	10	0	0	0	7	0	0	0	0	0	15
1371.600	0	0	0	0	0	0	0	16	0	0	0	0	0	0	0	0	23	1	13	1	0	0	2	0	0	8	0	0	0	5	0	0	0	0	0	13
1371.800	0	0	0	0	0	0	0	7	0	0	0	0	0	0	0	0	17	0	13	1	0	0	2	0	0	12	0	0	0	4	0	0	0	0	0	10
1372.000	0	0	0	0	0	0	0	10	0	0	0	0	0	0	0	0	22	1	11	2	0	0	2	0	0	17	0	0	0	5	0	0	0	0	0	14
1372.200	0	0	1	0	0	0	0	12	0	0	0	0	0	0	0	0	17	1	11	2	0	0	2	0	0	13	0	0	0	4	0	0	0	0	0	14
1372.400	0	0	0	0	0	0	0	12	0	0	0	0	0	0	0	0	16	1	14	2	0	0	2	0	0	11	0	0	0	3	0	0	0	0	0	12
1372.600	0	0	0	2	0	0	0	11	0	0	0	0	0	0	0	0	16	0	13	1	0	0	2	0	0	23	0	0	0	6	0	0	0	0	0	13
1372.800	0	0	0	0	0	0	0	12	0	0	0	0	0	0	0	0	19	0	17	4	0	0	2	0	0	13	0	0	0	3	0	0	0	0	1	12
1373.000	0	0	1	0	0	0	0	8	0	0	0	0	0	0	0	0	19	0	8	2	0	0	2	0	0	16	0	0	0	4	0	0	0	0	0	15
1373.200	0	0	3	0	0	0	0	10	0	0	0	0	0	0	0	0	18	0	12	1	0	0	2	0	0	17	0	1	0	6	0	0	0	0	0	14
1373.400	0	0	1	0	0	0	0	8	0	0	0	0	0	0	0	0	16	0	12	3	0	0	2	0	0	17	0	0	0	4	0	0	0	0	0	13
1373.600	0	0	7	0	0	0	0	8	0	0	0	0	0	0	0	0	17	0	14	1	0	0	2	0	0	18	0	1	0	5	0	0	0	0	0	14
1373.800	0	0	5	0	0	0	0	10	0	0	0	0	0	0	0	0	17	0	18	2	0	0	3	0	0	14	0	1	0	3	0	0	0	0	0	10
1374.000	0	0	6	0	0	0	0	8	0	0	0	0	0	0	0	0	19	0	14	1	0	0	3	0	0	13	0	1	0	7	0	0	0	0	0	11
1374.200	0	0	7	0	0	0	0	9	0	0	0	0	0	0	0	0	17	0	12	2	0	0	2	0	0	8	0	0	0	4	0	0	0	0	0	14
1374.400	0	0	4	0	0	0	0	13	0	0	0	0	0	0	0	0	19	0	12	2	0	0	2	0	0	13	0	0	0	1	0	0	0	0	0	17
1374.600	0	0	5	0	0	0	0	9	0	0	0	0	0	0	0	0	16	0	2	2	0	0	1	0	0	19	0	1	0	5	0	0	0	0	0	13
1374.800	0	0	5	0	0	0	0	11	0	0	0	0	0	0	0	0	17	0	16	1	0	0	2	0	0	18	0	0	0	7	0	0	0	0	0	12
1375.000	0	0	5	0	0	0	0	11	0	0	0	0	0	0	0	0	19	0	16	1	0	0	0	0	0	19	0	1	0	2	0	0	0	0	0	17
1375.200	0	0	5	0	0	0	0	5	0	0	0	0	0	0	0	0	21	0	15	1	0	0	1	0	0	16	0	0	0	4	0	0	0	0	1	16
1375.400	0	0	5	0	0	0	0	11	0	0	0	0	0	0	0	0	15	0	16	1	0	0	1	0	0	15	0	0	0	6	0	0	0	0	0	16
1375.600	0	0	5	0	0	0	0	10	0	0	0	0	0	0	0	0	15	0	10	1	0	0	1	0	0	15	0	0	0	2	0	0	0	0	0	19
1375.800	0	0	7	0	0	0	0	15	0	0	0	0	0	0	0	0	19	0	18	1	0	0	0	0	0	14	0	0	0	3	0	0	0	0	1	10
1376.000	0	0	5	1	0	0	0	12	0	0	0	0	0	0	0	0	20	0	7	2	0	0	2	0	0	18	0	0	0	4	0	0	0	0	1	18
1376.200	0	0	8	0	0	0	0	11	0	0	0	0	0	0	0	0	20	0	14	1	0	0	0	0	0	11	0	0	0	5	0	0	0	0	1	19
1376.400	0	0	7	0	0	0	0	12	0	0	0	0	0	0	0	0	13	0	7	3	0	0	0	0	0	9	0	0	0	4	0	0	0	0	1	8
1376.600	0	0	8	0	0	0	0	12	0	0	0	0	0	0	0	0	15	0	10	2	0	0	0	0	0	15	0	0	0	4	0	0	0	0	1	15
1376.800	0	0	7	0	0	0	0	9	0	0	0	0	0	0	0	0	19	0	10	2	0	0	0	0	0	12	0	0	0	5	0	0	0	0	1	6
1377.000	0	0	6	0	0	0	0	13	0	0	0	0	0	0	0	0	13	1	7	2	0	0	0	0	0	8	0	0	0	6	0	0	0	0	1	4
1377.200	0	0	8	0	0	0	0	12	0	0	0	0	0	0	0	0	16	0	12	2	0	0	0	0	0	15	0	0	0	5	0	0	0	0	1	11
1377.400	0	0	7	0	0	0	0	11	0	0	0	0	0	0	0	0	19	0	6	2	0	0	0	0	0	10	0	0	0	4	0	0	0	0	0	12
1377.600	0	0	7	0	0	0	0	7	0	0	0	0	0	0	0	0	18	0	9	0	0	0	0	0	0	15	0	0	0	4	0	0	0	0	2	13
1377.800	0	0	4	0	0	0	0	9	0	0	0	0	0	0	0	0	18	0	16	3	0	0	0	0	0	16	0	0	0	5	0	0	0	0	0	7
1378.000	0	0	6	0	0	0	0	11	0	0	0	0	0	0	0	0	18	0	14	1	0	0	0	0	0	9	0	0	0	2	0	0	0	0	0	5
1378.200	0	0	6	0	0	0	0	8	0	0	0	0	0	0	0	0	18	0	14	1	0	0	0	0	0	14	0	0	0	5	0	0	0	0	1	11
1378.400	0	0	5	0	0	0	0	11	0	0	0	0	0	0	0	0	13	0	8	2	0	0	0	0	0	13	0	0	0	7	0	0	0	0	2	7
1378.600	0	0	6	0	0	0	0	10	0	0	0	0	0	0	0	0	14	0	9	2	0	0	0	0	0	10	0	0	0	5	0	0	0	0	1	11
1378.800	0	0	6	0	0	0	0	14	0	0	0	0	0	0	0	0	17	0	7	3	0	0	0	0	0	11	0	0	0	6	0	0	0	0	1	14
1379.000	0	0	6	0	0	0	0	10	0	0	0	0	0	0	0	0	13	0	16	1	0	0	0	0	0	12	0	0	0	3	0	0	0	0	2	5
1379.200	0	0	5	0	0	0	0	8	0	0	0	0	0	0	0	0	16	0	10	3	0	0	1	0	0	13	0	0	0	2	0	0	0	0	1	8
1379.400	0	0	5	0	0	0	0	10	0	0	0	0	0	0	0	0	18	0	14	1	0	0	1	0	0	8	0	0	0	3	0	0	0	0	2	9
1379.600	0	0	4	0	0	0	0	13	0	0	0	0	0	0	0	0	16	0	12	1	0	0	0	0	0	18	0	0	0	2	0	0	0	0	1	5
1379.800	0	0	6	0	0	0	0	13	0	0	0	0	0	0	0	0	18	0	18	3	0	0	0	0	0	16	0	0	0	5	0	0	0	0	2	5
1380.000	0	0	6	0	0	0	0	11	0	0	0	0	0	0	0	0	22	0	10	2	0	0	0	0	0	17	0	0	0	3	0	0	0	0	2	5
1380.200	0	0	5	0	0	0	0	10	0	0	0	0	0	0	0	0	21	0	10	2	0	0	0	0	0	15	0	0	0	1	0	0	0	0	0	8
1380.400	0	0	6	0	0	0	0	17	0	0	0	0	0	0	0	0	24	0	9	2	0	0	0	0	0	17	0	0	0	1	0	0	0	0	1	8
1380.600	0	0	4	0	0	0	0	7	0	0	0	0	0	0	0	0	22	0	11	1	0	0	0	0	0	13	0	0	0	5	0	0	0	0	2	9
1380.800	0	0	5	2	0	0	0	13	0	0	0	0	0	0	0	0	26	0	14	2	0	0	0	0	0	15	0	0	0	3	0	0	0	0	1	7
1381.000	0	0	6	0	0	0	0	11	0	0	0	0	0	0	0	0	20	0	10	0	0	0	2	0	0	11	0	0	0	5	0	0	0	0	1	2
1381.200	0	0	5	1	0	0	0	7	0	0	0	0	0	0	0	0	24	0	13	3	0	0	2	0	0	16	0	0	0	5	0	0	0	0	0	3
1381.400	0	0	4	0	0	0	0	10	0	0	0	0	0	0	0	0	20	0	16	0	0	0	2	0	0	16	0	0	0	0	0	0	0	0	0	7
1381.600	0	0	5	0	0	0	0	9	0	0	0	0	0	0	0	0	15	0	16	1	0	0	2	0	0	14	0	0	0	1	0	0	0	0	0	6
1381.800	0	0	4	0	0	0	0	11	0	0	0	0	0	0	0	0	22	0	10	3	0	0	3	0	0	13	0	0	0	2	0	0	0	0	0	7
1382.000	0	0	6	0	0	0	0	10	0	0	0	0	0	0	0	0	19	0	11	3	0	0	4	0	0	12	0	0	0	1	0	0	0	0	0	8
1382.200	0	0	5	0	0	0	0	10	0	0	0	0	0	0	0	0	20	0	13	1	0	0	5	0	0	12	0	0	0	6	0	0	0	0	0	8
1382.400	0	0	6	0	0	0	0	15	0	0	0	0	0	0	0	0	18	1	15	3	0	0	4	0	0	14	0	0	0	6	0	0	0	0	0	9
1382.600	0	0	6	2	0	0	0	12	0	0	0	0	0	0	0	0	22	0	12	1	0	0	5	0	0	16	0	0	0	2	0	0	0	0	1	7
1382.800	0	0	9	0	0	0	0	8	0	0	0	0	0	0	0	0	22	0	7	0	0	0	4	0	0	11	0	0	0	5	0	0	0	0	0	7
1383.000	0	0	5	0	0	0	0	10	0	0	0	0	0	0	0	0	21	0	12	4	0	0	5	0	0	16	0	0	0	3	0	0	0	0	3	6
1383.200	0	0	5	0	0	0	0	9	0	0	0	0	0	0	0	0	28	0	11	3	0	0	4	0	0	8	0	0	0	6	0	0	0	0	1	4
1383.400	0	0	7	1	0	0	0	9	0	0	0	0	0	0	0	0	26	0	10	4	0	0	2	0	0	10	0	0	0	0	0	0	0	0	2	4
1383.600	0	0	8	0	0	0	0	12	0	0	0	0	0	0	0	0	23	0	9	3	0	0	3	0	0	11	0	0	0	4	0	0	0	0	1	4
1383.800	0	0	7	0	0	0	0	13	0	0	0	0	0	0	0	0	18	0	9	0	0	0	0	0	0	12	0	0	0	5	0	0	0	0	0	7
1384.000	0	0	7	0	0	0	0	14	0	0	0	0	0	0	0	0	24	0	10	3	0	0	2	0	0	14	0	0	0	6	0	0	0	0	0	5
1384.200	0	0	8	0	0	0	0	11	0	0	0	0	0	0	0	0	24	0	18	2	0	0	1	0	0	13	0	0	0	4	0	0	0	0	0	6
1384.400	0	0	6	0	0	0	0	15	0	0	0	0	0	0	0	0	22	0	11	4	0	0	0	0	0	13	0	0	0	4	0	0	0	0	2	6
1384.600	0	1	5	0	0	0	0	11	0	0	0	0	0	0	0	0	21	0	11	1	0	0	0	0	0	17	0	0	0	4	0	0	0	0	0	5
1384.800	0	0	4	0	0	0	0	8	0	0	0	0	0	0	0	0	23	0	14	2	0	0	4	0	0	19	0	0	0	4	0	0	0	0	0	4
1385.000	0	0	9	2	0	0	0	10	0	0	0	0	0	0	0	0	24	0	12	1	0	0	4	0	0	22	0	1	0	2	0	0	0	0	1	2
1385.200	0	0	8	12	0	0	0	11	0	0	0	0	0	0	0	0	19	0	15	3	0	0	3	0	0	17	0	0	0	3	0	0	0	0	1	3
1385.400	0	1	9	1	0	0	0	12	0	0	0	0	0	0	0	0	19	0	15	0	0	0	3	0	0	17	0	1	0	2	0	0	0	0	0	5
1385.600	0	1	9	3	0	0	0	11	0	0	0	0	0	0	0	0	23	0	14	1	0	0	3	0	0	18	0	0	0	5	0	0	0	0	1	5
1385.800	0	0	9	4	0	0	0	11	0	0	0	0	0	0	0	0	20	0	13	0	0	0	3	0	0	18	0	0	0	6	0	0	0	0	1	6
1386.000	0	1	8	3	0	0	0	11	0	0	0	0	0	0	0	0	19	0	17	2	0	0	0	0	0	15	0	0	0	2	0	0	0	0	0	5
1386.200	0	0	7	4	0	0	0	7	0	0	0	0	0	0	0	0	19	0	15	2	0	0	0	0	0	19	0	0	0	7	0	0	0	0	1	5
1386.400	0	0	5	6	0	0	0	15	0	0	0	0	0	0	0	0	19	0	15	1	0	0	0	0	0	17	1	0	0	0	0	0	0	0	1	7
1386.600	0	0	8	12	0	0	0	13	0	0	0	0	0	0	0	0	11	0	14	1	0	0	3	0	0	12	1	0	0	0	0	0	0	0	1	6
1386.800	0	0	7	14	0	0	0	14	0	0	0	0	0	0	0	0	18	0	13	2	0	0	0	0	0	11	0	0	0	4	0	0	0	0	0	5
1387.000	0	0	8	12	0	0	0	10	0	0	0	0	0	0	0	0	19	0	11	1	0	0	0	0	0	15	0	0	0	1	0	0	0	0	1	3
1387.200	0	0	7	8	0	0	0	15	0	0	0	0	0	0	0	0	19	0	10	1	0	0	0	0	0	12	0	1	0	6	0	0	0	0	0	3
1387.400	0	0	9	10	0	0	0	8	0	0	0	0	0	0	0	0	20	0	13	3	0	0	0	0	0	9	0	0	0	4	0	0	0	0	1	6
1387.600	0	0	8	12	0	0	0	9	0	0	0	0	0	0	0	0	20	0	14	1	0	0	0	0	0	12	0	1	0	2	0	0	0	0	1	5
1387.800	0	0	9	10	0	0	0	16	0	0	0	0	0	0	0	0	20	0	18	1	0	0	2	0	0	11	0	1	0	2	0	0	0	0	1	3
1388.000	0	0	8	15	0	0	0	12	0	0	0	0	0	0	0	0	18	0	11	2	0	0	2	0	0	17	0	1	0	4	0	0	0	0	1	4
1388.200	0	0	8	10	0	0	0	12	0	0	0	0	0	0	0	0	21	0	8	2	0	0	2	0	0	18	0	1	0	5	0	0	0	0	0	5
1388.400	0	1	9	8	0	0	0	7	0	0	0	0	0	0	0	0	19	0	9	4	0	0	2	0	0	14	0	0	0	3	0	0	0	0	1	6
1388.600	0	0	9	10	0	0	0	9	0	0	0	0	0	0	0	0	17	0	8	3	0	0	0	0	0	12	0	0	0	3	0	0	0	0	0	2
1388.800	0	1	7	14	0	0	0	13	0	0	0	0	0	0	0	0	16	0	12	2	0	0	0	0	0	7	0	1	0	6	0	0	0	0	0	2
1389.000	0	1	9	4	0	0	0	12	0	0	0	0	0	0	0	0	19	0	15	1	0	0	0	0	0	13	0	3	0	8	0	0	0	0	0	4
1389.200	0	0	8	4	0	0	0	12	0	0	0	0	0	0	0	0	19	0	16	3	0	0	0	0	0	11	0	0	0	6	0	0	0	0	0	4
1389.400	0	1	8	8	0	0	0	12	0	0	0	0	0	0	0	0	14	0	9	4	0	0	0	0	0	18	0	0	0	5	0	0	0	0	1	3
1389.600	0	1	8	10	0	0	0	16	0	0	0	0	0	0	0	0	22	0	12	0	0	0	0	0	0	7	0	0	0	2	0	0	0	0	0	3
1389.800	0	0	8	13	0	0	0	13	0	0	0	0	0	0	0	0	12	1	9	1	0	0	0	0	0	12	0	0	0	3	0	0	0	0	0	3
1390.000	0	1	9	7	0	0	0	7	0	0	0	0	0	0	0	0	15	0	9	2	0	0	0	0	0	8	0	0	0	4	0	0	0	0	0	3
1390.200	0	0	7	9	0	0	0	11	0	0	0	0	0	0	0	0	15	0	12	1	0	0	0	0	0	13	0	0	0	0	0	0	0	0	0	6
1390.400	0	1	8	10	0	0	0	10	0	0	0	0	0	0	0	0	14	0	16	1	0	0	2	0	0	16	0	1	0	0	0	0	0	0	0	2
1390.600	0	0	8	11	0	0	0	11	0	0	0	0	0	0	0	0	19	0	14	1	0	0	2	0	0	13	0	0	0	0	0	0	0	0	0	5
1390.800	0	1	9	12	0	0	0	11	0	0	0	0	0	0	0	0	18	0	11	0	0	0	2	0	0	9	0	0	0	4	0	0	0	0	0	5
1391.000	0	0	8	10	0	0	0	9	0	0	0	0	0	0	0	0	21	0	5	1	0	0	1	0	0	17	0	0	0	3	0	0	0	0	1	4
1391.200	0	0	8	9	0	0	0	9	0	0	0	0	0	0	0	0	22	0	11	4	0	0	2	0	0	11	0	0	0	5	0	0	0	0	0	5
1391.400	0	1	8	5	0	0	0	9	0	0	0	0	0	0	0	0	19	1	14	1	0	0	0	0	0	9	0	0	0	4	0	0	0	0	1	6
1391.600	0	0	9	6	0	0	0	12	0	0	0	0	0	0	0	0	19	0	8	2	0	0	2	0	0	17	0	1	0	10	0	0	0	0	1	3
1391.800	0	0	7	9	0	0	0	11	0	0	0	0	0	0	0	0	20	0	12	4	0	0	2	0	0	16	0	0	0	6	0	0	0	0	1	7
1392.000	0	0	7	4	0	0	0	12	0	0	0	0	0	0	0	0	19	1	10	1	0	0	2	0	0	9	0	5	0	5	0	0	0	0	1	7
1392.200	0	0	7	10	0	0	0	9	0	0	0	0	0	0	0	0	19	0	14	0	0	0	2	0	0	14	0	0	0	2	0	0	0	0	0	4
1392.400	0	1	9	5	0	0	0	13	0	0	0	0	0	0	0	0	20	0	14	2	0	0	1	0	0	15	0	0	0	9	0	0	0	0	0	3
1392.600	0	0	8	9	0	0	0	12	0	0	0	0	0	0	0	0	18	0	10	2	0	0	2	0	0	13	0	0	0	2	0	0	0	0	0	4
1392.800	0	0	6	11	0	0	0	10	0	0	0	0	0	0	0	0	17	0	7	1	0	0	2	0	0	16	0	0	0	2	0	0	0	0	1	2
1393.000	0	0	7	6	0	0	0	9	0	0	0	0	0	0	0	0	15	0	15	1	0	0	3	0	0	6	0	0	0	6	0	0	0	0	0	11
1393.200	0	0	7	10	0	2	0	12	0	0	0	0	0	0	0	0	16	0	9	1	0	0	2	0	0	17	1	0	0	6	0	0	0	0	0	4
1393.400	0	0	8	7	0	0	0	9	0	0	0	0	0	0	0	0	17	1	7	1	0	0	2	0	0	15	1	0	0	2	0	0	0	0	0	10
1393.600	0	0	8	6	0	0	0	12	0	0	0	0	0	0	0	0	21	0	15	2	0	0	2	0	0	15	0	0	0	6	0	0	0	0	0	3
1393.800	0	0	9	11	0	0	0	13	0	0	0	0	0	0	0	0	18	0	8	0	0	0	3	0	0	13	0	0	0	8	0	0	0	0	0	4
1394.000	0	1	8	8	0	0	0	12	0	0	0	0	0	0	0	0	14	0	9	0	0	0	3	0	0	11	0	0	0	1	0	0	0	0	1	3
1394.200	0	0	9	5	0	0	0	12	0	0	0	0	0	0	0	0	21	0	8	1	0	0	2	0	0	9	0	1	0	3	0	0	0	0	0	4
1394.400	0	0	7	6	0	0	0	9	0	0	0	0	0	0	0	0	22	0	13	1	0	0	2	0	0	15	0	3	0	5	0	0	0	0	1	3
1394.600	0	0	8	5	0	0	0	8	0	0	0	0	0	0	0	0	17	0	9	0	0	0	2	0	0	13	0	0	0	4	0	0	0	0	1	5
1394.800	0	1	9	16	0	0	0	7	0	0	0	0	0	0	0	0	21	0	16	2	0	0	2	0	0	21	0	1	0	1	0	0	0	0	1	5
1395.000	0	0	10	7	0	0	0	11	0	0	0	0	0	0	0	0	15	0	8	0	0	0	3	0	0	16	0	1	0	6	0	0	0	0	0	4
1395.200	0	0	9	8	0	0	0	8	0	0	0	0	0	0	0	0	20	0	15	1	0	0	2	0	0	13	0	1	0	4	0	0	0	0	0	3
1395.400	0	0	8	9	0	0	0	11	0	0	0	0	0	0	0	0	19	0	12	2	0	0	2	0	0	14	0	0	0	4	0	0	0	0	0	4
1395.600	0	0	8	8	0	0	0	9	0	0	0	0	0	0	0	0	18	0	6	1	0	0	0	0	0	15	0	2	0	7	0	0	0	0	0	5
1395.800	0	1	8	13	0	0	0	13	0	0	0	0	0	0	0	0	20	0	12	1	0	0	0	0	0	16	0	0	0	4	0	0	0	0	1	4
1396.000	0	0	6	13	0	0	0	13	0	0	0	0	0	0	0	0	15	0	5	3	0	0	1	0	0	13	0	0	0	1	0	0	0	0	0	2
1396.200	0	0	7	10	0	0	0	12	0	0	0	0	0	0	0	0	19	0	9	2	0	0	0	0	0	16	0	0	0	2	0	0	0	0	0	5
1396.400	0	0	5	8	0	0	0	7	0	0	0	0	0	0	0	0	17	0	6	4	0	0	2	0	0	23	0	1	0	5	0	0	0	0	0	2
1396.600	0	0	7	12	0	0	0	11	0	0	0	0	0	0	0	0	13	1	8	2	0	0	0	0	0	17	0	0	0	6	0	0	0	0	1	5
1396.800	0	0	8	15	0	0	0	10	0	0	0	0	0	0	0	0	17	0	6	1	0	0	0	0	0	14	0	0	0	3	0	0	0	0	1	3
1397.000	0	0	7	12	0	0	0	10	0	0	0	0	0	0	0	0	18	0	7	0	0	0	0	0	0	16	0	0	0	5	0	0	0	0	0	5
1397.200	0	0	8	9	0	0	0	11	0	0	0	0	0	0	0	0	21	0	11	4	0	0	1	0	0	17	0	0	0	6	0	0	0	0	0	3
1397.400	0	1	7	13	0	0	0	12	0	0	0	0	0	0	0	0	20	0	13	2	0	0	2	0	0	14	0	1	0	6	0	0	0	0	0	4
1397.600	0	1	6	11	0	0	0	7	0	0	0	0	0	0	0	0	23	1	12	1	0	0	2	0	0	10	0	1	0	6	1	0	0	0	0	4
1397.800	0	0	7	12	0	0	0	5	0	0	0	0	0	0	0	0	23	0	15	1	0	0	2	0	0	14	0	2	0	4	0	0	0	0	0	6
1398.000	0	1	8	6	0	0	0	10	0	0	0	0	0	0	0	0	19	1	16	3	0	0	1	0	0	11	1	2	0	6	0	0	0	0	1	5
1398.200	0	0	9	5	0	0	0	8	0	0	0	0	0	0	0	0	19	0	15	1	0	0	2	0	0	17	1	4	0	3	0	0	0	0	0	4
1398.400	0	0	7	9	0	0	0	11	0	0	0	0	0	0	0	0	15	0	14	1	0	0	2	0	0	13	0	3	0	5	1	0	0	0	1	8
1398.600	0	0	7	8	0	0	0	12	0	0	0	0	0	0	0	0	12	0	7	2	0	0	2	0	0	18	0	0	0	2	0	0	0	0	2	7
1398.800	0	0	9	6	1	0	0	13	0	0	0	0	0	0	0	0	20	0	10	1	0	0	2	0	0	15	1	0	0	0	0	0	0	0	0	5
1399.000	0	1	9	9	0	0	0	10	0	0	0	0	0	0	0	0	19	0	10	4	0	0	3	0	0	16	0	1	0	1	0	0	0	0	0	4
1399.200	0	0	7	9	0	0	0	11	0	0	0	0	0	0	0	0	18	0	8	1	0	0	2	0	0	15	0	0	0	3	0	0	0	0	0	3
1399.400	0	1	10	7	0	0	0	12	0	0	0	0	0	0	0	0	24	0	9	1	0	0	2	0	0	10	0	1	0	2	0	0	0	0	1	5
1399.600	0	0	8	8	0	0	0	10	0	0	0	0	0	0	0	0	20	0	9	1	0	0	2	0	0	17	0	0	0	2	0	0	0	0	0	2
1399.800	0	0	9	9	0	0	0	7	0	0	0	0	0	0	0	0	17	0	10	2	0	0	2	0	0	12	1	0	0	3	0	0	0	0	1	7
1400.000	0	0	6	7	0	0	0	9	0	0	0	0	0	0	0	0	20	0	11	1	0	0	3	0	0	19	0	1	0	4	0	0	0	0	0	3
1400.200	0	0	8	4	0	0	0	7	0	0	0	0	0	0	0	0	20	0	15	1	0	0	2	0	0	19	0	0	0	4	0	0	0	0	1	3
1400.400	0	0	8	7	1	0	0	7	0	0	0	0	0	0	0	0	16	0	13	1	0	0	4	0	0	16	0	0	0	3	0	0	0	0	1	5
1400.600	0	0	9	9	0	0	0	12	0	0	0	0	0	0	0	0	17	0	7	0	0	0	4	0	0	19	0	1	0	1	0	0	0	0	1	2
1400.800	0	0	9	10	0	0	0	14	0	0	0	0	0	0	0	0	21	0	6	2	0	0	2	0	0	19	0	2	0	1	0	0	0	0	1	3
1401.000	0	0	7	11	0	0	0	12	0	0	0	0	0	0	0	0	18	0	8	2	0	0	2	0	0	11	0	0	0	1	0	0	0	0	1	3
1401.200	0	0	8	4	0	0	0	8	0	0	0	0	0	0	0	0	22	0	13	0	0	0	2	0	0	16	0	0	0	1	0	0	0	0	1	6
1401.400	0	0	7	4	0	0	0	12	0	0	0	0	0	0	0	0	17	0	10	0	0	0	1	0	0	15	0	0	0	6	0	0	0	0	1	7
1401.600	0	0	8	8	0	0	0	13	0	0	0	0	0	0	0	0	23	0	10	0	0	0	2	0	0	15	0	0	0	2	0	0	0	0	1	3
1401.800	0	1	8	7	0	0	0	10	0	0	0	0	0	0	0	0	18	0	4	0	0	0	2	0	0	16	0	0	0	1	0	0	0	0	0	2
1402.000	0	0	6	12	0	0	0	14	0	0	0	0	0	0	0	0	17	0	8	0	0	0	2	0	0	19	0	0	0	4	0	0	0	0	0	3
1402.200	0	0	7	7	1	0	0	11	0	0	0	0	0	0	0	0	20	1	7	0	0	0	2	0	0	16	0	0	0	1	0	0	0	0	0	3
1402.400	0	0	7	8	0	0	0	12	0	0	0	0	0	0	0	0	15	0	9	0	0	0	3	0	0	17	0	0	0	5	0	0	0	0	0	8
1402.600	0	0	5	5	0	0	0	9	0	0	0	0	0	0	0	0	17	0	6	0	0	0	3	0	0	21	0	0	0	3	0	0	0	0	1	3
1402.800	0	0	7	11	0	0	0	13	0	0	0	0	0	0	0	0	17	1	12	0	0	0	0	0	0	13	0	1	0	2	0	0	0	0	1	2
1403.000	0	0	8	10	0	0	0	11	0	0	0	0	0	0	0	0	16	0	7	0	0	0	2	0	0	20	0	0	0	5	0	0	0	0	0	3
1403.200	0	0	9	15	0	0	0	11	0	0	0	0	0	0	0	0	16	1	9	0	0	0	2	0	0	17	0	0	0	5	0	0	0	0	0	2
1403.400	0	0	9	10	0	0	0	15	0	0	0	0	0	0	0	0	16	1	17	0	0	0	2	0	0	10	0	1	0	4	0	0	0	0	0	2
1403.600	0	1	7	11	0	0	0	5	0	0	0	0	0	0	0	0	12	1	11	0	0	0	2	0	0	19	0	0	0	5	0	0	0	0	1	4
1403.800	0	0	6	8	0	0	0	14	0	0	0	0	0	0	0	0	22	2	7	0	0	0	2	0	0	13	0	0	0	2	0	0	0	0	0	1
1404.000	0	0	7	6	0	0	0	13	0	0	0	0	0	0	0	0	17	0	5	0	0	0	3	0	0	17	0	0	0	4	0	0	0	0	1	6
1404.200	0	0	8	10	0	0	0	11	0	0	0	0	0	0	0	0	14	1	6	0	0	0	2	0	0	10	0	1	0	8	0	0	0	0	0	2
1404.400	0	0	6	9	0	0	0	12	0	0	0	0	0	0	0	0	18	0	8	0	0	0	2	0	0	11	0	0	0	7	0	0	0	0	0	10
1404.600	0	0	10	6	0	0	0	8	0	0	0	0	0	0	0	0	12	0	9	0	0	0	2	0	0	17	0	0	0	1	0	0	0	0	0	6
1404.800	0	1	9	7	0	0	0	13	0	0	0	0	0	0	0	0	20	0	5	0	0	0	2	0	0	19	0	1	0	4	0	0	0	0	1	10
1405.000	0	0	7	7	0	0	0	12	0	0	0	0	0	0	0	0	19	0	11	0	0	0	3	0	0	15	0	0	0	2	0	0	0	0	1	6
1405.200	0	1	7	14	0	0	0	10	0	0	0	0	0	0	0	0	20	0	14	0	0	0	4	0	0	17	0	2	0	1	0	0	0	0	0	2
1405.400	0	0	7	12	0	0	0	12	0	0	0	0	0	0	0	0	16	1	10	0	0	0	5	0	0	14	0	1	0	2	0	0	0	0	0	2
1405.600	0	0	9	7	0	0	0	12	0	0	0	0	0	0	0	0	19	1	7	0	0	0	2	0	0	16	0	0	0	0	0	0	0	0	1	2
1405.800	0	0	5	13	0	0	0	13	0	0	0	0	0	0	0	0	13	1	10	0	0	0	4	0	0	16	0	1	0	2	0	0	0	0	0	2
1406.000	0	1	10	10	0	0	0	14	0	0	0	0	0	0	0	0	19	0	10	0	0	0	2	0	0	19	0	0	0	1	0	0	0	0	0	0
1406.200	0	0	7	11	0	0	0	9	0	0	0	0	0	0	0	0	19	0	8	0	0	0	3	0	0	8	0	1	0	3	0	0	0	0	0	6
1406.400	0	0	9	17	0	0	0	11	0	0	0	0	0	0	0	0	21	0	4	0	0	0	0	0	0	20	0	1	0	1	0	0	0	0	0	8
1406.600	0	0	8	8	0	2	0	9	0	0	0	0	0	0	0	0	15	0	9	0	0	0	2	0	0	22	0	1	0	1	0	0	0	0	0	5
1406.800	0	0	7	10	0	0	0	9	0	0	0	0	0	0	0	0	20	0	13	0	0	0	0	0	0	9	0	0	0	3	0	0	0	0	0	2
1407.000	0	0	7	7	0	3	0	8	0	0	0	0	0	0	0	0	17	0	8	0	0	0	0	0	0	15	0	3	0	7	0	0	0	0	0	5
1407.200	0	0	8	6	0	2	0	12	0	0	0	0	0	0	0	0	18	0	7	0	0	0	3	0	0	17	0	3	0	3	0	0	0	0	1	3
1407.400	0	0	7	3	0	0	0	9	0	0	0	0	0	0	0	0	15	0	15	0	0	0	5	0	0	16	0	2	0	6	0	0	0	0	1	3
1407.600	0	1	7	8	0	0	0	11	0	0	0	0	0	0	0	0	12	0	9	0	0	0	3	0	0	18	0	1	0	7	1	0	0	0	0	0
1407.800	0	0	9	8	0	0	0	13	0	0	0	0	0	0	0	0	12	0	6	0	0	0	2	0	0	19	0	6	0	4	0	0	0	0	0	3
1408.000	0	1	8	8	0	0	0	10	0	0	0	0	0	0	0	0	14	0	4	0	0	0	2	0	0	10	0	3	0	5	0	0	0	0	1	2
1408.200	0	0	9	7	0	0	0	17	0	0	0	0	0	0	0	0	10	0	10	0	0	0	2	0	0	17	0	1	0	6	0	0	0	0	1	2
1408.400	0	0	7	8	0	0	0	10	0	0	0	0	0	0	0	0	17	0	10	0	0	0	2	0	0	10	0	0	0	5	0	0	0	0	0	0
1408.600	0	1	8	9	0	0	0	10	0	0	0	0	0	0	0	0	15	0	13	0	0	0	2	0	0	11	0	1	0	5	1	0	0	0	0	3
1408.800	0	0	7	8	0	0	0	8	0	0	0	0	0	0	0	0	15	0	12	0	0	0	2	0	0	12	0	1	0	3	0	0	0	0	0	6
1409.000	0	0	8	9	0	0	0	10	0	0	0	0	0	0	0	0	20	0	7	0	0	0	2	0	0	10	0	1	0	6	0	0	0	0	1	8
1409.200	0	0	7	12	0	0	0	9	0	0	0	0	0	0	0	0	17	0	6	0	0	0	2	0	0	10	0	4	0	4	0	0	0	0	0	0
1409.400	0	0	6	10	0	0	0	15	0	0	0	0	0	0	0	0	19	0	13	0	0	0	2	0	0	13	0	4	0	4	0	0	0	0	1	7
1409.600	0	0	7	12	0	0	0	9	0	0	0	0	0	0	0	0	20	0	15	0	0	0	2	0	0	15	0	0	0	6	0	0	0	0	1	5
1409.800	0	0	7	11	0	0	0	11	0	0	0	0	0	0	0	0	19	1	15	0	0	0	2	0	0	13	0	3	0	1	0	0	0	0	0	7
1410.000	0	0	7	12	0	0	0	9	0	0	0	0	0	0	0	0	24	1	14	0	0	0	2	0	0	14	0	1	0	3	0	0	0	0	1	7
1410.200	0	0	7	11	0	0	0	13	0	0	0	0	0	0	0	0	16	0	17	0	0	0	2	0	0	8	0	0	0	1	0	0	0	0	1	4
1410.400	0	0	7	13	0	0	0	12	0	0	0	0	0	0	0	0	18	0	17	0	0	0	2	0	0	10	0	3	0	5	0	0	0	0	0	0
1410.600	0	0	8	8	0	0	0	11	0	0	0	0	0	0	0	0	21	0	7	0	0	0	2	0	0	13	0	8	0	1	0	0	0	0	0	4
1410.800	0	0	8	9	0	0	0	12	0	0	0	0	0	0	0	0	21	0	12	0	0	0	2	0	0	16	0	2	0	3	5	0	0	0	0	3
1411.000	0	0	8	12	0	0	0	13	0	0	0	0	0	0	0	0	23	0	12	0	0	0	2	0	0	14	0	4	0	8	1	0	0	0	0	5
1411.200	0	0	7	5	0	0	0	15	0	0	0	0	0	0	0	0	18	0	13	0	0	0	2	0	0	15	0	4	0	7	1	0	0	0	0	6
1411.400	0	0	9	9	0	0	0	14	0	0	0	0	0	0	0	0	17	0	14	0	0	0	2	0	0	19	0	3	0	6	0	0	0	0	0	2
1411.600	0	0	6	4	1	1	0	13	0	0	0	0	0	0	0	0	19	0	16	0	0	0	2	0	0	11	0	3	0	8	1	0	0	0	0	5
1411.800	0	0	9	12	0	0	0	17	0	0	0	0	0	0	0	0	12	1	11	0	0	0	1	0	0	14	0	4	0	5	3	0	0	0	0	5
1412.000	0	1	7	4	0	0	0	8	0	0	0	0	0	0	0	0	18	0	15	0	0	0	0	0	0	16	0	4	0	6	2	0	0	0	1	4
1412.200	0	0	9	9	0	0	0	11	0	0	0	0	0	0	0	0	21	0	13	0	0	0	1	0	0	12	0	4	0	5	1	0	0	0	0	5
1412.400	0	0	7	12	0	0	0	18	0	0	0	0	0	0	0	0	18	0	15	0	0	0	2	0	0	18	0	4	0	4	1	0	0	0	0	2
1412.600	0	0	8	6	0	0	0	19	0	0	0	0	0	0	0	0	20	0	7	0	0	0	2	0	0	10	0	5	0	4	2	0	0	0	0	4
1412.800	0	0	7	8	0	0	0	19	0	0	0	0	0	0	0	0	16	2	12	0	0	0	2	0	0	20	0	1	0	9	1	0	0	0	0	4
1413.000	0	0	7	10	0	0	0	11	0	0	0	0	0	0	0	0	19	0	8	0	0	0	2	0	0	20	0	1	0	5	0	0	0	0	0	7
1413.200	0	0	7	4	0	0	0	11	0	0	0	0	0	0	0	0	16	0	9	0	0	0	2	0	0	18	0	1	0	5	2	0	0	0	1	3
1413.400	0	0	7	10	0	0	0	11	0	0	0	0	0	0	0	0	18	0	13	0	0	0	2	0	0	10	0	6	0	6	2	0	0	0	0	5
1413.600	0	0	9	6	0	0	0	13	0	0	0	0	0	0	0	0	18	0	14	0	0	0	2	0	0	16	0	4	0	2	3	0	0	0	0	3
1413.800	0	0	7	6	0	0	0	15	0	0	0	0	0	0	0	0	21	1	8	0	0	0	2	0	0	19	0	4	0	5	2	0	0	0	0	5
1414.000	0	0	7	6	0	0	0	12	0	0	0	0	0	0	0	0	15	0	7	0	0	0	2	0	0	15	0	6	0	1	2	0	0	0	0	5
1414.200	0	1	7	9	0	0	0	13	0	0	0	0	0	0	0	0	16	0	11	0	0	0	2	0	0	20	0	4	0	1	2	0	0	0	0	4
1414.400	0	0	6	5	0	0	0	15	0	0	0	0	0	0	0	0	16	0	8	0	0	0	3	0	0	12	0	4	0	8	3	0	0	0	0	5
1414.600	0	0	7	6	0	0	0	15	0	0	0	0	0	0	0	0	20	0	6	0	0	0	0	0	0	15	0	6	0	3	2	0	0	0	0	5
1414.800	0	0	7	9	0	0	0	10	0	0	0	0	0	0	0	0	20	0	8	0	0	0	0	0	0	20	0	7	0	6	1	0	0	0	0	2
1415.000	0	1	8	9	0	0	0	13	0	0	0	0	0	0	0	0	15	1	13	0	0	0	0	0	0	17	0	6	0	8	3	0	0	0	0	5
1415.200	0	1	8	9	0	0	0	14	0	0	0	0	0	0	0	0	20	1	12	0	0	0	2	0	0	19	0	5	0	5	3	0	0	0	0	3
1415.400	0	0	7	12	0	0	0	14	0	0	0	0	0	0	0	0	21	0	18	0	0	0	3	0	0	20	0	4	0	7	3	0	0	0	0	3
1415.600	0	0	7	14	0	0	0	16	0	0	0	0	0	0	0	0	12	0	14	0	0	0	3	0	0	19	0	5	0	6	0	0	0	0	0	4
1415.800	0	0	10	12	0	0	0	13	0	0	0	0	0	0	0	0	23	1	10	0	0	0	0	0	0	18	0	8	0	6	3	0	0	0	0	3
1416.000	0	0	8	10	0	0	0	12	0	0	0	0	0	0	0	0	21	0	7	0	0	0	0	0	0	10	0	4	0	4	3	0	0	0	0	5
1416.200	0	1	8	11	0	0	0	8	0	0	0	0	0	0	0	0	21	1	10	0	0	0	0	0	0	16	0	5	0	7	3	0	0	0	0	5
1416.400	0	1	11	12	0	0	0	12	0	0	0	0	0	0	0	0	21	1	7	0	0	0	0	0	0	17	0	0	0	7	2	0	0	0	0	6
1416.600	0	0	7	4	0	0	0	18	0	0	0	0	0	0	0	0	18	0	5	0	0	0	1	0	0	17	0	1	0	3	1	0	0	0	0	5
1416.800	0	0	8	8	0	0	0	14	0	0	0	0	0	0	0	0	17	0	10	0	0	0	0	0	0	10	0	0	0	3	1	0	0	0	0	7
1417.000	0	0	8	12	0	0	0	15	0	0	0	0	0	0	0	0	16	0	13	0	0	0	0	0	0	16	0	0	0	6	0	0	0	0	0	4
1417.200	0	0	8	9	0	0	0	6	0	0	0	0	0	0	0	0	13	0	12	0	0	0	0	0	0	13	0	0	0	2	0	0	0	0	0	2
1417.400	0	0	7	7	0	0	0	11	0	0	0	0	0	0	0	0	19	0	9	0	0	0	0	0	0	14	0	1	0	3	0	0	0	0	0	2
1417.600	0	0	8	14	0	0	0	12	0	0	0	0	0	0	0	0	19	1	13	0	0	0	1	0	0	11	0	4	0	10	2	0	0	0	0	2
1417.800	0	1	8	14	0	0	0	15	0	0	0	0	0	0	0	0	12	1	12	0	0	0	2	0	0	15	0	0	0	4	2	0	0	0	0	2
1418.000	0	0	9	5	0	0	0	8	0	0	0	0	0	0	0	0	18	0	5	0	0	0	4	0	0	20	0	1	0	4	4	0	0	0	0	4
1418.200	0	1	7	3	0	0	0	10	0	0	0	0	0	0	0	0	17	0	11	0	0	0	0	0	0	11	0	0	0	2	3	0	0	0	0	5
1418.400	0	1	9	10	0	0	0	13	0	0	0	0	0	0	0	0	9	1	4	0	0	0	0	0	0	21	1	0	0	4	2	0	0	0	1	6
1418.600	0	0	11	9	0	0	0	11	0	0	0	0	0	0	0	0	12	0	9	0	0	0	0	0	0	13	0	1	0	4	1	0	0	0	0	3
1418.800	0	0	8	13	0	0	0	14	0	0	0	0	0	0	0	0	14	1	2	0	0	0	0	0	0	15	0	0	0	4	0	0	0	0	0	3
1419.000	0	0	7	9	0	0	0	11	0	0	0	0	0	0	0	0	19	0	8	0	0	0	0	0	0	16	0	0	0	5	0	0	0	0	1	8
1419.200	0	0	7	10	0	0	0	12	0	0	0	0	0	0	0	0	14	0	8	0	0	0	0	0	0	18	1	1	0	5	0	0	0	0	0	2
1419.400	0	0	6	4	0	0	0	11	0	0	0	0	0	0	0	0	14	0	13	0	0	0	0	0	0	14	0	1	0	6	0	0	0	0	0	2
1419.600	0	0	6	9	0	0	0	12	0	0	0	0	0	0	0	0	25	0	16	0	0	0	0	0	0	17	0	0	0	4	0	0	0	0	1	2
1419.800	0	0	8	4	0	0	0	13	0	0	0	0	0	0	0	0	19	1	11	0	0	0	0	0	0	15	0	0	0	4	0	0	0	0	0	6
1420.000	0	1	8	11	0	0	0	10	0	0	0	0	0	0	0	0	16	0	9	0	0	0	1	0	0	18	0	4	0	5	2	0	0	0	1	6
1420.200	0	0	6	10	0	0	0	19	0	0	0	0	0	0	0	0	16	0	5	0	0	0	0	0	0	19	0	2	0	6	4	0	0	0	0	5
1420.400	0	0	8	11	0	0	0	10	0	0	0	0	0	0	0	0	14	1	9	0	0	0	3	0	0	17	0	1	0	0	0	0	0	0	0	5
1420.600	0	1	6	6	0	0	0	9	0	0	0	0	0	0	0	0	21	0	14	0	0	0	3	0	0	14	0	0	0	4	1	0	0	0	0	0
1420.800	0	0	5	8	0	0	0	12	0	0	0	0	0	0	0	0	18	0	14	0	0	0	3	0	0	15	0	3	0	3	4	0	0	0	0	2
1421.000	0	0	7	7	0	0	0	15	0	0	0	0	0	0	0	0	21	0	9	0	0	0	3	0	0	16	0	0	0	1	0	0	0	0	1	3
1421.200	0	0	8	6	0	0	0	11	0	0	0	0	0	0	0	0	20	0	14	0	0	0	3	0	0	16	0	0	0	5	1	0	0	0	0	4
1421.400	0	0	8	5	0	0	0	13	0	0	0	0	0	0	0	0	16	0	13	0	0	0	3	0	0	16	0	0	0	0	2	0	0	0	0	8
1421.600	0	0	6	3	0	0	0	9	0	0	0	0	0	0	0	0	11	0	14	0	0	0	2	0	0	19	0	0	0	3	3	0	0	0	0	9
1421.800	0	0	9	12	0	0	0	10	0	0	0	0	0	0	0	0	20	0	6	0	0	0	0	0	0	15	1	0	0	2	0	0	0	0	0	10
1422.000	0	0	7	7	0	0	0	12	0	0	0	0	0	0	0	0	18	0	11	0	0	0	0	0	0	17	1	0	0	1	3	0	0	0	0	5
1422.200	0	0	10	8	0	0	0	16	0	0	0	0	0	0	0	0	18	0	12	0	0	0	3	0	0	15	0	1	0	3	1	0	0	0	0	5
1422.400	0	0	7	14	0	0	0	12	0	0	0	0	0	0	0	0	23	0	11	0	0	0	3	0	0	12	0	0	0	5	0	0	0	0	0	5
1422.600	0	0	8	12	0	0	0	14	0	0	0	0	0	0	0	0	19	0	12	0	0	0	3	0	0	12	0	1	0	3	2	0	0	0	0	6
1422.800	0	0	9	7	0	0	0	12	0	0	0	0	0	0	0	0	19	0	13	0	0	0	3	0	0	14	0	0	0	4	1	0	0	0	0	8
1423.000	0	0	8	9	0	0	0	11	0	0	0	0	0	0	0	0	15	0	11	0	0	0	3	0	0	20	0	0	0	4	3	0	0	0	1	5
1423.200	0	0	7	11	0	0	0	11	0	0	0	0	0	0	0	0	20	0	12	0	0	0	4	0	0	13	0	0	0	2	0	0	0	0	0	5
1423.400	0	0	8	10	0	0	0	10	0	0	0	0	0	0	0	0	16	0	9	0	0	0	2	0	0	13	0	0	0	3	3	0	0	0	0	3
1423.600	0	0	6	4	0	0	0	9	0	0	0	0	0	0	0	0	17	0	12	0	0	0	3	0	0	16	0	0	0	7	1	0	0	0	0	7
1423.800	0	1	8	9	0	0	0	13	0	0	0	0	0	0	0	0	17	0	13	1	0	0	3	0	0	19	0	0	0	5	0	0	0	0	0	6
1424.000	0	0	7	4	0	0	0	13	0	0	0	0	0	0	0	0	20	0	11	0	0	0	3	0	0	16	0	0	0	8	1	0	0	0	0	5
1424.200	0	0	9	2	0	0	0	13	0	0	0	0	0	0	0	0	23	0	12	0	0	0	4	0	0	16	0	0	0	5	0	0	0	0	0	5
1424.400	0	1	6	6	0	0	0	11	0	0	0	0	0	0	0	0	16	0	9	0	0	0	5	0	0	14	0	1	0	7	4	0	0	0	0	4
1424.600	0	1	8	6	0	0	0	10	0	0	0	0	0	0	0	0	18	0	9	0	0	0	2	0	0	12	0	1	0	1	1	0	0	0	0	5
1424.800	0	0	9	4	0	0	0	14	0	0	0	0	0	0	0	0	21	0	15	0	0	0	2	0	0	22	0	5	0	8	3	0	0	0	0	5
1425.000	0	0	5	3	0	0	0	14	0	0	0	0	0	0	0	0	14	0	13	0	0	0	2	0	0	17	0	4	0	5	2	0	0	0	0	3
1425.200	0	0	6	0	0	0	0	11	0	0	0	0	0	0	0	0	16	0	15	0	0	0	2	0	0	15	0	6	0	7	2	0	0	0	0	2
1425.400	0	0	8	4	0	0	0	10	0	0	0	0	0	0	0	0	21	0	12	0	0	0	2	0	0	17	0	3	0	7	2	0	0	0	0	4
1425.600	0	0	9	9	0	0	0	11	0	0	0	0	0	0	0	0	18	0	9	1	0	0	2	0	0	16	0	1	0	5	0	0	0	0	0	1
1425.800	0	0	6	11	0	0	0	12	0	0	0	0	0	0	0	0	14	0	12	0	0	0	3	0	0	17	0	5	0	6	2	0	0	0	0	4
1426.000	0	0	8	10	0	0	0	13	0	0	0	0	0	0	0	0	14	0	11	0	0	0	2	0	0	20	0	8	0	4	2	0	0	0	0	6
1426.200	0	0	8	10	0	0	0	14	0	0	0	0	0	0	0	0	17	0	15	0	0	0	2	0	0	17	0	2	0	3	2	0	0	0	0	5
1426.400	0	0	9	5	0	0	0	17	0	0	0	0	0	0	0	0	20	0	14	1	0	0	2	0	0	13	0	5	0	4	5	0	0	0	0	3
1426.600	0	0	8	5	0	0	0	13	0	0	0	0	0	0	0	0	16	0	11	1	0	0	5	0	0	17	0	0	0	1	0	0	0	0	0	4
1426.800	0	0	11	6	0	0	0	10	0	0	0	0	0	0	0	0	19	0	15	0	0	0	2	0	0	10	0	1	0	1	0	0	0	0	0	3
1427.000	0	1	7	11	0	0	0	11	0	0	0	0	0	0	0	0	14	0	11	0	0	0	3	0	0	10	0	2	0	0	0	0	0	0	0	2
1427.200	0	0	6	13	1	0	0	13	0	0	0	0	0	0	0	0	20	0	9	0	0	0	1	0	0	13	0	2	0	6	1	0	0	0	0	5
1427.400	0	1	10	8	0	0	0	10	0	0	0	0	0	0	0	0	16	0	11	0	0	0	2	0	0	12	0	6	0	3	3	0	0	0	0	4
1427.600	0	1	8	16	0	0	0	10	0	0	0	0	0	0	0	0	19	0	12	0	0	0	4	0	0	18	0	4	0	8	2	0	0	0	0	4
1427.800	0	1	9	4	0	0	0	13	0	0	0	0	0	0	0	0	20	0	10	1	0	0	3	0	0	15	0	0	0	4	0	0	0	0	0	6
1428.000	0	1	10	7	0	0	0	14	0	0	0	0	0	0	0	0	18	1	11	2	0	0	2	0	0	16	0	1	0	6	0	0	0	0	0	5
1428.200	0	1	7	6	0	0	0	10	0	0	0	0	0	0	0	0	18	0	8	1	0	0	3	0	0	8	0	4	0	7	2	0	0	0	0	7
1428.400	0	0	7	7	1	1	0	15	0	0	0	0	0	0	0	0	20	0	11	0	0	0	2	0	0	13	0	4	0	2	1	0	0	0	0	3
1428.600	0	0	9	3	0	0	0	11	0	0	0	0	0	0	0	0	20	0	14	0	0	0	3	0	0	13	0	3	0	2	2	0	0	0	0	6
1428.800	0	0	9	3	0	0	0	11	0	0	0	0	0	0	0	0	16	0	9	0	0	0	1	0	0	15	0	2	0	5	2	0	0	0	0	5
1429.000	0	1	9	2	0	0	0	10	0	0	0	0	0	0	0	0	16	0	11	0	0	0	2	0	0	11	0	4	0	3	3	0	0	0	0	4
1429.200	0	1	7	10	1	0	0	11	0	0	0	0	0	0	0	0	21	0	14	0	0	0	4	0	0	17	0	3	0	1	1	0	0	0	0	4
1429.400	0	1	9	4	0	0	0	9	0	0	0	0	0	0	0	0	17	0	13	0	0	0	3	0	0	12	0	1	0	4	1	0	0	0	0	7
1429.600	0	1	8	10	0	0	0	11	0	0	0	0	0	0	0	0	17	0	15	0	0	0	2	0	0	16	0	3	0	5	5	0	0	0	0	5
1429.800	0	0	7	7	0	0	0	11	0	0	0	0	0	0	0	0	12	0	12	0	0	0	2	0	0	15	0	2	0	2	5	0	0	0	0	8
1430.000	0	1	8	12	0	0	0	12	0	0	0	0	0	0	0	0	13	0	11	0	0	0	5	0	0	11	0	4	0	6	4	0	0	0	0	5
1430.200	0	1	9	3	0	0	0	15	0	0	0	0	0	0	0	0	20	0	13	0	0	0	5	0	0	15	0	6	0	6	5	0	0	0	0	8
1430.400	0	0	6	15	0	0	0	7	0	0	0	0	0	0	0	0	13	0	17	0	0	0	6	0	0	6	0	1	0	3	1	0	0	0	0	9
1430.600	0	0	8	19	0	0	0	14	0	0	0	0	0	0	0	0	22	0	7	0	0	0	5	0	0	9	0	2	0	5	0	0	0	0	0	6
1430.800	0	1	8	12	0	0	0	12	0	0	0	0	0	0	0	0	13	0	9	0	0	0	4	0	0	11	0	4	0	4	1	0	0	0	0	3
1431.000	0	0	9	7	0	0	0	14	0	0	0	0	0	0	0	0	16	0	12	0	0	0	2	0	0	10	0	2	0	2	0	0	0	0	0	3
1431.200	0	0	9	8	0	0	0	12	0	0	0	0	0	0	0	0	14	0	13	0	0	0	2	0	0	14	0	5	0	3	0	0	0	0	0	6
1431.400	0	0	8	10	0	0	0	12	0	0	0	0	0	0	0	0	17	0	13	0	0	0	5	0	0	17	0	4	0	0	1	0	0	0	0	8
1431.600	0	1	8	12	0	0	0	10	0	0	0	0	0	0	0	0	14	0	17	0	0	0	5	0	0	12	0	6	0	5	0	0	0	0	0	4
1431.800	0	0	8	7	0	0	0	14	0	0	0	0	0	0	0	0	21	0	11	0	0	0	5	0	0	13	0	4	0	4	2	0	0	0	0	6
1432.000	0	1	10	6	0	0	0	14	0	0	0	0	0	0	0	0	17	0	10	0	0	0	5	0	0	14	0	4	0	4	1	0	0	0	0	7
1432.200	0	0	7	6	0	0	0	11	0	0	0	0	0	0	0	0	13	0	10	0	0	0	5	0	0	10	0	6	0	3	0	0	0	0	0	5
1432.400	0	0	8	9	0	0	0	14	0	0	0	0	0	0	0	0	14	0	10	0	0	0	8	0	0	13	0	4	0	6	5	0	0	0	0	4
1432.600	0	0	7	11	0	0	0	12	0	0	0	0	0	0	0	0	14	0	6	0	0	0	4	0	0	11	0	4	0	4	2	0	0	0	0	7
1432.800	0	0	6	9	0	0	0	13	0	0	0	0	0	0	0	0	14	0	13	0	0	0	4	0	0	12	1	4	0	7	3	0	0	0	0	5
1433.000	0	0	7	12	0	0	0	12	0	0	0	0	0	0	0	0	20	0	8	0	0	0	3	0	0	14	0	4	0	4	0	0	0	0	0	5
1433.200	0	0	7	4	0	0	0	14	0	0	0	0	0	0	0	0	16	0	11	0	0	0	2	0	0	17	0	3	0	4	0	0	0	0	0	8
1433.400	0	0	7	13	0	0	0	11	0	0	0	0	0	0	0	0	13	0	12	0	0	0	9	0	0	11	0	4	0	8	6	0	0	0	0	2
1433.600	0	0	5	8	0	0	0	12	0	0	0	0	0	0	0	0	14	0	13	0	0	0	3	0	0	12	0	4	0	2	2	0	0	0	0	3
1433.800	0	0	10	8	0	0	0	13	0	0	0	0	0	0	0	0	21	0	15	0	0	0	4	0	0	12	0	4	0	6	1	0	0	0	0	9
1434.000	0	0	7	13	0	0	0	12	0	0	0	0	0	0	0	0	19	0	11	0	0	0	5	0	0	12	0	4	0	5	1	0	0	0	0	10
1434.200	0	0	9	4	0	0	0	15	0	0	0	0	0	0	0	0	12	0	8	0	0	0	5	0	0	19	0	3	0	10	1	0	0	0	0	7
1434.400	0	0	9	7	0	0	0	12	0	0	0	0	0	0	0	0	14	0	10	0	0	0	9	0	0	11	0	5	0	8	2	0	0	0	0	4
1434.600	0	0	8	8	0	0	0	9	0	0	0	0	0	0	0	0	20	0	7	0	0	0	9	0	0	12	0	4	0	5	2	0	0	0	0	7
1434.800	0	0	7	13	0	0	0	11	0	0	0	0	0	0	0	0	19	0	6	0	0	0	5	0	0	17	0	4	0	0	1	0	0	0	0	4
1435.000	0	0	8	9	0	0	0	15	0	0	0	0	0	0	0	0	18	0	13	0	0	0	2	0	0	13	0	3	0	6	4	0	0	0	0	7
1435.200	0	1	9	5	0	0	0	13	0	0	0	0	0	0	0	0	18	0	9	0	0	0	4	0	0	18	0	5	0	7	2	0	0	0	0	6
1435.400	0	0	9	7	0	0	0	11	0	0	0	0	0	0	0	0	24	0	9	0	0	0	4	0	0	17	0	5	0	3	1	0	0	0	0	5
1435.600	0	1	9	7	0	0	0	13	0	0	0	0	0	0	0	0	18	0	12	0	0	0	4	0	0	16	0	3	0	7	2	0	0	0	0	3
1435.800	0	1	9	6	0	0	0	12	0	0	0	0	0	0	0	0	12	0	12	0	0	0	3	0	0	19	0	4	0	7	0	0	0	0	0	4
1436.000	0	0	5	7	0	0	0	11	0	0	0	0	0	0	0	0	17	0	13	0	0	0	2	0	0	11	0	6	0	10	4	0	0	0	0	6
1436.200	0	0	7	15	0	0	0	12	0	0	0	0	0	0	0	0	21	0	15	0	0	0	2	0	0	15	0	4	0	2	0	0	0	0	0	8
1436.400	0	1	9	10	1	0	0	12	0	0	0	0	0	0	0	0	18	0	9	0	0	0	2	0	0	16	0	4	0	7	1	0	0	0	0	6
1436.600	0	0	8	7	0	0	0	9	0	0	0	0	0	0	0	0	19	0	15	0	0	0	0	0	0	11	0	4	0	2	3	0	0	0	0	6
1436.800	0	1	8	8	0	0	0	9	0	0	0	0	0	0	0	0	14	0	6	0	0	0	2	0	0	11	0	3	0	8	2	0	0	0	0	5
1437.000	0	0	9	5	0	0	0	11	0	0	0	0	0	0	0	0	18	0	10	0	0	0	1	0	0	12	0	3	0	9	0	0	0	0	0	5
1437.200	0	1	7	4	0	0	0	11	0	0	0	0	0	0	0	0	22	0	10	1	0	0	2	0	0	9	0	3	0	6	1	0	0	0	0	4
1437.400	0	0	10	10	1	1	0	12	0	0	0	0	0	0	0	0	21	0	11	0	0	0	1	0	0	14	0	3	0	7	1	0	0	0	0	5
1437.600	0	0	8	12	0	0	0	12	0	0	0	0	0	0	0	0	16	0	9	0	0	0	2	0	0	21	0	6	0	5	4	0	0	0	0	9
1437.800	0	0	8	4	0	0	0	15	0	0	0	0	0	0	0	0	15	0	9	0	0	0	0	0	0	17	0	3	0	3	3	0	0	0	0	7
1438.000	0	1	7	5	0	0	0	10	0	0	0	0	0	0	0	0	15	0	9	0	0	0	1	0	0	11	0	0	0	2	0	0	0	0	0	4
1438.200	0	0	7	4	0	0	0	14	0	0	0	0	0	0	0	0	10	0	8	0	0	0	0	0	0	13	0	0	0	4	0	0	0	0	0	5
1438.400	0	0	9	6	0	0	0	11	0	0	0	0	0	0	0	0	18	0	9	0	0	0	1	0	0	18	0	1	0	5	2	0	0	0	0	6
1438.600	0	0	11	7	0	0	0	12	0	0	0	0	0	0	0	0	14	0	19	0	0	0	1	0	0	16	0	4	0	6	3	0	0	0	0	6
1438.800	0	1	7	10	0	0	0	11	0	0	0	0	0	0	0	0	15	0	12	0	0	0	2	0	0	14	0	5	0	6	2	0	0	0	0	3
1439.000	0	1	9	11	0	0	0	12	0	0	0	0	0	0	0	0	16	0	8	0	0	0	2	0	0	14	0	5	0	7	0	0	0	0	0	5
1439.200	0	0	8	5	0	0	0	12	0	0	0	0	0	0	0	0	9	0	13	0	0	0	2	0	0	14	0	3	0	2	1	0	0	0	0	6
1439.400	0	0	9	14	0	0	0	13	0	0	0	0	0	0	0	0	22	0	7	0	0	0	2	0	0	19	0	1	0	2	0	0	0	0	0	8
1439.600	0	1	10	5	1	0	0	15	0	0	0	0	0	0	0	0	18	0	7	0	0	0	2	0	0	12	0	3	0	6	0	0	0	0	0	4
1439.800	0	1	7	5	0	0	0	9	0	0	0	0	0	0	0	0	12	0	12	0	0	0	2	0	0	19	0	1	0	1	1	0	0	0	0	3
1440.000	0	0	7	8	0	0	0	12	0	0	0	0	0	0	0	0	14	0	8	0	0	0	2	0	0	7	0	6	0	6	2	0	0	0	0	7
1440.200	0	0	7	7	0	0	0	13	0	0	0	0	0	0	0	0	13	0	10	0	0	0	1	0	0	18	0	5	0	5	2	0	0	0	0	2
1440.400	0	0	9	7	0	0	0	13	0	0	0	0	0	0	0	0	24	0	10	0	0	0	2	0	0	7	0	6	0	7	3	0	0	0	0	4
1440.600	0	0	8	4	0	0	0	12	0	0	0	0	0	0	0	0	19	0	9	0	0	0	3	0	0	13	0	3	0	6	0	0	0	0	0	3
1440.800	0	0	8	9	1	0	0	11	0	0	0	0	0	0	0	0	21	0	5	0	0	0	2	0	0	11	0	6	0	3	2	0	0	0	0	5
1441.000	0	0	9	17	0	0	0	15	0	0	0	0	0	0	0	0	15	0	11	0	0	0	2	0	0	15	0	5	0	5	3	0	0	0	0	4
1441.200	0	0	8	8	0	0	0	14	0	0	0	0	0	0	0	0	16	0	8	0	0	0	1	0	0	18	0	5	0	6	3	0	0	0	0	5
1441.400	0	0	8	14	0	0	0	12	0	0	0	0	0	0	0	0	20	0	10	0	0	0	0	0	0	15	0	4	0	6	3	0	0	0	0	7
1441.600	0	0	7	4	0	0	0	14	0	0	0	0	0	0	0	0	17	0	10	0	0	0	0	0	0	16	0	4	0	4	0	0	0	0	0	12
1441.800	0	0	9	7	0	0	0	18	0	0	0	0	0	0	0	0	12	0	8	0	0	0	0	0	0	11	0	5	0	6	1	0	0	0	0	4
1442.000	0	0	8	6	0	0	0	16	0	0	0	0	0	0	0	0	23	0	11	0	0	0	3	0	0	13	0	1	0	6	1	0	0	0	0	5
1442.200	0	1	8	9	0	0	0	16	0	0	0	0	0	0	0	0	17	0	14	0	0	0	5	0	0	16	0	2	0	4	0	0	0	0	0	5
1442.400	0	0	7	7	0	0	0	14	0	0	0	0	0	0	0	0	20	0	15	0	0	0	2	0	0	12	0	5	0	7	1	0	0	0	0	4
1442.600	0	1	9	13	0	0	0	16	0	0	0	0	0	0	0	0	19	0	11	0	0	0	2	0	0	12	0	1	0	7	0	0	0	0	0	4
1442.800	0	0	7	12	0	0	0	15	0	0	0	0	0	0	0	0	16	0	10	0	0	0	3	0	0	20	0	0	0	4	0	0	0	0	0	7
1443.000	0	0	9	11	0	0	0	14	0	0	0	0	0	0	0	0	16	0	18	0	0	0	1	0	0	18	0	2	0	5	2	0	0	0	0	3
1443.200	0	0	8	10	0	0	0	15	0	0	0	0	0	0	0	0	18	0	8	0	0	0	0	0	0	15	0	0	0	4	0	0	0	0	0	12
1443.400	0	0	7	8	0	0	0	11	0	0	0	0	0	0	0	0	20	0	7	0	0	0	1	0	0	10	0	0	0	2	0	0	0	0	0	5
1443.600	0	0	8	5	0	0	0	14	0	0	0	0	0	0	0	0	14	0	6	0	0	0	1	0	0	14	0	1	0	4	0	0	0	0	0	9
1443.800	0	0	8	4	1	0	0	13	0	0	0	0	0	0	0	0	17	0	12	0	0	0	0	0	0	14	0	1	0	2	0	0	0	0	0	5
1444.000	0	0	8	14	0	0	0	12	0	0	0	0	0	0	0	0	16	0	9	0	0	0	4	0	0	14	0	1	0	4	0	0	0	0	0	17
1444.200	0	0	7	8	0	0	0	10	0	0	0	0	0	0	0	0	23	0	11	0	0	0	2	0	0	9	0	1	0	1	0	0	0	0	0	13
1444.400	0	0	9	4	0	0	0	11	0	0	0	0	0	0	0	0	18	0	10	0	0	0	2	0	0	16	0	0	0	2	0	0	0	0	0	13
1444.600	0	0	8	6	0	0	0	13	0	0	0	0	0	0	0	0	16	0	8	0	0	0	2	0	0	13	0	4	0	5	0	0	0	0	0	12
1444.800	0	0	8	8	0	0	0	15	0	0	0	0	0	0	0	0	20	0	10	0	0	0	3	0	0	12	0	1	0	1	0	0	0	0	0	5
1445.000	0	0	9	9	0	0	0	12	0	0	0	0	0	0	0	0	19	0	7	0	0	0	3	0	0	9	0	0	0	2	0	0	0	0	0	6
1445.200	0	0	7	3	0	0	0	13	0	0	0	0	0	0	0	0	25	0	8	0	0	0	3	0	0	15	0	1	0	0	0	0	0	0	0	9
1445.400	0	1	6	7	0	0	0	12	0	0	0	0	0	0	0	0	21	0	9	0	0	0	2	0	0	18	0	0	0	5	0	0	0	0	0	6
1445.600	0	0	9	5	0	0	0	15	0	0	0	0	0	0	0	0	21	0	5	0	0	0	4	0	0	10	0	0	0	5	0	0	0	0	0	12
1445.800	0	0	7	9	0	0	0	13	0	0	0	0	0	0	0	0	16	0	9	0	0	0	2	0	0	13	0	0	0	1	0	0	0	0	0	12
1446.000	0	0	6	13	0	0	0	14	0	0	0	0	0	0	0	0	19	0	8	0	0	0	2	0	0	19	0	0	0	2	0	0	0	0	0	11
1446.200	0	0	7	10	0	0	0	10	0	0	0	0	0	0	0	0	22	0	8	0	0	0	3	0	0	18	0	0	0	1	0	0	0	0	0	17
1446.400	0	0	7	14	0	0	0	11	0	0	0	0	0	0	0	0	19	0	6	0	0	0	2	0	0	14	0	6	0	2	0	0	0	0	0	17
1446.600	0	0	9	3	0	0	0	10	0	0	0	0	0	0	0	0	15	0	8	0	0	0	3	0	0	17	0	7	0	5	0	0	0	0	0	17
1446.800	0	0	7	10	0	0	0	14	0	0	0	0	0	0	0	0	21	0	9	0	0	0	3	0	0	10	0	8	0	3	2	0	0	0	0	15
1447.000	0	0	9	14	0	0	0	10	0	0	0	0	0	0	0	0	20	0	9	0	0	0	3	0	0	14	0	6	0	3	1	0	0	0	0	9
1447.200	0	0	7	12	0	0	0	8	0	0	0	0	0	0	0	0	17	0	11	0	0	0	4	0	0	10	0	7	0	3	1	0	0	0	0	13
1447.400	0	0	8	10	0	0	0	14	0	0	0	0	0	0	0	0	21	0	10	0	0	0	3	0	0	14	0	7	0	1	1	0	0	0	0	4
1447.600	0	0	6	13	0	0	0	12	0	0	0	0	0	0	0	0	16	0	10	0	0	0	3	0	0	15	0	6	0	3	0	0	0	0	0	7
1447.800	0	0	6	12	0	0	0	13	0	0	0	0	0	0	0	0	15	0	11	0	0	0	3	0	0	12	0	5	0	2	1	0	0	0	0	8
1448.000	0	0	6	12	0	0	0	11	0	0	0	0	0	0	0	0	17	0	10	0	0	0	3	0	0	14	0	3	0	7	2	0	0	0	0	9
1448.200	0	0	8	11	0	0	0	15	0	0	0	0	0	0	0	0	18	0	9	0	0	0	3	0	0	18	0	4	0	7	2	0	0	0	0	10
1448.400	0	0	9	15	0	0	0	13	0	0	0	0	0	0	0	0	17	0	8	0	0	0	3	0	0	17	0	4	0	6	0	0	0	0	0	17
1448.600	0	0	7	13	0	0	0	5	0	0	0	0	0	0	0	0	19	0	9	0	0	0	2	0	0	13	0	5	0	1	1	0	0	0	0	15
1448.800	0	0	6	12	0	0	0	11	0	0	0	0	0	0	0	0	9	0	6	0	0	0	2	0	0	26	0	6	0	0	1	0	0	0	0	16
1449.000	0	0	6	15	0	0	0	11	0	0	0	0	0	0	0	0	16	0	11	0	0	0	3	0	0	13	0	5	0	3	0	0	0	0	0	17
1449.200	0	0	9	12	0	0	0	10	0	0	0	0	0	0	0	0	20	0	5	0	0	0	3	0	0	14	0	6	0	3	1	0	0	0	0	16
1449.400	0	0	5	12	0	0	0	11	0	0	0	0	0	0	0	0	13	0	8	0	0	0	3	0	0	16	0	5	0	1	2	0	0	0	0	16
1449.600	0	0	7	11	0	0	0	13	0	0	0	0	0	0	0	0	12	0	13	0	0	0	2	0	0	15	0	4	0	2	0	0	0	0	0	17
1449.800	0	0	7	15	0	0	0	9	0	0	0	0	0	0	0	0	24	0	9	0	0	0	2	0	0	14	0	3	0	7	2	0	0	0	0	14
1450.000	0	0	7	8	0	0	0	14	0	0	0	0	0	0	0	0	18	0	11	0	0	0	3	0	0	14	0	4	0	3	1	0	0	0	0	15
1450.200	0	0	5	9	0	0	0	18	0	0	0	0	0	0	0	0	16	0	8	0	0	0	1	0	0	12	0	6	0	6	3	0	0	0	0	18
1450.400	0	0	9	7	1	0	0	8	0	0	0	0	0	0	0	0	16	0	12	0	0	0	4	0	0	15	0	4	0	3	1	0	0	0	0	19
1450.600	0	0	5	5	0	0	0	13	0	0	0	0	0	0	0	0	18	0	8	0	0	0	4	0	0	11	0	6	0	4	1	0	0	0	0	13
1450.800	0	0	7	4	0	0	0	11	0	0	0	0	0	0	0	0	14	0	6	0	0	0	3	0	0	14	0	5	0	7	1	0	0	0	0	16
1451.000	0	0	6	2	0	0	0	14	0	0	0	0	0	0	0	0	17	0	9	0	0	0	1	0	0	19	0	6	0	2	0	0	0	0	0	12
1451.200	0	0	7	9	1	0	0	13	0	0	0	0	0	0	0	0	15	2	6	0	0	0	2	0	0	15	0	4	0	3	1	0	0	0	0	11
1451.400	0	0	5	2	0	0	0	9	0	0	0	0	0	0	0	0	16	0	5	0	0	0	1	0	0	15	0	5	0	4	0	0	0	0	0	4
1451.600	0	0	9	5	0	0	0	10	0	0	0	0	0	0	0	0	19	0	8	0	0	0	1	0	0	11	0	5	0	5	0	0	0	0	0	13
1451.800	0	0	7	15	0	0	0	10	0	0	0	0	0	0	0	0	20	0	7	0	0	0	4	0	0	17	0	3	0	6	2	0	0	0	0	15
1452.000	0	0	11	11	0	0	0	8	0	0	0	0	0	0	0	0	13	0	10	0	0	0	9	0	0	13	0	5	0	9	4	0	0	0	0	15
1452.200	0	0	7	4	0	0	0	11	0	0	0	0	0	0	0	0	18	0	12	0	0	0	6	0	0	19	0	5	0	10	1	0	0	0	0	17
1452.400	0	0	7	8	0	0	0	11	0	0	0	0	0	0	0	0	19	0	6	0	0	0	3	0	0	15	0	4	0	6	3	0	0	0	0	18
1452.600	0	0	7	10	0	0	0	8	0	0	0	0	0	0	0	0	15	0	12	0	0	0	8	0	0	16	0	5	0	2	1	0	0	0	0	15
1452.800	0	0	7	11	0	0	0	12	0	0	0	0	0	0	0	0	10	0	7	0	0	0	9	0	0	13	0	4	0	4	0	0	0	0	0	14
1453.000	0	0	7	10	0	0	0	15	0	0	0	0	0	0	0	0	14	0	7	0	0	0	6	0	0	16	0	5	0	3	0	0	0	0	0	17
1453.200	0	0	7	8	0	0	0	12	0	0	0	0	0	0	0	0	14	0	14	0	0	0	6	0	0	14	0	4	0	7	0	0	0	0	0	19
1453.400	0	0	6	17	0	0	0	9	0	0	0	0	0	0	0	0	17	0	7	0	0	0	8	0	0	13	0	3	0	8	2	0	0	0	0	15
1453.600	0	0	5	12	0	0	0	9	0	0	0	0	0	0	0	0	21	0	10	0	0	0	5	0	0	8	0	3	0	8	1	0	0	0	0	17
1453.800	0	0	5	15	0	0	0	11	0	0	0	0	0	0	0	0	21	0	8	0	0	0	4	0	0	15	0	6	0	9	2	0	0	0	0	14
1454.000	0	0	6	11	0	0	0	8	0	0	0	0	0	0	0	0	18	0	9	0	0	0	4	0	0	12	0	4	0	2	1	0	0	0	0	9
1454.200	0	0	7	13	0	0	0	10	0	0	0	0	0	0	0	0	15	0	10	0	0	0	7	0	0	19	0	6	0	6	2	0	0	0	0	12
1454.400	0	0	7	5	0	0	0	11	0	0	0	0	0	0	0	0	20	0	7	0	0	0	3	0	0	14	0	4	0	5	1	0	0	0	0	9
1454.600	0	0	6	10	0	0	0	12	0	0	0	0	0	0	0	0	23	0	2	0	0	0	6	0	0	19	0	5	0	8	3	0	0	0	0	10
1454.800	0	0	7	4	0	0	0	11	0	0	0	0	0	0	0	0	14	0	6	0	0	0	4	0	0	18	0	3	0	7	4	0	0	0	0	13
1455.000	0	0	9	15	0	0	0	11	0	0	0	0	0	0	0	0	13	0	6	0	0	0	5	0	0	11	0	5	0	4	3	0	0	0	0	12
1455.200	0	0	8	7	0	0	0	13	0	0	0	0	0	0	0	0	13	0	10	0	0	0	6	0	0	21	0	3	0	4	3	0	0	0	0	19
1455.400	0	0	8	16	0	0	0	11	0	0	0	0	0	0	0	0	16	0	6	0	0	0	4	0	0	19	0	3	0	6	5	0	0	0	0	8
1455.600	0	0	8	13	0	0	0	9	0	0	0	0	0	0	0	0	13	0	7	0	0	0	5	0	0	15	0	5	0	4	0	0	0	0	0	19
1455.800	0	0	7	10	0	0	0	9	0	0	0	0	0	0	0	0	17	0	10	0	0	0	6	0	0	16	0	4	0	1	1	0	0	0	0	16
1456.000	0	0	8	8	0	0	0	9	0	0	0	0	0	0	0	0	12	0	8	0	0	0	3	0	0	11	0	5	0	8	1	0	0	0	0	20
1456.200	0	1	6	13	0	0	0	14	0	0	0	0	0	0	0	0	10	0	10	0	0	0	6	0	0	12	0	4	0	4	2	0	0	0	0	9
1456.400	0	0	6	11	0	0	0	10	0	0	0	0	0	0	0	0	11	0	7	0	0	0	4	0	0	10	0	5	0	5	3	0	0	0	0	18
1456.600	0	0	7	12	0	0	0	11	0	0	0	0	0	0	0	0	12	0	6	0	0	0	5	0	0	9	0	5	0	6	3	0	0	0	0	9
1456.800	0	0	7	11	0	1	0	14	0	0	0	0	0	0	0	0	14	0	3	0	0	0	5	0	0	18	0	3	0	8	1	0	0	0	0	12
1457.000	0	0	7	10	0	0	0	12	0	0	0	0	0	0	0	0	17	0	10	0	0	0	6	0	0	15	0	3	0	6	7	0	0	0	0	10
1457.200	0	0	7	14	0	0	0	8	0	0	0	0	0	0	0	0	12	0	7	0	0	0	5	0	0	10	0	5	0	4	9	0	0	0	0	16
1457.400	0	1	7	16	0	0	0	16	0	0	0	0	0	0	0	0	18	0	6	0	0	0	3	0	0	13	0	3	0	2	6	0	0	0	0	9
1457.600	0	0	7	8	0	0	0	8	0	0	0	0	0	0	0	0	20	0	7	0	0	0	5	0	0	19	0	4	0	8	4	0	0	0	0	9
1457.800	0	1	7	15	0	0	0	7	0	0	0	0	0	0	0	0	15	0	10	1	0	0	4	0	0	13	0	3	0	7	5	0	0	0	1	9
1458.000	0	0	7	12	0	0	0	9	0	0	0	0	0	0	0	0	19	0	7	0	0	0	5	0	0	11	0	3	0	3	6	0	0	0	1	14
1458.200	0	0	9	6	0	0	0	14	0	0	0	0	0	0	0	0	17	0	3	0	0	0	6	0	0	20	0	3	0	8	6	0	0	0	0	10
1458.400	0	0	8	16	0	1	0	9	0	0	0	0	0	0	0	0	15	0	9	0	0	0	5	0	0	13	0	3	0	7	3	0	0	0	0	18
1458.600	0	0	7	14	0	0	0	9	0	0	0	0	0	0	0	0	13	0	8	0	0	0	5	0	0	11	0	3	0	7	4	0	0	0	0	15
1458.800	0	0	7	10	0	0	0	11	0	0	0	0	0	0	0	0	14	0	10	0	0	0	6	0	0	14	0	6	0	5	3	0	0	0	0	11
1459.000	0	0	6	15	0	0	0	10	0	0	0	0	0	0	0	0	20	0	12	0	0	0	6	0	0	17	0	1	0	5	2	0	0	0	1	14
1459.200	0	0	9	12	0	1	0	6	0	0	0	0	0	0	0	0	18	0	9	0	0	0	7	0	0	13	0	0	0	5	0	0	0	0	1	14
1459.400	0	0	6	10	0	0	0	11	0	0	0	0	0	0	0	0	10	0	7	0	0	0	1	0	0	15	0	1	0	1	0	0	0	0	1	16
1459.600	0	0	8	2	0	0	0	18	0	0	0	0	0	0	0	0	15	0	10	0	0	0	3	0	0	10	0	1	0	5	4	0	0	0	0	18
1459.800	0	0	7	3	0	0	0	9	0	0	0	0	0	0	0	0	15	0	6	0	0	0	4	0	0	16	0	1	0	4	2	0	0	0	0	16
1460.000	0	0	3	4	0	0	0	13	0	0	0	0	0	0	0	0	15	0	13	0	0	0	5	0	0	14	0	0	0	7	2	0	0	0	0	14
1460.200	0	0	6	6	0	0	0	9	0	0	0	0	0	0	0	0	7	0	11	0	0	0	8	0	0	16	0	0	0	4	0	0	0	0	0	17
1460.400	0	0	7	6	0	0	0	9	0	0	0	0	0	0	0	0	12	0	13	0	0	0	4	0	0	13	0	1	0	4	3	0	0	0	0	20
1460.600	0	0	8	11	0	0	0	12	0	0	0	0	0	0	0	0	15	0	12	0	0	0	5	0	0	15	0	1	0	4	3	0	0	0	0	18
1460.800	0	0	7	11	0	0	0	10	0	0	0	0	0	0	0	0	18	0	10	0	0	0	7	0	0	14	0	0	0	2	0	0	0	0	0	19
1461.000	0	0	7	12	0	0	0	14	0	0	0	0	0	0	0	0	16	0	6	0	0	0	8	0	0	15	0	1	0	8	4	0	0	0	0	16
1461.200	0	0	7	11	0	0	0	9	0	0	0	0	0	0	0	0	18	0	10	0	0	0	6	0	0	9	0	1	0	6	3	0	0	0	0	18
1461.400	0	0	7	10	0	0	0	9	0	0	0	0	0	0	0	0	16	0	11	0	0	0	7	0	0	14	0	1	0	3	1	0	0	0	0	18
1461.600	0	1	7	6	0	0	0	6	0	0	0	0	0	0	0	0	14	0	8	0	0	0	5	0	0	12	0	1	0	0	3	0	0	0	0	14
1461.800	0	0	6	17	0	0	0	18	0	0	0	0	0	0	0	0	11	0	11	0	0	0	8	0	0	18	0	0	0	2	2	0	0	0	0	17
1462.000	0	0	7	11	0	0	0	11	0	0	0	0	0	0	0	0	15	0	14	0	0	0	5	0	0	13	0	1	0	1	1	0	0	0	0	16
1462.200	0	0	9	10	0	0	0	15	0	0	0	0	0	0	0	0	11	0	11	0	0	0	3	0	0	10	0	1	0	6	4	0	0	0	0	14
1462.400	0	0	8	9	0	0	0	17	0	0	0	0	0	0	0	0	14	0	11	0	0	0	13	0	0	14	0	0	0	6	2	0	0	0	0	8
1462.600	0	0	5	8	0	0	0	11	0	0	0	0	0	0	0	0	11	0	17	0	0	0	9	0	0	14	0	1	0	5	3	0	0	0	0	9
1462.800	0	0	7	9	0	0	0	10	0	0	0	0	0	0	0	0	14	0	12	0	0	0	10	0	0	12	0	1	0	8	4	0	0	0	1	17
1463.000	0	0	8	11	0	0	0	13	0	0	0	0	0	0	0	0	13	0	11	0	0	0	7	0	0	5	0	2	0	7	1	0	0	0	0	20
1463.200	0	0	8	7	0	1	0	8	0	0	0	0	0	0	0	0	10	0	10	0	0	0	9	0	0	7	0	1	0	5	2	0	0	0	0	16
1463.400	0	0	7	13	0	0	0	12	0	0	0	0	0	0	0	0	11	0	10	0	0	0	8	0	0	14	0	1	0	5	1	0	0	0	0	15
1463.600	0	0	8	13	0	0	0	16	0	0	0	0	0	0	0	0	10	0	11	0	0	0	6	0	0	16	0	4	0	4	1	0	0	0	0	17
1463.800	0	0	7	10	0	0	0	15	0	0	0	0	0	0	0	0	13	0	11	0	0	0	8	0	0	13	0	1	0	4	3	0	0	0	0	18
1464.000	0	0	7	11	0	0	0	15	0	0	0	0	0	0	0	0	11	0	9	0	0	0	11	0	0	7	0	0	0	3	6	0	0	0	0	11
1464.200	0	0	6	11	0	0	0	13	0	0	0	0	0	0	0	0	13	0	9	0	0	0	8	0	0	7	0	5	0	5	2	0	0	0	0	14
1464.400	0	0	7	7	0	0	0	15	0	0	0	0	0	0	0	0	13	0	9	0	0	0	5	0	0	11	0	5	0	7	1	0	0	0	0	8
1464.600	0	0	7	2	0	0	0	14	0	0	0	0	0	0	0	0	17	0	6	0	0	0	4	0	0	18	0	0	0	6	0	0	0	0	0	13
1464.800	0	0	7	11	0	0	0	14	0	0	0	0	0	0	0	0	16	0	5	0	0	0	6	0	0	12	0	0	0	2	0	0	0	0	1	18
1465.000	0	0	7	16	0	0	0	13	0	0	0	0	0	0	0	0	8	0	11	0	0	0	7	0	0	16	0	2	0	7	2	0	0	0	0	21
1465.200	0	0	6	13	0	0	0	10	0	0	0	0	0	0	0	0	10	0	9	0	0	0	5	0	0	12	0	1	0	5	0	0	0	0	0	21
1465.400	0	0	7	9	0	0	0	7	0	0	0	0	0	0	0	0	10	0	9	0	0	0	6	0	0	10	0	1	0	6	1	0	0	0	0	20
1465.600	0	0	6	10	0	0	0	12	0	0	0	0	0	0	0	0	12	0	11	0	0	0	7	0	0	16	0	1	0	2	3	0	0	0	1	15
1465.800	0	0	5	13	0	0	0	10	0	0	0	0	0	0	0	0	10	0	5	0	0	0	6	0	0	15	0	1	0	5	1	0	0	0	1	20
1466.000	0	0	6	11	0	0	0	16	0	0	0	0	0	0	0	0	9	0	13	0	0	0	10	0	0	15	0	0	0	6	6	0	0	0	0	15
1466.200	0	0	7	12	0	0	0	10	0	0	0	0	0	0	0	0	10	0	8	0	0	0	7	0	0	18	0	1	0	1	5	0	0	0	0	18
1466.400	0	0	7	11	0	0	0	13	0	0	0	0	0	0	0	0	10	0	11	0	0	0	7	0	0	18	0	0	0	3	2	0	0	0	0	14
1466.600	0	0	7	19	0	0	0	11	0	0	0	0	0	0	0	0	16	0	5	0	0	0	6	0	0	16	0	0	0	4	3	0	0	0	0	16
1466.800	0	0	7	18	0	0	0	14	0	0	0	0	0	0	0	0	15	0	10	0	0	0	6	0	0	10	0	3	0	6	3	0	0	0	0	17
1467.000	0	0	8	13	0	0	0	14	0	0	0	0	0	0	0	0	17	0	10	0	0	0	6	0	0	17	0	1	0	4	3	0	0	0	0	17
1467.200	0	0	7	13	0	0	0	12	0	0	0	0	0	0	0	0	15	0	7	0	0	0	6	0	0	15	0	1	0	4	5	0	0	0	0	12
1467.400	0	0	6	12	0	0	0	13	0	0	0	0	0	0	0	0	15	0	13	0	0	0	7	0	0	16	0	1	0	7	5	0	0	0	0	17
1467.600	0	0	7	11	0	1	0	8	0	0	0	0	0	0	0	0	10	0	9	0	0	0	6	0	0	9	0	1	0	5	4	0	0	0	0	16
1467.800	0	0	8	9	0	0	0	19	0	0	0	0	0	0	0	0	16	0	9	0	0	0	4	0	0	14	0	2	0	6	4	0	0	0	0	16
1468.000	0	0	6	12	0	0	0	8	0	0	0	0	0	0	0	0	9	0	8	0	0	0	5	0	0	10	0	1	0	8	3	0	0	0	0	13
1468.200	0	0	7	12	0	0	0	10	0	0	0	0	0	0	0	0	15	0	9	0	0	0	7	0	0	12	0	0	0	5	2	0	0	0	0	17
1468.400	0	0	7	10	0	0	0	10	0	0	0	0	0	0	0	0	10	0	10	0	0	0	3	0	0	7	0	4	0	8	1	0	0	0	0	17
1468.600	0	0	6	11	0	0	0	12	0	0	0	0	0	0	0	0	10	0	10	0	0	0	10	0	0	15	0	1	0	4	3	0	0	0	0	10
1468.800	0	0	7	10	0	0	0	8	0	0	0	0	0	0	0	0	17	0	9	0	0	0	4	0	0	13	1	1	0	6	3	0	0	0	0	16
1469.000	0	0	7	10	0	0	0	9	0	0	0	0	0	0	0	0	14	0	7	0	0	0	9	0	0	11	0	4	0	4	2	0	0	0	0	19
1469.200	0	0	7	15	0	0	0	11	0	0	0	0	0	0	0	0	14	0	7	0	0	0	7	0	0	18	0	3	0	8	5	0	0	0	0	16
1469.400	0	0	7	8	0	0	0	10	0	0	0	0	0	0	0	0	16	0	10	0	0	0	8	0	0	14	1	4	0	7	5	0	0	0	0	15
1469.600	0	0	7	8	0	0	0	12	0	0	0	0	0	0	0	0	13	0	9	0	0	0	4	0	0	16	0	3	0	5	6	0	0	0	0	15
1469.800	0	0	8	8	0	0	0	11	0	0	0	0	0	0	0	0	14	0	5	0	0	0	4	0	0	12	0	3	0	6	4	0	0	0	0	12
1470.000	0	0	7	10	1	0	0	9	0	0	0	0	0	0	0	0	14	0	10	0	0	0	7	0	0	10	0	2	0	6	7	0	0	0	0	15
1470.200	0	0	7	10	0	0	0	13	0	0	0	0	0	0	0	0	13	0	8	0	0	0	6	0	0	17	0	4	0	7	2	0	0	0	0	13
1470.400	0	0	7	3	0	0	0	11	0	0	0	0	0	0	0	0	11	0	8	0	0	0	5	0	0	15	0	5	0	4	2	0	0	0	0	17
1470.600	0	0	7	10	0	0	0	10	0	0	0	0	0	0	0	0	15	0	9	0	0	0	4	0	0	16	0	6	0	3	2	0	0	0	0	15
1470.800	0	0	7	13	0	0	0	11	0	0	0	0	0	0	0	0	8	0	5	0	0	0	4	0	0	12	0	6	0	8	2	0	0	0	0	17
1471.000	0	0	6	13	0	0	0	10	0	0	0	0	0	0	0	0	8	0	8	0	0	0	3	0	0	13	0	4	0	6	3	0	0	0	0	14
1471.200	0	0	6	9	0	0	0	14	0	0	0	0	0	0	0	0	17	0	1	0	0	0	7	0	0	16	0	4	0	5	2	0	0	0	0	12
1471.400	0	0	7	12	0	0	0	10	0	0	0	0	0	0	0	0	18	0	6	0	0	0	5	0	0	15	0	1	0	8	6	0	0	0	0	18
1471.600	0	0	7	12	0	0	0	13	0	0	0	0	0	0	0	0	5	0	12	0	0	0	5	0	0	8	0	1	0	2	5	0	0	0	0	11
1471.800	0	0	8	11	0	3	0	13	0	0	0	0	0	0	0	0	6	0	9	0	0	0	7	0	0	13	0	3	0	3	2	0	0	0	0	13
1472.000	0	0	8	7	0	0	0	8	0	0	0	0	0	0	0	0	9	0	7	0	0	0	4	0	0	13	0	0	0	7	2	0	0	0	0	13
1472.200	0	0	7	14	0	0	0	14	0	0	0	0	0	0	0	0	7	0	11	0	0	0	11	0	0	14	0	1	0	8	3	0	0	0	0	15
1472.400	0	0	7	11	0	2	0	11	0	0	0	0	0	0	0	0	12	0	11	0	0	1	7	0	0	8	0	0	0	7	6	0	0	0	0	16
1472.600	0	0	9	8	0	0	0	11	0	0	0	0	0	0	0	0	9	0	11	0	0	0	6	0	0	12	1	1	0	3	2	0	0	0	0	20
1472.800	0	0	7	9	0	0	0	12	0	0	0	0	0	0	0	0	13	0	12	0	0	0	15	0	0	14	10	0	0	6	6	0	0	0	0	18
1473.000	0	0	7	12	0	1	0	13	0	0	0	0	0	0	0	0	13	0	5	0	0	1	15	0	0	18	9	0	0	2	3	0	0	0	0	12
1473.200	0	0	7	12	0	2	0	8	0	0	0	0	0	0	0	0	9	0	8	0	0	0	12	0	0	15	8	0	0	7	3	0	0	0	0	15
1473.400	0	0	6	12	0	3	0	10	0	0	0	0	0	0	0	0	11	0	11	0	0	0	9	0	0	16	7	1	0	4	7	0	0	0	0	11
1473.600	0	1	5	8	0	0	0	10	0	0	0	0	0	0	0	0	11	0	17	0	0	0	9	0	0	14	10	1	0	9	6	0	0	0	1	13
1473.800	0	0	7	10	0	1	0	7	0	0	0	0	0	0	0	0	12	0	14	0	0	0	8	0	0	14	2	1	0	1	4	0	0	0	0	14
1474.000	0	1	9	11	0	1	0	9	0	0	0	0	0	0	0	0	6	0	10	0	0	0	11	0	0	15	9	0	0	4	4	0	0	0	0	10
1474.200	0	0	4	11	0	0	0	7	0	0	0	0	0	0	0	0	9	0	9	0	0	0	7	0	0	16	0	0	0	4	3	0	0	0	0	14
1474.400	0	0	7	8	0	0	0	12	0	0	0	0	0	0	0	0	10	0	7	0	0	0	4	0	0	13	10	0	0	5	4	0	0	0	0	15
1474.600	0	0	8	4	0	4	0	9	0	0	0	0	0	0	0	0	7	0	8	0	0	0	4	0	0	16	8	0	0	2	1	0	0	0	0	16
1474.800	0	0	8	9	0	0	0	11	0	0	0	0	0	0	0	0	14	0	6	0	0	1	6	0	0	16	10	0	0	3	2	0	0	0	0	14
1475.000	0	0	7	11	0	0	0	13	0	0	0	0	0	0	0	0	7	0	6	0	0	0	6	0	0	10	9	0	0	8	5	0	0	0	0	15
1475.200	0	0	8	11	0	0	0	11	0	0	0	0	0	0	0	0	10	0	7	0	0	1	3	0	0	10	7	0	0	6	2	0	0	0	0	15
1475.400	0	0	7	12	0	0	0	13	0	0	0	0	0	0	0	0	14	1	8	0	0	0	6	0	0	14	2	0	0	4	2	0	0	0	0	15
1475.600	0	0	7	11	0	0	0	8	0	0	0	0	0	0	0	0	14	0	10	0	0	0	5	0	0	19	2	0	0	4	0	0	0	0	0	18
1475.800	0	0	7	9	0	0	0	11	0	0	0	0	0	0	0	0	11	0	9	0	0	0	7	0	0	14	5	0	0	3	3	0	0	0	1	14
1476.000	0	0	7	11	0	0	0	13	0	0	0	0	0	0	0	0	10	0	10	0	0	0	9	0	0	15	3	0	0	6	7	0	0	0	0	14
1476.200	0	0	8	9	0	0	0	11	0	0	0	0	0	0	0	0	13	0	10	0	0	0	7	0	0	17	4	0	0	6	10	0	0	0	0	14
1476.400	0	0	7	12	0	0	0	12	0	0	0	0	0	0	0	0	14	0	10	0	0	1	9	0	0	11	4	0	0	4	3	0	0	0	0	15
1476.600	0	0	7	12	0	0	0	12	0	0	0	0	0	0	0	0	7	0	13	0	0	0	2	0	0	9	6	1	0	5	2	0	0	0	0	18
1476.800	0	0	7	7	0	0	0	7	0	0	0	0	0	0	0	0	12	0	6	0	0	0	6	0	0	14	3	0	0	1	4	0	0	0	0	13
1477.000	0	0	8	6	0	0	0	12	0	0	0	0	0	0	0	0	15	0	10	0	0	1	4	0	0	13	6	1	0	10	6	0	0	0	0	17
1477.200	0	0	7	9	0	0	0	8	0	0	0	0	0	0	0	0	12	0	7	0	0	0	10	0	0	18	3	0	0	5	1	0	0	0	0	17
1477.400	0	0	7	7	0	0	0	12	0	0	0	0	0	0	0	0	14	0	9	0	0	0	9	0	0	13	8	0	0	2	2	0	0	0	1	14
1477.600	0	0	8	10	0	1	0	9	0	0	0	0	0	0	0	0	13	0	9	0	0	0	6	0	0	8	4	0	0	2	4	0	0	0	0	14
1477.800	0	0	7	14	0	0	0	10	0	0	0	0	0	0	0	0	13	0	10	0	0	1	8	0	0	16	7	0	0	5	4	0	0	0	0	15
1478.000	0	0	7	4	0	0	0	12	0	0	0	0	0	0	0	0	11	0	7	0	0	0	5	0	0	19	2	0	0	6	4	0	0	0	0	15
1478.200	0	0	5	8	0	0	0	10	0	0	0	0	0	0	0	0	6	0	11	0	0	1	10	0	0	13	7	0	0	2	4	0	0	0	0	16
1478.400	0	0	9	9	0	0	0	10	0	0	0	0	0	0	0	0	13	0	7	0	0	1	6	0	0	11	6	0	0	0	2	0	0	0	0	13
1478.600	0	0	8	2	0	0	0	12	0	0	0	0	0	0	0	0	16	0	13	0	0	0	4	0	0	16	6	0	0	3	3	0	0	0	0	17
1478.800	0	0	6	12	0	0	0	9	0	0	0	0	0	0	0	0	10	0	14	0	0	1	8	0	0	15	2	1	0	5	2	0	0	0	1	15
1479.000	0	0	6	10	0	0	0	14	0	0	0	0	0	0	0	0	13	0	9	0	0	1	11	0	0	12	3	1	0	3	2	0	0	0	0	14
1479.200	0	0	7	11	0	0	0	9	0	0	0	0	0	0	0	0	17	0	5	0	0	0	2	0	0	18	6	1	0	3	5	0	0	0	0	12
1479.400	0	1	8	9	0	0	0	16	0	0	0	0	0	0	0	0	13	0	6	0	0	0	6	0	0	23	8	0	0	5	3	0	0	0	0	15
1479.600	0	1	6	2	0	0	0	11	0	0	0	0	0	0	0	0	13	0	8	0	0	1	5	0	0	14	4	0	0	0	2	0	0	0	0	8
1479.800	0	1	7	12	0	0	0	11	0	0	0	0	0	0	0	0	16	0	14	0	0	1	3	0	0	11	2	1	0	8	5	0	0	0	0	19
1480.000	0	0	6	11	0	0	0	13	0	0	0	0	0	0	0	0	16	0	4	0	0	1	4	0	0	18	5	0	0	5	5	0	0	0	0	16
1480.200	0	0	6	8	0	0	0	11	0	0	0	0	0	0	0	0	17	0	12	0	0	0	7	0	0	15	2	0	0	0	4	0	0	0	0	15
1480.400	0	2	9	4	0	0	0	11	0	0	0	0	0	0	0	0	15	0	7	0	0	0	4	0	0	19	5	0	0	3	1	0	0	0	1	18
1480.600	0	0	5	15	0	0	0	12	0	0	0	0	0	0	0	0	12	0	6	0	0	0	7	0	0	17	4	0	0	3	4	0	0	0	0	15
1480.800	0	0	9	4	0	0	0	13	0	0	0	0	0	0	0	0	11	0	12	0	0	0	5	0	0	16	2	1	0	4	5	0	0	0	0	12
1481.000	0	0	9	2	0	0	0	13	0	0	0	0	0	0	0	0	16	0	14	0	0	0	7	0	0	16	7	0	0	6	3	0	0	0	1	11
1481.200	0	0	6	4	0	2	0	12	0	0	0	0	0	0	0	0	11	0	9	0	0	0	2	0	0	15	9	0	0	1	3	0	0	0	0	15
1481.400	0	0	7	8	0	0	0	13	0	0	0	0	0	0	0	0	13	0	11	0	0	0	5	0	0	11	9	1	0	2	4	0	0	0	1	13
1481.600	0	0	9	10	0	0	0	16	0	0	0	0	0	0	0	0	13	0	3	0	0	0	11	0	0	10	7	0	0	9	3	0	0	0	0	16
1481.800	0	0	7	14	0	0	0	9	0	0	0	0	0	0	0	0	21	0	15	0	0	0	7	0	0	13	6	1	0	2	4	0	0	0	0	15
1482.000	0	0	8	10	0	0	0	10	0	0	0	0	0	0	0	0	13	0	10	0	0	0	7	0	0	13	6	0	0	2	1	0	0	0	0	13
1482.200	0	0	7	12	0	0	0	12	0	0	0	0	0	0	0	0	16	0	17	1	0	1	3	0	0	14	5	1	0	1	5	0	0	0	0	9
1482.400	0	0	7	8	0	2	0	13	0	0	0	0	0	0	0	0	12	0	8	0	0	1	3	0	0	15	5	0	0	0	4	0	0	0	0	13
1482.600	0	0	7	10	0	0	0	8	0	0	0	0	0	0	0	0	13	0	10	1	0	0	8	0	0	14	6	0	0	1	3	0	0	0	0	13
1482.800	0	0	4	3	0	0	0	12	0	0	0	0	0	0	0	0	8	0	11	0	0	0	7	0	0	12	6	0	0	1	4	0	0	0	0	6
1483.000	0	0	6	5	0	1	0	11	0	0	0	0	0	0	0	0	11	0	13	0	0	0	9	0	0	11	9	0	0	5	8	0	0	0	0	11
1483.200	0	0	5	4	0	0	0	15	0	0	0	0	0	0	0	0	16	0	13	0	0	1	10	0	0	10	5	0	0	5	9	0	0	0	0	6
1483.400	0	0	5	3	0	2	0	16	0	0	0	0	0	0	0	0	10	0	10	0	0	0	5	0	0	17	8	0	0	6	6	0	0	0	0	10
1483.600	0	0	5	9	1	0	0	14	0	0	0	0	0	0	0	0	13	0	14	0	0	0	7	0	0	16	7	0	0	5	6	0	0	0	0	16
1483.800	0	0	4	11	0	1	0	13	0	0	0	0	0	0	0	0	11	0	6	0	0	1	9	0	0	12	8	0	0	6	5	0	0	0	0	15
1484.000	0	0	3	10	0	0	0	10	0	0	0	0	0	0	0	0	12	0	7	0	0	1	1	0	0	17	7	0	0	4	6	0	0	0	0	13
1484.200	0	0	7	15	0	0	0	14	0	0	0	0	0	0	0	0	9	0	14	0	0	0	13	0	0	13	8	0	0	7	1	0	0	0	0	13
1484.400	0	0	7	15	0	0	0	15	0	0	0	0	0	0	0	0	11	0	14	0	0	1	6	0	0	19	4	0	0	8	10	0	0	0	0	9
1484.600	0	0	9	10	0	0	0	11	0	0	0	0	0	0	0	0	6	0	10	0	0	0	4	0	0	6	3	0	0	4	1	0	0	0	0	17
1484.800	0	0	4	12	0	0	0	12	0	0	0	0	0	0	0	0	10	0	8	0	0	0	5	0	0	12	5	0	0	4	0	0	0	0	0	13
1485.000	0	0	5	2	0	0	0	14	0	0	0	0	0	0	0	0	13	0	12	0	0	0	7	0	0	14	9	0	0	4	5	0	0	0	0	14
1485.200	0	0	5	3	0	2	0	15	0	0	0	0	0	0	0	0	13	0	12	0	0	0	7	0	0	15	3	0	0	6	7	0	0	0	0	14
1485.400	0	0	4	3	0	2	0	12	0	0	0	0	0	0	0	0	11	0	11	0	0	0	8	0	0	8	6	0	0	1	6	0	0	0	0	12
1485.600	0	0	4	1	0	0	0	13	0	0	0	0	0	0	0	0	15	0	9	0	0	1	5	0	0	15	6	0	0	2	4	0	0	0	0	13
1485.800	0	0	1	3	0	0	0	14	0	0	0	0	0	0	0	0	14	0	10	0	0	0	10	0	0	15	6	0	0	5	4	0	0	0	0	6
1486.000	0	0	1	3	0	0	0	18	0	0	0	0	0	0	0	0	11	0	11	0	0	0	7	0	0	16	2	0	0	6	6	0	0	0	0	14
1486.200	0	0	1	5	0	0	0	11	0	0	0	0	0	0	0	0	14	0	10	1	0	0	8	0	0	12	2	0	0	3	2	0	0	0	0	15
1486.400	0	0	0	0	0	0	0	11	0	0	0	0	0	0	0	0	16	0	8	0	0	0	3	0	0	14	4	0	0	3	3	0	0	0	0	17
1486.600	0	0	0	7	0	0	0	13	0	0	0	0	0	0	0	0	13	0	9	0	0	0	7	0	0	15	8	0	0	4	3	0	0	0	0	15
1486.800	0	0	0	8	0	0	0	12	0	0	0	0	0	0	0	0	13	0	8	0	0	0	13	0	0	12	6	0	0	6	3	0	0	0	0	16
1487.000	0	0	0	8	0	0	0	15	0	0	0	0	0	0	0	0	15	1	7	0	0	0	7	0	0	16	7	1	0	4	3	0	0	0	0	14
1487.200	0	0	0	10	0	0	0	14	0	0	0	0	0	0	0	0	14	0	12	0	0	0	8	0	0	10	6	0	0	4	3	0	0	0	0	15
1487.400	0	0	0	8	0	0	0	14	0	0	0	0	0	0	0	0	13	0	8	0	0	0	3	0	0	15	8	0	0	3	5	0	0	0	0	15
1487.600	0	0	0	7	0	0	0	12	0	0	0	0	0	0	0	0	14	0	12	0	0	1	6	0	0	12	6	0	0	2	5	0	0	0	0	12
1487.800	0	0	0	12	0	0	0	13	0	0	0	0	0	0	0	0	15	0	9	0	0	0	4	0	0	14	8	0	0	1	2	0	0	0	0	17
1488.000	0	0	0	10	0	0	0	15	0	0	0	0	0	0	0	0	11	0	11	0	0	0	6	0	0	13	8	1	0	4	4	0	0	0	0	14
1488.200	0	0	0	11	0	0	0	9	0	0	0	0	0	0	0	0	13	0	10	0	0	1	9	0	0	9	3	0	0	2	3	0	0	0	0	16
1488.400	0	0	0	6	0	0	0	16	0	0	0	0	0	0	0	0	13	0	4	0	0	0	4	0	0	9	9	0	0	3	2	0	0	0	1	13
1488.600	0	0	0	8	0	0	0	12	0	0	0	0	0	0	0	0	16	0	4	0	0	0	5	0	0	8	8	1	0	5	5	0	0	0	0	13
1488.800	0	0	0	7	0	0	0	10	0	0	0	0	0	0	0	0	15	0	8	0	0	0	2	0	0	6	3	0	0	4	6	0	0	0	0	17
1489.000	0	0	4	7	0	0	0	11	0	0	0	0	0	0	0	0	8	0	9	0	0	1	8	0	0	16	6	0	0	8	3	0	0	0	1	13
1489.200	0	0	1	10	0	0	0	14	0	0	0	0	0	0	0	0	15	0	12	0	0	0	6	0	0	5	4	0	0	9	3	0	0	0	0	14
1489.400	0	0	4	10	0	0	0	13	0	0	0	0	0	0	0	0	14	0	13	0	0	0	8	0	0	10	3	0	0	4	9	0	0	0	2	16
1489.600	0	0	1	10	0	0	0	12	0	0	0	0	0	0	0	0	12	0	13	0	0	1	11	0	0	14	6	0	0	3	2	0	0	0	1	14
1489.800	0	0	0	4	0	0	0	12	0	0	0	0	0	0	0	0	11	0	10	0	0	1	5	0	0	10	3	0	0	1	2	0	0	0	0	14
1490.000	0	0	0	5	0	0	0	13	0	0	0	0	0	0	0	0	13	0	12	0	0	0	5	0	0	10	2	0	0	7	7	0	0	0	0	17
1490.200	0	0	1	9	0	0	0	13	0	0	0	0	0	0	0	0	15	0	12	0	0	0	3	0	0	6	2	0	0	4	7	0	0	0	2	14
1490.400	0	0	1	10	0	0	0	11	0	0	0	0	0	0	0	0	17	0	15	0	0	0	7	0	0	11	2	0	0	2	4	0	0	0	0	10
1490.600	0	0	0	5	0	0	0	12	0	0	0	0	0	0	0	0	11	0	7	0	0	0	7	0	0	8	2	0	0	2	2	0	0	0	0	13
1490.800	0	0	1	10	0	0	0	11	0	0	0	0	0	0	0	0	11	0	8	0	0	0	5	0	0	7	2	0	0	9	7	0	0	0	0	10
1491.000	0	0	1	12	0	0	0	8	0	0	0	0	0	0	0	0	11	0	12	0	0	0	16	0	0	14	3	0	0	2	5	0	0	0	0	14
1491.200	0	0	1	8	0	0	0	11	0	0	0	0	0	0	0	0	20	0	12	0	0	0	11	0	0	10	2	0	0	5	2	0	0	0	0	14
1491.400	0	0	0	5	0	0	0	13	0	0	0	0	0	0	0	0	14	0	10	0	0	0	11	0	0	15	2	1	0	0	5	0	0	0	0	16
1491.600	0	0	0	5	0	0	0	10	0	0	0	0	0	0	0	0	18	0	6	1	0	0	8	0	0	11	4	1	0	6	4	0	0	0	0	19
1491.800	0	0	1	6	0	0	0	11	0	0	0	0	0	0	0	0	18	0	14	0	0	0	9	0	0	6	2	0	0	3	5	0	0	0	0	16
1492.000	0	0	0	7	0	0	0	11	0	0	0	0	0	0	0	0	16	0	9	1	0	0	10	0	0	7	2	1	0	5	3	0	0	0	0	15
1492.200	0	0	0	6	0	0	0	10	0	0	0	0	0	0	0	0	16	0	11	0	0	0	10	0	0	14	6	0	0	5	3	0	0	0	0	15
1492.400	0	0	1	12	0	0	0	11	0	0	0	0	0	0	0	0	11	0	10	0	0	0	8	0	0	6	2	0	0	4	3	0	0	0	0	15
1492.600	0	0	0	8	0	0	0	18	0	0	0	0	0	0	0	0	18	1	9	1	0	0	10	0	0	8	2	0	0	5	3	0	0	0	0	15
1492.800	0	0	0	6	0	0	0	11	0	0	0	0	0	0	0	0	10	0	11	0	0	0	3	0	0	14	3	1	0	1	3	0	0	0	0	15
1493.000	0	0	0	3	0	0	0	11	0	0	0	0	0	0	0	0	14	1	15	0	0	0	10	0	0	16	2	1	0	4	3	0	0	0	0	9
1493.200	0	0	0	2	0	0	0	9	0	0	0	0	0	0	0	0	14	0	16	0	0	0	11	0	0	18	2	0	0	5	6	0	0	0	0	16
1493.400	0	0	0	3	0	0	0	10	0	0	0	0	0	0	0	0	14	0	12	0	0	0	4	0	0	8	3	0	0	4	1	0	0	0	0	13
1493.600	0	0	0	6	0	0	0	11	0	0	0	0	0	0	0	0	13	0	13	0	0	0	5	0	0	2	3	1	0	5	4	0	0	0	0	14
1493.800	0	0	0	4	0	0	0	13	0	0	0	0	0	0	0	0	12	0	11	0	0	0	4	0	0	16	0	1	0	2	4	0	0	0	0	17
1494.000	0	0	0	1	0	0	0	11	0	0	0	0	0	0	0	0	12	0	10	0	0	0	7	0	0	10	2	2	0	10	4	0	0	0	0	13
1494.200	0	0	0	6	0	0	0	13	0	0	0	0	0	0	0	0	15	0	7	1	0	0	10	0	0	13	0	3	0	6	2	0	0	0	0	14
1494.400	0	0	0	3	0	0	0	11	0	0	0	0	0	0	0	0	15	0	11	0	0	1	11	0	0	15	1	4	0	8	3	0	0	0	0	16
1494.600	0	0	0	4	0	0	0	8	0	0	0	0	0	0	0	0	15	0	4	0	0	0	10	0	0	15	2	2	0	1	2	0	0	0	0	16
1494.800	0	0	0	4	0	0	0	12	0	0	0	0	0	0	0	0	16	0	8	0	0	0	10	0	0	16	4	5	0	6	2	0	0	0	0	14
1495.000	0	0	0	4	0	0	0	13	0	0	0	0	0	0	0	0	11	0	14	0	0	0	11	0	0	14	1	1	0	2	2	0	0	0	0	12
1495.200	0	0	0	4	0	0	0	10	0	0	0	0	0	0	0	0	15	0	16	0	0	0	11	0	0	11	2	1	0	2	2	0	0	0	0	15
1495.400	0	0	0	6	0	0	0	12	0	0	0	0	0	0	0	0	14	0	15	0	0	0	4	0	0	10	2	0	0	5	1	0	0	0	0	17
1495.600	0	0	0	4	0	0	0	9	0	0	0	0	0	0	0	0	14	0	11	0	0	0	6	0	0	19	6	1	0	5	0	0	0	0	0	17
1495.800	0	0	0	6	0	0	0	14	0	0	0	0	0	0	0	0	14	0	7	0	0	0	8	0	0	12	5	2	0	6	1	0	0	0	0	13
1496.000	0	0	0	4	0	0	0	12	0	0	0	0	0	0	0	0	10	0	12	0	0	1	8	0	0	12	4	1	0	5	2	0	0	0	0	14
1496.200	0	0	0	4	0	0	0	12	0	0	0	0	0	0	0	0	14	0	9	0	0	0	10	0	0	15	6	1	0	3	3	0	0	0	0	11
1496.400	0	0	0	0	0	0	0	14	0	0	0	0	0	0	0	0	9	0	13	0	0	0	7	0	0	15	6	1	0	6	4	0	0	0	0	17
1496.600	0	0	0	5	0	0	0	12	0	0	0	0	0	0	0	0	12	0	7	0	0	0	11	0	0	11	5	1	0	7	3	0	0	0	0	13
1496.800	0	0	0	3	0	0	0	14	0	0	0	0	0	0	0	0	12	0	9	0	0	0	12	0	0	14	4	1	0	3	5	0	0	0	0	14
1497.000	0	0	0	2	0	0	0	15	0	0	0	0	0	0	0	0	10	0	17	0	0	0	9	0	0	15	1	0	0	1	2	0	0	0	0	10
1497.200	0	0	0	0	0	0	0	13	0	0	0	0	0	0	0	0	13	0	12	0	0	0	12	0	0	10	5	1	0	1	3	0	0	0	0	16
1497.400	0	0	1	3	0	0	0	12	0	0	0	0	0	0	0	0	11	0	13	0	0	0	11	0	0	11	1	1	0	5	4	0	0	0	0	15
1497.600	0	0	0	6	0	0	0	11	0	0	0	0	0	0	0	0	13	0	8	0	0	0	8	0	0	8	4	1	0	5	2	0	0	0	0	16
1497.800	0	0	1	9	0	0	0	11	0	0	0	0	0	0	0	0	12	0	11	0	0	0	5	0	0	13	3	0	0	5	6	0	0	0	0	19
1498.000	0	0	1	2	0	0	0	12	0	0	0	0	0	0	0	0	9	0	13	0	0	0	14	0	0	18	3	0	0	4	2	0	0	0	0	15
1498.200	0	0	4	2	0	0	0	12	0	0	0	0	0	0	0	0	14	0	15	0	0	0	10	0	0	12	1	0	0	7	4	0	0	0	0	17
1498.400	0	0	6	6	0	0	0	12	0	0	0	0	0	0	0	0	15	0	14	0	0	0	10	0	0	11	1	0	0	2	4	0	0	0	0	20
1498.600	0	0	6	7	0	0	0	10	0	0	0	0	0	0	0	0	16	0	10	0	0	0	7	0	0	6	4	0	0	8	5	0	0	0	0	15
1498.800	0	0	7	8	0	0	0	15	0	0	0	0	0	0	0	0	13	0	13	0	0	0	10	0	0	14	5	1	0	4	4	0	0	0	0	15
1499.000	0	0	5	13	0	0	0	13	0	0	0	0	0	0	0	0	13	0	10	0	0	0	9	0	0	15	2	5	0	7	6	0	0	0	0	16
1499.200	0	0	5	5	0	0	0	11	0	0	0	0	0	0	0	0	12	0	10	0	0	0	5	0	0	13	2	0	0	8	4	0	0	0	0	15
1499.400	0	0	7	10	0	0	0	10	0	0	0	0	0	0	0	0	15	0	12	0	0	0	8	0	0	15	2	1	0	8	2	0	0	0	0	8
1499.600	0	0	5	12	0	0	0	11	0	0	0	0	0	0	0	0	11	0	5	0	0	0	6	0	0	12	6	1	0	3	8	0	0	0	0	4
1499.800	0	0	7	6	0	0	0	14	0	0	0	0	0	0	0	0	13	0	10	0	0	0	6	0	0	9	2	1	0	10	4	0	0	0	0	5
1500.000	0	0	3	9	0	0	0	14	0	0	0	0	0	0	0	0	14	0	12	0	0	0	13	0	0	10	2	0	0	3	1	0	0	0	0	5
1500.200	0	0	8	10	0	0	0	12	0	0	0	0	0	0	0	0	6	0	8	0	0	0	13	0	0	8	2	1	0	2	5	0	0	0	0	7
