Time	1	2	3	4	5	6	7	8	9	10	11	12	13	14	15	16	17	18	19	20	21	22	23	24	25	26	27	28	29	30	31	32	33	34	35	36
0.000	0	0	0	0	0	0	0	0	0	0	0	0	0	0	0	0	0	0	0	0	0	0	0	0	0	0	0	0	0	0	0	9	6	3	0	0
0.200	0	0	0	0	0	0	0	0	0	0	0	0	0	0	0	0	0	0	0	0	0	0	0	0	0	0	0	0	0	0	0	9	6	3	0	0
0.400	0	0	0	0	0	0	0	0	0	0	0	0	0	0	0	0	0	0	0	0	0	0	0	0	0	0	0	0	0	0	0	6	4	6	0	0
0.600	0	0	0	0	0	0	0	0	0	0	0	0	0	0	0	0	0	0	0	0	0	0	0	0	0	0	0	0	0	0	0	1	2	6	0	0
0.800	0	0	0	0	0	0	0	0	0	0	0	0	0	0	0	0	0	0	0	0	0	0	0	0	0	0	0	0	0	0	0	7	5	6	0	0
1.000	0	0	0	0	0	0	0	0	0	0	0	0	0	0	0	0	0	0	0	0	0	0	0	0	0	0	0	0	0	0	0	8	4	6	0	0
1.200	0	0	0	0	0	0	0	0	0	0	0	0	0	0	0	0	0	0	0	0	0	0	0	0	0	0	0	0	0	0	0	5	4	6	0	0
1.400	0	0	0	0	0	0	0	0	0	0	0	0	0	0	0	0	0	0	0	0	0	0	0	0	0	0	0	0	0	0	0	9	5	6	0	0
1.600	0	0	0	0	0	0	0	0	0	0	0	0	0	0	0	0	0	0	0	0	0	0	0	0	0	0	0	0	0	0	0	4	3	6	0	0
1.800	0	0	0	0	0	0	0	0	0	0	0	0	0	0	0	0	0	0	0	0	0	0	0	0	0	0	0	0	0	0	0	8	7	6	0	0
2.000	0	0	0	0	0	0	0	0	0	0	0	0	0	0	0	0	0	0	0	0	0	0	0	0	0	0	0	0	0	0	0	6	3	6	0	0
2.200	0	0	0	0	0	0	0	0	0	0	0	0	0	0	0	0	0	0	0	0	0	0	0	0	0	0	0	0	0	0	0	3	4	4	0	0
2.400	0	0	0	0	0	0	0	0	0	0	0	0	0	0	0	0	0	0	0	0	0	0	0	0	0	0	0	0	0	0	0	6	6	5	0	0
2.600	0	0	0	0	0	0	0	0	0	0	0	0	0	0	0	0	0	0	0	0	0	0	0	0	0	0	0	0	0	0	0	7	3	7	0	0
2.800	0	0	0	0	0	0	0	0	0	0	0	0	0	0	0	0	0	0	0	0	0	0	0	0	0	0	0	0	0	0	0	9	2	6	0	0
3.000	0	0	0	0	0	0	0	0	0	0	0	0	0	0	0	0	0	0	0	0	0	0	0	0	0	0	0	0	0	0	0	8	0	1	0	0
3.200	0	0	0	0	0	0	0	0	0	0	0	0	0	0	0	0	0	0	0	0	0	0	0	0	0	0	0	0	0	0	0	9	0	0	0	0
3.400	0	0	0	0	0	0	0	0	0	0	0	0	0	0	0	0	0	0	0	0	0	0	0	0	0	0	0	0	0	0	0	10	0	1	0	0
3.600	0	0	0	0	0	0	0	0	0	0	0	0	0	0	0	0	0	0	0	0	0	0	0	0	0	0	0	0	0	0	0	8	0	0	0	0
3.800	0	0	0	0	0	0	0	0	0	0	0	0	0	0	0	0	0	0	0	0	0	0	0	0	0	0	0	0	0	0	0	9	0	1	0	0
4.000	0	0	0	0	0	0	0	0	0	0	0	0	0	0	0	0	0	0	0	0	0	0	0	0	0	0	0	0	0	0	0	6	0	1	0	0
4.200	0	0	0	0	0	0	0	0	0	0	0	0	0	0	0	0	0	0	0	0	0	0	0	0	0	0	0	0	0	0	0	8	0	0	0	0
4.400	0	0	0	0	0	0	0	0	0	0	0	0	0	0	0	0	0	0	0	0	0	0	0	0	0	0	0	0	0	0	0	10	3	6	1	0
4.600	0	0	0	0	0	0	0	0	0	0	0	0	0	0	0	0	0	0	0	0	0	0	0	0	0	0	0	0	0	0	0	6	0	2	0	0
4.800	0	0	0	0	0	0	0	0	0	0	0	0	0	0	0	0	0	0	0	0	0	0	0	0	0	0	0	0	0	0	0	11	5	6	0	0
5.000	0	0	0	0	0	0	0	0	0	0	0	0	0	0	0	0	0	0	0	0	0	0	0	0	0	0	0	0	0	0	0	5	5	5	0	0
5.200	0	0	0	0	0	0	0	0	0	0	0	0	0	0	0	0	0	0	0	0	0	0	0	0	0	0	0	0	0	0	0	6	3	6	0	0
5.400	0	0	0	0	0	0	0	0	0	0	0	0	0	0	0	0	0	0	0	0	0	0	0	0	0	0	0	0	0	0	0	5	4	6	0	0
5.600	0	0	0	0	0	0	0	0	0	0	0	0	0	0	0	0	0	0	0	0	0	0	0	0	0	0	0	0	0	0	0	9	2	6	2	0
5.800	0	0	0	0	0	0	0	0	0	0	0	0	0	0	0	0	0	0	0	0	0	0	0	0	0	0	0	0	0	0	0	9	3	8	1	0
6.000	0	0	0	0	0	0	0	0	0	0	0	0	0	0	0	0	0	0	0	0	0	0	0	0	0	0	0	0	0	0	0	8	5	7	0	0
6.200	0	0	0	0	0	0	0	0	0	0	0	0	0	0	0	0	0	0	0	0	0	0	0	0	0	0	0	0	0	0	0	7	1	6	1	0
6.400	0	0	0	0	0	0	0	0	0	0	0	0	0	0	0	0	0	0	0	0	0	0	0	0	0	0	0	0	0	0	0	7	4	6	0	0
6.600	0	0	0	0	0	0	0	0	0	0	0	0	0	0	0	0	0	0	0	0	0	0	0	0	0	0	0	0	0	0	0	8	1	7	1	0
6.800	0	0	0	0	0	0	0	0	0	0	0	0	0	0	0	0	0	0	0	0	0	0	0	0	0	0	0	0	0	0	0	8	4	6	0	0
7.000	0	0	0	0	0	0	0	0	0	0	0	0	0	0	0	0	0	0	0	0	0	0	0	0	0	0	0	0	0	0	0	6	4	7	1	0
7.200	0	0	0	0	0	0	0	0	0	0	0	0	0	0	0	0	0	0	0	0	0	0	0	0	0	0	0	0	0	0	0	4	5	6	0	0
7.400	0	0	0	0	0	0	0	0	0	0	0	0	0	0	0	0	0	0	0	0	0	0	0	0	0	0	0	0	0	0	0	7	4	8	0	0
7.600	0	0	0	0	0	0	0	0	0	0	0	0	0	0	0	0	0	0	0	0	0	0	0	0	0	0	0	0	0	0	0	13	1	6	1	0
7.800	0	0	0	0	0	0	0	0	0	0	0	0	0	0	0	0	0	0	0	0	0	0	0	0	0	0	0	0	0	0	0	8	8	6	0	0
8.000	0	0	0	0	0	0	0	0	0	0	0	0	0	0	0	0	0	0	0	0	0	0	0	0	0	0	0	0	0	0	0	10	7	6	0	0
8.200	0	0	0	0	0	0	0	0	0	0	0	0	0	0	0	0	0	0	0	0	0	0	0	0	0	0	0	0	0	0	0	5	1	7	1	0
8.400	0	0	0	0	0	0	0	0	0	0	0	0	0	0	0	0	0	0	0	0	0	0	0	0	0	0	0	0	0	0	0	10	6	6	0	0
8.600	0	0	0	0	0	0	0	0	0	0	0	0	0	0	0	0	0	0	0	0	0	0	0	0	0	0	0	0	0	0	0	9	11	5	0	0
8.800	0	0	0	0	0	0	0	0	0	0	0	0	0	0	0	0	0	0	0	0	0	0	0	0	0	0	0	0	0	0	0	7	7	9	1	0
9.000	0	0	0	0	0	0	0	0	0	0	0	0	0	0	0	0	0	0	0	0	0	0	0	0	0	0	0	0	0	0	0	10	8	5	0	0
9.200	0	0	0	0	0	0	0	0	0	0	0	0	0	0	0	0	0	0	0	0	0	0	0	0	0	0	0	0	0	0	0	8	6	6	1	0
9.400	0	0	0	0	0	0	0	0	0	0	0	0	0	0	0	0	0	0	0	0	0	0	0	0	0	0	0	0	0	0	0	6	7	6	0	0
9.600	0	0	0	0	0	0	0	0	0	0	0	0	0	0	0	0	0	0	0	0	0	0	0	0	0	0	0	0	0	0	0	7	7	6	0	0
9.800	0	0	0	0	0	0	0	0	0	0	0	0	0	0	0	0	0	0	0	0	0	0	0	0	0	0	0	0	0	0	0	8	10	6	0	0
10.000	0	0	0	0	0	0	0	0	0	0	0	0	0	0	0	0	0	0	0	0	0	0	0	0	0	0	0	0	0	0	0	3	4	5	0	0
10.200	0	0	0	0	0	0	0	0	0	0	0	0	0	0	0	0	0	0	0	0	0	0	0	0	0	0	0	0	0	0	0	3	3	6	0	0
10.400	0	0	0	0	0	0	0	0	0	0	0	0	0	0	0	0	0	0	0	0	0	0	0	0	0	0	0	0	0	0	0	5	6	6	0	0
10.600	0	0	0	0	0	0	0	0	0	0	0	0	0	0	0	0	0	0	0	0	0	0	0	0	0	0	0	0	0	0	0	6	5	6	0	0
10.800	0	0	0	0	0	0	0	0	0	0	0	0	0	0	0	0	0	0	0	0	0	0	0	0	0	0	0	0	0	0	0	6	3	6	0	0
11.000	0	0	0	0	0	0	0	0	0	0	0	0	0	0	0	0	0	0	0	0	0	0	0	0	0	0	0	0	0	0	0	7	4	6	0	0
11.200	0	0	0	0	0	0	0	0	0	0	0	0	0	0	0	0	0	0	0	0	0	0	0	0	0	0	0	0	0	0	0	5	4	6	0	0
11.400	0	0	0	0	0	0	0	0	0	0	0	0	0	0	0	0	0	0	0	0	0	0	0	0	0	0	0	0	0	0	0	7	4	6	0	0
11.600	0	0	0	0	0	0	0	0	0	0	0	0	0	0	0	0	0	0	0	0	0	0	0	0	0	0	0	0	0	0	0	10	3	6	0	0
11.800	0	0	0	0	0	0	0	0	0	0	0	0	0	0	0	0	0	0	0	0	0	0	0	0	0	0	0	0	0	0	0	6	9	6	0	0
12.000	0	0	0	0	0	0	0	0	0	0	0	0	0	0	0	0	0	0	0	0	0	0	0	0	0	0	0	0	0	0	0	7	3	6	0	0
12.200	0	0	0	0	0	0	0	0	0	0	0	0	0	0	0	0	0	0	0	0	0	0	0	0	0	0	0	0	0	0	0	7	5	6	0	0
12.400	0	0	0	0	0	0	0	0	0	0	0	0	0	0	0	0	0	0	0	0	0	0	0	0	0	0	0	0	0	0	0	10	9	7	0	0
12.600	0	0	0	0	0	0	0	0	0	0	0	0	0	0	0	0	0	0	0	0	0	0	0	0	0	0	0	0	0	0	0	11	10	6	0	0
12.800	0	0	0	0	0	0	0	0	0	0	0	0	0	0	0	0	0	0	0	0	0	0	0	0	0	0	0	0	0	0	0	11	7	6	0	0
13.000	0	0	0	0	0	0	0	0	0	0	0	0	0	0	0	0	0	0	0	0	0	0	0	0	0	0	0	0	0	0	0	7	5	6	0	0
13.200	0	0	0	0	0	0	0	0	0	0	0	0	0	0	0	0	0	0	0	0	0	0	0	0	0	0	0	0	0	0	0	5	8	6	0	0
13.400	0	0	0	0	0	0	0	0	0	0	0	0	0	0	0	0	0	0	0	0	0	0	0	0	0	0	0	0	0	0	0	3	7	6	0	0
13.600	0	0	0	0	0	0	0	0	0	0	0	0	0	0	0	0	0	0	0	0	0	0	0	0	0	0	0	0	0	0	0	3	1	5	0	0
13.800	0	0	0	0	0	0	0	0	0	0	0	0	0	0	0	0	0	0	0	0	0	0	0	0	0	0	0	0	0	0	0	3	7	6	0	0
14.000	0	0	0	0	0	0	0	0	0	0	0	0	0	0	0	0	0	0	0	0	0	0	0	0	0	0	0	0	0	0	0	6	4	6	0	0
14.200	0	0	0	0	0	0	0	0	0	0	0	0	0	0	0	0	0	0	0	0	0	0	0	0	0	0	0	0	0	0	0	9	8	6	0	0
14.400	0	0	0	0	0	0	0	0	0	0	0	0	0	0	0	0	0	0	0	0	0	0	0	0	0	0	0	0	0	0	0	5	1	5	0	0
14.600	0	0	0	0	0	0	0	0	0	0	0	0	0	0	0	0	0	0	0	0	0	0	0	0	0	0	0	0	0	0	0	7	6	6	0	0
14.800	0	0	0	0	0	0	0	0	0	0	0	0	0	0	0	0	0	0	0	0	0	0	0	0	0	0	0	0	0	0	0	3	6	6	0	0
15.000	0	0	0	0	0	0	0	0	0	0	0	0	0	0	0	0	0	0	0	0	0	0	0	0	0	0	0	0	0	0	0	6	8	6	0	0
15.200	0	0	0	0	0	0	0	0	0	0	0	0	0	0	0	0	0	0	0	0	0	0	0	0	0	0	0	0	0	0	0	8	3	5	0	0
15.400	0	0	0	0	0	0	0	0	0	0	0	0	0	0	0	0	0	0	0	0	0	0	0	0	0	0	0	0	0	0	0	7	1	7	1	0
15.600	0	0	0	0	0	0	0	0	0	0	0	0	0	0	0	0	0	0	0	0	0	0	0	0	0	0	0	0	0	0	0	7	4	7	1	0
15.800	0	0	0	0	0	0	0	0	0	0	0	0	0	0	0	0	0	0	0	0	0	0	0	0	0	0	0	0	0	0	0	8	8	6	0	0
16.000	0	0	0	0	0	0	0	0	0	0	0	0	0	0	0	0	0	0	0	0	0	0	0	0	0	0	0	0	0	0	0	8	8	7	1	0
16.200	0	0	0	0	0	0	0	0	0	0	0	0	0	0	0	0	0	0	0	0	0	0	0	0	0	0	0	0	0	0	0	9	3	6	0	0
16.400	0	0	0	0	0	0	0	0	0	0	0	0	0	0	0	0	0	0	0	0	0	0	0	0	0	0	0	0	0	0	0	7	5	6	0	0
16.600	0	0	0	0	0	0	0	0	0	0	0	0	0	0	0	0	0	0	0	0	0	0	0	0	0	0	0	0	0	0	0	9	5	5	0	0
16.800	0	0	0	0	0	0	0	0	0	0	0	0	0	0	0	0	0	0	0	0	0	0	0	0	0	0	0	0	0	0	0	5	4	4	0	0
17.000	0	0	0	0	0	0	0	0	0	0	0	0	0	0	0	0	0	0	0	0	0	0	0	0	0	0	0	0	0	0	0	5	3	4	0	0
17.200	0	0	0	0	0	0	0	0	0	0	0	0	0	0	0	0	0	0	0	0	0	0	0	0	0	0	0	0	0	0	0	7	1	3	0	0
17.400	0	0	0	0	0	0	0	0	0	0	0	0	0	0	0	0	0	0	0	0	0	0	0	0	0	0	0	0	0	0	0	5	0	2	0	0
17.600	0	0	0	0	0	0	0	0	0	0	0	0	0	0	0	0	0	0	0	0	0	0	0	0	0	0	0	0	0	0	0	5	3	6	1	0
17.800	0	0	0	0	0	0	0	0	0	0	0	0	0	0	0	0	0	0	0	0	0	0	0	0	0	0	0	0	0	0	0	9	6	6	0	0
18.000	0	0	0	0	0	0	0	0	0	0	0	0	0	0	0	0	0	0	0	0	0	0	0	0	0	0	0	0	0	0	0	10	6	5	0	0
18.200	0	0	0	0	0	0	0	0	0	0	0	0	0	0	0	0	0	0	0	0	0	0	0	0	0	0	0	0	0	0	0	6	6	5	0	0
18.400	0	0	0	0	0	0	0	0	0	0	0	0	0	0	0	0	0	0	0	0	0	0	0	0	0	0	0	0	0	0	0	9	2	3	0	0
18.600	0	0	0	0	0	0	0	0	0	0	0	0	0	0	0	0	0	0	0	0	0	0	0	0	0	0	0	0	0	0	0	7	7	6	0	0
18.800	0	0	0	0	0	0	0	0	0	0	0	0	0	0	0	0	0	0	0	0	0	0	0	0	0	0	0	0	0	0	0	8	4	6	0	0
19.000	0	0	0	0	0	0	0	0	0	0	0	0	0	0	0	0	0	0	0	0	0	0	0	0	0	0	0	0	0	0	0	7	6	6	0	0
19.200	0	0	0	0	0	0	0	0	0	0	0	0	0	0	0	0	0	0	0	0	0	0	0	0	0	0	0	0	0	0	0	5	9	6	0	0
19.400	0	0	0	0	0	0	0	0	0	0	0	0	0	0	0	0	0	0	0	0	0	0	0	0	0	0	0	0	0	0	0	7	0	3	0	0
19.600	0	0	0	0	0	0	0	0	0	0	0	0	0	0	0	0	0	0	0	0	0	0	0	0	0	0	0	0	0	0	0	5	2	3	0	0
19.800	0	0	0	0	0	0	0	0	0	0	0	0	0	0	0	0	0	0	0	0	0	0	0	0	0	0	0	0	0	0	0	5	5	2	0	0
20.000	0	0	0	0	0	0	0	0	0	0	0	0	0	0	0	0	0	0	0	0	0	0	0	0	0	0	0	0	0	0	0	4	4	6	0	0
20.200	0	0	0	0	0	0	0	0	0	0	0	0	0	0	0	0	0	0	0	0	0	0	0	0	0	0	0	0	0	0	0	8	4	6	0	0
20.400	0	0	0	0	0	0	0	0	0	0	0	0	0	0	0	0	0	0	0	0	0	0	0	0	0	0	0	0	0	0	0	8	6	6	1	0
20.600	0	0	0	0	0	0	0	0	0	0	0	0	0	0	0	0	0	0	0	0	0	0	0	0	0	0	0	0	0	0	0	4	5	5	0	0
20.800	0	0	0	0	0	0	0	0	0	0	0	0	0	0	0	0	0	0	0	0	0	0	0	0	0	0	0	0	0	0	0	9	8	6	0	0
21.000	0	0	0	0	0	0	0	0	0	0	0	0	0	0	0	0	0	0	0	0	0	0	0	0	0	0	0	0	0	0	0	8	5	6	0	0
21.200	0	0	0	0	0	0	0	0	0	0	0	0	0	0	0	0	0	0	0	0	0	0	0	0	0	0	0	0	0	0	0	8	5	6	1	0
21.400	0	0	0	0	0	0	0	0	0	0	0	0	0	0	0	0	0	0	0	0	0	0	0	0	0	0	0	0	0	0	0	6	3	7	0	0
21.600	0	0	0	0	0	0	0	0	0	0	0	0	0	0	0	0	0	0	0	0	0	0	0	0	0	0	0	0	0	0	0	5	4	6	0	0
21.800	0	0	0	0	0	0	0	0	0	0	0	0	0	0	0	0	0	0	0	0	0	0	0	0	0	0	0	0	0	0	0	7	2	6	1	0
22.000	0	0	0	0	0	0	0	0	0	0	0	0	0	0	0	0	0	0	0	0	0	0	0	0	0	0	0	0	0	0	0	9	2	6	1	0
22.200	0	0	0	0	0	0	0	0	0	0	0	0	0	0	0	0	0	0	0	0	0	0	0	0	0	0	0	0	0	0	0	4	5	4	0	0
22.400	0	0	0	0	0	0	0	0	0	0	0	0	0	0	0	0	0	0	0	0	0	0	0	0	0	0	0	0	0	0	0	8	3	4	0	0
22.600	0	0	0	0	0	0	0	0	0	0	0	0	0	0	0	0	0	0	0	0	0	0	0	0	0	0	0	0	0	0	0	8	6	6	0	0
22.800	0	0	0	0	0	0	0	0	0	0	0	0	0	0	0	0	0	0	0	0	0	0	0	0	0	0	0	0	0	0	0	8	6	6	0	0
23.000	0	0	0	0	0	0	0	0	0	0	0	0	0	0	0	0	0	0	0	0	0	0	0	0	0	0	0	0	0	0	0	8	4	7	1	0
23.200	0	0	0	0	0	0	0	0	0	0	0	0	0	0	0	0	0	0	0	0	0	0	0	0	0	0	0	0	0	0	0	3	2	5	0	0
23.400	0	0	0	0	0	0	0	0	0	0	0	0	0	0	0	0	0	0	0	0	0	0	0	0	0	0	0	0	0	0	0	7	9	6	0	0
23.600	0	0	0	0	0	0	0	0	0	0	0	0	0	0	0	0	0	0	0	0	0	0	0	0	0	0	0	0	0	0	0	8	4	6	1	0
23.800	0	0	0	0	0	0	0	0	0	0	0	0	0	0	0	0	0	0	0	0	0	0	0	0	0	0	0	0	0	0	0	4	3	6	0	0
24.000	0	0	0	0	0	0	0	0	0	0	0	0	0	0	0	0	0	0	0	0	0	0	0	0	0	0	0	0	0	0	0	10	9	2	0	0
24.200	0	0	0	0	0	0	0	0	0	0	0	0	0	0	0	0	0	0	0	0	0	0	0	0	0	0	0	0	0	0	0	7	6	3	0	0
24.400	0	0	0	0	0	0	0	0	0	0	0	0	0	0	0	0	0	0	0	0	0	0	0	0	0	0	0	0	0	0	0	10	7	5	0	0
24.600	0	0	0	0	0	0	0	0	0	0	0	0	0	0	0	0	0	0	0	0	0	0	0	0	0	0	0	0	0	0	0	8	2	4	0	0
24.800	0	0	0	0	0	0	0	0	0	0	0	0	0	0	0	0	0	0	0	0	0	0	0	0	0	0	0	0	0	0	0	9	6	6	0	0
25.000	0	0	0	0	0	0	0	0	0	0	0	0	0	0	0	0	0	0	0	0	0	0	0	0	0	0	0	0	0	0	0	8	7	6	0	0
25.200	0	0	0	0	0	0	0	0	0	0	0	0	0	0	0	0	0	0	0	0	0	0	0	0	0	0	0	0	0	0	0	7	8	6	0	0
25.400	0	0	0	0	0	0	0	0	0	0	0	0	0	0	0	0	0	0	0	0	0	0	0	0	0	0	0	0	0	0	0	8	4	4	0	0
25.600	0	0	0	0	0	0	0	0	0	0	0	0	0	0	0	0	0	0	0	0	0	0	0	0	0	0	0	0	0	0	0	8	6	6	0	0
25.800	0	0	0	0	0	0	0	0	0	0	0	0	0	0	0	0	0	0	0	0	0	0	0	0	0	0	0	0	0	0	0	10	9	5	0	0
26.000	0	0	0	0	0	0	0	0	0	0	0	0	0	0	0	0	0	0	0	0	0	0	0	0	0	0	0	0	0	0	0	5	5	3	0	0
26.200	0	0	0	0	0	0	0	0	0	0	0	0	0	0	0	0	0	0	0	0	0	0	0	0	0	0	0	0	0	0	0	9	6	6	0	0
26.400	0	0	0	0	0	0	0	0	0	0	0	0	0	0	0	0	0	0	0	0	0	0	0	0	0	0	0	0	0	0	0	4	6	6	0	0
26.600	0	0	0	0	0	0	0	0	0	0	0	0	0	0	0	0	0	0	0	0	0	0	0	0	0	0	0	0	0	0	0	3	8	8	0	0
26.800	0	0	0	0	0	0	0	0	0	0	0	0	0	0	0	0	0	0	0	0	0	0	0	0	0	0	0	0	0	0	0	9	3	9	1	0
27.000	0	0	0	0	0	0	0	0	0	0	0	0	0	0	0	0	0	0	0	0	0	0	0	0	0	0	0	0	0	0	0	3	7	6	0	0
27.200	0	0	0	0	0	0	0	0	0	0	0	0	0	0	0	0	0	0	0	0	0	0	0	0	0	0	0	0	0	0	0	5	4	6	0	0
27.400	0	0	0	0	0	0	0	0	0	0	0	0	0	0	0	0	0	0	0	0	0	0	0	0	0	0	0	0	0	0	0	7	6	6	0	0
27.600	0	0	0	0	0	0	0	0	0	0	0	0	0	0	0	0	0	0	0	0	0	0	0	0	0	0	0	0	0	0	0	8	9	6	0	0
27.800	0	0	0	0	0	0	0	0	0	0	0	0	0	0	0	0	0	0	0	0	0	0	0	0	0	0	0	0	0	0	0	7	4	7	1	0
28.000	0	0	0	0	0	0	0	0	0	0	0	0	0	0	0	0	0	0	0	0	0	0	0	0	0	0	0	0	0	0	0	6	3	6	0	0
28.200	0	0	0	0	0	0	0	0	0	0	0	0	0	0	0	0	0	0	0	0	0	0	0	0	0	0	0	0	0	0	0	6	6	6	0	0
28.400	0	0	0	0	0	0	0	0	0	0	0	0	0	0	0	0	0	0	0	0	0	0	0	0	0	0	0	0	0	0	0	10	6	5	0	0
28.600	0	0	0	0	0	0	0	0	0	0	0	0	0	0	0	0	0	0	0	0	0	0	0	0	0	0	0	0	0	0	0	4	5	5	0	0
28.800	0	0	0	0	0	0	0	0	0	0	0	0	0	0	0	0	0	0	0	0	0	0	0	0	0	0	0	0	0	0	0	8	8	6	0	0
29.000	0	0	0	0	0	0	0	0	0	0	0	0	0	0	0	0	0	0	0	0	0	0	0	0	0	0	0	0	0	0	0	3	2	5	0	0
29.200	0	0	0	0	0	0	0	0	0	0	0	0	0	0	0	0	0	0	0	0	0	0	0	0	0	0	0	0	0	0	0	5	8	7	0	0
29.400	0	0	0	0	0	0	0	0	0	0	0	0	0	0	0	0	0	0	0	0	0	0	0	0	0	0	0	0	0	0	0	9	5	3	0	0
29.600	0	0	0	0	0	0	0	0	0	0	0	0	0	0	0	0	0	0	0	0	0	0	0	0	0	0	0	0	0	0	0	5	8	5	0	0
29.800	0	0	0	0	0	0	0	0	0	0	0	0	0	0	0	0	0	0	0	0	0	0	0	0	0	0	0	0	0	0	0	2	7	5	0	0
30.000	0	0	0	0	0	0	0	0	0	0	0	0	0	0	0	0	0	0	0	0	0	0	0	0	0	0	0	0	0	0	0	6	7	6	0	0
30.200	0	0	0	0	0	0	0	0	0	0	0	0	0	0	0	0	0	0	0	0	0	0	0	0	0	0	0	0	0	0	0	6	4	6	0	0
30.400	0	0	0	0	0	0	0	0	0	0	0	0	0	0	0	0	0	0	0	0	0	0	0	0	0	0	0	0	0	0	0	3	2	6	0	0
30.600	0	0	0	0	0	0	0	0	0	0	0	0	0	0	0	0	0	0	0	0	0	0	0	0	0	0	0	0	0	0	0	1	5	6	0	0
30.800	0	0	0	0	0	0	0	0	0	0	0	0	0	0	0	0	0	0	0	0	0	0	0	0	0	0	0	0	0	0	0	3	6	6	0	0
31.000	0	0	0	0	0	0	0	0	0	0	0	0	0	0	0	0	0	0	0	0	0	0	0	0	0	0	0	0	0	0	0	1	5	6	0	0
31.200	0	0	0	0	0	0	0	0	0	0	0	0	0	0	0	0	0	0	0	0	0	0	0	0	0	0	0	0	0	0	0	2	5	4	0	0
31.400	0	0	0	0	0	0	0	0	0	0	0	0	0	0	0	0	0	0	0	0	0	0	0	0	0	0	0	0	0	0	0	2	5	6	0	0
31.600	0	0	0	0	0	0	0	0	0	0	0	0	0	0	0	0	0	0	0	0	0	0	0	0	0	0	0	0	0	0	0	0	4	6	0	0
31.800	0	0	0	0	0	0	0	0	0	0	0	0	0	0	0	0	0	0	0	0	0	0	0	0	0	0	0	0	0	0	0	3	8	6	0	0
32.000	0	0	0	0	0	0	0	0	0	0	0	0	0	0	0	0	0	0	0	0	0	0	0	0	0	0	0	0	0	0	0	3	10	7	0	0
32.200	0	0	0	0	0	0	0	0	0	0	0	0	0	0	0	0	0	0	0	0	0	0	0	0	0	0	0	0	0	0	0	2	6	6	0	0
32.400	0	0	0	0	0	0	0	0	0	0	0	0	0	0	0	0	0	0	0	0	0	0	0	0	0	0	0	0	0	0	0	3	5	4	0	0
32.600	0	0	0	0	0	0	0	0	0	0	0	0	0	0	0	0	0	0	0	0	0	0	0	0	0	0	0	0	0	0	0	4	8	7	0	0
32.800	0	0	0	0	0	0	0	0	0	0	0	0	0	0	0	0	0	0	0	0	0	0	0	0	0	0	0	0	0	0	0	2	6	6	0	0
33.000	0	0	0	0	0	0	0	0	0	0	0	0	0	0	0	0	0	0	0	0	0	0	0	0	0	0	0	0	0	0	0	3	8	6	0	0
33.200	0	0	0	0	0	0	0	0	0	0	0	0	0	0	0	0	0	0	0	0	0	0	0	0	0	0	0	0	0	0	0	3	7	6	0	0
33.400	0	0	0	0	0	0	0	0	0	0	0	0	0	0	0	0	0	0	0	0	0	0	0	0	0	0	0	0	0	0	0	3	6	4	0	0
33.600	0	0	0	0	0	0	0	0	0	0	0	0	0	0	0	0	0	0	0	0	0	0	0	0	0	0	0	0	0	0	0	0	4	6	0	0
33.800	0	0	0	0	0	0	0	0	0	0	0	0	0	0	0	0	0	0	0	0	0	0	0	0	0	0	0	0	0	0	0	2	0	3	0	0
34.000	0	0	0	0	0	0	0	0	0	0	0	0	0	0	0	0	0	0	0	0	0	0	0	0	0	0	0	0	0	0	0	0	3	5	0	0
34.200	0	0	0	0	0	0	0	0	0	0	0	0	0	0	0	0	0	0	0	0	0	0	0	0	0	0	0	0	0	0	0	2	2	3	0	0
34.400	0	0	0	0	0	0	0	0	0	0	0	0	0	0	0	0	0	0	0	0	0	0	0	0	0	0	0	0	0	0	0	8	6	6	0	0
34.600	0	0	0	0	0	0	0	0	0	0	0	0	0	0	0	0	0	0	0	0	0	0	0	0	0	0	0	0	0	0	0	5	7	6	0	0
34.800	0	0	0	0	0	0	0	0	0	0	0	0	0	0	0	0	0	0	0	0	0	0	0	0	0	0	0	0	0	0	0	9	8	5	0	0
35.000	0	0	0	0	0	0	0	0	0	0	0	0	0	0	0	0	0	0	0	0	0	0	0	0	0	0	0	0	0	0	0	9	7	2	0	0
35.200	0	0	0	0	0	0	0	0	0	0	0	0	0	0	0	0	0	0	0	0	0	0	0	0	0	0	0	0	0	0	0	7	9	6	0	0
35.400	0	0	0	0	0	0	0	0	0	0	0	0	0	0	0	0	0	0	0	0	0	0	0	0	0	0	0	0	0	0	0	5	7	5	0	0
35.600	0	0	0	0	0	0	0	0	0	0	0	0	0	0	0	0	0	0	0	0	0	0	0	0	0	0	0	0	0	0	0	7	2	5	0	0
35.800	0	0	0	0	0	0	0	0	0	0	0	0	0	0	0	0	0	0	0	0	0	0	0	0	0	0	0	0	0	0	0	9	8	6	0	0
36.000	0	0	0	0	0	0	0	0	0	0	0	0	0	0	0	0	0	0	0	0	0	0	0	0	0	0	0	0	0	0	0	7	8	6	0	0
36.200	0	0	0	0	0	0	0	0	0	0	0	0	0	0	0	0	0	0	0	0	0	0	0	0	0	0	0	0	0	0	0	4	3	5	1	0
36.400	0	0	0	0	0	0	0	0	0	0	0	0	0	0	0	0	0	0	0	0	0	0	0	0	0	0	0	0	0	0	0	8	6	6	0	0
36.600	0	0	0	0	0	0	0	0	0	0	0	0	0	0	0	0	0	0	0	0	0	0	0	0	0	0	0	0	0	0	0	7	8	7	0	0
36.800	0	0	0	0	0	0	0	0	0	0	0	0	0	0	0	0	0	0	0	0	0	0	0	0	0	0	0	0	0	0	0	8	4	6	0	0
37.000	0	0	0	0	0	0	0	0	0	0	0	0	0	0	0	0	0	0	0	0	0	0	0	0	0	0	0	0	0	0	0	9	7	6	0	0
37.200	0	0	0	0	0	0	0	0	0	0	0	0	0	0	0	0	0	0	0	0	0	0	0	0	0	0	0	0	0	0	0	5	9	6	0	0
37.400	0	0	0	0	0	0	0	0	0	0	0	0	0	0	0	0	0	0	0	0	0	0	0	0	0	0	0	0	0	0	0	10	9	7	0	0
37.600	0	0	0	0	0	0	0	0	0	0	0	0	0	0	0	0	0	0	0	0	0	0	0	0	0	0	0	0	0	0	0	6	8	6	0	0
37.800	0	0	0	0	0	0	0	0	0	0	0	0	0	0	0	0	0	0	0	0	0	0	0	0	0	0	0	0	0	0	0	9	7	6	0	0
38.000	0	0	0	0	0	0	0	0	0	0	0	0	0	0	0	0	0	0	0	0	0	0	0	0	0	0	0	0	0	0	0	9	7	6	0	0
38.200	0	0	0	0	0	0	0	0	0	0	0	0	0	0	0	0	0	0	0	0	0	0	0	0	0	0	0	0	0	0	0	8	11	6	0	0
38.400	0	0	0	0	0	0	0	0	0	0	0	0	0	0	0	0	0	0	0	0	0	0	0	0	0	0	0	0	0	0	0	4	12	6	0	0
38.600	0	0	0	0	0	0	0	0	0	0	0	0	0	0	0	0	0	0	0	0	0	0	0	0	0	0	0	0	0	0	0	3	4	6	0	0
38.800	0	0	0	0	0	0	0	0	0	0	0	0	0	0	0	0	0	0	0	0	0	0	0	0	0	0	0	0	0	0	0	8	9	6	0	0
39.000	0	0	0	0	0	0	0	0	0	0	0	0	0	0	0	0	0	0	0	0	0	0	0	0	0	0	0	0	0	0	0	9	4	6	0	0
39.200	0	0	0	0	0	0	0	0	0	0	0	0	0	0	0	0	0	0	0	0	0	0	0	0	0	0	0	0	0	0	0	4	7	6	0	0
39.400	0	0	0	0	0	0	0	0	0	0	0	0	0	0	0	0	0	0	0	0	0	0	0	0	0	0	0	0	0	0	0	6	8	6	0	0
39.600	0	0	0	0	0	0	0	0	0	0	0	0	0	0	0	0	0	0	0	0	0	0	0	0	0	0	0	0	0	0	0	2	8	6	0	0
39.800	0	0	0	0	0	0	0	0	0	0	0	0	0	0	0	0	0	0	0	0	0	0	0	0	0	0	0	0	0	0	0	0	3	6	0	0
40.000	0	0	0	0	0	0	0	0	0	0	0	0	0	0	0	0	0	0	0	0	0	0	0	0	0	0	0	0	0	0	0	1	5	5	0	0
40.200	0	0	0	0	0	0	0	0	0	0	0	0	0	0	0	0	0	0	0	0	0	0	0	0	0	0	0	0	0	0	0	0	8	6	0	0
40.400	0	0	0	0	0	0	0	0	0	0	0	0	0	0	0	0	0	0	0	0	0	0	0	0	0	0	0	0	0	0	0	3	6	4	0	0
40.600	0	0	0	0	0	0	0	0	0	0	0	0	0	0	0	0	0	0	0	0	0	0	0	0	0	0	0	0	0	0	0	2	5	6	0	0
40.800	0	0	0	0	0	0	0	0	0	0	0	0	0	0	0	0	0	0	0	0	0	0	0	0	0	0	0	0	0	0	0	6	10	3	0	0
41.000	0	0	0	0	0	0	0	0	0	0	0	0	0	0	0	0	0	0	0	0	0	0	0	0	0	0	0	0	0	0	0	2	5	6	0	0
41.200	0	0	0	0	0	0	0	0	0	0	0	0	0	0	0	0	0	0	0	0	0	0	0	0	0	0	0	0	0	0	0	3	5	5	0	0
41.400	0	0	0	0	0	0	0	0	0	0	0	0	0	0	0	0	0	0	0	0	0	0	0	0	0	0	0	0	0	0	0	3	7	6	0	0
41.600	0	0	0	0	0	0	0	0	0	0	0	0	0	0	0	0	0	0	0	0	0	0	0	0	0	0	0	0	0	0	0	2	3	5	0	0
41.800	0	0	0	0	0	0	0	0	0	0	0	0	0	0	0	0	0	0	0	0	0	0	0	0	0	0	0	0	0	0	0	3	3	2	0	0
42.000	0	0	0	0	0	0	0	0	0	0	0	0	0	0	0	0	0	0	0	0	0	0	0	0	0	0	0	0	0	0	0	2	2	4	0	0
42.200	0	0	0	0	0	0	0	0	0	0	0	0	0	0	0	0	0	0	0	0	0	0	0	0	0	0	0	0	0	0	0	6	4	6	0	0
42.400	0	0	0	0	0	0	0	0	0	0	0	0	0	0	0	0	0	0	0	0	0	0	0	0	0	0	0	0	0	0	0	11	7	6	0	0
42.600	0	0	0	0	0	0	0	0	0	0	0	0	0	0	0	0	0	0	0	0	0	0	0	0	0	0	0	0	0	0	0	5	3	4	0	0
42.800	0	0	0	0	0	0	0	0	0	0	0	0	0	0	0	0	0	0	0	0	0	0	0	0	0	0	0	0	0	0	0	6	7	6	0	0
43.000	0	0	0	0	0	0	0	0	0	0	0	0	0	0	0	0	0	0	0	0	0	0	0	0	0	0	0	0	0	0	0	4	8	6	0	0
43.200	0	0	0	0	0	0	0	0	0	0	0	0	0	0	0	0	0	0	0	0	0	0	0	0	0	0	0	0	0	0	0	5	9	6	0	0
43.400	0	0	0	0	0	0	0	0	0	0	0	0	0	0	0	0	0	0	0	0	0	0	0	0	0	0	0	0	0	0	0	8	10	6	0	0
43.600	0	0	0	0	0	0	0	0	0	0	0	0	0	0	0	0	0	0	0	0	0	0	0	0	0	0	0	0	0	0	0	6	7	6	0	0
43.800	0	0	0	0	0	0	0	0	0	0	0	0	0	0	0	0	0	0	0	0	0	0	0	0	0	0	0	0	0	0	0	3	6	6	0	0
44.000	0	0	0	0	0	0	0	0	0	0	0	0	0	0	0	0	0	0	0	0	0	0	0	0	0	0	0	0	0	0	0	2	3	6	0	0
44.200	0	0	0	0	0	0	0	0	0	0	0	0	0	0	0	0	0	0	0	0	0	0	0	0	0	0	0	0	0	0	0	5	8	7	0	0
44.400	0	0	0	0	0	0	0	0	0	0	0	0	0	0	0	0	0	0	0	0	0	0	0	0	0	0	0	0	0	0	0	5	10	5	0	0
44.600	0	0	0	0	0	0	0	0	0	0	0	0	0	0	0	0	0	0	0	0	0	0	0	0	0	0	0	0	0	0	0	7	6	5	0	0
44.800	0	0	0	0	0	0	0	0	0	0	0	0	0	0	0	0	0	0	0	0	0	0	0	0	0	0	0	0	0	0	0	3	8	6	0	0
45.000	0	0	0	0	0	0	0	0	0	0	0	0	0	0	0	0	0	0	0	0	0	0	0	0	0	0	0	0	0	0	0	10	7	6	0	0
45.200	0	0	0	0	0	0	0	0	0	0	0	0	0	0	0	0	0	0	0	0	0	0	0	0	0	0	0	0	0	0	0	5	4	6	0	0
45.400	0	0	0	0	0	0	0	0	0	0	0	0	0	0	0	0	0	0	0	0	0	0	0	0	0	0	0	0	0	0	0	8	6	3	0	0
45.600	0	0	0	0	0	0	0	0	0	0	0	0	0	0	0	0	0	0	0	0	0	0	0	0	0	0	0	0	0	0	0	9	7	6	0	0
45.800	0	0	0	0	0	0	0	0	0	0	0	0	0	0	0	0	0	0	0	0	0	0	0	0	0	0	0	0	0	0	0	7	6	3	0	0
46.000	0	0	0	0	0	0	0	0	0	0	0	0	0	0	0	0	0	0	0	0	0	0	0	0	0	0	0	0	0	0	0	9	6	6	0	0
46.200	0	0	0	0	0	0	0	0	0	0	0	0	0	0	0	0	0	0	0	0	0	0	0	0	0	0	0	0	0	0	0	12	8	6	0	0
46.400	0	0	0	0	0	0	0	0	0	0	0	0	0	0	0	0	0	0	0	0	0	0	0	0	0	0	0	0	0	0	0	8	6	6	1	0
46.600	0	0	0	0	0	0	0	0	0	0	0	0	0	0	0	0	0	0	0	0	0	0	0	0	0	0	0	0	0	0	0	10	6	6	0	0
46.800	0	0	0	0	0	0	0	0	0	0	0	0	0	0	0	0	0	0	0	0	0	0	0	0	0	0	0	0	0	0	0	11	8	6	0	0
47.000	0	0	0	0	0	0	0	0	0	0	0	0	0	0	0	0	0	0	0	0	0	0	0	0	0	0	0	0	0	0	0	6	7	6	0	0
47.200	0	0	0	0	0	0	0	0	0	0	0	0	0	0	0	0	0	0	0	0	0	0	0	0	0	0	0	0	0	0	0	8	6	6	1	0
47.400	0	0	0	0	0	0	0	0	0	0	0	0	0	0	0	0	0	0	0	0	0	0	0	0	0	0	0	0	0	0	0	5	6	6	1	0
47.600	0	0	0	0	0	0	0	0	0	0	0	0	0	0	0	0	0	0	0	0	0	0	0	0	0	0	0	0	0	0	0	10	5	6	1	0
47.800	0	0	0	0	0	0	0	0	0	0	0	0	0	0	0	0	0	0	0	0	0	0	0	0	0	0	0	0	0	0	0	10	7	5	0	0
48.000	0	0	0	0	0	0	0	0	0	0	0	0	0	0	0	0	0	0	0	0	0	0	0	0	0	0	0	0	0	0	0	5	6	3	0	0
48.200	0	0	0	0	0	0	0	0	0	0	0	0	0	0	0	0	0	0	0	0	0	0	0	0	0	0	0	0	0	0	0	4	4	6	0	0
48.400	0	0	0	0	0	0	0	0	0	0	0	0	0	0	0	0	0	0	0	0	0	0	0	0	0	0	0	0	0	0	0	8	4	6	0	0
48.600	0	0	0	0	0	0	0	0	0	0	0	0	0	0	0	0	0	0	0	0	0	0	0	0	0	0	0	0	0	0	0	4	3	6	0	0
48.800	0	0	0	0	0	0	0	0	0	0	0	0	0	0	0	0	0	0	0	0	0	0	0	0	0	0	0	0	0	0	0	6	0	3	0	0
49.000	0	0	0	0	0	0	0	0	0	0	0	0	0	0	0	0	0	0	0	0	0	0	0	0	0	0	0	0	0	0	0	7	3	3	0	0
49.200	0	0	0	0	0	0	0	0	0	0	0	0	0	0	0	0	0	0	0	0	0	0	0	0	0	0	0	0	0	0	0	8	3	7	1	0
49.400	0	0	0	0	0	0	0	0	0	0	0	0	0	0	0	0	0	0	0	0	0	0	0	0	0	0	0	0	0	0	0	9	6	4	1	0
49.600	0	0	0	0	0	0	0	0	0	0	0	0	0	0	0	0	0	0	0	0	0	0	0	0	0	0	0	0	0	0	0	6	5	6	1	0
49.800	0	0	0	0	0	0	0	0	0	0	0	0	0	0	0	0	0	0	0	0	0	0	0	0	0	0	0	0	0	0	0	5	5	4	0	0
50.000	0	0	0	0	0	0	0	0	0	0	0	0	0	0	0	0	0	0	0	0	0	0	0	0	0	0	0	0	0	0	0	7	3	6	1	0
50.200	0	0	0	0	0	0	0	0	0	0	0	0	0	0	0	0	0	0	0	0	0	0	0	0	0	0	0	0	0	0	0	3	0	5	0	0
50.400	0	0	0	0	0	0	0	0	0	0	0	0	0	0	0	0	0	0	0	0	0	0	0	0	0	0	0	0	0	0	0	5	4	5	0	0
50.600	0	0	0	0	0	0	0	0	0	0	0	0	0	0	0	0	0	0	0	0	0	0	0	0	0	0	0	0	0	0	0	6	9	7	0	0
50.800	0	0	0	0	0	0	0	0	0	0	0	0	0	0	0	0	0	0	0	0	0	0	0	0	0	0	0	0	0	0	0	6	2	6	0	0
51.000	0	0	0	0	0	0	0	0	0	0	0	0	0	0	0	0	0	0	0	0	0	0	0	0	0	0	0	0	0	0	0	6	7	6	0	0
51.200	0	0	0	0	0	0	0	0	0	0	0	0	0	0	0	0	0	0	0	0	0	0	0	0	0	0	0	0	0	0	0	3	6	7	0	0
51.400	0	0	0	0	0	0	0	0	0	0	0	0	0	0	0	0	0	0	0	0	0	0	0	0	0	0	0	0	0	0	0	6	4	6	0	0
51.600	0	0	0	0	0	0	0	0	0	0	0	0	0	0	0	0	0	0	0	0	0	0	0	0	0	0	0	0	0	0	0	4	6	6	0	0
51.800	0	0	0	0	0	0	0	0	0	0	0	0	0	0	0	0	0	0	0	0	0	0	0	0	0	0	0	0	0	0	0	4	6	6	0	0
52.000	0	0	0	0	0	0	0	0	0	0	0	0	0	0	0	0	0	0	0	0	0	0	0	0	0	0	0	0	0	0	0	7	8	5	0	0
52.200	0	0	0	0	0	0	0	0	0	0	0	0	0	0	0	0	0	0	0	0	0	0	0	0	0	0	0	0	0	0	0	6	6	6	0	0
52.400	0	0	0	0	0	0	0	0	0	0	0	0	0	0	0	0	0	0	0	0	0	0	0	0	0	0	0	0	0	0	0	3	7	5	0	0
52.600	0	0	0	0	0	0	0	0	0	0	0	0	0	0	0	0	0	0	0	0	0	0	0	0	0	0	0	0	0	0	0	3	6	4	0	0
52.800	0	0	0	0	0	0	0	0	0	0	0	0	0	0	0	0	0	0	0	0	0	0	0	0	0	0	0	0	0	0	0	3	6	4	0	0
53.000	0	0	0	0	0	0	0	0	0	0	0	0	0	0	0	0	0	0	0	0	0	0	0	0	0	0	0	0	0	0	0	2	5	2	0	0
53.200	0	0	0	0	0	0	0	0	0	0	0	0	0	0	0	0	0	0	0	0	0	0	0	0	0	0	0	0	0	0	0	3	7	6	0	0
53.400	0	0	0	0	0	0	0	0	0	0	0	0	0	0	0	0	0	0	0	0	0	0	0	0	0	0	0	0	0	0	0	3	3	4	0	0
53.600	0	0	0	0	0	0	0	0	0	0	0	0	0	0	0	0	0	0	0	0	0	0	0	0	0	0	0	0	0	0	0	2	2	4	0	0
53.800	0	0	0	0	0	0	0	0	0	0	0	0	0	0	0	0	0	0	0	0	0	0	0	0	0	0	0	0	0	0	0	3	6	7	0	0
54.000	0	0	0	0	0	0	0	0	0	0	0	0	0	0	0	0	0	0	0	0	0	0	0	0	0	0	0	0	0	0	0	2	8	6	0	0
54.200	0	0	0	0	0	0	0	0	0	0	0	0	0	0	0	0	0	0	0	0	0	0	0	0	0	0	0	0	0	0	0	1	5	4	0	0
54.400	0	0	0	0	0	0	0	0	0	0	0	0	0	0	0	0	0	0	0	0	0	0	0	0	0	0	0	0	0	0	0	11	8	6	1	0
54.600	0	0	0	0	0	0	0	0	0	0	0	0	0	0	0	0	0	0	0	0	0	0	0	0	0	0	0	0	0	0	0	5	6	6	0	0
54.800	0	0	0	0	0	0	0	0	0	0	0	0	0	0	0	0	0	0	0	0	0	0	0	0	0	0	0	0	0	0	0	8	7	6	0	0
55.000	0	0	0	0	0	0	0	0	0	0	0	0	0	0	0	0	0	0	0	0	0	0	0	0	0	0	0	0	0	0	0	7	6	4	0	0
55.200	0	0	0	0	0	0	0	0	0	0	0	0	0	0	0	0	0	0	0	0	0	0	0	0	0	0	0	0	0	0	0	4	8	6	0	0
55.400	0	0	0	0	0	0	0	0	0	0	0	0	0	0	0	0	0	0	0	0	0	0	0	0	0	0	0	0	0	0	0	10	8	6	0	0
55.600	0	0	0	0	0	0	0	0	0	0	0	0	0	0	0	0	0	0	0	0	0	0	0	0	0	0	0	0	0	0	0	8	7	6	0	0
55.800	0	0	0	0	0	0	0	0	0	0	0	0	0	0	0	0	0	0	0	0	0	0	0	0	0	0	0	0	0	0	0	3	0	4	0	0
56.000	0	0	0	0	0	0	0	0	0	0	0	0	0	0	0	0	0	0	0	0	0	0	0	0	0	0	0	0	0	0	0	5	3	6	0	0
56.200	0	0	0	0	0	0	0	0	0	0	0	0	0	0	0	0	0	0	0	0	0	0	0	0	0	0	0	0	0	0	0	7	3	6	0	0
56.400	0	0	0	0	0	0	0	0	0	0	0	0	0	0	0	0	0	0	0	0	0	0	0	0	0	0	0	0	0	0	0	6	6	6	1	0
56.600	0	0	0	0	0	0	0	0	0	0	0	0	0	0	0	0	0	0	0	0	0	0	0	0	0	0	0	0	0	0	0	10	7	6	0	0
56.800	0	0	0	0	0	0	0	0	0	0	0	0	0	0	0	0	0	0	0	0	0	0	0	0	0	0	0	0	0	0	0	8	6	7	1	0
57.000	0	0	0	0	0	0	0	0	0	0	0	0	0	0	0	0	0	0	0	0	0	0	0	0	0	0	0	0	0	0	0	4	4	6	0	0
57.200	0	0	0	0	0	0	0	0	0	0	0	0	0	0	0	0	0	0	0	0	0	0	0	0	0	0	0	0	0	0	0	3	7	6	0	0
57.400	0	0	0	0	0	0	0	0	0	0	0	0	0	0	0	0	0	0	0	0	0	0	0	0	0	0	0	0	0	0	0	2	4	6	0	0
57.600	0	0	0	0	0	0	0	0	0	0	0	0	0	0	0	0	0	0	0	0	0	0	0	0	0	0	0	0	0	0	0	3	4	4	0	0
57.800	0	0	0	0	0	0	0	0	0	0	0	0	0	0	0	0	0	0	0	0	0	0	0	0	0	0	0	0	0	0	0	8	5	6	0	0
58.000	0	0	0	0	0	0	0	0	0	0	0	0	0	0	0	0	0	0	0	0	0	0	0	0	0	0	0	0	0	0	0	6	9	7	0	0
58.200	0	0	0	0	0	0	0	0	0	0	0	0	0	0	0	0	0	0	0	0	0	0	0	0	0	0	0	0	0	0	0	3	6	4	0	0
58.400	0	0	0	0	0	0	0	0	0	0	0	0	0	0	0	0	0	0	0	0	0	0	0	0	0	0	0	0	0	0	0	4	8	6	0	0
58.600	0	0	0	0	0	0	0	0	0	0	0	0	0	0	0	0	0	0	0	0	0	0	0	0	0	0	0	0	0	0	0	3	5	4	0	0
58.800	0	0	0	0	0	0	0	0	0	0	0	0	0	0	0	0	0	0	0	0	0	0	0	0	0	0	0	0	0	0	0	8	7	4	0	0
59.000	0	0	0	0	0	0	0	0	0	0	0	0	0	0	0	0	0	0	0	0	0	0	0	0	0	0	0	0	0	0	0	6	5	5	0	0
59.200	0	0	0	0	0	0	0	0	0	0	0	0	0	0	0	0	0	0	0	0	0	0	0	0	0	0	0	0	0	0	0	10	8	5	0	0
59.400	0	0	0	0	0	0	0	0	0	0	0	0	0	0	0	0	0	0	0	0	0	0	0	0	0	0	0	0	0	0	0	7	1	6	0	0
59.600	0	0	0	0	0	0	0	0	0	0	0	0	0	0	0	0	0	0	0	0	0	0	0	0	0	0	0	0	0	0	0	5	7	7	0	0
59.800	0	0	0	0	0	0	0	0	0	0	0	0	0	0	0	0	0	0	0	0	0	0	0	0	0	0	0	0	0	0	0	9	7	6	0	0
60.000	0	0	0	0	0	0	0	0	0	0	0	0	0	0	0	0	0	0	0	0	0	0	0	0	0	0	0	0	0	0	0	8	5	6	0	0
60.200	0	0	0	0	0	0	0	0	0	0	0	0	0	0	0	0	0	0	0	0	0	0	0	0	0	0	0	0	0	0	0	10	5	6	1	0
60.400	0	0	0	0	0	0	0	0	0	0	0	0	0	0	0	0	0	0	0	0	0	0	0	0	0	0	0	0	0	0	0	7	4	6	0	0
60.600	0	0	0	0	0	0	0	0	0	0	0	0	0	0	0	0	0	0	0	0	0	0	0	0	0	0	0	0	0	0	0	8	0	4	0	0
60.800	0	0	0	0	0	0	0	0	0	0	0	0	0	0	0	0	0	0	0	0	0	0	0	0	0	0	0	0	0	0	0	8	6	6	0	0
61.000	0	0	0	0	0	0	0	0	0	0	0	0	0	0	0	0	0	0	0	0	0	0	0	0	0	0	0	0	0	0	0	5	4	6	0	0
61.200	0	0	0	0	0	0	0	0	0	0	0	0	0	0	0	0	0	0	0	0	0	0	0	0	0	0	0	0	0	0	0	8	8	6	0	0
61.400	0	0	0	0	0	0	0	0	0	0	0	0	0	0	0	0	0	0	0	0	0	0	0	0	0	0	0	0	0	0	0	6	6	6	0	0
61.600	0	0	0	0	0	0	0	0	0	0	0	0	0	0	0	0	0	0	0	0	0	0	0	0	0	0	0	0	0	0	0	6	3	4	0	0
61.800	0	0	0	0	0	0	0	0	0	0	0	0	0	0	0	0	0	0	0	0	0	0	0	0	0	0	0	0	0	0	0	8	4	6	0	0
62.000	0	0	0	0	0	0	0	0	0	0	0	0	0	0	0	0	0	0	0	0	0	0	0	0	0	0	0	0	0	0	0	8	3	4	0	0
62.200	0	0	0	0	0	0	0	0	0	0	0	0	0	0	0	0	0	0	0	0	0	0	0	0	0	0	0	0	0	0	0	2	5	6	0	0
62.400	0	0	0	0	0	0	0	0	0	0	0	0	0	0	0	0	0	0	0	0	0	0	0	0	0	0	0	0	0	0	0	3	10	5	0	0
62.600	0	0	0	0	0	0	0	0	0	0	0	0	0	0	0	0	0	0	0	0	0	0	0	0	0	0	0	0	0	0	0	5	7	5	0	0
62.800	0	0	0	0	0	0	0	0	0	0	0	0	0	0	0	0	0	0	0	0	0	0	0	0	0	0	0	0	0	0	0	3	6	6	0	0
63.000	0	0	0	0	0	0	0	0	0	0	0	0	0	0	0	0	0	0	0	0	0	0	0	0	0	0	0	0	0	0	0	9	10	4	0	0
63.200	0	0	0	0	0	0	0	0	0	0	0	0	0	0	0	0	0	0	0	0	0	0	0	0	0	0	0	0	0	0	0	8	8	4	0	0
63.400	0	0	0	0	0	0	0	0	0	0	0	0	0	0	0	0	0	0	0	0	0	0	0	0	0	0	0	0	0	0	0	6	8	6	0	0
63.600	0	0	0	0	0	0	0	0	0	0	0	0	0	0	0	0	0	0	0	0	0	0	0	0	0	0	0	0	0	0	0	8	6	6	0	0
63.800	0	0	0	0	0	0	0	0	0	0	0	0	0	0	0	0	0	0	0	0	0	0	0	0	0	0	0	0	0	0	0	6	2	4	0	0
64.000	0	0	0	0	0	0	0	0	0	0	0	0	0	0	0	0	0	0	0	0	0	0	0	0	0	0	0	0	0	0	0	7	6	6	0	0
64.200	0	0	0	0	0	0	0	0	0	0	0	0	0	0	0	0	0	0	0	0	0	0	0	0	0	0	0	0	0	0	0	5	10	6	0	0
64.400	0	0	0	0	0	0	0	0	0	0	0	0	0	0	0	0	0	0	0	0	0	0	0	0	0	0	0	0	0	0	0	11	10	6	0	0
64.600	0	0	0	0	0	0	0	0	0	0	0	0	0	0	0	0	0	0	0	0	0	0	0	0	0	0	0	0	0	0	0	12	7	7	0	0
64.800	0	0	0	0	0	0	0	0	0	0	0	0	0	0	0	0	0	0	0	0	0	0	0	0	0	0	0	0	0	0	0	11	8	6	0	0
65.000	0	0	0	0	0	0	0	0	0	0	0	0	0	0	0	0	0	0	0	0	0	0	0	0	0	0	0	0	0	0	0	6	11	4	0	0
65.200	0	0	0	0	0	0	0	0	0	0	0	0	0	0	0	0	0	0	0	0	0	0	0	0	0	0	0	0	0	0	0	11	11	6	0	0
65.400	0	0	0	0	0	0	0	0	0	0	0	0	0	0	0	0	0	0	0	0	0	0	0	0	0	0	0	0	0	0	0	8	7	5	0	0
65.600	0	0	0	0	0	0	0	0	0	0	0	0	0	0	0	0	0	0	0	0	0	0	0	0	0	0	0	0	0	0	0	12	10	6	0	0
65.800	0	0	0	0	0	0	0	0	0	0	0	0	0	0	0	0	0	0	0	0	0	0	0	0	0	0	0	0	0	0	0	10	10	6	0	0
66.000	0	0	0	0	0	0	0	0	0	0	0	0	0	0	0	0	0	0	0	0	0	0	0	0	0	0	0	0	0	0	0	2	2	7	0	0
66.200	0	0	0	0	0	0	0	0	0	0	0	0	0	0	0	0	0	0	0	0	0	0	0	0	0	0	0	0	0	0	0	8	7	6	0	0
66.400	0	0	0	0	0	0	0	0	0	0	0	0	0	0	0	0	0	0	0	0	0	0	0	0	0	0	0	0	0	0	0	3	7	6	0	0
66.600	0	0	0	0	0	0	0	0	0	0	0	0	0	0	0	0	0	0	0	0	0	0	0	0	0	0	0	0	0	0	0	6	7	6	0	0
66.800	0	0	0	0	0	0	0	0	0	0	0	0	0	0	0	0	0	0	0	0	0	0	0	0	0	0	0	0	0	0	0	6	6	6	0	0
67.000	0	0	0	0	0	0	0	0	0	0	0	0	0	0	0	0	0	0	0	0	0	0	0	0	0	0	0	0	0	0	0	8	6	6	0	0
67.200	0	0	0	0	0	0	0	0	0	0	0	0	0	0	0	0	0	0	0	0	0	0	0	0	0	0	0	0	0	0	0	10	5	6	0	0
67.400	0	0	0	0	0	0	0	0	0	0	0	0	0	0	0	0	0	0	0	0	0	0	0	0	0	0	0	0	0	0	0	8	7	6	0	0
67.600	0	0	0	0	0	0	0	0	0	0	0	0	0	0	0	0	0	0	0	0	0	0	0	0	0	0	0	0	0	0	0	4	10	6	0	0
67.800	0	0	0	0	0	0	0	0	0	0	0	0	0	0	0	0	0	0	0	0	0	0	0	0	0	0	0	0	0	0	0	2	7	6	0	0
68.000	0	0	0	0	0	0	0	0	0	0	0	0	0	0	0	0	0	0	0	0	0	0	0	0	0	0	0	0	0	0	0	7	9	6	0	0
68.200	0	0	0	0	0	0	0	0	0	0	0	0	0	0	0	0	0	0	0	0	0	0	0	0	0	0	0	0	0	0	0	8	6	6	0	0
68.400	0	0	0	0	0	0	0	0	0	0	0	0	0	0	0	0	0	0	0	0	0	0	0	0	0	0	0	0	0	0	0	3	2	5	0	0
68.600	0	0	0	0	0	0	0	0	0	0	0	0	0	0	0	0	0	0	0	0	0	0	0	0	0	0	0	0	0	0	0	7	10	6	0	0
68.800	0	0	0	0	0	0	0	0	0	0	0	0	0	0	0	0	0	0	0	0	0	0	0	0	0	0	0	0	0	0	0	5	6	6	0	0
69.000	0	0	0	0	0	0	0	0	0	0	0	0	0	0	0	0	0	0	0	0	0	0	0	0	0	0	0	0	0	0	0	6	5	6	0	0
69.200	0	0	0	0	0	0	0	0	0	0	0	0	0	0	0	0	0	0	0	0	0	0	0	0	0	0	0	0	0	0	0	10	9	2	0	0
69.400	0	0	0	0	0	0	0	0	0	0	0	0	0	0	0	0	0	0	0	0	0	0	0	0	0	0	0	0	0	0	0	9	8	7	0	0
69.600	0	0	0	0	0	0	0	0	0	0	0	0	0	0	0	0	0	0	0	0	0	0	0	0	0	0	0	0	0	0	0	4	7	6	0	0
69.800	0	0	0	0	0	0	0	0	0	0	0	0	0	0	0	0	0	0	0	0	0	0	0	0	0	0	0	0	0	0	0	4	7	6	0	0
70.000	0	0	0	0	0	0	0	0	0	0	0	0	0	0	0	0	0	0	0	0	0	0	0	0	0	0	0	0	0	0	0	6	4	5	0	0
70.200	0	0	0	0	0	0	0	0	0	0	0	0	0	0	0	0	0	0	0	0	0	0	0	0	0	0	0	0	0	0	0	4	9	7	0	0
70.400	0	0	0	0	0	0	0	0	0	0	0	0	0	0	0	0	0	0	0	0	0	0	0	0	0	0	0	0	0	0	0	7	6	6	0	0
70.600	0	0	0	0	0	0	0	0	0	0	0	0	0	0	0	0	0	0	0	0	0	0	0	0	0	0	0	0	0	0	0	5	7	6	0	0
70.800	0	0	0	0	0	0	0	0	0	0	0	0	0	0	0	0	0	0	0	0	0	0	0	0	0	0	0	0	0	0	0	3	7	6	0	0
71.000	0	0	0	0	0	0	0	0	0	0	0	0	0	0	0	0	0	0	0	0	0	0	0	0	0	0	0	0	0	0	0	4	7	7	0	0
71.200	0	0	0	0	0	0	0	0	0	0	0	0	0	0	0	0	0	0	0	0	0	0	0	0	0	0	0	0	0	0	0	3	7	7	0	0
71.400	0	0	0	0	0	0	0	0	0	0	0	0	0	0	0	0	0	0	0	0	0	0	0	0	0	0	0	0	0	0	0	3	5	6	0	0
71.600	0	0	0	0	0	0	0	0	0	0	0	0	0	0	0	0	0	0	0	0	0	0	0	0	0	0	0	0	0	0	0	7	9	6	0	0
71.800	0	0	0	0	0	0	0	0	0	0	0	0	0	0	0	0	0	0	0	0	0	0	0	0	0	0	0	0	0	0	0	10	9	6	0	0
72.000	0	0	0	0	0	0	0	0	0	0	0	0	0	0	0	0	0	0	0	0	0	0	0	0	0	0	0	0	0	0	0	3	6	6	0	0
72.200	0	0	0	0	0	0	0	0	0	0	0	0	0	0	0	0	0	0	0	0	0	0	0	0	0	0	0	0	0	0	0	6	8	7	0	0
72.400	0	0	0	0	0	0	0	0	0	0	0	0	0	0	0	0	0	0	0	0	0	0	0	0	0	0	0	0	0	0	0	3	8	6	0	0
72.600	0	0	0	0	0	0	0	0	0	0	0	0	0	0	0	0	0	0	0	0	0	0	0	0	0	0	0	0	0	0	0	3	9	7	0	0
72.800	0	0	0	0	0	0	0	0	0	0	0	0	0	0	0	0	0	0	0	0	0	0	0	0	0	0	0	0	0	0	0	5	6	6	0	0
73.000	0	0	0	0	0	0	0	0	0	0	0	0	0	0	0	0	0	0	0	0	0	0	0	0	0	0	0	0	0	0	0	4	9	6	0	0
73.200	0	0	0	0	0	0	0	0	0	0	0	0	0	0	0	0	0	0	0	0	0	0	0	0	0	0	0	0	0	0	0	3	8	6	0	0
73.400	0	0	0	0	0	0	0	0	0	0	0	0	0	0	0	0	0	0	0	0	0	0	0	0	0	0	0	0	0	0	0	10	11	6	0	0
73.600	0	0	0	0	0	0	0	0	0	0	0	0	0	0	0	0	0	0	0	0	0	0	0	0	0	0	0	0	0	0	0	6	2	5	0	0
73.800	0	0	0	0	0	0	0	0	0	0	0	0	0	0	0	0	0	0	0	0	0	0	0	0	0	0	0	0	0	0	0	7	8	6	0	0
74.000	0	0	0	0	0	0	0	0	0	0	0	0	0	0	0	0	0	0	0	0	0	0	0	0	0	0	0	0	0	0	0	4	6	6	0	0
74.200	0	0	0	0	0	0	0	0	0	0	0	0	0	0	0	0	0	0	0	0	0	0	0	0	0	0	0	0	0	0	0	4	9	6	0	0
74.400	0	0	0	0	0	0	0	0	0	0	0	0	0	0	0	0	0	0	0	0	0	0	0	0	0	0	0	0	0	0	0	5	10	6	0	0
74.600	0	0	0	0	0	0	0	0	0	0	0	0	0	0	0	0	0	0	0	0	0	0	0	0	0	0	0	0	0	0	0	2	9	6	0	0
74.800	0	0	0	0	0	0	0	0	0	0	0	0	0	0	0	0	0	0	0	0	0	0	0	0	0	0	0	0	0	0	0	4	12	6	0	0
75.000	0	0	0	0	0	0	0	0	0	0	0	0	0	0	0	0	0	0	0	0	0	0	0	0	0	0	0	0	0	0	0	1	5	6	0	0
75.200	0	0	0	0	0	0	0	0	0	0	0	0	0	0	0	0	0	0	0	0	0	0	0	0	0	0	0	0	0	0	0	2	8	6	0	0
75.400	0	0	0	0	0	0	0	0	0	0	0	0	0	0	0	0	0	0	0	0	0	0	0	0	0	0	0	0	0	0	0	0	6	7	0	0
75.600	0	0	0	0	0	0	0	0	0	0	0	0	0	0	0	0	0	0	0	0	0	0	0	0	0	0	0	0	0	0	0	0	3	6	0	0
75.800	0	0	0	0	0	0	0	0	0	0	0	0	0	0	0	0	0	0	0	0	0	0	0	0	0	0	0	0	0	0	0	0	9	6	0	0
76.000	0	0	0	0	0	0	0	0	0	0	0	0	0	0	0	0	0	0	0	0	0	0	0	0	0	0	0	0	0	0	0	1	7	3	0	0
76.200	0	0	0	0	0	0	0	0	0	0	0	0	0	0	0	0	0	0	0	0	0	0	0	0	0	0	0	0	0	0	0	0	7	2	0	1
76.400	0	0	0	0	0	0	0	0	0	0	0	0	0	0	0	0	0	0	0	0	0	0	0	0	0	0	0	0	0	0	0	1	7	6	0	0
76.600	0	0	0	0	0	0	0	0	0	0	0	0	0	0	0	0	0	0	0	0	0	0	0	0	0	0	0	0	0	0	0	0	8	6	0	0
76.800	0	0	0	0	0	0	0	0	0	0	0	0	0	0	0	0	0	0	0	0	0	0	0	0	0	0	0	0	0	0	0	4	8	2	0	0
77.000	0	0	0	0	0	0	0	0	0	0	0	0	0	0	0	0	0	0	0	0	0	0	0	0	0	0	0	0	0	0	0	2	8	6	0	0
77.200	0	0	0	0	0	0	0	0	0	0	0	0	0	0	0	0	0	0	0	0	0	0	0	0	0	0	0	0	0	0	0	0	7	6	0	0
77.400	0	0	0	0	0	0	0	0	0	0	0	0	0	0	0	0	0	0	0	0	0	0	0	0	0	0	0	0	0	0	0	0	6	6	0	0
77.600	0	0	0	0	0	0	0	0	0	0	0	0	0	0	0	0	0	0	0	0	0	0	0	0	0	0	0	0	0	0	0	3	8	6	0	0
77.800	0	0	0	0	0	0	0	0	0	0	0	0	0	0	0	0	0	0	0	0	0	0	0	0	0	0	0	0	0	0	0	0	9	6	0	0
78.000	0	0	0	0	0	0	0	0	0	0	0	0	0	0	0	0	0	0	0	0	0	0	0	0	0	0	0	0	0	0	0	0	2	6	0	0
78.200	0	0	0	0	0	0	0	0	0	0	0	0	0	0	0	0	0	0	0	0	0	0	0	0	0	0	0	0	0	0	0	0	3	5	0	0
78.400	0	0	0	0	0	0	0	0	0	0	0	0	0	0	0	0	0	0	0	0	0	0	0	0	0	0	0	0	0	0	0	1	4	4	0	0
78.600	0	0	0	0	0	0	0	0	0	0	0	0	0	0	0	0	0	0	0	0	0	0	0	0	0	0	0	0	0	0	0	2	8	6	0	0
78.800	0	0	0	0	0	0	0	0	0	0	0	0	0	0	0	0	0	0	0	0	0	0	0	0	0	0	0	0	0	0	0	0	3	5	0	0
79.000	0	0	0	0	0	0	0	0	0	0	0	0	0	0	0	0	0	0	0	0	0	0	0	0	0	0	0	0	0	0	0	3	5	3	0	0
79.200	0	0	0	0	0	0	0	0	0	0	0	0	0	0	0	0	0	0	0	0	0	0	0	0	0	0	0	0	0	0	0	3	6	6	0	0
79.400	0	0	0	0	0	0	0	0	0	0	0	0	0	0	0	0	0	0	0	0	0	0	0	0	0	0	0	0	0	0	0	6	7	6	0	0
79.600	0	0	0	0	0	0	0	0	0	0	0	0	0	0	0	0	0	0	0	0	0	0	0	0	0	0	0	0	0	0	0	4	1	6	0	0
79.800	0	0	0	0	0	0	0	0	0	0	0	0	0	0	0	0	0	0	0	0	0	0	0	0	0	0	0	0	0	0	0	5	6	4	0	0
80.000	0	0	0	0	0	0	0	0	0	0	0	0	0	0	0	0	0	0	0	0	0	0	0	0	0	0	0	0	0	0	0	4	8	5	0	0
80.200	0	0	0	0	0	0	0	0	0	0	0	0	0	0	0	0	0	0	0	0	0	0	0	0	0	0	0	0	0	0	0	5	6	6	0	0
80.400	0	0	0	0	0	0	0	0	0	0	0	0	0	0	0	0	0	0	0	0	0	0	0	0	0	0	0	0	0	0	0	6	3	5	0	0
80.600	0	0	0	0	0	0	0	0	0	0	0	0	0	0	0	0	0	0	0	0	0	0	0	0	0	0	0	0	0	0	0	4	4	5	0	0
80.800	0	0	0	0	0	0	0	0	0	0	0	0	0	0	0	0	0	0	0	0	0	0	0	0	0	0	0	0	0	0	0	3	6	6	0	0
81.000	0	0	0	0	0	0	0	0	0	0	0	0	0	0	0	0	0	0	0	0	0	0	0	0	0	0	0	0	0	0	0	6	5	5	0	0
81.200	0	0	0	0	0	0	0	0	0	0	0	0	0	0	0	0	0	0	0	0	0	0	0	0	0	0	0	0	0	0	0	2	4	5	0	0
81.400	0	0	0	0	0	0	0	0	0	0	0	0	0	0	0	0	0	0	0	0	0	0	0	0	0	0	0	0	0	0	0	3	6	4	0	0
81.600	0	0	0	0	0	0	0	0	0	0	0	0	0	0	0	0	0	0	0	0	0	0	0	0	0	0	0	0	0	0	0	3	5	6	0	0
81.800	0	0	0	0	0	0	0	0	0	0	0	0	0	0	0	0	0	0	0	0	0	0	0	0	0	0	0	0	0	0	0	7	5	6	0	0
82.000	0	0	0	0	0	0	0	0	0	0	0	0	0	0	0	0	0	0	0	0	0	0	0	0	0	0	0	0	0	0	0	8	4	6	0	0
82.200	0	0	0	0	0	0	0	0	0	0	0	0	0	0	0	0	0	0	0	0	0	0	0	0	0	0	0	0	0	0	0	6	1	5	0	0
82.400	0	0	0	0	0	0	0	0	0	0	0	0	0	0	0	0	0	0	0	0	0	0	0	0	0	0	0	0	0	0	0	7	0	5	0	0
82.600	0	0	0	0	0	0	0	0	0	0	0	0	0	0	0	0	0	0	0	0	0	0	0	0	0	0	0	0	0	0	0	5	7	6	0	0
82.800	0	0	0	0	0	0	0	0	0	0	0	0	0	0	0	0	0	0	0	0	0	0	0	0	0	0	0	0	0	0	0	9	4	6	0	0
83.000	0	0	0	0	0	0	0	0	0	0	0	0	0	0	0	0	0	0	0	0	0	0	0	0	0	0	0	0	0	0	0	10	6	5	0	0
83.200	0	0	0	0	0	0	0	0	0	0	0	0	0	0	0	0	0	0	0	0	0	0	0	0	0	0	0	0	0	0	0	9	3	5	0	0
83.400	0	0	0	0	0	0	0	0	0	0	0	0	0	0	0	0	0	0	0	0	0	0	0	0	0	0	0	0	0	0	0	10	3	6	0	0
83.600	0	0	0	0	0	0	0	0	0	0	0	0	0	0	0	0	0	0	0	0	0	0	0	0	0	0	0	0	0	0	0	5	0	3	0	0
83.800	0	0	0	0	0	0	0	0	0	0	0	0	0	0	0	0	0	0	0	0	0	0	0	0	0	0	0	0	0	0	0	11	1	3	1	0
84.000	0	0	0	0	0	0	0	0	0	0	0	0	0	0	0	0	0	0	0	0	0	0	0	0	0	0	0	0	0	0	0	8	0	4	1	0
84.200	0	0	0	0	0	0	0	0	0	0	0	0	0	0	0	0	0	0	0	0	0	0	0	0	0	0	0	0	0	0	0	8	1	2	0	0
84.400	0	0	0	0	0	0	0	0	0	0	0	0	0	0	0	0	0	0	0	0	0	0	0	0	0	0	0	0	0	0	0	10	0	3	0	0
84.600	0	0	0	0	0	0	0	0	0	0	0	0	0	0	0	0	0	0	0	0	0	0	0	0	0	0	0	0	0	0	0	6	0	3	0	0
84.800	0	0	0	0	0	0	0	0	0	0	0	0	0	0	0	0	0	0	0	0	0	0	0	0	0	0	0	0	0	0	0	7	0	3	0	0
85.000	0	0	0	0	0	0	0	0	0	0	0	0	0	0	0	0	0	0	0	0	0	0	0	0	0	0	0	0	0	0	0	7	0	2	0	0
85.200	0	0	0	0	0	0	0	0	0	0	0	0	0	0	0	0	0	0	0	0	0	0	0	0	0	0	0	0	0	0	0	9	3	6	0	0
85.400	0	0	0	0	0	0	0	0	0	0	0	0	0	0	0	0	0	0	0	0	0	0	0	0	0	0	0	0	0	0	0	6	1	4	0	0
85.600	0	0	0	0	0	0	0	0	0	0	0	0	0	0	0	0	0	0	0	0	0	0	0	0	0	0	0	0	0	0	0	6	0	3	0	0
85.800	0	0	0	0	0	0	0	0	0	0	0	0	0	0	0	0	0	0	0	0	0	0	0	0	0	0	0	0	0	0	0	7	5	6	0	0
86.000	0	0	0	0	0	0	0	0	0	0	0	0	0	0	0	0	0	0	0	0	0	0	0	0	0	0	0	0	0	0	0	6	5	4	0	0
86.200	0	0	0	0	0	0	0	0	0	0	0	0	0	0	0	0	0	0	0	0	0	0	0	0	0	0	0	0	0	0	0	11	6	6	0	0
86.400	0	0	0	0	0	0	0	0	0	0	0	0	0	0	0	0	0	0	0	0	0	0	0	0	0	0	0	0	0	0	0	6	8	4	0	0
86.600	0	0	0	0	0	0	0	0	0	0	0	0	0	0	0	0	0	0	0	0	0	0	0	0	0	0	0	0	0	0	0	7	5	6	0	0
86.800	0	0	0	0	0	0	0	0	0	0	0	0	0	0	0	0	0	0	0	0	0	0	0	0	0	0	0	0	0	0	0	10	8	6	0	0
87.000	0	0	0	0	0	0	0	0	0	0	0	0	0	0	0	0	0	0	0	0	0	0	0	0	0	0	0	0	0	0	0	4	5	6	0	0
87.200	0	0	0	0	0	0	0	0	0	0	0	0	0	0	0	0	0	0	0	0	0	0	0	0	0	0	0	0	0	0	0	11	7	3	0	0
87.400	0	0	0	0	0	0	0	0	0	0	0	0	0	0	0	0	0	0	0	0	0	0	0	0	0	0	0	0	0	0	0	7	5	6	0	0
87.600	0	0	0	0	0	0	0	0	0	0	0	0	0	0	0	0	0	0	0	0	0	0	0	0	0	0	0	0	0	0	0	7	6	6	0	0
87.800	0	0	0	0	0	0	0	0	0	0	0	0	0	0	0	0	0	0	0	0	0	0	0	0	0	0	0	0	0	0	0	7	8	5	0	0
88.000	0	0	0	0	0	0	0	0	0	0	0	0	0	0	0	0	0	0	0	0	0	0	0	0	0	0	0	0	0	0	0	5	6	5	0	0
88.200	0	0	0	0	0	0	0	0	0	0	0	0	0	0	0	0	0	0	0	0	0	0	0	0	0	0	0	0	0	0	0	5	5	5	0	0
88.400	0	0	0	0	0	0	0	0	0	0	0	0	0	0	0	0	0	0	0	0	0	0	0	0	0	0	0	0	0	0	0	7	6	5	0	0
88.600	0	0	0	0	0	0	0	0	0	0	0	0	0	0	0	0	0	0	0	0	0	0	0	0	0	0	0	0	0	0	0	3	5	6	0	0
88.800	0	0	0	0	0	0	0	0	0	0	0	0	0	0	0	0	0	0	0	0	0	0	0	0	0	0	0	0	0	0	0	4	5	6	0	0
89.000	0	0	0	0	0	0	0	0	0	0	0	0	0	0	0	0	0	0	0	0	0	0	0	0	0	0	0	0	0	0	0	5	2	4	0	0
89.200	0	0	0	0	0	0	0	0	0	0	0	0	0	0	0	0	0	0	0	0	0	0	0	0	0	0	0	0	0	0	0	5	4	6	0	0
89.400	0	0	0	0	0	0	0	0	0	0	0	0	0	0	0	0	0	0	0	0	0	0	0	0	0	0	0	0	0	0	0	10	8	6	0	0
89.600	0	0	0	0	0	0	0	0	0	0	0	0	0	0	0	0	0	0	0	0	0	0	0	0	0	0	0	0	0	0	0	4	6	4	0	0
89.800	0	0	0	0	0	0	0	0	0	0	0	0	0	0	0	0	0	0	0	0	0	0	0	0	0	0	0	0	0	0	0	2	2	4	0	0
90.000	0	0	0	0	0	0	0	0	0	0	0	0	0	0	0	0	0	0	0	0	0	0	0	0	0	0	0	0	0	0	0	0	2	4	0	0
90.200	0	0	0	0	0	0	0	0	0	0	0	0	0	0	0	0	0	0	0	0	0	0	0	0	0	0	0	0	0	0	0	0	3	6	0	0
90.400	0	0	0	0	0	0	0	0	0	0	0	0	0	0	0	0	0	0	0	0	0	0	0	0	0	0	0	0	0	0	0	0	4	5	0	0
90.600	0	0	0	0	0	0	0	0	0	0	0	0	0	0	0	0	0	0	0	0	0	0	0	0	0	0	0	0	0	0	0	0	0	3	0	0
90.800	0	0	0	0	0	0	0	0	0	0	0	0	0	0	0	0	0	0	0	0	0	0	0	0	0	0	0	0	0	0	0	0	3	5	0	0
91.000	0	0	0	0	0	0	0	0	0	0	0	0	0	0	0	0	0	0	0	0	0	0	0	0	0	0	0	0	0	0	0	0	0	2	0	0
91.200	0	0	0	0	0	0	0	0	0	0	0	0	0	0	0	0	0	0	0	0	0	0	0	0	0	0	0	0	0	0	0	0	5	3	0	0
91.400	0	0	0	0	0	0	0	0	0	0	0	0	0	0	0	0	0	0	0	0	0	0	0	0	0	0	0	0	0	0	0	0	3	4	0	0
91.600	0	0	0	0	0	0	0	0	0	0	0	0	0	0	0	0	0	0	0	0	0	0	0	0	0	0	0	0	0	0	0	0	3	5	0	0
91.800	0	0	0	0	0	0	0	0	0	0	0	0	0	0	0	0	0	0	0	0	0	0	0	0	0	0	0	0	0	0	0	0	2	2	0	0
92.000	0	0	0	0	0	0	0	0	0	0	0	0	0	0	0	0	0	0	0	0	0	0	0	0	0	0	0	0	0	0	0	0	3	4	0	0
92.200	0	0	0	0	0	0	0	0	0	0	0	0	0	0	0	0	0	0	0	0	0	0	0	0	0	0	0	0	0	0	0	0	6	3	0	0
92.400	0	0	0	0	0	0	0	0	0	0	0	0	0	0	0	0	0	0	0	0	0	0	0	0	0	0	0	0	0	0	0	0	3	5	2	0
92.600	0	0	0	0	0	0	0	0	0	0	0	0	0	0	0	0	0	0	0	0	0	0	0	0	0	0	0	0	0	0	0	0	4	2	0	0
92.800	0	0	0	0	0	0	0	0	0	0	0	0	0	0	0	0	0	0	0	0	0	0	0	0	0	0	0	0	0	0	0	2	4	1	0	0
93.000	0	0	0	0	0	0	0	0	0	0	0	0	0	0	0	0	0	0	0	0	0	0	0	0	0	0	0	0	0	0	0	0	2	4	0	0
93.200	0	0	0	0	0	0	0	0	0	0	0	0	0	0	0	0	0	0	0	0	0	0	0	0	0	0	0	0	0	0	0	5	1	3	0	0
93.400	0	0	0	0	0	0	0	0	0	0	0	0	0	0	0	0	0	0	0	0	0	0	0	0	0	0	0	0	0	0	0	1	3	4	0	0
93.600	0	0	0	0	0	0	0	0	0	0	0	0	0	0	0	0	0	0	0	0	0	0	0	0	0	0	0	0	0	0	0	5	6	4	1	0
93.800	0	0	0	0	0	0	0	0	0	0	0	0	0	0	0	0	0	0	0	0	0	0	0	0	0	0	0	0	0	0	0	2	2	0	0	0
94.000	0	0	0	0	0	0	0	0	0	0	0	0	0	0	0	0	0	0	0	0	0	0	0	0	0	0	0	0	0	0	0	5	5	1	0	0
94.200	0	0	0	0	0	0	0	0	0	0	0	0	0	0	0	0	0	0	0	0	0	0	0	0	0	0	0	0	0	0	0	6	0	7	1	0
94.400	0	0	0	0	0	0	0	0	0	0	0	0	0	0	0	0	0	0	0	0	0	0	0	0	0	0	0	0	0	0	0	5	5	5	0	0
94.600	0	0	0	0	0	0	0	0	0	0	0	0	0	0	0	0	0	0	0	0	0	0	0	0	0	0	0	0	0	0	0	4	3	2	0	0
94.800	0	0	0	0	0	0	0	0	0	0	0	0	0	0	0	0	0	0	0	0	0	0	0	0	0	0	0	0	0	0	0	9	4	4	0	0
95.000	0	0	0	0	0	0	0	0	0	0	0	0	0	0	0	0	0	0	0	0	0	0	0	0	0	0	0	0	0	0	0	7	2	2	0	0
95.200	0	0	0	0	0	0	0	0	0	0	0	0	0	0	0	0	0	0	0	0	0	0	0	0	0	0	0	0	0	0	0	5	3	6	1	0
95.400	0	0	0	0	0	0	0	0	0	0	0	0	0	0	0	0	0	0	0	0	0	0	0	0	0	0	0	0	0	0	0	4	4	4	0	0
95.600	0	0	0	0	0	0	0	0	0	0	0	0	0	0	0	0	0	0	0	0	0	0	0	0	0	0	0	0	0	0	0	3	4	4	1	0
95.800	0	0	0	0	0	0	0	0	0	0	0	0	0	0	0	0	0	0	0	0	0	0	0	0	0	0	0	0	0	0	0	3	2	4	1	0
96.000	0	0	0	0	0	0	0	0	0	0	0	0	0	0	0	0	0	0	0	0	0	0	0	0	0	0	0	0	0	0	0	4	4	8	2	0
96.200	0	0	0	0	0	0	0	0	0	0	0	0	0	0	0	0	0	0	0	0	0	0	0	0	0	0	0	0	0	0	0	4	6	6	2	0
96.400	0	0	0	0	0	0	0	0	0	0	0	0	0	0	0	0	0	0	0	0	0	0	0	0	0	0	0	0	0	0	0	2	2	6	2	0
96.600	0	0	0	0	0	0	0	0	0	0	0	0	0	0	0	0	0	0	0	0	0	0	0	0	0	0	0	0	0	0	0	3	4	7	2	0
96.800	0	0	0	0	0	0	0	0	0	0	0	0	0	0	0	0	0	0	0	0	0	0	0	0	0	0	0	0	0	0	0	2	1	4	1	0
97.000	0	0	0	0	0	0	0	0	0	0	0	0	0	0	0	0	0	0	0	0	0	0	0	0	0	0	0	0	0	0	0	4	5	4	0	0
97.200	0	0	0	0	0	0	0	0	0	0	0	0	0	0	0	0	0	0	0	0	0	0	0	0	0	0	0	0	0	0	0	5	3	3	0	0
97.400	0	0	0	0	0	0	0	0	0	0	0	0	0	0	0	0	0	0	0	0	0	0	0	0	0	0	0	0	0	0	0	4	7	3	0	0
97.600	0	0	0	0	0	0	0	0	0	0	0	0	0	0	0	0	0	0	0	0	0	0	0	0	0	0	0	0	0	0	0	1	2	5	0	4
97.800	0	0	0	0	0	0	0	0	0	0	0	0	0	0	0	0	0	0	0	0	0	0	0	0	0	0	0	0	0	0	0	4	5	5	0	3
98.000	0	0	0	0	0	0	0	0	0	0	0	0	0	0	0	0	0	0	0	0	0	0	0	0	0	0	0	0	0	0	0	2	0	4	0	4
98.200	0	0	0	0	0	0	0	0	0	0	0	0	0	0	0	0	0	0	0	0	0	0	0	0	0	0	0	0	0	0	0	2	6	3	0	5
98.400	0	0	0	0	0	0	0	0	0	0	0	0	0	0	0	0	0	0	0	0	0	0	0	0	0	0	0	0	0	0	0	5	6	2	0	2
98.600	0	0	0	0	0	0	0	0	0	0	0	0	0	0	0	0	0	0	0	0	0	0	0	0	0	0	0	0	0	0	0	4	3	4	0	4
98.800	0	0	0	0	0	0	0	0	0	0	0	0	0	0	0	0	0	0	0	0	0	0	0	0	0	0	0	0	0	0	0	0	3	7	0	1
99.000	0	0	0	0	0	0	0	0	0	0	0	0	0	0	0	0	0	0	0	0	0	0	0	0	0	0	0	0	0	0	0	1	1	2	0	2
99.200	0	0	0	0	0	0	0	0	0	0	0	0	0	0	0	0	0	0	0	0	0	0	0	0	0	0	0	0	0	0	0	3	3	6	1	3
99.400	0	0	0	0	0	0	0	0	0	0	0	0	0	0	0	0	0	0	0	0	0	0	0	0	0	0	0	0	0	0	0	2	2	5	2	4
99.600	0	0	0	0	0	0	0	0	0	0	0	0	0	0	0	0	0	0	0	0	0	0	0	0	0	0	0	0	0	0	0	5	4	6	1	3
99.800	0	0	0	0	0	0	0	0	0	0	0	0	0	0	0	0	0	0	0	0	0	0	0	0	0	0	0	0	0	0	0	2	0	7	2	3
100.000	0	0	0	0	0	0	0	0	0	0	0	0	0	0	0	0	0	0	0	0	0	0	0	0	0	0	0	0	0	0	0	5	5	5	0	1
100.200	0	0	0	0	0	0	0	0	0	0	0	0	0	0	0	0	0	0	0	0	0	0	0	0	0	0	0	0	0	0	0	6	4	7	1	3
100.400	0	0	0	0	0	0	0	0	0	0	0	0	0	0	0	0	0	0	0	0	0	0	0	0	0	0	0	0	0	0	0	2	2	7	1	3
100.600	0	0	0	0	0	0	0	0	0	0	0	0	0	0	0	0	0	0	0	0	0	0	0	0	0	0	0	0	0	0	0	4	7	7	0	6
100.800	0	0	0	0	0	0	0	0	0	0	0	0	0	0	0	0	0	0	0	0	0	0	0	0	0	0	0	0	0	0	0	4	1	2	0	1
101.000	0	0	0	0	0	0	0	0	0	0	0	0	0	0	0	0	0	0	0	0	0	0	0	0	0	0	0	0	0	0	0	3	4	7	1	1
101.200	0	0	0	0	0	0	0	0	0	0	0	0	0	0	0	0	0	0	0	0	0	0	0	0	0	0	0	0	0	0	0	5	4	3	0	0
101.400	0	0	0	0	0	0	0	0	0	0	0	0	0	0	0	0	0	0	0	0	0	0	0	0	0	0	0	0	0	0	0	3	0	3	1	0
101.600	0	0	0	0	0	0	0	0	0	0	0	0	0	0	0	0	0	0	0	0	0	0	0	0	0	0	0	0	0	0	0	3	4	6	2	0
101.800	0	0	0	0	0	0	0	0	0	0	0	0	0	0	0	0	0	0	0	0	0	0	0	0	0	0	0	0	0	0	0	2	4	4	0	0
102.000	0	0	0	0	0	0	0	0	0	0	0	0	0	0	0	0	0	0	0	0	0	0	0	0	0	0	0	0	0	0	0	3	7	8	1	0
102.200	0	0	0	0	0	0	0	0	0	0	0	0	0	0	0	0	0	0	0	0	0	0	0	0	0	0	0	0	0	0	0	0	2	5	0	0
102.400	0	0	0	0	0	0	0	0	0	0	0	0	0	0	0	0	0	0	0	0	0	0	0	0	0	0	0	0	0	0	0	0	3	9	1	0
102.600	0	0	0	0	0	0	0	0	0	0	0	0	0	0	0	0	0	0	0	0	0	0	0	0	0	0	0	0	0	0	0	0	1	3	0	0
102.800	0	0	0	0	0	0	0	0	0	0	0	0	0	0	0	0	0	0	0	0	0	0	0	0	0	0	0	0	0	0	0	0	4	5	0	0
103.000	0	0	0	0	0	0	0	0	0	0	0	0	0	0	0	0	0	0	0	0	0	0	0	0	0	0	0	0	0	0	0	0	4	1	0	0
103.200	0	0	0	0	0	0	0	0	0	0	0	0	0	0	0	0	0	0	0	0	0	0	0	0	0	0	0	0	0	0	0	0	3	4	0	0
103.400	0	0	0	0	0	0	0	0	0	0	0	0	0	0	0	0	0	0	0	0	0	0	0	0	0	0	0	0	0	0	0	1	5	3	0	0
103.600	0	0	0	0	0	0	0	0	0	0	0	0	0	0	0	0	0	0	0	0	0	0	0	0	0	0	0	0	0	0	0	0	4	2	0	0
103.800	0	0	0	0	0	0	0	0	0	0	0	0	0	0	0	0	0	0	0	0	0	0	0	0	0	0	0	0	0	0	0	0	6	2	0	0
104.000	0	0	0	0	0	0	0	0	0	0	0	0	0	0	0	0	0	0	0	0	0	0	0	0	0	0	0	0	0	0	0	0	6	5	0	0
104.200	0	0	0	0	0	0	0	0	0	0	0	0	0	0	0	0	0	0	0	0	0	0	0	0	0	0	0	0	0	0	0	1	9	4	0	0
104.400	0	0	0	0	0	0	0	0	0	0	0	0	0	0	0	0	0	0	0	0	0	0	0	0	0	0	0	0	0	0	0	0	7	6	0	0
104.600	0	0	0	0	0	0	0	0	0	0	0	0	0	0	0	0	0	0	0	0	0	0	0	0	0	0	0	0	0	0	0	0	7	4	0	0
104.800	0	0	0	0	0	0	0	0	0	0	0	0	0	0	0	0	0	0	0	0	0	0	0	0	0	0	0	0	0	0	0	0	4	6	0	0
105.000	0	0	0	0	0	0	0	0	0	0	0	0	0	0	0	0	0	0	0	0	0	0	0	0	0	0	0	0	0	0	0	0	5	5	0	0
105.200	0	0	0	0	0	0	0	0	0	0	0	0	0	0	0	0	0	0	0	0	0	0	0	0	0	0	0	0	0	0	0	0	7	4	0	0
105.400	0	0	0	0	0	0	0	0	0	0	0	0	0	0	0	0	0	0	0	0	0	0	0	0	0	0	0	0	0	0	0	0	4	6	0	0
105.600	0	0	0	0	0	0	0	0	0	0	0	0	0	0	0	0	0	0	0	0	0	0	0	0	0	0	0	0	0	0	0	0	6	7	0	0
105.800	0	0	0	0	0	0	0	0	0	0	0	0	0	0	0	0	0	0	0	0	0	0	0	0	0	0	0	0	0	0	0	0	7	4	0	0
106.000	0	0	0	0	0	0	0	0	0	0	0	0	0	0	0	0	0	0	0	0	0	0	0	0	0	0	0	0	0	0	0	0	6	4	0	0
106.200	0	0	0	0	0	0	0	0	0	0	0	0	0	0	0	0	0	0	0	0	0	0	0	0	0	0	0	0	0	0	0	0	3	1	0	0
106.400	0	0	0	0	0	0	0	0	0	0	0	0	0	0	0	0	0	0	0	0	0	0	0	0	0	0	0	0	0	0	0	0	1	3	0	0
106.600	0	0	0	0	0	0	0	0	0	0	0	0	0	0	0	0	0	0	0	0	0	0	0	0	0	0	0	0	0	0	0	0	6	4	0	0
106.800	0	0	0	0	0	0	0	0	0	0	0	0	0	0	0	0	0	0	0	0	0	0	0	0	0	0	0	0	0	0	0	0	8	4	0	0
107.000	0	0	0	0	0	0	0	0	0	0	0	0	0	0	0	0	0	0	0	0	0	0	0	0	0	0	0	0	0	0	0	0	5	4	0	0
107.200	0	0	0	0	0	0	0	0	0	0	0	0	0	0	0	0	0	0	0	0	0	0	0	0	0	0	0	0	0	0	0	0	7	4	0	0
107.400	0	0	0	0	0	0	0	0	0	0	0	0	0	0	0	0	0	0	0	0	0	0	0	0	0	0	0	0	0	0	0	0	4	4	0	0
107.600	0	0	0	0	0	0	0	0	0	0	0	0	0	0	0	0	0	0	0	0	0	0	0	0	0	0	0	0	0	0	0	0	6	3	0	0
107.800	0	0	0	0	0	0	0	0	0	0	0	0	0	0	0	0	0	0	0	0	0	0	0	0	0	0	0	0	0	0	0	0	6	3	0	0
108.000	0	0	0	0	0	0	0	0	0	0	0	0	0	0	0	0	0	0	0	0	0	0	0	0	0	0	0	0	0	0	0	0	7	4	0	0
108.200	0	0	0	0	0	0	0	0	0	0	0	0	0	0	0	0	0	0	0	0	0	0	0	0	0	0	0	0	0	0	0	0	3	3	0	0
108.400	0	0	0	0	0	0	0	0	0	0	0	0	0	0	0	0	0	0	0	0	0	0	0	0	0	0	0	0	0	0	0	0	3	4	0	0
108.600	0	0	0	0	0	0	0	0	0	0	0	0	0	0	0	0	0	0	0	0	0	0	0	0	0	0	0	0	0	0	0	0	3	2	0	0
108.800	0	0	0	0	0	0	0	0	0	0	0	0	0	0	0	0	0	0	0	0	0	0	0	0	0	0	0	0	0	0	0	0	3	4	0	0
109.000	0	0	0	0	0	0	0	0	0	0	0	0	0	0	0	0	0	0	0	0	0	0	0	0	0	0	0	0	0	0	0	0	3	2	0	0
109.200	0	0	0	0	0	0	0	0	0	0	0	0	0	0	0	0	0	0	0	0	0	0	0	0	0	0	0	0	0	0	0	0	2	5	0	0
109.400	0	0	0	0	0	0	0	0	0	0	0	0	0	0	0	0	0	0	0	0	0	0	0	0	0	0	0	0	0	0	0	0	3	3	0	0
109.600	0	0	0	0	0	0	0	0	0	0	0	0	0	0	0	0	0	0	0	0	0	0	0	0	0	0	0	0	0	0	0	0	3	3	0	0
109.800	0	0	0	0	0	0	0	0	0	0	0	0	0	0	0	0	0	0	0	0	0	0	0	0	0	0	0	0	0	0	0	0	3	4	0	0
110.000	0	0	0	0	0	0	0	0	0	0	0	0	0	0	0	0	0	0	0	0	0	0	0	0	0	0	0	0	0	0	0	0	1	4	0	0
110.200	0	0	0	0	0	0	0	0	0	0	0	0	0	0	0	0	0	0	0	0	0	0	0	0	0	0	0	0	0	0	0	0	2	2	0	0
110.400	0	0	0	0	0	0	0	0	0	0	0	0	0	0	0	0	0	0	0	0	0	0	0	0	0	0	0	0	0	0	0	0	5	6	0	0
110.600	0	0	0	0	0	0	0	0	0	0	0	0	0	0	0	0	0	0	0	0	0	0	0	0	0	0	0	0	0	0	0	0	3	4	0	0
110.800	0	0	0	0	0	0	0	0	0	0	0	0	0	0	0	0	0	0	0	0	0	0	0	0	0	0	0	0	0	0	0	1	3	4	0	0
111.000	0	0	0	0	0	0	0	0	0	0	0	0	0	0	0	0	0	0	0	0	0	0	0	0	0	0	0	0	0	0	0	1	2	5	0	0
111.200	0	0	0	0	0	0	0	0	0	0	0	0	0	0	0	0	0	0	0	0	0	0	0	0	0	0	0	0	0	0	0	3	1	3	0	0
111.400	0	0	0	0	0	0	0	0	0	0	0	0	0	0	0	0	0	0	0	0	0	0	0	0	0	0	0	0	0	0	0	2	10	4	0	0
111.600	0	0	0	0	0	0	0	0	0	0	0	0	0	0	0	0	0	0	0	0	0	0	0	0	0	0	0	0	0	0	0	3	3	4	0	0
111.800	0	0	0	0	0	0	0	0	0	0	0	0	0	0	0	0	0	0	0	0	0	0	0	0	0	0	0	0	0	0	0	3	4	1	0	0
112.000	0	0	0	0	0	0	0	0	0	0	0	0	0	0	0	0	0	0	0	0	0	0	0	0	0	0	0	0	0	0	0	2	3	1	0	0
112.200	0	0	0	0	0	0	0	0	0	0	0	0	0	0	0	0	0	0	0	0	0	0	0	0	0	0	0	0	0	0	0	2	5	2	0	0
112.400	0	0	0	0	0	0	0	0	0	0	0	0	0	0	0	0	0	0	0	0	0	0	0	0	0	0	0	0	0	0	0	0	1	2	0	0
112.600	0	0	0	0	0	0	0	0	0	0	0	0	0	0	0	0	0	0	0	0	0	0	0	0	0	0	0	0	0	0	0	7	7	2	0	0
112.800	0	0	0	0	0	0	0	0	0	0	0	0	0	0	0	0	0	0	0	0	0	0	0	0	0	0	0	0	0	0	0	0	3	5	2	0
113.000	0	0	0	0	0	0	0	0	0	0	0	0	0	0	0	0	0	0	0	0	0	0	0	0	0	0	0	0	0	0	0	2	3	2	0	0
113.200	0	0	0	0	0	0	0	0	0	0	0	0	0	0	0	0	0	0	0	0	0	0	0	0	0	0	0	0	0	0	0	5	2	2	0	0
113.400	0	0	0	0	0	0	0	0	0	0	0	0	0	0	0	0	0	0	0	0	0	0	0	0	0	0	0	0	0	0	0	3	5	2	0	0
113.600	0	0	0	0	0	0	0	0	0	0	0	0	0	0	0	0	0	0	0	0	0	0	0	0	0	0	0	0	0	0	0	1	3	2	0	1
113.800	0	0	0	0	0	0	0	0	0	0	0	0	0	0	0	0	0	0	0	0	0	0	0	0	0	0	0	0	0	0	0	2	2	5	0	0
114.000	0	0	0	0	0	0	0	0	0	0	0	0	0	0	0	0	0	0	0	0	0	0	0	0	0	0	0	0	0	0	0	1	6	2	0	6
114.200	0	0	0	0	0	0	0	0	0	0	0	0	0	0	0	0	0	0	0	0	0	0	0	0	0	0	0	0	0	0	0	3	5	3	0	4
114.400	0	0	0	0	0	0	0	0	0	0	0	0	0	0	0	0	0	0	0	0	0	0	0	0	0	0	0	0	0	0	0	0	3	3	0	4
114.600	0	0	0	0	0	0	0	0	0	0	0	0	0	0	0	0	0	0	0	0	0	0	0	0	0	0	0	0	0	0	0	2	4	4	0	4
114.800	0	0	0	0	0	0	0	0	0	0	0	0	0	0	0	0	0	0	0	0	0	0	0	0	0	0	0	0	0	0	0	5	2	2	0	4
115.000	0	0	0	0	0	0	0	0	0	0	0	0	0	0	0	0	0	0	0	0	0	0	0	0	0	0	0	0	0	0	0	3	1	6	1	2
115.200	0	0	0	0	0	0	0	0	0	0	0	0	0	0	0	0	0	0	0	0	0	0	0	0	0	0	0	0	0	0	0	4	3	2	0	3
115.400	0	0	0	0	0	0	0	0	0	0	0	0	0	0	0	0	0	0	0	0	0	0	0	0	0	0	0	0	0	0	0	2	2	5	0	0
115.600	0	0	0	0	0	0	0	0	0	0	0	0	0	0	0	0	0	0	0	0	0	0	0	0	0	0	0	0	0	0	0	4	4	4	1	0
115.800	0	0	0	0	0	0	0	0	0	0	0	0	0	0	0	0	0	0	0	0	0	0	0	0	0	0	0	0	0	0	0	4	5	2	1	1
116.000	0	0	0	0	0	0	0	0	0	0	0	0	0	0	0	0	0	0	0	0	0	0	0	0	0	0	0	0	0	0	0	3	5	2	0	0
116.200	0	0	0	0	0	0	0	0	0	0	0	0	0	0	0	0	0	0	0	0	0	0	0	0	0	0	0	0	0	0	0	5	2	4	0	0
116.400	0	0	0	0	0	0	0	0	0	0	0	0	0	0	0	0	0	0	0	0	0	0	0	0	0	0	0	0	0	0	0	2	6	3	0	0
116.600	0	0	0	0	0	0	0	0	0	0	0	0	0	0	0	0	0	0	0	0	0	0	0	0	0	0	0	0	0	0	0	2	6	2	0	0
116.800	0	0	0	0	0	0	0	0	0	0	0	0	0	0	0	0	0	0	0	0	0	0	0	0	0	0	0	0	0	0	0	2	3	8	2	0
117.000	0	0	0	0	0	0	0	0	0	0	0	0	0	0	0	0	0	0	0	0	0	0	0	0	0	0	0	0	0	0	0	2	3	5	2	0
117.200	0	0	0	0	0	0	0	0	0	0	0	0	0	0	0	0	0	0	0	0	0	0	0	0	0	0	0	0	0	0	0	4	2	3	0	0
117.400	0	0	0	0	0	0	0	0	0	0	0	0	0	0	0	0	0	0	0	0	0	0	0	0	0	0	0	0	0	0	0	2	3	2	0	0
117.600	0	0	0	0	0	0	0	0	0	0	0	0	0	0	0	0	0	0	0	0	0	0	0	0	0	0	0	0	0	0	0	0	7	5	0	0
117.800	0	0	0	0	0	0	0	0	0	0	0	0	0	0	0	0	0	0	0	0	0	0	0	0	0	0	0	0	0	0	0	0	6	5	0	0
118.000	0	0	0	0	0	0	0	0	0	0	0	0	0	0	0	0	0	0	0	0	0	0	0	0	0	0	0	0	0	0	0	3	8	1	0	0
118.200	0	0	0	0	0	0	0	0	0	0	0	0	0	0	0	0	0	0	0	0	0	0	0	0	0	0	0	0	0	0	0	2	4	1	0	0
118.400	0	0	0	0	0	0	0	0	0	0	0	0	0	0	0	0	0	0	0	0	0	0	0	0	0	0	0	0	0	0	0	0	5	5	0	0
118.600	0	0	0	0	0	0	0	0	0	0	0	0	0	0	0	0	0	0	0	0	0	0	0	0	0	0	0	0	0	0	0	0	5	3	0	1
118.800	0	0	0	0	0	0	0	0	0	0	0	0	0	0	0	0	0	0	0	0	0	0	0	0	0	0	0	0	0	0	0	1	3	3	0	2
119.000	0	0	0	0	0	0	0	0	0	0	0	0	0	0	0	0	0	0	0	0	0	0	0	0	0	0	0	0	0	0	0	2	3	7	2	5
119.200	0	0	0	0	0	0	0	0	0	0	0	0	0	0	0	0	0	0	0	0	0	0	0	0	0	0	0	0	0	0	0	3	4	3	0	3
119.400	0	0	0	0	0	0	0	0	0	0	0	0	0	0	0	0	0	0	0	0	0	0	0	0	0	0	0	0	0	0	0	2	4	3	2	3
119.600	0	0	0	0	0	0	0	0	0	0	0	0	0	0	0	0	0	0	0	0	0	0	0	0	0	0	0	0	0	0	0	0	1	2	0	4
119.800	0	0	0	0	0	0	0	0	0	0	0	0	0	0	0	0	0	0	0	0	0	0	0	0	0	0	0	0	0	0	0	0	0	2	0	5
120.000	0	0	0	0	0	0	0	0	0	0	0	0	0	0	0	0	0	0	0	0	0	0	0	0	0	0	0	0	0	0	0	0	2	6	0	4
120.200	0	0	0	0	0	0	0	0	0	0	0	0	0	0	0	0	0	0	0	0	0	0	0	0	0	0	0	0	0	0	0	0	1	2	0	4
120.400	0	0	0	0	0	0	0	0	0	0	0	0	0	0	0	0	0	0	0	0	0	0	0	0	0	0	0	0	0	0	0	0	0	2	0	3
120.600	0	0	0	0	0	0	0	0	0	0	0	0	0	0	0	0	0	0	0	0	0	0	0	0	0	0	0	0	0	0	0	0	0	0	0	2
120.800	0	0	0	0	0	0	0	0	0	0	0	0	0	0	0	0	0	0	0	0	0	0	0	0	0	0	0	0	0	0	0	0	0	3	0	2
121.000	0	0	0	0	0	0	0	0	0	0	0	0	0	0	0	0	0	0	0	0	0	0	0	0	0	0	0	0	0	0	0	0	3	5	0	3
121.200	0	0	0	0	0	0	0	0	0	0	0	0	0	0	0	0	0	0	0	0	0	0	0	0	0	0	0	0	0	0	0	0	2	4	0	5
121.400	0	0	0	0	0	0	0	0	0	0	0	0	0	0	0	0	0	0	0	0	0	0	0	0	0	0	0	0	0	0	0	0	6	5	0	5
121.600	0	0	0	0	0	0	0	0	0	0	0	0	0	0	0	0	0	0	0	0	0	0	0	0	0	0	0	0	0	0	0	0	2	2	0	4
121.800	0	0	0	0	0	0	0	0	0	0	0	0	0	0	0	0	0	0	0	0	0	0	0	0	0	0	0	0	0	0	0	0	4	2	0	3
122.000	0	0	0	0	0	0	0	0	0	0	0	0	0	0	0	0	0	0	0	0	0	0	0	0	0	0	0	0	0	0	0	1	6	2	0	4
122.200	0	0	0	0	0	0	0	0	0	0	0	0	0	0	0	0	0	0	0	0	0	0	0	0	0	0	0	0	0	0	0	0	5	1	0	3
122.400	0	0	0	0	0	0	0	0	0	0	0	0	0	0	0	0	0	0	0	0	0	0	0	0	0	0	0	0	0	0	0	0	4	2	0	1
122.600	0	0	0	0	0	0	0	0	0	0	0	0	0	0	0	0	0	0	0	0	0	0	0	0	0	0	0	0	0	0	0	0	3	2	0	0
122.800	0	0	0	0	0	0	0	0	0	0	0	0	0	0	0	0	0	0	0	0	0	0	0	0	0	0	0	0	0	0	0	0	5	4	0	1
123.000	0	0	0	0	0	0	0	0	0	0	0	0	0	0	0	0	0	0	0	0	0	0	0	0	0	0	0	0	0	0	0	0	4	3	0	2
123.200	0	0	0	0	0	0	0	0	0	0	0	0	0	0	0	0	0	0	0	0	0	0	0	0	0	0	0	0	0	0	0	6	7	2	0	0
123.400	0	0	0	0	0	0	0	0	0	0	0	0	0	0	0	0	0	0	0	0	0	0	0	0	0	0	0	0	0	0	0	0	3	1	0	0
123.600	0	0	0	0	0	0	0	0	0	0	0	0	0	0	0	0	0	0	0	0	0	0	0	0	0	0	0	0	0	0	0	0	2	2	0	1
123.800	0	0	0	0	0	0	0	0	0	0	0	0	0	0	0	0	0	0	0	0	0	0	0	0	0	0	0	0	0	0	0	2	3	2	0	0
124.000	0	0	0	0	0	0	0	0	0	0	0	0	0	0	0	0	0	0	0	0	0	0	0	0	0	0	0	0	0	0	0	2	3	2	0	3
124.200	0	0	0	0	0	0	0	0	0	0	0	0	0	0	0	0	0	0	0	0	0	0	0	0	0	0	0	0	0	0	0	4	3	2	0	4
124.400	0	0	0	0	0	0	0	0	0	0	0	0	0	0	0	0	0	0	0	0	0	0	0	0	0	0	0	0	0	0	0	2	1	7	1	0
124.600	0	0	0	0	0	0	0	0	0	0	0	0	0	0	0	0	0	0	0	0	0	0	0	0	0	0	0	0	0	0	0	4	1	5	0	0
124.800	0	0	0	0	0	0	0	0	0	0	0	0	0	0	0	0	0	0	0	0	0	0	0	0	0	0	0	0	0	0	0	4	0	1	0	0
125.000	0	0	0	0	0	0	0	0	0	0	0	0	0	0	0	0	0	0	0	0	0	0	0	0	0	0	0	0	0	0	0	0	3	3	0	3
125.200	0	0	0	0	0	0	0	0	0	0	0	0	0	0	0	0	0	0	0	0	0	0	0	0	0	0	0	0	0	0	0	0	5	2	0	0
125.400	0	0	0	0	0	0	0	0	0	0	0	0	0	0	0	0	0	0	0	0	0	0	0	0	0	0	0	0	0	0	0	1	5	1	0	0
125.600	0	0	0	0	0	0	0	0	0	0	0	0	0	0	0	0	0	0	0	0	0	0	0	0	0	0	0	0	0	0	0	2	6	1	0	0
125.800	0	0	0	0	0	0	0	0	0	0	0	0	0	0	0	0	0	0	0	0	0	0	0	0	0	0	0	0	0	0	0	0	6	3	0	3
126.000	0	0	0	0	0	0	0	0	0	0	0	0	0	0	0	0	0	0	0	0	0	0	0	0	0	0	0	0	0	0	0	2	6	7	0	0
126.200	0	0	0	0	0	0	0	0	0	0	0	0	0	0	0	0	0	0	0	0	0	0	0	0	0	0	0	0	0	0	0	4	4	4	0	1
126.400	0	0	0	0	0	0	0	0	0	0	0	0	0	0	0	0	0	0	0	0	0	0	0	0	0	0	0	0	0	0	0	2	3	4	0	0
126.600	0	0	0	0	0	0	0	0	0	0	0	0	0	0	0	0	0	0	0	0	0	0	0	0	0	0	0	0	0	0	0	1	7	5	0	0
126.800	0	0	0	0	0	0	0	0	0	0	0	0	0	0	0	0	0	0	0	0	0	0	0	0	0	0	0	0	0	0	0	5	1	4	0	0
127.000	0	0	0	0	0	0	0	0	0	0	0	0	0	0	0	0	0	0	0	0	0	0	0	0	0	0	0	0	0	0	0	2	1	3	0	0
127.200	0	0	0	0	0	0	0	0	0	0	0	0	0	0	0	0	0	0	0	0	0	0	0	0	0	0	0	0	0	0	0	5	6	5	0	0
127.400	0	0	0	0	0	0	0	0	0	0	0	0	0	0	0	0	0	0	0	0	0	0	0	0	0	0	0	0	0	0	0	6	3	3	0	0
127.600	0	0	0	0	0	0	0	0	0	0	0	0	0	0	0	0	0	0	0	0	0	0	0	0	0	0	0	0	0	0	0	5	4	5	0	0
127.800	0	0	0	0	0	0	0	0	0	0	0	0	0	0	0	0	0	0	0	0	0	0	0	0	0	0	0	0	0	0	0	4	3	6	1	2
128.000	0	0	0	0	0	0	0	0	0	0	0	0	0	0	0	0	0	0	0	0	0	0	0	0	0	0	0	0	0	0	0	2	2	4	0	0
128.200	0	0	0	0	0	0	0	0	0	0	0	0	0	0	0	0	0	0	0	0	0	0	0	0	0	0	0	0	0	0	0	5	5	6	0	1
128.400	0	0	0	0	0	0	0	0	0	0	0	0	0	0	0	0	0	0	0	0	0	0	0	0	0	0	0	0	0	0	0	3	0	5	0	0
128.600	0	0	0	0	0	0	0	0	0	0	0	0	0	0	0	0	0	0	0	0	0	0	0	0	0	0	0	0	0	0	0	6	3	6	0	0
128.800	0	0	0	0	0	0	0	0	0	0	0	0	0	0	0	0	0	0	0	0	0	0	0	0	0	0	0	0	0	0	0	3	0	7	1	0
129.000	0	0	0	0	0	0	0	0	0	0	0	0	0	0	0	0	0	0	0	0	0	0	0	0	0	0	0	0	0	0	0	4	4	4	0	0
129.200	0	0	0	0	0	0	0	0	0	0	0	0	0	0	0	0	0	0	0	0	0	0	0	0	0	0	0	0	0	0	0	4	5	3	0	0
129.400	0	0	0	0	0	0	0	0	0	0	0	0	0	0	0	0	0	0	0	0	0	0	0	0	0	0	0	0	0	0	0	4	5	5	0	0
129.600	0	0	0	0	0	0	0	0	0	0	0	0	0	0	0	0	0	0	0	0	0	0	0	0	0	0	0	0	0	0	0	5	5	3	0	0
129.800	0	0	0	0	0	0	0	0	0	0	0	0	0	0	0	0	0	0	0	0	0	0	0	0	0	0	0	0	0	0	0	4	0	2	0	0
130.000	0	0	0	0	0	0	0	0	0	0	0	0	0	0	0	0	0	0	0	0	0	0	0	0	0	0	0	0	0	0	0	4	1	4	0	0
130.200	0	0	0	0	0	0	0	0	0	0	0	0	0	0	0	0	0	0	0	0	0	0	0	0	0	0	0	0	0	0	0	3	3	1	0	0
130.400	0	0	0	0	0	0	0	0	0	0	0	0	0	0	0	0	0	0	0	0	0	0	0	0	0	0	0	0	0	0	0	2	4	3	0	0
130.600	0	0	0	0	0	0	0	0	0	0	0	0	0	0	0	0	0	0	0	0	0	0	0	0	0	0	0	0	0	0	0	1	2	4	0	0
130.800	0	0	0	0	0	0	0	0	0	0	0	0	0	0	0	0	0	0	0	0	0	0	0	0	0	0	0	0	0	0	0	5	5	5	0	0
131.000	0	0	0	0	0	0	0	0	0	0	0	0	0	0	0	0	0	0	0	0	0	0	0	0	0	0	0	0	0	0	0	5	4	7	1	0
131.200	0	0	0	0	0	0	0	0	0	0	0	0	0	0	0	0	0	0	0	0	0	0	0	0	0	0	0	0	0	0	0	5	0	4	0	0
131.400	0	0	0	0	0	0	0	0	0	0	0	0	0	0	0	0	0	0	0	0	0	0	0	0	0	0	0	0	0	0	0	1	4	6	1	0
131.600	0	0	0	0	0	0	0	0	0	0	0	0	0	0	0	0	0	0	0	0	0	0	0	0	0	0	0	0	0	0	0	2	2	7	1	0
131.800	0	0	0	0	0	0	0	0	0	0	0	0	0	0	0	0	0	0	0	0	0	0	0	0	0	0	0	0	0	0	0	5	3	8	1	0
132.000	0	0	0	0	0	0	0	0	0	0	0	0	0	0	0	0	0	0	0	0	0	0	0	0	0	0	0	0	0	0	0	1	0	4	1	0
132.200	0	0	0	0	0	0	0	0	0	0	0	0	0	0	0	0	0	0	0	0	0	0	0	0	0	0	0	0	0	0	0	5	6	7	1	0
132.400	0	0	0	0	0	0	0	0	0	0	0	0	0	0	0	0	0	0	0	0	0	0	0	0	0	0	0	0	0	0	0	5	7	5	1	0
132.600	0	0	0	0	0	0	0	0	0	0	0	0	0	0	0	0	0	0	0	0	0	0	0	0	0	0	0	0	0	0	0	4	5	4	0	0
132.800	0	0	0	0	0	0	0	0	0	0	0	0	0	0	0	0	0	0	0	0	0	0	0	0	0	0	0	0	0	0	0	0	4	2	0	0
133.000	0	0	0	0	0	0	0	0	0	0	0	0	0	0	0	0	0	0	0	0	0	0	0	0	0	0	0	0	0	0	0	1	7	1	0	0
133.200	0	0	0	0	0	0	0	0	0	0	0	0	0	0	0	0	0	0	0	0	0	0	0	0	0	0	0	0	0	0	0	2	2	3	0	0
133.400	0	0	0	0	0	0	0	0	0	0	0	0	0	0	0	0	0	0	0	0	0	0	0	0	0	0	0	0	0	0	0	1	4	4	0	0
133.600	0	0	0	0	0	0	0	0	0	0	0	0	0	0	0	0	0	0	0	0	0	0	0	0	0	0	0	0	0	0	0	1	4	3	0	0
133.800	0	0	0	0	0	0	0	0	0	0	0	0	0	0	0	0	0	0	0	0	0	0	0	0	0	0	0	0	0	0	0	0	3	3	0	0
134.000	0	0	0	0	0	0	0	0	0	0	0	0	0	0	0	0	0	0	0	0	0	0	0	0	0	0	0	0	0	0	0	4	8	5	0	0
134.200	0	0	0	0	0	0	0	0	0	0	0	0	0	0	0	0	0	0	0	0	0	0	0	0	0	0	0	0	0	0	0	1	3	4	1	0
134.400	0	0	0	0	0	0	0	0	0	0	0	0	0	0	0	0	0	0	0	0	0	0	0	0	0	0	0	0	0	0	0	2	2	6	1	0
134.600	0	0	0	0	0	0	0	0	0	0	0	0	0	0	0	0	0	0	0	0	0	0	0	0	0	0	0	0	0	0	0	5	4	4	1	0
134.800	0	0	0	0	0	0	0	0	0	0	0	0	0	0	0	0	0	0	0	0	0	0	0	0	0	0	0	0	0	0	0	7	0	8	1	0
135.000	0	0	0	0	0	0	0	0	0	0	0	0	0	0	0	0	0	0	0	0	0	0	0	0	0	0	0	0	0	0	0	3	0	3	0	0
135.200	0	0	0	0	0	0	0	0	0	0	0	0	0	0	0	0	0	0	0	0	0	0	0	0	0	0	0	0	0	0	0	2	1	7	0	0
135.400	0	0	0	0	0	0	0	0	0	0	0	0	0	0	0	0	0	0	0	0	0	0	0	0	0	0	0	0	0	0	0	6	0	5	1	0
135.600	0	0	0	0	0	0	0	0	0	0	0	0	0	0	0	0	0	0	0	0	0	0	0	0	0	0	0	0	0	0	0	2	3	5	0	0
135.800	0	0	0	0	0	0	0	0	0	0	0	0	0	0	0	0	0	0	0	0	0	0	0	0	0	0	0	0	0	0	0	2	2	2	0	0
136.000	0	0	0	0	0	0	0	0	0	0	0	0	0	0	0	0	0	0	0	0	0	0	0	0	0	0	0	0	0	0	0	0	5	2	0	0
136.200	0	0	0	0	0	0	0	0	0	0	0	0	0	0	0	0	0	0	0	0	0	0	0	0	0	0	0	0	0	0	0	0	2	2	0	0
136.400	0	0	0	0	0	0	0	0	0	0	0	0	0	0	0	0	0	0	0	0	0	0	0	0	0	0	0	0	0	0	0	1	3	2	0	0
136.600	0	0	0	0	0	0	0	0	0	0	0	0	0	0	0	0	0	0	0	0	0	0	0	0	0	0	0	0	0	0	0	1	3	2	0	0
136.800	0	0	0	0	0	0	0	0	0	0	0	0	0	0	0	0	0	0	0	0	0	0	0	0	0	0	0	0	0	0	0	3	6	2	0	0
137.000	0	0	0	0	0	0	0	0	0	0	0	0	0	0	0	0	0	0	0	0	0	0	0	0	0	0	0	0	0	0	0	1	3	4	0	0
137.200	0	0	0	0	0	0	0	0	0	0	0	0	0	0	0	0	0	0	0	0	0	0	0	0	0	0	0	0	0	0	0	2	4	5	0	0
137.400	0	0	0	0	0	0	0	0	0	0	0	0	0	0	0	0	0	0	0	0	0	0	0	0	0	0	0	0	0	0	0	1	4	1	0	0
137.600	0	0	0	0	0	0	0	0	0	0	0	0	0	0	0	0	0	0	0	0	0	0	0	0	0	0	0	0	0	0	0	0	4	5	0	0
137.800	0	0	0	0	0	0	0	0	0	0	0	0	0	0	0	0	0	0	0	0	0	0	0	0	0	0	0	0	0	0	0	0	4	4	0	0
138.000	0	0	0	0	0	0	0	0	0	0	0	0	0	0	0	0	0	0	0	0	0	0	0	0	0	0	0	0	0	0	0	1	4	4	0	0
138.200	0	0	0	0	0	0	0	0	0	0	0	0	0	0	0	0	0	0	0	0	0	0	0	0	0	0	0	0	0	0	0	0	3	4	0	0
138.400	0	0	0	0	0	0	0	0	0	0	0	0	0	0	0	0	0	0	0	0	0	0	0	0	0	0	0	0	0	0	0	0	3	2	0	0
138.600	0	0	0	0	0	0	0	0	0	0	0	0	0	0	0	0	0	0	0	0	0	0	0	0	0	0	0	0	0	0	0	1	4	5	0	0
138.800	0	0	0	0	0	0	0	0	0	0	0	0	0	0	0	0	0	0	0	0	0	0	0	0	0	0	0	0	0	0	0	1	2	5	0	0
139.000	0	0	0	0	0	0	0	0	0	0	0	0	0	0	0	0	0	0	0	0	0	0	0	0	0	0	0	0	0	0	0	5	3	2	0	0
139.200	0	0	0	0	0	0	0	0	0	0	0	0	0	0	0	0	0	0	0	0	0	0	0	0	0	0	0	0	0	0	0	0	3	3	0	0
139.400	0	0	0	0	0	0	0	0	0	0	0	0	0	0	0	0	0	0	0	0	0	0	0	0	0	0	0	0	0	0	0	2	5	3	0	0
139.600	0	0	0	0	0	0	0	0	0	0	0	0	0	0	0	0	0	0	0	0	0	0	0	0	0	0	0	0	0	0	0	1	3	3	0	0
139.800	0	0	0	0	0	0	0	0	0	0	0	0	0	0	0	0	0	0	0	0	0	0	0	0	0	0	0	0	0	0	0	0	4	1	0	0
140.000	0	0	0	0	0	0	0	0	0	0	0	0	0	0	0	0	0	0	0	0	0	0	0	0	0	0	0	0	0	0	0	4	4	4	0	0
140.200	0	0	0	0	0	0	0	0	0	0	0	0	0	0	0	0	0	0	0	0	0	0	0	0	0	0	0	0	0	0	0	4	4	2	0	0
140.400	0	0	0	0	0	0	0	0	0	0	0	0	0	0	0	0	0	0	0	0	0	0	0	0	0	0	0	0	0	0	0	1	2	3	0	0
140.600	0	0	0	0	0	0	0	0	0	0	0	0	0	0	0	0	0	0	0	0	0	0	0	0	0	0	0	0	0	0	0	3	6	5	0	0
140.800	0	0	0	0	0	0	0	0	0	0	0	0	0	0	0	0	0	0	0	0	0	0	0	0	0	0	0	0	0	0	0	6	2	5	0	0
141.000	0	0	0	0	0	0	0	0	0	0	0	0	0	0	0	0	0	0	0	0	0	0	0	0	0	0	0	0	0	0	0	2	2	4	0	0
141.200	0	0	0	0	0	0	0	0	0	0	0	0	0	0	0	0	0	0	0	0	0	0	0	0	0	0	0	0	0	0	0	3	4	4	0	0
141.400	0	0	0	0	0	0	0	0	0	0	0	0	0	0	0	0	0	0	0	0	0	0	0	0	0	0	0	0	0	0	0	6	5	5	0	0
141.600	0	0	0	0	0	0	0	0	0	0	0	0	0	0	0	0	0	0	0	0	0	0	0	0	0	0	0	0	0	0	0	1	3	4	0	0
141.800	0	0	0	0	0	0	0	0	0	0	0	0	0	0	0	0	0	0	0	0	0	0	0	0	0	0	0	0	0	0	0	0	6	3	0	0
142.000	0	0	0	0	0	0	0	0	0	0	0	0	0	0	0	0	0	0	0	0	0	0	0	0	0	0	0	0	0	0	0	0	4	1	0	0
142.200	0	0	0	0	0	0	0	0	0	0	0	0	0	0	0	0	0	0	0	0	0	0	0	0	0	0	0	0	0	0	0	4	4	3	0	0
142.400	0	0	0	0	0	0	0	0	0	0	0	0	0	0	0	0	0	0	0	0	0	0	0	0	0	0	0	0	0	0	0	0	6	3	0	0
142.600	0	0	0	0	0	0	0	0	0	0	0	0	0	0	0	0	0	0	0	0	0	0	0	0	0	0	0	0	0	0	0	1	7	2	0	0
142.800	0	0	0	0	0	0	0	0	0	0	0	0	0	0	0	0	0	0	0	0	0	0	0	0	0	0	0	0	0	0	0	3	4	1	0	0
143.000	0	0	0	0	0	0	0	0	0	0	0	0	0	0	0	0	0	0	0	0	0	0	0	0	0	0	0	0	0	0	0	5	9	2	0	0
143.200	0	0	0	0	0	0	0	0	0	0	0	0	0	0	0	0	0	0	0	0	0	0	0	0	0	0	0	0	0	0	0	3	4	3	0	0
143.400	0	0	0	0	0	0	0	0	0	0	0	0	0	0	0	0	0	0	0	0	0	0	0	0	0	0	0	0	0	0	0	3	2	1	0	0
143.600	0	0	0	0	0	0	0	0	0	0	0	0	0	0	0	0	0	0	0	0	0	0	0	0	0	0	0	0	0	0	0	2	4	4	0	0
143.800	0	0	0	0	0	0	0	0	0	0	0	0	0	0	0	0	0	0	0	0	0	0	0	0	0	0	0	0	0	0	0	1	7	3	0	0
144.000	0	0	0	0	0	0	0	0	0	0	0	0	0	0	0	0	0	0	0	0	0	0	0	0	0	0	0	0	0	0	0	5	5	5	0	0
144.200	0	0	0	0	0	0	0	0	0	0	0	0	0	0	0	0	0	0	0	0	0	0	0	0	0	0	0	0	0	0	0	3	1	3	0	0
144.400	0	0	0	0	0	0	0	0	0	0	0	0	0	0	0	0	0	0	0	0	0	0	0	0	0	0	0	0	0	0	0	0	3	5	0	0
144.600	0	0	0	0	0	0	0	0	0	0	0	0	0	0	0	0	0	0	0	0	0	0	0	0	0	0	0	0	0	0	0	1	0	2	0	0
144.800	0	0	0	0	0	0	0	0	0	0	0	0	0	0	0	0	0	0	0	0	0	0	0	0	0	0	0	0	0	0	0	2	4	4	0	0
145.000	0	0	0	0	0	0	0	0	0	0	0	0	0	0	0	0	0	0	0	0	0	0	0	0	0	0	0	0	0	0	0	1	1	3	0	0
145.200	0	0	0	0	0	0	0	0	0	0	0	0	0	0	0	0	0	0	0	0	0	0	0	0	0	0	0	0	0	0	0	1	6	7	0	0
145.400	0	0	0	0	0	0	0	0	0	0	0	0	0	0	0	0	0	0	0	0	0	0	0	0	0	0	0	0	0	0	0	0	5	2	0	0
145.600	0	0	0	0	0	0	0	0	0	0	0	0	0	0	0	0	0	0	0	0	0	0	0	0	0	0	0	0	0	0	0	6	6	4	0	1
145.800	0	0	0	0	0	0	0	0	0	0	0	0	0	0	0	0	0	0	0	0	0	0	0	0	0	0	0	0	0	0	0	3	3	2	0	2
146.000	0	0	0	0	0	0	0	0	0	0	0	0	0	0	0	0	0	0	0	0	0	0	0	0	0	0	0	0	0	0	0	9	6	2	0	0
146.200	0	0	0	0	0	0	0	0	0	0	0	0	0	0	0	0	0	0	0	0	0	0	0	0	0	0	0	0	0	0	0	4	4	3	0	0
146.400	0	0	0	0	0	0	0	0	0	0	0	0	0	0	0	0	0	0	0	0	0	0	0	0	0	0	0	0	0	0	0	6	5	5	0	0
146.600	0	0	0	0	0	0	0	0	0	0	0	0	0	0	0	0	0	0	0	0	0	0	0	0	0	0	0	0	0	0	0	4	4	1	0	0
146.800	0	0	0	0	0	0	0	0	0	0	0	0	0	0	0	0	0	0	0	0	0	0	0	0	0	0	0	0	0	0	0	5	3	1	0	0
147.000	0	0	0	0	0	0	0	0	0	0	0	0	0	0	0	0	0	0	0	0	0	0	0	0	0	0	0	0	0	0	0	1	3	3	0	0
147.200	0	0	0	0	0	0	0	0	0	0	0	0	0	0	0	0	0	0	0	0	0	0	0	0	0	0	0	0	0	0	0	2	4	1	0	0
147.400	0	0	0	0	0	0	0	0	0	0	0	0	0	0	0	0	0	0	0	0	0	0	0	0	0	0	0	0	0	0	0	5	4	1	0	0
147.600	0	0	0	0	0	0	0	0	0	0	0	0	0	0	0	0	0	0	0	0	0	0	0	0	0	0	0	0	0	0	0	4	6	3	0	0
147.800	0	0	0	0	0	0	0	0	0	0	0	0	0	0	0	0	0	0	0	0	0	0	0	0	0	0	0	0	0	0	0	1	5	3	0	0
148.000	0	0	0	0	0	0	0	0	0	0	0	0	0	0	0	0	0	0	0	0	0	0	0	0	0	0	0	0	0	0	0	3	1	2	0	0
148.200	0	0	0	0	0	0	0	0	0	0	0	0	0	0	0	0	0	0	0	0	0	0	0	0	0	0	0	0	0	0	0	4	5	2	0	0
148.400	0	0	0	0	0	0	0	0	0	0	0	0	0	0	0	0	0	0	0	0	0	0	0	0	0	0	0	0	0	0	0	4	7	2	0	0
148.600	0	0	0	0	0	0	0	0	0	0	0	0	0	0	0	0	0	0	0	0	0	0	0	0	0	0	0	0	0	0	0	3	5	1	0	0
148.800	0	0	0	0	0	0	0	0	0	0	0	0	0	0	0	0	0	0	0	0	0	0	0	0	0	0	0	0	0	0	0	2	3	1	0	0
149.000	0	0	0	0	0	0	0	0	0	0	0	0	0	0	0	0	0	0	0	0	0	0	0	0	0	0	0	0	0	0	0	3	4	4	0	0
149.200	0	0	0	0	0	0	0	0	0	0	0	0	0	0	0	0	0	0	0	0	0	0	0	0	0	0	0	0	0	0	0	2	4	1	0	0
149.400	0	0	0	0	0	0	0	0	0	0	0	0	0	0	0	0	0	0	0	0	0	0	0	0	0	0	0	0	0	0	0	4	8	4	0	0
149.600	0	0	0	0	0	0	0	0	0	0	0	0	0	0	0	0	0	0	0	0	0	0	0	0	0	0	0	0	0	0	0	3	4	5	0	0
149.800	0	0	0	0	0	0	0	0	0	0	0	0	0	0	0	0	0	0	0	0	0	0	0	0	0	0	0	0	0	0	0	3	9	4	0	0
150.000	0	0	0	0	0	0	0	0	0	0	0	0	0	0	0	0	0	0	0	0	0	0	0	0	0	0	0	0	0	0	0	4	6	1	0	0
150.200	0	0	0	0	0	0	0	0	0	0	0	0	0	0	0	0	0	0	0	0	0	0	0	0	0	0	0	0	0	0	0	1	4	2	0	0
150.400	0	0	0	0	0	0	0	0	0	0	0	0	0	0	0	0	0	0	0	0	0	0	0	0	0	0	0	0	0	0	0	4	4	2	0	0
150.600	0	0	0	0	0	0	0	0	0	0	0	0	0	0	0	0	0	0	0	0	0	0	0	0	0	0	0	0	0	0	0	2	4	2	0	0
150.800	0	0	0	0	0	0	0	0	0	0	0	0	0	0	0	0	0	0	0	0	0	0	0	0	0	0	0	0	0	0	0	2	5	1	0	0
151.000	0	0	0	0	0	0	0	0	0	0	0	0	0	0	0	0	0	0	0	0	0	0	0	0	0	0	0	0	0	0	0	3	8	2	0	0
151.200	0	0	0	0	0	0	0	0	0	0	0	0	0	0	0	0	0	0	0	0	0	0	0	0	0	0	0	0	0	0	0	1	5	3	0	0
151.400	0	0	0	0	0	0	0	0	0	0	0	0	0	0	0	0	0	0	0	0	0	0	0	0	0	0	0	0	0	0	0	1	6	2	0	0
151.600	0	0	0	0	0	0	0	0	0	0	0	0	0	0	0	0	0	0	0	0	0	0	0	0	0	0	0	0	0	0	0	3	7	3	0	0
151.800	0	0	0	0	0	0	0	0	0	0	0	0	0	0	0	0	0	0	0	0	0	0	0	0	0	0	0	0	0	0	0	2	7	1	0	0
152.000	0	0	0	0	0	0	0	0	0	0	0	0	0	0	0	0	0	0	0	0	0	0	0	0	0	0	0	0	0	0	0	1	3	2	0	0
152.200	0	0	0	0	0	0	0	0	0	0	0	0	0	0	0	0	0	0	0	0	0	0	0	0	0	0	0	0	0	0	0	4	7	1	0	0
152.400	0	0	0	0	0	0	0	0	0	0	0	0	0	0	0	0	0	0	0	0	0	0	0	0	0	0	0	0	0	0	0	3	2	2	0	5
152.600	0	0	0	0	0	0	0	0	0	0	0	0	0	0	0	0	0	0	0	0	0	0	0	0	0	0	0	0	0	0	0	3	5	3	0	4
152.800	0	0	0	0	0	0	0	0	0	0	0	0	0	0	0	0	0	0	0	0	0	0	0	0	0	0	0	0	0	0	0	2	4	3	0	4
153.000	0	0	0	0	0	0	0	0	0	0	0	0	0	0	0	0	0	0	0	0	0	0	0	0	0	0	0	0	0	0	0	3	6	2	0	4
153.200	0	0	0	0	0	0	0	0	0	0	0	0	0	0	0	0	0	0	0	0	0	0	0	0	0	0	0	0	0	0	0	2	3	3	0	7
153.400	0	0	0	0	0	0	0	0	0	0	0	0	0	0	0	0	0	0	0	0	0	0	0	0	0	0	0	0	0	0	0	1	4	1	0	5
153.600	0	0	0	0	0	0	0	0	0	0	0	0	0	0	0	0	0	0	0	0	0	0	0	0	0	0	0	0	0	0	0	0	3	4	0	7
153.800	0	0	0	0	0	0	0	0	0	0	0	0	0	0	0	0	0	0	0	0	0	0	0	0	0	0	0	0	0	0	0	1	4	4	0	7
154.000	0	0	0	0	0	0	0	0	0	0	0	0	0	0	0	0	0	0	0	0	0	0	0	0	0	0	0	0	0	0	0	3	4	4	0	5
154.200	0	0	0	0	0	0	0	0	0	0	0	0	0	0	0	0	0	0	0	0	0	0	0	0	0	0	0	0	0	0	0	5	5	3	0	6
154.400	0	0	0	0	0	0	0	0	0	0	0	0	0	0	0	0	0	0	0	0	0	0	0	0	0	0	0	0	0	0	0	5	5	2	0	3
154.600	0	0	0	0	0	0	0	0	0	0	0	0	0	0	0	0	0	0	0	0	0	0	0	0	0	0	0	0	0	0	0	2	5	4	0	7
154.800	0	0	0	0	0	0	0	0	0	0	0	0	0	0	0	0	0	0	0	0	0	0	0	0	0	0	0	0	0	0	0	5	4	2	0	6
155.000	0	0	0	0	0	0	0	0	0	0	0	0	0	0	0	0	0	0	0	0	0	0	0	0	0	0	0	0	0	0	0	4	6	4	0	8
155.200	0	0	0	0	0	0	0	0	0	0	0	0	0	0	0	0	0	0	0	0	0	0	0	0	0	0	0	0	0	0	0	0	0	1	0	7
155.400	0	0	0	0	0	0	0	0	0	0	0	0	0	0	0	0	0	0	0	0	0	0	0	0	0	0	0	0	0	0	0	3	4	4	0	7
155.600	0	0	0	0	0	0	0	0	0	0	0	0	0	0	0	0	0	0	0	0	0	0	0	0	0	0	0	0	0	0	0	2	4	3	0	8
155.800	0	0	0	0	0	0	0	0	0	0	0	0	0	0	0	0	0	0	0	0	0	0	0	0	0	0	0	0	0	0	0	3	3	1	0	6
156.000	0	0	0	0	0	0	0	0	0	0	0	0	0	0	0	0	0	0	0	0	0	0	0	0	0	0	0	0	0	0	0	3	5	3	0	4
156.200	0	0	0	0	0	0	0	0	0	0	0	0	0	0	0	0	0	0	0	0	0	0	0	0	0	0	0	0	0	0	0	5	4	2	0	7
156.400	0	0	0	0	0	0	0	0	0	0	0	0	0	0	0	0	0	0	0	0	0	0	0	0	0	0	0	0	0	0	0	3	2	1	0	6
156.600	0	0	0	0	0	0	0	0	0	0	0	0	0	0	0	0	0	0	0	0	0	0	0	0	0	0	0	0	1	0	0	6	7	3	0	8
156.800	0	0	0	0	0	0	0	0	0	0	0	0	0	0	0	0	0	0	0	0	0	0	0	0	0	0	0	0	0	0	0	1	7	3	0	10
157.000	0	0	0	0	0	0	0	0	0	0	0	0	0	0	0	0	0	0	0	0	0	0	0	0	0	0	0	0	0	0	0	5	5	2	0	8
157.200	0	0	0	0	0	0	0	0	0	0	0	0	0	0	0	0	0	0	0	0	0	0	0	0	0	0	0	0	0	0	0	1	4	4	0	4
157.400	0	0	0	0	0	0	0	0	0	0	0	0	0	0	0	0	0	0	0	0	0	0	0	0	0	0	0	0	0	0	0	4	3	1	0	8
157.600	0	0	0	0	0	0	0	0	0	0	0	0	0	0	0	0	0	0	0	0	0	0	0	0	0	0	0	0	0	0	0	1	3	2	0	8
157.800	0	0	0	0	0	0	0	0	0	0	0	0	0	0	0	0	0	0	0	0	0	0	0	0	0	0	0	0	0	0	0	1	4	5	0	5
158.000	0	0	0	0	0	0	0	0	0	0	0	0	0	0	0	0	0	0	0	0	0	0	0	0	0	0	0	0	0	0	0	2	3	2	0	4
158.200	0	0	0	0	0	0	0	0	0	0	0	0	0	0	0	0	0	0	0	0	0	0	0	0	0	0	0	0	0	0	0	6	4	1	0	7
158.400	0	0	0	0	0	0	0	0	0	0	0	0	0	0	0	0	0	0	0	0	0	0	0	0	0	0	0	0	0	0	0	2	4	4	0	5
158.600	0	0	0	0	0	0	0	0	0	0	0	0	0	0	0	0	0	0	0	0	0	0	0	0	0	0	0	0	0	0	0	5	4	1	0	8
158.800	0	0	0	0	0	0	0	0	0	0	0	0	0	0	0	0	0	0	0	0	0	0	0	0	0	0	0	0	0	0	0	5	4	3	0	5
159.000	0	0	0	0	0	0	0	0	0	0	0	0	0	0	0	0	0	0	0	0	0	0	0	0	0	0	0	0	0	0	0	4	4	3	0	6
159.200	0	0	0	0	0	0	0	0	0	0	0	0	0	0	0	0	0	0	0	0	0	0	0	0	0	0	0	0	0	0	0	1	8	3	0	5
159.400	0	0	0	0	0	0	0	0	0	0	0	0	0	0	0	0	0	0	0	0	0	0	0	0	0	0	0	0	0	0	0	4	3	3	0	5
159.600	0	0	0	0	0	0	0	0	0	0	0	0	0	0	0	0	0	0	0	0	0	0	0	0	0	0	0	0	0	0	0	3	4	2	0	0
159.800	0	0	0	0	0	0	0	0	0	0	0	0	0	0	0	0	0	0	0	0	0	0	0	0	0	0	0	0	0	0	0	1	2	1	0	0
160.000	0	0	0	0	0	0	0	0	0	0	0	0	0	0	0	0	0	0	0	0	0	0	0	0	0	0	0	0	0	0	0	2	3	2	0	0
160.200	0	0	0	0	0	0	0	0	0	0	0	0	0	0	0	0	0	0	0	0	0	0	0	0	0	0	0	0	0	0	0	5	9	2	0	2
160.400	0	0	0	0	0	0	0	0	0	0	0	0	0	0	0	0	0	0	0	0	0	0	0	0	0	0	0	0	0	0	0	0	3	5	0	2
160.600	0	0	0	0	0	0	0	0	0	0	0	0	0	0	0	0	0	0	0	0	0	0	0	0	0	0	0	0	0	0	0	0	2	5	0	2
160.800	0	0	0	0	0	0	0	0	0	0	0	0	0	0	0	0	0	0	0	0	0	0	0	0	0	0	0	0	0	0	0	0	5	5	0	3
161.000	0	0	0	0	0	0	0	0	0	0	0	0	0	0	0	0	0	0	0	0	0	0	0	0	0	0	0	0	0	0	0	4	5	3	0	2
161.200	0	0	0	0	0	0	0	0	0	0	0	0	0	0	0	0	0	0	0	0	0	0	0	0	0	0	0	0	0	0	0	0	3	2	0	1
161.400	0	0	0	0	0	0	0	0	0	0	0	0	0	0	0	0	0	0	0	0	0	0	0	0	0	0	0	0	0	0	0	2	7	4	0	4
161.600	0	0	0	0	0	0	0	0	0	0	0	0	0	0	0	0	0	0	0	0	0	0	0	0	0	0	0	0	0	0	0	2	3	3	0	3
161.800	0	0	0	0	0	0	0	0	0	0	0	0	0	0	0	0	0	0	0	0	0	0	0	0	0	0	0	0	0	0	0	2	4	1	0	0
162.000	0	0	0	0	0	0	0	0	0	0	0	0	0	0	0	0	0	0	0	0	0	0	0	0	0	0	0	0	0	0	0	4	5	5	0	0
162.200	0	0	0	0	0	0	0	0	0	0	0	0	0	0	0	0	0	0	0	0	0	0	0	0	0	0	0	0	0	0	0	4	7	4	0	0
162.400	0	0	0	0	0	0	0	0	0	0	0	0	0	0	0	0	0	0	0	0	0	0	0	0	0	0	0	0	0	0	0	3	2	2	0	0
162.600	0	0	0	0	0	0	0	0	0	0	0	0	0	0	0	0	0	0	0	0	0	0	0	0	0	0	0	0	0	0	0	3	5	3	0	1
162.800	0	0	0	0	0	0	0	0	0	0	0	0	0	0	0	0	0	0	0	0	0	0	0	0	0	0	0	0	0	0	0	3	6	3	0	1
163.000	0	0	0	0	0	0	0	0	0	0	0	0	0	0	0	0	0	0	0	0	0	0	0	0	0	0	0	0	0	0	0	1	5	3	0	1
163.200	0	0	0	0	0	0	0	0	0	0	0	0	0	0	0	0	0	0	0	0	0	0	0	0	0	0	0	0	0	0	0	1	3	4	0	1
163.400	0	0	0	0	0	0	0	0	0	0	0	0	0	0	0	0	0	0	0	0	0	0	0	0	0	0	0	0	0	0	0	3	4	3	0	3
163.600	0	0	0	0	0	0	0	0	0	0	0	0	0	0	0	0	0	0	0	0	0	0	0	0	0	0	0	0	0	0	0	3	7	3	0	5
163.800	0	0	0	0	0	0	0	0	0	0	0	0	0	0	0	0	0	0	0	0	0	0	0	0	0	0	0	0	0	0	0	3	8	4	0	0
164.000	0	0	0	0	0	0	0	0	0	0	0	0	0	0	0	0	0	0	0	0	0	0	0	0	0	0	0	0	0	0	0	3	3	3	0	6
164.200	0	0	0	0	0	0	0	0	0	0	0	0	0	0	0	0	0	0	0	0	0	0	0	0	0	0	0	0	0	0	0	2	3	2	0	6
164.400	0	0	0	0	0	0	0	0	0	0	0	0	0	0	0	0	0	0	0	0	0	0	0	0	0	0	0	0	0	0	0	2	4	4	0	1
164.600	0	0	0	0	0	0	0	0	0	0	0	0	0	0	0	0	0	0	0	0	0	0	0	0	0	0	0	0	0	0	0	2	6	4	0	6
164.800	0	0	0	0	0	0	0	0	0	0	0	0	0	0	0	0	0	0	0	0	0	0	0	0	0	0	0	0	0	0	0	3	5	2	0	1
165.000	0	0	0	0	0	0	0	0	0	0	0	0	0	0	0	0	0	0	0	0	0	0	0	0	0	0	0	0	0	0	0	2	3	4	0	4
165.200	0	0	0	0	0	0	0	0	0	0	0	0	0	0	0	0	0	0	0	0	0	0	0	0	0	0	0	0	0	0	0	1	3	5	0	0
165.400	0	0	0	0	0	0	0	0	0	0	0	0	0	0	0	0	0	0	0	0	0	0	0	0	0	0	0	0	0	0	0	2	6	3	0	4
165.600	0	0	0	0	0	0	0	0	0	0	0	0	0	0	0	0	0	0	0	0	0	0	0	0	0	0	0	0	0	0	0	2	8	4	0	0
165.800	0	0	0	0	0	0	0	0	0	0	0	0	0	0	0	0	0	0	0	0	0	0	0	0	0	0	0	0	0	0	0	0	3	4	0	2
166.000	0	0	0	0	0	0	0	0	0	0	0	0	0	0	0	0	0	0	0	0	0	0	0	0	0	0	0	0	0	0	0	4	3	4	0	1
166.200	0	0	0	0	0	0	0	0	0	0	0	0	0	0	0	0	0	0	0	0	0	0	0	0	0	0	0	0	0	0	0	2	2	5	0	0
166.400	0	0	0	0	0	0	0	0	0	0	0	0	0	0	0	0	0	0	0	0	0	0	0	0	0	0	0	0	0	0	0	5	4	3	0	1
166.600	0	0	0	0	0	0	0	0	0	0	0	0	0	0	0	0	0	0	0	0	0	0	0	0	0	0	0	0	0	0	0	0	5	5	0	2
166.800	0	0	0	0	0	0	0	0	0	0	0	0	0	0	0	0	0	0	0	0	0	0	0	0	0	0	0	0	0	0	0	1	4	2	0	3
167.000	0	0	0	0	0	0	0	0	0	0	0	0	0	0	0	0	0	0	0	0	0	0	0	0	0	0	0	0	0	0	0	1	2	1	0	3
167.200	0	0	0	0	0	0	0	0	0	0	0	0	0	0	0	0	0	0	0	0	0	0	0	0	0	0	0	0	0	0	0	2	6	2	0	3
167.400	0	0	0	0	0	0	0	0	0	0	0	0	0	0	0	0	0	0	0	0	0	0	0	0	0	0	0	0	0	0	0	1	6	2	0	0
167.600	0	0	0	0	0	0	0	0	0	0	0	0	0	0	0	0	0	0	0	0	0	0	0	0	0	0	0	0	0	0	0	2	4	3	0	0
167.800	0	0	0	0	0	0	0	0	0	0	0	0	0	0	0	0	0	0	0	0	0	0	0	0	0	0	0	0	0	0	0	3	6	4	0	2
168.000	0	0	0	0	0	0	0	0	0	0	0	0	0	0	0	0	0	0	0	0	0	0	0	0	0	0	0	0	0	0	0	1	3	2	0	0
168.200	0	0	0	0	0	0	0	0	0	0	0	0	0	0	0	0	0	0	0	0	0	0	0	0	0	0	0	0	0	0	0	0	3	2	0	5
168.400	0	0	0	0	0	0	0	0	0	0	0	0	0	0	0	0	0	0	0	0	0	0	0	0	0	0	0	0	0	0	0	1	5	5	0	3
168.600	0	0	0	0	0	0	0	0	0	0	0	0	0	0	0	0	0	0	0	0	0	0	0	0	0	0	0	0	0	0	0	2	3	3	0	3
168.800	0	0	0	0	0	0	0	0	0	0	0	0	0	0	0	0	0	0	0	0	0	0	0	0	0	0	0	0	0	0	0	3	3	3	0	4
169.000	0	0	0	0	0	0	0	0	0	0	0	0	0	0	0	0	0	0	0	0	0	0	0	0	0	0	0	0	0	0	0	2	1	2	0	5
169.200	0	0	0	0	0	0	0	0	0	0	0	0	0	0	0	0	0	0	0	0	0	0	0	0	0	0	0	0	0	0	0	2	4	2	0	2
169.400	0	0	0	0	0	0	0	0	0	0	0	0	0	0	0	0	0	0	0	0	0	0	0	0	0	0	0	0	0	0	0	4	5	3	0	4
169.600	0	0	0	0	0	0	0	0	0	0	0	0	0	0	0	0	0	0	0	0	0	0	0	0	0	0	0	0	0	0	0	6	3	4	0	1
169.800	0	0	0	0	0	0	0	0	0	0	0	0	0	0	0	0	0	0	0	0	0	0	0	0	0	0	0	0	0	0	0	3	7	1	0	0
170.000	0	0	0	0	0	0	0	0	0	0	0	0	0	0	0	0	0	0	0	0	0	0	0	0	0	0	0	0	0	0	0	3	1	0	0	1
170.200	0	0	0	0	0	0	0	0	0	0	0	0	0	0	0	0	0	0	0	0	0	0	0	0	0	0	0	0	0	0	0	5	3	2	0	0
170.400	0	0	0	0	0	0	0	0	0	0	0	0	0	0	0	0	0	0	0	0	0	0	0	0	0	0	0	0	0	0	0	6	5	2	0	0
170.600	0	0	0	0	0	0	0	0	0	0	0	0	0	0	0	0	0	0	0	0	0	0	0	0	0	0	0	0	0	0	0	2	3	2	0	0
170.800	0	0	0	0	0	0	0	0	0	0	0	0	0	0	0	0	0	0	0	0	0	0	0	0	0	0	0	0	0	0	0	3	3	1	0	0
171.000	0	0	0	0	0	0	0	0	0	0	0	0	0	0	0	0	0	0	0	0	0	0	0	0	0	0	0	0	0	0	0	6	2	1	0	5
171.200	0	0	0	0	0	0	0	0	0	0	0	0	0	0	0	0	0	0	0	0	0	0	0	0	0	0	0	0	0	0	0	4	3	2	0	5
171.400	0	0	0	0	0	0	0	0	0	0	0	0	0	0	0	0	0	0	0	0	0	0	0	0	0	0	0	0	0	0	0	0	3	2	0	5
171.600	0	0	0	0	0	0	0	0	0	0	0	0	0	0	0	0	0	0	0	0	0	0	0	0	0	0	0	0	0	0	0	4	6	4	0	3
171.800	0	0	0	0	0	0	0	0	0	0	0	0	0	0	0	0	0	0	0	0	0	0	0	0	0	0	0	0	0	0	0	7	6	3	0	6
172.000	0	0	0	0	0	0	0	0	0	0	0	0	0	0	0	0	0	0	0	0	0	0	0	0	0	0	0	0	0	0	0	5	3	4	0	3
172.200	0	0	0	0	0	0	0	0	0	0	0	0	0	0	0	0	0	0	0	0	0	0	0	0	0	0	0	0	0	0	0	7	5	4	0	13
172.400	0	0	0	0	0	0	0	0	0	0	0	0	0	0	0	0	0	0	0	0	0	0	0	0	0	0	0	0	0	0	0	7	3	2	0	8
172.600	0	0	0	0	0	0	0	0	0	0	0	0	0	0	0	0	0	0	0	0	0	0	0	0	0	0	0	0	0	0	0	5	4	3	0	12
172.800	0	0	0	0	0	0	0	0	0	0	0	0	0	0	0	0	0	0	0	0	0	0	0	0	0	0	0	0	0	0	1	2	3	3	0	13
173.000	0	0	0	0	0	0	0	0	0	0	0	0	0	0	0	0	0	0	0	0	0	0	0	0	0	0	0	0	0	0	0	3	1	3	0	12
173.200	0	0	0	0	0	0	0	0	0	0	0	0	0	0	0	0	0	0	0	0	0	0	0	0	0	0	0	0	0	0	0	4	3	3	0	9
173.400	0	0	0	0	0	0	0	0	0	0	0	0	0	0	0	0	0	0	0	0	0	0	0	0	0	0	0	0	0	0	0	5	4	4	0	7
173.600	0	0	0	0	0	0	0	0	0	0	0	0	0	0	0	0	0	0	0	0	0	0	0	0	0	0	0	0	0	0	0	2	4	3	0	6
173.800	0	0	0	0	0	0	0	0	0	0	0	0	0	0	0	0	0	0	0	0	0	0	0	0	0	0	0	0	0	0	0	5	3	3	0	5
174.000	0	0	0	0	0	0	0	0	0	0	0	0	0	0	0	0	0	0	0	0	0	0	0	0	0	0	0	0	0	0	0	2	3	2	0	5
174.200	0	0	0	0	0	0	0	0	0	0	0	0	0	0	0	0	0	0	0	0	0	0	0	0	0	0	0	0	0	0	0	2	3	1	0	2
174.400	0	0	0	0	0	0	0	0	0	0	0	0	0	0	0	0	0	0	0	0	0	0	0	0	0	0	0	0	0	0	0	2	4	2	0	3
174.600	0	0	0	0	0	0	0	0	0	0	0	0	0	0	0	0	0	0	0	0	0	0	0	0	0	0	0	0	0	0	0	0	3	5	0	7
174.800	0	0	0	0	0	0	0	0	0	0	0	0	0	0	0	0	0	0	0	0	0	0	0	0	0	0	0	0	0	0	0	1	3	3	0	10
175.000	0	0	0	0	0	0	0	0	0	0	0	0	0	0	0	0	0	0	0	0	0	0	0	0	0	0	0	0	0	0	0	0	4	2	0	9
175.200	0	0	0	0	0	0	0	0	0	0	0	0	0	0	0	0	0	0	0	0	0	0	0	0	0	0	0	0	0	0	0	3	4	3	0	7
175.400	0	0	0	0	0	0	0	0	0	0	0	0	0	0	0	0	0	0	0	0	0	0	0	0	0	0	0	0	0	0	0	3	4	3	0	6
175.600	0	0	0	0	0	0	0	0	0	0	0	0	0	0	0	0	0	0	0	0	0	0	0	0	0	0	0	0	0	0	0	2	9	4	0	3
175.800	0	0	0	0	0	0	0	0	0	0	0	0	0	0	0	0	0	0	0	0	0	0	0	0	0	0	0	0	0	0	0	3	8	1	0	3
176.000	0	0	0	0	0	0	0	0	0	0	0	0	0	0	0	0	0	0	0	0	0	0	0	0	0	0	0	0	0	0	0	4	6	1	0	1
176.200	0	0	0	0	0	0	0	0	0	0	0	0	0	0	0	0	0	0	0	0	0	0	0	0	0	0	0	0	0	0	0	1	2	3	0	4
176.400	0	0	0	0	0	0	0	0	0	0	0	0	0	0	0	0	0	0	0	0	0	0	0	0	0	0	0	0	0	0	0	2	1	2	0	3
176.600	0	0	0	0	0	0	0	0	0	0	0	0	0	0	0	0	0	0	0	0	0	0	0	0	0	0	0	0	0	0	0	7	3	5	0	2
176.800	0	0	0	0	0	0	0	0	0	0	0	0	0	0	0	0	0	0	0	0	0	0	0	0	0	0	0	0	0	0	1	7	3	2	0	3
177.000	0	0	0	0	0	0	0	0	0	0	0	0	0	0	0	0	0	0	0	0	0	0	0	0	0	0	0	0	0	0	0	4	4	2	0	3
177.200	0	0	0	0	0	0	0	0	0	0	0	0	0	0	0	0	0	0	0	0	0	0	0	0	0	0	0	0	0	0	1	2	1	1	0	3
177.400	0	0	0	0	0	0	0	0	0	0	0	0	0	0	0	0	0	0	0	0	0	0	0	0	0	0	0	0	0	0	0	1	4	5	0	3
177.600	0	0	0	0	0	0	0	0	0	0	0	0	0	0	0	0	0	0	0	0	0	0	0	0	0	0	0	0	0	0	0	0	1	1	0	2
177.800	0	0	0	0	0	0	0	0	0	0	0	0	0	0	0	0	0	0	0	0	0	0	0	0	0	0	0	0	0	0	0	4	3	3	0	3
178.000	0	0	0	0	0	0	0	0	0	0	0	0	0	0	0	0	0	0	0	0	0	0	0	0	0	0	0	0	0	0	2	6	6	2	0	3
178.200	0	0	0	0	0	0	0	0	0	0	0	0	0	0	0	0	0	0	0	0	0	0	0	0	0	0	0	0	0	0	1	2	3	5	0	4
178.400	0	0	0	0	0	0	0	0	0	0	0	0	0	0	0	0	0	0	0	0	0	0	0	0	0	0	0	0	0	0	1	4	4	3	0	5
178.600	0	0	0	0	0	0	0	0	0	0	0	0	0	0	0	0	0	0	0	0	0	0	0	0	0	0	0	0	0	0	1	9	4	5	0	1
178.800	0	0	0	0	0	0	0	0	0	0	0	0	0	0	0	0	0	0	0	0	0	0	0	0	0	0	0	0	0	0	1	9	3	2	0	0
179.000	0	0	0	0	0	0	0	0	0	0	0	0	0	0	0	0	0	0	0	0	0	0	0	0	0	0	0	0	0	0	0	8	3	2	0	0
179.200	0	0	0	0	0	0	0	0	0	0	0	0	0	0	0	0	0	0	0	0	0	0	0	0	0	0	0	0	0	0	0	8	3	2	0	0
179.400	0	0	0	0	0	0	0	0	0	0	0	0	0	0	0	0	0	0	0	0	0	0	0	0	0	0	0	0	0	0	0	1	4	5	0	5
179.600	0	0	0	0	0	0	0	0	0	0	0	0	0	0	0	0	0	0	0	0	0	0	0	0	0	0	0	0	0	0	0	2	3	5	0	4
179.800	0	0	0	0	0	0	0	0	0	0	0	0	0	0	0	0	0	0	0	0	0	0	0	0	0	0	0	0	0	0	0	1	1	5	0	5
180.000	0	0	0	0	0	0	0	0	0	0	0	0	0	0	0	0	0	0	0	0	0	0	0	0	0	0	0	0	0	0	0	1	2	5	0	5
180.200	0	0	0	0	0	0	0	0	0	0	0	0	0	0	0	0	0	0	0	0	0	0	0	0	0	0	0	0	0	0	0	0	3	5	0	5
180.400	0	0	0	0	0	0	0	0	0	0	0	0	0	0	0	0	0	0	0	0	0	0	0	0	0	0	0	0	0	0	0	0	3	6	0	4
180.600	0	0	0	0	0	0	0	0	0	0	0	0	0	0	0	0	0	0	0	0	0	0	0	0	0	0	0	0	0	0	0	1	2	6	0	3
180.800	0	0	0	0	0	0	0	0	0	0	0	0	0	0	0	0	0	0	0	0	0	0	0	0	0	0	0	0	0	0	0	1	4	5	0	4
181.000	0	0	0	0	0	0	0	0	0	0	0	0	0	0	0	0	0	0	0	0	0	0	0	0	0	0	0	0	0	0	0	5	3	5	0	5
181.200	0	0	0	0	0	0	0	0	0	0	0	0	0	0	0	0	0	0	0	0	0	0	0	0	0	0	0	0	0	0	0	0	3	4	0	5
181.400	0	0	0	0	0	0	0	0	0	0	0	0	0	0	0	0	0	0	0	0	0	0	0	0	0	0	0	0	0	0	0	1	4	5	0	3
181.600	0	0	0	0	0	0	0	0	0	0	0	0	0	0	0	0	0	0	0	0	0	0	0	0	0	0	0	0	0	0	0	0	3	4	0	4
181.800	0	0	0	0	0	0	0	0	0	0	0	0	0	0	0	0	0	0	0	0	0	0	0	0	0	0	0	0	0	0	0	0	6	4	0	5
182.000	0	0	0	0	0	0	0	0	0	0	0	0	0	0	0	0	0	0	0	0	0	0	0	0	0	0	0	0	0	0	0	0	2	6	1	3
182.200	0	0	0	0	0	0	0	0	0	0	0	0	0	0	0	0	0	0	0	0	0	0	0	0	0	0	0	0	0	0	0	4	3	5	0	3
182.400	0	0	0	0	0	0	0	0	0	0	0	0	0	0	0	0	0	0	0	0	0	0	0	0	0	0	0	0	0	0	0	1	3	2	0	3
182.600	0	0	0	0	0	0	0	0	0	0	0	0	0	0	0	0	0	0	0	0	0	0	0	0	0	0	0	0	0	0	0	1	4	4	0	5
182.800	0	0	0	0	0	0	0	0	0	0	0	0	0	0	0	0	0	0	0	0	0	0	0	0	0	0	0	0	0	0	0	1	3	3	0	5
183.000	0	0	0	0	0	0	0	0	0	0	0	0	0	0	0	0	0	0	0	0	0	0	0	0	0	0	0	0	0	0	0	1	3	4	0	5
183.200	0	0	0	0	0	0	0	0	0	0	0	0	0	0	0	0	0	0	0	0	0	0	0	0	0	0	0	0	0	0	0	8	5	3	0	5
183.400	0	0	0	0	0	0	0	0	0	0	0	0	0	0	0	0	0	0	0	0	0	0	0	0	0	0	0	0	0	0	0	3	2	4	0	4
183.600	0	0	0	0	0	0	0	0	0	0	0	0	0	0	0	0	0	0	0	0	0	0	0	0	0	0	0	0	0	0	0	3	2	5	0	2
183.800	0	0	0	0	0	0	0	0	0	0	0	0	0	0	0	0	0	0	0	0	0	0	0	0	0	0	0	0	0	0	0	3	3	3	0	2
184.000	0	0	0	0	0	0	0	0	0	0	0	0	0	0	0	0	0	0	0	0	0	0	0	0	0	0	0	0	0	0	0	5	3	4	0	2
184.200	0	0	0	0	0	0	0	0	0	0	0	0	0	0	0	0	0	0	0	0	0	0	0	0	0	0	0	0	0	0	0	2	3	3	0	3
184.400	0	0	0	0	0	0	0	0	0	0	0	0	0	0	0	0	0	0	0	0	0	0	0	0	0	0	0	0	0	0	0	7	4	3	0	2
184.600	0	0	0	0	0	0	0	0	0	0	0	0	0	0	0	0	0	0	0	0	0	0	0	0	0	0	0	0	0	0	0	6	3	3	0	2
184.800	0	0	0	0	0	0	0	0	0	0	0	0	0	0	0	0	0	0	0	0	0	0	0	0	0	0	0	0	0	0	0	4	3	3	0	2
185.000	0	0	0	0	0	0	0	0	0	0	0	0	0	0	0	0	0	0	0	0	0	0	0	0	0	0	0	0	0	0	0	1	3	6	1	2
185.200	0	0	0	0	0	0	0	0	0	0	0	0	0	0	0	0	0	0	0	0	0	0	0	0	0	0	0	0	0	0	0	2	3	2	0	2
185.400	0	0	0	0	0	0	0	0	0	0	0	0	0	0	0	0	0	0	0	0	0	0	0	0	0	0	0	0	0	0	0	5	5	3	0	2
185.600	0	0	0	0	0	0	0	0	0	0	0	0	0	0	0	0	0	0	0	0	0	0	0	0	0	0	0	0	0	0	0	1	2	5	0	3
185.800	0	0	0	0	0	0	0	0	0	0	0	0	0	0	0	0	0	0	0	0	0	0	0	0	0	0	0	0	0	0	0	1	1	1	0	5
186.000	0	0	0	0	0	0	0	0	0	0	0	0	0	0	0	0	0	0	0	0	0	0	0	0	0	0	0	0	0	0	0	1	3	1	0	5
186.200	0	0	0	0	0	0	0	0	0	0	0	0	0	0	0	0	0	0	0	0	0	0	0	0	0	0	0	0	0	0	0	0	4	4	0	1
186.400	0	0	0	0	0	0	0	0	0	0	0	0	0	0	0	0	0	0	0	0	0	0	0	0	0	0	0	0	0	0	0	1	3	4	0	5
186.600	0	0	0	0	0	0	0	0	0	0	0	0	0	0	0	0	0	0	0	0	0	0	0	0	0	0	0	0	0	0	0	1	3	5	0	6
186.800	0	0	0	0	0	0	0	0	0	0	0	0	0	0	0	0	0	0	0	0	0	0	0	0	0	0	0	0	0	0	0	6	2	6	0	3
187.000	0	0	0	0	0	0	0	0	0	0	0	0	0	0	0	0	0	0	0	0	0	0	0	0	0	0	0	0	0	0	1	3	2	5	0	2
187.200	0	0	0	0	0	0	0	0	0	0	0	0	0	0	0	0	0	0	0	0	0	0	0	0	0	0	0	0	0	0	0	2	2	5	0	5
187.400	0	0	0	0	0	0	0	0	0	0	0	0	0	0	0	0	0	0	0	0	0	0	0	0	0	0	0	0	0	0	0	2	4	3	0	5
187.600	0	0	0	0	0	0	0	0	0	0	0	0	0	0	0	0	0	0	0	0	0	0	0	0	0	0	0	0	0	0	0	3	4	6	0	0
187.800	0	0	0	0	0	0	0	0	0	0	0	0	0	0	0	0	0	0	0	0	0	0	0	0	0	0	0	0	0	0	0	1	3	8	2	0
188.000	0	0	0	0	0	0	0	0	0	0	0	0	0	0	0	0	0	0	0	0	0	0	0	0	0	0	0	0	0	0	0	0	2	3	0	3
188.200	0	0	0	0	0	0	0	0	0	0	0	0	0	0	0	0	0	0	0	0	0	0	0	0	0	0	0	0	0	0	0	1	4	2	0	2
188.400	0	0	0	0	0	0	0	0	0	0	0	0	0	0	0	0	0	0	0	0	0	0	0	0	0	0	0	0	0	0	0	4	3	4	0	4
188.600	0	0	0	0	0	0	0	0	0	0	0	0	0	0	0	0	0	0	0	0	0	0	0	0	0	0	0	0	0	0	0	2	3	5	0	4
188.800	0	0	0	0	0	0	0	0	0	0	0	0	0	0	0	0	0	0	0	0	0	0	0	0	0	0	0	0	0	0	0	1	2	6	1	0
189.000	0	0	0	0	0	0	0	0	0	0	0	0	0	0	0	0	0	0	0	0	0	0	0	0	0	0	0	0	0	0	0	1	3	7	1	0
189.200	0	0	0	0	0	0	0	0	0	0	0	0	0	0	0	0	0	0	0	0	0	0	0	0	0	0	0	0	0	0	0	0	3	4	0	0
189.400	0	0	0	0	0	0	0	0	0	0	0	0	0	0	0	0	0	0	0	0	0	0	0	0	0	0	0	0	0	0	0	4	3	3	0	0
189.600	0	0	0	0	0	0	0	0	0	0	0	0	0	0	0	0	0	0	0	0	0	0	0	0	0	0	0	0	0	0	0	4	3	2	0	0
189.800	0	0	0	0	0	0	0	0	0	0	0	0	0	0	0	0	0	0	0	0	0	0	0	0	0	0	0	0	0	0	0	2	3	2	0	0
190.000	0	0	0	0	0	0	0	0	0	0	0	0	0	0	0	0	0	0	0	0	0	0	0	0	0	0	0	0	0	0	0	5	6	4	0	2
190.200	0	0	0	0	0	0	0	0	0	0	0	0	0	0	0	0	0	0	0	0	0	0	0	0	0	0	0	0	0	0	0	0	3	3	0	1
190.400	0	0	0	0	0	0	0	0	0	0	0	0	0	0	0	0	0	0	0	0	0	0	0	0	0	0	0	0	0	0	0	5	5	3	0	1
190.600	0	0	0	0	0	0	0	0	0	0	0	0	0	0	0	0	0	0	0	0	0	0	0	0	0	0	0	0	0	0	0	0	3	8	1	0
190.800	0	0	0	0	0	0	0	0	0	0	0	0	0	0	0	0	0	0	0	0	0	0	0	0	0	0	0	0	0	0	0	1	1	8	1	0
191.000	0	0	0	0	0	0	0	0	0	0	0	0	0	0	0	0	0	0	0	0	0	0	0	0	0	0	0	0	0	0	0	3	5	6	0	5
191.200	0	0	0	0	0	0	0	0	0	0	0	0	0	0	0	0	0	0	0	0	0	0	0	0	0	0	0	0	0	0	0	3	2	4	0	0
191.400	0	0	0	0	0	0	0	0	0	0	0	0	0	0	0	0	0	0	0	0	0	0	0	0	0	0	0	0	0	0	0	1	1	5	1	0
191.600	0	0	0	0	0	0	0	0	0	0	0	0	0	0	0	0	0	0	0	0	0	0	0	0	0	0	0	0	0	0	0	4	3	2	0	1
191.800	0	0	0	0	0	0	0	0	0	0	0	0	0	0	0	0	0	0	0	0	0	0	0	0	0	0	0	0	0	0	0	1	2	6	0	1
192.000	0	0	0	0	0	0	0	0	0	0	0	0	0	0	0	0	0	0	0	0	0	0	0	0	0	0	0	0	0	0	0	2	1	4	1	4
192.200	0	0	0	0	0	0	0	0	0	0	0	0	0	0	0	0	0	0	0	0	0	0	0	0	0	0	0	0	0	0	0	5	6	3	0	2
192.400	0	0	0	0	0	0	0	0	0	0	0	0	0	0	0	0	0	0	0	0	0	0	0	0	0	0	0	0	0	0	0	4	3	2	0	2
192.600	0	0	0	0	0	0	0	0	0	0	0	0	0	0	0	0	0	0	0	0	0	0	0	0	0	0	0	0	0	0	0	3	3	5	0	2
192.800	0	0	0	0	0	0	0	0	0	0	0	0	0	0	0	0	0	0	0	0	0	0	0	0	0	0	0	0	0	0	0	3	4	2	0	2
193.000	0	0	0	0	0	0	0	0	0	0	0	0	0	0	0	0	0	0	0	0	0	0	0	0	0	0	0	0	0	0	0	3	1	3	0	2
193.200	0	0	0	0	0	0	0	0	0	0	0	0	0	0	0	0	0	0	0	0	0	0	0	0	0	0	0	0	0	0	0	2	5	4	0	3
193.400	0	0	0	0	0	0	0	0	0	0	0	0	0	0	0	0	0	0	0	0	0	0	0	0	0	0	0	0	0	0	0	0	2	3	0	2
193.600	0	0	0	0	0	0	0	0	0	0	0	0	0	0	0	0	0	0	0	0	0	0	0	0	0	0	0	0	0	0	0	0	5	2	0	4
193.800	0	0	0	0	0	0	0	0	0	0	0	0	0	0	0	0	0	0	0	0	0	0	0	0	0	0	0	0	0	0	0	0	3	2	0	2
194.000	0	0	0	0	0	0	0	0	0	0	0	0	0	0	0	0	0	0	0	0	0	0	0	0	0	0	0	0	0	0	0	0	2	4	0	2
194.200	0	0	0	0	0	0	0	0	0	0	0	0	0	0	0	0	0	0	0	0	0	0	0	0	0	0	0	0	0	0	0	0	2	5	0	4
194.400	0	0	0	0	0	0	0	0	0	0	0	0	0	0	0	0	0	0	0	0	0	0	0	0	0	0	0	0	0	0	0	0	4	4	0	4
194.600	0	0	0	0	0	0	0	0	0	0	0	0	0	0	0	0	0	0	0	0	0	0	0	0	0	0	0	0	0	0	0	1	3	5	0	4
194.800	0	0	0	0	0	0	0	0	0	0	0	0	0	0	0	0	0	0	0	0	0	0	0	0	0	0	0	0	0	0	0	0	2	4	0	3
195.000	0	0	0	0	0	0	0	0	0	0	0	0	0	0	0	0	0	0	0	0	0	0	0	0	0	0	0	0	0	0	0	0	4	5	0	3
195.200	0	0	0	0	0	0	0	0	0	0	0	0	0	0	0	0	0	0	0	0	0	0	0	0	0	0	0	0	0	0	0	0	2	5	0	2
195.400	0	0	0	0	0	0	0	0	0	0	0	0	0	0	0	0	0	0	0	0	0	0	0	0	0	0	0	0	0	0	0	0	3	3	0	4
195.600	0	0	0	0	0	0	0	0	0	0	0	0	0	0	0	0	0	0	0	0	0	0	0	0	0	0	0	0	0	0	0	0	3	4	0	1
195.800	0	0	0	0	0	0	0	0	0	0	0	0	0	0	0	0	0	0	0	0	0	0	0	0	0	0	0	0	0	0	0	1	7	5	0	1
196.000	0	0	0	0	0	0	0	0	0	0	0	0	0	0	0	0	0	0	0	0	0	0	0	0	0	0	0	0	0	0	0	0	1	4	0	1
196.200	0	0	0	0	0	0	0	0	0	0	0	0	0	0	0	0	0	0	0	0	0	0	0	0	0	0	0	0	0	0	0	0	3	3	0	1
196.400	0	0	0	0	0	0	0	0	0	0	0	0	0	0	0	0	0	0	0	0	0	0	0	0	0	0	0	0	0	0	0	1	6	3	0	1
196.600	0	0	0	0	0	0	0	0	0	0	0	0	0	0	0	0	0	0	0	0	0	0	0	0	0	0	0	0	0	0	0	0	6	5	0	2
196.800	0	0	0	0	0	0	0	0	0	0	0	0	0	0	0	0	0	0	0	0	0	0	0	0	0	0	0	0	0	0	0	3	3	4	0	1
197.000	0	0	0	0	0	0	0	0	0	0	0	0	0	0	0	0	0	0	0	0	0	0	0	0	0	0	0	0	0	0	0	4	1	2	0	1
197.200	0	0	0	0	0	0	0	0	0	0	0	0	0	0	0	0	0	0	0	0	0	0	0	0	0	0	0	0	0	0	0	4	3	2	0	1
197.400	0	0	0	0	0	0	0	0	0	0	0	0	0	0	0	0	0	0	0	0	0	0	0	0	0	0	0	0	0	0	0	3	4	3	0	1
197.600	0	0	0	0	0	0	0	0	0	0	0	0	0	0	0	0	0	0	0	0	0	0	0	0	0	0	0	0	0	0	0	2	2	6	0	0
197.800	0	0	0	0	0	0	0	0	0	0	0	0	0	0	0	0	0	0	0	0	0	0	0	0	0	0	0	0	0	0	0	3	2	6	0	0
198.000	0	0	0	0	0	0	0	0	0	0	0	0	0	0	0	0	0	0	0	0	0	0	0	0	0	0	0	0	0	0	0	0	4	3	0	2
198.200	0	0	0	0	0	0	0	0	0	0	0	0	0	0	0	0	0	0	0	0	0	0	0	0	0	0	0	0	0	0	0	4	5	5	0	1
198.400	0	0	0	0	0	0	0	0	0	0	0	0	0	0	0	0	0	0	0	0	0	0	0	0	0	0	0	0	0	0	0	5	5	1	0	2
198.600	0	0	0	0	0	0	0	0	0	0	0	0	0	0	0	0	0	0	0	0	0	0	0	0	0	0	0	0	0	0	0	4	5	2	0	2
198.800	0	0	0	0	0	0	0	0	0	0	0	0	0	0	0	0	0	0	0	0	0	0	0	0	0	0	0	0	0	0	0	1	3	2	0	3
199.000	0	0	0	0	0	0	0	0	0	0	0	0	0	0	0	0	0	0	0	0	0	0	0	0	0	0	0	0	0	0	0	3	3	2	0	0
199.200	0	0	0	0	0	0	0	0	0	0	0	0	0	0	0	0	0	0	0	0	0	0	0	0	0	0	0	0	0	0	0	3	3	1	0	2
199.400	0	0	0	0	0	0	0	0	0	0	0	0	0	0	0	0	0	0	0	0	0	0	0	0	0	0	0	0	0	0	0	2	6	5	0	1
199.600	0	0	0	0	0	0	0	0	0	0	0	0	0	0	0	0	0	0	0	0	0	0	0	0	0	0	0	0	0	0	0	0	2	2	0	3
199.800	0	0	0	0	0	0	0	0	0	0	0	0	0	0	0	0	0	0	0	0	0	0	0	0	0	0	0	0	0	0	0	3	3	3	0	4
200.000	0	0	0	0	0	0	0	0	0	0	0	0	0	0	0	0	0	0	0	0	0	0	0	0	0	0	0	0	0	0	0	3	4	5	0	3
200.200	0	0	0	0	0	0	0	0	0	0	0	0	0	0	0	0	0	0	0	0	0	0	0	0	0	0	0	0	0	0	0	6	2	2	0	2
200.400	0	0	0	0	0	0	0	0	0	0	0	0	0	0	0	0	0	0	0	0	0	0	0	0	0	0	0	0	0	0	0	0	3	5	0	0
200.600	0	0	0	0	0	0	0	0	0	0	0	0	0	0	0	0	0	0	0	0	0	0	0	0	0	0	0	0	0	0	0	1	2	2	0	0
200.800	0	0	0	0	0	0	0	0	0	0	0	0	0	0	0	0	0	0	0	0	0	0	0	0	0	0	0	0	0	0	0	0	2	4	0	1
201.000	0	0	0	0	0	0	0	0	0	0	0	0	0	0	0	0	0	0	0	0	0	0	0	0	0	0	0	0	0	0	0	1	3	2	0	2
201.200	0	0	0	0	0	0	0	0	0	0	0	0	0	0	0	0	0	0	0	0	0	0	0	0	0	0	0	0	0	0	0	0	3	4	0	0
201.400	0	0	0	0	0	0	0	0	0	0	0	0	0	0	0	0	0	0	0	0	0	0	0	0	0	0	0	0	0	0	0	2	1	2	0	1
201.600	0	0	0	0	0	0	0	0	0	0	0	0	0	0	0	0	0	0	0	0	0	0	0	0	0	0	0	0	0	0	0	2	3	4	0	1
201.800	0	0	0	0	0	0	0	0	0	0	0	0	0	0	0	0	0	0	0	0	0	0	0	0	0	0	0	0	0	0	0	1	1	2	0	1
202.000	0	0	0	0	0	0	0	0	0	0	0	0	0	0	0	0	0	0	0	0	0	0	0	0	0	0	0	0	0	0	0	0	3	3	0	3
202.200	0	0	0	0	0	0	0	0	0	0	0	0	0	0	0	0	0	0	0	0	0	0	0	0	0	0	0	0	0	0	0	0	0	3	0	1
202.400	0	0	0	0	0	0	0	0	0	0	0	0	0	0	0	0	0	0	0	0	0	0	0	0	0	0	0	0	0	0	0	0	2	4	0	1
202.600	0	0	0	0	0	0	0	0	0	0	0	0	0	0	0	0	0	0	0	0	0	0	0	0	0	0	0	0	0	0	0	0	0	2	0	1
202.800	0	0	0	0	0	0	0	0	0	0	0	0	0	0	0	0	0	0	0	0	0	0	0	0	0	0	0	0	0	0	0	1	0	3	0	0
203.000	0	0	0	0	0	0	0	0	0	0	0	0	0	0	0	0	0	0	0	0	0	0	0	0	0	0	0	0	0	0	0	1	2	2	0	2
203.200	0	0	0	0	0	0	0	0	0	0	0	0	0	0	0	0	0	0	0	0	0	0	0	0	0	0	0	0	0	0	0	0	4	5	0	1
203.400	0	0	0	0	0	0	0	0	0	0	0	0	0	0	0	0	0	0	0	0	0	0	0	0	0	0	0	0	0	0	0	1	5	3	0	1
203.600	0	0	0	0	0	0	0	0	0	0	0	0	0	0	0	0	0	0	0	0	0	0	0	0	0	0	0	0	0	0	0	1	3	1	0	3
203.800	0	0	0	0	0	0	0	0	0	0	0	0	0	0	0	0	0	0	0	0	0	0	0	0	0	0	0	0	0	0	0	2	4	5	0	3
204.000	0	0	0	0	0	0	0	0	0	0	0	0	0	0	0	0	0	0	0	0	0	0	0	0	0	0	0	0	0	0	0	1	3	2	0	1
204.200	0	0	0	0	0	0	0	0	0	0	0	0	0	0	0	0	0	0	0	0	0	0	0	0	0	0	0	0	0	0	0	0	5	4	0	0
204.400	0	0	0	0	0	0	0	0	0	0	0	0	0	0	0	0	0	0	0	0	0	0	0	0	0	0	0	0	0	0	0	0	3	4	0	0
204.600	0	0	0	0	0	0	0	0	0	0	0	0	0	0	0	0	0	0	0	0	0	0	0	0	0	0	0	0	0	0	0	0	3	4	0	0
204.800	0	0	0	0	0	0	0	0	0	0	0	0	0	0	0	0	0	0	0	0	0	0	0	0	0	0	0	0	0	0	0	1	0	3	0	0
205.000	0	0	0	0	0	0	0	0	0	0	0	0	0	0	0	0	0	0	0	0	0	0	0	0	0	0	0	0	0	0	0	0	3	4	0	0
205.200	0	0	0	0	0	0	0	0	0	0	0	0	0	0	0	0	0	0	0	0	0	0	0	0	0	0	0	0	0	0	0	0	4	5	0	0
205.400	0	0	0	0	0	0	0	0	0	0	0	0	0	0	0	0	0	0	0	0	0	0	0	0	0	0	0	0	0	0	0	2	3	3	0	0
205.600	0	0	0	0	0	0	0	0	0	0	0	0	0	0	0	0	0	0	0	0	0	0	0	0	0	0	0	0	0	0	0	0	2	4	0	0
205.800	0	0	0	0	0	0	0	0	0	0	0	0	0	0	0	0	0	0	0	0	0	0	0	0	0	0	0	0	0	0	0	0	2	3	0	1
206.000	0	0	0	0	0	0	0	0	0	0	0	0	0	0	0	0	0	0	0	0	0	0	0	0	0	0	0	0	0	0	0	2	3	2	0	2
206.200	0	0	0	0	0	0	0	0	0	0	0	0	0	0	0	0	0	0	0	0	0	0	0	0	0	0	0	0	0	0	0	3	4	2	0	3
206.400	0	0	0	0	0	0	0	0	0	0	0	0	0	0	0	0	0	0	0	0	0	0	0	0	0	0	0	0	0	0	0	4	6	5	0	5
206.600	0	0	0	0	0	0	0	0	0	0	0	0	0	0	0	0	0	0	0	0	0	0	0	0	0	0	0	0	0	0	0	3	7	4	0	4
206.800	0	0	0	0	0	0	0	0	0	0	0	0	0	0	0	0	0	0	0	0	0	0	0	0	0	0	0	0	0	0	0	2	4	2	0	3
207.000	0	0	0	0	0	0	0	0	0	0	0	0	0	0	0	0	0	0	0	0	0	0	0	0	0	0	0	0	0	0	0	2	3	4	0	4
207.200	0	0	0	0	0	0	0	0	0	0	0	0	0	0	0	0	0	0	0	0	0	0	0	0	0	0	0	0	0	0	0	2	2	5	0	0
207.400	0	0	0	0	0	0	0	0	0	0	0	0	0	0	0	0	0	0	0	0	0	0	0	0	0	0	0	0	0	0	0	1	2	4	0	1
207.600	0	0	0	0	0	0	0	0	0	0	0	0	0	0	0	0	0	0	0	0	0	0	0	0	0	0	0	0	0	0	0	1	2	2	0	1
207.800	0	0	0	0	0	0	0	0	0	0	0	0	0	0	0	0	0	0	0	0	0	0	0	0	0	0	0	0	0	0	0	1	3	2	0	2
208.000	0	0	0	0	0	0	0	0	0	0	0	0	0	0	0	0	0	0	0	0	0	0	0	0	0	0	0	0	0	0	0	1	2	5	0	2
208.200	0	0	0	0	0	0	0	0	0	0	0	0	0	0	0	0	0	0	0	0	0	0	0	0	0	0	0	0	0	0	0	1	3	2	0	0
208.400	0	0	0	0	0	0	0	0	0	0	0	0	0	0	0	0	0	0	0	0	0	0	0	0	0	0	0	0	0	0	0	2	4	2	0	0
208.600	0	0	0	0	0	0	0	0	0	0	0	0	0	0	0	0	0	0	0	0	0	0	0	0	0	0	0	0	0	0	0	6	5	1	0	0
208.800	0	0	0	0	0	0	0	0	0	0	0	0	0	0	0	0	0	0	0	0	0	0	0	0	0	0	0	0	0	0	0	1	4	1	0	0
209.000	0	0	0	0	0	0	0	0	0	0	0	0	0	0	0	0	0	0	0	0	0	0	0	0	0	0	0	0	0	0	0	2	2	2	0	0
209.200	0	0	0	0	0	0	0	0	0	0	0	0	0	0	0	0	0	0	0	0	0	0	0	0	0	0	0	0	0	0	0	5	2	3	0	0
209.400	0	0	0	0	0	0	0	0	0	0	0	0	0	0	0	0	0	0	0	0	0	0	0	0	0	0	0	0	0	0	0	5	0	3	0	0
209.600	0	0	0	0	0	0	0	0	0	0	0	0	0	0	0	0	0	0	0	0	0	0	0	0	0	0	0	0	0	0	0	8	2	5	0	0
209.800	0	0	0	0	0	0	0	0	0	0	0	0	0	0	0	0	0	0	0	0	0	0	0	0	0	0	0	0	0	0	0	3	2	5	1	0
210.000	0	0	0	0	0	0	0	0	0	0	0	0	0	0	0	0	0	0	0	0	0	0	0	0	0	0	0	0	0	0	0	1	3	2	0	0
210.200	0	0	0	0	0	0	0	0	0	0	0	0	0	0	0	0	0	0	0	0	0	0	0	0	0	0	0	0	0	0	0	6	0	3	0	0
210.400	0	0	0	0	0	0	0	0	0	0	0	0	0	0	0	0	0	0	0	0	0	0	0	0	0	0	0	0	0	0	0	5	2	6	1	0
210.600	0	0	0	0	0	0	0	0	0	0	0	0	0	0	0	0	0	0	0	0	0	0	0	0	0	0	0	0	0	0	0	3	0	6	1	0
210.800	0	0	0	0	0	0	0	0	0	0	0	0	0	0	0	0	0	0	0	0	0	0	0	0	0	0	0	0	0	0	0	6	1	4	1	0
211.000	0	0	0	0	0	0	0	0	0	0	0	0	0	0	0	0	0	0	0	0	0	0	0	0	0	0	0	0	0	0	0	9	1	5	1	0
211.200	0	0	0	0	0	0	0	0	0	0	0	0	0	0	0	0	0	0	0	0	0	0	0	0	0	0	0	0	0	0	0	5	0	4	1	0
211.400	0	0	0	0	0	0	0	0	0	0	0	0	0	0	0	0	0	0	0	0	0	0	0	0	0	0	0	0	0	0	0	7	2	5	1	0
211.600	0	0	0	0	0	0	0	0	0	0	0	0	0	0	0	0	0	0	0	0	0	0	0	0	0	0	0	0	0	0	0	5	3	5	0	1
211.800	0	0	0	0	0	0	0	0	0	0	0	0	0	0	0	0	0	0	0	0	0	0	0	0	0	0	0	0	0	0	0	10	4	3	0	1
212.000	0	0	0	0	0	0	0	0	0	0	0	0	0	0	0	0	0	0	0	0	0	0	0	0	0	0	0	0	0	0	0	5	0	4	1	0
212.200	0	0	0	0	0	0	0	0	0	0	0	0	0	0	0	0	0	0	0	0	0	0	0	0	0	0	0	0	0	0	0	5	0	2	0	2
212.400	0	0	0	0	0	0	0	0	0	0	0	0	0	0	0	0	0	0	0	0	0	0	0	0	0	0	0	0	0	0	0	1	0	2	0	2
212.600	0	0	0	0	0	0	0	0	0	0	0	0	0	0	0	0	0	0	0	0	0	0	0	0	0	0	0	0	0	0	0	3	3	2	0	5
212.800	0	0	0	0	0	0	0	0	0	0	0	0	0	0	0	0	0	0	0	0	0	0	0	0	0	0	0	0	0	0	0	5	1	1	0	4
213.000	0	0	0	0	0	0	0	0	0	0	0	0	0	0	0	0	0	0	0	0	0	0	0	0	0	0	0	0	0	0	0	1	1	2	0	5
213.200	0	0	0	0	0	0	0	0	0	0	0	0	0	0	0	0	0	0	0	0	0	0	0	0	0	0	0	0	0	0	0	5	2	2	0	4
213.400	0	0	0	0	0	0	0	0	0	0	0	0	0	0	0	0	0	0	0	0	0	0	0	0	0	0	0	0	0	0	1	9	3	3	0	5
213.600	0	0	0	0	0	0	0	0	0	0	0	0	0	0	0	0	0	0	0	0	0	0	0	0	0	0	0	0	0	0	1	10	3	6	1	3
213.800	0	0	0	0	0	0	0	0	0	0	0	0	0	0	0	0	0	0	0	0	0	0	0	0	0	0	0	0	0	0	0	3	2	4	1	4
214.000	0	0	0	0	0	0	0	0	0	0	0	0	0	0	0	0	0	0	0	0	0	0	0	0	0	0	0	0	0	0	0	2	3	5	0	5
214.200	0	0	0	0	0	0	0	0	0	0	0	0	0	0	0	0	0	0	0	0	0	0	0	0	0	0	0	0	0	0	1	5	3	3	0	4
214.400	0	0	0	0	0	0	0	0	0	0	0	0	0	0	0	0	0	0	0	0	0	0	0	0	0	0	0	0	0	0	0	1	3	2	0	5
214.600	0	0	0	0	0	0	0	0	0	0	0	0	0	0	0	0	0	0	0	0	0	0	0	0	0	0	0	0	0	0	0	1	3	2	0	4
214.800	0	0	0	0	0	0	0	0	0	0	0	0	0	0	0	0	0	0	0	0	0	0	0	0	0	0	0	0	0	0	0	6	1	3	0	4
215.000	0	0	0	0	0	0	0	0	0	0	0	0	0	0	0	0	0	0	0	0	0	0	0	0	0	0	0	0	0	0	0	5	4	5	0	3
215.200	0	0	0	0	0	0	0	0	0	0	0	0	0	0	0	0	0	0	0	0	0	0	0	0	0	0	0	0	0	0	0	3	3	5	0	3
215.400	0	0	0	0	0	0	0	0	0	0	0	0	0	0	0	0	0	0	0	0	0	0	0	0	0	0	0	0	0	0	0	3	3	2	0	4
215.600	0	0	0	0	0	0	0	0	0	0	0	0	0	0	0	0	0	0	0	0	0	0	0	0	0	0	0	0	0	0	0	1	3	2	0	5
215.800	0	0	0	0	0	0	0	0	0	0	0	0	0	0	0	0	0	0	0	0	0	0	0	0	0	0	0	0	0	0	0	0	2	4	0	0
216.000	0	0	0	0	0	0	0	0	0	0	0	0	0	0	0	0	0	0	0	0	0	0	0	0	0	0	0	0	0	0	0	7	3	4	0	4
216.200	0	0	0	0	0	0	0	0	0	0	0	0	0	0	0	0	0	0	0	0	0	0	0	0	0	0	0	0	0	0	0	2	4	2	0	4
216.400	0	0	0	0	0	0	0	0	0	0	0	0	0	0	0	0	0	0	0	0	0	0	0	0	0	0	0	0	0	0	0	2	4	3	0	4
216.600	0	0	0	0	0	0	0	0	0	0	0	0	0	0	0	0	0	0	0	0	0	0	0	0	0	0	0	0	0	0	0	2	2	2	0	2
216.800	0	0	0	0	0	0	0	0	0	0	0	0	0	0	0	0	0	0	0	0	0	0	0	0	0	0	0	0	0	0	0	5	3	2	0	2
217.000	0	0	0	0	0	0	0	0	0	0	0	0	0	0	0	0	0	0	0	0	0	0	0	0	0	0	0	0	0	0	0	2	1	2	0	3
217.200	0	0	0	0	0	0	0	0	0	0	0	0	0	0	0	0	0	0	0	0	0	0	0	0	0	0	0	0	0	0	0	10	6	5	0	6
217.400	0	0	0	0	0	0	0	0	0	0	0	0	0	0	0	0	0	0	0	0	0	0	0	0	0	0	0	0	0	0	0	7	4	2	0	5
217.600	0	0	0	0	0	0	0	0	0	0	0	0	0	0	0	0	0	0	0	0	0	0	0	0	0	0	0	0	0	0	2	8	1	3	0	7
217.800	0	0	0	0	0	0	0	0	0	0	0	0	0	0	0	0	0	0	0	0	0	0	0	0	0	0	0	0	0	0	1	6	3	3	0	6
218.000	0	0	0	0	0	0	0	0	0	0	0	0	0	0	0	0	0	0	0	0	0	0	0	0	0	0	0	0	0	0	0	6	1	2	0	7
218.200	0	0	0	0	0	0	0	0	0	0	0	0	0	0	0	0	0	0	0	0	0	0	0	0	0	0	0	0	0	0	0	2	3	2	0	7
218.400	0	0	0	0	0	0	0	0	0	0	0	0	0	0	0	0	0	0	0	0	0	0	0	0	0	0	0	0	0	0	2	11	3	2	0	7
218.600	0	0	0	0	0	0	0	0	0	0	0	0	0	0	0	0	0	0	0	0	0	0	0	0	0	0	0	0	0	0	1	7	2	3	0	6
218.800	0	0	0	0	0	0	0	0	0	0	0	0	0	0	0	0	0	0	0	0	0	0	0	0	0	0	0	0	0	0	1	5	4	2	0	8
219.000	0	0	0	0	0	0	0	0	0	0	0	0	0	0	0	0	0	0	0	0	0	0	0	0	0	0	0	0	0	0	0	8	4	4	0	6
219.200	0	0	0	0	0	0	0	0	0	0	0	0	0	0	0	0	0	0	0	0	0	0	0	0	0	0	0	0	0	0	1	3	3	5	0	7
219.400	0	0	0	0	0	0	0	0	0	0	0	0	0	0	0	0	0	0	0	0	0	0	0	0	0	0	0	0	0	0	0	5	3	3	0	2
219.600	0	0	0	0	0	0	0	0	0	0	0	0	0	0	0	0	0	0	0	0	0	0	0	0	0	0	0	0	0	0	1	4	6	2	0	6
219.800	0	0	0	0	0	0	0	0	0	0	0	0	0	0	0	0	0	0	0	0	0	0	0	0	0	0	0	0	0	0	0	5	2	3	0	5
220.000	0	0	0	0	0	0	0	0	0	0	0	0	0	0	0	0	0	0	0	0	0	0	0	0	0	0	0	0	0	0	0	4	3	4	0	3
220.200	0	0	0	0	0	0	0	0	0	0	0	0	0	0	0	0	0	0	0	0	0	0	0	0	0	0	0	0	0	0	0	5	3	4	0	1
220.400	0	0	0	0	0	0	0	0	0	0	0	0	0	0	0	0	0	0	0	0	0	0	0	0	0	0	0	0	0	0	2	10	4	3	0	5
220.600	0	0	0	0	0	0	0	0	0	0	0	0	0	0	0	0	0	0	0	0	0	0	0	0	0	0	0	0	0	0	0	6	3	4	0	3
220.800	0	0	0	0	0	0	0	0	0	0	0	0	0	0	0	0	0	0	0	0	0	0	0	0	0	0	0	0	0	0	4	6	1	2	0	1
221.000	0	0	0	0	0	0	0	0	0	0	0	0	0	0	0	0	0	0	0	0	0	0	0	0	0	0	0	0	0	0	0	5	2	2	0	3
221.200	0	0	0	0	0	0	0	0	0	0	0	0	0	0	0	0	0	0	0	0	0	0	0	0	0	0	0	0	0	0	1	5	4	4	0	6
221.400	0	0	0	0	0	0	0	0	0	0	0	0	0	0	0	0	0	0	0	0	0	0	0	0	0	0	0	0	0	0	0	9	2	3	0	3
221.600	0	0	0	0	0	0	0	0	0	0	0	0	0	0	0	0	0	0	0	0	0	0	0	0	0	0	0	0	0	0	0	9	1	1	0	0
221.800	0	0	0	0	0	0	0	0	0	0	0	0	0	0	0	0	0	0	0	0	0	0	0	0	0	0	0	0	0	0	0	9	5	3	0	0
222.000	0	0	0	0	0	0	0	0	0	0	0	0	0	0	0	0	0	0	0	0	0	0	0	0	0	0	0	0	0	0	1	7	5	4	0	6
222.200	0	0	0	0	0	0	0	0	0	0	0	0	0	0	0	0	0	0	0	0	0	0	0	0	0	0	0	0	0	0	0	4	2	5	0	7
222.400	0	0	0	0	0	0	0	0	0	0	0	0	0	0	0	0	0	0	0	0	0	0	0	0	0	0	0	0	0	0	1	7	1	3	0	8
222.600	0	0	0	0	0	0	0	0	0	0	0	0	0	0	0	0	0	0	0	0	0	0	0	0	0	0	0	0	0	0	1	10	3	3	0	7
222.800	0	0	0	0	0	0	0	0	0	0	0	0	0	0	0	0	0	0	0	0	0	0	0	0	0	0	0	0	0	0	0	7	2	5	0	1
223.000	0	0	0	0	0	0	0	0	0	0	0	0	0	0	0	0	0	0	0	0	0	0	0	0	0	0	0	0	0	0	0	12	2	5	0	3
223.200	0	0	0	0	0	0	0	0	0	0	0	0	0	0	0	0	0	0	0	0	0	0	0	0	0	0	0	0	0	0	0	7	3	4	0	3
223.400	0	0	0	0	0	0	0	0	0	0	0	0	0	0	0	0	0	0	0	0	0	0	0	0	0	0	0	0	0	0	0	7	3	5	0	7
223.600	0	0	0	0	0	0	0	0	0	0	0	0	0	0	0	0	0	0	0	0	0	0	0	0	0	0	0	0	0	0	0	5	0	3	0	7
223.800	0	0	0	0	0	0	0	0	0	0	0	0	0	0	0	0	0	0	0	0	0	0	0	0	0	0	0	0	0	0	0	10	2	3	0	3
224.000	0	0	0	0	0	0	0	0	0	0	0	0	0	0	0	0	0	0	0	0	0	0	0	0	0	0	0	0	0	0	1	8	3	2	0	6
224.200	0	0	0	0	0	0	0	0	0	0	0	0	0	0	0	0	0	0	0	0	0	0	0	0	0	0	0	0	0	0	1	9	3	1	0	11
224.400	0	0	0	0	0	0	0	0	0	0	0	0	0	0	0	0	0	0	0	0	0	0	0	0	0	0	0	0	0	0	0	7	4	4	0	9
224.600	0	0	0	0	0	0	0	0	0	0	0	0	0	0	0	0	0	0	0	0	0	0	0	0	0	0	0	0	0	0	1	11	2	2	0	7
224.800	0	0	0	0	0	0	0	0	0	0	0	0	0	0	0	0	0	0	0	0	0	0	0	0	0	0	0	0	0	0	0	12	0	3	0	8
225.000	0	0	0	0	0	0	0	0	0	0	0	0	0	0	0	0	0	0	0	0	0	0	0	0	0	0	0	0	0	0	1	6	4	3	0	13
225.200	0	0	0	0	0	0	0	0	0	0	0	0	0	0	0	0	0	0	0	0	0	0	0	0	0	0	0	0	0	0	1	8	3	5	0	5
225.400	0	0	0	0	0	0	0	0	0	0	0	0	0	0	0	0	0	0	0	0	0	0	0	0	0	0	0	0	0	0	1	9	5	2	0	6
225.600	0	0	0	0	0	0	0	0	0	0	0	0	0	0	0	0	0	0	0	0	0	0	0	0	0	0	0	0	0	0	0	9	4	3	0	4
225.800	0	0	0	0	0	0	0	0	0	0	0	0	0	0	0	0	0	0	0	0	0	0	0	0	0	0	0	0	0	0	1	9	5	3	0	10
226.000	0	0	0	0	0	0	0	0	0	0	0	0	0	0	0	0	0	0	0	0	0	0	0	0	0	0	0	0	0	0	0	5	1	2	0	11
226.200	0	0	0	0	0	0	0	0	0	0	0	0	0	0	0	0	0	0	0	0	0	0	0	0	0	0	0	0	0	0	1	14	5	2	0	13
226.400	0	0	0	0	0	0	0	0	0	0	0	0	0	0	0	0	0	0	0	0	0	0	0	0	0	0	0	0	0	0	0	10	2	3	0	9
226.600	0	0	0	0	0	0	0	0	0	0	0	0	0	0	0	0	0	0	0	0	0	0	0	0	0	0	0	0	0	0	1	9	6	5	0	9
226.800	0	0	0	0	0	0	0	0	0	0	0	0	0	0	0	0	0	0	0	0	0	0	0	0	0	0	0	0	0	0	0	4	2	4	0	7
227.000	0	0	0	0	0	0	0	0	0	0	0	0	0	0	0	0	0	0	0	0	0	0	0	0	0	0	0	0	0	0	0	4	2	4	0	12
227.200	0	0	0	0	0	0	0	0	0	0	0	0	0	0	0	0	0	0	0	0	0	0	0	0	0	0	0	0	0	0	2	12	3	2	0	10
227.400	0	0	0	0	0	0	0	0	0	0	0	0	0	0	0	0	0	0	0	0	0	0	0	0	0	0	0	0	0	0	0	9	3	4	0	9
227.600	0	0	0	0	0	0	0	0	0	0	0	0	0	0	0	0	0	0	0	0	0	0	0	0	0	0	0	0	0	0	0	7	3	2	0	12
227.800	0	0	0	0	0	0	0	0	0	0	0	0	0	0	0	0	0	0	0	0	0	0	0	0	0	0	0	0	0	0	1	9	1	3	0	11
228.000	0	0	0	0	0	0	0	0	0	0	0	0	0	0	0	0	0	0	0	0	0	0	0	0	0	0	0	0	0	0	1	5	2	2	0	12
228.200	0	0	0	0	0	0	0	0	0	0	0	0	0	0	0	0	0	0	0	0	0	0	0	0	0	0	0	0	0	0	1	3	4	4	0	10
228.400	0	0	0	0	0	0	0	0	0	0	0	0	0	0	0	0	0	0	0	0	0	0	0	0	0	0	0	0	0	0	2	7	1	2	0	3
228.600	0	0	0	0	0	0	0	0	0	0	0	0	0	0	0	0	0	0	0	0	0	0	0	0	0	0	0	0	0	0	1	9	3	2	0	6
228.800	0	0	0	0	0	0	0	0	0	0	0	0	0	0	0	0	0	0	0	0	0	0	0	0	0	0	0	0	0	0	1	5	3	3	0	7
229.000	0	0	0	0	0	0	0	0	0	0	0	0	0	0	0	0	0	0	0	0	0	0	0	0	0	0	0	0	0	1	4	7	2	2	0	11
229.200	0	0	0	0	0	0	0	0	0	0	0	0	0	0	0	0	0	0	0	0	0	0	0	0	0	0	0	0	0	3	4	8	3	2	0	10
229.400	0	0	0	0	0	0	0	0	0	0	0	0	0	0	0	0	0	0	0	0	0	0	0	0	0	0	0	0	0	3	2	9	5	2	0	8
229.600	0	0	0	0	0	0	0	0	0	0	0	0	0	0	0	0	0	0	0	0	0	0	0	0	0	0	0	0	1	2	4	6	2	2	0	7
229.800	0	0	0	0	0	0	0	0	0	0	0	0	0	0	0	0	0	0	0	0	0	0	0	0	0	0	0	0	1	4	4	2	1	5	0	7
230.000	0	0	0	0	0	0	0	0	0	0	0	0	0	0	0	0	0	0	0	0	0	0	0	0	0	0	0	0	0	3	2	7	1	1	0	9
230.200	0	0	0	0	0	0	0	0	0	0	0	0	0	0	0	0	0	0	0	0	0	0	0	0	0	0	0	0	0	3	2	12	5	3	0	9
230.400	0	0	0	0	0	0	0	0	0	0	0	0	0	0	0	0	0	0	0	0	0	0	0	0	0	0	0	0	0	3	3	10	1	1	0	7
230.600	0	0	0	0	0	0	0	0	0	0	0	0	0	0	0	0	0	0	0	0	0	0	0	0	0	0	0	0	2	3	5	8	5	1	0	12
230.800	0	0	0	0	0	0	0	0	0	0	0	0	0	0	0	0	0	0	0	0	0	0	0	0	0	0	0	0	0	3	1	7	2	3	0	12
231.000	0	0	0	0	0	0	0	0	0	0	0	0	0	0	0	0	0	0	0	0	0	0	0	0	0	0	0	0	0	2	5	12	3	3	0	12
231.200	0	0	0	0	0	0	0	0	0	0	0	0	0	0	0	0	0	0	0	0	0	0	0	0	0	0	0	0	0	2	3	5	4	2	0	12
231.400	0	0	0	0	0	0	0	0	0	0	0	0	0	0	0	0	0	0	0	0	0	0	0	0	0	0	0	0	0	3	2	9	3	2	0	12
231.600	0	0	0	0	0	0	0	0	0	0	0	0	0	0	0	0	0	0	0	0	0	0	0	0	0	0	0	0	0	1	2	5	4	3	0	14
231.800	0	0	0	0	0	0	0	0	0	0	0	0	0	0	0	0	0	0	0	0	0	0	0	0	0	0	0	0	0	0	1	6	2	2	0	11
232.000	0	0	0	0	0	0	0	0	0	0	0	0	0	0	0	0	0	0	0	0	0	0	0	0	0	0	0	0	0	0	0	8	2	2	0	10
232.200	0	0	0	0	0	0	0	0	0	0	0	0	0	0	0	0	0	0	0	0	0	0	0	0	0	0	0	0	0	0	0	8	3	3	0	10
232.400	0	0	0	0	0	0	0	0	0	0	0	0	0	0	0	0	0	0	0	0	0	0	0	0	0	0	0	0	0	0	1	12	3	2	0	8
232.600	0	0	0	0	0	0	0	0	0	0	0	0	0	0	0	0	0	0	0	0	0	0	0	0	0	0	0	0	0	0	0	14	8	4	0	8
232.800	0	0	0	0	0	0	0	0	0	0	0	0	0	0	0	0	0	0	0	0	0	0	0	0	0	0	0	0	0	0	0	9	4	3	0	10
233.000	0	0	0	0	0	0	0	0	0	0	0	0	0	0	0	0	0	0	0	0	0	0	0	0	0	0	0	0	0	0	0	8	3	3	0	5
233.200	0	0	0	0	0	0	0	0	0	0	0	0	0	0	0	0	0	0	0	0	0	0	0	0	0	0	0	0	0	0	0	8	2	2	0	3
233.400	0	0	0	0	0	0	0	0	0	0	0	0	0	0	0	0	0	0	0	0	0	0	0	0	0	0	0	0	0	0	0	9	3	2	0	2
233.600	0	0	0	0	0	0	0	0	0	0	0	0	0	0	0	0	0	0	0	0	0	0	0	0	0	0	0	0	0	0	1	10	3	2	0	7
233.800	0	0	0	0	0	0	0	0	0	0	0	0	0	0	0	0	0	0	0	0	0	0	0	0	0	0	0	0	0	0	0	11	4	2	0	3
234.000	0	0	0	0	0	0	0	0	0	0	0	0	0	0	0	0	0	0	0	0	0	0	0	0	0	0	0	0	0	0	0	9	4	2	0	5
234.200	0	0	0	0	0	0	0	0	0	0	0	0	0	0	0	0	0	0	0	0	0	0	0	0	0	0	0	0	0	0	0	5	2	5	0	6
234.400	0	0	0	0	0	0	0	0	0	0	0	0	0	0	0	0	0	0	0	0	0	0	0	0	0	0	0	0	0	0	1	10	3	4	0	5
234.600	0	0	0	0	0	0	0	0	0	0	0	0	0	0	0	0	0	0	0	0	0	0	0	0	0	0	0	0	0	0	0	4	3	4	0	6
234.800	0	0	0	0	0	0	0	0	0	0	0	0	0	0	0	0	0	0	0	0	0	0	0	0	0	0	0	0	0	0	0	9	3	2	0	11
235.000	0	0	0	0	0	0	0	0	0	0	0	0	0	0	0	0	0	0	0	0	0	0	0	0	0	0	0	0	0	0	1	4	3	2	0	12
235.200	0	0	0	0	0	0	0	0	0	0	0	0	0	0	0	0	0	0	0	0	0	0	0	0	0	0	0	0	0	0	0	5	3	5	0	10
235.400	0	0	0	0	0	0	0	0	0	0	0	0	0	0	0	0	0	0	0	0	0	0	0	0	0	0	0	0	0	0	0	1	1	2	0	11
235.600	0	0	0	0	0	0	0	0	0	0	0	0	0	0	0	0	0	0	0	0	0	0	0	0	0	0	0	0	0	0	0	3	4	2	0	11
235.800	0	0	0	0	0	0	0	0	0	0	0	0	0	0	0	0	0	0	0	0	0	0	0	0	0	0	0	0	0	0	1	6	3	3	0	7
236.000	0	0	0	0	0	0	0	0	0	0	0	0	0	0	0	0	0	0	0	0	0	0	0	0	0	0	0	0	0	0	1	7	3	2	0	10
236.200	0	0	0	0	0	0	0	0	0	0	0	0	0	0	0	0	0	0	0	0	0	0	0	0	0	0	0	0	0	0	1	6	4	3	0	11
236.400	0	0	0	0	0	0	0	0	0	0	0	0	0	0	0	0	0	0	0	0	0	0	0	0	0	0	0	0	0	0	0	7	3	3	0	7
236.600	0	0	0	0	0	0	0	0	0	0	0	0	0	0	0	0	0	0	0	0	0	0	0	0	0	0	0	0	0	0	1	6	4	4	0	13
236.800	0	0	0	0	0	0	0	0	0	0	0	0	0	0	0	0	0	0	0	0	0	0	0	0	0	0	0	0	0	0	0	5	2	3	0	5
237.000	0	0	0	0	0	0	0	0	0	0	0	0	0	0	0	0	0	0	0	0	0	0	0	0	0	0	0	0	0	0	1	2	3	2	0	9
237.200	0	0	0	0	0	0	0	0	0	0	0	0	0	0	0	0	0	0	0	0	0	0	0	0	0	0	0	0	0	0	1	5	4	4	0	6
237.400	0	0	0	0	0	0	0	0	0	0	0	0	0	0	0	0	0	0	0	0	0	0	0	0	0	0	0	0	0	0	1	5	2	2	0	8
237.600	0	0	0	0	0	0	0	0	0	0	0	0	0	0	0	0	0	0	0	0	0	0	0	0	0	0	0	0	0	0	1	8	3	2	0	11
237.800	0	0	0	0	0	0	0	0	0	0	0	0	0	0	0	0	0	0	0	0	0	0	0	0	0	0	0	0	0	0	1	6	4	2	0	6
238.000	0	0	0	0	0	0	0	0	0	0	0	0	0	0	0	0	0	0	0	0	0	0	0	0	0	0	0	0	0	0	1	4	3	4	0	8
238.200	0	0	0	0	0	0	0	0	0	0	0	0	0	0	0	0	0	0	0	0	0	0	0	0	0	0	0	0	0	0	0	11	5	2	0	6
238.400	0	0	0	0	0	0	0	0	0	0	0	0	0	0	0	0	0	0	0	0	0	0	0	0	0	0	0	0	0	0	0	6	3	2	0	10
238.600	0	0	0	0	0	0	0	0	0	0	0	0	0	0	0	0	0	0	0	0	0	0	0	0	0	0	0	0	0	0	0	13	3	2	0	2
238.800	0	0	0	0	0	0	0	0	0	0	0	0	0	0	0	0	0	0	0	0	0	0	0	0	0	0	0	0	0	0	0	10	3	2	0	6
239.000	0	0	0	0	0	0	0	0	0	0	0	0	0	0	0	0	0	0	0	0	0	0	0	0	0	0	0	0	0	0	1	9	3	2	0	9
239.200	0	0	0	0	0	0	0	0	0	0	0	0	0	0	0	0	0	0	0	0	0	0	0	0	0	0	0	0	0	0	0	4	2	4	0	4
239.400	0	0	0	0	0	0	0	0	0	0	0	0	0	0	0	0	0	0	0	0	0	0	0	0	0	0	0	0	0	0	0	7	3	2	0	11
239.600	0	0	0	0	0	0	0	0	0	0	0	0	0	0	0	0	0	0	0	0	0	0	0	0	0	0	0	0	0	0	0	4	3	3	0	10
239.800	0	0	0	0	0	0	0	0	0	0	0	0	0	0	0	0	0	0	0	0	0	0	0	0	0	0	0	0	0	1	2	7	2	2	0	9
240.000	0	0	0	0	0	0	0	0	0	0	0	0	0	0	0	0	0	0	0	0	0	0	0	0	0	0	0	0	0	1	3	2	2	4	0	9
240.200	0	0	0	0	0	0	0	0	0	0	0	0	0	0	0	0	0	0	0	0	0	0	0	0	0	0	0	0	0	0	3	6	3	4	0	7
240.400	0	0	0	0	0	0	0	0	0	0	0	0	0	0	0	0	0	0	0	0	0	0	0	0	0	0	0	0	0	4	1	3	4	2	0	13
240.600	0	0	0	0	0	0	0	0	0	0	0	0	0	0	0	0	0	0	0	0	0	0	0	0	0	0	0	0	0	3	2	4	3	3	0	12
240.800	0	0	0	0	0	0	0	0	0	0	0	0	0	0	0	0	0	0	0	0	0	0	0	0	0	0	0	0	0	1	2	3	5	2	0	12
241.000	0	0	0	0	0	0	0	0	0	0	0	0	0	0	0	0	0	0	0	0	0	0	0	0	0	0	0	0	0	2	4	4	3	2	0	9
241.200	0	0	0	0	0	0	0	0	0	0	0	0	0	0	0	0	0	0	0	0	0	0	0	0	0	0	0	0	0	2	5	9	3	2	0	10
241.400	0	0	0	0	0	0	0	0	0	0	0	0	0	0	0	0	0	0	0	0	0	0	0	0	0	0	0	0	0	0	1	7	4	3	0	12
241.600	0	0	0	0	0	0	0	0	0	0	0	0	0	0	0	0	0	0	0	0	0	0	0	0	0	0	0	0	0	0	0	3	3	2	0	9
241.800	0	0	0	0	0	0	0	0	0	0	0	0	0	0	0	0	0	0	0	0	0	0	0	0	0	0	0	0	0	0	0	4	3	2	0	4
242.000	0	0	0	0	0	0	0	0	0	0	0	0	0	0	0	0	0	0	0	0	0	0	0	0	0	0	0	0	0	0	2	5	3	3	0	3
242.200	0	0	0	0	0	0	0	0	0	0	0	0	0	0	0	0	0	0	0	0	0	0	0	0	0	0	0	0	0	0	0	3	3	3	0	3
242.400	0	0	0	0	0	0	0	0	0	0	0	0	0	0	0	0	0	0	0	0	0	0	0	0	0	0	0	0	0	0	0	4	3	3	0	4
242.600	0	0	0	0	0	0	0	0	0	0	0	0	0	0	0	0	0	0	0	0	0	0	0	0	0	0	0	0	0	0	0	5	3	4	0	3
242.800	0	0	0	0	0	0	0	0	0	0	0	0	0	0	0	0	0	0	0	0	0	0	0	0	0	0	0	0	0	0	0	9	3	5	0	6
243.000	0	0	0	0	0	0	0	0	0	0	0	0	0	0	0	0	0	0	0	0	0	0	0	0	0	0	0	0	0	0	0	5	4	1	0	7
243.200	0	0	0	0	0	0	0	0	0	0	0	0	0	0	0	0	0	0	0	0	0	0	0	0	0	0	0	0	0	0	2	6	3	2	0	12
243.400	0	0	0	0	0	0	0	0	0	0	0	0	0	0	0	0	0	0	0	0	0	0	0	0	0	0	0	0	0	0	0	8	3	3	0	4
243.600	0	0	0	0	0	0	0	0	0	0	0	0	0	0	0	0	0	0	0	0	0	0	0	0	0	0	0	0	0	0	0	8	3	4	0	7
243.800	0	0	0	0	0	0	0	0	0	0	0	0	0	0	0	0	0	0	0	0	0	0	0	0	0	0	0	0	0	0	0	2	4	5	0	6
244.000	0	0	0	0	0	0	0	0	0	0	0	0	0	0	0	0	0	0	0	0	0	0	0	0	0	0	0	0	0	0	0	5	3	2	0	2
244.200	0	0	0	0	0	0	0	0	0	0	0	0	0	0	0	0	0	0	0	0	0	0	0	0	0	0	0	0	0	0	1	3	3	2	0	10
244.400	0	0	0	0	0	0	0	0	0	0	0	0	0	0	0	0	0	0	0	0	0	0	0	0	0	0	0	0	0	0	0	4	3	2	0	6
244.600	0	0	0	0	0	0	0	0	0	0	0	0	0	0	0	0	0	0	0	0	0	0	0	0	0	0	0	0	0	0	0	5	3	2	0	6
244.800	0	0	0	0	0	0	0	0	0	0	0	0	0	0	0	0	0	0	0	0	0	0	0	0	0	0	0	0	0	0	0	5	3	2	0	10
245.000	0	0	0	0	0	0	0	0	0	0	0	0	0	0	0	0	0	0	0	0	0	0	0	0	0	0	0	0	0	0	0	2	5	2	0	4
245.200	0	0	0	0	0	0	0	0	0	0	0	0	0	0	0	0	0	0	0	0	0	0	0	0	0	0	0	0	0	0	1	5	1	3	0	9
245.400	0	0	0	0	0	0	0	0	0	0	0	0	0	0	0	0	0	0	0	0	0	0	0	0	0	0	0	0	0	0	0	9	2	2	0	9
245.600	0	0	0	0	0	0	0	0	0	0	0	0	0	0	0	0	0	0	0	0	0	0	0	0	0	0	0	0	0	0	1	7	2	2	0	7
245.800	0	0	0	0	0	0	0	0	0	0	0	0	0	0	0	0	0	0	0	0	0	0	0	0	0	0	0	0	0	0	1	3	3	1	0	11
246.000	0	0	0	0	0	0	0	0	0	0	0	0	0	0	0	0	0	0	0	0	0	0	0	0	0	0	0	0	0	0	0	7	2	2	0	6
246.200	0	0	0	0	0	0	0	0	0	0	0	0	0	0	0	0	0	0	0	0	0	0	0	0	0	0	0	0	0	0	1	7	1	2	0	6
246.400	0	0	0	0	0	0	0	0	0	0	0	0	0	0	0	0	0	0	0	0	0	0	0	0	0	0	0	0	0	0	0	10	6	4	0	5
246.600	0	0	0	0	0	0	0	0	0	0	0	0	0	0	0	0	0	0	0	0	0	0	0	0	0	0	0	0	0	0	1	8	5	2	0	12
246.800	0	0	0	0	0	0	0	0	0	0	0	0	0	0	0	0	0	0	0	0	0	0	0	0	0	0	0	0	0	0	0	7	1	2	0	8
247.000	0	0	0	0	0	0	0	0	0	0	0	0	0	0	0	0	0	0	0	0	0	0	0	0	0	0	0	0	0	0	2	3	3	3	0	7
247.200	0	0	0	0	0	0	0	0	0	0	0	0	0	0	0	0	0	0	0	0	0	0	0	0	0	0	0	0	0	0	0	7	1	2	0	7
247.400	0	0	0	0	0	0	0	0	0	0	0	0	0	0	0	0	0	0	0	0	0	0	0	0	0	0	0	0	0	0	1	5	3	3	0	10
247.600	0	0	0	0	0	0	0	0	0	0	0	0	0	0	0	0	0	0	0	0	0	0	0	0	0	0	0	0	0	0	1	5	2	3	0	9
247.800	0	0	0	0	0	0	0	0	0	0	0	0	0	0	0	0	0	0	0	0	0	0	0	0	0	0	0	0	0	0	1	4	3	5	0	8
248.000	0	0	0	0	0	0	0	0	0	0	0	0	0	0	0	0	0	0	0	0	0	0	0	0	0	0	0	0	0	0	0	12	3	1	0	8
248.200	0	0	0	0	0	0	0	0	0	0	0	0	0	0	0	0	0	0	0	0	0	0	0	0	0	0	0	0	0	0	1	8	1	1	0	8
248.400	0	0	0	0	0	0	0	0	0	0	0	0	0	0	0	0	0	0	0	0	0	0	0	0	0	0	0	0	0	0	0	11	3	3	0	12
248.600	0	0	0	0	0	0	0	0	0	0	0	0	0	0	0	0	0	0	0	0	0	0	0	0	0	0	0	0	0	0	1	10	1	2	0	8
248.800	0	0	0	0	0	0	0	0	0	0	0	0	0	0	0	0	0	0	0	0	0	0	0	0	0	0	0	0	0	0	2	8	3	3	0	12
249.000	0	0	0	0	0	0	0	0	0	0	0	0	0	0	0	0	0	0	0	0	0	0	0	0	0	0	0	0	0	0	0	10	2	4	0	10
249.200	0	0	0	0	0	0	0	0	0	0	0	0	0	0	0	0	0	0	0	0	0	0	0	0	0	0	0	0	0	0	1	8	3	4	0	10
249.400	0	0	0	0	0	0	0	0	0	0	0	0	0	0	0	0	0	0	0	0	0	0	0	0	0	0	0	0	0	0	0	6	1	2	0	9
249.600	0	0	0	0	0	0	0	0	0	0	0	0	0	0	0	0	0	0	0	0	0	0	0	0	0	0	0	0	0	0	1	7	2	4	1	9
249.800	0	0	0	0	0	0	0	0	0	0	0	0	0	0	0	0	0	0	0	0	0	0	0	0	0	0	0	0	0	0	0	8	0	2	0	0
250.000	0	0	0	0	0	0	0	0	0	0	0	0	0	0	0	0	0	0	0	0	0	0	0	0	0	0	0	0	0	0	0	5	3	4	0	10
250.200	0	0	0	0	0	0	0	0	0	0	0	0	0	0	0	0	0	0	0	0	0	0	0	0	0	0	0	0	0	0	1	2	4	2	0	12
250.400	0	0	0	0	0	0	0	0	0	0	0	0	0	0	0	0	0	0	0	0	0	0	0	0	0	0	0	0	0	0	1	10	2	2	0	11
250.600	0	0	0	0	0	0	0	0	0	0	0	0	0	0	0	0	0	0	0	0	0	0	0	0	0	0	0	0	0	0	0	9	3	4	0	11
250.800	0	0	0	0	0	0	0	0	0	0	0	0	0	0	0	0	0	0	0	0	0	0	0	0	0	0	0	0	0	0	0	9	3	4	0	10
251.000	0	0	0	0	0	0	0	0	0	0	0	0	0	0	0	0	0	0	0	0	0	0	0	0	0	0	0	0	0	0	1	13	2	2	0	11
251.200	0	0	0	0	0	0	0	0	0	0	0	0	0	0	0	0	0	0	0	0	0	0	0	0	0	0	0	0	0	0	2	8	3	3	0	8
251.400	0	0	0	0	0	0	0	0	0	0	0	0	0	0	0	0	0	0	0	0	0	0	0	0	0	0	0	0	0	0	1	6	1	3	0	8
251.600	0	0	0	0	0	0	0	0	0	0	0	0	0	0	0	0	0	0	0	0	0	0	0	0	0	0	0	0	0	0	1	7	1	5	0	7
251.800	0	0	0	0	0	0	0	0	0	0	0	0	0	0	0	0	0	0	0	0	0	0	0	0	0	0	0	0	0	0	0	11	3	3	0	7
252.000	0	0	0	0	0	0	0	0	0	0	0	0	0	0	0	0	0	0	0	0	0	0	0	0	0	0	0	0	0	0	0	11	2	5	0	10
252.200	0	0	0	0	0	0	0	0	0	0	0	0	0	0	0	0	0	0	0	0	0	0	0	0	0	0	0	0	0	0	0	12	2	5	0	5
252.400	0	0	0	0	0	0	0	0	0	0	0	0	0	0	0	0	0	0	0	0	0	0	0	0	0	0	0	0	0	0	0	11	4	5	0	7
252.600	0	0	0	0	0	0	0	0	0	0	0	0	0	0	0	0	0	0	0	0	0	0	0	0	0	0	0	0	0	0	0	3	3	4	0	4
252.800	0	0	0	0	0	0	0	0	0	0	0	0	0	0	0	0	0	0	0	0	0	0	0	0	0	0	0	0	0	0	0	8	2	5	0	7
253.000	0	0	0	0	0	0	0	0	0	0	0	0	0	0	0	0	0	0	0	0	0	0	0	0	0	0	0	0	0	0	0	6	2	2	0	6
253.200	0	0	0	0	0	0	0	0	0	0	0	0	0	0	0	0	0	0	0	0	0	0	0	0	0	0	0	0	0	0	0	10	3	1	0	8
253.400	0	0	0	0	0	0	0	0	0	0	0	0	0	0	0	0	0	0	0	0	0	0	0	0	0	0	0	0	0	0	0	7	1	4	0	6
253.600	0	0	0	0	0	0	0	0	0	0	0	0	0	0	0	0	0	0	0	0	0	0	0	0	0	0	0	0	0	0	0	12	1	5	0	5
253.800	0	0	0	0	0	0	0	0	0	0	0	0	0	0	0	0	0	0	0	0	0	0	0	0	0	0	0	0	0	0	0	6	0	3	0	5
254.000	0	0	0	0	0	0	0	0	0	0	0	0	0	0	0	0	0	0	0	0	0	0	0	0	0	0	0	0	0	0	0	7	2	4	0	5
254.200	0	0	0	0	0	0	0	0	0	0	0	0	0	0	0	0	0	0	0	0	0	0	0	0	0	0	0	0	0	0	0	5	1	6	1	3
254.400	0	0	0	0	0	0	0	0	0	0	0	0	0	0	0	0	0	0	0	0	0	0	0	0	0	0	0	0	0	0	0	2	1	2	0	6
254.600	0	0	0	0	0	0	0	0	0	0	0	0	0	0	0	0	0	0	0	0	0	0	0	0	0	0	0	0	0	0	0	3	2	4	0	5
254.800	0	0	0	0	0	0	0	0	0	0	0	0	0	0	0	0	0	0	0	0	0	0	0	0	0	0	0	0	0	0	0	5	3	2	0	6
255.000	0	0	0	0	0	0	0	0	0	0	0	0	0	0	0	0	0	0	0	0	0	0	0	0	0	0	0	0	0	0	0	3	1	1	0	6
255.200	0	0	0	0	0	0	0	0	0	0	0	0	0	0	0	0	0	0	0	0	0	0	0	0	0	0	0	0	0	0	0	8	1	5	1	6
255.400	0	0	0	0	0	0	0	0	0	0	0	0	0	0	0	0	0	0	0	0	0	0	0	0	0	0	0	0	0	0	1	6	0	4	0	4
255.600	0	0	0	0	0	0	0	0	0	0	0	0	0	0	0	0	0	0	0	0	0	0	0	0	0	0	0	0	0	0	1	9	1	2	0	5
255.800	0	0	0	0	0	0	0	0	0	0	0	0	0	0	0	0	0	0	0	0	0	0	0	0	0	0	0	0	0	0	0	3	3	3	0	5
256.000	0	0	0	0	0	0	0	0	0	0	0	0	0	0	0	0	0	0	0	0	0	0	0	0	0	0	0	0	0	0	0	8	1	2	0	7
256.200	0	0	0	0	0	0	0	0	0	0	0	0	0	0	0	0	0	0	0	0	0	0	0	0	0	0	0	0	0	0	2	14	2	2	0	10
256.400	0	0	0	0	0	0	0	0	0	0	0	0	0	0	0	0	0	0	0	0	0	0	0	0	0	0	0	0	0	0	2	3	3	2	0	10
256.600	0	0	0	0	0	0	0	0	0	0	0	0	0	0	0	0	0	0	0	0	0	0	0	0	0	0	0	0	0	0	0	11	2	2	0	6
256.800	0	0	0	0	0	0	0	0	0	0	0	0	0	0	0	0	0	0	0	0	0	0	0	0	0	0	0	0	0	2	3	7	1	2	0	5
257.000	0	0	0	0	0	0	0	0	0	0	0	0	0	0	0	0	0	0	0	0	0	0	0	0	0	0	0	0	0	0	1	3	1	2	0	9
257.200	0	0	0	0	0	0	0	0	0	0	0	0	0	0	0	0	0	0	0	0	0	0	0	0	0	0	0	0	0	0	1	4	3	3	0	12
257.400	0	0	0	0	0	0	0	0	0	0	0	0	0	0	0	0	0	0	0	0	0	0	0	0	0	0	0	0	0	0	0	6	3	4	0	12
257.600	0	0	0	0	0	0	0	0	0	0	0	0	0	0	0	0	0	0	0	0	0	0	0	0	0	0	0	0	0	0	0	3	2	2	0	6
257.800	0	0	0	0	0	0	0	0	0	0	0	0	0	0	0	0	0	0	0	0	0	0	0	0	0	0	0	0	0	0	1	9	2	5	1	8
258.000	0	0	0	0	0	0	0	0	0	0	0	0	0	0	0	0	0	0	0	0	0	0	0	0	0	0	0	0	0	0	1	3	3	2	0	10
258.200	0	0	0	0	0	0	0	0	0	0	0	0	0	0	0	0	0	0	0	0	0	0	0	0	0	0	0	0	0	0	0	10	3	4	0	6
258.400	0	0	0	0	0	0	0	0	0	0	0	0	0	0	0	0	0	0	0	0	0	0	0	0	0	0	0	0	0	0	0	7	2	5	0	5
258.600	0	0	0	0	0	0	0	0	0	0	0	0	0	0	0	0	0	0	0	0	0	0	0	0	0	0	0	0	0	0	0	9	2	4	1	5
258.800	0	0	0	0	0	0	0	0	0	0	0	0	0	0	0	0	0	0	0	0	0	0	0	0	0	0	0	0	0	0	0	10	4	3	0	4
259.000	0	0	0	0	0	0	0	0	0	0	0	0	0	0	0	0	0	0	0	0	0	0	0	0	0	0	0	0	0	0	0	6	5	5	0	12
259.200	0	0	0	0	0	0	0	0	0	0	0	0	0	0	0	0	0	0	0	0	0	0	0	0	0	0	0	0	0	0	0	5	6	3	0	9
259.400	0	0	0	0	0	0	0	0	0	0	0	0	0	0	0	0	0	0	0	0	0	0	0	0	0	0	0	0	0	0	1	4	2	5	0	13
259.600	0	0	0	0	0	0	0	0	0	0	0	0	0	0	0	0	0	0	0	0	0	0	0	0	0	0	0	0	0	0	0	12	1	2	0	7
259.800	0	0	0	0	0	0	0	0	0	0	0	0	0	0	0	0	0	0	0	0	0	0	0	0	0	0	0	0	0	0	1	9	3	2	0	12
260.000	0	0	0	0	0	0	0	0	0	0	0	0	0	0	0	0	0	0	0	0	0	0	0	0	0	0	0	0	0	0	1	8	5	3	0	12
260.200	0	0	0	0	0	0	0	0	0	0	0	0	0	0	0	0	0	0	0	0	0	0	0	0	0	0	0	0	0	0	0	8	4	4	0	11
260.400	0	0	0	0	0	0	0	0	0	0	0	0	0	0	0	0	0	0	0	0	0	0	0	0	0	0	0	0	0	0	1	5	3	3	0	3
260.600	0	0	0	0	0	0	0	0	0	0	0	0	0	0	0	0	0	0	0	0	0	0	0	0	0	0	0	0	0	0	0	10	3	6	1	6
260.800	0	0	0	0	0	0	0	0	0	0	0	0	0	0	0	0	0	0	0	0	0	0	0	0	0	0	0	0	0	0	0	3	0	3	0	1
261.000	0	0	0	0	0	0	0	0	0	0	0	0	0	0	0	0	0	0	0	0	0	0	0	0	0	0	0	0	0	0	0	9	1	2	0	9
261.200	0	0	0	0	0	0	0	0	0	0	0	0	0	0	0	0	0	0	0	0	0	0	0	0	0	0	0	0	0	0	0	9	4	3	0	15
261.400	0	0	0	0	0	0	0	0	0	0	0	0	0	0	0	0	0	0	0	0	0	0	0	0	0	0	0	0	0	0	1	11	4	3	0	10
261.600	0	0	0	0	0	0	0	0	0	0	0	0	0	0	0	0	0	0	0	0	0	0	0	0	0	0	0	0	0	0	0	10	5	5	1	9
261.800	0	0	0	0	0	0	0	0	0	0	0	0	0	0	0	0	0	0	0	0	0	0	0	0	0	0	0	0	0	0	1	6	5	5	0	12
262.000	0	0	0	0	0	0	0	0	0	0	0	0	0	0	0	0	0	0	0	0	0	0	0	0	0	0	0	0	0	0	0	5	3	3	0	11
262.200	0	0	0	0	0	0	0	0	0	0	0	0	0	0	0	0	0	0	0	0	0	0	0	0	0	0	0	0	0	0	1	6	6	4	0	10
262.400	0	0	0	0	0	0	0	0	0	0	0	0	0	0	0	0	0	0	0	0	0	0	0	0	0	0	0	0	0	0	1	6	4	3	0	10
262.600	0	0	0	0	0	0	0	0	0	0	0	0	0	0	0	0	0	0	0	0	0	0	0	0	0	0	0	0	0	0	1	5	3	2	0	12
262.800	0	0	0	0	0	0	0	0	0	0	0	0	0	0	0	0	0	0	0	0	0	0	0	0	0	0	0	0	0	0	1	6	1	2	0	7
263.000	0	0	0	0	0	0	0	0	0	0	0	0	0	0	0	0	0	0	0	0	0	0	0	0	0	0	0	0	0	0	1	13	1	3	0	7
263.200	0	0	0	0	0	0	0	0	0	0	0	0	0	0	0	0	0	0	0	0	0	0	0	0	0	0	0	0	0	0	2	7	0	2	0	9
263.400	0	0	0	0	0	0	0	0	0	0	0	0	0	0	0	0	0	0	0	0	0	0	0	0	0	0	0	0	0	0	1	6	4	3	0	5
263.600	0	0	0	0	0	0	0	0	0	0	0	0	0	0	0	0	0	0	0	0	0	0	0	0	0	0	0	0	0	0	0	10	3	3	0	5
263.800	0	0	0	0	0	0	0	0	0	0	0	0	0	0	0	0	0	0	0	0	0	0	0	0	0	0	0	0	0	0	1	6	2	2	0	9
264.000	0	0	0	0	0	0	0	0	0	0	0	0	0	0	0	0	0	0	0	0	0	0	0	0	0	0	0	0	0	0	0	7	3	2	0	6
264.200	0	0	0	0	0	0	0	0	0	0	0	0	0	0	0	0	0	0	0	0	0	0	0	0	0	0	0	0	0	0	0	8	3	3	0	5
264.400	0	0	0	0	0	0	0	0	0	0	0	0	0	0	0	0	0	0	0	0	0	0	0	0	0	0	0	0	0	0	0	7	4	1	0	7
264.600	0	0	0	0	0	0	0	0	0	0	0	0	0	0	0	0	0	0	0	0	0	0	0	0	0	0	0	0	0	0	1	8	2	3	0	4
264.800	0	0	0	0	0	0	0	0	0	0	0	0	0	0	0	0	0	0	0	0	0	0	0	0	0	0	0	0	0	0	0	11	5	3	0	10
265.000	0	0	0	0	0	0	0	0	0	0	0	0	0	0	0	0	0	0	0	0	0	0	0	0	0	0	0	0	0	0	1	9	3	2	0	8
265.200	0	0	0	0	0	0	0	0	0	0	0	0	0	0	0	0	0	0	0	0	0	0	0	0	0	0	0	0	0	0	1	11	4	2	0	2
265.400	0	0	0	0	0	0	0	0	0	0	0	0	0	0	0	0	0	0	0	0	0	0	0	0	0	0	0	0	0	0	4	8	4	3	0	6
265.600	0	0	0	0	0	0	0	0	0	0	0	0	0	0	0	0	0	0	0	0	0	0	0	0	0	0	0	0	0	0	1	14	4	4	0	7
265.800	0	0	0	0	0	0	0	0	0	0	0	0	0	0	0	0	0	0	0	0	0	0	0	0	0	0	0	0	0	0	0	7	3	2	0	7
266.000	0	0	0	0	0	0	0	0	0	0	0	0	0	0	0	0	0	0	0	0	0	0	0	0	0	0	0	0	0	0	2	9	2	5	0	10
266.200	0	0	0	0	0	0	0	0	0	0	0	0	0	0	0	0	0	0	0	0	0	0	0	0	0	0	0	0	0	0	1	6	3	4	0	12
266.400	0	0	0	0	0	0	0	0	0	0	0	0	0	0	0	0	0	0	0	0	0	0	0	0	0	0	0	0	0	0	1	10	6	5	0	6
266.600	0	0	0	0	0	0	0	0	0	0	0	0	0	0	0	0	0	0	0	0	0	0	0	0	0	0	0	0	0	0	0	11	4	3	0	10
266.800	0	0	0	0	0	0	0	0	0	0	0	0	0	0	0	0	0	0	0	0	0	0	0	0	0	0	0	0	0	0	1	11	4	3	0	14
267.000	0	0	0	0	0	0	0	0	0	0	0	0	0	0	0	0	0	0	0	0	0	0	0	0	0	0	0	0	0	0	1	6	2	3	0	7
267.200	0	0	0	0	0	0	0	0	0	0	0	0	0	0	0	0	0	0	0	0	0	0	0	0	0	0	0	0	0	0	0	12	2	3	0	7
267.400	0	0	0	0	0	0	0	0	0	0	0	0	0	0	0	0	0	0	0	0	0	0	0	0	0	0	0	0	0	0	1	9	1	2	0	11
267.600	0	0	0	0	0	0	0	0	0	0	0	0	0	0	0	0	0	0	0	0	0	0	0	0	0	0	0	0	0	0	0	3	2	5	0	11
267.800	0	0	0	0	0	0	0	0	0	0	0	0	0	0	0	0	0	0	0	0	0	0	0	0	0	0	0	0	0	0	1	9	2	2	0	6
268.000	0	0	0	0	0	0	0	0	0	0	0	0	0	0	0	0	0	0	0	0	0	0	0	0	0	0	0	0	0	0	1	8	2	3	0	11
268.200	0	0	0	0	0	0	0	0	0	0	0	0	0	0	0	0	0	0	0	0	0	0	0	0	0	0	0	0	0	0	0	16	5	1	0	11
268.400	0	0	0	0	0	0	0	0	0	0	0	0	0	0	0	0	0	0	0	0	0	0	0	0	0	0	0	0	0	0	1	7	3	1	0	11
268.600	0	0	0	0	0	0	0	0	0	0	0	0	0	0	0	0	0	0	0	0	0	0	0	0	0	0	0	0	0	0	0	5	2	5	0	5
268.800	0	0	0	0	0	0	0	0	0	0	0	0	0	0	0	0	0	0	0	0	0	0	0	0	0	0	0	0	0	0	0	8	4	3	0	12
269.000	0	0	0	0	0	0	0	0	0	0	0	0	0	0	0	0	0	0	0	0	0	0	0	0	0	0	0	0	0	0	0	8	3	2	0	7
269.200	0	0	0	0	0	0	0	0	0	0	0	0	0	0	0	0	0	0	0	0	0	0	0	0	0	0	0	0	0	0	1	11	5	3	0	3
269.400	0	0	0	0	0	0	0	0	0	0	0	0	0	0	0	0	0	0	0	0	0	0	0	0	0	0	0	0	0	0	0	8	3	2	0	4
269.600	0	0	0	0	0	0	0	0	0	0	0	0	0	0	0	0	0	0	0	0	0	0	0	0	0	0	0	0	0	0	0	3	0	2	0	6
269.800	0	0	0	0	0	0	0	0	0	0	0	0	0	0	0	0	0	0	0	0	0	0	0	0	0	0	0	0	0	0	0	10	5	3	0	7
270.000	0	0	0	0	0	0	0	0	0	0	0	0	0	0	0	0	0	0	0	0	0	0	0	0	0	0	0	0	0	0	0	2	3	2	0	4
270.200	0	0	0	0	0	0	0	0	0	0	0	0	0	0	0	0	0	0	0	0	0	0	0	0	0	0	0	0	0	0	0	7	4	5	0	3
270.400	0	0	0	0	0	0	0	0	0	0	0	0	0	0	0	0	0	0	0	0	0	0	0	0	0	0	0	0	0	0	0	9	1	5	0	7
270.600	0	0	0	0	0	0	0	0	0	0	0	0	0	0	0	0	0	0	0	0	0	0	0	0	0	0	0	0	0	0	1	5	3	2	0	8
270.800	0	0	0	0	0	0	0	0	0	0	0	0	0	0	0	0	0	0	0	0	0	0	0	0	0	0	0	0	0	0	0	5	4	3	0	10
271.000	0	0	0	0	0	0	0	0	0	0	0	0	0	0	0	0	0	0	0	0	0	0	0	0	0	0	0	0	0	0	0	6	5	6	0	2
271.200	0	0	0	0	0	0	0	0	0	0	0	0	0	0	0	0	0	0	0	0	0	0	0	0	0	0	0	0	0	0	0	7	6	5	0	8
271.400	0	0	0	0	0	0	0	0	0	0	0	0	0	0	0	0	0	0	0	0	0	0	0	0	0	0	0	0	0	0	1	9	2	4	0	5
271.600	0	0	0	0	0	0	0	0	0	0	0	0	0	0	0	0	0	0	0	0	0	0	0	0	0	0	0	0	0	0	0	6	5	3	0	8
271.800	0	0	0	0	0	0	0	0	0	0	0	0	0	0	0	0	0	0	0	0	0	0	0	0	0	0	0	0	0	0	0	5	4	4	0	2
272.000	0	0	0	0	0	0	0	0	0	0	0	0	0	0	0	0	0	0	0	0	0	0	0	0	0	0	0	0	0	0	0	7	3	4	0	0
272.200	0	0	0	0	0	0	0	0	0	0	0	0	0	0	0	0	0	0	0	0	0	0	0	0	0	0	0	0	0	0	0	10	3	2	0	3
272.400	0	0	0	0	0	0	0	0	0	0	0	0	0	0	0	0	0	0	0	0	0	0	0	0	0	0	0	0	0	0	0	6	2	1	0	5
272.600	0	0	0	0	0	0	0	0	0	0	0	0	0	0	0	0	0	0	0	0	0	0	0	0	0	0	0	0	0	0	0	4	4	3	0	10
272.800	0	0	0	0	0	0	0	0	0	0	0	0	0	0	0	0	0	0	0	0	0	0	0	0	0	0	0	0	0	0	1	7	3	2	0	12
273.000	0	0	0	0	0	0	0	0	0	0	0	0	0	0	0	0	0	0	0	0	0	0	0	0	0	0	0	0	0	0	0	6	4	3	0	6
273.200	0	0	0	0	0	0	0	0	0	0	0	0	0	0	0	0	0	0	0	0	0	0	0	0	0	0	0	0	0	0	0	6	2	3	0	7
273.400	0	0	0	0	0	0	0	0	0	0	0	0	0	0	0	0	0	0	0	0	0	0	0	0	0	0	0	0	0	0	1	7	1	3	0	10
273.600	0	0	0	0	0	0	0	0	0	0	0	0	0	0	0	0	0	0	0	0	0	0	0	0	0	0	0	0	0	0	0	6	2	4	0	12
273.800	0	0	0	0	0	0	0	0	0	0	0	0	0	0	0	0	0	0	0	0	0	0	0	0	0	0	0	0	0	0	0	13	1	5	0	10
274.000	0	0	0	0	0	0	0	0	0	0	0	0	0	0	0	0	0	0	0	0	0	0	0	0	0	0	0	0	0	0	0	7	5	4	0	6
274.200	0	0	0	0	0	0	0	0	0	0	0	0	0	0	0	0	0	0	0	0	0	0	0	0	0	0	0	0	0	0	0	6	3	2	0	9
274.400	0	0	0	0	0	0	0	0	0	0	0	0	0	0	0	0	0	0	0	0	0	0	0	0	0	0	0	0	0	0	0	5	1	4	0	5
274.600	0	0	0	0	0	0	0	0	0	0	0	0	0	0	0	0	0	0	0	0	0	0	0	0	0	0	0	0	0	0	0	2	4	3	0	2
274.800	0	0	0	0	0	0	0	0	0	0	0	0	0	0	0	0	0	0	0	0	0	0	0	0	0	0	0	0	0	0	0	10	3	5	0	5
275.000	0	0	0	0	0	0	0	0	0	0	0	0	0	0	0	0	0	0	0	0	0	0	0	0	0	0	0	0	0	0	0	11	3	3	0	7
275.200	0	0	0	0	0	0	0	0	0	0	0	0	0	0	0	0	0	0	0	0	0	0	0	0	0	0	0	0	0	0	0	4	3	2	0	2
275.400	0	0	0	0	0	0	0	0	0	0	0	0	0	0	0	0	0	0	0	0	0	0	0	0	0	0	0	0	0	0	0	5	2	4	0	3
275.600	0	0	0	0	0	0	0	0	0	0	0	0	0	0	0	0	0	0	0	0	0	0	0	0	0	0	0	0	0	0	0	8	1	3	0	6
275.800	0	0	0	0	0	0	0	0	0	0	0	0	0	0	0	0	0	0	0	0	0	0	0	0	0	0	0	0	0	0	0	8	2	6	1	3
276.000	0	0	0	0	0	0	0	0	0	0	0	0	0	0	0	0	0	0	0	0	0	0	0	0	0	0	0	0	0	0	1	10	4	4	0	4
276.200	0	0	0	0	0	0	0	0	0	0	0	0	0	0	0	0	0	0	0	0	0	0	0	0	0	0	0	0	0	0	1	10	3	5	0	6
276.400	0	0	0	0	0	0	0	0	0	0	0	0	0	0	0	0	0	0	0	0	0	0	0	0	0	0	0	0	0	0	0	9	3	2	0	11
276.600	0	0	0	0	0	0	0	0	0	0	0	0	0	0	0	0	0	0	0	0	0	0	0	0	0	0	0	0	0	0	0	9	3	4	0	6
276.800	0	0	0	0	0	0	0	0	0	0	0	0	0	0	0	0	0	0	0	0	0	0	0	0	0	0	0	0	0	0	1	7	1	2	1	7
277.000	0	0	0	0	0	0	0	0	0	0	0	0	0	0	0	0	0	0	0	0	0	0	0	0	0	0	0	0	0	0	1	13	4	3	0	8
277.200	0	0	0	0	0	0	0	0	0	0	0	0	0	0	0	0	0	0	0	0	0	0	0	0	0	0	0	0	0	0	0	8	2	3	0	11
277.400	0	0	0	0	0	0	0	0	0	0	0	0	0	0	0	0	0	0	0	0	0	0	0	0	0	0	0	0	0	0	1	8	2	4	0	5
277.600	0	0	0	0	0	0	0	0	0	0	0	0	0	0	0	0	0	0	0	0	0	0	0	0	0	0	0	0	0	0	0	7	2	3	0	10
277.800	0	0	0	0	0	0	0	0	0	0	0	0	0	0	0	0	0	0	0	0	0	0	0	0	0	0	0	0	0	0	1	5	2	8	2	7
278.000	0	0	0	0	0	0	0	0	0	0	0	0	0	0	0	0	0	0	0	0	0	0	0	0	0	0	0	0	0	0	0	7	1	4	0	6
278.200	0	0	0	0	0	0	0	0	0	0	0	0	0	0	0	0	0	0	0	0	0	0	0	0	0	0	0	0	0	0	0	4	1	3	0	6
278.400	0	0	0	0	0	0	0	0	0	0	0	0	0	0	0	0	0	0	0	0	0	0	0	0	0	0	0	0	0	0	1	4	3	4	0	11
278.600	0	0	0	0	0	0	0	0	0	0	0	0	0	0	0	0	0	0	0	0	0	0	0	0	0	0	0	0	0	0	1	6	2	6	1	7
278.800	0	0	0	0	0	0	0	0	0	0	0	0	0	0	0	0	0	0	0	0	0	0	0	0	0	0	0	0	0	0	1	7	3	4	0	11
279.000	0	0	0	0	0	0	0	0	0	0	0	0	0	0	0	0	0	0	0	0	0	0	0	0	0	0	0	0	0	0	1	6	2	2	0	9
279.200	0	0	0	0	0	0	0	0	0	0	0	0	0	0	0	0	0	0	0	0	0	0	0	0	0	0	0	0	0	0	0	8	1	4	0	7
279.400	0	0	0	0	0	0	0	0	0	0	0	0	0	0	0	0	0	0	0	0	0	0	0	0	0	0	0	0	0	0	0	6	4	4	0	12
279.600	0	0	0	0	0	0	0	0	0	0	0	0	0	0	0	0	0	0	0	0	0	0	0	0	0	0	0	0	0	0	1	4	1	3	0	9
279.800	0	0	0	0	0	0	0	0	0	0	0	0	0	0	0	0	0	0	0	0	0	0	0	0	0	0	0	0	0	1	4	11	0	3	0	6
280.000	0	0	0	0	0	0	0	0	0	0	0	0	0	0	0	0	0	0	0	0	0	0	0	0	0	0	0	0	0	0	1	7	3	3	0	11
280.200	0	0	0	0	0	0	0	0	0	0	0	0	0	0	0	0	0	0	0	0	0	0	0	0	0	0	0	0	0	0	0	4	2	4	0	11
280.400	0	0	0	0	0	0	0	0	0	0	0	0	0	0	0	0	0	0	0	0	0	0	0	0	0	0	0	0	0	0	1	5	3	3	0	6
280.600	0	0	0	0	0	0	0	0	0	0	0	0	0	0	0	0	0	0	0	0	0	0	0	0	0	0	0	0	0	0	0	12	3	4	0	10
280.800	0	0	0	0	0	0	0	0	0	0	0	0	0	0	0	0	0	0	0	0	0	0	0	0	0	0	0	0	0	0	0	12	3	2	0	9
281.000	0	0	0	0	0	0	0	0	0	0	0	0	0	0	0	0	0	0	0	0	0	0	0	0	0	0	0	0	0	0	2	7	2	3	0	11
281.200	0	0	0	0	0	0	0	0	0	0	0	0	0	0	0	0	0	0	0	0	0	0	0	0	0	0	0	0	0	0	1	8	1	5	1	10
281.400	0	0	0	0	0	0	0	0	0	0	0	0	0	0	0	0	0	0	0	0	0	0	0	0	0	0	0	0	0	0	0	12	2	5	1	2
281.600	0	0	0	0	0	0	0	0	0	0	0	0	0	0	0	0	0	0	0	0	0	0	0	0	0	0	0	0	0	0	0	9	4	3	0	7
281.800	0	0	0	0	0	0	0	0	0	0	0	0	0	0	0	0	0	0	0	0	0	0	0	0	0	0	0	0	0	0	0	13	3	2	0	10
282.000	0	0	0	0	0	0	0	0	0	0	0	0	0	0	0	0	0	0	0	0	0	0	0	0	0	0	0	0	0	0	0	8	3	2	0	12
282.200	0	0	0	0	0	0	0	0	0	0	0	0	0	0	0	0	0	0	0	0	0	0	0	0	0	0	0	0	0	0	0	3	4	5	0	6
282.400	0	0	0	0	0	0	0	0	0	0	0	0	0	0	0	0	0	0	0	0	0	0	0	0	0	0	0	0	0	0	0	7	3	3	0	8
282.600	0	0	0	0	0	0	0	0	0	0	0	0	0	0	0	0	0	0	0	0	0	0	0	0	0	0	0	0	0	0	1	9	2	5	0	4
282.800	0	0	0	0	0	0	0	0	0	0	0	0	0	0	0	0	0	0	0	0	0	0	0	0	0	0	0	0	0	0	2	13	3	3	0	1
283.000	0	0	0	0	0	0	0	0	0	0	0	0	0	0	0	0	0	0	0	0	0	0	0	0	0	0	0	0	0	0	1	5	2	3	0	2
283.200	0	0	0	0	0	0	0	0	0	0	0	0	0	0	0	0	0	0	0	0	0	0	0	0	0	0	0	0	0	0	1	7	1	2	0	7
283.400	0	0	0	0	0	0	0	0	0	0	0	0	0	0	0	0	0	0	0	0	0	0	0	0	0	0	0	0	0	0	1	6	3	2	0	5
283.600	0	0	0	0	0	0	0	0	0	0	0	0	0	0	0	0	0	0	0	0	0	0	0	0	0	0	0	0	0	0	1	4	0	1	0	5
283.800	0	0	0	0	0	0	0	0	0	0	0	0	0	0	0	0	0	0	0	0	0	0	0	0	0	0	0	0	0	0	3	5	5	1	0	12
284.000	0	0	0	0	0	0	0	0	0	0	0	0	0	0	0	0	0	0	0	0	0	0	0	0	0	0	0	0	0	0	0	12	1	3	0	6
284.200	0	0	0	0	0	0	0	0	0	0	0	0	0	0	0	0	0	0	0	0	0	0	0	0	0	0	0	0	0	0	1	10	1	3	0	7
284.400	0	0	0	0	0	0	0	0	0	0	0	0	0	0	0	0	0	0	0	0	0	0	0	0	0	0	0	0	0	0	1	8	3	2	0	6
284.600	0	0	0	0	0	0	0	0	0	0	0	0	0	0	0	0	0	0	0	0	0	0	0	0	0	0	0	0	0	0	1	2	3	2	0	8
284.800	0	0	0	0	0	0	0	0	0	0	0	0	0	0	0	0	0	0	0	0	0	0	0	0	0	0	0	0	0	0	2	6	0	3	0	9
285.000	0	0	0	0	0	0	0	0	0	0	0	0	0	0	0	0	0	0	0	0	0	0	0	0	0	0	0	0	0	0	0	4	3	2	0	6
285.200	0	0	0	0	0	0	0	0	0	0	0	0	0	0	0	0	0	0	0	0	0	0	0	0	0	0	0	0	0	0	0	5	2	4	0	6
285.400	0	0	0	0	0	0	0	0	0	0	0	0	0	0	0	0	0	0	0	0	0	0	0	0	0	0	0	0	0	0	0	3	3	2	0	10
285.600	0	0	0	0	0	0	0	0	0	0	0	0	0	0	0	0	0	0	0	0	0	0	0	0	0	0	0	0	0	0	0	12	3	2	0	7
285.800	0	0	0	0	0	0	0	0	0	0	0	0	0	0	0	0	0	0	0	0	0	0	0	0	0	0	0	0	0	0	0	8	2	4	0	5
286.000	0	0	0	0	0	0	0	0	0	0	0	0	0	0	0	0	0	0	0	0	0	0	0	0	0	0	0	0	0	0	0	3	2	5	0	8
286.200	0	0	0	0	0	0	0	0	0	0	0	0	0	0	0	0	0	0	0	0	0	0	0	0	0	0	0	0	0	0	0	4	4	4	0	8
286.400	0	0	0	0	0	0	0	0	0	0	0	0	0	0	0	0	0	0	0	0	0	0	0	0	0	0	0	0	0	0	0	5	3	5	0	5
286.600	0	0	0	0	0	0	0	0	0	0	0	0	0	0	0	0	0	0	0	0	0	0	0	0	0	0	0	0	0	0	1	7	3	2	0	9
286.800	0	0	0	0	0	0	0	0	0	0	0	0	0	0	0	0	0	0	0	0	0	0	0	0	0	0	0	0	0	0	0	6	3	2	0	2
287.000	0	0	0	0	0	0	0	0	0	0	0	0	0	0	0	0	0	0	0	0	0	0	0	0	0	0	0	0	0	0	0	7	1	2	0	1
287.200	0	0	0	0	0	0	0	0	0	0	0	0	0	0	0	0	0	0	0	0	0	0	0	0	0	0	0	0	0	0	0	5	3	4	0	7
287.400	0	0	0	0	0	0	0	0	0	0	0	0	0	0	0	0	0	0	0	0	0	0	0	0	0	0	0	0	0	0	1	13	1	2	0	10
287.600	0	0	0	0	0	0	0	0	0	0	0	0	0	0	0	0	0	0	0	0	0	0	0	0	0	0	0	0	0	0	0	10	3	3	0	1
287.800	0	0	0	0	0	0	0	0	0	0	0	0	0	0	0	0	0	0	0	0	0	0	0	0	0	0	0	0	0	0	0	5	3	3	0	3
288.000	0	0	0	0	0	0	0	0	0	0	0	0	0	0	0	0	0	0	0	0	0	0	0	0	0	0	0	0	0	0	0	5	3	2	0	1
288.200	0	0	0	0	0	0	0	0	0	0	0	0	0	0	0	0	0	0	0	0	0	0	0	0	0	0	0	0	0	0	0	7	4	4	0	2
288.400	0	0	0	0	0	0	0	0	0	0	0	0	0	0	0	0	0	0	0	0	0	0	0	0	0	0	0	0	0	0	2	6	0	2	0	8
288.600	0	0	0	0	0	0	0	0	0	0	0	0	0	0	0	0	0	0	0	0	0	0	0	0	0	0	0	0	0	0	1	5	3	2	0	5
288.800	0	0	0	0	0	0	0	0	0	0	0	0	0	0	0	0	0	0	0	0	0	0	0	0	0	0	0	0	0	0	0	8	2	3	0	5
289.000	0	0	0	0	0	0	0	0	0	0	0	0	0	0	0	0	0	0	0	0	0	0	0	0	0	0	0	0	0	0	0	6	2	2	0	8
289.200	0	0	0	0	0	0	0	0	0	0	0	0	0	0	0	0	0	0	0	0	0	0	0	0	0	0	0	0	0	0	1	12	5	3	0	9
289.400	0	0	0	0	0	0	0	0	0	0	0	0	0	0	0	0	0	0	0	0	0	0	0	0	0	0	0	0	0	0	1	7	2	2	0	10
289.600	0	0	0	0	0	0	0	0	0	0	0	0	0	0	0	0	0	0	0	0	0	0	0	0	0	0	0	0	0	0	0	8	3	3	0	11
289.800	0	0	0	0	0	0	0	0	0	0	0	0	0	0	0	0	0	0	0	0	0	0	0	0	0	0	0	0	0	0	0	10	2	2	0	10
290.000	0	0	0	0	0	0	0	0	0	0	0	0	0	0	0	0	0	0	0	0	0	0	0	0	0	0	0	0	0	0	1	7	5	3	0	9
290.200	0	0	0	0	0	0	0	0	0	0	0	0	0	0	0	0	0	0	0	0	0	0	0	0	0	0	0	0	0	0	0	9	4	2	0	10
290.400	0	0	0	0	0	0	0	0	0	0	0	0	0	0	0	0	0	0	0	0	0	0	0	0	0	0	0	0	0	0	0	8	3	4	0	10
290.600	0	0	0	0	0	0	0	0	0	0	0	0	0	0	0	0	0	0	0	0	0	0	0	0	0	0	0	0	0	0	1	5	4	2	0	7
290.800	0	0	0	0	0	0	0	0	0	0	0	0	0	0	0	0	0	0	0	0	0	0	0	0	0	0	0	0	0	0	1	6	3	2	0	9
291.000	0	0	0	0	0	0	0	0	0	0	0	0	0	0	0	0	0	0	0	0	0	0	0	0	0	0	0	0	0	0	1	6	4	3	0	15
291.200	0	0	0	0	0	0	0	0	0	0	0	0	0	0	0	0	0	0	0	0	0	0	0	0	0	0	0	0	0	0	3	11	7	4	0	12
291.400	0	0	0	0	0	0	0	0	0	0	0	0	0	0	0	0	0	0	0	0	0	0	0	0	0	0	0	0	0	0	0	8	0	1	0	10
291.600	0	0	0	0	0	0	0	0	0	0	0	0	0	0	0	0	0	0	0	0	0	0	0	0	0	0	0	0	0	0	0	1	4	3	0	10
291.800	0	0	0	0	0	0	0	0	0	0	0	0	0	0	0	0	0	0	0	0	0	0	0	0	0	0	0	0	0	0	1	9	2	3	0	11
292.000	0	0	0	0	0	0	0	0	0	0	0	0	0	0	0	0	0	0	0	0	0	0	0	0	0	0	0	0	0	0	1	6	3	2	0	6
292.200	0	0	0	0	0	0	0	0	0	0	0	0	0	0	0	0	0	0	0	0	0	0	0	0	0	0	0	0	0	0	1	10	2	2	0	6
292.400	0	0	0	0	0	0	0	0	0	0	0	0	0	0	0	0	0	0	0	0	0	0	0	0	0	0	0	0	0	0	1	5	3	3	0	11
292.600	0	0	0	0	0	0	0	0	0	0	0	0	0	0	0	0	0	0	0	0	0	0	0	0	0	0	0	0	0	0	0	7	3	4	0	9
292.800	0	0	0	0	0	0	0	0	0	0	0	0	0	0	0	0	0	0	0	0	0	0	0	0	0	0	0	0	0	0	1	7	2	2	0	4
293.000	0	0	0	0	0	0	0	0	0	0	0	0	0	0	0	0	0	0	0	0	0	0	0	0	0	0	0	0	0	0	0	4	3	3	0	0
293.200	0	0	0	0	0	0	0	0	0	0	0	0	0	0	0	0	0	0	0	0	0	0	0	0	0	0	0	0	0	0	0	4	2	2	0	0
293.400	0	0	0	0	0	0	0	0	0	0	0	0	0	0	0	0	0	0	0	0	0	0	0	0	0	0	0	0	0	0	1	6	2	5	0	5
293.600	0	0	0	0	0	0	0	0	0	0	0	0	0	0	0	0	0	0	0	0	0	0	0	0	0	0	0	0	0	0	0	4	3	2	0	0
293.800	0	0	0	0	0	0	0	0	0	0	0	0	0	0	0	0	0	0	0	0	0	0	0	0	0	0	0	0	0	0	1	11	6	4	0	5
294.000	0	0	0	0	0	0	0	0	0	0	0	0	0	0	0	0	0	0	0	0	0	0	0	0	0	0	0	0	0	0	1	4	1	3	0	8
294.200	0	0	0	0	0	0	0	0	0	0	0	0	0	0	0	0	0	0	0	0	0	0	0	0	0	0	0	0	0	3	4	7	1	2	0	8
294.400	0	0	0	0	0	0	0	0	0	0	0	0	0	0	0	0	0	0	0	0	0	0	0	0	0	0	0	0	0	3	5	12	4	2	0	3
294.600	0	0	0	0	0	0	0	0	0	0	0	0	0	0	0	0	0	0	0	0	0	0	0	0	0	0	0	0	0	3	1	7	3	2	0	6
294.800	0	0	0	0	0	0	0	0	0	0	0	0	0	0	0	0	0	0	0	0	0	0	0	0	0	0	0	0	0	3	4	10	4	4	0	11
295.000	0	0	0	0	0	0	0	0	0	0	0	0	0	0	0	0	0	0	0	0	0	0	0	0	0	0	0	0	0	0	0	8	1	2	0	5
295.200	0	0	0	0	0	0	0	0	0	0	0	0	0	0	0	0	0	0	0	0	0	0	0	0	0	0	0	0	0	0	1	11	4	3	0	9
295.400	0	0	0	0	0	0	0	0	0	0	0	0	0	0	0	0	0	0	0	0	0	0	0	0	0	0	0	0	0	0	1	10	1	4	1	5
295.600	0	0	0	0	0	0	0	0	0	0	0	0	0	0	0	0	0	0	0	0	0	0	0	0	0	0	0	0	0	0	1	8	2	3	0	6
295.800	0	0	0	0	0	0	0	0	0	0	0	0	0	0	0	0	0	0	0	0	0	0	0	0	0	0	0	0	0	0	1	9	2	4	0	10
296.000	0	0	0	0	0	0	0	0	0	0	0	0	0	0	0	0	0	0	0	0	0	0	0	0	0	0	0	0	0	0	1	8	6	5	0	8
296.200	0	0	0	0	0	0	0	0	0	0	0	0	0	0	0	0	0	0	0	0	0	0	0	0	0	0	0	0	0	0	0	9	1	3	0	3
296.400	0	0	0	0	0	0	0	0	0	0	0	0	0	0	0	0	0	0	0	0	0	0	0	0	0	0	0	0	0	0	1	6	1	4	0	2
296.600	0	0	0	0	0	0	0	0	0	0	0	0	0	0	0	0	0	0	0	0	0	0	0	0	0	0	0	0	0	0	1	11	1	3	0	5
296.800	0	0	0	0	0	0	0	0	0	0	0	0	0	0	0	0	0	0	0	0	0	0	0	0	0	0	0	0	0	0	0	5	1	2	0	4
297.000	0	0	0	0	0	0	0	0	0	0	0	0	0	0	0	0	0	0	0	0	0	0	0	0	0	0	0	0	0	0	1	8	3	2	0	7
297.200	0	0	0	0	0	0	0	0	0	0	0	0	0	0	0	0	0	0	0	0	0	0	0	0	0	0	0	0	0	0	1	1	1	2	0	12
297.400	0	0	0	0	0	0	0	0	0	0	0	0	0	0	0	0	0	0	0	0	0	0	0	0	0	0	0	0	0	0	1	5	2	2	0	10
297.600	0	0	0	0	0	0	0	0	0	0	0	0	0	0	0	0	0	0	0	0	0	0	0	0	0	0	0	0	0	0	1	3	3	2	0	5
297.800	0	0	0	0	0	0	0	0	0	0	0	0	0	0	0	0	0	0	0	0	0	0	0	0	0	0	0	0	0	0	0	10	3	3	0	6
298.000	0	0	0	0	0	0	0	0	0	0	0	0	0	0	0	0	0	0	0	0	0	0	0	0	0	0	0	0	0	0	0	8	3	3	0	5
298.200	0	0	0	0	0	0	0	0	0	0	0	0	0	0	0	0	0	0	0	0	0	0	0	0	0	0	0	0	0	0	1	2	4	5	0	8
298.400	0	0	0	0	0	0	0	0	0	0	0	0	0	0	0	0	0	0	0	0	0	0	0	0	0	0	0	0	0	0	1	5	3	4	0	7
298.600	0	0	0	0	0	0	0	0	0	0	0	0	0	0	0	0	0	0	0	0	0	0	0	0	0	0	0	0	0	0	1	9	4	4	0	7
298.800	0	0	0	0	0	0	0	0	0	0	0	0	0	0	0	0	0	0	0	0	0	0	0	0	0	0	0	0	0	0	1	8	1	3	0	11
299.000	0	0	0	0	0	0	0	0	0	0	0	0	0	0	0	0	0	0	0	0	0	0	0	0	0	0	0	0	0	0	1	7	3	2	0	7
299.200	0	0	0	0	0	0	0	0	0	0	0	0	0	0	0	0	0	0	0	0	0	0	0	0	0	0	0	0	0	0	0	10	1	2	0	9
299.400	0	0	0	0	0	0	0	0	0	0	0	0	0	0	0	0	0	0	0	0	0	0	0	0	0	0	0	0	0	0	0	6	1	2	0	10
299.600	0	0	0	0	0	0	0	0	0	0	0	0	0	0	0	0	0	0	0	0	0	0	0	0	0	0	0	0	0	0	2	7	3	2	0	3
299.800	0	0	0	0	0	0	0	0	0	0	0	0	0	0	0	0	0	0	0	0	0	0	0	0	0	0	0	0	0	0	1	9	4	2	0	7
300.000	0	0	0	0	0	0	0	0	0	0	0	0	0	0	0	0	0	0	0	0	0	0	0	0	0	0	0	0	0	0	0	6	3	2	0	10
300.200	0	0	0	0	0	0	0	0	0	0	0	0	0	0	0	0	0	0	0	0	0	0	0	0	0	0	0	0	0	0	0	1	1	4	0	10
300.400	0	0	0	0	0	0	0	0	0	0	0	0	0	0	0	0	0	0	0	0	0	0	0	0	0	0	0	0	0	1	1	6	4	2	0	11
300.600	0	0	0	0	0	0	0	0	0	0	0	0	0	0	0	0	0	0	0	0	0	0	0	0	0	0	0	0	0	0	1	13	4	3	0	6
300.800	0	0	0	0	0	0	0	0	0	0	0	0	0	0	0	0	0	0	0	0	0	0	0	0	0	0	0	0	0	0	0	12	4	4	0	9
301.000	0	0	0	0	0	0	0	0	0	0	0	0	0	0	0	0	0	0	0	0	0	0	0	0	0	0	0	0	0	0	1	5	0	2	0	5
301.200	0	0	0	0	0	0	0	0	0	0	0	0	0	0	0	0	0	0	0	0	0	0	0	0	0	0	0	0	0	0	1	9	2	5	0	10
301.400	0	0	0	0	0	0	0	0	0	0	0	0	0	0	0	0	0	0	0	0	0	0	0	0	0	0	0	0	0	0	1	8	4	2	0	13
301.600	0	0	0	0	0	0	0	0	0	0	0	0	0	0	0	0	0	0	0	0	0	0	0	0	0	0	0	0	0	0	1	10	3	1	0	10
301.800	0	0	0	0	0	0	0	0	0	0	0	0	0	0	0	0	0	0	0	0	0	0	0	0	0	0	0	0	0	0	1	13	2	5	0	11
302.000	0	0	0	0	0	0	0	0	0	0	0	0	0	0	0	0	0	0	0	0	0	0	0	0	0	0	0	0	0	0	1	6	2	3	0	12
302.200	0	0	0	0	0	0	0	0	0	0	0	0	0	0	0	0	0	0	0	0	0	0	0	0	0	0	0	0	0	0	0	7	1	5	0	9
302.400	0	0	0	0	0	0	0	0	0	0	0	0	0	0	0	0	0	0	0	0	0	0	0	0	0	0	0	0	0	0	1	9	6	5	0	5
302.600	0	0	0	0	0	0	0	0	0	0	0	0	0	0	0	0	0	0	0	0	0	0	0	0	0	0	0	0	0	0	0	15	3	2	0	4
302.800	0	0	0	0	0	0	0	0	0	0	0	0	0	0	0	0	0	0	0	0	0	0	0	0	0	0	0	0	0	0	0	12	4	4	0	8
303.000	0	0	0	0	0	0	0	0	0	0	0	0	0	0	0	0	0	0	0	0	0	0	0	0	0	0	0	0	0	0	0	5	4	5	0	10
303.200	0	0	0	0	0	0	0	0	0	0	0	0	0	0	0	0	0	0	0	0	0	0	0	0	0	0	0	0	0	0	0	8	3	4	0	9
303.400	0	0	0	0	0	0	0	0	0	0	0	0	0	0	0	0	0	0	0	0	0	0	0	0	0	0	0	0	0	0	1	8	1	3	0	8
303.600	0	0	0	0	0	0	0	0	0	0	0	0	0	0	0	0	0	0	0	0	0	0	0	0	0	0	0	0	0	0	1	10	4	4	0	8
303.800	0	0	0	0	0	0	0	0	0	0	0	0	0	0	0	0	0	0	0	0	0	0	0	0	0	0	0	0	0	0	3	3	1	4	0	5
304.000	0	0	0	0	0	0	0	0	0	0	0	0	0	0	0	0	0	0	0	0	0	0	0	0	0	0	0	0	0	0	2	10	4	2	0	0
304.200	0	0	0	0	0	0	0	0	0	0	0	0	0	0	0	0	0	0	0	0	0	0	0	0	0	0	0	0	0	0	1	9	5	2	0	3
304.400	0	0	0	0	0	0	0	0	0	0	0	0	0	0	0	0	0	0	0	0	0	0	0	0	0	0	0	0	0	1	1	9	4	2	0	5
304.600	0	0	0	0	0	0	0	0	0	0	0	0	0	0	0	0	0	0	0	0	0	0	0	0	0	0	0	0	0	0	1	11	6	3	0	5
304.800	0	0	0	0	0	0	0	0	0	0	0	0	0	0	0	0	0	0	0	0	0	0	0	0	0	0	0	0	0	0	1	16	3	4	0	5
305.000	0	0	0	0	0	0	0	0	0	0	0	0	0	0	0	0	0	0	0	0	0	0	0	0	0	0	0	0	0	0	1	11	3	2	0	10
305.200	0	0	0	0	0	0	0	0	0	0	0	0	0	0	0	0	0	0	0	0	0	0	0	0	0	0	0	0	0	0	1	8	3	1	0	7
305.400	0	0	0	0	0	0	0	0	0	0	0	0	0	0	0	0	0	0	0	0	0	0	0	0	0	0	0	0	0	0	2	7	5	4	0	8
305.600	0	0	0	0	0	0	0	0	0	0	0	0	0	0	0	0	0	0	0	0	0	0	0	0	0	0	0	0	0	0	1	5	4	2	0	7
305.800	0	0	0	0	0	0	0	0	0	0	0	0	0	0	0	0	0	0	0	0	0	0	0	0	0	0	0	0	0	0	0	8	4	1	0	2
306.000	0	0	0	0	0	0	0	0	0	0	0	0	0	0	0	0	0	0	0	0	0	0	0	0	0	0	0	0	0	0	1	6	3	5	0	10
306.200	0	0	0	0	0	0	0	0	0	0	0	0	0	0	0	0	0	0	0	0	0	0	0	0	0	0	0	0	0	0	1	5	6	4	0	7
306.400	0	0	0	0	0	0	0	0	0	0	0	0	0	0	0	0	0	0	0	0	0	0	0	0	0	0	0	0	0	0	2	8	3	4	0	8
306.600	0	0	0	0	0	0	0	0	0	0	0	0	0	0	0	0	0	0	0	0	0	0	0	0	0	0	0	0	0	0	1	3	3	4	0	6
306.800	0	0	0	0	0	0	0	0	0	0	0	0	0	0	0	0	0	0	0	0	0	0	0	0	0	0	0	0	0	0	0	12	6	8	1	5
307.000	0	0	0	0	0	0	0	0	0	0	0	0	0	0	0	0	0	0	0	0	0	0	0	0	0	0	0	0	0	0	1	10	2	6	1	1
307.200	0	0	0	0	0	0	0	0	0	0	0	0	0	0	0	0	0	0	0	0	0	0	0	0	0	0	0	0	0	0	1	8	4	6	2	1
307.400	0	0	0	0	0	0	0	0	0	0	0	0	0	0	0	0	0	0	0	0	0	0	0	0	0	0	0	0	0	0	1	4	3	4	0	8
307.600	0	0	0	0	0	0	0	0	0	0	0	0	0	0	0	0	0	0	0	0	0	0	0	0	0	0	0	0	0	0	2	7	1	2	0	9
307.800	0	0	0	0	0	0	0	0	0	0	0	0	0	0	0	0	0	0	0	0	0	0	0	0	0	0	0	0	0	0	2	7	1	4	0	8
308.000	0	0	0	0	0	0	0	0	0	0	0	0	0	0	0	0	0	0	0	0	0	0	0	0	0	0	0	0	0	0	2	4	2	2	0	1
308.200	0	0	0	0	0	0	0	0	0	0	0	0	0	0	0	0	0	0	0	0	0	0	0	0	0	0	0	0	0	0	1	9	1	4	0	5
308.400	0	0	0	0	0	0	0	0	0	0	0	0	0	0	0	0	0	0	0	0	0	0	0	0	0	0	0	0	0	0	1	9	2	3	1	0
308.600	0	0	0	0	0	0	0	0	0	0	0	0	0	0	0	0	0	0	0	0	0	0	0	0	0	0	0	0	0	0	4	10	2	5	1	2
308.800	0	0	0	0	0	0	0	0	0	0	0	0	0	0	0	0	0	0	0	0	0	0	0	0	0	0	0	0	0	0	1	8	2	2	0	8
309.000	0	0	0	0	0	0	0	0	0	0	0	0	0	0	0	0	0	0	0	0	0	0	0	0	0	0	0	0	0	0	0	6	2	5	0	6
309.200	0	0	0	0	0	0	0	0	0	0	0	0	0	0	0	0	0	0	0	0	0	0	0	0	0	0	0	0	0	0	1	7	4	2	0	6
309.400	0	0	0	0	0	0	0	0	0	0	0	0	0	0	0	0	0	0	0	0	0	0	0	0	0	0	0	0	0	0	1	4	4	3	0	3
309.600	0	0	0	0	0	0	0	0	0	0	0	0	0	0	0	0	0	0	0	0	0	0	0	0	0	0	0	0	0	0	1	3	1	3	0	1
309.800	0	0	0	0	0	0	0	0	0	0	0	0	0	0	0	0	0	0	0	0	0	0	0	0	0	0	0	0	0	0	3	3	4	4	0	2
310.000	0	0	0	0	0	0	0	0	0	0	0	0	0	0	0	0	0	0	0	0	0	0	0	0	0	0	0	0	0	0	1	6	5	4	0	5
310.200	0	0	0	0	0	0	0	0	0	0	0	0	0	0	0	0	0	0	0	0	0	0	0	0	0	0	0	0	0	0	2	10	1	4	0	2
310.400	0	0	0	0	0	0	0	0	0	0	0	0	0	0	0	0	0	0	0	0	0	0	0	0	0	0	0	0	0	0	1	4	3	3	0	4
310.600	0	0	0	0	0	0	0	0	0	0	0	0	0	0	0	0	0	0	0	0	0	0	0	0	0	0	0	0	0	0	3	9	2	2	0	4
310.800	0	0	0	0	0	0	0	0	0	0	0	0	0	0	0	0	0	0	0	0	0	0	0	0	0	0	0	0	0	0	3	4	3	2	0	2
311.000	0	0	0	0	0	0	0	0	0	0	0	0	0	0	0	0	0	0	0	0	0	0	0	0	0	0	0	0	0	0	0	11	2	1	0	7
311.200	0	0	0	0	0	0	0	0	0	0	0	0	0	0	0	0	0	0	0	0	0	0	0	0	0	0	0	0	0	0	1	9	3	1	0	6
311.400	0	0	0	0	0	0	0	0	0	0	0	0	0	0	0	0	0	0	0	0	0	0	0	0	0	0	0	0	0	0	1	2	5	2	0	7
311.600	0	0	0	0	0	0	0	0	0	0	0	0	0	0	0	0	0	0	0	0	0	0	0	0	0	0	0	0	0	0	1	8	1	5	0	12
311.800	0	0	0	0	0	0	0	0	0	0	0	0	0	0	0	0	0	0	0	0	0	0	0	0	0	0	0	0	0	0	1	9	3	3	0	8
312.000	0	0	0	0	0	0	0	0	0	0	0	0	0	0	0	0	0	0	0	0	0	0	0	0	0	0	0	0	0	0	1	5	2	2	0	5
312.200	0	0	0	0	0	0	0	0	0	0	0	0	0	0	0	0	0	0	0	0	0	0	0	0	0	0	0	0	0	0	0	10	1	3	0	5
312.400	0	0	0	0	0	0	0	0	0	0	0	0	0	0	0	0	0	0	0	0	0	0	0	0	0	0	0	0	0	0	1	9	2	4	0	5
312.600	0	0	0	0	0	0	0	0	0	0	0	0	0	0	0	0	0	0	0	0	0	0	0	0	0	0	0	0	0	0	0	5	3	2	0	8
312.800	0	0	0	0	0	0	0	0	0	0	0	0	0	0	0	0	0	0	0	0	0	0	0	0	0	0	0	0	0	0	1	11	3	3	0	12
313.000	0	0	0	0	0	0	0	0	0	0	0	0	0	0	0	0	0	0	0	0	0	0	0	0	0	0	0	0	0	0	1	5	3	2	0	13
313.200	0	0	0	0	0	0	0	0	0	0	0	0	0	0	0	0	0	0	0	0	0	0	0	0	0	0	0	0	0	0	1	6	4	3	0	8
313.400	0	0	0	0	0	0	0	0	0	0	0	0	0	0	0	0	0	0	0	0	0	0	0	0	0	0	0	0	0	0	0	8	4	6	1	4
313.600	0	0	0	0	0	0	0	0	0	0	0	0	0	0	0	0	0	0	0	0	0	0	0	0	0	0	0	0	0	0	0	7	1	5	0	3
313.800	0	0	0	0	0	0	0	0	0	0	0	0	0	0	0	0	0	0	0	0	0	0	0	0	0	0	0	0	0	0	1	11	5	4	0	8
314.000	0	0	0	0	0	0	0	0	0	0	0	0	0	0	0	0	0	0	0	0	0	0	0	0	0	0	0	0	0	0	0	9	2	5	0	10
314.200	0	0	0	0	0	0	0	0	0	0	0	0	0	0	0	0	0	0	0	0	0	0	0	0	0	0	0	0	0	0	1	5	2	5	0	3
314.400	0	0	0	0	0	0	0	0	0	0	0	0	0	0	0	0	0	0	0	0	0	0	0	0	0	0	0	0	0	0	1	12	4	2	0	14
314.600	0	0	0	0	0	0	0	0	0	0	0	0	0	0	0	0	0	0	0	0	0	0	0	0	0	0	0	0	0	0	0	8	2	4	0	12
314.800	0	0	0	0	0	0	0	0	0	0	0	0	0	0	0	0	0	0	0	0	0	0	0	0	0	0	0	0	0	0	0	4	0	2	0	12
315.000	0	0	0	0	0	0	0	0	0	0	0	0	0	0	0	0	0	0	0	0	0	0	0	0	0	0	0	0	0	0	0	7	0	1	0	5
315.200	0	0	0	0	0	0	0	0	0	0	0	0	0	0	0	0	0	0	0	0	0	0	0	0	0	0	0	0	0	0	0	4	2	3	0	5
315.400	0	0	0	0	0	0	0	0	0	0	0	0	0	0	0	0	0	0	0	0	0	0	0	0	0	0	0	0	0	0	0	2	2	5	1	8
315.600	0	0	0	0	0	0	0	0	0	0	0	0	0	0	0	0	0	0	0	0	0	0	0	0	0	0	0	0	0	0	1	9	0	3	0	12
315.800	0	0	0	0	0	0	0	0	0	0	0	0	0	0	0	0	0	0	0	0	0	0	0	0	0	0	0	0	0	0	0	12	5	5	1	6
316.000	0	0	0	0	0	0	0	0	0	0	0	0	0	0	0	0	0	0	0	0	0	0	0	0	0	0	0	0	0	0	0	10	2	1	0	11
316.200	0	0	0	0	0	0	0	0	0	0	0	0	0	0	0	0	0	0	0	0	0	0	0	0	0	0	0	0	0	0	2	10	3	3	0	10
316.400	0	0	0	0	0	0	0	0	0	0	0	0	0	0	0	0	0	0	0	0	0	0	0	0	0	0	0	0	0	0	0	5	4	5	0	2
316.600	0	0	0	0	0	0	0	0	0	0	0	0	0	0	0	0	0	0	0	0	0	0	0	0	0	0	0	0	0	0	0	9	1	7	0	2
316.800	0	0	0	0	0	0	0	0	0	0	0	0	0	0	0	0	0	0	0	0	0	0	0	0	0	0	0	0	0	0	0	10	4	7	1	7
317.000	0	0	0	0	0	0	0	0	0	0	0	0	0	0	0	0	0	0	0	0	0	0	0	0	0	0	0	0	0	0	0	10	4	3	0	11
317.200	0	0	0	0	0	0	0	0	0	0	0	0	0	0	0	0	0	0	0	0	0	0	0	0	0	0	0	0	0	0	0	8	5	3	0	3
317.400	0	0	0	0	0	0	0	0	0	0	0	0	0	0	0	0	0	0	0	0	0	0	0	0	0	0	0	0	0	0	0	6	1	3	0	7
317.600	0	0	0	0	0	0	0	0	0	0	0	0	0	0	0	0	0	0	0	0	0	0	0	0	0	0	0	0	0	0	0	7	2	2	0	11
317.800	0	0	0	0	0	0	0	0	0	0	0	0	0	0	0	0	0	0	0	0	0	0	0	0	0	0	0	0	0	0	2	2	4	3	0	9
318.000	0	0	0	0	0	0	0	0	0	0	0	0	0	0	0	0	0	0	0	0	0	0	0	0	0	0	0	0	0	0	0	10	2	3	0	12
318.200	0	0	0	0	0	0	0	0	0	0	0	0	0	0	0	0	0	0	0	0	0	0	0	0	0	0	0	0	0	0	0	6	3	5	0	7
318.400	0	0	0	0	0	0	0	0	0	0	0	0	0	0	0	0	0	0	0	0	0	0	0	0	0	0	0	0	0	0	1	8	1	5	0	7
318.600	0	0	0	0	0	0	0	0	0	0	0	0	0	0	0	0	0	0	0	0	0	0	0	0	0	0	0	0	0	0	2	5	3	4	0	9
318.800	0	0	0	0	0	0	0	0	0	0	0	0	0	0	0	0	0	0	0	0	0	0	0	0	0	0	0	0	0	0	0	5	3	4	0	8
319.000	0	0	0	0	0	0	0	0	0	0	0	0	0	0	0	0	0	0	0	0	0	0	0	0	0	0	0	0	0	0	0	8	2	5	0	9
319.200	0	0	0	0	0	0	0	0	0	0	0	0	0	0	0	0	0	0	0	0	0	0	0	0	0	0	0	0	0	0	1	9	4	4	0	6
319.400	0	0	0	0	0	0	0	0	0	0	0	0	0	0	0	0	0	0	0	0	0	0	0	0	0	0	0	0	0	0	1	8	2	4	0	2
319.600	0	0	0	0	0	0	0	0	0	0	0	0	0	0	0	0	0	0	0	0	0	0	0	0	0	0	0	0	0	1	3	10	2	3	0	12
319.800	0	0	0	0	0	0	0	0	0	0	0	0	0	0	0	0	0	0	0	0	0	0	0	0	0	0	0	0	0	0	0	12	0	3	0	6
320.000	0	0	0	0	0	0	0	0	0	0	0	0	0	0	0	0	0	0	0	0	0	0	0	0	0	0	0	0	0	0	2	6	1	2	0	12
320.200	0	0	0	0	0	0	0	0	0	0	0	0	0	0	0	0	0	0	0	0	0	0	0	0	0	0	0	0	0	0	0	7	3	3	0	10
320.400	0	0	0	0	0	0	0	0	0	0	0	0	0	0	0	0	0	0	0	0	0	0	0	0	0	0	0	0	0	0	1	13	4	2	0	8
320.600	0	0	0	0	0	0	0	0	0	0	0	0	0	0	0	0	0	0	0	0	0	0	0	0	0	0	0	0	0	0	0	5	3	4	0	11
320.800	0	0	0	0	0	0	0	0	0	0	0	0	0	0	0	0	0	0	0	0	0	0	0	0	0	0	0	0	0	0	0	5	2	3	0	4
321.000	0	0	0	0	0	0	0	0	0	0	0	0	0	0	0	0	0	0	0	0	0	0	0	0	0	0	0	0	0	0	0	7	0	3	0	6
321.200	0	0	0	0	0	0	0	0	0	0	0	0	0	0	0	0	0	0	0	0	0	0	0	0	0	0	0	0	0	1	2	6	3	4	0	12
321.400	0	0	0	0	0	0	0	0	0	0	0	0	0	0	0	0	0	0	0	0	0	0	0	0	0	0	0	0	0	0	1	5	3	5	0	8
321.600	0	0	0	0	0	0	0	0	0	0	0	0	0	0	0	0	0	0	0	0	0	0	0	0	0	0	0	0	0	0	2	7	4	3	0	12
321.800	0	0	0	0	0	0	0	0	0	0	0	0	0	0	0	0	0	0	0	0	0	0	0	0	0	0	0	0	0	0	2	9	3	4	0	11
322.000	0	0	0	0	0	0	0	0	0	0	0	0	0	0	0	0	0	0	0	0	0	0	0	0	0	0	0	0	0	0	1	10	4	2	0	9
322.200	0	0	0	0	0	0	0	0	0	0	0	0	0	0	0	0	0	0	0	0	0	0	0	0	0	0	0	0	0	0	1	5	0	2	0	10
322.400	0	0	0	0	0	0	0	0	0	0	0	0	0	0	0	0	0	0	0	0	0	0	0	0	0	0	0	0	0	0	1	12	5	2	0	10
322.600	0	0	0	0	0	0	0	0	0	0	0	0	0	0	0	0	0	0	0	0	0	0	0	0	0	0	0	0	0	0	1	4	2	4	0	8
322.800	0	0	0	0	0	0	0	0	0	0	0	0	0	0	0	0	0	0	0	0	0	0	0	0	0	0	0	0	0	0	0	9	5	3	0	5
323.000	0	0	0	0	0	0	0	0	0	0	0	0	0	0	0	0	0	0	0	0	0	0	0	0	0	0	0	0	0	0	0	13	3	4	0	5
323.200	0	0	0	0	0	0	0	0	0	0	0	0	0	0	0	0	0	0	0	0	0	0	0	0	0	0	0	0	0	0	1	9	6	4	0	12
323.400	0	0	0	0	0	0	0	0	0	0	0	0	0	0	0	0	0	0	0	0	0	0	0	0	0	0	0	0	0	0	1	5	2	2	0	7
323.600	0	0	0	0	0	0	0	0	0	0	0	0	0	0	0	0	0	0	0	0	0	0	0	0	0	0	0	0	0	0	0	7	3	5	0	11
323.800	0	0	0	0	0	0	0	0	0	0	0	0	0	0	0	0	0	0	0	0	0	0	0	0	0	0	0	0	0	0	1	9	3	3	0	5
324.000	0	0	0	0	0	0	0	0	0	0	0	0	0	0	0	0	0	0	0	0	0	0	0	0	0	0	0	0	0	0	2	4	2	3	0	8
324.200	0	0	0	0	0	0	0	0	0	0	0	0	0	0	0	0	0	0	0	0	0	0	0	0	0	0	0	0	0	0	1	7	3	4	0	5
324.400	0	0	0	0	0	0	0	0	0	0	0	0	0	0	0	0	0	0	0	0	0	0	0	0	0	0	0	0	0	0	1	6	3	2	0	6
324.600	0	0	0	0	0	0	0	0	0	0	0	0	0	0	0	0	0	0	0	0	0	0	0	0	0	0	0	0	0	0	1	15	3	5	0	7
324.800	0	0	0	0	0	0	0	0	0	0	0	0	0	0	0	0	0	0	0	0	0	0	0	0	0	0	0	0	0	0	1	7	3	2	0	4
325.000	0	0	0	0	0	0	0	0	0	0	0	0	0	0	0	0	0	0	0	0	0	0	0	0	0	0	0	0	0	0	1	5	4	1	0	8
325.200	0	0	0	0	0	0	0	0	0	0	0	0	0	0	0	0	0	0	0	0	0	0	0	0	0	0	0	0	0	0	1	9	2	4	0	1
325.400	0	0	0	0	0	0	0	0	0	0	0	0	0	0	0	0	0	0	0	0	0	0	0	0	0	0	0	0	0	0	0	9	2	2	0	2
325.600	0	0	0	0	0	0	0	0	0	0	0	0	0	0	0	0	0	0	0	0	0	0	0	0	0	0	0	0	0	0	3	9	4	3	0	2
325.800	0	0	0	0	0	0	0	0	0	0	0	0	0	0	0	0	0	0	0	0	0	0	0	0	0	0	0	0	0	0	1	1	3	1	0	10
326.000	0	0	0	0	0	0	0	0	0	0	0	0	0	0	0	0	0	0	0	0	0	0	0	0	0	0	0	0	0	0	1	10	3	2	0	7
326.200	0	0	0	0	0	0	0	0	0	0	0	0	0	0	0	0	0	0	0	0	0	0	0	0	0	0	0	0	0	0	0	6	4	2	0	6
326.400	0	0	0	0	0	0	0	0	0	0	0	0	0	0	0	0	0	0	0	0	0	0	0	0	0	0	0	0	0	0	1	4	2	1	0	8
326.600	0	0	0	0	0	0	0	0	0	0	0	0	0	0	0	0	0	0	0	0	0	0	0	0	0	0	0	0	0	0	1	6	4	3	0	10
326.800	0	0	0	0	0	0	0	0	0	0	0	0	0	0	0	0	0	0	0	0	0	0	0	0	0	0	0	0	0	0	1	7	2	3	0	7
327.000	0	0	0	0	0	0	0	0	0	0	0	0	0	0	0	0	0	0	0	0	0	0	0	0	0	0	0	0	0	0	1	10	4	1	0	11
327.200	0	0	0	0	0	0	0	0	0	0	0	0	0	0	0	0	0	0	0	0	0	0	0	0	0	0	0	0	0	0	1	6	3	2	0	9
327.400	0	0	0	0	0	0	0	0	0	0	0	0	0	0	0	0	0	0	0	0	0	0	0	0	0	0	0	0	0	0	0	2	3	2	0	11
327.600	0	0	0	0	0	0	0	0	0	0	0	0	0	0	0	0	0	0	0	0	0	0	0	0	0	0	0	0	0	0	0	10	6	3	0	6
327.800	0	0	0	0	0	0	0	0	0	0	0	0	0	0	0	0	0	0	0	0	0	0	0	0	0	0	0	0	0	0	0	10	6	3	0	10
328.000	0	0	0	0	0	0	0	0	0	0	0	0	0	0	0	0	0	0	0	0	0	0	0	0	0	0	0	0	0	0	1	9	4	3	0	5
328.200	0	0	0	0	0	0	0	0	0	0	0	0	0	0	0	0	0	0	0	0	0	0	0	0	0	0	0	0	0	0	0	9	4	3	0	5
328.400	0	0	0	0	0	0	0	0	0	0	0	0	0	0	0	0	0	0	0	0	0	0	0	0	0	0	0	0	0	0	1	4	1	2	0	10
328.600	0	0	0	0	0	0	0	0	0	0	0	0	0	0	0	0	0	0	0	0	0	0	0	0	0	0	0	0	0	0	1	7	3	2	0	10
328.800	0	0	0	0	0	0	0	0	0	0	0	0	0	0	0	0	0	0	0	0	0	0	0	0	0	0	0	0	0	0	0	7	3	3	0	5
329.000	0	0	0	0	0	0	0	0	0	0	0	0	0	0	0	0	0	0	0	0	0	0	0	0	0	0	0	0	0	0	1	8	5	4	0	5
329.200	0	0	0	0	0	0	0	0	0	0	0	0	0	0	0	0	0	0	0	0	0	0	0	0	0	0	0	0	0	0	0	5	3	4	0	5
329.400	0	0	0	0	0	0	0	0	0	0	0	0	0	0	0	0	0	0	0	0	0	0	0	0	0	0	0	0	0	0	1	3	2	4	0	5
329.600	0	0	0	0	0	0	0	0	0	0	0	0	0	0	0	0	0	0	0	0	0	0	0	0	0	0	0	0	0	0	0	9	2	2	0	12
329.800	0	0	0	0	0	0	0	0	0	0	0	0	0	0	0	0	0	0	0	0	0	0	0	0	0	0	0	0	0	1	4	10	2	3	0	4
330.000	0	0	0	0	0	0	0	0	0	0	0	0	0	0	0	0	0	0	0	0	0	0	0	0	0	0	0	0	0	0	1	8	2	3	0	7
330.200	0	0	0	0	0	0	0	0	0	0	0	0	0	0	0	0	0	0	0	0	0	0	0	0	0	0	0	0	0	0	1	3	3	3	0	9
330.400	0	0	0	0	0	0	0	0	0	0	0	0	0	0	0	0	0	0	0	0	0	0	0	0	0	0	0	0	0	0	0	8	2	3	0	11
330.600	0	0	0	0	0	0	0	0	0	0	0	0	0	0	0	0	0	0	0	0	0	0	0	0	0	0	0	0	0	0	0	9	3	2	0	6
330.800	0	0	0	0	0	0	0	0	0	0	0	0	0	0	0	0	0	0	0	0	0	0	0	0	0	0	0	0	0	0	3	6	1	3	0	10
331.000	0	0	0	0	0	0	0	0	0	0	0	0	0	0	0	0	0	0	0	0	0	0	0	0	0	0	0	0	0	0	1	9	4	2	0	10
331.200	0	0	0	0	0	0	0	0	0	0	0	0	0	0	0	0	0	0	0	0	0	0	0	0	0	0	0	0	0	0	1	2	3	1	0	11
331.400	0	0	0	0	0	0	0	0	0	0	0	0	0	0	0	0	0	0	0	0	0	0	0	0	0	0	0	0	0	0	2	8	4	2	0	9
331.600	0	0	0	0	0	0	0	0	0	0	0	0	0	0	0	0	0	0	0	0	0	0	0	0	0	0	0	0	0	0	1	4	3	2	0	8
331.800	0	0	0	0	0	0	0	0	0	0	0	0	0	0	0	0	0	0	0	0	0	0	0	0	0	0	0	0	0	0	2	3	1	2	0	11
332.000	0	0	0	0	0	0	0	0	0	0	0	0	0	0	0	0	0	0	0	0	0	0	0	0	0	0	0	0	0	0	0	8	3	1	0	10
332.200	0	0	0	0	0	0	0	0	0	0	0	0	0	0	0	0	0	0	0	0	0	0	0	0	0	0	0	0	0	0	0	4	3	2	0	5
332.400	0	0	0	0	0	0	0	0	0	0	0	0	0	0	0	0	0	0	0	0	0	0	0	0	0	0	0	0	0	0	0	6	3	4	0	7
332.600	0	0	0	0	0	0	0	0	0	0	0	0	0	0	0	0	0	0	0	0	0	0	0	0	0	0	0	0	0	0	0	8	1	2	0	7
332.800	0	0	0	0	0	0	0	0	0	0	0	0	0	0	0	0	0	0	0	0	0	0	0	0	0	0	0	0	0	0	1	8	4	4	0	5
333.000	0	0	0	0	0	0	0	0	0	0	0	0	0	0	0	0	0	0	0	0	0	0	0	0	0	0	0	0	0	0	0	9	3	3	0	5
333.200	0	0	0	0	0	0	0	0	0	0	0	0	0	0	0	0	0	0	0	0	0	0	0	0	0	0	0	0	0	0	0	4	1	5	0	4
333.400	0	0	0	0	0	0	0	0	0	0	0	0	0	0	0	0	0	0	0	0	0	0	0	0	0	0	0	0	0	0	0	7	4	4	0	11
333.600	0	0	0	0	0	0	0	0	0	0	0	0	0	0	0	0	0	0	0	0	0	0	0	0	0	0	0	0	0	0	1	8	2	5	0	8
333.800	0	0	0	0	0	0	0	0	0	0	0	0	0	0	0	0	0	0	0	0	0	0	0	0	0	0	0	0	0	0	0	7	4	7	1	6
334.000	0	0	0	0	0	0	0	0	0	0	0	0	0	0	0	0	0	0	0	0	0	0	0	0	0	0	0	0	0	0	0	10	3	8	1	6
334.200	0	0	0	0	0	0	0	0	0	0	0	0	0	0	0	0	0	0	0	0	0	0	0	0	0	0	0	0	0	0	0	7	4	5	0	12
334.400	0	0	0	0	0	0	0	0	0	0	0	0	0	0	0	0	0	0	0	0	0	0	0	0	0	0	0	0	0	0	0	5	4	4	0	11
334.600	0	0	0	0	0	0	0	0	0	0	0	0	0	0	0	0	0	0	0	0	0	0	0	0	0	0	0	0	0	0	1	9	6	5	0	8
334.800	0	0	0	0	0	0	0	0	0	0	0	0	0	0	0	0	0	0	0	0	0	0	0	0	0	0	0	0	0	0	0	6	6	4	0	11
335.000	0	0	0	0	0	0	0	0	0	0	0	0	0	0	0	0	0	0	0	0	0	0	0	0	0	0	0	0	0	0	1	11	3	5	0	7
335.200	0	0	0	0	0	0	0	0	0	0	0	0	0	0	0	0	0	0	0	0	0	0	0	0	0	0	0	0	0	0	1	8	3	3	0	10
335.400	0	0	0	0	0	0	0	0	0	0	0	0	0	0	0	0	0	0	0	0	0	0	0	0	0	0	0	0	0	0	1	7	3	3	0	11
335.600	0	0	0	0	0	0	0	0	0	0	0	0	0	0	0	0	0	0	0	0	0	0	0	0	0	0	0	0	0	0	1	12	3	6	0	9
335.800	0	0	0	0	0	0	0	0	0	0	0	0	0	0	0	0	0	0	0	0	0	0	0	0	0	0	0	0	0	0	0	7	5	6	0	13
336.000	0	0	0	0	0	0	0	0	0	0	0	0	0	0	0	0	0	0	0	0	0	0	0	0	0	0	0	0	0	0	1	10	1	4	0	4
336.200	0	0	0	0	0	0	0	0	0	0	0	0	0	0	0	0	0	0	0	0	0	0	0	0	0	0	0	0	0	0	1	6	2	6	0	5
336.400	0	0	0	0	0	0	0	0	0	0	0	0	0	0	0	0	0	0	0	0	0	0	0	0	0	0	0	0	0	0	1	3	5	1	0	6
336.600	0	0	0	0	0	0	0	0	0	0	0	0	0	0	0	0	0	0	0	0	0	0	0	0	0	0	0	0	0	0	1	8	3	5	0	5
336.800	0	0	0	0	0	0	0	0	0	0	0	0	0	0	0	0	0	0	0	0	0	0	0	0	0	0	0	0	0	0	0	8	5	7	2	1
337.000	0	0	0	0	0	0	0	0	0	0	0	0	0	0	0	0	0	0	0	0	0	0	0	0	0	0	0	0	0	0	0	11	3	7	1	8
337.200	0	0	0	0	0	0	0	0	0	0	0	0	0	0	0	0	0	0	0	0	0	0	0	0	0	0	0	0	0	0	0	8	5	7	1	4
337.400	0	0	0	0	0	0	0	0	0	0	0	0	0	0	0	0	0	0	0	0	0	0	0	0	0	0	0	0	0	0	0	8	2	5	0	9
337.600	0	0	0	0	0	0	0	0	0	0	0	0	0	0	0	0	0	0	0	0	0	0	0	0	0	0	0	0	0	0	0	9	5	5	1	10
337.800	0	0	0	0	0	0	0	0	0	0	0	0	0	0	0	0	0	0	0	0	0	0	0	0	0	0	0	0	0	0	0	5	3	2	0	7
338.000	0	0	0	0	0	0	0	0	0	0	0	0	0	0	0	0	0	0	0	0	0	0	0	0	0	0	0	0	0	0	1	7	1	5	0	9
338.200	0	0	0	0	0	0	0	0	0	0	0	0	0	0	0	0	0	0	0	0	0	0	0	0	0	0	0	0	0	0	1	7	1	1	0	8
338.400	0	0	0	0	0	0	0	0	0	0	0	0	0	0	0	0	0	0	0	0	0	0	0	0	0	0	0	0	0	0	0	3	4	3	0	9
338.600	0	0	0	0	0	0	0	0	0	0	0	0	0	0	0	0	0	0	0	0	0	0	0	0	0	0	0	0	0	0	0	2	3	4	0	8
338.800	0	0	0	0	0	0	0	0	0	0	0	0	0	0	0	0	0	0	0	0	0	0	0	0	0	0	0	0	0	0	0	7	3	3	0	1
339.000	0	0	0	0	0	0	0	0	0	0	0	0	0	0	0	0	0	0	0	0	0	0	0	0	0	0	0	0	0	0	1	4	4	4	0	7
339.200	0	0	0	0	0	0	0	0	0	0	0	0	0	0	0	0	0	0	0	0	0	0	0	0	0	0	0	0	0	0	1	7	1	3	0	10
339.400	0	0	0	0	0	0	0	0	0	0	0	0	0	0	0	0	0	0	0	0	0	0	0	0	0	0	0	0	0	0	0	6	3	4	0	2
339.600	0	0	0	0	0	0	0	0	0	0	0	0	0	0	0	0	0	0	0	0	0	0	0	0	0	0	0	0	0	1	2	7	1	2	0	3
339.800	0	0	0	0	0	0	0	0	0	0	0	0	0	0	0	0	0	0	0	0	0	0	0	0	0	0	0	0	0	0	1	6	4	3	0	6
340.000	0	0	0	0	0	0	0	0	0	0	0	0	0	0	0	0	0	0	0	0	0	0	0	0	0	0	0	0	0	0	4	8	4	4	0	8
340.200	0	0	0	0	0	0	0	0	0	0	0	0	0	0	0	0	0	0	0	0	0	0	0	0	0	0	0	0	0	0	0	6	1	2	0	2
340.400	0	0	0	0	0	0	0	0	0	0	0	0	0	0	0	0	0	0	0	0	0	0	0	0	0	0	0	0	0	0	0	11	1	5	0	3
340.600	0	0	0	0	0	0	0	0	0	0	0	0	0	0	0	0	0	0	0	0	0	0	0	0	0	0	0	0	0	0	1	6	2	3	0	13
340.800	0	0	0	0	0	0	0	0	0	0	0	0	0	0	0	0	0	0	0	0	0	0	0	0	0	0	0	0	0	0	0	10	5	5	0	5
341.000	0	0	0	0	0	0	0	0	0	0	0	0	0	0	0	0	0	0	0	0	0	0	0	0	0	0	0	0	0	0	0	8	5	5	0	5
341.200	0	0	0	0	0	0	0	0	0	0	0	0	0	0	0	0	0	0	0	0	0	0	0	0	0	0	0	0	0	0	0	5	1	3	0	7
341.400	0	0	0	0	0	0	0	0	0	0	0	0	0	0	0	0	0	0	0	0	0	0	0	0	0	0	0	0	0	0	1	7	3	4	0	7
341.600	0	0	0	0	0	0	0	0	0	0	0	0	0	0	0	0	0	0	0	0	0	0	0	0	0	0	0	0	0	0	0	8	1	4	0	5
341.800	0	0	0	0	0	0	0	0	0	0	0	0	0	0	0	0	0	0	0	0	0	0	0	0	0	0	0	0	0	0	1	7	3	6	1	8
342.000	0	0	0	0	0	0	0	0	0	0	0	0	0	0	0	0	0	0	0	0	0	0	0	0	0	0	0	0	0	0	0	9	4	3	0	10
342.200	0	0	0	0	0	0	0	0	0	0	0	0	0	0	0	0	0	0	0	0	0	0	0	0	0	0	0	0	0	0	0	9	2	3	0	13
342.400	0	0	0	0	0	0	0	0	0	0	0	0	0	0	0	0	0	0	0	0	0	0	0	0	0	0	0	0	0	0	0	13	3	3	0	8
342.600	0	0	0	0	0	0	0	0	0	0	0	0	0	0	0	0	0	0	0	0	0	0	0	0	0	0	0	0	0	0	0	5	1	4	0	0
342.800	0	0	0	0	0	0	0	0	0	0	0	0	0	0	0	0	0	0	0	0	0	0	0	0	0	0	0	0	0	0	0	7	2	4	0	8
343.000	0	0	0	0	0	0	0	0	0	0	0	0	0	0	0	0	0	0	0	0	0	0	0	0	0	0	0	0	0	0	1	9	2	3	0	7
343.200	0	0	0	0	0	0	0	0	0	0	0	0	0	0	0	0	0	0	0	0	0	0	0	0	0	0	0	0	0	0	0	7	0	3	1	8
343.400	0	0	0	0	0	0	0	0	0	0	0	0	0	0	0	0	0	0	0	0	0	0	0	0	0	0	0	0	0	0	1	14	5	2	0	11
343.600	0	0	0	0	0	0	0	0	0	0	0	0	0	0	0	0	0	0	0	0	0	0	0	0	0	0	0	0	0	0	0	4	2	5	0	8
343.800	0	0	0	0	0	0	0	0	0	0	0	0	0	0	0	0	0	0	0	0	0	0	0	0	0	0	0	0	0	0	0	7	1	3	0	5
344.000	0	0	0	0	0	0	0	0	0	0	0	0	0	0	0	0	0	0	0	0	0	0	0	0	0	0	0	0	0	0	0	10	1	3	0	6
344.200	0	0	0	0	0	0	0	0	0	0	0	0	0	0	0	0	0	0	0	0	0	0	0	0	0	0	0	0	0	0	0	9	1	3	0	8
344.400	0	0	0	0	0	0	0	0	0	0	0	0	0	0	0	0	0	0	0	0	0	0	0	0	0	0	0	0	0	0	1	7	3	4	0	6
344.600	0	0	0	0	0	0	0	0	0	0	0	0	0	0	0	0	0	0	0	0	0	0	0	0	0	0	0	0	0	0	1	4	3	5	0	5
344.800	0	0	0	0	0	0	0	0	0	0	0	0	0	0	0	0	0	0	0	0	0	0	0	0	0	0	0	0	0	0	1	9	2	2	0	8
345.000	0	0	0	0	0	0	0	0	0	0	0	0	0	0	0	0	0	0	0	0	0	0	0	0	0	0	0	0	0	0	0	6	3	3	0	12
345.200	0	0	0	0	0	0	0	0	0	0	0	0	0	0	0	0	0	0	0	0	0	0	0	0	0	0	0	0	0	0	0	7	4	1	0	12
345.400	0	0	0	0	0	0	0	0	0	0	0	0	0	0	0	0	0	0	0	0	0	0	0	0	0	0	0	0	0	0	1	5	5	2	0	13
345.600	0	0	0	0	0	0	0	0	0	0	0	0	0	0	0	0	0	0	0	0	0	0	0	0	0	0	0	0	0	0	1	4	1	2	0	8
345.800	0	0	0	0	0	0	0	0	0	0	0	0	0	0	0	0	0	0	0	0	0	0	0	0	0	0	0	0	0	0	1	7	1	5	1	6
346.000	0	0	0	0	0	0	0	0	0	0	0	0	0	0	0	0	0	0	0	0	0	0	0	0	0	0	0	0	0	0	0	5	2	3	0	7
346.200	0	0	0	0	0	0	0	0	0	0	0	0	0	0	0	0	0	0	0	0	0	0	0	0	0	0	0	0	0	0	0	4	2	5	0	9
346.400	0	0	0	0	0	0	0	0	0	0	0	0	0	0	0	0	0	0	0	0	0	0	0	0	0	0	0	0	0	0	0	7	3	3	0	12
346.600	0	0	0	0	0	0	0	0	0	0	0	0	0	0	0	0	0	0	0	0	0	0	0	0	0	0	0	0	0	0	0	7	3	1	0	11
346.800	0	0	0	0	0	0	0	0	0	0	0	0	0	0	0	0	0	0	0	0	0	0	0	0	0	0	0	0	0	0	1	7	2	2	0	11
347.000	0	0	0	0	0	0	0	0	0	0	0	0	0	0	0	0	0	0	0	0	0	0	0	0	0	0	0	0	0	0	0	6	0	2	0	7
347.200	0	0	0	0	0	0	0	0	0	0	0	0	0	0	0	0	0	0	0	0	0	0	0	0	0	0	0	0	0	0	2	4	3	3	0	11
347.400	0	0	0	0	0	0	0	0	0	0	0	0	0	0	0	0	0	0	0	0	0	0	0	0	0	0	0	0	0	0	1	10	3	2	0	10
347.600	0	0	0	0	0	0	0	0	0	0	0	0	0	0	0	0	0	0	0	0	0	0	0	0	0	0	0	0	2	3	3	8	4	2	0	9
347.800	0	0	0	0	0	0	0	0	0	0	0	0	0	0	0	0	0	0	0	0	0	0	0	0	0	0	0	0	0	1	5	10	1	3	0	11
348.000	0	0	0	0	0	0	0	0	0	0	0	0	0	0	0	0	0	0	0	0	0	0	0	0	0	0	0	0	0	2	5	12	5	1	0	11
348.200	0	0	0	0	0	0	0	0	0	0	0	0	0	0	0	0	0	0	0	0	0	0	0	0	0	0	0	0	0	3	4	12	0	0	0	6
348.400	0	0	0	0	0	0	0	0	0	0	0	0	0	0	0	0	0	0	0	0	0	0	0	0	0	0	0	0	0	1	2	7	3	4	0	11
348.600	0	0	0	0	0	0	0	0	0	0	0	0	0	0	0	0	0	0	0	0	0	0	0	0	0	0	0	0	0	0	0	6	3	2	0	10
348.800	0	0	0	0	0	0	0	0	0	0	0	0	0	0	0	0	0	0	0	0	0	0	0	0	0	0	0	0	0	1	1	11	2	2	0	7
349.000	0	0	0	0	0	0	0	0	0	0	0	0	0	0	0	0	0	0	0	0	0	0	0	0	0	0	0	0	0	0	1	5	3	2	0	9
349.200	0	0	0	0	0	0	0	0	0	0	0	0	0	0	0	0	0	0	0	0	0	0	0	0	0	0	0	0	0	0	1	8	3	2	0	6
349.400	0	0	0	0	0	0	0	0	0	0	0	0	0	0	0	0	0	0	0	0	0	0	0	0	0	0	0	0	0	0	1	6	3	4	0	6
349.600	0	0	0	0	0	0	0	0	0	0	0	0	0	0	0	0	0	0	0	0	0	0	0	0	0	0	0	0	0	0	2	2	1	2	0	12
349.800	0	0	0	0	0	0	0	0	0	0	0	0	0	0	0	0	0	0	0	0	0	0	0	0	0	0	0	0	0	3	5	11	1	4	0	12
350.000	0	0	0	0	0	0	0	0	0	0	0	0	0	0	0	0	0	0	0	0	0	0	0	0	0	0	0	0	0	5	1	8	1	3	0	7
350.200	0	0	0	0	0	0	0	0	0	0	0	0	0	0	0	0	0	0	0	0	0	0	0	0	0	0	0	0	0	3	2	4	0	1	0	11
350.400	0	0	0	0	0	0	0	0	0	0	0	0	0	0	0	0	0	0	0	0	0	0	0	0	0	0	0	0	0	1	4	6	4	2	0	3
350.600	0	0	0	0	0	0	0	0	0	0	0	0	0	0	0	0	0	0	0	0	0	0	0	0	0	0	0	0	0	3	4	7	1	2	0	2
350.800	0	0	0	0	0	0	0	0	0	0	0	0	0	0	0	0	0	0	0	0	0	0	0	0	0	0	0	0	0	1	4	6	3	2	0	1
351.000	0	0	0	0	0	0	0	0	0	0	0	0	0	0	0	0	0	0	0	0	0	0	0	0	0	0	0	0	0	0	1	10	3	2	0	3
351.200	0	0	0	0	0	0	0	0	0	0	0	0	0	0	0	0	0	0	0	0	0	0	0	0	0	0	0	0	0	0	1	2	3	1	0	2
351.400	0	0	0	0	0	0	0	0	0	0	0	0	0	0	0	0	0	0	0	0	0	0	0	0	0	0	0	0	0	0	1	8	3	2	0	6
351.600	0	0	0	0	0	0	0	0	0	0	0	0	0	0	0	0	0	0	0	0	0	0	0	0	0	0	0	0	0	0	0	8	1	2	0	6
351.800	0	0	0	0	0	0	0	0	0	0	0	0	0	0	0	0	0	0	0	0	0	0	0	0	0	0	0	0	0	0	0	3	2	5	0	8
352.000	0	0	0	0	0	0	0	0	0	0	0	0	0	0	0	0	0	0	0	0	0	0	0	0	0	0	0	0	0	0	1	7	3	2	0	4
352.200	0	0	0	0	0	0	0	0	0	0	0	0	0	0	0	0	0	0	0	0	0	0	0	0	0	0	0	0	0	0	1	5	5	2	0	5
352.400	0	0	0	0	0	0	0	0	0	0	0	0	0	0	0	0	0	0	0	0	0	0	0	0	0	0	0	0	0	0	0	8	3	4	0	3
352.600	0	0	0	0	0	0	0	0	0	0	0	0	0	0	0	0	0	0	0	0	0	0	0	0	0	0	0	0	0	0	1	13	5	1	0	2
352.800	0	0	0	0	0	0	0	0	0	0	0	0	0	0	0	0	0	0	0	0	0	0	0	0	0	0	0	0	0	0	2	9	3	4	1	6
353.000	0	0	0	0	0	0	0	0	0	0	0	0	0	0	0	0	0	0	0	0	0	0	0	0	0	0	0	0	0	0	1	12	4	5	0	1
353.200	0	0	0	0	0	0	0	0	0	0	0	0	0	0	0	0	0	0	0	0	0	0	0	0	0	0	0	0	0	0	0	10	3	2	0	1
353.400	0	0	0	0	0	0	0	0	0	0	0	0	0	0	0	0	0	0	0	0	0	0	0	0	0	0	0	0	0	0	1	11	4	3	0	6
353.600	0	0	0	0	0	0	0	0	0	0	0	0	0	0	0	0	0	0	0	0	0	0	0	0	0	0	0	0	0	0	1	7	1	1	0	7
353.800	0	0	0	0	0	0	0	0	0	0	0	0	0	0	0	0	0	0	0	0	0	0	0	0	0	0	0	0	0	0	0	10	3	2	0	4
354.000	0	0	0	0	0	0	0	0	0	0	0	0	0	0	0	0	0	0	0	0	0	0	0	0	0	0	0	0	0	0	0	11	1	4	0	0
354.200	0	0	0	0	0	0	0	0	0	0	0	0	0	0	0	0	0	0	0	0	0	0	0	0	0	0	0	0	0	0	0	7	3	4	0	0
354.400	0	0	0	0	0	0	0	0	0	0	0	0	0	0	0	0	0	0	0	0	0	0	0	0	0	0	0	0	0	0	0	9	1	5	0	1
354.600	0	0	0	0	0	0	0	0	0	0	0	0	0	0	0	0	0	0	0	0	0	0	0	0	0	0	0	0	0	0	1	9	2	2	0	0
354.800	0	0	0	0	0	0	0	0	0	0	0	0	0	0	0	0	0	0	0	0	0	0	0	0	0	0	0	0	0	0	1	8	4	1	0	8
355.000	0	0	0	0	0	0	0	0	0	0	0	0	0	0	0	0	0	0	0	0	0	0	0	0	0	0	0	0	0	0	1	9	3	5	0	12
355.200	0	0	0	0	0	0	0	0	0	0	0	0	0	0	0	0	0	0	0	0	0	0	0	0	0	0	0	0	0	0	1	7	5	4	0	5
355.400	0	0	0	0	0	0	0	0	0	0	0	0	0	0	0	0	0	0	0	0	0	0	0	0	0	0	0	0	0	0	0	4	4	2	0	10
355.600	0	0	0	0	0	0	0	0	0	0	0	0	0	0	0	0	0	0	0	0	0	0	0	0	0	0	0	0	0	0	0	4	3	5	0	11
355.800	0	0	0	0	0	0	0	0	0	0	0	0	0	0	0	0	0	0	0	0	0	0	0	0	0	0	0	0	0	0	1	7	2	5	0	12
356.000	0	0	0	0	0	0	0	0	0	0	0	0	0	0	0	0	0	0	0	0	0	0	0	0	0	0	0	0	0	0	0	6	4	4	0	6
356.200	0	0	0	0	0	0	0	0	0	0	0	0	0	0	0	0	0	0	0	0	0	0	0	0	0	0	0	0	0	0	0	6	7	5	0	8
356.400	0	0	0	0	0	0	0	0	0	0	0	0	0	0	0	0	0	0	0	0	0	0	0	0	0	0	0	0	0	0	0	6	6	2	0	12
356.600	0	0	0	0	0	0	0	0	0	0	0	0	0	0	0	0	0	0	0	0	0	0	0	0	0	0	0	0	0	0	1	12	5	2	0	9
356.800	0	0	0	0	0	0	0	0	0	0	0	0	0	0	0	0	0	0	0	0	0	0	0	0	0	0	0	0	0	0	0	9	4	4	0	4
357.000	0	0	0	0	0	0	0	0	0	0	0	0	0	0	0	0	0	0	0	0	0	0	0	0	0	0	0	0	0	0	0	13	4	3	0	2
357.200	0	0	0	0	0	0	0	0	0	0	0	0	0	0	0	0	0	0	0	0	0	0	0	0	0	0	0	0	0	0	1	7	4	2	0	13
357.400	0	0	0	0	0	0	0	0	0	0	0	0	0	0	0	0	0	0	0	0	0	0	0	0	0	0	0	0	0	0	0	9	4	2	0	10
357.600	0	0	0	0	0	0	0	0	0	0	0	0	0	0	0	0	0	0	0	0	0	0	0	0	0	0	0	0	0	0	0	6	1	2	0	10
357.800	0	0	0	0	0	0	0	0	0	0	0	0	0	0	0	0	0	0	0	0	0	0	0	0	0	0	0	0	0	0	0	6	3	4	0	10
358.000	0	0	0	0	0	0	0	0	0	0	0	0	0	0	0	0	0	0	0	0	0	0	0	0	0	0	0	0	0	0	0	11	3	2	0	12
358.200	0	0	0	0	0	0	0	0	0	0	0	0	0	0	0	0	0	0	0	0	0	0	0	0	0	0	0	0	0	0	1	6	1	3	0	12
358.400	0	0	0	0	0	0	0	0	0	0	0	0	0	0	0	0	0	0	0	0	0	0	0	0	0	0	0	0	0	0	1	6	2	1	0	12
358.600	0	0	0	0	0	0	0	0	0	0	0	0	0	0	0	0	0	0	0	0	0	0	0	0	0	0	0	0	0	0	1	9	2	4	0	10
358.800	0	0	0	0	0	0	0	0	0	0	0	0	0	0	0	0	0	0	0	0	0	0	0	0	0	0	0	0	0	0	1	7	4	3	0	6
359.000	0	0	0	0	0	0	0	0	0	0	0	0	0	0	0	0	0	0	0	0	0	0	0	0	0	0	0	0	0	0	1	5	4	4	0	12
359.200	0	0	0	0	0	0	0	0	0	0	0	0	0	0	0	0	0	0	0	0	0	0	0	0	0	0	0	0	0	0	0	6	4	5	0	9
359.400	0	0	0	0	0	0	0	0	0	0	0	0	0	0	0	0	0	0	0	0	0	0	0	0	0	0	0	0	0	0	0	9	1	3	0	5
359.600	0	0	0	0	0	0	0	0	0	0	0	0	0	0	0	0	0	0	0	0	0	0	0	0	0	0	0	0	0	0	1	11	4	5	0	7
359.800	0	0	0	0	0	0	0	0	0	0	0	0	0	0	0	0	0	0	0	0	0	0	0	0	0	0	0	0	0	0	1	6	3	3	0	11
360.000	0	0	0	0	0	0	0	0	0	0	0	0	0	0	0	0	0	0	0	0	0	0	0	0	0	0	0	0	0	0	0	11	2	2	0	9
360.200	0	0	0	0	0	0	0	0	0	0	0	0	0	0	0	0	0	0	0	0	0	0	0	0	0	0	0	0	0	0	1	3	0	1	0	13
360.400	0	0	0	0	0	0	0	0	0	0	0	0	0	0	0	0	0	0	0	0	0	0	0	0	0	0	0	0	0	0	1	13	1	4	0	6
360.600	0	0	0	0	0	0	0	0	0	0	0	0	0	0	0	0	0	0	0	0	0	0	0	0	0	0	0	0	0	0	1	7	1	5	0	10
360.800	0	0	0	0	0	0	0	0	0	0	0	0	0	0	0	0	0	0	0	0	0	0	0	0	0	0	0	0	0	0	0	5	3	4	0	3
361.000	0	0	0	0	0	0	0	0	0	0	0	0	0	0	0	0	0	0	0	0	0	0	0	0	0	0	0	0	0	0	1	8	3	5	0	6
361.200	0	0	0	0	0	0	0	0	0	0	0	0	0	0	0	0	0	0	0	0	0	0	0	0	0	0	0	0	0	0	1	9	7	5	0	9
361.400	0	0	0	0	0	0	0	0	0	0	0	0	0	0	0	0	0	0	0	0	0	0	0	0	0	0	0	0	0	0	1	10	3	4	0	11
361.600	0	0	0	0	0	0	0	0	0	0	0	0	0	0	0	0	0	0	0	0	0	0	0	0	0	0	0	0	0	0	1	3	5	5	0	12
361.800	0	0	0	0	0	0	0	0	0	0	0	0	0	0	0	0	0	0	0	0	0	0	0	0	0	0	0	0	0	0	0	14	5	5	0	8
362.000	0	0	0	0	0	0	0	0	0	0	0	0	0	0	0	0	0	0	0	0	0	0	0	0	0	0	0	0	0	0	0	7	3	4	0	0
362.200	0	0	0	0	0	0	0	0	0	0	0	0	0	0	0	0	0	0	0	0	0	0	0	0	0	0	0	0	0	0	1	11	4	5	0	2
362.400	0	0	0	0	0	0	0	0	0	0	0	0	0	0	0	0	0	0	0	0	0	0	0	0	0	0	0	0	0	0	1	9	3	2	0	5
362.600	0	0	0	0	0	0	0	0	0	0	0	0	0	0	0	0	0	0	0	0	0	0	0	0	0	0	0	0	0	0	1	14	4	3	0	8
362.800	0	0	0	0	0	0	0	0	0	0	0	0	0	0	0	0	0	0	0	0	0	0	0	0	0	0	0	0	0	0	1	10	3	2	0	6
363.000	0	0	0	0	0	0	0	0	0	0	0	0	0	0	0	0	0	0	0	0	0	0	0	0	0	0	0	0	0	0	1	10	5	3	0	10
363.200	0	0	0	0	0	0	0	0	0	0	0	0	0	0	0	0	0	0	0	0	0	0	0	0	0	0	0	0	0	0	1	13	5	3	0	10
363.400	0	0	0	0	0	0	0	0	0	0	0	0	0	0	0	0	0	0	0	0	0	0	0	0	0	0	0	0	0	0	2	9	3	1	0	9
363.600	0	0	0	0	0	0	0	0	0	0	0	0	0	0	0	0	0	0	0	0	0	0	0	0	0	0	0	0	0	0	0	12	1	3	0	7
363.800	0	0	0	0	0	0	0	0	0	0	0	0	0	0	0	0	0	0	0	0	0	0	0	0	0	0	0	0	0	0	1	8	3	2	0	7
364.000	0	0	0	0	0	0	0	0	0	0	0	0	0	0	0	0	0	0	0	0	0	0	0	0	0	0	0	0	0	0	2	6	1	2	0	11
364.200	0	0	0	0	0	0	0	0	0	0	0	0	0	0	0	0	0	0	0	0	0	0	0	0	0	0	0	0	0	1	2	5	4	2	0	5
364.400	0	0	0	0	0	0	0	0	0	0	0	0	0	0	0	0	0	0	0	0	0	0	0	0	0	0	0	0	0	0	2	5	4	5	0	9
364.600	0	0	0	0	0	0	0	0	0	0	0	0	0	0	0	0	0	0	0	0	0	0	0	0	0	0	0	0	0	3	7	12	4	4	0	12
364.800	0	0	0	0	0	0	0	0	0	0	0	0	0	0	0	0	0	0	0	0	0	0	0	0	0	0	0	0	0	0	1	4	3	5	0	8
365.000	0	0	0	0	0	0	0	0	0	0	0	0	0	0	0	0	0	0	0	0	0	0	0	0	0	0	0	0	0	0	1	11	5	4	0	6
365.200	0	0	0	0	0	0	0	0	0	0	0	0	0	0	0	0	0	0	0	0	0	0	0	0	0	0	0	0	0	0	1	5	1	5	0	10
365.400	0	0	0	0	0	0	0	0	0	0	0	0	0	0	0	0	0	0	0	0	0	0	0	0	0	0	0	0	0	0	0	10	3	2	0	6
365.600	0	0	0	0	0	0	0	0	0	0	0	0	0	0	0	0	0	0	0	0	0	0	0	0	0	0	0	0	0	0	0	3	1	6	0	10
365.800	0	0	0	0	0	0	0	0	0	0	0	0	0	0	0	0	0	0	0	0	0	0	0	0	0	0	0	0	0	0	0	7	8	7	0	11
366.000	0	0	0	0	0	0	0	0	0	0	0	0	0	0	0	0	0	0	0	0	0	0	0	0	0	0	0	0	0	0	1	7	5	3	0	8
366.200	0	0	0	0	0	0	0	0	0	0	0	0	0	0	0	0	0	0	0	0	0	0	0	0	0	0	0	0	0	0	0	5	3	3	0	8
366.400	0	0	0	0	0	0	0	0	0	0	0	0	0	0	0	0	0	0	0	0	0	0	0	0	0	0	0	0	0	0	0	11	3	3	0	12
366.600	0	0	0	0	0	0	0	0	0	0	0	0	0	0	0	0	0	0	0	0	0	0	0	0	0	0	0	0	0	0	0	11	2	2	0	6
366.800	0	0	0	0	0	0	0	0	0	0	0	0	0	0	0	0	0	0	0	0	0	0	0	0	0	0	0	0	0	0	1	7	1	2	0	7
367.000	0	0	0	0	0	0	0	0	0	0	0	0	0	0	0	0	0	0	0	0	0	0	0	0	0	0	0	0	0	0	1	7	3	2	0	11
367.200	0	0	0	0	0	0	0	0	0	0	0	0	0	0	0	0	0	0	0	0	0	0	0	0	0	0	0	0	0	0	1	6	4	5	0	11
367.400	0	0	0	0	0	0	0	0	0	0	0	0	0	0	0	0	0	0	0	0	0	0	0	0	0	0	0	0	0	0	1	7	5	4	0	11
367.600	0	0	0	0	0	0	0	0	0	0	0	0	0	0	0	0	0	0	0	0	0	0	0	0	0	0	0	0	0	0	1	3	2	1	0	9
367.800	0	0	0	0	0	0	0	0	0	0	0	0	0	0	0	0	0	0	0	0	0	0	0	0	0	0	0	0	0	0	0	8	4	3	0	11
368.000	0	0	0	0	0	0	0	0	0	0	0	0	0	0	0	0	0	0	0	0	0	0	0	0	0	0	0	0	0	0	0	6	2	3	0	11
368.200	0	0	0	0	0	0	0	0	0	0	0	0	0	0	0	0	0	0	0	0	0	0	0	0	0	0	0	0	0	0	1	7	1	1	0	12
368.400	0	0	0	0	0	0	0	0	0	0	0	0	0	0	0	0	0	0	0	0	0	0	0	0	0	0	0	0	0	0	1	8	0	2	0	11
368.600	0	0	0	0	0	0	0	0	0	0	0	0	0	0	0	0	0	0	0	0	0	0	0	0	0	0	0	0	0	0	0	3	2	2	0	6
368.800	0	0	0	0	0	0	0	0	0	0	0	0	0	0	0	0	0	0	0	0	0	0	0	0	0	0	0	0	0	0	0	2	1	2	0	7
369.000	0	0	0	0	0	0	0	0	0	0	0	0	0	0	0	0	0	0	0	0	0	0	0	0	0	0	0	0	0	0	0	11	2	3	0	5
369.200	0	0	0	0	0	0	0	0	0	0	0	0	0	0	0	0	0	0	0	0	0	0	0	0	0	0	0	0	0	0	1	3	0	2	0	12
369.400	0	0	0	0	0	0	0	0	0	0	0	0	0	0	0	0	0	0	0	0	0	0	0	0	0	0	0	0	0	0	1	7	5	3	0	4
369.600	0	0	0	0	0	0	0	0	0	0	0	0	0	0	0	0	0	0	0	0	0	0	0	0	0	0	0	0	0	0	0	10	3	3	0	6
369.800	0	0	0	0	0	0	0	0	0	0	0	0	0	0	0	0	0	0	0	0	0	0	0	0	0	0	0	0	0	0	1	7	3	5	0	8
370.000	0	0	0	0	0	0	0	0	0	0	0	0	0	0	0	0	0	0	0	0	0	0	0	0	0	0	0	0	0	0	1	12	2	2	0	8
370.200	0	0	0	0	0	0	0	0	0	0	0	0	0	0	0	0	0	0	0	0	0	0	0	0	0	0	0	0	0	0	1	7	1	2	0	5
370.400	0	0	0	0	0	0	0	0	0	0	0	0	0	0	0	0	0	0	0	0	0	0	0	0	0	0	0	0	0	0	0	5	4	3	0	5
370.600	0	0	0	0	0	0	0	0	0	0	0	0	0	0	0	0	0	0	0	0	0	0	0	0	0	0	0	0	0	0	0	5	3	2	0	5
370.800	0	0	0	0	0	0	0	0	0	0	0	0	0	0	0	0	0	0	0	0	0	0	0	0	0	0	0	0	0	0	1	9	4	3	0	4
371.000	0	0	0	0	0	0	0	0	0	0	0	0	0	0	0	0	0	0	0	0	0	0	0	0	0	0	0	0	0	0	1	4	2	4	0	12
371.200	0	0	0	0	0	0	0	0	0	0	0	0	0	0	0	0	0	0	0	0	0	0	0	0	0	0	0	0	0	0	0	4	2	3	0	8
371.400	0	0	0	0	0	0	0	0	0	0	0	0	0	0	0	0	0	0	0	0	0	0	0	0	0	0	0	0	0	0	0	7	3	2	0	10
371.600	0	0	0	0	0	0	0	0	0	0	0	0	0	0	0	0	0	0	0	0	0	0	0	0	0	0	0	0	0	0	0	6	3	4	0	12
371.800	0	0	0	0	0	0	0	0	0	0	0	0	0	0	0	0	0	0	0	0	0	0	0	0	0	0	0	0	0	0	0	3	2	5	0	12
372.000	0	0	0	0	0	0	0	0	0	0	0	0	0	0	0	0	0	0	0	0	0	0	0	0	0	0	0	0	0	0	0	4	3	2	0	12
372.200	0	0	0	0	0	0	0	0	0	0	0	0	0	0	0	0	0	0	0	0	0	0	0	0	0	0	0	0	0	0	0	6	4	2	0	9
372.400	0	0	0	0	0	0	0	0	0	0	0	0	0	0	0	0	0	0	0	0	0	0	0	0	0	0	0	0	0	0	0	7	2	3	0	11
372.600	0	0	0	0	0	0	0	0	0	0	0	0	0	0	0	0	0	0	0	0	0	0	0	0	0	0	0	0	0	0	1	8	1	0	0	12
372.800	0	0	0	0	0	0	0	0	0	0	0	0	0	0	0	0	0	0	0	0	0	0	0	0	0	0	0	0	0	0	1	10	4	5	0	11
373.000	0	0	0	0	0	0	0	0	0	0	0	0	0	0	0	0	0	0	0	0	0	0	0	0	0	0	0	0	0	0	1	3	2	3	0	9
373.200	0	0	0	0	0	0	0	0	0	0	0	0	0	0	0	0	0	0	0	0	0	0	0	0	0	0	0	0	0	0	1	8	3	5	0	9
373.400	0	0	0	0	0	0	0	0	0	0	0	0	0	0	0	0	0	0	0	0	0	0	0	0	0	0	0	0	0	0	0	1	2	2	0	9
373.600	0	0	0	0	0	0	0	0	0	0	0	0	0	0	0	0	0	0	0	0	0	0	0	0	0	0	0	0	0	0	0	4	2	4	0	7
373.800	0	0	0	0	0	0	0	0	0	0	0	0	0	0	0	0	0	0	0	0	0	0	0	0	0	0	0	0	0	0	0	7	1	2	0	6
374.000	0	0	0	0	0	0	0	0	0	0	0	0	0	0	0	0	0	0	0	0	0	0	0	0	0	0	0	0	0	0	1	7	5	4	0	11
374.200	0	0	0	0	0	0	0	0	0	0	0	0	0	0	0	0	0	0	0	0	0	0	0	0	0	0	0	0	0	0	1	3	1	2	0	4
374.400	0	0	0	0	0	0	0	0	0	0	0	0	0	0	0	0	0	0	0	0	0	0	0	0	0	0	0	0	0	0	1	10	2	4	0	10
374.600	0	0	0	0	0	0	0	0	0	0	0	0	0	0	0	0	0	0	0	0	0	0	0	0	0	0	0	0	0	0	0	5	1	3	0	7
374.800	0	0	0	0	0	0	0	0	0	0	0	0	0	0	0	0	0	0	0	0	0	0	0	0	0	0	0	0	0	0	1	6	2	4	0	12
375.000	0	0	0	0	0	0	0	0	0	0	0	0	0	0	0	0	0	0	0	0	0	0	0	0	0	0	0	0	0	0	0	7	5	5	0	9
375.200	0	0	0	0	0	0	0	0	0	0	0	0	0	0	0	0	0	0	0	0	0	0	0	0	0	0	0	0	0	0	0	11	3	4	0	6
375.400	0	0	0	0	0	0	0	0	0	0	0	0	0	0	0	0	0	0	0	0	0	0	0	0	0	0	0	0	0	0	0	6	3	2	0	8
375.600	0	0	0	0	0	0	0	0	0	0	0	0	0	0	0	0	0	0	0	0	0	0	0	0	0	0	0	0	0	1	0	5	2	4	0	8
375.800	0	0	0	0	0	0	0	0	0	0	0	0	0	0	0	0	0	0	0	0	0	0	0	0	0	0	0	0	0	0	2	9	2	3	0	10
376.000	0	0	0	0	0	0	0	0	0	0	0	0	0	0	0	0	0	0	0	0	0	0	0	0	0	0	0	0	0	0	1	5	2	1	0	7
376.200	0	0	0	0	0	0	0	0	0	0	0	0	0	0	0	0	0	0	0	0	0	0	0	0	0	0	0	0	0	0	0	7	2	5	0	4
376.400	0	0	0	0	0	0	0	0	0	0	0	0	0	0	0	0	0	0	0	0	0	0	0	0	0	0	0	0	0	0	0	6	3	5	0	7
376.600	0	0	0	0	0	0	0	0	0	0	0	0	0	0	0	0	0	0	0	0	0	0	0	0	0	0	0	0	0	0	2	4	1	5	0	10
376.800	0	0	0	0	0	0	0	0	0	0	0	0	0	0	0	0	0	0	0	0	0	0	0	0	0	0	0	0	0	0	1	4	4	5	0	10
377.000	0	0	0	0	0	0	0	0	0	0	0	0	0	0	0	0	0	0	0	0	0	0	0	0	0	0	0	0	0	0	1	6	3	1	0	10
377.200	0	0	0	0	0	0	0	0	0	0	0	0	0	0	0	0	0	0	0	0	0	0	0	0	0	0	0	0	0	0	0	4	1	5	0	11
377.400	0	0	0	0	0	0	0	0	0	0	0	0	0	0	0	0	0	0	0	0	0	0	0	0	0	0	0	0	0	0	1	4	2	4	0	12
377.600	0	0	0	0	0	0	0	0	0	0	0	0	0	0	0	0	0	0	0	0	0	0	0	0	0	0	0	0	0	0	0	6	2	3	0	10
377.800	0	0	0	0	0	0	0	0	0	0	0	0	0	0	0	0	0	0	0	0	0	0	0	0	0	0	0	0	0	0	0	5	1	2	0	10
378.000	0	0	0	0	0	0	0	0	0	0	0	0	0	0	0	0	0	0	0	0	0	0	0	0	0	0	0	0	0	0	1	3	3	5	0	10
378.200	0	0	0	0	0	0	0	0	0	0	0	0	0	0	0	0	0	0	0	0	0	0	0	0	0	0	0	0	0	0	0	5	2	3	0	11
378.400	0	0	0	0	0	0	0	0	0	0	0	0	0	0	0	0	0	0	0	0	0	0	0	0	0	0	0	0	0	0	0	4	3	5	0	13
378.600	0	0	0	0	0	0	0	0	0	0	0	0	0	0	0	0	0	0	0	0	0	0	0	0	0	0	0	0	0	0	1	5	3	2	0	10
378.800	0	0	0	0	0	0	0	0	0	0	0	0	0	0	0	0	0	0	0	0	0	0	0	0	0	0	0	0	0	0	1	3	4	5	0	11
379.000	0	0	0	0	0	0	0	0	0	0	0	0	0	0	0	0	0	0	0	0	0	0	0	0	0	0	0	0	0	0	1	4	0	4	0	8
379.200	0	0	0	0	0	0	0	0	0	0	0	0	0	0	0	0	0	0	0	0	0	0	0	0	0	0	0	0	0	0	0	5	0	4	0	4
379.400	0	0	0	0	0	0	0	0	0	0	0	0	0	0	0	0	0	0	0	0	0	0	0	0	0	0	0	0	0	0	1	6	4	4	0	8
379.600	0	0	0	0	0	0	0	0	0	0	0	0	0	0	0	0	0	0	0	0	0	0	0	0	0	0	0	0	0	0	0	6	0	4	0	10
379.800	0	0	0	0	0	0	0	0	0	0	0	0	0	0	0	0	0	0	0	0	0	0	0	0	0	0	0	0	0	0	1	3	0	3	0	12
380.000	0	0	0	0	0	0	0	0	0	0	0	0	0	0	0	0	0	0	0	0	0	0	0	0	0	0	0	0	0	0	1	9	2	5	0	10
380.200	0	0	0	0	0	0	0	0	0	0	0	0	0	0	0	0	0	0	0	0	0	0	0	0	0	0	0	0	0	1	1	0	0	3	0	13
380.400	0	0	0	0	0	0	0	0	0	0	0	0	0	0	0	0	0	0	0	0	0	0	0	0	0	0	0	0	0	2	3	4	3	2	0	12
380.600	0	0	0	0	0	0	0	0	0	0	0	0	0	0	0	0	0	0	0	0	0	0	0	0	0	0	0	0	0	1	2	7	2	4	0	12
380.800	0	0	0	0	0	0	0	0	0	0	0	0	0	0	0	0	0	0	0	0	0	0	0	0	0	0	0	0	0	2	4	7	2	4	0	8
381.000	0	0	0	0	0	0	0	0	0	0	0	0	0	0	0	0	0	0	0	0	0	0	0	0	0	0	0	0	0	1	1	6	0	1	0	11
381.200	0	0	0	0	0	0	0	0	0	0	0	0	0	0	0	0	0	0	0	0	0	0	0	0	0	0	0	0	0	2	2	3	3	2	0	12
381.400	0	0	0	0	0	0	0	0	0	0	0	0	0	0	0	0	0	0	0	0	0	0	0	0	0	0	0	0	0	0	0	5	1	1	0	11
381.600	0	0	0	0	0	0	0	0	0	0	0	0	0	0	0	0	0	0	0	0	0	0	0	0	0	0	0	0	0	0	0	3	2	1	0	12
381.800	0	0	0	0	0	0	0	0	0	0	0	0	0	0	0	0	0	0	0	0	0	0	0	0	0	0	0	0	0	0	2	7	4	5	0	9
382.000	0	0	0	0	0	0	0	0	0	0	0	0	0	0	0	0	0	0	0	0	0	0	0	0	0	0	0	0	0	0	0	5	5	4	0	6
382.200	0	0	0	0	0	0	0	0	0	0	0	0	0	0	0	0	0	0	0	0	0	0	0	0	0	0	0	0	0	0	0	9	5	2	0	10
382.400	0	0	0	0	0	0	0	0	0	0	0	0	0	0	0	0	0	0	0	0	0	0	0	0	0	0	0	0	0	1	1	3	4	4	0	5
382.600	0	0	0	0	0	0	0	0	0	0	0	0	0	0	0	0	0	0	0	0	0	0	0	0	0	0	0	0	0	1	2	7	6	4	0	6
382.800	0	0	0	0	0	0	0	0	0	0	0	0	0	0	0	0	0	0	0	0	0	0	0	0	0	0	0	0	0	0	2	5	5	3	0	10
383.000	0	0	0	0	0	0	0	0	0	0	0	0	0	0	0	0	0	0	0	0	0	0	0	0	0	0	0	0	0	0	0	6	3	3	0	6
383.200	0	0	0	0	0	0	0	0	0	0	0	0	0	0	0	0	0	0	0	0	0	0	0	0	0	0	0	0	0	0	1	4	3	3	0	7
383.400	0	0	0	0	0	0	0	0	0	0	0	0	0	0	0	0	0	0	0	0	0	0	0	0	0	0	0	0	0	0	1	5	2	5	0	6
383.600	0	0	0	0	0	0	0	0	0	0	0	0	0	0	0	0	0	0	0	0	0	0	0	0	0	0	0	0	0	0	1	7	4	2	0	6
383.800	0	0	0	0	0	0	0	0	0	0	0	0	0	0	0	0	0	0	0	0	0	0	0	0	0	0	0	0	0	0	1	6	3	2	0	7
384.000	0	0	0	0	0	0	0	0	0	0	0	0	0	0	0	0	0	0	0	0	0	0	0	0	0	0	0	0	0	0	1	3	2	2	0	7
384.200	0	0	0	0	0	0	0	0	0	0	0	0	0	0	0	0	0	0	0	0	0	0	0	0	0	0	0	0	0	0	1	3	3	2	0	7
384.400	0	0	0	0	0	0	0	0	0	0	0	0	0	0	0	0	0	0	0	0	0	0	0	0	0	0	0	0	0	0	1	8	4	4	0	10
384.600	0	0	0	0	0	0	0	0	0	0	0	0	0	0	0	0	0	0	0	0	0	0	0	0	0	0	0	0	0	0	1	9	3	2	0	9
384.800	0	0	0	0	0	0	0	0	0	0	0	0	0	0	0	0	0	0	0	0	0	0	0	0	0	0	0	0	0	0	1	7	2	5	0	7
385.000	0	0	0	0	0	0	0	0	0	0	0	0	0	0	0	0	0	0	0	0	0	0	0	0	0	0	0	0	0	0	0	5	4	5	0	7
385.200	0	0	0	0	0	0	0	0	0	0	0	0	0	0	0	0	0	0	0	0	0	0	0	0	0	0	0	0	0	0	0	8	4	3	0	6
385.400	0	0	0	0	0	0	0	0	0	0	0	0	0	0	0	0	0	0	0	0	0	0	0	0	0	0	0	0	0	0	1	4	4	4	0	8
385.600	0	0	0	0	0	0	0	0	0	0	0	0	0	0	0	0	0	0	0	0	0	0	0	0	0	0	0	0	0	0	1	2	3	3	0	11
385.800	0	0	0	0	0	0	0	0	0	0	0	0	0	0	0	0	0	0	0	0	0	0	0	0	0	0	0	0	0	0	2	7	7	5	0	12
386.000	0	0	0	0	0	0	0	0	0	0	0	0	0	0	0	0	0	0	0	0	0	0	0	0	0	0	0	0	0	0	1	7	3	4	0	5
386.200	0	0	0	0	0	0	0	0	0	0	0	0	0	0	0	0	0	0	0	0	0	0	0	0	0	0	0	0	0	0	1	5	2	2	0	6
386.400	0	0	0	0	0	0	0	0	0	0	0	0	0	0	0	0	0	0	0	0	0	0	0	0	0	0	0	0	0	0	1	7	5	4	0	12
386.600	0	0	0	0	0	0	0	0	0	0	0	0	0	0	0	0	0	0	0	0	0	0	0	0	0	0	0	0	0	0	2	6	6	3	0	4
386.800	0	0	0	0	0	0	0	0	0	0	0	0	0	0	0	0	0	0	0	0	0	0	0	0	0	0	0	0	0	0	1	5	3	3	0	4
387.000	0	0	0	0	0	0	0	0	0	0	0	0	0	0	0	0	0	0	0	0	0	0	0	0	0	0	0	0	0	0	0	3	3	4	0	2
387.200	0	0	0	0	0	0	0	0	0	0	0	0	0	0	0	0	0	0	0	0	0	0	0	0	0	0	0	0	0	0	1	3	2	5	0	3
387.400	0	0	0	0	0	0	0	0	0	0	0	0	0	0	0	0	0	0	0	0	0	0	0	0	0	0	0	0	0	0	1	3	2	2	0	4
387.600	0	0	0	0	0	0	0	0	0	0	0	0	0	0	0	0	0	0	0	0	0	0	0	0	0	0	0	0	0	0	0	7	2	4	0	6
387.800	0	0	0	0	0	0	0	0	0	0	0	0	0	0	0	0	0	0	0	0	0	0	0	0	0	0	0	0	0	0	1	4	2	5	0	4
388.000	0	0	0	0	0	0	0	0	0	0	0	0	0	0	0	0	0	0	0	0	0	0	0	0	0	0	0	0	0	0	0	4	2	5	0	5
388.200	0	0	0	0	0	0	0	0	0	0	0	0	0	0	0	0	0	0	0	0	0	0	0	0	0	0	0	0	0	0	1	11	5	5	0	7
388.400	0	0	0	0	0	0	0	0	0	0	0	0	0	0	0	0	0	0	0	0	0	0	0	0	0	0	0	0	0	0	0	5	5	4	0	3
388.600	0	0	0	0	0	0	0	0	0	0	0	0	0	0	0	0	0	0	0	0	0	0	0	0	0	0	0	0	0	0	0	5	4	4	0	7
388.800	0	0	0	0	0	0	0	0	0	0	0	0	0	0	0	0	0	0	0	0	0	0	0	0	0	0	0	0	0	0	0	1	5	2	0	3
389.000	0	0	0	0	0	0	0	0	0	0	0	0	0	0	0	0	0	0	0	0	0	0	0	0	0	0	0	0	0	0	1	4	4	5	0	4
389.200	0	0	0	0	0	0	0	0	0	0	0	0	0	0	0	0	0	0	0	0	0	0	0	0	0	0	0	0	0	0	0	3	2	4	0	3
389.400	0	0	0	0	0	0	0	0	0	0	0	0	0	0	0	0	0	0	0	0	0	0	0	0	0	0	0	0	0	0	0	2	3	3	0	1
389.600	0	0	0	0	0	0	0	0	0	0	0	0	0	0	0	0	0	0	0	0	0	0	0	0	0	0	0	0	0	0	0	6	5	3	0	4
389.800	0	0	0	0	0	0	0	0	0	0	0	0	0	0	0	0	0	0	0	0	0	0	0	0	0	0	0	0	0	0	0	7	2	5	0	7
390.000	0	0	0	0	0	0	0	0	0	0	0	0	0	0	0	0	0	0	0	0	0	0	0	0	0	0	0	0	0	0	0	8	2	2	0	1
390.200	0	0	0	0	0	0	0	0	0	0	0	0	0	0	0	0	0	0	0	0	0	0	0	0	0	0	0	0	0	0	1	8	4	5	0	7
390.400	0	0	0	0	0	0	0	0	0	0	0	0	0	0	0	0	0	0	0	0	0	0	0	0	0	0	0	0	0	0	1	4	3	2	0	5
390.600	0	0	0	0	0	0	0	0	0	0	0	0	0	0	0	0	0	0	0	0	0	0	0	0	0	0	0	0	0	0	1	4	1	5	0	6
390.800	0	0	0	0	0	0	0	0	0	0	0	0	0	0	0	0	0	0	0	0	0	0	0	0	0	0	0	0	0	0	1	7	3	5	0	4
391.000	0	0	0	0	0	0	0	0	0	0	0	0	0	0	0	0	0	0	0	0	0	0	0	0	0	0	0	0	0	0	1	3	4	2	0	7
391.200	0	0	0	0	0	0	0	0	0	0	0	0	0	0	0	0	0	0	0	0	0	0	0	0	0	0	0	0	0	0	2	2	3	5	0	6
391.400	0	0	0	0	0	0	0	0	0	0	0	0	0	0	0	0	0	0	0	0	0	0	0	0	0	0	0	0	0	4	2	8	3	2	0	6
391.600	0	0	0	0	0	0	0	0	0	0	0	0	0	0	0	0	0	0	0	0	0	0	0	0	0	0	0	0	0	3	1	10	3	5	0	6
391.800	0	0	0	0	0	0	0	0	0	0	0	0	0	0	0	0	0	0	0	0	0	0	0	0	0	0	0	0	0	4	4	5	1	3	0	7
392.000	0	0	0	0	0	0	0	0	0	0	0	0	0	0	0	0	0	0	0	0	0	0	0	0	0	0	0	0	0	3	4	5	0	2	0	6
392.200	0	0	0	0	0	0	0	0	0	0	0	0	0	0	0	0	0	0	0	0	0	0	0	0	0	0	0	0	0	3	3	7	2	2	0	9
392.400	0	0	0	0	0	0	0	0	0	0	0	0	0	0	0	0	0	0	0	0	0	0	0	0	0	0	0	0	0	4	2	7	3	3	0	5
392.600	0	0	0	0	0	0	0	0	0	0	0	0	0	0	0	0	0	0	0	0	0	0	0	0	0	0	0	0	0	5	1	6	1	2	0	6
392.800	0	0	0	0	0	0	0	0	0	0	0	0	0	0	0	0	0	0	0	0	0	0	0	0	0	0	0	0	0	4	3	9	2	0	0	6
393.000	0	0	0	0	0	0	0	0	0	0	0	0	0	0	0	0	0	0	0	0	0	0	0	0	0	0	0	0	0	3	2	7	1	2	0	5
393.200	0	0	0	0	0	0	0	0	0	0	0	0	0	0	0	0	0	0	0	0	0	0	0	0	0	0	0	0	0	2	1	9	2	4	0	7
393.400	0	0	0	0	0	0	0	0	0	0	0	0	0	0	0	0	0	0	0	0	0	0	0	0	0	0	0	0	0	3	2	7	3	2	0	7
393.600	0	0	0	0	0	0	0	0	0	0	0	0	0	0	0	0	0	0	0	0	0	0	0	0	0	0	0	0	0	1	1	4	1	2	0	7
393.800	0	0	0	0	0	0	0	0	0	0	0	0	0	0	0	0	0	0	0	0	0	0	0	0	0	0	0	0	0	3	2	6	0	1	0	8
394.000	0	0	0	0	0	0	0	0	0	0	0	0	0	0	0	0	0	0	0	0	0	0	0	0	0	0	0	0	0	3	2	6	0	0	0	6
394.200	0	0	0	0	0	0	0	0	0	0	0	0	0	0	0	0	0	0	0	0	0	0	0	0	0	0	0	0	0	3	2	7	0	3	0	6
394.400	0	0	0	0	0	0	0	0	0	0	0	0	0	0	0	0	0	0	0	0	0	0	0	0	0	0	0	0	0	3	3	6	0	2	0	7
394.600	0	0	0	0	0	0	0	0	0	0	0	0	0	0	0	0	0	0	0	0	0	0	0	0	0	0	0	0	0	1	5	14	4	3	0	7
394.800	0	0	0	0	0	0	0	0	0	0	0	0	0	0	0	0	0	0	0	0	0	0	0	0	0	0	0	0	0	5	4	10	3	2	0	10
395.000	0	0	0	0	0	0	0	0	0	0	0	0	0	0	0	0	0	0	0	0	0	0	0	0	0	0	0	0	0	2	4	5	3	2	0	4
395.200	0	0	0	0	0	0	0	0	0	0	0	0	0	0	0	0	0	0	0	0	0	0	0	0	0	0	0	0	0	4	3	3	2	1	0	9
395.400	0	0	0	0	0	0	0	0	0	0	0	0	0	0	0	0	0	0	0	0	0	0	0	0	0	0	0	0	2	6	2	8	1	3	0	7
395.600	0	0	0	0	0	0	0	0	0	0	0	0	0	0	0	0	0	0	0	0	0	0	0	0	0	0	0	0	0	3	2	6	1	2	0	7
395.800	0	0	0	0	0	0	0	0	0	0	0	0	0	0	0	0	0	0	0	0	0	0	0	0	0	0	0	0	0	5	2	5	0	2	0	7
396.000	0	0	0	0	0	0	0	0	0	0	0	0	0	0	0	0	0	0	0	0	0	0	0	0	0	0	0	0	0	3	2	4	2	2	0	4
396.200	0	0	0	0	0	0	0	0	0	0	0	0	0	0	0	0	0	0	0	0	0	0	0	0	0	0	0	0	0	3	4	11	4	4	0	7
396.400	0	0	0	0	0	0	0	0	0	0	0	0	0	0	0	0	0	0	0	0	0	0	0	0	0	0	0	0	0	4	2	2	4	3	0	11
396.600	0	0	0	0	0	0	0	0	0	0	0	0	0	0	0	0	0	0	0	0	0	0	0	0	0	0	0	0	0	4	2	4	3	1	0	3
396.800	0	0	0	0	0	0	0	0	0	0	0	0	0	0	0	0	0	0	0	0	0	0	0	0	0	0	0	0	0	4	1	7	2	1	0	4
397.000	0	0	0	0	0	0	0	0	0	0	0	0	0	0	0	0	0	0	0	0	0	0	0	0	0	0	0	0	2	5	2	11	2	3	0	3
397.200	0	0	0	0	0	0	0	0	0	0	0	0	0	0	0	0	0	0	0	0	0	0	0	0	0	0	0	0	0	0	0	7	4	2	0	3
397.400	0	0	0	0	0	0	0	0	0	0	0	0	0	0	0	0	0	0	0	0	0	0	0	0	0	0	0	0	0	0	0	5	1	2	0	4
397.600	0	0	0	0	0	0	0	0	0	0	0	0	0	0	0	0	0	0	0	0	0	0	0	0	0	0	0	0	0	0	1	8	3	2	0	7
397.800	0	0	0	0	0	0	0	0	0	0	0	0	0	0	0	0	0	0	0	0	0	0	0	0	0	0	0	0	0	0	0	2	4	4	0	1
398.000	0	0	0	0	0	0	0	0	0	0	0	0	0	0	0	0	0	0	0	0	0	0	0	0	0	0	0	0	0	0	1	7	2	4	0	5
398.200	0	0	0	0	0	0	0	0	0	0	0	0	0	0	0	0	0	0	0	0	0	0	0	0	0	0	0	0	0	0	1	3	3	3	0	4
398.400	0	0	0	0	0	0	0	0	0	0	0	0	0	0	0	0	0	0	0	0	0	0	0	0	0	0	0	0	0	0	0	2	2	2	0	6
398.600	0	0	0	0	0	0	0	0	0	0	0	0	0	0	0	0	0	0	0	0	0	0	0	0	0	0	0	0	0	0	1	4	3	4	0	5
398.800	0	0	0	0	0	0	0	0	0	0	0	0	0	0	0	0	0	0	0	0	0	0	0	0	0	0	0	0	0	0	0	0	4	5	0	4
399.000	0	0	0	0	0	0	0	0	0	0	0	0	0	0	0	0	0	0	0	0	0	0	0	0	0	0	0	0	0	0	0	4	4	4	0	3
399.200	0	0	0	0	0	0	0	0	0	0	0	0	0	0	0	0	0	0	0	0	0	0	0	0	0	0	0	0	1	0	0	0	2	5	0	2
399.400	0	0	0	0	0	0	0	0	0	0	0	0	0	0	0	0	0	0	0	0	0	0	0	0	0	0	0	0	0	9	2	0	1	6	0	4
399.600	0	0	0	0	0	0	0	0	0	0	0	0	0	0	0	0	0	0	0	0	0	0	0	0	0	0	0	0	2	3	2	0	4	4	0	6
399.800	0	0	0	0	0	0	0	0	0	0	0	0	0	0	0	0	0	0	0	0	0	0	0	0	0	0	0	0	3	6	4	1	3	4	0	7
400.000	0	0	0	0	0	0	0	0	0	0	0	0	0	0	0	0	0	0	0	0	0	0	0	0	0	0	0	0	2	3	3	0	3	3	0	7
400.200	0	0	0	0	0	0	0	0	0	0	0	0	0	0	0	0	0	0	0	0	0	0	0	0	0	0	0	0	0	3	2	2	2	5	0	6
400.400	0	0	0	0	0	0	0	0	0	0	0	0	0	0	0	0	0	0	0	0	0	0	0	0	0	0	0	0	2	3	2	1	5	6	0	7
400.600	0	0	0	0	0	0	0	0	0	0	0	0	0	0	0	0	0	0	0	0	0	0	0	0	0	0	0	0	0	5	2	2	3	2	0	6
400.800	0	0	0	0	0	0	0	0	0	0	0	0	0	0	0	0	0	0	0	0	0	0	0	0	0	0	0	0	1	2	2	1	1	4	0	6
401.000	0	0	0	0	0	0	0	0	0	0	0	0	0	0	0	0	0	0	0	0	0	0	0	0	0	0	0	0	2	3	2	7	5	5	0	4
401.200	0	0	0	0	0	0	0	0	0	0	0	0	0	0	0	0	0	0	0	0	0	0	0	0	0	0	0	0	1	4	2	6	8	5	0	5
401.400	0	0	0	0	0	0	0	0	0	0	0	0	0	0	0	0	0	0	0	0	0	0	0	0	0	0	0	0	1	3	1	1	5	5	0	6
401.600	0	0	0	0	0	0	0	0	0	0	0	0	0	0	0	0	0	0	0	0	0	0	0	0	0	0	0	0	5	5	1	7	4	5	0	5
401.800	0	0	0	0	0	0	0	0	0	0	0	0	0	0	0	0	0	0	0	0	0	0	0	0	0	0	0	0	2	3	2	0	6	5	0	3
402.000	0	0	0	0	0	0	0	0	0	0	0	0	0	0	0	0	0	0	0	0	0	0	0	0	0	0	0	0	0	1	2	4	2	1	0	4
402.200	0	0	0	0	0	0	0	0	0	0	0	0	0	0	0	0	0	0	0	0	0	0	0	0	0	0	0	0	0	9	3	1	4	3	0	5
402.400	0	0	0	0	0	0	0	0	0	0	0	0	0	0	0	0	0	0	0	0	0	0	0	0	0	0	0	0	0	1	3	7	2	3	0	3
402.600	0	0	0	0	0	0	0	0	0	0	0	0	0	0	0	0	0	0	0	0	0	0	0	0	0	0	0	0	0	3	2	5	4	1	0	4
402.800	0	0	0	0	0	0	0	0	0	0	0	0	0	0	0	0	0	0	0	0	0	0	0	0	0	0	0	0	1	1	2	2	3	2	0	6
403.000	0	0	0	0	0	0	0	0	0	0	0	0	0	0	0	0	0	0	0	0	0	0	0	0	0	0	0	0	0	7	2	5	5	3	0	8
403.200	0	0	0	0	0	0	0	0	0	0	0	0	0	0	0	0	0	0	0	0	0	0	0	0	0	0	0	0	0	5	2	5	7	2	0	6
403.400	0	0	0	0	0	0	0	0	0	0	0	0	0	0	0	0	0	0	0	0	0	0	0	0	0	0	0	0	2	3	2	6	4	2	0	4
403.600	0	0	0	0	0	0	0	0	0	0	0	0	0	0	0	0	0	0	0	0	0	0	0	0	0	0	0	0	0	4	3	6	3	4	0	3
403.800	0	0	0	0	0	0	0	0	0	0	0	0	0	0	0	0	0	0	0	0	0	0	0	0	0	0	0	0	0	2	0	1	4	2	0	2
404.000	0	0	0	0	0	0	0	0	0	0	0	0	0	0	0	0	0	0	0	0	0	0	0	0	0	0	0	0	0	4	0	0	4	4	0	3
404.200	0	0	0	0	0	0	0	0	0	0	0	0	0	0	0	0	0	0	0	0	0	0	0	0	0	0	0	0	0	5	2	3	7	3	0	3
404.400	0	0	0	0	0	0	0	0	0	0	0	0	0	0	0	0	0	0	0	0	0	0	0	0	0	0	0	0	0	5	2	1	3	5	0	3
404.600	0	0	0	0	0	0	0	0	0	0	0	0	0	0	0	0	0	0	0	0	0	0	0	0	0	0	0	0	0	5	2	2	3	3	0	5
404.800	0	0	0	0	0	0	0	0	0	0	0	0	0	0	0	0	0	0	0	0	0	0	0	0	0	0	0	0	0	3	2	5	1	2	0	3
405.000	0	0	0	0	0	0	0	0	0	0	0	0	0	0	0	0	0	0	0	0	0	0	0	0	0	0	0	0	0	5	2	4	5	5	0	6
405.200	0	0	0	0	0	0	0	0	0	0	0	0	0	0	0	0	0	0	0	0	0	0	0	0	0	0	0	0	0	3	1	1	3	5	0	6
405.400	0	0	0	0	0	0	0	0	0	0	0	0	0	0	0	0	0	0	0	0	0	0	0	0	0	0	0	0	1	3	2	3	2	5	0	4
405.600	0	0	0	0	0	0	0	0	0	0	0	0	0	0	0	0	0	0	0	0	0	0	0	0	0	0	0	0	1	5	2	1	4	3	0	7
405.800	0	0	0	0	0	0	0	0	0	0	0	0	0	0	0	0	0	0	0	0	0	0	0	0	0	0	0	0	0	3	2	1	2	4	0	4
406.000	0	0	0	0	0	0	0	0	0	0	0	0	0	0	0	0	0	0	0	0	0	0	0	0	0	0	0	0	0	3	4	4	3	2	0	2
406.200	0	0	0	0	0	0	0	0	0	0	0	0	0	0	0	0	0	0	0	0	0	0	0	0	0	0	0	0	0	5	1	2	5	3	0	2
406.400	0	0	0	0	0	0	0	0	0	0	0	0	0	0	0	0	0	0	0	0	0	0	0	0	0	0	0	0	2	6	3	1	1	1	0	5
406.600	0	0	0	0	0	0	0	0	0	0	0	0	0	0	0	0	0	0	0	0	0	0	0	0	0	0	0	0	0	3	3	1	3	1	0	6
406.800	0	0	0	0	0	0	0	0	0	0	0	0	0	0	0	0	0	0	0	0	0	0	0	0	0	0	0	0	0	3	4	5	3	2	0	6
407.000	0	0	0	0	0	0	0	0	0	0	0	0	0	0	0	0	0	0	0	0	0	0	0	0	0	0	0	0	0	0	3	7	1	3	0	8
407.200	0	0	0	1	0	0	0	0	0	0	0	0	0	0	0	0	0	0	0	0	0	0	0	0	0	0	0	0	0	0	0	3	3	3	0	7
407.400	0	0	0	0	0	0	0	0	0	0	0	0	0	0	0	0	0	0	0	0	0	0	0	0	0	0	0	0	0	0	1	7	3	2	0	1
407.600	0	0	0	0	0	0	0	0	0	0	0	0	0	0	0	0	0	0	0	0	0	0	0	0	0	0	0	0	0	0	2	5	4	3	0	7
407.800	0	0	0	0	0	0	0	0	0	0	0	0	0	0	0	0	0	0	0	0	0	0	0	0	0	0	0	0	0	0	2	5	3	5	0	6
408.000	0	0	0	0	0	0	0	0	0	0	0	0	0	0	0	0	0	0	0	0	0	0	0	0	0	0	0	0	0	0	2	8	3	1	0	11
408.200	0	0	0	0	0	0	0	0	0	0	0	0	0	0	0	0	0	0	0	0	0	0	0	0	0	0	0	0	0	0	2	5	3	3	0	9
408.400	0	0	0	0	0	0	0	0	0	0	0	0	0	0	0	0	0	0	0	0	0	0	0	0	0	0	0	0	0	0	4	7	3	1	0	6
408.600	0	0	0	0	0	0	0	0	0	0	0	0	0	0	0	0	0	0	0	0	0	0	0	0	0	0	0	0	0	0	1	7	5	3	0	5
408.800	0	0	0	0	0	0	0	0	0	0	0	0	0	0	0	0	0	0	0	0	0	0	0	0	0	0	0	0	0	0	1	4	4	2	0	5
409.000	0	0	0	0	0	0	0	0	0	0	0	0	0	0	0	0	0	0	0	0	0	0	0	0	0	0	0	0	0	0	0	2	3	2	0	8
409.200	0	0	0	0	0	0	0	0	0	0	0	0	0	0	0	0	0	0	0	0	0	0	0	0	0	0	0	0	0	0	1	3	3	2	0	4
409.400	0	0	0	0	0	0	0	0	0	0	0	0	0	0	0	0	0	0	0	0	0	0	0	0	0	0	0	0	0	0	2	7	5	4	0	8
409.600	0	0	0	0	0	0	0	0	0	0	0	0	0	0	0	0	0	0	0	0	0	0	0	0	0	0	0	0	0	0	0	2	4	4	0	7
409.800	0	0	0	0	0	0	0	0	0	0	0	0	0	0	0	0	0	0	0	0	0	0	0	0	0	0	0	0	0	0	5	8	3	2	0	10
410.000	0	0	0	0	0	0	0	0	0	0	0	0	0	0	0	0	0	0	0	0	0	0	0	0	0	0	0	0	0	1	4	5	4	2	0	11
410.200	0	0	0	0	0	0	0	0	0	0	0	0	0	0	0	0	0	0	0	0	0	0	0	0	0	0	0	0	1	0	2	7	3	2	0	10
410.400	0	0	0	0	0	0	0	0	0	0	0	0	0	0	0	0	0	0	0	0	0	0	0	0	0	0	0	0	2	3	4	4	5	3	0	7
410.600	0	0	0	0	0	0	0	0	0	0	0	0	0	0	0	0	0	0	0	0	0	0	0	0	0	0	0	0	2	4	2	0	6	3	0	7
410.800	0	0	0	0	0	0	0	0	0	0	0	0	0	0	0	0	0	0	0	0	0	0	0	0	0	0	0	0	0	3	2	2	3	3	0	7
411.000	0	0	0	0	0	0	0	0	0	0	0	0	0	0	0	0	0	0	0	0	0	0	0	0	0	0	0	0	2	3	3	7	6	2	0	10
411.200	0	0	0	0	0	0	0	0	0	0	0	0	0	0	0	0	0	0	0	0	0	0	0	0	0	0	0	0	2	4	2	4	3	2	0	5
411.400	0	0	0	0	0	0	0	0	0	0	0	0	0	0	0	0	0	0	0	0	0	0	0	0	0	0	0	0	1	6	1	1	3	1	0	6
411.600	0	0	0	0	0	0	0	0	0	0	0	0	0	0	0	0	0	0	0	0	0	0	0	0	0	0	0	0	0	0	0	2	3	2	0	4
411.800	0	0	0	0	0	0	0	0	0	0	0	0	0	0	0	0	0	0	0	0	0	0	0	0	0	0	0	0	0	2	2	2	3	2	0	3
412.000	0	0	0	0	0	0	0	0	0	0	0	0	0	0	0	0	0	0	0	0	0	0	0	0	0	0	0	0	1	0	4	2	5	5	0	9
412.200	0	0	0	0	0	0	0	0	0	0	0	0	0	0	0	0	0	0	0	0	0	0	0	0	0	0	0	0	0	2	2	7	3	3	0	3
412.400	0	0	0	0	0	0	0	0	0	0	0	0	0	0	0	0	0	0	0	0	0	0	0	0	0	0	0	0	0	3	4	7	3	1	0	3
412.600	0	0	0	0	0	0	0	0	0	0	0	0	0	0	0	0	0	0	0	0	0	0	0	0	0	0	0	0	2	2	2	4	3	2	0	5
412.800	0	0	0	0	0	0	0	0	0	0	0	0	0	0	0	0	0	0	0	0	0	0	0	0	0	0	0	0	0	4	2	3	1	3	0	3
413.000	0	0	0	0	0	0	0	0	0	0	0	0	0	0	0	0	0	0	0	0	0	0	0	0	0	0	0	0	0	1	2	4	3	3	0	3
413.200	0	0	0	0	0	0	0	0	0	0	0	0	0	0	0	0	0	0	0	0	0	0	0	0	0	0	0	0	0	1	2	4	4	3	0	3
413.400	0	0	0	0	0	0	0	0	0	0	0	0	0	0	0	0	0	0	0	0	0	0	0	0	0	0	0	0	0	6	2	2	5	1	0	7
413.600	0	0	0	0	0	0	0	0	0	0	0	0	0	0	0	0	0	0	0	0	0	0	0	0	0	0	0	0	0	5	4	8	2	2	0	5
413.800	0	0	0	0	0	0	0	0	0	0	0	0	0	0	0	0	0	0	0	0	0	0	0	0	0	0	0	0	0	4	3	5	5	2	0	6
414.000	0	0	0	0	0	0	0	0	0	0	0	0	0	0	0	0	0	0	0	0	0	0	0	0	0	0	0	0	0	3	1	5	5	2	0	6
414.200	0	0	0	0	0	0	0	0	0	0	0	0	0	0	0	0	0	0	0	0	0	0	0	0	0	0	0	0	0	4	2	4	3	2	0	6
414.400	0	0	0	0	0	0	0	0	0	0	0	0	0	0	0	0	0	0	0	0	0	0	0	0	0	0	0	0	0	4	4	2	1	2	0	7
414.600	0	0	0	0	0	0	0	0	0	0	0	0	0	0	0	0	0	0	0	0	0	0	0	0	0	0	0	0	0	4	3	4	4	1	0	6
414.800	0	0	0	0	0	0	0	0	0	0	0	0	0	0	0	0	0	0	0	0	0	0	0	0	0	0	0	0	0	3	2	3	5	2	0	4
415.000	0	0	0	0	0	0	0	0	0	0	0	0	0	0	0	0	0	0	0	0	0	0	0	0	0	0	0	0	0	3	4	5	3	2	0	6
415.200	0	0	0	0	0	0	0	0	0	0	0	0	0	0	0	0	0	0	0	0	0	0	0	0	0	0	0	0	0	2	3	7	4	2	0	6
415.400	0	0	0	0	0	0	0	0	0	0	0	0	0	0	0	0	0	0	0	0	0	0	0	0	0	0	0	0	0	5	3	7	6	3	0	6
415.600	0	0	0	0	0	0	0	0	0	0	0	0	0	0	0	0	0	0	0	0	0	0	0	0	0	0	0	0	0	4	2	5	3	1	0	8
415.800	0	0	0	0	0	0	0	0	0	0	0	0	0	0	0	0	0	0	0	0	0	0	0	0	0	0	0	0	2	3	4	6	5	2	0	5
416.000	0	0	0	0	0	0	0	0	0	0	0	0	0	0	0	0	0	0	0	0	0	0	0	0	0	0	0	0	0	3	6	6	3	1	0	6
416.200	0	0	0	0	0	0	0	0	0	0	0	0	0	0	0	0	0	0	0	0	0	0	0	0	0	0	0	0	1	2	4	7	4	2	0	6
416.400	0	0	0	0	0	0	0	0	0	0	0	0	0	0	0	0	0	0	0	0	0	0	0	0	0	0	0	0	2	3	5	4	4	1	0	9
416.600	0	0	0	0	0	0	0	0	0	0	0	0	0	0	0	0	0	0	0	0	0	0	0	0	0	0	0	0	3	3	3	1	5	1	0	10
416.800	0	0	0	0	0	0	0	0	0	0	0	0	0	0	0	0	0	0	0	0	0	0	0	0	0	0	0	0	2	3	5	5	3	2	0	8
417.000	0	0	0	0	0	0	0	0	0	0	0	0	0	0	0	0	0	0	0	0	0	0	0	0	0	0	0	0	2	3	6	7	3	3	0	7
417.200	0	0	0	0	0	0	0	0	0	0	0	0	0	0	0	0	0	0	0	0	0	0	0	0	0	0	0	0	2	3	5	8	1	3	0	8
417.400	0	0	0	0	0	0	0	0	0	0	0	0	0	0	0	0	0	0	0	0	0	0	0	0	0	0	0	0	1	3	4	3	1	1	0	8
417.600	0	0	0	0	0	0	0	0	0	0	0	0	0	0	0	0	0	0	0	0	0	0	0	0	0	0	0	0	0	4	5	4	6	2	0	4
417.800	0	0	0	0	0	0	0	0	0	0	0	0	0	0	0	0	0	0	0	0	0	0	0	0	0	0	0	0	2	2	4	4	3	2	0	3
418.000	0	0	0	0	0	0	0	0	0	0	0	0	0	0	0	0	0	0	0	0	0	0	0	0	0	0	0	0	3	3	6	4	4	2	0	2
418.200	0	0	0	0	0	0	0	0	0	0	0	0	0	0	0	0	0	0	0	0	0	0	0	0	0	0	0	0	2	2	4	4	3	2	0	6
418.400	0	0	0	0	0	0	0	0	0	0	0	0	0	0	0	0	0	0	0	0	0	0	0	0	0	0	0	0	2	1	4	3	3	2	0	7
418.600	0	0	0	0	0	0	0	0	0	0	0	0	0	0	0	0	0	0	0	0	0	0	0	0	0	0	0	0	2	3	6	4	4	3	0	4
418.800	0	0	0	0	0	0	0	0	0	0	0	0	0	0	0	0	0	0	0	0	0	0	0	0	0	0	0	0	2	0	5	9	4	3	0	4
419.000	0	0	0	0	0	0	0	0	0	0	0	0	0	0	0	0	0	0	0	0	0	0	0	0	0	0	0	0	2	2	4	8	4	2	0	5
419.200	0	0	0	0	0	0	0	0	0	0	0	0	0	0	0	0	0	0	0	0	0	0	0	0	0	0	0	0	3	0	4	5	3	2	0	5
419.400	0	0	0	0	0	0	0	0	0	0	0	0	0	0	0	0	0	0	0	0	0	0	0	0	0	0	0	0	3	1	5	4	3	2	0	4
419.600	0	0	0	0	0	0	0	0	0	0	0	0	0	0	0	0	0	0	0	0	0	0	0	0	0	0	0	0	2	2	5	5	8	2	0	8
419.800	0	0	0	0	0	0	0	0	0	0	0	0	0	0	0	0	0	0	0	0	0	0	0	0	0	0	0	0	1	2	5	4	4	5	0	7
420.000	0	0	0	0	0	0	0	0	0	0	0	0	0	0	0	0	0	0	0	0	0	0	0	0	0	0	0	0	2	2	5	8	3	2	0	8
420.200	0	0	0	0	0	0	0	0	0	0	0	0	0	0	0	0	0	0	0	0	0	0	0	0	0	0	0	0	2	2	5	3	3	4	0	6
420.400	0	0	0	0	0	0	0	0	0	0	0	0	0	0	0	0	0	0	0	0	0	0	0	0	0	0	0	0	4	3	4	2	4	4	0	7
420.600	0	0	0	0	0	0	0	0	0	0	0	0	0	0	0	0	0	0	0	0	0	0	0	0	0	0	0	0	2	2	5	4	4	4	0	6
420.800	0	0	0	0	0	0	0	0	0	0	0	0	0	0	0	0	0	0	0	0	0	0	0	0	0	0	0	0	1	3	5	6	2	4	0	4
421.000	0	0	0	0	0	0	0	0	0	0	0	0	0	0	0	0	0	0	0	0	0	0	0	0	0	0	0	0	2	3	6	6	4	2	0	5
421.200	0	0	0	0	0	0	0	0	0	0	0	0	0	0	0	0	0	0	0	0	0	0	0	0	0	0	0	0	2	3	5	3	5	4	0	6
421.400	0	0	0	0	0	0	0	0	0	0	0	0	0	0	0	0	0	0	0	0	0	0	0	0	0	0	0	0	2	2	4	2	4	4	0	8
421.600	0	0	0	0	0	0	0	0	0	0	0	0	0	0	0	0	0	0	0	0	0	0	0	0	0	0	0	0	2	3	6	5	3	3	0	5
421.800	0	0	0	0	0	0	0	0	0	0	0	0	0	0	0	0	0	0	0	0	0	0	0	0	0	0	0	0	2	2	5	3	4	4	0	2
422.000	0	0	0	0	0	0	0	0	0	0	0	0	0	0	0	0	0	0	0	0	0	0	0	0	0	0	0	0	1	4	4	7	8	2	0	5
422.200	0	0	0	0	0	0	0	0	0	0	0	0	0	0	0	0	0	0	0	0	0	0	0	0	0	0	0	0	0	0	3	7	7	5	0	9
422.400	0	0	0	0	0	0	0	0	0	0	0	0	0	0	0	0	0	0	0	0	0	0	0	0	0	0	0	0	0	1	1	8	2	5	0	7
422.600	0	0	0	0	0	0	0	0	0	0	0	0	0	0	0	0	0	0	0	0	0	0	0	0	0	0	0	0	0	0	1	7	6	5	0	10
422.800	0	0	0	0	0	0	0	0	0	0	0	0	0	0	0	0	0	0	0	0	0	0	0	0	0	0	0	0	0	0	4	4	1	7	0	8
423.000	0	0	0	0	0	0	0	0	0	0	0	0	0	0	0	0	0	0	0	0	0	0	0	0	0	0	0	0	0	0	2	4	4	4	0	9
423.200	0	0	0	0	0	0	0	0	0	0	0	0	0	0	0	0	0	0	0	0	0	0	0	0	0	0	0	0	0	1	3	4	4	5	0	7
423.400	0	0	0	0	0	0	0	0	0	0	0	0	0	0	0	0	0	0	0	0	0	0	0	0	0	0	0	0	0	0	1	4	1	4	0	9
423.600	0	0	0	0	0	0	0	0	0	0	0	0	0	0	0	0	0	0	0	0	0	0	0	0	0	0	0	0	0	0	1	2	1	3	0	6
423.800	0	0	0	0	0	0	0	0	0	0	0	0	0	0	0	0	0	0	0	0	0	0	0	0	0	0	0	0	0	0	0	4	0	4	0	2
424.000	0	0	0	0	0	0	0	0	0	0	0	0	0	0	0	0	0	0	0	0	0	0	0	0	0	0	0	0	0	0	1	3	2	7	0	9
424.200	0	0	0	0	0	0	0	0	0	0	0	0	0	0	0	0	0	0	0	0	0	0	0	0	0	0	0	0	0	0	1	5	3	4	0	8
424.400	0	0	0	0	0	0	0	0	0	0	0	0	0	0	0	0	0	0	0	0	0	0	0	0	0	0	0	0	0	0	1	4	1	5	0	9
424.600	0	0	0	0	0	0	0	0	0	0	0	0	0	0	0	0	0	0	0	0	0	0	0	0	0	0	0	0	0	0	1	7	3	2	0	8
424.800	0	0	0	0	0	0	0	0	0	0	0	0	0	0	0	0	0	0	0	0	0	0	0	0	0	0	0	0	0	0	1	5	5	2	0	8
425.000	0	0	0	0	0	0	0	0	0	0	0	0	0	0	0	0	0	0	0	0	0	0	0	0	0	0	0	0	0	1	1	7	4	4	0	9
425.200	0	0	0	0	0	0	0	0	0	0	0	0	0	0	0	0	0	0	0	0	0	0	0	0	0	0	0	0	0	2	5	4	3	4	0	8
425.400	0	0	0	0	0	0	0	0	0	0	0	0	0	0	0	0	0	0	0	0	0	0	0	0	0	0	0	0	0	2	1	6	2	5	0	10
425.600	0	0	0	0	0	0	0	0	0	0	0	0	0	0	0	0	0	0	0	0	0	0	0	0	0	0	0	0	0	1	4	5	0	2	0	4
425.800	0	0	0	0	0	0	0	0	0	0	0	0	0	0	0	0	0	0	0	0	0	0	0	0	0	0	0	0	0	2	4	8	6	1	0	1
426.000	0	0	0	0	0	0	0	0	0	0	0	0	0	0	0	0	0	0	0	0	0	0	0	0	0	0	0	0	0	4	4	4	2	1	0	6
426.200	0	0	0	0	0	0	0	0	0	0	0	0	0	0	0	0	0	0	0	0	0	0	0	0	0	0	0	0	0	3	4	5	3	2	0	7
426.400	0	0	0	0	0	0	0	0	0	0	0	0	0	0	0	0	0	0	0	0	0	0	0	0	0	0	0	0	0	3	5	7	4	4	0	7
426.600	0	0	0	0	0	0	0	0	0	0	0	0	0	0	0	0	0	0	0	0	0	0	0	0	0	0	0	0	0	3	6	4	3	2	0	0
426.800	0	0	0	0	0	0	0	0	0	0	0	0	0	0	0	0	0	0	0	0	0	0	0	0	0	0	0	0	0	2	4	6	3	2	0	9
427.000	0	0	0	0	0	0	0	0	0	0	0	0	0	0	0	0	0	0	0	0	0	0	0	0	0	0	0	0	0	1	2	8	6	2	0	8
427.200	0	0	0	0	0	0	0	0	0	0	0	0	0	0	0	0	0	0	0	0	0	0	0	0	0	0	0	0	2	3	4	6	3	2	0	7
427.400	0	0	0	0	0	0	0	0	0	0	0	0	0	0	0	0	0	0	0	0	0	0	0	0	0	0	0	0	0	1	3	4	2	4	0	6
427.600	0	0	0	0	0	0	0	0	0	0	0	0	0	0	0	0	0	0	0	0	0	0	0	0	0	0	0	0	2	3	6	10	2	1	0	13
427.800	0	0	0	0	0	0	0	0	0	0	0	0	0	0	0	0	0	0	0	0	0	0	0	0	0	0	0	0	1	3	4	5	3	4	0	11
428.000	0	0	0	0	0	0	0	0	0	0	0	0	0	0	0	0	0	0	0	0	0	0	0	0	0	0	0	0	0	2	5	5	2	3	0	8
428.200	0	0	0	0	0	0	0	0	0	0	0	0	0	0	0	0	0	0	0	0	0	0	0	0	0	0	0	0	0	2	4	5	4	2	0	8
428.400	0	0	0	0	0	0	0	0	0	0	0	0	0	0	0	0	0	0	0	0	0	0	0	0	0	0	0	0	2	4	4	7	2	3	0	12
428.600	0	0	0	0	0	0	0	0	0	0	0	0	0	0	0	0	0	0	0	0	0	0	0	0	0	0	0	0	0	4	2	6	3	1	0	10
428.800	0	0	0	0	0	0	0	0	0	0	0	0	0	0	0	0	0	0	0	0	0	0	0	0	0	0	0	0	0	4	4	5	4	2	0	9
429.000	0	0	0	0	0	0	0	0	0	0	0	0	0	0	0	0	0	0	0	0	0	0	0	0	0	0	0	0	0	4	2	7	3	2	0	13
429.200	0	0	0	0	0	0	0	0	0	0	0	0	0	0	0	0	0	0	0	0	0	0	0	0	0	0	0	0	3	1	2	6	5	5	0	6
429.400	0	0	0	0	0	0	0	0	0	0	0	0	0	0	0	0	0	0	0	0	0	0	0	0	0	0	0	0	0	6	2	5	3	2	0	7
429.600	0	0	0	0	0	0	0	0	0	0	0	0	0	0	0	0	0	0	0	0	0	0	0	0	0	0	0	0	1	5	3	4	4	3	0	9
429.800	0	0	0	0	0	0	0	0	0	0	0	0	0	0	0	0	0	0	0	0	0	0	0	0	0	0	0	0	0	5	1	2	4	2	0	3
430.000	0	0	0	0	0	0	0	0	0	0	0	0	0	0	0	0	0	0	0	0	0	0	0	0	0	0	0	0	0	0	2	3	4	4	0	7
430.200	0	0	0	0	0	0	0	0	0	0	0	0	0	0	0	0	0	0	0	0	0	0	0	0	0	0	0	0	0	1	1	5	0	2	0	10
430.400	0	0	0	0	0	0	0	0	0	0	0	0	0	0	0	0	0	0	0	0	0	0	0	0	0	0	0	0	2	1	4	2	4	4	0	12
430.600	0	0	0	0	0	0	0	0	0	0	0	0	0	0	0	0	0	0	0	0	0	0	0	0	0	0	0	0	1	0	1	4	5	3	0	8
430.800	0	0	0	0	0	0	0	0	0	0	0	0	0	0	0	0	0	0	0	0	0	0	0	0	0	0	0	0	2	3	3	6	0	2	0	11
431.000	0	0	0	0	0	0	0	0	0	0	0	0	0	0	0	0	0	0	0	0	0	0	0	0	0	0	0	0	1	0	1	5	2	3	0	8
431.200	0	0	0	0	0	0	0	0	0	0	0	0	0	0	0	0	0	0	0	0	0	0	0	0	0	0	0	0	0	1	3	4	4	2	0	5
431.400	0	0	0	0	0	0	0	0	0	0	0	0	0	0	0	0	0	0	0	0	0	0	0	0	0	0	0	0	3	3	4	5	2	2	0	7
431.600	0	0	0	0	0	0	0	0	0	0	0	0	0	0	0	0	0	0	0	0	0	0	0	0	0	0	0	0	2	3	4	2	2	3	0	7
431.800	0	0	0	0	0	0	0	0	0	0	0	0	0	0	0	0	0	0	0	0	0	0	0	0	0	0	0	0	0	2	6	5	3	2	0	9
432.000	0	0	0	0	0	0	0	0	0	0	0	0	0	0	0	0	0	0	0	0	0	0	0	0	0	0	0	0	2	5	5	4	3	2	0	12
432.200	0	0	0	0	0	0	0	0	0	0	0	0	0	0	0	0	0	0	0	0	0	0	0	0	0	0	0	0	2	3	5	2	3	3	0	9
432.400	0	0	0	0	0	0	0	0	0	0	0	0	0	0	0	0	0	0	0	0	0	0	0	0	0	0	0	0	2	3	3	4	6	2	0	12
432.600	0	0	0	0	0	0	0	0	0	0	0	0	0	0	0	0	0	0	0	0	0	0	0	0	0	0	0	0	1	3	4	7	3	2	0	7
432.800	0	0	0	0	0	0	0	0	0	0	0	0	0	0	0	0	0	0	0	0	0	0	0	0	0	0	0	0	2	2	4	8	1	2	0	7
433.000	0	0	0	0	0	0	0	0	0	0	0	0	0	0	0	0	0	0	0	0	0	0	0	0	0	0	0	0	2	3	4	5	3	2	0	9
433.200	0	0	0	0	0	0	0	0	0	0	0	0	0	0	0	0	0	0	0	0	0	0	0	0	0	0	0	0	2	3	4	6	4	3	0	4
433.400	0	0	0	0	0	0	0	0	0	0	0	0	0	0	0	0	0	0	0	0	0	0	0	0	0	0	0	0	0	4	4	4	4	2	0	7
433.600	0	0	0	0	0	0	0	0	0	0	0	0	0	0	0	0	0	0	0	0	0	0	0	0	0	0	0	0	2	3	4	2	5	2	0	7
433.800	0	0	0	0	0	0	0	0	0	0	0	0	0	0	0	0	0	0	0	0	0	0	0	0	0	0	0	0	0	3	5	6	3	4	0	9
434.000	0	0	0	0	0	0	0	0	0	0	0	0	0	0	0	0	0	0	0	0	0	0	0	0	0	0	0	0	0	2	5	8	5	4	0	10
434.200	0	0	0	0	0	0	0	0	0	0	0	0	0	0	0	0	0	0	0	0	0	0	0	0	0	0	0	0	0	1	1	8	4	1	0	6
434.400	0	0	0	0	0	0	0	0	0	0	0	0	0	0	0	0	0	0	0	0	0	0	0	0	0	0	0	0	0	3	2	10	4	1	0	11
434.600	0	0	0	0	0	0	0	0	0	0	0	0	0	0	0	0	0	0	0	0	0	0	0	0	0	0	0	0	1	0	3	7	3	3	0	12
434.800	0	0	0	0	0	0	0	0	0	0	0	0	0	0	0	0	0	0	0	0	0	0	0	0	0	0	0	0	0	4	5	3	3	2	0	9
435.000	0	0	0	0	0	0	0	0	0	0	0	0	0	0	0	0	0	0	0	0	0	0	0	0	0	0	0	0	1	3	4	6	5	3	0	8
435.200	0	0	0	0	0	0	0	0	0	0	0	0	0	0	0	0	0	0	0	0	0	0	0	0	0	0	0	0	0	1	4	6	7	4	0	8
435.400	0	0	0	0	0	0	0	0	0	0	0	0	0	0	0	0	0	0	0	0	0	0	0	0	0	0	0	0	0	0	0	4	6	5	0	7
435.600	0	0	0	0	0	0	0	0	0	0	0	0	0	0	0	0	0	0	0	0	0	0	0	0	0	0	0	0	0	0	0	6	4	5	0	10
435.800	0	0	0	0	0	0	0	0	0	0	0	0	0	0	0	0	0	0	0	0	0	0	0	0	0	0	0	0	0	0	0	5	2	3	0	9
436.000	0	0	0	0	0	0	0	0	0	0	0	0	0	0	0	0	0	0	0	0	0	0	0	0	0	0	0	0	0	0	2	6	3	3	0	12
436.200	0	0	0	0	0	0	0	0	0	0	0	0	0	0	0	0	0	0	0	0	0	0	0	0	0	0	0	0	0	0	0	5	5	4	0	7
436.400	0	0	0	0	0	0	0	0	0	0	0	0	0	0	0	0	0	0	0	0	0	0	0	0	0	0	0	0	0	0	2	8	2	2	0	9
436.600	0	0	0	0	0	0	0	0	0	0	0	0	0	0	0	0	0	0	0	0	0	0	0	0	0	0	0	0	0	0	2	6	4	5	0	6
436.800	0	0	0	0	0	0	0	0	0	0	0	0	0	0	0	0	0	0	0	0	0	0	0	0	0	0	0	0	0	0	1	4	3	5	1	5
437.000	0	0	0	0	0	0	0	0	0	0	0	0	0	0	0	0	0	0	0	0	0	0	0	0	0	0	0	0	0	0	0	4	2	1	0	5
437.200	0	0	0	0	0	0	0	0	0	0	0	0	0	0	0	0	0	0	0	0	0	0	0	0	0	0	0	0	0	0	0	6	3	2	0	6
437.400	0	0	0	0	0	0	0	0	0	0	0	0	0	0	0	0	0	0	0	0	0	0	0	0	0	0	0	0	0	0	2	5	4	3	0	9
437.600	0	0	0	0	0	0	0	0	0	0	0	0	0	0	0	0	0	0	0	0	0	0	0	0	0	0	0	0	0	1	4	7	2	3	0	5
437.800	0	0	0	0	0	0	0	0	0	0	0	0	0	0	0	0	0	0	0	0	0	0	0	0	0	0	0	0	0	2	4	5	1	1	0	7
438.000	0	0	0	0	0	0	0	0	0	0	0	0	0	0	0	0	0	0	0	0	0	0	0	0	0	0	0	0	0	5	2	8	3	3	0	8
438.200	0	0	0	0	0	0	0	0	0	0	0	0	0	0	0	0	0	0	0	0	0	0	0	0	0	0	0	0	0	1	5	8	3	3	0	13
438.400	0	0	0	0	0	0	0	0	0	0	0	0	0	0	0	0	0	0	0	0	0	0	0	0	0	0	0	0	0	0	0	3	5	4	0	13
438.600	0	0	0	0	0	0	0	0	0	0	0	0	0	0	0	0	0	0	0	0	0	0	0	0	0	0	0	0	0	1	2	5	3	3	0	6
438.800	0	0	0	0	0	0	0	0	0	0	0	0	0	0	0	0	0	0	0	0	0	0	0	0	0	0	0	0	0	1	4	1	3	3	0	6
439.000	0	0	0	0	0	0	0	0	0	0	0	0	0	0	0	0	0	0	0	0	0	0	0	0	0	0	0	0	0	0	5	7	4	5	0	9
439.200	0	0	0	0	0	0	0	0	0	0	0	0	0	0	0	0	0	0	0	0	0	0	0	0	0	0	0	0	1	2	4	6	4	4	0	12
439.400	0	0	0	0	0	0	0	0	0	0	0	0	0	0	0	0	0	0	0	0	0	0	0	0	0	0	0	0	0	3	4	5	3	3	0	14
439.600	0	0	0	0	0	0	0	0	0	0	0	0	0	0	0	0	0	0	0	0	0	0	0	0	0	0	0	0	0	2	5	5	3	3	0	7
439.800	0	0	0	0	0	0	0	0	0	0	0	0	0	0	0	0	0	0	0	0	0	0	0	0	0	0	0	0	1	4	5	1	4	2	0	6
440.000	0	0	0	0	0	0	0	0	0	0	0	0	0	0	0	0	0	0	0	0	0	0	0	0	0	0	0	0	0	3	4	6	4	4	0	10
440.200	0	0	0	0	0	0	0	0	0	0	0	0	0	0	0	0	0	0	0	0	0	0	0	0	0	0	0	0	0	2	4	4	3	2	0	2
440.400	0	0	0	0	0	0	0	0	0	0	0	0	0	0	0	0	0	0	0	0	0	0	0	0	0	0	0	0	0	1	5	5	3	5	0	12
440.600	0	0	0	0	0	0	0	0	0	0	0	0	0	0	0	0	0	0	0	0	0	0	0	0	0	0	0	0	2	3	5	4	3	3	0	7
440.800	0	0	0	0	0	0	0	0	0	0	0	0	0	0	0	0	0	0	0	0	0	0	0	0	0	0	0	0	2	2	4	6	3	5	0	5
441.000	0	0	0	0	0	0	0	0	0	0	0	0	0	0	0	0	0	0	0	0	0	0	0	0	0	0	0	0	0	3	5	2	5	3	0	6
441.200	0	0	0	0	0	0	0	0	0	0	0	0	0	0	0	0	0	0	0	0	0	0	0	0	0	0	0	0	0	5	4	6	5	2	0	8
441.400	0	0	0	0	0	0	0	0	0	0	0	0	0	0	0	0	0	0	0	0	0	0	0	0	0	0	0	0	2	2	5	5	5	4	0	4
441.600	0	0	0	0	0	0	0	0	0	0	0	0	0	0	0	0	0	0	0	0	0	0	0	0	0	0	0	0	2	2	4	8	3	3	0	1
441.800	0	0	0	0	0	0	0	0	0	0	0	0	0	0	0	0	0	0	0	0	0	0	0	0	0	0	0	0	2	3	5	1	3	1	0	6
442.000	0	0	0	0	0	0	0	0	0	0	0	0	0	0	0	0	0	0	0	0	0	0	0	0	0	0	0	0	2	4	4	1	4	4	0	4
442.200	0	0	0	0	0	0	0	0	0	0	0	0	0	0	0	0	0	0	0	0	0	0	0	0	0	0	0	0	2	4	1	4	1	2	0	6
442.400	0	0	0	0	0	0	0	0	0	0	0	0	0	0	0	0	0	0	0	0	0	0	0	0	0	0	0	0	0	3	4	10	2	3	0	9
442.600	0	0	0	0	0	0	0	0	0	0	0	0	0	0	0	0	0	0	0	0	0	0	0	0	0	0	0	0	0	0	1	7	1	2	0	7
442.800	0	0	0	0	0	0	0	0	0	0	0	0	0	0	0	0	0	0	0	0	0	0	0	0	0	0	0	0	0	0	4	4	6	5	0	6
443.000	0	0	0	0	0	0	0	0	0	0	0	0	0	0	0	0	0	0	0	0	0	0	0	0	0	0	0	0	0	1	4	6	1	4	0	8
443.200	0	0	0	0	0	0	0	0	0	0	0	0	0	0	0	0	0	0	0	0	0	0	0	0	0	0	0	0	0	3	6	6	2	2	0	13
443.400	0	0	0	0	0	0	0	0	0	0	0	0	0	0	0	0	0	0	0	0	0	0	0	0	0	0	0	0	2	3	4	2	4	3	0	7
443.600	0	0	0	0	0	0	0	0	0	0	0	0	0	0	0	0	0	0	0	0	0	0	0	0	0	0	0	0	0	0	1	3	3	6	0	11
443.800	0	0	0	0	0	0	0	0	0	0	0	0	0	0	0	0	0	0	0	0	0	0	0	0	0	0	0	0	0	0	2	2	4	3	0	14
444.000	0	0	0	0	0	0	0	0	0	0	0	0	0	0	0	0	0	0	0	0	0	0	0	0	0	0	0	0	1	2	5	2	1	2	0	13
444.200	0	0	0	0	0	0	0	0	0	0	0	0	0	0	0	0	0	0	0	0	0	0	0	0	0	0	0	0	1	7	4	4	3	2	0	10
444.400	0	0	0	0	0	0	0	0	0	0	0	0	0	0	0	0	0	0	0	0	0	0	0	0	0	0	0	0	0	0	1	5	1	3	0	10
444.600	0	0	0	0	0	0	0	0	0	0	0	0	0	0	0	0	0	0	0	0	0	0	0	0	0	0	0	0	0	0	0	3	2	8	2	7
444.800	0	0	0	0	0	0	0	0	0	0	0	0	0	0	0	0	0	0	0	0	0	0	0	0	0	0	0	0	0	0	1	4	3	3	0	14
445.000	0	0	0	0	0	0	0	0	0	0	0	0	0	0	0	0	0	0	0	0	0	0	0	0	0	0	0	0	0	0	0	4	2	6	1	5
445.200	0	0	0	0	0	0	0	0	0	0	0	0	0	0	0	0	0	0	0	0	0	0	0	0	0	0	0	0	0	0	5	6	4	6	1	8
445.400	0	0	0	0	0	0	0	0	0	0	0	0	0	0	0	0	0	0	0	0	0	0	0	0	0	0	0	0	0	0	0	2	4	6	1	11
445.600	0	0	0	0	0	0	0	0	0	0	0	0	0	0	0	0	0	0	0	0	0	0	0	0	0	0	0	0	0	0	0	4	1	5	1	7
445.800	0	0	0	0	0	0	0	0	0	0	0	0	0	0	0	0	0	0	0	0	0	0	0	0	0	0	0	0	0	0	0	3	5	6	1	10
446.000	0	0	0	0	0	0	0	0	0	0	0	0	0	0	0	0	0	0	0	0	0	0	0	0	0	0	0	0	0	0	0	9	1	8	2	9
446.200	0	0	0	0	0	0	0	0	0	0	0	0	0	0	0	0	0	0	0	0	0	0	0	0	0	0	0	0	0	0	0	1	1	3	0	10
446.400	0	0	0	0	0	0	0	0	0	0	0	0	0	0	0	0	0	0	0	0	0	0	0	0	0	0	0	0	0	0	1	2	2	2	0	8
446.600	0	0	0	0	0	0	0	0	0	0	0	0	0	0	0	0	0	0	0	0	0	0	0	0	0	0	0	0	0	0	1	6	1	5	0	6
446.800	0	0	0	0	0	0	0	0	0	0	0	0	0	0	0	0	0	0	0	0	0	0	0	0	0	0	0	0	0	0	1	3	4	6	1	7
447.000	0	0	0	0	0	0	0	0	0	0	0	0	0	0	0	0	0	0	0	0	0	0	0	0	0	0	0	0	0	0	0	6	0	3	0	9
447.200	0	0	0	0	0	0	0	0	0	0	0	0	0	0	0	0	0	0	0	0	0	0	0	0	0	0	0	0	0	0	1	2	2	2	0	7
447.400	0	0	0	0	0	0	0	0	0	0	0	0	0	0	0	0	0	0	0	0	0	0	0	0	0	0	0	0	0	0	1	2	2	1	0	7
447.600	0	0	0	0	0	0	0	0	0	0	0	0	0	0	0	0	0	0	0	0	0	0	0	0	0	0	0	0	0	0	0	7	3	4	0	3
447.800	0	0	0	0	0	0	0	0	0	0	0	0	0	0	0	0	0	0	0	0	0	0	0	0	0	0	0	0	0	0	0	7	5	2	0	7
448.000	0	0	0	0	0	0	0	0	0	0	0	0	0	0	0	0	0	0	0	0	0	0	0	0	0	0	0	0	0	0	1	4	2	3	0	11
448.200	0	0	0	0	0	0	0	0	0	0	0	0	0	0	0	0	0	0	0	0	0	0	0	0	0	0	0	0	0	0	0	4	3	4	0	5
448.400	0	0	0	0	0	0	0	0	0	0	0	0	0	0	0	0	0	0	0	0	0	0	0	0	0	0	0	0	0	0	0	1	3	2	0	11
448.600	0	0	0	0	0	0	0	0	0	0	0	0	0	0	0	0	0	0	0	0	0	0	0	0	0	0	0	0	0	0	1	2	3	5	0	6
448.800	0	0	0	1	0	0	0	0	0	0	0	0	0	0	0	0	0	0	0	0	0	0	0	0	0	0	0	0	0	1	1	6	1	3	0	6
449.000	0	0	0	2	0	0	0	0	0	0	0	0	0	0	0	0	0	0	0	0	0	0	0	0	0	0	0	0	0	0	0	5	1	5	0	9
449.200	0	0	0	5	0	0	0	0	0	0	0	0	0	0	0	0	0	0	0	0	0	0	0	0	0	0	0	0	0	0	0	2	1	5	0	9
449.400	0	0	0	6	0	0	0	0	0	0	0	0	0	0	0	0	0	0	0	0	0	0	0	0	0	0	0	0	0	0	0	3	2	7	0	7
449.600	0	0	0	4	0	0	0	0	0	0	0	0	0	0	0	0	0	0	0	0	0	0	0	0	0	0	0	0	0	0	1	4	5	4	0	1
449.800	0	0	0	0	0	0	0	0	0	0	0	0	0	0	0	0	0	0	0	0	0	0	0	0	0	0	0	0	0	0	0	5	4	6	0	6
450.000	0	0	0	0	0	0	0	0	0	0	0	0	0	0	0	0	0	0	0	0	0	0	0	0	0	0	0	0	0	0	0	5	4	2	0	8
450.200	0	0	0	0	0	0	0	0	0	0	0	0	0	0	0	0	0	0	0	0	0	0	0	0	0	0	0	0	0	0	3	8	5	2	0	14
450.400	0	0	0	1	0	0	0	0	0	0	0	0	0	0	0	0	0	0	0	0	0	0	0	0	0	0	0	0	0	0	0	3	2	5	0	10
450.600	0	0	0	0	0	0	0	0	0	0	0	0	0	0	0	0	0	0	0	0	0	0	0	0	0	0	0	0	0	0	2	4	2	4	0	5
450.800	0	0	0	0	0	0	0	0	0	0	0	0	0	0	0	0	0	0	0	0	0	0	0	0	0	0	0	0	0	0	0	4	3	3	0	6
451.000	0	0	0	0	0	0	0	0	0	0	0	0	0	0	0	0	0	0	0	0	0	0	0	0	0	0	0	0	0	0	1	6	2	4	0	5
451.200	0	0	0	0	0	0	0	0	0	0	0	0	0	0	0	0	0	0	0	0	0	0	0	0	0	0	0	0	0	0	1	5	3	3	0	9
451.400	0	0	0	4	0	0	0	0	0	0	0	0	0	0	0	0	0	0	0	0	0	0	0	0	0	0	0	0	0	0	1	8	3	5	0	10
451.600	0	0	0	4	0	0	0	0	0	0	0	0	0	0	0	0	0	0	0	0	0	0	0	0	0	0	0	0	0	0	0	5	2	1	0	1
451.800	0	0	0	5	0	0	0	0	0	0	0	0	0	0	0	0	0	0	0	0	0	0	0	0	0	0	0	0	0	0	4	7	2	5	0	12
452.000	0	0	0	5	0	0	0	0	0	0	0	0	0	0	0	0	0	0	0	0	0	0	0	0	0	0	0	0	0	0	2	4	2	3	0	12
452.200	0	0	0	4	0	0	0	0	0	0	0	0	0	0	0	0	0	0	0	0	0	0	0	0	0	0	0	0	0	2	3	3	3	2	0	7
452.400	0	0	0	3	0	0	0	0	0	0	0	0	0	0	0	0	0	0	0	0	0	0	0	0	0	0	0	0	0	4	2	5	4	1	0	5
452.600	0	0	0	2	0	0	0	0	0	0	0	0	0	0	0	0	0	0	0	0	0	0	0	0	0	0	0	0	0	2	3	4	4	1	0	7
452.800	0	0	0	0	0	0	0	0	0	0	0	0	0	0	0	0	0	0	0	0	0	0	0	0	0	0	0	0	0	3	2	2	5	3	0	5
453.000	0	0	0	0	0	0	0	0	0	0	0	0	0	0	0	0	0	0	0	0	0	0	0	0	0	0	0	0	0	7	2	2	4	2	0	2
453.200	0	0	0	0	0	0	0	0	0	0	0	0	0	0	0	0	0	0	0	0	0	0	0	0	0	0	0	0	2	5	2	4	5	4	0	6
453.400	0	0	0	0	0	0	0	0	0	0	0	0	0	0	0	0	0	0	0	0	0	0	0	0	0	0	0	0	0	4	2	5	4	2	0	3
453.600	0	0	0	0	0	0	0	0	0	0	0	0	0	0	0	0	0	0	0	0	0	0	0	0	0	0	0	0	2	5	2	6	4	2	0	5
453.800	0	0	0	0	0	0	0	0	0	0	0	0	0	0	0	0	0	0	0	0	0	0	0	0	0	0	0	0	0	3	4	4	2	2	0	5
454.000	0	0	0	0	0	0	0	0	0	0	0	0	0	0	0	0	0	0	0	0	0	0	0	0	0	0	0	0	0	4	2	8	4	3	0	4
454.200	0	0	0	0	0	0	0	0	0	0	0	0	0	0	0	0	0	0	0	0	0	0	0	0	0	0	0	0	0	2	4	5	2	2	0	3
454.400	0	0	0	0	0	0	0	0	0	0	0	0	0	0	0	0	0	0	0	0	0	0	0	0	0	0	0	0	0	0	1	2	4	5	0	6
454.600	0	0	0	0	0	0	0	0	0	0	0	0	0	0	0	0	0	0	0	0	0	0	0	0	0	0	0	0	0	0	0	3	8	3	0	4
454.800	0	0	0	0	0	0	0	0	0	0	0	0	0	0	0	0	0	0	0	0	0	0	0	0	0	0	0	0	0	0	0	3	5	2	0	3
455.000	0	0	0	0	0	0	0	0	0	0	0	0	0	0	0	0	0	0	0	0	0	0	0	0	0	0	0	0	0	0	1	4	1	1	0	3
455.200	0	0	0	0	0	0	0	0	0	0	0	0	0	0	0	0	0	0	0	0	0	0	0	0	0	0	0	0	0	0	0	5	4	5	0	3
455.400	0	0	0	0	0	0	0	0	0	0	0	0	0	0	0	0	0	0	0	0	0	0	0	0	0	0	0	0	0	0	1	5	3	3	0	3
455.600	0	0	0	0	0	0	0	0	0	0	0	0	0	0	0	0	0	0	0	0	0	0	0	0	0	0	0	0	0	0	0	1	2	2	0	5
455.800	0	0	0	0	0	0	0	0	0	0	0	0	0	0	0	0	0	0	0	0	0	0	0	0	0	0	0	0	0	0	0	4	3	3	0	3
456.000	0	0	0	0	0	0	0	0	0	0	0	0	0	0	0	0	0	0	0	0	0	0	0	0	0	0	0	0	0	0	0	3	2	5	0	3
456.200	0	0	0	0	0	0	0	0	0	0	0	0	0	0	0	0	0	0	0	0	0	0	0	0	0	0	0	0	0	0	1	3	4	3	0	3
456.400	0	0	0	0	0	0	0	0	0	0	0	0	0	0	0	0	0	0	0	0	0	0	0	0	0	0	0	0	0	0	1	3	6	3	0	3
456.600	0	0	0	0	0	0	0	0	0	0	0	0	0	0	0	0	0	0	0	0	0	0	0	0	0	0	0	0	0	0	0	3	3	2	0	4
456.800	0	0	0	0	0	0	0	0	0	0	0	0	0	0	0	0	0	0	0	0	0	0	0	0	0	0	0	0	0	0	0	4	6	1	0	4
457.000	0	0	0	0	0	0	0	0	0	0	0	0	0	0	0	0	0	0	0	0	0	0	0	0	0	0	0	0	0	0	0	1	4	3	0	3
457.200	0	0	0	0	0	0	0	0	0	0	0	0	0	0	0	0	0	0	0	0	0	0	0	0	0	0	0	0	0	0	0	4	6	2	0	3
457.400	0	0	0	0	0	0	0	0	0	0	0	0	0	0	0	0	0	0	0	0	0	0	0	0	0	0	0	0	0	0	2	8	3	2	0	3
457.600	0	0	0	0	0	0	0	0	0	0	0	0	0	0	0	0	0	0	0	0	0	0	0	0	0	0	0	0	0	0	0	4	1	2	0	4
457.800	0	0	0	0	0	0	0	0	0	0	0	0	0	0	0	0	0	0	0	0	0	0	0	0	0	0	0	0	0	0	0	1	8	3	0	3
458.000	0	0	0	0	0	0	0	0	0	0	0	0	0	0	0	0	0	0	0	0	0	0	0	0	0	0	0	0	0	0	0	4	4	2	0	3
458.200	0	0	0	0	0	0	0	0	0	0	0	0	0	0	0	0	0	0	0	0	0	0	0	0	0	0	0	0	0	0	0	1	3	2	0	3
458.400	0	0	0	1	0	0	0	0	0	0	0	0	0	0	0	0	0	0	0	0	0	0	0	0	0	0	0	0	0	0	2	5	3	3	0	3
458.600	0	0	0	0	0	0	0	0	0	0	0	0	0	0	0	0	0	0	0	0	0	0	0	0	0	0	0	0	0	0	0	4	4	3	0	3
458.800	0	0	0	1	0	0	0	0	0	0	0	0	0	0	0	0	0	0	0	0	0	0	0	0	0	0	0	0	0	0	0	3	4	2	0	4
459.000	0	0	0	0	0	0	0	0	0	0	0	0	0	0	0	0	0	0	0	0	0	0	0	0	0	0	0	0	0	0	2	5	3	3	0	3
459.200	0	0	0	0	0	0	0	0	0	0	0	0	0	0	0	0	0	0	0	0	0	0	0	0	0	0	0	0	0	0	0	2	3	3	0	4
459.400	0	0	0	0	0	0	0	0	0	0	0	0	0	0	0	0	0	0	0	0	0	0	0	0	0	0	0	0	0	0	1	7	3	1	0	4
459.600	0	0	0	0	0	0	0	0	0	0	0	0	0	0	0	0	0	0	0	0	0	0	0	0	0	0	0	0	0	0	0	4	2	3	0	3
459.800	0	0	0	0	0	0	0	0	0	0	0	0	0	0	0	0	0	0	0	0	0	0	0	0	0	0	0	0	0	0	0	2	3	3	0	5
460.000	0	0	0	0	0	0	0	0	0	0	0	0	0	0	0	0	0	0	0	0	0	0	0	0	0	0	0	0	0	0	0	2	4	4	0	5
460.200	0	0	0	0	0	0	0	0	0	0	0	0	0	0	0	0	0	0	0	0	0	0	0	0	0	0	0	0	0	0	0	5	5	3	0	5
460.400	0	0	0	0	0	0	0	0	0	0	0	0	0	0	0	0	0	0	0	0	0	0	0	0	0	0	0	0	0	0	1	2	3	2	0	3
460.600	0	0	0	0	0	0	0	0	0	0	0	0	0	0	0	0	0	0	0	0	0	0	0	0	0	0	0	0	0	0	0	1	2	2	0	4
460.800	0	0	0	0	0	0	0	0	0	0	0	0	0	0	0	0	0	0	0	0	0	0	0	0	0	0	0	0	0	0	0	2	4	1	0	5
461.000	0	0	0	0	0	0	0	0	0	0	0	0	0	0	0	0	0	0	0	0	0	0	0	0	0	0	0	0	0	0	1	2	3	4	0	4
461.200	0	0	0	6	0	0	0	0	0	0	0	0	0	0	0	0	0	0	0	0	0	0	0	0	0	0	0	0	0	0	0	2	3	2	0	5
461.400	0	0	0	5	0	0	0	0	0	0	0	0	0	0	0	0	0	0	0	0	0	0	0	0	0	0	0	0	0	0	1	1	2	4	0	4
461.600	0	0	0	5	0	0	0	0	0	0	0	0	0	0	0	0	0	0	0	0	0	0	0	0	0	0	0	0	0	0	0	1	3	4	0	5
461.800	0	0	0	1	0	0	0	0	0	0	0	0	0	0	0	0	0	0	0	0	0	0	0	0	0	0	0	0	0	0	0	1	2	2	0	5
462.000	0	0	0	5	0	0	0	0	0	0	0	0	0	0	0	0	0	0	0	0	0	0	0	0	0	0	0	0	0	0	1	2	4	3	0	5
462.200	0	0	0	3	0	0	0	0	0	0	0	0	0	0	0	0	0	0	0	0	0	0	0	0	0	0	0	0	0	0	0	1	2	3	0	3
462.400	0	0	0	6	0	0	0	0	0	0	0	0	0	0	0	0	0	0	0	0	0	0	0	0	0	0	0	0	0	0	1	2	4	3	0	5
462.600	0	0	0	1	0	0	0	0	0	0	0	0	0	0	0	0	0	0	0	0	0	0	0	0	0	0	0	0	0	0	0	5	1	3	0	5
462.800	0	0	0	4	0	0	0	0	0	0	0	0	0	0	0	0	0	0	0	0	0	0	0	0	0	0	0	0	0	0	0	1	4	2	0	5
463.000	0	0	0	6	0	0	0	0	0	0	0	0	0	0	0	0	0	0	0	0	0	0	0	0	0	0	0	0	0	0	1	2	3	2	0	4
463.200	0	0	0	6	0	0	0	0	0	0	0	0	0	0	0	0	0	0	0	0	0	0	0	0	0	0	0	0	0	0	1	4	1	2	0	4
463.400	0	0	0	3	0	0	0	0	0	0	0	0	0	0	0	0	0	0	0	0	0	0	0	0	0	0	0	0	0	0	1	1	4	2	0	5
463.600	0	0	0	6	0	0	0	0	0	0	0	0	0	0	0	0	0	0	0	0	0	0	0	0	0	0	0	0	0	0	0	1	4	2	0	3
463.800	0	0	0	7	0	0	0	0	0	0	0	0	0	0	0	0	0	0	0	0	0	0	0	0	0	0	0	0	0	0	0	2	2	3	0	5
464.000	0	0	0	4	0	0	0	0	0	0	0	0	0	0	0	0	0	0	0	0	0	0	0	0	0	0	0	0	0	0	0	1	3	5	0	1
464.200	0	0	0	5	0	0	0	0	0	0	0	0	0	0	0	0	0	0	0	0	0	0	0	0	0	0	0	0	0	0	0	2	2	3	0	5
464.400	0	0	0	5	0	0	0	0	0	0	0	0	0	0	0	0	0	0	0	0	0	0	0	0	0	0	0	0	0	0	0	3	3	2	0	3
464.600	0	0	0	4	0	0	0	0	0	0	0	0	0	0	0	0	0	0	0	0	0	0	0	0	0	0	0	0	0	0	0	2	2	3	0	4
464.800	0	0	0	5	0	0	0	0	0	0	0	0	0	0	0	0	0	0	0	0	0	0	0	0	0	0	0	0	0	0	1	2	4	2	0	5
465.000	0	0	0	3	0	0	0	0	0	0	0	0	0	0	0	0	0	0	0	0	0	0	0	0	0	0	0	0	0	0	0	1	3	1	0	5
465.200	0	0	0	3	0	0	0	0	0	0	0	0	0	0	0	0	0	0	0	0	0	0	0	0	0	0	0	0	0	0	1	5	8	2	0	3
465.400	0	0	0	4	0	0	0	0	0	0	0	0	0	0	0	0	0	0	0	0	0	0	0	0	0	0	0	0	0	0	0	1	4	2	0	5
465.600	0	0	0	4	0	0	0	0	0	0	0	0	0	0	0	0	0	0	0	0	0	0	0	0	0	0	0	0	0	0	0	0	3	2	0	5
465.800	0	0	0	4	0	0	0	0	0	0	0	0	0	0	0	0	0	0	0	0	0	0	0	0	0	0	0	0	0	0	0	3	3	2	0	5
466.000	0	0	0	6	0	0	0	0	0	0	0	0	0	0	0	0	0	0	0	0	0	0	0	0	0	0	0	0	0	0	0	2	1	2	0	2
466.200	0	0	0	5	0	0	0	0	0	0	0	0	0	0	0	0	0	0	0	0	0	0	0	0	0	0	0	0	0	0	0	2	2	4	0	2
466.400	0	0	0	5	0	0	0	0	0	0	0	0	0	0	0	0	0	0	0	0	0	0	0	0	0	0	0	0	0	0	0	2	4	3	0	5
466.600	0	0	0	9	0	0	0	0	0	0	0	0	0	0	0	0	0	0	0	0	0	0	0	0	0	0	0	0	0	0	0	0	4	2	0	5
466.800	0	0	0	3	0	0	0	0	0	0	0	0	0	0	0	0	0	0	0	0	0	0	0	0	0	0	0	0	0	0	0	4	3	2	0	3
467.000	0	0	0	6	0	0	0	0	0	0	0	0	0	0	0	0	0	0	0	0	0	0	0	0	0	0	0	0	0	0	0	0	3	2	0	3
467.200	0	0	0	6	0	0	0	0	0	0	0	0	0	0	0	0	0	0	0	0	0	0	0	0	0	0	0	0	0	0	0	4	4	4	0	4
467.400	0	0	0	4	0	0	0	0	0	0	0	0	0	0	0	0	0	0	0	0	0	0	0	0	0	0	0	0	0	0	0	3	3	4	0	5
467.600	0	0	0	10	0	0	0	0	0	0	0	0	0	0	0	0	0	0	0	0	0	0	0	0	0	0	0	0	0	0	0	2	3	4	0	5
467.800	0	0	0	14	0	0	0	0	0	0	0	0	0	0	0	0	0	0	0	0	0	0	0	0	0	0	0	0	0	0	0	2	3	2	0	5
468.000	0	0	0	8	0	0	0	0	0	0	0	0	0	0	0	0	0	0	0	0	0	0	0	0	0	0	0	0	0	0	0	4	5	2	0	4
468.200	0	0	0	9	0	0	0	0	0	0	0	0	0	0	0	0	0	0	0	0	0	0	0	0	0	0	0	0	0	0	1	3	2	1	0	5
468.400	0	0	0	5	0	0	0	0	0	0	0	0	0	0	0	0	0	0	0	0	0	0	0	0	0	0	0	0	0	0	0	1	4	2	0	5
468.600	0	0	0	4	0	0	0	0	0	0	0	0	0	0	0	0	0	0	0	0	0	0	0	0	0	0	0	0	0	0	0	1	4	2	0	5
468.800	0	0	0	4	0	0	0	0	0	0	0	0	0	0	0	0	0	0	0	0	0	0	0	0	0	0	0	0	0	0	1	2	5	2	0	6
469.000	0	0	0	4	0	0	0	0	0	0	0	0	0	0	0	0	0	0	0	0	0	0	0	0	0	0	0	0	0	0	0	3	3	2	0	4
469.200	0	0	0	1	0	0	0	0	0	0	0	0	0	0	0	0	0	0	0	0	0	0	0	0	0	0	0	0	0	0	0	1	1	2	0	3
469.400	0	0	0	1	0	0	0	0	0	0	0	0	0	0	0	0	0	0	0	0	0	0	0	0	0	0	0	0	0	0	0	1	2	3	0	5
469.600	0	0	0	0	0	0	0	0	0	0	0	0	0	0	0	0	0	0	0	0	0	0	0	0	0	0	0	0	0	0	0	1	3	3	0	5
469.800	0	0	0	0	0	0	0	0	0	0	0	0	0	0	0	0	0	0	0	0	0	0	0	0	0	0	0	0	0	0	0	2	4	2	0	4
470.000	0	0	0	0	0	0	0	0	0	0	0	0	0	0	0	0	0	0	0	0	0	0	0	0	0	0	0	0	0	0	0	2	3	2	0	5
470.200	0	0	0	0	0	0	0	0	0	0	0	0	0	0	0	0	0	0	0	0	0	0	0	0	0	0	0	0	0	0	0	3	2	5	0	5
470.400	0	0	0	1	0	0	0	0	0	0	0	0	0	0	0	0	0	0	0	0	0	0	0	0	0	0	0	0	0	0	1	1	2	2	0	5
470.600	0	0	0	4	0	0	0	0	0	0	0	0	0	0	0	0	0	0	0	0	0	0	0	0	0	0	0	0	0	0	1	2	3	5	0	5
470.800	0	0	0	5	0	0	0	0	0	0	0	0	0	0	0	0	0	0	0	0	0	0	0	0	0	0	0	0	0	0	1	0	4	4	0	5
471.000	0	0	0	3	0	0	0	0	0	0	0	0	0	0	0	0	0	0	0	0	0	0	0	0	0	0	0	0	0	0	0	2	3	2	0	5
471.200	0	0	0	3	0	0	0	0	0	0	0	0	0	0	0	0	0	0	0	0	0	0	0	0	0	0	0	0	0	0	1	1	3	2	0	5
471.400	0	0	0	4	0	0	0	0	0	0	0	0	0	0	0	0	0	0	0	0	0	0	0	0	0	0	0	0	0	0	0	1	3	1	0	5
471.600	0	0	0	4	0	0	0	0	0	0	0	0	0	0	0	0	0	0	0	0	0	0	0	0	0	0	0	0	0	0	0	2	3	1	0	5
471.800	0	0	0	2	0	0	0	0	0	0	0	0	0	0	0	0	0	3	0	0	0	0	0	0	0	0	0	0	0	0	0	4	3	2	0	5
472.000	0	0	0	0	0	0	0	0	0	0	0	0	0	2	0	0	0	2	0	0	0	0	0	0	0	0	0	0	0	0	0	0	1	3	0	7
472.200	0	0	0	0	0	0	0	0	0	0	0	0	0	4	0	0	0	4	0	0	0	0	0	0	0	0	0	0	0	0	0	1	1	5	0	5
472.400	0	0	0	0	0	0	0	0	0	0	0	0	0	2	0	0	0	2	0	0	0	0	0	0	0	0	0	0	0	0	1	3	0	4	0	3
472.600	0	0	0	0	0	0	0	0	0	0	0	0	0	3	0	0	0	3	0	0	0	0	0	0	0	0	0	0	0	0	0	1	3	2	0	5
472.800	0	0	0	0	0	0	0	0	0	0	0	0	0	3	0	0	0	1	0	0	0	0	0	0	0	0	0	0	0	0	1	3	2	3	0	4
473.000	0	0	0	0	0	0	0	0	0	0	0	0	0	2	0	0	0	0	0	0	0	0	0	0	0	0	0	0	0	0	1	5	4	4	0	5
473.200	0	0	0	0	0	0	0	0	0	0	0	0	0	2	0	0	0	0	0	0	0	0	0	0	0	0	0	0	0	0	0	2	3	4	0	4
473.400	0	0	0	0	0	0	0	0	0	0	0	0	0	3	0	0	0	0	0	0	0	0	0	0	0	0	0	0	0	0	0	2	4	3	0	4
473.600	0	0	0	0	0	0	0	0	0	0	0	0	0	3	0	0	0	0	0	0	0	0	0	0	0	0	0	0	0	0	0	0	3	2	0	5
473.800	0	0	0	0	0	0	0	0	0	0	0	0	0	0	0	0	0	1	0	0	0	0	0	0	0	0	0	0	0	0	1	1	2	3	0	5
474.000	0	0	0	0	0	0	0	0	0	0	0	0	1	2	0	0	0	1	0	0	0	0	0	0	0	0	0	0	0	0	0	0	1	2	0	5
474.200	0	0	0	0	0	0	0	0	0	0	0	0	4	1	0	0	0	2	0	0	0	0	0	0	0	0	0	0	0	0	0	2	1	3	0	4
474.400	0	0	0	0	0	0	0	0	0	0	0	0	3	0	0	0	0	3	0	0	0	0	0	0	0	0	0	0	0	0	0	2	2	3	0	3
474.600	0	0	0	0	0	0	0	0	0	0	0	0	3	2	0	0	0	1	0	0	0	0	0	0	0	0	0	0	0	0	0	1	2	2	0	4
474.800	0	0	0	0	0	0	0	0	0	0	0	0	1	4	0	0	0	0	0	0	0	0	0	0	0	0	0	0	0	0	0	0	1	3	0	3
475.000	0	0	0	0	0	0	0	0	0	0	0	1	4	4	0	0	0	0	0	0	0	0	0	0	0	0	0	0	0	0	0	1	4	2	0	4
475.200	0	0	0	0	0	0	0	0	0	0	0	1	3	2	0	0	0	1	0	0	0	0	0	0	0	0	0	0	0	0	0	1	0	2	0	4
475.400	0	0	0	0	0	0	0	0	0	0	0	0	2	6	0	0	0	1	0	0	0	0	0	0	0	0	0	0	0	0	0	5	2	5	0	5
475.600	0	0	0	0	0	0	0	0	0	0	0	0	0	5	0	0	0	0	0	0	0	0	0	0	0	0	0	0	0	0	0	0	2	4	0	5
475.800	0	0	0	0	0	0	0	0	0	0	0	0	2	5	0	0	0	0	0	0	0	0	0	0	0	0	0	0	0	0	0	0	2	5	0	3
476.000	0	0	0	0	0	0	0	0	0	0	0	0	1	5	0	0	0	0	0	0	0	0	0	0	0	0	0	0	0	0	0	2	1	2	0	4
476.200	0	0	0	0	0	0	0	0	0	0	0	0	0	4	0	0	0	0	0	0	0	0	0	0	0	0	0	0	0	0	0	1	1	3	0	3
476.400	0	0	0	0	0	0	0	0	0	0	0	0	0	0	0	0	0	0	0	0	0	0	0	0	0	0	0	0	0	0	0	3	2	3	0	3
476.600	0	0	0	0	0	0	0	0	0	0	0	0	1	2	0	0	0	0	0	0	0	0	0	0	0	0	0	0	0	0	0	1	2	3	0	4
476.800	0	0	0	0	0	0	0	0	0	0	0	0	1	3	0	0	0	0	0	0	0	0	0	0	0	0	0	0	0	0	0	3	4	4	0	4
477.000	0	0	0	0	0	0	0	0	0	0	0	0	0	4	0	0	0	0	0	0	0	0	0	0	0	0	0	0	0	0	0	3	2	3	0	3
477.200	0	0	0	0	0	0	0	0	0	0	0	0	0	3	0	0	0	0	0	0	0	0	0	0	0	0	0	0	0	0	0	8	5	2	0	4
477.400	0	0	0	0	0	0	0	0	0	0	0	0	0	1	0	0	0	0	0	0	0	0	0	0	0	0	0	0	0	0	0	2	1	1	0	5
477.600	0	0	0	0	0	0	0	0	0	0	0	0	1	1	0	0	0	1	0	0	0	0	0	0	0	0	0	0	0	0	0	1	1	1	0	3
477.800	0	0	0	0	0	0	0	0	0	0	0	0	0	0	0	0	0	2	0	0	0	0	0	0	0	0	0	0	0	0	0	7	2	2	0	3
478.000	0	0	0	0	0	0	0	0	0	0	0	0	0	1	0	0	0	0	0	0	0	0	0	0	0	0	0	0	0	0	0	2	2	3	0	4
478.200	0	0	0	0	0	0	0	0	0	0	0	0	0	3	0	0	0	1	0	0	0	0	0	0	0	0	0	0	0	0	0	5	5	4	0	4
478.400	0	0	0	0	0	0	0	0	0	0	0	0	1	4	0	0	0	1	0	0	0	0	0	0	0	0	0	0	0	0	0	3	3	2	0	2
478.600	0	0	0	0	0	0	0	0	0	0	0	0	0	5	0	0	0	0	0	0	0	0	0	0	0	0	0	0	0	0	0	2	1	3	0	3
478.800	0	0	0	0	0	0	0	0	0	0	0	0	0	4	0	0	0	0	0	0	0	0	0	0	0	0	0	0	0	0	0	4	3	3	0	3
479.000	0	0	0	0	0	0	0	0	0	0	0	0	0	2	0	0	0	0	0	0	0	0	0	0	0	0	0	0	0	0	0	4	4	2	0	1
479.200	0	0	0	0	0	0	0	0	0	0	0	0	0	0	0	0	0	0	0	0	0	0	0	0	0	0	0	0	0	0	0	2	4	4	0	3
479.400	0	0	0	0	0	0	0	0	0	0	0	0	1	0	0	0	0	0	0	0	0	0	0	0	0	0	0	0	0	0	0	3	3	3	0	4
479.600	0	0	0	0	0	0	0	0	0	0	0	0	1	0	0	0	0	0	0	0	0	0	0	0	0	0	0	0	0	0	0	4	4	3	0	4
479.800	0	0	0	0	0	0	0	0	0	0	0	0	1	0	0	0	0	1	0	0	0	0	0	0	0	0	0	0	0	0	0	5	2	4	0	4
480.000	0	0	0	0	0	0	0	0	0	0	0	0	3	0	0	0	0	1	0	0	0	0	0	0	0	0	0	0	0	0	0	5	1	3	0	3
480.200	0	0	0	0	0	0	0	0	0	1	0	0	0	0	0	0	0	2	0	0	0	0	0	0	0	0	0	0	0	0	0	4	3	4	0	3
480.400	0	0	0	0	0	0	0	0	0	1	0	0	1	0	0	0	0	0	0	0	0	0	0	0	0	0	0	0	0	0	0	2	3	2	0	4
480.600	0	0	0	0	0	0	0	0	0	1	0	0	1	0	0	0	0	0	0	0	0	0	0	0	0	0	0	0	0	0	0	3	2	2	0	3
480.800	0	0	0	0	0	0	0	0	0	0	0	0	1	2	0	0	0	1	0	0	0	0	0	0	0	0	0	0	0	0	0	1	1	4	0	5
481.000	0	0	0	0	0	0	0	0	0	0	0	0	1	5	0	0	0	0	0	0	0	0	0	0	0	0	0	0	0	0	0	2	5	2	0	5
481.200	0	0	0	0	0	0	0	0	0	0	0	0	1	3	0	0	0	0	0	0	0	0	0	0	0	0	0	0	0	0	0	3	4	3	0	5
481.400	0	0	0	0	0	0	0	0	0	0	0	0	2	4	0	0	0	4	0	0	0	0	0	0	0	0	0	0	0	0	0	2	4	5	0	6
481.600	0	0	0	0	0	0	0	0	0	0	0	0	0	5	0	0	0	3	0	0	0	0	0	0	0	0	0	0	0	0	0	2	2	3	0	3
481.800	0	0	0	0	0	0	0	0	0	0	0	0	1	6	0	0	0	2	0	0	0	0	0	0	0	0	0	0	0	0	0	2	2	4	0	4
482.000	0	0	0	0	0	0	0	0	0	0	0	0	1	7	0	0	0	5	0	0	0	0	0	0	0	0	0	0	0	0	1	5	1	3	0	4
482.200	0	0	0	0	0	0	0	0	0	0	0	0	1	7	0	0	0	5	0	0	0	0	0	0	0	0	0	0	0	0	0	2	3	5	0	5
482.400	0	0	0	0	0	0	0	0	0	0	0	0	0	9	0	0	0	3	0	0	0	0	0	0	0	0	0	0	0	0	0	3	4	5	0	3
482.600	0	0	0	0	0	0	0	0	0	0	0	0	0	2	0	0	0	2	0	0	0	0	0	0	0	0	0	0	0	0	0	3	2	3	0	3
482.800	0	0	0	0	0	0	0	0	0	0	0	0	0	10	0	0	0	5	0	0	0	0	0	0	0	0	0	0	0	0	0	7	6	2	0	1
483.000	0	0	0	0	0	0	0	0	0	0	0	0	0	3	0	0	0	2	0	0	0	0	0	0	0	0	0	0	0	0	0	4	5	2	0	3
483.200	0	0	0	0	0	0	0	0	0	0	0	0	0	6	0	0	0	6	0	0	0	0	0	0	0	0	0	0	0	0	0	2	3	4	0	3
483.400	0	0	0	0	0	0	0	0	0	0	0	0	0	5	0	0	0	2	0	0	0	0	0	0	0	0	0	0	0	0	0	0	3	3	0	3
483.600	0	0	0	0	0	0	0	0	0	0	0	0	0	6	0	0	0	6	0	0	0	0	0	0	0	0	0	0	0	0	0	2	4	2	0	2
483.800	0	0	0	0	0	0	0	0	0	0	0	0	0	4	0	0	0	4	0	0	0	0	0	0	0	0	0	0	0	0	0	1	5	1	0	3
484.000	0	0	0	0	0	0	0	0	0	0	0	0	0	4	0	0	0	2	0	0	0	0	0	0	0	0	0	0	0	0	0	2	3	2	0	2
484.200	0	0	0	0	0	0	0	0	0	0	0	0	0	5	0	0	0	6	0	0	0	0	0	0	0	0	0	0	0	0	0	2	5	2	0	3
484.400	0	0	0	0	0	0	0	0	0	0	0	0	0	4	0	0	0	0	0	0	0	0	0	0	0	0	0	0	0	0	0	2	4	2	0	3
484.600	0	0	0	0	0	0	0	0	0	0	0	0	0	4	0	0	0	0	0	0	0	0	0	0	0	0	0	0	0	0	0	1	2	4	0	2
484.800	0	0	0	0	0	0	0	0	0	0	0	0	0	4	0	0	0	0	0	0	0	0	0	0	0	0	0	0	0	0	0	5	3	3	0	2
485.000	0	0	0	0	0	0	0	0	0	0	0	0	0	3	0	0	0	0	0	0	0	0	0	0	0	0	0	0	0	0	0	7	7	2	0	3
485.200	0	0	0	0	0	0	0	0	0	0	0	0	0	5	0	0	0	0	0	0	0	0	0	0	0	0	0	0	0	0	0	4	3	3	0	3
485.400	0	0	0	0	0	0	0	0	0	0	0	0	0	6	0	0	0	0	0	0	0	0	0	0	0	0	0	0	0	0	0	0	2	2	0	2
485.600	0	0	0	0	0	0	0	0	0	0	0	0	0	8	0	0	0	0	0	0	0	0	0	0	0	0	0	0	0	0	0	5	4	2	0	2
485.800	0	0	0	0	0	0	0	0	0	0	0	0	0	6	0	0	0	0	0	0	0	0	0	0	0	0	0	0	0	0	0	3	2	3	0	2
486.000	0	0	0	0	0	0	0	0	0	0	0	0	0	8	0	0	0	0	0	0	0	0	0	0	0	0	0	0	0	0	0	4	3	1	0	5
486.200	0	0	0	0	0	0	0	0	0	0	0	0	0	5	0	0	0	0	0	0	0	0	0	0	0	0	0	0	0	0	0	5	3	2	0	3
486.400	0	0	0	0	0	0	0	0	0	0	0	0	0	6	0	0	0	0	0	0	0	0	0	0	0	0	0	0	0	0	0	2	3	3	0	4
486.600	0	0	0	0	0	0	0	0	0	0	0	0	0	6	0	0	0	0	0	0	0	0	0	0	0	0	0	0	0	0	0	3	3	4	0	2
486.800	0	0	0	0	0	0	0	0	0	0	0	0	0	6	0	0	0	0	0	0	0	0	0	0	0	0	0	0	0	0	0	4	3	2	0	4
487.000	0	0	0	0	0	0	0	0	0	0	0	0	0	6	0	0	0	0	0	0	0	0	0	0	0	0	0	0	0	0	0	7	4	2	0	3
487.200	0	0	0	0	0	0	0	0	0	0	0	0	0	6	0	0	0	0	0	0	0	0	0	0	0	0	0	0	0	0	0	7	5	2	0	4
487.400	0	0	0	0	0	0	0	0	0	0	0	0	0	9	0	0	0	0	0	0	0	0	0	0	0	0	0	0	0	0	0	5	3	5	0	3
487.600	0	0	0	0	0	0	0	0	0	0	0	0	0	6	0	0	0	0	0	0	0	0	0	0	0	0	0	0	0	0	0	6	5	2	0	3
487.800	0	0	0	0	0	0	0	0	0	0	0	0	0	6	0	0	0	0	0	0	0	0	0	0	0	0	0	0	0	0	0	3	2	1	0	3
488.000	0	0	0	0	0	0	0	0	0	0	0	0	0	7	0	0	0	0	0	0	0	0	0	0	0	0	0	0	0	0	0	2	2	5	0	2
488.200	0	0	0	0	0	0	0	0	0	0	0	0	0	6	0	0	0	0	0	0	0	0	0	0	0	0	0	0	0	0	0	6	5	4	0	3
488.400	0	0	0	0	0	0	0	0	0	0	0	0	0	1	0	0	0	0	0	0	0	0	0	0	0	0	0	0	0	0	0	7	4	3	0	3
488.600	0	0	0	0	0	0	0	0	0	0	0	0	0	2	0	0	0	0	0	0	0	0	0	0	0	0	0	0	0	0	0	7	3	1	0	3
488.800	0	0	0	0	0	0	0	0	0	0	0	0	0	6	0	0	0	0	0	0	0	0	0	0	0	0	0	0	0	0	0	5	5	5	0	2
489.000	0	0	0	0	0	0	0	0	0	0	0	0	0	4	0	0	0	0	0	0	0	0	0	0	0	0	0	0	0	0	0	6	5	4	0	0
489.200	0	0	0	0	0	0	0	0	0	0	0	0	0	1	0	0	0	0	0	0	0	0	0	0	0	0	0	0	0	0	0	4	1	3	0	0
489.400	0	0	0	0	0	0	0	0	0	0	0	0	0	2	0	0	0	0	0	0	0	0	0	0	0	0	0	0	0	0	0	9	5	2	0	2
489.600	0	0	0	0	0	0	0	0	0	0	0	0	0	1	0	0	0	0	0	0	0	0	0	0	0	0	0	0	0	0	0	7	2	3	0	4
489.800	0	0	0	0	0	0	0	0	0	0	0	0	0	2	0	0	0	0	0	0	0	0	0	0	0	0	0	0	0	0	0	7	3	2	0	3
490.000	0	0	0	0	0	0	0	0	0	0	0	0	0	3	0	0	0	0	0	0	0	0	0	0	0	0	0	0	0	0	0	7	1	2	0	6
490.200	0	0	0	0	1	0	0	0	0	0	0	0	0	4	0	0	0	0	0	0	0	0	0	0	0	0	0	0	0	0	0	7	5	3	0	5
490.400	0	0	0	0	0	0	0	0	0	0	0	0	0	4	0	0	0	0	0	0	0	0	0	0	0	0	0	0	0	0	0	5	5	4	0	7
490.600	0	0	0	0	0	0	0	0	0	0	0	0	0	4	0	0	0	0	0	0	0	0	0	0	0	0	0	0	0	0	0	4	1	3	0	5
490.800	0	0	0	0	0	0	0	0	0	0	0	0	0	5	0	0	0	0	0	0	0	0	0	0	0	0	0	0	0	0	0	5	1	4	0	3
491.000	0	0	0	0	3	0	0	0	0	0	0	0	0	0	0	0	0	0	0	0	0	0	0	0	0	0	0	0	0	0	0	7	5	2	0	0
491.200	0	0	0	0	0	0	0	0	0	0	0	0	0	0	0	0	0	0	0	0	0	0	0	0	0	0	0	0	0	0	0	3	2	2	0	0
491.400	0	0	0	0	1	0	0	0	0	0	0	0	0	0	0	0	0	0	0	0	0	0	0	0	0	0	0	0	0	0	0	5	3	2	0	0
491.600	0	0	0	0	0	0	0	0	0	0	0	0	0	0	0	0	0	0	0	0	0	0	0	0	0	0	0	0	0	0	0	3	3	1	0	4
491.800	0	0	0	0	0	0	0	0	0	0	0	0	0	0	0	0	0	0	0	0	0	0	0	0	0	0	0	0	0	0	0	3	6	2	0	4
492.000	0	0	0	0	0	0	0	0	0	0	0	0	0	0	0	0	0	3	0	0	0	0	0	0	0	0	0	0	0	0	0	5	6	2	0	4
492.200	0	0	0	0	0	0	0	0	0	0	0	0	0	0	0	0	0	4	0	0	0	0	0	0	0	0	0	0	0	0	0	6	6	2	0	3
492.400	0	0	0	0	0	0	0	0	0	0	0	0	0	0	0	0	0	3	0	0	0	0	0	0	0	0	0	0	0	0	0	6	4	3	0	4
492.600	0	0	0	0	0	0	0	0	0	0	0	0	0	0	0	0	0	3	0	0	0	0	0	0	0	0	0	0	0	0	0	9	6	1	0	3
492.800	0	0	0	0	0	0	0	0	0	0	0	0	0	0	0	0	0	6	0	0	0	0	0	0	0	0	0	0	0	0	0	2	3	2	0	2
493.000	0	0	0	0	3	0	0	0	0	0	0	0	0	0	0	0	0	9	0	0	0	0	0	0	0	0	0	0	0	0	0	6	2	1	0	3
493.200	0	0	0	0	0	0	0	0	0	0	0	0	0	0	0	0	0	8	0	0	0	0	0	0	0	0	0	0	0	0	0	6	5	2	0	4
493.400	0	0	0	0	0	0	0	0	0	0	0	0	0	0	0	0	0	10	0	0	0	0	0	0	0	0	0	0	0	0	0	5	3	2	0	3
493.600	0	0	0	0	0	0	0	0	0	0	0	0	0	1	0	0	0	5	0	0	0	0	0	0	0	0	0	0	0	0	0	1	3	2	0	0
493.800	0	0	0	0	0	0	0	0	0	0	0	0	0	0	0	0	0	7	0	0	0	0	0	0	0	0	0	0	0	0	0	2	7	1	0	1
494.000	0	0	0	0	0	0	0	0	0	0	0	0	0	0	0	0	0	6	0	0	0	0	0	0	0	0	0	0	0	0	0	3	4	1	0	0
494.200	0	0	0	0	0	0	0	0	0	0	0	0	0	0	0	0	0	6	0	0	0	0	0	0	0	0	0	0	0	0	0	7	4	1	0	1
494.400	0	0	0	0	0	0	0	0	0	0	0	0	0	0	0	0	0	3	0	0	0	0	0	0	0	0	0	0	0	0	0	2	3	2	0	0
494.600	0	0	0	0	0	0	0	0	0	0	0	0	0	0	0	0	0	1	0	0	0	0	0	0	0	0	0	0	0	0	0	2	8	2	0	0
494.800	0	0	0	0	0	0	0	0	0	0	0	0	0	0	0	0	0	6	0	0	0	0	0	0	0	0	0	0	0	0	0	4	2	2	0	0
495.000	0	0	0	0	0	0	0	0	0	0	0	0	0	0	0	0	0	5	0	0	0	0	0	0	0	0	0	0	0	0	0	5	3	2	0	0
495.200	0	0	0	0	0	0	0	0	0	0	0	0	0	0	0	0	0	5	0	0	0	0	0	0	0	0	0	0	0	0	0	3	3	2	0	0
495.400	0	0	0	0	0	0	0	0	0	0	0	0	0	0	0	0	0	2	0	0	0	0	0	0	0	0	0	0	0	0	0	3	2	3	0	0
495.600	0	0	0	0	0	0	0	0	0	0	0	0	0	0	0	0	0	5	0	0	0	0	0	0	0	0	0	0	0	0	0	1	3	3	0	0
495.800	0	0	0	0	0	0	0	0	0	0	0	0	0	0	0	0	0	10	0	0	0	0	0	0	0	0	0	0	0	0	0	2	7	5	0	0
496.000	0	0	0	0	0	0	0	0	0	0	0	0	0	0	0	0	0	7	0	0	0	0	0	0	0	0	0	0	0	0	0	2	4	5	0	0
496.200	0	0	0	0	0	0	0	0	0	0	0	0	0	0	0	0	0	4	0	0	0	0	0	0	0	0	0	0	0	0	0	2	2	1	0	0
496.400	0	0	0	0	0	0	0	0	0	0	0	0	0	0	0	0	0	4	0	0	0	0	0	0	0	0	0	0	0	0	0	3	3	2	0	0
496.600	0	0	0	0	0	0	0	0	0	0	0	0	0	0	0	0	0	2	0	0	0	0	0	0	0	0	0	0	0	0	0	1	4	3	0	0
496.800	0	0	0	0	0	0	0	0	0	0	0	0	0	0	0	0	0	6	0	0	0	0	0	0	0	0	0	0	0	0	0	1	3	4	0	0
497.000	0	0	0	0	0	0	0	0	0	0	0	0	0	0	0	0	0	4	0	0	0	0	0	0	0	0	0	0	0	0	0	3	3	3	0	1
497.200	0	0	0	0	0	0	0	0	0	0	0	0	0	0	0	0	0	8	0	0	0	0	0	0	0	0	0	0	0	0	0	0	4	6	0	0
497.400	0	0	0	0	0	0	0	0	0	0	0	0	0	1	0	0	0	4	0	0	0	0	0	0	0	0	0	0	0	0	0	2	4	5	0	0
497.600	0	0	0	0	0	0	0	0	0	0	0	0	0	0	0	0	0	4	0	0	0	0	0	0	0	0	0	0	0	0	0	0	3	5	0	0
497.800	0	0	0	0	0	0	0	0	0	0	0	0	0	4	0	0	0	3	0	0	0	0	0	0	0	0	0	0	0	0	0	3	3	4	0	0
498.000	0	0	0	0	0	0	0	0	0	0	0	0	0	4	0	0	0	4	0	0	0	0	0	0	0	0	0	0	0	0	0	0	3	4	0	0
498.200	0	0	0	0	0	0	0	0	0	0	0	0	0	0	0	0	0	3	0	0	0	0	0	0	0	0	0	0	0	0	0	1	3	6	0	0
498.400	0	0	0	0	0	0	0	0	0	0	0	0	0	1	0	0	0	9	0	0	0	0	0	0	0	0	0	0	0	0	0	0	4	2	0	1
498.600	0	0	0	0	0	0	0	0	0	0	0	0	0	1	0	0	0	5	0	0	0	0	0	0	0	0	0	0	0	0	0	2	6	5	0	0
498.800	0	0	0	0	0	0	0	0	0	0	0	0	0	0	0	0	0	4	0	0	0	0	0	0	0	0	0	0	0	0	0	0	2	5	0	0
499.000	0	0	0	0	0	0	0	0	0	0	0	0	0	0	0	0	0	3	0	0	0	0	0	0	0	0	0	0	0	0	0	1	3	4	0	0
499.200	0	0	0	0	0	0	0	0	0	0	0	0	0	0	0	0	0	1	0	0	0	0	0	0	0	0	0	0	0	0	0	0	4	5	0	0
499.400	0	0	0	0	0	0	0	0	0	0	0	0	0	0	0	0	0	2	0	0	0	0	0	0	0	0	0	0	0	0	0	1	7	4	0	0
499.600	0	0	0	0	0	0	0	0	0	0	0	0	0	1	0	0	0	2	0	0	0	0	0	0	0	0	0	0	0	0	0	1	3	4	0	0
499.800	0	0	0	0	0	0	0	0	0	0	0	0	0	0	0	0	0	1	0	0	0	0	0	0	0	0	0	0	0	0	0	1	3	3	0	0
500.000	0	0	0	0	0	0	0	0	0	0	0	0	0	0	0	0	0	5	0	0	0	0	0	0	0	0	0	0	0	0	0	0	3	3	0	0
500.200	0	0	0	0	0	0	0	0	0	0	0	0	0	0	0	0	0	1	0	0	0	0	0	0	0	0	0	0	0	0	0	2	4	3	0	0
500.400	0	0	0	0	1	0	0	0	0	0	0	0	0	0	0	0	0	1	0	0	0	0	0	0	0	0	0	0	0	0	0	2	5	7	0	0
500.600	0	0	0	0	0	0	0	0	0	0	0	0	0	0	0	0	0	4	0	0	0	0	0	0	0	0	0	0	0	0	0	0	4	5	0	0
500.800	0	1	0	0	0	0	0	0	0	0	0	0	0	0	0	0	0	3	0	0	0	0	0	0	0	0	0	0	0	0	0	0	2	2	0	0
501.000	0	0	0	0	1	0	0	0	0	0	0	0	0	0	0	0	0	1	0	0	0	0	0	0	0	0	0	0	0	0	0	1	4	4	0	1
501.200	0	0	0	0	0	0	0	0	0	0	0	0	0	0	0	0	0	5	0	0	0	0	0	0	0	0	0	0	0	0	0	0	4	5	0	0
501.400	0	0	0	0	0	0	0	0	0	0	0	0	0	0	0	0	0	10	0	0	0	0	0	0	0	0	0	0	0	0	0	0	5	7	0	0
501.600	0	0	0	0	0	0	0	0	0	0	0	0	0	0	0	0	0	2	0	0	0	0	0	0	0	0	0	0	0	0	0	0	1	5	0	0
501.800	0	0	0	0	0	0	0	0	0	0	0	0	0	0	0	0	0	9	0	0	0	0	0	0	0	0	0	0	0	0	0	1	1	6	0	0
502.000	0	0	0	0	0	0	0	0	0	0	0	0	0	0	0	0	0	7	0	0	0	0	0	0	0	0	0	0	0	0	0	3	3	5	0	1
502.200	0	0	0	0	0	0	0	0	0	0	0	0	0	0	0	0	0	11	0	0	0	0	0	0	0	0	0	0	0	0	0	3	3	3	0	1
502.400	0	0	0	0	0	0	0	0	0	0	0	0	0	0	0	0	0	9	0	0	0	0	0	0	0	0	0	0	0	0	0	0	2	6	0	0
502.600	0	0	0	0	0	0	0	0	0	0	0	0	0	0	0	0	0	6	0	0	0	0	0	0	0	0	0	0	0	0	0	0	2	3	0	0
502.800	0	0	0	0	0	0	0	0	0	0	0	0	0	0	0	0	0	8	0	0	0	0	0	0	0	0	0	0	0	0	0	0	2	6	0	2
503.000	0	0	0	0	0	0	0	0	0	0	0	0	0	0	0	0	0	7	0	0	0	0	0	0	0	0	0	0	0	0	0	0	1	4	0	3
503.200	0	0	0	0	0	0	0	0	0	0	0	0	0	0	0	0	0	0	0	0	0	0	0	0	0	0	0	0	0	0	0	0	1	6	0	1
503.400	0	0	0	0	0	0	0	0	0	0	0	0	0	0	0	0	0	0	0	0	0	0	0	0	0	0	0	0	0	0	0	0	3	7	0	0
503.600	0	0	0	0	0	0	0	0	0	0	0	0	0	0	0	0	0	2	0	0	0	0	0	0	0	0	0	0	0	0	0	1	3	5	0	1
503.800	0	0	0	0	0	0	0	0	0	0	0	0	0	0	0	0	0	3	0	0	0	0	0	0	0	0	0	0	0	0	0	0	3	5	0	1
504.000	0	0	0	0	0	0	0	0	0	0	0	0	0	0	0	0	0	6	0	0	0	0	0	0	0	0	0	0	0	0	0	0	2	3	0	1
504.200	0	0	0	0	0	0	0	0	0	0	0	0	0	0	0	0	0	5	0	0	0	0	0	0	0	0	0	0	0	0	0	3	5	2	0	3
504.400	0	0	0	0	0	0	0	0	0	0	0	0	0	0	0	0	0	5	0	0	0	0	0	0	0	0	0	0	0	0	0	2	3	4	0	1
504.600	0	0	0	0	0	0	0	0	0	0	0	0	0	0	0	0	0	3	0	0	0	0	0	0	0	0	0	0	0	0	0	3	2	3	0	1
504.800	0	0	0	0	0	0	0	0	0	0	0	0	0	0	0	0	0	8	0	0	0	0	0	0	0	0	0	0	0	0	0	1	7	4	0	2
505.000	0	0	0	0	0	0	0	0	0	0	0	0	0	0	0	0	0	0	0	0	0	0	0	0	0	0	0	0	0	0	0	2	4	2	0	3
505.200	0	0	0	0	0	0	0	0	0	0	0	0	0	0	0	0	0	3	0	0	0	0	0	0	0	0	0	0	0	0	0	1	3	3	0	1
505.400	0	0	0	0	0	0	0	0	0	0	0	0	0	0	0	0	0	0	0	0	0	0	0	0	0	0	0	0	0	0	0	2	3	3	0	1
505.600	0	0	0	0	0	0	0	0	0	0	0	0	0	0	0	0	0	0	0	0	0	0	0	0	0	0	0	0	0	0	0	2	3	2	0	1
505.800	0	0	0	0	0	0	0	0	0	0	0	0	0	0	0	0	0	0	0	0	0	0	0	0	0	0	0	0	0	0	0	6	4	5	0	0
506.000	0	0	0	0	0	0	0	0	0	0	0	0	0	0	0	0	0	0	0	0	0	0	0	0	0	0	0	0	0	0	0	2	2	4	0	0
506.200	0	0	0	0	0	0	0	0	0	0	0	0	0	0	0	0	0	5	0	0	0	0	0	0	0	0	0	0	0	0	0	2	5	2	0	0
506.400	0	0	0	0	0	0	0	0	0	0	0	0	0	0	0	0	0	9	0	0	0	0	0	0	0	0	0	0	0	0	0	2	3	3	0	0
506.600	0	0	0	0	0	0	0	0	0	0	0	0	0	0	0	0	0	10	0	0	0	0	0	0	0	0	0	0	0	0	0	5	6	1	0	0
506.800	0	0	0	0	0	0	0	0	0	0	0	0	0	0	0	0	0	2	0	0	0	0	0	0	0	0	0	0	0	0	0	3	3	2	0	0
507.000	0	0	0	0	0	0	0	0	0	0	0	0	0	0	0	0	0	1	0	0	0	0	0	0	0	0	0	0	0	0	0	6	6	1	0	0
507.200	0	0	0	0	0	0	0	0	0	0	0	0	0	0	0	0	0	2	0	0	0	0	0	0	0	0	0	0	0	0	0	5	5	2	0	0
507.400	0	0	0	0	0	0	0	0	0	0	0	0	0	0	0	0	0	6	0	0	0	0	0	0	0	0	0	0	0	0	0	4	2	1	0	0
507.600	0	0	0	0	0	0	0	0	0	0	0	0	0	0	0	0	0	10	0	0	0	0	0	0	0	0	0	0	0	0	0	2	4	2	0	0
507.800	0	0	0	0	0	0	0	0	0	0	0	0	0	0	0	0	0	8	0	0	0	0	0	0	0	0	0	0	0	0	0	3	3	3	0	0
508.000	0	0	0	0	0	0	0	0	0	0	0	0	0	0	0	0	0	7	0	0	0	0	0	0	0	0	0	0	0	0	0	0	3	3	0	0
508.200	0	0	0	0	0	0	0	0	0	0	0	0	0	0	0	0	0	7	0	0	0	0	0	0	0	0	0	0	0	0	0	4	2	6	1	0
508.400	0	0	0	0	0	0	0	0	0	0	0	0	0	0	0	0	0	8	0	0	0	0	0	0	0	0	0	0	0	0	0	4	1	5	0	0
508.600	0	0	0	0	0	0	0	0	0	0	0	0	0	0	0	0	0	7	0	0	0	0	0	0	0	0	0	0	0	0	0	4	3	2	0	0
508.800	0	0	0	0	0	0	0	0	0	0	0	0	0	0	0	0	0	7	0	0	0	0	0	0	0	0	0	0	0	0	0	4	2	4	0	0
509.000	0	0	0	0	0	0	0	0	0	0	0	0	0	0	0	0	0	6	0	0	0	0	0	0	0	0	0	0	0	0	0	4	3	3	0	0
509.200	0	0	0	0	0	0	0	0	0	0	0	0	0	0	0	0	0	6	0	0	0	0	0	0	0	0	0	0	0	0	0	1	2	4	0	0
509.400	0	0	0	0	0	0	0	0	0	0	0	0	0	0	0	0	0	6	0	0	0	0	0	0	0	0	0	0	0	0	0	1	2	5	0	0
509.600	0	0	0	0	0	0	0	0	0	0	0	0	0	0	0	0	0	9	0	0	0	0	0	0	0	0	0	0	0	0	0	2	4	4	0	0
509.800	0	0	0	0	0	0	0	0	0	0	0	0	0	0	0	0	0	8	0	0	0	0	0	0	0	0	0	0	0	0	0	4	3	3	0	0
510.000	0	0	0	0	0	0	0	0	0	0	0	0	0	0	0	0	0	7	0	0	0	0	0	0	0	0	0	0	0	0	0	1	6	3	0	0
510.200	0	0	0	0	0	0	0	0	0	0	0	0	0	0	0	0	0	6	0	0	0	0	0	0	0	0	0	0	0	0	0	5	4	3	0	0
510.400	0	0	0	0	0	0	0	0	0	0	0	0	0	0	0	0	0	8	0	0	0	0	0	0	0	0	0	0	0	0	0	4	2	5	0	0
510.600	0	0	2	0	0	0	0	0	0	0	0	0	0	0	0	0	0	8	0	0	0	0	0	0	0	0	0	0	0	0	0	3	2	0	0	0
510.800	0	0	4	0	0	0	0	0	0	0	0	0	0	0	0	0	0	7	0	0	0	0	0	0	0	0	0	0	0	0	0	2	2	0	0	0
511.000	0	0	2	0	0	0	0	0	0	0	0	0	0	0	0	0	0	8	0	0	0	0	0	0	0	0	0	0	0	0	0	0	1	0	0	0
511.200	0	0	1	0	0	0	0	0	0	0	0	0	0	0	0	0	0	8	0	0	0	0	0	0	0	0	0	0	0	0	0	8	2	0	0	0
511.400	0	0	4	0	0	0	0	0	0	0	0	0	0	0	0	0	0	11	0	0	0	0	0	0	0	0	0	0	0	0	0	0	1	1	0	0
511.600	0	0	0	0	0	0	0	0	0	0	0	0	0	0	0	0	0	9	0	0	0	0	0	0	0	0	0	0	0	0	0	2	7	4	0	0
511.800	0	0	0	0	0	0	0	0	0	0	0	0	0	0	0	0	0	9	0	0	0	0	0	0	0	0	0	0	0	0	0	0	3	1	0	0
512.000	0	0	0	0	0	0	0	0	0	0	0	0	0	0	0	0	0	11	0	0	0	0	0	0	0	0	0	0	0	0	0	2	2	1	0	0
512.200	0	0	0	0	0	0	0	0	0	0	0	0	0	0	0	0	0	11	0	0	0	0	0	0	0	0	0	0	0	0	0	1	3	0	0	0
512.400	0	0	0	0	0	0	0	0	0	0	0	0	0	0	0	0	0	13	0	0	0	0	0	0	0	0	0	0	0	0	0	0	2	0	0	0
512.600	0	0	0	0	0	0	0	0	0	0	0	0	0	0	0	0	0	6	0	0	0	0	0	0	0	0	0	0	0	0	0	0	0	0	0	0
512.800	0	0	0	0	0	0	0	0	0	0	0	0	0	0	0	0	0	8	0	0	0	0	0	0	0	0	0	0	0	0	0	1	1	0	0	0
513.000	0	0	0	0	0	0	0	0	0	0	0	0	0	0	0	0	0	4	0	0	0	0	0	0	0	0	0	0	0	0	0	9	2	0	0	0
513.200	0	0	0	0	0	0	0	0	0	0	0	0	0	0	0	0	0	6	0	0	0	0	0	0	0	0	0	0	0	0	0	7	2	0	0	0
513.400	0	0	0	0	0	0	0	0	0	0	0	0	0	0	0	0	0	8	0	0	0	0	0	0	0	0	0	0	0	0	0	3	2	0	0	0
513.600	0	0	0	0	0	0	0	0	0	0	0	0	0	0	0	0	0	5	0	0	0	0	0	0	0	0	0	0	0	0	0	0	2	0	0	0
513.800	0	0	0	0	0	0	0	0	0	0	0	0	0	0	0	0	0	7	0	0	0	0	0	0	0	0	0	0	0	0	0	4	2	0	0	0
514.000	0	0	0	0	0	0	0	0	0	0	0	0	0	0	0	0	0	6	0	0	0	0	0	0	0	0	0	0	0	0	0	10	3	0	0	0
514.200	0	0	0	0	0	0	0	0	0	0	0	0	0	0	0	0	0	7	0	0	0	0	0	0	0	0	0	0	0	0	0	8	4	0	0	0
514.400	0	0	0	0	0	0	0	0	0	0	0	0	0	0	0	0	0	8	0	0	0	0	0	0	0	0	0	0	0	0	0	7	3	0	0	0
514.600	0	0	0	0	0	0	0	0	0	0	0	0	0	0	0	0	0	4	0	0	0	0	0	0	0	0	0	0	0	0	0	9	3	0	0	0
514.800	0	0	0	0	0	0	0	0	0	0	0	0	0	0	0	0	0	0	0	0	0	0	0	0	0	0	0	0	0	0	0	11	3	0	0	0
515.000	0	0	0	0	0	0	0	0	0	0	0	0	0	0	0	0	0	0	0	0	0	0	0	0	0	0	0	0	0	0	0	0	2	0	0	0
515.200	0	0	0	0	0	0	0	0	0	0	0	0	0	0	0	0	0	0	0	0	0	0	0	0	0	0	0	0	0	0	0	3	1	0	0	0
515.400	0	0	0	0	0	0	0	0	0	0	0	0	0	0	0	0	0	0	0	0	0	0	0	0	0	0	0	0	0	0	0	0	1	0	0	0
515.600	0	0	0	0	0	0	0	0	0	0	0	0	0	0	0	0	0	0	0	0	0	0	0	0	0	0	0	0	0	0	0	4	3	0	0	0
515.800	0	0	0	0	0	0	0	0	0	0	0	0	0	0	0	0	0	2	0	0	0	0	0	0	0	0	0	0	0	0	0	6	5	0	0	4
516.000	0	0	0	0	1	0	0	0	0	0	0	0	0	0	0	0	0	0	0	0	0	0	0	0	0	0	0	0	0	0	0	2	2	0	0	1
516.200	0	0	0	0	0	0	0	0	0	0	0	0	0	0	0	0	0	0	0	0	0	0	0	0	0	0	0	0	0	0	0	1	5	1	0	0
516.400	0	0	0	0	0	0	0	0	0	0	0	0	0	0	0	0	0	0	0	0	0	0	0	0	0	0	0	0	0	0	0	1	6	5	0	0
516.600	0	0	0	0	0	0	0	0	0	0	0	0	0	3	0	0	0	0	0	0	0	0	0	0	0	0	0	0	0	0	0	2	4	4	0	0
516.800	0	0	0	0	0	0	0	0	0	0	0	0	0	5	0	0	0	0	0	0	0	0	0	0	0	0	0	0	0	0	0	3	2	4	0	0
517.000	0	0	0	0	0	0	0	0	0	0	0	0	0	5	0	0	0	0	0	0	0	0	0	0	0	0	0	0	0	0	0	0	3	4	0	0
517.200	0	0	0	0	0	0	0	0	0	0	0	0	0	4	0	0	0	0	0	0	0	0	0	0	0	0	0	0	0	0	0	1	1	6	0	0
517.400	0	0	0	0	0	0	0	0	0	0	0	0	0	7	0	0	0	0	0	0	0	0	0	0	0	0	0	0	0	0	0	0	3	6	0	0
517.600	0	0	0	0	0	0	0	0	0	0	0	0	0	6	0	0	0	0	0	0	0	0	0	0	0	0	0	0	0	0	0	2	5	6	0	0
517.800	0	0	0	0	0	0	0	0	0	0	0	0	0	6	0	0	0	0	0	0	0	0	0	0	0	0	0	0	0	0	0	1	3	5	0	0
518.000	1	0	0	0	1	0	0	0	0	0	0	0	0	6	0	0	0	0	0	0	0	0	0	0	0	0	0	0	0	0	0	1	4	4	0	0
518.200	1	0	0	0	0	0	0	0	0	0	0	0	1	8	0	0	0	1	0	0	0	0	0	0	0	0	0	0	0	0	0	1	5	2	0	0
518.400	0	0	0	0	0	0	0	0	0	0	0	0	0	5	0	0	0	0	0	0	0	0	0	0	0	0	0	0	0	0	0	1	5	3	0	0
518.600	0	0	0	0	0	0	0	0	0	0	0	0	0	3	0	0	0	1	0	0	0	0	0	0	0	0	0	0	0	0	0	2	1	3	0	0
518.800	0	0	0	0	0	0	0	0	0	0	0	1	0	6	0	0	0	0	0	0	0	0	0	0	0	0	0	0	0	0	0	0	3	2	0	0
519.000	0	0	0	0	0	0	0	0	0	0	0	1	1	7	0	0	5	0	0	0	0	0	0	0	0	0	0	0	0	0	0	0	6	4	0	0
519.200	0	0	0	0	1	0	0	0	0	0	0	0	0	7	0	0	7	0	0	0	0	0	0	0	0	0	0	0	0	0	0	5	2	6	0	0
519.400	0	0	0	0	0	0	0	0	0	0	0	1	0	1	0	0	4	0	0	0	0	0	0	0	0	0	0	0	0	0	0	1	3	6	0	0
519.600	0	0	0	0	0	0	0	0	0	0	0	2	0	6	0	0	6	1	0	0	0	0	0	0	0	0	0	0	0	0	0	6	2	6	0	0
519.800	0	0	0	0	0	0	0	0	0	0	0	0	0	0	0	0	6	0	0	0	0	0	0	0	0	0	0	0	0	0	0	2	4	3	0	0
520.000	0	0	0	0	0	0	0	0	0	0	0	1	0	5	0	0	3	0	0	0	0	0	0	0	0	0	0	0	0	0	0	1	3	5	0	1
520.200	0	0	0	0	0	0	0	0	0	0	0	1	0	9	0	0	8	0	0	0	0	0	0	0	0	0	0	0	0	0	0	5	2	3	0	1
520.400	0	0	0	0	1	0	0	0	0	0	0	4	0	7	0	0	3	0	0	0	0	0	0	0	0	0	0	0	0	0	0	2	3	6	0	1
520.600	0	0	0	0	0	0	0	0	0	0	0	5	2	5	0	0	5	0	0	0	0	0	0	0	0	0	0	0	0	0	0	1	3	2	0	3
520.800	0	0	0	0	0	0	0	0	0	0	0	5	2	4	0	0	12	0	0	0	0	0	0	0	0	0	0	0	0	0	0	5	2	6	0	3
521.000	0	0	0	0	0	0	0	0	0	0	0	7	2	5	0	0	4	0	0	0	0	0	0	0	0	0	0	0	0	0	0	5	6	4	0	5
521.200	0	0	0	0	0	0	0	0	0	0	0	7	2	4	0	0	1	0	0	0	0	0	0	0	0	0	0	0	0	0	0	3	4	5	0	3
521.400	0	0	0	0	0	0	0	0	0	0	0	1	2	5	0	0	2	0	0	0	0	0	0	0	0	0	0	0	0	0	0	1	2	1	0	4
521.600	0	0	0	0	0	0	0	0	0	0	0	3	2	4	0	0	0	0	0	0	0	0	0	0	0	0	0	0	0	0	0	2	4	3	0	5
521.800	0	0	0	0	0	0	0	0	0	0	0	6	2	2	0	0	0	2	0	0	0	0	0	0	0	0	0	0	0	0	0	2	9	4	0	2
522.000	0	0	0	0	0	0	0	0	0	0	0	3	3	4	0	0	0	0	0	0	0	0	0	0	0	0	0	0	0	0	0	3	5	4	0	0
522.200	0	0	0	0	0	0	0	0	0	0	0	8	2	1	0	0	0	0	0	0	0	0	0	0	0	0	0	0	0	0	0	6	8	5	0	0
522.400	0	0	0	0	0	0	0	0	0	0	0	4	1	8	0	0	0	0	0	0	0	0	0	0	0	0	0	0	0	0	0	4	7	5	0	0
522.600	0	0	0	0	0	0	0	0	0	0	0	2	3	4	0	0	0	0	0	0	0	0	0	0	0	0	0	0	0	0	0	6	9	4	0	0
522.800	0	0	0	0	0	0	0	0	0	0	0	2	3	0	0	0	0	6	0	0	0	0	0	0	0	0	0	0	0	0	0	6	10	3	0	0
523.000	0	0	0	0	0	0	0	0	0	0	0	0	0	0	0	0	0	7	0	0	0	0	0	0	0	0	0	0	0	0	0	2	8	5	0	2
523.200	0	0	0	0	0	0	0	0	0	0	0	0	0	3	0	0	0	5	0	0	0	0	0	0	0	0	0	0	0	0	0	8	1	3	0	1
523.400	0	0	0	0	0	0	0	0	0	0	0	5	2	5	0	0	0	5	0	0	0	0	0	0	0	0	0	0	0	0	0	6	8	7	0	2
523.600	0	0	0	0	0	0	0	0	0	0	0	1	2	5	0	0	0	7	0	0	0	0	0	0	0	0	0	0	0	0	0	8	4	6	0	1
523.800	0	0	0	0	0	0	0	0	0	0	0	0	1	4	0	0	7	2	0	0	0	0	0	0	0	0	0	0	0	0	0	7	8	6	0	0
524.000	0	0	0	0	0	0	0	0	0	0	0	0	1	3	0	0	2	5	0	0	0	0	0	0	0	0	0	0	0	0	0	7	3	4	0	2
524.200	0	0	0	0	0	0	0	0	0	0	0	0	2	4	0	0	5	5	0	0	0	0	0	0	0	0	0	0	0	0	0	8	6	3	0	5
524.400	0	0	0	0	0	0	0	0	0	0	0	0	2	1	0	0	2	6	0	0	0	0	0	0	0	0	0	0	0	0	0	10	10	7	0	2
524.600	0	0	0	0	0	0	0	0	0	0	0	0	1	5	0	0	0	6	0	0	0	0	0	0	0	0	0	0	0	0	0	8	8	3	0	2
524.800	0	0	0	0	0	0	0	0	0	0	0	2	3	1	0	0	1	0	0	0	0	0	0	0	0	0	0	0	0	0	0	8	8	4	0	3
525.000	0	0	0	0	0	0	0	0	0	0	0	0	1	2	0	0	1	6	0	0	0	0	0	0	0	0	0	0	0	0	0	7	10	5	0	0
525.200	0	0	0	0	0	0	0	0	0	0	0	1	2	6	0	0	5	4	0	0	0	0	0	0	0	0	0	0	0	0	0	8	12	7	0	0
525.400	0	0	0	0	1	0	0	0	0	0	0	0	2	2	0	0	7	6	0	0	0	0	0	0	0	0	0	0	0	0	0	7	5	4	0	0
525.600	0	0	0	0	0	0	0	0	0	0	0	0	2	3	0	0	6	7	0	0	0	0	0	0	0	0	0	0	0	0	0	7	11	6	0	0
525.800	0	0	0	0	0	0	0	0	0	0	0	0	0	7	0	0	2	9	0	0	0	0	0	0	0	0	0	0	0	0	0	6	6	3	0	0
526.000	0	0	0	0	0	0	0	0	0	0	0	0	1	3	0	0	2	7	0	0	0	0	0	0	0	0	0	0	0	0	0	5	6	4	0	0
526.200	0	0	0	0	0	0	0	0	0	0	0	0	2	1	0	0	1	6	0	0	0	0	0	0	0	0	0	0	0	0	0	6	7	6	0	0
526.400	0	0	0	0	0	0	0	0	0	0	0	0	0	6	0	0	3	6	0	0	0	0	0	0	0	0	0	0	0	0	0	9	10	4	0	0
526.600	0	0	0	0	0	0	0	0	0	0	0	1	0	7	0	0	2	5	0	0	0	0	0	0	0	0	0	0	0	0	0	8	5	6	0	0
526.800	0	0	0	0	0	0	0	0	0	0	0	1	1	5	0	0	5	6	0	0	0	0	0	0	0	0	0	0	0	0	0	8	8	4	0	0
527.000	0	0	0	0	0	0	0	0	0	0	0	4	1	9	0	0	0	7	0	0	0	0	0	0	0	0	0	0	0	0	0	7	6	5	0	0
527.200	0	0	0	0	0	0	0	0	0	0	0	0	1	6	0	0	3	6	0	0	0	0	0	0	0	0	0	0	0	0	0	6	5	5	0	0
527.400	0	0	0	0	0	0	0	0	0	0	0	0	0	7	0	0	0	5	0	0	0	0	0	0	0	0	0	0	0	0	0	7	5	5	0	0
527.600	0	0	0	0	0	0	0	0	0	0	0	0	0	4	0	0	0	6	0	0	0	0	0	0	0	0	0	0	0	0	0	7	5	5	0	2
527.800	0	0	0	0	0	0	0	0	0	0	0	0	0	7	0	0	0	7	0	0	0	0	0	0	0	0	0	0	0	0	0	10	8	6	0	1
528.000	0	0	0	0	0	0	0	0	0	0	0	0	0	6	0	0	0	8	0	0	0	0	0	0	0	0	0	0	0	0	0	8	10	7	0	2
528.200	0	0	0	0	0	0	0	0	0	0	0	0	0	10	0	0	0	8	0	0	0	0	0	0	0	0	0	0	0	0	0	7	12	6	0	0
528.400	0	0	0	0	0	0	0	0	0	0	0	0	0	10	0	0	0	1	0	0	0	0	0	0	0	0	0	0	0	0	0	2	3	6	0	1
528.600	0	0	0	0	0	0	0	0	0	0	0	0	0	4	0	0	0	7	0	0	0	0	0	0	0	0	0	0	0	0	0	7	5	3	0	4
528.800	0	0	0	0	0	0	0	0	0	0	0	0	0	3	0	0	0	6	0	0	0	0	0	0	0	0	0	0	0	0	0	6	6	4	0	0
529.000	0	0	0	0	0	0	0	0	0	0	0	0	0	7	0	0	0	5	0	0	0	0	0	0	0	0	0	0	0	0	0	8	5	4	0	0
529.200	0	0	0	0	0	0	0	0	0	0	0	0	0	10	0	0	0	9	0	0	0	0	0	0	0	0	0	0	0	0	0	7	6	6	0	0
529.400	0	0	0	0	0	0	0	0	0	0	0	0	0	6	0	0	0	10	0	0	0	0	0	0	0	0	0	0	0	0	0	7	6	4	0	0
529.600	0	0	0	0	0	0	0	0	0	0	0	0	0	8	0	0	0	7	0	0	0	0	0	0	0	0	0	0	0	0	0	7	6	6	0	0
529.800	0	0	0	0	0	0	0	0	0	0	0	0	0	13	0	0	0	5	0	0	0	0	0	0	0	0	0	0	0	0	0	7	2	4	0	0
530.000	0	0	0	0	0	0	0	0	0	0	0	0	0	9	0	0	0	6	0	0	0	0	0	0	0	0	0	0	0	0	0	8	6	6	0	0
530.200	0	0	0	0	0	0	0	0	0	0	0	0	0	5	0	0	0	7	0	0	0	0	0	0	0	0	0	0	0	0	0	1	2	6	0	0
530.400	0	0	0	0	0	0	0	0	0	0	0	0	0	5	0	0	0	10	0	0	0	0	0	0	0	0	0	0	0	0	0	1	0	5	0	1
530.600	0	0	0	0	0	0	0	0	0	0	0	0	0	7	0	0	0	7	0	0	0	0	0	0	0	0	0	0	0	0	0	5	3	4	0	0
530.800	0	0	0	0	0	0	0	0	0	0	0	0	0	7	0	0	0	5	0	0	0	0	0	0	0	0	0	0	0	0	0	3	4	4	0	2
531.000	0	0	0	0	0	0	0	0	0	0	0	0	0	8	0	0	0	6	0	0	0	0	0	0	0	0	0	0	0	0	0	3	4	5	0	0
531.200	0	0	0	0	0	0	0	0	0	0	0	0	0	7	0	0	0	2	0	0	0	0	0	0	0	0	0	0	0	0	0	8	7	5	0	0
531.400	0	0	0	0	0	0	0	0	0	0	0	0	0	6	0	0	0	5	0	0	0	0	0	0	0	0	0	0	0	0	0	2	3	7	0	0
531.600	0	0	0	0	0	0	0	0	0	0	0	0	0	7	0	0	0	7	0	0	0	0	0	0	0	0	0	0	0	0	0	4	6	5	0	0
531.800	0	0	0	0	0	0	0	0	0	0	0	0	0	6	0	0	0	7	0	0	0	0	0	0	0	0	0	0	0	0	0	5	5	5	0	0
532.000	0	0	0	0	0	0	0	0	0	0	0	0	0	5	0	0	0	6	0	0	0	0	0	0	0	0	0	0	0	0	0	4	6	6	0	0
532.200	0	0	0	0	0	0	0	0	0	0	0	0	0	5	0	0	0	6	0	0	0	0	0	0	0	0	0	0	0	0	0	4	5	4	0	0
532.400	0	0	0	0	0	0	0	0	0	0	0	0	0	8	0	0	0	5	0	0	0	0	0	0	0	0	0	0	0	0	0	0	5	6	0	0
532.600	0	0	0	0	0	0	0	0	0	0	0	0	0	1	0	0	0	5	0	0	0	0	0	0	0	0	0	0	0	0	0	6	5	6	0	0
532.800	0	0	0	0	0	0	0	0	0	0	0	0	0	3	0	0	0	7	0	0	0	0	0	0	0	0	0	0	0	0	0	4	7	6	0	0
533.000	0	0	0	0	0	0	0	0	0	0	0	0	0	4	0	0	0	5	0	0	0	0	0	0	0	0	0	0	0	0	0	1	7	6	0	0
533.200	0	0	0	0	0	0	0	0	0	0	0	0	0	2	0	0	0	7	0	0	0	0	0	0	0	0	0	0	0	0	0	1	6	6	0	0
533.400	0	0	0	0	0	0	0	0	0	0	0	0	0	4	0	0	0	7	0	0	0	0	0	0	0	0	0	0	0	0	0	2	7	6	0	0
533.600	0	0	0	0	0	0	0	0	0	0	0	0	0	1	0	0	0	5	0	0	0	0	0	0	0	0	0	0	0	0	0	3	5	4	0	0
533.800	0	0	0	0	0	0	0	0	0	0	0	0	0	2	0	0	0	8	0	0	0	0	0	0	0	0	0	0	0	0	0	7	6	5	0	0
534.000	0	0	0	0	0	0	0	0	0	0	0	0	0	1	0	0	0	5	0	0	0	0	0	0	0	0	0	0	0	0	0	6	5	2	0	0
534.200	0	0	0	0	0	0	0	0	0	0	0	0	0	5	0	0	0	8	0	0	0	0	0	0	0	0	0	0	0	0	0	9	9	2	0	0
534.400	0	0	0	0	0	0	0	0	0	0	0	0	0	6	0	0	0	5	0	0	0	0	0	0	0	0	0	0	0	0	0	10	12	4	0	0
534.600	0	0	0	0	0	0	0	0	0	0	0	0	0	3	0	0	0	3	0	0	0	0	0	0	0	0	0	0	0	0	0	8	8	5	0	0
534.800	0	0	0	0	0	0	0	0	0	0	0	0	0	7	0	0	0	12	0	0	0	0	0	0	0	0	0	0	0	0	0	6	5	4	0	0
535.000	0	0	0	0	0	0	0	0	0	0	0	0	0	6	0	0	0	5	0	0	0	0	0	0	0	0	0	0	0	0	0	8	7	7	0	0
535.200	0	0	0	0	0	0	0	0	0	0	0	0	0	4	0	0	0	10	0	0	0	0	0	0	0	0	0	0	0	0	0	8	6	5	0	0
535.400	0	0	0	0	0	0	0	0	0	0	0	0	0	5	0	0	0	9	0	0	0	0	0	0	0	0	0	0	0	0	0	8	6	3	0	0
535.600	0	0	0	0	0	0	0	0	0	0	0	0	0	7	0	0	0	5	0	0	0	0	0	0	0	0	0	0	0	0	0	8	9	3	0	0
535.800	0	0	0	0	0	0	0	0	0	0	0	0	0	6	0	0	0	11	0	0	0	0	0	0	0	0	0	0	0	0	0	8	9	6	0	0
536.000	0	0	0	0	0	0	0	0	0	0	0	0	0	6	0	0	0	7	0	0	0	0	0	0	0	0	0	0	0	0	0	7	8	6	0	0
536.200	0	0	0	0	0	0	0	0	0	0	0	0	0	6	0	0	0	10	0	0	0	0	0	0	0	0	0	0	0	0	0	6	5	6	0	0
536.400	0	0	0	0	0	0	0	0	0	0	0	0	0	7	0	0	0	11	0	0	0	0	0	0	0	0	0	0	0	0	0	7	6	5	0	0
536.600	0	0	0	0	0	0	0	0	0	0	0	0	0	6	0	0	0	7	0	0	0	0	0	0	0	0	0	0	0	0	0	7	5	5	0	0
536.800	0	0	0	0	0	0	0	0	0	0	0	0	0	8	0	0	0	6	0	0	0	0	0	0	0	0	0	0	0	0	0	7	7	6	0	0
537.000	0	0	0	0	0	0	0	0	0	0	0	0	0	9	0	0	0	8	0	0	0	0	0	0	0	0	0	0	0	0	0	8	6	4	0	0
537.200	0	0	0	0	0	0	0	0	0	0	0	0	0	7	0	0	0	6	0	0	0	0	0	0	0	0	0	0	0	0	0	9	9	2	0	0
537.400	0	0	0	0	0	0	0	0	0	0	0	0	0	7	0	0	0	10	0	0	0	0	0	0	0	0	0	0	0	0	0	9	7	5	0	0
537.600	0	0	0	0	0	0	0	0	0	0	0	0	0	8	0	0	0	8	0	0	0	0	0	0	0	0	0	0	0	0	0	8	6	4	0	0
537.800	0	0	0	0	0	0	0	0	0	0	0	0	0	5	0	0	0	3	0	0	0	0	0	0	0	0	0	0	0	0	0	8	5	4	0	0
538.000	0	0	0	0	0	0	0	0	0	0	0	0	0	6	0	0	0	6	0	0	0	0	0	0	0	0	0	0	0	0	0	8	7	6	0	0
538.200	0	0	0	0	0	0	0	0	0	0	0	0	0	10	0	0	0	8	0	0	0	0	0	0	0	0	0	0	0	0	0	8	5	4	0	0
538.400	0	0	0	0	0	0	0	0	0	0	0	0	0	8	0	0	0	5	0	0	0	0	0	0	0	0	0	0	0	0	0	7	6	2	0	1
538.600	0	0	0	0	0	0	0	0	0	0	0	0	0	10	0	0	0	4	0	0	0	0	0	0	0	0	0	0	0	0	0	8	5	4	0	0
538.800	0	0	0	0	0	0	0	0	0	0	0	0	0	7	0	0	0	7	0	0	0	0	0	0	0	0	0	0	0	0	0	2	5	3	0	0
539.000	0	0	0	0	0	0	0	0	0	0	0	0	0	6	0	0	0	4	0	0	0	0	0	0	0	0	0	0	0	0	0	1	4	4	0	0
539.200	0	0	0	0	0	0	0	0	0	0	0	0	0	8	0	0	0	11	0	0	0	0	0	0	0	0	0	0	0	0	0	7	8	4	0	0
539.400	0	0	0	0	0	0	0	0	0	0	0	0	0	7	0	0	0	6	0	0	0	0	0	0	0	0	0	0	0	0	0	7	6	4	0	1
539.600	2	0	0	0	0	0	0	0	0	0	0	0	0	11	0	0	0	2	0	0	0	0	0	0	0	0	0	0	0	0	0	6	8	6	0	2
539.800	0	0	0	0	0	0	0	0	0	0	0	0	0	7	0	0	0	5	0	0	0	0	0	0	0	0	0	0	0	0	0	8	8	7	0	4
540.000	0	0	0	0	0	0	0	0	0	0	0	0	0	5	0	0	0	6	0	0	0	0	0	0	0	0	0	0	0	0	0	4	2	3	0	4
540.200	0	0	0	0	0	0	0	0	0	0	0	0	0	6	0	0	0	9	0	0	0	0	0	0	0	0	0	0	0	0	0	1	0	7	0	2
540.400	0	0	0	0	0	0	0	0	0	0	0	0	0	10	0	0	0	8	0	0	0	0	0	0	0	0	0	0	0	0	0	4	4	1	0	4
540.600	0	0	0	0	0	0	0	0	0	0	0	0	0	12	0	0	0	6	0	0	0	0	0	0	0	0	0	0	0	0	0	3	6	3	0	3
540.800	0	0	0	0	0	0	0	0	0	0	0	0	0	8	0	0	0	9	0	0	0	0	0	0	0	0	0	0	0	0	0	3	3	2	0	3
541.000	0	0	0	0	0	0	0	0	0	0	0	0	0	7	0	0	0	6	0	0	0	0	0	0	0	0	0	0	0	0	0	5	4	1	0	2
541.200	0	0	0	0	0	0	0	0	0	0	0	0	0	7	0	0	0	2	0	0	0	0	0	0	0	0	0	0	0	0	0	3	5	2	0	2
541.400	0	0	0	0	0	0	0	0	0	0	0	0	0	10	0	0	0	9	0	0	0	0	0	0	0	0	0	0	0	0	0	2	7	2	0	3
541.600	0	0	0	0	0	0	0	0	0	0	0	0	0	12	0	0	0	9	0	0	0	0	0	0	0	0	0	0	0	0	0	2	7	4	0	3
541.800	0	0	0	0	0	0	0	0	0	0	0	0	0	9	0	0	0	10	0	0	0	0	0	0	0	0	0	0	0	0	0	1	3	2	0	2
542.000	0	0	0	0	0	0	0	0	0	0	0	0	0	9	0	0	0	5	0	0	0	0	0	0	0	0	0	0	0	0	0	4	2	2	0	2
542.200	0	0	0	0	0	0	0	0	0	0	0	0	0	7	0	0	0	6	0	0	0	0	0	0	0	0	0	0	0	0	0	5	6	1	0	2
542.400	1	0	0	0	0	0	0	0	0	0	0	0	0	6	0	0	0	9	0	0	0	0	0	0	0	0	0	0	0	0	0	3	3	1	0	2
542.600	0	0	0	0	0	0	0	0	0	0	0	0	0	8	0	0	0	7	0	0	0	0	0	0	0	0	0	0	0	0	0	2	3	2	0	2
542.800	3	0	0	0	0	0	0	0	0	0	0	0	0	8	0	0	0	8	0	0	0	0	0	0	0	0	0	0	0	0	0	3	4	2	0	1
543.000	0	0	0	0	0	0	0	0	0	0	0	0	0	12	0	0	0	6	0	0	0	0	0	0	0	0	0	0	0	0	0	2	5	2	0	2
543.200	0	0	0	0	0	0	0	0	0	0	0	0	0	6	0	0	0	5	0	0	0	0	0	0	0	0	0	0	0	0	0	4	3	2	0	2
543.400	0	0	0	0	0	0	0	0	0	0	0	0	0	6	0	0	0	5	0	0	0	0	0	0	0	0	0	0	0	0	0	2	5	5	0	4
543.600	0	0	0	0	0	0	0	0	0	0	0	0	0	8	0	0	0	4	0	0	0	0	0	0	0	0	0	0	0	0	0	1	4	3	0	6
543.800	0	0	0	0	0	0	0	0	0	0	0	0	0	6	0	0	0	6	0	0	0	0	0	0	0	0	0	0	0	0	0	2	3	5	0	7
544.000	0	0	0	0	1	0	0	0	0	0	0	0	0	8	0	0	0	7	0	0	0	0	0	0	0	0	0	0	1	0	0	1	4	4	0	5
544.200	0	0	0	0	0	0	0	0	0	0	0	0	2	3	0	0	4	8	0	0	0	0	0	0	0	0	0	0	1	0	0	3	4	3	0	9
544.400	0	0	0	0	0	0	0	0	0	0	0	0	0	8	0	0	8	7	0	0	0	0	0	0	0	0	0	0	0	0	0	4	2	4	0	8
544.600	0	0	0	0	0	0	0	0	0	0	0	0	2	2	0	0	5	9	0	0	0	0	0	0	0	0	0	0	0	0	0	3	3	3	0	8
544.800	0	0	0	0	0	0	0	0	0	0	0	0	1	8	0	0	6	7	0	0	0	0	0	0	0	0	0	0	1	0	0	4	5	2	0	6
545.000	0	0	0	0	0	0	0	0	0	0	0	0	0	3	0	0	7	7	0	0	0	0	0	0	0	0	0	0	0	0	0	4	5	2	0	7
545.200	0	0	0	0	0	0	0	0	0	0	0	0	0	10	0	0	3	5	0	0	0	0	0	0	0	0	0	0	0	0	0	2	4	2	0	5
545.400	0	0	0	0	0	0	0	0	0	0	0	0	0	8	0	0	2	6	0	0	0	0	0	0	0	0	0	0	0	0	0	3	7	5	0	4
545.600	0	0	0	0	0	0	0	0	0	0	0	0	0	11	0	0	2	7	0	0	0	0	0	0	0	0	0	0	0	0	0	2	8	4	0	4
545.800	0	0	0	0	0	0	0	0	0	0	0	0	0	8	0	0	3	4	0	0	0	0	0	0	0	0	0	0	0	0	0	4	8	3	0	7
546.000	0	0	0	0	0	0	0	0	0	0	0	0	0	7	0	0	0	6	0	0	0	0	0	0	0	0	0	0	0	0	0	2	5	4	0	5
546.200	0	0	0	0	0	0	0	0	0	0	0	0	0	1	0	0	4	9	0	0	0	0	0	0	0	0	0	0	0	0	0	2	1	2	0	3
546.400	0	0	0	0	0	0	0	0	0	0	0	0	0	3	0	0	5	9	0	0	0	0	0	0	0	0	0	0	0	0	0	2	7	4	0	8
546.600	0	0	0	0	0	0	0	0	0	0	0	0	0	8	0	0	0	6	0	0	0	0	0	0	0	0	0	0	0	0	0	5	3	5	0	8
546.800	0	0	0	0	0	0	0	0	0	0	0	0	0	7	0	0	6	9	0	0	0	0	0	0	0	0	0	0	0	0	0	2	3	3	0	4
547.000	0	0	0	0	0	0	0	0	0	0	0	0	0	6	0	0	4	3	0	0	0	0	0	0	0	0	0	0	0	0	0	1	7	2	0	3
547.200	0	0	0	0	0	0	0	0	0	0	0	0	0	5	0	0	9	7	0	0	0	0	0	0	0	0	0	0	0	0	0	1	7	5	0	1
547.400	0	0	0	0	0	0	0	0	0	0	0	0	0	5	0	0	9	5	0	0	0	0	0	0	0	0	0	0	0	0	0	2	4	2	0	0
547.600	0	0	0	0	0	0	0	0	0	0	0	0	0	5	0	0	5	9	0	0	0	0	0	0	0	0	0	0	0	0	0	0	4	2	0	0
547.800	0	0	0	0	0	0	0	0	0	0	0	0	0	1	0	0	4	6	0	0	0	0	0	0	0	0	0	0	0	0	0	0	2	3	0	0
548.000	0	0	0	0	0	0	0	0	0	0	0	0	0	2	0	0	4	5	0	0	0	0	0	0	0	0	0	0	0	0	0	2	6	3	0	3
548.200	0	0	0	2	0	0	0	0	0	0	0	0	0	5	0	0	4	6	0	0	0	0	0	0	0	0	0	0	0	0	0	1	4	2	0	1
548.400	0	0	0	0	0	0	0	0	0	0	0	0	0	2	0	0	3	8	0	0	0	0	0	0	0	0	0	0	0	0	0	1	4	1	0	0
548.600	0	0	0	0	0	0	0	0	0	0	0	0	0	2	0	0	3	4	0	0	0	0	0	0	0	0	0	0	0	0	0	1	4	1	0	0
548.800	0	0	0	0	0	0	0	0	0	0	0	0	0	2	0	0	3	5	0	0	0	0	0	0	0	0	0	0	0	0	0	1	3	2	0	0
549.000	0	0	0	0	0	0	0	0	0	0	0	0	0	5	0	0	1	5	0	0	0	0	0	0	0	0	0	0	0	0	0	1	4	4	0	0
549.200	0	0	0	0	0	0	0	1	0	0	0	0	0	3	0	0	4	6	0	0	0	0	0	0	0	0	0	0	0	0	0	2	3	3	0	0
549.400	0	0	0	0	0	0	0	5	0	0	0	0	0	1	0	0	5	7	0	0	0	0	0	0	0	0	0	0	0	0	0	2	8	2	0	2
549.600	0	0	0	0	0	0	0	5	0	0	0	0	0	6	0	0	5	6	0	0	0	0	0	0	0	0	0	0	0	0	0	5	6	3	0	4
549.800	0	0	0	0	0	0	0	1	0	0	0	0	0	6	0	0	3	6	0	0	0	0	0	0	0	0	0	0	0	0	0	3	5	1	0	5
550.000	0	0	0	0	0	0	0	0	0	0	0	0	0	11	0	0	6	5	0	0	0	0	0	0	0	0	0	0	0	0	0	2	3	2	0	2
550.200	0	0	0	0	0	0	0	0	0	0	0	0	0	7	0	0	1	6	0	0	0	0	0	0	0	0	0	0	0	0	0	2	3	2	0	0
550.400	0	0	0	2	0	0	0	0	0	0	0	0	0	3	0	0	1	5	0	0	0	0	0	0	0	0	0	0	0	0	0	2	3	2	0	0
550.600	0	0	0	0	0	0	0	0	0	0	0	0	0	4	0	0	2	6	0	0	0	0	0	0	0	0	0	0	0	0	0	5	4	5	0	0
550.800	0	0	0	0	0	0	0	0	0	0	0	0	0	2	0	0	1	6	0	0	0	0	0	0	0	0	0	0	0	0	0	3	7	6	0	1
551.000	0	0	0	0	0	0	0	0	0	0	0	0	0	6	0	0	6	5	4	0	0	0	0	0	0	0	0	0	0	0	0	3	4	2	0	5
551.200	0	0	0	0	0	0	0	0	0	0	0	0	0	6	0	0	7	6	4	0	0	0	0	0	0	0	0	0	0	0	0	0	2	5	0	0
551.400	0	0	0	0	0	0	0	0	0	0	0	0	0	3	0	0	7	5	5	0	0	0	0	0	0	0	0	0	0	0	0	0	0	4	0	5
551.600	0	0	0	0	0	0	0	0	0	0	0	0	0	7	0	0	7	10	6	0	0	0	0	0	0	0	0	0	0	0	0	0	3	4	0	3
551.800	0	0	0	0	0	0	0	0	0	0	0	0	0	6	0	0	8	7	6	0	0	0	0	0	0	0	0	0	0	0	0	4	4	2	0	1
552.000	0	0	0	0	0	0	0	0	0	0	0	0	0	6	0	0	11	8	6	0	0	0	0	0	0	0	0	0	0	0	0	0	1	2	0	2
552.200	1	0	0	0	0	0	0	0	0	0	0	0	0	5	0	0	6	7	5	0	0	0	0	0	0	0	0	0	0	0	0	0	3	5	0	4
552.400	0	0	0	0	0	0	0	0	0	0	0	0	0	8	0	0	7	8	5	0	0	0	0	0	0	0	0	0	0	0	0	0	3	5	0	3
552.600	0	0	0	0	0	0	0	0	0	0	0	0	0	3	0	0	6	5	1	0	0	0	0	0	0	0	0	0	0	0	0	2	4	3	0	2
552.800	0	0	0	0	0	0	0	0	0	0	0	0	0	7	0	0	5	5	4	0	0	0	0	0	0	0	0	0	0	0	0	2	3	2	0	2
553.000	0	0	0	0	0	0	0	0	0	0	0	0	0	5	0	0	4	5	3	0	0	0	0	0	0	0	0	0	0	0	0	0	1	2	0	3
553.200	0	0	0	0	0	0	0	0	0	0	0	0	0	5	0	0	4	7	4	0	0	0	0	0	0	0	0	0	0	0	0	0	3	2	0	5
553.400	0	0	0	0	0	0	0	0	0	0	0	0	0	4	0	0	4	5	2	0	0	0	0	0	0	0	0	0	0	0	0	2	2	2	0	5
553.600	0	0	0	0	0	0	0	0	0	0	0	0	0	5	0	0	4	9	3	0	0	0	0	0	0	0	0	0	0	0	0	1	3	2	0	4
553.800	0	0	0	0	0	0	0	0	0	0	0	0	0	5	0	0	3	8	4	0	0	0	0	0	0	0	0	0	0	0	0	1	4	2	0	3
554.000	0	0	0	0	0	0	0	0	0	0	0	0	0	6	0	0	6	8	5	0	0	0	0	0	0	0	0	0	0	0	0	2	5	3	0	4
554.200	0	0	0	0	0	0	0	0	0	0	0	0	0	7	0	0	12	9	6	0	0	0	0	0	0	0	0	0	0	0	0	2	4	2	0	6
554.400	0	0	0	0	0	0	0	0	0	0	0	0	0	9	0	0	3	0	6	0	0	0	0	0	0	0	0	0	1	0	0	4	7	3	0	6
554.600	0	0	0	0	0	0	0	0	0	0	0	0	0	9	0	0	0	8	3	0	0	0	0	0	0	0	0	0	0	0	0	4	4	4	0	7
554.800	0	0	0	0	0	0	0	0	0	0	0	0	0	6	0	0	1	10	4	0	0	0	0	0	0	0	0	0	0	0	0	0	3	2	0	6
555.000	0	0	0	0	0	0	0	0	0	0	0	0	0	4	0	0	0	10	3	0	0	0	0	0	0	0	0	0	0	0	0	1	2	2	0	8
555.200	0	0	0	0	0	0	0	0	0	0	0	0	0	8	0	0	2	11	4	0	0	0	0	0	0	0	0	0	0	0	0	2	2	4	0	6
555.400	0	0	0	0	1	0	0	0	0	0	0	0	0	3	0	0	2	6	0	0	0	0	0	0	0	0	0	0	0	0	0	1	3	1	0	7
555.600	0	0	0	0	0	0	0	0	0	0	0	0	0	6	0	0	4	7	0	0	0	0	0	0	0	0	0	0	0	0	0	1	3	2	0	7
555.800	0	0	0	0	0	0	0	0	0	0	0	0	0	6	0	0	6	10	0	0	0	0	0	0	0	0	0	0	0	0	0	1	4	5	0	6
556.000	0	0	0	0	0	0	0	0	0	0	0	0	0	2	0	0	8	7	0	0	0	0	0	0	0	0	0	0	0	0	0	1	0	6	2	5
556.200	0	0	0	0	0	0	0	0	0	0	0	0	0	7	0	0	2	7	0	0	0	0	0	0	0	0	0	0	0	0	0	2	0	2	0	7
556.400	0	0	0	0	0	0	0	0	0	0	0	0	0	5	0	0	6	9	1	0	0	0	0	0	0	0	0	0	0	0	0	0	5	4	0	7
556.600	0	0	0	0	0	0	0	0	0	0	0	0	0	5	0	0	5	6	1	0	0	0	0	0	0	0	0	0	0	0	0	2	4	2	0	8
556.800	0	0	0	0	0	0	0	0	0	0	0	0	0	7	0	0	7	8	5	0	0	0	0	0	0	0	0	0	0	0	0	0	2	5	0	8
557.000	0	0	0	0	0	0	0	0	0	0	0	0	0	8	0	0	5	9	2	0	0	0	0	0	0	0	0	0	0	0	0	5	2	4	0	9
557.200	0	0	0	0	0	0	0	0	0	0	0	0	0	9	0	0	8	7	7	0	0	0	0	0	0	0	0	0	0	0	0	0	1	2	0	9
557.400	0	0	0	0	0	0	0	0	0	0	0	0	0	4	0	0	7	6	5	0	0	0	0	0	0	0	0	0	0	0	0	1	1	2	0	4
557.600	0	0	0	0	0	0	0	0	0	0	0	0	0	10	0	0	3	5	6	0	0	0	0	0	0	0	0	0	0	0	0	1	2	5	0	3
557.800	0	0	0	0	0	0	0	0	0	0	0	0	0	9	0	0	7	7	6	0	0	0	0	0	0	0	0	0	0	0	0	1	0	0	0	4
558.000	0	0	0	0	0	0	0	0	0	0	0	0	0	6	0	0	9	6	7	0	0	0	0	0	0	0	0	0	0	0	0	2	0	5	0	5
558.200	0	0	0	0	0	0	0	0	0	0	0	0	0	8	0	0	9	5	7	0	0	0	0	0	0	0	0	0	0	0	0	2	5	2	0	7
558.400	0	0	0	0	0	0	0	0	0	0	0	0	0	7	0	0	11	6	5	0	0	0	0	0	0	0	0	0	0	0	0	1	1	3	0	5
558.600	0	0	0	0	0	0	0	0	0	0	0	0	0	8	0	0	6	3	7	0	0	0	0	0	0	0	0	0	0	0	0	2	4	6	0	5
558.800	0	0	0	0	0	0	0	0	0	0	0	0	0	7	0	0	7	7	4	0	0	0	0	0	0	0	0	0	0	0	0	0	0	3	0	5
559.000	0	0	0	0	0	0	0	0	0	0	0	0	0	3	0	0	6	12	5	0	0	0	0	0	0	0	0	0	0	0	0	2	2	2	0	1
559.200	0	0	0	0	0	0	0	0	0	0	0	0	0	7	0	0	5	10	4	0	0	0	0	0	0	0	0	0	0	0	0	3	4	4	0	1
559.400	0	0	0	0	0	0	0	0	0	0	0	0	0	8	0	0	9	9	2	0	0	0	0	0	0	0	0	0	0	0	0	2	4	5	0	2
559.600	0	0	0	0	0	0	0	0	0	0	0	0	0	5	0	0	7	8	5	0	0	0	0	0	0	0	0	0	0	0	0	4	5	7	1	0
559.800	0	0	0	0	0	0	0	0	0	0	0	0	0	7	0	0	9	8	4	0	0	0	0	0	0	0	0	0	0	0	0	4	2	4	0	0
560.000	0	0	0	0	0	0	0	0	0	0	0	0	0	5	0	0	5	12	7	0	0	0	0	0	0	0	0	0	0	0	0	4	2	6	1	0
560.200	0	0	0	0	0	0	0	0	0	0	0	0	0	10	0	0	6	9	2	0	0	0	0	0	0	0	0	0	0	0	0	2	0	3	1	0
560.400	0	0	0	0	0	0	0	0	0	0	0	0	0	5	0	0	8	7	6	0	0	0	0	0	0	0	0	0	0	0	0	6	2	5	1	0
560.600	0	2	0	0	0	0	0	0	0	0	0	0	0	6	0	0	6	9	6	0	0	0	0	0	0	0	0	0	0	0	0	1	0	4	2	0
560.800	0	3	0	0	0	0	0	0	0	0	0	0	0	5	0	0	4	4	4	0	0	0	0	0	0	0	0	0	0	0	0	3	2	4	1	0
561.000	0	5	0	0	0	0	0	0	0	0	0	0	0	5	0	0	2	3	6	0	0	0	0	0	0	0	0	0	0	0	0	4	2	4	2	0
561.200	0	1	0	0	0	0	0	0	0	0	0	0	0	5	0	0	5	10	5	0	0	0	0	0	0	0	0	0	0	0	0	3	2	2	0	0
561.400	0	1	0	0	0	0	0	0	0	0	0	0	0	5	0	0	6	0	0	0	0	0	0	0	0	0	0	0	0	0	0	5	4	5	1	0
561.600	0	1	0	0	0	0	0	0	0	0	0	0	0	5	0	0	6	6	3	0	0	0	0	0	0	0	0	0	0	0	0	5	1	3	2	0
561.800	0	4	0	0	0	0	0	0	0	0	0	0	0	5	0	0	2	6	0	0	0	0	0	0	0	0	0	0	0	0	0	8	3	3	0	0
562.000	0	5	0	0	0	0	0	0	0	0	0	0	0	5	0	0	4	6	6	0	0	0	0	0	0	0	0	0	0	0	0	8	4	3	0	0
562.200	0	0	0	0	0	0	0	0	0	0	0	0	0	3	0	0	4	6	6	0	0	0	0	0	0	0	0	0	0	0	0	6	4	4	0	0
562.400	0	0	0	0	0	0	0	0	0	0	0	0	0	6	0	0	6	11	5	0	0	0	0	0	0	0	0	0	0	0	0	6	3	4	1	0
562.600	0	1	0	0	0	0	0	0	0	0	0	0	0	3	0	0	4	4	3	0	0	0	0	0	0	0	0	0	0	0	0	3	7	4	0	2
562.800	0	1	0	0	0	0	0	0	0	0	0	0	0	5	0	0	6	6	3	0	0	0	0	0	0	0	0	0	0	0	0	2	2	6	1	2
563.000	0	0	0	0	0	0	0	0	0	0	0	0	0	0	0	0	6	6	4	0	0	0	0	0	0	0	0	0	0	0	0	4	4	4	0	3
563.200	0	0	0	0	0	0	0	0	0	0	0	0	0	0	0	0	7	8	2	0	0	0	0	0	0	0	0	0	0	0	0	4	0	1	0	3
563.400	0	0	0	0	0	0	0	0	0	0	0	0	0	1	0	0	8	6	3	0	0	0	0	0	0	0	0	0	0	0	0	5	1	6	1	0
563.600	0	1	0	0	0	0	0	0	0	0	0	0	0	0	0	0	2	10	3	0	0	0	0	0	0	0	0	0	0	0	0	3	2	4	0	0
563.800	0	0	0	0	0	0	0	0	0	0	0	0	0	0	0	0	9	12	6	0	0	0	0	0	0	0	0	0	0	0	0	1	6	2	0	1
564.000	0	0	0	0	0	0	0	0	0	0	0	0	0	0	0	0	6	6	6	0	0	0	0	0	0	0	0	0	0	0	0	3	3	2	0	2
564.200	0	5	0	0	0	0	0	0	0	1	0	0	0	0	0	0	3	9	5	0	0	0	0	0	0	0	0	0	0	0	0	3	4	3	0	3
564.400	0	4	0	1	0	0	0	0	0	0	0	0	0	0	0	0	7	11	5	0	0	0	0	0	0	0	0	0	0	0	0	4	2	4	0	3
564.600	0	5	0	1	0	0	0	0	0	4	0	0	0	0	0	0	5	5	3	0	0	0	0	0	0	0	0	0	0	0	0	3	3	2	0	3
564.800	0	4	0	3	0	0	0	0	0	2	0	0	0	0	0	0	6	4	4	0	0	0	0	0	0	0	0	0	0	0	0	0	3	3	0	1
565.000	0	9	0	0	0	0	0	0	0	6	0	0	0	0	0	0	1	9	3	0	0	0	0	0	0	0	0	0	0	0	0	1	5	7	1	2
565.200	0	2	0	1	0	0	0	0	0	3	0	0	0	0	0	0	5	6	4	0	0	0	0	0	0	0	0	0	0	0	0	4	3	3	0	3
565.400	0	5	0	1	0	0	0	0	0	3	0	0	0	0	0	0	6	5	5	0	0	0	0	0	0	0	0	0	0	0	0	1	4	3	0	2
565.600	0	8	0	2	0	0	0	0	0	4	0	0	0	1	0	0	3	6	3	0	0	0	0	0	0	0	0	0	0	0	1	4	4	5	0	9
565.800	0	8	0	1	0	0	0	0	0	0	0	0	0	4	0	0	3	6	1	0	0	0	0	0	0	0	0	0	0	0	0	3	5	5	0	4
566.000	0	6	0	4	0	0	0	0	0	4	0	0	0	4	0	0	6	5	4	0	0	0	0	0	0	0	0	0	0	0	0	1	2	4	0	5
566.200	0	8	0	4	0	0	0	0	0	2	0	0	0	4	0	0	5	7	4	0	0	0	0	0	0	0	0	0	0	0	1	3	3	3	0	4
566.400	0	8	0	0	0	0	0	0	0	4	0	0	0	4	0	0	6	6	2	0	0	0	0	0	0	0	0	0	0	0	0	2	5	3	0	7
566.600	0	8	0	0	0	0	0	0	0	4	0	0	0	5	0	0	6	5	5	0	0	0	0	0	0	0	0	0	0	0	0	2	3	4	0	3
566.800	0	6	0	0	0	0	0	0	0	4	0	0	0	5	0	0	9	6	5	0	0	0	0	0	0	0	0	0	0	0	0	2	3	3	0	6
567.000	0	11	0	0	0	0	0	0	0	3	0	0	0	0	0	0	7	7	5	0	0	0	0	0	0	0	0	0	0	0	0	0	4	3	0	2
567.200	0	10	0	0	0	0	0	0	0	3	0	0	0	2	0	0	8	8	2	0	0	0	0	0	0	0	0	0	0	0	0	2	4	2	0	5
567.400	0	11	0	0	0	0	0	0	0	5	0	0	0	0	0	0	9	10	4	0	0	0	0	0	0	0	0	0	0	0	1	3	3	3	0	2
567.600	0	12	0	0	0	0	0	0	0	3	0	0	0	0	0	0	9	6	5	0	0	0	0	0	0	0	0	0	0	0	0	3	5	2	0	3
567.800	0	11	0	0	0	0	0	0	0	4	0	0	0	2	0	0	5	7	3	0	0	0	0	0	0	0	0	0	0	0	0	2	3	3	0	6
568.000	0	11	0	1	0	0	0	0	0	3	0	0	0	1	0	0	5	4	3	0	0	0	0	0	0	0	0	0	0	0	0	3	5	5	0	0
568.200	0	11	0	0	0	0	0	0	0	3	0	0	0	0	0	0	4	8	1	0	0	0	0	0	0	0	0	0	0	0	1	0	3	3	0	0
568.400	0	7	0	0	0	0	0	0	0	3	0	0	0	0	0	0	7	7	1	0	0	0	0	0	0	0	0	0	0	0	0	0	3	3	0	4
568.600	0	4	0	0	0	0	0	0	0	3	0	0	0	0	0	0	7	2	0	0	0	0	0	0	0	0	0	0	0	0	1	1	5	4	0	3
568.800	0	6	0	0	0	0	0	0	0	3	0	0	0	0	0	0	3	4	0	0	0	0	0	0	0	0	0	0	0	0	0	2	5	3	0	5
569.000	0	6	0	0	0	0	0	0	0	3	0	0	0	1	0	0	3	6	0	0	0	0	0	0	0	0	0	0	0	0	1	0	4	3	0	0
569.200	0	3	0	0	0	0	0	0	0	4	0	0	0	1	0	0	6	6	0	0	0	0	0	0	0	0	0	0	0	0	1	0	4	4	0	2
569.400	0	4	0	0	0	0	0	0	0	5	0	0	0	0	0	0	6	8	1	0	0	0	0	0	0	0	0	0	0	0	1	2	4	5	0	7
569.600	0	0	0	0	0	0	0	0	0	6	0	0	0	0	0	0	5	5	0	0	0	0	0	0	0	0	0	0	0	0	0	0	4	3	0	5
569.800	0	0	0	0	0	0	0	0	0	7	0	0	0	5	0	0	4	6	0	0	0	0	0	0	0	0	0	0	0	0	0	2	3	3	0	5
570.000	0	0	0	0	0	0	0	0	0	5	0	0	0	5	0	0	4	6	0	0	0	0	0	0	0	0	0	0	0	0	0	0	6	5	0	4
570.200	0	0	0	0	0	0	0	0	0	6	0	0	0	5	0	0	4	8	0	0	0	0	0	0	0	0	0	0	0	0	0	0	6	4	0	9
570.400	0	0	0	0	0	0	0	0	0	8	0	0	0	1	0	0	4	6	0	0	0	0	0	0	0	0	0	0	0	0	0	0	5	2	0	7
570.600	0	0	0	0	0	0	0	0	0	8	0	0	0	1	0	0	6	7	0	0	0	0	0	0	0	0	0	0	0	0	0	0	5	5	0	10
570.800	0	0	0	0	0	0	0	1	0	10	0	0	0	1	0	0	5	5	0	0	0	0	0	0	0	0	0	0	0	0	0	0	5	4	0	4
571.000	0	0	0	0	0	0	0	0	0	9	0	0	0	1	0	0	4	5	0	0	0	0	0	0	0	0	0	0	0	0	0	0	3	3	0	6
571.200	0	0	0	0	0	0	0	1	0	7	0	0	0	2	0	0	4	5	0	0	0	0	0	0	0	0	0	0	0	0	0	0	4	4	0	7
571.400	0	0	0	0	0	0	0	0	0	9	0	0	0	3	0	0	4	7	0	0	0	0	0	0	0	0	0	0	0	0	1	0	5	4	0	6
571.600	0	0	0	0	0	0	0	0	0	7	0	0	0	0	0	0	6	7	1	0	0	0	0	0	0	0	0	0	0	0	0	4	4	3	0	5
571.800	0	0	0	0	0	0	0	0	0	7	0	0	0	6	0	0	4	6	0	0	0	0	0	0	0	0	0	0	0	0	0	1	3	4	0	7
572.000	0	0	0	0	0	0	0	1	0	9	0	0	0	7	0	0	4	6	0	0	0	0	0	0	0	0	0	0	0	0	0	1	4	4	0	5
572.200	0	0	0	1	0	0	0	1	0	10	0	0	0	3	0	0	3	11	0	0	0	0	0	0	0	0	0	0	0	0	0	1	4	3	0	12
572.400	0	0	0	0	0	0	0	1	0	8	0	0	0	0	0	0	4	7	1	0	0	0	0	0	0	0	0	0	0	0	1	0	1	2	0	6
572.600	0	0	0	0	0	0	0	3	0	8	0	0	0	1	0	0	6	7	0	0	0	0	0	0	0	0	0	0	0	0	0	1	3	2	0	4
572.800	0	0	0	0	0	0	0	1	0	8	0	0	0	0	0	0	3	9	1	0	0	0	0	0	0	0	0	0	0	0	0	0	3	2	0	4
573.000	0	0	0	0	0	0	0	1	0	8	0	0	0	0	0	0	5	8	0	0	0	0	0	0	0	0	0	0	0	0	0	0	3	2	0	4
573.200	0	0	0	0	0	0	0	1	0	8	0	0	0	2	0	0	3	7	0	0	0	0	0	0	0	0	0	0	0	0	0	3	3	4	0	3
573.400	0	0	0	0	0	0	0	0	0	8	0	0	0	7	0	0	4	11	0	0	0	0	0	0	0	0	0	0	0	0	1	3	4	2	0	5
573.600	0	0	0	0	0	0	0	1	0	7	0	0	0	4	0	0	4	10	0	0	0	0	0	0	0	0	0	0	0	0	0	1	5	2	0	5
573.800	0	0	0	0	0	0	0	0	0	7	0	0	0	0	0	0	5	6	0	0	0	0	0	0	0	0	0	0	0	0	0	4	2	2	0	2
574.000	0	0	0	0	0	0	0	0	0	8	0	0	0	0	0	0	6	10	0	0	0	0	0	0	0	0	0	0	0	0	0	2	1	2	0	3
574.200	0	0	0	0	0	0	0	0	0	4	0	0	0	3	0	0	8	10	0	0	0	0	0	0	0	0	0	0	0	0	0	3	3	4	0	4
574.400	0	0	0	0	0	0	0	0	0	6	0	0	0	6	0	0	2	6	0	0	0	0	0	0	0	0	0	0	0	0	0	1	1	2	0	2
574.600	0	0	0	0	0	0	0	0	0	7	0	0	0	8	0	0	4	7	0	0	0	0	0	0	0	0	0	0	0	0	0	9	1	2	0	4
574.800	0	0	0	0	0	0	0	0	0	5	0	0	0	5	0	0	4	4	0	0	0	0	0	0	0	0	0	0	0	0	0	4	4	3	0	3
575.000	0	0	0	0	0	0	0	0	0	6	0	0	0	5	0	0	1	9	0	0	0	0	0	0	0	0	0	0	0	0	0	2	2	4	0	4
575.200	0	0	0	1	0	0	0	0	0	6	0	0	0	8	0	0	6	4	0	0	0	0	0	0	0	0	0	0	0	0	0	7	3	4	0	5
575.400	0	0	0	0	0	0	0	0	0	8	0	0	0	8	0	0	4	9	0	0	0	0	0	0	0	0	0	0	0	0	2	3	6	2	0	4
575.600	0	0	0	0	0	0	0	0	0	6	0	0	0	7	0	0	2	6	0	0	0	0	0	0	0	0	0	0	0	0	0	3	3	2	0	6
575.800	0	0	0	0	0	0	0	0	0	6	0	0	0	6	0	0	5	5	0	0	0	0	0	0	0	0	0	0	0	0	0	0	3	2	0	3
576.000	0	0	0	0	0	0	0	0	0	7	0	0	0	6	0	0	7	9	1	0	0	0	0	0	0	0	0	0	0	0	0	4	3	2	0	4
576.200	0	0	0	0	0	0	0	0	0	9	0	0	0	7	0	0	4	8	0	0	0	0	0	0	0	0	0	0	0	0	1	3	2	5	0	5
576.400	0	0	0	1	0	0	0	0	0	8	0	0	0	8	0	0	4	9	0	0	0	0	0	0	0	0	0	0	0	0	0	5	3	2	0	6
576.600	0	0	0	0	0	0	0	0	0	5	0	0	0	7	0	0	6	6	0	0	0	0	0	0	0	0	0	0	0	0	1	7	2	5	0	4
576.800	0	0	0	0	0	0	0	0	0	6	0	0	0	7	0	0	3	8	0	0	0	0	0	0	0	0	0	0	0	0	0	4	3	4	0	1
577.000	0	0	0	1	0	0	0	0	0	7	0	0	0	8	0	0	6	8	0	0	0	0	0	0	0	0	0	0	0	0	1	3	4	2	0	2
577.200	0	0	0	0	0	0	0	0	0	6	0	0	0	5	0	0	1	5	0	0	0	0	0	0	0	0	0	0	0	0	0	6	3	3	0	2
577.400	0	0	0	0	7	0	0	0	0	6	0	0	0	7	0	0	3	7	0	0	0	0	0	0	0	0	0	0	0	0	1	5	1	2	0	4
577.600	0	0	0	0	5	0	0	0	0	7	0	0	0	5	0	0	0	7	0	0	0	0	0	0	0	0	0	0	0	0	0	2	2	1	0	5
577.800	0	0	0	1	10	0	0	0	0	5	0	0	0	5	0	0	1	8	0	0	0	0	0	0	0	0	0	0	0	0	1	3	2	4	0	4
578.000	0	0	0	0	3	0	0	0	0	12	0	0	0	5	0	0	4	7	0	0	0	0	0	0	0	0	0	0	0	0	1	4	2	1	0	5
578.200	0	0	0	0	8	0	0	0	0	11	0	0	0	8	0	0	4	11	0	0	0	0	0	0	0	0	0	0	0	0	0	2	3	2	0	3
578.400	0	0	0	0	3	0	0	0	0	10	0	0	0	8	0	0	0	8	0	0	0	0	0	0	0	0	0	0	0	0	0	4	4	2	0	6
578.600	0	0	0	1	2	0	0	0	0	16	0	0	0	7	0	0	3	6	0	0	0	0	0	0	0	0	0	0	0	0	1	2	3	2	0	7
578.800	0	0	0	0	6	0	0	0	0	14	0	0	0	9	0	0	8	7	0	0	0	0	0	0	0	0	0	0	0	0	1	6	1	2	0	7
579.000	0	0	0	0	6	0	0	0	0	11	0	0	0	10	0	0	4	13	0	0	0	0	0	0	0	0	0	0	0	0	0	3	3	5	0	6
579.200	0	0	0	0	2	0	0	0	0	17	1	0	0	7	0	0	3	9	0	0	0	0	0	0	0	0	0	0	0	1	1	4	3	3	0	7
579.400	0	0	0	0	3	0	0	0	0	9	0	0	0	6	0	0	4	14	1	0	0	0	0	0	0	0	0	0	0	0	1	4	4	4	0	5
579.600	0	0	0	0	3	0	0	0	0	8	0	0	0	6	0	0	4	7	0	0	0	0	0	0	0	0	0	0	0	0	1	0	2	4	0	5
579.800	0	0	0	1	6	0	0	0	0	10	0	0	0	8	0	0	9	8	0	0	0	0	0	0	0	0	0	0	0	2	1	0	2	3	0	4
580.000	0	0	0	0	6	0	0	0	0	8	0	0	0	8	0	0	12	10	0	0	0	0	0	0	0	0	0	0	0	0	1	0	5	4	0	6
580.200	0	0	0	0	10	0	0	0	0	10	0	0	0	4	0	0	7	7	0	0	0	0	0	0	0	0	0	0	0	0	1	0	3	5	0	7
580.400	0	0	0	0	12	0	0	0	0	7	0	0	0	9	0	0	11	7	0	0	0	0	0	0	0	0	0	0	0	0	0	2	5	5	0	4
580.600	0	0	0	0	8	0	0	0	0	7	0	0	0	7	0	0	10	7	0	0	0	0	0	0	0	0	0	0	0	0	0	1	5	5	0	5
580.800	0	0	0	0	8	0	0	0	0	9	0	0	0	7	0	0	10	5	0	0	0	0	0	0	0	0	0	0	0	0	0	1	3	4	0	4
581.000	0	0	0	0	8	0	0	0	0	6	0	0	0	6	0	0	16	6	1	0	0	0	0	0	0	0	0	0	0	0	0	0	4	2	0	4
581.200	0	0	0	0	3	0	0	0	0	8	0	0	0	8	0	0	10	5	0	0	0	0	0	0	0	0	0	0	0	0	0	2	9	5	0	3
581.400	0	0	0	0	7	0	0	0	0	8	0	0	0	8	0	0	9	7	0	0	0	0	0	0	0	0	0	0	0	0	0	4	2	4	0	3
581.600	0	0	0	0	1	0	0	0	0	10	0	0	0	5	0	0	8	4	0	0	0	0	0	0	0	0	0	0	0	0	0	0	4	1	0	4
581.800	0	0	0	0	7	0	0	0	0	10	0	0	0	7	0	0	5	4	0	0	0	0	0	0	0	0	0	0	0	0	1	2	3	2	0	4
582.000	0	0	0	1	8	0	0	0	0	10	0	0	0	8	0	0	4	6	1	0	0	0	0	0	0	0	0	0	0	0	1	2	4	5	0	4
582.200	0	0	0	1	5	0	0	0	0	9	0	0	0	7	0	0	8	5	0	0	0	0	0	0	0	0	0	0	0	0	0	2	4	5	0	4
582.400	0	0	0	0	4	0	0	0	0	6	0	0	0	7	0	0	4	6	0	0	0	0	0	0	0	0	0	0	0	0	0	4	1	2	0	3
582.600	0	0	0	0	8	0	0	0	0	8	0	0	0	5	0	0	13	6	0	0	0	0	0	0	0	0	0	0	0	0	1	4	4	5	0	4
582.800	0	0	0	0	5	0	0	0	0	9	0	0	0	9	0	0	8	9	0	0	0	0	0	0	0	0	0	0	0	0	0	3	5	2	0	2
583.000	0	0	0	0	1	0	0	0	0	5	0	0	0	9	0	0	9	4	0	0	0	0	0	0	0	0	0	0	0	0	0	2	3	4	0	3
583.200	0	0	0	0	0	0	0	0	0	8	0	0	0	8	0	0	16	7	0	0	0	0	0	0	0	0	0	0	0	0	0	3	3	3	0	2
583.400	0	0	0	0	0	0	0	0	0	5	0	0	0	9	0	0	0	5	0	0	0	0	0	0	0	0	0	0	0	0	0	5	5	3	0	3
583.600	0	0	0	0	0	0	0	0	0	5	0	0	0	8	0	0	9	5	0	0	0	0	0	0	0	0	0	0	0	0	0	1	3	5	0	4
583.800	0	0	0	0	0	0	0	0	0	6	0	0	0	10	0	0	6	7	0	0	0	0	0	0	0	0	0	0	0	0	0	2	4	5	0	4
584.000	0	0	0	0	0	0	0	0	0	5	0	0	0	8	0	0	3	8	0	0	0	0	0	0	0	0	0	0	0	0	0	2	4	3	0	2
584.200	0	0	0	0	0	0	0	0	0	8	0	0	0	11	0	0	13	7	0	0	0	0	0	0	0	0	0	0	0	0	1	2	4	5	0	3
584.400	0	0	0	0	0	0	0	0	0	7	0	0	0	8	0	0	14	7	0	0	0	0	0	0	0	0	0	0	0	0	0	2	4	3	0	2
584.600	0	0	0	0	0	0	0	0	0	8	0	0	0	8	0	0	7	5	0	0	0	0	0	0	0	0	0	0	0	0	1	2	3	3	0	4
584.800	0	0	0	0	0	0	0	0	0	8	0	0	0	6	0	0	7	4	0	0	0	0	0	0	0	0	0	0	0	0	0	4	6	2	0	3
585.000	0	0	0	0	0	0	0	0	0	4	0	0	0	7	0	0	3	5	0	0	0	0	0	0	0	0	0	0	0	0	0	0	4	3	0	5
585.200	0	0	0	0	0	0	0	0	0	8	0	0	0	7	0	0	8	6	0	0	0	0	0	0	0	0	0	0	0	0	0	1	6	2	0	3
585.400	0	0	0	4	0	0	0	0	0	6	0	0	0	5	0	0	5	5	0	0	0	0	0	0	0	0	0	0	0	0	0	2	5	4	0	6
585.600	0	0	0	4	0	0	0	0	0	5	0	0	0	4	0	0	7	4	0	0	0	0	0	0	0	0	0	0	0	0	0	2	5	3	0	4
585.800	0	0	0	3	0	0	0	0	0	6	0	0	0	5	0	0	2	6	0	0	0	0	0	0	0	0	0	0	0	0	1	2	4	2	0	4
586.000	0	0	0	3	0	0	0	0	0	5	0	0	0	1	0	0	6	8	0	0	0	0	0	0	0	0	0	0	0	0	1	1	3	2	0	5
586.200	0	0	0	4	0	0	0	0	0	8	0	0	0	5	0	0	9	6	0	0	0	0	0	0	0	0	0	0	0	0	0	3	4	4	0	6
586.400	0	0	0	0	0	0	0	0	0	8	0	0	0	3	0	0	0	3	0	0	0	0	0	0	0	0	0	0	0	0	1	0	3	3	0	5
586.600	0	0	0	1	0	0	0	0	0	1	0	0	0	6	0	0	7	6	0	0	0	0	0	0	0	0	0	0	0	0	0	4	3	5	0	3
586.800	0	0	0	0	0	0	0	0	0	4	0	0	0	5	0	0	12	5	0	0	0	0	0	0	0	0	0	0	0	0	0	2	5	4	0	5
587.000	0	0	0	0	0	0	0	0	0	2	0	0	0	6	0	0	6	0	0	0	0	0	0	0	0	0	0	0	0	0	0	3	7	3	0	6
587.200	0	0	0	0	0	0	0	0	0	6	0	0	0	6	0	0	2	1	0	0	0	0	0	0	0	0	0	0	0	0	0	3	2	3	0	8
587.400	0	0	0	1	0	0	0	0	0	12	0	0	0	6	0	0	12	3	0	0	0	0	0	0	0	0	0	0	0	0	0	3	6	2	0	8
587.600	0	0	0	0	0	0	0	0	0	11	0	0	0	7	0	0	3	5	0	0	0	0	0	0	0	0	0	0	0	0	0	2	6	2	0	6
587.800	0	0	0	0	0	0	0	0	0	7	0	0	0	4	0	0	5	1	0	0	0	0	0	0	0	0	0	0	0	0	0	4	4	4	0	8
588.000	0	0	0	0	0	0	0	0	0	9	0	0	0	6	0	0	4	2	0	0	0	0	0	0	0	0	0	0	0	0	0	1	3	2	0	7
588.200	0	0	0	0	0	0	0	0	0	8	0	0	0	6	0	0	5	3	0	0	0	0	0	0	0	0	0	0	0	0	0	0	3	3	0	5
588.400	0	0	0	0	0	0	0	0	0	4	0	0	0	4	0	0	8	0	0	0	0	0	0	0	0	0	0	0	0	0	0	1	4	3	1	4
588.600	0	0	0	4	0	0	0	0	0	9	0	0	0	6	0	0	4	0	0	0	0	0	0	0	0	0	0	0	0	0	0	0	3	3	0	5
588.800	0	0	0	2	0	0	0	0	0	10	0	0	0	3	0	0	10	0	0	0	0	0	0	0	0	0	0	0	0	0	0	0	5	1	0	7
589.000	0	0	0	6	0	0	0	0	0	12	0	0	0	0	0	0	4	5	0	0	0	0	0	0	0	0	0	0	0	0	0	5	1	1	0	6
589.200	0	0	0	6	0	0	0	0	0	16	0	0	0	3	0	0	7	3	0	0	0	0	0	0	0	0	0	0	1	0	0	6	2	5	0	6
589.400	0	0	0	4	0	0	0	0	0	11	0	0	0	0	0	0	7	1	0	0	0	0	0	0	0	0	0	0	0	0	0	3	5	2	0	6
589.600	0	0	0	6	0	0	0	0	0	10	0	0	0	1	0	0	2	1	0	0	0	0	0	0	0	0	0	0	1	0	0	4	3	2	0	7
589.800	0	0	0	9	0	0	0	0	0	10	0	0	0	3	0	0	6	5	0	0	0	0	0	0	0	0	0	0	0	0	0	0	4	5	0	4
590.000	0	0	0	8	0	0	0	0	0	11	0	0	0	0	0	0	7	6	0	0	0	0	0	0	0	0	0	0	0	0	0	2	5	2	0	8
590.200	0	0	0	5	0	0	0	0	0	11	0	0	0	0	0	0	13	4	0	0	0	0	0	0	0	0	0	0	0	0	0	2	4	3	0	7
590.400	0	0	0	6	0	0	0	0	0	13	0	0	0	2	0	0	3	6	0	0	0	0	0	0	0	0	0	0	0	0	0	4	3	2	0	7
590.600	0	0	0	4	0	0	0	0	0	14	0	0	0	2	0	0	8	5	0	0	0	0	0	0	0	0	0	0	0	0	0	4	4	1	0	7
590.800	0	0	0	3	0	0	0	0	0	13	0	0	0	8	0	0	11	5	0	0	0	0	0	0	0	0	0	0	0	0	0	5	6	3	0	5
591.000	0	0	0	1	0	0	0	0	0	12	0	0	0	5	0	0	14	6	0	0	0	0	0	0	0	0	0	0	0	0	0	4	4	1	0	5
591.200	0	0	0	2	0	0	0	0	0	12	0	0	0	8	0	0	8	5	0	0	0	0	0	0	0	0	0	0	1	0	0	5	6	1	0	7
591.400	0	0	0	3	0	0	0	0	0	17	0	0	0	8	0	0	5	5	0	0	0	0	0	0	0	0	0	0	0	0	0	5	6	1	0	5
591.600	0	0	0	3	0	0	0	0	0	13	0	0	0	3	0	0	13	5	0	0	0	0	0	0	0	0	0	0	0	0	0	2	4	3	0	7
591.800	0	0	0	5	0	0	0	0	0	13	0	0	0	2	0	0	13	5	0	0	0	0	0	0	0	0	0	0	0	0	0	3	3	5	0	6
592.000	0	0	0	5	0	0	0	0	0	17	0	0	0	3	0	0	7	5	0	0	0	0	0	0	0	0	0	0	0	0	0	0	2	2	0	5
592.200	0	0	0	6	0	0	0	0	0	13	0	0	0	2	0	0	12	5	0	0	0	0	0	0	0	0	0	0	1	0	0	3	3	1	0	4
592.400	0	0	0	5	0	0	0	0	0	14	0	0	0	5	0	0	8	5	0	0	0	0	0	0	0	0	0	0	0	0	0	1	5	3	0	6
592.600	0	0	0	4	0	0	0	0	0	9	0	0	0	5	0	0	3	5	0	0	0	0	0	0	0	0	0	0	0	0	0	3	5	1	0	6
592.800	0	0	0	6	0	0	0	1	0	15	0	0	0	5	0	0	7	1	0	0	0	0	0	0	0	0	0	0	0	0	0	3	5	2	0	6
593.000	0	0	0	2	0	0	0	0	0	10	0	0	0	2	0	0	10	3	0	0	0	0	0	0	0	0	0	0	0	0	0	2	6	3	0	5
593.200	0	0	0	2	0	0	0	0	0	9	0	0	0	3	0	0	13	4	0	0	0	0	0	0	0	0	0	0	0	0	0	3	1	2	0	8
593.400	0	0	0	4	0	0	0	1	0	3	0	0	0	3	0	0	4	1	0	0	0	0	0	0	0	0	0	0	0	0	0	1	7	2	0	7
593.600	0	0	0	2	0	0	0	0	0	10	0	0	0	6	0	0	5	1	0	0	0	0	0	0	0	0	0	0	1	0	0	2	5	2	0	5
593.800	0	0	0	5	0	0	0	1	0	16	0	0	0	7	0	0	3	0	0	0	0	0	0	0	0	0	0	0	0	0	0	1	5	2	0	8
594.000	0	0	0	5	0	0	0	0	0	15	0	0	0	7	0	0	7	0	0	0	0	0	0	0	0	0	0	0	0	0	0	5	3	3	0	7
594.200	0	0	0	4	0	0	0	0	1	14	0	0	0	9	0	0	8	0	0	0	0	0	0	0	0	0	0	0	0	0	0	0	5	4	0	5
594.400	0	0	0	5	1	0	0	0	0	11	0	0	0	9	0	0	3	0	0	0	0	0	0	0	0	0	0	0	0	0	0	3	3	4	0	8
594.600	0	0	0	8	0	0	0	0	0	10	0	0	0	9	0	0	3	1	0	0	0	0	0	0	0	0	0	0	0	0	0	5	4	4	0	7
594.800	0	0	0	6	0	0	0	0	0	6	0	0	0	6	0	0	6	0	0	0	0	0	0	0	0	0	0	0	0	0	0	0	4	8	1	6
595.000	0	0	0	2	0	0	0	0	0	8	0	0	0	4	0	0	9	2	0	0	0	0	0	0	0	0	0	0	0	0	0	0	2	4	0	5
595.200	0	0	0	10	0	0	0	0	0	6	0	0	0	5	0	0	14	1	0	0	0	0	0	0	0	0	0	0	0	0	0	0	3	4	0	5
595.400	0	0	0	5	0	0	0	0	0	7	0	0	0	5	0	0	7	0	0	0	0	0	0	0	0	0	0	0	0	0	0	4	2	5	0	5
595.600	0	0	0	5	0	0	0	0	0	10	0	0	0	7	0	0	7	0	0	0	0	0	0	0	0	0	0	0	0	0	0	4	3	4	0	7
595.800	0	0	0	6	0	0	0	0	0	5	0	0	0	7	0	0	12	0	0	0	0	0	0	0	0	0	0	0	0	0	0	1	4	5	0	7
596.000	0	0	0	7	0	0	0	0	0	9	0	0	0	6	0	0	11	1	0	0	0	0	0	0	0	0	0	0	0	0	0	1	2	4	0	6
596.200	0	0	0	6	0	0	0	0	0	7	0	0	0	6	0	0	8	6	0	0	0	0	0	0	0	0	0	0	0	0	0	1	4	7	0	4
596.400	0	0	0	9	0	0	0	0	0	5	0	0	0	1	0	0	9	6	0	0	0	0	0	0	0	0	0	0	0	0	0	7	5	2	0	9
596.600	0	0	0	7	0	0	0	0	0	6	0	0	0	4	0	0	9	3	0	0	0	0	0	0	0	0	0	0	0	0	0	5	3	4	0	5
596.800	0	0	0	7	0	0	0	0	0	11	0	0	0	5	0	0	6	4	0	0	0	0	0	0	0	0	0	0	0	0	0	4	3	5	0	4
597.000	0	0	0	8	0	0	0	0	0	13	0	0	0	7	0	0	10	3	0	0	0	0	0	0	0	0	0	0	0	0	0	0	1	4	0	6
597.200	0	0	0	3	0	0	0	0	0	5	0	0	0	8	0	0	4	7	0	0	0	0	0	0	0	0	0	0	0	0	0	3	4	3	0	8
597.400	0	0	0	4	0	0	0	0	0	8	0	0	0	6	0	0	3	3	0	0	0	0	0	0	0	0	0	0	0	0	0	2	4	5	0	6
597.600	0	0	0	4	0	0	0	0	0	8	0	0	0	7	0	0	8	4	0	0	0	0	0	0	0	0	0	0	0	0	0	3	6	2	0	6
597.800	0	0	0	5	0	0	0	0	0	8	0	0	0	5	0	0	10	5	0	0	0	0	0	0	0	0	0	0	1	0	0	4	3	1	0	6
598.000	0	0	0	8	0	0	0	0	0	9	0	0	0	3	0	0	9	5	0	0	0	0	0	0	0	0	0	0	1	0	0	3	5	2	0	7
598.200	0	0	0	10	0	0	0	0	0	9	0	0	0	3	0	0	10	5	0	0	0	0	0	0	0	0	0	0	0	0	0	5	6	1	0	6
598.400	0	0	0	8	0	0	0	0	0	8	0	0	0	6	0	0	9	5	2	0	0	0	0	0	0	0	0	0	0	0	0	2	4	3	0	6
598.600	0	0	0	7	0	0	0	0	0	4	0	0	0	7	0	0	8	8	1	0	0	0	0	0	0	0	0	0	0	0	0	5	4	3	0	5
598.800	0	0	0	7	0	0	0	0	0	8	0	0	0	9	0	0	8	6	1	0	0	0	0	0	0	0	0	0	0	0	0	3	4	3	0	6
599.000	0	0	0	5	0	0	0	0	0	5	0	0	0	6	0	0	7	5	0	0	0	0	0	0	0	0	0	0	0	0	0	2	4	3	0	6
599.200	0	0	0	6	0	0	0	0	0	5	0	0	0	6	0	0	8	4	0	0	0	0	0	0	0	0	0	0	0	0	0	2	4	3	0	7
599.400	0	0	0	5	0	0	0	0	0	8	0	0	0	4	0	0	2	6	0	0	0	0	0	0	0	0	0	0	1	0	0	4	6	1	0	7
599.600	0	0	0	4	0	0	0	0	0	9	0	0	0	4	0	0	4	4	0	0	0	0	0	0	0	0	0	0	1	0	0	5	5	2	0	7
599.800	0	0	0	6	0	0	0	0	0	5	0	0	0	6	0	0	6	6	0	0	0	0	0	0	0	0	0	0	0	0	0	2	7	5	0	6
600.000	0	0	0	4	0	0	0	0	0	10	0	0	0	6	0	0	2	8	0	0	0	0	0	0	0	0	0	0	0	0	0	0	6	7	0	6
600.200	0	0	0	2	0	0	0	0	0	8	0	0	0	5	0	0	3	7	0	0	0	0	0	0	0	0	0	0	0	0	0	5	3	2	0	7
600.400	0	0	0	2	0	0	0	0	0	7	0	0	0	5	0	0	5	5	0	0	0	0	0	0	0	0	0	0	0	0	0	1	3	3	0	9
600.600	0	0	0	3	0	0	0	0	0	4	0	0	0	2	0	0	3	5	0	0	0	0	0	0	0	0	0	0	0	0	0	3	2	2	0	8
600.800	0	0	0	3	0	0	0	0	0	2	0	0	0	6	0	0	4	6	0	0	0	0	0	0	0	0	0	0	0	0	0	5	6	4	0	8
601.000	0	0	0	4	0	0	0	0	0	5	0	0	0	4	0	0	8	5	0	0	0	0	0	0	0	0	0	0	0	0	0	3	4	3	0	6
601.200	0	0	0	3	0	0	0	0	0	13	0	0	0	6	0	0	10	3	0	0	0	0	0	0	0	0	0	0	0	0	0	2	5	2	0	7
601.400	0	0	0	4	0	0	0	0	0	9	0	0	0	6	0	0	5	4	0	0	0	0	0	0	0	0	0	0	0	0	0	0	1	3	0	8
601.600	1	0	0	3	0	0	0	0	0	2	0	0	0	4	0	0	8	4	0	0	0	0	0	0	0	0	0	0	0	0	0	1	6	5	0	7
601.800	1	0	0	4	0	0	0	0	0	4	0	0	0	1	0	0	10	4	0	0	0	0	0	0	0	0	0	0	0	0	0	1	6	5	0	6
602.000	0	0	0	5	0	0	0	0	0	7	0	0	0	10	0	0	2	3	0	0	0	0	0	0	0	0	0	0	1	0	0	2	5	5	0	5
602.200	0	0	0	4	0	0	0	0	0	7	0	0	0	4	0	0	8	4	0	0	0	0	0	0	0	0	0	0	1	0	0	0	6	6	0	5
602.400	1	0	0	3	0	0	0	0	0	9	0	0	0	6	0	0	7	6	0	0	0	0	0	0	0	0	0	0	0	0	0	0	5	4	0	3
602.600	1	0	0	1	0	0	0	0	0	2	0	0	0	7	0	0	12	5	0	0	0	0	0	0	0	0	0	0	0	0	0	0	3	2	0	10
602.800	0	0	0	0	0	0	0	0	0	6	0	0	0	8	0	0	5	4	0	0	0	0	0	0	0	0	0	0	0	0	0	0	1	2	0	6
603.000	0	0	0	1	0	0	0	0	0	3	0	0	0	5	0	0	10	3	0	0	0	0	0	0	0	0	0	0	0	0	0	1	4	2	0	5
603.200	0	0	0	1	0	0	0	0	0	3	0	0	0	6	0	0	8	2	0	0	0	0	0	0	0	0	0	0	0	0	0	3	4	2	0	10
603.400	0	0	0	0	0	0	0	0	0	2	0	0	0	7	0	0	6	2	0	0	0	0	0	0	0	0	0	0	0	0	0	3	4	2	0	8
603.600	0	0	0	0	0	0	0	0	0	9	0	0	0	6	0	0	8	4	0	0	0	0	0	0	0	0	0	0	1	0	0	10	4	4	0	7
603.800	0	0	0	0	0	0	0	0	0	11	0	0	0	7	0	0	3	0	0	0	0	0	0	0	0	0	0	0	1	0	0	4	6	3	0	7
604.000	0	0	0	0	0	0	0	0	0	10	0	0	0	8	0	0	1	1	0	0	0	0	0	0	0	0	0	0	0	0	0	4	4	3	0	7
604.200	0	0	0	0	0	0	0	0	0	7	0	0	0	12	0	0	3	1	0	0	0	0	0	0	0	0	0	0	1	0	0	4	5	3	0	7
604.400	0	0	0	0	0	0	0	0	0	3	0	0	0	11	0	0	16	1	0	0	0	0	0	0	0	0	0	0	0	0	0	4	3	3	0	7
604.600	0	0	0	0	0	0	0	0	0	9	0	0	0	4	0	0	15	1	0	0	0	0	0	0	0	0	0	0	0	0	0	1	3	1	0	8
604.800	0	0	0	0	0	0	0	0	0	5	0	0	0	9	0	0	6	4	0	0	0	0	0	0	0	0	0	0	1	0	0	3	2	0	0	9
605.000	0	0	0	0	0	0	0	0	0	6	0	0	0	9	0	0	12	1	0	0	0	0	0	0	0	0	0	0	0	0	0	4	3	2	0	7
605.200	1	0	0	0	0	0	0	0	0	9	0	0	0	9	1	0	5	5	0	0	0	0	0	0	0	0	0	0	0	0	0	5	4	3	0	5
605.400	0	0	0	0	0	0	0	0	0	8	0	0	0	11	0	0	6	5	0	0	0	0	0	0	0	0	0	0	0	0	0	3	5	7	0	7
605.600	1	0	0	0	0	0	0	0	0	1	0	0	0	9	0	0	9	6	0	0	0	0	0	0	0	0	0	0	0	0	0	3	9	4	0	7
605.800	0	0	0	0	0	0	0	0	0	3	0	0	0	8	0	0	10	7	0	0	0	0	0	0	0	0	0	0	0	0	0	3	3	4	0	7
606.000	0	0	0	0	0	0	0	0	0	2	0	0	0	12	0	0	13	6	0	0	0	0	0	0	0	0	0	0	1	0	0	4	6	3	0	9
606.200	0	0	0	0	0	0	0	0	0	2	0	0	0	11	1	0	17	7	0	0	0	0	0	0	0	0	0	0	0	0	0	3	6	4	0	7
606.400	1	0	0	0	0	0	0	0	0	7	0	0	0	6	0	0	13	5	0	0	0	0	0	0	0	0	0	0	0	0	0	4	5	2	0	7
606.600	0	0	0	0	0	0	0	0	0	8	0	0	0	5	0	0	14	5	0	0	0	0	0	0	0	0	0	0	0	0	0	3	3	1	0	8
606.800	0	0	0	0	0	0	0	0	0	7	0	0	0	8	0	0	16	5	0	0	0	0	0	0	0	0	0	0	0	0	0	5	4	2	0	8
607.000	0	0	0	0	0	0	0	0	0	1	0	0	0	10	0	0	4	7	0	0	0	0	0	0	0	0	0	0	0	0	0	1	5	3	0	8
607.200	0	0	0	0	0	0	0	0	0	2	0	0	0	11	1	0	7	5	0	0	0	0	0	0	0	0	0	0	0	0	0	4	5	3	0	3
607.400	0	0	0	1	0	0	0	0	0	8	0	0	0	13	1	0	10	6	0	0	0	0	0	0	0	0	0	0	0	0	0	0	4	2	0	3
607.600	0	0	0	1	0	0	0	0	0	1	0	0	0	8	0	0	14	6	0	0	0	0	0	0	0	0	0	0	0	0	0	4	5	4	0	3
607.800	0	0	0	0	0	0	0	0	0	1	0	0	0	15	1	0	9	5	0	0	0	0	0	0	0	0	0	0	0	0	0	4	7	3	0	5
608.000	0	0	0	0	0	0	0	0	0	2	0	0	0	19	1	0	12	4	0	0	0	0	0	0	0	0	0	0	0	0	0	4	2	2	0	7
608.200	0	0	0	0	0	0	0	0	0	1	0	0	0	21	1	0	11	3	0	0	0	0	0	0	0	0	0	0	0	0	0	5	5	4	0	5
608.400	0	0	0	0	0	0	0	0	0	1	0	0	0	6	0	0	10	0	0	0	0	0	0	0	0	0	0	0	0	0	0	5	5	3	0	5
608.600	0	0	0	0	0	0	0	0	0	3	0	0	0	20	1	0	13	0	0	0	0	0	0	0	0	0	0	0	0	0	0	2	1	3	0	7
608.800	0	0	0	1	0	0	0	0	0	1	0	0	0	18	1	0	10	0	0	0	0	0	0	0	0	0	0	0	0	0	0	5	4	1	0	8
609.000	0	0	0	0	0	0	0	0	0	2	0	0	0	22	1	0	17	0	0	0	0	0	0	0	0	0	0	0	0	0	0	4	7	4	0	9
609.200	0	0	0	2	0	0	0	0	0	0	0	0	0	9	0	0	21	0	0	0	0	0	0	0	0	0	0	0	1	0	0	4	5	4	0	9
609.400	0	0	0	1	0	0	0	0	0	4	0	0	0	7	0	0	12	0	0	0	0	0	0	0	0	0	0	0	0	0	0	0	3	5	0	5
609.600	0	0	0	2	0	0	0	0	0	4	0	0	0	7	1	0	18	0	0	0	0	0	0	0	0	0	0	0	0	0	0	2	4	3	0	8
609.800	0	0	0	1	0	0	0	0	0	1	0	0	0	14	0	0	16	0	0	0	0	0	0	0	0	0	0	0	0	0	0	3	4	4	0	5
610.000	0	0	0	2	0	0	0	0	0	2	0	0	0	8	0	0	18	0	0	0	0	0	0	0	0	0	0	0	0	0	0	3	7	3	0	7
610.200	0	0	0	6	0	0	0	0	0	1	0	0	0	5	0	0	21	0	0	0	0	0	0	0	0	0	0	0	0	0	0	2	6	3	0	7
610.400	0	0	0	4	0	0	0	0	0	1	0	0	0	10	1	0	20	0	0	0	0	0	0	0	0	0	0	0	1	0	0	3	7	3	0	9
610.600	0	0	0	6	0	0	0	0	0	1	0	0	0	14	0	0	10	4	0	0	0	0	0	0	0	0	0	0	0	0	0	2	4	3	0	9
610.800	0	0	0	6	0	0	0	0	0	1	0	0	0	18	1	0	17	3	0	0	0	0	0	0	0	0	0	0	0	0	0	5	6	4	0	9
611.000	0	0	0	9	0	0	0	0	0	2	0	0	0	13	1	0	16	5	0	0	0	0	0	0	0	0	0	0	0	0	0	4	4	2	0	8
611.200	0	0	0	5	0	0	0	0	0	2	0	0	0	15	0	0	11	5	0	0	0	0	0	0	0	0	0	0	0	0	0	4	5	4	0	8
611.400	0	0	0	7	0	0	0	0	0	6	0	0	0	10	0	0	21	3	0	0	0	0	0	0	0	0	0	0	0	0	0	1	4	2	0	6
611.600	0	0	0	7	0	0	0	0	0	2	0	0	0	9	0	0	21	8	0	0	0	0	0	0	0	0	0	0	1	0	0	1	4	2	0	7
611.800	0	0	0	9	0	0	0	0	0	6	0	0	0	9	0	0	23	7	0	0	0	0	0	0	0	0	0	0	0	0	0	2	4	2	0	9
612.000	0	0	0	5	0	0	0	0	0	2	0	0	0	8	0	0	15	5	0	0	0	0	0	0	0	0	0	0	0	0	0	3	5	3	0	6
612.200	0	0	0	6	0	0	0	0	0	4	0	0	0	6	1	0	20	6	0	0	0	0	0	0	0	0	0	0	0	0	0	4	4	2	0	5
612.400	0	0	0	6	0	0	0	0	0	4	0	0	0	6	0	0	7	5	0	0	0	0	0	0	0	0	0	0	0	0	0	3	3	2	0	8
612.600	0	0	0	2	0	0	0	0	0	2	0	0	0	10	1	0	23	7	0	0	0	0	0	0	0	0	0	0	0	0	0	3	6	4	0	6
612.800	0	0	0	5	0	0	0	0	0	2	0	0	0	9	0	0	15	6	0	0	0	0	0	0	0	0	0	0	0	0	0	2	3	4	0	4
613.000	0	0	0	9	0	0	0	0	0	2	0	0	0	5	0	0	15	4	0	0	0	0	0	0	0	0	0	0	0	0	0	2	5	4	0	7
613.200	0	0	0	8	0	0	0	0	0	6	0	0	0	5	0	0	19	6	0	0	0	0	0	0	0	0	0	0	0	0	0	4	5	5	0	6
613.400	0	0	0	4	0	0	0	0	0	7	0	0	0	6	0	0	15	8	0	0	0	0	0	0	0	0	0	0	0	0	0	2	6	3	0	6
613.600	0	0	0	10	0	0	0	0	0	3	0	0	0	5	0	0	9	4	0	0	0	0	0	0	0	0	0	0	0	0	0	2	3	2	0	5
613.800	1	0	0	3	0	0	0	0	0	6	0	0	0	5	0	0	24	6	0	0	0	0	0	0	0	0	0	0	0	0	0	4	3	2	0	7
614.000	0	0	0	4	0	0	0	0	0	6	0	0	0	6	0	0	23	4	0	0	0	0	0	0	0	0	0	0	0	0	0	5	4	4	0	4
614.200	0	0	0	3	0	0	0	0	0	2	0	0	0	7	0	0	15	4	0	0	0	0	0	0	0	0	0	0	0	0	0	3	4	1	0	6
614.400	0	0	0	9	0	0	0	0	0	5	0	0	0	5	0	0	16	5	0	0	0	0	0	0	0	0	0	0	0	0	0	2	4	2	0	5
614.600	0	0	0	10	0	0	0	0	0	6	0	0	0	9	0	0	13	6	0	0	0	0	0	0	0	0	0	0	0	0	0	1	3	1	0	8
614.800	2	0	0	7	0	0	0	0	0	6	0	0	0	4	0	0	12	6	0	0	0	0	0	0	0	0	0	0	0	0	0	3	7	4	0	5
615.000	0	0	0	4	0	0	0	0	0	6	0	0	0	7	0	0	10	5	0	0	0	0	0	0	0	0	0	0	0	0	0	3	3	2	0	6
615.200	0	0	0	8	0	0	0	0	0	6	0	0	0	7	0	0	19	7	0	0	0	0	0	0	0	0	0	0	0	0	0	5	1	3	0	7
615.400	0	0	0	7	0	0	0	0	0	5	0	0	0	4	0	0	9	8	0	0	0	0	0	0	0	0	0	0	0	0	0	5	3	5	0	6
615.600	0	0	0	7	0	0	0	0	0	6	0	0	0	6	0	0	6	6	0	0	0	0	0	0	0	0	0	0	0	0	0	5	6	4	0	5
615.800	0	0	0	3	0	0	0	0	0	5	0	0	0	8	1	0	10	6	0	0	0	0	0	0	0	0	0	0	0	0	0	4	4	5	0	6
616.000	0	0	0	7	0	0	0	0	0	6	0	0	0	17	1	0	13	7	0	0	0	0	0	0	0	0	0	0	0	0	0	0	3	4	0	5
616.200	0	0	0	7	0	0	0	0	0	7	0	0	0	9	0	0	14	4	0	0	0	0	0	0	0	0	0	0	0	0	0	1	8	3	0	6
616.400	0	0	0	6	0	0	0	0	0	6	0	0	0	11	0	0	12	5	0	0	0	0	0	0	0	0	0	0	0	0	0	1	3	2	0	7
616.600	0	0	0	3	0	0	0	0	0	7	0	0	0	8	0	0	10	9	0	0	0	0	0	0	0	0	0	0	0	0	0	3	3	2	0	7
616.800	0	0	0	8	0	0	0	0	0	4	0	0	0	3	0	0	12	8	0	0	0	0	0	0	0	0	0	0	0	0	0	1	6	3	0	5
617.000	0	0	0	6	0	0	0	0	0	5	0	0	0	7	0	0	15	2	0	0	0	0	0	0	0	0	0	0	0	0	0	0	4	4	0	5
617.200	0	0	0	7	0	0	0	0	0	4	0	0	0	3	0	0	11	5	0	0	0	0	0	0	0	0	0	0	0	0	0	1	4	2	0	5
617.400	0	0	0	5	0	0	0	0	0	3	0	0	0	2	1	0	8	5	0	0	0	0	0	0	0	0	0	0	0	0	0	2	4	3	0	6
617.600	0	0	0	4	0	0	0	0	0	4	0	0	0	4	0	0	10	4	0	0	0	0	0	0	0	0	0	0	0	0	0	3	3	2	0	4
617.800	0	0	0	7	0	0	0	0	0	4	0	0	0	6	1	0	10	6	0	0	0	0	0	0	0	0	0	0	0	0	0	1	4	3	0	5
618.000	0	0	0	8	0	0	0	0	0	4	0	0	0	4	0	0	10	4	0	0	0	0	0	0	0	0	0	0	0	0	0	2	6	2	0	5
618.200	0	0	0	6	0	0	0	0	0	4	0	0	0	3	0	0	13	7	0	0	0	0	0	0	0	0	0	0	0	0	0	0	4	4	0	3
618.400	0	0	0	7	0	0	0	0	0	4	0	0	0	3	0	0	9	9	0	0	0	0	0	0	0	0	0	0	0	0	0	1	5	5	0	3
618.600	0	0	0	4	0	0	0	0	0	4	0	0	0	6	0	0	15	8	0	0	0	0	0	0	0	0	0	0	0	0	0	1	5	5	0	3
618.800	0	0	0	7	0	0	0	0	0	4	0	0	0	3	0	0	12	7	1	0	0	0	0	0	0	0	0	0	0	0	0	3	4	1	0	3
619.000	0	0	0	8	0	0	0	0	0	3	0	0	0	1	0	0	15	5	2	0	0	0	0	0	0	0	0	0	0	0	0	3	5	3	0	3
619.200	0	0	0	8	0	0	0	0	0	3	0	0	0	2	0	0	13	6	0	0	0	0	0	0	0	0	0	0	0	0	0	0	6	4	0	3
619.400	0	0	0	8	0	0	0	0	0	0	0	0	0	7	0	0	9	5	2	0	0	0	0	0	0	0	0	0	0	0	0	4	3	2	0	6
619.600	0	0	0	8	0	0	0	0	0	5	0	0	0	9	0	0	23	7	0	0	0	0	0	0	0	0	0	0	0	0	0	3	4	4	0	1
619.800	0	0	0	4	0	0	0	0	0	0	0	0	0	8	0	0	9	10	2	0	0	0	0	0	0	0	0	0	0	0	0	2	2	1	0	4
620.000	0	0	0	0	0	0	0	0	0	6	0	0	0	9	0	0	17	9	0	0	0	0	0	0	0	0	0	0	0	0	0	2	4	2	0	2
620.200	0	0	0	3	0	0	0	0	0	6	0	0	0	7	0	0	12	11	0	0	0	0	0	0	0	0	0	0	0	0	0	4	5	3	0	4
620.400	0	0	0	1	0	0	0	0	0	3	0	0	0	12	0	0	11	8	0	0	0	0	0	0	0	0	0	0	0	0	0	1	4	4	0	2
620.600	0	0	0	0	0	0	0	0	0	6	0	0	0	10	0	0	15	8	2	0	0	0	0	0	0	0	0	0	0	0	0	0	2	4	0	2
620.800	7	0	0	7	0	0	0	0	0	2	0	0	0	19	0	0	11	7	0	0	0	0	0	0	0	0	0	0	0	0	0	2	5	4	0	4
621.000	7	0	0	5	0	0	0	0	0	2	0	0	0	16	0	0	13	8	0	0	0	0	0	0	0	0	0	0	0	0	0	3	3	3	0	5
621.200	8	0	0	5	0	0	0	0	0	1	0	0	0	14	0	0	24	7	1	0	0	0	0	0	0	0	0	0	0	0	0	3	4	4	0	3
621.400	7	0	0	2	0	0	0	0	0	2	0	0	0	23	0	0	18	5	0	0	0	0	0	0	0	0	0	0	0	0	0	3	8	4	0	4
621.600	8	0	0	4	0	0	0	0	0	5	0	0	0	8	0	0	21	8	2	0	0	0	0	0	0	0	0	0	0	0	0	1	9	5	0	5
621.800	7	0	0	2	0	0	0	0	0	3	0	0	0	14	0	0	9	6	0	0	0	0	0	0	0	0	0	0	0	0	0	0	2	2	0	1
622.000	7	0	1	3	0	0	0	0	0	1	0	0	0	11	1	0	12	5	0	0	0	0	0	0	0	0	0	0	0	0	0	3	4	2	0	2
622.200	11	0	1	5	0	0	0	0	0	3	0	0	0	23	0	0	18	8	2	0	0	0	0	0	0	0	0	0	0	0	0	4	7	3	0	2
622.400	6	0	0	3	0	0	0	0	0	6	0	0	0	10	0	0	11	6	0	0	0	0	0	0	0	0	0	0	0	0	0	4	7	2	0	1
622.600	11	0	0	5	0	0	0	0	0	6	0	0	0	8	1	0	16	8	0	0	0	0	0	0	0	0	0	0	0	0	0	4	7	3	0	1
622.800	5	0	0	4	0	0	0	0	0	6	0	0	0	7	0	0	6	8	0	0	0	0	0	0	0	0	0	0	0	0	0	2	3	4	0	4
623.000	5	0	0	5	0	0	0	0	0	6	0	0	0	6	0	0	9	6	2	0	0	0	0	0	0	0	0	0	0	0	0	1	2	4	0	6
623.200	5	0	0	2	0	0	0	0	0	6	0	0	0	8	0	0	13	7	0	0	0	0	0	0	0	0	0	0	0	0	0	2	6	5	0	5
623.400	5	0	0	3	0	0	0	0	0	5	0	0	0	9	0	0	9	6	0	0	0	0	0	0	0	0	0	0	0	0	0	3	3	4	0	7
623.600	7	0	0	4	0	0	0	0	0	5	0	0	0	7	0	0	15	11	2	0	0	0	0	0	0	0	0	0	0	0	0	6	6	3	0	7
623.800	7	0	0	4	0	0	0	0	0	5	0	0	0	2	0	0	13	7	2	0	0	0	0	0	0	0	0	0	0	0	0	6	5	5	0	4
624.000	5	0	1	5	0	0	0	0	0	7	0	0	0	6	0	0	6	8	1	0	0	0	0	0	0	0	0	0	0	0	0	2	6	3	0	5
624.200	6	0	0	4	0	0	0	0	0	4	0	0	0	5	0	0	16	7	0	0	0	0	0	0	0	0	0	0	0	0	0	2	5	3	0	7
624.400	6	0	0	5	0	0	0	0	0	7	0	0	0	6	0	0	13	5	2	0	0	0	0	0	0	0	0	0	0	0	0	2	6	2	0	6
624.600	9	0	0	2	0	0	0	0	0	5	0	0	0	6	0	0	15	7	2	0	0	0	0	0	0	0	0	0	0	0	0	0	8	5	0	6
624.800	9	0	0	4	0	0	0	0	0	5	0	0	0	7	0	0	13	7	2	0	0	0	0	0	0	0	0	0	0	0	0	4	3	3	0	4
625.000	6	0	1	5	0	0	0	0	0	8	0	0	0	6	1	0	14	7	2	0	0	0	0	0	0	0	0	0	0	0	0	2	7	2	0	5
625.200	7	0	0	4	0	0	0	0	0	1	0	0	0	4	1	0	10	5	0	0	0	0	0	0	0	0	0	0	0	0	0	3	7	2	0	3
625.400	5	0	0	2	0	0	0	0	0	6	0	0	0	2	0	0	18	7	1	0	0	0	0	0	0	0	0	0	0	0	0	3	2	7	1	7
625.600	6	0	0	3	0	0	0	0	0	5	0	0	0	6	0	0	11	6	0	0	0	0	0	0	0	0	0	0	0	0	0	5	5	3	0	6
625.800	6	0	0	2	0	0	0	0	0	8	0	0	0	11	0	0	9	9	1	0	0	0	0	0	0	0	0	0	0	0	0	5	4	1	0	4
626.000	5	0	0	5	0	0	0	0	0	1	0	0	0	19	0	0	15	7	0	0	0	0	0	0	0	0	0	0	0	0	0	6	4	4	0	9
626.200	7	0	0	3	0	0	0	0	0	0	0	0	0	9	1	0	13	7	1	0	0	0	0	0	0	0	0	0	0	0	0	4	7	4	0	4
626.400	5	0	0	2	0	0	0	0	0	8	0	0	0	8	0	0	15	11	0	0	0	0	0	0	0	0	0	0	0	0	0	2	6	2	0	6
626.600	1	0	0	3	0	0	0	0	0	2	0	0	0	8	0	0	13	9	2	0	0	0	0	0	0	0	0	0	0	0	0	4	3	2	0	5
626.800	9	0	0	5	0	0	0	0	0	1	0	0	0	11	0	0	7	4	2	0	0	0	0	0	0	0	0	0	0	0	0	3	7	2	0	4
627.000	4	0	0	5	0	0	0	0	0	1	0	0	0	11	1	0	16	8	2	0	0	0	0	0	0	0	0	0	0	0	0	3	4	2	0	4
627.200	4	0	0	5	0	0	0	0	0	3	0	0	0	10	1	0	25	5	1	0	0	0	0	0	0	0	0	0	0	0	0	4	3	2	0	3
627.400	7	0	0	1	0	0	0	0	0	1	0	0	0	9	1	0	21	4	0	0	0	0	0	0	0	0	0	0	0	0	0	3	4	1	0	2
627.600	4	0	0	4	0	0	0	0	0	2	0	0	0	7	0	0	13	3	0	0	0	0	0	0	0	0	0	0	0	0	0	3	3	4	0	2
627.800	4	0	0	2	0	0	0	0	0	0	0	0	0	10	0	0	14	5	1	0	0	0	0	0	0	0	0	0	0	0	0	3	8	1	0	5
628.000	7	0	0	5	0	0	0	0	0	0	0	0	0	12	0	0	7	7	0	0	0	0	0	0	0	0	0	0	0	0	0	4	3	4	0	2
628.200	8	0	0	1	0	0	0	0	0	1	0	0	0	11	0	0	12	6	0	0	0	0	0	0	0	0	0	0	0	0	0	3	4	2	0	3
628.400	7	0	0	7	0	0	0	0	0	3	0	0	0	9	0	0	13	6	0	0	0	0	0	0	0	0	0	0	0	0	0	3	3	2	0	2
628.600	7	0	0	6	0	0	0	0	0	1	0	0	0	12	0	0	13	5	0	0	0	0	0	0	0	0	0	0	0	0	0	3	6	2	0	2
628.800	7	0	0	7	0	0	0	0	0	6	0	0	0	10	0	0	11	9	0	0	0	0	0	0	0	0	0	0	0	0	0	3	5	7	0	2
629.000	9	0	0	0	0	0	0	0	0	5	0	0	0	6	0	0	18	7	0	0	0	0	0	0	0	0	0	0	0	0	0	9	9	5	0	3
629.200	5	0	0	0	0	0	0	0	0	4	0	0	0	10	0	0	10	3	0	0	0	0	0	0	0	0	0	0	0	0	0	2	3	2	0	2
629.400	9	0	0	5	0	0	0	0	0	7	0	0	0	5	1	0	8	0	0	0	0	0	0	0	0	0	0	0	0	0	0	5	4	2	0	2
629.600	9	0	0	6	0	0	0	0	0	2	0	0	0	8	0	0	12	0	0	0	0	0	0	0	0	0	0	0	0	0	0	4	5	3	0	2
629.800	6	0	1	5	0	0	0	0	0	6	0	0	0	7	0	0	10	0	0	0	0	0	0	0	0	0	0	0	0	0	0	2	2	3	0	2
630.000	5	0	0	6	0	0	0	0	0	6	0	0	0	8	0	0	16	1	1	0	0	0	0	0	0	0	0	0	0	0	0	5	3	3	0	2
630.200	7	0	0	6	0	0	0	0	0	6	0	0	0	6	1	0	11	1	0	0	0	0	0	0	0	0	0	0	0	0	0	2	2	2	0	2
630.400	5	0	0	3	0	0	0	0	0	6	0	0	0	10	0	0	5	4	0	0	0	0	0	0	0	0	0	0	0	0	0	3	4	2	0	2
630.600	0	0	0	5	0	0	0	0	0	6	0	0	0	9	1	0	10	5	0	0	0	0	0	0	0	0	0	0	0	0	0	3	5	4	0	3
630.800	0	0	0	0	0	0	0	0	0	6	0	0	0	8	0	0	13	5	0	0	0	0	0	0	0	0	0	0	0	0	0	5	3	2	0	2
631.000	0	0	0	5	0	0	0	0	0	7	0	0	0	6	0	0	15	5	0	0	0	0	0	0	0	0	0	0	0	0	0	5	3	3	0	2
631.200	3	0	0	3	0	0	0	0	0	6	0	0	0	10	0	0	12	5	0	0	0	0	0	0	0	0	0	0	0	0	0	11	3	4	0	2
631.400	0	0	0	0	0	0	0	0	0	6	0	0	0	8	0	0	12	5	0	0	0	0	0	0	0	0	0	0	0	0	0	4	3	5	0	2
631.600	0	0	0	4	0	0	0	0	0	6	0	0	0	8	0	0	7	6	0	0	0	0	0	0	0	0	0	0	0	0	0	4	5	2	0	3
631.800	0	0	0	0	0	0	0	0	0	6	0	0	0	10	0	0	7	5	0	0	0	0	0	0	0	0	0	0	0	0	0	7	2	3	0	3
632.000	0	0	0	0	0	0	0	0	0	6	0	0	0	9	0	0	11	12	0	0	0	0	0	0	0	0	0	0	0	0	0	0	4	4	0	3
632.200	2	0	0	0	0	0	0	0	0	6	0	0	0	7	0	0	17	1	0	0	0	0	0	0	0	0	0	0	0	0	0	3	2	3	0	4
632.400	5	0	0	5	0	0	0	0	0	5	0	0	0	10	0	0	19	5	0	0	0	0	0	0	0	0	0	0	0	0	0	2	3	2	0	4
632.600	3	0	0	5	0	0	0	0	0	6	0	0	0	11	0	0	18	5	0	0	0	0	0	0	0	0	0	0	0	0	0	4	2	3	0	5
632.800	3	0	0	5	0	0	0	0	0	5	0	0	0	8	0	0	13	3	0	0	0	0	0	0	0	0	0	0	0	0	0	0	5	4	0	4
633.000	2	0	0	0	0	0	0	0	0	4	0	0	0	11	0	0	16	7	0	0	0	0	0	0	0	0	0	0	0	0	0	2	4	3	0	2
633.200	2	0	0	0	0	0	0	0	0	5	0	0	0	11	0	0	19	5	0	0	0	0	0	0	0	0	0	0	0	0	0	4	4	3	0	4
633.400	2	0	0	0	0	0	0	0	0	6	0	0	0	6	0	0	18	1	0	0	0	0	0	0	0	0	0	0	0	0	0	0	2	3	0	4
633.600	2	0	0	0	0	0	0	0	0	5	0	0	0	10	0	0	14	10	1	0	0	0	0	0	0	0	0	0	0	0	0	3	3	2	0	3
633.800	1	0	0	0	0	0	0	0	0	6	0	0	0	11	0	0	11	9	0	0	0	0	0	0	0	0	0	0	0	0	0	5	3	3	0	1
634.000	0	0	0	0	0	0	0	0	0	5	0	0	0	8	0	0	19	8	0	0	0	0	0	0	0	0	0	0	0	0	0	4	3	4	0	6
634.200	0	0	0	0	0	0	0	0	0	6	0	0	0	7	0	0	16	6	0	0	0	0	0	0	0	0	0	0	0	0	0	1	3	4	0	3
634.400	0	0	0	6	0	0	0	0	0	10	0	0	0	7	0	0	17	6	0	0	0	0	0	0	0	0	0	0	0	0	0	3	4	4	0	3
634.600	0	0	0	0	0	0	0	0	0	5	0	0	0	7	0	0	12	4	0	0	0	0	0	0	0	0	0	0	0	0	0	5	1	7	0	4
634.800	0	0	0	0	0	0	0	0	0	6	0	0	0	5	0	0	16	2	0	0	0	0	0	0	0	0	0	0	0	0	0	1	3	4	0	3
635.000	0	0	0	0	0	0	0	0	0	6	0	0	0	7	0	0	21	2	2	0	0	0	0	0	0	0	0	0	0	0	0	4	4	3	0	4
635.200	0	0	0	0	0	0	0	0	0	6	0	0	0	5	0	0	14	7	0	0	0	0	0	0	0	0	0	0	0	0	0	5	4	3	0	2
635.400	0	0	0	0	0	0	0	0	0	6	0	0	0	10	0	0	20	2	0	0	0	0	0	0	0	0	0	0	0	0	0	5	3	2	0	4
635.600	0	0	0	0	0	0	0	0	0	5	0	0	0	6	0	0	15	5	1	0	0	0	0	0	0	0	0	0	0	0	0	3	2	2	0	4
635.800	0	0	0	0	0	0	0	0	0	5	0	0	0	8	1	0	18	8	2	0	0	0	0	0	0	0	0	0	0	0	0	6	7	2	0	3
636.000	0	0	0	0	0	0	0	0	0	6	0	0	0	1	0	0	19	10	3	0	0	0	0	0	0	0	0	0	0	0	0	2	4	4	0	5
636.200	0	0	0	0	0	0	0	0	0	6	0	0	0	4	0	0	12	9	1	0	0	0	0	0	0	0	0	0	0	0	0	2	3	3	0	3
636.400	0	0	0	0	0	0	0	0	0	6	0	0	0	9	0	0	7	7	2	0	0	0	0	0	0	0	0	0	0	0	0	4	3	4	0	3
636.600	0	0	0	1	0	0	0	0	0	6	0	0	0	6	0	0	21	7	1	0	0	0	0	0	0	0	0	0	0	0	0	2	4	5	0	2
636.800	0	0	0	0	0	0	0	0	0	6	0	0	0	8	0	0	24	10	2	0	0	0	0	0	0	0	0	0	0	0	0	0	3	4	0	4
637.000	0	0	0	0	0	0	0	0	0	7	0	0	0	6	0	0	14	12	2	0	0	0	0	0	0	0	0	0	0	0	0	2	3	4	0	3
637.200	0	0	0	0	0	0	0	0	0	6	0	0	0	7	1	0	20	7	2	0	0	0	0	0	0	0	0	0	0	0	0	1	5	3	0	3
637.400	0	0	0	0	0	0	0	0	0	6	0	0	0	8	0	0	18	10	2	0	0	0	0	0	0	0	0	0	0	0	0	0	3	2	0	3
637.600	0	0	0	0	0	0	0	0	0	6	0	0	0	8	0	0	23	9	3	0	0	0	0	0	0	0	0	0	0	0	0	4	4	2	0	7
637.800	0	0	0	1	0	0	0	0	0	6	0	0	0	2	0	0	23	9	2	0	0	0	0	0	0	0	0	0	0	0	0	5	3	3	0	4
638.000	0	0	0	1	0	0	0	0	0	6	0	0	0	4	0	0	20	7	1	0	0	0	0	0	0	0	0	0	0	0	0	4	3	2	0	5
638.200	1	0	0	0	0	0	0	0	0	7	0	0	0	6	0	0	21	7	1	0	0	0	0	0	0	0	0	0	0	0	0	3	4	4	0	3
638.400	0	0	0	0	0	0	0	0	0	6	0	0	0	5	1	0	17	11	1	0	0	0	0	0	0	0	0	0	0	0	0	3	6	3	0	5
638.600	0	0	0	0	0	0	0	0	0	6	0	0	0	1	0	0	28	10	2	0	0	0	0	0	0	0	0	0	0	0	0	2	3	2	0	4
638.800	0	0	0	0	0	0	0	0	0	6	0	0	0	5	1	0	23	5	2	0	0	0	0	0	0	0	0	0	0	0	0	3	8	5	0	5
639.000	0	0	0	0	0	0	0	0	0	6	0	0	0	8	0	0	17	9	2	0	0	0	0	0	0	0	0	0	0	0	0	0	4	4	0	2
639.200	0	0	0	1	0	0	0	0	0	4	0	0	0	2	0	0	18	9	1	0	0	0	0	0	0	0	0	0	0	0	0	0	2	5	0	2
639.400	0	0	0	0	0	0	0	0	0	7	0	0	0	8	1	0	24	9	2	0	0	0	0	0	0	0	0	0	0	0	0	0	3	2	0	0
639.600	1	0	0	0	0	0	0	0	0	6	0	0	0	12	1	0	20	10	1	0	0	0	0	0	0	0	0	0	0	0	0	6	5	2	0	2
639.800	0	0	0	0	0	0	0	0	0	6	0	0	0	5	0	0	10	13	2	0	0	0	0	0	0	0	0	0	0	0	0	0	3	4	0	4
640.000	0	0	0	2	0	0	0	0	0	6	0	0	0	7	0	0	12	9	1	0	0	0	0	0	0	0	0	0	0	0	0	1	3	2	0	1
640.200	0	0	0	4	0	0	0	0	0	6	0	0	0	7	0	0	7	6	5	0	0	0	0	0	0	0	0	0	0	0	0	3	1	3	0	2
640.400	0	0	0	3	0	0	0	0	0	8	0	0	0	10	0	0	17	4	2	0	0	0	0	0	0	0	0	0	0	0	0	0	3	3	0	0
640.600	0	0	0	2	0	0	0	0	0	5	0	0	0	12	1	0	18	5	2	0	0	0	0	0	0	0	0	0	0	0	0	0	3	4	0	0
640.800	0	0	0	2	0	0	0	0	0	7	0	0	0	8	1	0	18	11	2	0	0	0	0	0	0	0	0	0	0	0	0	0	5	5	0	2
641.000	0	0	0	4	0	0	0	0	0	8	0	0	0	9	0	0	11	5	0	0	0	0	0	0	0	0	0	0	0	0	0	0	5	5	0	2
641.200	0	0	0	3	0	0	0	0	0	8	0	0	0	10	0	0	11	7	0	0	0	0	0	0	0	0	0	0	0	0	0	0	4	5	0	4
641.400	0	0	0	6	0	0	0	0	0	6	0	0	0	10	1	0	12	6	0	0	0	0	0	0	0	0	0	0	0	0	0	2	5	3	0	2
641.600	0	2	0	4	0	0	0	0	0	7	0	0	0	9	1	0	19	7	0	0	0	0	0	0	0	0	0	0	0	0	0	2	5	3	0	3
641.800	0	3	0	6	0	0	0	0	0	7	0	0	0	13	1	0	12	9	0	0	0	0	0	0	0	0	0	0	0	0	0	2	4	7	0	4
642.000	0	2	0	4	0	0	0	0	0	11	0	0	0	15	1	0	22	9	0	0	0	0	0	0	0	0	0	0	0	0	0	0	4	4	0	3
642.200	0	2	0	5	0	0	0	0	0	11	0	0	0	12	0	0	17	6	0	0	0	0	0	0	0	0	0	0	0	0	0	1	4	2	0	6
642.400	0	4	0	5	0	0	0	0	0	10	0	0	0	12	0	0	8	7	0	0	0	0	0	0	0	0	0	0	0	0	0	4	5	4	0	4
642.600	0	6	0	4	0	0	0	0	0	9	0	0	0	9	1	0	20	6	0	0	0	0	0	0	0	0	0	0	0	0	0	5	3	3	0	9
642.800	0	3	0	5	0	0	0	0	0	12	0	0	0	13	1	0	20	6	0	0	0	0	0	0	0	0	0	0	0	0	0	2	5	3	0	7
643.000	0	2	0	7	0	0	0	0	0	8	0	0	0	11	1	0	18	4	0	0	0	0	0	0	0	0	0	0	0	0	0	4	5	2	0	6
643.200	0	0	0	6	0	0	0	0	1	7	0	0	0	12	1	0	14	6	0	0	0	0	0	0	0	0	0	0	0	0	0	3	5	3	0	7
643.400	0	0	0	9	0	0	0	1	0	7	0	0	0	10	1	0	15	1	0	0	0	0	0	0	0	0	0	0	0	0	0	3	6	4	0	3
643.600	0	0	0	9	0	0	0	1	0	8	0	0	0	9	1	0	22	0	0	0	0	0	0	0	0	0	0	0	0	0	0	4	1	5	0	8
643.800	0	0	0	9	0	0	0	0	0	8	0	0	0	8	0	0	16	1	0	0	0	0	0	0	0	0	0	0	0	0	0	3	5	3	0	9
644.000	0	0	0	6	0	0	0	0	0	7	0	0	0	14	1	0	13	0	0	0	0	0	0	0	0	0	0	0	0	0	0	2	4	2	0	6
644.200	0	0	0	4	0	0	0	0	0	8	0	0	0	10	0	0	20	1	0	0	0	0	0	0	0	0	0	0	0	0	0	3	4	2	0	3
644.400	0	0	0	1	0	0	0	0	0	12	0	0	0	8	1	0	23	4	0	0	0	0	0	0	0	0	0	0	0	0	0	3	3	5	0	7
644.600	0	0	0	2	0	0	0	0	0	6	0	0	0	9	0	0	22	2	0	0	0	0	0	0	0	0	0	0	0	0	0	2	4	2	0	0
644.800	0	0	0	7	0	0	0	0	0	8	0	0	0	4	1	0	18	3	0	0	0	0	0	0	0	0	0	0	0	0	0	0	4	3	0	0
645.000	0	0	0	6	0	0	0	0	0	8	0	0	0	9	1	0	18	3	0	0	0	0	0	0	0	0	0	0	0	0	0	2	5	2	0	0
645.200	0	0	0	7	0	0	0	0	0	8	0	0	0	12	1	0	20	2	0	0	0	0	0	0	0	0	0	0	0	0	0	0	3	4	0	3
645.400	0	0	0	8	0	0	0	0	0	7	0	0	0	12	1	0	16	1	0	0	0	0	0	0	0	0	0	0	0	0	0	2	4	4	0	3
645.600	0	0	0	9	0	0	0	0	0	8	0	0	0	4	0	0	25	1	0	0	0	0	0	0	0	0	0	0	0	0	0	1	4	4	0	1
645.800	0	0	0	5	0	0	0	0	0	12	0	0	0	4	1	0	17	9	0	0	0	0	0	0	0	0	0	0	0	0	0	0	3	2	0	4
646.000	0	2	0	6	0	0	0	0	0	10	0	0	0	6	1	2	23	2	0	0	0	0	0	0	0	0	0	0	0	0	0	5	4	2	0	7
646.200	0	0	0	6	0	0	0	0	0	8	0	0	0	8	0	0	16	1	0	0	0	0	0	0	0	0	0	0	0	0	0	0	3	2	0	4
646.400	0	0	0	8	0	0	0	0	0	6	0	0	0	8	1	0	22	2	0	0	0	0	0	0	0	0	0	0	0	0	0	3	6	3	0	6
646.600	0	2	0	5	0	0	0	0	0	2	0	0	0	13	1	0	25	3	0	0	0	0	0	0	0	0	0	0	0	0	0	4	6	4	0	5
646.800	0	6	0	6	0	0	0	0	0	9	0	0	0	11	1	0	17	7	0	0	0	0	0	0	0	0	0	0	0	0	0	4	8	4	0	3
647.000	0	4	0	8	0	0	0	0	0	2	0	0	0	9	1	0	21	7	0	0	0	0	0	0	0	0	0	0	0	0	0	3	7	3	0	3
647.200	0	5	0	8	0	0	0	0	0	6	0	0	0	11	1	0	16	0	0	0	0	0	0	0	0	0	0	0	0	0	0	3	5	5	0	4
647.400	0	6	0	3	0	0	0	0	0	6	0	0	0	12	1	1	14	0	0	0	0	0	0	0	0	0	0	0	0	0	0	5	3	3	0	3
647.600	0	5	0	6	0	0	0	0	0	6	0	0	0	14	0	0	13	8	0	0	0	0	0	0	0	0	0	0	0	0	0	4	5	3	0	5
647.800	0	10	0	5	0	0	0	0	0	10	0	0	0	10	1	0	14	8	0	0	0	0	0	0	0	0	0	0	0	0	0	3	1	5	0	5
648.000	0	9	0	3	0	0	0	0	0	7	0	0	0	6	0	0	18	8	0	0	0	0	0	0	0	0	0	0	0	0	0	2	3	5	0	4
648.200	0	3	0	5	0	0	0	0	0	7	0	0	0	7	1	0	15	7	0	0	0	0	0	0	0	0	0	0	0	0	0	1	3	3	1	4
648.400	0	2	0	5	0	0	0	0	0	4	0	0	0	13	1	0	20	7	0	0	0	0	0	0	0	0	0	0	0	0	0	3	1	4	1	5
648.600	0	1	0	5	0	0	0	0	0	4	0	0	0	12	0	0	13	7	0	0	0	0	0	0	0	0	0	0	0	0	0	2	3	5	0	2
648.800	0	7	0	6	0	0	0	0	0	5	0	0	0	7	1	0	12	7	0	0	0	0	0	0	0	0	0	0	0	0	0	5	1	2	0	3
649.000	0	2	0	5	0	0	0	0	0	2	0	0	0	13	0	0	13	8	0	0	0	0	0	0	0	0	0	0	0	0	0	3	3	6	1	3
649.200	0	6	0	4	0	0	0	0	0	3	0	0	0	12	0	0	14	6	0	0	0	0	0	0	0	0	0	0	0	0	0	4	7	3	0	2
649.400	0	3	0	1	1	0	0	0	0	5	0	0	0	13	1	0	15	6	0	0	0	0	0	0	0	0	0	0	0	0	0	2	2	5	1	4
649.600	0	2	0	7	2	0	0	0	0	4	0	0	0	9	0	0	15	7	0	0	0	0	0	0	0	0	0	0	0	0	0	4	3	5	1	3
649.800	0	0	0	6	4	0	0	0	0	2	0	0	0	13	1	0	14	9	0	0	0	0	0	0	0	0	0	0	0	0	0	2	4	4	0	1
650.000	0	4	0	6	5	0	0	0	0	3	0	0	0	9	1	0	19	6	0	0	0	0	0	0	0	0	0	0	0	0	0	2	4	7	0	0
650.200	0	2	0	3	1	0	0	0	0	0	0	0	0	6	1	0	21	0	0	0	0	0	0	0	0	0	0	0	0	0	0	1	4	5	0	0
650.400	0	3	0	1	3	0	0	0	0	4	0	0	0	13	1	0	7	5	0	0	0	0	0	0	0	0	0	0	0	0	0	1	5	5	0	0
650.600	0	6	0	3	0	0	0	0	0	5	0	0	0	13	1	0	18	6	0	0	0	0	0	0	0	0	0	0	0	0	0	1	3	1	0	0
650.800	0	0	0	2	3	0	0	0	0	4	0	0	0	10	1	0	18	0	0	0	0	0	0	0	0	0	0	0	0	0	0	1	4	3	0	0
651.000	0	0	0	6	1	0	0	0	0	0	0	0	0	7	1	0	8	0	0	0	0	0	0	0	0	0	0	0	0	0	0	1	4	5	0	8
651.200	0	3	0	5	3	0	0	0	0	0	0	0	0	8	1	0	12	0	0	0	0	0	0	0	0	0	0	0	0	0	0	1	4	4	0	6
651.400	0	5	0	6	1	0	0	0	0	0	0	0	0	10	1	0	17	0	0	0	0	0	0	0	0	0	0	0	0	0	0	3	5	1	0	4
651.600	0	1	0	5	1	0	0	0	0	0	0	0	0	9	0	0	16	0	0	0	0	0	0	0	0	0	0	0	0	0	0	4	6	4	0	2
651.800	0	6	0	6	1	0	0	0	0	0	0	0	0	12	1	0	19	2	0	0	0	0	0	0	0	0	0	0	0	0	0	2	4	1	0	4
652.000	0	8	0	6	0	0	0	0	0	0	0	0	0	9	1	0	24	7	0	0	0	0	0	0	0	0	0	0	0	0	0	3	4	3	0	6
652.200	0	5	0	6	1	0	0	0	0	0	0	0	0	14	1	0	18	4	0	0	0	0	0	0	0	0	0	0	0	0	0	3	4	3	0	2
652.400	0	2	0	5	1	0	0	0	0	0	0	0	0	9	1	0	11	4	0	0	0	0	0	0	0	0	0	0	0	0	0	4	3	3	0	3
652.600	0	2	0	5	1	0	0	0	0	0	0	0	0	9	1	0	23	3	0	0	0	0	0	0	0	0	0	0	0	0	0	2	1	3	0	2
652.800	0	4	0	5	0	0	0	0	0	0	0	0	0	3	0	0	22	6	0	0	0	0	0	0	0	0	0	0	0	0	0	3	3	3	0	2
653.000	0	6	0	7	0	0	0	0	0	0	0	0	0	12	1	0	18	5	0	0	0	0	0	0	0	0	0	0	0	0	0	3	3	3	0	2
653.200	0	9	0	6	0	0	0	0	0	0	0	0	0	7	1	0	20	5	0	0	0	0	0	0	0	0	0	0	0	0	0	4	1	2	0	1
653.400	0	8	0	3	0	0	0	2	0	0	0	0	0	9	1	0	21	4	0	0	0	0	0	0	0	0	0	0	0	0	0	2	5	5	0	0
653.600	0	5	0	6	0	0	0	2	0	0	0	0	0	12	0	0	16	5	0	0	0	0	0	0	0	0	0	0	0	0	0	2	6	3	0	4
653.800	0	5	0	5	3	0	0	3	0	0	0	0	0	7	0	0	12	2	0	0	0	0	0	0	0	0	0	0	0	0	0	0	5	4	1	0
654.000	0	5	0	4	0	0	0	1	0	0	0	0	0	6	1	0	14	5	0	0	0	0	0	0	0	0	0	0	0	0	0	5	5	4	0	0
654.200	0	4	0	5	0	0	0	1	0	0	0	0	0	6	0	0	20	5	0	0	0	0	0	0	0	0	0	0	0	0	0	1	5	2	0	1
654.400	0	0	0	4	0	0	0	3	0	0	0	0	0	6	0	0	24	0	0	0	0	0	0	0	0	0	0	0	0	0	0	5	3	4	1	0
654.600	0	5	0	8	0	0	0	1	0	0	0	0	0	8	0	0	20	0	0	0	0	0	0	0	0	0	0	0	0	0	0	2	8	4	0	1
654.800	0	4	0	8	1	0	0	2	0	0	0	0	0	3	1	0	18	2	0	0	0	0	0	0	0	0	0	0	0	0	0	3	4	3	0	0
655.000	0	1	0	0	6	0	0	0	0	0	0	0	0	14	0	0	21	1	0	0	0	0	0	0	0	0	0	0	0	0	0	5	4	4	0	0
655.200	0	13	0	0	4	0	0	8	0	0	0	0	0	4	0	0	28	2	0	0	0	0	0	0	0	0	0	0	0	0	0	2	4	2	0	5
655.400	0	7	0	0	4	0	0	8	0	0	0	0	0	13	1	0	20	0	0	0	0	0	0	0	0	0	0	0	0	0	0	0	2	2	0	5
655.600	0	12	0	0	7	0	0	2	0	1	0	0	0	8	1	0	14	3	0	0	0	0	0	0	0	0	0	0	0	0	0	4	3	3	0	7
655.800	0	5	0	0	4	0	0	1	0	1	0	0	0	5	1	0	15	2	0	0	0	0	0	0	0	0	0	0	0	0	0	4	4	3	0	8
656.000	0	2	0	0	0	0	0	1	0	0	0	0	0	15	0	0	15	0	0	0	0	0	0	0	0	0	0	0	0	0	0	1	5	6	0	5
656.200	0	9	0	0	1	0	0	5	0	0	0	0	0	8	1	0	19	1	0	0	0	0	0	0	0	0	0	0	0	0	0	2	5	5	0	8
656.400	0	2	0	0	3	0	0	9	0	0	0	0	0	9	0	0	22	2	0	0	0	0	0	0	0	0	0	0	0	0	0	2	5	3	0	7
656.600	0	9	0	0	5	0	0	8	0	0	0	0	0	10	0	0	17	0	0	0	0	0	0	0	0	0	0	0	0	0	0	1	2	1	0	5
656.800	0	10	0	0	3	0	0	8	0	0	0	0	0	12	0	0	17	0	0	0	0	0	0	0	0	0	0	0	0	0	0	2	4	3	0	7
657.000	0	15	0	0	7	0	0	5	0	0	0	0	0	17	0	0	14	0	0	0	0	0	0	0	0	0	0	0	0	0	0	2	3	2	0	6
657.200	0	7	0	0	5	0	0	8	0	0	0	0	0	10	0	0	19	0	0	0	0	0	0	0	0	0	0	0	0	0	0	1	4	2	0	7
657.400	0	7	0	0	5	0	0	1	7	0	0	0	0	12	0	0	17	0	0	0	0	0	0	0	0	0	0	0	0	0	0	0	3	3	0	6
657.600	0	8	0	0	7	0	0	8	2	0	0	0	0	17	0	0	19	0	0	0	0	0	0	0	0	0	0	0	0	0	0	2	5	2	0	8
657.800	0	9	0	0	5	0	0	1	4	0	0	0	0	10	0	0	19	0	0	0	0	0	0	0	0	0	0	0	0	0	0	2	4	2	0	6
658.000	0	7	0	0	6	0	0	0	1	0	0	0	0	9	0	0	18	0	0	0	0	0	0	0	0	0	0	0	0	0	0	2	4	3	0	3
658.200	0	2	0	0	9	0	0	0	1	0	0	0	0	10	0	0	20	0	0	0	0	0	0	0	0	0	0	0	0	0	0	0	2	2	0	5
658.400	0	4	0	0	0	0	0	3	3	0	0	0	0	3	0	0	22	2	0	0	0	0	0	0	0	0	0	0	0	0	0	1	5	5	0	9
658.600	0	22	0	0	0	0	0	1	1	0	0	0	0	5	1	0	19	6	0	0	0	0	0	0	0	0	0	0	0	0	0	0	3	4	0	7
658.800	0	23	0	0	5	0	0	3	1	1	0	0	0	9	0	0	17	12	0	0	0	0	0	0	0	0	0	0	0	0	0	0	2	5	0	5
659.000	0	11	0	0	3	0	0	3	0	1	0	0	0	16	0	0	20	0	0	0	0	0	0	0	0	0	0	0	0	0	0	1	3	5	0	4
659.200	0	13	0	0	1	0	0	5	0	0	0	0	0	7	1	0	13	6	0	0	0	0	0	0	0	0	0	0	0	0	0	2	5	2	0	6
659.400	0	20	0	0	0	0	0	8	0	1	0	0	0	8	0	0	18	3	0	0	0	0	0	0	0	0	0	0	0	0	0	0	3	4	0	9
659.600	0	18	0	0	0	0	0	7	4	2	0	0	0	11	1	0	19	8	0	0	0	0	0	0	0	0	0	0	0	0	0	2	4	6	0	9
659.800	0	18	0	0	0	0	0	8	1	3	0	0	0	7	1	0	17	2	0	0	0	0	0	0	0	0	0	0	0	0	0	2	5	3	0	5
660.000	0	21	0	0	0	0	0	9	0	0	0	0	0	9	1	0	19	7	0	0	0	0	0	0	0	0	0	0	0	0	0	2	4	2	0	8
660.200	0	13	0	0	0	0	0	7	0	4	0	0	0	6	1	0	14	9	0	0	0	0	0	0	0	0	0	0	0	0	0	1	4	2	0	6
660.400	0	25	0	0	0	0	0	7	0	1	0	0	0	4	0	0	18	6	0	0	0	0	0	0	0	0	0	0	0	0	0	3	6	4	0	6
660.600	0	15	0	0	0	0	0	3	1	2	0	0	0	9	0	0	20	7	0	0	0	0	0	0	0	0	0	0	0	0	0	4	7	1	0	4
660.800	0	11	0	0	0	0	0	6	0	2	0	0	0	8	1	0	17	4	0	0	0	0	0	0	0	0	0	0	0	0	0	1	5	4	0	5
661.000	0	27	0	0	0	0	0	5	0	1	0	0	0	5	1	0	16	3	0	0	0	0	0	0	0	0	0	0	0	0	0	1	6	4	0	4
661.200	0	18	0	0	0	0	0	5	0	0	0	0	0	2	1	0	21	9	0	0	0	0	0	0	0	0	0	0	0	0	0	2	7	2	0	6
661.400	0	11	0	0	1	0	0	9	0	4	0	0	0	6	1	0	19	7	0	0	0	0	0	0	0	0	0	0	0	0	0	1	7	3	0	4
661.600	0	17	0	0	0	0	0	9	0	1	0	0	0	0	1	0	17	5	0	0	0	0	0	0	0	0	0	0	0	0	0	2	7	3	0	5
661.800	0	13	0	0	1	0	0	5	0	2	0	0	0	10	1	0	17	12	0	0	0	0	0	0	0	0	0	0	0	0	0	3	9	5	0	6
662.000	0	30	0	0	3	0	0	17	1	1	0	0	0	15	1	0	21	5	0	0	0	0	0	0	0	0	0	0	0	0	0	2	9	4	0	6
662.200	0	22	0	0	5	0	0	12	0	0	0	0	0	4	0	0	22	0	0	0	0	0	0	0	0	0	0	0	0	0	0	4	6	1	0	7
662.400	0	20	0	0	6	0	0	13	0	1	0	0	0	11	0	0	17	9	0	0	0	0	0	0	0	0	0	0	0	0	0	4	3	3	0	5
662.600	0	24	0	0	4	0	0	14	0	1	0	0	0	9	0	0	21	7	0	0	0	0	0	0	0	0	0	0	0	0	0	0	2	1	0	6
662.800	0	21	0	0	5	0	0	14	0	0	0	0	0	6	0	0	21	7	0	0	0	0	0	0	0	0	0	0	0	0	0	0	5	3	0	5
663.000	0	26	0	0	4	0	0	15	0	1	0	0	0	8	0	0	12	5	0	0	0	0	0	0	0	0	0	0	0	0	0	0	4	2	0	6
663.200	0	25	0	0	5	0	0	11	0	1	0	0	0	7	0	0	19	5	0	0	0	0	0	0	0	0	1	0	0	0	0	2	5	3	0	0
663.400	0	19	0	0	5	0	0	14	0	0	0	0	0	4	0	0	18	2	0	0	0	0	0	0	0	0	0	0	0	0	0	5	4	8	0	2
663.600	0	28	0	0	0	0	0	13	5	1	0	0	0	5	1	0	18	7	0	0	0	0	0	0	0	0	0	0	0	0	0	3	2	4	0	4
663.800	0	24	0	0	1	0	0	11	1	2	0	0	0	16	1	0	18	8	0	0	0	0	0	0	0	0	0	0	0	0	0	5	4	3	0	6
664.000	0	17	0	0	2	0	0	15	0	0	0	0	0	5	0	0	18	6	0	0	0	0	0	0	0	0	0	0	0	0	0	5	2	3	0	4
664.200	0	12	0	0	1	0	0	14	0	0	0	0	0	9	1	0	23	8	0	0	0	0	0	0	0	0	0	0	0	0	0	1	3	4	0	1
664.400	0	13	0	0	1	0	0	9	1	0	0	0	0	11	0	0	21	14	0	0	0	0	0	0	0	0	0	0	0	0	0	1	5	8	2	4
664.600	0	25	0	0	1	0	0	12	0	0	0	0	0	14	0	0	22	5	0	0	0	0	0	0	0	0	0	0	0	0	0	3	6	6	1	1
664.800	0	19	0	0	3	0	0	16	1	0	0	0	0	9	1	0	20	8	0	0	0	0	0	0	0	0	0	0	0	0	0	4	8	2	0	4
665.000	0	21	0	0	4	0	0	15	5	0	0	0	0	11	1	0	24	6	0	0	0	0	0	0	0	0	0	0	0	0	0	3	6	4	0	3
665.200	0	14	0	0	4	0	0	13	4	0	0	0	0	10	0	0	19	5	0	0	0	0	0	0	0	0	0	0	0	0	0	3	5	2	0	4
665.400	0	25	0	0	0	0	0	14	2	0	0	0	0	13	1	0	14	11	0	0	0	0	0	0	0	0	0	0	0	0	0	2	3	2	0	4
665.600	0	18	0	0	0	0	0	15	1	0	0	0	0	16	1	0	19	4	0	0	0	0	0	0	0	0	0	0	0	0	0	3	3	2	0	3
665.800	0	15	0	0	0	0	0	11	3	0	0	0	0	11	0	0	20	10	0	0	0	0	0	0	0	0	0	0	0	0	0	2	3	3	0	2
666.000	0	32	0	0	1	0	1	14	4	0	0	0	0	10	1	0	21	6	0	0	0	0	0	0	0	0	0	0	0	0	0	3	5	3	0	4
666.200	0	27	0	0	1	0	0	18	5	0	0	0	0	13	1	0	23	2	0	0	0	0	0	0	0	0	0	0	0	0	0	2	3	2	0	3
666.400	0	23	0	0	1	0	1	10	5	0	0	0	0	10	1	0	22	7	0	0	0	0	0	0	0	0	0	0	0	0	0	2	2	2	0	6
666.600	0	22	0	0	3	0	1	19	2	0	0	0	0	12	0	0	15	7	0	0	0	0	0	0	0	0	0	0	0	0	0	5	5	2	0	5
666.800	0	25	0	0	0	0	0	14	3	0	0	0	0	12	0	0	21	6	0	0	0	0	0	0	0	0	0	0	0	0	0	4	3	2	0	2
667.000	0	26	0	0	0	0	0	16	6	0	0	0	0	9	1	0	17	6	0	0	0	0	0	0	0	0	0	0	0	0	0	3	3	3	0	4
667.200	0	26	0	0	0	0	1	15	1	0	0	0	0	11	1	0	22	1	0	0	0	0	0	0	0	0	0	0	0	0	0	5	5	6	0	3
667.400	0	24	0	0	1	0	0	13	4	0	0	0	0	11	1	0	19	0	0	0	0	0	0	0	0	0	0	0	0	0	0	0	1	6	0	4
667.600	0	28	0	0	0	0	0	11	2	0	0	0	0	13	1	0	19	0	0	0	0	0	0	0	0	0	0	0	0	0	0	3	1	1	0	4
667.800	0	29	0	0	0	0	0	16	1	0	0	0	0	11	0	0	19	0	0	0	0	0	0	0	0	0	0	0	0	0	0	3	3	3	0	0
668.000	0	18	0	0	0	0	0	16	3	0	0	0	0	7	0	0	13	0	0	0	0	0	0	0	0	0	0	0	0	0	0	2	3	3	0	0
668.200	0	28	0	0	0	0	0	17	2	0	0	0	0	9	1	0	17	2	0	0	0	0	0	0	0	0	0	0	0	0	0	2	4	4	0	4
668.400	0	28	0	0	0	0	0	17	2	0	0	0	0	11	0	0	19	3	0	0	0	0	0	0	0	0	0	0	0	0	0	4	3	2	0	1
668.600	0	19	0	0	1	0	0	10	5	0	0	0	0	12	0	0	18	7	0	0	0	0	0	0	0	0	0	0	0	0	0	3	7	2	0	6
668.800	0	27	0	0	0	0	0	11	5	0	0	0	0	12	0	0	17	5	0	0	0	0	0	0	0	0	0	0	0	0	0	3	3	2	0	5
669.000	0	29	0	0	0	0	0	10	5	0	0	0	0	10	0	0	13	7	0	0	0	0	0	0	0	0	0	0	0	0	0	5	6	4	0	5
669.200	0	27	0	0	0	0	0	16	5	0	0	0	0	9	0	0	5	0	0	0	0	0	0	0	0	0	0	0	0	0	0	1	4	3	0	6
669.400	0	20	2	0	0	0	0	12	5	0	0	0	0	17	0	0	11	2	0	0	0	0	0	0	0	0	0	0	0	0	0	3	6	2	0	6
669.600	0	28	0	0	0	0	0	13	4	0	0	0	0	13	0	0	17	1	0	0	0	0	0	0	0	0	0	0	0	0	0	2	4	2	0	8
669.800	0	17	0	0	0	0	0	11	5	0	0	0	0	19	0	0	17	1	0	0	0	0	0	0	0	0	0	0	0	0	0	2	3	2	0	7
670.000	0	31	0	0	0	0	0	11	3	0	0	0	0	14	0	0	13	1	0	0	0	0	0	0	0	0	0	0	0	0	0	5	3	1	0	7
670.200	0	21	0	0	0	0	0	11	3	0	0	0	0	17	0	0	9	1	0	0	0	0	0	0	0	0	0	0	0	0	0	3	3	2	0	6
670.400	0	7	0	0	0	0	0	9	5	0	0	0	0	12	0	0	12	0	0	0	0	0	0	0	0	0	0	0	0	0	0	1	4	1	0	8
670.600	0	17	0	0	0	0	0	10	4	0	0	0	0	18	1	0	10	0	0	0	0	0	0	0	0	0	0	0	0	0	0	0	5	2	0	9
670.800	0	33	0	0	0	0	0	12	2	0	0	0	0	18	0	0	6	0	0	0	0	0	0	0	0	0	0	0	0	0	0	2	4	2	0	7
671.000	0	30	0	0	0	0	0	14	5	0	0	0	0	17	0	0	18	0	0	0	0	0	0	0	0	0	0	0	0	0	0	1	6	3	0	8
671.200	0	21	0	0	0	0	0	15	4	0	0	0	0	11	1	0	20	0	0	0	0	0	0	0	0	0	0	0	0	0	0	3	3	2	0	8
671.400	0	11	0	0	0	0	0	13	1	0	0	0	0	12	0	0	18	0	0	0	0	0	0	0	0	0	0	0	0	0	0	3	5	2	0	8
671.600	0	27	1	0	0	0	0	15	2	0	0	0	0	6	1	0	19	0	0	0	0	0	0	0	0	0	0	0	0	0	0	5	4	2	0	6
671.800	0	33	0	0	0	0	0	11	1	0	0	0	0	13	0	0	16	0	0	0	0	0	0	0	0	0	0	0	0	0	0	4	6	4	0	5
672.000	0	24	0	0	0	0	0	12	2	0	0	0	0	11	1	0	17	0	0	0	0	0	0	0	0	0	0	0	0	0	0	2	7	2	0	4
672.200	0	21	0	0	0	0	0	14	2	0	0	0	0	10	0	0	15	4	0	0	0	0	0	0	0	0	0	0	0	0	0	2	8	1	0	5
672.400	0	28	0	0	0	0	0	10	5	0	0	0	0	12	1	0	15	6	0	0	0	0	0	0	0	0	0	0	0	0	0	0	4	2	0	5
672.600	0	26	0	0	0	0	0	17	5	0	0	0	0	7	0	0	14	7	0	0	0	0	0	0	0	0	0	0	0	0	0	1	5	2	0	7
672.800	0	23	0	0	0	0	0	14	4	0	0	0	0	4	1	0	17	9	0	0	0	0	0	0	0	0	0	0	0	0	0	2	7	2	0	6
673.000	0	32	0	0	0	0	0	18	5	0	0	0	0	10	0	0	12	6	0	0	0	0	0	0	0	0	0	0	0	0	0	2	6	3	0	5
673.200	0	20	0	0	0	0	0	13	3	0	0	0	0	8	1	0	16	5	0	0	0	0	0	0	0	0	0	0	0	0	0	2	4	2	0	7
673.400	0	26	0	0	0	0	0	9	2	0	0	0	0	10	0	0	17	7	0	0	0	0	0	0	0	0	0	0	0	0	0	3	3	1	0	7
673.600	0	19	0	0	0	0	0	8	3	0	0	0	0	12	0	0	11	6	0	0	0	0	0	0	0	0	0	0	0	0	0	4	7	2	0	8
673.800	0	17	0	0	0	0	0	15	5	0	0	0	0	7	0	0	17	3	0	0	0	0	0	0	0	0	0	0	0	0	0	4	4	1	0	4
674.000	0	16	0	0	0	0	1	15	5	0	0	0	0	5	0	0	19	3	0	0	0	0	0	0	0	0	0	0	0	0	0	2	4	1	0	6
674.200	0	27	0	0	0	0	0	10	2	0	0	0	0	2	0	0	16	5	0	0	0	0	0	0	0	0	0	0	0	0	0	4	3	3	0	7
674.400	0	31	0	0	0	0	0	12	5	0	0	0	0	3	0	0	20	8	0	0	0	0	0	0	0	0	0	0	0	0	0	4	8	2	0	10
674.600	0	28	0	0	0	0	0	8	2	0	0	0	0	8	0	0	15	6	0	0	0	0	0	0	0	0	0	0	0	0	0	4	4	2	0	7
674.800	0	24	0	0	0	0	0	11	5	0	0	0	0	10	1	0	13	3	0	0	0	0	0	0	0	0	0	0	0	0	0	2	4	2	0	7
675.000	0	14	0	0	0	0	0	12	6	0	0	0	0	4	0	0	15	5	0	0	0	0	0	0	0	0	0	0	0	0	0	4	4	2	0	5
675.200	0	12	0	0	0	0	0	8	5	0	0	0	0	10	1	0	12	4	0	0	0	0	0	0	0	0	0	0	0	0	0	6	2	1	0	6
675.400	0	12	0	0	0	0	0	12	8	0	0	0	0	6	1	0	18	5	0	0	0	0	0	0	0	0	0	0	0	0	0	2	5	2	0	6
675.600	0	26	0	0	0	0	0	13	8	0	0	0	0	11	0	0	15	4	0	0	0	0	0	0	0	0	0	0	0	0	0	2	2	1	0	5
675.800	0	20	0	0	0	0	0	0	5	0	0	0	0	6	0	0	21	5	0	0	0	0	0	0	0	0	0	0	0	0	0	2	3	2	0	7
676.000	0	27	0	0	0	0	0	1	5	0	0	0	0	8	0	0	20	5	0	0	0	0	0	0	0	0	0	0	0	0	0	2	5	2	0	5
676.200	0	24	0	0	0	0	0	4	5	0	0	0	0	10	1	0	24	4	0	0	0	0	0	0	0	0	0	0	0	0	0	2	4	2	0	5
676.400	0	20	2	0	0	0	0	5	7	0	0	0	0	7	1	0	19	6	0	0	0	0	0	0	0	0	0	0	0	0	0	2	3	2	0	6
676.600	0	20	0	0	0	0	0	8	5	0	0	0	0	10	0	0	22	5	0	0	0	0	0	0	0	0	0	0	0	0	0	3	2	1	0	7
676.800	0	22	0	0	0	0	0	5	6	0	0	0	0	11	0	0	19	4	0	0	0	0	0	0	0	0	0	0	0	0	0	2	4	2	0	6
677.000	0	22	0	0	0	0	0	6	4	0	0	0	0	12	0	0	23	5	0	0	0	0	0	0	0	0	0	0	0	0	0	4	8	3	0	5
677.200	0	24	0	0	0	0	0	7	2	0	0	0	0	7	1	0	20	3	0	0	0	0	0	0	0	0	0	0	0	0	0	3	6	2	0	8
677.400	0	17	0	0	0	0	0	12	5	0	0	0	0	6	1	0	12	1	0	0	0	0	0	0	0	0	0	0	0	0	0	5	3	4	0	9
677.600	0	32	0	0	1	0	0	6	2	0	0	0	0	5	0	0	22	0	0	0	0	0	0	0	0	0	0	0	0	0	0	5	5	3	0	9
677.800	0	20	0	0	0	0	0	6	4	0	0	0	0	8	1	0	18	0	0	0	0	0	0	0	0	0	0	0	0	0	0	3	3	1	0	7
678.000	0	30	0	0	0	0	0	5	5	0	0	0	0	6	1	0	18	0	0	0	0	0	0	0	0	0	0	0	0	0	0	5	3	5	0	12
678.200	0	16	0	0	0	0	0	1	5	0	0	0	0	14	1	0	18	0	0	0	0	0	0	0	0	0	0	0	0	0	0	1	6	2	0	6
678.400	0	21	0	0	0	0	0	3	5	0	0	0	0	6	1	0	17	0	0	0	0	0	0	0	0	0	0	0	0	0	0	1	1	2	0	6
678.600	0	22	0	0	0	0	0	5	4	0	0	0	0	4	1	0	22	0	0	0	0	0	0	0	0	0	0	0	0	0	0	1	4	2	0	7
678.800	0	29	0	0	0	0	0	3	5	0	0	0	0	8	1	0	19	0	0	0	0	0	0	0	0	0	0	0	0	0	0	2	3	3	0	6
679.000	0	16	0	0	0	0	0	3	5	0	0	0	0	8	0	0	17	0	0	0	0	0	0	0	0	0	0	0	0	0	0	2	3	3	0	7
679.200	0	4	0	0	0	0	0	4	5	0	0	0	0	7	1	0	17	0	0	0	0	0	0	0	0	0	0	0	0	0	0	2	3	2	0	6
679.400	0	20	0	0	0	0	0	1	5	0	0	0	0	8	1	0	21	0	0	0	0	0	0	0	0	0	0	0	0	0	0	2	3	2	0	6
679.600	0	6	0	0	0	0	0	2	6	0	0	0	0	6	1	0	13	0	0	0	0	0	0	0	0	0	0	0	0	0	0	4	6	1	0	6
679.800	0	21	0	0	0	0	0	10	4	0	0	0	0	8	0	0	15	0	0	0	0	0	0	0	0	0	0	0	0	0	0	4	5	1	0	6
680.000	0	24	0	0	1	0	0	13	5	0	0	0	1	14	1	0	18	0	0	0	0	0	0	0	0	0	0	0	0	0	0	4	1	1	0	9
680.200	0	10	0	0	0	0	0	12	5	0	0	0	0	13	1	0	17	0	0	0	0	0	0	0	0	0	0	0	0	0	0	1	4	2	0	7
680.400	0	14	0	0	0	0	0	13	3	0	0	0	0	11	0	0	16	0	0	0	0	0	0	0	0	0	0	0	0	0	0	2	5	2	0	6
680.600	0	14	0	0	0	0	0	13	4	0	0	0	0	9	0	0	15	0	0	0	0	0	0	0	0	0	0	0	0	0	0	3	3	1	0	6
680.800	0	24	0	0	0	0	0	5	4	0	0	0	0	9	0	0	19	0	0	0	0	0	0	0	0	0	0	0	0	0	0	4	6	2	0	6
681.000	0	19	0	0	0	0	0	13	4	0	0	0	0	11	0	0	17	0	0	0	0	0	0	0	0	0	0	0	0	0	0	1	2	2	0	5
681.200	0	22	0	0	0	0	0	11	4	0	0	0	0	8	0	0	15	0	0	0	0	0	0	0	0	0	0	0	0	0	0	3	3	2	0	7
681.400	0	23	0	0	0	0	0	5	4	0	0	0	0	10	0	0	12	0	0	0	0	0	0	0	0	0	0	0	0	0	0	4	3	2	0	6
681.600	0	11	0	0	0	0	0	12	4	0	0	0	0	14	0	0	15	0	0	0	0	0	0	0	0	0	0	0	0	0	0	5	5	2	0	6
681.800	0	16	0	0	0	0	0	15	4	0	0	0	0	7	1	0	13	0	0	0	0	0	0	0	0	0	0	0	0	0	0	4	5	3	0	5
682.000	0	16	0	0	0	0	0	25	4	0	0	0	0	14	0	0	17	0	0	0	0	0	0	0	0	0	0	0	0	0	0	2	3	4	0	5
682.200	0	19	0	0	0	0	0	21	5	0	0	0	0	6	0	0	16	0	0	0	0	0	0	0	0	0	0	0	0	0	0	0	3	3	0	7
682.400	0	21	0	0	0	0	0	23	1	0	0	0	0	5	0	0	18	0	0	0	0	0	0	0	0	0	0	0	0	0	0	3	5	2	0	5
682.600	0	21	0	0	0	0	0	25	2	0	0	0	0	9	0	0	25	0	0	0	0	0	0	0	0	0	0	0	0	0	0	3	4	2	0	6
682.800	0	24	0	0	0	0	0	21	3	0	0	0	0	8	1	0	20	0	0	0	0	0	0	0	0	0	0	0	0	0	0	3	2	2	0	6
683.000	0	20	0	0	0	0	0	18	3	0	0	0	0	6	0	0	14	0	0	0	0	0	0	0	0	0	0	0	0	0	0	3	6	2	0	7
683.200	0	13	0	0	0	0	0	22	2	0	0	0	1	9	1	0	22	0	0	0	0	0	0	0	0	0	0	0	0	0	0	3	4	2	0	6
683.400	0	22	0	0	0	0	0	14	2	0	0	0	2	4	1	0	21	0	0	0	0	0	0	0	0	0	0	0	0	0	0	0	2	3	0	4
683.600	0	29	0	0	0	0	0	10	0	0	0	0	0	6	0	0	15	0	0	0	0	0	0	0	0	0	0	0	0	0	0	4	5	3	0	5
683.800	0	26	0	0	0	0	0	10	3	0	0	0	0	7	1	0	18	0	0	0	0	0	0	0	0	0	0	0	0	0	0	5	7	1	0	5
684.000	0	10	0	0	0	0	0	8	2	0	0	0	0	11	1	0	19	0	0	0	0	0	0	0	0	0	0	0	0	0	0	4	5	1	0	5
684.200	0	21	0	0	0	0	0	11	2	0	0	0	0	10	0	0	19	0	0	0	0	0	0	0	0	0	0	0	0	0	0	3	5	1	0	5
684.400	0	15	0	0	0	0	0	15	2	0	0	0	0	18	1	0	17	0	0	0	0	0	0	0	0	0	0	0	0	0	0	2	6	2	0	5
684.600	0	14	0	0	0	0	0	12	3	0	0	0	0	10	1	0	20	0	0	0	0	0	0	0	0	0	0	0	0	0	0	3	4	2	0	5
684.800	0	21	0	0	0	0	0	13	1	0	0	0	0	11	1	0	23	0	0	0	0	0	0	0	0	0	0	0	0	0	0	2	4	2	0	7
685.000	0	13	0	0	0	0	0	9	2	0	0	0	0	12	1	0	16	0	0	0	0	0	0	0	0	0	0	0	0	0	0	4	3	3	0	7
685.200	0	7	0	0	0	0	0	11	0	0	0	0	0	14	1	0	24	0	0	0	0	0	0	0	0	0	0	0	0	0	0	3	4	2	0	5
685.400	0	16	0	0	0	0	0	9	2	0	0	0	0	9	1	0	14	0	0	0	0	0	0	0	0	0	0	0	0	0	0	4	4	1	0	10
685.600	0	0	0	0	0	0	0	1	1	0	0	0	0	9	1	0	20	0	0	0	0	0	0	0	0	0	0	0	0	0	0	3	3	2	0	9
685.800	0	13	0	0	0	0	0	14	1	0	0	0	0	5	1	0	23	0	0	0	0	0	0	0	0	0	0	0	0	0	0	1	2	2	0	6
686.000	0	16	0	0	0	0	0	9	1	0	0	0	0	13	0	0	22	0	0	0	0	0	0	0	0	0	0	0	0	0	0	2	6	2	0	5
686.200	0	19	0	0	0	0	0	10	1	0	0	0	0	2	1	0	24	0	0	0	0	0	0	0	0	0	0	0	0	0	0	2	4	1	0	6
686.400	0	5	0	0	0	0	0	10	0	0	0	0	0	7	0	0	20	0	0	0	0	0	0	0	0	0	0	0	0	0	0	3	4	2	0	8
686.600	0	6	0	0	0	0	0	10	1	0	0	0	0	6	1	0	20	0	0	0	0	0	0	0	0	0	0	0	0	0	0	2	3	1	0	5
686.800	0	8	0	0	0	0	0	10	0	0	0	0	0	0	0	0	17	0	0	0	0	0	0	0	0	0	0	0	0	0	0	3	3	2	0	7
687.000	0	16	0	0	0	0	0	10	1	0	0	0	0	5	1	0	19	0	0	0	0	0	0	0	0	0	0	0	0	0	0	5	2	3	0	10
687.200	0	16	0	0	0	0	0	9	1	0	0	0	0	14	1	0	18	0	0	0	0	0	0	0	0	0	0	0	0	0	0	4	4	2	0	8
687.400	0	11	0	0	0	0	0	17	1	0	0	0	0	10	0	0	25	0	0	0	0	0	0	0	0	0	0	0	0	0	0	2	0	1	0	7
687.600	0	17	0	0	0	0	0	14	2	0	0	0	0	11	0	0	15	0	0	0	0	0	0	0	0	0	0	0	0	0	0	5	3	2	0	8
687.800	0	25	0	0	0	0	0	21	0	0	0	0	0	5	0	0	16	0	0	0	0	0	0	0	0	0	0	0	0	0	0	5	4	2	0	8
688.000	0	17	0	0	0	0	0	24	0	0	0	0	0	8	1	0	23	0	0	0	0	0	0	0	0	0	0	0	0	0	0	2	3	1	0	6
688.200	0	20	0	0	0	0	0	16	0	0	0	0	0	8	1	1	20	0	0	0	0	0	0	0	0	0	0	0	0	0	0	4	3	3	0	10
688.400	0	12	0	0	0	0	0	16	2	0	0	0	0	15	0	0	20	0	0	0	0	0	0	0	0	0	0	0	0	0	0	3	3	3	0	4
688.600	0	19	0	0	0	0	0	7	2	0	0	0	0	16	1	0	21	0	0	0	0	0	0	0	0	0	0	0	0	0	0	3	6	3	0	7
688.800	0	13	0	0	0	0	0	6	3	0	0	0	0	7	1	1	29	0	0	0	0	0	0	0	0	0	0	0	0	0	0	7	3	5	0	7
689.000	0	23	0	0	0	0	0	9	3	0	0	0	0	5	1	0	23	0	0	0	0	0	0	0	0	0	0	0	0	0	0	2	6	2	0	8
689.200	0	20	0	0	0	0	0	18	2	0	0	0	0	6	1	0	20	0	0	0	0	0	0	0	0	0	0	0	0	0	0	4	5	3	0	6
689.400	0	17	0	0	0	0	0	13	1	0	0	0	0	10	1	0	19	0	0	0	0	0	0	0	0	0	0	0	0	0	0	4	5	2	0	8
689.600	0	19	0	0	0	0	0	18	1	0	0	0	0	9	0	0	19	0	0	0	0	0	0	0	0	0	0	0	0	0	0	3	3	2	0	5
689.800	0	19	0	0	0	0	0	12	3	0	0	0	0	12	1	1	25	0	0	0	0	0	0	0	0	0	0	0	0	0	0	2	4	5	0	8
690.000	0	22	0	0	0	0	0	20	2	0	0	0	0	8	1	1	24	0	0	0	0	0	0	0	0	0	0	0	0	0	0	3	6	5	1	10
690.200	0	17	0	4	0	0	0	21	4	0	0	0	0	7	1	0	21	0	0	0	0	0	0	0	0	0	0	0	0	0	0	4	1	3	0	8
690.400	0	13	0	4	0	0	0	21	3	0	0	0	0	8	0	0	21	0	0	0	0	0	0	0	0	0	0	0	0	0	0	2	5	4	0	8
690.600	0	26	0	2	0	0	0	19	4	0	0	0	0	1	1	0	16	0	0	0	0	0	0	0	0	0	0	0	0	0	0	4	3	1	0	7
690.800	0	14	0	2	0	0	0	20	3	0	0	0	0	13	1	0	24	0	0	0	0	0	0	0	0	0	0	0	0	0	0	2	5	1	0	7
691.000	0	17	0	2	0	0	0	15	0	0	0	0	0	7	0	0	16	0	0	0	0	0	0	0	0	0	0	0	0	0	0	4	3	2	0	6
691.200	0	10	0	4	0	0	0	19	1	0	0	0	0	12	0	0	18	0	0	0	0	0	0	0	0	0	0	0	0	0	0	2	5	3	0	4
691.400	0	8	0	3	0	0	0	16	2	0	0	0	0	13	1	0	24	0	0	0	0	0	0	0	0	0	0	0	0	0	0	4	2	4	0	7
691.600	0	17	0	3	0	0	0	16	0	0	0	0	0	14	1	0	14	0	0	0	0	0	0	0	0	0	0	0	0	0	0	3	3	5	0	7
691.800	0	20	0	5	0	0	0	19	0	0	0	0	0	18	1	0	19	0	0	0	0	0	0	0	0	0	0	0	0	0	0	8	2	5	0	7
692.000	0	11	0	4	0	0	1	18	0	0	0	0	0	8	0	0	18	0	0	0	0	0	0	0	0	0	0	0	0	0	0	3	2	2	0	6
692.200	0	19	0	4	0	0	0	15	0	0	0	0	0	11	0	0	16	0	0	0	0	0	0	0	0	0	0	0	0	0	0	4	3	4	0	10
692.400	0	18	0	3	0	0	0	15	0	0	0	0	0	9	1	0	22	0	0	0	0	0	0	0	0	0	0	0	0	0	0	5	5	2	0	6
692.600	0	20	0	5	0	0	0	16	3	0	0	0	0	10	1	0	24	0	0	0	0	0	0	0	0	0	0	0	0	0	0	0	4	2	0	10
692.800	0	19	0	3	0	0	0	13	1	0	0	0	0	6	0	0	22	0	0	0	0	0	0	0	0	0	0	0	0	0	0	2	2	1	0	6
693.000	0	20	0	7	0	0	0	19	1	0	0	0	0	12	0	0	24	0	0	0	0	0	0	0	0	0	0	0	0	0	0	7	4	1	0	7
693.200	0	20	0	0	1	0	0	16	1	0	0	0	0	9	0	0	21	0	0	0	0	0	0	0	0	0	0	0	0	0	0	2	4	1	0	8
693.400	0	3	0	0	1	0	0	15	0	0	0	0	0	7	0	0	19	0	0	0	0	0	0	0	0	0	0	0	0	0	0	4	5	1	0	8
693.600	0	5	0	0	5	0	0	19	0	0	0	0	0	12	1	0	19	3	0	0	0	0	0	0	0	0	0	0	0	0	0	3	5	1	0	8
693.800	0	4	0	0	5	0	0	22	0	0	0	0	0	10	0	0	21	0	0	0	0	0	0	0	0	0	0	0	0	0	0	5	2	1	0	7
694.000	0	2	0	0	4	0	0	11	0	0	0	0	0	8	1	0	23	0	0	0	0	0	0	0	0	0	0	0	0	0	0	0	4	2	0	8
694.200	0	0	0	0	4	0	0	7	0	0	0	0	0	16	0	0	24	0	0	0	0	0	0	0	0	0	0	0	0	0	0	4	1	1	0	9
694.400	0	0	0	0	5	0	0	10	0	0	0	0	0	11	1	0	12	0	0	0	0	0	0	0	0	0	0	0	0	0	0	6	1	1	0	9
694.600	0	0	0	0	8	0	0	12	0	0	0	0	0	13	1	0	22	0	0	0	0	0	0	0	0	0	0	0	0	0	0	1	3	4	0	7
694.800	0	0	0	0	5	0	1	24	0	0	0	0	0	13	0	0	23	0	0	0	0	0	0	0	0	0	0	0	0	0	0	4	3	4	0	9
695.000	0	0	0	0	4	0	0	20	0	0	0	0	0	12	1	0	17	0	0	0	0	0	0	0	0	0	0	0	0	0	0	6	3	4	0	8
695.200	0	4	0	0	0	0	0	18	0	0	0	0	0	6	1	0	22	0	0	0	0	0	0	0	0	0	0	0	0	0	0	3	4	4	0	8
695.400	0	1	0	0	1	0	0	20	0	0	0	0	0	12	0	0	18	0	0	0	0	0	0	0	0	0	0	0	0	0	0	2	3	3	0	5
695.600	0	5	0	0	7	0	0	22	0	0	0	0	0	10	0	0	18	0	0	0	0	0	0	0	0	0	0	0	0	0	0	4	4	3	0	8
695.800	0	16	0	0	0	0	0	12	0	0	0	0	0	10	0	0	14	0	0	0	0	0	0	0	0	0	0	0	0	0	0	5	6	3	0	9
696.000	0	12	0	0	0	0	0	15	0	0	0	0	0	6	0	0	15	1	0	0	0	0	0	0	0	0	0	0	0	0	0	2	4	3	0	7
696.200	0	24	0	0	3	0	0	21	0	0	0	0	0	6	0	0	16	0	0	0	0	0	0	0	0	0	0	0	0	0	0	0	2	5	0	7
696.400	0	10	0	0	4	0	0	20	0	0	0	0	0	7	0	0	14	0	0	0	0	0	0	0	0	0	0	0	0	0	0	4	3	2	0	8
696.600	0	16	0	0	6	0	0	19	0	0	0	0	0	1	0	0	16	2	0	0	0	0	0	0	0	0	0	0	0	0	0	5	2	5	0	10
696.800	0	10	0	0	8	0	0	22	0	0	0	0	0	10	0	0	16	0	0	0	0	0	0	0	0	0	0	0	0	0	0	5	6	3	0	8
697.000	0	18	0	0	6	0	0	22	0	0	0	0	0	4	0	0	14	1	0	0	0	0	0	0	0	0	0	0	0	0	0	2	5	2	0	12
697.200	0	17	0	0	5	0	0	19	0	0	0	0	0	11	0	0	14	1	0	0	0	0	0	0	0	0	0	0	0	0	0	2	0	0	0	8
697.400	0	16	0	0	0	0	0	20	0	0	0	0	0	10	0	0	18	0	0	0	0	0	0	0	0	0	0	0	0	0	0	1	4	2	0	7
697.600	0	12	0	0	0	0	0	14	1	0	0	0	0	12	0	0	15	0	0	0	0	0	0	0	0	0	0	0	0	0	0	2	2	5	0	10
697.800	0	14	0	0	0	0	0	11	0	0	0	0	0	17	0	0	14	0	0	0	0	0	0	0	0	0	0	0	0	0	0	3	3	1	0	8
698.000	0	26	0	0	0	0	0	7	0	0	0	0	0	10	0	0	8	0	0	0	0	0	0	0	0	0	0	0	0	0	0	4	3	3	0	10
698.200	0	10	0	0	0	0	0	14	0	0	0	0	0	8	0	0	17	1	0	0	0	0	0	0	0	0	0	0	0	0	0	3	3	2	0	10
698.400	0	33	0	0	0	0	0	12	1	0	0	0	0	10	0	0	16	0	0	0	0	0	0	0	0	0	0	0	0	0	0	3	2	3	0	10
698.600	0	21	0	0	0	0	0	12	2	0	0	0	0	2	0	0	17	0	0	0	0	0	0	0	0	0	0	0	0	0	0	0	1	3	0	8
698.800	0	16	0	0	0	0	0	14	2	0	0	0	0	16	0	0	13	0	0	0	0	0	0	0	0	0	0	0	0	0	0	1	3	4	0	10
699.000	0	25	0	0	0	0	0	9	6	0	0	0	0	6	0	0	19	0	0	0	0	0	0	0	0	0	0	0	0	0	0	5	4	3	0	10
699.200	0	14	0	0	0	0	0	21	4	0	0	0	0	17	0	0	14	0	0	0	0	0	0	0	0	0	0	0	0	0	0	4	4	3	0	9
699.400	0	29	0	0	0	0	0	22	4	0	0	0	0	13	0	0	16	0	0	0	0	0	0	0	0	0	0	0	0	0	0	4	5	2	0	9
699.600	0	16	0	0	0	0	0	21	4	0	0	0	0	14	0	0	15	0	0	0	0	0	0	0	0	0	0	0	0	0	0	4	3	4	0	7
699.800	0	23	0	0	0	0	0	16	5	0	0	0	0	5	0	0	13	0	0	0	0	0	0	0	0	0	0	0	0	0	0	2	3	2	0	11
700.000	0	10	0	0	0	0	0	9	4	0	0	0	0	6	0	0	18	0	0	0	0	0	0	0	0	0	0	0	0	0	0	3	3	3	0	7
700.200	0	15	0	0	0	0	0	14	4	0	0	0	0	5	0	0	19	0	0	0	0	0	0	0	0	0	0	0	0	0	0	5	3	2	0	9
700.400	0	15	0	0	0	0	0	12	2	0	0	0	0	6	0	0	10	0	0	0	0	0	0	0	0	0	0	0	0	0	0	3	4	2	0	8
700.600	0	17	0	0	0	0	0	6	6	0	0	0	0	6	0	0	18	2	0	0	0	0	0	0	0	0	0	0	0	0	0	0	3	2	0	9
700.800	0	15	0	0	0	0	0	12	6	0	0	0	0	4	0	0	21	2	0	0	0	0	0	0	0	0	0	0	0	0	0	4	5	1	0	7
701.000	0	13	0	0	0	0	0	4	6	0	0	0	0	5	0	0	23	1	0	0	0	0	0	0	0	0	0	0	0	0	0	3	6	3	0	8
701.200	0	30	0	0	0	0	0	6	5	0	0	0	0	6	1	0	26	0	0	0	0	0	0	0	0	0	0	0	0	0	0	6	4	3	0	8
701.400	0	36	0	0	0	0	0	14	3	0	0	0	0	11	1	0	29	0	0	0	0	0	0	0	0	0	0	0	0	0	0	4	6	3	1	6
701.600	0	12	0	0	0	0	0	3	6	0	0	0	0	13	0	0	28	0	0	0	0	0	0	0	0	0	0	0	0	0	0	2	4	3	1	4
701.800	0	5	0	0	0	0	0	7	5	0	0	0	0	8	0	0	15	0	0	0	0	0	0	0	0	0	0	0	0	0	0	3	2	2	0	5
702.000	0	18	0	0	0	0	0	8	5	0	0	0	0	12	1	0	21	0	0	0	0	0	0	0	0	0	0	0	0	0	0	2	2	1	0	5
702.200	0	16	0	0	0	0	0	10	5	0	0	0	0	7	0	0	28	0	0	0	0	0	0	0	0	0	0	0	0	0	0	6	5	7	2	8
702.400	0	18	0	0	0	0	0	13	3	0	0	0	0	1	1	0	19	0	0	0	0	0	0	0	0	0	0	0	0	0	0	2	3	5	1	5
702.600	0	27	3	0	0	0	0	15	5	0	0	0	0	7	0	0	15	0	0	0	0	0	0	0	0	0	0	0	0	0	0	5	5	6	1	8
702.800	0	25	2	0	0	0	0	13	3	0	0	0	0	15	0	0	19	0	0	0	0	0	0	0	0	0	0	0	0	0	0	3	2	2	0	9
703.000	0	21	2	0	0	0	0	16	3	0	0	0	0	12	0	0	23	0	0	0	0	0	0	0	0	0	0	0	0	0	0	2	3	2	0	5
703.200	0	18	3	0	0	0	0	13	4	0	0	0	0	15	0	0	18	0	0	0	0	0	0	0	0	0	0	0	0	0	0	2	3	4	0	10
703.400	0	28	2	0	0	0	0	11	4	0	0	0	0	10	0	0	20	0	0	0	0	0	0	0	0	0	0	0	0	0	0	2	3	3	0	6
703.600	0	25	3	0	0	0	0	11	5	0	0	0	0	8	0	0	16	0	0	0	0	0	0	0	0	0	0	0	0	0	0	2	4	4	0	6
703.800	0	21	0	0	0	0	0	7	5	0	0	0	0	10	0	0	18	0	0	0	0	0	0	0	0	0	0	0	0	0	0	2	4	4	0	7
704.000	0	19	2	0	0	0	0	12	5	0	0	0	0	8	0	0	14	0	0	0	0	0	0	0	0	0	0	0	0	0	0	0	1	2	0	10
704.200	0	27	2	0	0	0	0	12	5	0	0	0	0	9	0	0	17	0	0	0	0	0	0	0	0	0	0	0	0	0	0	2	3	2	0	3
704.400	0	32	0	0	0	0	0	15	3	0	0	0	0	12	0	0	16	0	0	0	0	0	0	0	0	0	0	0	0	0	0	2	4	2	0	7
704.600	0	24	0	0	0	0	0	10	4	0	0	0	0	6	0	0	21	0	0	0	0	0	0	0	0	0	0	0	0	0	0	3	3	2	0	7
704.800	0	14	0	0	0	0	0	13	5	0	0	0	0	5	0	0	16	0	0	0	0	0	0	0	0	0	0	0	0	0	0	5	5	4	0	5
705.000	0	26	0	0	0	0	0	14	4	0	0	0	0	12	0	0	20	0	0	0	0	0	0	0	0	0	0	0	0	0	0	1	3	3	0	9
705.200	0	32	0	0	0	0	0	23	5	0	0	0	0	19	0	0	21	0	0	0	0	0	0	0	0	0	0	0	0	0	0	2	3	2	0	8
705.400	0	25	0	0	0	0	0	17	4	0	0	0	0	10	0	0	13	0	0	0	0	0	0	0	0	0	0	0	0	0	0	1	2	2	0	7
705.600	0	29	0	0	0	0	0	20	3	0	0	0	0	7	0	0	15	0	0	0	0	0	0	0	0	0	0	0	0	0	0	3	5	3	0	8
705.800	0	22	0	0	0	0	0	25	5	0	0	0	0	11	0	0	16	0	0	0	0	0	0	0	0	0	0	0	0	0	0	4	4	3	0	7
706.000	0	15	0	0	0	0	0	13	4	0	0	0	0	8	0	0	18	0	0	0	0	0	0	0	0	0	0	0	0	0	0	5	4	3	0	7
706.200	0	17	0	0	0	0	0	29	4	0	0	0	0	14	0	0	21	0	0	0	0	0	0	0	0	0	0	0	0	0	0	0	3	4	0	7
706.400	0	9	0	0	0	0	0	25	6	0	0	0	0	12	0	0	14	0	0	0	0	0	0	0	0	0	0	0	0	0	0	5	2	2	0	4
706.600	0	16	0	0	0	0	0	24	5	0	0	0	0	14	0	0	15	0	0	0	0	0	0	0	0	0	0	0	0	0	0	2	3	2	0	9
706.800	0	15	0	0	0	0	0	18	4	0	0	0	0	9	1	0	14	0	0	0	0	0	0	0	0	0	0	0	0	0	0	1	2	3	0	8
707.000	0	18	0	0	0	0	0	20	5	0	0	0	0	16	1	0	15	0	0	0	0	0	0	0	0	0	0	0	0	0	0	2	6	4	0	7
707.200	0	15	0	0	0	0	0	26	4	0	0	0	0	8	1	0	16	0	0	0	0	0	0	0	0	0	0	0	0	0	0	3	4	2	0	8
707.400	0	25	0	0	0	0	0	23	6	0	0	0	0	16	0	0	17	0	0	0	0	0	0	0	0	0	0	0	0	0	0	3	3	1	0	6
707.600	0	24	0	0	0	0	0	19	4	0	0	0	0	10	1	0	17	0	0	0	0	0	0	0	0	0	0	0	0	0	0	3	1	2	0	5
707.800	0	16	0	0	0	0	0	18	5	0	0	0	0	5	1	0	13	0	0	0	0	0	0	0	0	0	0	0	0	0	0	3	5	2	0	8
708.000	0	25	0	0	0	0	0	23	5	0	0	0	0	13	0	0	15	1	0	0	0	0	0	0	0	0	0	0	0	0	0	3	3	2	0	7
708.200	0	27	1	0	0	0	0	20	6	0	0	0	0	6	0	0	15	0	0	0	0	0	0	0	0	0	0	0	0	0	0	2	5	2	0	6
708.400	0	28	1	0	0	0	0	15	9	0	0	0	0	11	0	0	16	0	0	0	0	0	0	0	0	0	0	0	0	0	0	1	3	3	0	5
708.600	0	14	1	0	0	0	0	22	3	0	0	0	0	12	0	0	14	0	0	0	0	0	0	0	0	0	0	0	0	0	0	1	3	2	0	7
708.800	0	15	0	0	0	0	0	19	6	0	0	0	0	10	0	0	14	0	0	0	0	0	0	0	0	0	0	0	0	0	0	2	6	3	0	7
709.000	0	22	0	0	0	0	0	19	6	0	0	0	0	9	0	0	17	0	0	0	0	0	0	0	0	0	0	0	0	0	0	2	3	2	0	8
709.200	0	27	0	0	0	0	0	22	4	0	0	0	0	4	0	0	15	0	0	0	0	0	0	0	0	0	0	0	0	0	0	2	3	3	0	8
709.400	0	13	0	0	0	0	0	19	4	0	0	0	0	9	1	0	13	0	0	0	0	0	0	0	0	0	0	0	0	0	0	0	4	2	0	8
709.600	0	18	0	0	0	0	0	20	5	0	0	0	0	13	0	0	15	0	0	0	0	0	0	0	0	0	0	0	0	0	0	3	3	4	0	8
709.800	0	20	0	0	0	0	0	14	6	0	0	0	0	14	0	0	20	0	0	0	0	0	0	0	0	0	0	0	0	0	0	2	3	2	0	8
710.000	0	20	0	0	0	0	0	17	2	0	0	0	0	15	0	0	16	0	0	0	0	0	0	0	0	0	0	0	0	0	0	4	3	2	0	7
710.200	0	32	0	0	0	0	0	23	4	0	0	0	0	12	0	0	16	0	0	0	0	0	0	0	0	0	0	0	0	0	0	1	2	1	0	10
710.400	0	19	0	0	0	0	0	19	4	0	0	0	0	12	0	0	19	0	0	0	0	0	0	0	0	0	0	0	0	0	0	3	3	2	0	8
710.600	0	9	0	0	0	0	0	19	4	0	0	0	0	12	0	0	19	0	0	0	0	0	0	0	0	0	0	0	0	0	0	2	4	3	0	11
710.800	0	33	0	0	0	0	0	15	6	0	0	0	0	8	0	0	11	0	0	0	0	0	0	0	0	0	1	0	0	0	0	3	3	3	0	8
711.000	0	16	0	0	0	0	0	11	2	0	0	0	0	1	0	0	17	0	0	0	0	0	0	0	0	0	1	0	0	0	0	1	6	2	0	7
711.200	0	21	0	0	0	0	0	13	4	0	0	0	0	4	0	0	15	0	0	0	0	0	0	0	0	0	0	0	0	0	0	5	6	4	0	10
711.400	0	19	0	0	0	0	0	11	1	0	0	0	0	12	0	0	16	0	0	0	0	0	0	0	0	0	1	0	0	0	0	1	3	4	0	7
711.600	0	12	0	0	0	0	0	16	5	0	0	0	0	11	0	0	22	0	0	0	0	0	0	0	0	0	0	0	0	0	0	5	3	4	0	10
711.800	0	7	0	0	0	0	0	10	6	0	0	0	0	11	0	0	10	0	0	0	0	0	0	0	0	0	0	0	0	0	0	1	4	6	2	8
712.000	0	30	0	0	0	0	0	16	3	0	0	0	0	13	1	0	12	0	0	0	0	0	0	0	0	0	0	0	0	0	0	4	4	7	0	9
712.200	0	17	0	0	0	0	0	25	4	0	0	0	0	8	0	0	15	0	0	0	0	0	0	0	0	0	0	0	0	0	0	2	4	7	1	6
712.400	0	14	0	0	0	0	0	23	4	0	0	0	0	7	0	0	22	0	0	0	0	0	0	0	0	0	0	0	0	0	0	4	4	4	0	8
712.600	0	15	0	0	0	0	0	15	4	0	0	0	0	1	0	0	14	0	0	0	0	0	0	0	0	0	0	0	0	0	0	3	5	4	0	10
712.800	0	19	0	0	0	0	0	16	5	0	0	0	0	1	0	0	15	1	0	0	0	0	0	0	0	0	0	0	0	0	0	5	2	6	1	8
713.000	0	22	0	0	0	0	0	19	3	0	0	0	0	7	0	0	15	0	0	0	0	0	0	0	0	0	0	0	0	0	0	0	6	4	0	10
713.200	0	20	0	0	0	0	0	11	3	0	0	0	0	8	0	0	12	0	0	0	0	0	0	0	0	0	0	0	0	0	0	5	1	1	0	10
713.400	0	10	0	0	0	0	0	16	5	0	0	0	0	5	0	0	12	0	0	0	0	0	0	0	0	0	0	0	0	0	0	5	6	3	0	8
713.600	0	27	0	0	0	0	0	12	5	0	0	0	0	4	1	0	18	0	0	0	0	0	0	0	0	0	0	0	0	0	0	3	3	4	1	9
713.800	0	9	0	0	0	0	0	11	4	0	0	0	0	4	0	0	13	0	0	0	0	0	0	0	0	0	0	0	0	0	0	1	4	3	0	7
714.000	0	21	0	0	0	0	0	20	3	0	0	0	0	4	0	0	17	0	0	0	0	0	0	0	0	0	0	0	0	0	0	4	4	4	0	8
714.200	0	4	0	0	0	0	0	12	5	0	0	0	0	5	1	0	13	0	0	0	0	0	0	0	0	0	0	0	0	0	0	3	4	3	0	9
714.400	0	12	0	0	0	0	0	27	3	0	0	0	0	15	0	0	21	0	0	0	0	0	0	0	0	0	0	0	0	0	0	4	3	5	0	5
714.600	0	18	0	0	0	0	0	22	4	0	0	0	0	4	0	0	17	0	0	0	0	0	0	0	0	0	0	0	0	0	0	2	6	2	0	9
714.800	0	12	0	0	0	0	0	18	3	0	0	0	0	2	0	0	18	0	0	0	0	0	0	0	0	0	0	0	0	0	0	4	5	4	0	7
715.000	0	15	0	0	0	0	0	22	2	0	0	0	0	9	0	0	20	0	0	0	0	0	0	0	0	0	0	0	0	0	0	4	4	2	0	10
715.200	0	20	0	0	0	0	0	25	6	0	0	0	0	8	1	0	17	0	0	0	0	0	0	0	0	0	0	0	0	0	0	3	4	2	0	9
715.400	0	25	0	0	0	0	0	21	3	0	0	0	0	10	0	0	13	0	0	0	0	0	0	0	0	0	0	0	0	0	0	2	4	2	0	10
715.600	0	29	2	0	0	0	0	22	6	0	0	0	0	10	1	0	15	0	0	0	0	0	0	0	0	0	0	0	0	0	0	2	9	3	0	7
715.800	0	30	3	0	0	0	0	22	4	0	0	0	0	10	0	0	20	0	0	0	0	0	0	0	0	0	0	0	0	0	0	1	3	2	0	9
716.000	0	29	10	0	0	0	0	21	6	0	0	0	0	8	0	0	20	0	0	0	0	0	0	0	0	0	0	0	0	0	0	3	6	3	0	8
716.200	0	31	7	0	0	0	0	19	5	0	0	0	0	3	0	0	16	0	0	0	0	0	0	0	0	0	0	0	0	0	0	3	5	2	0	7
716.400	0	24	6	0	0	0	0	12	5	0	0	0	0	4	0	0	16	0	0	0	0	0	0	0	0	0	0	0	0	0	0	2	4	5	0	7
716.600	0	22	7	0	0	0	0	14	6	0	0	0	0	10	0	0	18	0	0	0	0	0	0	0	0	0	0	0	0	0	0	2	3	2	0	9
716.800	0	15	8	0	0	0	0	10	6	0	0	0	0	9	0	0	18	0	0	0	0	0	0	0	0	0	0	0	0	0	0	3	2	5	0	8
717.000	0	11	7	0	0	0	0	11	5	0	0	0	0	7	0	0	19	0	0	0	0	0	0	0	0	0	0	0	0	0	0	3	3	2	0	9
717.200	0	26	6	0	0	0	0	12	5	0	0	0	0	8	0	0	15	0	0	0	0	0	0	0	0	0	0	0	0	0	0	2	1	1	0	6
717.400	0	28	9	0	0	0	0	15	4	0	0	0	0	12	1	0	21	0	0	0	0	0	0	0	0	0	0	0	0	0	0	3	6	3	0	10
717.600	0	30	6	0	0	0	0	16	3	0	0	0	0	10	0	0	22	0	0	0	0	0	0	0	0	0	0	0	0	0	0	3	3	3	0	9
717.800	0	32	0	0	0	0	0	10	5	0	0	0	0	10	1	0	14	0	0	0	0	0	0	0	0	0	0	0	0	0	0	3	2	2	0	8
718.000	0	29	4	0	0	0	0	10	4	0	0	0	0	7	0	0	15	0	0	0	0	0	0	0	0	0	0	0	0	0	0	3	5	2	0	9
718.200	0	26	8	0	0	0	0	15	3	0	0	0	0	13	0	0	18	0	0	0	0	0	0	0	0	0	0	0	0	0	0	5	6	2	0	9
718.400	0	36	12	0	0	0	0	11	5	0	0	0	0	10	1	0	15	0	0	0	0	0	0	0	0	0	0	0	0	0	0	4	7	3	0	8
718.600	0	27	8	0	0	0	0	13	5	0	0	0	0	8	1	0	17	0	0	0	0	0	0	0	0	0	0	0	1	0	0	3	3	2	0	10
718.800	0	36	8	0	0	0	0	10	5	0	0	0	0	3	0	0	15	0	0	0	0	0	0	0	0	0	0	0	0	0	0	4	5	4	0	9
719.000	0	25	10	0	0	0	0	12	5	0	0	0	0	10	0	0	15	0	0	0	0	0	0	0	0	0	0	0	0	0	0	3	8	4	0	7
719.200	0	28	6	0	0	0	0	19	6	0	0	0	0	7	0	0	18	0	0	0	0	0	0	0	0	0	0	0	0	0	0	2	4	2	0	5
719.400	0	18	9	0	0	0	0	12	5	0	0	0	0	14	1	0	15	0	0	0	0	0	0	0	0	0	0	0	0	0	0	0	5	3	0	4
719.600	0	20	9	0	0	0	0	11	4	0	0	0	0	12	0	0	18	0	0	0	0	0	0	0	0	0	0	0	0	0	0	1	8	2	0	8
719.800	0	24	9	0	0	0	0	12	4	0	0	0	0	6	0	0	21	0	0	0	0	0	0	0	0	0	0	0	0	0	0	3	5	3	0	5
720.000	0	23	7	0	0	0	0	16	4	0	0	0	0	11	0	0	22	0	0	0	0	0	0	0	0	0	0	0	0	0	0	4	7	1	0	5
720.200	0	24	1	0	0	0	0	12	4	0	0	0	0	8	0	0	14	0	0	0	0	0	0	0	0	0	0	0	0	0	0	1	8	2	0	6
720.400	0	22	0	0	0	0	0	10	4	0	0	0	0	12	0	0	16	0	0	0	0	0	0	0	0	0	0	0	0	0	0	1	3	1	0	7
720.600	0	20	4	0	0	0	0	10	5	0	0	0	0	16	0	0	14	0	0	0	0	0	0	0	0	0	0	0	0	0	0	3	5	2	0	7
720.800	0	15	4	0	0	0	0	7	4	0	0	0	0	9	0	0	18	0	0	0	0	0	0	0	0	0	0	0	0	0	0	3	4	2	0	11
721.000	0	27	4	0	0	0	0	7	6	0	0	0	0	3	0	0	20	0	0	0	0	0	0	0	0	0	5	0	0	0	0	1	2	1	0	7
721.200	0	14	2	0	0	0	0	10	1	0	0	0	0	6	0	0	18	0	0	0	3	0	0	0	0	0	4	0	0	0	0	2	3	1	0	5
721.400	0	30	0	0	0	0	0	14	3	0	0	0	0	9	0	0	23	0	0	0	1	0	0	0	0	0	4	0	0	0	0	2	3	1	0	4
721.600	0	17	3	0	0	0	0	14	3	0	0	0	0	9	0	0	13	0	0	0	1	0	0	0	0	0	5	0	0	0	0	1	2	1	0	7
721.800	0	26	2	0	0	0	0	11	5	0	0	0	0	13	0	0	15	0	0	0	0	0	0	0	0	0	4	0	0	0	0	1	7	1	0	5
722.000	0	22	1	0	0	0	0	13	3	0	0	0	0	14	0	0	21	0	0	0	0	0	0	0	0	0	4	0	0	0	0	2	3	2	0	4
722.200	0	30	2	0	0	0	0	15	2	0	0	0	0	11	0	0	17	0	0	0	0	0	0	0	0	0	5	0	0	0	0	4	6	4	0	5
722.400	0	26	0	0	0	0	0	11	4	0	0	0	0	6	0	0	19	0	0	0	0	0	0	0	0	0	1	0	0	0	0	4	8	4	0	5
722.600	0	19	2	0	0	0	0	13	2	0	0	0	0	9	0	0	18	0	0	0	0	0	0	0	0	0	4	0	0	0	0	3	4	2	0	5
722.800	0	20	2	0	0	0	0	11	3	0	0	0	0	8	0	0	17	0	0	0	0	0	0	0	0	0	4	0	0	0	0	2	4	3	0	5
723.000	0	26	1	0	0	0	0	16	3	1	0	0	0	8	0	0	15	0	0	0	0	0	0	0	0	0	5	0	0	0	0	2	3	1	0	5
723.200	0	32	1	0	0	0	0	10	2	1	0	0	0	17	0	0	17	0	0	0	0	0	0	0	0	0	2	0	0	0	0	2	3	3	0	7
723.400	0	22	0	0	0	0	0	14	2	0	0	0	0	11	0	0	28	0	0	0	0	0	0	0	0	0	5	0	0	0	0	0	3	2	0	5
723.600	0	18	2	0	0	0	0	12	3	0	0	0	0	7	0	0	28	0	0	0	0	0	0	0	0	0	4	0	0	0	0	1	4	5	0	10
723.800	0	24	2	0	0	0	0	11	0	0	0	0	0	9	0	0	22	0	0	0	0	0	0	0	0	0	4	0	0	0	0	3	4	3	0	6
724.000	0	18	2	0	0	0	0	13	1	0	0	0	0	11	0	0	14	0	0	0	0	0	0	0	0	0	3	0	0	0	0	3	5	6	1	7
724.200	0	20	2	0	0	0	0	12	3	0	0	0	0	7	0	0	16	0	0	0	0	0	0	0	0	0	2	0	0	0	0	4	2	4	0	6
724.400	0	23	1	0	0	0	0	13	2	0	0	0	0	6	1	0	17	0	0	0	0	0	0	0	0	0	0	0	0	0	0	2	5	3	0	8
724.600	0	25	3	0	0	0	0	14	2	0	0	0	0	8	0	0	18	0	0	0	0	0	0	0	0	0	0	0	0	0	0	5	4	5	0	4
724.800	0	23	1	0	0	0	0	14	5	0	0	0	0	5	0	0	17	0	0	0	0	0	0	0	0	0	0	0	0	0	0	2	7	3	0	8
725.000	0	23	1	0	0	0	0	9	4	0	0	0	0	10	0	0	20	0	0	0	0	0	0	0	0	0	0	0	0	0	0	1	6	1	0	5
725.200	0	26	2	0	0	0	0	17	4	0	0	0	0	8	0	0	17	0	0	0	0	0	0	0	0	0	0	0	0	0	0	0	4	2	0	8
725.400	0	17	1	0	0	0	0	13	1	0	0	0	0	10	0	0	19	0	0	0	0	0	0	0	0	0	0	0	0	0	0	5	11	2	0	9
725.600	0	21	2	0	0	0	0	15	2	0	0	0	0	7	0	0	20	0	0	0	0	0	0	0	0	0	0	0	0	0	0	1	5	2	0	5
725.800	0	20	2	0	0	0	0	12	2	0	0	0	0	7	0	0	21	0	0	0	0	0	0	0	0	0	0	0	0	0	0	4	3	3	0	5
726.000	0	18	2	0	0	0	0	14	0	0	0	0	0	8	0	0	20	0	0	0	0	0	0	0	0	0	0	0	0	0	0	2	6	1	0	7
726.200	0	20	2	1	0	0	0	14	4	0	0	0	0	4	0	0	12	1	0	0	0	0	0	0	0	0	0	0	0	0	0	2	6	1	0	10
726.400	0	17	3	0	0	0	0	14	2	0	0	0	0	5	0	0	17	0	0	0	0	0	0	0	0	0	0	0	0	0	0	2	3	2	0	7
726.600	0	24	1	1	0	0	0	10	3	0	0	0	0	5	0	0	15	0	0	0	0	0	0	0	0	0	0	0	0	0	0	3	3	2	0	7
726.800	0	32	2	2	0	0	0	9	3	0	0	0	0	5	0	0	19	0	0	0	0	0	0	0	0	0	0	0	0	0	0	4	3	2	0	4
727.000	0	20	2	2	0	0	0	9	5	0	0	0	0	10	1	0	20	0	0	0	0	0	0	0	0	0	0	0	0	0	0	3	3	2	0	6
727.200	0	23	3	2	0	0	0	13	4	0	0	0	0	5	0	0	15	0	0	0	0	0	0	0	0	0	0	0	0	0	0	4	3	2	0	5
727.400	0	29	2	2	0	0	0	13	4	0	0	0	0	8	0	0	18	0	0	0	0	0	0	0	0	0	0	0	0	0	0	4	3	2	0	7
727.600	0	12	2	3	0	0	0	11	3	0	0	0	0	6	0	0	17	0	0	0	0	0	0	0	0	0	0	0	0	0	0	2	3	3	0	8
727.800	0	28	3	2	0	0	0	10	2	0	0	0	0	1	1	0	17	0	0	0	0	0	0	0	0	0	0	0	0	0	0	2	3	2	0	7
728.000	0	34	0	5	0	0	0	12	4	0	0	0	0	11	0	0	19	0	0	0	0	0	0	0	0	0	0	0	0	0	0	2	3	1	0	5
728.200	0	13	2	2	0	0	0	18	5	0	0	0	0	10	0	0	17	0	0	0	0	0	0	0	0	0	0	0	0	0	0	3	3	2	0	6
728.400	0	26	3	2	0	0	0	8	3	0	0	0	0	1	0	0	25	0	0	0	0	0	0	0	0	0	0	0	0	0	0	3	1	3	0	7
728.600	0	27	2	3	0	0	0	14	4	0	0	0	0	2	0	0	16	0	0	0	0	0	0	0	0	0	0	0	0	0	0	4	3	2	0	9
728.800	0	23	2	2	0	0	0	25	3	0	0	0	0	2	0	0	15	0	0	0	0	0	0	0	0	0	0	0	0	0	0	2	8	2	0	7
729.000	0	25	2	2	0	0	0	24	4	0	0	0	0	6	0	0	19	0	0	0	0	0	0	0	0	0	0	0	0	0	0	1	2	2	0	7
729.200	0	19	4	1	0	0	0	14	9	0	0	0	0	4	0	0	21	0	0	0	0	0	0	0	0	0	0	0	0	0	0	0	5	1	0	7
729.400	0	23	5	1	0	0	0	12	7	0	0	0	0	7	0	0	21	0	0	0	0	0	0	0	0	0	0	0	0	0	0	2	7	2	0	6
729.600	0	21	4	1	0	0	0	11	5	0	0	0	0	11	0	0	20	0	0	0	0	0	0	0	0	0	0	0	0	0	0	2	4	2	0	4
729.800	0	18	2	1	0	0	0	7	6	0	0	0	0	14	0	0	17	0	0	0	0	0	0	0	0	0	0	0	0	0	0	3	4	2	0	5
730.000	0	30	2	3	0	0	0	19	8	0	0	0	0	14	0	0	17	0	0	0	0	0	0	0	0	0	0	0	0	0	0	3	3	2	0	6
730.200	0	20	3	2	0	0	0	19	5	0	0	0	0	13	0	0	19	0	0	0	0	0	0	0	0	0	0	0	0	0	0	1	3	2	0	5
730.400	0	16	2	4	0	0	0	17	8	0	0	0	0	5	0	0	16	0	0	0	0	0	0	0	0	0	0	0	0	0	0	5	2	2	0	6
730.600	0	25	1	1	0	0	0	14	12	0	0	0	0	8	0	0	20	0	0	0	0	0	0	0	0	0	0	0	0	0	0	4	6	3	0	5
730.800	0	31	4	3	0	0	0	15	8	0	0	0	0	9	0	0	14	0	0	0	0	0	0	0	0	0	0	0	0	0	0	3	5	2	0	5
731.000	0	27	4	1	0	0	0	17	8	0	0	0	0	10	0	0	25	0	0	0	0	0	0	0	0	0	0	0	0	0	0	4	3	3	0	8
731.200	0	14	3	2	0	0	0	17	11	0	0	0	0	5	0	0	18	0	0	0	0	0	0	0	0	0	0	0	0	0	0	3	3	3	0	6
731.400	0	20	1	1	0	0	0	16	10	0	0	0	0	3	0	0	20	0	0	0	0	0	0	0	0	0	0	0	0	0	0	3	4	4	0	6
731.600	0	19	2	0	0	0	0	15	9	0	0	0	0	4	0	0	18	0	0	0	0	0	0	0	0	0	0	0	0	0	0	3	5	2	0	8
731.800	0	17	4	0	0	0	0	15	12	0	0	0	0	10	0	0	20	0	0	0	0	0	0	0	0	0	0	0	0	0	0	3	3	2	0	4
732.000	0	22	1	0	0	0	0	14	13	0	0	0	0	8	0	0	18	0	0	0	0	0	0	0	0	0	0	0	0	0	0	4	3	2	0	6
732.200	0	11	2	0	0	0	0	15	10	0	0	0	0	16	0	0	14	0	0	0	0	0	0	0	0	0	0	0	0	0	0	4	5	2	0	6
732.400	0	13	2	0	0	0	0	12	11	0	0	0	0	13	0	0	19	0	0	0	1	0	0	0	0	0	0	0	0	0	0	5	3	3	0	5
732.600	0	17	2	0	0	0	0	20	13	0	0	0	0	17	0	0	20	0	0	0	0	0	0	0	0	0	0	0	0	0	0	5	4	3	0	8
732.800	0	21	2	0	0	0	0	22	12	0	0	0	0	8	0	0	20	0	0	0	0	0	0	0	0	0	0	0	0	0	0	2	5	5	0	5
733.000	0	20	2	0	0	0	0	9	10	0	0	0	0	12	0	0	10	0	0	0	0	0	0	0	0	0	0	0	0	0	0	0	4	2	0	7
733.200	0	21	3	0	0	0	0	14	13	0	0	0	0	13	0	0	18	0	0	0	0	0	0	0	0	0	0	0	0	0	0	2	4	2	0	7
733.400	0	25	3	0	0	0	0	20	13	0	0	0	0	6	0	0	20	0	0	0	2	0	0	0	0	0	0	0	0	0	0	5	5	4	0	6
733.600	0	18	2	0	0	0	0	25	12	0	0	0	0	2	0	0	10	1	0	0	0	0	0	0	0	0	0	0	0	0	0	6	2	2	0	11
733.800	0	20	2	0	0	0	0	21	12	0	0	0	0	15	1	0	18	0	0	0	0	0	0	0	0	0	0	0	0	0	0	1	3	3	0	6
734.000	0	26	1	0	0	0	0	20	10	0	0	0	0	16	1	0	24	0	0	0	0	0	0	0	0	0	0	0	0	0	0	3	3	1	0	5
734.200	0	19	3	0	0	0	0	21	11	0	0	0	0	11	0	0	20	0	0	0	0	0	0	0	0	0	0	0	0	0	0	3	4	2	0	9
734.400	0	22	2	0	0	0	0	16	12	0	0	0	0	11	1	0	14	0	0	0	0	0	0	0	0	0	0	0	0	0	0	4	4	3	0	7
734.600	0	6	4	0	0	0	0	19	12	0	0	0	0	9	0	0	17	0	0	0	0	0	0	0	0	0	0	0	0	0	0	4	4	4	0	9
734.800	0	20	2	0	0	0	0	22	10	0	0	0	0	6	0	0	26	0	0	0	0	0	0	0	0	0	0	0	0	0	0	4	4	1	0	8
735.000	0	16	1	0	0	0	0	15	10	0	0	0	0	13	0	0	18	0	0	0	0	0	0	0	0	0	0	0	0	0	0	4	3	2	0	5
735.200	0	10	2	0	0	0	0	13	10	0	0	0	0	10	0	0	24	0	0	0	0	0	0	0	0	0	0	0	0	0	0	2	2	1	0	5
735.400	0	15	1	0	0	0	0	17	13	0	0	0	0	9	0	0	21	0	0	0	0	0	0	0	0	0	0	0	0	0	0	5	3	2	0	8
735.600	0	9	2	0	0	0	0	9	14	0	0	0	0	17	0	0	24	0	0	0	0	0	0	0	0	0	0	0	0	0	0	2	3	3	0	10
735.800	0	4	2	0	0	0	0	15	11	0	0	0	0	12	0	0	26	0	0	0	0	0	0	0	0	0	0	0	0	0	0	1	3	2	0	6
736.000	0	27	2	0	0	0	0	16	13	0	0	0	0	10	1	0	23	0	0	0	0	0	0	0	0	0	0	0	0	0	0	0	4	4	0	5
736.200	0	20	1	0	0	0	0	23	8	0	0	0	0	9	1	0	20	0	0	0	0	0	0	0	0	0	0	0	0	0	0	1	3	3	0	5
736.400	0	33	1	0	0	0	0	11	12	0	0	0	0	13	0	0	21	0	0	0	0	0	0	0	0	0	0	0	0	0	0	2	5	2	0	5
736.600	0	11	2	0	0	0	0	12	12	0	0	0	0	18	1	0	25	0	0	0	0	0	0	0	0	0	0	0	0	0	0	0	3	3	0	6
736.800	0	25	2	0	0	0	0	15	11	0	0	0	0	12	0	0	21	0	0	0	0	0	0	0	0	0	0	0	0	0	0	3	2	2	0	7
737.000	0	20	3	0	0	0	0	12	10	0	0	0	0	5	1	0	21	0	0	0	0	0	0	0	0	0	0	0	0	0	0	3	7	3	1	8
737.200	0	20	5	0	0	0	0	7	11	0	0	0	0	11	0	0	21	0	0	0	0	0	0	0	0	0	0	0	0	0	0	1	4	4	0	6
737.400	0	24	2	0	0	0	0	13	10	0	0	0	0	15	0	0	22	0	0	0	0	0	0	0	0	0	0	0	0	0	0	2	2	2	0	7
737.600	0	33	2	0	0	0	0	18	12	0	0	0	0	7	0	0	21	0	0	0	0	0	0	0	0	0	0	0	0	0	0	0	2	2	0	8
737.800	0	25	5	0	0	0	0	16	12	0	0	0	0	5	0	0	13	0	0	0	0	0	0	0	0	0	0	0	0	0	0	3	3	2	0	7
738.000	0	18	1	0	0	0	0	22	11	0	0	0	0	6	0	0	17	0	0	0	0	0	0	0	0	0	0	0	0	0	0	2	1	2	0	6
738.200	0	16	2	0	0	0	0	15	11	0	0	0	0	18	0	0	18	0	0	0	0	0	0	0	0	0	0	0	0	0	0	2	2	1	0	5
738.400	0	27	1	0	0	0	0	15	11	0	0	0	0	7	0	0	15	0	0	0	0	0	0	0	0	0	0	0	0	0	0	3	4	2	0	7
738.600	0	25	2	0	0	0	0	10	12	0	0	0	0	14	0	0	21	0	0	0	0	0	0	0	0	0	0	0	0	0	0	2	5	2	0	8
738.800	0	9	0	0	0	0	0	18	12	0	0	0	0	8	0	0	19	0	0	0	0	0	0	0	0	0	0	0	0	0	0	1	5	2	0	7
739.000	0	33	2	0	0	0	0	16	12	0	0	0	0	15	0	0	17	0	0	0	0	0	0	0	0	0	0	0	0	0	0	2	7	4	0	5
739.200	0	30	5	0	0	0	0	13	12	0	0	0	0	9	0	0	17	0	0	0	0	0	0	0	0	0	0	0	0	0	0	2	3	2	0	6
739.400	0	26	3	0	0	0	0	22	12	0	0	0	0	12	0	0	15	0	0	0	0	0	0	0	0	0	0	0	0	0	0	3	6	2	0	5
739.600	0	31	3	0	0	0	0	18	12	0	0	0	0	6	0	0	23	0	0	0	0	0	0	0	0	0	0	0	0	0	0	2	4	1	0	3
739.800	0	28	4	0	0	0	0	12	10	0	0	0	0	15	0	0	18	0	0	0	0	0	0	0	0	0	0	0	0	0	0	0	4	4	0	8
740.000	0	35	2	0	0	0	0	21	11	0	0	0	0	19	0	0	22	0	0	0	0	0	0	0	0	0	0	0	0	0	0	0	3	3	0	7
740.200	0	25	3	0	0	0	0	19	11	0	0	0	0	12	0	0	19	0	0	0	0	0	0	0	0	0	0	0	0	0	0	0	5	3	0	6
740.400	0	22	3	0	0	0	0	25	11	0	0	0	0	13	0	0	21	0	0	0	0	0	0	0	0	0	0	0	0	0	0	0	4	2	0	7
740.600	0	25	3	0	0	0	0	22	10	0	0	0	0	15	0	0	12	0	0	0	0	0	0	0	0	0	0	0	0	0	0	1	5	2	0	5
740.800	0	29	5	0	0	0	0	16	11	0	0	0	0	6	0	0	15	0	0	0	0	0	0	0	0	0	0	0	0	0	0	2	5	1	0	0
741.000	0	26	5	0	0	0	0	21	12	0	0	0	0	10	0	0	17	0	0	0	0	0	0	0	0	0	0	0	0	0	0	0	4	2	0	0
741.200	0	12	5	0	0	0	0	24	11	0	0	0	0	14	0	0	19	0	0	0	0	0	0	0	0	0	0	0	0	0	0	1	6	2	0	0
741.400	0	24	3	0	0	0	0	16	9	0	0	0	0	14	0	0	25	0	0	0	0	0	0	0	0	0	0	0	0	0	0	1	5	1	0	0
741.600	0	21	6	0	0	0	0	16	10	0	0	0	0	14	0	0	20	0	0	0	0	0	0	0	0	0	0	0	0	0	0	1	3	2	0	0
741.800	0	17	3	0	0	0	0	13	4	0	0	0	0	4	0	0	18	0	0	0	0	0	0	0	0	0	0	0	0	0	0	1	4	1	0	3
742.000	0	32	4	0	0	0	0	13	12	0	0	0	0	5	0	0	15	0	0	0	0	0	0	0	0	0	0	0	0	0	0	1	4	2	0	2
742.200	0	32	5	0	0	0	0	18	12	0	0	0	0	8	0	0	24	0	0	0	0	0	0	0	0	0	0	0	0	0	0	1	4	2	0	0
742.400	0	22	2	0	0	0	0	15	11	0	0	0	0	3	0	0	19	0	0	0	0	0	0	0	0	0	0	0	0	0	0	2	3	1	0	0
742.600	0	29	5	0	0	0	0	9	8	0	0	0	0	5	0	0	13	0	0	0	0	0	0	0	0	0	0	0	0	0	0	1	5	1	0	0
742.800	0	27	2	0	0	0	0	14	7	0	0	0	0	9	0	0	21	0	0	0	0	0	0	0	0	0	0	0	0	0	0	1	4	1	0	0
743.000	0	29	0	0	0	0	0	12	12	0	0	0	0	6	0	0	16	0	0	0	0	0	0	0	0	0	2	0	0	0	0	1	5	3	0	0
743.200	0	24	2	0	0	0	0	16	10	0	0	0	0	4	0	0	18	0	0	0	0	0	0	0	0	0	1	0	0	0	0	0	6	3	0	0
743.400	0	24	3	0	0	0	0	17	9	0	0	0	0	12	1	0	18	0	0	0	0	0	0	0	0	0	1	0	0	0	0	0	4	2	0	0
743.600	0	24	3	0	0	0	0	13	9	0	0	0	0	4	0	0	17	0	0	0	0	0	0	0	0	0	1	0	0	0	0	1	6	2	0	0
743.800	0	10	1	0	0	0	0	10	8	0	0	0	0	12	0	0	17	1	0	0	0	0	0	0	0	0	0	0	0	0	0	2	2	0	0	0
744.000	0	35	5	0	0	0	0	16	10	0	0	0	0	9	1	0	14	0	0	0	0	0	0	0	0	0	0	0	0	0	0	7	6	2	0	0
744.200	0	22	1	0	0	0	0	18	10	0	0	0	0	7	0	0	14	0	0	0	0	0	0	0	0	0	1	0	0	0	0	3	2	0	0	0
744.400	0	13	3	0	0	0	0	13	9	0	0	0	0	18	0	0	20	0	0	0	0	0	0	0	0	0	0	0	0	0	0	2	4	2	0	0
744.600	0	17	5	0	0	0	0	16	10	0	0	0	0	12	0	0	15	1	0	0	0	0	0	0	0	0	0	0	0	0	0	2	2	2	0	2
744.800	0	12	1	0	0	0	0	15	7	0	0	0	0	6	0	0	12	0	0	0	0	0	0	0	0	0	0	0	0	0	0	6	9	1	0	4
745.000	0	9	2	0	0	0	0	15	11	0	0	0	0	9	0	0	17	1	0	0	0	0	0	0	0	0	0	0	0	0	0	3	6	2	0	2
745.200	0	20	0	0	0	0	0	10	10	0	0	0	0	5	0	0	17	1	0	0	0	0	0	0	0	0	0	0	0	0	0	1	4	2	0	6
745.400	0	27	3	0	0	0	0	11	10	0	0	0	0	15	0	0	22	0	0	0	0	0	0	0	0	0	0	0	0	0	0	2	7	3	0	6
745.600	0	18	7	0	0	0	0	7	8	0	0	0	0	5	0	0	21	0	0	0	0	0	0	0	0	0	0	0	0	0	0	2	7	2	0	6
745.800	0	22	7	0	0	0	0	19	9	0	0	0	0	8	1	0	17	0	0	0	0	0	0	0	0	0	0	0	0	0	0	3	5	3	0	2
746.000	0	21	2	0	0	0	0	16	7	0	0	0	0	4	0	0	17	0	0	0	0	0	0	0	0	0	0	0	0	0	0	6	5	1	0	0
746.200	0	19	3	0	0	0	0	21	8	0	0	0	0	12	0	0	14	1	0	0	0	0	0	0	0	0	0	0	0	0	0	4	3	1	0	0
746.400	0	22	1	0	0	2	0	19	9	0	0	0	0	12	0	0	17	0	0	0	0	0	0	0	0	0	0	0	0	0	0	1	6	3	0	0
746.600	0	27	4	0	0	0	0	15	8	0	0	0	0	9	0	0	10	2	0	0	0	0	0	0	0	0	1	0	0	0	0	2	6	2	0	0
746.800	0	24	6	1	0	1	0	26	8	0	0	0	0	12	0	0	14	0	0	0	0	0	0	0	0	0	1	0	0	0	0	2	8	2	0	0
747.000	0	25	5	0	0	0	0	15	10	0	0	0	0	12	0	0	14	0	0	0	0	0	0	0	0	0	0	0	0	0	0	1	6	2	0	0
747.200	0	31	6	0	0	2	0	23	12	0	0	0	0	12	0	0	15	0	0	0	0	0	0	0	0	0	0	0	0	0	0	2	4	2	0	0
747.400	0	19	5	0	0	0	0	13	7	0	0	0	0	14	0	0	14	0	0	0	0	0	0	0	0	0	0	0	0	0	0	2	3	2	0	0
747.600	0	21	4	0	0	0	0	15	11	0	0	0	0	13	0	0	18	0	0	0	0	0	0	0	0	0	0	0	0	0	0	4	2	3	0	0
747.800	0	28	2	0	0	2	0	20	7	0	0	0	0	10	0	0	10	0	0	0	0	0	0	0	0	0	0	0	0	0	0	2	4	2	0	0
748.000	0	19	6	1	0	0	0	17	6	0	0	0	0	7	0	0	13	0	0	0	0	0	0	0	0	0	0	0	0	0	0	2	5	1	0	0
748.200	0	30	2	0	0	2	0	20	10	0	0	0	0	15	0	0	15	0	0	0	0	0	0	0	0	0	0	0	0	0	0	3	5	1	0	0
748.400	0	21	7	1	0	0	0	24	11	0	0	0	0	12	0	0	12	0	0	0	0	0	0	0	0	0	0	0	0	0	0	5	7	1	0	0
748.600	0	26	1	1	0	3	0	26	11	0	0	0	0	11	0	0	13	0	0	0	0	0	0	0	0	0	0	0	0	0	0	2	6	1	0	0
748.800	0	15	1	0	0	0	0	22	8	0	0	0	0	13	0	0	22	1	0	0	0	0	0	0	0	0	0	0	0	0	0	3	7	1	0	0
749.000	0	37	1	0	0	0	0	22	11	0	0	0	0	11	0	0	13	0	0	0	0	0	0	0	0	0	0	0	0	0	0	5	5	2	0	0
749.200	0	29	0	1	0	0	0	18	11	0	0	0	0	13	0	0	31	0	0	0	0	0	0	0	0	0	0	0	0	0	0	1	3	1	0	0
749.400	0	23	0	0	0	0	0	16	10	0	0	0	0	10	0	0	14	0	0	0	0	0	0	0	0	0	0	0	0	0	0	5	5	2	0	0
749.600	0	13	0	0	0	0	0	22	10	0	0	0	0	14	1	0	16	0	0	0	0	0	0	0	0	0	0	0	0	0	0	3	5	2	0	0
749.800	0	14	3	0	0	0	0	15	10	0	0	0	0	12	0	0	18	0	0	0	0	0	0	0	0	0	0	0	0	0	0	1	3	2	0	0
750.000	0	28	3	0	0	0	0	22	10	0	0	0	0	0	0	0	16	0	0	0	0	0	0	0	0	0	0	0	0	0	0	3	4	2	0	0
750.200	0	24	3	0	0	0	0	25	11	0	0	0	0	13	0	0	24	0	0	0	0	0	0	0	0	0	0	0	0	0	0	2	4	2	0	0
750.400	0	32	1	0	0	0	0	14	12	0	0	0	0	17	0	0	21	0	0	0	0	0	0	0	0	0	0	0	0	0	0	0	3	2	0	0
750.600	0	25	1	0	0	0	0	20	10	0	0	0	0	6	0	0	18	0	0	0	0	0	0	0	0	0	0	0	0	0	0	3	5	5	0	0
750.800	0	27	2	0	0	0	0	19	11	0	0	0	0	11	0	0	27	0	0	0	0	0	0	0	0	0	0	0	0	0	0	1	4	4	0	0
751.000	0	14	0	0	0	0	0	21	9	0	0	0	0	15	0	0	17	1	0	0	0	0	0	0	0	0	0	0	0	0	0	0	8	2	0	0
751.200	0	19	2	0	0	0	0	22	11	0	0	0	0	10	0	0	18	0	0	0	0	0	0	0	0	0	0	0	0	0	0	2	5	2	0	2
751.400	0	27	1	0	0	0	0	18	10	0	0	0	0	12	0	0	27	0	0	0	0	0	0	0	0	0	0	0	0	0	0	2	5	4	0	3
751.600	0	22	0	0	0	0	0	20	6	0	0	0	0	7	1	0	15	0	0	0	0	0	0	0	0	0	0	0	0	0	0	3	3	2	0	4
751.800	0	29	0	0	0	0	0	21	8	0	0	0	0	8	1	0	18	0	0	0	0	0	0	0	0	0	0	0	0	0	0	3	3	4	0	5
752.000	0	25	3	0	0	0	0	21	10	0	0	0	0	9	0	0	16	0	0	0	0	0	0	0	0	0	0	0	0	0	0	3	5	2	0	4
752.200	0	21	0	0	0	0	0	14	9	0	0	0	0	2	0	0	15	0	0	0	0	0	0	0	0	0	0	0	0	0	0	3	3	3	0	4
752.400	0	35	2	0	0	0	0	25	6	0	0	0	0	5	0	0	18	0	0	0	0	0	0	0	0	0	0	0	0	0	0	4	1	3	0	5
752.600	0	27	0	0	0	0	0	21	12	0	0	0	0	16	1	0	16	0	0	0	0	0	0	0	0	0	0	0	0	0	0	4	6	3	0	3
752.800	0	29	3	0	0	0	0	25	11	0	0	0	0	6	0	0	15	2	0	0	0	0	0	0	0	0	0	0	0	0	0	0	7	2	0	3
753.000	0	43	1	0	0	0	0	22	11	0	0	0	0	7	0	0	16	4	0	0	0	0	0	0	0	0	0	0	0	0	0	0	4	4	0	6
753.200	0	22	1	0	0	0	0	14	10	0	0	0	0	12	1	0	14	2	0	0	0	0	0	0	0	0	0	0	0	0	0	1	4	3	0	2
753.400	0	13	0	0	0	0	0	19	7	0	0	0	0	7	0	0	15	2	0	0	0	0	0	0	0	0	0	0	0	0	0	5	6	3	0	3
753.600	0	31	1	0	0	0	0	9	11	0	0	0	0	12	0	0	20	6	0	0	0	0	0	0	0	0	0	0	0	0	0	2	2	2	0	1
753.800	0	24	1	0	0	0	0	25	12	0	0	0	0	12	0	0	22	5	0	0	0	0	0	0	0	0	0	0	0	0	0	1	3	1	0	2
754.000	0	25	1	0	0	0	0	16	11	0	0	0	0	18	0	0	20	7	0	0	0	0	0	0	0	0	0	0	0	0	0	2	7	4	0	2
754.200	0	17	0	0	0	0	0	21	12	0	0	0	0	16	0	0	22	2	0	0	0	0	0	0	0	0	0	0	0	0	0	5	4	3	0	2
754.400	0	31	2	0	0	0	0	19	11	0	0	0	0	13	0	0	22	5	0	0	0	0	0	0	0	0	0	0	0	0	0	3	3	4	0	5
754.600	0	36	0	0	0	0	0	16	11	0	0	0	0	2	0	0	16	6	0	0	0	0	0	0	0	0	0	0	0	0	0	0	3	3	0	3
754.800	0	28	1	0	0	0	0	19	12	0	0	0	0	8	0	0	17	7	0	0	0	0	0	0	0	0	0	0	0	0	0	0	3	4	0	3
755.000	0	36	0	0	0	0	0	13	10	0	0	0	0	17	0	0	17	4	0	0	0	0	0	0	0	0	0	0	0	0	0	4	6	4	0	4
755.200	0	22	1	0	0	0	0	19	9	0	0	0	0	15	0	0	28	5	0	0	0	0	0	0	0	0	0	0	0	0	0	2	3	2	0	5
755.400	0	21	3	0	0	0	0	20	12	0	0	0	0	12	0	0	24	7	0	0	0	0	0	0	0	0	4	0	0	0	0	2	5	3	0	1
755.600	0	29	2	0	0	0	0	23	10	0	0	0	0	13	0	0	23	3	0	0	0	0	0	0	0	0	4	0	0	0	0	2	6	2	0	0
755.800	0	34	1	0	0	0	0	19	11	0	0	0	0	15	0	0	17	7	0	0	0	0	0	0	0	0	1	0	0	0	0	4	7	3	0	0
756.000	0	36	1	0	0	0	0	18	8	0	0	0	0	11	0	0	18	7	0	0	0	0	0	0	0	0	5	0	0	0	0	3	6	4	0	1
756.200	0	33	0	0	0	0	0	10	8	0	0	0	0	8	0	0	23	7	0	0	0	0	0	0	0	0	4	0	0	0	0	0	2	6	0	2
756.400	0	27	1	0	0	0	0	17	8	0	0	0	0	3	0	0	21	2	0	0	0	0	0	0	0	0	3	0	0	0	0	1	4	3	0	3
756.600	0	12	2	0	0	0	0	14	10	0	0	0	0	7	0	0	16	2	0	0	0	0	0	0	0	0	5	0	0	0	0	2	3	4	0	1
756.800	0	22	1	0	0	0	0	5	9	0	0	0	0	11	0	0	18	5	0	0	0	0	0	0	0	0	7	0	0	0	0	2	2	3	0	0
757.000	0	24	0	0	0	0	0	15	10	0	0	0	0	8	0	0	18	6	0	0	0	0	0	0	0	0	6	0	0	0	0	2	4	4	0	0
757.200	0	23	2	0	0	0	0	18	8	0	0	0	0	7	0	0	20	1	0	0	0	0	0	0	0	0	4	0	0	0	0	4	4	2	0	1
757.400	0	22	1	0	0	0	0	16	4	0	0	0	0	4	0	0	16	6	0	0	0	0	0	0	0	0	0	0	0	0	0	4	4	2	0	3
757.600	0	23	3	0	0	0	0	21	9	0	0	0	0	14	0	0	19	6	0	0	0	0	0	0	0	0	1	0	0	0	0	0	3	2	0	2
757.800	0	13	2	0	0	0	0	18	9	0	0	0	0	12	0	0	19	5	0	0	0	0	0	0	0	0	0	0	0	0	0	2	6	5	0	3
758.000	0	11	1	0	0	0	0	12	3	0	0	0	0	12	0	0	15	6	0	0	0	0	0	0	0	0	0	0	0	0	0	2	8	4	0	3
758.200	0	17	1	0	0	0	0	20	5	0	0	0	0	5	0	0	17	6	0	0	0	0	0	0	0	0	0	0	0	0	0	3	4	4	0	1
758.400	0	16	2	0	0	0	0	22	10	0	0	0	0	7	0	0	17	7	0	0	0	0	0	0	0	0	0	0	0	0	0	2	3	3	0	0
758.600	0	34	1	0	0	0	0	14	10	0	0	0	0	12	1	0	18	1	0	0	0	0	0	0	0	0	0	0	0	0	0	4	4	3	0	2
758.800	0	33	1	0	0	0	0	20	11	0	0	0	0	12	1	0	21	5	0	0	0	0	0	0	0	0	2	0	0	0	0	4	5	2	0	0
759.000	0	35	1	0	0	0	0	17	9	0	0	0	0	3	0	0	18	3	0	0	0	0	0	0	0	0	3	0	0	0	0	0	4	3	0	0
759.200	0	22	2	0	0	0	0	15	10	0	0	0	0	4	1	0	14	6	0	0	0	0	0	0	0	0	0	0	0	0	0	3	6	2	0	1
759.400	0	8	3	0	0	0	0	13	8	0	0	0	0	6	1	0	26	7	0	0	0	0	0	0	0	0	0	0	0	0	0	0	3	3	0	0
759.600	0	22	1	0	0	0	0	15	8	0	0	0	0	6	0	0	14	3	0	0	0	0	0	0	0	0	0	0	0	0	0	0	4	5	0	0
759.800	0	32	1	0	0	0	0	22	9	0	0	0	0	8	0	0	18	3	0	0	0	0	0	0	0	0	0	0	0	0	0	3	3	2	0	1
760.000	0	24	2	0	0	0	0	15	12	0	0	0	0	1	0	0	19	5	0	0	0	0	0	0	0	0	0	0	0	0	0	5	3	1	0	0
760.200	0	16	2	0	0	0	0	15	13	0	0	0	0	3	0	0	20	2	0	0	0	0	0	0	0	0	0	0	0	0	0	3	5	2	0	2
760.400	0	19	3	0	0	0	0	18	10	0	0	0	0	4	0	0	27	4	0	0	0	0	0	0	0	0	0	0	0	0	0	3	3	3	0	2
760.600	0	17	4	0	0	0	0	22	12	0	0	0	0	9	0	0	18	2	0	0	0	0	0	0	0	0	0	0	0	0	0	0	3	2	0	1
760.800	0	25	1	0	0	0	0	20	10	0	0	0	0	8	0	0	21	4	0	0	0	0	0	0	0	0	0	0	0	0	0	2	6	3	0	0
761.000	0	30	0	0	0	0	0	18	12	0	0	0	0	11	0	0	22	7	0	0	0	0	0	0	0	0	0	0	0	0	0	3	7	2	0	0
761.200	0	31	0	0	0	0	0	13	10	0	0	0	0	12	0	0	16	5	0	0	0	0	0	0	0	0	0	0	0	0	0	1	3	2	0	0
761.400	0	23	2	0	0	0	0	12	12	0	0	0	0	10	0	0	24	10	0	0	0	0	0	0	0	0	0	0	0	0	0	5	5	2	0	2
761.600	0	31	1	0	0	0	0	16	10	0	0	0	0	7	0	0	21	0	0	0	0	0	0	0	0	0	0	0	0	0	0	3	6	3	0	1
761.800	0	21	0	0	0	0	0	15	10	0	0	0	0	3	1	0	17	4	0	0	0	0	0	0	0	0	0	0	0	0	0	0	3	3	0	2
762.000	0	28	0	0	0	0	0	15	8	0	0	0	0	4	0	0	17	4	0	0	0	0	0	0	0	0	0	0	0	0	0	4	6	2	0	3
762.200	0	29	1	0	0	0	0	25	11	0	0	0	0	14	0	0	15	4	0	0	0	0	0	0	0	0	0	0	0	0	0	3	2	1	0	2
762.400	0	31	1	0	0	0	0	27	10	0	0	0	0	10	0	0	23	2	0	0	0	0	0	0	0	0	0	0	0	0	0	3	5	2	0	2
762.600	0	29	2	0	0	0	0	29	12	0	0	0	0	4	1	0	23	4	0	0	0	0	0	0	0	0	0	0	0	0	0	4	5	2	0	2
762.800	0	30	1	0	0	0	0	20	12	0	0	0	0	8	0	0	31	3	0	0	0	0	0	0	0	0	0	0	0	0	0	2	2	1	0	2
763.000	0	22	2	0	0	0	0	21	8	0	0	0	0	7	0	0	17	1	0	0	0	0	0	0	0	0	0	0	0	0	0	2	5	1	0	2
763.200	0	37	1	0	0	0	0	18	11	0	0	0	0	10	0	0	17	1	0	0	0	0	0	0	0	0	0	0	0	0	0	2	6	5	0	1
763.400	0	27	2	0	0	0	0	18	9	0	0	0	0	3	0	0	22	3	0	0	0	0	0	0	0	0	0	0	0	0	0	3	5	2	0	2
763.600	0	27	2	0	0	0	0	20	8	0	0	0	0	3	0	0	11	2	0	0	0	0	0	0	0	0	0	0	0	0	0	4	3	4	0	2
763.800	0	22	2	0	0	0	0	21	7	0	0	0	0	6	0	0	21	3	0	0	0	0	0	0	0	0	0	0	0	0	0	0	4	3	0	2
764.000	0	34	2	0	0	0	0	23	9	0	0	0	0	13	0	0	22	9	0	0	0	0	0	0	0	0	0	0	0	0	0	0	4	5	0	2
764.200	0	32	2	0	0	0	0	30	11	0	0	0	0	13	0	0	24	7	0	0	0	0	0	0	0	0	0	0	0	0	0	0	7	6	0	2
764.400	0	28	1	0	0	0	0	17	11	0	0	0	0	13	0	0	26	8	0	0	0	0	0	0	0	0	0	0	0	0	0	2	5	5	0	4
764.600	0	29	1	0	0	0	0	20	11	0	0	0	0	16	1	0	24	4	0	0	0	0	0	0	0	0	0	0	0	0	0	0	3	5	0	0
764.800	0	19	1	0	0	0	0	21	10	0	0	0	0	12	0	0	17	9	0	0	0	0	0	0	0	0	0	0	0	0	0	3	3	5	0	0
765.000	0	39	2	0	0	0	0	17	9	0	0	0	0	12	0	0	15	9	0	0	0	0	0	0	0	0	0	0	0	0	0	2	3	3	0	0
765.200	0	29	0	0	0	0	0	14	6	0	0	0	0	12	1	0	16	3	0	0	0	0	0	0	0	0	0	0	0	0	0	2	4	6	0	0
765.400	0	38	1	0	0	0	0	21	11	0	0	0	0	13	0	0	22	9	0	0	0	0	0	0	0	0	0	0	0	0	0	2	4	2	0	0
765.600	0	36	2	0	0	0	0	18	12	0	0	0	0	11	0	0	19	2	0	0	0	0	0	0	0	0	0	0	0	0	0	3	4	3	0	0
765.800	0	27	1	0	0	0	0	22	11	0	0	0	0	8	0	0	15	3	0	0	0	0	0	0	0	0	0	0	0	0	0	2	3	4	0	0
766.000	0	18	0	0	0	0	0	20	7	0	0	0	0	12	0	0	17	7	0	0	0	0	0	0	0	0	0	0	0	0	0	2	2	1	0	0
766.200	0	23	2	0	0	0	0	16	10	0	0	0	0	5	0	0	16	2	0	0	0	0	0	0	0	0	0	0	0	0	0	3	5	5	1	2
766.400	0	25	2	0	0	0	0	11	11	0	0	0	0	10	0	0	17	2	0	0	0	0	0	0	0	0	0	0	0	0	0	4	7	2	0	2
766.600	0	29	2	0	0	0	0	19	12	0	0	0	0	13	0	0	16	3	0	0	0	0	0	0	0	0	0	0	0	0	0	2	8	4	0	2
766.800	0	22	2	0	0	0	0	17	11	0	0	0	0	11	0	0	16	2	0	0	0	0	0	0	0	0	0	0	0	0	0	2	5	3	0	2
767.000	0	26	2	0	0	0	0	19	9	0	0	0	0	12	0	0	14	1	0	0	0	0	0	0	0	0	0	0	0	0	0	1	3	1	0	2
767.200	0	26	3	2	0	0	0	20	12	0	0	0	0	11	0	0	17	2	0	0	0	0	0	0	0	0	0	0	0	0	0	4	7	2	0	4
767.400	0	18	0	3	0	0	0	15	11	0	0	0	0	5	0	0	17	2	0	0	0	0	0	0	0	0	0	0	0	0	0	2	6	2	0	0
767.600	0	9	5	6	0	0	0	25	12	0	0	0	0	4	0	0	15	0	0	0	0	0	0	0	0	0	0	0	0	0	0	3	6	6	1	1
767.800	0	26	4	5	0	0	0	15	7	0	0	0	0	6	0	0	11	1	0	0	0	0	0	0	0	0	0	0	0	0	0	0	5	7	0	1
768.000	0	29	3	10	0	0	0	17	10	0	0	0	0	9	0	0	17	1	0	0	0	0	0	0	0	0	0	0	0	0	0	0	4	3	0	1
768.200	0	21	5	10	0	0	0	20	7	0	0	0	0	5	0	0	19	2	0	0	0	0	0	0	0	0	0	0	0	0	0	4	5	3	0	1
768.400	0	33	7	13	0	0	0	18	11	0	0	0	0	3	0	0	18	1	0	0	0	0	0	0	0	0	0	0	0	0	0	0	5	4	0	1
768.600	0	17	7	12	0	0	0	20	8	0	0	0	0	4	0	0	17	0	0	0	0	0	0	0	0	0	0	0	0	0	0	0	3	2	0	3
768.800	0	28	8	13	0	0	0	17	8	0	0	0	0	5	0	0	17	0	0	0	0	0	0	0	0	0	0	0	0	0	0	0	5	2	0	0
769.000	0	25	5	16	0	0	0	23	11	0	0	0	0	8	1	0	15	0	0	0	0	0	0	0	0	0	0	0	0	0	0	0	2	4	0	1
769.200	0	24	8	12	0	0	0	17	12	0	0	0	0	10	0	0	17	0	0	0	0	0	0	0	0	0	0	0	0	0	0	4	8	5	0	5
769.400	0	27	6	9	0	0	0	21	13	0	0	0	0	7	0	0	18	0	0	0	0	0	0	0	0	0	0	0	0	0	0	3	2	5	0	0
769.600	0	24	9	15	0	0	0	25	12	0	0	0	0	8	0	0	19	0	0	0	0	0	0	0	0	0	0	0	0	0	0	2	6	2	0	2
769.800	0	27	7	8	0	0	0	17	10	0	0	0	0	13	1	0	13	0	0	0	0	0	0	0	0	0	0	0	0	0	0	5	3	2	0	1
770.000	0	24	6	17	0	0	0	17	13	0	0	0	0	4	1	0	20	0	0	0	0	0	0	0	0	0	0	0	0	0	0	2	4	2	0	0
770.200	0	20	7	11	0	0	0	16	9	0	0	0	0	4	0	0	20	0	0	0	0	0	0	0	0	0	0	0	0	0	0	5	5	1	0	1
770.400	0	20	9	11	0	0	0	21	11	0	0	0	0	11	0	0	15	0	0	0	0	0	0	0	0	0	0	0	0	0	0	2	4	2	0	3
770.600	0	25	5	11	0	0	0	18	11	0	0	0	0	9	0	0	14	1	0	0	0	0	0	0	0	0	0	0	0	0	0	0	1	3	0	0
770.800	0	30	4	11	0	0	0	20	11	0	0	0	0	7	0	0	22	0	0	0	0	0	0	0	0	0	0	0	0	0	0	0	3	2	0	0
771.000	0	13	9	12	0	0	0	11	10	0	0	0	0	8	0	0	22	0	0	0	0	0	0	0	0	0	0	0	0	0	0	3	4	4	0	1
771.200	0	28	10	8	0	0	0	16	11	0	0	0	0	12	0	0	25	0	0	0	0	0	0	0	0	0	0	0	0	0	0	0	3	2	0	1
771.400	0	12	5	7	0	0	0	17	10	0	0	0	0	11	0	0	15	3	0	0	0	0	0	0	0	0	0	0	0	0	0	1	3	4	0	1
771.600	0	19	11	17	0	0	0	19	11	0	0	0	0	9	0	0	18	0	0	0	0	0	0	0	0	0	0	0	0	0	0	0	5	5	0	1
771.800	0	12	7	11	0	0	0	16	12	0	0	0	0	8	1	0	13	0	0	0	0	0	0	0	0	0	0	0	0	0	0	1	4	5	0	3
772.000	0	23	8	14	0	1	0	12	12	0	0	0	0	4	1	0	16	0	0	0	0	0	0	0	0	0	0	0	0	0	0	3	7	3	0	5
772.200	0	18	5	16	0	0	0	24	12	0	0	0	0	7	0	0	16	1	0	0	0	0	0	0	0	0	0	0	0	0	0	3	5	4	0	3
772.400	0	21	9	15	0	0	0	14	13	0	0	0	0	4	0	0	12	0	0	0	0	0	0	0	0	0	0	0	0	0	0	6	7	3	0	0
772.600	0	37	5	18	0	0	0	12	12	0	0	0	0	8	0	0	14	0	0	0	0	0	0	0	0	0	0	0	0	0	0	5	3	3	0	0
772.800	0	26	9	18	0	0	0	19	14	0	0	0	0	6	0	0	10	0	0	0	0	0	0	0	0	0	0	0	0	0	0	2	1	3	0	0
773.000	0	26	5	10	0	0	0	17	11	0	0	0	0	8	0	0	16	0	0	0	0	0	0	0	0	0	0	0	0	0	0	3	3	2	0	1
773.200	0	25	7	9	0	0	0	21	12	0	0	0	0	5	0	0	12	0	0	0	0	0	0	0	0	0	0	0	0	0	0	3	3	1	0	0
773.400	0	27	3	8	0	0	0	14	10	0	0	0	0	12	0	0	11	0	0	0	0	0	0	0	0	0	0	0	0	0	0	3	3	2	0	0
773.600	0	28	4	8	0	0	0	15	13	0	0	0	0	5	0	0	11	0	0	0	0	0	0	0	0	0	0	0	0	0	0	3	1	3	0	1
773.800	0	27	5	12	0	0	0	14	10	0	0	0	0	10	0	0	15	0	0	0	0	0	0	0	0	0	0	0	0	0	0	2	3	2	0	1
774.000	0	29	6	12	0	0	0	11	10	0	0	0	0	12	1	0	17	0	0	0	0	0	0	0	0	0	0	0	0	0	0	3	3	2	0	0
774.200	0	16	8	14	0	0	0	17	13	0	0	0	0	5	0	0	15	0	0	0	0	0	0	0	0	0	0	0	0	0	0	2	3	2	0	0
774.400	0	25	5	11	0	0	0	12	14	0	0	0	0	10	0	0	17	0	0	0	0	0	0	0	0	0	0	0	0	0	0	2	4	2	0	1
774.600	0	32	9	20	0	0	0	20	11	0	0	0	0	5	0	0	20	0	0	0	0	0	0	0	0	0	0	0	0	0	0	2	6	3	0	0
774.800	0	29	3	7	0	0	0	19	14	0	0	0	0	8	0	0	21	0	0	0	0	0	0	0	0	0	0	0	0	0	0	3	5	4	0	0
775.000	0	31	4	15	0	0	0	27	15	0	0	0	0	2	0	0	17	0	0	0	0	0	0	0	0	0	0	0	0	0	0	4	5	1	0	5
775.200	0	23	3	17	0	0	0	15	11	0	0	0	0	9	0	0	18	0	0	0	0	0	0	0	0	0	0	0	0	0	0	3	4	1	0	0
775.400	0	18	4	16	0	0	0	18	10	0	0	0	0	6	0	0	12	0	0	0	0	0	0	0	0	0	0	0	0	0	0	2	4	1	0	0
775.600	0	31	7	14	0	0	0	19	13	0	0	0	0	7	0	0	16	0	0	0	0	0	0	0	0	0	0	0	0	0	0	2	5	3	0	0
775.800	0	28	3	11	0	0	0	18	11	0	0	0	0	7	0	0	19	0	0	0	0	0	0	0	0	0	0	0	0	0	0	3	5	2	0	2
776.000	0	11	4	11	0	0	0	23	13	0	0	0	0	9	0	0	17	0	0	0	0	0	0	0	0	0	0	0	0	0	0	1	3	2	0	0
776.200	0	30	3	16	0	0	0	20	11	0	0	0	0	7	0	0	21	0	0	0	0	0	0	0	0	0	0	0	0	0	0	3	3	2	0	0
776.400	0	21	7	13	0	0	0	18	7	0	0	0	0	10	0	0	20	0	0	0	0	0	0	0	0	0	0	0	0	0	0	4	2	5	0	1
776.600	0	26	5	15	0	0	0	17	8	0	0	0	0	6	0	0	19	0	0	0	0	0	0	0	0	0	0	0	0	0	0	4	7	3	0	1
776.800	0	24	8	12	0	0	0	22	10	0	0	0	0	6	0	0	18	0	0	0	0	0	0	0	0	0	0	0	0	0	0	5	5	5	0	0
777.000	0	28	4	11	0	0	0	18	9	0	0	0	0	4	0	0	12	0	0	0	0	0	0	0	0	0	0	0	0	0	0	4	5	5	0	0
777.200	0	39	3	21	0	0	0	16	12	0	0	0	0	5	0	0	11	0	0	0	0	0	0	0	0	0	0	0	0	0	0	2	4	1	0	0
777.400	0	35	6	10	0	0	0	15	10	0	0	0	0	7	0	0	18	0	0	0	0	0	0	0	0	0	0	0	0	0	0	3	4	2	0	0
777.600	0	29	4	14	0	0	0	14	12	0	0	0	0	9	0	0	15	0	0	0	0	0	0	0	0	0	0	0	0	0	0	5	5	5	0	0
777.800	0	25	6	13	0	0	0	16	10	0	0	0	0	5	1	0	15	0	0	0	0	0	0	0	0	0	0	0	0	0	0	2	2	2	0	1
778.000	0	31	6	7	0	0	0	11	9	0	0	0	0	4	0	0	12	0	0	0	0	0	0	0	0	0	0	0	0	0	0	1	4	4	0	0
778.200	0	25	8	16	0	0	0	16	11	0	0	0	0	6	0	0	11	0	0	0	0	0	0	0	0	0	0	0	0	0	0	6	5	3	0	0
778.400	0	29	4	9	0	0	0	18	10	0	0	0	0	12	0	0	17	0	0	0	0	0	0	0	0	0	0	0	0	0	0	3	1	1	0	0
778.600	0	28	6	10	0	0	0	17	12	0	0	0	0	9	0	0	10	0	0	0	0	0	0	0	0	0	0	0	0	0	0	4	4	4	0	0
778.800	0	33	5	13	0	0	0	22	9	0	0	0	0	10	0	0	14	0	0	0	0	0	0	0	0	0	0	0	0	0	0	3	6	2	0	0
779.000	0	25	7	10	0	0	0	20	7	0	0	0	0	12	0	0	9	0	0	0	0	0	0	0	0	0	0	0	0	0	0	3	2	5	0	0
779.200	0	34	7	9	0	0	0	12	9	0	0	0	0	4	0	0	12	6	0	0	0	0	0	0	0	0	0	0	0	0	0	3	4	5	0	0
779.400	1	15	5	13	0	0	0	22	7	0	0	0	0	8	0	0	12	6	0	0	0	0	0	0	0	0	0	0	0	0	0	2	5	4	0	0
779.600	0	24	5	12	0	0	0	18	8	0	0	0	0	15	0	0	7	1	0	0	0	0	0	0	0	0	0	0	0	0	0	1	3	2	0	0
779.800	0	21	3	10	0	0	0	16	6	0	0	0	0	9	0	0	21	5	0	0	0	0	0	0	0	0	0	0	0	0	0	2	3	2	0	0
780.000	0	25	5	15	0	0	0	10	7	0	0	0	0	7	0	0	13	1	0	0	0	0	0	0	0	0	0	0	0	0	0	3	3	5	0	0
780.200	0	42	5	9	0	0	0	16	8	0	0	0	0	9	0	0	20	6	0	0	0	0	0	0	0	0	0	0	0	0	0	1	3	4	0	0
780.400	0	30	8	8	0	0	0	19	7	0	0	0	0	10	0	0	21	0	0	0	0	0	0	0	0	0	0	0	0	0	0	2	4	3	0	0
780.600	0	36	8	9	0	0	0	15	10	0	0	0	0	9	0	0	13	4	0	0	0	0	0	0	0	0	0	0	0	0	0	2	3	1	0	0
780.800	0	30	4	12	0	1	0	17	6	0	0	0	0	6	0	0	15	1	0	0	0	0	0	0	0	0	0	0	0	0	0	2	8	4	0	0
781.000	0	19	5	16	0	0	0	8	5	0	0	0	0	7	0	0	19	7	0	0	0	0	0	0	0	0	0	0	0	0	0	2	7	2	0	0
781.200	0	18	6	12	0	0	0	12	9	0	0	0	0	9	1	0	22	2	0	0	0	0	0	0	0	0	0	0	0	0	0	2	3	2	0	0
781.400	0	19	6	12	0	0	0	12	6	0	0	0	2	8	0	0	17	0	0	0	0	0	0	0	0	0	0	0	0	0	0	3	5	3	0	0
781.600	0	31	7	10	0	0	0	15	7	0	0	0	1	10	0	0	22	0	0	0	0	0	0	0	0	0	0	0	0	0	0	2	4	3	0	0
781.800	0	35	8	8	0	0	0	17	5	0	0	0	0	3	0	0	21	0	0	0	0	0	0	0	0	0	0	0	0	0	0	1	4	4	0	0
782.000	0	23	5	7	0	1	0	21	6	0	0	0	0	8	0	0	13	0	0	0	0	0	0	0	0	0	0	0	0	0	0	5	5	5	0	0
782.200	0	25	7	17	0	0	0	18	11	0	0	0	0	4	0	0	16	1	0	0	0	0	0	0	0	0	0	0	0	0	0	3	3	4	0	0
782.400	0	23	6	12	0	0	0	22	5	0	0	0	1	14	1	0	16	3	0	0	0	0	0	0	0	0	0	0	0	0	0	3	3	2	0	0
782.600	0	24	6	11	0	0	0	13	5	0	0	0	0	6	0	0	20	6	0	0	0	0	0	0	0	0	0	0	0	0	0	2	6	2	0	0
782.800	0	29	8	16	0	2	0	13	6	0	0	0	1	11	0	0	10	8	0	0	0	0	0	0	0	0	0	0	0	0	0	1	3	3	0	0
783.000	0	31	3	10	0	1	0	14	5	0	0	0	1	11	0	0	11	10	0	0	0	0	0	0	0	0	0	0	0	0	0	3	3	5	1	0
783.200	0	31	9	9	0	2	0	18	10	0	0	0	0	2	0	0	8	8	0	0	0	0	0	0	0	0	0	0	0	0	0	3	3	2	0	0
783.400	0	28	5	8	0	1	0	12	5	0	0	0	0	5	0	0	12	9	0	0	0	0	0	0	0	0	0	0	0	0	0	2	2	1	0	0
783.600	0	34	8	11	0	0	0	20	7	0	0	0	0	13	0	0	18	9	0	0	0	0	0	0	0	0	0	0	0	0	0	3	5	3	0	0
783.800	0	19	5	14	0	0	0	21	6	0	0	0	0	10	0	0	16	10	0	0	0	0	0	0	0	0	0	0	0	0	0	3	4	3	0	0
784.000	0	29	6	11	0	0	0	12	4	0	0	0	0	2	0	0	17	6	0	0	0	0	0	0	0	0	0	0	0	0	0	3	3	5	0	0
784.200	0	41	6	19	0	0	0	24	6	0	0	0	0	7	0	0	12	4	0	0	0	0	0	0	0	0	0	0	0	0	0	3	6	7	1	0
784.400	0	37	5	15	0	0	0	21	9	0	0	0	0	4	0	0	19	2	0	0	0	0	0	0	0	0	0	0	0	0	0	7	4	4	1	0
784.600	0	17	4	15	0	0	0	12	6	0	0	0	0	6	0	0	13	8	0	0	0	0	0	0	0	0	0	0	0	0	0	0	3	5	0	0
784.800	0	18	4	16	0	0	0	8	9	0	0	0	0	0	1	0	12	9	0	0	0	0	0	0	0	0	0	0	0	0	0	1	8	4	0	0
785.000	0	20	6	10	0	0	0	17	7	0	0	0	0	3	0	0	12	4	0	0	0	0	0	0	0	0	0	0	0	0	0	0	5	4	0	0
785.200	0	29	4	10	0	0	0	18	8	0	0	0	0	2	0	0	13	4	0	0	0	0	0	0	0	0	0	0	0	0	0	1	0	3	0	0
785.400	0	24	5	7	0	0	0	20	7	0	0	0	0	5	0	0	15	5	0	0	0	0	0	0	0	0	0	0	0	0	0	2	6	4	0	0
785.600	0	32	8	13	0	0	0	16	10	0	0	0	0	8	0	0	12	0	0	0	0	0	0	0	0	0	0	0	0	0	0	0	5	2	0	0
785.800	0	25	8	13	0	0	0	23	11	0	0	0	0	4	0	0	12	0	0	0	0	0	0	0	0	0	0	0	0	0	0	2	4	1	0	0
786.000	0	12	6	13	0	0	0	20	9	0	0	0	0	5	0	0	14	0	0	0	0	0	0	0	0	0	0	0	0	0	0	2	9	4	0	0
786.200	0	23	5	10	0	0	0	26	9	0	0	0	2	12	0	0	13	0	0	0	0	0	0	0	0	0	0	0	0	0	0	1	3	2	0	0
786.400	0	26	6	13	0	1	0	18	11	0	0	0	2	7	0	0	14	0	0	0	0	0	0	0	0	0	0	0	0	0	0	2	3	2	0	0
786.600	0	8	4	14	0	0	0	14	8	0	0	0	0	7	1	0	11	0	0	0	0	0	0	0	0	0	0	0	0	0	0	3	7	3	0	0
786.800	0	27	4	13	0	0	0	14	4	0	0	0	2	14	0	0	10	0	0	0	0	0	0	0	0	0	0	0	0	0	0	1	3	4	0	0
787.000	0	22	7	11	0	0	0	20	11	0	0	0	0	7	0	0	13	0	0	0	0	0	0	0	0	0	0	0	0	0	0	4	3	5	0	1
787.200	0	27	5	7	0	0	0	12	12	0	0	0	0	5	0	0	17	0	0	0	0	0	0	0	0	0	0	0	0	0	0	4	4	3	0	0
787.400	0	27	7	14	0	0	0	17	11	0	0	0	0	5	0	0	12	0	0	0	0	0	0	0	0	0	0	0	0	0	0	3	6	2	0	0
787.600	0	26	5	11	0	0	0	19	10	0	0	0	0	8	0	0	8	0	0	0	0	0	0	0	0	0	0	0	0	0	0	1	4	4	0	0
787.800	0	17	9	13	0	0	0	16	12	0	0	0	0	6	0	0	18	0	0	0	0	0	0	0	0	0	0	0	0	0	0	2	4	2	0	0
788.000	0	20	9	9	0	0	0	19	12	0	0	0	0	10	0	0	16	0	0	0	0	0	0	0	0	0	0	0	0	0	0	1	4	2	0	0
788.200	0	14	7	8	0	0	0	18	11	0	0	0	0	10	0	0	15	0	0	0	0	0	0	0	0	0	0	0	0	0	0	1	3	2	0	0
788.400	0	21	7	9	0	0	0	21	11	0	0	0	0	10	0	0	11	0	0	0	0	0	0	0	0	0	0	0	0	0	0	4	6	3	0	1
788.600	0	19	4	13	0	0	0	18	5	0	0	0	0	7	0	0	14	0	0	0	0	0	0	0	0	0	0	0	0	0	0	1	3	2	0	1
788.800	0	32	8	5	0	0	0	20	9	0	0	0	0	7	0	0	13	0	0	0	0	0	0	0	0	0	0	0	0	0	0	3	5	3	0	3
789.000	0	22	6	7	0	0	0	13	7	0	0	0	0	9	0	0	15	0	0	0	0	0	0	0	0	0	0	0	0	0	0	0	4	2	0	2
789.200	0	25	9	11	0	2	0	15	10	0	0	0	0	5	0	0	16	0	0	0	0	0	0	0	0	0	0	0	0	0	0	3	5	2	0	1
789.400	0	30	6	4	0	0	0	19	11	0	0	0	0	14	0	0	18	0	0	0	0	0	0	0	0	0	0	0	0	0	0	4	1	2	0	1
789.600	0	22	8	17	0	0	0	19	11	0	0	0	0	5	0	0	15	0	0	0	0	0	0	0	0	0	0	0	0	0	0	4	7	1	0	2
789.800	0	29	6	16	0	0	0	13	7	0	0	0	0	2	0	0	14	0	0	0	0	0	0	0	0	0	0	0	0	0	0	4	3	2	0	3
790.000	0	33	6	16	0	1	0	10	9	0	0	0	0	8	0	0	13	0	0	0	0	0	0	0	0	0	0	0	0	0	0	2	4	2	0	1
790.200	0	22	5	14	0	0	0	13	4	0	0	0	0	14	0	0	10	2	0	0	0	0	0	0	0	0	0	0	0	0	0	4	6	1	0	6
790.400	0	22	11	18	0	2	0	23	4	0	0	0	0	4	1	0	10	0	0	0	0	0	0	0	0	0	0	0	0	0	0	3	6	2	0	2
790.600	0	28	8	19	0	0	0	21	8	0	0	0	0	8	0	0	15	4	0	0	0	0	0	0	0	0	0	0	0	0	0	4	4	2	0	1
790.800	0	23	7	16	0	0	0	22	6	0	0	0	0	9	0	0	16	4	0	0	0	0	0	0	0	0	0	0	0	0	0	5	5	5	0	6
791.000	0	32	5	16	0	0	0	23	12	0	0	0	0	15	0	0	10	5	0	0	0	0	0	0	0	0	0	0	0	0	0	1	5	8	1	1
791.200	0	26	7	19	0	0	0	13	10	0	0	0	0	11	0	0	11	4	0	0	0	0	0	0	0	0	0	0	0	0	0	4	3	3	0	3
791.400	0	27	6	19	0	1	0	15	14	0	0	0	0	5	0	0	11	4	0	0	0	0	0	0	0	0	0	0	0	0	0	1	3	2	0	4
791.600	0	30	6	20	0	1	0	9	11	0	0	0	0	3	1	0	10	3	0	0	0	0	0	0	0	0	0	0	0	0	0	5	6	2	0	2
791.800	0	22	7	21	0	0	0	23	12	0	0	0	0	7	0	0	11	5	0	0	0	0	0	0	0	0	0	0	0	0	0	5	3	2	0	1
792.000	0	15	6	18	0	1	0	20	11	0	0	0	0	10	0	0	14	1	0	0	0	0	0	0	0	0	0	0	0	0	0	4	3	1	0	3
792.200	0	34	5	19	0	0	0	16	14	0	0	0	0	10	0	0	14	8	0	0	0	0	0	0	0	0	0	0	0	0	0	4	4	5	0	1
792.400	0	29	4	20	0	0	0	23	8	0	0	0	0	6	1	0	13	8	0	0	0	0	0	0	0	0	0	0	0	0	0	1	3	4	0	0
792.600	0	23	8	17	0	0	0	21	10	0	0	0	0	2	0	0	15	9	0	0	0	0	0	0	0	0	0	0	0	0	0	1	3	5	0	0
792.800	0	25	7	17	0	0	0	20	12	0	0	0	0	8	0	0	15	8	0	0	0	0	0	0	0	0	0	0	0	0	0	2	1	3	0	0
793.000	0	29	7	20	0	0	0	23	11	0	0	0	0	9	0	0	15	0	0	0	0	0	0	0	0	0	0	0	0	0	0	1	6	3	0	0
793.200	0	26	9	23	0	0	0	22	12	0	0	0	0	9	0	0	23	2	0	0	0	0	0	0	0	0	0	0	0	0	0	0	3	5	0	0
793.400	0	31	6	19	0	0	0	21	7	0	0	0	0	10	1	0	23	3	0	0	0	0	0	0	0	0	0	0	0	0	0	0	4	3	0	1
793.600	0	13	5	22	0	0	0	18	12	0	0	0	0	11	0	0	19	5	0	0	0	0	0	0	0	0	0	0	0	0	0	2	8	3	0	4
793.800	0	30	6	23	0	0	0	18	8	0	0	0	0	11	0	0	15	2	0	0	0	0	0	0	0	0	0	0	0	0	0	3	5	3	0	2
794.000	0	18	6	22	0	0	0	16	10	0	0	0	0	11	0	0	18	3	0	0	0	0	0	0	0	0	0	0	0	0	0	2	1	1	0	1
794.200	0	22	8	16	0	1	0	19	12	0	0	0	0	8	0	0	17	1	0	0	0	0	0	0	0	0	0	0	0	0	0	4	9	1	0	4
794.400	0	14	4	12	0	0	0	25	9	0	0	0	0	13	0	0	23	4	0	0	0	0	0	0	0	0	0	0	0	0	0	3	5	3	0	6
794.600	0	15	6	15	0	2	0	20	12	0	0	0	0	11	0	0	19	9	0	0	0	0	0	0	0	0	0	0	0	0	0	0	2	1	0	1
794.800	0	22	9	19	0	0	0	19	10	0	0	0	0	10	1	0	13	5	0	0	0	0	0	0	0	0	0	0	0	0	0	1	4	5	0	0
795.000	0	25	5	17	0	0	0	21	11	0	0	0	0	9	0	0	15	2	0	0	0	0	0	0	0	0	0	0	0	0	0	3	5	5	0	4
795.200	0	17	4	18	0	1	0	18	13	0	0	0	0	10	0	0	16	0	0	0	0	0	0	0	0	0	0	0	0	0	0	1	5	5	0	0
795.400	0	16	7	20	0	2	0	15	12	0	0	0	0	3	0	0	16	0	0	0	0	0	0	0	0	0	0	0	0	0	0	4	3	2	0	0
795.600	0	21	5	21	0	1	0	10	12	0	0	0	0	8	0	0	12	0	0	0	0	0	0	0	0	0	0	0	0	0	0	4	5	3	0	0
795.800	0	27	9	26	0	1	0	14	10	0	0	0	0	7	1	0	13	0	0	0	0	0	0	0	0	0	0	0	0	0	0	3	5	3	0	1
796.000	1	30	7	19	0	1	0	8	12	0	0	0	0	6	0	0	13	0	0	0	0	0	0	0	0	0	0	0	0	0	0	4	8	2	0	6
796.200	1	10	7	16	0	0	0	14	7	0	0	0	0	7	0	0	19	0	0	0	0	0	0	0	0	0	0	0	0	0	0	1	7	3	0	3
796.400	0	30	9	14	0	0	0	19	12	0	0	0	0	4	0	0	12	0	0	0	0	0	0	0	0	0	0	0	0	0	0	6	6	2	0	2
796.600	0	22	9	19	0	0	0	20	8	0	0	0	0	8	0	0	15	0	0	0	0	0	0	0	0	0	0	0	0	0	0	0	5	4	0	0
796.800	0	19	7	24	0	0	0	17	11	0	0	0	0	9	0	0	14	3	0	0	0	0	0	0	0	0	0	0	0	0	0	3	4	2	0	0
797.000	0	38	6	17	0	0	0	22	10	0	0	0	0	12	0	0	11	1	0	0	0	0	0	0	0	0	0	0	0	0	0	1	7	5	0	1
797.200	0	24	9	22	0	0	0	23	12	0	0	0	0	11	0	0	15	6	0	0	0	0	0	0	0	0	0	0	0	0	0	1	3	3	0	2
797.400	0	15	9	19	0	0	0	19	11	0	0	0	0	11	0	0	14	2	0	0	0	0	0	0	0	0	0	0	0	0	0	1	5	5	0	3
797.600	0	13	6	20	0	0	0	24	9	0	0	0	0	12	0	0	11	3	0	0	0	0	0	0	0	0	0	0	0	0	0	3	5	5	0	0
797.800	0	27	5	16	0	0	0	23	12	0	0	0	0	10	0	0	17	0	0	0	0	0	0	0	0	0	0	0	0	0	0	1	6	4	0	2
798.000	0	22	5	18	0	0	0	21	9	0	0	0	0	12	0	0	15	7	0	0	0	0	0	0	0	0	0	0	0	0	0	0	8	5	0	1
798.200	0	23	10	15	0	0	0	12	9	0	0	0	0	6	0	0	17	9	0	0	0	0	0	0	0	0	0	0	0	0	0	3	2	7	0	2
798.400	0	20	7	21	0	0	0	23	11	0	0	0	0	4	0	0	13	7	0	0	0	0	0	0	0	0	0	0	0	0	0	0	6	6	0	2
798.600	0	21	7	15	0	0	0	21	10	0	0	0	0	7	0	0	21	7	0	0	0	0	0	0	0	0	0	0	0	0	0	3	6	2	0	0
798.800	0	26	7	23	0	0	0	26	12	0	0	0	0	14	0	0	21	4	0	0	0	0	0	0	0	0	0	0	0	0	0	1	4	2	0	0
799.000	0	13	7	11	0	0	0	21	11	0	0	0	0	11	0	0	17	8	0	0	0	0	0	0	0	0	0	0	0	0	0	2	7	3	0	0
799.200	0	12	5	13	0	0	0	21	12	0	0	0	0	10	0	0	22	10	0	0	0	0	0	0	0	0	0	0	0	0	0	2	8	3	0	0
799.400	0	15	8	18	0	0	0	20	11	0	0	0	0	7	0	0	21	2	0	0	0	0	0	0	0	0	0	0	0	0	0	4	4	3	0	0
799.600	0	32	10	15	0	0	0	19	12	0	0	0	0	5	0	0	12	9	0	0	0	0	0	0	0	0	0	0	0	0	0	1	6	3	0	2
799.800	0	30	7	16	0	0	0	14	7	0	0	0	0	10	0	0	16	1	0	0	0	0	0	0	0	0	0	0	0	0	0	2	5	1	0	0
800.000	0	8	6	20	0	0	0	14	12	0	0	0	0	10	0	0	18	10	0	0	0	0	0	0	0	0	0	0	0	0	0	1	3	2	0	0
800.200	0	22	5	20	0	0	0	23	12	0	0	0	0	4	0	0	23	6	0	0	0	0	0	0	0	0	0	0	0	0	0	0	3	2	0	0
800.400	0	13	9	22	0	0	0	20	12	0	0	0	0	11	0	0	15	0	0	0	0	0	0	0	0	0	0	0	0	0	0	4	4	2	0	0
800.600	0	17	5	18	0	0	0	24	12	0	0	0	0	12	0	0	24	0	0	0	0	0	0	0	0	0	0	0	0	0	0	1	6	5	0	0
800.800	0	21	6	19	0	0	0	20	12	0	0	0	0	4	0	0	26	0	0	0	0	0	0	0	0	0	0	0	0	0	0	0	3	6	0	2
801.000	0	18	6	19	0	0	0	26	12	0	0	0	0	13	0	0	18	1	0	0	0	0	0	0	0	0	0	0	0	0	0	0	4	4	0	0
801.200	0	15	7	18	0	0	0	15	11	0	0	0	0	9	0	0	18	5	0	0	0	0	0	0	0	0	0	0	0	0	0	0	1	3	0	0
801.400	0	13	9	14	0	2	0	22	11	0	0	0	0	6	0	0	17	5	0	0	0	0	0	0	0	0	0	0	0	0	0	5	5	2	0	0
801.600	0	23	4	15	0	0	0	23	13	0	0	0	0	11	0	0	17	2	0	0	0	0	0	0	0	0	0	0	0	0	0	2	7	2	0	0
801.800	0	11	3	20	0	3	0	19	11	0	0	0	0	8	1	0	17	2	0	0	0	0	0	0	0	0	0	0	0	0	0	0	3	1	0	0
802.000	0	7	6	23	0	2	0	21	9	0	0	0	0	11	0	0	13	0	0	0	0	0	0	0	0	0	0	0	0	0	0	5	8	1	0	1
802.200	0	28	6	15	0	1	0	22	11	0	0	0	0	8	0	0	24	2	0	0	0	0	0	0	0	0	0	0	0	0	0	2	3	2	0	0
802.400	0	27	11	18	0	1	0	23	9	0	0	0	0	5	0	0	10	1	0	0	0	0	0	0	0	0	0	0	0	0	0	1	3	1	0	0
802.600	0	32	9	15	0	1	0	24	8	0	0	0	0	5	0	0	12	0	0	0	0	0	0	0	0	0	0	0	0	0	0	3	3	1	0	1
802.800	0	24	8	14	0	1	0	17	9	0	0	0	0	7	0	0	12	0	0	0	0	0	0	0	0	0	0	0	0	0	0	0	4	4	0	0
803.000	0	11	5	13	0	1	0	24	5	0	0	0	0	7	0	0	12	1	0	0	0	0	0	0	0	0	0	0	0	0	0	2	7	2	0	1
803.200	0	17	9	21	0	0	0	20	9	0	0	0	0	7	0	0	15	0	0	0	0	0	0	0	0	0	0	0	0	0	0	2	5	2	0	1
803.400	0	8	6	13	0	0	0	19	8	0	0	0	0	8	0	0	12	0	0	0	0	0	0	0	0	0	0	0	0	0	0	3	6	4	0	2
803.600	0	13	5	18	0	0	0	28	9	0	0	0	0	7	0	0	14	0	0	0	0	0	0	0	0	0	0	0	0	0	0	5	5	3	0	0
803.800	0	12	6	12	0	0	0	18	4	0	0	0	0	11	0	0	13	0	0	0	0	0	0	0	0	0	0	0	0	0	0	2	4	4	0	1
804.000	0	31	8	18	0	0	0	22	3	0	0	0	0	11	0	0	12	0	0	0	0	0	0	0	0	0	0	0	0	0	0	1	5	2	0	1
804.200	0	24	6	13	0	1	0	25	7	0	0	0	0	6	0	0	13	0	0	0	0	0	0	0	0	0	0	0	0	0	0	2	4	3	0	0
804.400	0	19	5	9	0	1	0	19	3	0	0	0	0	14	0	0	13	0	0	0	0	0	0	0	0	0	0	0	0	0	0	1	4	2	0	2
804.600	0	14	5	19	0	0	0	27	9	0	0	0	2	11	0	0	17	0	0	0	0	0	0	0	0	0	0	0	0	0	0	1	3	4	0	1
804.800	0	18	8	17	0	1	0	20	2	0	0	0	5	10	0	0	12	0	0	0	0	0	0	0	0	0	0	0	0	0	0	0	3	5	0	0
805.000	0	26	7	19	0	0	0	20	4	0	0	0	2	10	0	0	13	0	0	0	0	0	0	0	0	0	0	0	0	0	0	4	9	5	0	4
805.200	0	32	9	17	0	0	0	23	4	0	0	0	0	9	0	0	13	0	0	0	0	0	0	0	0	0	0	0	0	0	0	4	6	2	0	5
805.400	0	23	6	16	0	0	0	20	4	0	0	0	2	8	0	0	17	0	0	0	0	0	0	0	0	0	0	0	0	0	0	4	7	5	0	4
805.600	0	22	7	17	0	0	0	22	12	0	0	0	2	15	0	0	13	0	0	0	0	0	0	0	0	0	0	0	0	0	0	5	8	2	0	4
805.800	0	13	9	15	0	1	0	15	12	0	0	0	2	12	0	0	14	0	0	0	0	0	0	0	0	0	0	0	0	0	0	2	7	1	0	5
806.000	0	15	8	16	0	1	0	23	12	0	0	0	2	15	0	0	17	0	0	0	0	0	0	0	0	0	0	0	0	0	0	4	4	1	0	4
806.200	0	25	5	14	0	0	0	21	12	0	0	0	2	14	0	0	12	0	0	0	0	0	0	0	0	0	0	0	0	0	0	5	5	3	0	9
806.400	0	17	5	14	0	0	0	21	11	0	0	0	2	21	0	0	13	0	0	0	0	0	0	0	0	0	0	0	0	0	0	1	3	3	0	2
806.600	0	13	6	13	0	1	0	23	8	0	0	0	2	11	0	0	16	1	0	0	0	0	0	0	0	0	0	0	0	0	0	2	4	2	0	7
806.800	0	25	4	16	0	0	0	17	12	0	0	0	2	19	0	0	16	5	0	0	0	0	0	0	0	0	0	0	0	0	0	2	2	5	0	9
807.000	0	38	2	15	0	1	0	16	11	0	0	0	2	12	0	0	12	5	0	0	0	0	0	0	0	0	0	0	0	0	0	4	7	2	0	9
807.200	0	18	9	15	0	0	0	16	10	0	0	0	2	17	0	0	13	3	0	0	0	0	0	0	0	0	0	0	0	0	0	0	4	5	0	5
807.400	0	23	5	18	0	0	0	17	8	0	0	0	2	15	0	0	16	6	0	0	0	0	0	0	0	0	0	0	0	0	0	3	6	4	0	6
807.600	0	22	9	18	0	0	0	17	11	0	0	0	2	12	0	0	22	3	0	0	0	0	0	0	0	0	0	0	0	0	0	3	0	2	0	5
807.800	0	17	6	16	0	1	0	18	12	0	0	0	2	10	0	0	21	2	0	0	0	0	0	0	0	0	0	0	0	0	0	2	2	2	0	2
808.000	0	14	7	17	0	1	0	17	11	0	0	0	3	10	0	0	22	2	0	0	0	0	0	0	0	0	0	0	0	0	0	2	6	5	0	4
808.200	0	23	8	21	0	0	0	12	14	0	0	0	2	11	0	0	19	4	0	0	0	0	0	0	0	0	0	0	0	0	0	1	5	2	0	3
808.400	0	21	6	15	0	1	0	22	10	0	0	0	1	4	0	0	16	2	0	0	0	0	0	0	0	0	0	0	0	0	0	2	3	2	0	5
808.600	0	24	8	16	0	3	0	18	9	0	0	0	1	12	0	0	17	8	0	0	0	0	0	0	0	0	0	0	0	0	1	3	5	4	0	7
808.800	0	21	3	18	0	2	0	18	10	0	0	0	0	9	0	0	17	6	0	0	0	0	0	0	0	0	0	0	0	0	0	2	6	4	0	5
809.000	0	30	5	16	0	0	0	23	11	0	0	0	2	10	0	0	16	1	0	0	0	0	0	0	0	0	0	0	0	0	1	5	4	5	0	3
809.200	0	23	11	18	0	0	0	9	7	0	0	0	2	12	0	0	15	2	0	0	0	0	0	0	0	0	0	0	0	0	1	2	3	4	0	6
809.400	0	26	6	21	0	0	0	22	12	0	0	0	2	11	0	0	17	6	0	0	0	0	0	0	0	0	0	0	0	0	0	2	3	3	0	6
809.600	0	13	7	19	0	0	0	19	11	0	0	0	2	12	0	0	16	3	0	0	0	0	0	0	0	0	0	0	0	0	0	1	1	4	0	5
809.800	0	31	7	18	0	0	0	20	8	0	0	0	2	11	0	0	15	4	0	0	0	0	0	0	0	0	0	0	0	0	4	2	2	4	0	9
810.000	0	22	3	16	0	0	0	15	9	0	0	0	5	13	0	0	18	7	0	0	0	0	0	0	0	0	0	0	0	0	1	0	3	5	0	12
810.200	0	26	8	20	0	0	0	16	10	0	0	0	2	13	0	0	15	5	0	0	0	0	0	0	0	0	0	0	0	0	4	2	4	2	0	11
810.400	0	33	6	15	0	0	0	19	11	0	0	0	2	14	0	0	19	2	0	0	0	0	0	0	0	0	0	0	0	0	2	2	1	3	0	9
810.600	0	29	4	17	0	0	0	22	9	0	0	0	2	12	0	0	9	5	0	0	0	0	0	0	0	0	0	0	0	0	4	5	4	3	0	12
810.800	0	28	5	24	0	0	0	25	9	0	0	0	2	8	0	0	18	2	0	0	0	0	0	0	0	0	0	0	0	0	1	1	3	5	0	7
811.000	0	22	7	20	0	0	0	22	10	0	0	0	0	6	0	0	9	0	0	0	0	0	0	0	0	0	0	0	0	0	0	2	4	4	0	8
811.200	0	27	9	16	0	0	0	17	8	0	0	0	0	2	0	0	9	7	0	0	0	0	0	0	0	0	0	0	0	0	0	2	6	5	0	7
811.400	0	31	6	17	0	0	0	20	8	0	0	0	2	6	0	0	8	6	0	0	0	0	0	0	0	0	0	0	0	0	0	0	5	2	0	7
811.600	0	22	8	16	0	0	0	14	6	0	0	0	2	10	0	0	16	4	0	0	0	0	0	0	0	0	0	0	0	0	0	0	3	2	0	7
811.800	0	30	6	12	0	0	0	22	7	0	0	0	2	10	0	0	14	7	0	0	0	0	0	0	0	0	0	0	0	0	4	0	4	2	0	7
812.000	0	26	3	17	0	1	0	24	3	0	0	0	2	9	1	0	12	0	0	0	0	0	0	0	0	0	0	0	0	0	0	5	3	4	0	8
812.200	0	17	8	21	0	0	0	22	9	0	0	0	2	8	0	0	15	3	0	0	0	0	0	0	0	0	0	0	0	0	0	5	4	3	0	6
812.400	0	14	8	13	0	1	0	20	8	0	0	0	5	10	0	0	15	4	0	0	0	0	0	0	0	0	0	0	0	0	0	3	3	5	0	3
812.600	0	19	7	12	0	2	0	15	7	0	0	0	2	12	0	0	24	4	0	0	0	0	0	0	0	0	0	0	0	0	2	3	4	1	0	6
812.800	0	24	7	15	0	0	0	17	6	0	0	0	2	12	0	0	20	3	0	0	0	0	0	0	0	0	0	0	0	0	4	4	1	4	0	8
813.000	0	37	6	19	0	1	0	24	7	0	0	0	2	12	0	0	18	5	0	0	0	0	0	0	0	0	0	0	0	0	4	4	2	5	0	7
813.200	0	24	6	14	0	1	0	28	6	0	0	0	4	15	0	0	22	11	0	0	0	0	0	0	0	0	0	0	0	0	5	3	3	4	0	7
813.400	0	24	6	19	0	1	0	20	8	0	0	0	2	11	0	0	20	6	0	0	0	0	0	0	0	0	0	0	0	0	3	5	3	5	0	6
813.600	0	24	7	19	0	0	0	20	5	0	0	0	4	7	1	0	22	0	0	0	0	0	0	0	0	0	0	0	0	0	2	4	4	3	0	6
813.800	0	27	5	20	0	0	0	23	6	0	0	0	2	5	0	0	20	6	0	0	0	0	0	0	0	0	0	0	0	0	0	4	1	3	0	7
814.000	0	36	3	18	0	1	0	26	4	0	0	0	1	3	0	0	16	10	0	0	0	0	0	0	0	0	0	0	0	0	1	4	6	5	0	7
814.200	0	32	7	18	0	0	0	25	2	0	0	0	5	5	1	0	21	7	0	0	0	0	0	0	0	0	0	0	0	0	0	4	5	3	0	6
814.400	0	32	8	22	0	1	0	17	2	0	0	0	4	4	1	0	20	8	0	0	0	0	0	0	0	0	0	0	0	0	0	4	2	4	0	6
814.600	1	33	4	13	0	0	0	22	3	0	0	0	4	10	0	0	24	10	0	0	0	0	0	0	0	0	0	0	0	0	0	3	3	4	0	10
814.800	0	25	6	19	0	1	0	17	5	0	0	0	2	11	0	0	19	7	0	0	0	0	0	0	0	0	0	0	0	0	0	5	1	3	0	8
815.000	0	32	6	20	0	1	0	21	5	0	0	0	3	13	0	0	19	9	0	0	0	0	0	0	0	0	0	0	0	0	0	0	4	5	0	5
815.200	0	36	8	23	0	1	0	22	1	0	0	0	5	14	0	0	14	9	0	0	0	0	0	0	0	0	0	0	0	0	1	2	4	3	0	6
815.400	0	29	7	17	0	0	0	24	4	0	0	0	4	15	0	0	16	7	0	0	0	0	0	0	0	0	0	0	0	0	0	2	3	3	0	4
815.600	0	19	6	21	0	2	0	20	7	0	0	0	2	10	0	0	18	6	0	0	0	0	0	0	0	0	0	0	0	0	0	3	3	3	0	12
815.800	0	28	5	19	0	1	0	17	2	0	0	0	3	15	0	0	19	8	0	0	0	0	0	0	0	0	0	0	0	0	0	4	3	2	0	9
816.000	0	17	4	18	0	0	0	19	5	0	0	0	5	14	0	0	22	9	0	0	0	0	0	0	0	0	0	0	0	0	0	4	3	4	0	9
816.200	0	15	4	22	0	0	0	19	3	0	0	0	4	13	0	0	24	9	0	0	0	0	0	0	0	0	0	0	0	0	0	2	1	2	0	10
816.400	0	33	4	19	0	0	0	19	6	0	0	0	4	13	0	0	18	11	0	0	0	0	0	0	0	0	0	0	0	0	0	5	5	4	0	10
816.600	0	26	3	15	0	0	0	14	5	0	0	0	2	11	0	0	18	11	0	0	0	0	0	0	0	0	0	0	0	0	0	1	3	5	0	10
816.800	0	40	4	17	0	0	0	22	5	0	0	0	3	12	0	0	20	10	0	0	0	0	0	0	0	0	0	0	0	0	0	1	4	3	0	9
817.000	0	33	8	24	0	0	0	28	6	0	0	0	3	12	0	0	23	14	0	0	0	0	0	0	0	0	0	0	0	0	0	3	5	2	0	9
817.200	0	27	6	22	0	1	0	24	3	0	0	0	5	17	0	0	18	12	0	0	0	0	0	0	0	0	0	0	0	0	0	5	5	1	0	10
817.400	0	37	8	22	0	1	0	12	4	0	0	0	5	13	0	0	21	7	0	0	0	0	0	0	0	0	0	0	0	0	0	3	3	2	0	9
817.600	0	27	6	19	0	1	0	16	4	0	0	0	2	16	0	0	21	3	0	0	0	0	0	0	0	0	0	0	0	0	0	4	5	2	0	12
817.800	0	27	8	18	0	1	0	24	6	0	0	0	2	20	0	0	26	10	0	0	0	0	0	0	0	0	0	0	0	0	0	4	5	3	0	5
818.000	0	23	7	15	0	1	0	18	5	0	0	0	5	20	0	0	16	0	0	0	0	0	0	0	0	0	0	0	0	0	0	3	5	2	0	11
818.200	0	21	6	17	0	1	0	24	4	0	0	0	2	15	0	0	17	6	0	0	0	0	0	0	0	0	0	0	0	0	0	3	2	1	0	9
818.400	0	30	6	20	0	1	0	25	3	0	0	0	3	21	0	0	18	10	0	0	0	0	0	0	0	0	0	0	0	0	0	3	4	2	0	9
818.600	0	34	6	20	0	2	0	26	2	0	0	0	3	7	0	0	17	1	0	0	0	0	0	0	0	0	0	0	0	0	0	2	3	2	0	7
818.800	0	32	9	21	0	2	0	22	4	0	0	0	2	9	0	0	19	4	0	0	0	0	0	0	0	0	0	0	0	0	1	1	3	1	0	6
819.000	0	22	7	15	0	1	0	24	3	0	0	0	2	18	0	0	19	4	0	0	0	0	0	0	0	0	0	0	1	0	0	0	3	2	0	8
819.200	0	27	4	16	0	1	0	31	3	0	0	0	2	15	0	0	19	6	0	0	0	0	0	0	0	0	0	0	0	0	0	2	5	4	0	10
819.400	0	22	5	17	0	2	0	22	3	0	0	0	2	12	0	0	18	1	0	0	0	0	0	0	0	0	0	0	0	0	0	1	3	2	0	9
819.600	0	39	9	16	0	1	0	23	2	0	0	0	2	6	0	0	18	0	0	0	0	0	0	0	0	0	0	0	0	0	0	0	3	2	0	7
819.800	0	22	7	18	0	0	0	18	2	0	0	0	2	12	0	0	19	2	0	0	0	0	0	0	0	0	0	0	0	0	0	2	4	2	0	10
820.000	0	24	6	17	0	0	0	23	3	0	0	0	3	8	0	0	22	0	0	0	0	0	0	0	0	0	0	0	0	0	0	3	4	2	0	9
820.200	0	26	11	19	0	1	0	18	3	0	0	0	2	11	2	0	18	0	0	0	0	0	0	0	0	0	0	0	0	0	0	3	2	2	0	9
820.400	0	20	7	19	0	1	0	16	4	0	0	0	2	11	0	0	20	0	0	0	0	0	0	0	0	0	0	0	2	0	5	3	2	5	0	9
820.600	0	24	6	17	0	1	0	29	2	0	0	0	5	8	0	0	21	0	0	0	0	0	0	0	0	0	0	0	2	2	5	3	1	2	0	11
820.800	0	28	6	20	0	2	0	18	4	0	0	0	2	14	0	0	17	1	0	0	0	0	0	0	0	0	0	0	2	3	4	4	1	5	0	9
821.000	0	24	4	18	0	2	0	25	3	0	0	0	2	12	0	0	16	0	0	0	0	0	0	0	0	0	0	0	0	0	4	3	6	4	0	11
821.200	0	28	6	15	0	1	0	14	2	0	0	0	2	10	0	0	17	0	0	0	0	0	0	0	0	0	0	0	0	0	4	5	2	5	0	11
821.400	0	26	6	16	0	1	0	13	1	0	0	0	2	9	0	0	15	0	0	0	0	0	0	0	0	0	0	0	0	0	2	2	3	4	0	6
821.600	0	17	5	17	0	2	0	13	3	0	0	0	4	7	0	0	20	0	0	0	0	0	0	0	0	0	0	0	0	0	0	4	4	2	0	11
821.800	0	16	6	21	0	2	0	19	3	0	0	0	3	11	0	0	15	2	0	0	0	0	0	0	0	0	0	0	0	0	0	2	2	3	0	2
822.000	0	31	8	19	0	2	0	21	7	0	0	0	3	7	0	0	16	2	0	0	0	0	0	0	0	0	0	0	0	0	0	1	3	2	0	5
822.200	0	20	8	18	0	1	0	25	5	0	0	0	4	13	0	0	18	0	0	0	0	0	0	0	0	0	0	0	0	0	4	3	4	4	0	2
822.400	0	19	9	19	0	2	0	23	4	0	0	0	2	15	0	0	20	0	0	0	0	0	0	0	0	0	0	0	2	0	4	6	3	4	0	6
822.600	0	23	6	25	0	1	0	17	3	0	0	0	5	16	0	0	16	0	0	0	0	0	0	0	0	0	0	0	3	0	2	5	4	2	0	3
822.800	0	34	5	19	0	2	0	19	1	0	0	0	2	15	0	0	16	0	0	0	0	0	0	0	0	0	0	0	0	0	4	6	5	2	0	5
823.000	0	17	8	17	0	1	0	25	3	0	0	0	3	10	0	0	14	7	0	0	0	0	0	0	0	0	0	0	0	0	1	5	4	2	0	7
823.200	0	27	11	13	0	1	0	18	6	0	0	0	2	12	0	0	15	2	0	0	0	0	0	0	0	0	0	0	1	0	0	2	6	5	0	10
823.400	0	24	8	17	0	2	0	22	5	0	0	0	3	13	0	0	21	3	0	0	0	0	0	0	0	0	0	0	0	0	0	1	4	4	0	5
823.600	0	25	7	17	0	0	0	23	3	0	0	0	5	12	0	0	15	3	0	0	0	0	0	0	0	0	0	0	1	0	0	4	7	2	0	10
823.800	0	25	8	16	0	1	0	23	4	0	0	0	5	9	0	0	18	4	0	0	0	0	0	0	0	0	0	0	0	0	0	2	3	1	0	7
824.000	0	31	6	15	0	2	0	16	8	0	0	0	5	13	0	0	11	6	0	0	0	0	0	0	0	0	0	0	2	0	4	3	3	4	0	11
824.200	0	43	7	18	0	2	0	21	5	0	0	0	3	8	0	0	22	4	0	0	0	0	0	0	0	0	0	0	2	1	5	3	4	5	0	7
824.400	0	28	6	17	0	0	0	21	5	0	0	0	5	10	0	0	17	8	0	0	0	0	0	0	0	0	0	0	2	2	5	0	2	4	0	2
824.600	0	30	7	19	0	2	0	15	5	0	0	0	2	9	0	0	27	2	0	0	0	0	0	0	0	0	0	0	2	0	4	0	3	6	0	5
824.800	0	29	9	24	0	1	0	28	4	0	0	0	2	11	1	0	21	5	0	0	0	0	0	0	0	0	0	0	0	0	4	0	7	6	0	8
825.000	0	18	4	14	0	1	0	11	6	0	0	0	3	15	0	0	20	3	0	0	0	0	0	0	0	0	0	0	2	1	5	0	3	5	0	9
825.200	0	17	7	17	0	0	0	21	5	0	0	0	5	14	0	0	14	3	0	0	0	0	0	0	0	0	0	0	2	0	4	0	4	5	0	4
825.400	0	23	6	23	0	1	0	16	5	0	0	0	2	7	0	0	18	8	0	0	0	0	0	0	0	0	0	0	2	2	5	0	3	2	0	6
825.600	0	31	11	18	0	1	0	20	2	0	0	0	2	13	0	0	22	10	0	0	0	0	0	0	0	0	0	0	2	0	4	1	3	4	0	7
825.800	0	32	6	17	0	1	0	23	3	0	0	0	3	8	0	0	26	2	0	0	0	0	0	0	0	0	0	0	2	0	4	4	5	5	0	8
826.000	0	23	6	23	0	2	0	30	3	0	0	0	4	8	0	0	26	10	0	0	0	0	0	0	0	0	0	0	2	2	5	0	4	3	0	6
826.200	0	25	9	21	0	2	0	20	2	0	0	0	2	10	0	0	21	7	0	0	0	0	0	0	0	0	0	0	2	2	4	0	6	4	0	9
826.400	0	20	4	19	0	0	0	12	4	0	0	0	4	14	0	0	23	0	0	0	0	0	0	0	0	0	0	0	2	2	5	1	2	2	0	3
826.600	0	20	7	21	0	2	0	18	2	0	0	0	2	15	0	0	22	2	0	0	0	0	0	0	0	0	0	0	2	1	5	0	5	4	0	6
826.800	0	30	5	15	0	1	0	16	2	0	0	0	2	19	0	0	22	0	0	0	0	0	0	0	0	0	0	0	1	1	5	5	4	4	0	7
827.000	0	28	9	19	0	1	0	16	6	0	0	0	1	16	0	0	23	0	0	0	0	0	0	0	0	0	0	0	3	3	5	4	3	3	0	5
827.200	0	11	6	17	0	1	0	23	8	0	0	0	0	22	0	0	19	3	0	0	0	0	0	0	0	0	0	0	2	2	5	1	7	2	0	11
827.400	0	18	7	17	0	2	0	20	9	0	0	0	4	16	0	0	12	3	0	0	0	0	0	0	0	0	0	0	1	2	6	1	5	1	0	11
827.600	0	37	6	11	0	1	0	11	7	0	0	0	2	10	1	0	17	2	0	0	0	0	0	0	0	0	0	0	0	1	5	5	4	2	0	10
827.800	0	19	6	22	0	1	0	14	10	0	0	0	6	13	0	0	27	1	0	0	0	0	0	0	0	0	0	0	2	2	5	4	4	2	0	10
828.000	0	26	5	12	0	0	0	19	11	0	0	0	4	12	0	0	15	3	0	0	0	0	0	0	0	0	0	0	1	0	5	5	3	1	0	10
828.200	0	11	8	20	0	0	0	24	5	0	0	0	5	14	0	0	22	5	0	0	0	0	0	0	0	0	0	0	2	1	5	2	3	2	0	8
828.400	0	30	6	24	0	1	0	26	5	0	0	0	2	12	0	0	18	2	0	0	0	0	0	0	0	0	0	0	2	0	4	4	4	2	0	11
828.600	0	34	4	17	0	2	0	27	5	0	0	0	4	11	0	0	22	1	0	0	0	0	0	0	0	0	0	0	1	0	4	1	2	2	0	11
828.800	0	18	5	19	0	2	0	27	1	0	0	0	2	14	0	0	18	3	0	0	0	0	0	0	0	0	0	0	1	0	3	0	3	2	0	12
829.000	0	22	5	23	0	3	0	26	2	0	0	0	4	9	0	0	15	4	0	0	0	0	0	0	0	0	0	0	0	0	5	1	3	5	0	5
829.200	0	21	6	23	0	2	0	27	5	0	0	0	4	6	0	0	12	8	0	0	0	0	0	0	0	0	0	0	0	0	0	1	5	4	0	11
829.400	0	27	6	23	0	2	0	29	8	0	0	0	4	12	0	0	23	5	0	0	0	0	0	0	0	0	0	0	0	0	0	0	10	5	0	11
829.600	0	18	7	21	0	1	0	28	4	0	0	0	4	11	0	0	26	8	0	0	0	0	0	0	0	0	0	0	0	0	1	4	7	7	0	12
829.800	0	32	4	16	0	1	0	12	2	0	0	0	3	10	0	0	23	13	0	0	0	0	0	0	0	0	0	0	0	0	1	5	5	5	0	13
830.000	0	30	4	16	0	1	0	16	2	0	0	0	4	6	0	0	24	6	0	0	0	0	0	0	0	0	0	0	0	0	0	4	2	4	0	13
830.200	0	33	5	21	0	1	0	14	1	0	0	0	4	10	0	0	22	8	0	0	0	0	0	0	0	0	0	0	0	0	2	3	4	4	0	11
830.400	0	18	6	20	0	4	0	18	1	0	0	0	4	12	0	0	23	6	0	0	0	0	0	0	0	0	0	0	0	0	1	3	5	4	0	10
830.600	0	33	5	19	0	4	0	20	7	0	0	0	5	8	0	0	18	8	0	0	0	0	0	0	0	0	0	0	0	0	3	0	3	5	0	13
830.800	0	28	5	21	0	4	0	20	5	0	0	0	5	12	0	0	13	8	0	0	0	0	0	0	0	0	0	0	2	0	4	0	3	5	0	10
831.000	0	29	4	22	0	1	0	15	3	0	0	0	6	10	0	0	17	8	0	0	0	0	0	0	0	0	0	0	2	1	5	5	6	4	0	10
831.200	0	27	5	17	0	2	0	15	4	0	0	0	4	11	0	0	18	6	0	0	0	0	0	0	0	0	0	0	2	0	3	0	2	4	0	7
831.400	0	24	6	16	0	2	0	10	8	0	0	0	3	11	0	0	20	12	0	0	0	0	0	0	0	0	0	0	2	0	5	0	3	4	0	11
831.600	0	13	6	23	0	2	0	8	8	0	0	0	3	12	0	0	21	5	0	0	0	0	0	0	0	0	0	0	2	0	4	0	9	5	0	8
831.800	0	34	3	20	0	2	0	22	1	0	0	0	3	9	0	0	21	8	0	0	0	0	0	0	0	0	0	0	1	0	3	0	2	3	0	6
832.000	0	21	6	16	0	1	0	10	4	0	0	0	5	12	0	0	22	7	0	0	0	0	0	0	0	0	0	0	2	0	5	0	8	5	0	9
832.200	0	28	5	16	0	1	0	24	5	0	0	0	3	7	0	0	24	4	0	0	0	0	0	0	0	0	0	0	2	0	4	4	6	1	0	5
832.400	0	30	7	16	0	0	0	26	2	0	0	0	2	7	0	0	23	9	0	0	0	0	0	0	0	0	0	0	3	0	4	0	3	3	0	10
832.600	0	22	8	22	0	0	0	12	6	0	0	0	2	8	0	0	20	4	0	0	0	0	0	0	0	0	0	0	1	0	5	1	4	5	0	8
832.800	0	35	10	15	0	0	0	18	3	0	0	0	2	6	0	0	22	6	0	0	0	0	0	0	0	0	0	0	3	1	5	4	5	5	0	11
833.000	0	31	5	14	0	0	0	23	3	0	0	0	4	8	0	0	20	8	0	0	0	0	0	0	0	0	0	0	1	1	5	4	3	5	0	12
833.200	0	22	6	13	0	0	0	14	4	0	0	0	4	10	0	0	21	2	0	0	0	0	0	0	0	0	0	0	2	0	3	4	4	2	0	10
833.400	0	24	10	17	0	0	0	21	3	0	0	0	2	10	0	0	19	2	0	0	0	0	0	0	0	0	0	0	0	0	1	1	2	4	0	9
833.600	0	22	7	15	0	1	0	17	4	0	0	0	2	7	0	0	21	9	0	0	0	0	0	0	0	0	0	0	2	0	2	0	1	3	0	10
833.800	0	19	10	12	0	0	0	19	8	0	0	0	2	7	0	0	22	10	0	0	0	0	0	0	0	0	0	0	1	0	2	0	4	3	0	10
834.000	0	21	6	15	0	1	0	29	4	0	0	0	3	7	0	0	18	10	0	0	0	0	0	0	0	0	0	0	1	0	4	1	3	4	0	9
834.200	0	18	8	10	0	0	0	29	8	0	0	0	2	6	0	0	26	8	0	0	0	0	0	0	0	0	0	0	1	0	3	0	7	3	0	10
834.400	0	28	7	16	0	0	0	14	4	0	0	0	4	8	0	0	13	7	0	0	0	0	0	0	0	0	0	0	0	0	0	1	2	3	0	9
834.600	0	23	8	15	0	0	0	15	3	0	0	0	2	9	0	0	20	1	0	0	0	0	0	0	0	0	0	0	0	0	0	0	2	4	0	7
834.800	0	22	7	19	0	1	0	13	5	0	0	0	2	6	0	0	18	9	0	0	0	0	0	0	0	0	0	0	0	0	0	1	5	3	0	12
835.000	0	21	5	12	0	0	0	17	5	0	0	0	3	8	0	0	17	10	0	0	0	0	0	0	0	0	0	0	1	0	1	4	4	5	0	8
835.200	0	29	7	15	0	1	0	20	8	0	0	0	5	12	0	0	17	12	0	0	0	0	0	0	0	0	0	0	1	0	0	3	5	2	0	7
835.400	0	30	6	14	0	0	0	15	1	0	0	0	4	5	0	0	24	10	0	0	0	0	0	0	0	0	0	0	0	0	0	4	3	1	0	11
835.600	0	23	5	16	0	2	0	8	6	0	0	0	5	6	0	0	23	10	0	0	0	0	0	0	0	0	0	0	2	0	3	0	3	3	0	9
835.800	0	35	5	10	0	0	0	6	3	0	0	0	5	10	0	0	19	7	0	0	0	0	0	0	0	0	0	0	0	0	1	4	5	3	0	11
836.000	0	30	8	17	0	0	0	14	3	0	0	0	4	9	0	0	25	6	0	0	0	0	0	0	0	0	0	0	2	0	0	0	5	2	0	10
836.200	0	25	8	15	0	0	0	18	7	0	0	0	4	12	0	0	19	7	0	0	0	0	0	0	0	0	0	0	0	0	0	2	6	1	0	9
836.400	0	24	7	15	0	0	0	18	2	0	0	0	5	6	0	0	21	8	0	0	0	0	0	0	0	0	0	0	0	0	0	2	3	2	0	10
836.600	0	15	5	17	0	0	0	27	5	0	0	0	2	7	0	0	29	13	0	0	0	0	0	0	0	0	0	0	0	0	0	0	2	3	0	9
836.800	0	28	5	14	0	0	0	18	5	0	0	0	5	16	0	0	20	9	0	0	0	0	0	0	0	0	0	0	0	0	0	3	6	1	0	7
837.000	0	14	5	17	0	0	0	9	6	0	0	0	5	12	0	0	25	8	0	0	0	0	0	0	0	0	0	0	3	0	0	4	5	4	0	9
837.200	0	11	5	13	0	1	0	16	5	0	0	0	5	12	0	0	24	7	0	0	0	0	0	0	0	0	0	0	3	0	3	1	3	2	0	8
837.400	0	19	6	20	0	0	0	19	5	0	0	0	2	8	0	0	20	10	0	0	0	0	0	0	0	0	0	0	2	1	5	5	3	2	0	9
837.600	0	8	7	20	0	2	0	12	8	0	0	0	5	12	0	0	23	5	0	0	0	0	0	0	0	0	0	0	2	1	3	4	4	2	0	6
837.800	0	12	5	15	0	2	0	18	3	0	0	0	5	9	0	0	21	12	0	0	0	0	0	0	0	0	0	0	2	0	4	2	4	4	0	10
838.000	0	17	5	17	0	1	0	20	3	0	0	0	4	14	0	0	18	11	0	0	0	0	0	0	0	0	0	0	3	0	3	0	4	3	0	14
838.200	0	6	7	19	0	2	0	8	6	0	0	0	4	11	0	0	22	4	0	0	0	0	0	0	0	0	0	0	2	0	2	1	4	4	0	7
838.400	0	26	4	14	0	1	0	12	4	0	0	0	5	12	0	0	19	7	0	0	0	0	0	0	0	0	0	0	3	0	4	5	6	2	0	10
838.600	0	20	6	22	0	1	0	18	4	0	0	0	5	6	0	0	15	9	0	0	0	0	0	0	0	0	0	0	2	0	0	4	7	3	0	4
838.800	0	13	6	16	0	3	0	17	4	0	0	0	3	7	1	0	15	7	0	0	0	0	0	0	0	0	0	0	2	0	0	3	2	3	0	10
839.000	0	15	8	17	0	1	0	21	4	0	0	0	2	9	0	0	19	9	0	0	0	0	0	0	0	0	0	0	3	0	1	5	4	2	0	9
839.200	0	14	4	15	0	2	0	26	5	0	0	0	4	14	0	0	20	7	0	0	0	0	0	0	0	0	0	0	3	2	4	2	3	2	0	9
839.400	0	25	4	13	0	2	0	26	3	0	0	0	3	7	0	0	20	9	0	0	0	0	0	0	0	0	0	0	2	0	3	2	4	3	0	12
839.600	0	14	6	11	0	2	0	20	4	0	0	0	3	10	0	0	19	2	0	0	0	0	0	0	0	0	0	0	2	0	4	2	3	2	0	5
839.800	0	22	5	14	0	1	0	17	2	0	0	0	4	5	0	0	24	6	0	0	0	0	0	0	0	0	0	0	2	2	5	3	5	5	0	8
840.000	0	30	4	16	0	0	0	12	2	0	0	0	2	9	0	0	14	6	0	0	0	0	0	0	0	0	0	0	2	2	4	5	3	5	0	7
840.200	0	29	5	14	0	2	0	9	6	0	0	0	2	11	0	0	22	4	0	0	0	0	0	0	0	0	0	0	2	2	4	1	5	2	0	10
840.400	0	26	6	19	0	2	0	12	4	0	0	0	4	13	0	0	26	4	0	0	0	0	0	0	0	0	0	0	2	2	4	2	3	2	0	7
840.600	0	26	5	16	0	2	0	10	4	0	0	0	4	13	0	0	20	11	0	0	0	0	0	0	0	0	0	0	2	2	4	0	4	2	0	10
840.800	0	19	4	23	0	1	0	12	6	0	0	0	5	8	0	0	24	6	0	0	0	0	0	0	0	0	0	0	2	2	4	4	4	4	0	4
841.000	0	16	6	15	0	3	0	22	3	0	0	0	2	10	0	0	23	7	0	0	0	0	0	0	0	0	0	0	2	1	4	4	3	5	0	7
841.200	0	18	5	14	0	1	0	24	5	0	0	0	4	11	0	0	19	8	0	0	0	0	0	0	0	0	0	0	0	0	0	3	6	5	0	8
841.400	0	23	6	20	0	0	0	22	3	0	0	0	3	7	0	0	20	7	0	0	0	0	0	0	0	0	0	0	1	0	0	1	3	2	0	6
841.600	0	38	9	15	0	2	0	24	5	0	0	0	4	10	0	0	20	4	0	0	0	0	0	0	0	0	0	0	4	0	2	0	0	2	0	9
841.800	0	22	5	12	0	0	0	15	4	0	0	0	2	8	0	0	23	10	0	0	0	0	0	0	0	0	0	0	2	2	5	0	4	2	0	12
842.000	0	21	4	17	0	0	0	22	2	0	0	0	3	14	0	0	17	6	0	0	0	0	0	0	0	0	0	0	2	0	5	0	4	5	0	5
842.200	0	18	7	16	0	0	0	11	3	0	0	0	2	15	0	0	14	9	0	0	0	0	0	0	0	0	0	0	0	0	5	0	4	4	0	11
842.400	0	12	8	16	0	0	0	20	3	0	0	0	2	9	0	0	22	8	0	0	0	0	0	0	0	0	0	0	2	0	3	3	4	3	0	9
842.600	0	15	5	15	0	0	0	17	3	0	0	0	5	11	0	0	25	5	0	0	0	0	0	0	0	0	0	0	2	0	4	0	3	2	0	3
842.800	0	9	8	21	0	0	0	19	3	0	0	0	2	11	0	0	20	5	0	0	0	0	0	0	0	0	0	0	2	2	4	4	6	4	0	1
843.000	0	13	6	11	0	0	0	20	6	0	0	0	2	11	0	0	19	5	0	0	0	0	0	0	0	0	0	0	3	0	1	4	4	4	0	1
843.200	0	18	6	11	0	0	0	18	4	0	0	0	3	7	0	0	17	4	0	0	0	0	0	0	0	0	0	0	0	0	3	1	3	4	0	1
843.400	0	25	7	16	0	0	0	20	3	0	0	0	4	16	0	0	19	6	0	0	0	0	0	0	0	0	0	0	2	0	4	0	3	3	0	6
843.600	0	27	7	15	0	0	0	14	4	0	0	0	2	11	0	0	21	6	0	0	0	0	0	0	0	0	0	0	2	0	3	0	2	2	0	5
843.800	0	28	5	20	0	0	0	20	5	0	0	0	2	14	0	0	17	7	0	0	0	0	0	0	0	0	0	0	2	0	4	0	3	5	0	7
844.000	0	25	5	13	0	0	0	26	3	0	0	0	5	8	0	0	17	6	0	0	0	0	0	0	0	0	0	0	1	0	4	5	8	2	0	9
844.200	0	13	8	16	0	0	0	22	4	0	0	0	2	9	0	0	17	8	0	0	0	0	0	0	0	0	0	0	3	2	4	3	4	4	0	11
844.400	0	24	8	15	0	0	0	25	6	0	0	0	2	10	0	0	16	3	0	0	0	0	0	0	0	0	0	0	2	0	4	3	5	2	0	6
844.600	0	20	4	18	0	0	0	27	7	0	0	0	2	8	0	0	17	5	0	0	0	0	0	0	0	0	0	0	2	2	5	3	4	2	0	7
844.800	0	28	5	17	0	0	0	24	7	0	0	0	5	16	0	0	19	4	0	0	0	0	0	0	0	0	0	0	3	2	4	3	3	2	0	10
845.000	0	17	5	24	0	0	0	21	3	0	0	0	2	11	0	0	21	4	0	0	0	0	0	0	0	0	0	0	3	0	4	1	4	1	0	11
845.200	0	21	5	16	0	0	0	18	3	0	0	0	5	8	0	0	22	4	0	0	0	0	0	0	0	0	0	0	2	0	4	0	3	2	0	5
845.400	0	25	5	19	0	0	0	20	3	0	0	0	4	9	0	0	17	3	0	0	0	0	0	0	0	0	0	0	3	0	4	2	5	2	0	11
845.600	0	35	8	14	0	0	0	13	2	0	0	0	2	12	0	0	18	4	0	0	0	0	0	0	0	0	0	0	2	0	4	2	4	2	0	10
845.800	0	24	8	22	0	0	0	19	6	0	0	0	3	11	0	0	19	4	0	0	0	0	0	0	0	0	0	0	1	0	3	1	0	2	0	4
846.000	0	23	5	23	0	0	0	22	4	0	0	0	4	12	0	0	22	3	0	0	0	0	0	0	0	0	0	0	2	0	3	2	5	3	0	6
846.200	0	33	7	18	0	0	0	19	3	0	0	0	4	9	0	0	22	2	0	0	0	0	0	0	0	0	0	0	2	0	3	5	6	2	0	7
846.400	0	16	6	19	0	0	0	15	3	0	0	0	5	9	0	0	24	3	0	0	0	0	0	0	0	0	0	0	3	3	6	2	3	4	0	8
846.600	0	28	7	22	0	0	0	20	2	0	0	0	4	12	0	0	17	4	0	0	0	0	0	0	0	0	0	0	2	0	3	2	4	5	0	9
846.800	0	35	5	15	0	0	0	16	4	0	0	0	4	12	0	0	16	3	0	0	0	0	0	0	0	0	0	0	1	0	5	0	3	3	0	7
847.000	0	13	6	18	0	1	0	27	5	0	0	0	5	9	0	0	18	3	0	0	0	0	0	0	0	0	0	0	2	1	5	0	3	2	0	10
847.200	0	26	5	22	0	0	0	16	2	0	0	0	3	8	0	0	17	4	0	0	0	0	0	0	0	0	0	0	0	0	4	5	5	5	0	9
847.400	0	27	8	20	0	1	0	18	3	0	0	0	4	9	0	0	14	4	0	0	0	0	0	0	0	0	0	0	0	0	4	4	5	2	0	10
847.600	0	21	6	18	0	1	0	24	4	0	0	0	5	13	0	0	19	3	0	0	0	0	0	0	0	0	0	0	2	0	5	2	4	5	0	12
847.800	0	22	7	21	0	1	0	12	3	0	0	0	2	7	1	0	14	3	0	0	0	0	0	0	0	0	0	0	3	0	4	1	3	2	0	7
848.000	0	44	6	17	0	2	0	22	5	0	0	0	3	8	1	0	17	3	0	0	0	0	0	0	0	0	0	0	2	0	5	3	3	2	0	11
848.200	0	15	5	12	0	1	0	18	2	0	0	0	3	11	0	0	20	2	0	0	0	0	0	0	0	0	0	0	2	2	4	4	4	2	0	6
848.400	0	29	4	19	0	1	0	21	2	0	0	0	3	10	0	0	24	2	0	0	0	0	0	0	0	0	0	0	1	0	5	8	7	2	0	9
848.600	0	23	6	17	0	1	0	17	2	0	0	0	3	9	0	0	17	6	0	0	0	0	0	0	0	0	0	0	2	2	5	0	4	3	0	11
848.800	0	37	4	16	0	1	0	27	4	0	0	0	3	16	0	0	23	3	0	0	0	0	0	0	0	0	0	0	1	0	4	2	3	3	0	6
849.000	0	23	5	11	0	1	0	22	3	0	0	0	2	16	1	0	16	3	0	0	0	0	0	0	0	0	0	0	0	0	4	4	3	2	0	5
849.200	0	25	6	14	0	2	0	16	2	0	0	0	2	19	0	0	18	3	0	0	0	0	0	0	0	0	0	0	1	1	5	4	4	1	0	12
849.400	0	31	9	23	0	2	0	20	5	0	0	0	5	13	0	0	21	3	0	0	0	0	0	0	0	0	0	0	2	1	4	4	3	2	0	9
849.600	0	26	8	21	0	2	0	15	2	0	0	0	2	15	0	0	20	2	0	0	0	0	0	0	0	0	0	0	2	0	3	2	3	3	0	6
849.800	0	15	8	17	0	2	0	12	4	0	0	0	3	9	1	0	24	2	0	0	0	0	0	0	0	0	0	0	2	0	3	2	1	2	0	10
850.000	0	34	9	16	0	2	0	17	4	0	0	0	5	13	0	0	25	3	0	0	0	0	0	0	0	0	0	0	2	0	4	2	3	2	0	4
850.200	0	24	6	17	0	2	0	20	4	0	0	0	2	11	0	0	23	3	0	0	0	0	0	0	0	0	0	0	1	0	4	5	3	2	0	12
850.400	0	24	6	19	0	2	0	14	3	0	0	0	5	10	0	0	17	4	0	0	0	0	0	0	0	0	0	0	1	1	5	4	4	3	0	7
850.600	0	19	6	15	0	1	0	11	2	0	0	0	4	12	0	0	17	4	0	0	0	0	0	0	0	0	0	0	2	2	5	2	3	2	0	9
850.800	0	23	7	21	0	2	0	14	2	0	0	0	3	13	0	0	18	4	0	0	0	0	0	0	0	0	0	0	2	0	3	3	1	3	0	9
851.000	0	27	7	17	0	1	0	17	4	0	0	0	4	13	0	0	17	0	0	0	0	0	0	0	0	0	0	0	1	0	5	1	3	1	0	8
851.200	0	24	6	16	0	1	0	24	6	0	0	0	3	11	0	0	20	0	0	0	0	0	0	0	0	0	0	0	2	0	5	4	3	2	0	5
851.400	0	27	7	17	0	2	0	24	3	0	0	0	5	15	0	0	19	0	0	0	0	0	0	0	0	0	0	0	1	0	4	4	4	2	0	6
851.600	0	26	8	19	0	1	0	17	2	0	0	0	4	13	0	0	14	0	0	0	0	0	0	0	0	0	0	0	1	0	4	3	4	3	0	12
851.800	0	25	8	15	0	1	0	20	3	0	0	0	3	14	0	0	19	0	0	0	0	0	0	0	0	0	0	0	2	2	5	4	7	3	0	11
852.000	0	23	6	19	0	1	0	13	4	0	0	0	4	15	0	0	21	0	0	0	0	0	0	0	0	0	0	0	2	1	4	3	3	5	0	9
852.200	0	34	9	20	0	0	0	20	3	0	0	0	4	13	0	0	16	0	0	0	0	0	0	0	0	0	0	0	2	2	4	3	5	2	0	6
852.400	0	29	7	15	0	1	0	24	3	0	0	0	2	12	0	0	18	7	0	0	0	0	0	0	0	0	0	0	2	2	5	2	1	5	0	7
852.600	0	22	6	15	0	0	0	22	5	0	0	0	4	10	0	0	20	11	0	0	0	0	0	0	0	0	0	0	1	0	3	3	3	2	0	10
852.800	0	24	9	16	0	1	0	28	6	0	0	0	3	15	1	0	20	5	0	0	0	0	0	0	0	0	0	0	1	0	4	2	1	2	0	1
853.000	0	28	5	16	0	1	0	20	2	0	0	0	4	13	1	0	24	3	0	0	0	0	0	0	0	0	0	0	2	0	4	4	4	6	0	12
853.200	0	28	7	20	0	1	0	7	4	0	0	0	4	10	0	0	18	3	0	0	0	0	0	0	0	0	0	0	2	0	4	2	1	3	0	9
853.400	0	30	7	13	0	0	0	24	2	0	0	0	5	8	0	0	20	11	0	0	0	0	0	0	0	0	0	0	1	0	4	3	3	2	0	4
853.600	0	26	4	12	0	0	0	11	4	0	0	0	2	9	0	0	19	6	0	0	0	0	0	0	0	0	0	0	2	0	4	0	0	4	0	8
853.800	0	26	8	13	0	2	0	23	2	0	0	0	3	11	0	0	22	1	0	0	0	0	0	0	0	0	0	0	1	0	3	0	3	4	0	10
854.000	0	25	6	19	0	1	0	20	3	0	0	0	5	6	0	0	14	13	0	0	0	0	0	0	0	0	0	0	2	0	4	2	3	2	0	10
854.200	0	32	5	22	0	1	0	16	5	0	0	0	5	11	0	0	15	6	0	0	0	0	0	0	0	0	0	0	1	0	4	6	2	6	0	11
854.400	0	31	8	15	0	0	0	19	2	0	0	0	4	11	0	0	15	5	0	0	0	0	0	0	0	0	0	0	3	0	4	4	0	5	0	7
854.600	0	21	7	12	0	0	0	11	4	0	0	0	3	12	0	0	14	7	0	0	0	0	0	0	0	0	0	0	1	0	2	6	4	5	0	6
854.800	0	15	7	17	0	0	0	24	3	0	0	0	4	5	0	0	18	4	0	0	0	0	0	0	0	0	0	0	2	0	5	6	1	5	0	11
855.000	0	15	7	15	0	0	0	20	1	0	0	0	5	14	1	0	20	9	0	0	0	0	0	0	0	0	0	0	1	0	5	5	2	3	0	8
855.200	0	27	8	14	0	0	0	17	5	0	0	0	5	13	0	0	16	6	0	0	0	0	0	0	0	0	0	0	2	0	4	4	4	5	0	4
855.400	0	22	10	13	0	0	0	15	3	0	0	0	5	10	0	0	17	0	0	0	0	0	0	0	0	0	0	0	2	0	5	4	2	5	0	8
855.600	0	34	5	14	0	0	0	23	1	0	0	0	4	8	0	0	21	6	0	0	0	0	0	0	0	0	0	0	0	0	0	3	2	3	0	7
855.800	0	27	5	16	0	0	0	19	1	0	0	0	4	11	0	0	19	7	0	0	0	0	0	0	0	0	0	0	1	0	4	3	2	5	0	9
856.000	0	20	9	17	0	0	0	25	3	0	0	0	4	10	0	0	21	9	0	0	0	0	0	0	0	0	0	0	3	0	4	2	3	5	0	7
856.200	0	26	10	8	0	0	0	24	2	0	0	0	4	11	0	0	17	9	0	0	0	0	0	0	0	0	0	0	1	0	5	4	5	3	0	7
856.400	0	22	7	11	0	0	0	20	1	0	0	0	5	11	0	0	15	7	0	0	0	0	0	0	0	0	0	0	3	0	4	2	4	3	0	9
856.600	0	26	8	14	0	0	0	12	4	0	0	0	4	10	0	0	17	3	0	0	0	0	0	0	0	0	0	0	0	0	0	2	6	5	0	9
856.800	0	21	6	11	0	0	0	21	1	0	0	0	4	8	0	0	24	10	0	0	0	0	0	0	0	0	0	0	0	0	0	0	1	3	0	11
857.000	1	27	7	16	0	0	0	10	0	0	0	0	4	9	0	0	24	9	0	0	0	0	0	0	0	0	0	0	0	0	0	0	3	2	0	6
857.200	0	28	5	23	0	0	0	10	4	0	0	0	4	11	0	0	19	7	0	0	0	0	0	0	0	0	0	0	0	0	0	0	3	4	0	12
857.400	0	31	7	13	0	0	0	16	3	0	0	0	4	12	0	0	15	6	0	0	0	0	0	0	0	0	0	0	0	0	0	0	4	2	0	11
857.600	0	33	9	15	0	0	0	22	5	0	0	0	4	12	2	0	20	8	0	0	0	0	0	0	0	0	0	0	0	0	2	0	3	4	0	10
857.800	1	19	6	13	0	0	0	18	1	0	0	0	3	5	1	0	21	9	0	0	0	0	0	0	0	0	0	0	0	0	1	3	4	5	0	7
858.000	0	21	7	22	0	2	0	20	0	0	0	0	5	9	2	0	19	8	0	0	0	0	0	0	0	0	0	0	0	0	1	0	6	6	0	5
858.200	0	33	6	22	0	1	0	18	4	0	0	0	4	14	1	0	21	8	0	0	0	0	0	0	0	0	0	0	3	0	3	3	3	1	0	3
858.400	0	30	8	24	0	1	0	19	2	0	0	0	4	9	1	0	17	8	0	0	0	0	0	0	0	0	0	0	1	0	4	1	3	3	0	5
858.600	0	17	5	17	0	1	0	24	2	0	0	0	4	10	2	0	17	4	0	0	0	0	0	0	0	0	0	0	1	0	4	3	1	4	0	10
858.800	0	19	9	25	0	1	0	27	2	0	0	0	4	11	1	0	20	7	0	0	0	0	0	0	0	0	0	0	2	0	4	6	0	2	0	4
859.000	0	31	7	18	0	2	0	14	4	0	0	0	4	10	2	0	24	5	0	0	0	0	0	0	0	0	0	0	2	0	4	1	1	2	0	4
859.200	0	23	5	15	0	2	0	19	4	0	0	0	4	9	1	0	17	8	0	0	0	0	0	0	0	0	0	0	2	0	4	2	3	3	0	6
859.400	0	12	4	18	0	1	0	20	6	0	0	0	3	10	0	0	17	9	0	0	0	0	0	0	0	0	0	0	2	0	4	5	3	3	0	7
859.600	0	28	6	18	0	2	0	16	3	0	0	0	4	5	2	0	20	5	0	0	0	0	0	0	0	0	0	0	3	0	4	0	3	4	0	9
859.800	0	27	6	14	0	0	0	19	3	0	0	0	4	9	1	0	20	7	0	0	0	0	0	0	0	0	0	0	1	0	5	1	2	2	0	6
860.000	0	27	8	23	0	0	0	22	3	0	0	0	4	11	1	0	21	5	0	0	0	0	0	0	0	0	0	0	2	1	4	0	2	3	0	9
860.200	0	27	5	25	0	0	0	21	2	0	0	0	5	12	0	0	20	10	0	0	0	0	0	0	0	0	0	0	2	0	3	0	3	2	0	7
860.400	0	31	10	16	0	0	0	30	3	0	0	0	2	8	0	0	18	7	0	0	0	0	0	0	0	0	0	0	2	0	4	0	3	4	0	8
860.600	0	32	12	22	0	1	0	13	2	0	0	0	3	5	0	0	18	9	0	0	0	0	0	0	0	0	0	0	2	2	5	4	3	2	0	4
860.800	0	30	4	20	0	1	0	22	3	0	0	0	3	12	1	0	17	2	0	0	0	0	0	0	0	0	0	0	2	2	4	0	10	4	0	5
861.000	0	36	5	22	0	1	0	22	1	0	0	0	2	11	0	0	17	7	0	0	0	0	0	0	0	0	0	0	0	0	4	1	3	2	0	10
861.200	0	30	3	19	0	1	0	23	7	0	0	0	4	8	1	0	23	4	0	0	0	0	0	0	0	0	0	0	3	1	4	0	3	1	0	6
861.400	0	22	3	21	0	2	0	20	4	0	0	0	3	14	1	0	24	0	0	0	0	0	0	0	0	0	0	0	2	0	4	0	3	2	0	5
861.600	0	21	7	21	0	1	0	29	2	0	0	0	4	13	0	0	24	7	0	0	0	0	0	0	0	0	0	0	3	0	2	3	3	2	0	3
861.800	0	33	5	14	0	1	0	25	2	0	0	0	2	10	1	0	21	4	0	0	0	0	0	0	0	0	0	0	3	2	4	2	5	1	0	5
862.000	0	31	4	23	0	1	0	15	1	0	0	0	3	14	0	0	25	8	0	0	0	0	0	0	0	0	0	0	2	0	2	3	3	2	0	5
862.200	0	28	1	18	0	1	0	16	6	0	0	0	3	11	0	0	22	1	0	0	0	0	0	0	0	0	0	0	2	0	4	0	2	2	0	5
862.400	0	23	3	15	0	2	0	15	4	0	0	0	3	16	0	0	15	7	0	0	0	0	0	0	0	0	0	0	3	0	3	5	7	2	0	10
862.600	0	45	3	13	0	2	0	19	4	0	0	0	3	10	0	0	25	6	0	0	0	0	0	0	0	0	0	0	3	2	4	0	2	1	0	11
862.800	0	36	7	13	0	1	0	19	1	0	0	0	2	10	0	0	20	7	0	0	0	0	0	0	0	0	0	0	3	0	4	1	7	5	0	6
863.000	0	35	3	19	0	2	0	20	6	0	0	0	3	13	0	0	20	9	0	0	0	0	0	0	0	0	0	0	2	0	3	2	5	2	0	6
863.200	0	24	5	18	0	2	0	27	3	0	0	0	3	15	0	0	21	9	0	0	0	0	0	0	0	0	0	0	1	0	5	1	4	4	0	5
863.400	0	19	3	18	0	2	0	27	7	0	0	0	3	14	0	0	17	6	0	0	0	0	0	0	0	0	0	0	2	0	4	4	3	2	0	10
863.600	0	24	3	18	0	2	0	24	8	0	0	0	2	6	0	0	17	8	0	0	0	0	0	0	0	0	0	0	2	2	5	1	3	2	0	4
863.800	0	37	4	13	0	2	0	22	5	0	0	0	3	9	0	0	16	10	0	0	0	0	0	0	0	0	0	0	3	0	4	0	1	4	0	10
864.000	0	35	7	15	0	1	0	13	7	0	0	0	2	8	0	0	22	2	0	0	0	0	0	0	0	0	0	0	2	0	5	4	4	5	0	4
864.200	0	32	5	15	0	2	0	19	3	0	0	0	2	6	0	0	22	8	0	0	0	0	0	0	0	0	0	0	2	0	5	3	3	4	0	3
864.400	0	41	5	17	0	1	0	18	3	0	0	0	2	6	0	0	18	5	0	0	0	0	0	0	0	0	0	0	3	0	4	5	2	5	0	6
864.600	0	37	7	22	0	1	0	12	1	0	0	0	2	6	0	0	20	8	0	0	0	0	0	0	0	0	0	0	2	0	5	3	4	4	0	8
864.800	0	23	3	16	0	1	0	21	2	0	0	0	2	10	0	0	17	7	0	0	0	0	0	0	0	0	0	0	2	0	4	2	8	5	0	5
865.000	0	21	5	22	0	0	0	19	3	0	0	0	3	11	0	0	21	5	0	0	0	0	0	0	0	0	0	0	3	0	4	3	1	3	0	5
865.200	0	41	7	18	0	0	0	26	5	0	0	0	2	12	0	0	19	2	0	0	0	0	0	0	0	0	0	0	2	2	5	3	5	5	0	2
865.400	0	50	7	17	0	0	0	25	3	0	0	0	2	11	0	0	20	8	0	0	0	0	0	0	0	0	0	0	2	0	4	0	5	5	0	5
865.600	0	38	3	19	0	0	0	20	3	0	0	0	2	16	0	0	19	7	0	0	0	0	0	0	0	0	0	0	2	0	4	0	6	5	0	7
865.800	0	32	4	20	0	1	0	10	3	0	0	0	2	11	0	0	21	9	0	0	0	0	0	0	0	0	0	0	1	0	4	3	4	4	0	5
866.000	0	38	4	14	0	0	0	26	2	0	0	0	2	12	0	0	20	5	0	0	0	0	0	0	0	0	0	0	2	1	5	3	3	2	0	9
866.200	0	40	6	23	0	2	0	21	2	0	0	0	3	16	0	0	20	2	0	0	0	0	0	0	0	0	0	0	2	1	4	2	3	4	0	3
866.400	0	45	6	14	0	1	0	17	3	0	0	0	4	16	0	0	26	6	0	0	0	0	0	0	0	0	0	0	2	0	3	0	3	5	0	3
866.600	0	39	2	15	0	1	0	15	5	0	0	0	2	10	0	0	25	11	0	0	0	0	0	0	0	0	0	0	3	2	5	3	4	3	0	12
866.800	0	19	4	19	0	2	0	9	3	0	0	0	3	20	0	0	24	10	0	0	0	0	0	0	0	0	0	0	0	0	3	8	6	5	0	10
867.000	0	32	4	20	0	2	0	13	7	0	0	0	5	21	0	0	20	13	0	0	0	0	0	0	0	0	0	0	2	0	4	0	3	2	0	6
867.200	0	39	1	15	0	0	0	5	1	0	0	0	2	16	0	0	22	12	0	0	0	0	0	0	0	0	0	0	2	0	5	5	4	1	0	11
867.400	0	35	4	20	0	1	0	4	2	0	0	0	4	20	0	0	21	14	0	0	0	0	0	0	0	0	0	0	2	2	5	4	4	2	0	10
867.600	0	29	4	22	0	0	0	9	4	0	0	0	3	11	0	0	25	5	0	0	0	0	0	0	0	0	0	0	2	0	4	4	5	2	0	11
867.800	0	34	4	22	0	1	0	4	4	0	0	0	2	5	0	0	25	6	0	0	0	0	0	0	0	0	0	0	2	0	5	5	4	1	0	8
868.000	0	42	9	19	0	0	0	13	3	0	0	0	5	14	1	0	19	3	0	0	0	0	0	0	0	0	0	0	1	0	4	5	4	5	0	11
868.200	0	21	3	19	0	2	0	9	4	0	0	0	4	20	1	0	23	7	0	0	0	0	0	0	0	0	0	0	0	1	4	6	7	7	0	4
868.400	0	33	5	22	0	0	0	8	3	0	0	0	2	17	0	0	25	6	0	0	0	0	0	0	0	0	0	0	2	0	4	1	4	1	0	11
868.600	0	39	4	19	0	1	0	9	5	0	0	0	4	9	0	0	17	6	0	0	0	0	0	0	0	0	0	0	2	0	4	5	5	4	0	11
868.800	0	35	7	19	0	2	0	8	5	0	0	0	2	7	0	0	19	10	0	0	0	0	0	0	0	0	0	0	0	0	4	5	5	3	0	11
869.000	0	25	7	21	0	1	0	9	3	0	0	0	2	8	0	0	19	7	0	0	0	0	0	0	0	0	0	0	2	0	4	4	3	2	0	8
869.200	0	43	3	20	0	1	0	8	5	0	0	0	2	15	0	0	16	3	0	0	0	0	0	0	0	0	0	0	2	0	4	3	5	2	0	13
869.400	0	40	1	18	0	1	0	10	5	0	0	0	4	13	0	0	17	12	0	0	0	0	0	0	0	0	0	0	2	0	4	4	4	5	0	12
869.600	0	32	4	16	0	1	0	16	5	0	0	0	3	8	1	0	26	7	0	0	0	0	0	0	0	0	0	0	0	0	4	7	4	2	0	12
869.800	0	38	3	21	0	1	0	9	6	0	0	0	4	6	0	0	13	3	0	0	0	0	0	0	0	0	0	0	2	0	4	4	4	3	0	11
870.000	0	29	6	20	0	0	0	10	8	0	0	0	2	8	0	0	14	4	0	0	0	0	0	0	0	0	0	0	1	0	4	3	3	2	0	11
870.200	0	24	5	15	0	0	0	17	3	0	0	0	2	8	0	0	20	10	0	0	0	0	0	0	0	0	0	0	2	2	4	2	3	2	0	11
870.400	0	26	3	17	0	3	0	13	3	0	0	0	2	10	0	0	21	6	0	0	0	0	0	0	0	0	0	0	2	0	4	2	3	4	0	12
870.600	0	33	5	13	0	2	0	12	3	0	0	0	2	13	0	0	21	7	0	0	0	0	0	0	0	0	0	0	2	0	4	2	4	3	0	9
870.800	0	33	6	16	0	1	0	12	4	0	0	0	4	14	0	0	17	13	0	0	0	0	0	0	0	0	0	0	2	1	4	3	2	4	0	11
871.000	0	18	3	20	0	1	0	16	5	0	0	0	4	18	0	0	17	1	0	0	0	0	0	0	0	0	0	0	2	0	4	6	4	2	0	9
871.200	0	37	3	20	0	1	0	11	6	0	0	0	2	14	0	0	24	3	0	0	0	0	0	0	0	0	0	0	2	1	4	3	3	1	0	13
871.400	0	32	6	20	0	1	0	15	6	0	0	0	2	20	0	0	21	0	0	0	0	0	0	0	0	0	0	0	2	1	4	0	3	2	0	9
871.600	0	27	4	20	0	1	0	9	4	0	0	0	2	9	0	0	26	6	0	0	0	0	0	0	0	0	0	0	2	1	4	3	6	4	0	12
871.800	0	30	4	19	0	1	0	8	7	0	0	0	2	14	0	0	27	9	0	0	0	0	0	0	0	0	0	0	2	0	4	3	6	4	0	12
872.000	0	16	5	19	0	1	0	11	4	0	0	0	2	7	0	0	21	11	0	0	0	0	0	0	0	0	0	0	1	0	3	4	5	2	0	13
872.200	0	26	2	20	0	3	0	10	5	0	0	0	2	11	0	0	26	13	0	0	0	0	0	0	0	0	0	0	2	0	4	4	2	5	0	12
872.400	0	37	4	16	0	2	0	7	6	0	0	0	2	14	0	0	16	4	0	0	0	0	0	0	0	0	0	0	2	2	4	1	4	4	0	12
872.600	0	36	5	13	0	1	0	15	6	0	0	0	2	10	0	0	20	3	0	0	0	0	0	0	0	0	0	0	2	2	4	3	9	5	0	13
872.800	0	25	2	17	0	1	0	10	4	0	0	0	2	9	0	0	22	6	0	0	0	0	0	0	0	0	0	0	0	0	2	1	2	2	0	6
873.000	0	29	4	13	0	0	0	10	6	0	0	0	2	5	0	0	14	7	0	0	0	0	0	0	0	0	0	0	1	0	4	5	7	3	0	11
873.200	0	34	7	21	0	3	0	11	3	0	0	0	4	15	0	0	20	8	0	0	0	0	0	0	0	0	0	0	1	0	4	3	5	2	0	7
873.400	0	43	5	21	0	1	0	8	7	0	0	0	2	13	0	0	14	8	0	0	0	0	0	0	0	0	0	0	2	0	3	1	4	4	0	13
873.600	0	20	3	17	0	1	0	15	3	0	0	0	3	7	2	0	17	3	0	0	0	0	0	0	0	0	0	0	2	2	4	7	7	5	0	12
873.800	0	26	6	23	0	1	0	13	4	0	0	0	2	10	0	0	19	7	0	0	0	0	0	0	0	0	0	0	0	0	4	5	3	2	0	10
874.000	0	18	4	24	0	0	0	12	3	0	0	0	2	8	0	0	22	8	0	0	0	0	0	0	0	0	0	0	2	2	4	4	5	3	0	11
874.200	0	39	5	22	0	1	0	14	2	0	0	0	2	5	0	0	20	5	0	0	0	0	0	0	0	0	0	0	0	0	4	5	3	3	0	8
874.400	0	21	8	21	0	1	0	18	5	0	0	0	2	12	1	0	14	6	0	0	0	0	0	0	0	0	0	0	2	0	4	3	5	4	0	9
874.600	0	43	4	20	0	1	0	20	1	0	0	0	2	14	0	0	26	0	0	0	0	0	0	0	0	0	0	0	2	2	4	0	3	5	0	9
874.800	0	26	1	19	0	0	0	17	4	0	0	0	2	11	1	0	20	0	0	0	0	0	0	0	0	0	0	0	2	1	5	3	3	5	0	11
875.000	0	25	1	6	0	0	0	19	3	0	0	0	2	13	0	0	19	0	0	0	0	0	0	0	0	0	0	0	2	0	4	0	4	5	0	5
875.200	0	40	2	9	0	0	0	22	7	0	0	0	3	10	1	0	16	1	0	0	0	0	0	0	0	0	0	0	3	0	4	2	2	4	0	11
875.400	0	28	0	9	0	1	0	20	4	0	0	0	4	17	0	0	22	0	0	0	0	0	0	0	0	0	0	0	2	0	5	3	3	5	0	11
875.600	0	29	6	16	0	1	0	30	8	0	0	0	4	13	0	0	22	9	0	0	0	0	0	0	0	0	0	0	3	0	5	1	4	5	0	10
875.800	0	40	4	14	0	1	0	20	5	0	0	0	3	7	1	0	14	8	0	0	0	0	0	0	0	0	0	0	3	0	5	3	4	3	0	10
876.000	0	38	1	13	0	1	0	17	5	0	0	0	3	15	0	0	23	5	0	0	0	0	0	0	0	0	0	0	3	0	5	0	3	1	0	12
876.200	0	25	0	13	0	1	0	14	1	0	0	0	2	13	2	0	23	10	0	0	0	0	0	0	0	0	0	0	3	2	6	0	4	5	0	10
876.400	0	33	6	17	0	1	0	22	4	0	0	0	2	15	0	0	15	7	0	0	0	0	0	0	0	0	0	0	2	0	4	0	3	2	0	10
876.600	0	28	7	19	0	1	0	19	5	0	0	0	2	10	0	0	17	6	0	0	0	0	0	0	0	0	0	0	3	1	6	3	7	3	0	12
876.800	0	36	8	15	0	1	0	15	6	0	0	0	4	13	1	0	18	2	0	0	0	0	0	0	0	0	0	0	3	1	5	2	5	4	0	12
877.000	0	38	3	10	0	1	0	24	5	0	0	0	4	11	0	0	25	5	0	0	0	0	0	0	0	0	0	0	3	0	4	3	4	2	0	12
877.200	0	36	1	14	0	1	0	21	5	0	0	0	2	14	1	0	17	3	0	0	0	0	0	0	0	0	0	0	2	1	5	5	7	4	0	8
877.400	0	30	6	16	0	1	0	18	6	0	0	0	2	12	0	0	17	4	0	0	0	0	0	0	0	0	0	0	3	0	5	3	3	3	0	11
877.600	0	45	1	14	0	1	0	23	4	0	0	0	3	10	2	0	17	3	0	0	0	0	0	0	0	0	0	0	2	0	5	0	4	4	0	13
877.800	0	39	7	18	0	0	0	18	4	0	0	0	4	14	0	0	16	3	0	0	0	0	0	0	0	0	0	0	2	0	4	2	3	2	0	13
878.000	0	38	1	15	0	1	0	21	2	0	0	0	3	11	0	0	11	3	0	0	0	0	0	0	0	0	0	0	2	0	4	0	5	3	0	11
878.200	0	38	6	12	0	1	0	22	4	0	0	0	3	11	0	0	17	7	0	0	0	0	0	0	0	0	0	0	2	0	5	0	8	4	0	10
878.400	0	32	3	14	0	0	0	20	3	0	0	0	3	13	0	0	19	2	0	0	0	0	0	0	0	0	0	0	3	0	3	3	6	1	0	12
878.600	0	40	2	17	0	1	0	18	5	0	0	0	5	10	0	0	17	3	0	0	0	0	0	0	0	0	0	0	3	0	6	0	5	5	0	12
878.800	0	38	4	15	0	1	0	23	2	0	0	0	4	14	0	0	22	7	0	0	0	0	0	0	0	0	1	0	3	0	4	0	3	2	0	12
879.000	0	35	3	11	0	1	0	20	4	0	0	0	5	13	0	0	18	6	0	0	0	0	0	0	0	0	0	0	3	0	5	2	3	1	0	11
879.200	0	38	2	12	0	1	0	22	3	0	0	0	2	11	0	0	15	2	0	0	0	0	0	0	0	0	0	0	3	2	6	2	3	2	0	9
879.400	0	22	6	16	0	0	0	17	5	0	0	0	3	16	0	0	14	3	0	0	0	0	0	0	0	0	1	0	2	0	4	4	6	4	0	12
879.600	0	38	3	10	0	0	0	19	2	0	0	0	4	16	0	0	25	4	0	0	0	0	0	0	0	0	1	0	3	2	6	2	7	4	0	12
879.800	0	39	1	14	0	1	0	25	3	0	0	0	3	11	0	0	18	6	0	0	0	0	0	0	0	0	0	0	3	2	4	3	8	4	0	10
880.000	0	27	0	11	0	1	0	23	5	0	0	0	2	10	1	0	15	5	0	0	0	0	0	0	0	0	0	0	3	2	5	6	3	2	0	9
880.200	0	33	0	9	0	1	0	23	0	0	0	0	2	13	0	0	17	8	0	0	0	0	0	0	0	0	0	0	4	2	5	2	3	2	0	9
880.400	0	36	6	14	0	1	0	20	0	0	0	0	2	9	1	0	21	7	0	0	0	0	0	0	0	0	0	0	3	0	4	2	3	3	0	10
880.600	0	42	7	14	0	1	0	23	0	0	0	0	3	12	0	0	22	8	0	0	0	0	0	0	0	0	0	0	2	0	5	3	4	2	0	11
880.800	0	34	0	10	0	1	0	19	0	0	0	0	5	13	0	0	24	9	0	0	0	0	0	0	0	0	0	0	4	0	2	4	5	4	0	11
881.000	0	41	4	11	0	1	0	18	0	0	0	0	2	12	0	0	13	5	0	0	0	0	0	0	0	0	0	0	2	0	4	0	2	5	0	10
881.200	0	46	1	13	0	1	0	19	0	0	0	0	3	10	0	0	16	8	0	0	0	0	0	0	0	0	0	0	3	0	4	4	2	4	0	11
881.400	0	31	3	14	0	1	0	24	0	0	0	0	3	13	0	0	24	5	0	0	0	0	0	0	0	0	0	0	6	0	1	3	4	2	0	9
881.600	0	24	3	12	0	1	0	16	0	0	0	0	2	14	0	0	25	9	0	0	0	0	0	0	0	0	0	0	3	0	2	1	4	4	0	11
881.800	0	35	2	9	0	1	0	15	0	0	0	0	3	14	0	0	24	8	0	0	0	0	0	0	0	0	0	0	2	0	4	4	3	5	0	11
882.000	0	36	4	17	0	1	0	21	1	0	0	0	5	8	0	0	18	4	0	0	0	0	0	0	0	0	0	0	2	0	3	4	4	4	0	4
882.200	0	28	3	17	0	1	0	19	0	0	0	0	3	10	0	0	14	7	0	0	0	0	0	0	0	0	0	0	3	0	3	5	4	2	0	8
882.400	0	36	4	19	0	1	0	17	0	0	0	0	4	7	0	0	24	7	0	0	0	0	0	0	0	0	0	0	2	1	4	4	4	2	0	5
882.600	0	19	5	20	0	1	0	23	0	0	0	0	5	13	1	0	24	7	0	0	0	0	0	0	0	0	0	0	2	0	5	7	8	3	0	10
882.800	0	36	3	18	0	1	0	16	0	0	0	0	5	19	1	0	19	10	0	0	0	0	0	0	0	0	0	0	4	2	4	4	7	4	0	11
883.000	0	24	2	18	0	1	0	21	0	0	0	0	5	16	0	0	19	10	0	0	0	0	0	0	0	0	0	0	2	0	4	4	3	3	0	4
883.200	0	35	2	22	0	1	0	15	0	0	0	0	4	16	0	0	20	9	0	0	0	0	0	0	0	0	0	0	2	0	4	8	4	3	0	2
883.400	0	33	3	17	0	1	0	22	0	0	0	0	3	16	0	0	19	9	0	0	0	0	0	0	0	0	0	0	2	0	5	2	5	5	0	8
883.600	0	37	6	22	0	1	0	24	0	0	0	0	3	16	0	0	24	8	0	0	0	0	0	0	0	0	0	0	2	0	4	4	4	6	0	3
883.800	0	37	7	19	0	1	0	24	0	0	0	0	5	17	1	0	22	9	0	0	0	0	0	0	0	0	0	0	2	1	3	2	4	5	0	5
884.000	0	25	6	20	0	1	0	21	0	0	0	0	4	14	0	0	18	6	0	0	0	0	0	0	0	0	0	0	2	0	4	1	6	5	0	5
884.200	0	38	3	17	0	1	0	15	0	0	0	0	5	16	0	0	15	6	0	0	0	0	0	0	0	0	0	0	2	0	3	5	6	5	0	1
884.400	0	43	5	20	0	1	0	25	0	0	0	0	3	12	0	0	17	6	0	0	0	0	0	0	0	0	0	0	2	0	4	3	4	4	0	7
884.600	0	28	6	16	0	1	0	15	0	0	0	0	2	14	0	0	22	9	0	0	0	0	0	0	0	0	0	0	2	0	5	3	4	4	0	7
884.800	0	16	7	15	0	1	0	12	0	0	0	0	3	18	0	0	23	5	0	0	0	0	0	0	0	0	0	0	2	0	4	2	3	2	0	2
885.000	0	37	9	21	0	2	0	14	0	0	0	0	4	13	0	0	21	4	0	0	0	0	0	0	0	0	0	0	2	1	4	4	7	2	0	9
885.200	0	36	7	20	0	1	0	24	1	0	0	0	3	15	0	0	17	0	0	0	0	0	0	0	0	0	0	0	3	1	4	5	3	2	0	8
885.400	0	29	3	20	0	1	0	13	0	0	0	0	4	12	0	0	16	0	0	0	0	0	0	0	0	0	0	0	3	1	4	0	3	2	0	7
885.600	0	39	4	16	0	1	0	18	2	0	0	0	3	10	0	0	14	0	0	0	0	0	0	0	0	0	0	0	2	2	4	2	3	2	0	8
885.800	0	41	3	17	0	2	0	14	3	0	0	0	2	15	0	0	18	0	0	0	0	0	0	0	0	0	0	0	2	2	5	0	2	5	0	5
886.000	0	42	4	22	0	1	0	22	0	0	0	0	2	13	0	0	16	1	0	0	0	0	0	0	0	0	0	0	2	0	5	1	4	4	0	6
886.200	0	26	7	23	0	1	0	18	0	0	0	0	3	11	0	0	13	0	0	0	0	0	0	0	0	0	0	0	2	1	5	4	6	4	0	3
886.400	0	36	2	17	0	2	0	18	0	0	0	0	2	13	0	0	16	7	0	0	0	0	0	0	0	0	0	0	2	3	5	1	5	3	0	2
886.600	0	23	3	22	0	1	0	22	0	0	0	0	2	14	0	0	18	5	0	0	0	0	0	0	0	0	0	0	2	2	5	2	4	3	0	2
886.800	0	29	6	17	0	1	0	15	1	0	0	0	4	6	0	0	16	8	0	0	0	0	0	0	0	0	0	0	2	2	5	3	6	4	0	8
887.000	0	31	4	19	0	1	0	27	0	0	0	0	2	11	0	0	24	9	0	0	0	0	0	0	0	0	0	0	3	0	3	1	6	3	0	6
887.200	0	34	4	15	0	1	0	20	0	0	0	0	3	19	0	0	20	7	0	0	0	0	0	0	0	0	0	0	2	0	4	2	3	3	0	7
887.400	0	32	5	20	0	1	0	26	0	0	0	0	5	9	0	0	21	8	0	0	0	0	0	0	0	0	0	0	2	2	4	0	3	4	0	5
887.600	0	38	5	14	0	2	0	24	1	0	0	0	4	11	0	0	22	4	0	0	0	0	0	0	0	0	0	0	4	2	5	4	2	4	0	2
887.800	0	38	7	17	0	0	0	22	0	0	0	0	4	16	0	0	26	6	0	0	0	0	0	0	0	0	0	0	2	1	5	2	1	3	0	4
888.000	0	30	8	20	0	1	0	17	0	0	0	0	2	14	0	0	18	9	0	0	0	0	0	0	0	0	0	0	3	0	5	2	3	3	0	4
888.200	0	33	3	18	0	1	0	17	0	0	0	0	4	12	0	0	18	9	0	0	0	0	0	0	0	0	0	0	2	2	5	2	7	5	0	3
888.400	0	28	6	14	0	1	0	18	0	0	0	0	3	11	0	0	21	3	0	0	0	0	0	0	0	0	0	0	4	0	4	4	3	4	0	6
888.600	0	26	2	16	0	1	0	11	1	0	0	0	2	14	0	0	21	7	0	0	0	0	0	0	0	0	0	0	2	0	4	6	3	3	0	6
888.800	0	39	3	14	0	1	0	19	1	0	0	0	3	11	0	0	20	8	0	0	0	0	0	0	0	0	0	0	2	0	3	6	5	4	0	4
889.000	0	43	5	22	0	3	0	15	0	0	0	0	3	9	0	0	20	8	0	0	0	0	0	0	0	0	0	0	3	0	4	3	5	5	0	8
889.200	0	27	3	16	0	2	0	16	0	0	0	0	4	14	0	0	14	8	0	0	0	0	0	0	0	0	0	0	2	0	5	5	2	4	0	3
889.400	0	42	7	16	0	0	0	13	0	0	0	0	5	13	0	0	21	9	0	0	0	0	0	0	0	0	0	0	2	0	4	3	3	4	0	7
889.600	0	45	3	16	0	2	0	22	0	0	0	0	2	13	0	0	24	3	0	0	0	0	0	0	0	0	0	0	2	0	4	0	4	5	0	4
889.800	0	23	4	16	0	1	0	18	0	0	0	0	4	13	0	0	19	0	0	0	0	0	0	0	0	0	0	0	2	1	5	4	5	4	0	7
890.000	0	36	7	13	0	3	0	8	0	0	0	0	5	11	0	0	24	10	0	0	0	0	0	0	0	0	0	0	2	1	5	1	3	4	0	6
890.200	0	37	3	18	0	1	0	20	0	0	0	0	3	17	0	0	23	4	0	0	0	0	0	0	0	0	0	0	1	3	4	2	6	4	0	5
890.400	0	36	4	17	0	1	0	16	1	0	0	0	4	14	0	0	19	3	0	0	0	0	0	0	0	0	0	0	2	1	4	3	3	4	0	3
890.600	0	39	3	16	0	1	0	12	0	0	0	0	3	12	0	0	22	7	0	0	0	0	0	0	0	0	0	0	2	0	4	3	4	1	0	5
890.800	0	23	4	20	0	1	0	20	0	0	0	0	4	13	0	0	22	7	0	0	0	0	0	0	0	0	0	0	2	2	5	1	3	2	0	6
891.000	0	41	6	21	0	1	0	24	0	0	0	0	3	14	1	0	24	8	0	0	0	0	0	0	0	0	0	0	2	0	5	4	6	2	0	5
891.200	0	36	5	24	0	1	0	18	1	0	0	0	3	9	0	0	25	7	0	0	0	0	0	0	0	0	0	0	2	0	4	0	3	2	0	4
891.400	0	27	4	22	0	2	0	22	2	0	0	0	4	14	0	0	21	0	0	0	0	0	0	0	0	0	0	0	4	0	5	5	1	3	0	4
891.600	0	23	5	20	0	1	0	23	0	0	0	0	4	13	0	0	17	7	0	0	0	0	0	0	0	0	0	0	2	0	4	5	3	3	0	5
891.800	1	40	4	18	0	1	0	15	0	0	0	0	3	7	0	0	19	8	0	0	0	0	0	0	0	0	0	0	3	0	4	0	4	3	0	4
892.000	0	31	3	19	0	1	0	21	0	0	0	0	4	16	0	0	23	6	0	0	0	0	0	0	0	0	0	0	2	0	4	2	4	4	0	5
892.200	0	28	4	23	0	2	0	23	0	0	0	0	3	14	0	0	13	6	0	0	0	0	0	0	0	0	0	0	2	0	4	3	1	3	0	5
892.400	0	19	6	23	0	1	0	23	0	0	0	0	2	11	0	0	17	5	0	0	0	0	0	0	0	0	0	0	2	0	4	2	7	4	0	6
892.600	0	49	3	19	0	1	0	15	1	0	0	0	4	14	0	0	19	3	0	0	0	0	0	0	0	0	0	0	3	0	5	3	6	4	0	6
892.800	0	33	6	18	0	1	0	17	0	0	0	0	4	9	0	0	18	2	0	0	0	0	0	0	0	0	0	0	2	0	4	4	4	5	0	6
893.000	0	36	4	21	0	1	0	14	0	0	0	0	3	12	1	0	20	7	0	0	0	0	0	0	0	0	0	0	2	1	5	4	7	4	0	9
893.200	0	22	7	18	0	1	0	20	2	0	0	0	3	15	0	0	27	10	0	0	0	0	0	0	0	0	0	0	2	0	5	3	4	4	0	5
893.400	0	39	5	17	0	0	0	23	0	0	0	0	3	17	0	0	17	9	0	0	0	0	0	0	0	0	0	0	2	1	5	1	6	4	0	6
893.600	0	40	6	16	0	0	0	24	0	0	0	0	4	16	0	0	16	5	0	0	0	0	0	0	0	0	0	0	1	0	4	4	5	5	0	6
893.800	0	48	5	16	0	1	0	14	2	0	0	0	2	16	0	0	17	8	0	0	0	0	0	0	0	0	0	0	2	0	4	3	4	2	0	5
894.000	0	45	8	14	0	1	0	22	0	0	0	0	2	16	0	0	28	1	0	0	0	0	0	0	0	0	0	0	2	1	5	2	3	1	0	7
894.200	0	39	2	14	0	1	0	21	1	0	0	0	2	19	0	0	17	5	0	0	0	0	0	0	0	0	0	0	2	0	5	3	4	5	0	4
894.400	0	43	4	18	0	1	0	12	1	0	0	0	2	10	0	0	16	5	0	0	0	0	0	0	0	0	0	0	1	0	5	4	6	4	0	5
894.600	0	41	2	19	0	2	0	19	3	0	0	0	2	7	0	0	14	1	0	0	0	0	0	0	0	0	0	0	2	0	4	4	4	4	0	7
894.800	0	23	5	25	0	1	0	19	1	0	0	0	2	9	0	0	16	0	0	0	0	0	0	0	0	0	0	0	0	0	4	2	6	4	0	7
895.000	0	36	4	19	0	1	0	22	0	0	0	0	2	16	0	0	19	0	0	0	0	0	0	0	0	0	0	0	2	0	5	2	6	4	0	6
895.200	0	40	5	16	0	1	0	23	0	0	0	0	2	18	0	0	13	3	0	0	0	0	0	0	0	0	0	0	2	0	5	2	4	5	0	6
895.400	0	47	6	15	0	1	0	19	1	0	0	0	2	12	0	0	17	2	0	0	0	0	0	0	0	0	0	0	3	2	5	4	3	6	0	4
895.600	0	37	5	18	0	1	0	17	0	0	0	0	2	16	0	0	14	2	0	0	0	0	0	0	0	0	0	0	2	0	5	4	5	4	0	5
895.800	0	30	3	19	0	1	0	20	0	0	0	0	3	11	0	0	15	3	0	0	0	0	0	0	0	0	0	0	2	0	4	0	4	4	0	7
896.000	0	41	7	21	0	1	0	22	0	0	0	0	3	13	0	0	9	2	0	0	0	0	0	0	0	0	0	0	2	0	5	1	7	4	0	5
896.200	0	45	7	17	0	1	0	8	0	0	0	0	2	13	0	0	13	3	0	0	0	0	0	0	0	0	0	0	2	0	4	2	3	2	0	4
896.400	0	37	6	16	0	1	0	12	0	0	0	0	3	13	0	0	12	3	0	0	0	0	0	0	0	0	0	0	3	0	5	0	4	2	0	6
896.600	0	47	3	14	0	1	0	16	0	0	0	0	2	17	0	0	15	2	0	0	0	0	0	0	0	0	0	0	2	0	5	4	6	2	0	7
896.800	0	30	6	21	0	1	0	20	0	0	0	0	4	15	0	0	16	3	0	0	0	0	0	0	0	0	0	0	3	1	6	4	7	4	0	4
897.000	0	43	6	16	0	1	0	19	0	0	0	0	4	13	0	0	13	2	0	0	0	0	0	0	0	0	0	0	2	0	4	3	4	2	0	5
897.200	0	39	4	20	0	1	0	19	0	0	0	0	4	13	0	0	13	2	0	0	0	0	0	0	0	0	0	0	4	0	3	4	4	3	0	4
897.400	0	34	5	17	0	0	0	17	0	0	0	0	4	12	0	0	15	1	0	0	0	0	0	0	0	0	0	0	3	0	4	4	7	4	0	3
897.600	0	31	2	13	0	1	0	17	0	0	0	0	3	11	0	0	13	2	0	0	0	0	0	0	0	0	0	0	3	0	5	6	3	3	0	7
897.800	0	42	5	21	0	1	0	13	0	0	0	0	5	14	0	0	16	5	0	0	0	0	0	0	0	0	0	0	2	0	5	3	8	2	0	3
898.000	0	40	4	19	0	1	0	28	0	0	0	0	4	10	0	0	16	2	0	0	0	0	0	0	0	0	0	0	4	0	3	6	8	1	0	5
898.200	0	44	4	21	0	0	0	22	0	0	0	0	2	13	0	0	12	2	0	0	0	0	0	0	0	0	0	0	3	0	4	3	5	4	0	5
898.400	0	31	10	22	0	1	0	16	0	0	0	0	2	12	0	0	22	2	0	0	0	0	0	0	0	0	0	0	3	0	4	3	6	3	0	6
898.600	0	36	6	16	0	0	0	19	0	0	0	0	2	14	0	0	14	2	0	0	0	0	0	0	0	0	0	0	4	0	5	1	7	5	0	7
898.800	0	27	3	17	0	0	0	27	0	0	0	0	3	12	0	0	13	2	0	0	0	0	0	0	0	0	0	0	3	0	4	3	7	5	0	3
899.000	0	29	6	25	0	1	0	24	0	0	0	0	2	11	1	0	16	1	0	0	0	0	0	0	0	0	0	0	2	0	5	2	4	5	0	4
899.200	0	20	4	25	0	1	0	23	0	0	0	0	4	13	0	0	12	5	0	0	0	0	0	0	0	0	0	0	2	0	3	0	3	4	0	8
899.400	0	38	9	20	0	1	0	20	0	0	0	0	2	11	0	0	17	5	0	0	0	0	0	0	0	0	0	0	2	0	5	3	7	5	0	3
899.600	0	35	6	21	0	1	0	13	0	0	0	0	2	11	0	0	19	8	0	0	0	0	0	0	0	0	0	0	3	0	5	5	4	3	0	4
899.800	0	33	7	24	0	1	0	18	0	0	0	0	2	15	0	0	12	3	0	0	0	0	0	0	0	0	0	0	0	0	3	1	4	2	0	9
900.000	0	40	8	21	0	1	0	18	0	0	0	0	2	6	2	0	15	2	0	0	0	0	0	0	0	0	0	0	2	0	5	2	3	3	0	5
900.200	0	36	8	19	0	1	0	25	0	0	0	0	3	11	1	0	17	3	0	0	0	0	0	0	0	0	0	0	2	0	5	2	5	3	0	4
900.400	0	30	4	20	0	0	0	15	0	0	0	0	2	14	0	0	13	4	0	0	0	0	0	0	0	0	0	0	2	0	5	2	3	2	0	7
900.600	0	31	6	23	0	1	0	18	0	0	0	0	2	6	2	0	18	5	0	0	0	0	0	0	0	0	0	0	3	0	4	5	4	2	0	4
900.800	0	42	5	19	0	1	0	18	0	0	0	0	2	10	1	0	15	1	0	0	0	0	0	0	0	0	0	0	3	0	4	1	8	4	0	4
901.000	0	52	4	19	0	1	0	19	0	0	0	0	2	10	1	0	17	2	0	0	0	0	0	0	0	0	0	0	2	0	4	2	4	3	0	3
901.200	0	17	5	18	0	0	0	17	0	0	0	0	2	9	1	0	24	0	0	0	0	0	0	0	0	0	0	0	3	2	5	2	5	4	0	6
901.400	0	39	7	15	0	0	0	24	0	0	0	0	2	5	1	0	17	0	0	0	0	0	0	0	0	0	0	0	1	1	5	3	4	3	0	8
901.600	0	32	4	14	0	0	0	20	0	0	0	0	2	11	0	0	16	0	0	0	0	0	0	0	0	0	0	0	2	2	5	0	4	2	0	6
901.800	0	32	4	16	0	0	0	16	0	0	0	0	2	12	0	0	12	0	0	0	0	0	0	0	0	0	0	0	2	0	5	0	4	3	0	5
902.000	0	31	4	14	0	0	0	22	0	0	0	0	2	10	0	0	16	0	0	0	0	0	0	0	0	0	0	0	5	0	5	0	3	3	0	3
902.200	0	29	4	17	0	1	0	17	0	0	0	0	2	12	1	0	15	0	0	0	0	0	0	0	0	0	0	0	2	0	4	5	2	3	0	4
902.400	0	34	3	19	0	1	0	21	0	0	0	0	2	12	0	0	20	0	0	0	0	0	0	0	0	0	0	0	2	0	5	4	2	3	0	7
902.600	0	40	2	16	0	1	0	23	0	0	0	0	2	15	0	0	15	6	0	0	0	0	0	0	0	0	0	0	2	0	5	0	2	2	0	6
902.800	0	34	6	14	0	0	0	21	0	0	0	0	2	11	0	0	14	0	0	0	0	0	0	0	0	0	0	0	2	0	5	0	3	3	0	7
903.000	0	34	7	12	0	0	0	17	0	0	0	0	2	11	0	0	22	1	0	0	0	0	0	0	0	0	0	0	3	0	5	3	3	5	0	9
903.200	0	37	6	11	0	1	0	15	0	0	0	0	3	12	0	0	11	9	0	0	0	0	0	0	0	0	0	0	3	2	5	2	4	4	0	3
903.400	0	38	7	14	0	1	0	11	0	0	0	0	2	18	0	0	16	7	0	0	0	0	0	0	0	0	0	0	2	0	4	1	5	5	0	4
903.600	0	34	8	12	0	1	0	12	0	0	0	0	2	14	0	0	17	5	0	0	0	0	0	0	0	0	0	0	2	0	5	1	4	5	0	6
903.800	0	23	4	15	0	1	0	11	0	0	0	0	2	12	1	0	15	0	0	0	0	0	0	0	0	0	0	0	2	1	5	2	7	5	0	4
904.000	0	33	3	17	0	1	0	16	0	0	0	0	2	15	0	0	20	0	0	0	0	0	0	0	0	0	0	0	3	2	5	1	4	2	0	6
904.200	0	28	8	13	0	1	0	17	0	0	0	0	2	10	0	0	17	1	0	0	0	0	0	0	0	0	0	0	2	0	5	2	8	5	0	5
904.400	0	35	8	19	0	1	0	21	0	0	0	0	2	9	0	0	15	2	0	0	0	0	0	0	0	0	0	0	2	0	5	4	4	4	0	5
904.600	0	34	7	15	0	0	0	14	0	0	0	0	2	7	0	0	15	5	0	0	0	0	0	0	0	0	0	0	2	0	5	2	6	3	0	6
904.800	0	30	6	10	0	1	0	10	0	0	0	0	4	10	1	0	19	3	0	0	0	0	0	0	0	0	0	0	2	0	5	3	4	4	0	8
905.000	0	23	6	16	0	1	0	20	0	0	0	0	5	8	0	0	18	4	0	0	0	0	0	0	0	0	0	0	2	0	5	3	3	2	0	5
905.200	0	39	8	18	0	0	0	15	0	0	0	0	3	12	1	0	17	4	0	0	0	0	0	0	0	0	0	0	3	0	5	2	3	2	0	6
905.400	0	40	6	16	0	1	0	12	0	0	0	0	4	13	1	0	17	2	0	0	0	0	0	0	0	0	0	0	3	0	5	4	6	2	0	4
905.600	0	37	6	13	0	0	0	19	0	0	0	0	3	9	0	0	18	0	0	0	0	0	0	0	0	0	0	0	3	0	5	0	6	3	0	4
905.800	0	30	2	15	0	1	0	21	0	0	0	0	4	12	0	0	15	4	0	0	0	0	0	0	0	0	0	0	3	2	5	3	5	4	0	2
906.000	0	44	4	15	0	1	0	18	0	0	0	0	3	7	1	0	13	6	0	0	0	0	0	0	0	0	0	0	2	0	5	5	2	4	0	5
906.200	0	38	7	16	0	1	0	16	0	0	0	0	3	13	0	0	22	7	0	0	0	0	0	0	0	0	0	0	2	0	4	3	3	2	0	6
906.400	0	52	9	14	0	0	0	18	0	0	0	0	4	13	1	0	20	3	0	0	0	0	0	0	0	0	0	0	2	0	5	2	2	3	0	7
906.600	0	43	4	16	0	1	0	20	0	0	0	0	5	8	1	0	18	4	0	0	0	0	0	0	0	0	0	0	2	0	5	0	4	5	0	8
906.800	0	43	5	18	0	1	0	20	0	0	0	0	3	10	0	0	19	2	0	0	0	0	0	0	0	0	0	0	3	1	5	3	4	2	0	4
907.000	0	42	4	14	0	1	0	17	0	0	0	0	3	11	1	0	19	1	0	0	0	0	0	0	0	0	0	0	2	0	6	2	5	3	0	8
907.200	0	39	6	18	0	1	0	11	0	0	0	0	3	11	0	0	19	1	0	0	0	0	0	0	0	0	0	0	2	0	5	5	4	2	0	4
907.400	0	22	6	15	0	1	0	15	0	0	0	0	3	15	0	0	20	5	0	0	0	0	0	0	0	0	0	0	3	0	5	3	7	2	0	7
907.600	0	49	8	17	0	0	0	20	0	0	0	0	2	10	0	0	20	3	0	0	0	0	0	0	0	0	0	0	2	0	5	5	5	2	0	5
907.800	0	37	7	20	0	1	0	27	0	0	0	0	2	11	0	0	19	2	0	0	0	0	0	0	0	0	0	0	4	1	5	4	4	2	0	7
908.000	0	41	8	21	0	1	0	19	0	0	0	0	5	10	0	0	14	1	0	0	0	0	0	0	0	0	0	0	3	0	4	4	5	2	0	5
908.200	0	43	6	20	0	1	0	18	0	0	0	0	3	14	0	0	16	2	0	0	0	0	0	0	0	0	0	0	3	2	5	2	6	2	0	9
908.400	0	33	7	26	0	1	0	11	0	0	0	0	3	12	0	0	18	4	0	0	0	0	0	0	0	0	0	0	3	0	5	4	9	4	0	5
908.600	0	38	6	19	0	0	0	13	0	0	0	0	2	12	0	0	21	7	0	0	0	0	0	0	0	0	0	0	2	0	5	3	4	1	0	4
908.800	0	40	6	16	0	1	0	21	0	0	0	0	2	11	0	0	18	2	0	0	0	0	0	0	0	0	0	0	3	0	5	4	5	2	0	8
909.000	0	55	8	21	0	1	0	19	0	0	0	0	2	9	0	0	14	2	0	0	0	0	0	0	0	0	0	0	2	0	5	2	6	3	0	3
909.200	0	41	6	17	0	1	0	21	0	0	0	0	3	11	0	0	18	0	0	0	0	0	0	0	0	0	0	0	2	0	5	5	3	5	0	4
909.400	0	27	8	17	0	0	0	23	0	0	0	0	4	9	0	0	18	0	0	0	0	0	0	0	0	0	0	0	2	1	5	5	2	2	0	6
909.600	0	51	3	18	0	1	0	23	0	0	0	0	2	9	1	0	17	0	0	0	0	0	0	0	0	0	0	0	3	0	5	4	4	3	0	4
909.800	0	38	4	20	0	1	0	14	0	0	0	0	2	5	0	0	13	0	0	0	0	0	0	0	0	0	1	0	3	0	4	2	4	3	0	3
910.000	0	30	4	17	0	0	0	16	0	0	0	0	2	8	0	0	15	0	0	0	0	0	0	0	0	0	0	0	3	0	4	5	4	2	0	4
910.200	0	44	7	21	0	1	0	16	0	0	0	0	4	16	0	0	18	0	0	0	0	0	0	0	0	0	0	0	2	0	4	3	7	5	0	4
910.400	0	41	8	15	0	1	0	16	0	0	0	0	2	12	0	0	15	0	0	0	0	0	0	0	0	0	0	0	4	0	5	0	5	2	0	7
910.600	0	18	5	11	0	1	0	15	0	0	0	0	3	11	0	0	18	0	0	0	0	0	0	0	0	0	0	0	3	0	5	0	3	3	0	2
910.800	0	25	10	17	0	1	0	13	0	0	0	0	3	18	0	0	16	0	0	0	0	0	0	0	0	0	0	0	2	0	5	2	6	5	0	3
911.000	0	30	9	17	0	1	0	11	0	0	0	0	2	11	0	0	18	0	0	0	0	0	0	0	0	0	0	0	2	1	5	2	3	4	0	4
911.200	0	30	6	15	0	1	0	17	0	0	0	0	3	12	1	0	17	0	0	0	0	0	0	0	0	0	0	0	2	0	5	2	4	5	0	11
911.400	0	35	7	18	0	1	0	15	0	0	0	0	5	12	0	0	20	0	0	0	0	0	0	0	0	0	0	0	2	0	5	5	3	2	0	4
911.600	0	18	3	12	0	1	0	19	0	0	0	0	1	12	0	0	16	1	0	0	0	0	0	0	0	0	0	0	2	1	5	0	4	2	0	4
911.800	0	34	7	17	0	0	0	22	0	0	0	0	1	14	0	0	19	0	0	0	0	0	0	0	0	0	0	0	3	0	3	1	6	2	0	3
912.000	0	46	7	16	0	1	0	20	0	0	0	0	2	8	0	0	13	0	0	0	0	0	0	0	0	0	0	0	2	0	5	3	4	5	0	7
912.200	0	32	4	17	0	1	0	20	0	0	0	0	3	8	0	0	16	1	0	0	0	0	0	0	0	0	0	0	2	0	5	1	6	5	0	2
912.400	0	28	6	17	0	1	0	15	0	0	0	0	4	12	0	0	15	6	0	0	0	0	0	0	0	0	0	0	2	0	5	2	3	6	0	5
912.600	0	38	3	14	0	1	0	15	0	0	0	0	2	10	0	0	20	0	0	0	0	0	0	0	0	0	0	0	3	0	5	2	8	5	0	6
912.800	0	28	5	14	0	1	0	17	0	0	0	0	3	12	1	0	23	0	0	0	0	0	0	0	0	0	0	0	3	2	6	1	3	4	0	7
913.000	0	32	5	18	0	1	0	20	0	0	0	0	4	4	1	0	19	0	0	0	0	0	0	0	0	0	0	0	2	1	5	3	5	4	0	8
913.200	0	34	8	11	0	1	0	13	0	0	0	0	3	11	2	0	20	3	0	0	0	0	0	0	0	0	0	0	3	3	6	3	2	3	0	6
913.400	0	28	6	15	0	1	0	10	0	0	0	0	4	10	1	0	21	6	0	0	0	0	0	0	0	0	0	0	2	0	5	1	4	5	0	7
913.600	0	25	4	16	0	1	0	19	0	0	0	0	4	11	1	0	18	6	0	0	0	0	0	0	0	0	0	0	2	0	4	1	4	5	0	6
913.800	0	29	10	19	0	1	0	16	0	0	0	0	4	17	0	0	20	6	0	0	0	0	0	0	0	0	0	0	3	0	4	1	1	4	0	6
914.000	0	37	2	13	0	1	0	22	0	0	0	0	3	20	0	0	13	6	0	0	0	0	0	0	0	0	0	0	2	0	5	0	2	6	0	7
914.200	0	35	7	17	0	1	0	15	0	0	0	0	4	18	0	0	20	4	0	0	0	0	0	0	0	0	0	0	2	0	4	3	4	4	0	7
914.400	0	30	5	18	0	0	0	15	0	0	0	0	4	20	0	0	11	2	0	0	0	0	0	0	0	0	0	0	0	0	0	4	2	5	0	5
914.600	0	24	8	20	0	0	0	14	0	0	0	0	2	18	0	0	14	0	0	0	0	0	0	0	0	0	0	0	3	0	5	2	4	4	0	6
914.800	0	27	11	18	0	0	0	13	0	0	0	0	3	16	0	0	11	1	0	0	0	0	0	0	0	0	0	0	2	0	5	2	4	4	0	7
915.000	0	32	9	14	0	0	0	9	0	0	0	0	3	14	0	0	11	5	0	0	0	0	0	0	0	0	0	0	3	2	5	4	3	2	0	4
915.200	0	33	9	18	0	0	0	12	0	0	0	0	2	12	0	0	14	7	0	0	0	0	0	0	0	0	0	0	2	0	5	1	3	2	0	6
915.400	0	36	10	19	0	0	0	18	0	0	0	0	2	13	0	0	13	2	0	0	0	0	0	0	0	0	0	0	3	0	4	4	4	3	0	5
915.600	0	42	10	18	0	0	0	12	0	0	0	0	2	14	0	0	13	0	0	0	0	0	0	0	0	0	0	0	2	0	5	0	4	1	0	8
915.800	0	33	9	15	0	1	0	13	0	0	0	0	5	12	0	0	21	0	0	0	0	0	0	0	0	0	0	0	2	0	5	3	3	2	0	8
916.000	0	42	7	15	0	0	0	16	0	0	0	0	2	22	0	0	21	0	0	0	0	0	0	0	0	0	0	0	2	0	4	4	4	5	0	6
916.200	0	34	10	16	0	0	0	14	0	0	0	0	2	13	0	0	13	0	0	0	0	0	0	0	0	0	0	0	2	1	5	0	3	6	0	7
916.400	0	33	7	21	0	1	0	17	0	0	0	0	3	7	0	0	19	6	0	0	0	0	0	0	0	0	0	0	2	0	4	3	3	6	0	7
916.600	0	34	7	18	0	0	0	16	0	0	0	0	2	12	0	0	18	7	0	0	0	0	0	0	0	0	0	0	3	0	4	3	4	8	1	7
916.800	0	28	8	18	0	1	0	19	0	0	0	0	1	7	0	0	15	0	0	0	0	0	0	0	0	0	0	0	2	0	5	6	2	6	0	7
917.000	0	41	5	17	0	1	0	16	0	0	0	0	2	9	0	0	18	0	0	0	0	0	0	0	0	0	0	0	2	0	4	2	4	6	0	6
917.200	0	33	5	13	0	1	0	14	0	0	0	0	3	10	0	0	12	0	0	0	0	0	0	0	0	0	0	0	3	0	4	2	3	5	0	7
917.400	0	36	2	15	0	1	0	14	0	0	0	0	3	9	0	0	12	0	0	0	0	0	0	0	0	0	0	0	3	0	5	6	2	6	0	6
917.600	0	31	8	16	0	1	0	12	0	0	0	0	2	6	0	0	11	0	0	0	0	0	0	0	0	0	0	0	5	0	4	2	6	5	0	5
917.800	0	29	6	10	0	1	0	11	0	0	0	0	4	13	0	0	12	0	0	0	0	0	0	0	0	0	0	0	2	2	5	7	4	4	0	6
918.000	0	35	3	22	0	1	0	14	0	0	0	0	4	15	0	0	18	0	0	0	0	0	0	0	0	0	0	0	3	2	6	7	3	2	0	6
918.200	0	26	7	19	0	1	0	22	0	0	0	0	2	10	0	0	14	0	0	0	0	0	0	0	0	0	0	0	3	0	4	3	3	4	0	6
918.400	0	32	7	14	0	1	0	19	0	0	0	0	5	7	0	0	14	0	0	0	0	0	0	0	0	0	0	0	2	0	5	4	3	2	0	6
918.600	0	37	7	14	0	1	0	11	0	0	0	0	4	11	0	0	16	0	0	0	0	0	0	0	0	0	0	0	2	0	4	5	2	4	0	7
918.800	0	35	4	14	0	0	0	8	0	0	0	0	3	10	0	0	18	0	0	0	0	0	0	0	0	0	0	0	4	0	5	3	4	5	0	6
919.000	0	24	5	20	0	1	0	18	0	0	0	0	3	13	0	0	12	0	0	0	0	0	0	0	0	0	0	0	2	2	5	2	3	2	0	5
919.200	0	26	5	16	0	1	0	21	0	0	0	0	2	18	0	0	12	5	0	0	0	0	0	0	0	0	0	0	2	0	5	7	3	5	1	5
919.400	0	27	7	17	0	1	0	18	0	0	0	0	5	18	0	0	11	6	0	0	0	0	0	0	0	0	0	0	2	1	4	4	3	2	0	5
919.600	0	37	5	12	0	1	0	11	0	0	0	0	2	11	0	0	16	9	0	0	0	0	0	0	0	0	0	0	2	0	4	8	4	3	0	6
919.800	0	26	6	15	0	0	0	21	0	0	0	0	5	14	0	0	13	8	0	0	0	0	0	0	0	0	0	0	2	1	5	3	3	3	0	5
920.000	0	32	5	15	0	0	0	27	0	0	0	0	2	7	0	0	12	5	0	0	0	0	0	0	0	0	0	0	2	0	4	6	3	4	0	6
920.200	0	33	7	20	0	1	0	19	0	0	0	0	1	9	0	0	12	7	0	0	0	0	0	0	0	0	0	0	2	0	5	6	3	7	2	6
920.400	0	23	5	20	0	1	0	18	0	0	0	0	2	11	0	0	14	8	0	0	0	0	0	0	0	0	0	0	2	0	5	4	3	4	0	6
920.600	0	23	3	17	0	1	0	22	0	0	0	0	3	14	0	0	16	5	0	0	0	0	0	0	0	0	0	0	2	1	5	1	3	8	1	7
920.800	0	31	2	14	0	1	0	15	0	0	0	0	3	14	0	0	10	3	0	0	0	0	0	0	0	0	0	0	2	0	4	1	3	4	1	10
921.000	0	18	5	18	0	1	0	15	0	0	0	0	3	12	0	0	14	2	0	0	0	0	0	0	0	0	0	0	2	0	5	3	3	3	1	7
921.200	0	20	4	16	0	1	0	10	0	0	0	0	0	7	0	0	18	3	0	0	0	0	0	0	0	0	0	0	4	1	4	2	2	6	1	7
921.400	0	17	7	17	0	0	0	15	0	0	0	0	0	7	0	0	18	8	0	0	0	0	0	0	0	0	0	0	3	0	4	3	4	5	1	5
921.600	0	33	4	14	0	1	0	19	0	0	0	0	1	13	0	0	16	5	0	0	0	0	0	0	0	0	0	0	2	1	5	3	2	3	0	7
921.800	0	25	5	16	0	1	0	20	0	0	0	0	3	12	0	0	16	6	0	0	0	0	0	0	0	0	0	0	3	2	4	3	2	5	1	6
922.000	0	35	3	15	0	0	0	18	0	0	0	0	1	7	0	0	14	6	0	0	0	0	0	0	0	0	0	0	2	2	5	1	1	2	0	6
922.200	0	33	4	14	0	1	0	9	0	0	0	0	0	15	0	0	10	4	0	0	0	0	0	0	0	0	0	0	2	2	5	3	3	2	0	6
922.400	0	27	7	15	0	0	0	17	0	0	0	0	1	16	0	0	12	4	0	0	0	0	0	0	0	0	0	0	2	2	5	6	0	3	0	6
922.600	0	37	6	19	0	0	0	20	0	0	0	0	2	10	0	0	11	5	0	0	0	0	0	0	0	0	0	0	2	0	5	2	2	4	0	5
922.800	0	26	6	10	0	1	0	11	4	0	0	0	1	11	0	0	14	1	0	0	0	0	0	0	0	0	0	0	2	0	5	6	5	4	0	7
923.000	0	33	2	15	0	0	0	17	3	0	0	0	2	11	0	0	16	2	0	0	0	0	0	0	0	0	0	0	2	2	5	7	5	4	0	4
923.200	0	34	8	17	0	1	0	18	1	0	0	0	1	8	0	0	10	1	0	0	0	0	0	0	0	0	0	0	1	0	5	3	3	2	0	5
923.400	0	28	5	14	0	1	0	16	0	0	0	0	3	13	0	0	15	6	0	0	0	0	0	0	0	0	0	0	3	1	5	3	3	2	0	5
923.600	0	24	5	21	0	1	0	24	0	0	0	0	2	11	0	0	18	6	0	0	0	0	0	0	0	0	0	0	3	0	5	2	2	2	0	6
923.800	0	18	6	18	0	1	0	20	0	0	0	0	0	7	0	0	15	3	0	0	0	0	0	0	0	0	0	0	2	0	5	6	3	3	0	5
924.000	0	33	6	16	0	0	0	19	0	0	0	0	2	9	0	0	15	7	0	0	0	0	0	0	0	0	0	0	2	0	5	3	3	3	0	5
924.200	0	38	9	14	0	1	0	15	0	0	0	0	2	6	0	0	18	6	0	0	0	0	0	0	0	0	0	0	2	0	5	7	4	2	0	7
924.400	0	44	6	20	0	1	0	16	0	0	0	0	2	12	0	0	15	6	0	0	0	0	0	0	0	0	0	0	2	0	5	3	3	3	0	8
924.600	0	24	7	18	0	0	0	11	1	0	0	0	1	3	0	0	20	6	0	0	0	0	0	0	0	0	0	0	2	0	5	3	3	3	0	4
924.800	0	29	7	19	0	1	0	15	0	0	0	0	2	7	0	0	22	6	0	0	0	0	0	0	0	0	0	0	3	1	5	6	3	3	0	5
925.000	0	15	4	15	0	0	0	16	0	0	0	0	2	9	0	0	20	4	0	0	0	0	0	0	0	0	0	0	2	1	4	1	3	2	0	4
925.200	0	19	7	11	0	1	0	19	0	0	0	0	2	14	0	0	19	7	0	0	0	0	0	0	0	0	0	0	3	2	4	3	3	2	0	2
925.400	0	40	7	13	0	0	0	19	3	0	0	0	4	11	0	0	21	0	0	0	0	0	0	0	0	0	0	0	3	0	5	4	0	2	0	5
925.600	0	48	8	19	0	1	0	11	5	0	0	0	2	17	0	0	21	2	0	0	0	0	0	0	0	0	0	0	3	0	5	4	3	5	0	5
925.800	0	39	7	15	0	0	0	11	5	0	0	0	2	17	0	0	17	1	0	0	0	0	0	0	0	0	0	0	2	0	4	4	3	5	0	7
926.000	0	48	6	20	0	1	0	9	4	0	0	0	5	11	0	0	22	3	0	0	0	0	0	0	0	0	0	0	2	0	5	1	2	2	0	5
926.200	0	37	7	18	0	1	0	5	6	0	0	0	3	10	0	0	22	6	0	0	0	0	0	0	0	0	0	0	4	0	4	2	3	4	0	7
926.400	0	22	7	18	0	2	0	10	3	0	0	0	2	12	0	0	16	2	0	0	0	0	0	0	0	0	0	0	2	0	5	3	2	4	0	7
926.600	0	17	6	15	0	1	0	8	6	0	0	0	2	12	0	0	18	5	0	0	0	0	0	0	0	0	0	0	3	0	4	4	3	4	0	5
926.800	0	29	6	18	0	3	0	6	5	0	0	0	2	11	0	0	21	4	0	0	0	0	0	0	0	0	0	0	2	0	5	3	3	2	0	3
927.000	0	34	3	15	0	2	0	6	6	0	0	0	4	14	0	0	23	5	0	0	0	0	0	0	0	0	0	0	2	0	4	3	2	3	0	4
927.200	0	23	6	19	0	1	0	10	6	0	0	0	2	15	0	0	13	5	0	0	0	0	0	0	0	0	0	0	4	1	5	5	4	4	0	5
927.400	0	24	3	18	0	1	0	10	7	0	0	0	3	16	0	0	18	4	0	0	0	0	0	0	0	0	0	0	2	2	5	3	2	4	0	4
927.600	0	39	5	17	0	1	0	10	4	0	0	0	2	12	1	0	18	4	0	0	0	0	0	0	0	0	0	0	2	0	3	3	3	2	0	6
927.800	0	32	4	16	0	1	0	6	3	0	0	0	2	19	0	0	19	1	0	0	0	0	0	0	0	0	0	0	3	0	4	4	5	2	0	7
928.000	0	37	3	16	0	1	0	7	2	0	0	0	2	15	0	0	20	0	0	0	0	0	0	0	0	0	0	0	2	0	5	5	3	4	0	7
928.200	0	40	6	14	0	1	0	6	3	0	0	0	4	11	0	0	21	0	0	0	0	0	0	0	0	0	0	0	3	0	4	3	3	3	0	5
928.400	0	22	7	16	0	0	0	1	6	0	0	0	4	17	0	0	22	0	0	0	0	0	0	0	0	0	1	0	6	0	7	7	4	5	0	5
928.600	0	20	5	13	0	1	0	2	5	0	0	0	5	18	0	0	14	0	0	0	0	0	0	0	0	0	0	0	4	0	6	6	3	3	0	7
928.800	0	37	8	21	0	1	0	6	5	0	0	0	5	18	0	0	21	0	0	0	0	0	0	0	0	0	0	0	5	1	5	8	2	4	0	7
929.000	0	38	9	19	0	1	0	7	4	0	0	0	5	19	0	0	13	3	0	0	0	0	0	0	0	0	0	0	2	0	4	4	1	4	0	8
929.200	0	41	10	24	0	0	0	10	3	0	0	0	2	9	0	0	13	6	0	0	0	0	0	0	0	0	0	0	2	0	5	6	6	6	0	8
929.400	0	28	7	14	0	3	0	5	5	0	0	0	4	13	0	0	19	4	0	0	0	0	0	0	0	0	0	0	2	0	4	3	3	4	0	8
929.600	0	34	5	18	0	1	0	10	3	0	0	0	2	12	0	0	14	4	0	0	0	0	0	0	0	0	0	0	2	0	4	5	1	4	0	8
929.800	0	36	9	14	0	0	0	4	3	0	0	0	2	16	0	0	17	4	0	0	0	0	0	0	0	0	0	0	3	0	5	3	5	2	0	5
930.000	0	18	8	20	0	1	0	15	4	0	0	0	2	18	0	0	22	6	0	0	0	0	0	0	0	0	0	0	4	0	5	5	4	4	0	7
930.200	0	34	8	20	0	0	0	16	5	0	0	0	2	11	0	0	19	3	0	0	0	0	0	0	0	0	0	0	2	0	5	6	2	7	1	5
930.400	0	34	5	16	0	1	0	5	6	0	0	0	5	10	0	0	19	1	0	0	0	0	0	0	0	0	0	0	3	0	4	7	1	5	0	3
930.600	0	42	6	18	0	0	0	5	2	0	0	0	2	4	0	0	19	7	0	0	0	0	0	0	0	0	0	0	3	1	5	11	0	2	0	5
930.800	0	28	7	16	0	1	0	1	2	0	0	0	2	12	0	0	16	3	0	0	0	0	0	0	0	0	0	0	2	0	5	4	3	2	0	6
931.000	0	27	6	15	0	1	0	3	2	0	0	0	2	9	0	0	17	7	0	0	0	0	0	0	0	0	1	0	2	0	4	3	0	3	0	4
931.200	0	39	6	16	0	1	0	7	2	0	0	0	3	8	0	0	19	5	0	0	0	0	0	0	0	0	1	0	2	0	4	1	7	7	0	6
931.400	0	31	7	13	0	1	0	4	4	0	0	0	2	6	0	0	18	6	0	0	0	0	0	0	0	0	1	0	2	0	4	4	5	2	0	5
931.600	0	26	8	17	0	1	0	18	4	0	0	0	2	10	0	0	15	11	0	0	0	0	0	0	0	0	0	0	3	0	5	2	4	4	0	6
931.800	0	30	6	16	0	1	0	8	2	0	0	0	2	14	0	0	18	3	0	0	0	0	0	0	0	0	0	0	3	0	5	1	5	3	0	4
932.000	0	19	7	19	0	0	0	15	6	0	0	0	2	10	0	0	15	4	0	0	0	0	0	0	0	0	0	0	2	0	5	1	5	4	0	5
932.200	0	41	8	17	0	1	0	7	4	0	0	0	2	8	0	0	15	11	0	0	0	0	0	0	0	0	0	0	2	0	4	4	9	4	0	9
932.400	0	34	8	15	0	1	0	5	4	0	0	0	0	17	0	0	18	2	0	0	0	0	0	0	0	0	0	0	2	0	5	6	4	3	0	2
932.600	0	22	2	13	0	1	0	10	5	0	0	0	0	7	0	0	17	3	0	0	0	0	0	0	0	0	0	0	3	1	5	4	5	1	0	9
932.800	0	35	7	15	0	1	0	5	6	0	0	0	0	15	0	0	18	8	0	0	0	0	0	0	0	0	0	0	3	1	5	6	8	2	0	8
933.000	0	30	9	16	0	0	0	6	5	0	0	0	1	11	0	0	18	7	0	0	0	0	0	0	0	0	0	0	2	0	5	3	4	2	0	8
933.200	0	22	8	15	0	1	0	10	2	0	0	0	2	16	0	0	12	6	0	0	0	0	0	0	0	0	0	0	5	0	4	3	5	4	0	8
933.400	0	45	11	22	0	0	0	12	5	0	0	0	2	11	0	0	15	12	0	0	0	0	0	0	0	0	0	0	2	0	5	9	2	3	0	6
933.600	0	41	5	18	0	2	0	17	4	0	0	0	2	8	0	0	12	6	0	0	0	0	0	0	0	0	0	0	2	0	5	3	3	2	0	8
933.800	0	37	5	16	0	1	0	17	4	0	0	0	2	6	0	0	12	4	0	0	0	0	0	0	0	0	0	0	3	0	4	6	5	4	0	6
934.000	0	32	5	11	0	1	0	16	6	0	0	0	1	4	0	0	16	3	0	0	0	0	0	0	0	0	0	0	3	0	5	4	7	5	0	8
934.200	0	43	2	12	0	1	0	9	7	0	0	0	1	4	0	0	12	5	0	0	0	0	0	0	0	0	0	0	2	0	4	5	4	4	0	6
934.400	0	31	8	15	0	1	0	15	2	0	0	0	2	9	0	0	18	8	0	0	0	0	0	0	0	0	0	0	3	0	5	3	1	3	0	8
934.600	0	46	8	17	0	1	0	17	6	0	0	0	2	6	0	0	14	4	0	0	0	0	0	0	0	0	0	0	3	2	5	4	6	3	0	8
934.800	0	26	10	18	0	1	0	19	3	0	0	0	5	8	0	0	15	6	0	0	0	0	0	0	0	0	0	0	5	0	4	2	4	3	0	9
935.000	0	22	4	14	0	1	0	24	4	0	0	0	2	4	0	0	14	5	0	0	0	0	0	0	0	0	0	0	2	1	4	5	2	6	0	5
935.200	0	22	9	13	0	1	0	20	5	0	0	0	5	10	0	0	14	7	0	0	0	0	0	0	0	0	0	1	6	0	5	4	5	4	0	9
935.400	0	34	5	14	0	1	0	17	5	0	0	0	4	11	0	0	19	9	0	0	0	0	0	0	0	0	0	0	2	1	5	4	4	4	0	7
935.600	0	22	6	15	0	1	0	14	5	0	0	0	2	10	0	0	23	11	0	0	0	0	0	0	0	0	0	1	4	0	4	6	3	5	0	5
935.800	0	20	8	18	0	1	0	14	5	0	0	0	3	13	0	0	14	9	0	0	0	0	0	0	0	0	0	1	6	0	4	3	3	2	0	6
936.000	0	23	10	19	0	1	0	7	5	0	0	0	2	8	0	0	20	11	0	0	0	0	0	0	0	0	0	0	4	0	4	7	4	3	0	4
936.200	0	40	8	18	0	1	0	8	4	0	0	0	5	12	0	0	12	8	0	0	0	0	0	0	0	0	0	0	3	2	5	10	3	2	0	2
936.400	0	30	9	18	0	1	0	13	2	0	0	0	4	8	0	0	19	2	0	0	0	0	0	0	0	0	0	0	4	2	4	3	6	5	0	1
936.600	0	22	4	18	0	1	0	11	3	0	0	0	3	7	0	0	12	2	0	0	0	0	0	0	0	0	0	0	3	0	4	4	4	1	0	7
936.800	0	19	3	13	0	2	0	12	6	0	0	0	4	14	0	0	13	3	0	0	0	0	0	0	0	0	0	0	2	0	5	4	5	2	0	3
937.000	0	21	6	19	0	0	0	14	5	0	0	0	5	8	0	0	15	2	0	0	0	0	0	0	0	0	0	0	2	2	5	2	5	2	0	2
937.200	0	35	9	14	0	1	0	15	5	0	0	0	4	8	0	0	14	2	0	0	0	0	0	0	0	0	0	1	3	2	5	5	3	2	0	4
937.400	0	26	6	12	0	1	0	13	5	0	0	0	2	15	0	0	15	4	0	0	0	0	0	0	0	0	0	0	3	0	4	2	3	2	0	8
937.600	0	29	4	19	0	1	0	12	5	0	0	0	3	5	0	0	16	1	0	0	0	0	0	0	0	0	0	0	2	0	5	3	6	3	0	4
937.800	0	21	7	16	0	2	0	13	6	0	0	0	4	19	0	0	9	3	0	0	0	0	0	0	0	0	0	0	3	1	5	8	3	3	0	6
938.000	0	25	7	19	0	1	0	12	5	0	0	0	3	11	0	0	13	11	0	0	0	0	0	0	0	0	0	1	3	0	4	3	5	5	0	5
938.200	0	12	7	17	0	2	0	8	6	0	0	0	2	8	0	0	14	8	0	0	0	0	0	0	0	0	0	0	2	0	4	1	3	3	0	3
938.400	0	24	5	12	0	1	0	11	5	0	0	0	5	11	0	0	15	3	0	0	0	0	0	0	0	0	0	1	5	0	4	5	5	4	0	6
938.600	0	31	6	15	0	1	0	7	2	0	0	0	4	13	0	0	14	7	0	0	0	0	0	0	0	0	0	0	4	0	4	1	2	4	0	5
938.800	0	40	9	12	0	2	0	17	5	0	0	0	5	15	0	0	15	7	0	0	0	0	0	0	0	0	0	1	4	1	4	2	5	3	0	11
939.000	0	44	10	20	0	2	0	10	3	0	0	0	3	16	0	0	16	13	0	0	0	0	0	0	0	0	0	0	3	0	5	4	1	1	0	8
939.200	0	26	5	17	0	2	0	9	3	0	0	0	4	10	0	0	14	10	0	0	0	0	0	0	0	0	0	1	2	0	5	4	3	2	0	5
939.400	0	40	8	20	0	1	0	10	7	0	0	0	3	14	0	0	10	11	0	0	0	0	0	0	0	0	0	0	2	1	5	8	2	5	0	6
939.600	0	37	7	17	0	1	0	13	2	0	0	0	3	5	0	0	10	9	0	0	0	0	0	0	0	0	0	0	2	1	4	4	2	5	0	4
939.800	0	37	5	18	0	2	0	7	3	0	0	0	5	8	0	0	12	11	0	0	0	0	0	0	0	0	0	1	3	0	4	4	4	3	0	1
940.000	0	25	6	22	0	1	0	11	6	0	0	0	4	6	0	0	18	11	0	0	0	0	0	0	0	0	0	0	3	0	4	2	4	3	0	5
940.200	0	27	10	19	0	1	0	12	3	0	0	0	4	7	0	0	11	7	0	0	0	0	0	0	0	0	0	0	3	0	4	4	2	4	0	3
940.400	0	32	8	22	0	1	0	13	3	0	0	0	3	7	0	0	9	12	0	0	0	0	0	0	0	0	0	0	3	0	4	3	2	4	0	2
940.600	0	24	6	21	0	1	0	18	2	0	0	0	2	7	0	0	15	9	0	0	0	0	0	0	0	0	0	0	3	0	4	4	4	5	0	4
940.800	0	45	4	21	0	0	0	11	3	0	0	0	3	9	0	0	17	2	0	0	0	0	0	0	0	0	0	1	8	0	2	3	1	6	1	4
941.000	0	21	7	17	0	1	0	9	4	0	0	0	6	10	0	0	14	6	0	0	0	0	0	0	0	0	0	0	2	0	5	3	4	5	0	5
941.200	0	44	7	20	0	0	0	12	3	0	0	0	3	14	0	0	13	5	0	0	0	0	0	0	0	0	0	0	3	0	3	9	4	2	0	5
941.400	0	32	7	22	0	1	0	13	5	0	0	0	4	10	0	0	16	11	0	0	0	0	0	0	0	0	0	0	2	0	4	3	3	5	0	2
941.600	0	32	7	18	0	1	0	15	5	0	0	0	5	13	0	0	10	9	0	0	0	0	0	0	0	0	0	0	0	0	5	5	1	4	0	6
941.800	0	26	7	13	0	1	0	15	1	0	0	0	5	6	0	0	17	12	0	0	0	0	0	0	0	0	0	0	2	0	5	2	3	4	0	9
942.000	0	32	5	25	0	1	0	14	5	0	0	0	5	5	0	0	15	7	0	0	0	0	0	0	0	0	0	0	2	0	4	6	3	5	1	5
942.200	0	38	9	27	0	1	0	12	2	0	0	0	5	9	0	0	13	10	0	0	0	0	0	0	0	0	0	0	2	0	2	5	2	5	0	1
942.400	0	41	9	19	0	0	0	16	5	0	0	0	5	11	0	0	11	9	0	0	0	0	0	0	0	0	0	0	3	0	4	5	4	4	0	5
942.600	0	37	7	20	0	1	0	12	3	0	0	0	5	15	0	0	14	10	0	0	0	0	0	0	0	0	0	0	3	0	4	4	4	2	0	5
942.800	0	21	7	21	0	1	0	17	3	0	0	0	2	12	0	0	20	10	0	0	0	0	0	0	0	0	0	0	3	0	4	5	4	2	0	5
943.000	0	34	8	18	0	0	0	11	5	0	0	0	5	13	0	0	17	9	0	0	0	0	0	0	0	0	0	1	7	0	4	7	4	3	0	5
943.200	0	45	7	19	0	0	0	15	3	0	0	0	3	17	0	0	14	6	0	0	0	0	0	0	0	0	0	0	3	2	5	4	2	5	0	2
943.400	0	43	7	22	0	0	0	18	2	0	0	0	5	8	0	0	20	7	0	0	0	0	0	0	0	0	0	0	3	0	1	4	2	3	0	0
943.600	0	40	5	21	0	1	0	16	5	0	0	0	2	8	0	0	12	8	0	0	0	0	0	0	0	0	0	0	2	0	2	8	2	5	0	0
943.800	0	44	7	22	0	1	0	16	2	0	0	0	2	8	0	0	16	6	0	0	0	0	0	0	0	0	0	0	0	0	3	8	4	5	0	1
944.000	0	47	3	14	0	0	0	16	5	0	0	0	3	14	0	0	22	5	0	0	0	0	0	0	0	0	0	0	7	1	8	8	4	5	0	6
944.200	0	46	7	19	0	1	0	11	2	0	0	0	5	17	0	0	16	5	0	0	0	0	0	0	0	0	0	0	1	0	5	6	4	2	0	5
944.400	0	35	4	19	0	1	0	14	5	0	0	0	4	11	0	0	19	6	0	0	0	0	0	0	0	0	0	0	3	0	5	4	3	2	0	5
944.600	0	45	7	13	0	1	0	11	5	0	0	0	5	15	0	0	15	6	0	0	0	0	0	0	0	0	0	0	6	0	5	5	2	3	0	3
944.800	0	39	10	21	0	1	0	14	3	0	0	0	5	11	0	0	17	4	0	0	0	0	0	0	0	0	0	0	3	0	4	5	4	3	0	7
945.000	0	49	8	18	0	1	0	14	6	0	0	0	2	17	0	0	18	4	0	0	0	0	0	0	0	0	0	0	6	0	5	4	3	4	0	3
945.200	0	32	8	16	0	2	0	13	5	0	0	0	4	20	0	0	15	9	0	0	0	0	0	0	0	0	0	0	3	0	5	5	3	3	0	3
945.400	0	29	6	16	0	1	0	16	4	0	0	0	4	15	0	0	12	4	0	0	0	0	0	0	0	0	0	0	2	0	4	4	2	6	0	7
945.600	0	33	10	18	0	1	0	14	5	0	0	0	3	17	0	0	21	3	0	0	0	0	0	0	0	0	0	0	0	0	5	5	2	5	0	4
945.800	0	24	3	15	0	1	0	16	2	0	0	0	2	15	0	0	15	6	0	0	0	0	0	0	0	0	0	1	3	0	5	3	3	5	0	9
946.000	0	32	2	14	0	0	0	14	3	0	0	0	4	15	0	0	17	10	0	0	0	0	0	0	0	0	0	0	5	0	2	3	1	4	0	7
946.200	0	36	6	15	0	1	0	13	3	0	0	0	3	11	0	0	23	10	0	0	0	0	0	0	0	0	0	0	2	0	5	4	3	4	0	9
946.400	0	40	8	19	0	1	0	13	4	0	0	0	3	17	0	0	18	7	0	0	0	0	0	0	0	0	0	0	4	0	5	6	4	4	0	6
946.600	0	45	5	17	0	1	0	13	2	0	0	0	4	15	0	0	23	11	0	0	0	0	0	0	0	0	0	0	2	0	4	3	5	4	0	9
946.800	0	33	7	18	0	1	0	13	5	0	0	0	4	19	0	0	30	6	0	0	0	0	0	0	0	0	0	0	2	0	5	5	4	4	0	8
947.000	0	39	5	20	0	1	0	12	2	0	0	0	2	10	0	0	21	8	0	0	0	0	0	0	0	0	0	0	3	0	4	8	3	5	0	7
947.200	0	39	3	16	0	0	0	13	4	0	0	0	4	13	0	0	23	3	0	0	0	0	0	0	0	0	0	0	3	1	5	8	1	3	0	9
947.400	0	36	6	17	0	0	0	10	3	0	0	0	4	15	0	0	24	9	0	0	0	0	0	0	0	0	0	0	3	0	5	7	2	2	0	9
947.600	0	50	5	13	0	0	0	8	3	0	0	0	4	16	0	0	19	5	0	0	0	0	0	0	0	0	0	1	5	0	5	4	3	2	0	8
947.800	0	38	7	11	0	1	0	9	3	0	0	0	3	7	0	0	18	12	0	0	0	0	0	0	0	0	0	0	5	0	5	6	3	4	0	9
948.000	0	43	4	14	0	0	0	13	2	0	0	0	2	11	0	0	13	8	0	0	0	0	0	0	0	0	0	0	2	1	5	5	4	5	0	7
948.200	0	32	4	15	0	0	0	12	5	0	0	0	3	12	0	0	25	7	0	0	0	0	0	0	0	0	0	0	4	2	5	1	3	5	0	3
948.400	0	29	9	14	0	0	0	12	2	0	0	0	4	12	0	0	12	8	0	0	0	0	0	0	0	0	0	0	4	0	5	8	3	4	0	7
948.600	0	29	4	20	0	0	0	9	2	0	0	0	1	13	0	0	12	7	0	0	0	0	0	0	0	0	0	0	2	0	4	5	5	4	0	5
948.800	0	30	3	16	0	1	0	9	6	0	0	0	4	11	0	0	17	7	0	0	0	0	0	0	0	0	0	0	3	2	5	8	3	2	0	8
949.000	0	37	6	23	0	1	0	11	3	0	0	0	5	10	0	0	13	13	0	0	0	0	0	0	0	0	0	0	2	2	5	6	2	2	0	4
949.200	0	16	9	15	0	1	0	15	4	0	0	0	3	6	0	0	21	1	0	0	0	0	0	0	0	0	0	1	4	2	5	4	1	2	0	5
949.400	0	39	6	16	0	1	0	13	5	0	0	0	3	8	0	0	21	9	0	0	0	0	0	0	0	0	0	0	3	0	5	5	2	4	0	7
949.600	0	34	8	16	0	1	0	12	5	0	0	0	4	16	0	0	9	11	0	0	0	0	0	0	0	0	0	0	3	0	5	6	1	4	0	6
949.800	0	50	9	15	0	1	0	11	1	0	0	0	4	18	0	0	19	8	0	0	0	0	0	0	0	0	0	0	6	0	4	6	0	4	0	5
950.000	0	40	8	16	0	1	0	6	5	0	0	0	0	10	0	0	19	11	0	0	0	0	0	0	0	0	0	0	4	0	4	4	5	2	0	1
950.200	0	43	4	16	0	1	0	14	4	0	0	0	4	17	0	0	25	7	0	0	0	0	0	0	0	0	0	0	3	0	4	4	6	5	0	1
950.400	0	47	6	17	0	1	0	16	5	0	0	0	3	18	0	0	18	8	0	0	0	0	0	0	0	0	0	0	1	0	5	6	3	4	0	5
950.600	0	33	6	13	0	1	0	13	6	0	0	0	5	17	0	0	14	2	0	0	0	0	0	0	0	0	0	0	2	0	4	11	5	2	0	1
950.800	0	27	3	12	0	1	0	10	4	0	0	0	2	12	0	0	20	7	0	0	0	0	0	0	0	0	0	0	3	0	4	2	4	5	0	4
951.000	0	40	4	13	0	2	0	9	4	0	0	0	2	14	0	0	16	6	0	0	0	0	0	0	0	0	0	0	5	0	4	5	2	2	0	6
951.200	0	45	5	12	0	1	0	16	5	0	0	0	2	13	0	0	14	7	0	0	0	0	0	0	0	0	0	0	3	0	5	4	3	5	0	4
951.400	0	25	6	20	0	1	0	15	4	0	0	0	2	14	0	0	16	4	0	0	0	0	0	0	0	0	0	0	5	1	5	1	1	5	0	3
951.600	0	31	4	15	0	1	0	11	4	0	0	0	5	17	0	0	16	5	0	0	0	0	0	0	0	0	0	0	3	1	5	8	3	5	0	5
951.800	0	36	6	15	0	1	0	11	5	0	0	0	3	16	0	0	15	6	0	0	0	0	0	0	0	0	0	0	3	0	4	4	3	3	0	5
952.000	0	33	9	18	0	1	0	11	5	0	0	0	4	18	0	0	14	8	0	0	0	0	0	0	0	0	0	0	2	0	5	5	3	4	0	4
952.200	0	32	7	19	0	1	0	13	2	0	0	0	5	6	0	0	23	12	0	0	0	0	0	0	0	0	0	0	3	0	3	6	3	4	0	3
952.400	0	24	11	20	0	1	0	14	3	0	0	0	4	6	0	0	24	2	0	0	0	0	0	0	0	0	0	0	2	0	4	6	7	2	0	6
952.600	0	31	8	15	0	0	0	11	3	0	0	0	2	10	0	0	16	6	0	0	0	0	0	0	0	0	0	0	2	0	5	5	5	2	0	4
952.800	0	42	6	13	0	1	0	9	3	0	0	0	4	6	0	0	15	6	0	0	0	0	0	0	0	0	0	0	3	0	4	4	1	3	0	4
953.000	0	42	8	16	0	1	0	14	5	0	0	0	5	7	0	0	19	7	0	0	0	0	0	0	0	0	0	0	3	0	5	4	7	3	0	5
953.200	0	40	7	12	0	1	0	15	5	0	0	0	5	10	0	0	19	3	0	0	0	0	0	0	0	0	0	0	2	0	6	7	4	2	0	5
953.400	0	23	5	16	0	1	0	11	5	0	0	0	5	6	0	0	17	7	0	0	0	0	0	0	0	0	0	0	3	0	6	6	3	5	0	5
953.600	0	37	7	13	0	0	0	11	2	0	0	0	3	10	0	0	16	1	0	0	0	0	0	0	0	0	0	0	3	2	5	3	4	5	0	2
953.800	0	40	7	14	0	1	0	16	6	0	0	0	5	8	0	0	16	2	0	0	0	0	0	0	0	0	0	0	2	0	5	5	4	2	0	4
954.000	0	24	7	13	0	1	0	9	5	0	0	0	4	10	0	0	18	2	0	0	0	0	0	0	0	0	0	0	2	0	5	3	3	4	0	5
954.200	0	27	6	15	0	2	0	14	5	0	0	0	5	5	0	0	20	1	0	0	0	0	0	0	0	0	0	0	2	0	5	5	3	5	0	6
954.400	0	39	7	17	0	1	0	12	4	0	0	0	4	6	0	0	12	1	0	0	0	0	0	0	0	0	0	0	2	0	5	4	3	2	0	4
954.600	0	36	5	15	0	1	0	12	3	0	0	0	4	7	0	0	12	5	0	0	0	0	0	0	0	0	0	0	2	0	5	4	3	3	0	5
954.800	0	26	3	15	0	1	0	11	5	0	0	0	4	7	0	0	16	3	0	0	0	0	0	0	0	0	0	0	2	0	5	3	2	3	0	7
955.000	0	32	4	13	0	1	0	13	6	0	0	0	5	16	0	0	18	8	0	0	0	0	0	0	0	0	0	0	2	0	5	7	4	5	0	5
955.200	0	29	7	17	0	1	0	11	4	0	0	0	3	5	0	0	16	8	0	0	0	0	0	0	0	0	0	0	7	0	4	3	5	5	0	2
955.400	0	35	6	15	0	1	0	13	5	0	0	0	4	7	0	0	19	7	0	0	0	0	0	0	0	0	0	0	3	0	4	4	1	4	0	5
955.600	0	33	6	16	0	1	0	6	4	0	0	0	4	10	0	0	22	7	0	0	0	0	0	0	0	0	0	0	2	0	6	7	9	3	0	8
955.800	0	29	7	23	0	0	0	16	2	0	0	0	5	16	0	0	16	13	0	0	0	0	0	0	0	0	0	0	2	0	5	3	4	2	0	4
956.000	0	22	6	15	0	1	0	10	3	0	0	0	2	14	0	0	10	10	0	0	0	0	0	0	0	0	0	0	2	0	5	5	5	2	0	4
956.200	0	35	3	13	0	0	0	9	5	0	0	0	2	16	0	0	18	7	0	0	0	0	0	0	0	0	0	0	2	0	3	3	5	4	0	2
956.400	0	44	7	12	0	0	0	8	5	0	0	0	5	9	0	0	25	5	0	0	0	0	0	0	0	0	0	0	6	2	5	2	4	2	0	2
956.600	0	34	3	17	0	0	0	12	4	0	0	0	2	18	0	0	14	7	0	0	0	0	0	0	0	0	0	0	1	0	4	6	1	2	0	8
956.800	0	36	4	14	0	0	0	13	3	0	0	0	2	15	0	0	19	7	0	0	0	0	0	0	0	0	0	0	2	2	5	6	6	2	0	5
957.000	0	32	4	17	0	0	0	7	2	0	0	0	5	14	0	0	14	12	0	0	0	0	0	0	0	0	0	0	5	0	4	6	6	4	0	4
957.200	0	25	10	15	0	0	0	10	2	0	0	0	2	5	0	0	13	10	0	0	0	0	0	0	0	0	0	0	1	0	2	4	4	4	0	9
957.400	0	34	7	16	0	1	0	9	2	0	0	0	4	10	0	0	15	13	0	0	0	0	0	0	0	0	0	0	3	0	2	4	2	3	0	6
957.600	0	28	10	18	0	1	0	10	2	0	0	0	2	14	0	0	16	11	0	0	0	0	0	0	0	0	0	0	2	0	2	7	6	4	0	5
957.800	0	23	5	16	0	1	0	9	4	0	0	0	5	9	0	0	21	3	0	0	0	0	0	0	0	0	0	0	1	0	2	9	7	3	0	8
958.000	0	38	5	12	0	1	0	12	6	0	0	0	2	5	0	0	15	4	0	0	0	0	0	0	0	0	0	0	2	0	3	2	3	4	0	2
958.200	0	36	4	15	0	0	0	13	2	0	0	0	2	4	0	0	18	3	0	0	0	0	0	0	0	0	0	0	3	0	1	5	7	5	0	6
958.400	0	37	5	13	0	1	0	14	5	0	0	0	2	11	0	0	15	4	0	0	0	0	0	0	0	0	0	0	2	0	2	0	3	3	0	8
958.600	0	29	5	16	0	1	0	6	4	0	0	0	2	12	0	0	19	10	0	0	0	0	0	0	0	0	0	0	3	0	3	6	6	3	0	6
958.800	0	39	6	13	0	1	0	8	4	0	0	0	2	12	0	0	14	7	0	0	0	0	0	0	0	0	0	0	4	0	5	2	4	3	0	5
959.000	0	37	7	13	0	1	0	14	6	0	0	0	2	9	0	0	19	5	0	0	0	0	0	0	0	0	0	0	3	0	5	6	3	4	0	2
959.200	0	40	6	12	0	0	0	12	3	0	0	0	2	6	0	0	12	1	0	0	0	0	0	0	0	0	0	0	0	0	4	1	3	4	0	6
959.400	0	47	3	12	0	1	0	12	5	0	0	0	1	1	0	0	13	11	0	0	0	0	0	0	0	0	0	0	2	0	5	6	4	3	0	8
959.600	0	49	7	15	0	0	0	8	3	0	0	0	1	1	0	0	18	8	0	0	0	0	0	0	0	0	0	0	5	0	4	6	7	5	0	7
959.800	0	49	6	13	0	1	0	12	5	0	0	0	0	1	0	0	20	9	0	0	0	0	0	0	0	0	0	0	0	0	4	6	4	6	1	7
960.000	0	37	6	15	0	1	0	13	4	0	0	0	2	2	0	0	15	7	0	0	0	0	0	0	0	0	0	0	1	0	5	6	3	2	0	8
960.200	0	38	9	18	0	1	0	9	6	0	0	1	0	7	0	0	18	5	0	0	0	0	0	0	0	0	0	0	7	0	5	8	3	2	0	2
960.400	0	35	5	12	0	1	0	11	4	0	0	0	2	6	0	0	23	12	0	0	0	0	0	0	0	0	0	0	0	0	4	6	4	3	0	5
960.600	0	39	10	22	0	1	0	11	6	0	0	0	2	5	0	0	15	10	0	0	0	0	0	0	0	0	0	0	4	0	4	8	3	3	0	7
960.800	0	45	7	7	0	1	0	14	6	0	0	0	1	4	0	0	15	6	0	0	0	0	0	0	0	0	0	0	3	0	5	6	4	5	0	4
961.000	0	31	9	23	0	1	0	13	3	0	0	0	3	11	0	0	11	11	0	0	0	0	0	0	0	0	0	0	2	0	5	11	4	4	0	0
961.200	0	42	3	16	0	1	0	13	6	0	0	0	2	10	0	0	13	12	0	0	0	0	0	0	0	0	0	0	0	0	5	9	4	2	0	0
961.400	0	31	3	17	0	1	0	11	6	0	0	0	2	8	0	0	16	7	0	0	0	0	0	0	0	0	0	1	3	0	8	5	2	3	0	4
961.600	0	29	3	15	0	1	0	12	5	0	0	0	2	8	0	0	18	8	0	0	0	0	0	0	0	0	0	0	3	0	7	10	4	4	0	1
961.800	0	49	5	15	0	1	0	7	6	0	0	0	2	6	0	0	14	11	0	0	0	0	0	0	0	0	0	0	4	0	6	8	8	3	0	6
962.000	0	41	6	22	0	1	0	8	6	0	0	0	0	4	0	0	18	13	0	0	0	0	0	0	0	0	0	0	2	0	5	12	5	3	0	6
962.200	0	38	10	23	0	1	0	6	6	0	0	0	0	1	0	0	14	1	0	0	0	0	0	0	0	0	0	0	3	0	5	12	8	2	0	2
962.400	0	26	9	20	0	0	0	10	3	0	0	0	2	7	0	0	24	2	0	0	0	0	0	0	0	0	0	0	2	0	5	5	7	2	0	4
962.600	0	35	6	17	0	0	0	7	6	0	0	0	2	3	0	0	18	11	0	0	0	0	0	0	0	0	0	1	2	0	5	9	6	4	0	5
962.800	0	45	10	18	0	0	0	15	6	0	0	0	2	3	0	0	19	11	0	0	0	0	0	0	0	0	0	0	2	0	4	9	4	2	0	6
963.000	0	39	8	24	0	1	0	10	5	0	0	0	2	8	0	0	15	9	0	0	0	0	0	0	0	0	0	1	3	0	4	9	5	2	0	5
963.200	0	34	9	19	0	1	0	8	6	0	0	0	2	6	0	0	15	4	0	0	0	0	0	0	0	0	0	0	2	0	5	6	5	4	0	1
963.400	0	44	8	14	0	1	0	11	5	0	0	0	5	10	0	0	17	7	0	0	0	0	0	0	0	0	0	1	2	0	5	5	8	2	0	5
963.600	0	36	9	20	0	0	0	14	5	0	0	0	2	10	0	0	13	9	0	0	0	0	0	0	0	0	0	0	7	0	6	10	2	2	0	2
963.800	0	36	7	16	0	1	0	7	6	0	0	0	3	6	0	0	18	15	0	0	0	0	0	0	0	0	0	0	1	0	7	14	7	4	0	5
964.000	0	35	7	20	0	1	0	8	4	0	0	0	2	6	0	0	16	5	0	0	0	0	0	0	0	0	0	0	3	0	8	10	3	2	0	3
964.200	0	32	6	18	0	1	0	7	5	0	0	0	1	9	0	0	13	17	0	0	0	0	0	0	0	0	0	0	0	0	4	7	6	3	0	2
964.400	0	40	9	25	0	1	0	5	6	0	0	0	1	9	0	0	17	8	0	0	0	0	0	0	0	0	0	0	1	0	5	9	9	3	0	1
964.600	0	33	8	19	0	1	0	4	5	0	0	0	2	10	0	0	15	8	0	0	0	0	0	0	0	0	0	0	2	0	3	7	4	4	0	2
964.800	0	35	3	19	0	1	0	7	5	0	0	1	2	7	0	0	15	12	0	0	0	0	0	0	0	0	0	0	2	0	2	15	3	5	0	1
965.000	0	28	7	18	0	1	0	7	5	0	0	0	2	7	0	0	19	6	0	0	0	0	0	0	0	0	0	1	0	0	6	10	4	3	0	2
965.200	0	28	4	22	0	1	0	8	6	0	0	0	1	7	0	0	18	3	0	0	0	0	0	0	0	0	0	0	1	0	9	16	6	2	0	7
965.400	0	28	9	20	0	1	0	4	5	0	0	0	0	7	0	0	20	8	0	0	0	0	0	0	0	0	0	0	3	0	1	16	9	2	0	1
965.600	0	31	6	23	0	1	0	3	4	0	0	0	2	8	0	0	22	4	0	0	0	0	0	0	0	0	0	0	7	1	5	10	5	2	0	4
965.800	0	45	7	22	0	0	0	7	4	0	0	0	2	8	0	0	15	8	0	0	0	0	0	0	0	0	0	0	6	0	7	12	3	4	0	7
966.000	0	44	8	19	0	1	0	4	0	0	0	0	1	11	0	0	17	5	0	0	0	0	0	0	0	0	0	0	2	0	5	14	4	2	0	2
966.200	0	38	4	21	0	1	0	8	1	0	0	1	1	9	0	0	16	10	0	0	0	0	0	0	0	0	0	0	3	0	2	16	3	1	0	3
966.400	0	34	6	19	0	1	0	7	1	0	0	2	2	8	0	0	12	7	0	0	0	0	0	0	0	0	0	0	9	2	6	12	5	1	0	2
966.600	0	16	7	17	0	1	0	13	1	0	0	2	1	10	0	0	27	7	0	0	0	0	0	0	1	0	0	3	6	0	7	18	3	1	0	2
966.800	0	37	8	17	0	1	0	11	1	0	0	1	1	10	0	0	18	6	0	0	0	0	0	0	0	0	0	1	6	0	8	15	3	2	0	5
967.000	0	37	2	15	0	1	0	14	0	0	0	0	3	6	0	0	21	11	0	0	0	0	0	0	0	0	0	0	7	0	9	10	3	2	0	2
967.200	0	37	6	11	0	1	0	12	0	0	0	3	4	9	0	0	16	7	0	0	0	0	0	0	0	0	0	0	4	0	9	10	3	2	0	4
967.400	0	36	5	12	0	1	0	19	4	0	1	1	0	8	0	0	17	6	0	0	0	0	0	0	0	0	0	0	3	0	8	16	3	1	0	5
967.600	0	26	4	18	0	1	0	14	4	0	0	0	1	8	0	0	13	4	0	0	0	0	0	0	0	0	0	1	5	0	8	21	6	2	0	2
967.800	0	42	4	14	0	0	0	13	4	0	0	0	3	5	0	0	11	11	0	0	0	0	0	0	0	0	0	0	10	0	5	10	5	4	0	3
968.000	0	37	5	16	0	1	0	12	5	0	0	1	1	10	0	0	16	6	0	0	0	0	0	0	0	0	0	1	8	1	9	17	3	5	1	2
968.200	0	37	2	17	0	1	0	16	5	0	0	1	2	11	0	0	17	5	0	0	0	0	0	0	0	0	0	0	5	2	10	11	4	3	0	1
968.400	0	30	8	18	0	1	0	17	5	0	0	0	1	11	0	0	18	10	0	0	0	0	0	0	0	0	0	0	6	2	8	11	3	5	0	1
968.600	0	45	8	20	0	1	0	12	1	0	0	0	0	8	0	0	16	15	0	0	0	0	0	0	0	0	0	0	5	2	9	13	3	3	0	7
968.800	0	38	6	21	0	0	0	19	5	0	0	0	3	12	0	0	18	9	0	0	0	0	0	0	0	0	0	0	1	0	2	6	3	3	0	2
969.000	0	48	6	14	0	0	0	16	6	0	0	0	3	12	0	0	24	5	0	0	0	0	0	0	0	0	0	0	6	0	3	4	0	2	0	1
969.200	0	34	7	19	0	0	0	17	4	0	0	0	2	8	0	0	17	4	0	0	0	0	0	0	0	0	0	0	3	0	5	9	5	4	0	2
969.400	0	29	9	18	0	0	0	17	2	0	0	0	0	7	0	0	24	5	0	0	0	0	0	0	0	0	0	0	4	0	9	14	3	2	0	0
969.600	0	42	6	20	0	0	0	22	4	0	0	0	2	6	0	0	19	9	0	0	0	0	0	0	0	0	0	0	5	0	9	12	2	2	0	0
969.800	0	25	5	16	0	0	0	16	2	0	0	0	2	5	0	0	23	12	0	0	0	0	0	0	0	0	0	0	9	0	7	14	0	1	0	0
970.000	0	27	10	23	0	0	0	8	6	0	0	0	4	9	0	0	16	9	0	0	0	0	0	0	0	0	0	0	3	0	3	15	1	4	0	0
970.200	0	39	4	19	0	0	0	12	6	0	0	1	2	6	0	0	25	13	0	0	0	0	0	0	0	0	0	0	6	1	9	13	4	3	0	1
970.400	0	41	8	22	0	0	0	15	3	0	0	0	2	6	0	0	15	9	0	0	0	0	0	0	0	0	0	0	9	1	4	11	1	2	0	0
970.600	0	43	8	13	0	0	0	13	0	0	0	0	1	8	0	0	23	15	0	0	0	0	0	0	0	0	0	0	4	0	9	9	4	4	0	0
970.800	0	24	4	15	0	1	0	9	0	0	0	0	3	6	0	0	17	16	0	0	0	0	0	0	0	0	0	0	3	0	9	15	4	2	0	1
971.000	0	23	11	23	0	1	0	9	0	0	0	0	3	6	0	0	13	7	0	0	0	0	0	0	0	0	0	1	6	2	9	14	3	2	0	5
971.200	0	29	10	23	0	1	0	12	0	0	0	0	2	6	0	0	17	9	0	0	0	0	0	0	0	0	0	0	5	0	5	9	3	2	0	2
971.400	0	27	6	17	0	0	0	17	0	0	0	0	1	7	0	0	19	8	0	0	0	0	0	0	0	0	0	0	6	0	10	3	0	3	0	3
971.600	0	25	5	20	0	1	0	18	0	0	0	0	3	9	0	0	24	13	0	0	0	0	0	0	0	0	0	0	6	1	7	14	2	3	0	1
971.800	0	25	9	22	0	0	0	18	0	0	0	0	5	8	0	0	16	7	0	0	0	0	0	0	0	0	0	0	9	2	8	16	5	2	0	1
972.000	0	26	10	22	0	0	0	15	0	0	0	0	3	4	0	0	21	7	0	0	0	0	0	0	0	0	0	0	2	1	9	10	3	2	0	3
972.200	0	26	7	18	0	0	0	20	0	0	0	0	1	3	0	0	27	6	0	0	0	0	0	0	0	0	0	0	6	1	10	10	1	3	0	3
972.400	0	34	9	21	0	0	0	15	0	0	0	0	1	2	0	0	15	13	0	0	0	0	0	0	0	0	0	0	5	0	6	11	3	2	0	2
972.600	0	35	10	20	0	0	0	18	0	0	0	0	0	1	0	0	21	13	0	0	0	0	0	0	0	0	0	0	7	0	7	5	4	2	0	2
972.800	0	29	11	22	0	0	0	20	0	0	0	0	2	3	0	0	16	8	0	0	0	0	0	0	0	0	0	0	1	0	8	14	4	1	0	3
973.000	0	15	10	21	0	0	0	19	0	0	0	0	0	1	0	0	18	8	0	0	0	0	0	0	0	0	0	0	6	0	5	8	5	2	0	5
973.200	0	26	8	18	0	0	0	9	0	0	0	0	3	2	0	0	24	13	0	0	0	0	0	0	0	0	0	1	3	0	8	17	2	5	0	2
973.400	0	20	7	21	0	0	0	12	0	0	0	0	1	2	0	0	21	14	0	0	0	0	0	0	0	0	0	1	6	2	7	10	3	2	0	2
973.600	0	31	10	20	0	0	0	17	0	0	0	0	0	3	0	0	19	10	0	0	0	0	0	0	0	0	0	0	6	0	9	11	1	2	0	1
973.800	0	29	7	14	0	1	0	11	0	0	0	0	4	8	0	0	21	5	0	0	0	0	0	0	0	0	0	0	2	0	5	8	3	2	0	1
974.000	0	14	13	28	0	1	0	18	0	0	0	0	3	5	0	0	29	8	0	0	0	0	0	0	0	0	0	0	6	0	4	10	2	3	0	1
974.200	0	24	3	23	0	0	0	15	0	0	0	0	2	3	0	0	25	5	0	0	0	0	0	0	0	0	0	0	2	0	9	17	1	1	0	2
974.400	0	27	7	28	0	0	0	23	0	0	0	0	1	3	0	0	24	6	0	0	0	0	0	0	0	0	0	0	4	0	5	10	3	2	0	0
974.600	0	37	10	17	0	0	0	18	0	0	0	0	0	2	0	0	22	6	0	0	0	0	0	0	0	0	0	0	2	0	9	7	2	4	0	4
974.800	0	32	7	31	0	0	0	18	0	0	0	0	0	1	0	0	27	7	0	0	0	0	0	0	0	0	0	0	2	0	7	11	4	3	0	1
975.000	0	35	10	23	0	0	0	13	0	0	0	0	4	4	0	0	23	3	0	0	0	0	0	0	0	0	0	0	5	0	4	14	3	2	0	3
975.200	0	32	7	22	0	0	0	18	0	0	0	0	2	3	0	0	19	11	0	0	0	0	0	0	0	0	0	2	4	0	8	18	3	2	0	4
975.400	0	32	9	20	0	0	0	20	0	0	1	0	4	3	0	0	22	13	0	0	0	0	0	0	0	0	0	0	3	0	8	15	2	3	0	1
975.600	0	35	8	17	0	0	0	26	0	0	1	0	2	8	0	0	21	5	0	0	0	0	0	0	0	0	0	0	5	0	4	11	3	3	0	4
975.800	0	42	11	20	0	0	0	20	0	0	1	0	4	9	0	0	15	3	0	0	0	0	0	0	0	0	0	0	3	0	7	9	4	4	0	3
976.000	0	30	10	19	0	0	0	16	0	0	0	0	3	4	0	0	16	4	0	0	0	0	0	0	0	0	0	0	4	0	7	12	4	2	0	3
976.200	0	29	10	24	0	0	0	18	0	0	1	1	1	2	0	0	27	12	0	0	0	0	0	0	0	0	0	0	5	0	4	8	4	3	0	6
976.400	0	33	11	23	0	0	0	14	0	0	2	0	5	10	0	0	23	3	0	0	0	0	0	0	0	0	0	0	3	0	1	10	3	2	0	4
976.600	0	21	6	23	0	1	0	20	0	0	4	0	4	11	0	0	31	8	0	0	0	0	0	0	0	0	0	0	5	0	7	12	4	3	0	2
976.800	0	26	7	26	0	1	0	24	0	0	4	0	1	7	0	0	21	14	0	0	0	0	0	0	0	0	0	0	2	0	9	21	3	3	0	4
977.000	0	30	10	21	0	0	0	14	0	0	4	0	3	10	0	0	23	6	0	0	0	0	0	0	0	0	0	0	7	0	10	19	2	1	0	4
977.200	0	47	11	22	0	0	0	14	0	0	4	0	0	7	0	0	21	5	0	0	0	0	0	0	0	0	0	0	3	0	7	25	5	1	0	6
977.400	0	26	7	19	0	0	0	9	0	0	0	0	1	8	0	0	20	7	0	0	0	0	0	0	0	0	0	0	3	1	2	12	4	2	0	7
977.600	0	38	5	24	0	0	0	14	0	0	1	0	0	8	0	0	12	9	0	0	0	0	0	0	0	0	0	0	4	0	1	16	4	1	0	5
977.800	0	31	10	22	0	0	0	9	0	0	0	0	2	7	0	0	19	11	0	0	0	0	0	0	0	0	0	0	6	0	9	17	3	1	0	3
978.000	0	22	10	23	0	0	0	8	0	0	0	0	0	5	0	0	19	10	0	0	0	0	0	0	0	0	0	0	8	0	9	12	3	1	0	5
978.200	0	21	8	18	0	1	0	8	0	0	1	0	0	6	0	0	20	7	0	0	0	0	0	0	0	0	0	0	2	0	6	11	1	1	0	3
978.400	0	37	10	22	0	0	0	17	0	0	1	0	0	7	0	0	19	9	0	0	0	0	0	0	0	0	0	1	7	1	6	11	1	2	0	6
978.600	0	40	7	25	0	0	0	17	0	0	0	0	0	7	0	0	15	11	0	0	0	0	0	0	0	0	0	0	6	0	7	8	4	4	0	4
978.800	0	36	10	22	0	1	0	13	0	0	0	0	0	9	0	0	23	5	0	0	0	0	0	0	0	0	0	0	6	0	9	16	6	3	0	3
979.000	0	40	10	25	0	0	0	6	0	0	0	0	0	8	0	0	27	0	0	0	0	0	0	0	0	0	0	0	5	1	6	11	2	3	0	2
979.200	0	41	10	20	0	1	0	9	0	0	0	0	0	3	0	0	30	4	0	0	0	0	0	0	0	0	0	0	2	0	5	11	3	5	0	5
979.400	0	42	12	25	0	1	0	10	0	0	0	0	0	6	0	0	25	10	0	0	0	0	0	0	0	0	0	0	4	0	5	13	2	3	0	4
979.600	0	42	9	20	0	1	0	17	0	0	0	0	0	5	0	0	23	6	0	0	0	0	0	0	0	0	0	0	8	0	5	15	2	3	0	3
979.800	0	32	9	29	0	1	0	15	0	0	0	1	0	6	0	0	23	4	0	0	0	0	0	0	0	0	0	0	3	0	5	15	1	3	0	1
980.000	0	34	3	18	0	1	0	17	0	0	0	0	2	9	0	0	24	3	0	0	0	0	0	0	0	0	0	0	2	0	5	15	3	2	0	1
980.200	0	41	7	24	0	1	0	15	0	0	0	1	2	8	0	0	21	4	0	0	0	0	0	0	0	0	0	0	1	0	3	11	3	2	0	4
980.400	0	21	10	25	0	0	0	21	0	0	0	2	2	13	0	0	28	6	0	0	0	0	0	0	0	0	0	0	8	0	6	11	2	2	0	1
980.600	0	28	9	21	0	1	0	15	0	0	0	1	1	9	0	0	22	6	0	0	0	0	0	0	0	0	0	0	2	0	5	11	4	4	0	7
980.800	0	35	9	19	0	0	0	17	0	0	0	1	1	10	0	0	25	5	0	0	0	0	0	0	0	0	0	0	3	0	5	4	2	3	0	7
981.000	0	35	3	19	0	0	0	19	0	0	0	1	1	8	0	0	25	10	0	0	0	0	0	0	0	0	0	0	2	0	5	9	2	1	0	6
981.200	0	30	10	24	0	1	0	20	0	0	0	0	0	9	0	0	21	1	0	0	0	0	0	0	0	0	0	0	0	0	4	9	4	4	0	7
981.400	0	43	6	21	0	1	0	14	0	0	0	0	1	8	0	0	23	7	0	0	0	0	0	0	0	0	0	0	4	0	4	8	5	4	0	4
981.600	0	29	3	26	0	0	0	9	0	0	0	0	1	8	0	0	24	5	0	0	0	0	0	0	0	0	0	0	2	0	5	7	3	3	0	5
981.800	0	32	9	26	0	6	0	16	0	0	0	0	1	8	0	0	22	6	0	0	0	0	0	0	0	0	0	0	2	0	5	10	2	4	0	4
982.000	0	42	9	22	0	2	0	21	0	0	0	0	1	11	0	0	26	6	0	0	0	0	0	0	0	0	0	0	2	0	5	13	4	3	0	5
982.200	0	25	6	20	0	2	0	22	0	0	0	0	0	11	0	0	23	4	0	0	0	0	0	0	0	0	0	0	2	0	6	10	4	2	0	6
982.400	1	44	8	18	0	4	0	18	0	0	0	0	0	9	0	0	26	4	0	0	0	0	0	0	0	0	0	0	0	0	4	6	2	2	0	5
982.600	0	39	9	22	0	5	0	16	0	0	0	0	0	11	0	0	22	2	0	0	0	0	0	0	0	0	0	0	5	0	5	10	2	3	0	3
982.800	0	42	11	23	0	4	0	14	0	0	0	0	0	9	0	0	20	6	0	0	0	0	0	0	0	0	0	1	2	0	4	4	4	3	0	7
983.000	0	43	10	22	0	2	0	14	0	0	0	0	0	6	0	0	23	5	0	0	0	0	0	0	0	0	0	0	2	0	6	14	4	5	0	3
983.200	0	41	8	21	0	2	0	17	0	0	0	0	1	9	0	0	22	6	0	0	0	0	0	0	0	0	0	1	3	0	5	14	4	3	0	5
983.400	0	37	2	19	0	3	0	14	0	0	0	0	1	7	0	0	26	8	0	0	0	0	0	0	0	0	0	0	0	0	3	9	4	4	0	9
983.600	0	40	8	23	0	1	0	18	0	0	0	0	1	7	0	0	23	4	0	0	0	0	0	0	0	0	0	1	4	0	4	8	4	3	0	4
983.800	0	35	10	21	0	2	0	19	0	0	0	0	0	5	0	0	24	4	0	0	0	0	0	0	0	0	0	1	1	0	4	10	1	2	0	5
984.000	0	42	9	25	0	5	0	15	0	0	0	0	0	7	0	0	25	4	0	0	0	0	0	0	0	0	0	0	0	0	5	5	7	2	0	8
984.200	0	35	9	23	0	0	0	16	0	0	0	0	0	6	0	0	19	0	0	0	0	0	0	0	0	0	0	1	2	0	3	9	4	3	0	6
984.400	0	39	3	20	0	1	0	15	0	0	0	0	1	10	0	0	15	1	0	0	0	0	0	0	0	0	0	0	4	0	4	5	4	2	0	6
984.600	0	42	9	24	0	5	0	11	0	0	0	0	1	9	0	0	20	5	0	0	0	0	0	0	0	0	0	0	3	0	5	9	1	3	0	7
984.800	0	39	8	24	0	5	0	15	0	0	0	0	0	8	0	0	20	8	0	0	0	0	0	0	0	0	0	0	2	0	6	4	1	2	0	7
985.000	0	46	11	21	0	2	0	18	0	0	0	0	0	5	0	0	18	9	0	0	0	0	0	0	0	0	0	0	3	0	4	10	3	5	0	3
985.200	0	37	7	20	0	2	0	17	0	0	0	1	0	8	0	0	19	6	0	0	0	0	0	0	0	0	0	0	4	0	3	8	4	3	0	1
985.400	0	33	9	25	0	0	0	17	0	0	0	0	0	7	0	0	22	4	0	0	0	0	0	0	0	0	0	0	0	0	0	6	3	4	0	8
985.600	0	20	9	21	0	2	0	8	0	0	0	0	0	8	0	0	23	5	0	0	0	0	0	0	0	0	0	0	2	0	0	9	3	4	0	7
985.800	0	32	5	25	0	4	0	8	0	0	0	0	0	7	0	0	26	9	0	0	0	0	0	0	0	0	0	0	1	0	1	9	1	5	0	7
986.000	0	44	5	20	0	2	0	20	0	0	0	0	0	6	0	0	22	8	0	0	0	0	0	0	0	0	0	0	1	0	1	8	3	4	0	7
986.200	0	33	7	16	0	4	0	8	0	0	0	0	0	8	0	0	22	3	0	0	0	0	0	0	0	0	0	0	1	0	0	9	2	3	0	8
986.400	0	24	2	22	0	3	0	18	0	0	0	0	0	9	0	0	15	9	0	0	0	0	0	0	0	0	0	0	1	0	1	13	2	4	1	5
986.600	0	25	2	17	0	5	0	18	0	0	0	0	0	6	0	0	26	10	0	0	0	0	0	0	0	0	0	0	0	0	4	11	5	3	0	7
986.800	0	21	2	17	0	2	0	13	0	0	0	0	0	2	0	0	19	5	0	0	0	0	0	0	0	0	0	0	0	0	0	12	2	3	0	2
987.000	0	24	4	18	1	2	0	12	0	0	0	0	0	2	0	0	22	13	0	0	0	0	0	0	0	0	0	0	3	0	1	10	5	5	0	3
987.200	0	24	7	17	0	5	0	17	0	0	0	0	0	6	0	0	26	8	0	0	0	0	0	0	0	0	0	0	4	0	2	9	4	4	0	7
987.400	0	19	4	24	0	5	0	10	0	0	0	0	0	8	0	0	22	5	0	0	0	0	0	0	0	0	0	0	2	0	0	3	0	2	0	3
987.600	0	27	1	22	0	3	0	18	0	0	0	0	0	6	0	0	20	7	0	0	0	0	0	0	0	0	0	0	2	0	0	8	1	3	0	4
987.800	0	34	8	18	0	2	0	22	0	0	0	0	0	7	0	0	25	8	0	0	0	0	0	0	0	0	0	0	3	0	0	5	3	1	0	9
988.000	0	31	8	24	0	2	0	18	0	0	0	0	0	7	0	0	21	8	0	0	0	0	0	0	0	0	1	0	2	0	0	5	2	1	0	7
988.200	0	35	6	19	0	2	0	16	0	0	0	0	0	8	0	0	23	9	0	0	0	0	0	0	0	0	1	0	2	0	0	6	3	5	0	11
988.400	0	30	4	12	0	5	0	21	0	0	0	0	0	4	0	0	17	4	0	0	0	0	0	0	0	0	0	0	5	0	0	5	3	3	0	5
988.600	0	17	3	16	0	1	0	11	0	0	0	0	0	2	0	0	20	0	0	0	0	0	0	0	0	0	0	0	3	0	0	6	2	3	0	5
988.800	0	28	1	21	0	0	0	22	0	0	0	0	0	2	0	0	20	2	0	0	0	0	0	0	0	0	0	0	4	0	0	5	2	5	0	8
989.000	0	24	9	17	0	2	0	20	0	0	0	0	0	0	0	0	22	0	0	0	0	0	0	0	0	0	0	0	2	0	0	7	3	2	0	11
989.200	0	27	7	21	0	1	0	12	0	0	0	0	0	1	0	0	23	9	0	0	0	0	0	0	0	0	0	0	2	0	0	9	1	2	0	3
989.400	0	33	2	22	0	0	0	17	0	0	0	0	0	2	0	0	17	6	0	0	0	0	0	0	0	0	0	0	2	0	0	11	7	5	0	3
989.600	0	29	3	18	0	1	0	20	0	0	0	0	0	2	0	0	25	6	0	0	0	0	0	0	0	0	1	0	4	0	0	6	4	3	0	6
989.800	0	20	1	12	0	0	0	10	0	0	0	0	0	0	0	0	19	8	0	0	0	0	0	0	0	0	1	0	4	0	0	7	1	4	0	9
990.000	0	37	7	19	0	0	0	13	0	0	0	0	0	0	0	0	25	4	0	0	0	0	0	0	0	0	2	0	4	0	0	2	4	4	0	11
990.200	0	39	8	19	0	0	0	16	0	0	0	0	0	0	0	0	21	5	0	0	0	0	0	0	0	0	0	0	0	0	0	5	3	1	0	10
990.400	0	46	7	21	0	0	0	12	0	0	0	0	0	3	0	0	26	4	0	0	0	0	0	0	0	0	3	0	5	0	0	5	3	3	0	8
990.600	0	46	3	14	0	0	0	14	0	0	0	0	0	1	0	0	20	0	0	0	0	0	0	0	0	0	4	0	0	0	0	6	2	4	0	11
990.800	0	46	10	21	0	0	0	16	0	0	0	0	0	8	0	0	26	5	0	0	0	0	0	0	0	0	1	0	0	0	0	2	2	4	0	9
991.000	0	34	7	15	0	0	0	15	0	0	0	0	0	2	0	0	21	3	0	0	0	0	0	0	0	0	0	0	0	0	0	5	1	4	0	10
991.200	0	28	7	15	0	0	0	18	0	0	0	0	0	3	0	0	22	0	0	0	0	0	0	0	0	0	0	0	0	0	0	4	2	1	0	11
991.400	0	45	3	13	0	0	0	17	0	0	0	0	0	7	0	2	22	2	0	0	0	0	0	0	0	0	3	0	0	0	0	0	2	2	0	7
991.600	0	36	6	16	0	0	0	14	0	0	0	0	0	5	0	0	25	5	0	0	0	0	0	0	0	0	1	0	0	0	0	2	3	3	0	9
991.800	0	39	5	20	0	0	0	15	0	0	0	0	0	10	0	0	21	4	0	0	0	0	0	0	0	0	3	0	0	0	0	0	2	2	0	8
992.000	0	28	1	16	0	0	0	17	0	0	0	0	0	9	0	0	24	3	0	0	0	0	0	0	0	0	3	0	0	0	0	0	1	4	0	6
992.200	0	29	1	14	0	0	0	19	0	0	0	0	2	7	0	0	15	3	0	0	0	0	0	0	0	0	4	0	0	0	0	0	4	2	0	2
992.400	0	38	0	13	0	0	0	13	0	0	0	0	4	14	0	0	17	8	0	0	0	0	0	0	0	1	5	0	0	0	0	2	3	3	0	7
992.600	0	49	4	19	0	0	0	8	0	0	0	0	0	12	0	0	20	10	0	0	0	0	0	0	0	0	3	0	0	0	0	0	2	3	0	6
992.800	0	44	7	6	0	0	0	16	0	0	0	0	3	6	0	0	27	15	0	0	0	0	0	0	0	0	5	2	0	0	0	0	2	3	0	8
993.000	0	45	2	13	0	0	0	11	0	0	0	0	5	6	0	0	31	3	0	0	0	0	0	0	0	0	4	0	0	0	0	0	4	3	0	3
993.200	0	23	2	17	0	0	0	20	0	0	0	0	2	12	0	0	20	11	0	0	0	0	0	0	0	0	9	1	0	0	0	4	6	7	0	6
993.400	0	19	6	15	0	0	0	13	0	0	0	0	3	11	0	0	15	4	0	0	0	0	0	0	0	0	2	0	0	0	0	2	3	3	0	8
993.600	0	42	7	15	0	0	0	17	0	0	0	0	4	11	0	0	20	2	0	0	0	0	0	0	0	0	2	1	0	0	0	0	4	3	0	6
993.800	0	48	8	16	0	0	0	20	0	0	0	0	4	10	0	0	21	2	0	0	0	0	0	0	0	1	4	0	0	0	0	2	3	4	0	7
994.000	0	43	8	16	0	0	0	21	0	0	0	0	3	7	0	0	19	4	0	0	0	0	0	0	0	2	5	0	0	0	0	2	3	3	0	8
994.200	0	27	1	16	0	0	0	12	0	0	0	0	5	6	0	0	17	4	0	0	0	0	0	0	0	0	4	0	0	0	0	1	4	3	0	5
994.400	0	42	7	20	0	0	0	8	0	0	0	0	5	8	0	0	11	5	0	0	0	0	0	0	0	0	4	0	0	0	0	2	1	5	0	8
994.600	0	43	7	24	0	0	0	13	0	0	0	0	3	15	0	0	19	5	0	0	0	0	0	0	0	0	5	0	0	0	0	2	3	3	0	5
994.800	0	40	7	21	0	0	0	17	0	0	0	0	4	12	0	0	14	9	0	0	0	0	0	0	0	2	4	0	0	0	0	4	5	5	0	7
995.000	0	46	4	18	0	0	0	23	0	0	0	0	1	6	0	0	14	7	0	0	0	0	0	0	0	1	7	2	0	0	0	3	4	6	1	8
995.200	0	43	7	15	0	0	0	21	0	0	0	0	2	5	0	0	14	8	0	0	0	0	0	0	0	0	5	1	0	0	0	2	4	3	0	6
995.400	0	32	6	13	0	0	0	18	0	0	0	0	0	4	0	0	14	7	0	0	0	0	0	0	0	1	4	0	0	0	0	2	3	3	0	8
995.600	0	27	7	13	0	0	0	13	0	0	0	0	0	3	0	0	21	4	0	0	0	0	0	0	0	1	4	0	0	0	0	2	4	3	0	10
995.800	0	38	5	16	0	0	0	12	0	0	0	0	0	4	0	0	18	11	0	0	0	0	0	0	0	1	0	0	0	0	0	2	4	3	0	3
996.000	0	29	2	17	0	1	0	11	0	0	0	0	0	3	0	0	20	10	0	0	0	0	0	0	0	1	3	0	0	0	0	0	5	3	0	8
996.200	0	34	5	14	0	0	0	15	0	0	0	0	0	7	0	0	26	9	0	0	0	0	0	0	0	1	3	0	0	0	0	2	4	2	0	9
996.400	0	40	5	12	0	0	0	22	0	0	0	0	0	4	0	0	15	6	0	0	0	0	0	0	0	1	1	0	0	0	0	3	4	3	0	11
996.600	0	10	4	14	0	0	0	11	0	0	0	0	0	3	0	0	24	12	0	0	0	0	0	0	0	1	2	0	0	0	0	3	5	2	0	9
996.800	0	40	4	16	0	1	0	23	0	0	0	0	0	1	0	0	19	4	0	0	0	0	0	0	0	0	0	0	0	0	0	2	2	3	0	8
997.000	0	40	7	17	0	0	0	15	0	0	0	0	0	1	0	0	14	10	0	0	0	0	0	0	0	0	0	0	0	0	0	3	4	2	0	12
997.200	0	36	7	16	0	1	0	10	0	0	0	0	0	0	0	0	23	11	0	0	0	0	0	0	0	0	2	0	0	0	0	1	3	3	0	10
997.400	0	35	5	14	0	1	0	10	0	0	0	0	0	0	0	0	19	10	0	0	0	0	0	0	0	1	3	0	0	0	0	3	5	3	0	9
997.600	0	41	8	15	0	0	0	16	0	0	0	0	0	7	0	0	14	10	0	0	0	0	0	0	0	1	1	0	0	0	0	3	3	3	0	10
997.800	0	35	5	15	0	1	0	16	0	0	0	0	0	0	0	0	18	6	0	0	0	0	0	0	0	1	3	2	0	0	0	2	3	4	0	9
998.000	0	29	5	16	0	0	0	15	0	0	0	0	0	0	0	0	22	12	0	0	0	0	0	0	0	0	2	0	0	0	0	3	5	2	0	8
998.200	0	31	7	17	0	0	0	11	0	0	0	0	0	1	0	0	28	4	0	0	0	0	0	0	0	1	4	0	0	0	0	2	5	1	0	9
998.400	0	31	7	21	0	0	0	14	0	0	0	0	0	0	0	0	24	11	0	0	0	0	0	0	0	0	3	0	0	0	0	1	4	3	0	11
998.600	0	39	5	15	0	0	0	12	0	0	0	0	0	0	0	0	31	11	0	0	0	0	0	0	0	1	5	0	0	0	0	0	5	2	0	12
998.800	0	27	7	13	0	2	0	16	0	0	0	0	0	0	0	0	23	8	0	0	0	0	0	0	0	1	2	0	0	0	0	0	3	2	0	10
999.000	0	49	7	19	0	0	0	16	0	0	0	0	0	1	0	0	31	9	0	0	0	0	0	0	0	1	2	0	0	0	0	2	4	1	0	10
999.200	0	32	6	16	0	0	0	18	1	0	0	0	0	0	0	0	26	5	0	0	0	0	0	0	0	2	5	0	0	0	0	3	6	4	0	9
999.400	0	43	0	16	0	1	0	15	4	0	0	0	0	1	0	0	23	14	0	0	0	0	0	0	0	1	1	0	0	0	0	2	3	3	0	9
999.600	0	35	7	19	0	0	0	21	2	0	0	0	0	1	0	0	18	13	0	0	0	0	0	0	0	1	7	0	0	0	0	4	7	5	0	4
999.800	0	33	7	13	0	2	0	16	2	0	0	0	0	0	0	0	19	14	0	0	0	0	0	0	0	1	5	0	0	0	0	2	7	3	0	8
1000.000	0	29	4	14	0	0	0	19	5	0	0	0	0	3	0	0	22	3	0	0	0	0	0	0	0	0	4	0	0	0	0	4	3	2	0	6
1000.200	0	36	3	17	0	0	0	16	6	0	0	0	0	8	0	0	18	5	0	0	0	0	0	0	0	1	2	0	0	0	0	3	4	3	0	7
1000.400	0	30	2	16	0	0	0	22	4	0	0	0	0	1	0	0	18	11	0	0	0	0	0	0	0	0	5	0	0	0	0	2	3	2	0	5
1000.600	0	27	0	16	0	0	0	17	4	0	0	0	0	1	0	0	15	6	0	0	0	0	0	0	0	0	0	0	0	0	0	3	6	5	0	6
1000.800	0	40	3	19	0	1	0	23	4	0	0	0	0	3	0	0	24	5	0	0	0	0	0	0	0	0	1	0	0	0	0	2	4	3	0	9
1001.000	0	40	5	14	0	0	0	17	5	0	0	0	0	1	0	0	22	5	0	0	0	0	0	0	0	1	1	0	0	0	0	7	4	3	0	8
1001.200	0	35	4	15	0	1	0	16	3	0	0	0	0	2	0	0	20	8	0	0	0	0	0	0	0	1	7	0	0	0	0	3	5	5	0	5
1001.400	0	32	4	14	0	1	0	20	3	0	0	0	0	5	0	0	25	9	0	0	0	0	0	0	0	0	1	0	0	0	0	3	6	5	0	9
1001.600	0	45	9	19	0	2	0	15	3	0	0	0	0	7	0	0	22	8	0	0	0	0	0	0	0	1	4	0	0	0	0	2	4	3	0	12
1001.800	0	49	6	22	0	3	0	20	6	0	0	0	0	9	0	0	28	4	0	0	0	0	0	0	0	1	7	0	0	0	0	3	4	3	0	9
1002.000	0	34	6	22	0	1	0	19	5	0	0	0	0	10	0	0	19	4	0	0	0	0	0	0	0	1	4	0	0	0	0	1	3	4	0	12
1002.200	0	41	8	16	0	0	0	21	4	0	0	0	0	5	0	0	25	4	0	0	0	0	0	0	0	0	1	0	0	0	0	2	4	3	0	8
1002.400	0	34	5	20	0	3	0	17	4	0	0	0	0	5	0	0	16	6	0	0	0	0	0	0	0	1	2	0	1	0	0	5	4	2	0	10
1002.600	0	34	3	14	0	0	0	20	3	0	0	0	0	8	0	0	21	8	0	0	0	0	0	0	0	0	3	0	0	0	0	2	4	3	0	8
1002.800	0	38	3	15	0	0	0	18	2	0	0	0	0	6	0	0	18	2	0	0	0	0	0	0	0	1	7	0	0	0	0	2	3	5	0	11
1003.000	0	43	7	12	0	3	0	19	3	0	0	0	0	1	0	0	26	6	0	0	0	0	0	0	0	0	7	0	0	0	0	0	3	5	0	8
1003.200	0	37	5	18	0	3	0	13	2	0	0	0	0	7	0	0	18	4	0	0	0	0	0	0	0	1	8	0	0	0	0	2	7	2	0	7
1003.400	0	38	2	16	0	2	0	18	2	0	0	0	0	7	0	0	25	8	0	0	0	0	0	0	0	0	4	0	0	0	0	2	4	7	0	9
1003.600	0	43	6	15	0	1	0	19	2	0	0	0	0	6	0	0	28	7	0	0	0	0	0	0	0	1	6	0	0	0	0	2	5	7	0	10
1003.800	0	48	7	18	0	0	0	18	4	0	0	0	0	8	0	0	18	9	0	0	0	0	0	0	0	1	4	0	0	0	0	0	3	2	0	10
1004.000	0	34	6	21	0	0	0	15	4	0	0	0	0	9	0	0	21	8	0	0	0	0	0	0	0	0	2	0	0	0	0	0	3	3	0	8
1004.200	0	28	7	19	0	2	0	11	2	0	0	0	0	4	0	0	23	8	0	0	0	0	0	0	0	0	7	1	0	0	0	2	5	7	0	10
1004.400	0	25	6	14	0	0	0	9	3	0	0	0	0	7	0	0	26	2	0	0	0	0	0	0	0	0	8	2	0	0	0	2	3	4	0	9
1004.600	0	43	5	21	0	0	0	17	4	0	0	0	0	7	0	0	28	10	0	0	0	0	0	0	0	1	5	0	0	0	0	2	1	3	0	9
1004.800	0	32	6	18	0	1	0	13	4	0	0	0	0	10	0	0	27	7	0	0	0	0	0	0	0	1	6	0	0	0	0	4	4	3	0	5
1005.000	0	29	5	17	0	1	0	8	2	0	0	0	0	8	0	0	22	8	0	0	0	0	0	0	0	1	4	0	0	0	0	1	3	3	0	12
1005.200	0	24	3	14	0	3	0	16	4	0	0	0	0	5	0	0	20	4	0	0	0	0	0	0	0	1	5	0	0	0	0	0	4	4	0	8
1005.400	0	29	7	15	0	0	0	18	2	0	0	0	0	7	0	0	24	7	0	0	0	0	0	0	0	1	6	0	0	0	0	2	4	4	0	10
1005.600	0	31	7	19	0	2	0	12	3	0	0	0	0	7	0	0	21	6	0	0	0	0	0	0	0	1	2	0	0	0	0	2	4	2	0	9
1005.800	0	31	7	16	0	1	0	10	1	0	0	0	0	5	0	0	25	6	0	0	0	0	0	0	0	0	3	0	0	0	0	3	3	2	0	10
1006.000	0	42	7	21	0	0	0	5	2	0	0	0	0	1	0	0	22	11	0	0	0	0	0	0	0	1	4	0	0	0	0	5	5	3	0	9
1006.200	0	41	6	21	0	3	0	18	4	0	0	0	0	0	0	0	29	10	0	0	0	0	0	0	0	1	5	0	0	0	0	0	3	4	0	7
1006.400	0	29	6	21	0	0	0	23	6	0	0	0	0	1	0	0	21	10	0	0	0	0	0	0	0	1	4	0	0	0	0	3	4	4	0	7
1006.600	0	35	8	19	0	1	0	22	6	0	0	0	0	3	0	0	20	8	0	0	0	0	0	0	0	1	3	0	0	0	0	3	3	4	0	6
1006.800	0	38	5	25	0	0	0	17	5	0	0	0	0	1	0	0	18	6	0	0	0	0	0	0	0	0	5	3	0	0	0	0	3	4	0	8
1007.000	0	44	7	19	0	2	0	14	5	0	0	0	0	3	0	0	16	5	0	0	0	0	0	0	0	1	2	0	0	0	0	5	5	3	0	9
1007.200	0	34	6	21	0	2	0	22	4	0	0	0	0	3	0	0	16	17	0	0	0	0	0	0	0	1	5	3	0	0	0	1	4	2	0	8
1007.400	0	33	5	18	0	0	0	19	5	0	0	0	0	1	0	0	14	5	0	0	0	0	0	0	0	1	4	0	0	0	0	3	5	4	0	10
1007.600	0	42	8	21	1	1	0	13	2	0	0	0	0	1	0	0	20	7	0	0	0	0	0	0	0	1	7	0	0	0	0	2	5	5	0	10
1007.800	0	46	4	18	0	0	0	15	1	0	0	0	0	7	0	0	21	9	0	0	0	0	0	0	0	0	2	0	0	0	0	2	5	5	0	9
1008.000	0	41	7	18	0	1	0	12	2	0	0	0	0	6	0	0	17	8	0	0	0	0	0	0	0	1	4	0	0	0	0	4	6	8	0	10
1008.200	0	32	5	13	0	0	0	18	2	0	0	0	0	3	0	0	13	10	0	0	0	0	0	0	0	1	6	0	0	0	0	3	5	5	0	8
1008.400	0	47	8	17	0	0	0	18	2	0	0	0	0	2	0	0	20	9	0	0	0	0	0	0	0	0	3	0	0	0	0	4	3	5	0	10
1008.600	0	40	8	15	0	0	0	21	2	0	0	0	0	5	0	0	18	6	0	0	0	0	0	0	0	0	0	0	0	0	0	5	4	5	0	12
1008.800	0	34	3	20	0	0	0	19	3	0	0	0	0	5	0	0	16	11	0	0	0	0	0	0	0	1	6	0	0	0	0	5	3	3	0	8
1009.000	0	40	7	15	0	1	0	24	5	0	0	1	0	1	0	0	22	11	0	0	0	0	0	0	0	1	1	2	0	0	0	3	6	4	0	11
1009.200	0	40	8	8	0	2	0	18	6	0	0	0	0	1	0	0	30	7	0	0	0	0	0	0	0	1	4	0	0	0	0	3	3	2	0	7
1009.400	0	23	7	19	0	2	0	19	4	0	0	0	0	2	0	0	20	8	0	0	0	0	0	0	0	1	2	0	0	0	0	0	4	4	0	7
1009.600	0	33	6	11	0	0	0	19	3	0	0	0	0	0	0	0	23	11	0	0	0	0	0	0	0	0	3	0	0	0	0	3	1	4	0	11
1009.800	0	46	7	21	0	2	0	18	2	0	0	0	0	0	0	0	21	11	0	0	0	0	0	0	0	0	5	0	0	0	0	2	3	4	0	12
1010.000	0	36	6	20	0	1	0	18	3	0	0	0	0	0	0	0	17	8	0	0	0	0	0	0	0	0	6	0	0	0	0	1	6	4	0	9
1010.200	0	33	1	12	0	2	0	22	3	0	0	0	0	0	0	0	25	6	0	0	0	0	0	0	0	0	5	0	0	0	0	1	6	4	0	9
1010.400	0	44	1	14	0	0	0	16	2	0	0	0	0	0	0	0	21	11	0	0	0	0	0	0	0	2	5	0	0	0	0	5	7	1	0	7
1010.600	0	41	4	13	0	0	0	11	1	0	0	0	0	4	0	0	24	9	0	0	0	0	0	0	0	0	7	1	0	0	0	5	8	4	0	9
1010.800	0	44	5	22	0	2	0	13	3	0	0	0	0	2	0	0	23	12	0	0	0	0	0	0	0	1	3	0	0	0	0	3	8	4	0	9
1011.000	0	27	0	14	0	3	0	20	3	0	0	0	0	2	0	0	21	7	0	0	0	0	0	0	0	1	0	0	0	0	0	2	4	4	0	9
1011.200	0	38	2	20	0	2	0	22	3	0	0	0	0	4	0	0	23	10	0	0	0	0	0	0	0	1	6	1	2	0	0	3	4	5	0	6
1011.400	0	40	7	20	0	2	0	15	2	0	0	0	0	4	0	0	19	8	0	0	0	0	0	0	0	0	6	3	1	0	0	1	6	2	0	2
1011.600	0	37	2	15	0	2	0	18	2	0	0	0	0	1	0	0	22	7	0	0	0	0	0	0	0	0	4	5	0	0	0	4	3	4	0	4
1011.800	0	44	0	15	1	2	0	22	2	0	0	0	0	4	0	0	28	10	0	0	0	0	0	0	0	0	8	4	1	0	0	4	6	2	0	7
1012.000	0	51	1	18	0	2	0	18	3	0	0	0	0	3	0	0	21	8	0	0	0	0	0	0	0	1	1	2	0	0	0	3	4	3	0	10
1012.200	0	34	0	12	0	4	0	16	4	0	0	0	0	5	0	0	15	11	0	0	0	0	0	0	0	1	7	2	0	0	0	4	5	3	0	8
1012.400	0	43	6	17	0	4	0	18	4	0	0	0	1	8	0	0	19	9	0	0	0	0	0	0	0	0	2	0	1	0	0	3	6	2	0	9
1012.600	0	41	6	21	1	3	0	18	4	0	0	0	0	7	0	0	23	13	0	0	0	0	0	0	0	1	3	1	0	0	0	3	4	4	0	9
1012.800	0	52	7	15	0	2	0	16	3	0	0	0	0	5	0	0	25	10	0	0	0	0	0	0	0	0	4	1	0	0	0	1	4	2	0	7
1013.000	0	42	3	15	0	1	0	17	3	0	0	0	0	5	0	0	26	8	0	0	0	0	0	0	0	1	4	3	0	0	0	2	4	2	0	10
1013.200	0	41	4	11	0	2	0	17	4	0	0	0	0	8	0	0	27	5	0	0	0	0	0	0	0	0	7	2	0	0	0	3	4	3	0	9
1013.400	0	38	4	19	0	0	0	13	3	0	0	0	0	5	0	0	26	9	0	0	0	0	0	0	0	0	4	5	0	0	0	2	4	3	0	9
1013.600	0	46	3	14	0	0	0	17	6	0	0	1	0	7	0	0	26	9	0	0	0	0	0	0	0	1	1	0	0	0	0	3	5	3	0	11
1013.800	0	25	0	17	0	0	0	12	4	0	0	0	0	6	0	0	27	9	0	0	0	0	0	0	0	1	1	0	0	0	0	1	3	4	0	9
1014.000	0	26	0	19	0	1	0	12	5	0	0	0	0	5	0	0	22	11	0	0	0	0	0	0	0	0	1	0	0	0	0	1	4	6	0	9
1014.200	0	38	2	16	0	0	0	16	5	0	0	0	0	5	0	0	19	11	0	0	0	0	0	0	0	0	6	0	0	0	0	0	2	2	0	9
1014.400	0	37	2	14	0	0	0	13	6	0	0	0	0	9	0	0	23	4	0	0	0	0	0	0	0	0	3	0	0	0	0	3	3	5	0	10
1014.600	0	51	7	19	0	1	0	17	9	0	0	0	0	6	0	0	21	11	0	0	0	0	0	0	0	1	5	0	0	0	0	0	4	4	0	12
1014.800	0	25	6	21	0	0	0	14	4	0	0	0	0	8	0	0	26	12	0	0	0	0	0	0	0	1	5	0	0	0	0	2	5	3	0	10
1015.000	0	47	7	20	1	0	0	16	7	0	0	0	0	5	0	0	19	7	0	0	0	0	0	0	0	0	3	0	0	0	0	0	4	5	0	12
1015.200	0	46	7	17	0	0	0	11	5	0	0	0	0	3	0	0	21	12	0	0	0	0	0	0	0	1	2	0	0	0	0	0	3	4	0	11
1015.400	0	31	1	11	1	0	0	15	5	0	0	0	0	4	0	0	22	8	0	0	0	0	0	0	0	1	6	0	0	0	0	3	3	5	0	6
1015.600	0	38	2	14	0	0	0	15	4	0	0	0	0	4	0	0	24	3	0	0	0	0	0	0	0	0	7	0	0	0	0	2	5	7	0	10
1015.800	0	35	7	14	0	0	0	13	1	0	0	0	0	1	0	0	26	6	0	0	0	0	0	0	0	1	6	0	0	0	0	4	5	5	0	9
1016.000	0	38	7	21	0	0	0	17	6	0	0	0	0	1	0	0	28	6	0	0	0	0	0	0	0	1	5	0	0	0	0	2	3	5	0	11
1016.200	0	35	7	13	0	0	0	16	4	0	0	0	0	2	0	0	24	8	0	0	0	0	0	0	0	1	3	0	0	0	0	3	4	5	0	12
1016.400	0	31	7	15	0	0	0	19	2	0	0	0	0	9	0	0	21	9	0	0	0	0	0	0	0	1	5	0	0	0	0	2	4	5	0	11
1016.600	0	34	6	10	0	0	0	14	6	0	0	0	1	5	0	0	27	6	0	0	0	0	0	0	0	0	7	0	0	0	0	0	4	3	0	10
1016.800	0	37	5	16	0	0	0	10	3	0	0	0	0	7	0	0	21	10	0	0	0	0	0	0	0	1	3	0	0	0	0	2	6	4	0	8
1017.000	0	50	6	15	0	0	0	15	5	0	0	0	0	7	0	0	23	9	0	0	0	0	0	0	0	1	6	0	0	0	0	5	4	5	0	8
1017.200	0	41	4	19	0	0	0	12	2	0	0	0	0	9	0	0	24	7	0	0	0	0	0	0	0	1	5	0	0	0	0	2	4	3	0	8
1017.400	0	34	3	12	0	0	0	12	3	0	0	0	0	7	0	0	27	12	0	0	0	0	0	0	0	0	1	0	0	0	0	4	5	4	0	8
1017.600	0	34	3	11	0	0	0	15	4	0	0	0	0	7	0	0	21	14	0	0	0	0	0	0	0	1	6	0	0	0	0	3	5	4	0	6
1017.800	0	25	4	20	0	0	0	16	4	0	0	0	0	6	0	0	25	11	0	0	0	0	0	0	0	0	7	0	0	0	0	3	4	3	0	10
1018.000	0	22	6	19	0	0	0	17	4	0	0	0	0	7	0	0	25	15	0	0	0	0	0	0	0	1	5	0	0	0	0	2	1	3	0	10
1018.200	0	35	7	18	0	0	0	16	6	0	0	0	0	4	0	0	25	7	0	0	0	0	0	0	0	1	5	0	0	0	0	2	5	4	0	11
1018.400	0	34	1	12	0	0	0	9	4	0	0	0	0	9	0	0	21	6	0	0	0	0	0	0	0	1	3	1	0	0	0	2	5	2	0	12
1018.600	0	34	8	10	0	0	0	7	3	0	0	0	0	4	0	0	25	10	0	0	0	0	0	0	0	1	4	0	0	0	0	4	3	3	0	6
1018.800	0	38	6	18	0	0	0	12	6	0	0	0	0	11	0	0	21	1	0	0	0	0	0	0	0	1	6	0	0	0	0	1	1	2	0	9
1019.000	0	42	2	14	0	0	0	16	6	0	0	0	0	7	0	0	22	7	0	0	0	0	0	0	0	1	7	0	0	0	0	4	3	2	0	6
1019.200	0	35	6	9	0	0	0	18	10	0	0	0	0	7	0	0	24	5	0	0	0	0	0	0	0	1	5	0	0	0	0	0	5	4	0	6
1019.400	0	38	7	13	1	0	0	16	5	0	0	0	0	7	0	0	19	4	0	0	0	0	0	0	0	0	3	0	0	0	0	3	3	4	0	5
1019.600	0	41	5	14	0	0	0	21	6	0	0	0	0	8	0	0	22	9	0	0	0	0	0	0	0	0	4	0	0	0	0	3	4	4	0	10
1019.800	0	30	7	9	0	0	0	20	4	0	0	0	0	7	0	0	26	4	0	0	0	0	0	0	0	0	6	0	0	0	0	3	2	6	0	8
1020.000	0	37	4	8	0	0	0	12	5	0	0	0	0	7	0	0	20	1	0	0	0	0	0	0	0	1	5	0	0	0	0	2	5	6	0	9
1020.200	0	25	3	11	0	0	0	18	5	0	0	0	0	5	0	0	22	9	0	0	0	0	0	0	0	1	5	0	0	0	0	3	3	7	0	12
1020.400	0	43	7	17	0	0	0	17	3	0	1	0	0	7	0	0	25	9	0	0	0	0	0	0	0	1	6	0	0	0	0	2	6	7	0	11
1020.600	0	35	6	17	0	0	0	10	7	0	4	0	0	9	0	0	22	6	0	0	0	0	0	0	0	0	5	0	0	0	0	2	4	4	0	7
1020.800	0	40	6	14	0	0	0	17	5	0	1	0	0	7	0	0	15	7	0	0	0	0	0	0	0	0	6	1	0	0	0	0	2	5	0	10
1021.000	0	37	7	18	0	0	0	17	6	0	0	0	0	6	0	0	20	5	0	0	0	0	0	0	0	1	7	0	0	0	0	1	4	4	0	9
1021.200	0	30	5	18	0	0	0	25	5	0	0	0	0	4	0	0	25	5	0	0	0	0	0	0	0	0	2	0	0	0	0	1	1	5	0	9
1021.400	0	36	7	10	0	0	0	15	3	0	0	0	0	6	0	0	12	7	0	0	0	0	0	0	0	1	1	0	0	0	0	0	3	5	0	9
1021.600	0	37	8	12	0	0	0	14	4	0	0	0	0	9	0	0	21	7	0	0	0	0	0	0	0	1	2	0	0	0	0	1	5	4	0	5
1021.800	0	29	8	12	0	0	0	10	3	0	1	0	0	7	0	0	24	2	0	0	0	0	0	0	0	1	7	0	0	0	0	2	4	3	0	9
1022.000	0	42	8	10	0	0	0	13	3	0	1	0	0	8	0	0	19	7	0	0	0	0	0	0	0	1	4	0	0	0	0	4	5	1	0	8
1022.200	0	40	7	20	0	0	0	16	7	0	0	1	0	11	0	0	15	11	0	0	0	0	0	0	0	1	7	0	0	0	0	2	4	2	0	11
1022.400	0	33	7	18	0	0	0	13	3	0	4	0	0	10	0	0	14	8	0	0	0	0	0	0	0	0	7	0	0	0	0	2	6	3	0	9
1022.600	0	43	0	18	0	0	0	9	2	0	1	0	0	8	0	0	23	9	0	0	0	0	0	0	0	0	4	0	0	0	0	2	9	4	0	8
1022.800	0	38	5	19	0	0	0	5	4	0	1	0	0	7	0	0	17	5	0	0	0	0	0	0	0	0	2	0	0	0	0	0	3	4	0	11
1023.000	0	38	6	16	0	0	0	11	3	0	0	0	0	7	0	0	23	8	0	0	0	0	0	0	0	1	4	0	0	0	0	0	3	4	0	8
1023.200	0	23	6	21	0	0	0	14	3	0	2	0	0	10	0	0	21	9	0	0	0	0	0	0	0	0	3	0	0	0	0	0	3	2	0	9
1023.400	0	42	7	18	0	0	0	11	5	0	0	0	0	5	0	0	23	6	0	0	0	0	0	0	0	0	3	0	0	0	0	0	3	2	0	8
1023.600	0	46	6	20	0	0	0	10	6	0	2	0	0	0	0	0	20	5	0	0	0	0	0	0	0	1	4	0	0	0	0	3	3	4	0	12
1023.800	0	27	6	21	0	0	0	14	5	0	2	0	1	9	0	0	17	16	0	0	0	0	0	0	0	0	3	0	1	0	0	3	4	4	0	8
1024.000	0	45	6	22	0	0	0	8	3	0	1	1	0	6	0	0	25	9	0	0	0	0	0	0	0	0	3	0	3	0	0	0	3	2	0	9
1024.200	0	33	7	22	1	0	0	19	4	0	0	0	0	9	0	0	24	10	0	0	0	0	0	0	0	0	4	0	0	0	0	4	4	2	0	8
1024.400	0	54	7	20	0	0	0	10	7	0	1	0	0	7	0	0	22	8	0	0	0	0	0	0	0	1	4	0	0	0	0	3	6	4	0	7
1024.600	0	21	7	17	0	0	0	11	5	0	0	0	0	11	0	0	11	9	0	0	0	0	0	0	0	0	5	0	0	0	0	3	2	6	0	4
1024.800	0	23	7	18	0	0	0	11	6	0	0	0	0	12	0	0	22	11	0	0	0	0	0	0	0	1	5	0	0	0	0	3	2	3	0	6
1025.000	0	34	8	20	0	0	0	13	4	0	0	0	0	13	0	0	21	9	0	0	0	0	0	0	0	1	7	0	0	0	0	0	3	4	0	9
1025.200	0	34	7	14	0	2	0	18	5	0	0	0	0	5	0	0	29	10	0	0	0	0	0	0	0	1	6	0	0	0	0	4	3	5	0	9
1025.400	0	29	7	25	0	0	0	12	7	0	0	0	0	8	0	0	15	7	0	0	0	0	0	0	0	1	4	0	0	0	0	2	2	7	1	10
1025.600	0	36	3	13	0	0	0	15	5	0	0	0	0	2	0	0	22	4	0	0	0	0	0	0	0	0	1	0	0	0	0	2	3	4	0	9
1025.800	0	33	7	12	0	0	0	14	6	0	0	0	0	7	0	0	22	10	0	0	0	0	0	0	0	1	4	0	0	0	0	3	1	4	0	10
1026.000	0	32	7	16	0	0	0	12	4	0	0	0	0	7	0	0	21	11	0	0	0	0	0	0	0	0	4	0	0	0	0	4	4	2	0	10
1026.200	0	31	8	17	0	2	0	15	3	0	0	0	0	8	0	0	18	10	0	0	0	0	0	0	0	1	6	0	0	0	0	4	3	4	0	7
1026.400	0	35	6	20	0	2	0	19	3	0	0	0	0	3	0	0	21	1	0	0	0	0	0	0	0	1	7	0	0	0	0	3	2	5	1	6
1026.600	0	28	4	22	0	0	0	21	6	0	0	0	0	3	0	0	15	2	0	0	0	0	0	0	0	1	7	0	0	0	0	4	3	3	0	9
1026.800	0	31	7	16	0	0	0	10	2	0	0	0	0	1	0	0	24	8	0	0	0	0	0	0	0	1	7	0	0	0	0	2	3	3	0	11
1027.000	0	43	7	22	0	0	0	18	3	0	0	0	0	0	0	0	15	2	0	0	0	0	0	0	0	1	8	0	0	0	0	2	5	3	0	10
1027.200	0	30	2	11	1	1	0	13	3	0	0	0	0	2	0	0	26	10	0	0	0	0	0	0	0	1	7	0	0	0	0	2	3	5	0	11
1027.400	0	42	8	21	0	0	0	16	6	0	0	0	0	3	0	0	27	6	0	0	0	0	0	0	0	1	7	0	0	0	0	0	4	5	0	9
1027.600	0	16	7	18	0	0	0	21	2	0	0	0	0	10	0	0	22	9	0	0	0	0	0	0	0	1	5	0	0	0	0	0	1	3	0	9
1027.800	0	31	6	17	0	1	0	13	4	0	0	0	0	2	0	0	19	9	0	0	0	0	0	0	0	1	5	0	0	0	0	0	4	5	0	9
1028.000	0	26	7	17	0	0	0	9	2	0	0	0	0	2	0	0	19	6	0	0	0	0	0	0	0	1	3	0	0	0	0	5	3	2	0	8
1028.200	0	35	7	22	0	0	0	15	3	0	0	0	0	0	0	0	19	7	0	0	0	0	0	0	0	0	9	0	0	0	0	1	4	4	0	10
1028.400	0	25	6	14	0	0	0	11	6	0	0	0	0	2	0	0	22	9	0	0	0	0	0	0	0	1	7	0	0	0	0	1	4	5	0	10
1028.600	0	34	7	20	0	1	0	14	7	0	0	0	0	2	0	0	18	6	0	0	0	0	0	0	0	0	6	0	0	0	0	0	4	5	0	9
1028.800	0	26	7	16	0	0	0	14	5	0	0	0	0	1	0	0	21	12	0	0	0	0	0	0	0	1	6	0	0	0	0	0	1	2	0	12
1029.000	0	25	5	17	0	0	0	14	4	0	0	0	0	2	0	0	19	11	0	0	0	0	0	0	1	0	3	0	0	0	0	1	3	3	0	10
1029.200	0	38	7	19	0	0	0	14	7	0	0	0	0	5	0	0	22	6	0	0	0	0	0	0	0	0	2	0	0	0	0	3	2	6	0	10
1029.400	0	24	7	20	0	0	0	17	6	0	0	0	0	3	0	0	24	10	0	0	0	0	0	0	0	1	9	0	0	0	0	0	4	4	0	11
1029.600	0	7	4	14	0	0	0	19	8	0	0	0	0	2	0	0	22	11	0	0	0	0	0	0	0	1	7	2	0	0	0	0	3	6	0	12
1029.800	0	22	7	11	0	0	0	16	5	0	1	0	0	2	0	0	24	4	0	0	0	0	0	0	0	0	5	1	0	0	0	2	5	4	0	10
1030.000	0	43	8	13	0	0	0	15	5	0	0	0	0	10	0	0	21	7	0	0	0	0	0	0	0	1	5	0	0	0	0	2	1	5	0	9
1030.200	0	20	5	18	1	0	0	12	4	0	0	0	0	7	0	0	25	6	0	0	0	0	0	0	0	1	6	0	0	0	0	0	2	7	0	9
1030.400	0	33	7	18	0	0	0	12	4	0	0	0	0	9	0	0	26	9	0	0	0	0	0	0	0	1	7	1	0	0	0	0	2	6	1	9
1030.600	0	45	5	21	0	0	0	18	5	0	0	0	0	13	0	0	27	8	0	0	0	0	0	0	0	1	5	0	0	0	0	1	3	4	0	10
1030.800	0	39	6	12	0	0	0	16	4	0	0	0	0	8	0	0	12	7	0	0	0	0	0	0	0	1	6	0	0	0	0	2	3	4	0	9
1031.000	0	24	0	21	0	0	0	15	4	0	0	0	0	10	0	0	21	4	0	0	0	0	0	0	0	1	4	0	0	0	0	0	3	4	0	8
1031.200	0	33	7	17	0	0	0	12	5	0	0	0	0	9	0	0	19	7	0	0	0	0	0	0	0	1	6	0	0	0	0	0	2	3	0	11
1031.400	0	35	4	21	0	0	0	6	5	0	0	0	0	8	0	0	15	10	0	0	0	0	0	0	1	1	9	2	0	0	0	0	3	3	0	9
1031.600	0	33	7	15	0	0	0	8	2	0	0	0	0	5	0	0	20	9	0	0	0	0	0	0	0	1	4	0	0	0	0	3	5	5	0	10
1031.800	0	33	6	23	0	0	0	20	3	0	0	0	1	9	0	0	25	7	0	0	0	0	0	0	0	0	5	0	0	0	0	3	4	2	0	9
1032.000	0	43	7	25	0	0	0	18	4	0	0	0	0	6	0	0	13	11	0	0	0	0	0	0	0	1	6	1	0	0	0	3	4	3	0	12
1032.200	0	33	7	21	0	0	0	17	5	0	0	0	0	5	0	0	23	6	0	0	0	0	0	0	0	0	7	0	0	0	0	2	3	4	0	8
1032.400	0	42	8	16	0	0	0	19	3	0	0	0	0	6	0	0	22	10	0	0	0	0	0	0	0	1	5	0	0	0	0	2	4	2	0	9
1032.600	0	24	8	23	0	1	0	21	2	0	0	0	0	9	0	0	20	6	0	0	0	0	0	0	0	0	4	0	0	0	0	0	4	2	0	9
1032.800	0	34	4	20	0	0	0	13	3	0	0	0	0	4	0	0	21	8	0	0	0	0	0	0	0	1	7	2	0	0	0	0	3	2	0	10
1033.000	0	41	7	23	0	1	0	17	6	0	0	0	0	5	0	0	19	7	0	0	0	0	0	0	0	1	6	0	0	0	0	0	1	2	0	11
1033.200	0	31	7	15	0	2	0	16	6	0	0	0	0	5	0	0	15	11	0	0	0	0	0	0	0	1	4	0	0	0	0	1	1	4	0	11
1033.400	0	38	7	20	0	0	0	14	5	0	0	0	0	6	0	0	27	4	0	0	0	0	0	0	0	1	5	0	0	0	0	3	6	2	0	9
1033.600	0	19	6	20	0	0	0	16	6	0	0	0	0	3	0	0	16	9	0	0	0	0	0	0	0	0	5	0	0	0	0	1	4	5	0	5
1033.800	0	41	0	19	0	0	0	18	7	0	0	0	1	6	0	0	22	9	0	0	0	0	0	0	0	1	9	0	0	0	0	0	6	5	0	8
1034.000	0	27	8	16	0	0	0	19	6	0	0	0	0	7	0	0	23	11	0	0	0	0	0	0	0	0	5	0	0	0	0	3	2	7	0	11
1034.200	0	29	4	17	0	0	0	13	5	0	0	0	0	8	0	0	21	7	0	0	0	0	0	0	0	0	1	0	0	0	0	2	3	4	0	5
1034.400	0	28	8	22	0	0	0	8	4	0	0	0	0	7	0	0	21	8	0	0	0	0	0	0	0	1	2	1	0	0	0	2	5	2	0	10
1034.600	0	40	7	14	0	1	0	11	8	0	0	0	0	7	0	0	21	7	0	0	0	0	0	0	0	1	4	3	0	0	0	2	3	6	0	5
1034.800	0	30	7	17	0	0	0	17	3	0	0	0	0	3	0	0	21	6	0	0	0	0	0	0	0	0	2	0	0	0	0	4	5	2	0	7
1035.000	0	24	6	22	0	0	0	15	3	0	0	0	0	10	0	0	22	5	0	0	0	0	0	0	0	0	2	3	0	0	0	2	2	3	0	9
1035.200	0	45	7	23	0	0	0	13	6	0	0	1	0	7	0	0	25	10	0	0	0	0	0	0	0	1	4	5	0	0	0	4	3	4	0	6
1035.400	0	25	8	26	0	0	0	11	3	0	0	0	0	6	0	0	28	6	0	0	0	0	0	0	0	0	3	1	0	0	0	1	3	4	0	5
1035.600	0	32	7	14	0	0	0	15	4	0	0	0	0	7	0	0	20	7	0	0	0	0	0	0	0	0	2	0	0	0	0	0	6	6	0	8
1035.800	0	39	9	18	0	0	0	14	5	0	0	0	0	6	0	0	22	9	0	0	0	0	0	0	0	1	0	1	0	0	0	3	5	4	0	4
1036.000	0	26	8	23	0	0	0	9	6	0	0	0	0	9	0	0	30	12	0	0	0	0	0	0	0	1	5	1	0	0	0	2	5	5	0	7
1036.200	0	32	8	16	1	0	0	16	4	0	0	0	0	2	0	0	23	11	0	0	0	0	0	0	0	1	6	0	0	0	0	2	3	4	0	2
1036.400	0	42	3	18	0	0	0	12	8	0	0	0	0	7	0	0	14	9	0	0	0	0	0	0	0	1	4	1	0	0	0	0	4	4	0	9
1036.600	0	27	5	20	0	0	0	14	5	0	0	0	0	6	0	0	28	9	0	0	0	0	0	0	0	1	4	4	0	0	0	0	2	3	0	11
1036.800	0	24	7	21	0	1	0	17	4	0	0	0	0	6	0	0	24	6	0	0	0	0	0	0	0	1	1	0	0	0	0	3	3	3	0	9
1037.000	0	33	7	14	0	0	0	9	3	0	0	0	0	6	0	0	21	9	0	0	0	0	0	0	0	1	1	0	0	0	0	0	4	5	0	11
1037.200	0	33	7	16	0	2	0	10	3	0	0	0	0	7	0	0	19	7	0	0	0	0	0	0	0	1	1	0	0	0	0	2	3	2	0	8
1037.400	0	30	10	18	0	0	0	11	5	0	0	0	0	7	0	0	16	6	0	0	0	0	0	0	0	1	4	2	0	0	0	2	3	2	0	8
1037.600	1	46	4	22	0	0	0	7	4	0	0	0	0	10	0	0	27	11	0	0	0	0	0	0	0	0	2	0	0	0	0	1	5	7	0	8
1037.800	0	33	7	15	0	1	0	12	4	0	0	0	0	6	0	0	17	9	0	0	0	0	0	0	0	1	2	0	0	0	0	3	4	3	0	9
1038.000	0	41	8	20	0	0	0	12	4	0	0	0	0	6	0	0	18	1	0	0	0	0	0	0	0	1	1	0	0	0	0	2	6	3	0	9
1038.200	0	45	7	18	0	0	0	12	5	0	0	0	0	4	0	0	14	2	0	0	0	0	0	0	0	1	3	0	0	0	0	2	5	5	0	9
1038.400	0	13	8	20	0	0	0	13	9	0	0	0	0	3	0	0	19	5	0	0	0	0	0	0	0	1	4	0	0	0	0	0	1	5	0	7
1038.600	0	30	8	19	0	0	0	11	3	0	0	0	0	7	0	0	17	10	0	0	0	0	0	0	0	0	2	1	0	0	0	3	5	4	0	9
1038.800	0	24	8	19	0	0	0	13	2	0	0	0	0	6	0	0	23	7	0	0	0	0	0	0	0	1	1	0	0	0	0	0	3	2	0	6
1039.000	0	19	6	18	0	0	0	22	7	0	0	0	0	6	0	0	21	10	0	0	0	0	0	0	1	1	3	1	0	0	0	1	3	4	0	12
1039.200	0	51	8	14	0	0	0	16	5	0	0	0	0	5	0	0	25	6	0	0	0	0	0	0	0	1	2	0	0	0	0	0	3	5	0	12
1039.400	0	28	2	11	0	0	0	17	7	0	0	0	0	7	0	0	24	13	0	0	0	0	0	0	0	1	6	0	0	0	0	0	4	5	0	12
1039.600	0	31	8	21	0	0	0	13	7	0	0	0	0	7	0	0	22	8	0	0	0	0	0	0	0	1	4	0	1	0	0	2	3	2	0	11
1039.800	0	17	4	20	1	0	0	14	3	0	0	0	0	7	0	0	19	10	0	0	0	0	0	0	0	1	2	0	1	0	0	6	5	3	0	11
1040.000	0	14	2	17	0	0	0	16	3	0	0	1	1	5	0	0	17	5	0	0	0	0	0	0	0	0	3	6	0	0	0	6	2	5	0	7
1040.200	0	34	6	16	0	0	0	12	4	0	1	1	1	9	0	0	21	10	0	0	0	0	0	0	0	1	7	0	0	0	0	2	5	5	0	7
1040.400	0	13	4	19	0	0	0	20	6	0	0	0	0	11	0	0	27	7	0	0	0	0	0	0	0	0	1	0	0	0	0	0	6	5	0	9
1040.600	0	31	7	12	0	1	0	19	4	0	0	1	2	7	0	0	19	9	0	0	0	0	0	0	0	0	5	0	0	0	0	1	7	5	0	9
1040.800	0	20	0	8	0	1	1	19	7	0	0	1	1	6	0	0	18	5	0	0	0	0	0	0	0	0	4	0	0	0	0	5	6	3	0	9
1041.000	0	37	6	9	0	1	0	20	6	0	0	0	1	9	0	0	24	6	0	0	0	0	0	0	0	1	1	0	0	0	0	0	3	2	0	12
1041.200	0	23	3	21	0	0	0	17	5	0	0	1	1	6	0	0	22	3	0	0	0	0	0	0	0	0	7	0	0	0	0	2	2	3	0	7
1041.400	0	42	6	19	0	0	0	12	3	0	0	0	0	8	0	0	22	9	0	0	0	0	0	0	0	0	4	1	0	0	0	2	6	2	0	7
1041.600	0	46	4	18	0	0	1	24	8	0	1	1	0	7	0	0	17	10	0	0	0	0	0	0	0	0	4	0	1	0	0	2	5	5	0	5
1041.800	0	36	3	13	0	0	0	17	5	0	0	0	2	10	0	0	18	8	0	0	0	0	0	0	0	0	7	1	0	0	0	5	8	1	0	6
1042.000	0	21	7	16	0	0	1	21	7	0	0	0	1	5	0	0	19	6	0	0	0	0	0	0	0	0	4	1	0	0	0	2	4	3	0	6
1042.200	0	46	6	16	0	0	0	18	5	0	0	0	0	10	0	0	25	8	0	0	0	0	0	0	0	1	7	4	1	0	0	5	6	2	0	6
1042.400	0	47	6	27	0	0	3	19	6	0	1	0	0	0	0	0	21	10	0	0	0	0	0	0	0	1	1	0	1	0	0	3	3	5	0	5
1042.600	0	41	6	16	0	0	0	25	7	0	0	0	1	2	0	0	14	7	0	0	0	0	0	0	0	0	6	0	0	0	0	4	5	3	0	8
1042.800	0	19	7	13	0	0	3	23	5	0	0	0	0	2	0	0	20	10	0	0	0	0	0	0	0	1	3	0	0	0	0	1	5	2	0	8
1043.000	0	22	0	15	0	0	1	18	7	0	0	0	1	6	0	0	23	11	0	0	0	0	0	0	0	0	1	0	0	0	0	2	4	2	0	8
1043.200	0	27	0	13	0	0	0	12	6	0	0	0	2	7	0	0	23	10	0	0	0	0	0	0	0	1	7	0	0	0	0	2	2	4	0	11
1043.400	0	30	7	16	0	0	1	19	4	0	0	0	3	9	0	0	18	4	0	0	0	0	0	0	0	1	3	0	0	0	0	2	6	2	0	11
1043.600	0	40	7	20	0	0	1	21	5	0	0	0	3	13	0	0	18	7	0	0	0	0	0	0	0	1	4	0	0	0	0	2	8	3	0	10
1043.800	0	36	7	18	0	0	0	20	7	0	0	0	2	13	0	0	21	6	0	0	0	0	0	0	0	2	4	0	0	0	0	3	4	5	0	9
1044.000	0	27	4	17	0	0	0	21	6	0	0	0	1	10	0	0	14	9	0	0	0	0	0	0	0	1	8	2	0	0	0	1	4	5	0	7
1044.200	0	23	7	17	0	0	0	20	3	0	0	0	1	5	0	0	20	6	0	0	0	0	0	0	0	1	7	0	0	0	0	0	3	4	0	7
1044.400	0	46	8	21	0	0	0	14	6	0	0	0	3	5	0	0	22	8	0	0	0	0	0	0	0	1	5	1	0	0	0	0	4	5	0	12
1044.600	0	40	6	21	0	0	0	18	7	0	0	0	1	3	0	0	26	12	0	0	0	0	0	0	0	1	6	1	0	0	0	0	3	2	0	9
1044.800	0	40	8	20	0	0	0	18	7	0	0	0	3	10	0	0	20	8	0	0	0	0	0	0	0	1	6	0	0	0	0	0	2	4	0	10
1045.000	0	32	7	20	0	0	0	19	6	0	0	0	2	5	0	0	22	8	0	0	0	0	0	0	0	1	4	0	0	0	0	1	5	5	0	12
1045.200	0	33	6	22	0	0	0	22	9	0	0	0	5	12	0	0	19	5	0	0	0	0	0	0	0	1	5	1	0	0	0	0	8	5	0	9
1045.400	0	35	6	15	0	0	5	25	11	0	0	0	5	10	0	0	23	7	0	0	0	0	0	0	0	1	8	0	0	0	0	0	4	5	0	11
1045.600	0	40	8	18	0	0	5	28	11	0	0	0	5	5	0	0	20	6	0	0	0	0	0	0	0	1	5	3	0	0	0	2	3	5	0	10
1045.800	0	29	7	21	0	0	4	20	10	0	0	0	3	2	0	0	20	6	0	0	0	0	0	0	0	1	5	1	0	0	0	0	4	6	0	12
1046.000	0	41	9	16	0	0	3	12	6	0	0	0	3	10	0	0	15	5	0	0	0	0	0	0	0	1	4	0	0	0	0	0	3	5	0	10
1046.200	0	30	5	18	0	0	3	12	9	0	0	0	4	14	0	0	17	10	0	0	0	0	0	0	1	1	4	0	0	0	0	0	4	4	0	11
1046.400	0	45	6	18	0	0	1	8	11	0	0	1	3	8	0	0	14	9	0	0	0	0	0	0	0	1	8	1	0	0	0	0	3	3	0	12
1046.600	0	18	7	21	0	0	2	14	10	0	0	0	2	2	0	0	19	7	0	0	0	0	0	0	0	1	4	0	0	0	0	0	3	3	0	9
1046.800	0	21	7	15	0	0	2	17	11	0	0	1	4	11	0	0	18	7	0	0	0	0	0	0	0	1	5	0	0	0	0	0	4	4	0	9
1047.000	0	32	6	21	0	0	4	17	12	0	0	0	4	10	0	0	16	9	0	0	0	0	0	0	0	0	3	0	0	0	0	0	3	4	0	7
1047.200	0	28	8	16	0	0	3	15	10	0	0	0	0	4	0	0	21	8	0	0	0	0	0	0	0	1	6	0	0	0	0	0	2	3	0	8
1047.400	0	42	5	19	0	0	2	16	11	0	0	0	3	11	0	0	16	11	0	0	0	0	0	0	0	1	3	0	0	0	0	0	3	5	0	10
1047.600	0	30	1	18	0	0	3	21	11	0	0	0	2	4	0	0	23	6	0	0	0	0	0	0	0	0	3	0	0	0	0	0	4	4	0	7
1047.800	0	38	5	20	0	0	0	19	10	0	0	0	3	6	0	0	11	11	0	0	0	0	0	0	0	0	1	0	0	0	0	0	7	5	0	6
1048.000	0	46	5	17	0	0	0	13	8	0	0	1	2	3	0	0	21	3	0	0	0	0	0	0	1	1	1	0	0	0	0	0	5	4	0	5
1048.200	0	32	5	14	0	0	4	13	10	0	0	0	2	4	0	0	21	5	0	0	0	0	0	0	0	0	3	0	0	0	0	1	3	5	0	13
1048.400	0	29	7	19	0	0	2	17	12	0	0	0	4	6	0	0	16	10	0	0	0	0	0	0	1	0	1	0	0	0	0	0	5	2	0	9
1048.600	0	43	8	20	0	0	2	18	13	0	0	0	2	9	0	0	14	11	0	0	0	0	0	0	0	1	4	0	0	0	0	0	6	5	0	7
1048.800	0	28	7	20	0	0	1	10	10	0	0	0	0	1	0	0	22	10	0	0	0	0	0	0	1	1	3	0	0	0	0	0	3	4	0	10
1049.000	0	34	8	17	0	0	1	22	12	0	0	0	0	1	0	0	20	11	0	0	0	0	0	0	0	1	4	0	0	0	0	2	3	5	0	6
1049.200	0	30	3	18	0	0	1	28	12	0	0	0	5	6	0	0	20	8	0	0	0	0	0	0	0	1	1	0	0	0	0	0	1	1	0	4
1049.400	1	24	6	20	0	0	1	29	10	0	0	1	5	8	0	0	19	2	0	0	0	0	0	0	0	0	0	0	0	0	0	0	3	5	0	7
1049.600	0	39	4	19	0	0	2	17	11	0	0	0	3	7	0	0	18	11	0	0	0	0	0	0	0	0	1	0	0	0	0	0	4	5	0	6
1049.800	0	39	7	15	0	0	2	17	10	0	0	1	5	11	0	0	20	8	0	0	0	0	0	0	1	1	2	0	0	0	0	0	3	2	0	8
1050.000	0	32	0	15	0	0	1	20	10	0	0	0	3	7	0	0	20	6	0	0	0	0	0	0	0	1	3	0	0	0	0	0	3	2	0	7
1050.200	0	30	7	15	0	0	1	14	11	0	0	0	0	5	0	0	18	5	0	0	0	0	0	0	0	1	4	1	0	0	0	0	5	2	0	11
1050.400	0	27	8	15	0	0	1	13	13	0	0	0	0	3	0	0	21	6	0	0	0	0	0	0	0	1	7	0	0	0	0	0	7	3	0	10
1050.600	0	44	8	15	0	0	0	15	14	0	0	0	0	3	0	0	26	5	0	0	0	0	0	0	0	1	5	0	0	0	0	0	3	4	0	9
1050.800	0	36	3	17	0	0	1	12	8	0	0	0	0	1	0	0	16	0	0	0	0	0	0	0	1	1	6	2	0	0	0	0	3	4	0	9
1051.000	0	14	6	19	0	0	0	7	5	0	0	0	0	3	0	0	25	8	0	0	0	0	0	0	0	2	6	0	0	0	0	3	4	3	0	10
1051.200	0	33	6	25	0	0	0	14	7	0	0	0	0	2	0	0	20	7	0	0	0	0	0	0	0	1	6	0	0	0	0	0	1	3	0	12
1051.400	0	37	7	21	0	0	0	12	10	0	0	0	1	1	0	0	22	7	0	0	0	0	0	0	0	1	7	2	0	0	0	1	5	5	0	10
1051.600	0	39	6	17	0	0	0	18	9	0	0	3	2	2	0	0	26	0	0	0	0	0	0	0	0	1	6	0	0	0	0	0	4	2	0	9
1051.800	0	47	9	19	0	0	2	12	8	0	0	0	2	8	0	0	22	0	0	0	0	0	0	0	0	1	7	0	0	0	0	0	4	2	0	8
1052.000	0	42	7	18	0	0	4	17	10	0	0	0	1	3	0	0	19	2	0	0	0	0	0	0	0	1	6	0	0	0	0	0	4	4	0	9
1052.200	0	31	7	22	0	0	4	26	14	0	0	0	2	2	0	0	22	2	0	0	0	0	0	0	0	1	6	0	0	0	0	0	3	5	0	11
1052.400	0	30	2	17	0	1	5	27	10	0	0	0	2	3	0	0	17	0	0	0	0	0	0	0	0	1	4	0	0	0	0	1	2	4	0	11
1052.600	0	38	7	21	0	0	5	20	14	0	0	1	2	5	0	0	19	2	0	0	0	0	0	0	0	1	5	0	0	0	0	0	4	3	0	9
1052.800	0	44	7	16	0	0	4	23	14	0	0	1	2	4	0	0	23	6	0	0	0	0	0	0	1	1	6	0	0	0	0	0	4	4	0	7
1053.000	0	26	6	20	0	0	4	21	17	0	0	0	3	5	0	0	22	3	0	0	0	0	0	0	0	1	6	0	0	0	0	0	4	5	0	7
1053.200	0	46	9	19	0	0	2	21	10	0	0	0	3	3	0	0	26	5	0	0	0	0	0	0	0	1	5	0	0	0	0	0	3	2	0	6
1053.400	0	31	4	18	0	0	5	24	15	0	0	0	3	9	0	0	23	4	0	0	0	0	0	0	0	0	4	0	0	0	0	0	2	5	0	9
1053.600	0	37	5	13	0	0	3	22	14	0	0	0	4	10	0	0	25	2	0	0	0	0	0	0	0	1	7	4	0	0	0	0	4	6	0	10
1053.800	0	25	1	20	0	0	3	25	11	0	0	0	3	8	0	0	22	4	0	0	0	0	0	0	0	1	6	0	0	0	0	1	4	5	0	7
1054.000	0	39	8	23	0	0	5	29	12	0	0	0	5	8	0	0	25	4	0	0	0	0	0	0	0	0	2	0	0	0	0	0	3	3	0	7
1054.200	0	43	8	25	0	0	3	23	13	0	0	0	4	7	0	0	18	8	0	0	0	0	0	0	0	1	6	0	0	0	0	0	2	4	0	8
1054.400	0	33	8	18	0	0	2	27	14	0	0	0	4	5	0	0	13	4	0	0	0	0	0	0	0	1	4	0	0	0	0	0	6	5	0	5
1054.600	0	25	9	22	0	0	1	19	13	0	0	0	3	4	0	0	18	2	0	0	0	0	0	0	0	1	2	0	0	0	0	0	5	3	0	10
1054.800	0	26	5	18	0	0	1	20	9	0	0	0	4	7	0	0	16	11	0	0	0	0	0	0	0	0	4	1	0	0	0	0	2	2	0	9
1055.000	0	39	6	17	0	0	3	29	13	0	1	0	4	9	0	0	15	6	0	0	0	0	0	0	0	1	5	5	0	0	0	2	2	5	0	7
1055.200	0	35	6	17	0	0	3	33	16	0	0	0	3	14	0	0	21	4	0	0	0	0	0	0	0	1	6	0	0	0	0	0	4	7	1	12
1055.400	0	43	1	14	0	0	3	25	8	0	0	0	3	7	0	0	17	6	0	0	0	0	0	0	0	1	5	0	0	0	0	0	6	4	0	12
1055.600	0	41	6	14	0	0	3	28	9	0	0	0	3	5	0	0	23	7	0	0	0	0	0	0	0	1	5	0	0	0	0	0	3	5	0	10
1055.800	0	38	8	22	0	0	3	25	14	0	0	0	3	11	0	0	23	8	0	0	0	0	0	0	0	1	6	1	0	0	0	1	9	2	0	10
1056.000	0	27	7	17	0	0	2	15	11	0	0	1	4	12	0	0	24	8	0	0	0	0	0	0	0	0	0	0	0	0	0	1	2	2	0	11
1056.200	0	35	7	17	0	0	0	18	8	0	0	0	3	9	0	0	29	7	0	0	0	0	0	0	1	1	0	0	4	0	0	1	5	3	0	11
1056.400	0	28	8	20	0	0	0	20	9	0	0	0	5	11	0	0	22	4	0	0	0	0	0	0	0	0	4	0	0	0	0	2	4	1	0	9
1056.600	0	27	0	12	0	0	0	21	9	0	0	1	3	14	0	0	23	6	0	0	0	0	0	0	0	1	9	0	0	0	0	0	4	4	0	11
1056.800	0	40	7	16	0	0	0	26	10	0	0	0	5	13	0	0	21	9	0	0	0	0	0	0	0	1	3	0	0	0	0	0	6	1	0	9
1057.000	0	39	7	16	0	0	0	16	11	0	0	0	4	6	0	0	16	8	0	0	0	0	0	0	0	0	7	0	0	0	0	0	3	2	0	7
1057.200	0	28	4	11	0	0	2	22	12	0	0	0	4	10	0	0	25	9	0	0	0	0	0	0	0	1	5	0	0	0	0	0	8	3	0	9
1057.400	0	25	8	20	0	0	0	18	7	0	0	0	3	8	0	0	22	5	0	0	0	0	0	0	0	0	0	0	0	0	0	0	1	2	0	9
1057.600	0	24	7	20	0	0	1	23	6	0	0	0	4	12	0	0	19	9	0	0	0	0	0	0	0	0	1	0	0	0	0	0	3	2	0	8
1057.800	0	36	6	17	0	0	3	27	5	0	0	0	4	6	0	0	18	8	0	0	0	0	0	0	0	0	2	0	0	0	0	1	3	3	0	12
1058.000	0	28	4	19	0	2	0	26	4	0	0	0	5	3	0	0	19	9	0	0	0	0	0	0	0	0	3	0	0	0	0	1	4	5	0	10
1058.200	0	27	4	21	0	1	0	15	0	0	0	0	4	4	0	0	13	10	0	0	0	0	0	0	0	0	4	0	0	0	0	1	4	4	0	7
1058.400	0	32	7	19	0	0	1	19	0	0	0	0	4	8	0	0	18	5	0	0	0	0	0	0	0	0	2	0	0	0	0	0	4	4	0	11
1058.600	0	42	4	14	0	1	0	22	0	0	0	0	3	7	0	0	15	6	0	0	0	0	0	0	0	0	3	0	0	0	0	0	1	1	0	7
1058.800	0	22	4	22	0	0	0	14	0	0	0	0	3	11	0	0	19	7	0	0	0	0	0	0	0	0	4	0	0	0	0	0	5	5	0	9
1059.000	0	37	7	21	0	1	0	18	0	0	0	0	2	3	0	0	17	9	0	0	0	0	0	0	0	0	1	0	0	0	0	2	3	5	0	9
1059.200	0	51	6	17	0	0	0	19	0	0	0	0	1	3	0	0	17	3	0	0	0	0	0	0	0	0	0	0	0	0	0	0	3	3	0	10
1059.400	0	33	8	14	0	1	0	19	0	0	0	0	2	6	0	0	20	2	0	0	0	0	0	0	0	0	0	0	0	0	0	0	3	3	0	10
1059.600	0	31	7	16	0	1	0	20	0	0	0	0	3	6	0	0	15	7	0	0	0	0	0	0	0	0	2	0	0	0	0	0	8	2	0	10
1059.800	0	26	5	16	0	0	0	17	0	0	0	0	3	5	0	0	17	6	0	0	0	0	0	0	0	0	3	0	0	0	0	0	5	2	0	4
1060.000	0	15	0	20	0	0	2	26	0	0	3	0	0	2	0	0	19	6	0	0	0	0	0	0	0	0	8	0	0	0	0	0	7	3	0	6
1060.200	0	36	11	18	0	0	0	25	0	0	3	0	2	7	0	0	21	7	0	0	0	0	0	0	0	0	6	0	0	0	0	0	5	4	0	2
1060.400	0	24	4	18	0	0	1	18	0	0	4	0	1	9	0	0	10	7	0	0	0	0	0	0	0	1	13	2	0	0	0	0	7	2	0	2
1060.600	0	32	8	15	0	0	0	15	0	0	4	0	3	8	0	0	20	6	0	0	0	0	0	0	0	1	0	0	0	0	0	0	2	3	0	1
1060.800	0	38	5	18	0	0	1	22	0	0	1	0	1	10	0	0	14	6	0	0	0	0	0	0	1	0	1	0	0	0	0	1	4	2	0	2
1061.000	0	25	10	24	0	0	0	21	0	0	4	0	2	9	0	0	12	7	0	0	0	0	0	0	0	0	6	0	0	0	0	0	5	4	0	1
1061.200	0	30	10	23	0	0	0	21	0	0	4	0	1	7	0	0	23	6	0	0	0	0	0	0	0	1	3	0	0	0	0	0	4	2	0	2
1061.400	0	29	10	24	0	0	1	23	0	0	4	0	1	10	0	0	19	5	0	0	0	0	0	0	0	0	5	1	0	0	0	0	4	5	0	1
1061.600	0	37	5	23	0	0	0	15	0	0	4	0	3	10	0	0	20	2	0	0	0	0	0	0	0	1	6	0	0	0	0	0	3	2	0	2
1061.800	0	43	11	20	0	0	0	16	0	0	4	0	0	9	0	0	29	7	0	0	0	0	0	0	0	0	1	0	0	0	0	0	4	3	0	3
1062.000	0	38	6	20	0	1	0	18	0	0	4	0	1	10	0	0	22	8	0	0	0	0	0	0	0	0	3	0	0	0	0	0	6	2	0	2
1062.200	0	23	5	17	0	1	0	24	0	0	3	0	1	5	0	0	22	3	0	0	0	0	0	0	0	0	2	0	0	0	0	0	7	2	0	1
1062.400	0	29	1	21	0	0	0	14	0	0	4	0	0	7	0	0	27	7	0	0	0	0	0	0	0	1	2	0	0	0	0	0	5	5	0	5
1062.600	0	35	7	17	0	0	0	16	0	0	4	0	0	9	0	0	21	5	0	0	0	0	0	0	0	1	1	0	0	0	0	0	3	4	0	8
1062.800	0	26	7	18	0	1	0	19	0	0	4	0	1	8	0	0	25	10	0	0	0	0	0	0	0	0	7	0	0	0	0	0	2	4	0	10
1063.000	0	43	6	21	0	0	2	17	0	0	3	0	1	5	0	0	21	6	0	0	0	0	0	0	0	1	6	0	1	0	0	0	5	4	0	7
1063.200	0	22	5	16	0	1	3	22	0	0	4	0	1	6	0	0	15	10	0	0	0	0	0	0	0	0	0	0	2	1	0	1	5	2	0	6
1063.400	0	19	2	16	0	0	2	20	0	0	4	0	1	3	0	0	17	10	0	0	0	0	0	0	0	1	3	0	2	0	2	0	5	3	0	7
1063.600	0	39	7	16	0	0	0	23	0	0	4	0	0	0	0	0	24	8	0	0	0	0	0	0	0	1	0	0	5	2	2	0	3	2	0	10
1063.800	0	38	8	18	0	0	0	16	0	0	4	0	1	3	0	0	18	9	0	0	0	0	0	0	0	0	1	0	5	1	1	1	2	5	0	11
1064.000	0	32	8	21	0	0	4	23	0	0	4	0	0	3	0	0	16	11	0	0	0	0	0	0	0	0	2	1	4	1	1	2	6	1	0	9
1064.200	0	36	9	22	0	0	1	19	0	0	4	0	0	1	0	0	25	8	0	0	0	0	0	0	0	0	0	0	2	2	2	2	4	3	0	9
1064.400	0	27	6	22	0	0	0	20	0	0	3	0	0	2	0	0	18	13	0	0	0	0	0	0	0	0	0	0	1	0	2	0	6	2	0	10
1064.600	0	32	2	23	0	0	0	15	0	0	3	0	0	3	0	0	18	10	0	0	0	0	0	0	0	0	0	0	0	5	3	2	3	5	0	9
1064.800	0	29	4	17	0	0	0	18	0	0	4	0	0	3	0	0	20	7	0	0	0	0	0	0	0	0	0	0	2	3	2	2	3	2	0	8
1065.000	0	39	2	16	0	0	0	21	0	0	5	0	0	3	0	0	22	6	0	0	0	0	0	0	1	0	0	0	3	3	2	3	4	4	0	6
1065.200	0	27	0	16	0	1	0	20	0	0	4	0	0	1	0	0	16	9	0	0	0	0	0	0	0	1	1	0	1	2	2	2	2	5	0	10
1065.400	0	38	7	17	0	1	1	18	0	0	4	0	0	1	0	0	19	12	0	0	0	0	0	0	0	0	3	0	1	1	2	2	4	5	0	7
1065.600	0	32	0	21	0	0	4	26	0	0	3	0	0	0	0	0	18	14	0	0	0	0	0	0	0	0	3	0	1	4	2	1	3	2	0	10
1065.800	0	43	5	20	0	0	3	28	0	0	3	0	0	2	0	0	28	11	0	0	0	0	0	0	0	1	1	0	0	3	2	0	4	5	0	8
1066.000	0	35	7	17	0	0	4	22	0	0	4	0	0	6	0	0	23	8	0	0	0	0	0	0	0	0	1	0	2	3	3	2	8	2	0	10
1066.200	0	22	8	22	0	6	6	25	0	0	4	0	0	6	0	0	26	7	0	0	0	0	0	0	0	1	1	0	1	3	2	0	4	2	0	7
1066.400	0	36	8	22	0	6	5	22	0	0	5	0	0	6	0	0	22	13	0	0	0	0	0	0	0	0	5	0	3	3	1	0	7	2	0	9
1066.600	0	24	6	16	0	1	2	23	0	0	4	0	0	8	0	0	23	8	0	0	0	0	0	0	0	0	4	0	5	1	1	2	4	5	0	9
1066.800	0	46	5	15	0	5	7	25	0	0	4	0	2	10	0	0	23	14	0	0	0	0	0	0	0	1	3	0	3	4	1	2	4	3	0	8
1067.000	0	32	6	13	0	5	2	26	0	0	4	2	1	3	0	0	18	10	0	0	0	0	0	0	0	1	3	0	4	2	1	0	3	5	0	7
1067.200	0	38	0	16	0	5	4	22	0	0	5	2	1	6	0	0	21	10	0	0	0	0	0	0	0	1	0	0	1	8	2	1	3	2	0	7
1067.400	0	35	7	18	0	3	3	22	0	0	5	0	1	5	0	0	19	10	0	0	0	0	0	0	0	0	3	0	2	4	1	0	3	2	0	7
1067.600	0	33	2	22	0	5	3	25	0	0	5	0	1	9	0	0	22	9	0	0	0	0	0	0	0	0	1	0	5	5	1	0	5	5	0	7
1067.800	0	40	7	19	0	7	7	26	0	0	4	1	0	6	0	0	16	10	0	0	0	0	0	0	0	0	0	0	3	1	1	0	4	2	0	11
1068.000	0	29	5	24	0	5	3	22	0	0	4	1	0	5	0	0	23	10	0	0	0	0	0	0	0	0	1	0	3	5	2	2	5	3	0	7
1068.200	0	29	7	19	0	7	2	26	0	0	5	0	2	5	0	0	17	2	0	0	0	0	0	0	0	0	3	0	3	2	2	0	2	2	0	7
1068.400	0	29	1	17	0	6	4	27	0	0	4	0	1	8	0	0	20	2	0	0	0	0	0	0	0	1	2	0	2	5	2	1	4	5	0	7
1068.600	0	16	1	16	0	5	0	24	0	0	5	1	1	7	0	0	19	7	0	0	0	0	0	0	0	0	0	0	1	7	1	0	5	2	0	7
1068.800	0	38	6	19	0	5	1	18	0	0	5	1	1	1	0	0	18	1	0	0	0	0	0	0	0	1	3	0	4	1	1	3	3	3	0	7
1069.000	0	29	5	17	0	6	1	25	0	0	5	0	1	5	0	0	22	2	0	0	0	0	0	0	0	0	5	0	3	3	1	2	2	5	0	7
1069.200	0	21	7	22	0	5	2	24	0	0	5	0	0	8	0	0	16	3	0	0	0	0	0	0	0	0	6	0	2	0	1	1	4	3	0	7
1069.400	0	32	7	24	0	5	4	22	0	0	3	0	0	10	0	0	19	1	0	0	0	0	0	0	0	1	1	0	3	2	1	1	4	5	0	7
1069.600	0	34	8	17	0	7	2	19	0	0	5	0	1	7	0	0	20	9	0	0	0	0	0	0	0	1	3	0	2	1	2	3	1	2	0	7
1069.800	0	38	8	13	0	11	4	22	0	0	4	0	0	7	0	0	23	10	0	0	0	0	0	0	0	1	5	0	4	1	1	3	5	5	0	7
1070.000	0	42	4	14	0	8	3	21	2	0	3	0	1	5	0	0	22	10	0	0	0	0	0	0	0	1	3	1	5	1	2	0	5	4	0	7
1070.200	0	35	7	16	0	8	1	14	3	0	3	0	2	5	0	0	19	13	0	0	0	0	0	0	0	1	5	0	4	3	1	3	4	5	0	7
1070.400	0	38	6	10	0	8	1	19	0	0	4	0	1	4	0	0	23	8	0	0	0	0	0	0	0	1	3	0	3	4	2	0	2	5	0	7
1070.600	0	30	6	19	0	2	3	22	2	0	3	0	0	6	0	0	16	11	0	0	0	0	0	0	0	0	0	1	6	2	2	2	8	5	0	7
1070.800	0	27	2	16	0	4	0	19	1	0	5	0	1	7	0	0	23	11	0	0	0	0	0	0	0	0	3	0	2	1	1	1	7	5	0	7
1071.000	0	33	7	18	0	4	1	21	2	0	5	0	4	10	0	0	20	11	0	0	0	0	0	0	0	1	1	0	3	1	1	0	4	5	0	5
1071.200	0	46	6	16	0	3	3	21	0	0	5	4	3	8	0	0	20	5	0	0	0	0	0	0	0	0	2	0	4	1	1	0	4	2	0	6
1071.400	0	26	1	20	0	5	2	23	6	0	5	2	2	3	0	0	27	14	0	0	0	0	0	0	0	0	4	0	4	4	3	3	4	5	0	7
1071.600	0	43	6	17	0	2	4	18	0	0	4	0	0	7	0	0	24	11	0	0	0	0	0	0	0	0	2	0	2	3	2	1	6	1	0	6
1071.800	0	35	7	15	0	2	3	27	0	0	4	0	2	9	0	0	25	12	0	0	0	0	0	0	0	1	3	0	3	3	1	0	3	5	0	7
1072.000	0	40	7	19	0	2	1	23	2	0	5	1	0	8	0	0	21	13	0	0	0	0	0	0	0	1	1	0	2	1	1	2	4	5	0	7
1072.200	0	31	7	25	0	2	2	23	2	0	5	0	0	7	0	0	25	8	0	0	0	0	0	0	0	0	5	0	1	0	1	0	3	2	0	7
1072.400	0	27	1	15	0	3	4	25	3	0	5	0	0	9	0	0	19	4	0	0	0	0	0	0	0	1	4	0	2	8	2	2	9	5	0	5
1072.600	0	29	8	14	0	3	1	26	0	0	5	0	1	9	0	0	18	11	0	0	0	0	0	0	0	0	3	0	1	8	1	0	5	5	0	6
1072.800	0	33	6	17	0	3	3	24	1	0	5	0	0	10	0	1	23	3	0	0	0	0	0	0	0	0	5	1	4	5	3	4	2	4	0	7
1073.000	0	34	5	14	0	3	1	29	1	0	4	0	1	9	0	0	19	12	0	0	0	0	0	0	0	1	2	0	4	4	2	1	3	5	0	7
1073.200	0	43	7	19	0	2	3	27	1	0	5	0	1	7	0	0	23	9	0	0	0	0	0	0	0	0	4	0	2	3	2	3	4	4	0	7
1073.400	0	32	7	18	0	2	1	21	3	0	5	0	1	8	0	0	22	13	0	0	0	0	0	0	0	1	4	0	1	4	2	0	4	4	0	7
1073.600	0	34	5	14	0	3	2	19	0	0	5	0	1	6	0	0	22	14	0	0	0	0	0	0	0	0	2	0	2	1	2	1	2	5	0	7
1073.800	0	22	2	16	0	2	4	26	0	0	5	0	1	3	0	0	18	10	0	0	0	0	0	0	0	0	3	0	4	0	2	2	0	4	0	7
1074.000	0	40	0	11	0	2	1	25	0	0	4	0	2	7	0	0	19	8	0	0	0	0	0	0	0	0	7	0	1	5	1	1	7	5	0	7
1074.200	0	43	0	15	0	1	3	28	0	0	3	0	0	8	0	0	28	9	0	0	0	0	0	0	0	1	2	1	4	6	1	3	6	5	0	8
1074.400	0	24	1	11	0	2	4	22	0	0	5	0	0	5	0	0	20	3	0	0	0	0	0	0	0	0	4	1	2	2	0	0	3	1	0	7
1074.600	0	37	7	14	0	3	3	15	0	0	3	0	2	8	0	0	24	9	0	0	0	0	0	0	0	1	3	0	2	3	0	4	7	4	0	6
1074.800	0	22	5	14	0	5	4	19	0	0	3	0	2	5	0	0	15	10	0	0	0	0	0	0	0	0	5	2	1	1	0	2	5	5	0	6
1075.000	0	34	4	14	0	3	1	22	0	0	4	0	0	10	0	0	16	10	0	0	0	0	0	0	0	0	5	4	2	0	0	5	8	5	0	5
1075.200	0	38	2	17	0	3	6	18	0	0	4	0	0	7	0	0	14	6	0	0	0	0	0	0	0	2	6	4	1	4	1	3	4	5	0	4
1075.400	0	27	1	13	0	4	4	15	0	0	3	0	2	5	0	0	24	9	0	0	0	0	0	0	0	0	4	0	4	4	2	0	5	3	0	7
1075.600	0	39	3	10	0	4	4	16	0	0	5	0	0	8	0	0	26	6	0	0	0	0	0	0	0	0	4	1	7	4	1	2	2	5	0	5
1075.800	0	23	0	18	0	4	3	16	0	0	5	0	0	8	0	0	21	3	0	0	0	0	0	0	0	0	5	2	2	3	1	1	0	6	0	6
1076.000	0	40	3	19	0	2	3	16	2	0	5	0	0	10	0	0	21	9	0	0	0	0	0	0	0	0	5	0	4	2	1	3	2	6	1	4
1076.200	0	34	5	15	0	2	2	14	0	0	4	0	0	6	0	0	23	6	0	0	0	0	0	0	0	0	4	1	2	3	1	0	4	4	0	6
1076.400	0	37	7	19	0	2	3	14	0	0	5	0	1	6	0	0	23	6	0	0	0	0	0	0	0	0	5	1	1	4	1	2	5	3	0	5
1076.600	0	35	5	15	1	2	2	20	0	0	5	0	1	7	0	0	21	7	0	0	0	0	0	0	0	1	3	0	4	1	1	3	8	5	0	7
1076.800	0	36	1	18	0	2	1	14	0	0	5	0	0	7	0	0	23	10	0	0	0	0	0	0	1	1	4	0	2	5	2	0	2	3	0	5
1077.000	0	33	7	17	0	2	1	13	2	0	4	1	2	8	0	0	22	11	0	0	0	0	0	0	0	0	4	0	3	6	0	1	4	3	0	5
1077.200	0	39	5	13	0	2	2	18	0	0	5	0	0	9	0	0	19	2	0	0	0	0	0	0	0	0	2	0	1	7	2	1	4	4	0	4
1077.400	0	31	4	15	0	0	3	12	0	0	4	0	2	5	0	0	22	8	0	0	0	0	0	0	0	0	6	0	1	6	0	0	4	3	0	4
1077.600	0	39	3	11	0	2	2	19	1	0	5	0	0	6	0	0	23	9	0	0	0	0	0	0	0	0	7	0	4	1	1	0	5	2	0	6
1077.800	0	28	0	12	0	1	3	11	2	0	5	0	0	3	0	1	25	6	0	0	0	0	0	0	0	0	4	0	1	4	2	4	3	5	0	7
1078.000	0	41	3	13	0	2	1	10	1	0	5	0	0	1	0	0	25	6	0	0	0	0	0	0	0	0	6	0	2	5	2	1	4	3	0	6
1078.200	0	45	1	11	0	3	10	10	4	0	5	0	0	3	0	0	21	8	0	0	0	0	0	0	0	2	4	0	2	3	1	5	4	3	0	6
1078.400	0	43	3	13	0	3	2	24	5	0	5	0	2	3	0	0	18	8	0	0	0	0	0	0	0	1	4	0	1	5	1	1	2	5	0	5
1078.600	0	46	2	14	0	4	4	20	1	0	4	0	1	4	0	0	20	6	0	0	0	0	0	0	0	3	6	0	1	6	1	4	7	5	0	5
1078.800	0	39	4	12	0	2	4	14	6	0	4	0	0	3	0	0	16	9	0	0	0	0	0	0	0	3	3	0	1	5	1	0	4	4	0	5
1079.000	0	49	1	18	0	3	2	18	3	0	3	0	0	3	0	0	23	6	0	0	0	0	0	0	0	0	5	0	2	6	2	6	3	3	0	6
1079.200	0	35	6	15	0	3	4	18	8	0	5	0	1	4	0	0	23	6	0	0	0	0	0	0	0	0	4	0	0	0	1	3	4	4	0	5
1079.400	0	34	3	12	0	2	6	27	6	0	5	0	0	0	0	0	20	6	0	0	0	0	0	0	0	0	4	0	2	6	1	4	5	2	0	4
1079.600	0	41	0	10	0	2	3	17	6	0	5	1	1	2	0	0	24	7	0	0	0	0	0	0	0	1	5	0	2	5	1	2	3	2	0	5
1079.800	0	46	4	15	0	2	2	12	6	0	5	0	2	4	0	0	16	15	0	0	0	0	0	0	0	0	7	0	1	3	0	4	11	5	0	5
1080.000	0	51	5	19	0	1	2	18	4	0	4	0	0	3	0	0	21	12	0	0	0	0	0	0	0	0	3	0	1	9	1	3	3	2	0	5
1080.200	0	45	4	21	0	3	1	17	3	0	5	0	0	3	0	0	25	7	0	0	0	0	0	0	0	1	6	0	1	2	0	6	2	3	0	3
1080.400	0	30	4	16	0	3	4	21	2	0	5	0	0	1	0	0	18	13	0	0	0	0	0	0	0	0	0	0	2	5	2	2	3	3	0	5
1080.600	0	33	2	14	0	2	3	17	2	0	5	0	1	3	0	0	22	10	0	0	0	0	0	0	0	1	1	0	2	10	1	5	4	3	0	7
1080.800	0	31	1	13	0	2	4	12	6	0	5	0	0	1	0	0	17	7	0	0	0	0	0	0	0	0	1	0	2	9	2	2	0	2	0	6
1081.000	0	26	5	19	0	0	2	23	1	0	4	0	0	3	0	0	21	13	0	0	0	0	0	0	0	0	3	0	2	8	2	1	3	4	0	5
1081.200	0	26	1	14	1	0	0	16	2	0	4	0	1	2	0	0	29	11	0	0	0	0	0	0	0	0	9	0	1	0	0	0	4	2	0	5
1081.400	0	34	0	15	0	3	6	12	6	0	5	0	0	0	0	0	26	11	0	0	0	0	0	0	0	0	3	0	1	1	2	2	1	5	0	7
1081.600	0	30	4	15	1	2	3	18	2	0	5	0	0	2	0	0	21	13	0	0	0	0	0	0	0	0	4	0	2	6	2	4	2	4	0	7
1081.800	0	38	3	18	0	2	6	24	5	0	5	0	0	3	0	0	22	11	0	0	0	0	0	0	0	0	5	0	4	3	2	2	2	6	0	6
1082.000	0	32	2	15	0	3	1	19	2	0	5	0	0	7	0	0	24	5	0	0	0	0	0	0	0	0	4	0	2	6	2	5	3	3	0	5
1082.200	0	23	3	16	0	4	0	22	6	0	5	0	0	2	0	0	20	12	0	0	0	0	0	0	0	0	1	0	1	3	2	3	4	4	0	6
1082.400	0	36	3	15	0	3	1	16	1	0	5	0	0	7	0	0	22	9	0	0	0	0	0	0	0	0	6	0	2	2	1	3	2	4	0	5
1082.600	0	37	0	12	0	1	0	14	2	0	5	0	0	9	0	0	16	5	0	0	0	0	0	0	0	0	1	0	1	7	2	3	5	4	0	6
1082.800	0	46	3	12	1	4	4	15	5	0	5	0	0	9	0	0	23	5	0	0	0	0	0	0	0	0	1	0	1	3	2	4	4	2	0	6
1083.000	0	43	0	16	1	5	3	18	8	0	6	0	0	9	0	2	30	6	0	0	0	0	0	0	0	0	5	0	2	7	2	3	2	2	0	6
1083.200	0	39	0	11	0	1	2	21	3	0	7	0	0	7	0	1	15	9	0	0	0	0	0	0	0	0	4	0	0	2	0	2	1	4	0	6
1083.400	0	36	1	14	0	4	0	22	7	0	8	0	0	9	0	0	18	8	0	0	0	0	0	0	0	0	1	0	0	3	2	0	4	4	0	6
1083.600	0	37	0	11	0	4	2	23	7	0	5	0	0	6	0	0	14	9	0	0	0	0	0	0	0	1	7	0	1	0	0	0	2	2	0	5
1083.800	0	28	3	17	0	6	3	18	5	0	5	0	0	4	0	0	18	11	0	0	0	0	0	0	0	0	1	0	1	3	1	2	2	5	0	5
1084.000	0	21	0	12	0	3	5	18	7	0	5	0	0	14	0	3	24	11	0	0	0	0	0	0	0	2	2	0	3	3	1	2	2	5	0	5
1084.200	0	27	0	15	0	4	6	13	6	0	5	0	0	10	0	0	20	3	0	0	0	0	0	0	0	0	2	0	1	2	1	0	2	2	0	7
1084.400	0	31	4	15	1	3	3	17	6	0	7	0	0	12	0	4	25	10	0	0	0	0	0	0	0	1	3	0	1	5	1	2	3	2	0	5
1084.600	0	42	3	11	0	3	1	18	3	0	6	0	0	5	0	0	28	10	0	0	0	0	0	0	0	0	4	0	0	3	1	5	6	2	0	6
1084.800	0	39	1	13	0	1	1	18	2	0	6	0	0	8	0	2	18	11	0	0	0	0	0	0	0	0	0	0	1	8	2	4	2	5	0	5
1085.000	0	26	0	11	0	3	0	18	1	0	4	0	0	8	0	4	23	3	0	0	0	0	0	0	0	1	4	0	1	6	1	4	4	3	0	5
1085.200	0	30	5	11	0	2	2	19	5	0	5	0	0	3	0	1	20	9	0	0	0	0	0	0	0	0	2	0	1	6	3	5	1	5	0	6
1085.400	0	37	4	12	0	4	0	21	5	0	6	0	0	6	0	4	23	7	0	0	0	0	0	0	0	0	0	0	1	6	1	2	4	2	0	6
1085.600	0	33	5	11	1	5	3	16	3	0	7	0	0	6	0	3	20	12	0	0	0	0	0	0	0	0	1	0	1	7	1	1	2	1	0	5
1085.800	0	39	3	11	0	3	4	16	6	0	5	0	0	8	0	3	23	9	0	0	0	0	0	0	0	0	2	0	1	0	0	3	2	4	0	6
1086.000	0	38	3	13	0	3	3	21	6	0	6	0	0	10	0	3	25	7	0	0	0	0	0	0	0	1	3	0	0	0	1	4	2	3	0	5
1086.200	0	32	0	12	0	4	8	24	2	0	7	0	0	9	0	1	16	8	0	0	0	0	0	0	0	1	6	0	3	1	1	1	1	3	0	3
1086.400	0	25	2	12	0	1	5	17	2	0	4	0	0	6	0	1	20	7	0	0	0	0	0	0	0	0	4	0	0	5	2	4	5	5	0	2
1086.600	0	40	0	11	0	1	5	18	5	0	7	0	0	8	0	4	18	9	0	0	0	0	0	0	0	0	5	0	1	5	2	2	1	3	0	5
1086.800	0	37	1	13	0	4	4	20	8	0	6	0	0	8	1	11	21	12	0	0	0	0	0	0	0	1	5	0	1	5	1	0	3	5	0	4
1087.000	0	32	0	13	0	4	4	31	6	0	5	0	0	8	1	4	22	10	0	0	0	0	0	0	0	3	4	0	2	5	1	3	2	5	0	5
1087.200	0	37	1	10	0	4	2	14	7	0	5	0	0	7	0	1	21	5	0	0	0	0	0	0	0	1	5	0	0	5	1	1	2	4	0	3
1087.400	0	31	0	15	0	1	5	19	4	0	6	0	0	11	1	4	16	5	0	0	0	0	0	0	0	0	5	0	0	3	1	1	4	4	0	4
1087.600	0	32	0	19	0	3	7	20	3	0	6	0	0	15	1	4	17	10	0	0	0	0	0	0	0	0	4	0	2	2	2	2	1	3	0	6
1087.800	0	26	0	12	0	0	1	14	4	0	5	0	0	16	0	0	13	9	0	0	0	0	0	0	0	0	5	0	1	1	1	1	4	2	0	6
1088.000	0	30	3	15	0	3	2	21	8	0	7	0	0	6	0	1	17	5	0	0	0	0	0	0	0	0	8	0	1	1	1	2	4	4	0	6
1088.200	0	35	0	17	0	4	4	17	8	0	6	0	0	9	1	10	16	4	0	0	0	0	0	0	0	0	4	0	1	4	1	2	9	5	0	5
1088.400	0	26	0	16	0	2	6	23	5	0	7	0	0	10	0	3	23	6	0	0	0	0	0	0	0	0	6	0	1	4	0	0	0	4	0	4
1088.600	0	27	0	16	0	3	9	19	6	0	6	0	0	10	5	1	23	9	0	0	0	0	0	0	0	0	6	0	0	1	1	4	4	5	0	7
1088.800	0	34	3	16	1	5	8	26	3	0	5	0	0	6	0	3	25	8	0	0	0	0	0	0	0	0	3	0	1	2	1	5	3	4	0	6
1089.000	0	20	0	10	0	4	9	19	9	0	6	0	0	7	0	7	26	8	0	0	0	0	0	0	0	0	5	0	1	4	1	3	4	3	0	6
1089.200	0	44	2	16	0	2	11	23	4	0	6	0	0	5	0	2	29	12	0	0	0	0	0	0	0	0	2	0	2	4	2	3	2	3	0	5
1089.400	0	28	0	11	0	4	8	13	11	0	8	0	0	6	0	3	22	10	0	0	0	0	0	0	0	0	3	0	1	3	1	3	2	3	0	5
1089.600	0	30	0	12	0	3	8	22	10	0	6	0	0	11	5	6	23	7	0	0	0	0	0	0	0	0	3	0	2	7	1	3	2	6	0	5
1089.800	0	45	3	12	0	2	8	24	5	0	6	0	0	8	5	6	30	6	0	0	0	0	0	0	0	0	2	0	1	7	1	3	1	4	0	5
1090.000	0	43	0	17	0	3	8	20	8	0	4	0	0	10	0	1	24	12	0	0	0	0	0	0	0	0	3	0	1	8	1	6	3	3	0	5
1090.200	0	20	2	13	0	4	10	11	5	0	5	0	0	8	0	4	24	8	0	0	0	0	0	0	0	0	2	0	1	0	1	2	2	4	0	6
1090.400	0	40	1	19	0	3	7	28	8	0	5	0	0	7	0	0	26	7	0	0	0	0	0	0	0	0	3	0	1	4	1	3	2	5	0	6
1090.600	0	31	0	16	0	2	6	25	3	0	5	0	0	11	1	3	27	13	0	0	0	0	0	0	0	1	3	0	1	0	0	2	3	5	0	5
1090.800	0	32	0	14	0	5	5	24	7	0	6	0	0	10	4	3	25	12	0	0	0	0	0	0	0	0	3	0	0	1	1	5	2	3	0	5
1091.000	0	38	1	15	0	3	7	27	3	0	3	0	0	8	0	2	27	7	0	0	0	0	0	0	0	0	3	0	2	2	1	6	3	5	0	5
1091.200	0	33	0	16	0	4	5	22	5	0	5	0	0	11	3	0	19	10	0	0	0	0	0	0	0	1	6	0	1	2	1	3	4	5	0	6
1091.400	0	46	0	18	0	2	7	22	3	0	4	0	0	12	1	0	24	10	0	0	0	0	0	0	0	0	4	0	0	4	2	3	3	4	0	4
1091.600	0	31	0	16	0	4	10	19	10	0	6	0	0	11	1	4	21	11	0	0	0	0	0	0	0	0	2	0	2	8	2	6	4	3	0	6
1091.800	0	25	0	18	0	4	5	21	3	0	6	0	0	7	0	2	27	13	0	0	0	0	0	0	0	0	2	0	1	4	2	3	5	5	0	5
1092.000	0	21	0	17	0	5	11	24	7	0	7	0	0	8	0	4	27	10	0	0	0	0	0	0	0	0	3	0	1	2	1	6	5	4	0	5
1092.200	0	18	5	22	1	3	9	25	7	0	7	0	0	9	1	3	26	11	0	0	0	0	0	0	0	0	8	0	0	4	0	4	9	5	0	1
1092.400	0	39	3	21	0	3	6	20	5	0	6	0	0	8	1	6	31	9	0	0	0	0	0	0	0	0	6	0	0	5	0	4	4	5	0	0
1092.600	0	32	2	14	0	2	6	29	10	0	5	0	0	12	3	6	21	12	0	0	0	0	0	0	0	0	10	0	1	7	0	6	4	4	0	1
1092.800	0	34	7	18	0	2	5	23	9	0	6	0	0	13	3	1	29	10	0	0	0	0	0	0	0	0	11	0	0	3	0	2	5	4	0	1
1093.000	0	33	7	24	0	3	9	29	12	0	5	0	0	6	0	10	28	9	0	0	0	0	0	0	0	0	4	0	1	5	0	1	3	3	0	1
1093.200	0	34	6	19	0	2	6	16	8	0	8	0	0	10	3	3	24	5	0	0	0	0	0	0	0	0	5	0	3	3	2	1	4	5	0	1
1093.400	0	27	0	19	0	5	9	17	11	0	5	0	0	10	4	2	25	4	0	0	0	0	0	0	0	1	3	0	1	5	2	2	3	7	0	2
1093.600	0	48	4	17	0	3	6	18	9	0	2	0	0	9	1	9	24	7	0	0	0	0	0	0	0	0	3	0	0	5	1	4	4	5	0	1
1093.800	0	22	3	19	0	3	4	18	9	0	5	0	0	7	4	7	24	9	0	0	0	0	0	0	0	0	4	0	0	4	2	6	8	2	0	1
1094.000	0	30	3	20	0	3	6	27	8	0	5	0	0	15	5	10	26	4	0	0	0	0	0	0	0	0	5	0	0	5	1	2	3	3	0	1
1094.200	0	28	0	20	0	3	5	16	9	0	5	0	0	15	3	4	23	5	0	0	0	0	0	0	0	1	5	0	2	3	0	0	4	4	0	2
1094.400	0	31	0	15	0	3	8	20	8	0	6	0	0	8	0	3	22	10	0	0	0	0	0	0	0	2	12	0	1	2	0	3	6	5	0	2
1094.600	0	32	6	21	0	2	5	22	8	0	7	0	0	10	0	7	19	13	0	0	0	0	0	0	0	1	6	0	0	5	2	4	5	4	0	2
1094.800	0	27	1	18	0	3	8	23	8	0	6	0	0	5	1	4	20	10	0	0	0	0	0	0	0	0	5	0	1	3	2	2	5	4	0	2
1095.000	0	37	4	17	0	4	5	24	7	0	6	0	0	10	3	3	18	7	0	0	0	0	0	0	0	0	6	0	0	5	0	2	3	4	0	0
1095.200	0	37	7	19	0	4	6	25	6	0	8	0	0	8	3	5	16	6	0	0	0	0	0	0	0	0	5	0	0	7	0	4	3	4	0	1
1095.400	0	22	3	17	0	3	8	28	9	0	6	0	0	10	4	10	18	4	0	0	0	0	0	0	0	0	8	0	1	2	1	2	3	5	0	3
1095.600	0	36	5	19	0	7	12	26	5	0	5	0	0	12	1	8	20	5	0	0	0	0	0	0	0	1	4	0	2	8	2	2	5	5	0	5
1095.800	0	34	2	19	0	2	6	30	4	0	7	0	0	15	2	9	19	3	0	0	0	0	0	0	0	1	8	0	1	3	0	3	2	5	0	2
1096.000	1	37	2	18	0	4	9	20	6	0	6	0	0	7	5	10	20	6	0	0	0	0	0	0	0	1	4	0	2	7	1	6	6	5	0	3
1096.200	0	38	2	16	0	3	3	20	7	0	5	0	0	8	3	9	28	6	0	0	0	0	0	0	0	0	4	0	0	7	1	3	5	3	0	2
1096.400	0	36	7	20	0	4	6	17	6	0	5	0	0	2	6	8	23	8	0	0	0	0	0	0	0	0	3	0	1	9	1	5	4	4	0	5
1096.600	0	29	2	18	0	7	1	16	6	0	5	0	0	1	6	8	23	11	0	0	0	0	0	0	0	1	8	0	3	7	2	4	9	5	0	3
1096.800	0	38	3	18	0	6	6	19	9	0	5	0	0	8	5	8	22	10	0	0	0	0	0	0	0	0	5	0	0	3	2	2	3	3	0	1
1097.000	0	38	6	23	0	2	0	21	7	0	7	0	0	4	6	13	17	9	0	0	0	0	0	0	0	1	2	0	0	4	1	4	5	5	0	4
1097.200	0	31	10	19	0	3	0	19	0	0	2	0	0	1	1	4	18	8	0	0	0	0	0	0	0	1	3	0	0	2	1	4	4	3	0	3
1097.400	0	39	2	12	0	4	7	19	4	0	7	0	0	12	6	11	20	8	0	0	0	0	0	0	0	1	5	0	0	4	2	2	2	5	0	5
1097.600	0	45	6	15	0	3	5	20	11	0	6	0	0	11	6	7	18	11	0	0	0	0	0	0	0	0	2	0	4	4	1	2	6	2	0	5
1097.800	2	38	5	17	0	3	7	20	0	0	8	0	0	6	0	1	22	11	0	0	0	0	0	0	0	0	4	0	2	7	1	4	5	5	0	5
1098.000	0	37	7	19	0	4	8	15	9	0	4	0	0	6	0	2	22	13	0	0	0	0	0	0	0	0	4	0	1	4	0	1	3	2	0	6
1098.200	0	34	0	17	0	5	8	14	7	0	5	0	0	10	5	3	28	9	0	0	0	0	0	0	0	0	4	0	1	1	1	3	3	3	0	7
1098.400	0	42	3	18	0	4	10	15	9	0	5	0	0	8	1	2	20	6	0	0	0	0	0	0	0	0	3	0	0	2	2	1	4	5	0	4
1098.600	0	37	3	16	0	2	8	15	7	0	4	0	0	7	1	2	18	10	0	0	0	0	0	0	0	0	3	0	0	3	1	2	2	2	0	5
1098.800	0	34	2	16	0	5	6	21	7	0	6	0	0	5	4	5	25	7	0	0	0	0	0	0	0	0	1	0	2	2	2	2	3	2	0	7
1099.000	0	18	0	12	0	2	7	20	3	0	5	0	0	4	0	4	20	6	0	0	0	0	0	0	0	0	2	0	0	5	1	1	3	2	0	6
1099.200	0	36	0	15	0	3	10	23	10	0	3	0	0	4	5	5	21	8	0	0	0	0	0	0	0	0	2	0	2	10	2	2	5	5	0	7
1099.400	0	36	1	13	1	4	7	15	7	0	7	0	0	2	2	1	21	9	0	0	0	0	0	0	0	0	1	0	1	10	1	2	4	4	0	7
1099.600	0	29	3	14	0	4	5	18	8	0	5	0	0	10	5	0	26	9	0	0	0	0	0	0	0	1	2	0	0	11	1	2	10	6	0	7
1099.800	0	19	0	16	0	3	6	17	9	0	6	0	0	4	4	2	15	9	0	0	0	0	0	0	0	0	3	0	2	5	1	3	4	2	0	5
1100.000	0	31	5	13	0	4	5	21	3	0	5	0	0	5	5	7	25	6	0	0	0	0	0	0	0	0	4	0	1	3	1	5	1	2	0	5
1100.200	0	30	5	23	0	5	3	21	11	0	4	0	0	8	1	1	22	7	0	0	0	0	0	0	0	0	0	0	0	4	1	1	4	2	0	4
1100.400	0	24	0	14	0	2	6	18	10	0	4	0	0	4	0	2	24	10	0	0	0	0	0	0	0	0	4	0	0	4	1	1	4	1	0	5
1100.600	0	18	0	18	0	5	11	21	11	0	5	0	0	11	5	6	17	9	0	0	0	0	0	0	0	0	4	0	1	10	1	3	7	2	0	7
1100.800	0	25	3	18	0	2	7	27	7	0	4	0	0	1	1	5	21	8	0	0	0	0	0	0	0	0	0	0	0	4	1	5	6	1	0	5
1101.000	0	28	6	15	0	2	7	25	7	0	6	0	0	8	0	1	17	1	0	0	0	0	0	0	0	0	2	0	0	6	1	3	4	3	0	5
1101.200	0	30	0	14	0	3	8	21	11	0	5	0	0	4	3	5	20	5	0	0	0	0	0	0	0	0	1	0	1	8	2	5	2	3	0	6
1101.400	0	34	0	13	0	4	9	24	7	0	6	0	0	3	5	6	26	5	0	0	0	0	0	0	0	0	2	0	4	2	0	5	3	2	0	6
1101.600	0	22	1	15	0	3	6	25	9	0	5	0	0	3	5	11	24	9	0	0	0	0	0	0	0	0	4	0	2	9	1	3	5	3	0	4
1101.800	0	32	2	17	0	5	5	20	15	0	6	0	0	4	5	7	26	9	0	0	0	0	0	0	0	0	3	0	1	6	2	5	3	5	0	6
1102.000	0	14	0	17	0	1	9	19	11	0	7	0	0	3	2	5	26	7	0	0	0	0	0	0	0	0	5	0	4	3	2	2	4	5	0	6
1102.200	0	27	0	14	0	1	7	17	13	0	6	0	0	1	0	1	21	6	0	0	0	0	0	0	0	0	1	0	2	7	1	2	2	5	0	6
1102.400	0	34	6	15	0	2	7	25	6	0	4	0	0	4	5	4	24	7	0	0	0	0	0	0	0	0	1	0	1	2	1	3	2	5	0	6
1102.600	0	35	3	16	0	2	6	17	7	0	7	0	0	2	1	1	22	5	0	0	0	0	0	0	0	0	3	0	2	2	1	1	1	2	0	6
1102.800	0	22	1	15	0	1	7	21	11	0	6	0	0	7	0	5	21	7	0	0	0	0	0	0	0	0	2	0	1	5	2	3	2	2	0	5
1103.000	0	28	0	19	0	2	6	21	5	0	6	0	0	3	4	1	20	8	0	0	0	0	0	0	0	0	0	0	0	3	2	1	4	2	0	6
1103.200	0	18	0	13	0	5	6	21	6	0	6	0	0	4	0	2	22	1	0	0	0	0	0	0	0	0	1	0	0	1	2	8	3	7	1	7
1103.400	0	12	0	15	1	5	7	26	7	0	6	0	0	4	1	1	24	2	0	0	0	0	0	0	0	0	0	0	0	2	2	6	4	3	0	6
1103.600	0	31	2	20	0	3	7	21	12	0	2	0	0	4	0	1	19	1	0	0	0	0	0	0	0	0	1	0	2	4	2	4	5	5	0	7
1103.800	0	37	6	21	0	5	5	24	8	0	4	0	0	5	1	0	26	1	0	0	0	0	0	0	0	0	1	0	0	6	1	1	1	5	0	7
1104.000	0	44	3	15	0	5	6	18	8	0	5	0	0	2	1	1	22	7	0	0	0	0	0	0	0	0	1	0	4	3	2	8	5	4	0	11
1104.200	0	18	0	18	0	2	6	17	6	0	5	0	0	1	4	0	22	4	0	0	0	0	0	0	0	0	0	0	0	6	2	4	3	2	0	10
1104.400	0	38	3	18	0	5	10	17	8	0	6	0	0	3	2	0	23	10	0	0	0	0	0	0	0	0	0	0	1	1	2	5	1	2	0	7
1104.600	0	41	7	20	0	4	9	18	8	0	5	0	0	6	1	0	16	5	0	0	0	0	0	0	0	0	0	0	1	3	2	6	4	2	0	7
1104.800	0	23	0	17	0	2	1	12	1	0	5	0	0	4	1	0	16	5	0	0	0	0	0	0	0	0	1	0	3	2	2	8	4	3	0	8
1105.000	0	38	5	20	0	5	5	15	3	0	5	0	0	6	1	2	17	4	0	0	0	0	0	0	0	0	0	0	0	5	1	4	6	3	0	6
1105.200	0	32	7	23	0	4	7	16	7	0	5	0	0	5	2	0	22	5	0	0	0	0	0	0	0	0	0	0	4	6	2	4	1	2	0	8
1105.400	0	41	1	20	0	2	8	20	10	0	5	0	0	6	2	1	24	11	0	0	0	0	0	0	0	0	0	0	0	10	2	4	2	3	0	6
1105.600	0	31	4	20	0	4	7	23	11	0	5	0	0	3	0	0	23	3	0	0	0	0	0	0	0	0	0	0	2	7	2	3	3	4	0	7
1105.800	0	27	7	20	0	2	4	21	10	0	4	0	0	5	1	2	28	5	0	0	0	0	0	0	0	0	0	0	0	6	2	3	4	3	0	5
1106.000	0	33	6	21	0	4	3	19	1	0	4	0	0	5	5	2	22	2	0	0	0	0	0	0	0	0	0	0	1	7	1	4	4	3	0	6
1106.200	0	43	4	20	0	4	3	17	9	0	6	0	0	10	1	0	27	9	0	0	0	0	0	0	0	0	0	0	2	6	2	3	3	5	0	7
1106.400	0	43	2	19	0	2	4	18	3	0	5	0	0	8	5	2	24	5	0	0	0	0	0	0	0	0	0	0	1	4	1	8	3	2	0	7
1106.600	0	32	7	26	0	5	3	16	9	0	5	0	0	11	2	0	24	6	0	0	0	0	0	0	0	0	0	0	1	4	1	4	4	2	0	6
1106.800	0	39	3	21	0	3	6	20	5	0	5	0	0	7	1	2	24	4	0	0	0	0	0	0	0	0	0	0	0	8	2	2	2	2	0	3
1107.000	0	20	0	17	0	4	6	16	6	0	5	0	0	8	2	0	22	5	0	0	0	0	0	0	0	0	0	0	1	5	2	6	1	3	0	7
1107.200	0	10	2	22	0	2	7	23	4	0	6	0	0	9	5	3	25	2	0	0	0	0	0	0	0	0	0	0	1	6	2	2	2	5	0	9
1107.400	0	33	0	15	0	6	7	21	6	0	5	0	0	8	0	2	19	5	0	0	0	0	0	0	0	0	0	0	2	6	1	6	5	3	0	7
1107.600	0	39	3	23	0	3	8	14	8	0	6	0	0	7	3	3	24	7	0	0	0	0	0	0	0	0	0	0	0	6	3	2	2	3	0	10
1107.800	0	38	4	15	0	3	8	12	8	0	5	0	0	3	0	4	21	9	0	0	0	0	0	0	0	0	0	0	2	6	2	3	4	5	0	9
1108.000	0	30	0	16	0	2	7	18	3	0	6	0	0	4	5	5	18	8	0	0	0	0	0	0	0	0	0	0	0	4	2	3	7	5	0	9
1108.200	0	36	1	18	1	4	12	20	5	0	5	0	0	8	3	4	25	5	0	0	0	0	0	0	0	0	0	0	0	6	2	6	3	5	0	6
1108.400	0	34	0	20	0	1	5	19	10	0	6	0	0	4	2	1	23	6	0	0	0	0	0	0	0	0	1	0	1	9	2	5	3	1	0	7
1108.600	0	29	4	19	0	5	5	18	8	0	5	0	0	9	4	3	18	7	0	0	0	0	0	0	0	0	1	0	1	8	2	4	4	2	0	6
1108.800	0	25	0	22	0	3	5	20	8	0	5	0	0	7	1	2	19	0	0	0	0	0	0	0	0	0	0	0	1	10	1	2	6	3	0	6
1109.000	0	37	5	21	0	5	5	12	6	0	5	0	0	2	2	0	18	3	0	0	0	0	0	0	0	0	0	0	1	8	2	2	4	4	0	7
1109.200	0	38	5	18	0	3	5	15	9	0	4	0	0	6	2	1	17	7	0	0	0	0	0	0	0	0	1	0	2	4	2	7	7	2	0	7
1109.400	1	29	5	23	0	3	6	18	6	0	5	0	0	6	1	0	23	6	0	0	0	0	0	0	0	0	0	0	4	4	2	2	8	4	0	7
1109.600	2	38	3	19	0	2	9	24	3	0	6	0	0	4	1	0	22	3	0	0	0	0	0	0	0	0	0	0	1	2	2	4	3	4	0	7
1109.800	0	33	5	18	0	1	5	20	10	0	7	0	0	5	2	2	24	7	0	0	0	0	0	0	0	0	1	0	1	5	2	5	4	2	0	7
1110.000	0	32	5	21	0	3	5	15	8	0	7	0	0	10	4	2	26	5	0	0	0	0	0	0	0	0	0	0	2	1	2	4	4	3	0	6
1110.200	1	38	6	19	0	3	5	14	15	0	5	0	0	7	5	0	20	5	0	0	0	0	0	0	0	0	1	0	3	6	2	3	2	5	0	7
1110.400	0	36	6	20	1	5	9	18	9	0	5	0	0	15	4	1	13	8	0	0	0	0	0	0	0	0	1	0	0	6	1	5	3	5	0	7
1110.600	0	42	7	24	0	2	6	10	14	0	5	0	0	5	3	0	18	6	0	0	0	0	0	0	0	0	0	0	2	4	1	5	2	3	0	7
1110.800	0	27	0	17	0	2	8	9	10	0	5	0	0	4	4	1	26	7	0	0	0	0	0	0	0	0	1	0	0	4	1	3	4	3	0	7
1111.000	0	32	1	18	0	3	5	13	6	0	6	0	0	3	2	3	17	6	0	0	0	0	0	0	0	0	0	0	3	8	2	2	4	4	0	8
1111.200	0	36	4	17	0	2	6	12	6	0	5	0	0	1	3	0	25	8	0	0	0	0	0	0	0	0	1	0	1	5	2	1	4	3	0	7
1111.400	0	28	5	18	0	3	6	18	9	0	5	0	0	2	2	4	21	11	0	0	0	0	0	0	0	0	1	0	2	4	1	3	3	5	0	7
1111.600	0	35	0	18	0	4	6	11	7	0	5	0	0	4	4	8	25	9	0	0	0	0	0	0	0	0	0	0	3	11	2	4	4	3	0	7
1111.800	1	44	8	20	1	4	10	13	11	0	5	0	0	7	2	1	29	7	0	0	0	0	0	0	0	0	0	0	2	7	1	0	2	5	0	7
1112.000	0	31	7	21	0	3	6	19	6	0	6	0	0	4	4	1	25	8	0	0	0	0	0	0	0	0	1	0	3	6	2	1	3	5	0	7
1112.200	0	38	6	23	0	5	6	11	8	0	5	0	0	3	3	1	24	8	0	0	0	0	0	0	0	0	1	0	3	4	2	3	4	3	0	7
1112.400	2	35	3	19	0	5	7	15	8	0	4	0	0	3	5	3	25	7	0	0	0	0	0	0	0	0	0	0	0	4	2	0	2	2	0	10
1112.600	0	26	2	19	0	4	10	11	11	0	5	0	0	2	2	3	27	6	0	0	0	0	0	0	0	0	1	0	1	3	1	0	1	3	0	7
1112.800	0	29	1	19	0	4	5	14	6	0	5	0	0	4	4	3	19	6	0	0	0	0	0	0	0	0	1	0	3	5	1	1	3	4	0	7
1113.000	0	43	6	22	0	1	9	16	11	0	5	0	0	2	2	1	19	2	0	0	0	0	0	0	0	0	1	0	3	7	1	2	2	2	0	7
1113.200	0	25	0	18	0	5	10	12	13	0	6	0	0	4	2	1	22	1	0	0	0	0	0	0	0	0	0	0	0	3	2	1	2	3	0	8
1113.400	0	32	0	19	0	3	5	13	11	0	5	0	0	2	4	2	18	3	0	0	0	0	0	0	0	0	0	0	2	2	1	3	1	3	0	9
1113.600	0	27	1	19	0	1	7	16	8	0	7	0	0	12	4	0	23	0	0	0	0	0	0	0	0	0	1	0	3	8	2	2	0	3	0	7
1113.800	0	24	0	16	0	2	4	13	11	0	5	0	0	4	5	0	23	6	0	0	0	0	0	0	0	0	0	0	1	5	1	1	4	2	0	5
1114.000	0	23	6	25	0	2	5	20	8	0	5	0	0	6	3	0	19	0	0	0	0	0	0	0	0	0	1	0	0	3	0	3	4	4	0	7
1114.200	0	31	3	23	0	2	9	15	7	0	6	0	0	3	4	0	19	0	0	0	0	0	0	0	0	0	0	0	0	7	1	0	4	2	0	6
1114.400	0	37	5	21	0	3	7	21	15	0	5	0	0	2	0	1	20	1	0	0	0	0	0	0	0	0	0	0	2	5	2	6	3	3	0	6
1114.600	0	31	4	15	0	5	9	16	16	0	5	0	0	5	0	1	20	0	0	0	0	0	0	0	0	0	1	0	1	5	2	2	4	3	0	6
1114.800	0	37	5	13	0	2	6	13	12	0	6	0	0	5	2	1	21	3	0	0	0	0	0	0	0	0	2	0	1	9	0	4	4	2	0	4
1115.000	0	38	6	18	0	2	4	17	9	0	5	0	0	5	1	1	22	9	0	0	0	0	0	0	0	0	0	0	3	5	2	3	4	2	0	5
1115.200	0	37	5	18	0	3	3	17	15	0	6	0	0	7	0	0	19	0	0	0	0	0	0	0	0	0	1	0	1	5	1	3	4	2	0	6
1115.400	0	36	1	14	0	1	5	21	17	0	5	0	0	4	1	3	28	2	0	0	0	0	0	0	0	0	1	0	2	2	3	3	2	3	0	4
1115.600	0	36	4	13	0	2	3	8	8	0	4	0	0	2	0	1	23	7	0	0	0	0	0	0	0	0	1	0	2	5	2	4	6	2	0	7
1115.800	0	28	7	15	0	1	4	18	15	0	5	0	0	7	0	1	18	6	0	0	0	0	0	0	0	0	1	0	3	11	2	6	3	4	0	8
1116.000	0	42	5	15	0	0	5	17	20	0	6	0	0	3	2	2	23	1	0	0	0	0	0	0	0	0	0	0	1	5	1	3	3	2	0	7
1116.200	0	30	1	14	0	1	8	16	11	0	5	0	0	3	1	3	25	1	0	0	0	0	0	0	0	0	2	0	2	7	1	2	4	4	0	7
1116.400	0	16	4	19	0	3	6	17	15	0	5	0	0	9	4	1	21	3	0	0	0	0	0	0	0	0	2	0	3	2	1	7	4	5	0	7
1116.600	0	42	0	17	0	3	6	15	18	0	6	0	0	4	4	2	20	3	0	0	0	0	0	0	0	0	2	0	3	3	2	2	5	5	0	7
1116.800	0	38	7	16	0	2	8	21	10	0	4	0	0	7	6	11	25	6	0	0	0	0	0	0	0	0	5	0	2	3	2	0	4	4	0	7
1117.000	0	34	3	17	0	3	10	20	11	0	5	0	0	9	5	4	26	3	0	0	0	0	0	0	0	0	5	1	3	2	1	3	1	4	0	10
1117.200	0	42	5	17	0	2	5	25	15	0	4	0	0	8	4	2	29	1	0	0	0	0	0	0	0	0	3	0	2	0	2	4	4	2	0	10
1117.400	0	38	4	15	0	2	5	17	15	0	5	0	0	10	2	6	20	3	0	0	0	0	0	0	0	0	4	0	1	1	2	4	4	3	0	10
1117.600	0	36	0	17	0	1	4	20	15	0	4	0	0	8	5	3	16	7	0	0	0	0	0	0	0	0	2	0	1	3	2	5	8	4	0	10
1117.800	0	48	3	14	0	2	4	17	15	0	4	0	0	8	3	1	24	4	0	0	0	0	0	0	0	0	8	0	2	1	2	4	6	3	0	9
1118.000	0	36	5	15	0	1	9	19	15	0	6	0	0	12	4	7	22	11	0	0	0	0	0	0	0	0	6	0	2	3	2	2	3	5	0	10
1118.200	0	45	6	17	0	2	8	23	8	0	5	0	0	8	2	3	25	5	0	0	0	0	0	0	0	0	5	0	4	3	1	7	4	5	0	7
1118.400	0	47	6	13	0	3	6	26	12	0	3	0	0	3	3	4	20	8	0	0	0	0	0	0	0	0	4	0	2	1	1	1	4	5	0	10
1118.600	0	41	0	13	0	5	8	23	6	0	4	0	0	6	5	7	17	8	0	0	0	0	0	0	0	0	5	0	2	1	1	4	4	4	0	8
1118.800	0	34	3	12	0	3	9	13	8	0	5	0	0	4	1	3	24	5	0	0	0	0	0	0	0	0	0	0	3	2	1	2	3	2	0	7
1119.000	0	26	7	20	1	2	10	20	6	0	4	0	0	2	6	2	34	1	0	0	0	0	0	0	0	0	1	0	1	7	0	3	6	4	0	2
1119.200	0	23	5	19	0	2	3	17	7	0	4	0	0	1	4	3	24	5	0	0	0	0	0	0	0	0	1	0	2	11	1	4	4	2	0	2
1119.400	0	28	5	20	1	2	5	18	7	0	5	0	0	7	5	4	24	2	0	0	0	0	0	0	0	0	0	0	0	3	0	7	2	2	0	4
1119.600	0	27	5	19	1	3	5	20	9	0	5	0	0	7	1	2	17	7	0	0	0	0	0	0	0	0	1	0	0	4	0	8	3	5	0	5
1119.800	0	28	0	14	0	3	6	21	6	0	5	0	0	1	1	3	26	9	0	0	0	0	0	0	0	0	0	0	1	7	2	2	3	4	0	7
1120.000	0	40	3	19	0	4	7	17	5	0	5	0	0	2	4	3	22	6	0	0	0	0	0	0	0	0	0	0	0	9	1	3	3	2	0	4
1120.200	0	33	2	14	0	3	10	16	6	0	4	0	0	4	1	1	25	0	0	0	0	0	0	0	0	0	0	0	0	6	2	1	5	2	0	6
1120.400	0	30	8	16	0	4	5	15	5	0	4	0	0	3	1	3	22	3	0	0	0	0	0	0	0	0	5	0	0	4	3	3	5	5	0	7
1120.600	0	41	0	14	0	3	9	14	7	0	4	1	0	2	2	4	20	0	0	0	0	0	0	0	0	0	1	0	2	3	2	2	3	5	0	7
1120.800	0	16	0	14	0	3	5	16	10	0	5	0	0	0	2	4	22	1	0	0	0	0	0	0	0	0	4	0	0	4	2	4	4	5	0	7
1121.000	0	18	2	11	0	3	3	15	7	0	4	0	0	0	0	2	21	3	0	0	0	0	0	0	0	0	4	0	2	4	2	5	4	3	0	7
1121.200	0	21	0	14	0	2	10	13	4	0	5	0	0	0	0	3	25	2	0	0	0	0	0	0	0	0	1	0	1	4	2	4	2	4	0	7
1121.400	0	27	2	14	0	6	10	22	9	0	5	0	0	0	0	2	29	0	0	0	0	0	0	0	0	0	3	0	1	8	2	4	2	5	0	7
1121.600	0	27	3	18	0	3	6	19	7	0	5	0	0	0	0	4	24	7	0	0	0	0	0	0	0	0	1	0	0	5	2	3	4	4	0	2
1121.800	0	30	5	15	0	4	6	21	8	0	4	0	0	0	1	1	18	0	0	0	0	0	0	0	0	0	1	0	1	4	2	6	4	2	0	7
1122.000	0	42	1	19	0	4	4	22	5	0	5	0	0	0	1	4	24	2	0	0	0	0	0	0	0	0	3	0	4	3	1	4	4	3	0	7
1122.200	0	41	4	17	0	4	4	20	8	0	4	0	0	0	0	2	21	4	0	0	0	0	0	0	0	0	0	0	4	0	2	2	4	4	0	10
1122.400	0	30	4	14	0	2	9	16	10	0	5	0	0	0	1	2	32	3	0	0	0	0	0	0	0	0	8	3	5	0	1	4	6	4	0	11
1122.600	0	31	5	16	0	5	6	21	16	0	3	0	0	0	0	3	18	9	0	0	0	0	0	0	0	0	3	2	5	1	2	3	2	3	0	9
1122.800	0	44	5	18	0	1	6	20	9	0	5	0	0	0	0	2	20	4	0	0	0	0	0	0	0	0	7	0	3	0	2	0	1	3	0	3
1123.000	0	39	4	14	0	3	5	14	11	0	4	0	0	0	0	2	23	1	0	0	0	0	0	0	0	0	2	5	7	0	1	2	1	3	0	6
1123.200	0	44	3	14	0	4	8	24	11	0	2	0	0	0	0	10	22	2	0	0	0	0	0	0	0	0	2	0	5	0	2	2	4	5	0	10
1123.400	0	26	1	14	0	5	7	15	9	0	4	0	0	0	0	2	14	0	0	0	0	0	0	0	0	0	3	0	5	0	2	4	6	2	0	9
1123.600	0	39	3	25	0	3	4	21	7	0	5	0	0	0	1	6	21	2	0	0	0	0	0	0	0	0	2	0	3	0	3	7	6	4	0	9
1123.800	0	35	0	18	0	3	6	21	8	0	3	0	0	0	0	3	20	3	0	0	0	0	0	0	0	0	0	0	5	0	2	4	4	4	0	7
1124.000	0	33	3	20	0	2	4	16	7	0	4	0	0	0	0	0	15	3	0	0	0	0	0	0	0	0	1	0	6	0	1	2	3	2	0	5
1124.200	0	39	2	19	0	2	6	11	8	0	5	0	0	0	0	0	17	5	0	0	0	0	0	0	0	0	5	2	2	0	1	5	3	7	1	7
1124.400	0	33	4	22	0	3	6	18	3	0	5	0	0	0	0	0	17	6	0	0	0	0	0	0	0	0	1	3	4	0	2	3	1	4	0	6
1124.600	0	30	8	19	0	3	10	23	12	0	2	0	0	0	0	2	23	4	0	0	0	0	0	0	0	0	3	3	6	2	1	5	4	5	0	10
1124.800	0	33	8	20	0	4	6	25	6	0	4	0	0	3	0	0	23	5	0	0	0	0	0	0	0	0	4	4	5	0	2	5	4	4	0	9
1125.000	0	20	2	23	0	5	8	16	7	0	3	0	0	6	0	1	24	4	0	0	0	0	0	0	0	0	3	3	6	0	1	3	1	5	0	6
1125.200	0	33	6	20	0	3	6	19	11	0	3	0	0	5	0	1	25	4	0	0	0	0	0	0	0	0	2	1	5	0	1	5	1	2	0	10
1125.400	0	43	6	23	0	5	6	22	10	0	6	1	0	4	0	1	25	6	0	0	0	0	0	0	0	0	5	4	6	0	1	6	4	3	0	7
1125.600	0	34	4	21	0	4	8	20	10	0	4	0	0	1	0	1	19	4	0	0	0	0	0	0	0	0	2	2	3	0	2	3	3	5	0	11
1125.800	0	42	4	17	0	2	6	20	9	0	3	0	0	6	2	2	18	5	0	0	0	0	0	0	0	0	5	0	5	0	2	2	3	5	0	8
1126.000	0	40	5	20	0	4	7	20	8	0	5	0	0	4	1	1	26	3	0	0	0	0	0	0	0	0	4	2	4	2	2	3	7	5	0	9
1126.200	0	29	6	19	0	2	4	20	8	0	4	0	0	3	0	1	23	3	0	0	0	0	0	0	0	0	0	0	4	4	2	3	4	4	0	9
1126.400	0	23	5	16	0	4	6	27	8	0	4	0	0	3	0	0	21	1	0	0	0	0	0	0	0	0	4	0	3	5	2	2	3	2	0	13
1126.600	0	29	7	15	0	5	5	28	9	0	5	0	0	3	0	5	19	3	0	0	0	0	0	0	0	1	1	0	3	4	1	2	5	2	0	11
1126.800	0	31	0	15	0	4	4	23	10	0	4	0	0	9	0	2	21	8	0	0	0	0	0	0	0	0	1	0	0	2	2	2	2	4	0	10
1127.000	0	46	6	20	0	4	6	36	12	0	5	0	0	4	4	2	20	2	0	0	0	0	0	0	0	0	2	0	2	3	2	4	8	4	0	11
1127.200	0	31	3	11	0	5	4	25	9	0	4	0	0	8	1	3	23	5	0	0	0	0	0	0	0	1	0	0	4	2	1	2	4	2	0	7
1127.400	0	27	5	15	0	4	6	24	9	0	5	0	0	2	0	3	21	2	0	0	0	0	0	0	0	0	0	0	1	3	2	4	2	3	0	9
1127.600	0	42	5	13	0	4	6	21	7	0	4	0	0	11	0	5	16	6	0	0	0	0	0	0	0	1	6	0	1	1	1	6	5	2	0	6
1127.800	0	22	4	13	0	2	9	21	10	0	5	0	0	11	1	4	21	6	0	0	0	0	0	0	0	0	4	0	3	2	2	6	6	5	0	12
1128.000	0	37	4	13	0	2	3	18	12	0	6	1	0	10	0	1	23	2	0	0	0	0	0	0	0	0	2	0	0	3	2	4	5	2	0	10
1128.200	0	13	3	15	0	2	6	27	15	0	4	1	0	11	7	4	21	10	0	0	0	0	0	0	0	0	2	0	2	4	2	4	3	5	0	10
1128.400	0	37	0	14	0	3	3	19	11	0	3	0	0	9	7	6	15	8	0	0	0	0	0	0	0	0	0	0	2	5	1	9	6	4	0	7
1128.600	0	35	3	19	0	3	4	29	10	0	4	0	0	6	0	0	18	8	0	0	0	0	0	0	0	0	0	0	3	5	2	2	3	5	0	7
1128.800	0	20	5	25	0	6	8	24	2	0	3	0	0	6	0	0	29	12	0	0	0	0	0	0	0	0	0	0	4	2	2	3	4	5	0	7
1129.000	0	26	1	21	0	2	4	21	7	0	5	0	0	4	1	0	18	10	0	0	0	0	0	0	0	0	1	0	1	1	2	2	6	4	0	7
1129.200	0	40	0	19	0	4	5	23	12	0	5	0	0	9	3	1	25	6	0	0	0	0	0	0	0	0	1	0	3	7	1	2	3	5	0	7
1129.400	0	35	4	14	0	2	5	24	7	0	4	0	0	12	1	1	27	10	0	0	0	0	0	0	0	0	0	0	3	2	1	4	5	2	0	7
1129.600	0	25	1	14	0	4	5	26	9	0	5	0	0	1	0	0	24	10	0	0	0	0	0	0	0	0	1	0	3	1	1	5	6	5	0	13
1129.800	0	35	3	12	0	4	8	18	13	0	3	0	0	6	0	3	21	7	0	0	0	0	0	0	0	0	1	0	2	2	3	3	7	5	0	7
1130.000	0	21	2	12	0	5	7	18	6	0	3	0	0	5	1	2	16	9	0	0	0	0	0	0	0	0	0	0	0	9	2	5	3	3	0	7
1130.200	0	30	2	16	0	3	8	27	5	0	3	0	0	10	1	2	21	10	0	0	0	0	0	0	0	0	3	0	2	3	2	5	3	3	0	6
1130.400	0	25	4	18	0	4	6	23	5	0	5	0	0	13	1	2	21	6	0	0	0	0	0	0	0	0	2	0	3	1	1	5	3	3	0	5
1130.600	0	32	0	15	0	3	3	22	8	0	4	0	0	10	3	3	22	5	0	0	0	0	0	0	0	0	0	0	2	6	1	5	5	3	0	7
1130.800	0	30	0	16	0	3	5	22	7	0	4	0	0	12	0	0	19	2	0	0	0	0	0	0	0	0	0	0	2	6	2	3	4	3	0	6
1131.000	0	28	0	15	0	4	8	21	7	0	4	0	0	9	0	2	24	6	0	0	0	0	0	0	0	0	5	1	6	2	2	5	4	6	0	7
1131.200	0	40	6	14	0	4	5	26	10	0	4	0	0	9	1	2	25	6	0	0	0	0	0	0	0	0	3	0	4	2	2	0	4	5	0	7
1131.400	0	40	5	16	0	4	5	19	9	0	5	0	0	11	0	0	18	7	0	0	0	0	0	0	0	0	2	0	0	0	2	2	2	5	0	7
1131.600	0	23	0	18	0	3	4	19	9	0	5	0	0	5	0	1	19	4	0	0	0	0	0	0	0	0	1	0	1	3	2	1	5	5	1	6
1131.800	0	27	0	19	0	3	4	22	9	0	4	0	0	10	2	3	27	3	0	0	0	0	0	0	0	0	2	0	1	9	2	6	4	5	0	4
1132.000	0	23	1	13	0	3	9	18	12	0	5	0	0	6	1	7	23	6	0	0	0	0	0	0	0	0	0	0	3	7	2	6	2	5	0	6
1132.200	0	42	3	17	0	3	9	17	9	0	5	0	0	4	5	8	17	5	0	0	0	0	0	0	0	0	0	0	2	9	2	4	8	5	0	8
1132.400	0	20	0	11	0	3	4	22	9	0	5	0	0	10	6	11	21	8	0	0	0	0	0	0	0	0	0	0	2	4	1	4	5	2	0	6
1132.600	0	26	0	12	0	2	3	19	10	0	4	0	0	6	6	10	27	2	0	0	0	0	0	0	0	0	0	0	1	6	1	5	4	2	0	3
1132.800	0	36	2	13	0	3	5	16	11	0	4	0	0	6	6	8	28	8	0	0	0	0	0	0	0	0	0	0	2	9	2	0	4	3	0	5
1133.000	0	40	2	15	0	5	6	9	7	0	5	0	0	7	4	10	29	3	0	0	0	0	0	0	0	0	2	0	1	9	1	2	3	5	0	7
1133.200	0	37	3	15	0	2	5	11	9	0	5	0	0	8	5	4	30	8	0	0	0	0	0	0	0	0	1	0	3	5	2	5	5	4	0	13
1133.400	1	28	2	15	0	3	6	17	12	0	3	0	0	6	5	8	22	3	0	0	0	0	0	0	0	0	4	0	3	1	1	4	2	5	0	7
1133.600	0	19	3	14	0	2	6	23	8	0	5	0	0	4	0	2	22	6	0	0	0	0	0	0	0	0	2	0	2	8	1	0	3	7	0	7
1133.800	1	37	4	13	0	4	10	23	7	0	5	0	0	7	4	4	36	7	0	0	0	0	0	0	0	0	2	0	1	7	0	3	2	4	0	8
1134.000	0	35	0	12	0	3	6	16	7	0	4	0	0	5	4	3	26	2	0	0	0	0	0	0	0	0	1	0	0	7	1	1	4	5	0	7
1134.200	0	22	2	14	0	3	5	18	10	0	2	0	0	6	0	0	24	4	0	0	0	0	0	0	0	0	2	0	2	4	2	0	3	4	0	4
1134.400	0	32	0	11	0	4	5	15	7	0	5	0	0	4	4	8	27	1	0	0	0	0	0	0	0	0	3	0	2	5	1	1	2	5	0	4
1134.600	0	38	2	11	0	4	4	16	8	0	4	0	0	8	0	0	21	1	0	0	0	0	0	0	0	0	3	0	1	5	3	3	2	4	0	5
1134.800	0	31	1	13	0	3	5	20	10	0	5	0	0	5	0	1	25	1	0	0	0	0	0	0	0	0	1	0	0	5	1	0	2	3	0	6
1135.000	0	45	6	13	0	4	8	20	10	0	4	0	0	4	1	3	19	0	0	0	0	0	0	0	0	0	0	0	0	0	1	3	4	3	0	7
1135.200	0	36	4	8	0	5	3	15	6	0	5	0	0	3	1	2	26	1	0	0	0	0	0	0	0	0	2	2	0	5	2	2	4	2	0	7
1135.400	0	38	5	16	0	3	5	20	8	0	5	0	0	4	5	2	30	1	0	0	0	0	0	0	0	0	2	0	0	2	2	3	3	3	0	6
1135.600	0	35	6	14	0	8	8	19	9	0	5	0	0	6	1	1	19	4	0	0	0	0	0	0	0	0	2	0	0	4	2	5	3	2	0	7
1135.800	0	36	0	14	0	2	5	16	7	0	5	0	0	4	0	2	27	3	0	0	0	0	0	0	0	0	2	0	0	5	1	5	4	2	0	6
1136.000	0	37	7	11	0	4	7	17	7	0	5	0	0	7	1	0	22	2	0	0	0	0	0	0	0	0	1	0	1	5	1	3	3	1	0	6
1136.200	0	42	1	16	0	4	3	20	7	0	6	0	0	9	1	1	21	2	0	0	0	0	0	0	0	0	3	0	1	3	1	3	4	1	0	8
1136.400	0	33	2	14	0	4	6	14	8	0	4	0	0	5	0	0	22	1	0	0	0	0	0	0	0	0	2	0	0	7	3	3	6	3	0	6
1136.600	0	30	5	19	0	4	1	24	8	0	5	0	0	10	0	0	17	1	0	0	0	0	0	0	0	0	2	0	0	1	2	1	4	1	0	8
1136.800	0	24	0	12	0	1	3	22	10	1	5	0	0	10	3	2	32	2	0	0	0	0	0	0	0	0	2	0	1	4	1	6	6	2	0	8
1137.000	0	29	7	19	0	1	1	16	4	0	5	0	0	7	1	2	19	1	0	0	0	0	0	0	0	0	1	0	2	1	2	5	5	4	0	10
1137.200	0	38	8	20	0	2	0	15	6	0	5	0	0	5	0	0	19	2	0	0	0	0	0	0	0	0	1	0	1	0	1	9	8	5	0	6
1137.400	0	36	7	14	0	3	0	20	6	0	4	0	0	7	0	1	21	3	0	0	0	0	0	0	0	0	1	0	1	1	2	3	6	4	0	7
1137.600	0	45	8	17	0	3	7	15	9	0	5	0	0	7	3	3	28	2	0	0	0	0	0	0	0	0	0	0	0	0	3	1	4	5	0	7
1137.800	0	36	6	20	0	1	7	20	12	0	5	0	0	5	0	1	24	6	0	0	0	0	0	0	0	0	1	0	0	3	1	3	5	5	0	7
1138.000	0	38	6	24	0	5	5	11	10	0	5	0	0	11	1	2	24	7	0	0	0	0	0	0	0	0	1	0	1	5	1	3	7	5	0	7
1138.200	0	28	0	15	0	0	6	16	11	0	4	0	0	6	1	1	27	7	0	0	0	0	0	0	0	0	1	0	0	6	2	5	2	3	0	7
1138.400	0	41	7	19	0	1	7	17	10	0	5	0	0	3	0	0	27	7	0	0	0	0	0	0	0	0	1	0	1	6	1	5	5	4	0	6
1138.600	0	46	7	14	0	0	3	17	11	0	5	0	0	10	2	0	25	2	0	0	0	0	0	0	0	0	1	0	0	2	1	3	1	3	0	7
1138.800	0	34	8	14	0	2	4	13	7	0	5	0	0	5	0	0	22	3	0	0	0	0	0	0	0	0	2	2	2	1	1	5	4	3	0	6
1139.000	0	43	7	16	0	2	2	17	6	0	5	0	0	4	0	0	24	1	0	0	0	0	0	0	0	0	2	0	3	3	1	4	7	2	0	8
1139.200	0	42	6	22	0	4	4	19	6	0	5	0	0	5	0	1	21	8	0	0	0	0	0	0	0	0	3	0	2	1	2	6	4	3	0	7
1139.400	0	36	8	17	0	4	3	15	4	0	5	0	0	5	0	1	23	2	0	0	0	0	0	0	0	0	1	0	0	2	1	2	3	2	0	7
1139.600	0	32	1	17	0	5	3	23	10	0	4	0	0	8	0	0	21	4	0	0	0	0	0	0	0	0	1	0	0	3	1	5	5	4	0	7
1139.800	0	29	2	17	0	2	3	18	11	0	4	0	0	8	0	0	20	2	0	0	0	0	0	0	0	0	1	0	2	6	2	3	3	5	0	8
1140.000	0	28	8	19	0	3	3	19	5	0	5	0	0	9	0	1	25	0	0	0	0	0	0	0	0	0	6	0	3	1	1	3	4	4	0	7
1140.200	0	44	6	21	0	1	4	15	6	0	4	0	0	8	3	2	29	5	0	0	0	0	0	0	0	0	5	0	5	4	2	3	4	3	0	7
1140.400	0	36	5	14	0	3	6	20	7	0	4	0	0	11	0	1	26	1	0	0	0	0	0	0	0	0	2	0	0	5	1	4	2	3	0	7
1140.600	0	36	6	20	0	3	2	22	10	0	5	0	0	7	0	1	20	1	0	0	0	0	0	0	0	0	5	0	0	1	0	5	4	4	0	7
1140.800	0	40	7	17	0	3	2	21	10	0	5	0	0	6	1	0	17	2	0	0	0	0	0	0	0	0	4	0	2	1	2	3	6	3	0	7
1141.000	0	56	6	21	0	3	4	18	3	0	5	0	0	4	0	3	21	4	0	0	0	0	0	0	0	0	3	0	1	2	2	3	4	3	0	6
1141.200	0	40	3	19	0	2	5	20	7	0	5	0	0	11	0	0	18	2	0	0	0	0	0	0	0	0	7	1	4	1	1	3	5	5	0	7
1141.400	0	33	7	19	0	1	7	23	5	0	5	0	0	3	0	0	23	6	0	0	0	0	0	0	0	0	2	0	1	4	1	4	5	4	0	7
1141.600	0	45	8	20	0	4	7	22	4	0	5	0	0	4	1	0	22	4	0	0	0	0	0	0	0	0	4	0	2	1	2	4	5	3	0	7
1141.800	0	36	6	19	0	4	4	14	5	0	6	0	0	5	0	0	17	3	0	0	0	0	0	0	0	0	2	0	0	1	0	2	5	5	0	7
1142.000	3	41	0	18	1	2	4	19	8	0	6	0	0	3	0	3	21	1	0	0	0	0	0	0	0	0	3	0	0	4	2	2	4	3	0	7
1142.200	0	40	0	18	0	4	4	16	6	0	5	1	0	3	2	0	23	5	0	0	0	0	0	0	0	0	3	0	4	4	2	4	5	5	0	7
1142.400	0	12	0	11	0	1	6	23	6	0	6	1	0	5	4	4	18	6	0	0	0	0	0	0	0	0	1	0	1	0	1	3	4	3	0	6
1142.600	1	46	3	14	0	4	8	14	8	0	5	1	0	4	5	1	22	5	0	0	0	0	0	0	0	0	4	0	0	3	1	5	5	2	0	6
1142.800	0	36	5	21	0	5	10	18	6	0	6	1	0	5	5	7	19	1	0	0	0	0	0	0	0	0	2	0	0	2	2	3	3	3	0	5
1143.000	2	39	3	19	0	5	9	20	9	0	4	0	0	6	0	5	23	1	0	0	0	0	0	0	0	0	6	0	2	1	2	2	2	5	0	6
1143.200	0	32	1	15	0	4	8	18	13	0	7	4	0	3	0	7	20	8	0	0	0	0	0	0	0	0	4	0	1	3	1	2	4	3	0	7
1143.400	0	42	6	19	0	3	4	20	12	0	5	0	0	5	1	3	22	6	0	0	0	0	0	0	0	0	3	0	1	6	1	3	3	5	0	7
1143.600	0	32	5	16	0	2	4	11	13	0	5	0	0	8	0	3	22	1	0	0	0	0	0	0	0	0	2	0	2	3	1	4	5	3	0	6
1143.800	0	22	0	18	1	7	6	21	9	0	3	0	0	8	0	2	28	2	0	0	0	0	0	0	0	0	5	0	0	2	1	2	4	3	0	6
1144.000	0	31	7	17	0	4	9	25	8	0	5	0	0	6	1	4	18	2	0	0	0	0	0	0	0	0	5	0	2	4	2	6	4	3	0	8
1144.200	0	38	7	19	0	4	4	24	12	0	5	0	0	7	1	4	20	2	0	0	0	0	0	0	0	0	2	0	0	1	1	7	2	1	0	7
1144.400	0	26	4	22	0	4	3	26	8	0	4	0	0	8	2	2	26	4	0	0	0	0	0	0	0	0	5	0	3	4	2	5	4	4	0	9
1144.600	0	31	6	15	0	4	2	13	11	0	5	1	0	6	2	9	18	2	0	0	0	0	0	0	0	0	4	0	2	3	2	4	5	2	0	8
1144.800	0	39	7	19	0	4	5	31	8	0	4	0	0	9	0	1	25	7	0	0	0	0	0	0	0	0	4	0	3	4	2	4	8	5	0	12
1145.000	0	40	3	15	0	7	5	23	6	0	5	0	0	7	1	2	28	7	0	0	0	0	0	0	0	0	6	0	2	1	1	7	4	5	0	6
1145.200	0	28	3	16	0	6	4	23	10	0	6	0	0	2	1	0	26	8	0	0	0	0	0	0	0	0	5	2	2	1	1	6	5	3	0	7
1145.400	0	29	0	21	0	4	3	22	9	0	5	0	0	3	1	4	21	6	0	0	0	0	0	0	0	0	6	0	3	1	2	5	4	2	0	7
1145.600	0	35	2	13	0	6	3	19	11	0	6	0	0	3	0	0	30	6	0	0	0	0	0	0	0	0	5	0	3	1	2	5	4	4	0	6
1145.800	0	40	7	17	1	4	4	21	9	0	6	0	0	7	1	6	25	5	0	0	0	0	0	0	0	0	5	0	2	3	2	6	4	1	0	6
1146.000	0	26	3	20	0	4	7	23	6	0	6	0	0	10	3	7	36	7	0	0	0	0	0	0	0	0	3	0	2	5	2	7	4	2	0	11
1146.200	0	33	7	20	0	2	1	16	9	0	6	1	0	11	0	4	26	9	0	0	0	0	0	0	0	0	3	0	1	4	2	4	4	3	0	7
1146.400	0	37	6	19	0	5	6	22	10	0	5	0	0	2	4	0	24	5	0	0	0	0	0	0	0	0	5	0	0	1	1	3	7	4	0	7
1146.600	0	36	5	18	0	3	4	24	10	0	5	1	0	5	0	1	23	4	0	0	0	0	0	0	0	0	3	0	0	1	1	3	5	2	0	6
1146.800	0	24	0	16	0	2	4	21	10	0	6	0	0	8	1	1	19	8	0	0	0	0	0	0	0	0	4	0	1	4	2	3	6	3	0	7
1147.000	0	41	0	17	0	4	4	22	14	0	4	0	0	4	5	7	23	6	0	0	0	0	0	0	0	1	1	0	1	2	2	4	7	5	0	7
1147.200	0	30	2	16	0	4	4	26	7	0	4	0	0	1	4	0	21	5	0	0	0	0	0	0	0	0	4	0	3	1	1	5	6	5	0	7
1147.400	0	37	7	22	0	5	6	13	14	0	5	0	0	10	5	8	29	9	0	0	0	0	0	0	0	1	0	0	2	4	2	3	3	4	0	5
1147.600	0	46	6	17	0	2	4	21	7	0	2	0	0	9	6	11	28	9	0	0	0	0	0	0	0	0	1	0	4	2	1	5	8	5	0	6
1147.800	0	22	3	17	0	4	5	25	6	0	4	0	0	11	5	2	21	6	0	0	0	0	0	0	0	0	5	0	1	2	1	3	8	3	0	7
1148.000	0	36	6	18	1	2	4	23	10	0	4	0	0	10	8	6	27	3	0	0	0	0	0	0	0	0	2	0	1	2	1	5	2	2	0	7
1148.200	0	45	0	14	0	4	6	16	6	0	3	0	0	5	5	7	32	6	0	0	0	0	0	0	0	0	2	0	2	3	2	6	4	4	0	6
1148.400	0	36	4	20	0	4	7	19	5	0	4	0	0	8	4	0	26	7	0	0	0	0	0	0	0	0	2	0	0	6	2	5	5	4	0	7
1148.600	0	37	2	18	0	2	4	20	9	0	5	0	0	10	5	3	29	9	0	0	0	0	0	0	0	0	6	0	1	1	1	0	4	7	0	7
1148.800	0	31	7	20	0	3	5	19	12	0	2	0	0	11	5	4	28	6	0	0	0	0	0	0	0	0	6	0	1	3	1	0	4	4	0	7
1149.000	0	35	6	16	0	5	6	28	10	0	6	0	0	4	3	3	23	8	0	0	0	0	0	0	0	0	5	0	0	2	2	5	3	4	0	7
1149.200	0	32	7	19	0	2	5	26	7	0	5	0	0	9	0	0	28	3	0	0	0	0	0	0	0	0	5	0	1	1	1	7	4	4	0	6
1149.400	0	45	6	16	0	5	4	20	10	0	6	0	0	9	4	4	27	4	0	0	0	0	0	0	0	0	4	0	0	4	1	2	5	4	0	7
1149.600	0	27	4	21	0	4	5	24	10	0	5	0	0	8	2	2	22	7	0	0	0	0	0	0	0	0	4	0	0	0	1	5	4	3	0	7
1149.800	0	23	2	12	0	2	3	27	12	0	5	0	0	4	3	3	29	6	0	0	0	0	0	0	0	0	5	0	2	4	2	5	6	3	0	6
1150.000	0	34	6	18	0	2	7	20	5	0	5	0	0	10	5	4	23	7	0	0	0	0	0	0	0	0	3	0	0	4	2	4	6	3	0	8
1150.200	0	23	3	16	0	4	3	17	14	0	4	0	0	7	6	6	14	2	0	0	0	0	0	0	0	0	2	0	0	5	1	2	10	5	0	8
1150.400	0	42	2	19	0	4	6	17	6	0	5	0	0	6	6	9	16	6	0	0	0	0	0	0	0	0	6	0	3	4	2	5	10	4	0	7
1150.600	0	31	2	19	0	3	5	23	9	0	5	0	0	6	5	2	13	10	0	0	0	0	0	0	0	0	5	0	3	3	1	4	8	5	0	7
1150.800	0	49	5	18	0	4	5	19	11	0	5	0	0	8	5	4	14	12	0	0	0	0	0	0	0	0	6	0	2	2	1	2	5	6	0	5
1151.000	0	31	6	16	0	3	4	14	10	0	4	0	0	5	4	4	18	6	0	0	0	0	0	0	0	0	2	0	1	0	1	4	5	5	0	8
1151.200	0	29	4	18	0	4	6	22	7	0	5	0	0	13	3	2	19	8	0	0	0	0	0	0	0	0	7	0	5	1	1	3	4	2	0	5
1151.400	0	28	3	17	0	2	4	16	9	0	4	0	0	11	5	7	12	11	0	0	0	0	0	0	0	0	6	0	0	2	2	6	2	2	0	7
1151.600	0	38	7	18	0	4	8	14	11	0	5	0	0	10	2	1	16	5	0	0	0	0	0	0	0	0	6	0	0	3	1	1	7	3	0	7
1151.800	0	37	7	22	0	4	4	17	9	0	5	0	0	9	0	2	14	7	0	0	0	0	0	0	0	0	6	0	3	4	1	2	8	3	0	7
1152.000	0	28	5	22	0	5	3	21	7	0	4	0	0	11	4	5	23	3	0	0	0	0	0	0	0	0	4	0	2	3	2	8	7	2	0	7
1152.200	0	15	7	25	0	4	7	27	6	0	4	0	0	7	5	10	18	6	0	0	0	0	0	0	0	0	4	0	1	2	1	3	5	2	0	6
1152.400	0	23	7	19	0	4	6	20	4	0	4	0	0	9	5	5	20	0	0	0	0	0	0	0	0	0	1	0	2	4	4	3	7	3	0	11
1152.600	0	35	6	20	0	4	4	16	4	0	5	0	0	7	5	4	27	1	0	0	0	0	0	0	0	0	2	0	0	5	2	2	4	3	0	11
1152.800	1	26	6	20	0	4	3	19	9	0	4	0	0	10	5	9	25	3	0	0	0	0	0	0	0	0	1	0	2	1	2	1	4	2	0	12
1153.000	0	34	7	22	0	2	4	25	7	0	5	0	0	11	1	4	14	3	0	0	0	0	0	0	0	0	1	0	0	3	4	4	2	4	0	12
1153.200	0	32	8	17	0	3	5	18	9	0	3	0	0	10	5	6	20	2	0	0	0	0	0	0	0	0	1	0	1	4	2	3	3	5	0	12
1153.400	0	32	10	22	0	2	3	16	18	0	3	0	0	9	3	7	21	6	0	0	0	0	0	0	0	0	0	0	4	2	1	2	3	3	0	8
1153.600	0	48	8	18	0	4	4	15	13	0	4	1	0	3	3	5	14	7	0	0	0	0	0	0	0	0	1	0	2	7	2	4	4	2	0	8
1153.800	0	20	0	14	0	3	4	18	15	0	5	0	0	6	5	5	19	2	0	0	0	0	0	0	0	0	5	0	2	3	2	0	1	4	0	10
1154.000	0	26	7	23	0	4	4	16	15	0	4	0	0	7	2	1	21	2	0	0	0	0	0	0	0	0	0	0	1	6	2	5	4	5	0	8
1154.200	1	19	2	21	0	3	3	8	12	0	5	0	0	5	5	8	24	3	0	0	0	0	0	0	0	0	1	0	5	1	2	7	6	6	0	11
1154.400	0	27	5	14	0	3	5	10	15	0	5	0	0	6	2	5	27	7	0	0	0	0	0	0	0	0	6	0	0	0	1	3	4	2	0	9
1154.600	2	19	5	19	0	4	4	13	13	0	4	0	0	4	2	3	20	7	0	0	0	0	0	0	0	0	1	0	0	3	4	0	1	1	0	8
1154.800	0	17	2	18	0	4	4	21	15	0	4	0	0	6	2	3	23	4	0	0	0	0	0	0	0	0	4	0	4	3	2	2	4	3	0	8
1155.000	0	24	5	16	0	4	5	18	17	0	3	0	0	5	4	5	18	8	0	0	0	0	0	0	0	0	3	0	1	3	2	3	2	5	0	7
1155.200	0	31	6	20	0	3	5	16	15	0	3	0	0	9	4	0	20	12	0	0	0	0	0	0	0	0	4	0	2	1	2	2	2	3	0	6
1155.400	0	30	5	14	0	4	5	16	13	0	4	0	0	8	3	0	15	14	0	0	0	0	0	0	0	0	3	0	1	1	2	3	2	3	0	8
1155.600	0	34	6	13	0	5	3	9	5	0	3	0	0	10	4	3	19	9	0	0	0	0	0	0	0	0	2	0	4	1	2	2	5	3	0	7
1155.800	0	27	5	15	0	5	5	15	11	0	3	0	0	8	4	4	23	10	0	0	0	0	0	0	0	0	6	0	1	1	2	5	3	5	0	11
1156.000	0	35	6	10	0	3	7	25	6	0	3	0	0	10	4	3	20	9	0	0	0	0	0	0	0	0	4	0	4	1	2	2	4	4	0	11
1156.200	0	40	0	14	0	5	4	20	9	0	5	0	0	9	5	6	24	4	0	0	0	0	0	0	0	0	5	0	2	3	3	1	2	3	0	13
1156.400	0	36	7	17	0	2	7	24	6	0	4	0	0	6	0	1	27	10	0	0	0	0	0	0	0	0	1	0	1	5	2	5	1	3	0	8
1156.600	0	26	5	16	0	2	4	12	7	0	5	0	0	8	0	1	24	8	0	0	0	0	0	0	0	0	5	0	1	3	1	4	5	3	0	7
1156.800	0	31	6	19	0	3	7	14	10	0	3	0	0	1	5	8	19	9	0	0	0	0	0	0	0	0	5	0	2	3	2	3	3	4	0	12
1157.000	0	36	5	19	0	3	4	20	6	0	2	0	0	0	0	1	23	13	0	0	0	0	0	0	0	0	1	0	2	7	2	4	2	3	0	11
1157.200	0	24	6	22	0	2	7	27	1	0	3	0	0	4	0	0	25	4	0	0	0	0	0	0	0	0	1	0	2	3	3	4	4	2	0	7
1157.400	0	15	4	12	0	4	3	16	7	0	4	0	0	11	1	1	15	7	0	0	0	0	0	0	0	0	1	0	2	3	2	4	4	3	0	11
1157.600	0	28	4	16	0	4	3	21	9	0	3	0	0	10	0	2	17	7	0	0	0	0	0	0	0	0	3	0	1	5	2	2	4	4	0	7
1157.800	1	34	5	17	0	4	9	13	11	0	4	0	0	7	0	1	11	4	0	0	0	0	0	0	0	0	7	1	4	1	2	2	4	3	0	8
1158.000	0	37	7	10	0	5	4	23	10	0	4	0	0	8	0	0	17	3	0	0	0	0	0	0	0	0	3	0	2	1	2	2	2	5	1	10
1158.200	0	32	1	14	0	3	6	19	11	0	4	0	0	8	2	0	23	9	0	0	0	0	0	0	0	0	4	0	0	2	2	2	3	4	0	11
1158.400	1	32	2	13	0	5	7	21	7	0	4	0	0	8	2	0	24	8	0	0	0	0	0	0	0	0	2	0	3	4	2	1	4	4	0	10
1158.600	0	35	5	17	0	3	9	18	8	0	3	0	0	8	3	4	18	3	0	0	0	0	0	0	0	0	3	0	0	2	1	2	5	5	0	6
1158.800	0	25	5	18	0	4	3	17	10	0	3	0	0	10	4	0	17	4	0	0	0	0	0	0	0	0	3	0	2	5	0	1	4	5	0	6
1159.000	0	30	7	13	0	2	6	20	8	0	4	0	0	8	5	5	15	8	0	0	0	0	0	0	0	0	6	0	1	2	1	3	3	5	0	6
1159.200	0	15	3	13	1	3	11	15	9	0	4	0	0	8	4	3	23	8	0	0	0	0	0	0	0	0	3	0	1	1	2	1	1	3	0	7
1159.400	0	22	0	8	0	4	8	19	11	0	3	0	0	6	2	7	16	13	0	0	0	0	0	0	0	0	6	0	2	4	1	2	5	5	0	6
1159.600	0	31	5	14	1	4	5	20	6	0	2	0	0	4	4	5	18	12	0	0	0	0	0	0	0	1	2	0	0	0	1	4	1	3	0	7
1159.800	0	32	3	13	0	3	6	17	7	0	5	0	0	8	4	4	14	3	0	0	0	0	0	0	0	0	5	0	2	4	2	4	4	2	0	5
1160.000	0	24	5	8	0	4	7	16	7	0	5	0	0	8	4	6	16	5	0	0	0	0	0	0	0	1	4	0	3	0	1	8	4	4	0	7
1160.200	0	43	3	11	1	3	5	17	4	0	4	0	0	9	4	6	23	3	0	0	0	0	0	0	0	0	6	0	2	2	2	4	4	4	0	7
1160.400	0	31	4	13	0	2	4	17	7	0	3	0	0	4	5	8	21	0	0	0	0	0	0	0	0	0	6	0	1	5	1	7	4	1	0	7
1160.600	0	36	4	13	1	2	3	22	10	0	5	0	0	6	2	3	22	2	0	0	0	0	0	0	0	0	5	0	3	1	1	3	2	2	0	6
1160.800	0	20	0	12	0	4	4	18	8	0	3	0	0	1	5	4	21	0	0	0	0	0	0	0	0	0	3	0	2	4	1	3	4	3	0	4
1161.000	0	24	0	11	0	3	4	24	8	0	5	0	0	9	0	2	19	3	0	0	0	0	0	0	0	0	4	0	0	2	1	3	4	2	0	5
1161.200	0	42	5	11	0	3	5	19	8	0	4	0	0	4	0	2	19	0	0	0	0	0	0	0	0	0	2	0	4	1	0	3	4	3	0	5
1161.400	0	36	5	12	0	2	8	26	8	0	5	0	0	3	1	1	16	1	0	0	0	0	0	0	0	0	4	0	0	1	1	5	3	3	0	6
1161.600	0	32	2	12	0	3	4	23	6	0	4	0	0	1	2	4	20	6	0	0	0	0	0	0	0	0	2	0	2	2	1	5	4	2	0	5
1161.800	0	29	0	10	0	4	8	20	10	0	5	0	0	11	1	3	25	11	0	0	0	0	0	0	0	0	9	0	1	1	0	7	4	3	0	5
1162.000	0	24	2	11	0	3	4	14	9	0	4	0	0	5	4	0	23	3	0	0	0	0	0	0	0	0	3	0	0	5	1	4	4	2	0	5
1162.200	0	36	2	11	0	4	8	20	8	0	4	0	0	7	1	5	18	9	0	0	0	0	0	0	0	0	4	0	1	2	1	5	3	2	0	3
1162.400	0	41	3	16	0	4	9	20	12	0	6	0	0	6	1	1	21	8	0	0	0	0	0	0	0	0	5	0	1	3	1	2	1	1	0	6
1162.600	0	32	1	7	0	4	5	9	7	0	5	0	0	0	3	5	27	6	0	0	0	0	0	0	0	1	4	0	2	3	1	8	4	3	0	6
1162.800	0	30	1	12	0	4	8	21	8	0	3	0	0	5	1	0	14	10	0	0	0	0	0	0	0	0	5	0	4	2	1	8	3	3	0	6
1163.000	0	26	3	14	0	7	6	11	8	0	3	0	0	6	2	0	16	7	0	0	0	0	0	0	0	0	2	0	4	1	1	4	4	3	0	6
1163.200	0	30	1	15	0	4	7	18	8	0	2	0	0	5	1	1	27	8	0	0	0	0	0	0	0	1	1	0	3	2	1	5	4	4	0	6
1163.400	0	32	7	12	0	4	6	20	10	0	4	0	0	9	1	2	22	5	0	0	0	0	0	0	0	1	2	0	2	1	1	2	4	2	0	9
1163.600	0	32	3	12	0	4	9	12	13	0	5	0	0	11	2	4	16	6	0	0	0	0	0	0	0	0	1	0	4	7	1	8	5	3	0	6
1163.800	0	27	5	14	0	5	5	22	4	0	5	0	0	8	4	5	22	5	0	0	0	0	0	0	0	0	5	0	2	2	1	3	4	3	0	6
1164.000	0	44	5	15	0	1	3	15	10	0	5	0	0	6	5	7	23	4	0	0	0	0	0	0	0	0	3	0	0	1	1	2	4	3	0	5
1164.200	0	19	2	16	0	5	4	21	9	0	3	0	0	2	5	3	19	8	0	0	0	0	0	0	0	1	1	0	4	4	1	4	2	1	0	9
1164.400	0	25	4	15	0	5	6	17	16	0	3	0	0	8	5	11	18	0	0	0	0	0	0	0	0	0	3	0	2	3	2	5	1	3	0	9
1164.600	0	35	3	14	0	4	3	20	6	0	5	0	0	8	5	8	20	4	0	0	0	0	0	0	0	0	3	0	5	1	1	3	5	4	0	8
1164.800	0	27	3	12	0	2	3	21	9	0	4	0	0	6	4	4	15	1	0	0	0	0	0	0	0	0	5	0	3	4	1	6	3	4	0	6
1165.000	0	24	4	14	0	5	8	19	9	0	5	0	0	11	6	3	19	4	0	0	0	0	0	0	0	1	4	0	3	1	1	5	1	2	0	6
1165.200	0	17	4	13	0	3	3	17	11	0	5	1	0	10	6	6	17	1	0	0	0	0	0	0	0	0	5	1	3	2	1	5	3	4	0	6
1165.400	0	15	3	13	0	2	4	17	14	0	5	0	0	11	4	4	15	6	0	0	0	0	0	0	0	1	6	0	2	1	1	1	3	5	0	6
1165.600	0	32	1	12	0	5	4	21	10	0	4	0	0	7	6	4	18	6	0	0	0	0	0	0	0	0	6	1	1	5	0	5	4	2	0	5
1165.800	0	34	3	14	0	1	4	23	9	0	5	0	0	3	5	6	23	3	0	0	0	0	0	0	0	0	5	0	3	3	1	7	5	3	0	9
1166.000	0	38	6	11	0	3	5	20	7	0	5	0	0	6	4	4	12	9	0	0	0	0	0	0	0	1	3	0	4	4	1	3	2	2	0	6
1166.200	0	39	8	17	0	3	3	27	5	0	5	0	0	6	4	7	21	10	0	0	0	0	0	0	0	0	6	0	1	1	1	4	1	4	0	8
1166.400	0	27	7	18	0	1	3	16	7	0	5	0	0	4	4	3	28	8	0	0	0	0	0	0	0	0	5	0	2	1	1	2	4	3	0	8
1166.600	0	35	3	10	0	1	3	28	8	0	5	0	0	7	5	6	26	12	0	0	0	0	0	0	0	0	5	0	1	0	1	2	3	3	0	7
1166.800	0	47	7	14	0	2	2	27	8	0	4	0	0	7	4	3	18	10	0	0	0	0	0	0	0	2	6	0	4	2	1	6	8	3	0	7
1167.000	0	35	3	12	0	2	5	22	4	0	4	0	0	6	2	1	22	6	0	0	0	0	0	0	0	1	3	0	3	2	1	4	4	4	0	8
1167.200	0	29	3	12	0	2	4	10	10	0	4	0	0	8	4	3	16	11	0	0	0	0	0	0	0	1	3	0	4	1	1	4	5	5	0	9
1167.400	0	20	0	11	0	3	5	17	13	0	5	0	0	7	4	5	24	14	0	0	0	0	0	0	0	1	4	0	4	4	2	6	4	5	0	6
1167.600	0	25	0	12	0	4	8	17	8	1	5	0	0	10	5	9	22	9	0	0	0	0	0	0	0	0	1	0	3	5	0	5	4	2	0	7
1167.800	0	36	4	10	0	4	9	20	8	0	0	0	0	9	2	5	23	4	0	0	0	0	0	0	0	1	4	0	3	3	1	9	2	5	0	8
1168.000	0	34	3	13	0	3	1	12	4	0	0	0	0	10	2	4	21	3	0	0	0	0	0	0	0	0	7	0	0	1	1	1	4	4	0	6
1168.200	0	32	3	16	0	2	3	15	8	0	5	0	0	6	4	5	21	2	0	0	0	0	0	0	0	0	5	0	0	1	1	3	6	4	0	5
1168.400	0	41	3	13	0	5	4	29	6	0	4	0	0	7	6	8	17	1	0	0	0	0	0	0	0	0	5	0	2	1	1	3	4	6	0	9
1168.600	0	44	6	14	0	3	5	18	10	0	5	0	0	3	5	5	25	3	0	0	0	0	0	0	0	1	2	0	0	2	1	5	5	5	0	8
1168.800	0	29	0	14	0	2	1	16	7	0	5	0	0	9	4	3	25	1	0	0	0	0	0	0	0	0	3	0	2	1	0	8	5	5	0	6
1169.000	0	27	0	11	0	2	7	16	4	0	4	0	0	11	4	4	28	0	0	0	0	0	0	0	0	0	2	0	4	5	1	6	4	2	0	6
1169.200	0	30	3	12	0	4	4	14	9	0	1	0	0	11	7	3	25	1	0	0	0	0	0	0	0	1	5	1	4	1	0	4	4	3	0	7
1169.400	0	33	0	13	0	3	3	18	7	0	5	0	0	9	6	4	28	2	0	0	0	0	0	0	0	1	4	0	3	1	1	6	6	5	0	9
1169.600	0	35	3	11	0	4	3	23	8	0	5	1	0	8	5	7	21	1	0	0	0	0	0	0	0	0	2	0	2	2	0	5	2	2	0	6
1169.800	0	31	2	14	0	1	4	17	12	0	5	0	0	2	2	4	18	1	0	0	0	0	0	0	0	0	6	0	1	2	1	3	1	2	0	6
1170.000	0	27	4	9	0	2	9	19	6	0	4	0	0	8	4	3	14	1	0	0	0	0	0	0	0	0	4	0	1	3	1	3	1	3	0	6
1170.200	0	43	4	13	0	3	4	15	9	0	5	0	0	9	1	4	18	1	0	0	0	0	0	0	0	0	4	0	0	3	1	6	4	4	0	6
1170.400	0	33	3	14	0	3	9	17	8	0	5	0	0	8	0	4	20	1	0	0	0	0	0	0	0	0	0	0	3	2	2	0	8	5	0	6
1170.600	0	44	0	12	0	3	4	22	7	0	4	0	0	2	6	5	13	2	0	0	0	0	0	0	0	0	1	0	1	3	1	2	5	4	0	7
1170.800	0	27	3	16	0	3	5	11	5	0	5	0	0	13	1	1	22	1	0	0	0	0	0	0	0	0	0	0	1	7	1	6	6	5	0	7
1171.000	0	43	4	15	0	1	6	23	8	0	4	0	0	11	4	3	16	4	0	0	0	0	0	0	0	0	2	0	4	7	2	2	3	5	0	8
1171.200	0	31	0	13	0	2	8	20	9	0	5	1	0	10	5	4	16	8	0	0	0	0	0	0	0	0	0	0	1	7	2	1	5	5	0	7
1171.400	0	42	3	17	0	2	6	19	6	0	4	0	0	9	1	5	16	8	0	0	0	0	0	0	0	0	0	0	1	6	2	5	4	2	0	7
1171.600	0	40	7	16	0	3	5	11	10	0	6	1	0	2	0	3	15	8	0	0	0	0	0	0	0	0	4	0	3	9	2	6	5	4	0	8
1171.800	0	28	4	20	0	5	5	16	15	0	4	0	0	3	5	6	13	4	0	0	0	0	0	0	0	0	0	0	3	9	2	7	6	5	0	7
1172.000	0	22	2	13	0	1	2	15	9	0	5	0	0	7	5	8	10	6	0	0	0	0	0	0	0	0	0	0	1	7	2	5	3	4	0	7
1172.200	0	21	0	12	0	4	6	19	8	0	5	0	0	10	3	1	18	8	0	0	0	0	0	0	0	0	0	0	1	6	3	4	4	4	0	7
1172.400	0	27	2	15	0	2	4	16	10	0	4	0	0	12	1	4	15	4	0	0	0	0	0	0	0	0	3	0	2	4	2	4	2	2	0	7
1172.600	0	39	0	16	0	4	3	15	7	0	6	0	0	14	0	3	20	9	0	0	0	0	0	0	0	0	0	0	0	2	1	3	1	2	0	7
1172.800	0	39	3	14	0	1	3	19	11	0	5	0	0	12	1	4	24	8	0	0	0	0	0	0	0	0	0	0	2	7	1	3	1	3	0	6
1173.000	0	29	2	14	0	2	7	23	10	0	4	0	0	11	1	9	26	3	0	0	0	0	0	0	0	0	0	0	3	5	2	4	4	5	0	6
1173.200	0	43	6	20	0	5	4	12	13	0	4	1	0	5	0	4	17	5	0	0	0	0	0	0	0	0	0	0	5	1	1	5	6	5	0	9
1173.400	0	18	3	14	0	4	4	14	20	0	5	1	0	7	2	2	19	6	0	0	0	0	0	0	0	0	0	0	3	4	2	5	6	4	0	14
1173.600	0	28	1	14	0	3	5	15	9	0	5	0	0	7	3	7	23	4	0	0	0	0	0	0	0	0	0	0	1	6	1	4	1	4	0	5
1173.800	0	10	7	15	0	3	4	19	9	0	2	0	0	6	2	2	22	5	0	0	0	0	0	0	0	0	0	0	1	2	1	5	1	5	0	11
1174.000	0	29	10	20	1	3	6	16	13	0	3	0	0	8	0	0	15	5	0	0	0	0	0	0	0	0	0	0	0	8	2	2	6	5	0	12
1174.200	0	25	4	17	0	4	8	19	11	0	4	0	0	7	1	5	24	8	0	0	0	0	0	0	0	0	0	0	0	5	2	2	2	3	0	7
1174.400	0	40	4	17	0	5	7	15	7	0	4	0	0	9	0	2	14	7	0	0	0	0	0	0	0	0	0	0	2	7	1	5	5	3	0	10
1174.600	0	35	0	18	0	5	4	19	11	0	3	0	0	6	0	0	16	8	0	0	0	0	0	0	0	0	0	0	0	2	1	3	5	1	0	13
1174.800	0	39	4	15	0	3	3	21	8	0	4	0	0	1	0	5	21	6	0	0	0	0	0	0	0	0	0	0	3	10	1	8	4	3	0	13
1175.000	0	37	1	16	0	4	6	15	8	0	5	0	0	4	0	0	18	8	0	0	0	0	0	0	0	0	0	0	0	4	2	6	4	3	0	11
1175.200	0	27	6	18	0	4	7	19	8	0	5	0	0	4	0	0	11	8	0	0	0	0	0	0	0	0	0	0	0	2	1	3	3	2	0	11
1175.400	0	27	4	18	0	5	3	16	10	0	5	0	0	6	0	0	16	3	0	0	0	0	0	0	0	0	0	0	2	4	2	3	8	1	0	12
1175.600	0	38	3	16	0	3	8	16	13	0	3	0	0	6	0	3	15	1	0	0	0	0	0	0	0	0	0	0	2	7	1	2	3	2	0	7
1175.800	0	23	2	13	0	5	4	15	14	0	3	0	0	8	1	4	19	2	0	0	0	0	0	0	0	0	0	0	0	3	3	4	2	2	0	10
1176.000	0	17	1	17	0	3	5	18	15	0	4	0	0	10	1	0	25	4	0	0	0	0	0	0	0	0	0	0	0	2	2	3	2	3	0	4
1176.200	0	36	3	19	0	5	3	20	15	0	4	1	0	6	0	2	18	2	0	0	0	0	0	0	0	0	0	0	1	1	1	5	4	3	0	12
1176.400	0	30	0	13	0	5	5	16	7	0	3	0	0	6	1	3	18	2	0	0	0	0	0	0	0	0	0	0	2	2	1	4	1	2	0	9
1176.600	0	42	3	16	0	4	3	15	11	0	1	0	0	11	2	3	27	3	0	0	0	0	0	0	0	0	0	0	2	2	1	1	4	4	0	10
1176.800	0	20	0	14	0	3	4	17	8	0	4	0	0	12	1	1	25	2	0	0	0	0	0	0	0	0	0	0	1	7	4	2	2	2	0	8
1177.000	0	22	3	15	1	3	4	6	6	0	4	0	0	8	0	2	12	2	0	0	0	0	0	0	0	0	0	0	2	1	1	1	3	2	0	6
1177.200	0	35	4	18	1	5	6	20	9	0	5	0	0	10	0	4	14	4	0	0	0	0	0	0	0	0	0	0	1	4	1	7	3	4	0	7
1177.400	0	31	1	16	1	1	3	10	16	0	5	0	0	5	1	2	16	6	0	0	0	0	0	0	0	0	0	0	0	9	1	4	3	2	0	6
1177.600	0	37	4	14	0	2	3	16	12	0	4	0	0	5	4	3	19	6	0	0	0	0	0	0	0	0	0	0	2	8	1	3	3	2	0	7
1177.800	0	24	0	16	0	3	7	20	11	0	3	0	0	9	1	1	19	3	0	0	0	0	0	0	0	0	0	0	1	4	1	6	4	5	0	6
1178.000	0	17	2	20	0	1	4	17	12	0	4	0	0	11	0	3	20	3	0	0	0	0	0	0	0	0	0	0	2	6	2	3	2	3	0	6
1178.200	0	36	6	13	0	3	4	19	11	0	3	0	0	4	2	3	24	3	0	0	0	0	0	0	0	0	0	0	1	3	1	4	8	3	0	6
1178.400	0	39	2	15	0	3	6	13	13	0	4	0	0	10	0	2	18	1	0	0	0	0	0	0	0	0	0	0	1	6	2	0	4	3	0	7
1178.600	0	42	2	14	0	3	7	11	9	0	3	0	0	9	0	0	18	5	0	0	0	0	0	0	0	0	0	0	1	5	1	3	2	2	0	12
1178.800	0	37	2	11	0	3	6	12	10	0	5	0	0	9	0	1	22	4	0	0	0	0	0	0	0	0	0	0	2	6	1	2	4	4	0	9
1179.000	0	30	0	13	1	1	6	11	11	1	5	0	0	7	0	0	17	6	0	0	0	0	0	0	0	0	0	0	0	5	2	4	3	4	0	10
1179.200	0	33	7	16	0	4	6	16	12	0	4	0	0	4	0	0	24	5	0	0	0	0	0	0	0	0	0	0	3	9	2	5	4	2	0	9
1179.400	0	30	6	16	0	2	4	14	11	1	5	0	0	8	0	1	16	1	0	0	0	0	0	0	0	0	0	0	2	6	2	4	4	3	0	7
1179.600	0	27	2	14	0	5	8	13	12	0	5	0	0	7	0	0	28	4	0	0	0	0	0	0	0	0	0	0	2	11	1	2	4	3	0	10
1179.800	0	29	5	16	0	4	2	14	10	0	4	0	0	13	2	0	21	7	0	0	0	0	0	0	0	0	0	0	4	7	1	1	3	3	0	9
1180.000	0	32	6	14	0	4	4	19	12	0	5	0	0	9	1	2	30	1	0	0	0	0	0	0	0	0	0	0	0	0	1	2	3	5	0	8
1180.200	0	29	7	19	0	4	6	21	11	0	4	0	0	5	1	2	19	6	0	0	0	0	0	0	0	0	0	1	5	6	3	2	1	5	0	10
1180.400	0	29	5	12	0	4	3	7	9	0	3	0	0	8	2	0	18	5	0	0	0	0	0	0	0	0	0	0	3	4	1	0	4	5	0	9
1180.600	0	28	3	15	0	5	5	13	19	0	4	0	0	8	2	2	26	2	0	0	0	0	0	0	0	0	0	0	2	3	2	1	7	5	0	11
1180.800	0	43	6	13	1	2	4	11	9	0	5	0	0	2	2	3	18	7	0	0	0	0	0	0	0	0	0	0	1	0	2	2	3	5	0	9
1181.000	0	27	4	13	0	4	7	8	13	0	4	0	0	5	2	0	20	5	0	0	0	0	0	0	0	0	0	0	1	3	1	0	3	2	0	6
1181.200	0	40	4	15	0	2	6	15	14	0	4	0	0	1	0	0	20	6	0	0	0	0	0	0	0	0	0	0	3	7	2	2	4	5	0	6
1181.400	0	29	6	21	0	3	5	12	9	1	5	0	0	9	0	2	29	5	0	0	0	0	0	0	0	0	0	0	1	2	3	3	4	3	0	6
1181.600	0	31	0	16	0	2	6	20	10	0	4	0	0	7	1	2	23	4	0	0	0	0	0	0	0	0	0	0	1	1	2	3	3	3	0	7
1181.800	0	25	0	16	0	5	5	22	14	0	4	0	0	13	4	3	27	5	0	0	0	0	0	0	0	0	0	0	2	5	2	0	3	4	0	7
1182.000	0	21	0	14	0	6	5	17	7	1	5	0	0	2	0	0	13	5	0	0	0	0	0	0	0	0	1	0	0	7	2	0	1	2	0	8
1182.200	0	31	0	17	0	4	6	15	7	0	4	0	0	9	0	0	20	2	0	0	0	0	0	0	0	0	1	0	1	4	3	6	2	2	0	11
1182.400	0	34	4	13	0	4	3	17	8	0	4	0	0	2	0	0	19	2	0	0	0	0	0	0	0	0	1	0	0	4	3	3	6	2	0	10
1182.600	0	37	6	14	0	4	4	18	8	1	4	0	0	1	1	0	16	3	0	0	0	0	0	0	0	0	0	0	0	3	5	4	1	2	0	12
1182.800	0	23	2	15	0	0	3	20	11	1	5	0	0	5	0	0	26	1	0	0	0	0	0	0	0	0	0	0	0	3	2	2	5	3	0	13
1183.000	0	31	1	11	0	3	4	22	9	0	4	0	0	3	1	3	21	4	0	0	0	0	0	0	0	0	0	0	1	5	2	1	5	2	0	12
1183.200	0	32	5	16	0	2	4	26	9	0	5	0	0	1	1	2	23	2	0	0	0	0	0	0	0	0	0	0	0	0	1	1	4	2	0	10
1183.400	0	42	1	13	0	3	5	22	9	0	3	0	0	2	2	4	25	8	0	0	0	0	0	0	0	0	0	0	2	4	1	2	3	2	0	11
1183.600	0	36	2	11	0	5	5	17	16	0	5	0	0	10	3	0	26	4	0	0	0	0	0	0	0	0	0	0	5	1	1	0	4	2	0	11
1183.800	0	41	6	14	0	4	3	14	7	0	5	0	0	5	2	0	22	3	0	0	0	0	0	0	0	0	3	0	3	2	1	2	4	3	0	7
1184.000	0	41	0	13	0	4	3	19	11	1	6	0	0	10	0	0	22	5	0	0	0	0	0	0	0	0	1	0	3	4	1	4	3	1	0	11
1184.200	0	24	0	14	0	2	5	15	8	0	5	0	0	4	7	2	25	2	0	0	0	0	0	0	0	0	6	0	3	1	2	3	4	3	0	8
1184.400	0	36	1	15	0	4	6	24	3	0	5	0	0	0	1	0	17	6	0	0	0	0	0	0	0	0	1	0	3	4	2	3	4	2	0	12
1184.600	0	34	0	14	0	4	6	12	6	0	5	0	0	2	0	0	17	8	0	0	0	0	0	0	0	0	0	0	5	3	1	6	6	2	0	10
1184.800	0	39	6	18	0	6	4	18	9	0	3	0	0	11	0	2	24	15	0	0	0	0	0	0	0	0	0	0	2	7	2	4	4	4	0	12
1185.000	0	26	1	15	0	4	6	18	11	0	4	0	0	11	1	3	26	5	0	0	0	0	0	0	0	0	1	0	0	0	1	6	3	3	0	11
1185.200	0	38	5	19	0	3	3	15	9	0	4	0	0	6	3	1	25	2	0	0	0	0	0	0	0	0	5	0	2	2	2	1	8	3	0	9
1185.400	0	36	1	16	0	2	5	17	2	0	4	0	0	12	5	4	19	0	0	0	0	0	0	0	0	0	2	0	3	6	2	8	3	5	0	11
1185.600	0	37	0	21	0	7	6	22	4	0	4	0	0	8	3	1	20	7	0	0	0	0	0	0	0	0	6	0	1	1	1	2	0	2	0	7
1185.800	0	35	2	17	0	2	3	20	7	0	4	0	0	6	4	1	15	4	0	0	0	0	0	0	0	0	4	0	2	2	2	3	1	5	0	12
1186.000	0	40	3	11	0	6	4	17	4	0	5	0	0	6	0	5	20	5	0	0	0	0	0	0	0	0	5	0	1	2	2	2	3	4	0	8
1186.200	0	45	4	19	0	1	4	22	12	0	5	0	0	5	1	1	22	14	0	0	0	0	0	0	0	0	5	0	0	0	1	2	5	4	0	10
1186.400	0	29	0	18	0	3	4	9	9	0	6	0	0	10	0	1	24	5	0	0	0	0	0	0	0	0	6	0	4	1	2	2	3	6	0	7
1186.600	0	38	1	18	0	5	3	18	8	0	4	0	0	6	1	1	16	4	0	0	0	0	0	0	0	0	3	0	1	0	2	2	6	5	0	7
1186.800	0	32	0	15	0	4	3	21	8	0	5	0	0	7	2	1	19	9	0	0	0	0	0	0	0	0	4	0	0	1	2	3	4	2	0	9
1187.000	0	33	5	14	0	5	5	27	6	0	5	0	0	10	3	0	19	4	0	0	0	0	0	0	0	0	1	0	0	5	1	7	4	3	0	6
1187.200	0	41	6	16	0	4	4	27	5	0	4	0	0	6	1	0	15	7	0	0	0	0	0	0	0	0	0	0	1	5	1	2	4	2	0	9
1187.400	0	13	4	17	0	5	6	17	6	0	3	0	0	9	1	2	17	9	0	0	0	0	0	0	0	0	0	0	1	6	2	2	3	3	0	12
1187.600	0	46	4	15	0	5	4	22	3	0	2	0	0	4	1	0	23	1	0	0	0	0	0	0	0	0	0	0	0	4	1	5	7	2	0	11
1187.800	0	37	0	19	0	4	5	16	8	0	4	0	0	4	5	4	21	9	0	0	0	0	0	0	0	0	0	0	1	4	4	4	2	4	0	10
1188.000	0	28	6	19	0	6	6	20	9	0	2	0	0	6	4	0	20	8	0	0	0	0	0	0	0	0	0	0	4	6	2	4	4	3	0	8
1188.200	0	31	7	17	0	5	3	16	10	0	5	0	0	3	5	7	23	10	0	0	0	0	0	0	0	0	1	0	2	7	2	9	8	2	0	9
1188.400	0	25	0	16	0	5	4	21	6	0	6	1	0	11	1	0	15	8	0	0	0	0	0	0	0	0	1	0	5	6	1	4	6	2	0	10
1188.600	0	42	0	15	0	7	5	22	9	0	5	0	0	6	0	1	15	10	0	0	0	0	0	0	0	0	0	0	3	8	2	4	3	4	0	9
1188.800	0	37	2	17	0	8	6	24	9	0	6	1	0	5	3	0	17	9	0	0	0	0	0	0	0	0	1	0	0	3	2	2	3	2	0	6
1189.000	0	26	0	13	0	4	4	8	8	0	5	0	0	4	4	0	14	0	0	0	0	0	0	0	0	0	4	0	2	11	2	8	6	2	0	6
1189.200	0	22	4	18	1	5	9	16	9	0	4	0	0	6	5	4	23	2	0	0	0	0	0	0	0	0	1	0	0	4	2	2	4	4	0	5
1189.400	0	33	0	17	1	3	11	18	10	0	5	0	0	3	5	0	26	11	0	0	0	0	0	0	0	0	0	0	0	9	1	5	4	3	0	5
1189.600	0	30	5	21	1	3	12	22	5	0	5	0	0	4	2	0	24	5	0	0	0	0	0	0	0	0	1	0	1	4	1	6	4	2	0	5
1189.800	0	33	0	18	0	3	10	28	10	0	5	0	0	3	4	4	28	10	0	0	0	0	0	0	0	0	0	0	1	4	2	6	4	4	0	7
1190.000	0	34	4	19	0	3	9	25	9	0	5	0	0	5	2	1	15	8	0	0	0	0	0	0	0	0	1	0	1	2	2	3	1	2	0	7
1190.200	0	23	5	22	0	7	11	27	12	0	5	0	0	5	5	3	31	3	0	0	0	0	0	0	0	0	1	0	1	5	0	7	7	2	0	5
1190.400	0	28	3	18	0	3	6	24	9	0	4	0	0	3	2	5	13	10	0	0	0	0	0	0	0	0	0	0	1	8	1	8	4	3	0	5
1190.600	0	21	3	25	1	4	8	25	10	0	4	0	0	10	3	0	12	5	0	0	0	0	0	0	0	0	0	0	0	5	2	5	5	2	0	7
1190.800	0	32	1	22	0	3	5	22	4	0	4	0	0	6	2	0	28	1	0	0	0	0	0	0	0	0	0	0	0	4	2	5	4	3	0	7
1191.000	0	31	2	14	0	2	7	18	10	0	5	0	0	7	4	0	19	5	0	0	0	0	0	0	0	0	1	0	0	8	2	5	4	5	1	5
1191.200	0	36	1	17	0	3	4	17	9	0	3	0	0	7	2	1	18	8	0	0	0	0	0	0	0	0	0	0	0	2	2	3	2	5	0	5
1191.400	0	26	3	21	0	3	9	20	12	0	6	0	0	8	4	1	17	7	0	0	0	0	0	0	0	0	0	0	1	5	2	2	6	3	0	6
1191.600	0	37	3	19	0	4	6	9	12	0	4	0	0	8	5	0	15	8	0	0	0	0	0	0	0	0	0	0	0	8	2	0	4	2	0	5
1191.800	0	40	9	23	0	3	4	18	10	0	4	0	0	9	3	0	16	10	0	0	0	0	0	0	0	0	1	0	0	5	2	9	6	2	0	6
1192.000	0	18	5	20	0	2	3	13	9	0	5	0	0	11	12	8	21	7	0	0	0	0	0	0	0	0	0	0	0	5	2	4	3	2	0	6
1192.200	0	32	5	20	0	1	9	18	11	0	4	0	0	9	13	10	15	6	0	0	0	0	0	0	0	0	0	0	0	9	1	6	5	2	0	7
1192.400	0	27	4	14	0	5	6	18	9	0	4	0	0	9	13	6	21	12	0	0	0	0	0	0	0	0	0	0	0	5	2	2	3	2	0	8
1192.600	0	43	4	18	0	3	6	15	6	0	3	0	0	3	12	9	21	8	0	0	0	0	0	0	0	0	0	0	2	6	1	4	2	2	0	11
1192.800	0	38	1	11	0	5	9	21	11	0	5	0	0	4	5	6	26	6	0	0	0	0	0	0	0	0	0	0	4	3	2	3	4	5	0	12
1193.000	0	35	3	14	0	2	3	13	11	0	4	0	0	2	4	0	15	4	0	0	0	0	0	0	0	0	0	0	0	0	1	7	2	4	0	12
1193.200	0	23	4	13	0	4	3	17	12	0	6	0	0	5	5	2	31	6	0	0	0	0	0	0	0	0	0	0	0	3	1	2	3	2	0	9
1193.400	0	27	4	17	0	4	4	18	11	0	6	0	0	3	5	4	26	8	0	0	0	0	0	0	0	0	0	0	2	5	1	6	3	2	0	12
1193.600	0	28	0	18	0	4	3	18	12	0	6	1	0	6	6	11	19	8	0	0	0	0	0	0	0	0	1	0	5	2	2	8	3	3	0	11
1193.800	0	36	7	19	0	3	4	15	8	0	3	0	0	4	1	1	27	13	0	0	0	0	0	0	0	0	0	0	2	6	2	4	3	2	0	8
1194.000	0	30	0	18	0	5	5	17	7	0	4	0	0	13	4	2	22	12	0	0	0	0	0	0	0	0	1	0	3	3	2	5	4	2	0	9
1194.200	0	35	0	13	0	4	9	18	12	0	6	0	0	6	5	5	28	2	0	0	0	0	0	0	0	0	0	0	0	8	1	3	4	2	0	10
1194.400	0	32	6	18	0	5	6	17	12	0	4	0	0	3	5	2	23	8	0	0	0	0	0	0	0	0	0	0	0	4	1	7	3	4	0	10
1194.600	0	43	7	18	0	4	6	23	12	0	5	1	0	10	5	3	27	9	0	0	0	0	0	0	0	0	0	0	1	6	2	4	1	3	0	11
1194.800	0	29	5	15	0	3	6	20	8	0	5	0	0	8	2	3	30	9	0	0	0	0	0	0	0	0	1	0	0	3	1	5	3	3	0	7
1195.000	0	35	0	18	1	3	12	22	9	0	6	0	0	6	5	3	22	9	0	0	0	0	0	0	0	0	0	0	0	3	2	6	9	4	0	14
1195.200	0	43	5	14	0	2	5	19	9	0	3	0	0	4	5	6	26	7	0	0	0	0	0	0	0	0	0	0	2	1	2	6	6	3	0	12
1195.400	1	38	2	12	0	2	8	18	10	0	4	0	0	8	4	4	30	7	0	0	0	0	0	0	0	0	1	0	3	3	2	3	5	3	0	11
1195.600	0	42	3	16	0	2	6	22	12	0	5	0	0	6	4	5	21	7	0	0	0	0	0	0	0	0	0	0	2	5	1	4	3	1	0	7
1195.800	0	42	6	17	0	1	4	19	12	0	6	0	0	6	4	2	23	7	0	0	0	0	0	0	0	0	2	0	4	4	2	6	5	4	0	8
1196.000	0	46	4	14	0	3	8	14	10	0	5	0	0	9	5	5	37	6	0	0	0	0	0	0	0	0	0	0	3	6	2	3	1	1	0	12
1196.200	0	27	3	11	0	1	4	17	11	0	5	0	0	14	5	9	31	2	0	0	0	0	0	0	0	0	4	0	2	4	4	3	4	4	0	13
1196.400	0	32	1	17	0	3	4	18	12	0	6	0	0	10	3	2	30	9	0	0	0	0	0	0	0	0	1	0	0	4	5	5	2	4	0	12
1196.600	0	35	0	12	0	4	5	15	8	0	6	0	0	3	5	0	17	9	0	0	0	0	0	0	0	0	0	0	0	7	4	8	4	4	0	10
1196.800	0	39	5	18	0	4	3	18	10	0	6	0	0	12	8	0	20	6	0	0	0	0	0	0	0	0	3	0	2	1	2	3	3	3	0	16
1197.000	0	17	0	16	1	2	6	17	12	0	6	0	0	9	4	0	24	9	0	0	0	0	0	0	0	0	1	0	0	5	4	2	1	3	0	12
1197.200	0	32	1	16	0	3	7	14	12	0	5	0	0	12	4	1	17	13	0	0	0	0	0	0	0	0	0	0	0	5	2	5	2	2	0	9
1197.400	0	30	1	15	0	0	3	18	11	0	6	0	0	13	5	2	19	12	0	0	1	0	0	0	0	0	0	0	1	4	3	6	3	2	0	12
1197.600	0	29	7	23	0	2	6	16	11	0	4	0	0	8	1	0	23	10	0	0	0	0	0	0	0	0	0	0	0	4	1	4	3	4	0	9
1197.800	0	35	2	19	0	2	6	20	10	0	5	0	0	10	4	1	20	4	0	0	0	0	0	0	0	0	0	0	0	4	4	5	1	2	0	11
1198.000	0	35	5	23	0	3	6	10	10	0	5	0	0	10	4	0	17	7	0	0	0	0	0	0	0	0	0	0	0	4	1	7	3	4	0	6
1198.200	0	33	5	24	0	4	7	18	10	0	5	0	0	13	5	0	18	9	0	0	0	0	0	0	0	0	0	0	0	3	2	10	1	1	0	9
1198.400	0	33	0	19	0	4	6	18	11	0	4	0	0	12	3	0	24	8	0	0	0	0	0	0	0	0	1	0	0	4	6	15	4	2	0	8
1198.600	0	32	2	15	0	4	5	18	8	0	6	0	0	6	4	0	21	8	0	0	0	0	0	0	0	0	1	0	2	7	3	5	1	2	0	11
1198.800	0	29	2	16	0	4	4	15	13	0	6	0	0	6	3	0	21	3	0	0	0	0	0	0	0	0	2	0	0	3	2	3	0	2	0	9
1199.000	0	36	0	15	0	2	4	16	13	0	6	0	0	11	2	0	23	6	0	0	0	0	0	0	0	0	0	0	0	4	4	5	6	3	0	11
1199.200	0	36	5	16	0	2	4	16	15	0	4	0	0	9	5	0	24	7	0	0	0	0	0	0	0	0	0	0	0	3	4	10	3	3	0	13
1199.400	0	25	0	19	0	3	8	19	13	0	6	0	0	7	5	4	20	13	0	0	0	0	0	0	0	0	0	0	0	5	4	12	3	3	0	12
1199.600	0	25	0	15	0	4	7	15	12	0	6	0	0	8	5	7	25	4	0	0	0	0	0	0	0	0	1	0	0	3	4	5	3	2	0	11
1199.800	0	27	3	17	0	3	3	21	11	0	6	0	0	8	5	3	21	7	0	0	0	0	0	0	0	0	1	0	0	3	5	7	1	2	0	12
1200.000	0	19	0	14	0	3	6	16	13	0	6	0	0	12	5	3	19	7	0	0	0	0	0	0	0	0	1	0	0	1	2	5	3	2	0	12
1200.200	0	31	2	19	0	4	11	15	8	0	4	0	0	9	2	1	19	4	0	0	0	0	0	0	0	0	1	0	0	1	1	7	2	2	0	13
1200.400	0	40	4	16	0	5	5	18	8	0	6	0	0	6	5	2	29	7	0	0	0	0	0	0	0	0	0	0	0	2	0	6	0	2	0	10
1200.600	0	42	1	16	0	4	11	15	10	0	6	0	0	13	5	7	25	5	0	0	0	0	0	0	0	0	0	0	0	8	3	7	4	2	0	13
1200.800	0	37	3	16	0	0	3	17	7	0	5	0	0	8	7	8	20	8	0	0	0	0	0	0	0	0	1	0	0	3	3	5	4	2	0	13
1201.000	0	30	5	19	0	5	4	15	11	0	5	0	0	8	1	2	18	8	0	0	0	0	0	0	0	0	1	0	0	3	4	8	2	3	0	11
1201.200	0	28	7	19	0	3	7	12	11	0	3	0	0	7	4	3	22	9	0	0	0	0	0	0	0	0	0	0	0	4	4	2	4	4	0	9
1201.400	0	23	1	14	0	3	5	16	11	0	5	0	0	6	2	2	26	6	0	0	0	0	0	0	0	0	0	0	0	3	4	4	4	2	0	10
1201.600	0	32	3	16	0	3	7	16	10	0	4	0	0	9	4	2	15	8	0	0	0	0	0	0	0	0	1	0	1	6	2	6	3	2	0	11
1201.800	0	25	4	19	0	3	6	15	9	0	4	0	0	6	5	7	27	9	0	0	0	0	0	0	0	0	0	0	0	4	2	8	3	2	0	12
1202.000	0	39	0	17	0	4	9	16	8	0	5	0	0	6	1	3	17	5	0	0	0	0	0	0	0	0	1	0	1	4	3	8	1	2	0	11
1202.200	0	29	2	18	0	3	8	18	9	0	3	0	0	11	3	5	24	8	0	0	0	0	0	0	0	0	2	0	2	4	5	9	3	4	0	12
1202.400	0	34	3	12	0	4	3	19	8	0	5	0	0	4	1	3	18	10	0	0	0	0	0	0	0	0	1	0	0	2	1	8	0	3	0	12
1202.600	0	34	0	15	0	4	3	17	11	0	3	0	0	7	2	4	24	8	0	0	0	0	0	0	0	0	0	0	0	3	5	5	2	2	0	11
1202.800	0	38	0	18	0	2	6	16	8	0	4	0	0	13	3	4	20	12	0	0	0	0	0	0	0	0	0	0	1	4	4	7	3	2	0	12
1203.000	0	33	0	20	0	4	4	17	13	0	4	0	0	12	5	7	12	7	0	0	0	0	0	0	0	0	0	0	0	6	4	4	3	2	0	11
1203.200	0	29	0	15	0	5	9	18	10	0	3	0	0	6	1	5	19	9	0	0	0	0	0	0	0	0	1	0	0	5	5	3	4	3	0	11
1203.400	0	47	4	24	0	4	4	14	6	0	6	0	0	6	2	4	19	7	0	0	0	0	0	0	0	0	0	0	0	4	3	4	0	0	0	11
1203.600	0	37	1	18	0	4	6	12	8	0	4	1	0	5	5	5	17	9	0	0	0	0	0	0	0	0	0	0	0	5	1	5	1	2	0	12
1203.800	0	38	1	16	0	5	4	14	10	0	6	0	0	8	1	3	19	7	0	0	0	0	0	0	0	0	1	0	0	4	3	6	3	2	0	10
1204.000	0	27	1	19	0	4	10	19	11	0	4	0	0	12	3	1	11	4	0	0	0	0	0	0	0	0	0	0	0	5	1	8	3	3	0	9
1204.200	0	35	0	15	0	4	9	17	10	0	4	0	0	10	3	3	24	7	0	0	0	0	0	0	0	0	1	0	0	3	1	3	3	2	0	10
1204.400	0	28	5	17	0	2	6	23	12	0	6	0	0	10	2	6	20	4	0	0	0	0	0	0	0	0	1	0	0	0	2	7	4	2	0	11
1204.600	0	46	0	12	0	2	4	12	11	0	5	0	0	11	3	6	22	9	0	0	0	0	0	0	0	0	1	0	0	0	2	0	2	4	0	12
1204.800	0	26	4	20	0	4	3	17	8	0	6	0	0	9	6	5	27	2	0	0	0	0	0	0	0	0	1	0	2	3	3	12	2	3	0	12
1205.000	0	31	4	22	0	4	8	19	10	0	5	0	0	11	2	4	16	4	0	0	0	0	0	0	0	0	0	0	2	5	2	5	1	3	0	10
1205.200	0	36	0	15	0	4	5	16	9	0	5	0	0	12	4	5	16	9	0	0	0	0	0	0	0	0	1	0	1	4	4	4	2	2	0	11
1205.400	0	26	0	16	0	3	8	19	12	0	4	0	0	9	0	0	12	2	0	0	0	0	0	0	0	0	0	0	2	0	2	2	4	2	0	13
1205.600	0	34	3	18	0	3	3	20	9	0	6	0	0	10	2	4	22	8	0	0	0	0	0	0	0	0	0	0	1	5	2	12	3	4	0	11
1205.800	0	30	0	17	0	4	6	19	12	0	5	0	0	9	1	4	24	8	0	0	0	0	0	0	0	0	0	0	1	7	2	8	2	2	0	12
1206.000	0	29	5	13	0	4	6	16	12	0	4	0	0	6	8	7	23	5	0	0	0	0	0	0	0	0	1	0	0	4	2	8	1	2	0	12
1206.200	0	32	5	16	0	4	3	18	10	0	5	0	0	10	4	1	13	4	0	0	0	0	0	0	0	0	1	0	1	5	3	5	3	3	0	11
1206.400	0	26	1	18	0	4	6	14	9	0	4	0	0	13	2	5	22	9	0	0	0	0	0	0	0	0	0	0	1	5	5	3	3	2	0	11
1206.600	0	24	6	17	0	3	5	17	10	0	5	0	0	5	3	6	15	5	0	0	0	0	0	0	0	0	1	0	2	5	4	3	2	1	0	10
1206.800	0	53	4	15	0	3	4	10	9	0	4	0	0	12	2	4	18	11	0	0	0	0	0	0	0	0	0	0	3	5	1	3	4	1	0	14
1207.000	0	26	6	20	0	4	4	16	10	0	6	0	0	9	3	2	24	10	0	0	0	0	0	0	0	0	0	0	0	3	5	5	2	2	0	11
1207.200	0	35	0	16	0	4	6	4	9	0	6	0	0	13	5	6	24	9	0	0	0	0	0	0	0	0	0	0	0	4	5	5	1	3	0	9
1207.400	0	32	4	20	0	3	5	14	12	0	6	0	0	11	5	6	13	9	0	0	0	0	0	0	0	0	0	0	0	6	2	8	1	3	0	10
1207.600	0	42	3	17	0	3	4	14	6	0	4	0	0	11	4	2	28	9	0	0	0	0	0	0	0	0	0	0	0	3	4	7	3	2	0	11
1207.800	0	23	3	20	0	4	5	17	14	0	5	0	0	12	1	2	17	3	0	0	0	0	0	0	0	0	1	0	1	5	2	8	3	4	0	13
1208.000	0	29	0	15	0	2	7	14	11	0	4	0	0	6	3	8	17	7	0	0	0	0	0	0	0	0	0	0	1	6	3	8	3	2	0	11
1208.200	0	26	1	16	1	3	10	20	6	0	4	0	0	8	4	3	34	8	0	0	0	0	0	0	0	0	1	0	1	6	3	10	3	2	0	11
1208.400	0	32	0	18	0	2	9	12	7	0	6	0	0	7	4	0	17	9	0	0	0	0	0	0	0	0	0	0	0	3	3	12	2	5	1	9
1208.600	0	15	3	18	0	2	6	21	9	0	6	0	0	7	1	3	23	9	0	0	0	0	0	0	0	0	0	0	0	4	4	5	3	2	0	9
1208.800	0	30	3	18	0	3	4	21	6	0	4	0	0	9	2	3	19	9	0	0	0	0	0	0	0	0	0	0	0	4	3	6	3	5	0	12
1209.000	0	20	3	13	0	0	5	24	6	0	5	0	0	6	1	4	26	9	0	0	0	0	0	0	0	0	0	0	1	4	5	3	1	2	0	12
1209.200	0	25	1	21	0	4	4	14	10	1	6	0	0	1	1	3	22	3	0	0	0	0	0	0	0	0	0	0	0	3	2	8	3	3	0	15
1209.400	0	27	9	23	0	2	5	14	6	0	4	0	0	2	4	0	25	5	0	0	0	0	0	0	0	0	1	0	0	3	4	10	1	1	0	8
1209.600	0	31	7	22	0	2	3	12	10	0	4	0	0	11	0	1	20	3	0	0	0	0	0	0	0	0	2	0	0	4	4	8	0	1	0	4
1209.800	0	23	8	27	0	2	3	18	7	0	4	0	0	12	5	2	28	0	0	0	0	0	0	0	0	0	0	0	0	3	5	9	3	3	0	2
1210.000	0	19	4	16	1	3	4	22	6	0	4	0	0	12	4	4	28	9	0	0	0	0	0	0	0	0	0	0	0	0	4	6	3	2	0	1
1210.200	0	37	8	23	0	6	3	17	6	1	5	0	0	2	2	0	18	12	0	0	0	0	0	0	0	0	1	0	0	2	6	5	1	2	0	1
1210.400	0	30	6	21	0	2	3	19	12	0	5	0	0	2	2	0	15	11	0	0	0	0	0	0	0	0	0	0	0	3	2	3	1	2	0	5
1210.600	0	35	6	24	0	3	3	15	17	0	6	0	0	2	0	1	21	8	0	0	0	0	0	0	0	0	1	0	0	3	5	9	3	3	0	4
1210.800	0	30	10	18	0	4	3	17	7	0	5	0	0	12	2	0	18	7	0	0	0	0	0	0	0	0	0	0	0	3	2	7	4	4	0	5
1211.000	0	44	10	21	0	4	6	26	8	0	4	0	0	13	3	3	18	5	0	0	0	0	0	0	0	0	0	0	0	4	4	4	0	2	0	4
1211.200	0	42	6	22	0	5	6	23	7	0	5	0	0	9	5	4	27	9	0	0	0	0	0	0	0	0	0	0	2	4	2	8	1	2	0	11
1211.400	0	35	7	16	0	4	5	19	7	0	4	0	0	12	2	0	30	5	0	0	0	0	0	0	0	0	1	0	0	4	1	6	1	2	0	4
1211.600	0	38	1	20	0	4	3	21	8	0	6	0	0	7	4	9	18	9	0	0	0	0	0	0	0	0	0	0	0	4	2	6	0	3	0	6
1211.800	0	33	5	18	0	1	3	17	7	0	6	0	0	11	3	4	23	2	0	0	0	0	0	0	0	0	0	0	0	5	1	3	3	3	0	10
1212.000	0	37	7	17	0	2	4	21	8	0	5	0	0	14	4	9	17	11	0	0	0	0	0	0	0	0	0	0	0	5	2	4	1	2	0	6
1212.200	0	21	0	11	0	2	3	17	10	0	5	0	0	8	4	13	11	5	0	0	0	0	0	0	0	0	0	0	0	1	2	4	2	5	0	10
1212.400	0	38	0	14	0	1	3	16	10	0	5	0	0	10	7	9	15	10	0	0	0	0	0	0	0	0	0	0	0	1	2	4	3	4	0	10
1212.600	0	40	2	12	0	0	4	23	9	0	4	0	0	10	3	1	16	10	0	0	0	0	0	0	0	0	0	0	0	10	1	1	3	2	0	8
1212.800	0	40	5	17	0	1	5	13	8	0	6	0	0	10	5	0	10	3	0	0	0	0	0	0	0	0	0	0	2	4	2	6	1	2	0	9
1213.000	0	33	2	17	0	1	4	16	11	0	6	0	0	12	5	2	15	3	0	0	0	0	0	0	0	0	0	0	3	3	2	4	1	2	0	9
1213.200	0	42	3	13	0	2	8	20	15	0	6	0	0	9	6	7	15	3	0	0	0	0	0	0	0	0	0	0	1	8	2	7	10	2	0	4
1213.400	0	32	7	13	0	2	5	19	12	1	6	0	0	8	5	1	14	0	0	0	0	0	0	0	0	0	0	0	0	9	1	2	4	2	0	6
1213.600	0	41	2	16	1	3	6	23	13	0	4	0	0	10	3	0	15	0	0	0	0	0	0	0	0	0	0	0	1	3	1	3	3	2	0	8
1213.800	0	24	3	14	0	3	5	19	16	1	6	0	0	8	4	2	18	0	0	0	0	0	0	0	0	0	1	0	2	4	1	4	5	5	0	6
1214.000	0	24	2	14	0	1	3	21	13	0	6	0	0	11	2	0	11	0	0	0	0	0	0	0	0	0	1	0	0	5	1	5	6	5	0	6
1214.200	0	34	6	14	0	3	6	20	15	0	5	0	0	14	7	4	9	0	0	0	0	0	0	0	0	0	0	0	0	4	2	4	7	2	0	6
1214.400	0	26	1	14	0	3	8	17	9	0	6	0	0	13	3	3	13	0	0	0	0	0	0	0	0	0	0	0	0	5	2	4	0	0	0	8
1214.600	0	35	5	14	1	3	4	27	6	0	5	0	0	13	7	8	14	0	0	0	0	0	0	0	0	0	0	0	1	9	2	5	2	0	0	7
1214.800	0	22	0	18	0	2	4	19	14	0	5	0	0	10	2	1	13	0	0	0	0	0	0	0	0	0	3	0	1	2	0	4	3	0	0	4
1215.000	0	33	4	12	0	1	7	17	15	1	6	0	0	10	4	0	10	0	0	0	0	0	0	0	0	0	0	0	3	3	2	3	2	1	0	12
1215.200	0	35	6	15	0	0	4	23	9	0	6	0	0	12	2	1	13	0	0	0	0	0	0	0	0	0	0	0	0	2	1	5	1	1	0	8
1215.400	0	32	0	14	0	2	6	27	11	0	5	0	0	12	0	0	8	0	0	0	0	0	0	0	0	0	0	0	1	4	2	6	5	3	0	5
1215.600	0	22	6	21	0	1	3	15	14	0	6	0	0	9	3	4	7	0	0	0	0	0	0	0	0	0	0	0	0	5	2	4	6	1	0	10
1215.800	0	33	4	14	0	6	3	25	12	1	6	0	0	6	5	1	8	0	0	0	0	0	0	0	0	0	0	0	0	4	2	3	3	2	0	10
1216.000	0	32	2	15	0	3	8	19	20	0	6	0	0	12	4	4	8	0	0	0	0	0	0	0	0	0	1	0	1	5	2	4	2	2	0	10
1216.200	0	22	1	16	0	5	8	24	16	0	4	0	0	12	3	0	3	0	0	0	0	0	0	0	0	0	1	0	2	3	3	2	2	2	0	7
1216.400	0	35	6	17	0	3	7	24	19	0	4	0	0	6	5	3	1	0	0	0	0	0	0	0	0	0	1	0	1	10	2	6	1	1	0	9
1216.600	0	27	0	15	0	3	5	26	12	1	6	0	0	9	4	0	7	0	0	0	0	0	0	0	0	0	0	0	0	5	1	5	3	2	0	4
1216.800	0	48	3	11	0	3	7	16	12	0	5	0	0	8	4	5	2	0	0	0	0	0	0	0	0	0	0	0	0	4	2	3	2	3	0	9
1217.000	0	42	4	11	0	3	8	20	9	0	5	0	0	10	5	8	7	2	0	0	0	0	0	0	0	0	0	0	0	1	1	4	3	3	0	10
1217.200	0	44	3	17	0	3	4	19	7	0	6	0	0	10	3	2	9	1	0	0	0	0	0	0	0	0	1	0	1	5	1	6	2	2	0	7
1217.400	0	43	4	15	0	4	3	18	16	0	4	0	0	10	3	9	11	0	0	0	0	0	0	0	0	0	3	0	4	0	2	4	2	4	0	5
1217.600	0	18	2	16	0	3	3	17	7	0	4	0	0	11	4	3	6	0	0	0	0	0	0	0	0	0	0	0	3	5	2	7	3	2	0	11
1217.800	0	28	5	17	0	3	3	23	10	0	5	0	0	11	3	4	5	2	0	0	0	0	0	0	0	0	0	0	0	0	4	3	3	4	0	5
1218.000	0	27	2	14	0	1	4	12	12	0	6	0	0	11	3	0	11	3	0	0	0	0	0	0	0	0	1	0	0	0	2	5	3	2	0	7
1218.200	0	27	0	13	0	1	9	18	11	0	5	0	0	9	3	2	13	0	0	0	0	0	0	0	0	0	0	0	0	4	2	2	3	2	0	5
1218.400	0	36	0	13	0	3	5	19	14	0	6	0	0	9	2	2	11	0	0	0	0	0	0	0	0	0	0	0	0	6	2	0	2	5	0	7
1218.600	0	25	3	16	0	3	5	17	11	0	6	0	0	10	5	8	13	0	0	0	0	0	0	0	0	0	0	0	0	3	4	4	3	2	0	5
1218.800	0	23	8	14	0	3	5	20	10	0	5	0	0	12	8	4	11	0	0	0	0	0	0	0	0	0	0	0	0	3	2	6	5	4	0	4
1219.000	0	24	5	19	0	3	6	15	8	0	6	0	0	12	9	2	14	0	0	0	0	0	0	0	0	0	0	0	1	5	2	4	3	2	0	9
1219.200	0	36	4	15	0	3	5	24	11	0	5	0	0	7	6	8	13	0	0	0	0	0	0	0	0	0	0	0	0	2	2	9	5	4	0	7
1219.400	0	37	6	18	0	3	5	22	10	0	3	0	0	16	9	3	8	0	0	0	0	0	0	0	0	0	0	0	5	5	2	5	2	0	0	6
1219.600	0	26	7	17	0	4	6	20	9	0	4	0	0	14	3	1	11	0	0	0	0	0	0	0	0	0	0	0	2	3	2	3	5	2	0	11
1219.800	0	33	7	13	0	3	4	17	14	0	4	0	0	13	4	1	12	2	0	0	0	0	0	0	0	0	0	0	2	4	1	6	6	2	0	10
1220.000	0	18	0	11	0	4	6	17	8	0	6	0	0	12	4	0	9	3	0	0	0	0	0	0	0	0	0	0	1	6	2	4	5	2	0	9
1220.200	0	24	7	20	0	1	6	16	10	0	5	0	0	12	10	3	6	5	0	0	0	0	0	0	0	0	0	0	1	4	2	2	3	2	0	10
1220.400	0	38	6	12	0	3	4	13	8	0	6	0	0	10	7	5	11	4	0	0	0	0	0	0	0	0	1	0	4	0	1	8	4	5	0	5
1220.600	0	31	4	17	0	1	3	22	6	0	6	0	0	9	10	9	12	4	0	0	0	0	0	0	0	0	1	0	5	2	2	8	6	5	0	10
1220.800	0	40	4	12	0	0	4	20	8	0	4	0	0	11	5	4	15	3	0	0	0	0	0	0	0	0	3	0	4	0	2	3	3	2	0	10
1221.000	0	21	4	12	0	2	5	18	10	0	6	0	0	10	11	3	11	3	0	0	0	0	0	0	0	0	0	0	4	3	2	3	0	2	0	10
1221.200	0	14	4	12	0	1	5	20	13	0	6	0	0	12	12	6	17	5	0	0	0	0	0	0	0	0	0	0	4	4	2	3	2	4	0	11
1221.400	0	37	1	13	0	4	3	17	10	1	6	0	0	5	10	4	14	3	0	0	0	0	0	0	0	0	0	0	3	3	1	5	4	3	0	10
1221.600	0	30	2	17	0	4	4	7	10	0	6	0	0	10	9	10	8	4	0	0	0	0	0	0	0	0	0	0	2	0	4	3	1	2	0	9
1221.800	0	28	4	11	1	3	6	11	9	0	6	0	0	7	11	8	12	4	0	0	0	0	0	0	0	0	3	2	4	0	1	3	3	2	0	12
1222.000	0	33	6	20	0	3	4	15	6	0	5	0	0	8	5	5	13	4	0	0	0	0	0	0	0	0	0	0	5	2	2	2	4	3	0	5
1222.200	0	30	0	16	1	4	8	12	11	0	4	0	0	12	11	8	9	4	0	0	0	0	0	0	0	0	0	0	4	0	1	2	4	2	0	8
1222.400	0	17	1	15	0	4	6	8	11	0	5	0	0	4	8	6	17	4	0	0	0	0	0	0	0	0	0	0	5	3	2	9	4	2	0	8
1222.600	0	26	1	16	0	4	5	8	8	1	5	0	0	10	7	5	10	1	0	0	0	0	0	0	0	0	0	0	5	3	2	4	3	2	0	5
1222.800	0	31	0	15	0	2	5	13	11	0	4	0	0	6	9	6	9	1	0	0	0	0	0	0	0	0	0	0	5	0	2	4	4	3	0	8
1223.000	0	42	1	19	0	4	12	14	12	0	4	0	0	7	6	8	10	3	0	0	0	0	0	0	0	0	1	0	5	0	2	2	3	1	0	10
1223.200	0	21	0	14	0	2	11	16	10	0	5	0	0	11	11	11	14	4	0	0	0	0	0	0	0	0	4	0	5	0	2	2	2	4	0	7
1223.400	0	39	0	11	0	3	8	15	10	0	5	0	0	7	11	3	14	3	0	0	0	0	0	0	0	0	0	0	4	0	2	3	1	4	0	3
1223.600	0	18	0	15	0	2	7	19	6	0	4	0	0	5	5	4	9	2	0	0	0	0	0	0	0	0	1	0	2	0	2	5	2	3	0	7
1223.800	0	32	4	15	0	3	7	8	6	0	6	0	0	8	4	3	6	3	0	0	0	0	0	0	0	0	2	0	3	0	2	8	3	5	0	10
1224.000	0	40	4	17	0	5	8	26	9	0	6	0	0	10	6	7	13	8	0	0	0	0	0	0	0	0	2	0	4	0	2	2	1	3	0	9
1224.200	0	34	0	17	0	3	8	13	9	0	6	0	0	9	8	2	8	2	0	0	0	0	0	0	0	0	1	0	4	0	2	5	4	2	0	7
1224.400	0	31	1	15	0	2	8	18	10	0	5	0	0	12	12	10	6	3	0	0	0	0	0	0	0	0	0	0	4	0	2	4	1	4	0	1
1224.600	0	21	0	14	0	2	6	18	9	0	6	0	0	10	11	4	6	2	0	0	0	0	0	0	0	0	0	0	4	0	2	5	5	6	1	4
1224.800	0	40	0	15	0	4	11	20	10	0	5	0	0	7	6	6	12	4	0	0	0	0	0	0	0	0	2	0	3	0	2	3	2	3	0	8
1225.000	0	41	2	15	0	3	5	16	10	0	4	0	0	10	12	9	15	6	0	0	0	0	0	0	0	0	0	0	2	0	2	4	3	2	0	4
1225.200	0	41	2	13	0	3	8	14	7	0	5	0	0	12	4	5	14	6	0	0	0	0	0	0	0	0	1	0	2	0	2	2	0	2	0	8
1225.400	0	33	0	15	0	5	8	17	10	0	5	0	0	10	4	6	0	7	0	0	0	0	0	0	0	0	0	0	4	0	2	8	3	2	0	9
1225.600	0	32	3	15	0	3	5	20	10	0	4	0	0	7	6	4	1	6	0	0	0	0	0	0	0	0	0	0	0	0	1	3	4	3	0	6
1225.800	0	29	3	18	0	3	8	17	8	0	6	0	0	10	5	1	6	5	0	0	0	0	0	0	0	0	2	0	4	0	2	8	4	6	2	6
1226.000	0	34	4	15	0	5	7	15	7	0	3	0	0	8	8	5	1	2	0	0	0	0	0	0	0	0	1	0	3	1	2	1	1	2	0	7
1226.200	0	31	4	19	0	3	4	12	12	0	6	0	0	7	4	5	21	6	0	0	0	0	0	0	0	0	0	0	0	0	1	2	1	2	0	6
1226.400	0	47	0	12	0	1	7	21	8	0	4	0	0	9	10	7	13	3	0	0	0	0	0	0	0	0	0	0	0	0	2	4	4	2	0	9
1226.600	0	34	4	13	0	3	6	14	9	0	6	0	0	14	4	2	17	3	0	0	0	0	0	0	0	0	0	0	0	0	1	2	0	3	0	5
1226.800	0	34	4	14	0	0	6	15	10	0	6	0	0	9	10	8	9	4	0	0	0	0	0	0	0	0	1	0	3	0	2	3	4	1	0	7
1227.000	0	26	3	22	0	2	5	19	10	0	5	0	0	8	0	1	13	5	0	0	0	0	0	0	0	0	0	0	3	4	3	7	5	2	0	10
1227.200	0	34	0	17	0	1	6	18	10	0	6	0	0	9	10	6	12	5	0	0	0	0	0	0	0	0	0	0	2	4	2	4	3	2	0	8
1227.400	0	41	0	15	0	4	5	19	8	0	4	0	0	13	10	2	12	2	0	0	0	0	0	0	0	0	1	0	0	1	2	3	3	4	0	7
1227.600	0	22	0	17	1	3	10	18	9	0	6	0	0	11	10	6	21	5	0	0	0	0	0	0	0	0	1	0	1	7	2	2	4	3	0	6
1227.800	0	21	0	11	0	2	7	18	8	0	6	0	0	14	11	3	14	5	0	0	0	0	0	0	0	0	0	0	0	5	2	6	2	1	0	5
1228.000	0	13	0	11	0	3	6	11	9	0	4	0	0	11	8	3	18	4	0	0	0	0	0	0	0	0	0	0	2	1	2	2	4	1	0	5
1228.200	0	40	0	11	0	3	6	17	8	0	6	0	0	8	9	6	9	3	0	0	0	0	0	0	0	0	1	0	0	0	2	3	5	2	0	5
1228.400	0	21	0	13	0	3	6	17	14	0	5	0	0	4	9	4	21	4	0	0	0	0	0	0	0	0	0	0	0	0	2	2	0	0	0	1
1228.600	0	19	0	14	0	3	5	18	9	0	5	0	0	10	9	6	18	2	0	0	0	0	0	0	0	0	0	0	0	4	2	2	3	1	0	10
1228.800	0	37	3	17	0	3	7	16	9	0	5	0	0	10	10	8	12	2	0	0	0	0	0	0	0	0	0	0	2	5	3	3	0	1	0	9
1229.000	0	21	2	16	0	5	8	20	8	0	5	0	0	8	10	7	13	3	0	0	0	0	0	0	0	0	0	0	0	7	2	4	3	2	0	5
1229.200	0	29	1	17	0	2	7	15	9	0	6	0	0	9	6	5	11	5	0	0	0	0	0	0	0	0	0	0	1	3	2	5	2	4	1	4
1229.400	0	36	3	16	0	5	7	15	8	0	5	0	0	9	6	7	13	5	0	0	0	0	0	0	0	0	0	0	2	1	2	2	2	1	0	10
1229.600	0	32	2	15	0	4	10	21	8	0	6	0	0	9	10	7	22	5	0	0	0	0	0	0	0	0	0	0	0	2	2	2	0	1	0	6
1229.800	0	29	0	15	0	5	9	20	6	0	5	0	0	8	10	6	14	3	0	0	0	0	0	0	0	0	1	0	2	3	2	9	4	2	0	9
1230.000	0	27	0	17	0	3	9	20	11	1	5	0	0	9	11	3	19	3	0	0	0	0	0	0	0	0	1	0	1	2	2	3	3	2	0	6
1230.200	0	32	0	16	0	2	6	12	10	0	6	0	0	8	1	2	13	2	0	0	0	0	0	0	0	0	0	0	2	2	2	3	4	2	0	9
1230.400	0	37	3	19	0	2	8	20	11	0	6	0	0	8	10	5	2	4	0	0	0	0	0	0	0	0	0	0	1	5	1	2	5	2	0	6
1230.600	0	27	0	16	1	2	9	10	11	0	6	0	0	7	9	7	4	4	0	0	0	0	0	0	0	0	2	0	4	1	2	4	6	4	0	5
1230.800	0	30	1	14	0	1	10	14	10	0	6	0	0	8	4	5	8	4	0	0	0	0	0	0	0	0	0	0	0	1	2	5	6	3	0	6
1231.000	0	38	1	18	0	4	6	11	12	0	3	0	0	9	4	2	13	5	0	0	0	0	0	0	0	0	2	0	1	5	2	4	2	2	0	9
1231.200	0	26	1	14	0	1	9	17	11	0	6	0	0	8	10	6	14	5	0	0	0	0	0	0	0	0	2	0	1	5	2	5	4	2	0	6
1231.400	0	27	0	11	0	1	8	15	13	0	4	0	0	7	9	7	15	3	0	0	0	0	0	0	0	0	0	0	0	2	1	6	2	2	0	5
1231.600	0	32	2	17	0	3	6	16	9	0	6	0	0	9	8	6	5	5	0	0	0	0	0	0	0	0	0	0	0	6	1	6	6	1	0	6
1231.800	0	32	0	22	0	5	5	18	12	0	6	0	0	11	12	10	16	0	0	0	0	0	0	0	0	0	0	0	0	5	1	7	1	2	0	5
1232.000	0	29	0	20	0	3	10	25	9	0	6	0	0	6	9	9	17	0	0	0	0	0	0	0	0	0	0	0	1	0	0	2	3	3	0	5
1232.200	0	42	3	18	0	4	12	12	9	0	6	0	0	17	11	4	18	0	0	0	0	0	0	0	0	0	0	0	2	1	2	4	2	2	0	10
1232.400	0	36	0	18	0	4	5	11	9	0	5	0	0	9	7	7	18	0	0	0	0	0	0	0	0	0	0	0	1	4	2	1	6	5	1	10
1232.600	0	36	4	15	0	3	11	12	9	0	4	0	0	7	11	10	14	0	0	0	0	0	0	0	0	0	1	0	2	11	1	4	6	4	0	6
1232.800	0	42	0	16	0	5	12	16	13	0	5	0	0	9	5	6	13	0	0	0	0	0	0	0	0	0	0	0	2	3	2	0	0	2	0	8
1233.000	0	41	4	16	0	4	7	17	12	0	3	0	0	10	11	5	12	0	0	0	0	0	0	0	0	0	0	0	2	3	1	1	2	2	0	11
1233.200	0	32	0	13	0	1	8	9	12	0	5	0	0	8	4	6	15	1	0	0	0	0	0	0	0	0	2	0	3	4	2	7	5	2	0	12
1233.400	0	23	2	12	0	3	11	20	9	0	6	0	0	7	6	8	14	3	0	0	0	0	0	0	0	0	0	0	1	1	1	3	3	2	0	9
1233.600	0	25	4	14	0	5	8	7	11	0	5	0	0	7	10	7	9	1	0	0	0	0	0	0	0	0	0	0	1	0	2	1	3	2	0	8
1233.800	0	25	0	14	0	3	5	12	10	0	4	0	0	9	6	6	19	4	0	0	0	0	0	0	0	0	0	0	0	0	0	5	3	2	0	7
1234.000	0	33	0	16	0	4	10	16	8	0	5	0	0	10	8	3	15	4	0	0	0	0	0	0	0	0	0	0	0	0	2	4	3	2	0	9
1234.200	0	28	8	17	0	3	9	8	9	0	5	0	0	9	10	3	12	5	0	0	0	0	0	0	0	0	0	0	1	1	2	1	3	3	0	11
1234.400	0	28	1	11	0	4	7	3	12	0	5	0	0	8	8	5	16	2	0	0	0	0	0	0	0	0	0	0	0	2	2	3	3	4	0	9
1234.600	0	28	2	14	0	4	13	15	11	0	6	0	0	5	11	8	11	0	0	0	0	0	0	0	0	0	0	0	0	2	2	6	2	2	0	11
1234.800	0	21	0	17	0	4	12	19	9	0	5	0	0	8	9	4	16	0	0	0	0	0	0	0	0	0	1	0	0	1	3	4	5	4	0	12
1235.000	0	19	0	18	0	3	4	12	8	0	5	0	0	6	10	8	11	0	0	0	0	0	0	0	0	0	1	0	0	5	2	6	3	2	0	8
1235.200	0	24	0	19	0	3	7	22	11	0	4	0	0	8	5	8	11	1	0	0	0	0	0	0	0	0	0	0	0	4	2	4	3	2	0	9
1235.400	0	31	0	15	0	4	6	15	8	0	4	0	0	4	10	5	18	0	0	0	0	0	0	0	0	0	0	0	1	3	2	5	3	2	0	10
1235.600	0	33	2	15	0	4	7	14	11	0	3	0	0	7	11	6	13	4	0	0	0	0	0	0	0	0	0	0	2	3	2	5	3	4	0	6
1235.800	0	19	0	21	0	4	10	14	10	0	3	0	0	8	5	2	5	6	0	0	0	0	0	0	0	0	1	0	0	0	2	4	4	3	0	6
1236.000	0	40	1	16	0	3	5	9	9	0	5	0	0	8	8	7	20	0	0	0	0	0	0	0	0	0	0	0	0	1	2	6	7	3	0	10
1236.200	0	40	0	18	0	2	9	14	10	0	6	0	0	2	9	6	13	0	0	0	0	0	0	0	0	0	0	0	0	4	2	3	3	2	0	7
1236.400	0	33	0	17	0	4	5	20	8	0	4	0	0	7	6	0	13	0	0	0	0	0	0	0	0	0	0	0	0	5	1	5	3	3	0	4
1236.600	0	40	7	10	0	4	6	8	9	0	6	0	0	11	5	3	13	0	0	0	0	0	0	0	0	0	0	0	0	1	2	3	9	4	0	7
1236.800	0	35	0	16	0	3	7	6	11	0	3	0	0	6	8	5	11	0	0	0	0	0	0	0	0	0	0	0	1	6	2	9	3	1	0	10
1237.000	0	29	0	17	0	4	3	5	10	0	5	0	0	10	5	8	7	0	0	0	0	0	0	0	0	0	0	0	2	4	2	4	4	2	0	13
1237.200	0	34	0	18	0	3	8	15	10	0	3	0	0	1	2	4	3	0	0	0	0	0	0	0	0	0	0	0	2	3	1	4	1	2	0	11
1237.400	0	23	0	14	0	5	12	16	7	0	5	0	0	9	9	3	17	0	0	0	0	0	0	0	0	0	2	0	1	2	1	3	2	1	0	9
1237.600	0	26	0	11	0	5	10	14	9	0	3	0	0	7	7	5	16	0	0	0	0	0	0	0	0	0	2	0	0	5	2	7	6	3	0	8
1237.800	0	21	0	12	0	3	8	18	14	0	4	0	0	8	3	4	10	1	0	0	0	0	0	0	0	0	1	0	0	0	1	3	2	3	0	9
1238.000	0	15	0	14	0	3	11	20	12	0	5	0	0	9	10	2	13	1	0	0	0	0	0	0	0	0	1	0	2	6	1	7	5	2	0	7
1238.200	0	18	0	13	0	3	8	8	10	0	4	0	0	10	5	11	18	0	0	0	0	0	0	0	0	0	0	0	1	2	2	4	4	3	0	9
1238.400	0	31	0	14	0	3	6	15	9	0	4	0	0	8	11	6	20	0	0	0	0	0	0	0	0	0	1	0	0	1	2	4	5	3	0	10
1238.600	0	37	3	13	0	3	3	17	9	0	5	0	0	8	9	4	15	0	0	0	0	0	0	0	0	0	0	0	0	0	2	5	5	3	0	9
1238.800	0	33	3	17	0	3	10	13	11	0	4	0	0	8	9	5	14	0	0	0	0	0	0	0	0	0	0	0	0	3	1	3	3	5	0	9
1239.000	0	21	3	17	0	3	7	12	5	0	6	0	0	7	9	5	17	0	0	0	0	0	0	0	0	0	1	0	0	1	1	5	4	3	0	8
1239.200	0	32	0	15	0	3	5	6	10	0	3	0	0	10	7	9	3	0	0	0	0	0	0	0	0	0	1	0	2	2	1	4	6	3	0	12
1239.400	0	14	0	16	0	4	11	14	9	0	3	0	0	7	7	6	12	0	0	0	0	0	0	0	0	0	2	0	4	2	2	4	4	3	0	8
1239.600	0	27	0	11	0	3	4	16	11	0	4	0	0	10	5	2	16	0	0	0	0	0	0	0	0	0	3	0	3	2	2	4	6	2	0	9
1239.800	0	26	0	13	0	4	10	16	12	0	4	0	0	12	10	4	13	0	0	0	0	0	0	0	0	0	1	0	0	2	1	2	7	2	0	9
1240.000	0	34	0	18	0	1	4	15	12	0	6	0	0	8	8	8	22	0	0	0	0	0	0	0	0	0	1	0	0	5	2	3	6	5	0	8
1240.200	0	36	5	10	1	6	6	18	12	0	5	0	0	7	11	7	14	0	0	0	0	0	0	0	0	0	0	0	4	4	2	3	4	4	0	6
1240.400	0	41	0	11	0	3	7	19	12	0	3	0	0	8	9	8	18	0	0	0	0	0	0	0	0	0	0	0	1	3	2	3	0	2	0	7
1240.600	0	35	1	13	0	5	11	15	9	0	6	0	0	8	5	5	17	0	0	0	0	0	0	0	0	0	1	0	3	8	2	8	5	2	0	7
1240.800	0	36	1	11	0	3	14	18	9	0	4	0	0	10	5	7	19	0	0	0	0	0	0	0	0	0	1	0	0	2	1	4	3	3	0	8
1241.000	0	36	0	11	0	3	7	18	10	0	4	0	0	9	4	5	17	0	0	0	0	0	0	0	0	0	1	0	0	0	2	5	6	2	0	8
1241.200	0	13	0	11	0	3	10	23	12	0	3	0	0	7	6	4	18	0	0	0	0	0	0	0	0	0	0	0	1	3	2	3	6	3	0	7
1241.400	0	25	0	11	0	5	4	19	10	0	6	0	0	6	10	5	20	0	0	0	0	0	0	0	0	0	1	0	0	4	1	4	5	3	0	7
1241.600	0	31	3	13	0	3	5	12	9	0	3	0	0	11	11	4	8	0	0	0	0	0	0	0	0	0	1	0	1	2	2	7	4	1	0	7
1241.800	0	25	2	16	0	3	10	6	11	0	4	0	0	0	10	3	14	0	0	0	0	0	0	0	0	0	3	0	2	6	2	4	4	3	0	7
1242.000	0	42	4	8	0	4	3	7	8	0	4	0	0	3	9	7	20	0	0	0	0	0	0	0	0	0	2	0	0	7	1	5	5	3	0	6
1242.200	0	32	1	15	0	4	9	5	8	0	3	0	0	1	7	4	17	0	0	0	0	0	0	0	0	0	2	0	2	5	2	4	4	2	0	11
1242.400	0	36	0	5	0	3	7	8	11	0	4	0	0	5	8	7	15	0	0	0	0	0	0	0	0	0	0	0	0	2	2	3	4	2	0	8
1242.600	0	38	0	13	0	2	12	16	11	0	4	0	0	8	7	7	22	0	0	0	0	0	0	0	0	0	0	0	0	5	1	3	3	3	0	7
1242.800	0	41	0	14	0	5	5	16	12	0	4	0	0	10	9	5	10	0	0	0	0	0	0	0	0	0	0	0	1	3	2	1	3	3	0	6
1243.000	0	35	0	13	0	4	11	16	9	0	4	0	0	6	2	4	10	0	0	0	0	0	0	0	0	0	0	0	2	2	2	4	4	3	0	10
1243.200	0	33	1	12	0	4	6	21	8	0	5	0	0	11	8	4	11	0	0	0	0	0	0	0	0	0	0	0	1	2	1	1	4	2	0	7
1243.400	0	31	7	16	1	4	3	15	11	0	5	0	0	8	7	5	14	0	0	0	0	0	0	0	0	0	0	0	0	1	2	3	1	4	0	10
1243.600	0	42	2	16	0	3	7	9	8	0	4	0	0	6	5	5	13	0	0	0	0	0	0	0	0	0	0	0	1	5	2	5	8	5	0	11
1243.800	0	47	5	21	0	3	6	16	8	0	5	0	0	9	9	2	17	0	0	0	0	0	0	0	0	0	0	0	1	8	2	4	3	2	0	6
1244.000	0	43	7	16	0	5	7	12	8	0	3	0	0	9	9	7	15	0	0	0	0	0	0	0	0	0	0	0	0	2	1	1	4	2	0	10
1244.200	0	31	3	16	0	4	5	13	7	0	4	0	0	3	4	5	15	0	0	0	0	0	0	0	0	0	0	0	3	4	1	0	0	2	0	8
1244.400	0	43	2	13	0	3	7	9	8	0	3	0	0	7	12	3	11	0	0	0	0	0	0	0	0	0	1	0	1	7	2	3	2	4	0	9
1244.600	0	31	5	18	0	3	9	20	7	0	4	0	0	10	7	11	8	2	0	0	0	0	0	0	0	0	0	0	1	3	2	1	1	3	0	7
1244.800	0	30	1	15	0	6	8	11	9	0	5	0	0	7	6	2	9	2	0	0	0	0	0	0	0	0	1	0	0	7	2	4	5	5	0	13
1245.000	0	35	4	28	0	3	8	16	9	0	2	0	0	7	9	5	15	2	0	0	0	0	0	0	0	0	1	0	2	3	2	3	1	4	0	11
1245.200	0	29	0	21	0	4	7	15	11	0	6	0	0	11	8	6	12	4	0	0	0	0	0	0	0	0	0	0	0	8	2	3	3	2	0	7
1245.400	0	27	0	19	0	4	8	7	9	0	5	0	0	10	11	6	14	5	0	0	0	0	0	0	0	0	0	0	1	5	0	5	7	1	0	7
1245.600	0	28	0	14	0	2	5	12	9	0	6	0	0	7	9	9	8	5	0	0	0	0	0	0	0	0	1	0	1	9	1	3	7	2	0	3
1245.800	0	34	0	18	0	3	10	13	9	0	5	0	0	9	7	6	10	5	0	0	0	0	0	0	0	0	0	0	2	11	3	4	4	4	0	6
1246.000	0	33	6	20	0	2	11	13	6	0	4	0	0	9	5	9	2	5	0	0	0	0	0	0	0	0	1	0	2	2	2	6	2	3	0	6
1246.200	3	25	0	14	0	4	12	17	9	0	5	0	0	9	10	9	15	4	0	0	0	0	0	0	0	0	0	0	0	7	1	4	4	2	0	5
1246.400	2	35	0	18	0	3	10	12	10	0	5	0	0	7	5	7	19	5	0	0	0	0	0	0	0	0	0	0	2	8	1	6	4	3	0	7
1246.600	0	29	0	16	0	2	7	14	9	0	5	0	0	10	4	3	17	4	0	0	0	0	0	0	0	0	0	0	1	1	2	2	2	5	0	5
1246.800	0	33	2	15	0	5	6	11	7	0	3	0	0	10	8	5	10	5	0	0	0	0	0	0	0	0	0	0	0	0	1	6	3	2	0	7
1247.000	0	14	0	12	0	2	5	12	10	0	4	0	0	10	12	9	6	6	0	0	0	0	0	0	0	0	1	0	2	4	1	4	4	2	0	6
1247.200	0	29	5	16	0	1	5	8	7	0	4	0	0	10	9	13	12	7	0	0	0	0	0	0	0	0	0	0	1	1	1	2	4	2	0	7
1247.400	0	30	1	18	0	3	6	19	9	0	4	0	0	11	6	6	11	10	0	0	0	0	0	0	0	0	0	0	0	3	2	3	3	2	0	7
1247.600	0	34	0	18	0	3	10	7	11	0	4	0	0	12	11	10	16	6	0	0	0	0	0	0	0	0	0	0	2	10	1	5	5	4	0	7
1247.800	0	31	0	17	0	2	5	10	11	0	3	0	0	8	8	7	15	5	0	0	0	0	0	0	0	0	0	0	0	4	2	4	3	1	0	10
1248.000	0	28	0	17	0	2	8	16	8	0	5	0	0	8	7	8	15	5	0	0	0	0	0	0	0	0	0	0	0	6	1	8	3	2	0	7
1248.200	0	30	0	13	0	3	10	14	10	0	3	0	0	8	7	10	11	8	0	0	0	0	0	0	0	0	0	0	0	4	1	5	3	2	0	7
1248.400	0	27	2	15	0	5	9	14	11	0	3	0	0	7	9	10	14	7	0	0	0	0	0	0	0	0	0	0	0	8	1	7	3	2	0	7
1248.600	1	25	0	16	0	4	9	15	10	0	4	0	0	8	11	8	15	8	0	0	0	0	0	0	0	0	0	0	0	5	1	6	4	1	0	7
1248.800	0	34	0	14	0	3	15	14	9	0	4	0	0	10	6	7	14	1	0	0	0	0	0	0	0	0	0	0	0	5	2	5	6	2	0	7
1249.000	0	37	1	18	0	3	6	10	9	0	3	0	0	9	3	3	16	7	0	0	0	0	0	0	0	0	1	0	1	6	2	7	3	2	0	6
1249.200	0	30	4	14	0	2	10	19	7	0	3	0	0	7	8	10	8	6	0	0	0	0	0	0	0	0	0	0	2	2	2	4	3	2	0	10
1249.400	0	40	0	20	0	3	9	13	8	0	4	0	0	0	7	8	20	6	0	0	0	0	0	0	0	0	0	0	0	7	2	5	5	3	0	8
1249.600	0	37	3	17	0	4	10	11	7	0	3	0	0	0	8	8	21	7	0	0	0	0	0	0	0	0	1	0	0	7	2	6	3	2	0	10
1249.800	0	40	5	18	0	3	5	23	10	0	3	0	0	1	6	7	15	5	0	0	0	0	0	0	0	0	0	0	3	2	2	5	1	2	0	12
1250.000	0	20	2	15	0	2	3	22	10	0	4	0	0	2	9	9	14	1	0	0	0	0	0	0	0	0	2	0	2	1	1	3	3	5	0	7
1250.200	0	40	2	15	0	4	7	14	10	0	4	0	0	1	5	8	15	0	0	0	0	0	0	0	0	0	1	0	0	9	2	2	2	3	0	7
1250.400	0	47	4	17	1	1	4	10	10	0	6	0	0	0	6	7	14	0	0	0	0	0	0	0	0	0	0	0	0	5	1	9	10	4	0	10
1250.600	0	25	4	15	0	4	11	9	8	0	3	0	0	1	6	8	11	0	0	0	0	0	0	0	0	0	0	0	0	8	2	5	2	3	0	11
1250.800	0	25	3	14	0	4	8	17	7	0	4	0	0	1	6	2	9	0	0	0	0	0	0	0	0	0	0	0	1	8	2	4	3	6	2	11
1251.000	0	28	0	8	0	2	4	5	8	0	4	0	0	0	6	5	9	0	0	0	0	0	0	0	0	0	1	0	2	2	2	7	4	8	1	12
1251.200	0	27	1	17	0	3	6	18	10	0	5	0	0	1	6	3	10	0	0	0	0	0	0	0	0	0	0	0	1	4	2	3	3	5	0	8
1251.400	0	30	0	19	0	4	11	4	8	0	4	0	0	0	3	5	12	0	0	0	0	0	0	0	0	0	1	0	0	5	1	3	4	3	0	8
1251.600	0	26	2	15	0	4	9	15	12	0	5	0	0	0	4	4	13	0	0	0	0	0	0	0	0	0	2	0	1	5	2	4	4	4	0	13
1251.800	0	36	4	17	0	3	9	15	12	0	3	0	0	0	11	5	12	0	0	0	0	0	0	0	0	0	3	0	3	5	2	3	0	4	0	9
1252.000	0	34	0	10	0	4	13	16	9	0	4	0	0	0	3	6	11	0	0	0	0	0	0	0	0	0	2	0	2	2	2	3	2	2	0	9
1252.200	0	37	6	18	1	4	9	14	7	0	4	0	0	0	1	3	11	0	0	0	0	0	0	0	0	0	0	0	0	7	1	2	4	2	0	7
1252.400	0	18	5	15	1	4	3	6	5	0	4	0	0	0	6	6	11	0	0	0	0	0	0	0	0	0	3	0	1	4	2	5	5	3	0	7
1252.600	0	31	7	18	0	3	9	19	8	0	4	0	0	1	7	3	16	0	0	0	0	0	0	0	0	0	2	0	0	0	2	4	3	2	0	7
1252.800	0	20	2	14	1	4	4	12	6	0	4	0	0	0	5	5	23	0	0	0	0	0	0	0	0	0	2	0	0	2	1	5	3	3	0	6
1253.000	0	39	4	16	0	5	6	15	6	0	3	0	0	1	5	8	12	0	0	0	0	0	0	0	0	0	1	0	0	0	2	4	3	3	0	8
1253.200	0	26	4	16	1	4	5	14	5	0	4	0	0	0	4	5	13	0	0	0	0	0	0	0	0	0	2	0	3	1	1	4	3	5	0	8
1253.400	0	30	0	16	0	3	5	12	8	0	3	0	0	0	5	9	13	1	0	0	0	0	0	0	0	0	0	0	0	1	2	6	4	3	0	11
1253.600	0	42	2	14	0	4	6	15	8	0	3	0	0	0	4	7	14	4	0	0	0	0	0	0	0	0	0	0	2	3	2	4	4	4	0	10
1253.800	0	33	0	18	0	4	7	18	8	0	5	0	0	0	3	8	15	3	0	0	0	0	0	0	0	0	0	0	3	3	2	5	5	4	0	8
1254.000	0	37	0	12	0	5	8	16	7	0	4	0	0	0	5	5	20	5	0	0	0	0	0	0	0	0	2	0	5	1	2	3	4	6	2	10
1254.200	0	19	0	18	0	4	4	19	9	0	3	0	0	1	4	5	11	4	0	0	0	0	0	0	0	0	1	0	3	3	2	3	3	4	1	11
1254.400	0	47	4	15	1	5	3	18	7	0	4	0	0	0	6	7	17	2	0	0	0	0	0	0	0	0	1	0	1	5	3	5	3	4	0	10
1254.600	0	24	3	15	0	4	11	11	9	0	4	0	0	0	4	5	9	3	0	0	0	0	0	0	0	0	2	0	2	1	2	7	4	4	0	10
1254.800	0	40	0	13	0	4	7	15	7	0	5	0	0	0	7	4	19	3	0	0	0	0	0	0	0	0	1	0	4	4	1	7	2	3	0	10
1255.000	0	41	3	23	0	4	10	6	9	0	4	0	0	1	6	9	15	4	0	0	0	0	0	0	0	0	0	0	1	3	2	4	4	4	1	8
1255.200	0	29	4	22	0	3	12	13	8	0	4	0	0	0	9	5	9	3	0	0	0	0	0	0	0	0	1	0	2	2	2	6	5	2	0	9
1255.400	0	32	0	17	1	2	8	4	10	0	4	0	0	0	6	7	12	5	0	0	0	0	0	0	0	0	2	0	1	2	2	4	4	3	0	11
1255.600	0	29	6	18	1	4	7	12	11	0	5	0	0	1	9	9	15	4	0	0	0	0	0	0	0	0	2	0	0	1	2	3	3	2	0	7
1255.800	0	20	1	19	1	3	14	12	8	0	4	0	0	0	6	3	14	4	0	0	0	0	0	0	0	0	3	0	0	2	2	2	2	2	0	11
1256.000	0	32	7	18	1	3	12	15	8	0	4	0	0	0	9	10	22	5	0	0	0	0	0	0	0	0	2	0	1	1	2	2	3	3	1	12
1256.200	0	37	5	20	1	4	4	8	12	0	3	0	0	0	5	6	14	5	0	0	0	0	0	0	0	0	1	0	1	1	2	3	2	5	1	11
1256.400	0	29	7	17	1	3	10	13	7	0	5	0	0	0	6	6	21	5	0	0	0	0	0	0	0	0	1	0	2	3	2	7	6	5	0	11
1256.600	0	32	6	16	1	4	12	10	11	0	4	0	0	0	5	5	7	3	0	0	0	0	0	0	0	0	0	0	0	1	1	3	4	3	0	9
1256.800	0	27	5	20	1	3	8	11	8	0	4	0	0	0	7	2	13	2	0	0	0	0	0	0	0	0	0	0	2	4	2	2	4	5	0	10
1257.000	0	41	5	19	1	4	10	8	11	0	3	0	0	0	4	2	19	5	0	0	0	0	0	0	0	0	0	0	0	3	1	2	1	3	0	7
1257.200	0	35	0	15	1	0	12	8	7	0	5	0	0	2	4	4	13	2	0	0	0	0	0	0	0	0	0	0	0	4	2	2	5	4	0	7
1257.400	0	30	5	18	1	3	8	22	10	0	4	0	0	0	5	6	18	5	0	0	0	0	0	0	0	0	0	0	0	2	2	1	6	5	0	7
1257.600	0	38	4	12	1	4	5	19	9	0	4	0	0	0	12	10	6	5	0	0	0	0	0	0	0	0	1	0	3	3	2	5	3	7	1	9
1257.800	0	34	3	17	1	4	6	10	5	0	5	0	0	1	5	11	8	5	0	0	0	0	0	0	0	0	1	0	3	1	1	3	4	3	0	13
1258.000	0	27	3	19	1	4	2	15	10	0	5	0	0	1	7	9	13	5	0	0	0	0	0	0	0	0	0	0	0	0	1	2	3	5	0	14
1258.200	0	26	0	14	1	3	13	15	9	0	5	0	0	1	4	4	7	4	0	0	0	0	0	0	0	0	0	0	0	2	1	7	7	6	0	7
1258.400	0	34	5	18	0	2	5	19	11	0	4	0	0	0	7	10	17	5	0	0	0	0	0	0	0	0	2	0	2	1	2	1	3	4	1	7
1258.600	0	34	3	14	0	5	8	18	12	0	4	0	0	0	10	11	18	2	0	0	0	0	0	0	0	0	1	0	2	0	2	1	4	2	0	12
1258.800	0	15	1	12	1	5	10	14	10	0	5	0	0	0	5	7	21	5	0	0	0	0	0	0	0	0	1	0	0	3	3	4	7	8	1	12
1259.000	0	34	5	15	1	3	9	15	8	0	3	0	0	0	7	9	23	5	0	0	0	0	0	0	0	0	0	0	1	3	2	2	0	6	1	8
1259.200	0	41	6	13	0	2	4	10	11	0	4	0	0	0	9	12	19	4	0	0	0	0	0	0	0	0	2	0	1	1	2	4	1	6	2	12
1259.400	0	34	0	12	0	4	11	16	7	0	3	0	0	1	4	4	21	5	0	0	0	0	0	0	0	0	0	0	1	5	4	5	6	7	2	10
1259.600	0	29	6	15	0	2	7	17	9	0	4	0	0	1	3	3	14	5	0	0	0	0	0	0	0	0	1	0	0	1	2	5	3	2	0	13
1259.800	0	31	7	13	0	5	4	16	10	0	4	0	0	1	4	5	13	5	0	0	0	0	0	0	0	0	0	0	0	1	2	3	4	2	0	8
1260.000	0	35	6	19	0	5	10	7	11	0	4	0	0	1	5	3	7	5	0	0	0	0	0	0	0	0	0	0	0	2	2	9	6	5	0	9
1260.200	0	21	3	18	0	4	7	19	7	0	4	0	0	0	4	5	11	5	0	0	0	0	0	0	0	0	0	0	1	5	3	5	2	2	0	12
1260.400	0	35	5	15	0	2	7	11	6	0	6	0	0	0	11	7	11	5	0	0	0	0	0	0	0	0	0	0	1	2	2	5	5	4	0	8
1260.600	0	27	6	16	0	1	10	17	7	0	5	0	0	1	2	6	17	5	0	0	0	0	0	0	0	0	0	0	1	5	2	0	2	3	0	7
1260.800	0	38	7	15	0	3	3	20	8	0	6	0	0	1	8	9	15	4	0	0	0	0	0	0	0	0	0	0	0	3	2	4	2	4	0	7
1261.000	0	36	3	17	0	3	7	12	4	0	5	0	0	0	2	5	7	4	0	0	0	0	0	0	0	0	0	0	0	5	1	4	1	1	0	8
1261.200	0	27	0	15	1	3	4	11	7	0	5	1	0	2	6	7	6	2	0	0	0	0	0	0	0	0	0	0	1	7	2	4	3	3	0	7
1261.400	0	26	0	14	0	4	6	8	5	0	4	0	0	2	6	7	16	5	0	0	0	0	0	0	0	0	0	0	0	3	2	6	2	5	0	7
1261.600	0	36	6	10	0	4	8	20	10	0	5	0	0	0	11	6	17	5	0	0	0	0	0	0	0	0	1	0	4	3	2	5	5	6	1	10
1261.800	0	26	7	18	0	4	6	14	7	0	5	0	0	1	4	5	15	6	0	0	0	0	0	0	0	0	2	1	3	1	2	8	3	3	0	11
1262.000	0	33	3	16	0	4	9	19	11	0	6	0	0	1	3	4	11	5	0	0	0	0	0	0	0	0	0	0	4	1	2	5	4	3	0	13
1262.200	0	42	4	14	0	5	11	17	5	0	3	0	0	0	4	5	17	5	0	0	0	0	0	0	0	0	0	0	0	3	2	0	3	6	1	12
1262.400	0	38	5	20	1	6	6	19	5	0	4	0	0	0	5	8	11	5	0	0	0	0	0	0	0	0	0	0	2	4	4	2	1	3	1	7
1262.600	0	27	6	17	0	3	10	12	10	0	5	0	0	1	6	6	10	5	0	0	0	0	0	0	0	0	0	0	3	3	2	3	4	4	1	7
1262.800	0	24	6	21	0	3	9	15	10	0	3	0	0	1	0	4	18	5	0	0	0	0	0	0	0	0	0	0	1	0	0	1	0	4	0	8
1263.000	0	33	4	18	1	4	10	15	10	0	5	0	0	2	0	3	14	5	0	0	0	0	0	0	0	0	0	0	2	3	2	0	5	3	0	6
1263.200	0	29	5	20	0	4	13	15	12	0	3	0	0	2	1	5	12	5	0	0	0	0	0	0	0	0	2	0	4	2	3	0	4	3	0	6
1263.400	0	33	3	16	0	2	13	18	8	0	3	0	0	1	9	3	10	5	0	0	0	0	0	0	0	0	0	0	2	3	2	0	3	3	0	5
1263.600	0	30	3	18	1	4	9	15	11	0	3	0	0	1	4	7	16	5	0	0	0	0	0	0	0	0	0	0	1	3	4	0	4	3	0	3
1263.800	0	33	1	13	0	4	14	19	8	0	4	0	0	3	7	5	16	5	0	0	0	0	0	0	0	0	0	0	2	2	5	3	4	2	0	6
1264.000	0	30	9	22	0	4	6	13	10	0	4	0	0	1	6	3	12	5	0	0	0	0	0	0	0	0	0	0	0	3	4	2	2	2	0	10
1264.200	0	19	5	13	0	2	7	16	12	0	3	0	0	6	12	2	17	5	0	0	0	0	0	0	0	0	0	0	0	6	4	0	2	2	0	11
1264.400	0	22	5	20	0	3	6	18	10	0	3	0	0	5	16	4	21	5	0	0	0	0	0	0	0	0	0	0	0	1	2	4	3	3	0	8
1264.600	0	24	5	22	1	3	7	11	6	0	3	0	0	8	13	3	20	5	0	0	0	0	0	0	0	0	0	0	1	1	2	3	11	4	0	9
1264.800	0	23	5	20	0	5	13	13	11	0	6	0	0	6	2	2	12	5	0	0	0	0	0	0	0	0	0	0	0	4	4	4	5	2	0	5
1265.000	0	30	2	14	0	4	6	15	5	0	6	0	0	4	14	5	15	4	0	0	0	0	0	0	0	0	0	0	0	6	2	4	3	1	0	11
1265.200	1	36	5	17	0	4	5	20	11	0	4	0	0	6	12	3	19	3	0	0	0	0	0	0	0	0	1	0	2	3	4	3	4	1	0	9
1265.400	0	26	5	16	0	4	9	16	10	0	5	0	0	10	7	5	17	4	0	0	0	0	0	0	0	0	2	0	2	2	2	3	5	2	0	8
1265.600	0	38	8	16	0	3	7	19	10	0	5	0	0	12	9	6	15	5	0	0	0	0	0	0	0	0	2	0	1	2	2	5	3	2	0	9
1265.800	0	44	5	16	0	5	5	19	9	0	4	0	0	8	11	4	8	4	0	0	0	0	0	0	0	0	1	0	3	1	2	3	6	2	0	8
1266.000	0	41	5	18	0	3	7	16	12	0	5	0	0	5	2	0	17	5	0	0	0	0	0	0	0	0	1	0	3	1	4	3	9	5	0	8
1266.200	0	42	7	18	0	3	7	13	10	0	5	0	0	2	6	4	13	2	0	0	0	0	0	0	0	0	2	0	4	3	2	2	8	4	0	9
1266.400	1	21	4	14	0	4	6	12	6	0	3	0	0	1	3	4	14	0	0	0	0	0	0	0	0	0	3	0	4	1	2	3	2	3	0	8
1266.600	0	24	6	19	0	4	7	15	8	0	5	0	0	3	13	2	12	0	0	0	0	0	0	0	0	0	0	0	2	3	2	3	2	3	0	11
1266.800	2	24	7	19	0	3	3	14	7	0	6	0	0	5	13	5	13	2	0	0	0	0	0	0	0	0	0	0	0	3	4	4	4	1	0	9
1267.000	0	33	8	19	0	2	5	13	8	0	5	0	0	3	10	4	18	5	0	0	0	0	0	0	0	0	0	0	1	3	4	1	4	3	0	10
1267.200	0	34	4	17	1	4	10	17	11	0	4	0	0	5	9	2	12	5	0	0	0	0	0	0	0	0	0	0	0	3	1	5	4	4	0	9
1267.400	0	29	7	16	0	4	6	16	8	0	3	0	0	10	7	2	11	5	0	0	0	0	0	0	0	0	0	0	0	7	2	5	3	2	0	10
1267.600	0	25	5	19	1	4	12	16	12	0	4	0	0	12	15	3	16	4	0	0	0	0	0	0	0	0	0	0	1	8	1	8	5	4	0	11
1267.800	0	22	4	18	0	4	11	18	9	0	3	0	0	5	10	3	16	0	0	0	0	0	0	0	0	0	0	0	0	9	1	6	5	2	0	7
1268.000	0	24	1	15	0	4	7	26	8	0	5	0	0	7	6	1	11	2	0	0	0	0	0	0	0	0	0	0	0	6	2	2	3	4	0	9
1268.200	0	31	2	16	0	2	6	21	7	0	5	0	0	9	13	7	9	4	0	0	0	0	0	0	0	0	0	0	0	3	2	4	2	2	0	9
1268.400	0	31	1	15	0	3	9	20	10	0	4	0	0	13	10	1	15	4	0	0	0	0	0	0	0	0	0	0	0	2	3	2	3	2	0	13
1268.600	0	39	6	21	0	3	5	20	10	0	5	0	0	16	6	0	12	5	0	0	0	0	0	0	0	0	0	0	0	5	2	4	10	5	0	10
1268.800	0	32	8	17	0	1	6	13	12	0	5	0	0	14	10	3	16	6	0	0	0	0	0	0	0	0	0	0	0	5	2	2	2	2	0	11
1269.000	1	30	5	19	1	3	8	16	9	0	5	0	0	6	10	0	18	5	0	0	0	0	0	0	0	0	0	0	0	0	2	2	1	2	0	12
1269.200	0	21	5	19	0	3	12	20	10	0	3	0	0	11	12	2	13	5	0	0	0	0	0	0	0	0	0	0	1	5	2	9	3	3	0	10
1269.400	0	20	5	21	1	3	10	21	10	0	4	0	0	8	10	3	17	4	0	0	0	0	0	0	0	0	0	0	0	4	3	7	4	1	0	13
1269.600	0	24	4	21	1	5	13	15	9	0	5	0	0	8	11	2	16	2	0	0	0	0	0	0	0	0	0	0	0	4	1	5	3	2	0	11
1269.800	0	27	5	19	0	5	6	15	10	0	5	0	0	7	7	6	15	0	0	0	0	0	0	0	0	0	0	0	0	0	1	3	4	1	0	14
1270.000	0	28	4	17	1	5	10	14	12	0	5	0	0	9	11	2	11	0	0	0	0	0	0	0	0	0	0	0	0	0	0	2	5	1	0	9
1270.200	0	21	1	17	0	6	11	13	10	0	5	0	0	11	10	5	19	0	0	0	0	0	0	0	0	0	0	0	0	0	1	2	1	2	0	11
1270.400	0	24	5	16	0	3	9	16	8	0	2	0	0	7	11	7	12	0	0	0	0	0	0	0	0	0	0	0	0	0	1	1	3	2	0	11
1270.600	0	14	4	16	0	3	10	5	10	0	5	0	0	12	14	6	1	0	0	0	0	0	0	0	0	0	0	0	0	0	0	0	3	2	0	14
1270.800	0	26	7	18	0	5	7	15	10	0	5	1	0	16	13	4	8	0	0	0	0	0	0	0	0	0	0	0	0	0	1	1	3	2	0	14
1271.000	0	46	6	18	0	4	11	16	10	0	1	0	0	12	6	5	11	0	0	0	0	0	0	0	0	0	0	0	0	0	1	1	5	2	0	8
1271.200	0	35	7	15	0	4	10	18	10	0	5	0	0	7	10	8	7	0	0	0	0	0	0	0	0	0	0	0	0	0	0	1	3	2	0	9
1271.400	0	31	4	18	0	3	7	13	6	0	4	0	0	15	14	9	14	1	0	0	0	0	0	0	0	0	0	0	0	0	1	1	4	4	0	7
1271.600	0	23	5	19	0	2	10	21	11	0	6	0	0	7	12	3	9	1	0	0	0	0	0	0	0	0	1	0	0	0	0	0	3	2	0	5
1271.800	0	22	0	19	0	3	6	21	5	0	4	0	0	5	16	4	15	1	0	0	0	0	0	0	0	0	0	0	0	0	0	1	1	2	0	7
1272.000	0	23	1	18	0	4	9	16	12	0	4	0	0	7	11	4	17	1	0	0	0	0	0	0	0	0	0	0	0	0	0	1	1	2	0	7
1272.200	0	23	0	16	0	3	8	11	11	0	5	0	0	1	10	4	19	0	0	0	0	0	0	0	0	0	0	0	0	0	0	3	1	3	0	10
1272.400	1	26	2	12	0	3	13	15	11	0	5	0	0	5	11	4	13	2	0	0	0	0	0	0	0	0	0	0	0	0	1	2	3	2	0	10
1272.600	0	40	7	20	0	2	6	23	13	0	3	0	0	4	13	3	16	2	0	0	0	0	0	0	0	0	0	0	0	0	1	2	3	4	0	10
1272.800	0	46	8	21	0	2	7	17	9	0	2	0	0	3	13	7	16	2	0	0	0	0	0	0	0	0	0	0	0	0	0	0	1	3	0	9
1273.000	0	51	6	16	0	4	6	17	11	0	3	0	0	5	12	7	15	2	0	0	0	0	0	0	0	0	0	0	0	0	0	0	3	2	0	12
1273.200	0	44	1	18	0	2	7	21	12	0	2	0	0	5	12	3	17	0	0	0	0	0	0	0	0	0	0	0	0	0	1	1	2	2	0	7
1273.400	0	31	0	16	0	4	6	19	10	0	4	0	0	6	12	5	18	0	0	0	0	0	0	0	0	0	0	0	0	0	2	0	3	2	0	11
1273.600	0	30	6	17	0	5	10	15	11	0	4	0	0	4	12	3	15	3	0	0	0	0	0	0	0	0	0	0	0	0	1	0	3	2	0	12
1273.800	0	34	6	16	0	3	4	17	9	0	4	0	0	4	15	5	15	3	0	0	0	0	0	0	0	0	0	0	0	0	0	0	3	2	0	11
1274.000	0	24	5	18	0	5	8	19	12	0	4	0	0	8	13	4	7	0	0	0	0	0	0	0	0	0	0	0	0	0	0	3	1	2	0	12
1274.200	0	34	6	21	0	3	3	11	11	0	4	0	0	4	12	6	18	3	0	0	0	0	0	0	0	0	0	0	0	0	0	0	3	3	0	12
1274.400	0	30	5	19	0	2	8	18	9	0	4	0	0	0	8	7	18	0	0	0	0	0	0	0	0	0	0	0	0	0	1	4	3	2	0	8
1274.600	0	35	8	21	0	4	8	14	13	0	4	0	0	4	6	10	12	3	0	0	0	0	0	0	0	0	0	0	0	0	1	2	4	2	0	12
1274.800	0	24	6	16	0	3	6	15	8	0	6	0	0	6	7	10	14	3	0	0	0	0	0	0	0	0	0	0	0	0	0	2	3	2	0	12
1275.000	0	30	8	17	0	3	7	12	9	0	4	0	0	2	5	4	15	7	0	0	0	0	0	0	0	0	0	0	0	0	0	5	2	6	2	9
1275.200	0	29	6	19	0	2	4	14	12	0	5	0	0	5	1	4	15	7	0	0	0	0	0	0	0	0	0	0	0	0	0	1	5	4	0	9
1275.400	0	31	6	20	0	4	10	21	8	0	5	0	0	8	9	9	21	9	0	0	0	0	0	0	0	0	0	0	0	0	0	2	3	4	0	9
1275.600	0	13	3	23	0	6	6	14	12	0	4	0	0	8	5	2	18	9	0	0	0	0	0	0	0	0	0	0	0	0	0	1	2	6	1	11
1275.800	0	31	7	13	0	3	8	23	8	0	4	0	0	11	8	6	18	5	0	0	0	0	0	0	0	0	0	0	0	0	1	7	4	5	0	9
1276.000	0	18	3	18	0	4	9	13	5	0	5	0	0	9	6	3	13	5	0	0	0	0	0	0	0	0	1	0	0	0	1	6	3	3	0	9
1276.200	0	39	3	14	0	2	5	14	4	0	3	0	0	11	5	5	12	4	0	0	0	0	0	0	0	0	0	0	0	0	0	2	1	2	0	12
1276.400	0	34	1	17	0	3	6	22	12	0	6	0	0	9	10	11	20	7	0	0	0	0	0	0	0	0	0	0	0	0	0	3	4	3	0	11
1276.600	0	43	5	18	0	3	9	14	8	0	5	0	0	13	13	7	18	6	0	0	0	0	0	0	0	0	0	0	0	0	0	1	5	1	0	13
1276.800	0	28	7	19	0	2	7	14	11	0	3	0	0	16	7	2	14	5	0	0	0	0	0	0	0	0	0	0	0	0	0	2	2	4	0	12
1277.000	0	28	6	22	1	2	7	17	10	0	5	0	0	3	7	5	17	1	0	0	0	0	0	0	0	0	0	0	0	0	0	2	4	2	0	12
1277.200	1	37	7	24	0	4	5	14	8	0	4	0	0	6	3	3	5	3	0	0	0	0	0	0	0	0	0	0	0	0	0	2	3	2	0	10
1277.400	0	37	7	17	0	3	8	14	6	0	4	0	0	7	1	3	0	1	0	0	0	0	0	0	0	0	0	0	0	0	0	1	0	3	2	11
1277.600	0	33	2	20	0	7	13	6	9	0	3	0	0	4	0	1	0	10	0	0	0	0	0	0	0	0	0	0	0	0	0	1	3	4	0	12
1277.800	0	12	0	17	0	5	8	12	8	0	4	0	0	9	0	4	2	8	0	0	0	0	0	0	0	0	0	0	0	0	0	4	5	3	0	10
1278.000	0	30	2	18	0	4	8	11	8	0	6	0	0	11	7	7	5	5	0	0	0	0	0	0	0	0	0	0	0	0	0	0	1	3	0	10
1278.200	0	40	6	16	0	3	10	15	11	0	6	0	0	10	3	6	4	7	0	0	0	0	0	0	0	0	0	0	0	0	0	1	3	2	0	9
1278.400	0	22	1	13	0	2	8	10	9	0	5	0	0	9	0	6	8	7	0	0	0	0	0	0	0	0	0	0	0	0	1	2	3	2	0	8
1278.600	0	14	0	17	0	5	12	9	11	0	5	0	0	10	1	5	3	10	0	0	0	0	0	0	0	0	0	0	0	0	0	1	5	1	0	7
1278.800	0	20	0	14	0	5	8	12	11	0	5	0	0	9	5	8	9	4	0	0	0	0	0	0	0	0	0	0	0	0	0	1	3	2	0	8
1279.000	0	37	5	19	0	2	6	12	9	0	6	0	0	7	2	4	0	5	0	0	0	0	0	0	0	0	1	0	0	0	0	1	3	2	0	8
1279.200	0	23	0	19	0	3	9	10	9	0	6	0	0	12	1	3	4	3	0	0	0	0	0	0	0	0	0	0	0	0	0	0	7	2	0	12
1279.400	0	28	3	19	0	5	9	11	12	0	5	0	0	11	0	3	4	8	0	0	0	0	0	0	0	0	1	0	0	0	0	2	3	2	0	9
1279.600	0	36	4	13	0	4	11	10	7	0	4	0	0	9	5	6	2	0	0	0	0	0	0	0	0	0	0	0	0	0	1	3	4	4	0	8
1279.800	0	32	1	17	0	4	9	12	6	0	4	0	0	5	0	2	4	6	0	0	0	0	0	0	0	0	0	0	0	0	0	3	5	2	0	9
1280.000	0	43	5	16	0	4	4	20	7	0	4	0	0	2	3	7	5	11	0	0	0	0	0	0	0	0	0	0	0	0	0	0	4	5	0	11
1280.200	0	29	3	16	0	3	7	16	5	0	6	0	0	15	2	2	1	2	0	0	0	0	0	0	0	0	0	0	0	0	0	1	3	2	0	6
1280.400	0	26	0	13	0	3	8	14	15	0	6	0	0	6	5	5	13	10	0	0	0	0	0	0	0	0	0	0	0	0	0	0	3	4	0	9
1280.600	0	37	3	17	0	4	4	17	9	0	4	0	0	9	3	7	6	9	0	0	0	0	0	0	0	0	0	0	0	0	0	1	4	3	0	9
1280.800	0	23	7	19	0	4	3	9	9	0	6	0	0	9	6	3	5	11	0	0	0	0	0	0	0	0	0	0	0	0	0	2	5	2	0	8
1281.000	0	11	0	11	0	2	7	11	8	0	6	0	0	9	5	9	5	8	0	0	0	0	0	0	0	0	0	0	0	0	1	2	3	2	0	12
1281.200	0	33	8	19	0	2	1	15	0	0	3	0	0	9	4	7	8	7	0	0	0	0	0	0	0	0	1	0	0	0	1	0	3	2	0	9
1281.400	0	38	4	14	0	2	3	22	1	0	6	0	0	8	5	4	9	7	0	0	0	0	0	0	0	0	1	0	0	0	0	0	3	2	0	8
1281.600	0	21	1	18	0	3	4	14	0	0	4	0	0	9	4	2	7	6	0	0	0	0	0	0	0	0	0	0	0	0	0	0	3	2	0	10
1281.800	0	28	3	13	0	3	5	21	0	0	4	0	0	8	8	3	3	7	0	0	0	0	0	0	0	0	0	0	0	0	0	0	3	2	0	8
1282.000	0	36	4	17	0	2	4	20	0	0	6	0	0	10	1	6	4	7	0	0	0	0	0	0	0	0	0	0	0	0	0	0	3	3	0	11
1282.200	0	28	7	21	0	3	3	18	0	0	5	0	0	12	6	3	4	7	0	0	0	0	0	0	0	0	0	0	0	0	0	0	5	1	0	9
1282.400	0	32	7	17	0	3	7	16	0	0	5	0	0	14	1	3	7	8	0	0	0	0	0	0	0	0	2	0	0	0	1	3	4	1	0	11
1282.600	0	27	4	18	0	1	6	19	0	0	5	0	0	11	3	5	7	6	0	0	0	0	0	0	0	0	0	0	0	0	0	3	3	2	0	11
1282.800	0	17	0	18	0	5	5	15	0	0	6	0	0	11	5	4	3	1	0	0	0	0	0	0	0	0	0	0	0	0	0	2	6	2	0	9
1283.000	0	38	7	18	0	2	3	20	0	0	6	0	0	9	4	9	14	3	0	0	0	0	0	0	0	0	0	0	0	0	0	1	3	2	0	11
1283.200	0	39	6	18	0	5	5	13	0	0	5	0	0	8	5	4	8	0	0	0	0	0	0	0	0	0	0	0	0	0	0	2	3	1	0	8
1283.400	0	39	3	17	0	3	8	16	0	0	6	0	0	10	5	7	8	1	0	0	0	0	0	0	0	0	0	0	0	0	0	0	0	2	0	12
1283.600	0	24	1	17	0	3	1	13	0	0	3	0	0	13	6	3	9	0	0	0	0	0	0	0	0	0	0	0	0	0	0	0	3	3	0	7
1283.800	0	42	5	14	0	3	8	14	0	0	4	0	0	7	5	9	6	0	0	0	0	0	0	0	0	0	1	0	0	0	0	0	3	2	0	9
1284.000	0	35	3	14	0	4	5	17	0	0	4	0	0	9	7	10	11	0	0	0	0	0	0	0	0	0	0	0	0	0	0	0	3	2	0	7
1284.200	0	27	2	16	0	3	5	18	0	0	5	0	0	5	0	1	16	0	0	0	0	0	0	0	0	0	0	0	0	0	0	0	4	3	0	10
1284.400	0	41	3	18	0	3	4	19	0	0	6	0	0	6	5	6	14	0	0	0	0	0	0	0	0	0	0	0	0	0	0	3	5	5	0	8
1284.600	0	38	0	19	0	5	1	18	0	0	5	0	0	5	3	6	8	0	0	0	0	0	0	0	0	0	1	0	0	0	0	4	4	5	0	9
1284.800	0	36	2	14	0	3	2	14	0	0	5	0	0	6	6	4	15	0	0	0	0	0	0	0	0	0	0	0	0	0	0	3	1	2	0	10
1285.000	0	25	1	17	0	3	4	16	0	0	4	0	0	6	6	6	10	0	0	0	0	0	0	0	0	0	0	0	0	0	0	3	3	2	0	13
1285.200	0	27	0	21	0	4	7	18	0	0	4	0	0	6	7	5	11	0	0	0	0	0	0	0	0	0	1	0	0	0	0	1	3	2	0	9
1285.400	0	33	7	19	1	1	7	16	0	0	6	0	0	11	9	5	16	2	0	0	0	0	0	0	0	0	1	0	0	0	1	0	3	2	0	8
1285.600	0	43	5	18	1	3	8	18	0	0	4	0	0	11	3	8	13	0	0	0	0	0	0	0	0	0	1	0	0	0	1	0	3	2	0	7
1285.800	0	30	5	15	1	2	5	23	0	0	5	0	0	12	1	0	11	0	0	0	0	0	0	0	0	0	1	0	0	0	0	2	1	3	0	10
1286.000	0	33	0	18	1	4	7	12	0	0	5	0	0	12	0	1	11	0	0	0	0	0	0	0	0	0	0	0	0	0	0	0	4	3	0	9
1286.200	0	36	6	22	0	3	2	12	0	0	5	0	0	9	0	5	8	0	0	0	0	0	0	0	0	0	1	0	0	0	0	0	1	3	0	14
1286.400	0	37	5	19	0	5	6	21	0	0	5	0	0	3	0	4	0	0	0	0	0	0	0	0	0	0	0	0	0	0	0	4	3	2	0	8
1286.600	0	19	7	17	0	4	5	13	0	0	5	0	0	12	0	5	2	4	0	0	0	0	0	0	0	0	0	0	0	0	0	1	5	2	0	10
1286.800	0	30	3	17	0	3	4	9	0	0	3	0	0	6	0	3	1	4	0	0	0	0	0	0	0	0	0	0	0	0	0	0	3	2	0	6
1287.000	0	40	1	18	0	4	8	14	0	0	5	0	0	9	4	2	2	2	0	0	0	0	0	0	0	0	0	0	0	0	0	0	3	4	0	7
1287.200	0	23	4	16	0	3	2	14	0	0	6	0	0	4	6	9	4	3	0	0	0	0	0	0	0	0	0	0	0	0	0	2	3	3	0	13
1287.400	0	40	0	19	0	5	3	19	0	0	4	0	0	6	2	9	1	4	0	0	0	0	0	0	0	0	0	0	0	0	0	1	4	3	0	11
1287.600	0	47	3	16	0	4	5	10	0	0	4	0	0	9	2	0	3	2	0	0	0	0	0	0	0	0	0	0	0	0	0	2	2	2	0	9
1287.800	0	36	0	17	0	4	5	20	0	0	4	0	0	7	7	9	8	6	0	0	0	0	0	0	0	0	0	0	0	0	1	2	4	4	0	8
1288.000	0	29	0	20	0	4	5	19	0	0	5	0	0	10	2	6	6	1	0	0	0	0	0	0	0	0	0	0	0	0	0	4	3	3	0	5
1288.200	0	42	1	16	1	5	7	13	0	0	6	0	0	9	1	1	8	0	0	0	0	0	0	0	0	0	0	0	0	0	1	4	3	2	0	10
1288.400	0	40	1	19	0	4	5	17	0	0	6	0	0	8	2	4	9	0	0	0	0	0	0	0	0	0	0	0	0	0	1	4	5	3	0	11
1288.600	0	40	1	20	1	2	4	11	0	0	4	0	0	6	7	5	14	0	0	0	0	0	0	0	0	0	0	0	0	0	0	0	3	3	0	5
1288.800	0	36	5	16	0	1	3	8	0	0	6	0	0	7	2	2	11	0	0	0	0	0	0	0	0	0	0	0	0	0	1	5	3	2	0	8
1289.000	0	38	6	18	1	5	6	19	0	0	5	0	0	7	2	1	16	0	0	0	0	0	0	0	0	0	0	0	0	0	1	6	5	2	0	7
1289.200	0	42	6	23	0	2	4	22	0	0	4	0	0	6	5	9	10	0	0	0	0	0	0	0	0	0	0	0	0	0	2	4	5	1	0	9
1289.400	0	32	0	18	0	1	6	23	0	0	6	0	0	9	2	0	2	0	0	0	0	0	0	0	0	0	0	0	0	0	0	0	1	2	0	8
1289.600	0	30	0	15	1	6	6	17	0	0	5	0	0	13	1	1	13	0	0	0	0	0	0	0	0	0	0	0	0	0	1	3	3	2	0	10
1289.800	0	44	4	15	1	3	1	17	0	0	5	0	0	11	0	1	6	0	0	0	0	0	0	0	0	0	0	0	0	0	1	0	3	1	0	10
1290.000	0	34	6	15	1	3	4	14	0	0	4	0	0	3	9	2	18	0	0	0	0	0	0	0	0	0	0	0	0	0	0	4	3	2	0	7
1290.200	0	32	3	15	0	1	4	15	0	0	6	0	0	1	3	2	12	0	0	0	0	0	0	0	0	0	0	0	0	0	1	3	6	2	0	9
1290.400	0	45	6	13	0	2	3	11	0	0	6	0	0	2	3	2	17	0	0	0	0	0	0	0	0	0	0	0	0	0	0	4	4	2	0	10
1290.600	0	32	6	12	1	1	1	14	0	0	6	0	0	12	2	3	5	0	0	0	0	0	0	0	0	0	0	0	0	0	0	0	4	3	0	7
1290.800	0	14	0	17	0	2	5	15	0	0	4	0	0	7	14	5	5	0	0	0	0	0	0	0	0	0	0	0	0	0	0	4	3	4	0	8
1291.000	0	30	4	14	0	2	3	17	0	0	5	0	0	6	8	2	2	0	0	0	0	0	0	0	0	0	0	0	0	0	0	1	5	4	0	10
1291.200	0	29	0	15	0	2	4	19	0	0	4	0	0	5	4	4	8	0	0	0	0	0	0	0	0	0	0	0	0	0	0	0	3	3	0	11
1291.400	0	23	0	16	0	2	4	13	0	0	4	0	0	3	10	1	9	0	0	0	0	0	0	0	0	0	0	0	0	0	0	0	4	3	0	12
1291.600	0	27	2	18	0	5	4	15	0	0	6	0	0	1	7	5	10	0	0	0	0	0	0	0	0	0	0	0	0	0	0	4	4	4	0	12
1291.800	0	20	2	20	0	2	5	11	0	0	5	0	0	3	6	2	17	0	0	0	0	0	0	0	0	0	0	0	0	0	1	1	3	2	0	8
1292.000	0	25	0	16	0	2	7	17	0	0	5	0	0	3	1	3	8	0	0	0	0	0	0	0	0	0	0	0	0	0	2	3	2	2	0	8
1292.200	0	22	1	18	0	1	4	22	0	0	5	0	0	2	7	2	16	0	0	0	0	0	0	0	0	0	0	0	0	0	0	3	1	2	0	9
1292.400	0	25	0	18	0	2	10	10	0	0	6	0	0	5	8	3	6	0	0	0	0	0	0	0	0	0	0	0	0	0	0	1	3	3	0	12
1292.600	0	39	7	18	0	2	3	18	0	0	5	0	0	6	8	2	9	0	0	0	0	0	0	0	0	0	0	0	0	0	0	5	2	3	0	10
1292.800	0	36	6	16	0	2	7	19	0	0	6	0	0	4	15	7	8	0	0	0	0	0	0	0	0	0	0	0	0	0	1	3	3	2	0	12
1293.000	0	25	2	19	0	1	2	19	0	0	4	0	0	5	12	5	9	0	0	0	0	0	0	0	0	0	0	0	0	0	0	2	2	3	0	6
1293.200	0	22	7	16	0	2	6	15	0	0	4	0	0	5	10	1	13	0	0	0	0	0	0	0	0	0	0	0	0	0	0	3	6	4	0	9
1293.400	0	25	0	15	0	3	7	17	0	0	5	0	0	4	12	2	11	0	0	0	0	0	0	0	0	0	0	0	0	0	0	3	6	2	0	8
1293.600	0	23	2	17	0	3	4	19	0	0	4	1	0	7	11	4	6	0	0	0	0	0	0	0	0	0	0	0	0	0	1	3	3	2	0	8
1293.800	0	44	7	16	0	6	5	19	0	0	4	0	0	12	4	0	3	0	0	0	0	0	0	0	0	0	0	0	0	0	4	3	3	2	0	10
1294.000	0	31	7	20	0	2	5	16	0	0	6	0	0	12	9	9	11	0	0	0	0	0	0	0	0	0	0	0	0	0	1	7	4	3	2	11
1294.200	0	34	7	22	0	1	5	17	0	0	5	0	0	13	15	3	3	0	0	0	0	0	0	0	0	0	0	0	0	0	1	2	7	2	0	11
1294.400	0	27	5	22	0	4	5	15	0	0	6	0	0	12	12	6	17	0	0	0	0	0	0	0	0	0	0	0	0	0	0	4	4	1	0	5
1294.600	0	19	3	18	1	3	5	13	0	0	4	0	0	11	11	3	13	0	0	0	0	0	0	0	0	0	0	0	0	0	0	0	3	1	0	7
1294.800	0	37	3	18	0	4	6	15	0	0	3	1	0	10	13	4	13	0	0	0	0	0	0	0	0	0	0	0	0	0	1	3	5	2	0	9
1295.000	0	45	6	19	0	2	4	12	0	0	5	0	0	13	10	4	7	0	0	0	0	0	0	0	0	0	0	0	0	0	1	1	4	2	0	12
1295.200	0	38	6	22	0	2	3	20	0	0	6	0	0	14	15	2	6	0	0	0	0	0	0	0	0	0	0	0	0	0	0	3	5	1	0	12
1295.400	0	17	3	17	0	1	3	15	0	0	6	1	0	10	10	3	1	0	0	0	0	0	0	0	0	0	0	0	0	0	1	3	3	3	0	10
1295.600	0	29	6	19	0	3	1	15	0	0	5	1	0	3	12	4	12	0	0	0	0	0	0	0	0	0	0	0	0	0	0	1	3	3	0	9
1295.800	0	40	8	18	0	4	4	20	0	0	6	0	0	4	7	1	8	0	0	0	0	0	0	0	0	0	0	0	0	0	0	0	1	0	0	6
1296.000	0	41	7	21	0	2	2	15	0	0	4	0	0	1	10	4	5	0	0	0	0	0	0	0	0	0	1	0	0	0	0	1	4	4	0	13
1296.200	0	43	6	22	0	3	4	18	0	0	6	0	0	2	6	0	9	0	0	0	0	0	0	0	0	0	0	0	0	0	0	0	4	2	0	5
1296.400	0	30	4	16	0	5	4	15	0	0	5	0	0	2	8	1	1	0	0	0	0	0	0	0	0	0	0	0	0	0	0	0	3	2	0	13
1296.600	0	47	1	12	0	2	6	12	0	0	6	0	0	3	10	3	5	1	0	0	0	0	0	0	0	0	0	0	0	0	0	0	1	2	0	11
1296.800	0	37	0	15	0	4	3	16	0	0	5	0	0	5	11	6	7	1	0	0	0	0	0	0	0	0	0	0	0	0	0	0	1	2	0	10
1297.000	0	28	5	19	1	3	5	17	0	0	5	0	0	4	7	3	10	0	0	0	0	0	0	0	0	0	0	0	0	0	1	3	4	2	0	10
1297.200	0	38	3	14	0	5	3	14	0	0	6	0	0	7	9	0	8	0	0	0	0	0	0	0	0	0	0	0	0	0	0	0	4	1	0	11
1297.400	0	23	1	18	0	2	2	12	0	0	5	0	0	5	8	0	14	0	0	0	0	0	0	0	0	0	0	0	0	0	0	2	3	4	0	9
1297.600	0	20	4	23	0	1	7	17	0	0	6	0	0	4	12	3	15	0	0	0	0	0	0	0	0	0	0	0	0	0	0	1	3	3	0	10
1297.800	0	32	3	13	0	3	4	14	0	0	4	0	0	5	14	4	12	0	0	0	0	0	0	0	0	0	0	0	0	0	0	1	3	4	0	9
1298.000	0	30	5	18	0	3	3	19	0	0	5	0	0	7	12	5	17	0	0	0	0	0	0	0	0	0	0	0	0	0	1	4	4	4	0	11
1298.200	0	29	7	21	0	4	5	18	0	0	4	0	0	4	9	3	14	0	0	0	0	0	0	0	0	0	0	0	0	0	0	0	4	5	0	10
1298.400	0	34	7	19	0	5	5	21	0	0	4	0	0	4	12	3	11	0	0	0	0	0	0	0	0	0	0	0	0	0	0	1	4	4	0	10
1298.600	0	25	3	15	0	2	7	16	0	0	4	0	0	1	9	3	13	0	0	0	0	0	0	0	0	0	0	0	0	0	0	1	3	4	0	10
1298.800	0	40	3	20	0	4	2	17	0	0	4	0	0	4	11	4	18	0	0	0	0	0	0	0	0	0	1	0	0	0	0	0	1	1	0	10
1299.000	0	39	7	24	0	5	1	17	0	0	6	0	0	5	12	7	13	0	0	0	0	0	0	0	0	0	0	0	0	0	0	0	4	2	0	9
1299.200	0	33	8	23	1	9	3	24	0	0	3	0	0	1	8	3	7	0	0	0	0	0	0	0	0	0	0	0	0	0	0	0	3	2	0	8
1299.400	0	34	3	14	0	3	1	18	0	0	5	0	0	4	14	4	17	0	0	0	0	0	0	0	0	0	0	0	0	0	0	0	4	2	0	13
1299.600	0	35	4	17	1	2	9	15	0	0	4	0	0	5	12	7	7	0	0	0	0	0	0	0	0	0	0	0	0	0	0	0	1	3	0	8
1299.800	0	39	2	15	1	3	2	16	0	0	5	0	0	5	14	6	6	0	0	0	0	0	0	0	0	0	0	0	0	0	0	7	5	1	0	11
1300.000	0	32	7	17	0	5	4	21	0	0	5	0	0	5	10	3	13	0	0	0	0	0	0	0	0	0	0	0	0	0	0	1	3	1	0	10
1300.200	0	43	7	18	0	3	4	24	0	0	5	0	0	4	13	4	9	0	0	0	0	0	0	0	0	0	0	0	0	0	0	1	3	1	0	13
1300.400	0	42	3	16	0	2	5	19	0	0	5	0	0	9	11	7	20	0	0	0	0	0	0	0	0	0	1	0	0	0	0	1	3	2	0	10
1300.600	0	42	5	20	0	3	3	20	0	0	4	0	0	12	13	3	9	0	0	0	0	0	0	0	0	0	0	0	0	0	0	0	1	2	0	8
1300.800	0	44	7	20	0	3	5	16	0	0	5	0	0	5	14	5	9	0	0	0	0	0	0	0	0	0	0	0	0	0	1	5	2	4	0	9
1301.000	0	31	6	20	0	2	2	17	0	0	5	0	0	7	15	4	11	0	0	0	0	0	0	0	0	0	0	0	0	3	3	11	3	4	0	9
1301.200	0	17	6	19	0	4	3	17	0	0	4	0	0	8	14	6	18	0	0	0	0	0	0	0	0	0	0	0	0	6	2	6	2	3	0	11
1301.400	0	36	2	18	1	4	4	17	0	0	5	0	0	11	13	4	16	0	0	0	0	0	0	0	0	0	0	0	0	2	3	3	3	2	0	11
1301.600	0	35	7	21	1	4	3	23	0	0	6	0	0	1	11	9	12	0	0	0	0	0	0	0	0	0	0	0	0	3	4	3	0	1	0	13
1301.800	0	36	7	19	0	3	5	18	0	0	3	0	0	2	11	3	2	0	0	0	0	0	0	0	0	0	0	0	0	5	2	5	4	2	0	10
1302.000	0	30	8	17	0	1	9	19	0	0	5	0	0	4	12	7	8	0	0	0	0	0	0	0	0	0	0	0	0	6	2	13	3	3	0	10
1302.200	0	33	7	18	0	0	3	16	0	0	4	0	0	6	16	4	12	0	0	0	0	0	0	0	0	0	0	0	0	4	2	4	3	3	0	12
1302.400	0	37	7	22	0	3	2	26	0	0	5	0	0	3	8	5	13	4	0	0	0	0	0	0	0	0	0	0	0	2	2	11	3	2	0	13
1302.600	0	36	3	15	0	2	3	15	0	0	5	0	0	5	12	2	6	3	0	0	0	0	0	0	0	0	0	0	0	7	2	4	4	1	0	12
1302.800	0	44	4	22	0	3	3	24	0	0	5	0	0	9	9	5	15	2	0	0	0	0	0	0	0	0	0	0	0	4	3	5	3	2	0	7
1303.000	0	39	5	24	0	4	2	14	0	0	4	1	0	11	13	10	9	4	0	0	0	0	0	0	0	0	0	0	1	3	1	4	3	2	0	9
1303.200	0	35	5	21	0	1	3	9	0	0	5	0	0	13	10	4	18	5	0	0	0	0	0	0	0	0	0	0	0	3	4	6	1	3	0	4
1303.400	0	38	7	19	0	2	5	17	0	0	5	0	0	13	14	3	13	4	0	0	0	0	0	0	0	0	0	0	0	3	4	8	3	2	0	11
1303.600	0	33	6	18	0	5	5	22	0	0	3	0	0	16	14	3	4	4	0	0	0	0	0	0	0	0	0	0	0	4	5	6	3	2	0	11
1303.800	0	32	4	20	0	1	4	11	0	0	4	0	0	13	13	3	17	3	0	0	0	0	0	0	0	0	0	0	0	3	4	5	3	2	0	8
1304.000	0	26	8	19	0	2	3	17	0	0	5	1	0	12	13	3	4	5	0	0	0	0	0	0	0	0	0	0	0	4	4	6	5	5	0	12
1304.200	0	36	5	20	0	1	1	17	0	0	5	0	0	13	12	5	10	5	0	0	0	0	0	0	0	0	0	0	2	3	4	3	3	2	0	12
1304.400	0	23	6	23	0	2	2	16	0	0	5	0	0	12	17	3	11	5	0	0	0	0	0	0	0	0	0	0	0	4	4	2	2	4	0	10
1304.600	0	21	6	20	0	2	5	22	0	0	4	0	0	8	12	4	16	5	0	0	0	0	0	0	0	0	0	0	0	4	4	9	2	4	0	8
1304.800	0	23	7	21	0	2	8	17	0	0	5	0	0	10	9	3	5	4	0	0	0	0	0	0	0	0	0	0	1	5	2	4	2	2	0	12
1305.000	0	21	8	21	0	0	8	19	0	0	5	0	0	10	11	3	7	3	0	0	0	0	0	0	0	0	0	0	0	5	1	5	3	2	0	12
1305.200	0	30	5	18	0	2	8	21	0	0	5	0	0	6	11	2	13	5	0	0	0	0	0	0	0	0	0	0	0	4	1	5	4	2	0	11
1305.400	0	29	8	28	0	2	3	19	0	0	4	0	0	5	9	0	13	5	0	0	0	0	0	0	0	0	0	0	0	8	2	4	3	2	0	13
1305.600	0	28	6	24	0	0	2	14	0	0	3	0	0	7	15	6	11	2	0	0	0	0	0	0	0	0	0	0	0	4	2	6	3	2	0	9
1305.800	0	15	4	21	0	0	4	24	0	0	4	0	0	5	13	2	9	1	0	0	0	0	0	0	0	0	0	0	1	5	1	11	8	2	0	12
1306.000	0	19	4	18	0	1	5	18	0	0	6	0	0	3	10	4	14	0	0	0	0	0	0	0	0	0	0	0	0	5	1	10	1	3	0	9
1306.200	0	30	7	19	0	0	4	16	0	0	5	0	0	5	11	0	14	1	0	0	0	0	0	0	0	0	0	0	0	3	2	9	3	5	0	14
1306.400	0	25	3	21	0	2	6	24	0	0	5	0	0	1	10	0	16	0	0	0	0	0	0	0	0	0	0	0	0	3	3	6	4	3	0	9
1306.600	0	30	7	21	0	4	7	19	0	0	5	0	0	6	13	2	7	0	0	0	0	0	0	0	0	0	0	0	0	3	2	3	2	2	0	10
1306.800	0	21	5	21	0	2	5	28	0	0	4	0	0	11	9	3	16	0	0	0	0	0	0	0	0	0	0	0	0	3	1	3	2	2	0	12
1307.000	0	39	8	22	0	2	3	19	0	0	5	0	0	3	12	6	15	0	0	0	0	0	0	0	0	0	0	0	0	4	1	11	3	2	0	13
1307.200	0	29	4	18	0	3	2	24	0	0	5	0	0	11	13	3	8	0	0	0	0	0	0	0	0	0	0	0	0	3	4	6	2	2	0	11
1307.400	0	33	2	17	0	3	8	19	0	0	4	0	0	6	14	4	11	0	0	0	0	0	0	0	0	0	0	0	0	4	2	6	2	2	0	13
1307.600	0	19	6	20	0	3	10	15	0	0	5	0	0	5	13	0	4	0	0	0	0	0	0	0	0	0	0	0	0	3	3	11	3	2	0	13
1307.800	0	21	7	18	0	1	5	12	0	0	4	0	0	5	14	3	8	0	0	0	0	0	0	0	0	0	0	0	0	3	5	7	3	3	0	13
1308.000	0	21	7	19	0	1	4	23	0	0	5	0	0	7	16	4	1	0	0	0	0	0	0	0	0	0	1	0	0	3	4	9	3	5	0	11
1308.200	0	33	3	21	0	2	3	27	0	0	5	0	0	4	10	2	2	0	0	0	0	0	0	0	0	0	0	0	0	3	5	10	3	2	0	13
1308.400	0	38	5	22	0	2	1	20	0	0	3	0	0	1	11	3	5	0	0	0	0	0	0	0	0	0	0	0	0	4	4	5	2	2	0	9
1308.600	0	37	3	17	0	2	3	21	0	0	3	0	0	5	10	1	7	0	0	0	0	0	0	0	0	0	0	0	0	1	4	5	5	2	0	12
1308.800	0	39	5	22	0	4	5	14	0	0	3	0	0	4	13	4	3	0	0	0	0	0	0	0	0	0	0	0	0	4	1	5	3	2	0	12
1309.000	0	45	4	20	0	2	4	20	0	0	4	0	0	3	13	5	17	0	0	0	0	0	0	0	0	0	0	0	0	3	5	8	4	2	0	12
1309.200	0	38	4	17	0	3	2	14	0	0	3	0	0	3	14	5	3	0	0	0	0	0	0	0	0	0	0	0	0	7	1	12	2	2	0	10
1309.400	0	34	2	23	0	3	6	12	0	0	5	0	0	7	10	1	8	0	0	0	0	0	0	0	0	0	0	0	0	1	2	8	3	2	0	11
1309.600	0	34	4	19	1	5	3	13	0	0	5	0	0	9	13	3	8	0	0	0	0	0	0	0	0	0	0	0	0	6	2	4	3	1	0	9
1309.800	0	32	4	14	1	3	5	16	0	0	4	0	0	2	12	5	11	0	0	0	0	0	0	0	0	0	0	0	0	3	4	9	4	6	1	12
1310.000	0	37	5	22	0	2	6	14	0	0	4	0	0	7	12	2	19	0	0	0	0	0	0	0	0	0	0	0	0	3	4	10	4	3	0	12
1310.200	0	18	4	16	0	2	5	17	0	0	1	0	0	4	11	5	22	0	0	0	0	0	0	0	0	0	1	0	0	4	2	6	1	3	0	10
1310.400	0	31	4	18	0	5	4	20	0	0	5	0	0	5	15	3	9	0	0	0	0	0	0	0	0	0	1	0	0	2	4	5	3	4	0	12
1310.600	0	33	0	13	0	3	6	23	0	0	6	0	0	6	11	2	1	0	0	0	0	0	0	0	0	0	0	0	0	2	5	9	5	2	0	11
1310.800	0	25	2	20	0	2	5	28	0	0	3	0	0	7	13	6	14	0	0	0	0	0	0	0	0	0	0	0	0	1	2	4	4	5	0	10
1311.000	0	22	0	22	0	2	7	22	0	0	5	0	0	4	12	5	11	0	0	0	0	0	0	0	0	0	0	0	0	0	2	5	4	4	0	13
1311.200	0	17	4	24	1	4	1	15	0	0	3	0	0	5	10	2	7	1	0	0	0	0	0	0	0	0	0	0	0	3	4	8	3	2	0	10
1311.400	0	36	8	22	0	5	4	11	0	0	4	0	0	5	14	3	6	3	0	0	0	0	0	0	0	0	0	0	0	0	1	2	3	2	0	12
1311.600	0	19	7	19	0	4	4	15	0	0	3	0	0	5	12	6	8	0	0	0	0	0	0	0	0	0	0	0	0	0	1	5	3	2	0	10
1311.800	0	31	7	24	0	4	5	12	0	0	4	0	0	4	15	4	15	0	0	0	0	0	0	0	0	0	0	0	0	0	2	2	1	3	0	5
1312.000	0	41	8	17	0	2	2	12	0	0	3	0	0	4	10	3	11	0	0	0	0	0	0	0	0	0	0	0	0	0	1	12	2	3	0	9
1312.200	0	43	4	19	0	2	6	22	0	0	4	0	0	4	11	2	17	0	0	0	0	0	0	0	0	0	0	0	0	0	1	3	0	2	0	7
1312.400	0	26	4	19	1	5	8	18	0	0	5	0	0	5	13	5	8	1	0	0	0	0	0	0	0	0	0	0	0	0	1	2	5	2	0	6
1312.600	0	44	1	17	0	5	8	6	0	0	4	0	0	2	7	3	12	0	0	0	0	0	0	0	0	0	0	0	0	0	1	4	3	2	0	10
1312.800	0	40	5	17	0	5	8	16	0	0	3	0	0	2	12	4	12	0	0	0	0	0	0	0	0	0	0	0	0	0	0	7	3	2	0	8
1313.000	0	38	0	18	0	5	9	17	0	0	3	0	0	6	11	2	17	1	0	0	0	0	0	0	0	0	0	0	0	0	1	4	2	2	0	11
1313.200	0	29	2	21	0	5	4	15	0	0	3	0	0	4	10	3	12	0	0	0	0	0	0	0	0	0	0	0	0	0	0	8	3	4	0	8
1313.400	0	21	3	20	0	3	7	13	0	0	4	0	0	5	7	2	9	0	0	0	0	0	0	0	0	0	0	0	0	0	1	3	4	2	0	10
1313.600	0	29	7	20	0	3	6	15	0	0	3	0	0	5	7	7	14	0	0	0	0	0	0	0	0	0	0	0	0	0	1	8	3	2	0	9
1313.800	0	39	7	19	0	3	4	22	0	0	3	0	0	2	4	4	16	0	0	0	0	0	0	0	0	0	0	0	0	0	1	5	2	3	0	8
1314.000	0	33	8	21	0	4	5	21	0	0	4	0	0	4	7	9	14	0	0	0	0	0	0	0	0	0	0	0	0	0	1	5	5	3	0	13
1314.200	0	32	7	19	0	3	3	16	0	0	3	0	0	9	10	5	9	0	0	0	0	0	0	0	0	0	1	0	0	0	0	6	3	3	0	7
1314.400	0	23	8	21	0	3	2	13	0	0	4	0	0	5	14	6	14	1	0	0	0	0	0	0	0	0	0	0	0	0	0	4	2	4	0	8
1314.600	0	37	4	19	0	3	2	15	0	0	4	0	0	5	14	3	3	0	0	0	0	0	0	0	0	0	0	0	0	0	1	8	3	5	0	10
1314.800	0	35	6	21	1	4	4	16	0	0	5	0	0	5	11	6	1	0	0	0	0	0	0	0	0	0	0	0	0	0	0	7	1	5	0	5
1315.000	0	28	1	17	0	4	4	15	0	0	4	0	0	7	14	3	10	1	0	0	0	0	0	0	0	0	0	0	0	0	0	1	4	5	0	8
1315.200	0	41	8	21	0	4	4	14	0	0	4	0	0	3	12	8	7	0	0	0	0	0	0	0	0	0	0	0	0	0	1	5	4	5	0	6
1315.400	0	25	4	13	0	2	5	17	0	0	5	0	0	1	13	8	9	0	0	0	0	0	0	0	0	0	0	0	0	0	0	8	5	4	0	7
1315.600	0	25	6	21	0	3	10	25	0	0	4	0	0	9	12	5	10	0	0	0	0	0	0	0	0	0	0	0	0	0	1	4	3	2	0	8
1315.800	0	31	7	20	0	3	5	16	0	0	4	1	0	9	15	2	19	0	0	0	0	0	0	0	0	0	0	0	0	0	0	1	3	3	0	10
1316.000	0	38	9	21	0	2	5	21	0	0	5	1	0	5	13	3	13	0	0	0	0	0	0	0	0	0	0	0	0	0	1	4	3	2	0	10
1316.200	0	24	7	23	0	3	3	17	0	0	4	0	0	7	10	4	13	0	0	0	0	0	0	0	0	0	0	0	0	0	1	2	4	3	0	10
1316.400	0	32	6	17	0	2	1	18	0	0	6	0	0	6	14	3	10	3	0	0	0	0	0	0	0	0	0	0	0	0	1	6	1	2	0	9
1316.600	0	21	0	15	0	2	4	8	4	0	3	0	0	5	7	3	11	4	0	0	0	0	0	0	0	0	0	0	0	0	4	4	4	2	0	11
1316.800	0	24	7	20	0	4	5	16	6	0	3	0	0	9	12	3	6	2	0	0	0	0	0	0	0	0	1	0	0	0	4	4	10	2	0	11
1317.000	0	21	0	16	0	4	5	18	5	0	4	0	0	2	8	5	10	2	0	0	0	0	0	0	0	0	0	0	0	0	5	5	4	2	0	11
1317.200	0	29	2	14	0	2	2	16	5	0	6	0	0	5	12	4	4	0	0	0	0	0	0	0	0	0	0	0	0	0	1	2	3	3	0	10
1317.400	0	27	6	20	0	2	2	23	0	0	5	0	0	4	11	4	8	0	0	0	0	0	0	0	0	0	0	0	0	0	1	3	4	3	0	12
1317.600	0	28	0	16	0	5	4	26	0	0	3	0	0	10	13	3	10	0	0	0	0	0	0	0	0	0	0	0	0	0	3	2	3	4	0	12
1317.800	1	34	2	15	0	2	5	17	0	0	5	0	0	6	11	3	11	0	0	0	0	0	0	0	0	0	0	0	0	0	2	7	2	4	0	10
1318.000	0	36	4	21	0	2	4	20	0	0	5	0	0	8	11	4	8	0	0	0	0	0	0	0	0	0	0	0	0	0	4	5	3	3	0	14
1318.200	0	26	5	15	0	3	3	15	0	0	5	0	0	10	13	3	9	0	0	0	0	0	0	0	0	0	0	0	0	4	4	3	3	2	0	12
1318.400	0	32	1	18	0	2	4	8	0	0	3	0	0	7	11	7	15	0	0	0	0	0	0	0	0	0	0	0	0	0	2	3	3	2	0	11
1318.600	0	17	1	15	0	3	1	18	0	0	2	0	0	5	12	4	13	0	0	0	0	0	0	0	0	0	0	0	0	3	1	2	3	4	0	9
1318.800	0	17	0	17	0	3	2	18	0	0	3	0	0	12	10	2	15	0	0	0	0	0	0	0	0	0	0	0	0	4	2	7	3	3	0	11
1319.000	0	25	1	18	0	4	1	20	0	0	4	0	0	10	11	2	9	0	0	0	0	0	0	0	0	0	0	0	0	1	2	9	4	4	0	11
1319.200	0	14	3	17	0	5	5	15	0	0	4	0	0	6	9	2	18	0	0	0	0	0	0	0	0	0	0	0	2	2	2	6	5	4	0	10
1319.400	0	31	1	17	0	2	5	23	0	0	2	0	0	7	15	4	12	0	0	0	0	0	0	0	0	0	0	0	0	3	4	2	4	2	0	11
1319.600	0	22	1	15	0	4	3	32	0	0	4	0	0	5	13	5	14	0	0	0	0	0	0	0	0	0	0	0	0	4	3	5	3	2	0	9
1319.800	0	19	4	18	0	2	2	18	0	0	3	0	0	8	14	4	16	0	0	0	0	0	0	0	0	0	0	0	0	5	4	2	1	3	0	11
1320.000	0	23	4	13	0	4	1	20	0	0	5	0	0	6	19	2	16	0	0	0	0	0	0	0	0	0	0	0	0	5	2	5	0	1	0	10
1320.200	0	29	5	18	0	2	1	23	0	0	2	0	0	6	10	3	12	0	0	0	0	0	0	0	0	0	0	0	0	2	4	3	3	2	0	7
1320.400	0	27	4	17	0	4	1	19	0	0	2	0	0	5	9	2	11	0	0	0	0	0	0	0	0	0	0	0	0	3	4	7	1	3	0	12
1320.600	0	36	5	21	0	4	1	18	0	0	4	0	0	3	12	8	11	0	0	0	0	0	0	0	0	0	1	0	0	0	2	6	3	2	0	10
1320.800	0	26	0	16	0	3	1	19	0	0	4	0	0	5	10	2	10	0	0	0	0	0	0	0	0	0	1	0	2	3	1	5	1	3	0	9
1321.000	0	14	4	18	1	4	1	14	0	0	5	0	0	3	12	3	9	0	0	0	0	0	0	0	0	0	0	0	0	6	2	8	2	3	0	12
1321.200	0	27	2	17	0	4	2	23	0	0	3	0	0	6	16	3	12	0	0	0	0	0	0	0	0	0	0	0	0	5	2	3	1	5	0	11
1321.400	0	27	2	18	0	2	1	24	0	0	5	0	0	5	13	4	10	0	0	0	0	0	0	0	0	0	1	0	0	3	3	9	2	5	0	13
1321.600	0	25	4	22	0	3	4	29	0	0	2	0	0	3	7	3	15	0	0	0	0	0	0	0	0	0	0	0	0	4	2	6	4	4	0	12
1321.800	0	22	4	14	0	5	2	22	0	0	3	0	0	10	16	1	1	0	0	0	0	0	0	0	0	0	1	0	1	6	1	10	3	4	0	6
1322.000	0	19	6	22	0	6	6	24	0	0	4	0	0	7	13	4	14	0	0	0	0	0	0	0	0	0	0	0	0	3	4	3	4	3	0	11
1322.200	0	26	5	17	0	3	2	26	0	0	4	0	0	7	10	3	15	0	0	0	0	0	0	0	0	0	0	0	0	5	1	10	5	2	0	8
1322.400	0	25	4	21	0	1	1	24	0	0	2	0	0	8	13	2	11	0	0	0	0	0	0	0	0	0	0	0	0	4	2	10	2	2	0	11
1322.600	0	24	4	20	0	2	2	11	0	0	4	0	0	4	12	4	11	0	0	0	0	0	0	0	0	0	0	0	0	4	2	6	3	2	0	10
1322.800	0	12	4	20	0	3	2	10	0	0	4	0	0	5	14	3	16	0	0	0	0	0	0	0	0	0	0	0	0	3	3	11	4	2	0	11
1323.000	0	27	0	19	0	3	3	18	0	0	3	0	0	5	12	2	16	0	0	0	0	0	0	0	0	0	0	0	0	3	4	5	4	4	0	12
1323.200	0	27	5	21	0	5	2	20	0	0	4	0	0	3	10	3	11	0	0	0	0	0	0	0	0	0	0	0	0	5	0	10	1	4	0	11
1323.400	0	30	7	17	0	3	1	14	0	0	4	0	0	4	11	2	12	0	0	0	0	0	0	0	0	0	0	0	0	2	5	10	2	5	0	11
1323.600	0	17	0	19	0	4	6	27	0	0	3	0	0	2	11	0	8	0	0	0	0	0	0	0	0	0	1	0	0	4	4	5	2	2	0	8
1323.800	0	20	4	16	0	2	1	22	0	0	4	0	0	7	11	3	6	0	0	0	0	0	0	0	0	0	0	0	0	4	2	7	3	4	0	10
1324.000	0	15	2	18	1	3	3	24	0	0	4	0	0	5	14	3	3	1	0	0	0	0	0	0	0	0	0	0	0	3	4	6	5	5	0	12
1324.200	0	12	1	20	0	5	1	22	0	0	4	0	0	5	11	5	8	0	0	0	0	0	0	0	0	0	0	0	0	1	4	8	5	4	0	13
1324.400	0	18	3	22	0	2	0	19	0	0	3	0	0	6	13	3	11	0	0	0	0	0	0	0	0	0	0	0	0	3	5	7	2	3	0	12
1324.600	0	22	3	14	1	2	3	22	0	0	5	0	0	4	8	5	12	0	0	0	0	0	0	0	0	0	0	0	0	3	4	5	3	5	0	13
1324.800	0	21	6	22	0	2	4	20	0	0	2	0	0	8	9	5	9	0	0	0	0	0	0	0	0	0	0	0	0	3	5	6	3	3	0	11
1325.000	0	37	2	14	0	2	3	16	0	0	3	0	0	10	10	4	4	0	0	0	0	0	0	0	0	0	0	0	0	3	2	4	2	2	0	9
1325.200	0	37	6	23	0	3	1	17	0	0	3	0	0	8	11	3	11	0	0	0	0	0	0	0	0	0	0	0	0	0	0	10	2	2	0	11
1325.400	0	42	4	19	0	2	1	15	0	0	4	0	0	6	15	3	14	0	0	0	0	0	0	0	0	0	0	0	0	0	1	2	0	4	1	9
1325.600	0	28	6	21	0	4	0	19	0	0	4	0	0	7	12	0	13	0	0	0	0	0	0	0	0	0	0	0	0	0	2	8	2	4	0	11
1325.800	0	35	4	17	0	3	1	28	0	0	4	0	0	6	11	2	13	3	0	0	0	0	0	0	0	0	0	0	0	0	0	8	3	1	0	8
1326.000	0	21	6	21	0	2	2	14	0	0	3	0	0	8	13	2	7	3	0	0	0	0	0	0	0	0	0	0	0	0	0	5	1	2	0	10
1326.200	0	41	6	21	0	1	0	20	0	0	4	0	0	9	10	1	12	4	0	0	0	0	0	0	0	0	0	0	0	0	1	7	3	2	0	13
1326.400	0	32	6	18	0	1	5	19	0	0	3	0	0	7	14	1	14	3	0	0	0	0	0	0	0	0	0	0	0	0	0	4	1	2	0	6
1326.600	0	39	4	17	0	2	1	20	0	0	5	0	0	6	11	3	9	4	0	0	0	0	0	0	0	0	0	0	0	0	0	3	1	2	0	10
1326.800	0	26	5	21	1	3	5	17	0	0	6	0	0	5	14	3	8	3	0	0	0	0	0	0	0	0	0	0	0	0	1	3	2	2	0	10
1327.000	0	7	3	21	0	3	2	24	0	0	5	0	0	5	13	3	11	2	0	0	0	0	0	0	0	0	1	0	0	0	1	4	2	3	0	10
1327.200	0	24	0	17	1	4	1	27	0	0	4	0	0	6	11	2	16	4	0	0	0	0	0	0	0	0	1	0	0	0	0	6	3	3	0	8
1327.400	0	24	5	13	0	3	4	20	0	0	2	0	0	5	11	2	18	5	0	0	0	0	0	0	0	0	0	0	0	0	0	1	6	4	0	6
1327.600	0	26	4	19	0	4	2	25	0	0	3	0	0	5	12	2	12	5	0	0	0	0	0	0	0	0	0	0	0	0	0	7	3	2	0	7
1327.800	0	35	1	16	0	1	2	17	0	0	3	0	0	10	13	2	16	3	0	0	0	0	0	0	0	0	0	0	0	0	1	3	2	3	0	11
1328.000	0	43	6	18	0	3	1	23	0	0	0	0	0	7	11	3	14	2	0	0	0	0	0	0	0	0	0	0	0	0	1	3	3	2	0	8
1328.200	0	26	2	18	0	4	2	19	0	0	3	0	0	7	11	3	13	0	0	0	0	0	0	0	0	0	0	0	0	0	1	4	3	2	0	10
1328.400	0	35	1	18	0	4	7	15	0	0	4	0	0	4	12	7	9	3	0	0	0	0	0	0	0	0	0	0	0	0	0	3	3	2	0	9
1328.600	0	24	4	19	1	3	4	16	0	0	2	0	0	5	13	4	8	0	0	0	0	0	0	0	0	0	0	0	0	0	0	3	3	2	0	8
1328.800	0	19	5	21	0	4	3	17	0	0	4	0	0	3	11	2	14	0	0	0	0	0	0	0	0	0	0	0	0	0	1	3	1	2	0	8
1329.000	0	25	5	14	0	3	5	11	0	0	3	0	0	5	12	3	12	0	0	0	0	0	0	0	0	0	0	0	0	0	1	2	2	4	0	10
1329.200	0	26	6	23	0	2	4	23	0	0	2	0	0	5	11	2	9	0	0	0	0	0	0	0	0	0	0	0	0	0	1	6	1	2	0	12
1329.400	0	36	4	23	0	5	2	22	0	0	3	0	0	10	11	0	14	0	0	0	0	0	0	0	0	0	0	0	0	0	1	3	1	2	0	11
1329.600	0	35	5	22	0	4	1	19	0	0	3	0	0	5	10	3	11	0	0	0	0	0	0	0	0	0	0	0	0	0	1	3	3	2	0	10
1329.800	0	31	7	19	0	4	4	30	0	0	3	0	0	2	6	3	15	0	0	0	0	0	0	0	0	0	0	0	0	0	1	4	2	2	0	6
1330.000	0	44	7	22	1	3	1	21	0	0	4	0	0	5	12	3	12	0	0	0	0	0	0	0	0	0	0	0	0	0	0	3	2	1	0	5
1330.200	0	31	5	22	1	1	1	22	0	0	5	0	0	2	11	4	4	0	0	0	0	0	0	0	0	0	0	0	0	0	1	2	3	2	0	5
1330.400	0	26	4	19	0	4	3	24	0	0	3	0	0	6	14	3	7	0	0	0	0	0	0	0	0	0	0	0	0	0	0	3	3	2	0	8
1330.600	0	34	0	17	0	1	4	26	0	0	4	0	0	2	16	5	13	0	0	0	0	0	0	0	0	0	0	0	0	0	0	3	3	4	0	8
1330.800	0	35	3	14	0	3	4	14	0	0	2	0	0	6	15	1	12	0	0	0	0	0	0	0	0	0	0	0	0	0	1	2	5	3	0	13
1331.000	0	37	6	17	0	4	1	20	0	0	1	0	0	11	13	7	7	0	0	0	0	0	0	0	0	0	0	0	0	0	1	6	1	4	0	11
1331.200	0	30	6	23	0	3	3	13	0	0	4	0	0	6	12	2	7	0	0	0	0	0	0	0	0	0	0	0	0	0	2	7	4	4	0	8
1331.400	0	24	0	20	0	3	3	13	0	0	3	0	0	4	8	2	11	0	0	0	0	0	0	0	0	0	0	0	0	0	0	4	2	2	0	6
1331.600	0	26	3	20	0	3	3	25	0	0	4	0	0	5	12	2	11	0	0	0	0	0	0	0	0	0	0	0	0	0	0	5	3	3	0	6
1331.800	0	29	7	16	0	2	1	22	0	0	4	0	0	5	14	1	16	0	0	0	0	0	0	0	0	0	0	0	0	0	0	2	4	4	0	5
1332.000	0	30	1	17	0	6	5	19	0	0	4	0	0	5	10	2	12	0	0	0	0	0	0	0	0	0	0	0	0	0	0	2	3	3	0	11
1332.200	0	18	0	17	0	4	2	18	0	0	4	0	0	3	12	4	13	0	0	0	0	0	0	0	0	0	0	0	0	0	0	4	3	2	0	8
1332.400	0	31	4	17	0	3	3	20	0	0	4	0	0	7	10	4	8	0	0	0	0	0	0	0	0	0	0	0	0	0	0	4	1	2	0	8
1332.600	0	20	6	19	0	5	1	14	0	0	2	0	0	3	13	3	17	0	0	0	0	0	0	0	0	0	0	0	0	0	1	4	1	2	0	9
1332.800	0	17	7	24	0	2	4	25	0	0	2	0	0	6	9	2	8	0	0	0	0	0	0	0	0	0	0	0	0	0	1	1	3	2	0	13
1333.000	0	30	2	23	0	2	3	17	0	0	4	0	0	4	7	2	14	0	0	0	0	0	0	0	0	0	0	0	0	0	1	1	3	3	0	10
1333.200	0	33	8	22	0	3	2	17	0	0	4	0	0	9	11	1	16	0	0	0	0	0	0	0	0	0	0	0	0	0	0	4	4	4	0	6
1333.400	0	26	6	21	0	5	3	15	0	0	1	0	0	4	11	3	15	0	0	0	0	0	0	0	0	0	0	0	0	0	0	6	1	1	0	8
1333.600	0	30	7	16	0	2	6	21	0	0	2	0	0	2	13	3	11	0	0	0	0	0	0	0	0	0	0	0	0	0	0	4	3	1	0	6
1333.800	0	15	6	16	0	5	3	19	0	0	3	0	0	5	13	2	17	0	0	0	0	0	0	0	0	0	0	0	0	0	0	6	5	2	0	8
1334.000	0	37	4	21	0	4	6	18	0	0	3	0	0	4	10	1	10	0	0	0	0	0	0	0	0	0	0	0	0	0	1	4	3	2	0	10
1334.200	0	18	3	16	0	6	4	17	0	0	4	0	0	4	13	3	13	0	0	0	0	0	0	0	0	0	0	0	0	0	2	4	4	2	0	11
1334.400	0	42	7	14	1	3	3	15	0	0	2	0	0	7	16	5	10	5	0	0	0	0	0	0	0	0	0	0	0	0	1	6	3	3	0	10
1334.600	0	40	3	18	0	4	1	16	0	0	5	0	0	9	15	4	13	6	0	0	0	0	0	0	0	0	0	0	0	0	1	2	3	3	0	9
1334.800	0	30	2	15	0	4	6	17	0	0	6	0	0	4	13	10	14	1	0	0	0	0	0	0	0	0	0	0	0	0	1	2	4	4	0	11
1335.000	0	22	5	18	0	4	1	20	0	0	4	0	0	8	16	7	10	1	0	0	0	0	0	0	0	0	0	0	0	0	1	7	3	1	0	8
1335.200	0	29	4	12	0	5	5	24	0	0	4	0	0	3	6	1	8	6	0	0	0	0	0	0	0	0	0	0	0	0	1	3	2	4	0	11
1335.400	0	42	3	18	0	5	4	20	0	0	3	0	0	6	13	3	10	6	0	0	0	0	0	0	0	0	0	0	0	0	1	4	3	2	0	12
1335.600	0	20	2	17	0	5	5	19	0	0	4	0	0	14	17	11	1	4	0	0	0	0	0	0	0	0	0	0	0	0	1	4	1	1	0	12
1335.800	0	37	6	17	0	2	6	20	0	0	4	0	0	5	12	4	7	6	0	0	0	0	0	0	0	0	0	0	0	0	1	2	3	2	0	13
1336.000	0	20	0	18	0	4	2	26	0	0	3	0	0	4	12	2	5	5	0	0	0	0	0	0	0	0	1	0	0	0	0	5	2	2	0	7
1336.200	0	24	0	12	0	4	1	22	0	0	6	0	0	4	9	6	8	6	0	0	0	0	0	0	0	0	0	0	0	0	0	4	1	2	0	5
1336.400	0	32	7	14	0	3	2	20	0	0	4	0	0	4	12	2	6	6	0	0	0	0	0	0	0	0	0	0	0	0	0	3	1	3	0	6
1336.600	0	43	6	17	0	3	3	21	0	0	4	0	0	4	11	6	13	5	0	0	0	0	0	0	0	0	0	0	0	0	1	7	3	2	0	7
1336.800	0	43	3	17	0	4	3	14	0	0	3	0	0	8	14	4	11	6	0	0	0	0	0	0	0	0	0	0	0	0	0	3	3	2	0	10
1337.000	0	38	4	19	0	4	4	20	0	0	4	0	0	8	7	0	8	6	0	0	0	0	0	0	0	0	0	0	0	0	1	4	1	2	0	13
1337.200	0	28	7	20	0	4	2	22	0	0	4	0	0	12	15	6	8	9	0	0	0	0	0	0	0	0	0	0	0	0	2	5	5	2	0	13
1337.400	0	42	6	17	0	3	0	19	0	0	5	0	0	8	11	5	9	1	0	0	0	0	0	0	0	0	0	0	0	0	1	3	3	2	0	10
1337.600	0	24	6	18	0	3	1	13	0	0	5	0	0	11	9	4	14	5	0	0	0	0	0	0	0	0	0	0	0	0	0	1	4	2	0	7
1337.800	0	35	6	16	0	3	4	20	0	0	4	0	0	9	15	3	1	0	0	0	0	0	0	0	0	0	0	0	0	0	1	5	3	2	0	14
1338.000	0	40	0	14	0	3	2	17	0	0	4	0	0	8	12	0	4	4	0	0	0	0	0	0	0	0	0	0	0	0	1	3	2	3	0	5
1338.200	0	30	3	16	0	3	1	13	0	0	5	0	0	9	13	3	7	4	0	0	0	0	0	0	0	0	0	0	0	0	0	6	4	2	0	7
1338.400	0	39	3	16	0	2	1	17	0	0	4	0	0	6	14	4	4	2	0	0	0	0	0	0	0	0	0	0	0	0	1	6	1	2	0	7
1338.600	0	33	5	18	0	3	1	19	0	0	6	0	0	10	13	3	8	5	0	0	0	0	0	0	0	0	0	0	0	0	1	4	4	2	0	11
1338.800	0	41	2	18	1	4	1	8	0	0	3	0	0	6	8	4	9	6	0	0	0	0	0	0	0	0	0	0	0	0	0	4	3	2	0	13
1339.000	0	41	7	22	1	4	1	7	0	0	5	0	0	7	11	2	14	5	0	0	0	0	0	0	0	0	0	0	0	0	1	6	1	2	0	10
1339.200	0	36	7	25	0	5	0	18	0	0	4	0	0	10	12	0	16	4	0	0	0	0	0	0	0	0	0	0	0	0	0	9	4	3	0	9
1339.400	0	37	7	20	0	3	5	17	0	0	4	0	0	6	18	2	14	4	0	0	0	0	0	0	0	0	0	0	0	0	0	7	3	2	0	12
1339.600	0	34	6	20	0	3	2	23	0	0	3	0	0	5	10	2	14	5	0	0	0	0	0	0	0	0	0	0	0	0	0	4	2	1	0	7
1339.800	0	32	6	18	0	2	3	16	0	0	5	0	0	7	8	0	11	5	0	0	0	0	0	0	0	0	0	0	0	0	0	9	6	1	0	9
1340.000	0	11	0	17	0	2	4	13	0	0	4	0	0	6	16	2	12	5	0	0	0	0	0	0	0	0	0	0	0	0	0	4	3	2	0	8
1340.200	0	30	7	18	1	2	1	18	0	0	4	0	0	5	12	3	4	4	0	0	0	0	0	0	0	0	0	0	0	0	0	6	2	4	0	10
1340.400	0	35	7	20	0	2	2	23	0	0	4	0	0	2	12	6	11	5	0	0	0	0	0	0	0	0	0	0	0	0	0	4	3	2	0	7
1340.600	0	30	7	17	1	2	4	14	0	0	4	0	0	7	15	5	13	5	0	0	0	0	0	0	0	0	0	0	0	0	1	3	5	4	0	9
1340.800	0	30	7	18	1	2	6	15	0	0	5	0	0	8	7	2	7	5	0	0	0	0	0	0	0	0	0	0	0	0	1	1	2	4	0	11
1341.000	0	32	3	16	0	0	1	17	0	0	4	0	0	2	11	4	6	5	0	0	0	0	0	0	0	0	0	0	0	0	0	6	3	2	0	8
1341.200	0	30	8	14	0	4	2	14	0	0	5	0	0	6	15	6	23	5	0	0	0	0	0	0	0	0	0	0	0	0	1	2	2	2	0	8
1341.400	0	19	1	16	0	4	4	16	0	0	3	0	0	6	11	2	17	5	0	0	0	0	0	0	0	0	0	0	0	0	1	3	1	2	0	12
1341.600	0	16	7	22	0	1	3	12	0	0	4	0	0	7	10	2	11	5	0	0	0	0	0	0	0	0	0	0	0	0	0	0	2	2	0	5
1341.800	0	26	6	12	0	3	2	8	0	0	5	0	0	4	14	2	9	5	0	0	0	0	0	0	0	0	0	0	0	0	1	6	3	2	0	9
1342.000	0	30	7	17	0	4	1	9	0	0	5	0	0	7	10	5	14	5	0	0	0	0	0	0	0	0	0	0	0	0	1	1	5	2	0	9
1342.200	0	21	0	23	1	4	2	13	0	0	5	0	0	7	12	4	8	5	0	0	0	0	0	0	0	0	0	0	0	0	0	3	3	2	0	7
1342.400	0	27	5	23	0	5	0	17	0	0	5	0	0	8	12	4	9	5	0	0	0	0	0	0	0	0	0	0	0	0	1	6	3	1	0	11
1342.600	0	16	7	20	0	4	0	10	0	0	3	0	0	7	11	3	20	4	0	0	0	0	0	0	0	0	0	0	0	0	1	7	0	1	0	9
1342.800	0	32	6	23	1	2	4	18	0	0	2	0	0	5	14	5	16	2	0	0	0	0	0	0	0	0	0	0	0	0	0	2	0	2	0	10
1343.000	0	24	4	26	0	4	0	29	0	0	3	0	0	7	15	5	10	0	0	0	0	0	0	0	0	0	0	0	0	0	0	0	3	1	0	12
1343.200	0	24	9	21	0	1	4	14	0	0	4	0	0	6	11	1	18	0	0	0	0	0	0	0	0	0	0	0	0	0	1	0	0	2	0	9
1343.400	0	33	6	24	1	3	5	17	0	0	3	0	0	5	7	4	22	0	0	0	0	0	0	0	0	0	0	0	0	0	0	2	2	2	0	6
1343.600	0	30	7	22	1	2	5	26	0	0	4	0	0	6	17	7	11	0	0	0	0	0	0	0	0	0	0	0	0	0	0	6	2	2	0	7
1343.800	0	23	7	22	1	3	2	19	0	0	4	0	0	5	10	5	11	0	0	0	0	0	0	0	0	0	0	0	0	0	1	6	2	3	0	6
1344.000	0	30	6	24	0	2	9	19	0	0	4	0	0	5	10	2	6	0	0	0	0	0	0	0	0	0	0	0	0	0	0	3	1	2	0	8
1344.200	0	30	7	23	1	3	11	26	0	0	3	0	0	5	15	7	9	0	0	0	0	0	0	0	0	0	0	0	0	0	0	5	0	1	0	9
1344.400	0	21	2	19	0	2	2	23	0	0	3	0	0	4	10	3	15	0	0	0	0	0	0	0	0	0	0	0	0	0	1	0	3	2	0	6
1344.600	0	23	5	19	1	6	7	21	0	0	1	0	0	4	12	6	17	0	0	0	0	0	0	0	0	0	0	0	0	0	1	0	1	2	0	13
1344.800	0	28	8	24	0	2	1	16	0	0	1	0	0	5	12	2	17	0	0	0	0	0	0	0	0	0	0	0	0	0	1	6	3	2	0	10
1345.000	0	21	7	25	0	4	4	16	0	0	3	0	0	3	10	5	19	0	0	0	0	0	0	0	0	0	0	0	0	0	1	4	3	2	0	9
1345.200	0	31	8	23	0	1	2	19	0	0	2	0	0	7	14	8	16	0	0	0	0	0	0	0	0	0	0	0	0	0	1	5	3	2	0	11
1345.400	0	33	3	18	0	3	3	16	0	0	2	0	0	5	15	2	13	4	0	0	0	0	0	0	0	0	0	0	0	0	1	4	4	2	0	6
1345.600	0	25	6	24	0	2	7	18	0	0	4	0	0	2	9	2	5	6	0	0	0	0	0	0	0	0	0	0	0	0	0	9	3	2	0	8
1345.800	0	25	3	20	0	5	3	26	0	0	3	0	0	1	11	7	8	5	0	0	0	0	0	0	0	0	0	0	0	0	0	2	1	1	0	13
1346.000	0	26	7	21	0	2	3	24	0	0	2	0	0	2	6	3	7	5	0	0	0	0	0	0	0	0	0	0	0	1	2	6	3	2	0	13
1346.200	0	27	5	18	0	2	9	20	0	0	2	0	0	4	15	6	5	5	0	0	0	0	0	0	0	0	0	0	0	1	4	6	3	2	0	10
1346.400	0	22	1	19	0	3	5	17	0	0	4	0	0	1	13	7	14	5	0	0	0	0	0	0	0	0	0	0	0	0	1	4	3	2	0	12
1346.600	0	30	7	23	0	1	2	23	0	0	5	0	0	3	15	6	14	6	0	0	0	0	0	0	0	0	0	0	0	0	0	6	2	1	0	13
1346.800	0	35	6	20	0	3	6	12	0	0	5	0	0	4	9	4	7	4	0	0	0	0	0	0	0	0	0	0	0	0	0	7	3	2	0	7
1347.000	0	19	0	18	0	4	3	21	0	0	6	0	0	6	9	3	12	3	0	0	0	0	0	0	0	0	0	0	0	0	0	5	3	2	0	12
1347.200	0	32	8	25	0	1	2	15	0	0	4	0	0	2	8	4	8	2	0	0	0	0	0	0	0	0	0	0	0	0	0	8	3	4	0	9
1347.400	0	26	2	19	0	2	4	15	0	0	5	0	0	3	12	4	12	2	0	0	0	0	0	0	0	0	0	0	0	0	1	0	3	2	0	10
1347.600	0	21	5	17	0	4	4	20	0	0	5	0	0	4	11	4	10	1	0	0	0	0	0	0	0	0	1	0	0	0	0	5	3	2	0	9
1347.800	0	30	3	17	0	2	4	23	0	0	4	0	0	5	6	0	7	1	0	0	0	0	0	0	0	0	1	0	0	0	1	8	3	3	0	9
1348.000	0	31	5	21	0	3	2	22	0	0	3	0	0	5	11	2	10	1	0	0	0	0	0	0	0	0	0	0	0	0	0	3	2	2	0	10
1348.200	0	22	1	16	0	3	2	24	0	0	1	0	0	4	12	5	8	1	0	0	0	0	0	0	0	0	0	0	0	0	1	2	3	2	0	13
1348.400	0	35	5	19	0	3	3	18	0	0	5	0	0	3	5	4	13	4	0	0	0	0	0	0	0	0	0	0	0	0	0	5	3	5	0	10
1348.600	0	20	7	15	0	3	1	18	0	0	3	0	0	5	7	7	14	7	0	0	0	0	0	0	0	0	0	0	0	0	1	3	3	2	0	12
1348.800	0	23	7	20	0	6	4	20	0	0	4	0	0	10	3	4	11	7	0	0	0	0	0	0	0	0	0	0	0	0	0	4	2	4	0	12
1349.000	0	33	6	19	0	3	3	15	0	0	4	0	0	6	6	3	9	7	0	0	0	0	0	0	0	0	0	0	0	0	1	1	3	2	0	9
1349.200	0	23	7	21	0	2	5	11	0	0	4	1	0	10	6	4	5	5	0	0	0	0	0	0	0	0	0	0	0	0	1	3	2	2	0	7
1349.400	0	21	6	22	0	2	1	18	0	0	4	0	0	6	7	5	17	2	0	0	0	0	0	0	0	0	0	0	0	0	2	5	2	2	0	12
1349.600	0	31	4	16	0	3	4	25	0	0	5	0	0	6	10	5	12	1	0	0	0	0	0	0	0	0	0	0	0	0	0	2	3	2	0	12
1349.800	0	34	6	15	0	5	2	31	0	0	5	0	0	6	3	2	17	2	0	0	0	0	0	0	0	0	0	0	0	0	0	2	3	2	0	4
1350.000	0	33	6	22	0	4	3	22	0	0	4	0	0	9	5	2	9	2	0	0	0	0	0	0	0	0	0	0	0	0	1	0	3	2	0	8
1350.200	0	24	7	15	1	3	8	23	0	0	3	0	0	6	2	2	10	0	0	0	0	0	0	0	0	0	0	0	0	0	1	2	3	3	0	7
1350.400	0	16	7	19	0	2	1	13	0	0	4	0	0	8	2	3	17	1	0	0	0	0	0	0	0	0	0	0	0	0	0	1	3	2	0	7
1350.600	0	27	5	18	0	3	2	19	0	0	4	0	0	6	11	4	21	2	0	0	0	0	0	0	0	0	0	0	0	0	1	2	2	2	0	8
1350.800	0	21	3	20	1	3	4	15	0	0	4	0	0	3	7	6	17	3	0	0	0	0	0	0	0	0	0	0	0	0	1	3	1	2	0	11
1351.000	0	23	5	19	0	4	3	16	0	0	3	0	0	7	3	6	12	2	0	0	0	0	0	0	0	0	0	0	0	0	0	3	3	5	0	12
1351.200	0	15	6	22	0	2	3	18	0	0	2	0	0	4	5	3	13	3	0	0	0	0	0	0	0	0	0	0	0	0	0	4	3	5	0	9
1351.400	0	29	5	18	0	4	2	18	0	0	2	0	0	5	13	6	15	5	0	0	0	0	0	0	0	0	0	0	0	0	0	2	2	3	1	14
1351.600	0	35	1	16	0	2	2	16	0	0	5	0	0	1	5	3	16	5	0	0	0	0	0	0	0	0	0	0	0	0	0	4	2	2	0	11
1351.800	0	14	7	19	0	2	1	21	0	0	5	0	0	0	6	5	14	1	0	0	0	0	0	0	0	0	0	0	0	0	1	3	0	4	1	9
1352.000	0	28	3	21	0	2	3	14	0	0	4	0	0	4	8	1	6	5	0	0	0	0	0	0	0	0	0	0	0	0	0	4	1	7	3	10
1352.200	0	22	6	22	1	4	5	25	0	0	3	0	0	3	12	3	14	0	0	0	0	0	0	0	0	0	0	0	0	0	0	3	2	6	2	10
1352.400	0	35	6	19	0	2	5	14	0	0	4	0	0	3	6	2	18	1	0	0	0	0	0	0	0	0	0	0	0	0	0	3	2	6	2	11
1352.600	0	23	6	19	1	2	3	10	0	0	4	0	0	0	4	7	11	2	0	0	0	0	0	0	0	0	0	0	0	0	0	6	3	5	2	9
1352.800	0	14	3	15	0	2	8	13	0	0	4	0	0	5	12	7	14	2	0	0	0	0	0	0	0	0	0	0	0	0	0	1	2	6	1	8
1353.000	0	16	1	17	1	4	2	16	0	0	3	0	0	1	8	5	9	5	0	0	0	0	0	0	0	0	0	0	0	0	0	2	1	6	1	6
1353.200	0	25	1	18	0	1	4	18	0	0	4	0	0	2	7	3	10	4	0	0	0	0	0	0	0	0	0	0	0	0	0	3	1	3	2	9
1353.400	0	31	1	22	0	4	1	17	0	0	5	0	0	4	12	8	8	2	0	0	0	0	0	0	0	0	0	0	0	0	1	3	1	4	0	7
1353.600	0	21	3	20	0	3	7	20	0	0	2	0	0	2	10	2	16	5	0	0	0	0	0	0	0	0	0	0	0	0	0	0	1	2	0	9
1353.800	0	19	6	23	0	1	6	20	0	0	5	0	0	6	13	4	13	7	0	0	0	0	0	0	0	0	0	0	0	0	0	1	3	5	1	9
1354.000	0	27	4	20	0	4	1	21	0	0	3	0	0	4	15	6	8	7	0	0	0	0	0	0	0	0	0	0	0	0	0	2	3	3	0	7
1354.200	0	34	6	17	0	4	1	24	0	0	5	0	0	7	13	2	5	7	0	0	0	0	0	0	0	0	0	0	0	0	0	1	3	4	0	9
1354.400	0	32	7	22	0	3	0	18	0	0	2	0	0	5	14	6	14	7	0	0	0	0	0	0	0	0	0	0	0	0	0	4	3	4	0	10
1354.600	0	18	7	21	0	2	5	16	0	0	5	0	0	4	15	3	13	6	0	0	0	0	0	0	0	0	0	0	0	0	0	2	4	5	0	9
1354.800	0	37	6	21	0	3	4	15	0	0	4	0	0	0	8	5	12	7	0	0	0	0	0	0	0	0	0	0	0	0	0	2	1	2	0	8
1355.000	0	29	4	19	0	2	2	15	0	0	3	0	0	3	12	5	13	6	0	0	0	0	0	0	0	0	0	0	0	0	0	3	3	2	0	11
1355.200	0	30	3	23	0	3	4	21	0	0	4	0	0	4	12	3	6	6	0	0	0	0	0	0	0	0	0	0	0	0	1	2	2	2	0	7
1355.400	0	11	2	23	0	4	5	19	0	0	5	0	0	2	10	3	14	5	0	0	0	0	0	0	0	0	0	0	0	0	1	5	3	2	0	10
1355.600	0	24	4	22	0	3	6	20	0	0	5	0	0	6	13	4	16	5	0	0	0	0	0	0	0	0	0	0	0	0	0	2	1	2	0	9
1355.800	0	31	7	21	0	3	1	29	0	0	3	0	0	2	12	3	8	4	0	0	0	0	0	0	0	0	0	0	0	0	0	3	3	2	0	5
1356.000	0	23	7	20	0	0	2	15	0	0	3	0	0	2	10	2	9	6	0	0	0	0	0	0	0	0	0	0	0	0	0	2	3	1	0	7
1356.200	0	39	7	22	0	4	3	24	0	0	3	0	0	5	10	5	13	5	0	0	0	0	0	0	0	0	0	0	0	0	0	2	3	3	0	6
1356.400	0	20	2	20	0	1	1	20	0	0	4	0	0	5	10	4	15	5	0	0	0	0	0	0	0	0	0	0	0	0	0	3	3	4	0	14
1356.600	0	29	6	24	0	2	3	33	0	0	2	0	0	2	10	4	18	7	0	0	0	0	0	0	0	0	0	0	0	0	0	2	3	4	0	6
1356.800	0	13	5	24	0	3	1	18	0	0	4	0	0	4	12	6	16	6	0	0	0	0	0	0	0	0	0	0	0	0	4	5	3	2	0	6
1357.000	0	18	7	24	0	3	3	24	0	0	4	0	0	2	12	3	6	5	0	0	0	0	0	0	0	0	0	0	0	0	1	1	2	4	0	11
1357.200	0	26	4	20	0	2	3	26	0	0	4	0	0	4	11	3	13	4	0	0	0	0	0	0	0	0	0	0	0	0	0	2	6	8	2	9
1357.400	0	16	7	20	0	3	1	15	0	0	2	0	0	3	11	2	10	5	0	0	0	0	0	0	0	0	0	0	0	0	0	3	2	6	2	9
1357.600	0	13	6	24	0	3	7	26	0	0	2	0	0	9	14	2	6	4	0	0	0	0	0	0	0	0	0	0	0	0	1	2	2	6	2	12
1357.800	0	31	7	20	0	2	3	20	0	0	2	0	0	8	14	4	15	3	0	0	0	0	0	0	0	0	0	0	0	0	0	2	0	3	1	11
1358.000	0	33	7	22	0	1	1	14	0	0	2	0	0	4	11	3	10	2	0	0	0	0	0	0	0	0	0	0	0	0	1	3	3	4	0	10
1358.200	0	24	6	24	0	2	0	18	0	0	2	0	0	5	16	9	15	3	0	0	0	0	0	0	0	0	0	0	0	0	1	3	2	1	0	10
1358.400	0	42	7	23	0	5	1	16	0	0	3	0	0	11	16	3	15	5	0	0	0	0	0	0	0	0	0	0	0	0	0	2	3	2	0	8
1358.600	0	27	8	22	0	3	0	10	0	0	3	0	0	7	10	3	12	5	0	0	0	0	0	0	0	0	0	0	0	0	0	4	4	5	1	11
1358.800	0	37	3	20	0	2	5	17	0	0	4	0	0	6	10	2	3	6	0	0	0	0	0	0	0	0	0	0	0	0	0	4	3	2	0	10
1359.000	0	30	6	18	0	5	3	12	0	0	3	0	0	5	11	3	16	6	0	0	0	0	0	0	0	0	0	0	0	0	0	4	3	2	0	12
1359.200	0	40	6	15	0	4	2	18	0	0	5	0	0	8	13	3	1	10	0	0	0	0	0	0	0	0	0	0	0	0	0	4	3	2	0	13
1359.400	0	21	6	23	0	2	6	21	0	0	3	0	0	4	8	2	13	8	0	0	0	0	0	0	0	0	0	0	0	0	0	5	3	4	1	12
1359.600	0	22	3	17	0	3	3	24	0	0	3	0	0	11	9	3	9	7	0	0	0	0	0	0	0	0	0	0	0	0	1	3	3	6	1	9
1359.800	0	35	7	20	0	3	1	26	0	0	6	0	0	4	11	5	10	9	0	0	0	0	0	0	0	0	0	0	0	0	0	0	1	3	1	10
1360.000	0	31	7	19	0	3	3	15	0	0	5	0	0	5	9	5	13	5	0	0	0	0	0	0	0	0	0	0	0	0	0	3	3	3	0	7
1360.200	0	40	4	13	0	2	3	22	0	0	5	0	0	6	8	6	17	5	0	0	0	0	0	0	0	0	0	0	0	0	1	0	3	4	1	13
1360.400	0	39	5	13	0	3	6	24	0	0	5	0	0	3	7	3	9	6	0	0	0	0	0	0	0	0	0	0	0	0	1	1	3	2	0	11
1360.600	0	33	4	15	0	2	1	22	0	0	3	0	0	5	8	2	15	6	0	0	0	0	0	0	0	0	0	0	0	0	0	1	1	3	0	9
1360.800	0	23	7	25	0	5	1	17	0	0	3	0	0	8	13	4	13	3	0	0	0	0	0	0	0	0	0	0	0	0	0	6	4	5	1	8
1361.000	0	35	6	19	0	4	8	26	0	0	2	0	0	4	8	2	8	6	0	0	0	0	0	0	0	0	0	0	0	0	0	2	3	3	1	9
1361.200	0	31	5	19	0	5	8	12	0	0	4	0	0	1	3	1	6	0	0	0	0	0	0	0	0	0	0	0	0	0	1	1	4	5	1	6
1361.400	0	29	1	11	0	0	5	26	0	0	5	0	0	2	6	3	7	0	0	0	0	0	0	0	0	0	0	0	0	0	0	4	2	3	0	8
1361.600	0	27	0	12	0	2	2	20	0	0	2	0	0	7	1	1	15	0	0	0	0	0	0	0	0	0	0	0	0	0	1	8	2	3	0	8
1361.800	0	34	4	17	0	2	2	14	0	0	5	0	0	3	1	1	13	0	0	0	0	0	0	0	0	0	1	0	0	0	2	8	3	5	0	7
1362.000	0	40	2	15	0	2	7	27	0	0	5	0	0	8	7	2	2	0	0	0	0	0	0	0	0	0	0	0	0	0	2	7	3	2	0	6
1362.200	0	36	1	13	0	4	5	18	0	0	5	0	0	10	0	1	13	0	0	0	0	0	0	0	0	0	0	0	0	6	2	6	2	2	0	8
1362.400	0	41	1	17	0	3	9	25	0	0	3	0	0	10	2	2	7	0	0	0	0	0	0	0	0	0	0	0	0	3	2	7	3	2	0	13
1362.600	0	33	7	18	0	3	2	19	0	0	4	0	0	3	8	4	13	0	0	0	0	0	0	0	0	0	0	0	3	7	2	2	2	4	0	8
1362.800	0	24	0	18	0	2	4	13	0	0	3	0	0	10	2	5	12	0	0	0	0	0	0	0	0	0	0	0	2	3	2	7	5	1	0	12
1363.000	0	32	0	18	0	4	5	22	0	0	4	0	0	4	7	2	12	0	0	0	0	0	0	0	0	0	0	0	0	5	3	7	5	4	0	11
1363.200	0	31	1	16	0	3	6	14	0	0	5	0	0	11	3	6	11	0	0	0	0	0	0	0	0	0	0	0	0	3	4	4	4	4	0	8
1363.400	0	43	6	20	0	2	7	20	0	0	3	0	0	11	7	3	7	0	0	0	0	0	0	0	0	0	0	0	0	2	4	2	3	1	0	13
1363.600	0	39	4	19	0	2	0	19	0	0	4	0	0	11	3	5	13	0	0	0	0	0	0	0	0	0	0	0	1	3	2	3	3	3	0	14
1363.800	0	41	4	18	0	3	7	24	0	0	4	0	0	11	7	3	6	0	0	0	0	0	0	0	0	0	0	0	0	4	4	3	4	4	0	12
1364.000	0	42	4	20	0	3	4	25	0	0	3	0	0	11	1	2	15	0	0	0	0	0	0	0	0	0	0	0	2	3	6	3	1	2	0	14
1364.200	0	40	7	21	0	3	5	18	0	0	4	0	0	11	1	1	17	0	0	0	0	0	0	0	0	0	0	0	2	4	2	2	1	3	0	11
1364.400	0	25	5	13	0	2	3	20	0	0	5	0	0	9	1	4	3	0	0	0	0	0	0	0	0	0	0	0	2	5	4	3	2	3	0	15
1364.600	0	24	7	20	0	2	4	17	0	0	5	0	0	11	4	3	4	0	0	0	0	0	0	0	0	0	0	0	1	3	2	9	5	2	0	13
1364.800	0	33	3	19	0	2	6	19	0	0	5	0	0	11	4	5	15	0	0	0	0	0	0	0	0	0	0	0	2	9	2	5	3	2	0	8
1365.000	0	31	5	19	0	2	3	19	0	0	4	0	0	10	3	5	11	0	0	0	0	0	0	0	0	0	0	0	0	4	3	1	6	2	0	10
1365.200	0	33	3	19	0	3	5	17	0	0	4	0	0	5	5	3	12	0	0	0	0	0	0	0	0	0	0	0	0	5	2	4	3	2	0	9
1365.400	0	19	0	19	0	5	3	23	0	0	4	0	0	12	5	3	13	0	0	0	0	0	0	0	0	0	0	0	0	8	2	4	5	5	1	7
1365.600	0	33	3	19	0	2	2	20	0	0	2	0	0	15	4	4	16	0	0	0	0	0	0	0	0	0	0	0	1	6	2	2	3	2	0	11
1365.800	0	49	8	21	0	3	5	11	0	0	4	0	0	11	5	5	17	0	0	0	0	0	0	0	0	0	0	0	0	10	1	4	3	1	0	8
1366.000	0	36	7	15	0	3	5	18	0	0	3	0	0	11	7	8	17	0	0	0	0	0	0	0	0	0	0	0	0	5	2	2	2	1	0	7
1366.200	0	28	6	21	0	2	2	15	0	0	3	0	0	11	6	3	16	0	0	0	0	0	0	0	0	0	0	0	1	5	1	6	4	2	0	7
1366.400	0	27	5	19	0	3	2	15	0	0	3	0	0	13	2	0	17	0	0	0	0	0	0	0	0	0	0	0	0	4	4	2	1	2	0	13
1366.600	0	40	4	19	0	4	4	22	0	0	3	0	0	9	2	1	18	0	0	0	0	0	0	0	0	0	0	0	1	1	1	5	4	5	0	9
1366.800	0	15	0	18	0	3	6	21	0	0	4	0	0	12	2	3	17	0	0	0	0	0	0	0	0	0	0	0	1	3	2	9	3	2	0	7
1367.000	0	41	4	18	0	2	3	12	0	0	2	0	0	8	3	5	7	0	0	0	0	0	0	0	0	0	0	0	0	1	2	5	1	4	0	12
1367.200	0	23	4	16	0	2	5	13	0	0	3	0	0	11	2	1	13	0	0	0	0	0	0	0	0	0	0	0	0	1	2	8	2	2	0	10
1367.400	0	27	2	16	1	5	2	24	0	0	5	0	0	8	2	3	10	0	0	0	0	0	0	0	0	0	0	0	0	3	6	7	3	2	0	10
1367.600	0	38	0	21	0	5	3	19	0	0	3	0	0	8	1	2	19	0	0	0	0	0	0	0	0	0	0	0	0	2	4	14	1	2	0	9
1367.800	0	32	7	24	0	4	3	24	0	0	3	0	0	8	2	1	14	0	0	0	0	0	0	0	0	0	0	0	0	0	3	1	1	2	0	6
1368.000	0	30	7	21	0	3	3	19	0	0	2	0	0	9	3	2	17	0	0	0	0	0	0	0	0	0	0	0	0	3	3	5	4	2	0	8
1368.200	0	31	5	25	0	4	5	20	0	0	3	0	0	5	4	5	18	0	0	0	0	0	0	0	0	0	0	0	0	4	4	10	5	5	0	7
1368.400	0	42	7	17	0	2	3	18	0	0	3	0	0	9	5	5	14	0	0	0	0	0	0	0	0	0	0	0	0	4	2	1	3	4	0	8
1368.600	0	36	5	23	0	1	7	14	0	0	2	0	0	12	0	2	5	0	0	0	0	0	0	0	0	0	0	0	0	1	3	5	3	2	0	8
1368.800	0	41	6	21	1	5	5	16	0	0	3	0	0	8	5	3	16	0	0	0	0	0	0	0	0	0	0	0	0	0	4	4	3	5	0	6
1369.000	0	33	6	23	0	3	5	19	0	0	3	0	0	6	1	1	3	0	0	0	0	0	0	0	0	0	0	0	1	4	3	7	5	4	0	5
1369.200	0	33	2	21	0	2	2	15	0	0	2	0	0	12	4	4	13	0	0	0	0	0	0	0	0	0	1	0	0	4	3	10	1	3	0	6
1369.400	0	38	5	21	0	4	1	17	0	0	3	0	0	12	1	3	12	0	0	0	0	0	0	0	0	0	0	0	0	4	5	10	3	2	0	7
1369.600	0	27	4	21	0	5	2	14	0	0	3	0	0	9	1	3	6	0	0	0	0	0	0	0	0	0	0	0	0	3	4	10	3	2	0	6
1369.800	0	24	4	20	0	3	1	18	0	0	2	0	0	8	1	4	18	0	0	0	0	0	0	0	0	0	0	0	0	0	2	4	2	5	0	7
1370.000	0	40	4	17	0	5	4	17	0	0	3	0	0	9	1	1	17	0	0	0	0	0	0	0	0	0	0	0	0	1	3	1	2	2	0	6
1370.200	0	44	5	27	0	2	2	15	0	0	3	0	0	13	5	3	9	0	0	0	0	0	0	0	0	0	0	0	0	1	2	6	4	3	0	11
1370.400	0	30	3	16	0	3	1	17	0	0	4	0	0	9	4	3	9	0	0	0	0	0	0	0	0	0	0	0	1	3	6	12	1	2	0	8
1370.600	0	32	4	17	0	2	1	13	0	0	4	0	0	12	5	4	13	0	0	0	0	0	0	0	0	0	0	0	0	1	2	9	3	3	0	6
1370.800	0	25	6	19	0	2	5	23	0	0	4	0	0	13	11	7	11	0	0	0	0	0	0	0	0	0	0	0	0	3	4	5	1	2	0	7
1371.000	0	38	7	20	0	1	3	17	0	0	5	0	0	11	6	7	15	0	0	0	0	0	0	0	0	0	0	0	0	4	4	6	0	3	0	12
1371.200	0	30	2	17	0	3	6	11	0	0	4	0	0	12	6	6	12	0	0	0	0	0	0	0	0	0	1	0	0	4	5	10	3	5	0	6
1371.400	0	28	4	17	0	3	6	15	0	0	4	0	0	9	4	4	1	0	0	0	0	0	0	0	0	0	0	0	0	4	4	7	2	4	0	6
1371.600	0	31	5	19	0	3	2	19	0	0	3	0	0	10	3	3	12	0	0	0	0	0	0	0	0	0	0	0	1	7	5	10	1	3	0	12
1371.800	0	31	7	22	0	2	3	18	0	0	5	0	0	11	3	3	10	0	0	0	0	0	0	0	0	0	0	0	0	4	2	6	1	2	0	12
1372.000	0	17	4	19	0	2	2	12	0	0	3	0	0	11	4	5	9	0	0	0	0	0	0	0	0	0	0	0	0	5	2	3	0	3	1	10
1372.200	0	36	6	22	0	2	5	23	0	0	5	0	0	7	2	2	3	0	0	0	0	0	0	0	0	0	0	0	0	4	3	9	1	4	0	13
1372.400	0	39	2	23	0	2	4	19	0	0	4	0	0	7	4	4	5	2	0	0	0	0	0	0	0	0	0	0	0	2	4	6	2	2	0	11
1372.600	0	44	8	23	0	1	4	21	0	0	3	0	0	10	5	7	5	5	0	0	0	0	0	0	0	0	0	0	0	3	5	7	4	1	0	9
1372.800	0	30	7	15	0	3	7	23	0	0	3	0	0	10	5	7	5	4	0	0	0	0	0	0	0	0	0	0	0	2	4	6	2	3	0	11
1373.000	0	41	6	20	0	5	5	19	0	0	5	0	0	8	6	7	11	2	0	0	0	0	0	0	0	0	0	0	0	3	4	11	1	5	1	11
1373.200	0	41	8	18	0	2	3	18	0	0	5	0	0	10	7	6	12	3	0	0	0	0	0	0	0	0	1	0	0	3	4	8	3	3	0	10
1373.400	0	27	0	17	0	2	4	19	0	0	5	0	0	11	1	8	3	2	0	0	0	0	0	0	0	0	0	0	0	2	4	11	1	5	0	11
1373.600	0	44	6	19	0	2	0	22	0	0	5	0	0	11	5	8	12	2	0	0	0	0	0	0	0	0	0	0	0	3	5	9	1	2	0	9
1373.800	0	19	7	24	0	1	3	19	0	0	4	0	0	11	5	5	13	2	0	0	0	0	0	0	0	0	0	0	0	4	4	10	1	2	0	12
1374.000	0	37	7	15	0	0	1	22	0	0	3	0	0	9	7	4	12	3	0	0	0	0	0	0	0	0	0	0	0	3	2	7	3	2	0	12
1374.200	0	19	7	22	1	2	4	14	0	0	3	0	0	10	7	5	9	1	0	0	0	0	0	0	0	0	0	0	0	4	4	8	2	2	0	12
1374.400	0	34	6	23	0	2	3	22	0	0	3	0	0	9	7	4	6	1	0	0	0	0	0	0	0	0	0	0	1	7	2	7	2	2	0	9
1374.600	0	33	7	25	0	0	2	20	0	0	3	0	0	6	8	4	3	0	0	0	0	0	0	0	0	0	0	0	0	3	4	11	3	2	0	10
1374.800	0	35	5	19	0	2	6	21	0	0	2	0	0	12	7	2	3	0	0	0	0	0	0	0	0	0	0	0	0	8	2	11	3	2	0	11
1375.000	0	44	3	19	0	2	5	21	0	0	4	0	0	7	7	4	12	0	0	0	0	0	0	0	0	0	0	0	0	2	2	2	4	2	0	9
1375.200	0	36	5	15	0	2	4	15	0	0	2	0	0	8	6	3	8	0	0	0	0	0	0	0	0	0	0	0	1	8	2	5	1	2	0	9
1375.400	0	33	1	20	0	2	1	9	0	0	4	0	0	5	5	4	4	0	0	0	0	0	0	0	0	0	1	0	0	3	4	4	3	2	0	12
1375.600	0	18	7	21	0	2	5	23	0	0	5	0	0	0	3	6	8	0	0	0	0	0	0	0	0	0	0	0	0	8	1	5	1	2	0	9
1375.800	0	37	7	23	1	2	7	20	0	0	4	0	0	7	3	3	14	0	0	0	0	0	0	0	0	0	0	0	0	4	5	5	1	4	0	11
1376.000	0	45	6	17	0	2	7	29	0	0	4	0	0	3	4	4	12	0	0	0	0	0	0	0	0	0	0	0	0	5	2	9	3	2	0	10
1376.200	0	33	1	16	0	1	6	9	0	0	5	0	0	11	9	6	14	0	0	0	0	0	0	0	0	0	0	0	0	6	4	8	0	0	0	13
1376.400	0	32	3	18	0	2	4	12	0	0	4	0	0	10	2	4	9	0	0	0	0	0	0	0	0	0	0	0	1	4	4	10	4	4	0	9
1376.600	0	40	2	18	0	4	6	28	0	0	5	0	0	8	8	4	13	0	0	0	0	0	0	0	0	0	0	0	0	5	3	4	2	3	0	12
1376.800	0	36	4	19	0	1	2	20	0	0	4	0	0	7	2	3	8	0	0	0	0	0	0	0	0	0	0	0	0	5	2	6	1	2	0	10
1377.000	0	46	6	20	0	2	3	16	0	0	5	0	0	5	1	3	16	0	0	0	0	0	0	0	0	0	0	0	1	4	4	5	1	4	0	10
1377.200	0	38	1	19	0	2	3	20	0	0	5	0	0	11	3	5	11	0	0	0	0	0	0	0	0	0	0	0	0	3	4	11	5	3	0	12
1377.400	0	40	6	22	0	2	4	11	0	0	5	0	0	13	2	3	13	0	0	0	0	0	0	0	0	0	0	0	0	4	4	6	1	2	0	11
1377.600	0	24	0	15	0	3	4	11	0	0	5	0	0	14	5	2	7	0	0	0	0	0	0	0	0	0	0	0	0	5	2	10	2	4	0	12
1377.800	0	19	1	17	0	3	8	30	0	0	4	0	0	11	5	3	6	0	0	0	0	0	0	0	0	0	0	0	0	3	2	7	0	2	0	10
1378.000	0	43	6	19	0	2	3	21	0	0	3	0	0	14	4	5	12	0	0	0	0	0	0	0	0	0	0	0	0	5	1	7	3	3	0	12
1378.200	0	35	0	17	0	3	4	23	0	0	3	0	0	13	3	3	10	0	0	0	0	0	0	0	0	0	0	0	0	7	1	5	1	1	0	7
1378.400	0	43	4	20	0	2	3	18	0	0	3	0	0	16	3	3	14	0	0	0	0	0	0	0	0	0	0	0	0	3	2	7	1	5	0	9
1378.600	0	28	0	19	0	4	3	18	0	0	5	0	0	13	2	2	7	0	0	0	0	0	0	0	0	0	0	0	0	5	2	6	0	3	0	6
1378.800	0	23	0	16	0	2	5	11	0	0	3	0	0	16	7	3	1	0	0	0	0	0	0	0	0	0	0	0	0	6	2	11	2	5	0	11
1379.000	0	29	6	21	0	2	2	21	0	0	3	0	0	15	3	4	13	1	0	0	0	0	0	0	0	0	0	0	0	5	2	6	6	2	0	12
1379.200	0	46	8	20	0	2	3	20	0	0	3	0	0	9	4	3	8	0	0	0	0	0	0	0	0	0	0	0	0	3	4	6	3	1	0	8
1379.400	0	37	7	19	0	3	2	12	0	0	3	0	0	13	1	2	2	0	0	0	0	0	0	0	0	0	0	0	0	0	4	5	3	4	0	12
1379.600	0	43	5	23	0	2	3	18	0	0	3	0	0	14	1	2	5	0	0	0	0	0	0	0	0	0	0	0	0	3	4	3	3	2	0	2
1379.800	0	36	5	14	0	2	4	24	0	0	3	0	0	14	7	3	5	0	0	0	0	0	0	0	0	0	0	0	0	5	1	9	3	2	0	10
1380.000	0	28	0	16	0	3	1	18	0	0	4	0	0	12	4	2	6	0	0	0	0	0	0	0	0	0	0	0	0	3	3	3	1	3	0	11
1380.200	0	20	0	21	0	4	5	26	0	0	3	0	0	12	9	5	8	0	0	0	0	0	0	0	0	0	0	0	0	5	1	9	2	2	0	9
1380.400	0	35	7	23	0	3	4	22	0	0	3	0	0	13	3	2	10	0	0	0	0	0	0	0	0	0	0	0	0	4	1	7	3	2	0	13
1380.600	0	32	4	17	0	2	6	22	0	0	3	0	0	14	3	3	10	0	0	0	0	0	0	0	0	0	0	0	0	5	2	3	2	3	0	13
1380.800	0	42	8	22	0	2	7	19	0	0	3	0	0	13	6	5	12	0	0	0	0	0	0	0	0	0	0	0	0	5	2	5	3	2	0	9
1381.000	0	47	3	19	0	4	5	16	0	0	2	0	0	17	10	2	18	5	0	0	0	0	0	0	0	0	0	0	0	6	2	10	1	2	0	9
1381.200	0	38	7	27	0	2	4	18	0	0	2	0	0	12	10	4	9	4	0	0	0	0	0	0	0	0	0	0	0	3	2	7	3	3	0	8
1381.400	0	44	1	16	0	1	1	22	0	0	3	0	0	19	8	2	11	5	0	0	0	0	0	0	0	0	0	0	2	7	3	7	3	3	0	7
1381.600	0	35	6	22	0	2	7	23	0	0	5	0	0	10	7	2	14	6	0	0	0	0	0	0	0	0	0	0	0	5	2	7	4	8	1	9
1381.800	0	40	6	22	0	1	8	16	0	0	4	0	0	12	7	3	11	3	0	0	0	0	0	0	0	0	0	0	0	9	1	3	0	4	0	7
1382.000	0	23	2	20	0	3	4	21	0	0	5	0	0	12	6	0	10	3	0	0	0	0	0	0	0	0	0	0	1	5	2	7	3	7	1	10
1382.200	0	45	5	19	0	3	4	21	0	0	3	0	0	9	5	5	18	5	0	0	0	0	0	0	0	0	0	0	0	5	2	6	5	5	0	10
1382.400	0	40	7	20	0	3	3	14	0	0	2	0	0	11	6	3	12	5	0	0	0	0	0	0	0	0	0	0	0	10	1	10	2	5	0	8
1382.600	0	10	6	19	0	2	3	18	0	0	4	0	0	14	6	5	11	6	0	0	0	0	0	0	0	0	0	0	1	7	2	7	4	3	1	9
1382.800	0	30	0	18	0	2	3	18	0	0	3	0	0	10	6	2	13	5	0	0	0	0	0	0	0	0	0	0	3	4	1	3	3	7	1	8
1383.000	0	18	0	19	0	2	5	19	0	0	3	0	0	11	1	3	11	6	0	0	0	0	0	0	0	0	0	0	0	5	2	8	0	4	0	9
1383.200	0	22	1	21	0	2	2	19	0	0	4	0	0	12	8	2	10	5	0	0	0	0	0	0	0	0	0	0	1	9	2	9	0	2	0	8
1383.400	0	33	5	18	0	1	5	22	0	0	4	0	0	15	6	3	13	6	0	0	0	0	0	0	0	0	0	0	0	3	4	7	3	5	0	9
1383.600	0	33	4	18	0	1	2	17	0	0	4	0	0	12	6	2	15	6	0	0	0	0	0	0	0	0	1	0	0	3	4	9	5	6	1	12
1383.800	0	15	4	21	0	2	1	17	0	0	4	0	0	12	6	2	11	8	0	0	0	0	0	0	0	0	0	0	1	5	2	6	2	6	2	12
1384.000	0	21	0	19	0	2	10	19	0	0	5	0	0	13	6	2	2	7	0	0	0	0	0	0	0	0	1	0	1	4	2	6	3	5	0	10
1384.200	0	16	4	15	0	4	5	17	0	0	3	0	0	14	8	6	15	10	0	0	0	0	0	0	0	0	0	0	0	6	4	11	3	5	0	6
1384.400	0	30	6	18	1	2	5	23	0	0	2	0	0	10	9	4	15	6	0	0	0	0	0	0	0	0	0	0	0	5	2	3	1	3	0	8
1384.600	0	30	8	23	1	2	2	9	0	0	3	0	0	10	3	3	13	3	0	0	0	0	0	0	0	0	0	0	0	8	2	9	0	4	1	7
1384.800	0	34	6	25	0	3	2	18	0	0	5	0	0	8	6	3	13	0	0	0	0	0	0	0	0	0	0	0	0	3	4	8	2	3	0	8
1385.000	0	31	4	18	1	1	6	24	0	0	5	0	0	7	10	2	9	3	0	0	0	0	0	0	0	0	0	0	0	5	2	8	2	4	0	9
1385.200	0	23	6	14	0	0	3	18	0	0	5	0	0	13	11	3	12	2	0	0	0	0	0	0	0	0	1	0	2	7	2	5	2	6	1	8
1385.400	0	14	4	17	0	2	4	22	0	0	4	1	0	4	8	4	12	5	0	0	0	0	0	0	0	0	0	0	1	8	1	7	2	2	0	9
1385.600	0	32	0	11	0	0	2	25	0	0	5	0	0	3	8	7	10	10	0	0	0	0	0	0	0	0	0	0	0	4	2	8	2	2	0	11
1385.800	0	39	2	15	0	2	4	23	0	0	4	0	0	10	8	5	13	6	0	0	0	0	0	0	0	0	0	0	0	3	1	8	1	3	0	11
1386.000	0	46	1	15	0	2	4	16	0	0	4	0	0	8	2	3	16	4	0	0	0	0	0	0	0	0	0	0	1	7	2	3	1	3	0	13
1386.200	0	39	6	19	0	2	2	13	0	0	4	1	0	10	7	7	16	5	0	0	0	0	0	0	0	0	0	0	0	5	4	7	1	2	0	8
1386.400	0	34	0	20	0	2	6	18	0	0	3	0	0	10	6	3	13	7	0	0	0	0	0	0	0	0	0	0	0	6	5	12	3	3	0	11
1386.600	0	47	2	15	0	2	3	22	0	0	5	0	0	5	5	0	19	4	0	0	0	0	0	0	0	0	1	0	0	3	1	6	4	3	0	12
1386.800	0	37	3	14	0	2	3	20	0	0	5	0	0	6	8	2	9	2	0	0	0	0	0	0	0	0	0	0	1	7	1	5	1	1	0	10
1387.000	0	33	6	16	0	1	4	29	0	0	7	1	0	10	4	2	11	6	0	0	0	0	0	0	0	0	1	0	0	3	2	7	1	2	0	12
1387.200	0	17	3	18	0	5	5	18	0	0	5	1	0	14	10	3	7	3	0	0	0	0	0	0	0	0	0	0	0	4	2	11	1	2	0	12
1387.400	0	29	3	17	0	4	3	23	0	0	5	1	0	5	6	2	15	7	0	0	0	0	0	0	0	0	0	0	0	4	2	7	3	2	0	7
1387.600	0	34	0	18	0	2	4	15	0	0	5	1	0	10	5	2	12	8	0	0	0	0	0	0	0	0	0	0	0	10	1	6	1	1	0	6
1387.800	0	32	4	14	0	2	4	22	0	0	5	0	0	11	6	3	7	2	0	0	0	0	0	0	0	0	0	0	0	4	2	10	3	2	0	8
1388.000	0	37	5	17	0	3	6	18	0	0	6	1	0	11	3	3	9	1	0	0	0	0	0	0	0	0	0	0	0	3	3	11	3	2	0	11
1388.200	0	29	2	16	0	2	3	22	0	0	5	1	0	8	6	5	5	0	0	0	0	0	0	0	0	0	0	0	0	3	4	11	2	2	0	5
1388.400	0	32	4	20	0	2	3	21	0	0	5	0	0	15	7	3	8	6	0	0	0	0	0	0	0	0	0	0	0	6	2	6	0	2	0	6
1388.600	0	36	6	20	0	2	4	16	0	0	5	0	0	10	9	3	5	3	0	0	0	0	0	0	0	0	0	0	0	4	1	4	3	2	0	6
1388.800	0	30	1	17	0	3	4	21	0	0	5	0	0	13	9	6	7	4	0	0	0	0	0	0	0	0	0	0	0	11	1	8	3	2	0	7
1389.000	0	31	4	17	0	2	2	20	0	0	6	1	0	14	7	3	11	2	0	0	0	0	0	0	0	0	0	0	1	4	4	5	1	1	0	12
1389.200	0	41	1	19	0	6	1	18	0	0	5	4	0	12	7	4	8	5	0	0	0	0	0	0	0	0	0	0	0	5	1	8	3	2	0	13
1389.400	0	19	3	18	0	5	4	18	0	0	7	1	0	14	8	3	10	7	0	0	0	0	0	0	0	0	0	0	0	5	3	8	3	2	0	12
1389.600	0	33	0	19	0	2	4	17	0	0	5	1	0	15	7	3	13	11	0	0	0	0	0	0	0	0	0	0	0	7	1	7	0	1	0	7
1389.800	0	25	0	18	0	6	2	17	0	0	5	1	0	14	7	2	19	12	0	0	0	0	0	0	0	0	0	0	0	3	2	10	1	2	0	11
1390.000	0	32	2	17	0	5	2	13	0	0	5	1	0	16	8	3	18	11	0	0	0	0	0	0	0	0	0	0	1	4	2	8	0	3	0	8
1390.200	0	30	1	21	0	6	1	21	0	0	4	0	0	13	10	3	15	9	0	0	0	0	0	0	0	0	0	0	1	4	2	10	3	2	0	11
1390.400	0	25	1	15	0	5	3	10	0	0	4	1	0	16	7	4	9	12	0	0	0	0	0	0	0	0	0	0	0	4	1	4	1	2	0	11
1390.600	0	35	5	20	0	3	2	11	0	0	5	0	0	13	8	3	17	11	0	0	0	0	0	0	0	0	0	0	0	3	6	7	3	1	0	6
1390.800	0	34	3	20	0	4	0	10	0	0	6	1	0	12	8	2	13	6	0	0	0	0	0	0	0	0	0	0	0	4	2	10	2	4	0	9
1391.000	0	37	5	17	0	5	2	14	0	0	4	1	0	15	8	2	12	9	0	0	0	0	0	0	0	0	0	0	1	5	2	9	5	3	0	13
1391.200	0	42	6	21	0	5	4	19	0	0	4	1	0	17	2	1	6	1	0	0	0	0	0	0	0	0	0	0	0	2	2	4	3	2	0	6
1391.400	0	26	0	20	0	5	4	15	0	0	4	1	0	15	7	3	15	11	0	0	0	0	0	0	0	0	1	0	3	7	2	13	1	2	0	9
1391.600	0	34	1	17	0	3	2	22	0	0	5	1	0	15	2	1	20	6	0	0	0	0	0	0	0	0	0	0	2	2	4	7	5	2	0	10
1391.800	0	43	4	18	0	4	1	19	0	0	5	1	0	13	6	4	19	8	0	0	0	0	0	0	0	0	0	0	0	3	2	9	0	3	0	10
1392.000	0	17	5	20	0	5	1	13	0	0	4	1	0	6	9	5	23	6	0	0	0	0	0	0	0	0	0	0	1	4	4	11	1	2	0	13
1392.200	0	40	1	18	0	4	3	15	0	0	5	1	0	12	7	2	25	11	0	0	0	0	0	0	0	0	1	0	1	5	5	10	3	2	0	7
1392.400	0	29	2	17	0	3	5	13	0	0	4	1	0	10	12	5	22	6	0	0	0	0	0	0	0	0	1	0	0	2	5	9	3	2	0	12
1392.600	0	19	5	19	1	5	4	15	0	0	6	2	0	11	2	3	17	5	0	0	0	0	0	0	0	0	0	0	1	2	5	6	3	2	0	10
1392.800	0	16	4	19	0	3	2	16	0	0	4	1	0	13	5	3	19	4	0	0	0	0	0	0	0	0	0	0	0	3	4	6	2	4	0	6
1393.000	0	34	7	18	0	3	3	18	0	0	5	1	0	14	7	3	19	4	0	0	0	0	0	0	0	0	0	0	0	0	2	6	3	2	0	13
1393.200	0	28	3	19	0	3	5	14	0	0	2	1	0	11	1	1	19	3	0	0	0	0	0	0	0	0	0	0	0	0	2	3	4	2	0	9
1393.400	0	45	4	23	0	3	4	23	0	0	4	1	0	12	5	0	22	9	0	0	0	0	0	0	0	0	0	0	0	0	1	7	5	4	0	11
1393.600	0	47	4	13	0	4	4	21	0	0	3	1	0	9	5	4	17	10	0	0	0	0	0	0	0	0	1	0	0	0	2	9	7	4	0	11
1393.800	0	31	0	16	0	3	6	23	0	0	5	1	0	10	9	1	22	5	0	0	0	0	0	0	0	0	0	0	0	0	1	5	2	3	0	6
1394.000	0	38	0	21	0	2	4	17	0	0	6	1	0	9	10	3	16	7	0	0	0	0	0	0	0	0	0	0	0	0	1	6	3	2	0	8
1394.200	0	24	6	17	0	4	2	16	0	0	5	1	0	15	7	3	21	5	0	0	0	0	0	0	0	0	0	0	0	0	0	4	3	3	0	8
1394.400	0	29	8	18	0	4	6	16	0	0	4	0	0	13	9	3	16	5	0	0	0	0	0	0	0	0	0	0	0	0	0	5	2	4	0	6
1394.600	0	40	4	17	0	6	1	16	0	0	5	1	0	8	5	3	15	4	0	0	1	0	0	0	0	0	0	0	0	0	0	6	3	2	0	7
1394.800	0	30	3	22	0	1	7	16	0	0	4	0	0	11	9	4	16	6	0	0	0	0	0	0	0	0	0	0	0	0	0	8	4	3	0	7
1395.000	0	31	6	17	0	2	1	20	0	0	6	1	0	13	4	5	25	3	0	0	0	0	0	0	0	0	0	0	0	0	0	9	2	2	0	6
1395.200	1	20	2	13	1	2	4	19	0	0	5	0	0	13	6	2	23	3	0	0	1	0	0	0	0	0	0	0	0	0	0	4	4	2	0	8
1395.400	0	29	0	19	1	2	5	14	0	0	7	2	0	7	5	3	26	4	0	0	0	0	0	0	0	0	0	0	0	0	0	2	1	3	0	5
1395.600	0	36	0	13	0	2	6	25	0	0	6	1	0	17	4	3	19	4	0	0	0	0	0	0	0	0	0	0	0	0	0	6	2	2	0	7
1395.800	0	27	0	15	0	2	6	19	0	0	5	1	0	3	1	5	14	7	0	0	0	0	0	0	0	0	0	0	0	0	0	10	3	2	0	6
1396.000	0	22	6	23	0	3	2	18	0	0	4	1	0	6	5	2	24	6	0	0	0	0	0	0	0	0	0	0	0	0	0	7	3	3	0	10
1396.200	0	44	5	16	0	4	1	22	0	0	4	1	0	5	1	6	21	4	0	0	0	0	0	0	0	0	0	0	0	0	0	6	5	2	0	6
1396.400	0	21	3	13	0	2	3	16	0	0	4	0	0	6	8	2	23	4	0	0	0	0	0	0	0	0	0	0	0	0	1	6	2	3	0	10
1396.600	0	29	3	15	0	1	2	20	0	0	4	1	0	14	7	5	17	2	0	0	0	0	0	0	0	0	0	0	0	0	0	2	3	2	0	12
1396.800	0	35	6	14	0	2	5	16	0	0	5	1	0	17	8	0	17	0	0	0	0	0	0	0	0	0	0	0	0	0	2	5	3	3	0	13
1397.000	0	37	4	17	0	2	6	14	0	0	5	0	0	13	7	3	15	2	0	0	0	0	0	0	0	0	0	0	0	0	0	2	1	3	0	11
1397.200	0	35	7	23	0	2	6	17	0	0	5	1	0	12	9	5	13	6	0	0	0	0	0	0	0	0	0	0	0	0	1	6	5	4	0	7
1397.400	0	39	2	19	0	4	5	23	0	0	5	1	0	9	16	9	22	6	0	0	0	0	0	0	0	0	0	0	0	0	1	2	3	4	0	7
1397.600	0	29	1	16	0	2	5	19	0	0	5	1	0	8	12	3	27	4	0	0	0	0	0	0	0	0	0	0	0	0	1	3	3	3	0	10
1397.800	0	37	3	16	0	0	4	25	0	0	5	1	0	16	6	3	23	2	0	0	1	0	0	0	0	0	0	0	0	0	1	3	3	2	0	7
1398.000	0	32	5	20	0	3	7	26	0	0	4	1	0	12	8	2	23	0	0	0	0	0	0	0	0	0	0	0	0	0	0	1	2	4	0	7
1398.200	0	38	7	17	0	2	5	20	0	0	5	1	0	9	13	4	22	0	0	0	3	0	0	0	0	0	0	0	0	0	0	5	3	2	0	5
1398.400	0	36	5	18	0	3	7	20	0	0	4	1	0	8	12	3	19	0	0	0	5	0	0	0	0	0	0	0	0	0	0	8	3	2	0	3
1398.600	0	40	3	17	0	3	3	18	0	0	5	1	0	7	14	3	14	0	0	0	2	0	0	0	0	0	0	0	0	0	1	4	2	5	0	7
1398.800	0	25	5	14	0	2	1	19	0	0	5	0	0	7	13	3	22	0	0	0	1	0	0	0	0	0	0	0	0	0	0	4	3	3	0	6
1399.000	0	32	4	18	0	2	4	19	0	0	5	2	0	6	7	2	12	0	0	0	1	0	0	0	0	0	0	0	0	0	1	5	4	2	0	11
1399.200	0	22	6	22	0	3	8	26	0	0	4	1	0	6	6	2	20	0	0	0	1	0	0	0	0	0	0	0	0	0	1	6	3	2	0	12
1399.400	0	50	7	20	0	2	3	24	0	0	6	1	0	6	7	0	23	0	0	0	3	0	0	0	0	0	0	0	0	0	1	7	0	4	0	10
1399.600	0	23	4	20	0	2	5	17	0	0	4	1	0	4	4	0	19	1	0	0	0	0	0	0	0	0	0	0	0	0	1	0	3	5	0	10
1399.800	0	32	4	17	0	4	5	21	0	0	7	1	0	3	8	1	20	1	0	0	4	0	0	0	0	0	0	0	0	0	1	3	0	5	1	12
1400.000	0	42	7	21	0	3	5	23	0	0	4	1	0	17	1	0	18	0	0	0	3	0	0	0	0	0	0	0	0	0	0	4	3	4	0	13
1400.200	0	20	3	17	0	2	3	21	0	0	5	0	0	11	8	2	16	2	0	0	1	0	0	0	0	0	0	0	0	0	1	0	1	2	0	9
1400.400	0	35	3	19	0	4	3	16	0	0	4	1	0	13	5	2	24	1	0	0	2	0	0	0	0	0	0	0	0	0	0	3	1	4	0	7
1400.600	0	31	3	18	0	3	4	24	0	0	5	1	0	6	9	2	21	3	0	0	0	0	0	0	0	0	0	0	0	0	2	4	3	3	0	8
1400.800	0	32	2	13	0	2	7	21	0	0	5	0	0	8	4	3	21	0	0	0	1	0	0	0	0	0	0	0	0	0	1	2	2	3	0	8
1401.000	0	27	3	21	0	4	6	12	0	0	6	1	0	9	7	2	29	1	0	0	0	0	0	0	0	0	0	0	0	0	1	1	2	2	0	7
1401.200	0	23	1	15	0	3	5	12	0	0	5	0	0	5	5	0	18	10	0	0	3	0	0	0	0	0	0	0	0	0	0	7	6	5	1	7
1401.400	0	30	0	17	0	1	6	12	0	0	5	0	0	5	4	1	19	7	0	0	1	0	0	0	0	0	0	0	0	0	0	3	2	4	0	6
1401.600	0	30	3	19	0	2	11	13	0	0	5	1	0	3	7	2	21	5	0	0	4	0	0	0	0	0	0	0	0	0	1	6	2	2	0	8
1401.800	0	26	0	18	0	5	7	12	0	0	4	1	0	6	9	3	21	5	0	0	1	0	0	0	0	0	0	0	0	0	1	6	3	3	0	7
1402.000	0	46	4	18	0	5	7	13	0	0	5	0	0	8	9	3	22	6	0	0	0	0	0	0	0	0	0	0	0	0	0	9	3	2	0	9
1402.200	0	29	3	17	0	4	11	14	0	0	5	0	0	5	8	3	25	11	0	0	0	0	0	0	0	0	0	0	0	0	1	3	3	3	0	7
1402.400	0	31	4	20	0	5	12	18	0	0	4	1	0	8	7	1	21	3	0	0	1	0	0	0	0	0	0	0	0	0	0	4	0	2	0	7
1402.600	0	35	3	18	0	4	12	12	0	0	4	1	0	12	10	2	17	0	0	0	0	0	0	0	0	0	0	0	0	0	1	5	2	2	0	10
1402.800	0	20	0	22	0	3	6	12	0	0	5	0	0	5	1	3	21	0	0	0	1	0	0	0	0	0	0	0	0	0	1	6	1	1	0	7
1403.000	0	41	2	15	0	4	10	13	0	0	4	0	0	13	9	3	22	0	0	0	2	0	0	0	0	0	0	0	0	0	1	2	3	5	0	11
1403.200	0	40	1	21	0	4	10	14	0	0	5	1	0	17	6	0	11	0	0	0	1	0	0	0	0	0	0	0	0	0	0	2	2	2	0	8
1403.400	0	19	3	18	0	4	7	13	0	0	5	0	0	14	7	3	22	0	0	0	0	0	0	0	0	0	0	0	0	1	2	3	3	5	0	12
1403.600	0	23	3	18	0	3	12	12	0	0	6	0	0	15	12	2	19	0	0	0	1	0	0	0	0	0	0	0	0	3	5	4	4	2	0	12
1403.800	0	25	0	17	0	4	9	18	0	0	4	1	0	13	11	3	15	2	0	0	0	0	0	0	0	0	0	0	0	3	4	12	1	2	0	8
1404.000	0	47	5	17	0	4	9	14	0	0	5	0	0	12	6	3	23	4	0	0	0	0	0	0	0	0	0	0	0	5	2	2	2	2	0	11
1404.200	0	46	2	14	1	5	8	14	0	0	5	1	0	5	10	4	18	3	0	0	0	0	0	0	0	0	0	0	0	4	2	8	2	4	0	10
1404.400	0	43	2	11	0	5	10	15	0	0	4	1	0	13	9	3	22	0	0	0	0	0	0	0	0	0	0	0	0	3	3	8	1	5	0	12
1404.600	0	38	9	18	0	3	3	20	0	0	4	0	0	15	11	5	12	0	0	0	1	0	0	0	0	0	0	0	0	4	2	10	2	2	0	9
1404.800	0	31	0	20	0	3	6	16	0	0	4	0	0	13	7	4	21	0	0	0	1	0	0	0	0	0	0	0	0	4	2	7	2	3	0	8
1405.000	0	18	0	17	0	4	10	18	0	0	5	1	0	15	10	4	18	1	0	0	0	0	0	0	0	0	0	0	0	5	1	5	0	1	0	12
1405.200	0	27	0	18	1	4	12	20	0	0	4	1	0	12	10	3	19	0	0	0	0	0	0	0	0	0	1	0	0	4	2	7	2	2	0	13
1405.400	0	8	0	16	0	4	8	22	0	0	3	0	0	12	10	3	19	1	0	0	0	0	0	0	0	0	0	0	0	3	5	4	1	3	0	8
1405.600	0	43	3	15	0	3	6	21	0	0	4	0	0	8	1	6	12	3	0	0	0	0	0	0	0	0	0	0	0	4	2	4	1	2	0	10
1405.800	0	22	0	19	0	3	8	19	0	0	4	0	0	16	10	7	19	4	0	0	0	0	0	0	0	0	0	0	0	3	2	4	0	3	0	10
1406.000	0	30	0	24	0	3	6	13	0	0	4	1	0	12	9	8	21	3	0	0	0	0	0	0	0	0	0	0	0	3	4	8	4	2	0	12
1406.200	0	33	4	18	0	3	3	18	0	0	3	1	0	18	8	5	20	0	0	0	0	0	0	0	0	0	0	0	0	2	4	4	3	5	1	13
1406.400	0	29	3	19	0	2	7	24	0	0	4	0	0	19	9	2	14	5	0	0	0	0	0	0	0	0	0	0	0	3	3	4	1	1	0	7
1406.600	0	33	3	17	0	5	7	14	0	0	4	1	0	15	8	3	21	5	0	0	0	0	0	0	0	0	0	0	0	5	2	8	4	5	0	11
1406.800	0	42	1	14	0	2	6	15	0	0	5	0	0	13	7	3	18	7	0	0	0	0	0	0	0	0	0	0	0	5	1	6	4	4	0	8
1407.000	0	27	0	19	0	3	5	9	0	0	4	1	0	18	10	5	17	6	0	0	0	0	0	0	0	0	0	0	0	3	1	8	3	3	0	9
1407.200	0	36	4	22	0	5	12	13	0	0	5	1	0	15	4	3	18	10	0	0	0	0	0	0	0	0	0	0	0	2	4	5	4	4	0	12
1407.400	0	38	5	19	0	3	2	12	0	0	4	1	0	18	10	3	22	8	0	0	0	0	0	0	0	0	0	0	0	5	2	7	0	3	0	9
1407.600	0	27	1	23	1	4	6	13	0	0	4	1	0	15	6	3	20	4	0	0	0	0	0	0	0	0	0	0	0	4	5	10	5	2	0	9
1407.800	0	29	0	19	1	6	4	12	0	0	4	0	0	5	5	3	22	6	0	0	0	0	0	0	0	0	0	0	0	1	4	13	1	4	0	10
1408.000	0	38	3	17	0	5	1	22	0	0	4	0	0	11	7	2	21	6	0	0	0	0	0	0	0	0	0	0	0	2	5	4	1	2	0	11
1408.200	0	27	0	19	0	2	4	19	0	0	4	0	0	16	8	3	24	1	0	0	0	0	0	0	0	0	0	0	0	1	5	9	5	4	0	8
1408.400	0	28	3	21	0	4	3	14	0	0	3	0	0	10	4	3	22	2	0	0	0	0	0	0	0	0	0	0	0	3	0	8	5	4	0	6
1408.600	0	27	1	14	0	5	3	14	0	0	5	0	0	13	7	4	25	5	0	0	0	0	0	0	0	0	0	0	0	4	4	4	3	3	0	12
1408.800	0	46	7	19	0	6	5	18	0	0	5	1	0	10	3	1	19	3	0	0	0	0	0	0	0	0	0	0	0	4	1	9	3	3	0	13
1409.000	0	26	4	17	1	3	2	22	0	0	5	0	0	9	5	4	18	6	0	0	0	0	0	0	0	0	0	0	0	3	1	8	3	3	0	11
1409.200	0	44	6	21	0	3	3	16	0	0	3	0	0	10	6	3	21	4	0	0	0	0	0	0	0	0	0	0	0	5	2	6	1	2	0	8
1409.400	0	30	1	19	0	2	2	22	0	0	6	0	0	14	3	3	27	6	0	0	0	0	0	0	0	0	0	0	0	3	2	9	3	3	0	13
1409.600	0	41	6	21	0	4	2	19	0	0	5	0	0	18	9	0	25	7	0	0	0	0	0	0	0	0	0	0	0	3	3	7	4	3	0	3
1409.800	0	38	4	16	0	4	3	14	0	0	5	1	0	10	3	2	23	2	0	0	0	0	0	0	0	0	0	0	0	3	4	8	3	3	0	11
1410.000	0	29	4	21	0	2	2	17	0	0	6	0	0	2	3	3	18	6	0	0	0	0	0	0	0	0	0	0	0	5	1	8	2	1	0	8
1410.200	0	27	0	14	1	2	8	17	0	0	5	0	0	4	4	3	16	7	0	0	0	0	0	0	0	0	0	0	0	4	1	9	1	5	0	6
1410.400	0	32	2	19	0	3	2	17	0	0	6	1	0	5	2	1	22	6	0	0	0	0	0	0	0	0	0	0	0	4	2	9	2	1	0	11
1410.600	0	30	2	17	0	4	9	17	0	0	7	1	0	4	4	2	18	10	0	0	0	0	0	0	0	0	0	0	0	4	2	3	3	3	0	12
1410.800	0	32	3	21	0	3	7	23	0	0	4	1	0	3	4	3	26	4	0	0	0	0	0	0	0	0	0	0	0	4	3	7	2	1	0	11
1411.000	0	24	6	19	1	6	7	17	0	0	4	1	0	6	8	1	30	6	0	0	0	0	0	0	0	0	0	0	0	5	1	4	1	2	0	11
1411.200	0	33	3	20	1	3	9	7	0	0	4	1	0	14	8	0	14	12	0	0	0	0	0	0	0	0	0	0	0	5	1	9	5	2	0	13
1411.400	0	36	4	21	1	2	1	15	0	0	4	0	0	10	3	0	25	12	0	0	0	0	0	0	0	0	0	0	0	3	1	11	3	2	0	12
1411.600	0	42	4	21	0	2	3	18	0	0	6	1	0	13	4	1	22	10	0	0	0	0	0	0	0	0	0	0	0	2	1	7	1	4	0	7
1411.800	0	33	5	18	0	3	3	19	0	0	5	1	0	16	5	2	21	12	0	0	0	0	0	0	0	0	0	0	0	0	1	5	3	2	0	2
1412.000	0	30	3	21	0	2	7	20	0	0	5	0	0	11	7	3	24	7	0	0	0	0	0	0	0	0	0	0	0	0	0	3	5	4	0	7
1412.200	0	38	3	21	0	3	9	16	0	0	4	1	0	17	7	2	20	8	0	0	0	0	0	0	0	0	0	0	0	0	1	6	1	4	1	7
1412.400	0	34	7	24	0	4	2	14	0	0	5	0	0	15	6	1	28	2	0	0	0	0	0	0	0	0	0	0	0	0	0	3	4	3	0	9
1412.600	0	37	5	20	0	4	3	24	0	0	5	0	0	10	6	1	21	8	0	0	0	0	0	0	0	0	0	0	0	0	1	6	3	2	0	10
1412.800	0	29	0	17	0	2	6	17	0	0	5	1	0	6	5	3	25	7	0	0	0	0	0	0	0	0	0	0	0	0	1	6	3	4	0	9
1413.000	0	26	0	19	0	3	4	19	0	0	5	1	0	8	6	1	19	11	0	0	0	0	0	0	0	0	0	0	0	0	1	4	4	2	0	5
1413.200	0	27	0	16	0	3	8	16	0	0	5	1	0	6	11	2	23	4	0	0	0	0	0	0	0	0	0	0	0	0	0	5	4	2	0	7
1413.400	0	32	2	20	0	2	4	16	0	0	4	0	0	7	7	2	20	7	0	0	0	0	0	0	0	0	0	0	0	0	0	4	3	4	0	9
1413.600	0	26	0	21	0	4	2	19	0	0	7	1	0	7	9	2	19	5	0	0	0	0	0	0	0	0	0	0	0	0	0	7	2	4	0	9
1413.800	0	24	3	21	0	3	3	16	0	0	5	1	0	6	8	3	24	0	0	0	0	0	0	0	0	0	0	0	0	0	1	3	3	2	0	7
1414.000	0	32	8	21	0	3	5	15	0	0	5	0	0	5	8	5	18	4	0	0	0	0	0	0	0	0	0	0	0	0	1	4	1	3	0	6
1414.200	0	36	0	17	0	2	6	14	0	0	6	0	0	6	5	0	22	6	0	0	0	0	0	0	0	0	0	0	0	0	1	5	4	2	0	8
1414.400	0	21	3	17	0	2	4	21	0	0	4	0	0	8	10	3	27	0	0	0	0	0	0	0	0	0	0	0	0	0	1	2	4	2	0	10
1414.600	0	34	4	18	0	3	2	15	0	0	3	0	0	11	2	2	26	0	0	0	0	0	0	0	0	0	0	0	0	0	1	5	1	2	0	10
1414.800	0	40	3	16	0	2	3	25	0	0	6	1	0	16	12	2	23	1	0	0	0	0	0	0	0	0	0	0	0	0	1	3	1	1	0	11
1415.000	0	47	5	19	0	0	5	20	0	0	6	1	0	16	10	2	23	1	0	0	0	0	0	0	0	0	0	0	0	0	0	2	7	4	0	8
1415.200	0	47	6	21	0	2	1	15	0	0	5	0	0	15	8	3	15	6	0	0	0	0	0	0	0	0	0	0	0	0	0	9	3	3	0	9
1415.400	0	39	2	17	0	3	2	21	0	0	5	1	0	12	9	3	22	4	0	0	0	0	0	0	0	0	0	0	0	0	1	8	3	1	0	8
1415.600	0	32	7	19	1	3	4	13	0	0	5	1	0	13	9	2	24	9	0	0	0	0	0	0	0	0	0	0	0	0	0	1	3	2	0	5
1415.800	0	52	8	27	0	2	6	15	0	0	4	1	0	15	8	2	20	1	0	0	0	0	0	0	0	0	0	0	0	0	1	5	3	2	0	8
1416.000	0	36	5	13	0	2	4	16	0	0	5	0	0	8	7	2	19	3	0	0	0	0	0	0	0	0	0	0	0	0	1	3	3	2	0	1
1416.200	0	27	3	16	0	6	5	20	0	0	5	1	0	6	8	2	19	5	0	0	0	0	0	0	0	0	0	0	0	0	2	6	6	5	0	10
1416.400	0	34	0	17	0	3	5	18	0	0	5	1	0	7	10	2	22	5	0	0	0	0	0	0	0	0	0	0	0	0	2	5	2	5	0	13
1416.600	0	39	3	17	0	4	3	21	0	0	5	0	0	12	12	1	15	4	0	0	0	0	0	0	0	0	0	0	0	0	0	2	2	2	0	7
1416.800	0	36	4	21	0	1	0	19	0	0	5	0	0	10	12	6	13	3	0	0	0	0	0	0	0	0	0	0	0	0	0	6	3	2	0	6
1417.000	0	27	0	20	0	6	1	16	0	0	6	1	0	6	6	6	15	0	0	0	0	0	0	0	0	0	0	0	0	0	0	5	3	5	0	10
1417.200	0	36	2	19	0	4	5	18	0	0	4	1	0	12	11	0	16	5	0	0	0	0	0	0	0	0	0	0	0	0	0	6	3	1	0	13
1417.400	0	26	7	20	0	2	3	20	0	0	4	1	0	13	7	0	21	5	0	0	0	0	0	0	0	0	0	0	0	0	1	7	3	5	0	10
1417.600	0	16	3	22	0	5	5	22	0	0	5	1	0	13	10	3	13	4	0	0	0	0	0	0	0	0	0	0	0	0	1	0	3	2	0	8
1417.800	0	38	0	13	0	1	6	20	0	0	5	1	0	17	11	3	20	2	0	0	0	0	0	0	0	0	0	0	0	0	1	1	3	2	0	5
1418.000	0	40	2	21	0	5	1	14	0	0	5	0	0	5	6	1	14	0	0	0	0	0	0	0	0	0	0	0	0	0	3	5	2	2	0	6
1418.200	0	33	3	19	0	3	6	17	0	0	5	1	0	6	7	3	21	0	0	0	0	0	0	0	0	0	0	0	0	0	2	4	5	4	0	9
1418.400	0	42	4	15	0	3	1	19	0	0	5	0	0	6	5	0	18	0	0	0	0	0	0	0	0	0	0	0	0	0	2	5	4	2	0	6
1418.600	0	19	2	18	0	2	1	20	0	0	4	1	0	7	8	2	24	1	0	0	0	0	0	0	0	0	0	0	0	0	0	3	4	5	0	4
1418.800	0	31	3	19	0	3	5	17	0	0	4	1	0	8	7	0	22	0	0	0	0	0	0	0	0	0	0	0	0	0	4	5	7	4	0	7
1419.000	0	27	0	18	0	5	3	19	0	0	6	1	0	3	7	2	16	0	0	0	0	0	0	0	0	0	0	0	0	0	2	5	4	3	0	9
1419.200	0	32	0	15	0	3	5	24	0	0	4	0	0	9	5	2	22	0	0	0	0	0	0	0	0	0	0	0	0	0	3	8	4	5	0	6
1419.400	0	26	0	14	0	1	6	17	0	0	5	1	0	10	9	0	13	3	0	0	0	0	0	0	0	0	0	0	0	0	3	8	2	2	0	7
1419.600	0	34	2	17	0	4	1	19	0	0	5	1	0	13	9	0	12	0	0	0	0	0	0	0	0	0	0	0	0	0	0	7	3	2	0	4
1419.800	0	26	7	19	0	2	4	14	0	0	5	0	0	15	9	7	15	0	0	0	0	0	0	0	0	0	0	0	0	0	1	5	2	3	0	5
1420.000	0	35	7	20	0	2	2	20	0	0	4	1	0	16	12	3	11	7	0	0	0	0	0	0	0	0	0	0	0	0	0	4	3	2	0	9
1420.200	0	41	3	15	0	2	3	21	0	0	5	0	0	14	11	0	20	10	0	0	0	0	0	0	0	0	0	0	0	0	1	7	3	3	0	9
1420.400	0	32	0	14	0	1	4	13	0	0	5	0	0	14	10	5	21	12	0	0	0	0	0	0	0	0	0	0	0	0	1	4	3	5	0	3
1420.600	0	27	5	15	0	1	4	22	0	0	5	0	0	11	7	4	19	5	0	0	0	0	0	0	0	0	0	0	0	0	1	8	2	2	0	4
1420.800	0	39	0	17	0	2	6	24	0	0	5	0	0	11	12	5	19	7	0	0	0	0	0	0	0	0	0	0	0	0	2	5	4	2	0	9
1421.000	0	24	8	23	0	1	4	9	0	0	5	0	0	9	4	4	17	13	0	0	0	0	0	0	0	0	0	0	0	0	0	5	3	1	0	6
1421.200	0	32	3	16	0	2	5	13	0	0	5	0	0	13	8	2	13	6	0	0	0	0	0	0	0	0	0	0	0	0	1	3	1	2	0	7
1421.400	0	33	0	14	0	2	2	12	0	0	5	1	0	7	5	1	21	2	0	0	0	0	0	0	0	0	0	0	0	0	0	3	1	3	0	6
1421.600	0	25	8	21	0	3	5	20	0	0	5	1	0	5	1	3	15	4	0	0	0	0	0	0	0	0	0	0	0	0	1	4	0	2	0	5
1421.800	0	23	4	16	1	2	1	11	0	0	5	0	0	10	2	2	19	2	0	0	0	0	0	0	0	0	0	0	0	2	4	5	0	1	0	10
1422.000	0	18	8	19	0	2	3	20	0	0	5	1	0	12	9	5	20	6	0	0	0	0	0	0	0	0	0	0	0	4	4	4	2	2	0	5
1422.200	0	19	6	20	0	2	5	22	0	0	6	1	0	10	5	4	18	2	0	0	0	0	0	0	0	0	0	0	0	1	2	3	3	2	0	6
1422.400	0	23	8	20	0	4	4	17	0	0	6	1	0	12	2	2	21	0	0	0	0	0	0	0	0	0	0	0	0	1	2	1	2	2	0	2
1422.600	0	23	4	15	0	4	11	11	0	0	4	1	0	17	1	3	11	3	0	0	0	0	0	0	0	0	0	0	0	2	4	5	0	1	0	6
1422.800	0	22	4	24	0	4	11	11	0	0	3	1	0	12	6	3	18	0	0	0	0	0	0	0	0	0	0	0	0	2	2	4	0	1	0	2
1423.000	0	30	3	23	0	2	8	9	0	0	5	1	0	12	1	2	22	4	0	0	0	0	0	0	0	0	0	0	0	4	2	2	1	2	0	6
1423.200	0	42	7	24	0	4	8	22	0	0	5	1	0	12	2	0	24	0	0	0	0	0	0	0	0	0	0	0	0	3	2	5	3	4	0	6
1423.400	0	30	7	18	0	4	7	27	0	0	5	3	0	5	1	3	24	9	0	0	0	0	0	0	0	0	0	0	0	4	2	1	3	2	0	5
1423.600	0	25	7	22	0	3	9	12	0	0	6	2	0	10	4	3	10	2	0	0	0	0	0	0	0	0	0	0	0	4	2	5	1	2	0	5
1423.800	0	30	3	22	0	5	5	13	0	0	5	1	0	18	5	3	15	1	0	0	0	0	0	0	0	0	0	0	0	4	2	3	5	3	0	7
1424.000	0	28	5	23	0	5	6	16	0	0	6	1	0	16	7	3	24	6	0	0	0	0	0	0	0	0	0	0	0	0	2	0	3	2	0	6
1424.200	0	29	4	21	0	3	5	26	0	0	7	1	0	7	5	5	20	7	0	0	0	0	0	0	0	0	0	0	0	0	2	0	3	2	0	4
1424.400	0	33	5	21	0	3	3	22	0	0	5	1	0	15	1	3	18	4	0	0	0	0	0	0	0	0	0	0	0	7	2	2	3	2	0	4
1424.600	0	28	5	19	0	4	5	24	0	0	5	0	0	11	6	6	19	4	0	0	0	0	0	0	0	0	0	0	0	12	2	8	4	2	0	6
1424.800	0	34	6	17	0	5	4	20	0	0	4	1	0	8	6	2	17	2	0	0	0	0	0	0	0	0	0	0	0	6	2	2	4	4	0	6
1425.000	0	33	9	17	0	4	4	13	0	0	5	0	0	15	9	2	20	0	0	0	0	0	0	0	0	0	0	0	0	6	1	1	4	1	0	7
1425.200	0	25	3	20	0	6	10	20	0	0	5	1	0	16	6	2	13	3	0	0	0	0	0	0	0	0	0	0	0	1	2	0	0	2	0	2
1425.400	0	18	7	22	0	3	5	25	0	0	5	0	0	13	2	3	21	4	0	0	0	0	0	0	0	0	0	0	0	3	1	1	2	2	0	5
1425.600	0	23	6	23	0	2	5	18	0	0	5	1	0	13	4	1	12	5	0	0	0	0	0	0	0	0	0	0	0	3	2	4	3	3	0	4
1425.800	0	34	7	18	0	1	5	20	2	0	5	0	0	11	6	2	18	3	0	0	0	0	0	0	0	0	0	0	0	3	3	1	1	4	0	5
1426.000	0	39	8	20	0	3	6	13	0	0	4	0	0	6	9	3	24	2	0	0	0	0	0	0	0	0	0	0	0	5	2	0	2	3	0	5
1426.200	0	42	9	25	0	3	7	23	0	0	4	1	0	7	8	2	25	1	0	0	0	0	0	0	0	0	0	0	0	7	2	2	1	3	0	5
1426.400	0	32	8	18	0	3	1	13	0	0	5	0	0	14	7	2	19	0	0	0	0	0	0	0	0	0	0	0	0	4	2	7	2	4	0	6
1426.600	0	29	7	17	0	2	6	18	0	0	4	0	0	15	7	2	14	0	0	0	0	0	0	0	0	0	0	0	0	4	2	5	4	3	0	7
1426.800	0	42	9	24	0	2	5	15	0	0	5	0	0	16	10	2	26	0	0	0	0	0	0	0	0	0	0	0	0	5	2	3	4	3	0	3
1427.000	0	22	8	22	0	4	5	23	0	0	4	0	0	9	3	3	23	3	0	0	0	0	0	0	0	0	0	0	0	5	2	2	3	2	0	5
1427.200	0	33	9	21	0	6	1	16	0	0	4	0	0	14	4	1	16	10	0	0	0	0	0	0	0	0	0	0	0	1	2	6	2	2	0	7
1427.400	0	28	8	21	0	4	1	16	0	0	4	0	0	16	9	2	15	2	0	0	0	0	0	0	0	0	0	0	0	2	4	5	4	2	0	6
1427.600	0	35	5	24	0	1	5	26	0	0	7	1	0	9	12	3	8	2	0	0	0	0	0	0	0	0	0	0	0	0	5	3	3	1	0	6
1427.800	0	35	4	15	0	3	6	25	0	0	6	0	0	12	2	2	19	6	0	0	0	0	0	0	0	0	0	0	0	0	1	2	3	3	0	5
1428.000	0	48	5	21	0	3	4	23	0	0	5	0	0	13	8	3	22	3	0	0	0	0	0	0	0	0	0	0	0	0	3	2	1	2	0	7
1428.200	0	30	5	17	0	3	8	16	0	0	5	0	0	5	9	2	22	4	0	0	0	0	0	0	0	0	0	0	0	0	1	3	2	3	0	6
1428.400	0	33	8	24	0	3	2	18	0	0	4	0	0	6	4	0	17	5	0	0	0	0	0	0	0	0	0	0	0	0	1	6	2	1	0	7
1428.600	0	31	7	24	1	5	3	20	0	0	5	0	0	9	8	2	18	5	0	0	0	0	0	0	0	0	0	0	0	0	1	4	3	2	0	5
1428.800	0	24	7	20	1	2	4	13	0	0	5	0	0	5	6	3	20	5	0	0	0	0	0	0	0	0	0	0	0	0	0	4	3	3	1	7
1429.000	0	32	8	16	1	2	3	14	0	0	5	0	0	10	2	1	20	8	0	0	0	0	0	0	0	0	0	0	0	0	0	1	3	4	1	5
1429.200	0	36	1	19	0	6	5	16	0	0	4	0	0	12	5	1	20	7	0	0	0	0	0	0	0	0	0	0	0	0	1	3	4	3	0	10
1429.400	0	24	9	23	0	2	3	12	0	0	5	0	0	13	10	1	20	4	0	0	0	0	0	0	0	0	0	0	0	0	1	3	3	3	0	5
1429.600	0	40	7	16	0	3	5	11	0	0	5	0	0	7	5	3	28	12	0	0	0	0	0	0	0	0	0	0	0	0	0	0	3	3	0	5
1429.800	0	35	3	22	0	3	3	22	0	0	5	0	0	14	7	2	21	12	0	0	0	0	0	0	0	0	0	0	0	0	0	3	3	2	0	5
1430.000	0	20	4	19	0	3	4	18	0	0	6	1	0	9	9	3	21	12	0	0	0	0	0	0	0	0	0	0	0	0	1	4	1	2	0	3
1430.200	0	44	5	26	0	2	6	17	0	0	4	0	0	11	7	3	14	1	0	0	0	0	0	0	0	0	0	0	0	0	0	2	1	2	0	6
1430.400	0	14	8	24	0	3	4	9	0	0	4	0	0	5	6	3	18	1	0	0	0	0	0	0	0	0	0	0	0	0	0	2	3	3	0	5
1430.600	0	40	6	22	0	3	4	16	0	0	4	0	0	7	7	1	19	1	0	0	0	0	0	0	0	0	0	0	0	0	0	1	1	2	0	6
1430.800	0	34	8	23	0	2	6	23	0	0	4	0	0	11	4	2	17	8	0	0	0	0	0	0	0	0	0	0	0	0	0	3	1	2	0	4
1431.000	0	34	9	21	0	2	5	28	0	0	4	0	0	9	8	1	15	2	0	0	0	0	0	0	0	0	0	0	0	0	0	1	5	1	0	5
1431.200	0	33	8	16	0	5	4	20	0	0	5	0	0	5	5	2	10	10	0	0	0	0	0	0	0	0	0	0	0	0	0	3	4	2	0	6
1431.400	0	22	4	21	0	3	1	25	0	0	5	1	0	9	8	4	12	8	0	0	0	0	0	0	0	0	0	0	0	0	0	3	3	2	0	5
1431.600	0	46	7	21	0	2	3	19	0	0	5	0	0	11	3	1	16	7	0	0	0	0	0	0	0	0	0	0	0	0	0	4	1	2	0	7
1431.800	0	39	7	23	0	4	4	30	0	0	5	1	0	15	5	3	8	0	0	0	0	0	0	0	0	0	0	0	0	0	4	3	7	4	0	5
1432.000	0	45	8	24	0	2	4	22	0	0	5	0	0	13	10	4	14	10	0	0	0	0	0	0	0	0	0	0	0	0	0	1	4	3	0	5
1432.200	0	42	5	22	0	4	1	27	0	0	6	1	0	21	15	4	20	9	0	0	0	0	0	0	0	0	0	0	0	0	0	4	2	3	0	5
1432.400	0	22	1	22	0	2	0	26	0	0	4	0	0	6	9	3	26	5	0	0	0	0	0	0	0	0	0	0	0	0	0	1	3	2	0	5
1432.600	0	40	3	17	0	5	4	28	0	0	5	0	0	10	9	2	14	4	0	0	0	0	0	0	0	0	0	0	0	0	0	2	3	4	0	6
1432.800	0	40	4	15	1	6	2	27	0	0	5	1	0	12	6	2	15	6	0	0	0	0	0	0	0	0	0	0	0	0	0	1	4	3	0	5
1433.000	0	38	6	19	1	5	1	17	0	0	5	1	0	16	8	2	19	4	0	0	0	0	0	0	0	0	0	0	0	0	0	1	4	5	0	8
1433.200	0	29	4	22	0	4	1	17	0	0	6	1	0	12	6	3	21	5	0	0	0	0	0	0	0	0	0	0	0	0	0	5	4	4	0	4
1433.400	0	23	9	22	0	2	2	26	0	0	4	1	0	14	9	3	18	1	0	0	0	0	0	0	0	0	0	0	0	0	0	0	4	3	0	3
1433.600	0	28	9	22	1	5	2	23	0	0	6	1	0	17	6	4	11	6	0	0	0	0	0	0	0	0	0	0	0	0	0	3	2	3	0	8
1433.800	0	19	3	15	0	2	1	16	0	0	5	1	0	11	15	2	25	3	0	0	0	0	0	0	0	0	0	0	0	0	0	3	3	4	1	5
1434.000	0	23	1	21	0	3	2	14	0	0	5	0	0	14	9	2	18	1	0	0	0	0	0	0	0	0	0	0	0	0	0	4	2	2	0	4
1434.200	0	29	5	20	0	3	3	14	0	0	6	0	0	15	9	4	26	12	0	0	0	0	0	0	0	0	0	0	0	0	0	3	3	2	0	5
1434.400	0	23	3	19	1	4	4	19	0	0	6	1	0	6	6	1	18	2	0	0	0	0	0	0	0	0	0	0	0	0	0	3	4	5	1	7
1434.600	0	15	3	21	0	2	4	16	0	0	4	1	0	10	10	1	19	5	0	0	0	0	0	0	0	0	1	0	0	0	0	2	3	3	0	6
1434.800	0	38	1	20	0	5	4	19	0	0	4	1	0	14	8	1	24	2	0	0	0	0	0	0	0	0	0	0	0	0	0	1	5	2	0	10
1435.000	0	26	0	17	0	1	4	16	0	0	5	0	0	14	13	0	19	4	0	0	0	0	0	0	0	0	0	0	0	0	0	2	3	3	0	10
1435.200	0	37	0	15	0	2	4	19	0	0	5	0	0	15	7	1	26	8	0	0	0	0	0	0	0	0	0	0	0	0	0	1	3	2	0	8
1435.400	0	22	2	14	1	2	2	22	0	0	5	0	0	17	6	0	15	8	0	0	0	0	0	0	0	0	0	0	0	0	0	2	0	0	0	9
1435.600	0	33	4	14	0	2	4	12	0	0	5	0	0	16	7	1	22	3	0	0	0	0	0	0	0	0	0	0	0	0	0	1	3	2	0	9
1435.800	0	25	0	17	0	1	7	19	0	0	5	0	0	18	6	0	17	3	0	0	0	0	0	0	0	0	0	0	0	0	0	1	5	4	0	6
1436.000	0	26	4	18	0	2	5	22	0	0	7	1	0	7	3	1	17	3	0	0	0	0	0	0	0	0	0	0	0	0	0	2	4	3	0	7
1436.200	0	23	3	17	0	2	5	16	0	0	7	3	0	8	7	1	16	5	0	0	0	0	0	0	0	0	0	0	0	0	0	2	2	2	0	3
1436.400	0	25	3	14	0	5	5	17	0	0	5	1	0	8	7	0	19	0	0	0	0	0	0	0	0	0	0	0	0	0	0	4	4	3	0	1
1436.600	0	37	8	23	0	4	5	18	0	0	5	2	0	9	7	0	20	2	0	0	0	0	0	0	0	0	0	0	0	0	0	0	4	2	0	3
1436.800	0	28	6	17	0	4	5	24	0	0	5	2	0	10	4	1	14	3	0	0	0	0	0	0	0	0	0	0	0	0	0	3	1	2	0	1
1437.000	0	36	4	23	1	5	7	18	0	0	6	3	0	4	7	2	18	6	0	0	0	0	0	0	0	0	0	0	0	0	0	2	2	1	0	2
1437.200	0	38	8	22	0	5	5	14	0	0	6	1	0	8	13	3	12	6	0	0	0	0	0	0	0	0	0	0	0	0	0	2	4	3	0	2
1437.400	0	27	7	22	0	2	1	20	0	0	5	0	0	11	6	1	26	7	0	0	0	0	0	0	0	0	0	0	0	0	0	2	1	1	0	1
1437.600	0	19	6	27	0	4	5	16	0	0	5	2	0	17	8	2	19	1	0	0	0	0	0	0	0	0	0	0	0	0	0	0	3	5	0	2
1437.800	0	24	1	22	0	4	4	21	0	0	5	1	0	19	11	3	18	10	0	0	0	0	0	0	0	0	0	0	0	0	0	1	3	2	0	4
1438.000	0	34	5	20	0	3	3	22	0	0	4	0	0	13	6	2	20	5	0	0	0	0	0	0	0	0	0	0	0	0	0	2	1	3	0	8
1438.200	0	22	7	19	0	5	8	22	0	0	5	1	0	8	6	2	20	2	0	0	0	0	0	0	0	0	0	0	0	0	0	1	3	3	0	7
1438.400	0	21	4	22	0	2	4	16	0	0	5	1	0	9	7	2	23	0	0	0	0	0	0	0	0	0	0	0	0	0	0	0	1	1	0	4
1438.600	0	29	0	25	0	3	3	25	0	0	6	1	0	15	7	3	21	15	0	0	0	0	0	0	0	0	0	0	0	0	0	2	4	1	0	7
1438.800	0	26	0	17	0	2	4	19	0	0	6	1	0	7	8	1	22	14	0	0	0	0	0	0	0	0	0	0	0	0	0	1	3	4	0	8
1439.000	0	33	6	18	0	5	3	12	4	0	7	3	0	8	7	1	6	9	0	0	0	0	0	0	0	0	0	0	0	0	0	2	3	3	0	1
1439.200	0	37	6	20	0	4	7	12	0	0	6	2	0	8	9	1	21	15	0	0	0	0	0	0	0	0	0	0	0	0	0	2	0	2	0	3
1439.400	0	25	2	16	0	3	5	13	0	0	6	1	0	6	7	3	24	10	0	0	0	0	0	0	0	0	0	0	0	0	0	0	3	3	0	9
1439.600	0	31	6	18	0	4	3	13	0	0	6	1	0	6	8	3	23	9	0	0	0	0	0	0	0	0	0	0	0	0	0	1	4	3	0	1
1439.800	0	29	5	20	0	4	0	12	0	0	6	1	0	10	8	4	20	5	0	0	0	0	0	0	0	0	0	0	0	0	0	1	5	2	0	2
1440.000	0	20	2	20	0	4	2	20	0	0	7	1	0	7	4	5	18	6	0	0	0	0	0	0	0	0	0	0	0	0	0	1	4	2	0	1
1440.200	0	19	5	22	0	3	9	17	0	0	6	1	0	5	6	2	16	7	0	0	0	0	0	0	0	0	0	0	0	0	0	0	3	3	0	2
1440.400	0	20	5	20	0	2	5	19	0	0	6	1	0	5	7	3	17	8	0	0	0	0	0	0	0	0	0	0	0	0	0	2	8	4	0	2
1440.600	0	28	5	22	0	3	5	16	0	0	6	3	0	14	6	1	17	13	0	0	0	0	0	0	0	0	0	0	0	0	0	1	4	2	0	2
1440.800	0	28	8	23	0	2	6	13	0	0	5	1	0	12	6	3	21	8	0	0	0	0	0	0	0	0	0	0	0	0	0	3	3	2	0	1
1441.000	0	38	7	16	0	2	7	24	0	0	5	1	0	13	7	2	23	4	0	0	0	0	0	0	0	0	0	0	0	0	0	2	3	2	0	1
1441.200	0	26	6	19	0	3	5	17	0	0	7	1	0	12	6	3	19	12	0	0	0	0	0	0	0	0	0	0	0	0	0	1	3	2	0	2
1441.400	0	35	4	22	2	4	8	23	0	0	5	2	0	14	6	4	20	14	0	0	0	0	0	0	0	0	0	0	0	0	0	1	1	2	0	0
1441.600	0	40	1	19	1	2	7	12	0	0	6	5	0	16	6	0	8	7	0	0	0	0	0	0	0	0	0	0	0	0	0	1	0	2	0	1
1441.800	0	39	6	20	0	1	5	18	0	0	5	1	0	7	9	4	10	3	0	0	0	0	0	0	0	0	0	0	0	0	0	2	4	3	0	4
1442.000	0	28	6	23	0	2	6	18	0	0	6	1	0	7	7	3	10	9	0	0	0	0	0	0	0	0	0	0	0	0	0	0	4	3	0	1
1442.200	0	24	7	17	0	2	1	14	0	0	6	1	0	14	3	1	24	6	0	0	0	0	0	0	0	0	0	0	0	0	0	1	3	2	0	1
1442.400	0	35	7	20	0	2	4	24	0	0	7	1	0	16	7	6	28	10	0	0	0	0	0	0	0	0	0	0	0	0	0	0	2	4	0	3
1442.600	0	23	5	20	0	5	4	21	0	0	6	1	0	13	13	3	19	7	0	0	0	0	0	0	0	0	0	0	0	0	0	0	2	6	0	2
1442.800	0	42	3	17	0	0	6	20	0	0	6	3	0	14	7	1	15	7	0	0	0	0	0	0	0	0	0	0	0	0	0	1	4	6	0	1
1443.000	0	26	6	18	0	3	6	19	0	0	4	1	0	7	9	3	19	10	0	0	0	0	0	0	0	0	0	0	0	0	0	2	2	2	0	1
1443.200	0	39	5	21	1	5	7	23	0	0	7	3	0	7	8	3	24	8	0	0	0	0	0	0	0	0	0	0	0	0	0	0	4	2	0	1
1443.400	0	32	6	24	0	3	7	22	0	0	6	2	0	12	5	2	22	6	0	0	0	0	0	0	0	0	0	0	0	0	0	0	4	5	0	3
1443.600	0	34	2	16	0	4	4	7	0	0	7	5	0	11	6	3	22	1	0	0	0	0	0	0	0	0	0	0	0	0	0	0	4	4	0	1
1443.800	0	28	5	21	0	3	1	16	0	0	5	3	0	13	8	3	15	1	0	0	0	0	0	0	0	0	0	0	0	0	0	0	3	2	0	1
1444.000	0	22	10	18	0	6	6	23	0	0	5	3	0	12	13	4	9	8	0	0	0	0	0	0	0	0	0	0	0	0	0	0	3	4	0	1
1444.200	0	29	6	21	0	4	9	15	0	0	7	1	0	12	6	2	17	7	0	0	0	0	0	0	0	0	0	0	0	0	0	0	4	5	0	1
1444.400	0	31	0	19	0	5	10	14	0	0	5	1	0	5	9	4	13	7	0	0	0	0	0	0	0	0	0	0	0	0	0	0	2	5	0	1
1444.600	0	38	0	22	0	5	11	15	0	0	6	3	0	5	6	0	13	10	0	0	0	0	0	0	0	0	0	0	0	0	0	0	5	5	0	0
1444.800	0	42	5	22	0	4	11	11	0	0	5	2	0	6	8	3	20	13	0	0	0	0	0	0	0	0	0	0	0	0	0	0	3	4	0	0
1445.000	0	25	6	25	0	3	10	17	0	0	5	3	0	5	9	3	19	10	0	0	0	0	0	0	0	0	0	0	0	0	0	1	4	5	0	0
1445.200	0	22	1	27	0	6	13	16	0	0	5	2	0	13	9	9	14	11	0	0	0	0	0	0	0	0	0	0	0	0	0	1	7	5	0	0
1445.400	0	20	5	17	0	5	12	13	0	0	7	1	0	10	11	6	21	10	0	0	0	0	0	0	0	0	0	0	0	0	0	1	5	4	0	1
1445.600	0	23	4	21	0	2	10	15	0	0	6	1	0	12	7	3	16	6	0	0	0	0	0	0	0	0	0	0	0	0	0	0	6	4	0	1
1445.800	0	19	3	21	0	3	8	21	0	0	5	1	0	8	6	2	26	1	0	0	0	0	0	0	0	0	0	0	0	0	0	1	4	5	0	0
1446.000	0	14	7	24	0	1	9	20	0	0	5	1	0	8	5	3	18	3	0	0	0	0	0	0	0	0	0	0	0	0	0	2	3	5	0	0
1446.200	0	24	7	19	0	5	10	11	0	0	6	1	0	5	8	5	17	3	0	0	0	0	0	0	0	0	0	0	0	0	0	0	3	5	0	2
1446.400	0	31	6	24	0	3	13	22	0	0	4	1	0	6	4	3	23	7	0	0	0	0	0	0	0	0	0	0	0	0	0	1	7	3	0	2
1446.600	0	27	8	20	0	4	7	13	0	0	7	1	0	10	7	3	16	5	0	0	0	0	0	0	0	0	0	0	0	0	0	2	8	5	0	2
1446.800	0	26	7	21	0	6	9	17	0	0	6	1	0	5	7	4	14	8	0	0	0	0	0	0	0	0	0	0	0	0	0	1	3	4	1	0
1447.000	0	35	6	22	0	2	11	18	0	0	4	2	0	10	8	7	23	4	0	0	0	0	0	0	0	0	0	0	0	0	0	1	3	6	1	0
1447.200	0	25	6	19	1	7	8	8	0	0	4	1	0	13	6	3	19	3	0	0	0	0	0	0	0	0	0	0	0	0	0	1	4	4	0	0
1447.400	0	27	8	21	1	6	7	13	0	0	7	4	0	9	6	3	23	5	0	0	0	0	0	0	0	0	0	0	0	0	0	1	4	2	0	1
1447.600	0	28	6	26	0	5	8	13	0	0	5	2	0	6	9	3	21	3	0	0	0	0	0	0	0	0	0	0	0	0	0	2	4	2	0	0
1447.800	0	25	9	25	1	4	14	17	0	0	5	1	0	8	3	3	23	11	0	0	0	0	0	0	0	0	0	0	0	0	0	1	3	4	0	1
1448.000	0	20	9	20	0	6	10	19	0	0	7	3	0	15	11	5	25	4	0	0	0	0	0	0	0	0	0	0	0	0	0	0	2	3	0	0
1448.200	0	8	0	22	1	7	13	21	0	0	5	1	0	7	6	3	20	8	0	0	0	0	0	0	0	0	0	0	0	0	0	2	0	2	0	0
1448.400	0	17	3	19	1	5	8	14	0	0	6	1	0	8	5	1	20	11	0	0	0	0	0	0	0	0	0	0	0	0	0	0	8	5	0	1
1448.600	0	23	4	22	1	5	9	21	0	0	5	2	0	7	6	3	24	7	0	0	0	0	0	0	0	0	0	0	0	0	0	0	2	2	0	0
1448.800	0	26	7	25	0	4	8	26	0	0	5	2	0	7	7	2	25	7	0	0	0	0	0	0	0	0	0	0	0	0	0	2	5	5	0	0
1449.000	0	25	5	22	0	3	6	19	0	0	5	1	0	5	4	3	24	11	0	0	0	0	0	0	0	0	0	0	0	0	0	2	6	5	0	0
1449.200	0	20	3	18	0	4	12	19	0	0	6	2	0	15	9	3	13	0	0	0	0	0	0	0	0	0	0	0	0	0	0	0	0	1	0	0
1449.400	0	27	2	22	0	4	6	14	0	0	7	1	0	4	3	3	22	2	0	0	0	0	0	0	0	0	0	0	0	0	0	1	3	2	0	0
1449.600	0	22	6	21	0	4	7	18	0	0	5	1	0	5	4	2	17	14	0	0	0	0	0	0	0	0	0	0	0	0	0	1	3	5	0	0
1449.800	0	24	0	20	0	7	8	24	0	0	6	1	0	3	8	3	8	10	0	0	0	0	0	0	0	0	0	0	0	0	0	0	3	4	0	2
1450.000	0	28	4	21	0	7	11	19	0	0	5	1	0	3	7	3	18	11	0	0	0	0	0	0	0	0	0	0	0	0	0	2	3	2	0	0
1450.200	0	31	4	18	0	4	7	11	0	0	4	1	0	8	3	4	16	8	0	0	0	0	0	0	0	0	0	0	0	0	0	2	1	5	1	0
1450.400	0	30	2	18	0	4	9	17	0	0	5	1	0	7	7	3	21	9	0	0	0	0	0	0	0	0	0	0	0	0	0	2	3	2	0	0
1450.600	0	24	3	19	0	2	8	18	0	0	5	1	0	13	6	2	12	5	0	0	0	0	0	0	0	0	0	0	0	0	0	2	3	2	0	0
1450.800	0	27	9	26	0	4	10	21	0	0	5	0	0	2	3	2	23	10	0	0	0	0	0	0	0	0	0	0	0	0	0	1	0	3	0	0
1451.000	0	33	3	24	0	4	6	14	0	0	4	1	0	9	7	0	8	10	0	0	0	0	0	0	0	0	0	0	0	0	0	0	1	2	0	0
1451.200	0	19	2	21	0	6	3	21	0	0	6	0	0	7	2	0	19	11	0	0	0	0	0	0	0	0	0	0	0	0	0	0	1	2	0	0
1451.400	0	22	5	23	1	4	7	14	0	0	5	0	0	7	5	1	18	11	0	0	0	0	0	0	0	0	0	0	0	0	0	0	2	2	0	0
1451.600	0	27	7	18	0	1	3	18	0	0	5	0	0	11	4	2	17	2	0	0	0	0	0	0	0	0	0	0	0	0	0	2	3	2	0	0
1451.800	0	32	0	19	0	2	5	19	0	0	6	0	0	3	9	3	12	1	0	0	0	0	0	0	0	0	0	0	0	0	0	1	3	2	0	0
1452.000	0	11	0	14	1	5	4	16	0	0	5	1	0	2	3	2	20	5	0	0	0	0	0	0	0	0	0	0	0	0	0	1	3	1	0	0
1452.200	0	12	0	15	0	3	5	20	0	0	4	0	0	6	5	1	11	4	0	0	0	0	0	0	0	0	0	0	0	0	0	2	3	3	0	0
1452.400	0	24	0	19	0	3	7	21	0	0	5	1	0	6	4	2	17	1	0	0	0	0	0	0	0	0	0	0	0	0	0	2	3	1	0	1
1452.600	0	19	0	16	0	4	10	12	0	0	6	1	0	14	9	4	19	1	0	0	0	0	0	0	0	0	0	0	0	0	0	0	3	3	0	2
1452.800	0	32	4	17	0	4	8	10	0	0	5	2	0	6	9	2	20	1	0	0	0	0	0	0	0	0	0	0	0	0	0	1	3	5	0	1
1453.000	0	12	1	19	0	2	10	17	0	0	7	1	0	6	11	3	15	4	0	0	0	0	0	0	0	0	0	0	0	0	0	2	0	0	0	0
1453.200	0	15	1	12	0	5	6	13	0	0	6	1	0	11	10	6	3	3	0	0	0	0	0	0	0	0	0	0	0	0	0	1	2	2	0	1
1453.400	0	18	4	19	0	3	1	15	0	0	5	1	0	5	5	4	16	2	0	0	0	0	0	0	0	0	0	0	0	0	0	2	1	2	0	6
1453.600	0	16	2	16	0	3	4	19	0	0	5	2	0	10	11	6	18	11	0	0	0	0	0	0	0	0	0	0	0	0	0	2	3	2	0	3
1453.800	0	18	0	12	0	5	7	21	0	0	5	1	0	8	13	8	19	10	0	0	0	0	0	0	0	0	0	0	0	0	0	1	3	2	0	6
1454.000	0	29	2	16	0	4	4	19	0	0	5	1	0	9	9	2	25	13	0	0	0	0	0	0	0	0	0	0	0	0	0	1	3	1	0	5
1454.200	0	17	3	12	0	2	4	21	0	0	7	3	0	7	6	3	18	6	0	0	0	0	0	0	0	0	0	0	0	0	0	0	3	1	0	5
1454.400	0	28	1	11	0	3	8	16	0	0	5	0	0	10	10	5	16	1	0	0	0	0	0	0	0	0	0	0	0	0	0	0	3	2	0	3
1454.600	0	27	2	11	0	0	6	12	0	0	6	1	0	6	10	1	15	2	0	0	0	0	0	0	0	0	0	0	0	0	0	2	6	2	0	2
1454.800	0	35	0	17	0	1	5	19	0	0	7	4	0	13	11	2	22	2	0	0	0	0	0	0	0	0	0	0	0	0	0	2	3	2	0	5
1455.000	0	42	2	16	0	4	6	20	0	0	7	2	0	14	8	3	18	1	0	0	0	0	0	0	0	0	0	0	0	0	0	2	3	3	0	3
1455.200	0	37	1	17	0	3	7	18	0	0	6	1	0	8	11	3	24	5	0	0	0	0	0	0	0	0	0	0	0	0	0	2	3	2	0	5
1455.400	0	22	4	16	0	2	3	18	0	0	6	1	0	16	9	1	15	2	0	0	0	0	0	0	0	0	0	0	0	0	0	2	3	2	0	2
1455.600	0	43	1	16	0	2	6	15	0	0	5	1	0	11	4	0	19	2	0	0	0	0	0	0	0	0	0	0	0	0	0	1	3	4	0	2
1455.800	0	30	0	17	0	4	4	21	0	0	5	1	0	9	10	7	18	3	0	0	0	0	0	0	0	0	0	0	0	0	0	0	3	2	0	2
1456.000	0	34	0	18	1	4	8	15	0	0	6	1	0	11	4	2	20	9	0	0	0	0	0	0	0	0	0	0	0	0	0	2	3	2	0	5
1456.200	0	34	0	16	0	4	4	19	0	0	5	2	0	7	9	1	20	0	0	0	0	0	0	0	0	0	1	0	0	0	0	2	3	2	0	1
1456.400	0	35	1	17	0	5	5	17	0	0	5	2	0	3	5	0	15	3	0	0	0	0	0	0	0	0	0	0	0	0	0	2	3	3	0	11
1456.600	0	40	0	16	0	5	3	19	0	0	6	2	0	6	7	5	20	5	0	0	0	0	0	0	0	0	0	0	0	0	0	8	4	3	0	13
1456.800	0	31	0	16	0	4	8	11	0	0	6	1	0	8	8	3	19	5	0	0	0	0	0	0	0	0	0	0	0	0	0	4	3	3	0	9
1457.000	0	41	4	17	0	3	7	18	0	0	5	1	0	4	8	3	17	7	0	0	0	0	0	0	0	0	2	0	0	0	0	6	1	3	0	10
1457.200	0	24	3	17	0	3	7	12	0	0	5	1	0	5	6	1	15	6	0	0	0	0	0	0	0	0	0	0	0	0	0	5	3	2	0	6
1457.400	0	58	4	21	0	5	1	11	0	0	5	1	0	7	9	2	17	3	0	0	0	0	0	0	0	0	0	0	0	0	0	4	1	3	0	4
1457.600	0	33	3	17	0	3	8	19	0	0	5	2	0	4	7	1	25	3	0	0	0	0	0	0	0	0	1	0	0	0	0	6	4	3	0	11
1457.800	0	33	1	16	0	3	4	14	0	0	7	3	0	6	4	0	16	0	0	0	0	0	0	0	0	0	0	0	0	0	0	6	4	5	0	9
1458.000	0	34	0	18	0	3	5	14	0	0	5	1	0	4	8	3	20	0	0	0	0	0	0	0	0	0	0	0	0	0	1	8	3	5	0	11
1458.200	0	36	0	18	0	4	8	10	0	0	7	1	0	5	9	4	14	0	0	0	0	0	0	0	0	0	0	0	0	0	0	8	7	6	0	8
1458.400	0	29	3	14	0	4	3	10	0	0	6	1	0	7	13	4	22	0	0	0	0	0	0	0	0	0	1	0	0	0	0	7	1	2	0	8
1458.600	0	23	3	19	0	4	5	17	0	0	5	2	0	10	11	5	24	0	0	0	0	0	0	0	0	0	0	0	0	0	0	8	3	5	0	7
1458.800	0	33	5	17	0	5	4	17	0	0	5	2	0	13	7	2	12	0	0	0	0	0	0	0	0	0	0	0	0	0	0	4	3	4	0	5
1459.000	0	34	0	18	0	3	3	19	0	0	5	2	0	14	5	1	6	0	0	0	0	0	0	0	0	0	0	0	0	0	0	3	3	4	0	9
1459.200	0	37	5	16	0	4	3	13	0	0	5	0	0	12	5	1	14	0	0	0	0	0	0	0	0	0	1	0	0	0	0	7	1	1	0	6
1459.400	0	39	2	15	1	7	1	12	0	0	4	2	0	9	11	10	13	0	0	0	0	0	0	0	0	0	0	0	0	0	0	14	2	2	0	9
1459.600	0	35	0	16	0	2	4	15	0	0	5	2	0	10	11	5	14	0	0	0	0	0	0	0	0	0	2	0	0	0	0	4	3	6	1	7
1459.800	0	37	0	16	0	5	4	13	0	0	5	5	0	15	10	2	15	0	0	0	0	0	0	0	0	0	1	0	0	0	1	7	2	3	0	7
1460.000	0	26	0	16	1	6	2	18	0	0	7	2	0	10	10	9	14	0	0	0	0	0	0	0	0	0	0	0	0	0	0	0	3	2	0	4
1460.200	0	32	0	16	1	5	6	21	0	0	5	1	0	7	11	6	21	0	0	0	0	0	0	0	0	0	0	0	0	0	0	6	2	4	0	6
1460.400	0	8	2	13	1	5	6	20	0	0	5	2	0	7	12	4	17	1	0	0	0	0	0	0	0	0	1	0	0	0	0	3	3	1	0	8
1460.600	0	27	1	17	1	4	4	18	0	0	6	3	0	9	9	3	17	0	0	0	0	0	0	0	0	0	0	0	0	0	0	2	3	4	0	8
1460.800	0	46	3	16	0	2	5	12	0	0	6	1	0	11	10	3	11	0	0	0	0	0	0	0	0	0	2	0	0	0	1	6	1	2	0	5
1461.000	0	41	3	20	1	4	6	18	0	0	6	1	0	5	6	2	17	0	0	0	0	0	0	0	0	0	1	0	0	0	2	9	1	2	0	5
1461.200	0	37	4	17	0	3	3	15	0	0	7	1	0	4	3	3	16	0	0	0	0	0	0	0	0	0	2	0	0	0	0	5	3	2	0	4
1461.400	0	26	0	19	0	2	6	15	0	0	5	0	0	10	10	1	19	0	0	0	0	0	0	0	0	0	1	0	0	0	0	1	3	4	0	7
1461.600	0	21	4	18	1	2	3	11	0	0	6	1	0	12	8	3	8	0	0	0	0	0	0	0	0	0	0	0	0	0	0	4	1	1	0	5
1461.800	0	33	2	20	0	2	11	17	0	0	6	0	0	5	8	3	11	0	0	0	0	0	0	0	0	0	2	0	0	0	0	6	3	2	0	3
1462.000	0	44	4	20	1	2	7	20	0	0	6	0	0	4	9	3	14	1	0	0	0	0	0	0	0	0	2	0	0	0	0	6	2	1	0	9
1462.200	0	41	7	19	1	2	5	18	0	0	5	0	0	8	3	3	11	0	0	0	0	0	0	0	0	0	0	0	0	0	0	9	3	3	0	9
1462.400	0	32	7	19	1	2	6	18	0	0	5	0	0	17	7	2	16	0	0	0	0	0	0	0	0	0	1	0	0	0	0	10	1	3	0	8
1462.600	0	29	8	20	1	3	4	17	0	0	5	1	0	14	2	2	18	0	0	0	0	0	0	0	0	0	0	0	0	0	0	12	4	2	0	7
1462.800	0	39	4	17	1	4	7	19	0	0	6	2	0	13	5	3	12	0	0	0	0	0	0	0	0	0	0	0	0	0	0	2	3	2	1	6
1463.000	0	29	3	19	0	3	7	22	0	0	4	0	0	13	3	2	23	0	0	0	0	0	0	0	0	0	2	0	0	0	0	7	4	3	0	10
1463.200	0	26	3	17	0	4	3	17	0	0	6	2	0	15	7	2	16	0	0	0	0	0	0	0	0	0	2	0	0	0	0	7	4	5	1	4
1463.400	0	23	1	17	0	2	3	15	0	0	5	1	0	12	11	3	9	0	0	0	0	0	0	0	0	0	3	0	0	0	0	5	3	4	0	11
1463.600	0	34	1	15	0	3	2	8	0	0	5	3	0	9	8	2	16	0	0	0	0	0	0	0	0	0	2	0	0	0	0	8	6	7	2	8
1463.800	0	35	5	22	0	6	4	14	0	0	5	1	0	12	5	0	10	0	0	0	0	0	0	0	0	0	1	0	0	0	0	3	3	2	0	4
1464.000	0	30	4	16	1	4	5	16	0	0	6	1	0	10	10	2	14	2	0	0	0	0	0	0	0	0	0	0	0	0	0	4	3	3	0	6
1464.200	0	38	2	13	1	2	3	19	0	0	6	1	0	12	5	2	25	0	0	0	0	0	0	0	0	0	0	0	0	0	0	8	5	2	0	7
1464.400	0	22	6	17	1	3	10	18	0	0	5	1	0	14	8	3	18	0	0	0	0	0	0	0	0	0	0	0	0	0	0	10	4	1	0	9
1464.600	0	37	6	21	0	4	1	15	0	0	5	2	0	9	4	1	18	3	0	0	0	0	0	0	0	0	0	0	0	0	0	5	4	5	0	9
1464.800	0	38	0	16	0	2	5	24	0	0	7	1	0	14	7	1	13	4	0	0	0	0	0	0	0	0	0	0	0	0	0	8	1	2	0	1
1465.000	0	38	6	22	0	5	4	13	0	0	5	1	0	12	7	4	14	5	0	0	0	0	0	0	0	0	0	0	0	0	0	5	2	1	0	8
1465.200	0	32	3	23	0	2	9	13	0	0	5	1	0	11	8	1	14	3	0	0	0	0	0	0	0	0	0	0	0	0	1	4	4	4	0	8
1465.400	0	31	5	22	0	4	4	20	0	0	5	3	0	14	6	2	18	3	0	0	0	0	0	0	0	0	0	0	0	0	0	8	6	4	0	7
1465.600	0	34	4	17	0	5	1	19	0	0	5	1	0	11	4	4	21	5	0	0	0	0	0	0	0	0	0	0	0	0	1	9	3	2	0	8
1465.800	0	44	6	17	0	4	10	17	0	0	5	1	0	14	10	2	14	6	0	0	0	0	0	0	0	0	0	0	0	0	1	8	2	3	0	8
1466.000	0	27	1	19	0	3	3	26	0	0	5	1	0	6	8	2	22	6	0	0	0	0	0	0	0	0	0	0	0	0	4	5	3	5	2	8
1466.200	0	41	0	20	0	4	7	21	0	0	5	2	0	16	11	4	16	4	0	0	0	0	0	0	0	0	0	0	0	0	1	8	2	6	2	5
1466.400	0	43	4	20	0	6	5	15	0	0	5	2	0	8	9	3	24	4	0	0	0	0	0	0	0	0	0	0	0	0	0	6	6	8	2	2
1466.600	0	37	4	17	0	3	3	13	0	0	6	3	0	7	11	8	18	7	0	0	0	0	0	0	0	0	0	0	0	0	0	2	3	6	2	9
1466.800	0	36	2	20	0	3	6	13	0	0	7	2	0	17	15	4	23	3	0	0	0	0	0	0	0	0	0	0	0	0	0	4	5	6	2	2
1467.000	0	41	4	17	0	5	9	16	0	0	5	1	0	10	13	7	14	6	0	0	0	0	0	0	0	0	0	0	0	0	0	3	2	3	0	3
1467.200	0	39	4	21	0	4	5	15	0	0	7	2	0	12	7	2	18	11	0	0	0	0	0	0	0	0	0	0	0	0	0	6	2	4	0	4
1467.400	0	40	1	19	0	5	3	15	0	0	5	2	0	6	5	4	24	8	0	0	0	0	0	0	0	0	0	0	0	0	0	6	5	5	0	7
1467.600	0	42	3	20	0	5	6	19	0	0	5	1	0	12	4	3	20	12	0	0	0	0	0	0	0	0	0	0	0	0	2	10	6	2	0	8
1467.800	0	38	4	20	0	5	4	11	0	0	6	1	0	9	6	0	14	5	0	0	0	0	0	0	0	0	0	0	0	0	4	8	3	5	0	5
1468.000	0	38	0	17	0	2	8	15	0	0	5	2	0	8	13	2	16	10	0	0	0	0	0	0	0	0	0	0	0	0	1	8	2	3	0	9
1468.200	0	26	4	15	0	2	5	17	0	0	6	3	0	9	6	1	15	5	0	0	0	0	0	0	0	0	0	0	0	0	0	9	2	1	0	7
1468.400	0	16	3	18	0	2	4	19	0	0	5	1	0	7	9	2	21	8	0	0	0	0	0	0	0	0	0	0	0	0	0	10	4	2	0	8
1468.600	0	30	2	18	0	4	3	21	0	0	5	1	0	6	8	2	18	7	0	0	0	0	0	0	0	0	0	0	0	0	0	8	4	2	0	7
1468.800	0	30	1	21	0	3	6	15	0	0	5	2	0	5	8	4	20	0	0	0	0	0	0	0	0	0	0	0	0	0	0	10	1	3	0	4
1469.000	0	33	4	19	0	4	5	16	0	0	6	1	0	7	8	3	15	3	0	0	0	0	0	0	0	0	0	0	0	0	0	3	5	7	2	8
1469.200	0	27	4	20	0	3	0	17	0	0	4	1	0	8	9	1	20	1	0	0	0	0	0	0	0	0	0	0	0	0	1	4	2	2	2	5
1469.400	0	28	7	18	0	3	3	15	0	0	4	1	0	9	7	2	16	2	0	0	0	0	0	0	0	0	0	0	0	0	0	13	1	1	0	3
1469.600	0	34	6	21	0	4	4	22	0	0	4	2	0	9	11	3	23	2	0	0	0	0	0	0	0	0	0	0	0	0	0	4	1	7	1	5
1469.800	0	27	6	14	1	4	8	17	0	0	7	1	0	8	7	2	20	0	0	0	0	0	0	0	0	0	0	0	0	0	0	6	0	4	1	7
1470.000	0	34	4	20	0	2	6	9	0	0	5	1	0	9	9	4	14	3	0	0	0	0	0	0	0	0	0	0	0	0	2	12	4	2	0	7
1470.200	0	38	6	19	0	3	4	18	0	0	6	1	0	6	7	2	15	8	0	0	0	0	0	0	0	0	0	0	0	0	2	6	2	2	0	10
1470.400	0	45	6	15	0	4	4	12	0	0	5	1	0	11	5	3	12	4	0	0	0	0	0	0	0	0	0	0	0	0	1	3	3	4	0	14
1470.600	0	35	0	15	0	2	2	10	0	0	5	0	0	17	4	2	17	2	0	0	0	0	0	0	0	0	0	0	0	0	0	5	1	3	0	10
1470.800	0	29	6	22	0	5	7	14	0	0	7	1	0	4	4	2	14	2	0	0	0	0	0	0	0	0	0	0	0	0	0	8	2	2	0	8
1471.000	0	31	5	16	1	3	6	21	0	0	7	1	0	11	5	1	11	3	0	0	0	0	0	0	0	0	0	0	0	0	0	4	3	4	0	5
1471.200	0	30	5	19	1	3	1	16	0	0	7	1	0	11	8	2	11	5	0	0	0	0	0	0	0	0	0	0	0	0	1	8	3	3	0	9
1471.400	0	28	2	15	0	2	10	19	0	0	7	1	0	7	4	2	17	6	0	0	0	0	0	0	0	0	0	0	0	0	0	4	3	2	0	5
1471.600	0	30	4	21	0	4	5	19	0	0	7	1	0	3	9	5	20	7	0	0	0	0	0	0	0	0	0	0	0	0	1	5	1	2	0	9
1471.800	0	37	7	24	0	4	3	24	0	0	5	1	0	9	9	1	17	12	0	0	0	0	0	0	0	0	0	0	0	0	1	5	4	3	0	5
1472.000	0	28	6	20	0	2	4	23	0	0	5	1	0	6	12	4	9	7	0	0	0	0	0	0	0	0	0	0	0	0	0	4	3	2	0	8
1472.200	0	21	0	18	0	4	4	15	0	0	6	2	0	7	7	3	13	8	0	0	0	0	0	0	0	0	0	0	0	0	0	5	3	1	0	4
1472.400	0	40	7	20	0	4	4	15	0	0	7	1	0	6	11	3	4	10	0	0	0	0	0	0	0	0	0	0	0	0	0	5	2	1	0	4
1472.600	0	35	0	17	0	3	3	16	0	0	5	2	0	7	6	1	0	3	0	0	0	0	0	0	0	0	0	0	0	0	0	7	3	1	0	2
1472.800	0	31	1	16	1	3	5	30	0	0	5	2	0	14	7	1	10	6	0	0	0	0	0	0	0	0	1	0	0	0	0	4	2	3	0	6
1473.000	0	28	2	18	0	3	5	20	0	0	5	1	0	8	7	1	6	6	0	0	0	0	0	0	0	0	1	0	0	0	1	8	3	2	0	3
1473.200	0	20	2	19	0	3	3	11	0	0	5	2	0	9	3	1	5	2	0	0	0	0	0	0	0	0	1	0	0	0	0	5	4	2	0	5
1473.400	0	29	0	18	1	4	4	19	0	0	5	2	0	8	9	3	2	10	0	0	0	0	0	0	0	0	0	0	0	0	1	6	3	2	0	1
1473.600	0	32	2	17	0	4	3	19	0	0	6	1	0	11	1	0	2	10	0	0	0	0	0	0	0	0	0	0	0	0	0	8	1	2	0	6
1473.800	0	38	6	16	0	4	6	23	0	0	7	2	0	11	3	2	9	11	0	0	0	0	0	0	0	0	0	0	0	0	0	5	2	3	0	5
1474.000	0	23	0	16	1	3	14	25	0	0	6	1	0	7	3	1	14	0	0	0	0	0	0	0	0	0	0	0	0	0	0	5	2	3	1	4
1474.200	0	30	2	19	0	3	6	17	0	0	5	0	0	9	6	3	15	6	0	0	0	0	0	0	0	0	0	0	0	0	0	7	3	3	0	5
1474.400	0	19	6	15	0	3	8	17	0	0	7	1	0	11	6	2	2	10	0	0	0	0	0	0	0	0	0	0	0	0	1	6	1	3	0	4
1474.600	0	30	0	19	0	6	13	15	0	0	5	1	0	15	8	2	2	7	0	0	0	0	0	0	0	0	0	0	0	0	0	4	2	2	0	2
1474.800	0	35	6	18	1	3	10	14	0	0	7	1	0	17	4	1	9	10	0	0	0	0	0	0	0	0	0	0	0	0	0	6	1	3	0	4
1475.000	0	32	7	22	0	4	9	18	0	0	7	2	0	13	7	3	4	2	0	0	0	0	0	0	0	0	0	0	0	0	0	3	2	4	0	2
1475.200	0	27	4	17	0	3	4	10	0	0	7	3	0	14	12	4	13	11	0	0	0	0	0	0	0	0	0	0	0	0	1	8	4	4	0	2
1475.400	0	37	0	22	1	4	10	16	0	0	7	1	0	11	9	8	6	10	0	0	0	0	0	0	0	0	0	0	0	0	1	4	3	3	0	4
1475.600	0	34	0	15	0	2	6	11	0	0	6	2	0	10	10	1	7	12	0	0	0	0	0	0	0	0	0	0	0	0	1	1	7	4	0	5
1475.800	0	21	0	20	1	4	11	18	0	0	7	1	0	14	11	3	14	13	0	0	0	0	0	0	0	0	0	0	0	0	0	7	1	4	0	2
1476.000	0	36	5	16	0	2	3	17	0	0	6	1	0	11	9	5	4	9	0	0	0	0	0	0	0	0	0	0	0	0	0	7	4	2	0	5
1476.200	0	39	5	19	1	2	9	20	0	0	6	1	0	11	6	2	11	6	0	0	0	0	0	0	0	0	0	0	0	0	1	5	2	5	0	6
1476.400	0	33	6	21	1	2	8	21	0	0	5	1	0	15	7	2	6	8	0	0	0	0	0	0	0	0	0	0	0	0	0	6	2	3	0	3
1476.600	0	40	3	19	0	1	5	9	0	0	7	1	0	16	9	3	9	15	0	0	0	0	0	0	0	0	0	0	0	0	0	5	3	2	0	5
1476.800	0	33	3	17	0	3	2	13	0	0	7	1	0	13	2	1	14	4	0	0	0	0	0	0	0	0	0	0	0	0	0	4	3	8	3	5
1477.000	0	23	0	15	0	2	7	24	0	0	7	1	0	11	4	3	7	4	0	0	0	0	0	0	0	0	0	0	0	0	0	4	1	2	0	8
1477.200	0	29	6	18	0	2	3	22	0	0	5	1	0	15	3	3	16	14	0	0	0	0	0	0	0	0	0	0	0	0	0	5	2	2	0	7
1477.400	0	34	3	18	1	3	4	11	0	0	7	2	0	15	4	0	7	9	0	0	0	0	0	0	0	0	0	0	0	0	0	4	3	3	0	2
1477.600	0	36	3	14	0	1	5	20	0	0	5	1	0	15	3	4	14	12	0	0	0	0	0	0	0	0	0	0	0	0	0	9	5	3	0	6
1477.800	0	39	3	11	1	2	5	16	0	0	7	2	0	10	3	0	14	14	0	0	0	0	0	0	0	0	0	0	0	0	0	12	3	2	0	2
1478.000	0	22	1	15	0	1	3	11	0	0	6	1	0	4	2	3	17	12	0	0	0	0	0	0	0	0	0	0	0	0	0	7	3	2	0	2
1478.200	0	38	1	12	0	0	1	19	0	0	7	1	0	9	3	6	20	8	0	0	0	0	0	0	0	0	0	0	0	0	0	11	1	5	0	2
1478.400	0	46	5	17	0	0	4	15	0	0	6	1	0	13	2	2	10	15	0	0	0	0	0	0	0	0	0	0	0	0	0	6	3	2	0	2
1478.600	0	34	2	16	1	3	4	20	0	0	5	1	0	9	2	3	18	8	0	0	0	0	0	0	0	0	0	0	0	0	0	6	3	2	0	6
1478.800	0	22	1	19	0	3	5	20	0	0	6	1	0	6	4	1	19	3	0	0	0	0	0	0	0	0	0	0	0	0	0	2	3	2	0	5
1479.000	0	32	6	17	0	2	3	9	0	0	7	1	0	11	3	2	25	8	0	0	0	0	0	0	0	0	0	0	0	0	0	8	3	4	0	4
1479.200	0	20	7	21	0	2	4	13	0	0	7	2	0	10	2	2	24	5	0	0	0	0	0	0	0	0	0	0	0	0	0	9	3	3	0	2
1479.400	0	25	0	16	1	0	1	16	0	0	5	1	0	13	2	5	20	11	0	0	0	0	0	0	0	0	0	0	0	0	1	9	2	4	0	7
1479.600	0	29	0	20	0	2	6	13	0	0	5	1	0	6	3	3	19	7	0	0	0	0	0	0	0	0	0	0	0	0	1	7	3	2	0	5
1479.800	0	28	1	16	0	1	3	16	0	0	5	1	0	2	3	4	22	14	0	0	0	0	0	0	0	0	0	0	0	0	0	9	4	3	0	5
1480.000	0	31	4	15	0	3	5	21	0	0	4	1	0	3	3	3	15	10	0	0	0	0	0	0	0	0	0	0	0	0	0	5	3	4	0	2
1480.200	0	33	4	18	0	3	3	10	0	0	5	1	0	2	4	7	25	7	0	0	0	0	0	0	0	0	0	0	0	0	0	6	3	2	0	8
1480.400	0	32	8	23	0	3	2	23	0	0	5	1	0	3	2	10	23	7	0	0	0	0	0	0	0	0	0	0	0	0	0	6	1	3	0	3
1480.600	0	35	2	19	0	3	5	21	0	0	3	1	0	8	3	3	28	1	0	0	0	0	0	0	0	0	0	0	0	0	1	5	3	4	0	5
1480.800	0	44	4	20	0	3	5	15	0	0	4	1	0	9	4	4	22	1	0	0	0	0	0	0	0	0	0	0	0	0	0	2	4	2	0	7
1481.000	0	26	2	17	0	2	1	13	0	0	5	1	0	13	3	2	19	5	0	0	0	0	0	0	0	0	0	0	0	0	0	11	3	2	0	6
1481.200	0	40	3	13	0	1	2	14	0	0	7	1	0	7	4	3	20	5	0	0	0	0	0	0	0	0	0	0	0	0	0	2	2	2	0	4
1481.400	0	29	3	16	0	2	4	19	0	0	7	1	0	3	4	1	25	5	0	0	0	0	0	0	0	0	0	0	0	0	0	10	3	2	0	5
1481.600	0	26	2	16	1	3	4	16	0	0	7	3	0	5	3	7	23	11	0	0	0	0	0	0	0	0	0	0	0	0	0	3	3	2	0	4
1481.800	0	34	2	16	0	2	2	11	0	0	7	2	0	8	3	3	23	8	0	0	0	0	0	0	0	0	0	0	0	0	0	5	0	4	1	8
1482.000	0	32	4	16	1	3	5	16	0	0	5	1	0	11	3	5	15	16	0	0	0	0	0	0	0	0	0	0	0	0	1	9	1	4	0	8
1482.200	0	18	2	17	0	3	3	22	0	0	7	1	0	14	4	3	15	7	0	0	0	0	0	0	0	0	0	0	0	0	3	8	2	4	0	8
1482.400	0	14	0	18	0	2	5	20	0	0	7	1	0	6	2	3	18	8	0	0	0	0	0	0	0	0	0	0	0	0	1	6	2	3	0	10
1482.600	0	24	4	16	0	2	4	18	0	0	5	1	0	13	3	1	13	8	0	0	0	0	0	0	0	0	0	0	0	0	0	6	2	6	1	7
1482.800	0	32	8	15	0	2	4	18	0	0	7	1	0	10	3	0	11	9	0	0	0	0	0	0	0	0	0	0	0	0	1	5	1	4	1	8
1483.000	0	32	5	14	0	2	6	14	0	0	6	2	0	14	2	0	11	10	0	0	0	0	0	0	0	0	0	0	0	0	0	5	1	4	0	7
1483.200	0	35	3	18	1	4	5	19	0	0	6	3	0	12	2	0	11	9	0	0	0	0	0	0	0	0	0	0	0	0	1	8	3	3	0	8
1483.400	0	39	6	15	0	2	4	13	0	0	6	1	0	10	2	1	20	8	0	0	0	0	0	0	0	0	0	0	0	0	1	10	3	3	0	9
1483.600	0	44	8	17	0	2	4	14	0	0	5	1	0	14	2	0	20	4	0	0	0	0	0	0	0	0	0	0	0	0	4	8	2	5	1	7
1483.800	0	22	4	13	0	2	2	20	0	0	6	1	0	13	3	0	11	11	0	0	0	0	0	0	0	0	1	0	0	0	0	6	3	3	0	9
1484.000	0	31	4	14	1	2	0	12	0	0	7	1	0	15	3	2	7	11	0	0	0	0	0	0	0	0	0	0	0	0	0	7	1	2	0	6
1484.200	0	34	7	23	0	2	5	19	0	0	5	1	0	15	2	2	13	11	0	0	0	0	0	0	0	0	0	0	0	0	1	3	4	5	2	8
1484.400	0	23	5	17	0	2	4	17	0	0	5	1	0	12	4	2	20	12	0	0	0	0	0	0	0	0	0	0	0	0	0	2	6	7	2	5
1484.600	0	20	4	17	0	2	2	23	0	0	5	1	0	22	6	1	20	10	0	0	0	0	0	0	0	0	0	0	0	0	3	2	3	6	2	2
1484.800	0	25	2	19	0	4	5	15	0	0	6	1	0	14	3	3	21	11	0	0	0	0	0	0	0	0	0	0	0	0	1	5	2	6	1	2
1485.000	0	33	5	22	0	2	4	18	0	0	6	1	0	9	3	3	10	11	0	0	0	0	0	0	0	0	1	0	0	0	0	2	2	8	2	5
1485.200	0	31	5	16	0	2	3	16	0	0	7	2	0	8	3	2	11	12	0	0	0	0	0	0	0	0	0	0	0	0	0	6	2	9	2	6
1485.400	0	31	5	16	0	3	5	18	0	0	5	2	0	7	3	3	21	11	0	0	0	0	0	0	0	0	3	0	0	0	1	3	0	7	1	8
1485.600	0	30	4	18	0	1	1	20	0	0	6	2	0	15	3	1	23	6	0	0	0	0	0	0	0	0	2	0	0	0	0	1	2	7	2	7
1485.800	0	32	0	19	0	4	4	12	0	0	4	1	0	6	3	3	23	13	0	0	0	0	0	0	0	0	4	0	0	0	0	6	2	7	4	6
1486.000	0	43	7	23	0	2	3	20	0	0	5	2	0	7	4	1	14	0	0	0	0	0	0	0	0	0	3	0	0	0	0	3	0	7	2	6
1486.200	0	31	1	17	0	2	1	11	0	0	7	1	0	5	4	3	9	6	0	0	0	0	0	0	0	0	3	0	0	0	0	4	2	8	2	8
1486.400	0	40	5	18	1	2	3	18	0	0	4	1	0	11	3	3	13	10	0	0	0	0	0	0	0	0	2	0	0	0	0	1	2	6	2	5
1486.600	0	40	4	20	0	4	1	14	0	0	6	1	0	13	6	3	21	7	0	0	0	0	0	0	0	0	4	0	0	0	0	0	2	7	2	7
1486.800	0	25	0	18	0	4	1	16	0	0	5	2	0	14	3	0	17	6	0	0	0	0	0	0	0	0	3	0	0	0	0	0	1	7	2	4
1487.000	0	31	5	20	1	2	2	14	0	0	6	1	0	13	4	2	19	8	0	0	0	0	0	0	0	0	1	0	0	0	0	3	2	6	4	1
1487.200	0	32	4	15	0	0	3	11	0	0	5	1	0	14	3	1	17	6	0	0	0	0	0	0	0	0	3	0	0	0	0	6	4	6	2	8
1487.400	0	25	4	18	0	2	2	15	0	0	5	3	0	12	8	0	17	9	0	0	0	0	0	0	0	0	2	0	0	0	0	4	2	6	2	8
1487.600	0	32	3	23	0	4	2	17	0	0	5	2	0	11	3	0	19	7	0	0	0	0	0	0	0	0	2	0	0	0	0	4	2	6	3	7
1487.800	0	34	5	21	0	5	3	18	0	0	4	1	0	12	4	2	10	3	0	0	0	0	0	0	0	0	3	0	0	0	0	6	2	7	2	6
1488.000	0	25	6	23	0	2	3	14	0	0	5	2	0	8	4	3	25	3	0	0	0	0	0	0	0	0	4	0	0	0	0	1	0	6	1	10
1488.200	0	26	5	19	0	3	2	20	0	0	6	1	0	10	5	2	12	4	0	0	0	0	0	0	0	0	3	0	0	0	0	2	2	4	0	7
1488.400	0	16	3	20	0	4	5	18	0	0	5	2	0	16	4	3	18	6	0	0	0	0	0	0	0	0	2	0	0	0	0	5	0	7	1	6
1488.600	0	11	3	19	0	2	3	19	0	0	4	1	0	4	3	4	24	5	0	0	0	0	0	0	0	0	2	0	0	0	0	4	2	8	2	7
1488.800	0	27	5	22	1	2	2	23	0	0	5	2	0	9	3	8	21	8	0	0	0	0	0	0	0	0	2	0	0	0	0	0	0	4	1	9
1489.000	0	28	3	17	1	4	1	21	0	0	7	1	0	4	4	1	8	7	0	0	0	0	0	0	0	0	3	0	0	0	0	4	3	7	1	5
1489.200	0	38	0	11	0	2	3	18	0	0	5	1	0	8	3	0	6	7	0	0	0	0	0	0	0	0	2	0	0	0	0	7	1	7	2	5
1489.400	0	26	3	17	0	3	4	20	0	0	5	1	0	5	3	0	14	7	0	0	0	0	0	0	0	0	0	0	0	0	1	5	3	6	2	5
1489.600	0	30	0	18	1	5	3	21	0	0	5	1	0	10	4	1	16	4	0	0	0	0	0	0	0	0	2	0	0	0	0	5	3	6	1	6
1489.800	0	19	2	19	0	4	2	19	0	0	5	1	0	4	3	0	18	6	0	0	0	0	0	0	0	0	3	0	0	0	0	7	1	5	1	9
1490.000	0	24	4	18	0	2	6	19	0	0	5	1	0	7	3	3	18	7	0	0	0	0	0	0	0	0	3	0	0	0	0	4	2	5	2	6
1490.200	0	43	7	21	0	5	1	12	0	0	5	0	0	9	2	0	19	7	0	0	0	0	0	0	0	0	3	0	0	0	0	6	3	5	2	4
1490.400	0	32	3	22	1	6	2	27	0	0	4	0	0	6	3	0	17	6	0	0	0	0	0	0	0	0	3	0	0	0	0	3	1	7	2	9
1490.600	0	26	1	18	0	3	2	20	0	0	4	1	0	6	4	0	21	4	0	0	0	0	0	0	0	0	3	0	0	0	0	2	2	6	2	5
1490.800	0	30	1	13	0	4	2	20	0	0	5	0	0	9	4	0	25	4	0	0	0	0	0	0	0	0	3	0	0	0	0	5	5	8	2	3
1491.000	0	31	0	18	0	3	0	17	0	0	4	0	0	8	3	0	19	8	0	0	0	0	0	0	0	0	2	0	0	0	0	5	5	6	2	6
1491.200	0	35	4	20	0	3	0	26	0	0	5	1	0	5	3	3	20	5	0	0	0	0	0	0	0	0	0	0	0	0	0	3	2	6	2	5
1491.400	0	41	3	13	0	2	0	21	0	0	6	1	0	15	2	2	15	6	0	0	0	0	0	0	0	0	0	0	0	0	0	1	3	5	3	5
1491.600	0	30	3	14	0	2	0	17	0	0	6	1	0	11	3	3	21	8	0	0	0	0	0	0	0	0	0	0	0	0	0	1	3	4	2	8
1491.800	0	33	3	19	0	3	0	20	0	0	5	1	0	10	3	3	23	8	0	0	0	0	0	0	0	0	0	0	0	0	0	2	3	5	2	5
1492.000	0	36	4	18	0	5	2	21	0	0	4	1	0	10	2	2	23	9	0	0	0	0	0	0	0	0	0	0	0	0	0	2	2	4	2	8
1492.200	0	28	1	17	0	3	1	21	0	0	7	1	0	11	3	2	16	8	0	0	0	0	0	0	0	0	0	0	0	0	0	4	2	6	2	7
1492.400	0	29	1	15	1	4	2	23	0	0	6	1	0	10	2	0	16	4	0	0	0	0	0	0	0	0	0	0	0	0	0	3	3	7	2	2
1492.600	0	30	6	18	0	3	2	25	0	0	7	2	0	13	4	2	22	6	0	0	0	0	0	0	0	0	0	0	0	0	0	4	2	6	2	8
1492.800	0	39	0	15	0	2	3	20	0	0	7	1	0	16	5	3	20	7	0	0	0	0	0	0	0	0	0	0	0	0	0	7	4	8	2	5
1493.000	0	20	0	15	0	4	2	16	0	0	5	2	0	9	3	2	13	9	0	0	0	0	0	0	0	0	0	0	0	0	0	4	2	5	2	7
1493.200	0	33	4	18	0	4	3	23	0	0	7	2	0	7	9	3	16	3	0	0	0	0	0	0	0	0	0	0	0	0	1	2	2	6	2	8
1493.400	0	38	0	19	0	3	2	21	0	0	5	2	0	9	5	1	13	5	0	0	0	0	0	0	0	0	0	0	0	0	0	3	2	6	1	8
1493.600	0	39	0	15	0	3	2	29	0	0	5	1	0	8	3	3	8	6	0	0	0	0	0	0	0	0	1	0	0	0	1	7	4	5	0	10
1493.800	0	31	3	19	0	3	2	19	0	0	7	3	0	13	4	3	15	6	0	0	0	0	0	0	0	0	0	0	0	0	1	7	3	6	2	9
1494.000	0	28	1	17	0	3	2	21	0	0	6	1	0	9	3	2	13	6	0	0	0	0	0	0	0	0	0	0	0	0	0	9	0	4	0	7
1494.200	0	43	1	18	0	3	1	19	0	0	5	1	0	9	4	2	9	6	0	0	0	0	0	0	0	0	0	0	0	0	0	5	0	7	2	5
1494.400	0	34	0	19	0	3	2	21	0	0	5	1	0	15	2	0	8	5	0	0	0	0	0	0	0	0	0	0	0	0	0	1	0	4	0	8
1494.600	0	31	0	15	0	3	2	21	0	0	5	2	0	5	3	2	10	6	0	0	0	0	0	0	0	0	0	0	0	0	1	3	1	4	0	8
1494.800	0	31	3	19	0	5	2	23	0	0	4	1	0	8	3	3	13	8	0	0	0	0	0	0	0	0	0	0	0	0	0	9	4	5	0	5
1495.000	0	37	0	15	0	3	0	23	0	0	7	1	0	5	2	1	8	7	0	0	0	0	0	0	0	0	0	0	0	0	1	7	0	2	0	7
1495.200	0	33	2	17	0	3	1	17	0	0	4	1	0	9	3	5	20	6	0	0	0	0	0	0	0	0	0	0	0	0	0	6	1	6	1	4
1495.400	0	27	2	13	0	5	1	18	0	0	6	1	0	7	2	2	18	9	0	0	0	0	0	0	0	0	0	0	0	0	0	6	1	7	2	6
1495.600	0	31	4	17	0	6	1	14	0	0	6	1	0	8	2	2	19	8	0	0	0	0	0	0	0	0	0	0	0	0	0	4	2	3	0	8
1495.800	0	32	4	17	0	2	3	23	0	0	5	1	0	8	5	1	15	9	0	0	0	0	0	0	0	0	0	0	0	0	0	8	2	3	0	7
1496.000	0	32	4	17	1	5	4	23	0	0	6	3	0	13	6	3	20	11	0	0	0	0	0	0	0	0	0	0	0	0	0	8	3	4	1	8
1496.200	0	24	3	16	0	3	0	23	0	0	5	1	0	16	5	0	6	9	0	0	0	0	0	0	0	0	0	0	0	0	0	6	4	4	0	3
1496.400	0	24	0	18	1	4	2	19	0	0	6	1	0	10	3	2	13	7	0	0	0	0	0	0	0	0	0	0	0	0	0	6	1	3	0	12
1496.600	0	18	3	20	0	5	3	16	0	0	6	1	0	14	4	2	11	8	0	0	0	0	0	0	0	0	0	0	0	0	0	4	2	6	1	10
1496.800	0	31	5	18	0	4	1	20	0	0	6	1	0	7	3	2	7	8	0	0	0	0	0	0	0	0	0	0	0	0	0	5	2	3	1	5
1497.000	0	35	4	16	0	4	3	22	0	0	6	2	0	10	3	3	19	9	0	0	0	0	0	0	0	0	0	0	0	0	0	2	0	2	0	11
1497.200	0	25	3	19	0	5	1	20	0	0	5	1	0	18	2	3	18	7	0	0	0	0	0	0	0	0	3	0	0	0	0	6	2	3	0	8
1497.400	0	37	4	13	1	4	2	24	0	0	5	2	0	14	2	2	15	6	0	0	0	0	0	0	0	0	1	0	0	0	0	5	1	7	2	9
1497.600	0	42	4	14	0	3	2	20	0	0	5	1	0	19	2	2	20	8	0	0	0	0	0	0	0	0	3	0	0	0	0	3	1	5	2	7
1497.800	0	36	3	12	0	4	3	23	0	0	6	1	0	15	3	4	21	11	0	0	0	0	0	0	0	0	4	0	0	0	1	7	1	5	1	5
1498.000	0	42	7	17	0	5	2	21	0	0	5	2	0	11	2	0	18	9	0	0	0	0	0	0	0	0	0	0	0	0	0	10	2	5	0	8
1498.200	0	31	3	21	0	4	2	18	0	0	5	3	0	11	4	7	18	8	0	0	0	0	0	0	0	0	0	0	0	0	1	5	2	3	0	8
1498.400	0	39	0	14	1	3	7	18	0	0	5	2	0	8	3	7	17	7	0	0	0	0	0	0	0	0	0	0	0	0	0	6	0	4	1	2
1498.600	0	33	0	19	1	5	1	24	0	0	6	3	0	13	5	4	21	5	0	0	0	0	0	0	0	0	0	0	0	0	1	7	3	5	1	7
1498.800	0	27	2	16	0	3	4	24	0	0	5	2	0	17	3	2	19	6	0	0	0	0	0	0	0	0	0	0	0	0	1	10	3	2	0	5
1499.000	0	32	1	12	0	2	2	19	0	0	5	2	0	17	4	2	11	7	0	0	0	0	0	0	0	0	0	0	0	0	1	5	3	2	0	4
1499.200	0	41	1	17	0	3	5	17	0	0	5	2	0	7	3	2	15	6	0	0	0	0	0	0	0	0	0	0	0	0	1	3	3	2	0	7
1499.400	0	20	0	12	0	4	3	19	0	0	5	4	0	6	2	5	11	6	0	0	0	0	0	0	0	0	0	0	0	0	1	7	3	2	0	8
1499.600	0	39	0	17	0	2	0	23	0	0	5	1	0	12	3	2	8	6	0	0	0	0	0	0	0	0	0	0	0	0	0	7	0	3	0	7
1499.800	0	38	1	19	1	4	0	24	0	0	7	2	0	13	6	2	9	8	0	0	0	0	0	0	0	0	0	0	0	0	2	4	0	2	0	7
1500.000	0	30	0	15	0	6	2	21	0	0	6	1	0	10	7	3	21	7	0	0	0	0	0	0	0	0	0	0	0	0	0	4	3	5	0	5
1500.200	0	27	1	18	0	5	2	22	0	0	6	1	0	11	2	3	15	5	0	0	0	0	0	0	0	0	0	0	0	0	1	10	3	3	0	6
1500.400	0	38	1	15	0	4	4	19	0	0	6	1	0	8	4	4	20	5	0	0	0	0	0	0	0	0	0	0	0	0	2	3	1	5	0	9
1500.600	0	25	0	15	0	4	2	22	0	0	6	5	0	9	3	3	24	5	0	0	0	0	0	0	0	0	1	0	0	0	1	9	2	3	0	6
1500.800	0	35	0	20	0	2	3	16	0	0	6	1	0	4	4	5	13	7	0	0	0	0	0	0	0	0	0	0	0	0	0	6	3	2	0	6
1501.000	0	32	0	15	0	2	3	15	0	0	5	1	0	12	4	3	25	6	0	0	0	0	0	0	0	0	0	0	0	0	0	5	2	3	0	8
1501.200	0	38	0	16	0	4	4	29	0	0	5	1	0	12	5	4	20	6	0	0	0	0	0	0	0	0	0	0	0	0	2	0	4	3	0	8
1501.400	0	29	1	20	0	6	4	22	0	0	6	1	0	6	3	2	19	4	0	0	0	0	0	0	0	0	0	0	0	0	2	7	6	8	2	9
1501.600	0	37	2	20	0	4	4	12	0	0	5	3	0	6	3	3	16	4	0	0	0	0	0	0	0	0	0	0	0	0	1	5	3	3	2	8
1501.800	0	28	1	19	0	5	2	16	0	0	6	1	0	4	4	2	26	5	0	0	0	0	0	0	0	0	0	0	0	0	0	7	6	5	2	7
1502.000	0	34	0	17	0	4	6	21	0	0	6	2	0	4	5	3	11	9	0	0	0	0	0	0	0	0	0	0	0	0	2	1	4	7	2	7
1502.200	0	36	2	22	0	5	2	20	0	0	6	1	0	7	3	2	18	6	0	0	0	0	0	0	0	0	0	0	0	0	0	8	5	7	2	4
1502.400	0	22	2	18	0	4	0	18	0	0	6	1	0	8	3	2	16	3	0	0	0	0	0	0	0	0	0	0	0	0	0	3	3	7	3	2
1502.600	0	38	1	18	0	2	0	15	0	0	7	1	0	13	4	2	11	2	0	0	0	0	0	0	0	0	0	0	0	0	0	8	4	8	1	5
1502.800	1	32	1	20	0	3	0	10	0	0	6	3	0	13	3	5	19	2	0	0	0	0	0	0	0	0	0	0	0	0	0	7	2	7	3	5
1503.000	0	35	1	17	0	4	1	20	0	0	5	1	0	7	3	4	19	1	0	0	0	0	0	0	0	0	0	0	0	0	0	4	5	4	1	5
1503.200	1	26	0	16	0	4	2	16	0	0	7	2	0	13	4	3	20	2	0	0	0	0	0	0	0	0	0	0	0	0	1	8	3	6	1	7
1503.400	1	33	0	17	0	5	5	15	0	0	5	1	0	15	9	2	24	0	0	0	0	0	0	0	0	0	0	0	0	0	0	2	4	7	2	9
1503.600	1	38	1	14	0	3	0	4	0	0	7	1	0	12	7	2	22	0	0	0	0	0	0	0	0	0	0	0	0	0	0	4	2	6	1	2
1503.800	2	38	3	19	0	4	2	15	0	0	5	1	0	13	5	2	19	2	0	0	0	0	0	0	0	0	0	0	0	0	1	4	0	3	0	2
1504.000	0	29	0	24	1	6	3	22	0	0	5	1	0	15	12	5	10	1	0	0	0	0	0	0	0	0	0	0	0	0	2	5	2	5	0	8
1504.200	0	40	0	18	0	4	1	18	0	0	5	3	0	14	7	1	11	7	0	0	0	0	0	0	0	0	0	0	0	0	1	5	3	4	0	7
1504.400	1	30	3	12	0	5	3	20	0	0	5	4	0	12	5	3	24	7	0	0	0	0	0	0	0	0	0	0	0	0	1	5	4	2	0	5
1504.600	1	39	0	15	0	1	1	18	0	0	5	2	0	14	4	3	27	8	0	0	0	0	0	0	0	0	0	0	0	0	2	6	2	2	0	7
1504.800	3	26	3	16	1	6	1	13	0	0	6	1	0	9	8	3	23	5	0	0	0	0	0	0	0	0	0	0	0	0	1	8	3	4	0	6
1505.000	2	32	2	21	1	2	3	25	0	0	6	1	0	15	9	2	21	6	0	0	0	0	0	0	0	0	1	0	0	0	0	7	3	2	0	9
1505.200	1	38	4	17	0	6	2	24	0	0	5	1	0	5	6	3	17	5	0	0	0	0	0	0	0	0	0	0	0	0	1	1	1	2	0	10
1505.400	1	36	0	19	0	4	1	21	0	0	6	1	0	7	4	1	21	6	0	0	0	0	0	0	0	0	1	0	0	0	0	10	3	2	0	4
1505.600	0	42	0	17	0	4	1	18	0	0	4	3	0	7	6	3	15	4	0	0	0	0	0	0	0	0	3	0	0	0	1	5	3	4	0	8
1505.800	0	35	0	14	0	5	0	15	0	0	5	2	0	6	3	1	6	6	0	0	0	0	0	0	0	0	0	0	0	0	0	5	3	2	0	7
1506.000	0	30	1	18	0	3	0	23	0	0	6	1	0	8	6	2	18	4	0	0	0	0	0	0	0	0	0	0	0	0	1	2	1	1	0	8
1506.200	0	38	0	19	0	4	0	16	0	0	5	2	0	7	5	1	14	7	0	0	0	0	0	0	0	0	0	0	0	0	1	8	1	2	0	6
1506.400	1	42	4	18	0	4	1	23	0	0	5	1	0	7	3	3	15	7	0	0	0	0	0	0	0	0	0	0	0	0	0	6	3	2	0	5
1506.600	0	27	4	18	0	4	0	10	0	0	5	4	0	9	7	3	17	8	0	0	0	0	0	0	0	0	3	0	0	0	0	8	3	3	0	6
1506.800	0	49	2	20	0	5	0	16	0	0	7	2	0	7	5	2	18	8	0	0	0	0	0	0	0	0	0	0	0	0	0	6	1	2	0	5
1507.000	0	40	0	20	0	2	1	19	0	0	7	1	0	10	7	2	12	6	0	0	0	0	0	0	0	0	0	0	0	0	1	6	3	2	0	7
1507.200	0	30	7	14	0	3	1	20	0	0	5	1	0	4	4	2	16	7	0	0	0	0	0	0	0	0	0	0	0	0	0	6	2	2	0	2
1507.400	0	36	4	21	0	3	1	19	0	0	5	1	0	15	2	2	15	7	0	0	0	0	0	0	0	0	0	0	0	0	0	10	3	2	0	2
1507.600	0	45	4	20	0	4	4	21	0	0	6	3	0	14	3	2	24	9	0	0	0	0	0	0	0	0	0	0	0	0	2	8	1	1	0	3
1507.800	0	48	3	22	0	4	4	12	0	0	6	2	0	7	3	3	16	6	0	0	0	0	0	0	0	0	0	0	0	0	4	9	1	2	0	7
1508.000	0	34	2	17	0	4	1	13	0	0	6	2	0	14	7	3	18	12	0	0	0	0	0	0	0	0	0	0	0	0	2	3	1	2	0	5
1508.200	0	36	3	17	1	5	2	19	0	0	5	2	0	11	6	5	18	7	0	0	0	0	0	0	0	0	0	0	0	0	1	3	2	3	0	9
1508.400	0	42	2	18	0	4	2	19	0	0	5	2	0	13	4	3	14	6	0	0	0	0	0	0	0	0	0	0	0	0	0	4	1	2	0	5
1508.600	0	44	3	19	0	6	3	21	0	0	7	3	0	10	8	2	19	6	0	0	0	0	0	0	0	0	0	0	0	0	0	6	6	4	0	4
1508.800	0	40	3	18	0	5	3	26	0	0	5	2	0	7	4	2	19	10	0	0	0	0	0	0	0	0	0	0	0	0	1	5	3	4	0	8
1509.000	0	55	1	17	0	6	2	20	0	0	6	1	0	6	5	3	22	14	0	0	0	0	0	0	0	0	0	0	0	0	1	3	1	1	0	3
1509.200	2	33	1	17	0	5	1	23	0	0	6	2	0	4	3	4	17	3	0	0	0	0	0	0	0	0	0	0	0	0	1	7	3	2	0	8
1509.400	1	44	8	14	0	4	3	29	0	0	7	2	0	7	7	2	10	8	0	0	0	0	0	0	0	0	1	0	0	0	0	2	3	2	0	8
1509.600	0	32	2	15	0	5	2	21	0	0	7	1	0	8	5	2	14	10	0	0	0	0	0	0	0	0	0	0	0	0	0	6	3	4	0	6
1509.800	0	50	5	17	0	3	5	19	0	0	5	1	0	13	2	1	9	6	0	0	0	0	0	0	0	0	0	0	0	0	0	10	6	3	0	7
1510.000	0	44	1	18	0	1	1	26	0	0	7	2	0	15	5	2	6	5	0	0	0	0	0	0	0	0	0	0	0	0	0	4	2	4	0	5
1510.200	0	30	4	15	1	3	2	18	0	0	6	2	0	13	6	6	1	5	0	0	0	0	0	0	0	0	0	0	0	0	0	8	3	2	0	8
1510.400	0	42	3	17	0	2	6	15	0	0	6	1	0	12	6	4	5	6	0	0	0	0	0	0	0	0	0	0	0	0	0	5	2	3	0	7
1510.600	0	33	2	17	0	5	1	21	0	0	7	2	0	12	7	3	10	11	0	0	0	0	0	0	0	0	0	0	0	0	0	7	4	2	0	5
1510.800	0	37	2	14	0	1	3	26	0	0	7	2	0	4	2	3	13	12	0	0	0	0	0	0	0	0	0	0	0	0	0	4	3	5	0	2
1511.000	0	45	5	16	0	2	3	21	0	0	7	2	0	8	5	5	15	15	0	0	0	0	0	0	0	0	0	0	0	0	0	11	3	5	0	6
1511.200	1	39	0	21	0	3	4	23	0	0	5	2	0	10	7	5	24	9	0	0	0	0	0	0	0	0	3	0	0	0	0	5	1	2	0	4
1511.400	0	28	0	12	0	0	2	23	0	0	7	2	0	9	3	2	14	15	0	0	0	0	0	0	0	0	0	0	0	0	1	4	4	2	0	5
1511.600	0	38	4	16	0	2	4	18	0	0	6	2	0	12	8	4	20	14	0	0	0	0	0	0	0	0	0	0	0	0	1	4	4	4	0	6
1511.800	0	41	4	20	0	1	3	20	0	0	7	2	0	8	8	3	22	13	0	0	0	0	0	0	0	0	0	0	0	0	1	3	3	1	0	4
1512.000	0	28	3	16	0	1	4	29	0	0	7	1	0	17	8	4	11	6	0	0	0	0	0	0	0	0	1	0	0	0	0	5	2	2	0	12
1512.200	0	29	3	17	0	4	6	32	0	0	7	4	0	9	8	5	7	9	0	0	0	0	0	0	0	0	3	0	0	0	0	6	4	3	0	10
1512.400	1	36	2	18	0	4	3	22	0	0	7	4	0	7	2	3	18	3	0	0	0	0	0	0	0	0	0	0	0	0	1	4	5	3	0	9
1512.600	1	38	4	16	0	3	1	19	0	0	7	2	0	8	5	2	12	2	0	0	0	0	0	0	0	0	0	0	0	0	0	9	3	2	0	4
1512.800	0	45	3	15	0	4	2	25	0	0	4	1	0	6	5	4	14	3	0	0	0	0	0	0	0	0	1	0	0	0	0	5	1	2	0	1
1513.000	0	39	5	17	0	3	3	21	0	0	5	1	0	7	6	6	25	12	0	0	0	0	0	0	0	0	2	0	0	0	1	13	4	2	0	7
1513.200	0	36	4	18	0	5	6	17	0	0	5	1	0	7	3	2	10	3	0	0	0	0	0	0	0	0	4	0	0	0	0	7	3	2	0	6
1513.400	0	36	2	14	0	4	9	16	0	0	6	3	0	6	3	3	11	11	0	0	0	0	0	0	0	0	3	0	0	0	0	6	2	2	0	6
1513.600	0	30	3	17	0	4	3	21	0	0	6	3	0	7	5	3	11	9	0	0	0	0	0	0	0	0	0	0	0	0	0	6	2	2	0	5
1513.800	0	34	3	17	0	4	2	12	0	0	5	3	0	9	3	1	14	13	0	0	0	0	0	0	0	0	0	0	0	0	0	4	4	2	0	7
1514.000	0	36	2	17	1	6	3	19	0	0	5	1	0	7	4	3	18	10	0	0	0	0	0	0	0	0	0	0	0	0	0	4	4	2	0	4
1514.200	0	26	3	18	0	2	3	12	0	0	5	1	0	6	2	2	10	9	0	0	0	0	0	0	0	0	0	0	0	0	0	7	3	1	0	6
1514.400	1	40	2	19	0	5	4	16	0	0	6	1	0	13	4	4	12	13	0	0	0	0	0	0	0	0	0	0	0	0	0	3	4	3	0	2
1514.600	1	36	4	22	0	5	7	17	0	0	5	3	0	7	4	4	9	9	0	0	0	0	0	0	0	0	0	0	0	0	0	4	3	5	0	3
1514.800	1	45	4	23	0	3	4	15	0	0	5	2	0	11	3	3	10	15	0	0	0	0	0	0	0	0	0	0	0	0	0	7	2	4	0	8
1515.000	0	31	4	17	0	3	2	20	0	0	4	1	0	9	7	6	14	11	0	0	0	0	0	0	0	0	0	0	0	0	1	3	1	6	1	2
1515.200	1	41	4	18	0	3	4	14	0	0	5	1	0	6	4	4	13	3	0	0	0	0	0	0	0	0	0	0	0	0	0	4	3	5	1	2
1515.400	1	39	2	15	0	6	3	21	0	0	7	4	0	6	4	3	16	5	0	0	0	0	0	0	0	0	1	0	0	0	0	4	1	4	0	3
1515.600	1	30	3	18	0	2	2	9	0	0	7	1	0	5	3	4	15	0	0	0	0	0	0	0	0	0	0	0	0	0	0	2	3	3	0	6
1515.800	0	28	2	18	1	6	5	16	0	0	5	1	0	4	3	6	24	4	0	0	0	0	0	0	0	0	0	0	0	0	1	4	3	3	0	7
1516.000	3	25	1	20	0	6	5	14	0	0	5	1	0	5	4	5	28	13	0	0	0	0	0	0	0	0	0	0	0	0	1	3	3	2	0	7
1516.200	2	19	1	19	0	3	3	13	0	0	5	1	0	8	2	2	22	6	0	0	0	0	0	0	0	0	0	0	0	0	1	3	3	2	0	4
1516.400	2	23	1	15	0	6	2	11	0	0	6	3	0	5	4	4	12	5	0	0	0	0	0	0	0	0	0	0	0	0	1	4	4	2	0	6
1516.600	1	26	3	16	0	6	5	19	0	0	5	1	0	6	6	2	14	3	0	0	0	0	0	0	0	0	0	0	0	0	2	6	3	2	0	8
1516.800	2	25	1	18	1	7	2	18	0	0	7	1	0	12	4	1	11	7	0	0	0	0	0	0	0	0	0	0	0	0	2	3	3	4	0	4
1517.000	4	38	3	18	0	6	5	13	0	0	7	2	0	9	3	5	14	2	0	0	0	0	0	0	0	0	0	0	0	0	2	10	6	4	0	7
1517.200	2	24	2	17	1	4	4	22	0	0	5	2	0	10	6	4	16	5	0	0	0	0	0	0	0	0	0	0	0	0	2	8	3	3	0	5
1517.400	4	26	5	20	0	6	1	20	0	0	7	1	0	5	3	2	12	2	0	0	0	0	0	0	0	0	0	0	0	0	2	3	3	2	0	7
1517.600	0	23	4	23	0	5	1	14	0	0	4	1	0	9	3	4	24	13	0	0	0	0	0	0	0	0	0	0	0	0	4	5	3	3	0	3
1517.800	0	28	6	22	1	4	3	14	0	0	5	1	0	14	5	2	18	9	0	0	0	0	0	0	0	0	0	0	0	0	1	8	2	5	0	2
1518.000	0	21	7	22	0	3	6	16	0	0	5	1	0	14	3	0	14	8	0	0	0	0	0	0	0	0	0	0	0	0	2	4	2	5	1	2
1518.200	0	32	4	20	1	5	3	19	0	0	6	3	0	13	4	7	15	6	0	0	0	0	0	0	0	0	0	0	0	0	2	4	1	5	0	7
1518.400	3	32	3	23	0	5	2	16	0	0	5	3	0	12	3	2	16	10	0	0	0	0	0	0	0	0	0	0	0	0	2	10	0	3	0	4
1518.600	2	23	2	17	1	7	2	12	0	0	6	1	0	12	3	2	13	8	0	0	0	0	0	0	0	0	0	0	0	0	2	3	2	2	0	8
1518.800	1	30	4	17	0	4	1	9	0	0	6	1	0	12	2	2	12	11	0	0	0	0	0	0	0	0	0	0	0	0	2	4	3	2	0	8
1519.000	1	25	0	20	1	3	9	7	0	0	7	1	0	11	3	2	15	11	0	0	0	0	0	0	0	0	0	0	0	0	1	3	1	3	0	6
1519.200	0	22	1	19	1	5	10	7	0	0	5	1	0	15	7	5	9	11	0	0	0	0	0	0	0	0	0	0	0	0	1	5	2	2	0	7
1519.400	0	32	0	17	0	3	1	9	0	0	6	2	0	15	3	0	17	7	0	0	0	0	0	0	0	0	0	0	0	0	1	7	1	7	1	5
1519.600	4	27	1	19	0	6	1	7	0	0	5	1	0	14	3	2	16	4	0	0	0	0	0	0	0	0	0	0	0	0	0	5	2	5	1	7
1519.800	1	27	3	23	0	6	6	16	0	0	5	2	0	14	2	2	18	11	0	0	0	0	0	0	0	0	0	0	0	0	2	5	3	3	1	3
1520.000	0	23	0	17	0	5	9	12	0	0	5	2	0	17	6	1	15	6	0	0	0	0	0	0	0	0	0	0	0	0	1	13	3	2	0	5
1520.200	0	15	1	17	0	3	4	16	0	0	5	1	0	17	3	3	17	6	0	0	0	0	0	0	0	0	0	0	0	0	1	5	1	2	0	3
1520.400	0	32	2	17	0	4	4	16	0	0	6	2	0	14	2	2	17	9	0	0	0	0	0	0	0	0	0	0	0	0	2	3	1	1	0	8
1520.600	0	16	2	15	0	6	2	17	0	0	6	1	0	17	3	2	12	10	0	0	0	0	0	0	0	0	0	0	0	0	1	4	3	2	0	3
1520.800	0	22	0	19	0	4	5	17	0	0	6	2	0	15	3	1	8	0	0	0	0	0	0	0	0	0	0	0	0	0	1	2	3	5	0	1
1521.000	0	30	1	20	1	5	5	14	0	0	5	2	0	14	9	3	17	0	0	0	0	0	0	0	0	0	0	0	0	0	1	4	1	2	0	5
1521.200	0	49	3	18	0	5	3	21	0	0	5	1	0	6	3	2	19	4	0	0	0	0	0	0	0	0	0	0	0	0	2	5	3	4	0	6
1521.400	0	33	2	20	0	5	5	19	0	0	3	1	0	3	6	5	20	7	0	0	0	0	0	0	0	0	0	0	0	0	2	1	2	3	0	4
1521.600	0	27	0	16	0	4	6	17	0	0	7	1	0	6	6	3	18	4	0	0	0	0	0	0	0	0	0	0	0	0	2	5	3	2	0	4
1521.800	0	28	0	15	0	5	12	17	0	0	6	1	0	7	4	2	21	1	0	0	0	0	0	0	0	0	0	0	0	0	2	3	2	2	0	1
1522.000	0	33	0	21	1	3	9	12	0	0	5	1	0	10	9	4	23	13	0	0	0	0	0	0	0	0	0	0	0	0	1	3	2	4	0	1
1522.200	0	46	0	17	1	5	10	18	0	0	6	3	0	10	5	3	16	12	0	0	0	0	0	0	0	0	0	0	0	0	2	2	3	3	0	3
1522.400	0	43	3	17	0	3	12	13	0	0	6	1	0	17	6	3	15	5	0	0	0	0	0	0	0	0	0	0	0	0	1	2	2	2	0	3
1522.600	0	46	2	18	0	5	9	17	0	0	5	1	0	12	5	3	19	10	0	0	0	0	0	0	0	0	0	0	0	0	1	5	4	3	0	2
1522.800	0	39	1	23	0	4	12	19	0	0	3	1	0	14	4	3	10	13	0	0	0	0	0	0	0	0	0	0	0	0	1	5	1	4	0	3
1523.000	0	25	2	21	0	4	5	12	0	0	5	1	0	14	7	1	10	8	0	0	0	0	0	0	0	0	0	0	0	0	1	1	1	2	0	1
1523.200	0	49	4	16	0	3	13	13	0	0	6	1	0	12	8	3	20	4	0	0	0	0	0	0	0	0	0	0	0	0	1	2	4	3	0	2
1523.400	0	43	3	21	0	3	8	20	0	0	6	3	0	14	9	3	20	10	0	0	0	0	0	0	0	0	0	0	0	0	0	6	3	2	0	1
1523.600	0	33	1	17	0	3	8	10	0	0	6	1	0	8	9	1	28	9	0	0	0	0	0	0	0	0	0	0	0	0	0	0	1	2	0	1
1523.800	0	40	3	19	0	3	4	9	0	0	4	1	0	3	3	2	23	9	0	0	0	0	0	0	0	0	0	0	0	0	1	5	4	3	0	1
1524.000	0	37	1	18	1	2	3	1	0	0	5	1	0	6	5	3	20	11	0	0	0	0	0	0	0	0	0	0	0	0	1	2	3	3	0	1
1524.200	0	50	1	15	0	5	9	5	0	0	5	0	0	9	3	2	8	8	0	0	0	0	0	0	0	0	0	0	0	0	1	8	3	2	0	1
1524.400	0	45	3	18	1	2	9	4	0	0	5	1	0	8	3	2	19	9	0	0	0	0	0	0	0	0	0	0	0	0	1	3	3	2	0	2
1524.600	0	26	1	18	0	3	10	9	0	0	4	1	0	7	2	3	23	11	0	0	0	0	0	0	0	0	0	0	0	0	2	10	3	2	0	5
1524.800	0	38	1	21	1	3	9	13	0	0	5	1	0	13	2	3	23	5	0	0	0	0	0	0	0	0	0	0	0	0	1	8	4	1	0	2
1525.000	0	36	2	20	0	1	8	10	0	0	5	1	0	12	2	4	8	8	0	0	0	0	0	0	0	0	0	0	0	0	1	3	3	2	0	2
1525.200	0	37	1	19	0	4	5	6	0	0	4	1	0	6	4	2	18	9	0	0	0	0	0	0	0	0	0	0	0	0	1	5	3	4	1	2
1525.400	0	42	2	21	1	4	2	2	0	0	7	1	0	7	2	2	20	6	0	0	0	0	0	0	0	0	0	0	0	0	1	7	3	2	0	4
1525.600	0	36	3	19	0	4	5	13	0	0	5	1	0	6	4	1	28	9	0	0	0	0	0	0	0	0	0	0	0	0	3	4	1	2	0	7
1525.800	1	37	4	21	0	3	7	11	0	0	4	1	0	9	3	3	19	8	0	0	0	0	0	0	0	0	0	0	0	0	1	1	0	0	0	2
1526.000	0	28	5	18	0	3	4	9	0	0	6	1	0	7	2	1	20	12	0	0	0	0	0	0	0	0	0	0	0	0	4	3	0	0	0	6
1526.200	2	22	1	15	1	1	6	10	0	0	7	1	0	7	2	1	19	15	0	0	0	0	0	0	0	0	0	0	0	0	2	3	1	1	0	2
1526.400	2	46	2	21	0	3	3	8	0	0	4	1	0	11	2	0	12	6	0	0	0	0	0	0	0	0	0	0	0	0	2	1	5	1	0	4
1526.600	4	20	5	21	0	3	3	13	0	0	7	1	0	11	4	1	15	8	0	0	0	0	0	0	0	0	0	0	0	0	2	6	4	2	0	7
1526.800	4	40	2	17	0	4	1	17	0	0	7	4	0	17	7	2	15	9	0	0	0	0	0	0	0	0	0	0	0	0	2	4	1	3	0	6
1527.000	0	38	0	21	0	2	2	17	0	0	5	1	0	13	3	3	20	11	0	0	0	0	0	0	0	0	0	0	0	0	2	5	3	4	0	7
1527.200	1	51	2	20	0	4	3	17	0	0	5	1	0	11	5	0	19	13	0	0	0	0	0	0	0	0	0	0	0	0	3	3	3	2	0	5
1527.400	2	39	1	17	1	4	2	18	0	0	5	1	0	14	2	2	17	5	0	0	0	0	0	0	0	0	0	0	0	0	0	4	2	2	0	6
1527.600	0	24	3	20	0	5	2	24	0	0	7	2	0	12	3	3	10	8	0	0	0	0	0	0	0	0	0	0	0	0	0	3	4	1	0	5
1527.800	0	29	2	16	1	4	1	29	0	0	5	2	0	11	4	2	15	10	0	0	0	0	0	0	0	0	0	0	0	0	0	2	2	1	0	2
1528.000	1	29	3	20	0	3	2	22	0	0	4	1	0	9	8	2	16	9	0	0	0	0	0	0	0	0	0	0	0	0	0	4	4	1	0	5
1528.200	0	39	1	20	1	5	1	21	0	0	6	2	0	15	2	0	18	9	0	0	0	0	0	0	0	0	0	0	0	0	1	2	3	1	0	4
1528.400	0	39	3	17	0	3	0	22	0	0	6	3	0	12	4	2	24	10	0	0	0	0	0	0	0	0	0	0	0	0	0	3	3	1	0	4
1528.600	0	32	2	19	0	3	3	19	0	0	5	1	0	10	3	1	24	11	0	0	0	0	0	0	0	0	0	0	0	0	1	5	3	1	0	7
1528.800	0	29	0	18	0	2	0	20	0	0	7	1	0	10	4	5	23	12	0	0	0	0	0	0	0	0	0	0	0	0	0	1	2	1	0	4
1529.000	0	27	0	16	0	3	1	13	0	0	6	1	0	7	4	1	17	13	0	0	0	0	0	0	0	0	0	0	0	0	0	2	3	2	0	6
1529.200	0	31	3	19	0	3	1	17	0	0	5	2	0	9	5	2	20	6	0	0	0	0	0	0	0	0	0	0	0	0	0	4	5	1	0	2
1529.400	0	49	4	20	0	6	2	17	0	0	5	1	0	10	2	0	18	10	0	0	0	0	0	0	0	0	0	0	0	0	0	3	5	2	0	3
1529.600	0	29	2	18	0	4	10	12	0	0	5	1	0	11	2	2	22	10	0	0	0	0	0	0	0	0	0	0	0	0	0	3	1	1	0	4
1529.800	0	31	1	15	0	5	6	17	2	0	5	1	0	10	3	4	21	9	0	0	0	0	0	0	0	0	0	0	0	0	0	0	3	3	0	5
1530.000	0	32	2	18	0	4	8	18	9	0	5	1	0	8	6	6	14	3	0	0	0	0	0	0	0	0	0	0	0	0	0	4	4	2	0	4
1530.200	0	23	2	16	0	6	3	14	7	0	5	1	0	10	2	6	24	6	0	0	0	0	0	0	0	0	0	0	0	0	0	1	6	5	0	8
1530.400	0	26	1	17	0	4	3	15	8	0	6	2	0	10	2	2	19	2	0	0	0	0	0	0	0	0	2	0	0	0	0	0	4	3	0	8
1530.600	0	24	0	16	0	3	5	21	3	0	6	1	0	6	3	2	19	4	0	0	0	0	0	0	0	0	2	0	0	0	0	0	3	1	0	5
1530.800	0	35	0	16	0	3	4	21	7	0	5	2	0	11	3	0	26	2	0	0	0	0	0	0	0	0	3	0	0	0	0	0	7	4	0	5
1531.000	0	19	0	16	0	5	3	24	8	0	4	3	0	9	3	6	21	11	0	0	0	0	0	0	0	0	2	0	0	0	0	0	7	4	0	5
1531.200	0	33	0	15	1	4	2	15	8	0	6	1	0	12	3	2	19	7	0	0	0	0	0	0	0	0	2	0	0	0	0	0	4	2	0	4
1531.400	0	40	4	14	0	5	3	28	8	0	7	1	0	9	5	3	16	7	0	0	0	0	0	0	0	0	3	0	0	0	0	0	4	5	0	6
1531.600	0	25	3	22	0	3	3	23	2	0	5	3	0	9	2	6	17	10	0	0	0	0	0	0	0	0	4	0	0	0	0	0	2	5	0	6
1531.800	0	39	3	17	0	5	3	17	5	0	4	2	0	8	3	2	16	6	0	0	0	0	0	0	0	0	4	0	0	0	0	0	4	5	0	7
1532.000	0	29	0	20	0	5	2	17	7	0	5	1	0	14	3	3	18	12	0	0	0	0	0	0	0	0	2	0	0	0	0	0	4	4	0	5
1532.200	0	26	0	17	0	5	0	27	5	0	4	1	0	13	4	1	14	8	0	0	0	0	0	0	0	0	3	0	0	0	0	0	0	1	0	7
