Time	1	2	3	4	5	6	7	8	9	10	11	12	13	14	15	16	17	18	19	20	21	22	23	24
0.000	0	0	0	0	0	0	0	0	0	0	0	10	0	0	12	0	0	0	0	0	0	0	0	6
0.200	0	0	0	0	0	0	0	0	0	0	0	10	0	0	12	0	0	0	0	0	0	0	0	6
0.400	0	0	0	0	0	0	0	0	0	0	0	6	0	0	12	0	0	0	0	0	0	0	0	5
0.600	0	0	0	0	0	0	0	0	0	0	0	8	0	0	13	0	0	0	0	0	0	0	0	5
0.800	0	0	0	0	0	0	0	0	0	0	0	1	0	0	18	0	0	0	0	0	0	0	0	5
1.000	0	0	0	0	0	0	0	0	0	0	0	2	0	0	11	0	0	0	0	0	0	0	0	5
1.200	0	0	0	0	0	0	0	0	0	0	0	8	0	0	11	0	0	0	0	0	0	0	0	5
1.400	0	0	0	0	0	0	0	0	0	0	0	6	0	0	6	0	0	0	0	0	0	0	0	5
1.600	0	0	0	0	0	0	0	0	0	0	0	6	0	0	13	0	0	0	0	0	0	0	0	5
1.800	0	0	0	0	0	0	0	0	0	0	0	6	0	0	11	0	0	0	0	0	0	0	0	5
2.000	0	0	0	0	0	0	0	0	0	0	0	5	0	0	13	0	0	0	0	0	0	0	0	6
2.200	0	0	0	0	0	0	0	0	0	0	0	4	0	0	14	0	0	0	0	0	0	0	0	5
2.400	0	0	0	0	0	0	0	0	0	0	0	7	0	0	12	0	0	0	0	0	0	0	0	5
2.600	0	0	0	0	0	0	0	0	0	0	0	7	0	0	9	0	0	0	0	0	0	0	0	6
2.800	0	0	0	0	0	0	0	0	0	0	0	5	0	0	13	0	0	0	0	0	0	0	0	7
3.000	0	0	0	0	0	0	0	0	0	0	0	5	0	0	14	0	0	0	0	0	0	0	0	9
3.200	0	0	0	0	0	0	0	0	0	0	0	6	0	0	16	0	0	0	0	0	0	0	0	7
3.400	0	0	0	0	0	0	0	0	0	0	0	5	0	0	14	0	0	0	0	0	0	0	0	6
3.600	0	0	0	0	0	0	0	0	0	0	0	9	0	0	15	0	0	0	0	0	0	0	0	8
3.800	0	0	0	0	0	0	0	0	0	0	0	5	0	0	12	0	0	0	0	0	0	0	0	7
4.000	0	0	0	0	0	0	0	0	0	0	0	3	0	0	15	0	0	0	0	0	0	0	0	8
4.200	0	0	0	0	0	0	0	0	0	0	0	5	0	0	13	0	0	0	0	0	0	0	0	4
4.400	0	0	0	0	0	0	0	0	0	0	0	4	0	0	11	0	0	0	0	0	0	0	0	4
4.600	0	0	0	0	0	0	0	0	0	0	0	8	0	0	12	0	0	0	0	0	0	0	0	5
4.800	0	0	0	0	0	0	0	0	0	0	0	9	0	0	9	0	0	0	0	0	0	0	0	6
5.000	0	0	0	0	0	0	0	0	0	0	0	8	0	0	14	0	0	0	0	0	0	0	0	5
5.200	0	0	0	0	0	0	0	0	0	0	0	6	0	0	17	0	0	0	0	0	0	0	0	5
5.400	0	0	0	0	0	0	0	0	0	0	0	7	0	0	14	0	0	0	0	0	0	0	0	4
5.600	0	0	0	0	0	0	0	0	0	0	0	6	0	0	17	0	0	0	0	0	0	0	0	7
5.800	0	0	0	0	0	0	0	0	0	0	0	6	0	0	6	0	0	0	0	0	0	0	0	7
6.000	0	0	0	0	0	0	0	0	0	0	0	7	0	0	13	0	0	0	0	0	0	0	0	6
6.200	0	0	0	0	0	0	0	0	0	0	0	5	0	0	11	0	0	0	0	0	0	0	0	8
6.400	0	0	0	0	0	0	0	0	0	0	0	9	0	0	16	0	0	0	0	0	0	0	0	5
6.600	0	0	0	0	0	0	0	0	0	0	0	8	0	0	8	0	0	0	0	0	0	0	0	4
6.800	0	0	0	0	0	0	0	0	0	0	0	5	0	0	7	0	0	0	0	0	0	0	0	4
7.000	0	0	0	0	0	0	0	0	0	0	0	7	0	0	13	0	0	0	0	0	0	0	0	3
7.200	0	0	0	0	0	0	0	0	0	0	0	7	0	0	15	0	0	0	0	0	0	0	0	5
7.400	0	0	0	0	0	0	0	0	0	0	0	5	0	0	13	0	0	0	0	0	0	0	0	6
7.600	0	0	0	0	0	0	0	0	0	0	0	5	0	0	14	0	0	0	0	0	0	0	0	5
7.800	0	0	0	0	0	0	0	0	0	0	0	6	0	0	11	0	0	0	0	0	0	0	0	4
8.000	0	0	0	0	0	0	0	0	0	0	0	5	0	0	14	0	0	0	0	0	0	0	0	4
8.200	0	0	0	0	0	0	0	0	0	0	0	5	0	0	13	0	0	0	0	0	0	0	0	3
8.400	0	0	0	0	0	0	0	0	0	0	0	5	0	0	17	0	0	0	0	0	0	0	0	6
8.600	0	0	0	0	0	0	0	0	0	0	0	5	0	0	17	0	0	0	0	0	0	0	0	5
8.800	0	0	0	0	0	0	0	0	0	0	0	7	0	0	10	0	0	0	0	0	0	0	0	5
9.000	0	0	0	0	0	0	0	0	0	0	0	3	0	0	9	0	0	0	0	0	0	0	0	5
9.200	0	0	0	0	0	0	0	0	0	0	0	8	0	0	10	0	0	0	0	0	0	0	0	5
9.400	0	0	0	0	0	0	0	0	0	0	0	11	1	0	8	0	0	0	0	0	0	0	0	7
9.600	0	0	0	0	0	0	0	0	0	0	0	4	0	0	8	0	0	0	0	0	0	0	0	5
9.800	0	0	0	0	0	0	0	0	0	0	0	11	0	0	15	0	0	0	0	0	0	0	0	5
10.000	0	0	0	0	0	0	0	0	0	0	0	3	0	0	14	0	0	0	0	0	0	0	0	5
10.200	0	0	0	0	0	0	0	0	0	0	0	6	0	0	11	0	0	0	0	0	0	0	0	5
10.400	0	0	0	0	0	0	0	0	0	0	0	4	0	0	11	0	0	0	0	0	0	0	0	5
10.600	0	0	0	0	0	0	0	0	0	0	0	6	0	0	16	0	0	0	0	0	0	0	0	5
10.800	0	0	0	0	0	0	0	0	0	0	0	9	1	0	12	0	0	0	0	0	0	0	0	5
11.000	0	0	0	0	0	0	0	0	0	0	0	5	0	0	15	0	0	0	0	0	0	0	0	5
11.200	0	0	0	0	0	0	0	0	0	0	0	4	0	0	12	0	0	0	0	0	0	0	0	5
11.400	0	0	0	0	0	0	0	0	0	0	0	9	1	0	9	0	0	0	0	0	0	0	0	5
11.600	0	0	0	0	0	0	0	0	0	0	0	5	0	0	14	0	0	0	0	0	0	0	0	6
11.800	0	0	0	0	0	0	0	0	0	0	0	2	0	0	11	0	0	0	0	0	0	0	0	5
12.000	0	0	0	0	0	0	0	0	0	0	0	5	0	0	8	0	0	0	0	0	0	0	0	5
12.200	0	0	0	0	0	0	0	0	0	0	0	3	0	0	15	0	0	0	0	0	0	0	0	5
12.400	0	0	0	0	0	0	0	0	0	0	0	2	1	0	12	0	0	0	0	0	0	0	0	5
12.600	0	0	0	0	0	0	0	0	0	0	0	5	1	0	9	0	0	0	0	0	0	0	0	5
12.800	0	0	0	0	0	0	0	0	0	0	0	5	0	0	13	0	0	0	0	0	0	0	0	5
13.000	0	0	0	0	0	0	0	0	0	0	0	2	0	0	7	0	0	0	0	0	0	0	0	5
13.200	0	0	0	0	0	0	0	0	0	0	0	5	0	0	9	0	0	0	0	0	0	0	0	5
13.400	0	0	0	0	0	0	0	0	0	0	0	5	0	0	10	0	0	0	0	0	0	0	0	5
13.600	0	0	0	0	0	0	0	0	0	0	0	9	0	0	6	0	0	0	0	0	0	0	0	5
13.800	0	0	0	0	0	0	0	0	0	0	0	6	0	0	8	0	0	0	0	0	0	0	0	5
14.000	0	0	0	0	0	0	0	0	0	0	0	6	0	0	11	0	0	0	0	0	0	0	0	3
14.200	0	0	0	0	0	0	0	0	0	0	0	2	0	0	6	0	0	0	0	0	0	0	0	5
14.400	0	0	0	0	0	0	0	0	0	0	0	6	0	0	8	0	0	0	0	0	0	0	0	5
14.600	0	0	0	0	0	0	0	0	0	0	0	4	0	0	12	0	0	0	0	0	0	0	0	5
14.800	0	0	0	0	0	0	0	0	0	0	0	6	1	0	7	0	0	0	0	0	0	0	0	5
15.000	0	0	0	0	0	0	0	0	0	0	0	9	1	0	7	0	0	0	0	0	0	0	0	5
15.200	0	0	0	0	0	0	0	0	0	0	0	3	1	0	6	0	0	0	0	0	0	0	0	5
15.400	0	0	0	0	0	0	0	0	0	0	0	6	0	0	4	0	0	0	0	0	0	0	0	5
15.600	0	0	0	0	0	0	0	0	0	0	0	8	1	0	7	0	0	0	0	0	0	0	0	5
15.800	0	0	0	0	0	0	0	0	0	0	0	8	3	0	15	0	0	0	0	0	0	0	0	6
16.000	0	0	0	0	0	0	0	0	0	0	0	8	1	0	5	0	0	0	0	0	0	0	0	2
16.200	0	0	0	0	0	0	0	0	0	0	0	2	2	0	13	0	0	0	0	0	0	0	0	3
16.400	0	0	0	0	0	0	0	0	0	0	0	5	1	0	12	0	0	0	0	0	0	0	0	3
16.600	0	0	0	0	0	0	0	0	0	0	4	3	1	0	8	0	0	0	0	0	0	0	0	4
16.800	0	0	0	0	0	0	0	0	0	0	4	1	2	0	13	0	0	0	0	0	0	0	0	4
17.000	0	0	0	0	0	0	0	0	0	0	3	2	1	0	14	0	0	0	0	0	0	0	0	3
17.200	0	0	0	0	0	0	0	0	0	0	3	1	1	0	14	0	0	0	0	0	0	0	0	5
17.400	0	0	0	0	0	0	0	0	0	0	4	6	1	0	11	0	0	0	0	0	0	0	0	5
17.600	0	0	0	0	0	0	0	0	0	0	4	1	0	0	9	0	0	0	0	0	0	0	0	2
17.800	0	0	0	0	0	0	0	0	0	0	4	1	1	0	12	0	0	0	0	0	0	0	0	4
18.000	0	0	0	0	0	0	0	0	0	0	1	2	0	0	9	0	0	0	0	0	0	0	0	5
18.200	0	0	0	0	0	0	0	0	0	0	4	3	0	0	8	0	0	0	0	0	0	0	0	4
18.400	0	0	0	0	0	0	0	0	0	0	4	1	2	0	9	0	0	0	0	0	0	0	0	4
18.600	0	0	0	0	0	0	0	0	0	0	6	2	2	0	9	0	0	0	0	0	0	0	0	3
18.800	0	0	0	0	0	0	0	0	0	0	3	1	1	0	7	0	0	0	0	0	0	0	0	0
19.000	0	0	0	0	0	0	0	0	0	0	2	9	0	0	3	0	0	0	0	0	0	0	0	0
19.200	0	0	0	0	0	0	0	0	0	0	3	7	1	0	14	0	0	0	0	0	0	0	0	0
19.400	0	0	0	0	0	0	0	0	0	0	3	7	1	0	10	0	0	0	0	0	0	0	0	0
19.600	0	0	0	0	0	0	0	0	0	0	2	4	1	0	17	0	0	0	0	0	0	0	0	0
19.800	0	0	0	0	0	0	0	0	0	0	3	6	1	0	15	0	0	0	0	0	0	0	0	0
20.000	0	0	0	0	0	0	0	0	0	0	4	5	1	0	7	0	0	0	0	0	0	0	0	0
20.200	0	0	0	0	0	0	0	0	0	0	2	7	1	0	13	0	0	0	0	0	0	0	0	0
20.400	0	0	0	0	0	0	0	0	0	0	2	8	1	0	8	0	0	0	0	0	0	0	0	0
20.600	0	0	0	0	0	0	0	0	0	0	0	7	1	0	9	0	0	0	0	0	0	0	0	0
20.800	0	0	0	0	1	0	0	0	0	0	0	6	0	0	6	0	0	0	0	0	0	0	0	0
21.000	0	0	0	0	0	0	0	0	0	0	0	8	0	0	7	0	0	0	0	0	0	0	0	0
21.200	0	0	0	0	0	0	0	0	0	0	0	5	0	0	11	0	0	0	0	0	0	0	0	0
21.400	0	0	0	0	0	0	0	0	0	0	0	7	0	0	4	0	0	0	0	0	0	0	0	0
21.600	0	0	0	0	0	0	0	0	0	0	0	7	0	0	5	0	0	0	0	0	0	0	0	0
21.800	0	0	0	0	0	0	0	0	0	0	0	6	0	0	5	0	0	0	0	0	0	0	0	0
22.000	0	0	0	0	0	0	0	0	0	0	0	8	0	0	4	0	0	0	0	0	0	0	0	0
22.200	0	0	0	0	0	0	0	0	0	0	0	7	0	0	6	0	0	0	0	0	0	0	0	0
22.400	0	0	0	0	0	0	0	0	0	0	0	3	0	0	9	0	0	0	0	0	0	0	0	0
22.600	0	0	0	0	0	0	0	0	0	0	0	7	0	0	9	0	0	0	0	0	0	0	0	0
22.800	0	0	0	0	0	0	0	0	0	0	0	6	0	0	11	0	0	0	0	0	0	0	0	0
23.000	0	0	0	0	0	0	0	0	0	0	0	8	0	0	12	0	0	0	0	0	0	0	0	0
23.200	0	0	0	0	0	0	0	0	0	0	0	8	0	0	12	0	0	0	0	0	0	0	0	0
23.400	0	0	0	0	0	0	0	0	0	0	0	9	0	0	10	0	0	0	0	0	0	0	0	0
23.600	0	0	0	0	0	0	0	0	0	0	0	8	0	0	4	0	0	0	0	0	0	0	0	0
23.800	0	0	0	0	0	0	0	0	0	0	0	6	0	0	7	0	0	0	0	0	0	0	0	0
24.000	0	0	0	0	0	0	0	0	0	0	0	2	0	0	9	0	0	0	0	0	0	0	0	0
24.200	0	0	0	0	0	0	0	0	0	0	0	4	0	0	7	0	0	0	0	0	0	0	0	0
24.400	0	0	0	0	0	0	0	0	0	0	0	1	0	0	9	0	0	0	0	0	0	0	0	0
24.600	0	0	0	0	0	0	0	0	0	0	0	6	0	0	13	0	0	0	0	0	0	0	0	0
24.800	0	0	0	0	0	0	0	0	0	0	0	9	0	0	10	0	0	0	0	0	0	0	0	0
25.000	0	0	0	0	0	0	0	0	0	0	0	10	0	0	9	0	0	0	0	0	0	0	0	0
25.200	0	0	0	0	0	0	0	0	0	0	0	9	1	0	9	0	0	0	0	0	0	0	0	0
25.400	0	0	0	0	0	0	0	0	0	0	0	6	0	0	5	0	0	0	0	0	0	0	0	0
25.600	0	0	0	0	0	0	0	0	0	0	0	0	0	0	7	0	0	0	0	0	0	0	0	0
25.800	0	0	0	0	0	0	0	0	0	0	0	0	0	0	6	0	0	0	0	0	0	0	0	0
26.000	0	0	0	0	0	0	0	0	0	0	0	0	0	0	9	0	0	0	0	0	0	0	0	0
26.200	0	0	0	0	0	0	0	0	0	0	0	0	1	0	1	0	0	0	0	0	0	0	0	0
26.400	0	0	0	0	0	0	0	0	0	0	0	0	0	0	8	0	0	0	0	0	0	0	0	0
26.600	0	0	0	0	0	0	0	0	0	0	0	0	0	0	13	0	0	0	0	0	0	0	0	0
26.800	0	0	0	0	0	0	0	0	0	0	0	0	0	0	1	0	0	0	0	0	0	0	0	0
27.000	0	0	0	0	0	0	0	0	0	0	0	0	0	0	2	0	0	0	0	0	0	0	0	0
27.200	0	0	0	0	0	0	0	0	0	0	0	0	0	0	9	0	0	0	0	0	0	0	0	0
27.400	0	0	0	0	0	0	0	0	0	0	0	0	0	0	6	0	0	0	0	0	0	0	0	0
27.600	0	0	0	0	0	0	0	0	0	0	0	0	0	0	5	0	0	0	0	0	0	0	0	0
27.800	0	0	0	0	0	0	0	0	0	0	0	0	0	0	5	0	0	0	0	0	0	0	0	0
28.000	0	0	0	0	0	0	0	0	0	0	0	0	0	0	6	0	0	0	0	0	0	0	0	0
28.200	0	0	0	0	0	0	0	0	0	0	0	0	0	0	7	0	0	0	0	0	0	0	0	0
28.400	0	0	0	0	0	0	0	0	0	0	0	0	0	0	3	0	0	0	0	0	0	0	0	0
28.600	0	0	0	0	0	0	0	0	0	0	0	0	0	0	5	0	0	0	0	0	0	0	0	0
28.800	0	0	0	0	0	0	0	0	0	0	0	0	0	0	4	0	0	0	0	0	0	0	0	0
29.000	0	0	0	0	0	0	0	0	0	0	0	0	0	0	4	0	0	0	0	0	0	0	0	0
29.200	0	0	0	0	0	0	0	0	0	0	0	0	0	0	9	0	0	0	0	0	0	0	0	0
29.400	0	0	0	0	0	0	0	0	0	0	0	4	0	0	12	0	0	0	0	0	0	0	0	0
29.600	0	0	0	0	0	0	0	0	0	0	0	0	0	0	6	0	0	0	0	0	0	0	0	0
29.800	0	0	0	0	0	0	0	0	0	0	0	0	0	0	12	0	0	0	0	0	0	0	0	0
30.000	0	0	0	0	0	0	0	0	0	0	0	0	0	0	13	0	0	0	0	0	0	0	0	0
30.200	0	0	0	0	0	0	0	0	0	0	0	0	0	0	16	0	0	0	0	0	0	0	0	0
30.400	0	0	0	0	0	0	0	0	0	0	0	0	0	0	15	0	0	0	0	0	0	0	0	0
30.600	0	0	0	0	0	0	0	0	0	0	0	0	0	0	15	0	0	0	0	0	0	0	0	0
30.800	0	0	0	0	0	0	0	0	0	0	0	1	0	0	12	0	0	0	0	0	0	0	0	0
31.000	0	0	0	0	0	0	0	0	0	0	0	1	0	0	2	0	0	0	0	0	0	0	0	0
31.200	0	0	0	0	0	0	0	0	0	0	0	0	0	0	5	0	0	0	0	0	0	0	0	0
31.400	0	0	0	0	0	0	0	0	0	0	0	0	0	0	3	0	0	0	0	0	0	0	0	0
31.600	0	0	0	0	0	0	0	0	0	0	0	0	0	0	6	0	0	0	0	0	0	0	0	0
31.800	0	0	0	0	0	0	0	0	0	0	0	0	0	0	7	0	0	0	0	0	0	0	0	0
32.000	0	0	0	0	0	0	0	0	0	0	0	7	0	0	8	0	0	0	0	0	0	0	0	0
32.200	0	0	0	0	0	0	0	0	0	0	0	8	0	0	9	0	0	0	0	0	0	0	0	0
32.400	0	0	0	0	0	0	0	0	0	0	0	11	0	0	7	0	0	0	0	0	0	0	0	0
32.600	0	0	0	0	0	0	0	0	0	0	0	8	0	0	5	0	0	0	0	0	0	0	0	0
32.800	0	0	0	0	0	0	0	0	0	0	0	3	0	0	9	0	0	0	0	0	0	0	0	0
33.000	0	0	0	0	0	0	0	0	0	0	0	7	0	0	6	0	0	0	0	0	0	0	0	0
33.200	0	0	0	0	0	0	0	0	0	0	0	6	0	0	11	0	0	0	0	0	0	0	0	0
33.400	0	0	0	0	0	0	0	0	0	0	0	5	0	0	6	0	0	0	0	0	0	0	0	0
33.600	0	0	0	0	0	0	0	0	0	0	0	6	0	0	6	0	0	0	0	0	0	0	0	0
33.800	0	0	0	0	0	0	0	0	0	0	0	8	0	0	10	0	0	0	0	0	0	0	0	0
34.000	0	0	0	0	0	0	0	0	0	0	0	7	1	0	4	0	0	0	0	0	0	0	0	0
34.200	0	0	0	0	0	0	0	0	0	0	0	6	1	0	7	0	0	0	0	0	0	0	0	0
34.400	0	0	0	0	0	0	0	0	0	0	0	5	1	0	14	0	0	0	0	0	0	0	0	0
34.600	0	0	0	0	0	0	0	0	0	0	0	7	1	0	5	0	0	0	0	0	0	0	0	0
34.800	0	0	0	0	0	0	0	0	0	0	0	12	0	0	3	0	0	0	0	0	0	0	0	0
35.000	0	0	0	0	0	0	0	0	0	0	0	10	0	0	7	0	0	0	0	0	0	0	0	0
35.200	0	0	0	0	0	0	0	0	0	0	0	8	0	0	3	0	0	0	0	0	0	0	0	0
35.400	0	0	0	0	0	0	0	0	0	0	0	12	1	0	5	0	0	0	0	0	0	0	0	0
35.600	0	0	0	0	0	0	0	0	0	0	0	6	0	0	6	0	0	0	0	0	0	0	0	0
35.800	0	0	0	0	0	0	0	0	0	0	0	3	1	0	9	0	0	0	0	0	0	0	0	0
36.000	0	0	0	0	0	0	0	0	0	0	0	11	2	0	7	0	0	0	0	0	0	0	0	0
36.200	0	0	0	0	0	0	0	0	0	0	0	4	1	0	1	0	0	0	0	0	0	0	0	0
36.400	0	0	0	0	0	0	0	0	0	0	0	0	0	0	5	0	0	0	0	0	0	0	0	0
36.600	0	0	0	0	0	0	0	0	0	0	0	9	0	0	0	0	0	0	0	0	0	0	0	0
36.800	0	0	0	0	0	0	0	0	0	0	0	3	0	0	3	0	0	0	0	0	0	0	0	0
37.000	0	0	0	0	0	0	0	0	0	0	0	5	1	0	5	0	0	0	0	0	0	0	0	0
37.200	0	0	0	0	0	0	0	0	0	0	0	4	0	0	1	0	0	0	0	0	0	0	0	0
37.400	0	0	0	0	0	0	0	0	0	0	0	3	0	0	0	0	0	0	0	0	0	0	0	0
37.600	0	0	0	0	0	0	0	0	0	0	0	2	0	0	0	0	0	0	0	0	0	0	0	0
37.800	0	0	0	0	0	0	0	0	0	0	0	6	0	0	3	0	0	0	0	0	0	0	0	0
38.000	0	0	0	0	0	0	0	0	0	0	0	7	0	0	4	0	0	0	0	0	0	0	0	0
38.200	0	0	0	0	0	0	0	0	0	0	0	8	0	0	6	0	0	0	0	0	0	0	0	0
38.400	0	0	0	0	0	0	0	0	0	0	0	10	0	0	5	0	0	0	0	0	0	0	0	0
38.600	0	0	0	0	0	0	0	0	0	0	0	7	0	0	3	0	0	0	0	0	0	0	0	0
38.800	0	0	0	0	0	0	0	0	0	0	0	9	1	0	2	0	0	0	0	0	0	0	0	0
39.000	0	0	0	0	0	0	0	0	0	0	0	10	0	0	2	0	0	0	0	0	0	0	0	0
39.200	0	0	0	0	0	0	0	0	0	0	0	6	1	0	5	0	0	0	0	0	0	0	0	0
39.400	0	0	0	0	0	0	0	0	0	0	0	11	0	0	8	0	0	0	0	0	0	0	0	0
39.600	0	0	0	0	0	0	0	0	0	0	0	4	0	0	9	0	0	0	0	0	0	0	0	0
39.800	0	0	0	0	0	0	0	0	0	0	0	6	0	0	12	0	0	0	0	0	0	0	0	0
40.000	0	0	0	0	0	0	0	0	0	0	0	4	1	0	7	0	0	0	0	0	0	0	0	0
40.200	0	0	0	0	0	0	0	0	0	0	0	7	1	0	13	0	0	0	0	0	0	0	0	0
40.400	0	0	0	0	0	0	0	0	0	0	0	4	1	0	20	0	0	0	0	0	0	0	0	0
40.600	0	0	0	0	0	0	0	0	0	0	0	4	0	0	7	0	0	0	0	0	0	0	0	0
40.800	0	0	0	0	0	0	0	0	0	0	0	9	0	0	12	0	0	0	0	0	0	0	0	0
41.000	0	0	0	0	0	0	0	0	0	0	0	8	1	0	13	0	0	0	0	0	0	0	0	0
41.200	0	0	0	0	0	0	0	0	0	0	0	8	0	0	12	0	0	0	0	0	0	0	0	0
41.400	0	0	0	0	0	0	0	0	0	0	0	7	1	0	11	0	0	0	0	0	0	0	0	0
41.600	0	0	0	0	0	0	0	0	0	0	0	7	1	0	11	0	0	0	0	0	0	0	0	0
41.800	0	0	0	0	0	0	0	0	0	0	0	5	1	0	6	0	0	0	0	0	0	0	0	0
42.000	0	0	0	0	0	0	0	0	0	0	0	1	1	0	12	0	0	0	0	0	0	0	0	0
42.200	0	0	0	0	0	0	0	0	0	0	0	4	1	0	14	0	0	0	0	0	0	0	0	0
42.400	0	0	0	0	0	0	0	0	0	0	0	5	1	0	15	0	0	0	0	0	0	0	0	0
42.600	0	0	0	0	0	0	0	0	0	0	0	1	1	0	11	0	0	0	0	0	0	0	0	0
42.800	0	0	0	0	0	0	0	0	0	0	0	0	0	0	13	0	0	0	0	0	0	0	0	0
43.000	0	0	0	0	0	0	0	0	0	0	0	1	1	0	16	0	0	0	0	0	0	0	0	0
43.200	0	0	0	0	0	0	0	0	0	0	0	1	0	0	11	0	0	0	0	0	0	0	0	0
43.400	0	0	0	0	0	0	0	0	0	0	0	0	0	0	9	0	0	0	0	0	0	0	0	0
43.600	0	0	0	0	0	0	0	0	0	0	0	1	1	0	10	0	0	0	0	0	0	0	0	0
43.800	0	0	0	0	0	0	0	0	0	0	0	1	0	0	10	0	0	0	0	0	0	0	0	0
44.000	0	0	0	0	0	0	0	0	0	0	0	1	1	0	8	0	0	0	0	0	0	0	0	0
44.200	0	0	0	0	0	0	0	0	0	0	0	0	0	0	9	0	0	0	0	0	0	0	0	0
44.400	0	0	0	0	0	0	0	0	0	0	0	0	0	0	13	0	0	0	0	0	0	0	0	0
44.600	0	0	0	0	0	0	0	0	0	0	0	0	0	0	8	0	0	0	0	0	0	0	0	0
44.800	0	0	0	0	0	0	0	0	0	0	0	1	0	0	6	0	0	0	0	0	0	0	0	0
45.000	0	0	0	0	0	0	0	0	0	0	0	1	0	0	5	0	0	0	0	0	0	0	0	0
45.200	0	0	0	0	0	0	0	0	0	0	0	0	0	0	7	0	0	0	0	0	0	0	0	0
45.400	0	0	0	0	0	0	0	0	0	0	0	1	0	0	5	0	0	0	0	0	0	0	0	0
45.600	0	0	0	0	0	0	0	0	0	0	0	0	0	0	8	0	0	0	0	0	0	0	0	0
45.800	0	0	0	0	0	0	0	0	0	0	0	0	0	0	9	0	0	0	0	0	0	0	0	0
46.000	0	0	0	0	0	0	0	0	0	0	0	1	0	0	4	0	0	0	0	0	0	0	0	0
46.200	0	0	0	0	0	0	0	0	0	0	0	0	0	0	1	0	0	0	0	0	0	0	0	0
46.400	0	0	0	0	0	0	0	0	0	0	0	0	0	0	6	0	0	0	0	0	0	0	0	0
46.600	0	0	0	0	0	0	0	0	0	0	0	0	0	0	4	0	0	0	0	0	0	0	0	0
46.800	0	0	0	0	0	0	0	0	0	0	0	0	0	0	6	0	0	0	0	0	0	0	0	0
47.000	0	0	0	0	0	0	0	0	0	0	0	0	0	0	2	0	0	0	0	0	0	0	0	0
47.200	0	0	0	0	0	0	0	0	0	0	0	0	0	0	3	0	0	0	0	0	0	0	0	0
47.400	0	0	0	0	0	0	0	0	0	0	0	0	0	0	4	0	0	0	0	0	0	0	0	0
47.600	0	0	0	0	0	0	0	0	0	0	0	0	0	0	6	0	0	0	0	0	0	0	0	0
47.800	0	0	0	0	0	0	0	0	0	0	0	0	0	0	7	0	0	0	0	0	0	0	0	0
48.000	0	0	0	0	0	0	0	0	0	0	0	0	0	0	9	0	0	0	0	0	0	0	0	0
48.200	0	0	0	0	0	0	0	0	0	0	0	0	0	0	6	0	0	0	0	0	0	0	0	0
48.400	0	0	0	0	0	0	0	0	0	0	0	0	0	0	3	0	0	0	0	0	0	0	0	0
48.600	0	0	0	0	0	0	0	0	0	0	0	0	1	0	1	0	0	0	0	0	0	0	0	0
48.800	0	0	0	0	0	0	0	0	0	0	0	0	1	0	6	0	0	0	0	0	0	0	0	1
49.000	0	0	0	0	0	0	0	0	0	0	0	0	1	0	1	0	0	0	0	0	0	0	0	0
49.200	0	0	0	0	0	0	0	0	0	0	0	0	0	0	1	0	0	0	0	0	0	0	0	0
49.400	0	0	0	0	0	0	0	0	0	0	0	0	0	0	0	0	0	0	0	0	0	0	0	0
49.600	0	0	0	0	0	0	0	0	0	0	0	0	0	0	2	0	0	0	0	0	0	0	0	0
49.800	0	0	0	0	0	0	0	0	0	0	0	0	0	0	1	0	0	0	0	0	0	0	0	0
50.000	0	0	0	0	0	0	0	0	0	0	0	0	0	0	4	0	0	0	0	0	0	0	0	0
50.200	0	0	0	0	0	0	0	0	0	0	0	0	1	0	3	0	0	0	0	0	0	0	0	0
50.400	0	0	0	0	0	0	0	0	0	0	0	1	0	0	2	0	0	0	0	0	0	0	0	0
50.600	0	0	0	0	0	0	0	0	0	0	0	1	0	0	1	0	0	0	0	0	0	0	0	0
50.800	0	0	0	0	0	0	0	0	0	0	0	0	0	0	0	0	0	0	0	0	0	0	0	0
51.000	0	0	0	0	0	0	0	0	0	0	0	0	0	0	2	0	0	0	0	0	0	0	0	0
51.200	0	0	0	0	0	0	0	0	0	0	0	0	1	0	2	0	0	0	0	0	0	0	0	0
51.400	0	0	0	0	0	0	0	0	0	0	0	0	0	0	2	0	0	0	0	0	0	0	0	0
51.600	0	0	0	0	0	0	0	0	0	0	0	0	0	0	0	0	0	0	0	0	0	0	0	0
51.800	0	0	0	0	0	0	0	0	0	0	0	0	0	0	1	0	0	0	0	0	0	0	0	0
52.000	0	0	0	0	0	0	0	0	0	0	0	0	0	0	2	0	0	0	0	0	0	0	0	0
52.200	0	0	0	0	0	0	0	0	0	0	0	0	0	0	2	0	0	0	0	0	0	0	0	0
52.400	0	0	0	0	0	0	0	0	0	0	0	0	0	0	2	0	0	0	0	0	0	0	0	0
52.600	0	0	0	0	0	0	0	0	0	0	0	0	0	0	1	0	0	0	0	0	0	0	0	0
52.800	0	0	0	0	0	0	0	0	0	0	0	0	0	0	4	0	0	0	0	0	0	0	0	0
53.000	0	0	0	0	0	0	0	0	0	0	0	0	0	0	2	0	0	0	0	0	0	0	0	0
53.200	0	0	0	0	0	0	0	0	0	0	0	0	0	0	3	0	0	0	0	0	0	0	0	0
53.400	0	0	0	0	0	0	0	0	0	0	0	0	1	0	3	0	0	0	0	0	0	0	0	0
53.600	0	0	0	0	0	0	0	0	0	0	0	0	0	0	2	0	0	0	0	0	0	0	0	0
53.800	0	0	0	0	0	0	0	0	0	0	0	5	0	0	3	0	0	0	0	0	0	0	0	0
54.000	0	0	0	0	0	0	0	0	0	0	0	7	0	0	3	0	0	0	0	0	0	0	0	0
54.200	0	0	0	0	0	0	0	0	0	0	0	0	0	0	1	0	0	0	0	0	0	0	0	0
54.400	0	0	0	0	0	0	0	0	0	0	0	0	0	0	1	0	0	0	0	0	0	0	0	0
54.600	0	0	0	0	0	0	0	0	0	0	0	0	0	0	1	0	0	0	0	0	0	0	0	0
54.800	0	0	0	0	0	0	0	0	0	0	0	3	0	0	3	0	0	0	0	0	0	0	0	0
55.000	0	0	0	0	0	0	0	0	0	0	0	3	0	0	4	0	0	0	0	0	0	0	0	0
55.200	0	0	0	0	0	0	0	0	0	0	0	1	0	0	1	0	0	0	0	0	0	0	0	0
55.400	0	0	0	0	0	0	0	0	0	0	0	0	0	0	1	0	0	0	0	0	0	0	0	0
55.600	0	0	0	0	0	0	0	0	0	0	0	3	0	0	3	0	0	0	0	0	0	0	0	0
55.800	0	0	0	0	0	0	0	0	0	0	0	3	0	0	0	0	0	0	0	0	0	0	0	0
56.000	0	0	0	0	0	0	0	0	0	0	0	3	0	0	1	0	0	0	0	0	0	0	0	0
56.200	0	0	0	0	0	0	0	0	0	0	0	4	0	0	1	0	0	0	0	0	0	0	0	0
56.400	0	0	0	0	0	0	0	0	0	0	0	6	0	0	1	0	0	0	0	0	0	0	0	0
56.600	0	0	0	0	0	0	0	0	0	0	0	4	0	0	2	0	0	0	0	0	0	0	0	0
56.800	0	0	0	0	0	0	0	0	0	0	0	2	0	0	3	0	0	0	0	0	0	0	0	0
57.000	0	0	0	0	0	0	0	0	0	0	0	1	0	0	2	0	0	0	0	0	0	0	0	0
57.200	0	0	0	0	0	0	0	0	0	0	0	4	0	0	3	0	0	0	0	0	0	0	0	0
57.400	0	0	0	0	0	0	0	0	0	0	0	4	0	0	3	0	0	0	0	0	0	0	0	0
57.600	0	0	0	0	0	0	0	0	0	0	0	4	0	0	4	0	0	0	0	0	0	0	0	0
57.800	0	0	0	0	0	0	0	0	0	0	0	5	0	0	4	0	0	0	0	0	0	0	0	0
58.000	0	0	0	0	0	0	0	0	0	0	0	7	0	0	3	0	0	0	0	0	0	0	0	0
58.200	0	0	0	0	0	0	0	0	0	0	0	3	0	0	0	0	0	0	0	0	0	0	0	0
58.400	0	0	0	0	0	0	0	0	0	0	0	5	0	0	0	0	0	0	0	0	0	0	0	0
58.600	0	0	0	0	0	0	0	0	0	0	0	2	0	0	0	0	0	0	0	0	0	0	0	0
58.800	0	0	0	0	0	0	0	0	0	0	0	3	0	0	0	0	0	0	0	0	0	0	0	0
59.000	0	0	0	0	0	0	0	0	0	0	0	1	0	0	0	0	0	0	0	0	0	0	0	0
59.200	0	0	0	0	0	0	0	0	0	0	0	6	0	0	0	0	0	0	0	0	0	0	0	0
59.400	0	0	0	0	0	0	0	0	0	0	0	3	0	0	0	0	0	0	0	0	0	0	0	0
59.600	0	0	0	0	0	0	0	0	0	0	0	1	0	0	0	0	0	0	0	0	0	0	0	0
59.800	0	0	0	0	0	0	0	0	0	0	0	1	0	0	0	0	0	0	0	0	0	0	0	0
60.000	0	0	0	0	0	0	0	0	0	0	0	1	0	0	0	0	0	0	0	0	0	0	0	0
60.200	0	0	0	0	0	0	0	0	0	0	0	0	0	0	0	0	0	0	0	0	0	0	0	0
60.400	0	0	0	0	0	0	0	0	0	0	0	2	0	0	0	0	0	0	0	0	0	0	0	0
60.600	0	0	0	0	0	0	0	0	0	0	0	1	0	0	0	0	0	0	0	0	0	0	0	0
60.800	0	0	0	0	0	0	0	0	0	0	0	0	0	0	0	0	0	0	0	0	0	0	0	0
61.000	0	0	0	0	0	0	0	0	0	0	0	1	0	0	0	0	0	0	0	0	0	0	0	0
61.200	0	0	0	0	0	0	0	0	0	0	0	0	0	0	0	0	0	0	0	0	0	0	0	0
61.400	0	0	0	0	0	0	0	0	0	0	0	0	0	0	0	0	0	0	0	0	0	0	0	0
61.600	0	0	0	0	0	0	0	0	0	0	0	0	0	0	0	0	0	0	0	0	0	0	0	0
61.800	0	0	0	0	0	0	0	0	0	0	0	0	0	0	0	0	0	0	0	0	0	0	0	0
62.000	0	0	0	0	0	0	0	0	0	0	0	1	0	0	1	0	0	0	0	0	0	0	0	0
62.200	0	0	0	0	0	0	0	0	0	0	0	7	0	0	0	0	0	0	0	0	0	0	0	0
62.400	0	0	0	0	0	0	0	0	0	0	0	4	0	0	0	0	0	0	0	0	0	0	0	0
62.600	0	0	0	0	0	0	0	0	0	0	0	3	0	0	0	0	0	0	0	0	0	0	0	0
62.800	0	0	0	0	0	0	0	0	0	0	0	0	0	0	2	0	0	0	0	0	0	0	0	0
63.000	0	0	0	0	0	0	0	0	0	0	0	0	0	0	2	0	0	0	0	0	0	0	0	0
63.200	0	0	0	0	0	0	0	0	0	0	0	0	0	0	3	0	0	0	0	0	0	0	0	0
63.400	0	0	0	0	0	0	0	0	0	0	0	0	0	0	2	0	0	0	0	0	0	0	0	0
63.600	0	0	0	0	0	0	0	0	0	0	0	0	0	0	3	0	0	0	0	0	0	0	0	0
63.800	0	0	0	0	0	0	0	0	0	0	0	1	0	0	4	0	0	0	0	0	0	0	0	2
64.000	0	0	0	0	0	0	0	0	0	0	0	0	0	0	2	0	0	0	0	0	0	0	0	0
64.200	0	0	0	0	0	0	0	0	0	0	0	0	0	0	2	0	0	0	0	0	0	0	0	0
64.400	0	0	0	0	0	0	0	0	0	0	0	0	0	0	0	0	0	0	0	0	0	0	0	0
64.600	0	0	0	0	0	0	0	0	0	0	0	0	0	0	1	0	0	0	0	0	0	0	0	0
64.800	0	0	0	0	0	0	0	0	0	0	0	1	0	0	0	0	0	0	0	0	0	0	0	0
65.000	0	0	0	0	0	0	0	0	0	0	0	0	0	0	4	0	0	0	0	0	0	0	0	0
65.200	0	0	0	0	0	0	0	0	0	0	0	0	0	0	3	0	0	0	0	0	0	0	0	0
65.400	0	0	0	0	0	0	0	0	0	0	0	0	0	0	5	0	0	0	0	0	0	0	0	0
65.600	0	0	0	0	0	0	0	0	0	0	0	1	0	0	3	0	0	0	0	0	0	0	0	0
65.800	0	0	0	0	0	0	0	0	0	0	0	0	0	0	4	0	0	0	0	0	0	0	0	0
66.000	0	0	0	0	0	0	0	0	0	0	0	0	0	0	3	0	0	0	0	0	0	0	0	0
66.200	0	0	0	0	0	0	0	0	0	0	0	0	0	0	3	0	0	0	0	0	0	0	0	0
66.400	0	0	0	0	0	0	0	0	0	0	0	0	0	0	2	0	0	0	0	0	0	0	0	0
66.600	0	0	0	0	0	0	0	0	0	0	0	0	0	0	5	0	0	0	0	0	0	0	0	0
66.800	0	0	0	0	0	0	0	0	0	0	0	0	0	0	5	0	0	0	0	0	0	0	0	0
67.000	0	0	0	0	0	0	0	0	0	0	0	0	0	0	4	0	0	0	0	0	0	0	0	0
67.200	0	0	0	0	0	0	0	0	0	0	0	0	0	0	5	0	0	0	0	0	0	0	0	0
67.400	0	0	0	0	0	0	0	0	0	0	0	0	0	0	4	0	0	0	0	0	0	0	0	0
67.600	0	0	0	0	0	0	0	0	0	0	0	0	0	0	4	0	0	0	0	0	0	0	0	0
67.800	0	0	0	0	0	0	0	0	0	0	0	0	0	0	4	0	0	0	0	0	0	0	0	0
68.000	0	0	0	0	0	0	0	0	0	0	0	0	0	0	4	0	0	0	0	0	0	0	0	0
68.200	0	0	0	0	0	0	0	0	0	0	0	0	0	0	5	0	0	0	0	0	0	0	0	0
68.400	0	0	0	0	0	0	0	0	0	0	0	1	0	0	5	0	0	0	0	0	0	0	0	0
68.600	0	0	0	0	0	0	0	0	0	0	0	1	0	0	3	0	0	0	0	0	0	0	0	0
68.800	0	0	0	0	0	0	0	0	0	0	0	1	0	0	6	0	0	0	0	0	0	0	0	0
69.000	0	0	0	0	0	0	0	0	0	0	0	6	0	0	1	0	0	0	0	0	0	0	0	0
69.200	0	0	0	0	0	0	0	0	0	0	0	5	0	0	4	0	0	0	0	0	0	0	0	0
69.400	0	0	0	0	0	0	0	0	0	0	0	4	0	0	4	0	0	0	0	0	0	0	0	0
69.600	0	0	0	0	0	0	0	0	0	0	0	4	0	0	2	0	0	0	0	0	0	0	0	1
69.800	0	0	0	0	0	0	0	0	0	0	0	0	0	0	5	0	0	0	0	0	0	0	0	0
70.000	0	0	0	0	0	0	0	0	0	0	0	2	0	0	5	0	0	0	0	0	0	0	0	0
70.200	0	0	0	0	0	0	0	0	0	0	0	5	0	0	5	0	0	0	0	0	0	0	0	0
70.400	0	0	0	0	0	0	0	0	0	0	0	0	0	0	5	0	0	0	0	0	0	0	0	1
70.600	0	0	0	0	0	0	0	0	0	0	0	6	0	0	10	0	0	0	0	0	0	0	0	0
70.800	0	0	0	0	0	0	0	0	0	0	0	4	0	0	9	0	0	0	0	0	0	0	0	0
71.000	0	0	0	0	0	0	0	0	0	0	0	4	0	0	6	0	0	0	0	0	0	0	0	0
71.200	0	0	0	0	0	0	0	0	0	0	0	8	0	0	8	0	0	0	0	0	0	0	0	1
71.400	0	0	0	0	0	0	0	0	0	0	0	12	0	0	10	0	0	0	0	0	0	0	0	0
71.600	0	0	0	0	0	0	0	0	0	0	0	8	0	0	10	0	0	0	0	0	0	0	0	1
71.800	0	0	0	0	0	0	0	0	0	0	0	6	0	0	5	0	0	0	0	0	0	0	0	0
72.000	0	0	0	0	0	0	0	0	0	0	0	5	0	0	5	0	0	0	0	0	0	0	0	0
72.200	0	0	0	0	0	0	0	0	0	0	0	6	0	0	9	0	0	0	0	0	0	0	0	5
72.400	0	0	0	0	0	0	0	0	0	0	0	5	0	0	16	0	0	0	0	0	0	0	0	6
72.600	0	0	0	0	0	0	0	0	0	0	0	4	0	0	9	0	0	0	0	0	0	0	0	7
72.800	0	0	0	0	0	0	0	0	0	0	0	4	0	0	12	0	0	0	0	0	0	0	0	7
73.000	0	0	0	0	0	0	0	0	0	0	0	3	0	0	13	0	0	0	0	0	0	0	0	9
73.200	0	0	0	0	0	0	0	0	0	0	0	6	0	0	12	0	0	0	0	0	0	0	0	6
73.400	0	0	0	0	0	0	0	0	0	0	0	7	0	0	12	0	0	0	0	0	0	0	0	5
73.600	0	0	0	0	0	0	0	0	0	0	0	7	0	0	11	0	0	0	0	0	0	0	0	11
73.800	0	0	0	0	0	0	0	0	0	0	0	3	0	0	11	0	0	0	0	0	0	0	0	4
74.000	0	0	0	0	0	0	0	0	0	0	0	5	0	0	18	0	0	0	0	0	0	0	0	11
74.200	0	0	0	0	0	0	0	0	0	0	0	6	0	0	15	0	0	0	0	0	0	0	0	5
74.400	0	0	0	0	0	0	0	0	0	0	0	7	0	0	14	0	0	0	0	0	0	0	0	11
74.600	0	0	0	0	0	0	0	0	0	0	0	5	0	0	11	0	0	0	0	0	0	0	0	7
74.800	0	0	0	0	0	0	0	0	0	0	0	6	0	0	16	0	0	0	0	0	0	0	0	5
75.000	0	0	0	0	0	0	0	0	0	0	0	0	0	0	21	0	0	0	0	0	0	0	0	8
75.200	0	0	0	0	0	0	0	0	0	0	0	0	0	0	16	0	0	0	0	0	0	0	0	5
75.400	0	0	0	0	0	0	0	0	0	0	0	0	0	0	14	0	0	0	0	0	0	0	0	3
75.600	0	0	0	0	0	0	0	0	0	0	0	0	0	0	11	0	0	0	0	0	0	0	0	5
75.800	0	0	0	0	0	0	0	0	0	0	0	0	0	0	4	0	0	0	0	0	0	0	0	5
76.000	0	0	0	0	0	0	0	0	0	0	0	0	0	0	5	0	0	0	0	0	0	0	0	4
76.200	0	0	0	0	0	0	0	0	0	0	0	0	0	0	4	0	0	0	0	0	0	0	0	6
76.400	0	0	0	0	0	0	0	0	0	0	0	1	0	0	4	0	0	0	0	0	0	0	0	7
76.600	0	0	0	0	0	0	0	0	0	0	0	0	0	0	4	0	0	0	0	0	0	0	0	9
76.800	0	0	0	0	0	0	0	0	0	0	0	0	0	0	6	0	0	0	0	0	0	0	0	8
77.000	0	0	0	0	0	0	0	0	0	0	0	0	0	0	8	0	0	0	0	0	0	0	0	11
77.200	0	0	0	0	0	0	0	0	0	0	0	0	0	0	2	0	0	0	0	0	0	0	0	8
77.400	0	0	0	0	0	0	0	0	0	0	0	0	0	0	6	0	0	0	0	0	0	0	0	6
77.600	0	0	0	0	0	0	0	0	0	0	0	1	0	0	9	0	0	0	0	0	0	0	0	7
77.800	0	0	0	0	0	0	0	0	0	0	0	0	0	0	4	0	0	0	0	0	0	0	0	5
78.000	0	0	0	0	0	0	0	0	0	0	0	0	0	0	10	0	0	0	0	0	0	0	0	8
78.200	0	0	0	0	0	0	0	0	0	0	0	0	0	0	3	0	0	0	0	0	0	0	0	5
78.400	0	0	0	0	0	0	0	0	0	0	0	0	0	0	8	0	0	0	0	0	0	0	0	5
78.600	0	0	0	0	0	0	0	0	0	0	0	0	0	0	5	0	0	0	0	0	0	0	0	8
78.800	0	0	0	0	0	0	0	0	0	0	0	0	0	0	5	0	0	0	0	0	0	0	0	10
79.000	0	0	0	0	0	0	0	0	0	0	0	0	0	0	8	0	0	0	0	0	0	0	0	9
79.200	0	0	0	0	0	0	0	0	0	0	0	0	0	0	8	0	0	0	0	0	0	0	0	7
79.400	0	0	0	0	0	0	0	0	0	0	0	0	0	0	5	0	0	0	0	0	0	0	0	5
79.600	0	0	0	0	0	0	0	0	0	0	0	0	0	0	8	0	0	0	0	0	0	0	0	2
79.800	0	0	0	0	0	0	0	0	0	0	0	0	0	0	4	0	0	0	0	0	0	0	0	4
80.000	0	0	0	0	0	0	0	0	0	0	0	0	0	0	5	0	0	0	0	0	0	0	0	0
80.200	0	0	0	0	0	0	0	0	0	0	0	0	0	0	8	0	0	0	0	0	0	0	0	1
80.400	0	0	0	0	0	0	0	0	0	0	0	0	0	0	6	0	0	0	0	0	0	0	0	0
80.600	0	0	0	0	0	0	0	0	0	0	0	0	0	0	16	0	0	0	0	0	0	0	0	0
80.800	0	0	0	0	0	0	0	0	0	0	0	0	0	0	14	0	0	0	0	0	0	0	0	0
81.000	0	0	0	0	0	0	0	0	0	0	0	0	0	0	3	0	0	0	0	0	0	0	0	0
81.200	0	0	0	0	0	0	0	0	0	0	0	0	0	0	11	0	0	0	0	0	0	0	0	0
81.400	0	0	0	0	0	0	0	0	0	0	0	0	0	0	10	0	0	0	0	0	0	0	0	0
81.600	0	0	0	0	0	0	0	0	0	0	0	0	0	0	7	0	0	0	0	0	0	0	0	0
81.800	0	0	0	0	0	0	0	0	0	0	0	0	0	0	4	0	0	0	0	0	0	0	0	0
82.000	0	0	0	0	0	0	0	0	0	0	0	0	0	0	15	0	0	0	0	0	0	0	0	0
82.200	0	0	0	0	0	0	0	0	0	0	0	1	0	0	4	0	0	0	0	0	0	0	0	0
82.400	0	0	0	0	0	0	0	0	0	0	0	0	0	0	7	0	0	0	0	0	0	0	0	5
82.600	0	0	0	0	0	0	0	0	0	0	0	0	0	0	11	0	0	0	0	0	0	0	0	3
82.800	0	0	0	0	0	0	0	0	0	0	0	0	0	0	11	0	0	0	0	0	0	0	0	2
83.000	0	0	0	0	0	0	0	0	0	0	0	0	0	0	20	0	0	0	0	0	0	0	0	3
83.200	0	0	0	0	0	0	0	0	0	0	0	0	0	0	18	0	0	0	0	0	0	0	0	3
83.400	0	0	0	0	0	0	0	0	0	0	0	0	0	0	18	0	0	0	0	0	0	0	0	3
83.600	0	0	0	0	0	0	0	0	0	0	0	1	0	0	14	0	0	0	0	0	0	0	0	8
83.800	0	0	0	0	0	0	0	0	0	0	0	1	0	0	8	0	0	0	0	0	0	0	0	7
84.000	0	0	0	0	0	0	0	0	0	0	0	4	0	0	15	0	0	0	0	0	0	0	0	10
84.200	0	0	0	0	0	0	0	0	0	0	0	3	0	0	17	0	0	0	0	0	0	0	0	4
84.400	0	0	0	0	0	0	0	0	0	0	0	2	0	0	17	0	0	0	0	0	0	0	0	9
84.600	0	0	0	0	0	0	0	0	0	0	0	3	0	0	20	0	0	0	0	0	0	0	0	3
84.800	0	0	0	0	0	0	0	0	0	0	0	4	0	0	14	0	0	0	0	0	0	0	0	4
85.000	0	0	0	0	0	0	0	0	0	0	0	5	0	0	13	0	0	0	0	0	0	0	0	0
85.200	0	0	0	0	0	0	0	0	0	0	0	3	0	0	18	0	0	0	0	0	0	0	0	0
85.400	0	0	0	0	0	0	0	0	0	0	0	3	0	0	10	0	0	0	0	0	0	0	0	1
85.600	0	0	0	0	0	0	0	0	0	0	0	4	0	0	13	0	0	0	0	0	0	0	0	4
85.800	0	0	0	0	0	0	0	0	0	0	0	4	0	0	19	0	0	0	0	0	0	0	0	2
86.000	0	0	0	0	0	0	0	0	0	0	0	2	0	0	17	0	0	0	0	0	0	0	0	1
86.200	0	0	0	0	0	0	0	0	0	0	0	3	0	0	14	0	0	0	0	0	0	0	0	1
86.400	0	0	0	0	0	0	0	0	0	0	0	7	0	0	7	0	0	0	0	0	0	0	0	1
86.600	0	0	0	0	0	0	0	0	0	0	0	6	0	0	14	0	0	0	0	0	0	0	0	6
86.800	0	0	0	0	0	0	0	0	0	0	0	4	0	0	11	0	0	0	0	0	0	0	0	5
87.000	0	0	0	0	0	0	0	0	0	0	0	4	0	0	12	0	0	0	0	0	0	0	0	8
87.200	0	0	0	0	0	0	0	0	0	0	0	4	0	0	9	0	0	0	0	0	0	0	0	3
87.400	0	0	0	0	0	0	0	0	0	0	0	3	0	0	11	0	0	0	0	0	0	0	0	10
87.600	0	0	0	0	0	0	0	0	0	0	0	6	0	0	12	0	0	0	0	0	0	0	0	3
87.800	0	0	0	0	0	0	0	0	0	0	0	5	0	0	10	0	0	0	0	0	0	0	0	7
88.000	0	0	0	0	0	0	0	0	0	0	0	4	0	0	15	0	0	0	0	0	0	0	0	7
88.200	0	0	0	0	0	0	0	0	0	0	0	4	0	0	15	0	0	0	0	0	0	0	0	8
88.400	0	0	0	0	0	0	0	0	0	0	0	6	0	0	16	0	0	0	0	0	0	0	0	3
88.600	0	0	0	0	0	0	0	0	0	0	0	4	0	0	14	0	0	0	0	0	0	0	0	5
88.800	0	0	0	0	0	0	0	0	0	0	0	6	0	0	14	0	0	0	0	0	0	0	0	6
89.000	0	0	0	0	0	0	0	0	0	0	0	4	0	0	13	0	0	0	0	0	0	0	0	1
89.200	0	0	0	0	0	0	0	0	0	0	0	4	0	0	14	0	0	0	0	0	0	0	0	4
89.400	0	0	0	0	0	0	0	0	0	0	0	7	0	0	15	0	0	0	0	0	0	0	0	0
89.600	0	0	0	0	0	0	0	0	0	0	0	4	0	0	16	0	0	0	0	0	0	0	0	4
89.800	0	0	0	0	0	0	0	0	0	0	0	6	0	0	16	0	0	0	0	0	0	0	0	9
90.000	0	0	0	0	0	0	0	0	0	0	0	7	0	0	16	0	0	0	0	0	0	0	0	8
90.200	0	0	0	0	0	0	0	0	0	0	0	5	0	0	16	0	0	0	0	0	0	0	0	7
90.400	0	0	0	0	0	0	0	0	0	0	0	5	0	0	14	0	0	0	0	0	0	0	0	9
90.600	0	0	0	0	0	0	0	0	0	0	0	6	0	0	15	0	0	0	0	0	0	0	0	9
90.800	0	0	0	0	0	0	0	0	0	0	0	9	0	0	12	0	0	0	0	0	0	0	0	9
91.000	0	0	0	0	0	0	0	0	0	0	0	9	0	0	12	0	0	0	0	0	0	0	0	9
91.200	0	0	0	0	0	0	0	0	0	0	0	5	0	0	14	0	0	0	0	0	0	0	0	11
91.400	0	0	0	0	0	0	0	0	0	0	0	7	0	0	11	0	0	0	0	0	0	0	0	8
91.600	0	0	0	0	0	0	0	0	0	0	0	7	0	0	12	0	0	0	0	0	0	0	0	6
91.800	0	0	0	0	0	0	0	0	0	0	0	7	0	0	12	0	0	0	0	0	0	0	0	10
92.000	0	0	0	0	0	0	0	0	0	0	0	9	1	0	12	0	0	0	0	0	0	0	0	12
92.200	0	0	0	0	0	0	0	0	0	0	0	9	0	0	13	0	0	0	0	0	0	0	0	10
92.400	0	0	0	0	0	0	0	0	0	0	0	6	0	0	3	0	0	0	0	0	0	0	0	8
92.600	0	0	0	0	0	0	0	0	0	0	0	7	0	0	12	0	0	0	0	0	0	0	0	10
92.800	0	0	0	0	0	0	0	0	0	0	0	5	0	0	4	0	0	0	0	0	0	0	0	8
93.000	0	0	0	0	0	0	0	0	0	0	0	8	0	0	16	0	0	0	0	0	0	0	0	6
93.200	0	0	0	0	0	0	0	0	0	0	0	2	0	0	11	0	0	0	0	0	0	0	0	8
93.400	0	0	0	0	0	0	0	0	0	0	0	2	0	0	9	0	0	0	0	0	0	0	0	9
93.600	0	0	0	0	0	0	0	0	0	0	0	6	0	0	12	0	0	0	0	0	0	0	0	7
93.800	0	0	0	0	0	0	0	0	0	0	0	4	0	0	11	0	0	0	0	0	0	0	0	3
94.000	0	0	0	0	0	0	0	0	0	0	0	2	0	0	8	0	0	0	0	0	0	0	0	2
94.200	0	0	0	0	0	0	0	0	0	0	0	2	0	0	11	0	0	0	0	0	0	0	0	3
94.400	0	0	0	0	0	0	0	0	0	0	0	4	0	0	9	0	0	0	0	0	0	0	0	1
94.600	0	0	0	0	0	0	0	0	0	0	0	7	0	0	6	0	0	0	0	0	0	0	0	0
94.800	0	0	0	0	0	0	0	0	0	0	0	5	0	0	8	0	0	0	0	0	0	0	0	2
95.000	0	0	0	0	0	0	0	0	0	0	0	4	0	0	7	0	0	0	0	0	0	0	0	0
95.200	0	0	0	0	0	0	0	0	0	0	0	2	0	0	12	0	0	0	0	0	0	0	0	0
95.400	0	0	0	0	0	0	0	0	0	0	0	5	0	0	18	0	0	0	0	0	0	0	0	0
95.600	0	0	0	0	0	0	0	0	0	0	0	3	0	0	8	0	0	0	0	0	0	0	0	0
95.800	0	0	0	0	0	0	0	0	0	0	0	4	0	0	9	0	0	0	0	0	0	0	0	0
96.000	0	0	0	0	0	0	0	0	0	0	0	4	0	0	8	0	0	0	0	0	0	0	0	0
96.200	0	0	0	0	0	0	0	0	0	0	0	5	0	0	13	0	0	0	0	0	0	0	0	0
96.400	0	0	0	0	0	0	0	0	0	0	0	9	0	0	9	0	0	0	0	0	0	0	0	0
96.600	0	0	0	0	0	0	0	0	0	0	0	7	0	0	11	0	0	0	0	0	0	0	0	0
96.800	0	0	0	0	0	0	0	0	0	0	0	8	0	0	11	0	0	0	0	0	0	0	0	0
97.000	0	0	0	0	0	0	0	0	0	0	0	5	0	0	9	0	0	0	0	0	0	0	0	0
97.200	0	0	0	0	0	0	0	0	0	0	0	9	0	0	6	0	0	0	0	0	0	0	0	0
97.400	0	0	0	0	0	0	0	0	0	0	0	8	0	0	5	0	0	0	0	0	0	0	0	0
97.600	0	0	0	0	0	0	0	0	0	0	0	5	0	0	9	0	0	0	0	0	0	0	0	0
97.800	0	0	0	0	0	0	0	0	0	0	0	7	0	0	11	0	0	0	0	0	0	0	0	0
98.000	0	0	0	0	0	0	0	0	0	0	0	6	0	0	10	0	0	0	0	0	0	0	0	0
98.200	0	0	0	0	0	0	0	0	0	0	0	5	0	0	5	0	0	0	0	0	0	0	0	0
98.400	0	0	0	0	0	0	0	0	0	0	0	3	0	0	6	0	0	0	0	0	0	0	0	0
98.600	0	0	0	0	0	0	0	0	0	0	0	5	0	0	8	0	0	0	0	0	0	0	0	0
98.800	0	0	0	0	0	0	0	0	0	0	0	6	0	0	13	0	0	0	0	0	0	0	0	0
99.000	0	0	0	0	0	0	0	0	0	0	0	5	0	0	11	0	0	0	0	0	0	0	0	0
99.200	0	0	0	0	0	0	0	0	0	0	0	4	0	0	11	0	0	0	0	0	0	0	0	0
99.400	0	0	0	0	0	0	0	0	0	0	0	4	0	0	16	0	0	0	0	0	0	0	0	0
99.600	0	0	0	0	0	0	0	0	0	0	0	3	0	0	11	0	0	0	0	0	0	0	0	0
99.800	0	0	0	0	0	0	0	0	0	0	0	0	0	0	10	0	0	0	0	0	0	0	0	0
100.000	0	0	0	0	0	0	0	0	0	0	0	3	0	0	7	0	0	0	0	0	0	0	0	0
100.200	0	0	0	0	0	0	0	0	0	0	0	3	0	0	6	0	0	0	0	0	0	0	0	0
100.400	0	0	0	0	0	0	0	0	0	0	0	6	0	0	11	0	0	0	0	0	0	0	0	0
100.600	0	0	0	0	0	0	0	0	0	0	0	5	0	0	7	0	0	0	0	0	0	0	0	0
100.800	0	0	0	0	0	0	0	0	0	0	0	5	0	0	12	0	0	0	0	0	0	0	0	0
101.000	0	0	0	0	0	0	0	0	0	0	0	4	0	0	14	0	0	0	0	0	0	0	0	0
101.200	0	0	0	0	0	0	0	0	0	0	0	5	0	0	9	0	0	0	0	0	0	0	0	0
101.400	0	0	0	0	0	0	0	0	0	0	0	5	0	0	16	0	0	0	0	0	0	0	0	0
101.600	0	0	0	0	0	0	0	0	0	0	0	5	0	0	10	0	0	0	0	0	0	0	0	0
101.800	0	0	0	0	0	0	0	0	0	0	0	5	0	0	14	0	0	0	0	0	0	0	0	0
102.000	0	0	0	0	0	0	0	0	0	0	0	7	0	0	5	0	0	0	0	0	0	0	0	0
102.200	0	0	0	0	0	0	0	0	0	0	0	6	0	0	11	0	0	0	0	0	0	0	0	0
102.400	0	0	0	0	0	0	0	0	0	0	0	8	0	0	5	0	0	0	0	0	0	0	0	0
102.600	0	0	0	0	0	0	0	0	0	0	0	10	0	0	11	0	0	0	0	0	0	0	0	0
102.800	0	0	0	0	0	0	0	0	0	0	0	7	0	0	13	0	0	0	0	0	0	0	0	0
103.000	0	0	0	0	0	0	0	0	0	0	0	11	0	0	10	0	0	0	0	0	0	0	0	0
103.200	0	0	0	0	0	0	0	0	0	0	0	11	0	0	4	0	0	0	0	0	0	0	0	0
103.400	0	0	0	0	0	0	0	0	0	0	0	10	0	0	8	0	0	0	0	0	0	0	0	0
103.600	0	0	0	0	0	0	0	0	0	0	0	8	0	0	8	0	0	0	0	0	0	0	0	0
103.800	0	0	0	0	0	0	0	0	0	0	0	5	0	0	7	0	0	0	0	0	0	0	0	0
104.000	0	0	0	0	0	0	0	0	0	0	0	0	0	0	13	0	0	0	0	0	0	0	0	0
104.200	0	0	0	0	0	0	0	0	0	0	0	0	0	0	13	0	0	0	0	0	0	0	0	0
104.400	0	0	0	0	0	0	0	0	0	0	0	2	0	0	7	0	0	0	0	0	0	0	0	0
104.600	0	0	0	0	0	0	0	0	0	0	0	0	0	0	13	0	0	0	0	0	0	0	0	0
104.800	0	0	0	0	0	0	0	0	0	0	0	0	0	0	8	0	0	0	0	0	0	0	0	0
105.000	0	0	0	0	0	0	0	0	0	0	0	1	0	0	9	0	0	0	0	0	0	0	0	0
105.200	0	0	0	0	0	0	0	0	0	0	0	0	0	0	6	0	0	0	0	0	0	0	0	0
105.400	0	0	0	0	0	0	0	0	0	0	0	0	0	0	13	1	0	0	0	0	0	0	0	0
105.600	0	0	0	0	0	0	0	0	0	0	0	0	0	0	12	0	0	0	0	0	0	0	0	0
105.800	0	0	0	0	0	0	0	0	0	0	0	0	0	0	13	0	0	0	0	0	0	0	0	0
106.000	0	0	0	0	0	0	0	0	0	0	0	0	0	0	13	0	0	0	0	0	0	0	0	0
106.200	0	0	0	0	0	0	0	0	0	0	0	0	0	0	14	1	0	0	0	0	0	0	0	0
106.400	0	0	0	0	0	0	0	0	0	0	0	0	0	0	13	0	0	0	0	0	0	0	0	0
106.600	0	0	0	0	0	0	0	0	0	0	0	0	0	0	15	0	0	0	0	0	0	0	0	0
106.800	0	0	0	0	0	0	0	0	0	0	0	0	0	0	13	0	0	0	0	0	0	0	0	0
107.000	0	0	0	0	0	0	0	0	0	0	0	0	0	0	14	0	0	0	0	0	0	0	0	0
107.200	0	0	0	0	0	0	0	0	0	0	0	0	0	0	12	0	0	0	0	0	0	0	0	0
107.400	0	0	0	0	0	0	0	0	0	0	0	0	0	0	5	0	0	0	0	0	0	0	0	0
107.600	0	0	0	0	0	0	0	0	0	0	0	0	0	0	7	0	0	0	0	0	0	0	0	0
107.800	0	0	0	0	0	0	0	0	0	0	0	1	0	0	8	1	0	0	0	0	0	0	0	0
108.000	0	0	0	0	0	0	0	0	0	0	0	0	0	0	7	0	0	0	0	0	0	0	0	0
108.200	0	0	0	0	0	0	0	0	0	0	0	2	0	0	11	0	0	0	0	0	0	0	0	1
108.400	0	0	0	0	0	0	0	0	0	0	0	2	0	0	15	0	0	0	0	0	0	0	0	1
108.600	0	0	0	0	0	0	0	0	0	0	0	3	0	0	4	0	0	0	0	0	0	0	0	0
108.800	0	0	0	0	0	0	0	0	0	0	0	3	0	0	4	0	0	0	0	0	0	0	0	0
109.000	0	0	0	0	0	0	0	0	0	0	0	2	0	0	8	2	0	0	0	0	0	0	0	0
109.200	0	0	0	0	0	0	0	0	0	0	0	1	0	0	3	3	0	0	0	0	0	0	0	1
109.400	0	0	0	0	0	0	0	0	0	0	0	5	0	0	3	0	0	0	0	0	0	0	0	0
109.600	0	0	0	0	0	0	0	0	0	0	0	4	0	0	7	3	0	0	0	0	0	0	0	0
109.800	0	0	0	0	0	0	0	0	0	0	0	4	0	0	5	5	0	0	0	0	0	0	0	0
110.000	0	0	0	0	0	0	0	0	0	0	0	4	0	0	7	5	0	0	0	0	0	0	0	0
110.200	0	0	0	0	0	0	0	0	0	0	0	4	0	0	9	5	0	0	0	0	0	0	0	1
110.400	0	0	0	0	0	0	0	0	0	0	0	5	0	0	13	0	0	0	0	0	0	0	0	1
110.600	0	0	0	0	0	0	0	0	0	0	0	6	0	0	13	0	0	0	0	0	0	0	0	0
110.800	0	0	0	0	0	0	0	0	0	0	0	2	0	0	20	0	0	0	0	0	0	0	0	0
111.000	0	0	0	0	0	0	0	0	0	0	0	2	0	0	15	0	0	0	0	0	0	0	0	0
111.200	0	0	0	0	0	0	0	0	0	0	0	0	0	0	10	0	0	0	0	0	0	0	0	0
111.400	0	0	0	0	0	0	0	0	0	0	0	0	0	0	5	6	0	0	0	0	0	0	0	0
111.600	0	0	0	0	0	0	0	0	0	0	0	0	0	0	4	2	0	0	0	0	0	0	0	0
111.800	0	0	0	0	0	0	0	0	0	0	0	0	0	0	10	3	0	0	0	0	0	0	0	0
112.000	0	0	0	0	0	0	0	0	0	0	0	4	0	0	10	0	0	0	0	0	0	0	0	0
112.200	0	0	0	0	0	0	0	0	0	0	0	0	0	0	9	0	0	0	0	0	0	0	0	0
112.400	0	0	0	0	0	0	0	0	0	0	0	0	0	0	5	0	0	0	0	0	0	0	0	0
112.600	0	0	0	0	0	0	0	0	0	0	0	0	0	0	5	0	0	0	0	0	0	0	0	0
112.800	0	0	0	0	0	0	0	0	0	0	0	0	0	0	8	0	0	0	0	0	0	0	0	0
113.000	0	0	0	0	0	0	0	0	0	0	0	0	0	0	12	6	0	0	0	0	0	0	0	0
113.200	0	0	0	0	0	0	0	0	0	0	0	0	0	0	6	6	0	0	0	0	0	0	0	0
113.400	0	0	0	0	0	0	0	0	0	0	0	0	0	0	10	1	0	0	0	0	0	0	0	1
113.600	0	0	0	0	0	0	0	0	0	0	0	0	0	0	3	5	0	0	0	0	0	0	0	0
113.800	0	0	0	0	0	0	0	0	0	0	0	0	0	0	4	2	0	0	0	0	0	0	0	0
114.000	0	0	0	0	0	0	0	0	0	0	0	0	0	0	5	3	0	0	0	0	0	0	0	0
114.200	0	0	0	0	0	0	0	0	0	0	0	0	0	0	5	2	0	0	0	0	0	0	0	0
114.400	0	0	0	0	0	0	0	0	0	0	0	0	0	0	4	4	0	0	0	0	0	0	0	0
114.600	0	0	0	0	0	0	0	0	0	0	0	0	0	0	3	0	0	0	0	0	0	0	0	0
114.800	0	0	0	0	0	0	0	0	0	0	0	0	0	0	2	0	0	0	0	0	0	0	0	0
115.000	0	0	0	0	0	0	0	0	0	0	0	0	0	0	4	0	0	0	0	0	0	0	0	0
115.200	0	0	0	0	0	0	0	0	0	0	0	0	0	0	5	0	0	0	0	0	0	0	0	0
115.400	0	0	0	0	0	0	0	0	0	0	0	0	0	0	0	0	0	0	0	0	0	0	0	0
115.600	0	0	0	0	0	0	0	0	0	0	0	0	0	0	0	0	0	0	0	0	0	0	0	0
115.800	0	0	0	0	0	0	0	0	0	0	0	0	0	0	0	0	0	0	0	0	0	0	0	0
116.000	0	0	0	0	0	0	0	0	0	0	0	0	0	0	0	0	0	0	0	0	0	0	0	1
116.200	0	0	0	0	0	0	0	0	0	0	0	0	0	0	0	0	0	0	0	0	0	0	0	0
116.400	0	0	0	0	0	0	0	0	0	0	0	0	0	0	1	0	0	0	0	0	0	0	0	0
116.600	0	0	0	0	0	0	0	0	0	0	0	0	0	0	0	0	0	0	0	0	0	0	0	0
116.800	0	0	0	0	0	0	0	0	0	0	0	0	0	0	0	0	0	0	0	0	0	0	0	0
117.000	0	0	0	0	0	0	0	0	0	0	0	0	0	0	0	0	0	0	0	0	0	0	0	0
117.200	0	0	0	0	0	0	0	0	0	0	0	0	0	0	0	0	0	0	0	0	0	0	0	0
117.400	0	0	0	0	0	0	0	0	0	0	0	0	0	0	0	0	0	0	0	0	0	0	0	0
117.600	0	0	0	0	0	0	0	0	0	0	0	0	0	0	0	0	0	1	0	0	0	0	0	0
117.800	0	0	0	0	0	0	0	0	0	0	0	0	0	0	0	0	0	0	0	0	0	0	0	0
118.000	0	0	0	0	0	0	0	0	0	0	0	0	0	0	0	0	0	0	0	0	0	0	0	1
118.200	0	0	0	0	0	0	0	0	0	0	1	0	0	0	0	0	0	0	0	0	0	0	0	4
118.400	0	0	0	0	0	0	0	0	0	0	0	0	0	0	0	0	0	0	0	0	0	0	0	4
118.600	0	0	0	0	0	0	0	0	0	0	0	0	0	0	0	0	0	0	0	0	0	0	0	5
118.800	0	0	0	0	0	0	0	0	0	0	0	0	0	0	0	0	0	0	0	0	0	0	0	4
119.000	0	0	0	0	2	0	0	0	0	0	0	0	0	0	0	6	0	0	0	0	0	0	0	5
119.200	0	0	0	0	4	0	0	0	0	0	0	0	0	0	0	4	0	0	0	0	0	0	0	6
119.400	0	0	0	0	4	0	0	0	0	0	0	0	0	0	0	0	0	0	0	0	0	0	0	4
119.600	0	0	0	0	5	0	0	0	0	0	0	0	0	0	0	5	0	0	0	0	0	0	0	3
119.800	0	0	0	0	3	0	0	0	0	0	0	0	0	0	0	2	0	0	0	0	0	0	0	2
120.000	0	0	0	0	7	0	0	0	0	0	0	0	0	0	1	6	0	0	0	0	0	0	0	0
120.200	0	0	0	0	4	0	0	0	0	0	0	0	0	0	1	4	0	0	0	0	0	0	0	0
120.400	0	0	0	0	2	0	0	0	0	0	0	0	0	0	0	4	0	0	0	0	0	0	0	1
120.600	0	0	0	0	4	0	0	0	0	0	0	0	0	0	1	2	0	0	0	0	0	0	0	0
120.800	0	0	0	0	7	0	0	0	0	0	0	0	0	3	0	4	0	0	0	0	0	0	0	0
121.000	0	0	0	0	5	0	0	0	0	0	0	0	0	3	0	4	0	0	0	0	0	0	0	0
121.200	0	0	0	0	2	0	0	0	0	0	0	0	0	0	0	6	0	0	0	0	0	0	0	0
121.400	0	0	0	0	0	0	0	0	0	0	0	0	0	3	0	5	0	0	0	0	0	0	0	0
121.600	0	0	0	0	3	0	0	0	0	0	0	0	0	0	0	3	0	0	0	0	0	0	0	0
121.800	0	0	0	0	2	0	0	0	0	0	0	0	0	0	1	0	0	0	0	0	0	0	0	0
122.000	0	0	0	0	4	0	0	0	0	0	0	0	0	0	0	0	0	0	0	0	0	0	0	0
122.200	0	0	0	0	3	0	0	0	0	0	0	0	0	1	0	6	0	0	0	0	0	0	0	0
122.400	0	0	0	0	3	0	0	0	0	0	0	0	0	0	0	5	0	0	0	0	0	0	0	0
122.600	0	0	0	0	2	0	0	0	0	0	0	0	0	0	0	4	0	0	0	0	0	0	0	0
122.800	0	0	0	0	5	0	0	0	0	0	0	0	0	0	0	4	0	0	0	0	0	0	0	0
123.000	0	0	0	0	4	0	0	0	0	0	0	0	0	0	0	4	0	0	0	0	0	0	0	0
123.200	0	0	0	0	5	0	0	0	0	0	0	0	0	0	0	1	0	0	0	0	0	0	0	0
123.400	0	0	0	0	4	0	0	0	0	0	0	0	0	0	1	4	0	0	0	0	0	0	0	0
123.600	0	0	0	0	1	0	0	0	0	0	0	0	0	0	0	2	0	0	0	0	0	0	0	1
123.800	0	0	0	0	0	0	0	0	0	0	0	0	0	0	0	4	0	0	0	0	0	0	0	0
124.000	0	0	0	0	1	0	0	0	0	0	0	0	0	0	0	4	0	0	0	0	0	0	0	0
124.200	0	0	0	0	0	0	0	0	0	0	0	0	0	0	0	4	0	0	0	0	0	0	0	0
124.400	0	0	0	0	1	0	0	0	0	0	0	0	0	0	0	5	0	0	0	0	0	0	0	1
124.600	0	0	0	0	0	0	0	0	0	0	0	0	0	0	0	1	0	0	0	0	0	0	0	0
124.800	0	0	0	0	0	0	0	0	0	0	0	0	0	0	4	0	0	0	0	0	0	0	0	0
125.000	0	0	0	0	0	0	0	0	0	0	0	0	0	0	4	1	0	0	0	0	0	0	0	0
125.200	0	0	0	0	0	0	0	0	0	0	0	0	0	0	5	0	0	0	0	0	0	0	0	0
125.400	0	0	0	0	1	0	0	0	0	0	0	0	0	0	4	1	0	0	0	0	0	0	0	0
125.600	0	0	0	0	0	0	0	0	0	0	0	0	0	0	4	0	0	0	0	0	0	0	0	0
125.800	0	0	0	0	0	0	0	0	0	0	0	0	0	0	5	1	0	0	0	0	0	0	0	0
126.000	0	0	0	0	0	0	0	0	0	0	0	0	0	0	7	2	0	0	0	0	0	0	0	0
126.200	0	0	0	0	0	0	0	0	0	0	0	0	0	0	6	0	0	0	0	0	0	0	0	0
126.400	0	0	0	0	0	0	0	0	0	0	0	0	0	0	6	0	0	0	0	0	0	0	0	0
126.600	0	0	0	0	0	0	0	0	0	0	0	0	0	0	7	1	0	0	0	0	0	0	0	0
126.800	0	0	0	0	0	0	0	0	0	0	0	0	0	0	6	4	0	0	0	0	0	0	0	0
127.000	0	0	0	0	0	0	0	0	0	0	0	0	0	0	6	3	0	0	0	0	0	0	0	0
127.200	0	0	0	0	0	0	0	0	0	0	0	0	0	0	6	0	0	0	0	0	0	0	0	0
127.400	0	0	0	0	0	0	0	0	0	0	0	0	0	0	5	1	0	0	0	0	0	0	0	1
127.600	0	0	0	0	0	0	0	0	0	0	0	0	0	0	5	4	0	0	0	0	0	0	0	0
127.800	0	0	0	0	0	0	0	0	0	0	0	0	0	0	5	4	0	0	0	0	0	0	0	0
128.000	0	0	0	0	0	0	0	0	0	0	0	0	0	0	5	4	0	0	0	0	0	0	0	0
128.200	0	0	0	0	0	0	0	0	0	0	0	0	0	0	6	4	0	0	0	0	0	0	0	1
128.400	0	0	0	0	0	0	0	0	0	0	0	0	0	0	6	4	0	0	0	0	0	0	0	0
128.600	0	0	0	0	0	0	0	0	0	0	0	0	0	0	5	4	0	0	0	0	0	0	0	1
128.800	0	0	0	0	0	0	0	0	0	0	0	0	0	0	4	4	0	0	0	0	0	0	0	0
129.000	0	0	0	0	0	0	0	0	0	0	0	0	0	0	5	5	0	0	0	0	0	0	0	4
129.200	0	0	0	0	0	0	0	0	0	0	1	0	0	0	4	2	0	0	0	0	0	0	0	5
129.400	0	0	0	0	0	0	0	0	0	0	0	0	0	0	6	3	0	0	0	0	0	0	0	4
129.600	0	0	0	0	0	0	0	0	0	0	0	0	0	0	6	4	0	0	0	0	0	0	0	6
129.800	0	0	0	0	0	0	0	0	0	0	0	0	0	0	5	5	0	0	0	0	0	0	0	4
130.000	0	0	0	0	0	0	0	0	0	0	0	0	0	0	5	4	0	0	0	0	0	0	0	5
130.200	0	0	0	0	0	0	0	0	0	0	0	0	0	0	7	4	0	0	0	0	0	0	0	2
130.400	0	0	0	0	0	0	0	0	0	0	0	0	0	0	5	3	0	0	0	0	0	0	0	3
130.600	0	0	0	0	1	0	0	0	0	0	0	0	0	0	7	7	0	0	0	0	0	0	0	9
130.800	0	0	0	0	0	0	0	0	0	0	0	0	0	0	5	7	0	0	0	0	0	0	0	6
131.000	0	0	0	0	0	0	0	0	0	0	0	0	0	0	6	2	0	0	0	0	0	0	0	5
131.200	0	0	0	0	0	0	0	0	0	0	1	0	0	0	7	2	0	0	0	0	0	0	0	5
131.400	0	0	0	0	0	0	0	0	0	0	1	0	0	0	5	1	0	0	0	0	0	0	0	6
131.600	0	0	0	0	0	0	0	0	0	0	0	0	0	0	5	5	0	0	0	0	0	0	0	0
131.800	0	0	0	0	0	0	0	0	0	0	0	0	0	0	2	6	0	0	0	0	0	0	0	8
132.000	0	0	0	0	0	0	0	0	0	0	0	0	0	0	0	6	0	0	0	0	0	0	0	6
132.200	0	0	0	0	0	0	0	0	0	0	0	0	0	2	3	5	0	0	0	0	0	0	0	10
132.400	0	0	0	0	0	0	0	0	0	0	0	0	0	0	3	6	0	0	0	0	0	0	0	4
132.600	0	0	0	0	3	0	0	0	0	0	0	0	0	0	1	6	0	0	1	0	0	0	0	4
132.800	0	0	0	0	4	0	0	0	0	0	0	0	0	0	0	6	0	0	0	0	0	0	0	7
133.000	0	0	0	0	4	0	0	0	0	0	0	0	0	0	0	7	0	0	0	0	0	0	0	6
133.200	0	0	0	0	4	0	0	0	0	0	0	0	0	0	0	5	0	0	0	0	0	0	0	6
133.400	0	0	0	0	4	0	0	0	0	0	0	0	0	0	0	3	0	0	0	0	0	0	0	7
133.600	0	0	0	0	5	0	0	0	0	0	0	0	0	0	0	3	0	0	0	0	0	0	0	7
133.800	0	0	0	0	6	0	0	0	0	0	0	0	0	0	1	5	0	0	0	0	0	0	0	7
134.000	0	0	0	0	5	0	0	0	0	0	0	0	0	0	1	5	0	0	0	0	0	0	0	5
134.200	0	0	0	0	7	0	0	0	0	0	0	0	0	0	0	3	0	0	0	0	0	0	0	8
134.400	0	0	0	0	5	0	0	0	0	0	0	0	0	0	3	6	0	0	0	0	0	0	0	8
134.600	0	0	0	0	7	0	0	0	0	0	0	0	0	0	0	6	0	0	0	0	0	0	0	7
134.800	0	0	0	0	13	0	0	0	0	0	0	0	0	0	0	4	0	0	0	0	0	0	0	9
135.000	0	0	0	0	9	0	0	0	0	0	0	0	0	0	1	3	0	0	0	0	0	0	0	3
135.200	0	0	0	0	12	0	0	0	0	0	0	0	0	0	1	4	0	0	0	0	0	0	0	2
135.400	0	0	0	0	10	0	0	0	0	0	0	0	0	0	3	3	0	0	0	0	0	0	0	0
135.600	0	0	0	0	9	0	0	0	0	0	0	0	0	0	4	5	0	0	0	0	0	0	0	0
135.800	0	0	0	0	5	0	0	0	0	0	0	0	0	0	9	7	0	0	0	0	0	0	0	1
136.000	0	0	0	0	6	0	0	0	0	0	0	0	0	0	9	4	0	0	0	0	0	0	0	0
136.200	0	0	0	0	7	0	0	0	0	0	0	0	0	0	7	5	0	0	0	0	0	0	0	0
136.400	0	0	0	0	1	0	0	0	0	0	0	0	0	0	9	5	0	0	0	0	0	0	0	0
136.600	0	0	0	0	7	0	0	0	0	0	0	0	0	0	9	4	0	0	0	0	0	0	0	0
136.800	0	0	0	0	4	0	0	0	0	0	0	0	0	0	7	5	0	0	0	0	0	0	0	0
137.000	0	0	0	0	5	0	0	0	0	0	0	0	0	0	7	4	0	0	0	0	0	0	0	1
137.200	0	0	0	0	4	0	0	0	0	0	0	0	0	0	5	3	0	0	0	0	0	0	0	0
137.400	0	0	0	0	4	0	0	0	0	0	0	0	0	0	5	2	0	0	0	0	0	0	0	2
137.600	0	0	0	0	3	0	0	0	0	0	0	0	0	0	7	2	0	0	0	0	0	0	0	0
137.800	0	0	0	0	1	0	0	0	0	0	0	0	0	0	6	4	0	0	0	0	0	0	0	0
138.000	0	0	0	0	4	0	0	0	0	0	0	0	0	0	6	0	0	0	0	0	0	0	0	0
138.200	0	0	0	0	5	0	0	0	0	0	0	0	0	0	3	0	0	0	0	0	0	0	0	0
138.400	0	0	0	0	5	0	0	0	0	0	0	0	0	0	4	0	0	0	0	0	0	0	0	0
138.600	0	0	0	0	4	0	0	0	0	0	0	0	0	0	7	0	0	0	0	0	0	0	0	2
138.800	0	0	0	0	5	0	0	0	0	0	0	0	0	0	5	0	0	0	0	0	0	0	0	1
139.000	0	0	0	0	7	0	0	0	0	0	0	0	0	0	5	0	0	0	0	0	0	0	0	0
139.200	0	0	0	0	3	0	0	0	0	0	1	0	0	0	3	0	0	0	0	0	0	0	0	0
139.400	0	0	0	0	5	0	0	0	0	0	0	0	0	0	5	0	0	0	0	0	0	0	0	0
139.600	0	0	0	0	6	0	0	0	0	0	0	0	0	0	7	0	0	0	0	0	0	0	0	0
139.800	0	0	0	0	6	0	0	0	0	0	0	0	0	0	8	0	0	0	0	0	0	0	0	0
140.000	0	0	0	0	5	0	0	0	0	0	0	0	0	0	10	0	0	0	0	0	0	0	0	0
140.200	0	0	0	0	5	0	0	0	0	0	0	0	0	0	5	0	0	0	0	0	0	0	0	0
140.400	0	0	0	0	3	0	0	0	0	0	0	0	0	0	5	0	0	0	0	0	0	0	0	0
140.600	0	0	0	0	5	0	0	0	0	0	0	0	0	0	8	0	0	0	0	0	0	0	0	0
140.800	0	0	0	0	8	0	0	0	0	0	0	0	0	0	1	0	0	0	0	0	0	0	0	0
141.000	0	0	0	0	7	0	0	0	0	0	0	0	0	0	4	0	0	0	0	0	0	0	0	3
141.200	0	0	0	0	6	0	0	0	0	0	0	0	0	0	1	0	0	0	0	0	0	0	0	0
141.400	0	0	0	0	6	0	0	0	0	0	0	0	0	0	1	0	0	0	0	0	0	0	0	0
141.600	0	0	0	0	5	0	0	0	0	0	0	0	0	0	0	0	0	0	0	0	0	0	0	0
141.800	0	0	0	0	5	0	0	0	0	0	0	0	0	0	1	0	0	0	0	0	0	0	0	0
142.000	0	0	0	0	6	0	0	0	0	0	0	0	0	0	3	0	0	0	0	0	0	0	0	0
142.200	0	0	0	0	0	0	0	0	0	0	0	0	0	0	3	0	0	0	0	0	0	0	0	0
142.400	0	0	0	0	0	0	0	0	0	0	0	0	0	0	7	0	0	0	0	0	0	0	0	1
142.600	0	0	0	0	0	0	0	0	0	0	0	0	0	0	6	0	0	0	0	0	0	0	0	0
142.800	0	0	0	0	0	0	0	0	0	0	0	0	0	0	7	0	0	0	0	0	0	0	0	0
143.000	0	0	0	0	0	0	0	0	0	0	0	0	0	0	7	0	0	0	0	0	0	0	0	1
143.200	0	0	0	0	0	0	0	0	0	0	0	0	0	0	3	0	0	0	0	0	0	0	0	2
143.400	0	0	0	0	0	0	0	0	0	0	0	0	0	0	4	0	0	0	0	0	0	0	0	1
143.600	0	0	0	0	0	0	0	0	0	0	0	0	0	0	7	0	0	0	0	0	0	0	0	0
143.800	0	0	0	0	0	0	0	0	0	0	0	0	0	0	9	0	0	0	0	0	0	0	0	0
144.000	0	0	0	0	4	0	0	0	0	0	0	0	0	0	6	0	0	0	0	0	0	0	0	0
144.200	0	0	0	0	0	0	0	0	0	0	0	0	0	0	2	0	0	0	0	0	0	0	0	0
144.400	0	0	0	0	2	0	0	0	0	0	0	0	0	0	6	0	0	0	0	0	0	0	0	0
144.600	0	0	0	0	1	0	0	0	0	0	0	0	0	0	6	0	0	0	0	0	0	0	0	0
144.800	0	0	0	0	1	0	0	0	0	0	0	0	0	0	5	0	0	0	0	0	0	0	0	0
145.000	0	0	0	0	3	0	0	0	0	0	0	0	0	0	4	0	0	0	0	0	0	0	0	0
145.200	0	0	0	0	3	0	0	0	0	0	0	0	0	0	6	0	0	0	0	0	0	0	0	0
145.400	0	0	0	0	2	0	0	0	0	0	0	0	0	0	8	0	0	0	0	0	0	0	0	0
145.600	0	0	0	0	0	0	0	0	0	0	0	0	0	0	6	0	0	0	0	0	0	0	0	0
145.800	0	0	0	0	0	0	0	0	0	0	0	0	0	0	5	0	0	0	0	0	0	0	0	0
146.000	0	0	0	0	0	0	0	0	0	0	0	0	0	0	7	1	0	0	0	0	0	0	0	0
146.200	0	0	0	0	0	0	0	0	0	0	0	0	0	0	8	0	0	0	0	0	0	0	0	0
146.400	0	0	0	0	0	0	0	0	0	0	0	0	0	0	6	0	0	0	0	0	0	0	0	1
146.600	0	0	0	0	0	0	0	0	0	0	0	0	0	0	5	0	0	0	0	0	0	0	0	3
146.800	0	0	0	0	0	0	0	0	0	0	0	0	0	0	5	0	0	0	0	0	0	0	0	3
147.000	0	0	0	0	0	0	0	0	0	0	0	0	0	0	7	0	0	0	0	0	0	0	0	3
147.200	0	0	0	0	0	0	0	0	0	0	0	0	0	0	7	0	0	0	0	0	0	0	0	3
147.400	0	0	0	0	0	0	0	0	0	0	0	0	0	0	8	0	0	0	0	0	0	0	0	3
147.600	0	0	0	0	0	0	0	0	0	0	0	0	0	0	8	0	0	0	0	0	0	0	0	2
147.800	0	0	0	0	0	0	0	0	0	0	0	0	0	0	7	4	0	0	0	0	0	0	0	2
148.000	0	0	0	0	0	0	0	0	0	0	0	0	0	0	4	2	0	0	0	0	0	0	0	0
148.200	0	0	0	0	0	0	0	0	0	0	0	0	0	0	3	4	0	0	0	0	0	0	0	1
148.400	0	0	0	0	2	0	0	0	0	0	1	0	0	0	4	4	0	0	0	0	0	0	0	0
148.600	0	0	0	0	0	0	0	0	0	0	0	0	0	0	5	2	0	0	0	0	0	0	0	0
148.800	0	0	0	0	2	0	0	0	0	0	0	0	0	0	4	4	0	0	0	0	0	0	0	0
149.000	0	0	0	0	0	0	0	0	0	0	0	0	0	0	3	0	0	0	0	0	0	0	0	0
149.200	0	0	0	0	1	0	0	0	0	0	0	0	0	0	3	4	0	0	0	0	0	0	0	0
149.400	0	0	0	0	4	0	0	0	0	0	0	0	0	0	0	0	0	0	0	0	0	0	0	0
149.600	0	0	0	0	1	0	0	0	0	0	0	0	0	0	0	1	0	0	0	0	0	0	0	0
149.800	0	0	0	0	4	0	0	0	0	0	0	0	0	0	3	2	0	0	0	0	0	0	0	0
150.000	0	0	0	0	4	0	0	0	0	0	0	0	0	0	5	3	0	0	0	0	0	0	0	0
150.200	0	0	0	0	1	0	0	0	0	0	0	0	0	0	6	3	0	0	0	0	0	0	0	0
150.400	0	0	0	0	3	0	0	0	0	0	0	0	0	0	6	0	0	0	0	0	0	0	0	0
150.600	0	0	0	0	0	0	0	0	0	0	0	0	0	0	6	0	0	0	0	0	0	0	0	0
150.800	0	0	0	0	10	0	0	0	0	0	0	0	0	0	3	0	0	0	0	0	0	0	0	0
151.000	0	0	0	0	9	0	0	0	0	0	0	0	0	0	6	0	0	0	0	0	0	0	0	1
151.200	0	0	0	0	4	0	0	0	0	0	0	0	0	0	3	0	0	0	0	0	0	0	0	0
151.400	0	0	0	0	6	1	0	0	0	0	0	0	0	0	0	0	0	0	0	0	0	0	0	0
151.600	0	0	0	0	7	0	0	0	0	0	0	0	0	0	2	0	0	0	0	0	0	0	0	0
151.800	0	0	0	0	12	1	0	0	0	0	0	0	0	0	9	0	0	0	0	0	0	0	0	0
152.000	0	0	0	0	9	0	0	0	0	0	0	0	0	0	4	0	0	0	0	0	0	0	0	0
152.200	0	0	0	0	8	2	0	0	0	0	0	0	0	0	5	0	0	0	0	0	0	0	0	0
152.400	0	0	0	0	10	1	0	0	0	0	0	0	0	0	6	0	0	0	0	0	0	0	0	0
152.600	0	0	0	0	7	0	0	0	0	0	0	0	0	0	6	0	0	0	0	0	0	0	0	0
152.800	0	0	0	0	6	0	0	0	0	0	0	0	0	0	2	0	0	0	0	0	0	0	0	1
153.000	0	0	0	0	14	0	0	0	0	0	0	0	0	0	10	0	0	0	0	0	0	0	0	0
153.200	0	0	0	0	13	0	0	0	0	0	0	0	0	0	7	0	0	0	0	0	0	0	0	0
153.400	0	0	0	0	9	0	0	0	0	0	0	0	0	0	8	0	0	0	0	0	0	0	0	0
153.600	0	0	0	0	5	0	0	0	0	0	0	0	0	0	10	0	0	0	0	0	0	0	0	0
153.800	0	0	0	0	3	0	0	0	0	0	1	0	0	0	10	0	0	0	0	0	0	0	0	0
154.000	0	0	0	0	5	0	0	0	0	0	0	0	0	0	4	0	0	0	0	0	0	0	0	0
154.200	0	0	0	0	5	0	0	0	0	0	0	0	0	0	8	0	0	0	0	0	0	0	0	0
154.400	0	0	0	0	6	0	0	0	0	0	0	0	0	0	11	0	0	0	0	0	0	0	0	0
154.600	0	0	0	0	3	0	0	0	0	0	0	0	0	0	12	0	0	0	0	0	0	0	0	0
154.800	0	0	0	0	5	0	0	0	0	0	1	0	0	0	6	0	0	0	0	0	0	0	0	0
155.000	0	0	0	0	5	0	0	0	0	0	0	0	0	0	11	0	0	0	0	0	0	0	0	0
155.200	0	0	0	0	5	0	0	0	0	0	0	0	0	0	15	0	0	0	0	0	0	0	0	0
155.400	0	0	0	0	7	0	0	0	0	0	0	0	0	0	11	0	0	0	0	0	0	0	0	2
155.600	0	0	0	0	5	0	0	0	0	0	0	0	0	0	10	0	0	0	0	0	0	0	0	0
155.800	0	0	0	0	5	0	0	0	0	0	0	0	0	0	9	0	0	0	0	0	0	0	0	0
156.000	0	0	0	0	4	0	0	0	0	0	0	0	0	0	9	0	0	0	0	0	0	0	0	1
156.200	0	0	0	0	5	0	0	0	0	0	0	0	0	0	8	0	0	0	0	0	0	0	0	3
156.400	0	0	0	0	5	0	0	0	0	0	0	0	0	0	7	0	0	0	0	0	0	0	0	4
156.600	0	0	0	0	5	0	0	0	0	0	0	0	0	0	9	0	0	0	0	0	0	0	0	4
156.800	0	0	0	0	5	0	0	0	0	0	0	0	0	0	7	0	0	0	0	0	0	0	0	3
157.000	0	0	0	0	5	0	0	0	0	0	0	0	0	0	18	0	0	0	0	0	0	0	0	5
157.200	0	0	0	0	5	0	0	0	0	0	0	0	0	0	10	0	0	0	0	0	0	0	0	6
157.400	0	0	0	0	6	0	0	0	0	0	0	0	0	0	8	0	0	0	0	0	0	0	0	2
157.600	0	0	0	0	5	0	0	0	0	0	0	0	0	0	10	0	0	0	0	0	0	0	0	5
157.800	0	0	0	0	5	0	0	0	0	0	0	0	0	0	19	0	0	0	0	0	0	0	0	2
158.000	0	0	0	0	4	0	0	0	0	0	0	0	0	0	17	0	0	0	0	0	0	0	0	7
158.200	0	0	0	0	4	0	0	0	0	0	0	0	0	0	13	0	0	0	0	0	0	0	0	7
158.400	0	0	0	0	2	0	0	0	0	0	0	0	0	0	12	0	0	0	0	0	0	0	0	3
158.600	0	0	0	0	3	0	0	0	0	0	0	0	0	0	12	0	0	0	0	0	0	0	0	5
158.800	0	0	0	0	4	0	0	0	0	0	0	0	0	0	18	0	0	0	0	0	0	0	0	6
159.000	0	0	0	0	4	0	0	0	0	0	0	0	0	0	11	0	0	0	0	0	0	0	0	4
159.200	0	0	0	0	5	0	0	0	0	0	0	0	0	0	12	0	0	0	0	0	0	0	0	1
159.400	0	0	0	0	4	0	0	0	0	0	0	0	0	0	10	0	0	0	0	0	0	0	0	5
159.600	0	0	0	0	0	0	0	0	0	0	0	0	0	0	14	0	0	0	0	0	0	0	0	5
159.800	0	0	0	0	0	0	0	0	0	0	0	0	0	0	13	0	0	0	0	0	0	0	0	7
160.000	0	0	0	0	4	0	0	0	0	0	0	0	0	0	17	0	0	0	0	0	0	0	0	7
160.200	0	0	0	0	0	0	0	0	0	0	0	0	0	0	16	0	0	0	0	0	0	0	0	7
160.400	0	0	0	0	0	0	0	0	0	0	0	0	0	0	17	0	0	0	0	0	0	0	0	5
160.600	0	0	0	0	0	0	0	0	0	0	0	0	0	0	11	0	0	0	0	0	0	0	0	0
160.800	0	0	0	0	1	0	0	0	0	0	0	0	0	0	18	0	0	0	0	0	0	0	0	2
161.000	0	0	0	0	0	0	0	0	0	0	0	0	0	0	9	0	0	0	0	0	0	0	0	5
161.200	0	0	0	0	4	0	0	0	0	0	0	0	0	0	19	0	0	0	0	0	0	0	0	8
161.400	0	0	0	0	5	0	0	0	0	0	1	0	0	0	17	0	0	0	0	0	0	0	0	8
161.600	0	0	0	0	3	0	0	0	0	0	0	0	0	0	15	0	0	0	0	0	0	0	0	6
161.800	0	0	0	0	1	0	0	0	0	0	0	0	0	0	15	0	0	0	0	0	0	0	0	3
162.000	0	0	0	0	3	0	0	0	0	0	0	0	0	0	14	0	0	0	0	0	0	0	0	4
162.200	0	0	0	0	3	0	0	0	0	0	0	0	0	0	8	0	0	0	0	0	0	0	0	6
162.400	0	0	0	0	3	0	0	0	0	0	0	0	0	0	12	0	0	0	0	0	0	0	0	7
162.600	0	0	0	0	3	0	0	0	0	0	1	0	0	0	7	0	0	0	0	0	0	0	0	6
162.800	0	0	0	0	5	0	0	0	0	0	0	0	0	0	6	0	0	0	0	0	0	0	0	9
163.000	0	0	0	0	12	0	0	0	0	0	0	0	0	0	7	0	0	0	0	0	0	0	0	11
163.200	0	0	0	0	5	0	0	0	0	0	0	0	0	0	4	0	0	0	0	0	0	0	0	3
163.400	0	0	0	0	8	0	0	0	0	0	0	0	0	0	5	0	0	0	0	0	0	0	0	10
163.600	0	0	0	0	4	0	0	0	0	0	0	0	0	0	6	0	0	0	0	0	0	0	0	8
163.800	0	0	0	0	11	0	0	0	0	0	0	0	0	0	9	0	0	0	0	0	0	0	0	9
164.000	0	0	0	0	6	0	0	0	0	0	0	0	0	0	13	0	0	0	0	0	0	0	0	9
164.200	0	0	0	0	6	0	0	0	0	0	0	0	0	0	15	0	0	0	0	0	0	0	0	8
164.400	0	0	0	0	6	0	0	0	0	0	2	0	0	0	10	0	0	0	0	0	0	0	0	6
164.600	0	0	0	0	14	0	0	0	0	0	1	0	0	0	9	0	0	0	0	0	0	0	0	3
164.800	0	0	0	0	1	0	0	0	0	0	0	0	0	0	19	0	0	0	0	0	0	0	0	5
165.000	0	0	0	0	0	0	0	0	0	0	0	0	0	0	15	0	0	0	0	0	0	0	0	6
165.200	0	0	0	0	5	0	0	0	0	0	0	0	0	0	12	0	0	0	0	0	0	0	0	8
165.400	0	0	0	0	10	0	0	0	0	0	0	0	0	0	8	0	0	0	0	0	0	0	0	7
165.600	0	0	0	0	5	0	0	0	0	0	0	0	0	0	5	0	0	0	0	0	0	0	0	9
165.800	0	0	0	0	9	0	0	0	0	0	0	0	0	0	11	0	0	0	0	0	0	0	0	5
166.000	0	0	0	0	14	0	0	0	0	0	0	0	0	0	7	0	0	0	0	0	0	0	0	8
166.200	0	0	0	0	9	0	0	0	0	0	0	0	0	0	14	0	0	0	0	0	0	0	0	3
166.400	0	0	0	0	8	0	0	0	0	0	0	0	0	0	9	0	0	0	0	0	0	0	0	5
166.600	0	0	0	0	0	0	0	0	0	0	0	0	0	0	17	0	0	0	0	0	0	0	0	7
166.800	0	0	0	0	3	0	0	0	0	0	0	0	0	0	7	0	0	0	0	0	0	0	0	4
167.000	0	0	0	0	6	0	0	0	0	0	0	0	0	0	13	0	0	0	0	0	0	0	0	8
167.200	0	0	0	0	6	0	0	0	0	0	0	0	0	0	12	0	0	0	0	0	0	0	0	5
167.400	0	0	0	0	5	0	0	0	0	0	0	0	0	0	9	0	0	0	0	0	0	0	0	5
167.600	0	0	0	0	8	0	0	0	0	0	0	0	0	0	4	0	0	0	0	0	0	0	0	6
167.800	0	0	0	0	6	0	0	0	0	0	0	0	0	0	3	0	0	0	0	0	0	0	0	5
168.000	0	0	0	0	8	0	0	0	0	0	0	0	0	0	4	0	0	0	0	0	0	0	0	7
168.200	0	0	0	0	3	0	0	0	0	0	0	0	0	0	7	0	0	0	0	0	0	0	0	6
168.400	0	0	0	0	5	0	0	0	0	0	0	0	0	0	3	0	0	0	0	0	0	0	0	7
168.600	0	0	0	0	3	0	0	0	0	0	0	0	0	0	6	0	0	0	0	0	0	0	0	5
168.800	0	0	0	0	1	0	0	0	0	0	0	0	0	0	3	0	0	0	0	0	0	0	0	4
169.000	0	0	0	0	4	0	0	0	0	0	0	0	0	0	6	0	0	0	0	0	0	0	0	7
169.200	0	0	0	0	0	0	0	0	0	0	0	0	0	0	4	0	0	0	0	0	0	0	0	7
169.400	0	0	0	0	0	0	0	0	0	0	0	0	0	0	5	0	0	0	0	0	0	0	0	0
169.600	0	0	0	0	0	0	0	0	0	0	0	0	0	0	4	0	0	0	0	0	0	0	0	0
169.800	0	0	0	0	0	0	0	0	0	0	0	0	0	0	5	0	0	0	0	0	0	0	0	1
170.000	0	0	0	0	0	0	0	0	0	0	0	0	0	0	6	0	0	0	0	0	0	0	0	1
170.200	0	0	0	0	0	0	0	0	0	0	0	0	0	0	1	0	0	0	0	0	0	0	0	0
170.400	0	0	0	0	0	0	0	0	0	0	0	0	0	0	0	0	0	0	0	0	0	0	0	1
170.600	0	0	0	0	0	0	0	0	0	0	0	0	0	0	0	0	0	0	0	0	0	0	0	0
170.800	0	0	0	0	0	0	0	0	0	0	0	0	0	0	0	0	0	0	0	0	0	0	0	0
171.000	0	0	0	0	0	0	0	0	0	0	0	0	0	0	4	0	0	0	0	0	0	0	0	0
171.200	0	0	0	0	0	0	0	0	0	0	0	0	0	0	0	0	0	0	0	0	0	0	0	0
171.400	0	0	0	0	0	0	0	0	0	0	0	0	0	0	0	0	0	0	0	0	0	0	0	1
171.600	0	0	0	0	0	0	0	0	0	0	0	0	0	0	1	0	0	0	0	0	0	0	0	0
171.800	0	0	0	0	0	0	0	0	0	0	0	0	0	0	2	0	0	0	0	0	0	0	0	2
172.000	0	0	0	0	0	0	0	0	0	0	0	0	0	0	2	0	0	0	0	0	0	0	0	2
172.200	0	0	0	0	0	0	0	0	0	0	0	0	0	0	6	0	0	0	0	0	0	0	0	0
172.400	0	0	0	0	0	0	0	0	0	0	0	0	0	0	6	0	0	0	0	0	0	0	0	0
172.600	0	0	0	0	0	0	0	0	0	0	0	0	0	0	1	0	0	0	0	0	0	0	0	1
172.800	0	0	0	0	0	0	0	0	0	0	0	0	0	0	2	0	0	0	0	0	0	0	0	0
173.000	0	0	0	0	8	0	0	0	0	0	0	0	0	0	2	0	0	0	0	0	0	0	0	0
173.200	0	0	0	0	5	0	0	0	0	0	0	0	0	0	3	0	0	0	0	0	0	0	0	0
173.400	0	0	0	0	4	0	0	0	0	0	0	0	0	0	3	0	0	0	0	0	0	0	0	0
173.600	0	0	0	0	7	0	0	0	0	0	0	0	0	0	4	0	0	0	0	0	0	0	0	0
173.800	0	0	0	0	7	0	0	0	0	0	0	0	0	0	4	0	0	0	0	0	0	0	0	0
174.000	0	0	0	0	5	0	0	0	0	0	0	0	0	0	1	0	0	0	0	0	0	0	0	0
174.200	0	0	0	0	4	0	0	0	0	0	0	0	0	0	4	0	0	0	0	0	0	0	0	0
174.400	0	0	0	0	9	0	0	0	0	0	0	0	0	0	4	0	0	0	0	0	0	0	0	0
174.600	0	0	0	0	5	0	0	0	0	0	0	0	0	0	4	0	0	0	0	0	0	0	0	0
174.800	0	0	0	0	11	5	0	0	0	0	0	0	0	0	1	0	0	0	0	0	0	0	0	0
175.000	0	0	0	0	8	4	0	0	0	0	0	0	0	0	0	0	0	0	0	0	0	0	0	0
175.200	0	0	0	0	6	2	0	0	0	0	0	0	0	0	0	0	0	0	0	0	0	0	0	0
175.400	0	0	0	0	4	1	0	0	0	0	0	0	0	0	1	0	0	0	0	0	0	0	0	0
175.600	0	0	0	0	4	1	0	0	0	0	0	0	0	0	0	0	0	0	0	0	0	0	0	0
175.800	0	0	0	0	1	5	0	0	0	0	0	0	0	0	0	0	0	0	0	0	0	0	0	0
176.000	0	0	0	0	4	4	0	0	0	0	0	0	0	0	0	0	0	0	0	0	0	0	0	0
176.200	0	0	0	0	2	2	0	0	0	0	0	0	0	0	0	0	0	0	0	0	0	0	0	0
176.400	0	0	0	0	3	2	0	0	0	0	0	0	0	0	0	0	0	0	0	0	0	0	0	0
176.600	0	0	0	0	3	1	0	0	0	0	0	0	0	0	0	0	0	0	0	0	0	0	0	0
176.800	0	0	0	0	5	5	0	0	0	0	0	0	0	0	0	0	0	0	0	0	0	0	0	0
177.000	0	0	0	0	6	5	0	0	0	0	1	0	0	0	0	0	0	0	0	0	0	0	0	0
177.200	0	0	0	0	9	4	0	0	0	0	0	0	0	0	0	0	0	0	0	0	0	0	0	0
177.400	0	0	0	0	8	4	0	0	0	0	0	0	0	0	0	0	0	0	0	0	0	0	0	0
177.600	0	0	0	0	7	4	0	0	0	0	0	0	0	0	0	0	0	0	0	0	0	0	0	0
177.800	0	0	0	0	4	5	0	0	0	0	0	0	0	0	0	0	0	0	0	0	0	0	0	0
178.000	0	0	0	0	9	5	0	0	0	0	0	0	0	0	0	0	0	0	0	0	0	0	0	0
178.200	0	0	0	0	8	2	0	0	0	0	0	0	0	0	0	0	0	0	0	0	0	0	0	0
178.400	0	0	0	0	7	2	0	0	0	0	0	0	0	0	0	0	0	0	0	0	0	0	0	0
178.600	0	0	0	0	10	3	0	0	0	0	0	0	0	0	0	0	0	0	0	0	0	0	0	0
178.800	0	0	0	0	6	5	0	0	0	0	0	0	0	0	0	0	0	0	0	0	0	0	0	0
179.000	0	0	0	0	0	6	0	0	0	0	1	0	0	0	0	0	0	0	0	0	0	0	0	0
179.200	0	0	0	0	8	8	0	0	0	0	7	0	0	0	0	0	0	0	0	0	0	0	0	0
179.400	0	0	0	0	5	5	0	0	0	0	1	0	0	0	0	0	0	0	0	0	0	0	0	0
179.600	0	0	0	0	5	5	0	0	0	0	1	0	0	0	0	0	0	0	0	0	0	0	0	0
179.800	0	0	0	0	5	5	0	0	0	0	1	0	0	0	0	0	0	0	1	0	0	0	0	0
180.000	0	0	0	0	9	6	0	0	0	0	0	0	0	0	0	0	0	0	1	0	0	0	0	0
180.200	0	0	0	0	4	5	0	0	0	0	1	0	0	0	0	0	0	0	0	0	0	0	0	0
180.400	0	0	0	0	5	5	0	0	0	0	5	0	0	0	0	0	0	0	0	0	0	0	0	0
180.600	0	0	0	0	5	2	0	0	0	0	5	0	0	0	0	0	0	0	0	0	0	0	0	0
180.800	0	0	0	0	5	2	0	0	0	0	2	0	0	0	0	0	0	0	0	0	0	0	0	0
181.000	0	0	0	0	5	1	0	0	0	0	4	0	0	0	0	0	0	0	0	0	0	0	0	0
181.200	0	0	0	0	8	2	0	0	0	0	4	0	0	0	0	0	0	0	0	0	0	0	0	0
181.400	0	0	0	0	7	2	0	0	0	0	1	0	0	0	0	0	0	0	0	0	0	0	0	0
181.600	0	0	0	0	6	2	0	0	0	0	5	0	0	0	0	0	0	0	0	0	0	0	0	0
181.800	0	0	0	0	6	1	0	0	0	0	5	0	0	0	0	0	0	0	0	0	0	0	0	0
182.000	0	0	0	0	6	2	0	0	0	0	2	0	0	0	0	0	0	0	0	0	0	0	0	0
182.200	0	0	0	0	7	1	0	0	0	0	2	0	0	0	0	0	0	0	0	0	0	0	0	0
182.400	0	0	0	0	6	5	0	0	0	0	1	0	0	0	0	0	0	0	0	0	0	0	0	0
182.600	0	0	0	0	6	1	0	0	0	0	3	0	0	0	0	0	0	0	0	0	0	0	0	0
182.800	0	0	0	0	7	1	0	0	0	0	2	0	0	0	0	0	0	0	0	0	0	0	0	0
183.000	0	0	0	0	7	2	0	0	0	0	2	0	0	0	0	0	0	0	0	0	0	0	0	0
183.200	0	0	0	0	7	2	0	0	0	0	3	0	0	0	0	0	0	0	0	0	0	0	0	0
183.400	0	0	0	0	4	0	0	0	0	0	1	0	0	0	0	0	0	0	0	0	0	0	0	0
183.600	0	0	0	0	5	0	0	0	0	0	2	0	0	0	0	0	0	0	0	0	0	0	0	0
183.800	0	0	0	0	4	2	0	0	0	0	1	0	0	0	0	0	0	0	0	0	0	0	0	0
184.000	0	0	0	0	3	1	0	0	0	0	1	0	0	0	0	0	0	0	0	0	0	0	0	0
184.200	0	0	0	0	5	2	0	0	0	0	3	0	0	0	0	0	0	0	0	0	0	0	0	0
184.400	0	0	0	0	5	5	0	0	0	0	2	0	0	0	0	0	0	0	0	0	0	0	0	0
184.600	0	0	0	0	5	3	0	0	0	0	2	0	0	0	0	0	0	0	0	0	0	0	0	0
184.800	0	0	0	0	5	5	0	0	0	0	3	0	0	0	0	0	0	0	0	0	0	0	0	0
185.000	0	0	0	0	5	3	0	0	0	0	3	0	0	0	0	0	0	0	0	0	0	0	0	0
185.200	0	0	0	0	4	3	0	0	0	0	3	0	0	0	0	0	0	0	0	0	0	0	0	0
185.400	0	0	0	0	5	5	0	0	0	0	3	0	0	0	0	0	0	0	0	0	0	0	0	0
185.600	0	0	0	0	5	3	0	0	0	0	1	0	0	0	0	0	0	0	0	0	0	0	0	0
185.800	0	0	0	0	8	5	0	0	0	0	1	0	0	0	0	0	0	0	0	0	0	0	0	0
186.000	0	0	0	0	6	5	0	0	0	0	4	0	0	0	0	0	0	0	0	0	0	0	0	0
186.200	0	0	0	0	4	3	0	0	0	0	4	0	0	0	0	0	0	0	0	0	0	0	0	0
186.400	0	0	0	0	7	2	0	0	0	0	4	0	0	0	0	0	0	0	0	0	0	0	0	0
186.600	0	0	0	0	5	6	0	0	0	0	3	0	0	0	0	0	0	0	0	0	0	0	0	0
186.800	0	0	0	0	6	0	0	0	0	0	2	0	0	0	0	0	0	0	0	0	0	0	0	0
187.000	0	0	0	0	7	4	0	0	0	0	3	0	0	0	0	0	0	0	0	0	0	0	0	0
187.200	0	0	0	0	8	4	0	0	0	0	4	0	0	0	0	0	0	0	0	0	0	0	0	0
187.400	0	0	0	0	8	3	0	0	0	0	2	0	0	0	0	0	0	0	0	0	0	0	0	0
187.600	0	0	0	0	5	3	0	0	0	0	3	0	0	0	0	0	0	0	0	0	0	0	0	0
187.800	0	0	0	0	7	3	0	0	0	0	3	0	0	0	0	0	0	0	0	0	0	0	0	0
188.000	0	0	0	0	5	2	0	0	0	0	3	0	0	0	0	0	0	0	0	0	0	0	0	0
188.200	0	0	0	0	9	2	0	0	0	0	4	0	0	0	0	0	0	0	0	0	0	0	0	0
188.400	0	0	0	0	9	2	0	0	0	0	3	0	0	0	0	0	0	0	0	0	0	0	0	0
188.600	0	0	0	0	7	3	0	0	0	0	4	0	0	0	0	0	0	0	0	0	0	0	0	0
188.800	0	0	0	0	9	0	0	0	0	0	2	0	0	0	0	0	0	0	0	0	0	0	0	0
189.000	0	0	0	0	6	1	0	0	0	0	4	0	0	0	0	0	0	0	0	0	0	0	0	0
189.200	0	0	0	0	9	3	0	0	0	0	4	0	0	0	0	0	0	0	0	0	0	0	0	0
189.400	0	0	0	0	8	4	0	0	0	0	4	0	0	0	0	0	0	0	0	0	0	0	0	0
189.600	0	0	0	0	8	4	0	0	0	0	3	0	0	0	0	0	0	0	0	0	0	0	0	0
189.800	0	0	0	0	9	4	0	0	0	0	4	0	0	0	0	0	0	0	0	0	0	0	0	0
190.000	0	0	0	0	5	3	0	0	0	0	1	0	0	0	0	0	0	0	0	0	0	0	0	0
190.200	0	0	0	0	6	3	0	0	0	0	0	0	0	0	0	0	0	0	0	0	0	0	0	0
190.400	0	0	0	0	5	3	0	0	0	0	0	0	0	0	0	0	0	0	0	0	0	0	0	0
190.600	0	0	0	0	5	0	0	0	0	0	0	0	0	0	0	0	0	0	0	0	0	0	0	0
190.800	0	0	0	0	5	5	0	0	0	0	0	0	0	0	0	0	0	0	0	0	0	0	0	0
191.000	0	0	0	0	5	3	0	0	0	0	0	0	0	0	0	0	0	0	0	0	0	0	0	0
191.200	0	0	0	0	4	2	0	0	0	0	0	0	0	0	0	0	0	0	0	0	0	0	0	0
191.400	0	0	0	0	4	4	0	0	0	0	0	0	0	0	0	0	0	0	0	0	0	0	0	0
191.600	0	0	0	0	5	0	0	0	0	0	0	0	0	0	0	0	0	0	0	0	0	0	0	0
191.800	0	0	0	0	5	3	0	0	0	0	1	0	0	0	0	0	0	0	0	0	0	0	0	0
192.000	0	0	0	0	6	1	0	0	0	0	2	0	0	0	0	0	0	0	0	0	0	0	0	0
192.200	0	0	0	0	8	2	0	0	0	0	3	0	0	0	0	0	0	0	0	0	0	0	0	0
192.400	0	0	0	0	7	2	0	0	0	0	3	0	0	0	0	0	0	0	0	0	0	0	0	0
192.600	0	0	0	0	8	1	0	0	0	0	4	0	0	0	0	0	0	0	0	0	0	0	0	0
192.800	0	0	0	0	11	2	0	0	0	0	4	0	0	0	0	0	0	0	0	0	0	0	0	0
193.000	0	0	0	0	9	3	0	0	0	0	4	0	0	0	0	0	0	0	0	0	0	0	0	0
193.200	0	0	0	0	9	3	0	0	0	0	4	0	0	0	0	0	0	0	0	0	0	0	0	0
193.400	0	0	0	0	4	5	0	0	0	0	4	0	0	0	0	0	0	0	0	0	0	0	0	0
193.600	0	0	0	0	9	3	0	0	0	0	2	0	0	0	0	0	0	0	0	0	0	0	0	0
193.800	0	0	0	0	8	4	0	0	0	0	3	0	0	0	0	0	0	0	0	0	0	0	0	0
194.000	0	0	0	0	7	3	0	0	0	0	4	0	0	0	0	0	0	0	0	0	0	0	0	0
194.200	0	0	0	0	6	1	0	0	0	0	3	0	0	0	0	0	0	0	0	0	0	0	0	0
194.400	0	0	0	0	6	3	0	0	0	0	5	0	0	0	0	0	0	0	0	0	0	0	0	0
194.600	0	0	0	0	3	5	0	0	0	0	1	0	0	0	2	0	0	0	0	0	0	0	0	0
194.800	0	0	0	0	5	4	0	0	0	0	5	0	0	0	0	0	0	0	0	0	0	0	0	0
195.000	0	0	0	0	7	3	0	0	0	0	3	0	0	0	0	0	0	0	0	0	0	0	0	0
195.200	0	0	0	0	4	3	0	0	0	0	5	0	0	0	0	0	0	0	0	0	0	0	0	0
195.400	0	0	0	0	5	3	0	0	0	0	4	0	0	0	0	0	0	0	0	0	0	0	0	0
195.600	0	0	0	0	6	1	0	0	0	0	3	0	0	0	0	0	0	0	0	0	0	0	0	0
195.800	0	0	0	0	7	5	0	0	0	0	4	0	0	0	0	0	0	0	0	0	0	0	0	0
196.000	0	0	0	0	9	3	0	0	0	0	4	0	0	0	0	0	0	0	0	0	0	0	0	0
196.200	0	0	0	0	4	3	0	0	0	0	2	0	0	0	0	0	0	0	0	0	0	0	0	0
196.400	0	0	0	0	3	4	0	0	0	0	3	0	0	0	0	0	0	0	0	0	0	0	0	0
196.600	0	0	0	0	10	3	0	0	0	0	4	0	0	0	0	0	0	0	0	0	0	0	0	0
196.800	0	0	0	0	3	3	0	0	0	0	0	0	0	0	0	0	0	0	0	0	0	0	0	0
197.000	0	0	0	0	4	3	0	0	0	0	1	0	0	0	0	0	0	0	0	0	0	0	0	0
197.200	0	0	0	0	0	3	0	0	0	0	0	0	0	0	0	0	0	0	0	0	0	0	0	0
197.400	0	0	0	0	1	3	0	0	0	0	0	0	0	0	0	0	0	0	0	0	0	0	0	0
197.600	0	0	0	0	0	5	0	0	0	0	0	0	0	0	0	0	0	0	0	0	0	0	0	0
197.800	0	0	0	0	3	5	0	0	0	0	0	0	0	0	0	0	0	0	0	0	0	0	0	0
198.000	0	0	0	0	1	6	0	0	0	0	0	0	0	0	0	0	0	0	0	0	0	0	0	0
198.200	0	0	0	0	2	5	0	0	0	0	0	0	0	0	0	0	0	0	0	0	0	0	0	0
198.400	0	0	0	0	1	5	0	0	0	0	0	0	0	0	0	0	0	0	0	0	0	0	0	0
198.600	0	0	0	0	0	5	0	0	0	0	0	0	0	0	0	0	0	0	0	0	0	0	0	0
198.800	0	0	0	0	2	5	0	0	0	0	0	0	0	0	0	0	0	0	0	0	0	0	0	0
199.000	0	0	0	0	0	3	0	0	0	0	0	0	0	0	0	0	0	0	0	0	0	0	0	0
199.200	0	0	0	0	0	1	0	0	0	0	0	0	0	0	0	0	0	0	0	0	0	0	0	0
199.400	0	0	0	0	2	3	0	0	0	0	0	0	0	0	0	0	0	0	0	0	0	0	0	0
199.600	0	0	0	0	1	2	0	0	0	0	0	0	0	0	0	0	0	0	0	0	0	0	0	0
199.800	0	0	0	0	2	5	0	0	0	0	0	0	0	0	0	0	0	0	0	0	0	0	0	0
200.000	0	0	0	0	2	5	0	0	0	0	0	0	0	0	0	0	0	0	0	0	0	0	0	0
200.200	0	0	0	0	2	9	0	0	0	0	0	0	0	0	0	0	0	0	0	0	0	0	0	0
200.400	0	0	0	0	3	6	0	0	0	0	0	0	0	0	0	0	0	0	0	0	0	0	0	0
200.600	0	0	0	0	5	8	0	0	0	0	0	0	0	0	0	0	0	0	0	0	0	0	0	0
200.800	0	0	0	0	5	4	0	0	0	0	0	0	0	0	0	0	0	0	0	0	0	0	0	0
201.000	0	0	0	0	2	5	0	0	0	5	0	0	0	0	0	0	0	0	0	0	0	0	0	0
201.200	0	0	0	0	0	5	0	0	0	2	0	0	0	0	0	0	0	0	0	0	0	0	0	0
201.400	0	0	0	0	2	6	0	0	0	4	0	0	0	0	0	0	0	0	0	0	0	0	0	0
201.600	0	0	0	0	5	6	0	0	0	6	0	0	0	0	0	0	0	0	0	0	0	0	0	0
201.800	0	0	0	0	2	5	0	0	0	1	0	0	0	0	0	0	0	0	0	0	0	0	0	0
202.000	0	0	0	0	0	2	0	0	0	6	0	0	0	0	0	0	0	0	0	0	0	0	0	0
202.200	0	0	0	0	4	2	0	0	0	3	0	0	0	0	0	0	0	0	0	0	0	0	0	0
202.400	0	0	0	0	2	0	0	0	0	2	0	0	0	0	0	0	0	0	0	0	0	0	0	0
202.600	0	0	0	0	4	2	0	0	0	7	0	0	0	0	0	0	0	0	0	0	0	0	0	0
202.800	0	0	0	0	4	2	0	0	0	5	0	0	0	0	0	0	0	0	0	0	0	0	0	0
203.000	0	0	0	0	3	1	0	0	0	0	0	0	0	0	0	0	0	0	0	0	0	0	0	0
203.200	0	0	0	0	5	1	0	0	0	4	0	0	0	0	0	0	0	0	0	0	0	0	0	0
203.400	0	0	0	0	1	1	0	0	0	3	0	0	0	0	1	0	0	0	0	0	0	0	0	0
203.600	0	0	0	0	2	2	0	0	0	3	0	0	0	0	1	0	0	0	0	0	0	0	0	0
203.800	0	0	0	0	1	0	0	0	0	3	0	0	0	0	1	0	0	0	0	0	0	0	0	0
204.000	0	0	0	0	2	1	0	0	0	1	0	0	0	0	0	0	0	0	0	0	0	0	0	1
204.200	0	0	0	0	2	1	0	0	0	0	0	0	0	0	1	0	0	0	0	0	0	0	0	0
204.400	0	0	0	0	2	1	0	0	0	2	0	0	0	0	1	0	0	0	0	0	0	0	0	0
204.600	0	0	0	0	4	1	0	0	0	1	0	0	0	0	10	0	0	0	0	0	0	0	0	4
204.800	0	0	0	0	2	2	0	0	0	0	0	0	0	0	6	0	0	0	0	0	0	0	0	5
205.000	0	0	0	0	2	2	0	0	0	1	0	0	0	0	6	0	0	0	0	0	0	0	0	3
205.200	0	0	0	0	3	2	0	0	0	1	0	0	0	0	3	0	0	0	0	0	0	0	0	5
205.400	0	0	0	0	5	1	0	0	0	2	0	0	0	0	6	0	0	0	0	0	0	0	0	3
205.600	0	0	0	0	1	2	0	0	0	4	0	0	0	0	6	0	0	0	0	0	0	0	0	3
205.800	0	0	0	0	2	1	0	0	0	1	0	0	0	0	6	0	0	0	0	0	0	0	0	5
206.000	0	0	0	0	1	1	0	0	0	1	0	0	0	0	5	0	0	0	0	0	0	0	0	1
206.200	0	0	0	0	0	2	0	0	0	4	0	0	0	0	10	0	0	0	0	0	0	0	0	1
206.400	0	0	0	0	1	1	0	0	0	0	0	0	0	0	6	0	0	0	0	0	0	0	0	7
206.600	0	0	0	0	0	0	0	0	0	3	0	0	0	0	4	0	0	0	0	0	0	0	0	7
206.800	0	0	0	0	0	0	0	0	0	1	0	0	0	0	5	0	0	0	0	0	0	0	0	6
207.000	0	0	0	0	0	0	0	0	0	1	0	0	0	0	1	0	0	0	0	0	0	0	0	7
207.200	0	0	0	0	2	0	0	0	0	4	0	0	0	0	1	0	0	0	0	0	0	0	0	7
207.400	0	0	0	0	1	0	0	0	0	4	0	0	0	0	0	0	0	0	0	0	0	0	0	9
207.600	0	0	0	0	2	1	0	0	0	4	0	0	0	0	0	0	0	0	0	0	0	0	0	6
207.800	0	0	0	0	5	0	0	0	0	7	0	0	0	0	0	0	0	0	0	0	0	0	0	4
208.000	0	0	0	0	2	0	0	0	0	4	0	0	0	0	0	0	0	0	0	0	0	0	0	1
208.200	0	0	0	0	1	0	0	0	0	2	0	0	0	0	0	0	0	0	0	0	0	0	0	1
208.400	0	0	1	0	3	0	0	0	0	0	0	0	0	0	0	0	0	0	0	0	0	0	0	2
208.600	0	0	0	0	1	0	0	0	0	3	0	0	0	0	0	0	0	0	0	0	0	0	0	3
208.800	0	0	0	0	4	0	0	0	0	3	0	0	0	0	0	0	0	0	0	0	0	0	0	2
209.000	0	0	0	0	0	0	0	0	0	7	0	0	0	0	0	0	0	0	0	0	0	0	0	3
209.200	0	0	0	0	1	0	0	0	0	4	0	0	0	0	1	0	0	0	0	0	0	0	0	0
209.400	0	0	0	0	1	0	0	0	0	2	0	0	0	0	1	0	0	0	0	0	0	0	0	0
209.600	0	0	0	0	4	2	0	0	0	0	0	0	0	0	5	0	0	0	0	0	0	0	0	3
209.800	0	0	0	0	7	2	0	0	0	0	0	0	0	0	6	0	0	0	0	0	0	0	0	4
210.000	0	0	0	0	2	5	0	0	0	0	0	0	0	0	1	0	0	0	0	0	0	0	0	1
210.200	0	0	0	0	2	1	0	0	0	0	0	0	0	0	3	0	0	0	0	0	0	0	0	5
210.400	0	0	0	0	1	2	0	0	0	0	0	0	0	0	2	0	0	0	0	0	0	0	0	12
210.600	0	0	0	0	0	2	0	0	0	1	0	0	0	0	3	0	0	0	0	0	0	0	0	7
210.800	0	0	0	0	4	3	0	0	0	1	0	0	0	0	2	0	0	0	0	0	0	0	0	3
211.000	0	0	0	0	2	2	0	0	0	0	0	0	0	0	4	0	0	0	0	0	0	0	0	2
211.200	0	0	0	0	2	6	0	0	0	1	0	0	0	0	3	0	0	0	0	0	0	0	0	5
211.400	0	0	0	0	0	2	0	0	0	2	0	0	0	0	3	0	0	0	0	0	0	0	0	6
211.600	0	0	0	0	3	6	0	0	0	0	0	0	0	0	4	0	0	0	0	0	0	0	0	4
211.800	0	0	0	0	2	7	0	0	0	4	0	0	0	0	0	0	0	0	0	0	0	0	0	6
212.000	0	0	0	0	2	5	0	0	0	2	0	0	0	0	4	0	0	0	0	0	0	0	0	4
212.200	0	0	0	0	3	9	0	0	0	2	0	0	0	0	1	0	0	0	0	0	0	0	0	7
212.400	0	0	0	0	0	3	0	0	0	0	0	0	0	0	4	0	0	0	0	0	0	0	0	8
212.600	0	0	0	0	4	10	0	0	0	0	0	0	0	0	5	0	0	0	0	0	0	0	0	12
212.800	0	0	0	0	2	3	0	0	0	0	0	0	0	0	3	0	0	0	0	0	0	0	0	5
213.000	0	0	0	0	0	2	0	0	0	0	0	0	0	0	7	0	0	0	0	0	0	0	0	7
213.200	0	0	0	0	0	7	0	0	0	0	0	0	0	0	3	0	0	0	0	0	0	0	0	4
213.400	0	0	0	0	3	14	0	0	0	0	0	0	0	0	2	0	0	0	0	0	0	0	0	6
213.600	0	0	0	0	1	5	0	0	0	0	0	0	0	0	4	0	0	0	0	0	0	0	0	9
213.800	0	0	0	0	5	2	0	0	0	0	0	0	0	0	8	0	0	0	0	0	0	0	0	10
214.000	0	0	0	0	1	4	0	0	0	0	0	0	0	0	4	0	0	0	0	0	0	0	0	6
214.200	0	0	0	0	5	4	0	0	0	0	0	0	0	0	9	0	0	0	0	0	0	0	0	9
214.400	0	0	0	0	2	3	0	0	0	0	0	0	0	0	7	0	0	0	0	0	0	0	0	13
214.600	0	0	0	0	1	4	0	0	0	0	0	0	0	0	7	0	0	0	0	0	0	0	0	6
214.800	0	0	0	0	1	7	0	0	0	0	0	0	0	0	4	0	0	0	0	0	0	0	0	5
215.000	0	0	0	0	2	7	0	0	0	0	0	0	0	0	4	0	0	0	0	0	0	0	0	8
215.200	0	0	0	0	4	7	0	0	0	0	0	0	0	0	3	0	0	0	0	0	0	0	0	6
215.400	0	0	0	0	2	9	0	0	0	0	0	0	0	0	6	0	0	0	0	0	0	0	0	5
215.600	0	0	0	0	5	7	0	0	0	0	0	0	0	0	5	0	0	0	0	0	0	0	0	4
215.800	0	0	0	0	1	7	0	0	0	0	0	0	0	0	5	0	0	0	0	0	0	0	0	6
216.000	0	0	0	0	3	15	0	0	0	0	0	0	0	0	8	0	0	0	0	0	0	0	0	2
216.200	0	0	0	0	7	8	0	0	0	0	0	0	0	0	4	0	0	0	0	0	0	0	0	8
216.400	0	0	0	0	5	6	0	0	0	0	0	0	0	0	9	0	0	0	0	0	0	0	0	5
216.600	0	0	0	0	5	4	0	0	0	0	0	0	0	0	3	0	0	0	0	0	0	0	0	11
216.800	0	0	0	0	1	9	0	0	0	0	0	0	0	0	5	0	0	0	0	0	0	0	1	2
217.000	0	0	0	0	4	4	0	0	0	0	0	0	0	0	4	0	0	0	0	0	0	0	0	4
217.200	0	0	0	0	4	1	0	0	0	0	0	0	0	0	8	0	0	0	0	0	0	0	0	8
217.400	0	0	0	0	5	4	0	0	0	0	0	0	0	0	8	0	0	0	0	0	0	0	0	13
217.600	0	0	0	0	4	6	0	0	0	0	0	0	0	0	10	0	0	0	0	0	0	0	0	10
217.800	0	0	0	0	1	3	0	0	0	0	0	0	0	0	10	0	0	0	0	0	0	0	0	2
218.000	0	0	0	0	0	0	0	0	0	0	0	0	0	0	11	0	0	0	0	0	0	0	0	2
218.200	0	0	0	0	2	2	0	0	0	0	0	0	0	0	10	0	0	0	0	0	0	0	0	2
218.400	0	0	0	0	0	1	0	0	0	0	0	0	0	0	12	0	0	0	0	0	0	0	0	0
218.600	0	0	0	0	4	3	0	0	0	0	0	0	0	0	13	0	0	0	0	0	0	0	0	0
218.800	0	0	0	0	0	12	0	0	0	0	0	0	0	0	12	0	0	0	0	0	0	0	0	1
219.000	0	0	0	0	1	9	0	0	0	0	0	0	0	0	15	0	0	0	0	0	0	0	0	4
219.200	0	0	0	0	0	1	0	0	0	0	0	0	0	0	15	0	0	0	0	0	0	0	0	7
219.400	0	0	0	0	0	2	0	0	0	0	0	0	0	0	11	0	0	0	0	0	0	0	0	6
219.600	0	0	0	0	0	4	0	0	0	0	0	0	0	0	8	0	0	0	0	0	0	0	0	7
219.800	0	0	0	0	2	5	0	0	0	0	0	0	0	0	7	0	0	0	0	0	0	0	0	7
220.000	0	0	0	0	2	5	0	0	0	0	0	0	0	0	4	0	0	0	0	0	0	0	0	2
220.200	0	0	0	0	3	8	0	0	0	0	0	0	0	0	3	0	0	0	0	0	0	0	0	8
220.400	0	0	0	0	4	6	0	0	0	0	0	0	0	0	4	0	0	0	0	0	0	0	0	5
220.600	0	0	0	0	3	6	0	0	0	0	0	0	0	0	5	0	0	0	0	0	0	0	0	6
220.800	0	0	0	0	3	4	0	0	0	0	0	0	0	0	5	0	0	0	0	0	0	0	0	7
221.000	0	0	0	0	2	2	0	0	0	0	0	0	0	0	3	0	0	0	0	0	0	0	0	7
221.200	0	0	0	0	0	4	0	0	0	0	0	0	0	0	3	0	0	0	0	0	0	0	0	7
221.400	0	0	0	0	0	5	0	0	0	0	0	0	0	0	4	0	0	0	0	0	0	0	0	4
221.600	0	0	0	0	0	5	0	0	0	0	0	0	0	0	3	1	0	0	0	0	0	0	0	7
221.800	0	0	0	0	0	4	0	0	0	0	0	0	0	0	4	1	0	0	0	0	0	0	0	8
222.000	0	0	0	0	0	4	0	0	0	0	0	0	0	0	2	2	0	0	0	0	0	0	0	7
222.200	0	0	0	0	0	5	0	0	0	0	0	0	0	0	2	2	0	0	0	0	0	0	0	6
222.400	0	0	0	0	1	6	0	0	0	0	0	0	0	0	2	2	0	0	0	0	0	0	0	7
222.600	0	0	0	0	0	6	0	0	0	0	0	0	0	0	5	2	0	0	0	0	0	0	0	8
222.800	0	0	0	0	0	3	0	0	0	0	0	0	0	0	2	2	0	0	0	0	0	0	0	12
223.000	0	0	0	0	1	2	0	0	0	0	0	0	0	0	0	5	0	0	0	0	0	0	0	7
223.200	0	0	0	0	0	5	0	0	0	0	0	0	0	0	2	4	0	0	0	0	0	0	0	9
223.400	0	0	0	0	2	4	0	0	0	0	0	0	0	0	2	5	0	0	0	0	0	0	0	3
223.600	0	0	0	0	1	5	0	0	0	0	0	0	0	0	2	5	0	0	0	0	0	0	0	1
223.800	0	0	0	0	0	2	0	0	0	0	0	0	0	0	2	4	0	0	0	0	0	0	0	4
224.000	0	0	0	0	0	2	0	0	0	0	0	0	0	0	2	3	0	0	0	0	0	0	0	8
224.200	0	0	0	0	2	3	0	0	0	0	0	0	0	0	2	2	0	0	0	0	0	0	0	3
224.400	0	0	0	0	1	5	0	0	0	0	0	0	0	0	1	4	0	0	0	0	0	0	0	1
224.600	0	0	0	0	0	7	0	0	0	0	0	0	0	0	2	4	0	0	0	0	0	0	0	3
224.800	0	0	0	0	1	5	0	0	0	0	0	0	0	0	1	7	0	0	0	0	0	0	0	7
225.000	0	0	0	0	1	7	0	0	0	0	0	0	0	0	1	7	0	0	0	0	0	0	0	2
225.200	0	0	0	0	0	3	0	0	0	0	0	0	0	0	2	13	0	0	0	0	0	0	0	2
225.400	0	0	0	0	0	1	0	0	0	0	0	0	0	0	1	15	0	0	0	0	0	0	0	4
225.600	0	0	0	0	2	6	0	0	0	0	0	0	0	0	0	4	0	0	0	0	0	0	0	1
225.800	0	0	0	0	2	7	0	0	0	0	0	0	0	0	1	14	0	0	0	0	0	0	0	1
226.000	0	0	0	0	2	0	0	0	0	0	0	0	0	0	1	18	0	0	0	0	0	0	0	4
226.200	0	0	0	0	1	16	0	0	0	0	0	0	0	0	1	10	0	0	0	0	0	0	0	3
226.400	0	0	0	0	7	10	0	0	0	0	0	0	0	0	1	6	0	0	0	0	0	0	0	2
226.600	0	0	0	0	1	8	0	0	0	0	0	0	0	0	1	10	0	0	0	0	0	0	0	2
226.800	0	0	0	0	1	8	0	0	0	0	0	0	0	0	0	5	0	0	0	0	0	0	0	2
227.000	0	0	0	0	3	3	0	0	0	0	0	0	0	0	0	8	0	0	0	0	0	0	0	3
227.200	0	0	0	0	0	11	0	0	0	0	1	0	0	0	1	5	0	0	0	0	0	0	0	9
227.400	0	0	0	0	1	9	0	0	0	0	1	0	0	0	1	7	0	0	0	0	0	0	0	9
227.600	0	0	0	0	2	4	0	0	0	0	0	0	0	0	1	5	0	0	0	0	0	0	0	6
227.800	0	0	0	0	2	2	0	0	0	0	0	0	0	0	3	5	0	0	0	0	0	0	0	9
228.000	0	0	0	0	1	9	0	0	0	0	0	0	0	0	0	6	0	0	0	0	0	0	0	10
228.200	0	0	0	0	1	4	0	0	0	0	0	0	0	0	0	10	0	0	0	0	0	0	0	6
228.400	0	0	0	0	1	3	0	0	0	0	0	0	0	0	0	10	0	0	0	0	0	0	0	6
228.600	0	0	0	0	0	0	0	0	0	0	0	0	0	0	0	11	0	0	0	0	0	0	0	9
228.800	0	0	0	0	1	4	0	0	0	0	0	0	0	0	0	12	0	0	0	0	0	0	0	8
229.000	0	0	0	0	1	5	0	0	0	0	0	0	0	0	2	10	0	0	0	0	0	0	0	8
229.200	0	0	0	0	3	7	0	0	0	0	0	0	0	0	0	9	0	0	0	0	0	0	0	7
229.400	0	0	0	0	1	8	0	0	0	0	0	0	0	0	0	7	0	0	0	0	0	0	0	8
229.600	0	0	0	0	0	2	0	0	0	0	0	0	0	0	1	11	0	0	0	0	0	0	0	6
229.800	0	0	0	0	0	9	0	0	0	0	0	0	0	0	0	6	0	0	0	0	0	0	0	7
230.000	0	0	0	0	1	8	0	0	0	0	0	0	0	0	1	4	0	0	0	0	0	0	0	5
230.200	0	0	0	0	3	7	0	0	0	0	0	0	0	0	0	6	0	0	0	0	0	0	0	6
230.400	0	0	0	0	2	4	0	0	0	0	0	0	0	0	0	4	0	0	0	0	0	0	0	7
230.600	0	0	0	0	2	4	0	0	0	0	0	0	0	0	0	5	0	0	0	0	0	0	0	6
230.800	0	0	0	0	1	3	0	0	0	0	1	0	0	0	0	3	0	0	0	0	0	0	0	11
231.000	0	0	0	0	3	1	0	0	0	0	0	0	0	0	0	5	0	0	0	0	0	0	0	7
231.200	0	0	0	0	2	2	0	0	0	0	0	0	0	0	0	3	0	0	0	0	0	0	0	7
231.400	0	0	0	0	3	3	0	0	0	0	0	0	0	0	0	5	0	0	0	0	0	0	0	6
231.600	0	0	0	0	1	3	0	0	0	0	0	0	0	0	0	7	0	0	0	0	0	0	0	5
231.800	0	0	0	0	3	4	0	0	0	0	0	0	0	0	0	10	0	0	0	0	0	0	0	8
232.000	0	0	0	0	0	7	0	0	0	0	0	0	0	0	0	11	0	0	0	0	0	0	0	8
232.200	0	0	0	0	2	7	0	0	0	0	0	0	0	0	0	6	0	0	0	0	0	0	0	4
232.400	0	0	0	0	2	14	0	0	0	0	0	0	0	0	0	7	0	0	0	0	0	0	0	5
232.600	0	0	0	0	1	10	0	0	0	0	0	0	0	0	0	2	0	0	0	0	0	0	0	1
232.800	0	0	0	0	2	10	0	0	0	0	0	0	0	0	0	9	0	0	0	0	0	0	0	5
233.000	0	0	0	0	2	8	0	0	0	0	0	0	0	0	0	6	0	0	0	0	0	0	0	5
233.200	0	0	0	0	3	4	0	0	0	0	0	0	0	0	0	2	0	0	0	0	0	0	0	8
233.400	0	0	0	0	0	3	0	0	0	0	0	0	0	0	0	5	0	0	0	0	0	0	0	8
233.600	0	0	0	0	2	1	0	0	0	0	0	0	0	0	0	5	0	0	0	0	0	0	0	7
233.800	0	0	0	0	3	11	0	0	0	0	0	0	0	0	0	16	0	0	0	0	0	0	0	9
234.000	0	0	0	0	3	9	0	0	0	0	0	0	0	0	0	10	0	0	0	0	0	0	0	6
234.200	0	0	0	0	0	12	0	0	0	0	0	0	0	0	0	11	0	0	0	0	0	0	0	6
234.400	0	0	0	0	0	15	0	0	0	0	0	0	0	0	0	11	0	0	0	0	0	0	0	4
234.600	0	0	0	0	1	8	0	0	0	0	0	0	0	0	0	11	0	0	0	0	0	0	0	4
234.800	0	0	0	0	2	11	0	0	0	0	0	0	0	0	0	12	0	0	0	0	0	0	0	4
235.000	0	0	0	0	1	5	0	0	0	0	0	0	0	0	0	14	0	0	0	0	0	0	0	4
235.200	0	0	0	0	0	5	0	0	0	0	0	0	0	0	0	12	0	0	0	0	0	0	0	6
235.400	0	0	0	0	0	1	0	0	0	0	0	0	0	0	0	5	0	0	0	0	0	0	0	10
235.600	0	0	0	0	1	4	0	0	0	0	0	0	0	0	0	2	0	0	0	0	0	0	0	9
235.800	0	0	0	0	4	6	0	0	0	0	0	0	0	0	0	2	0	0	0	0	0	0	0	11
236.000	0	0	0	0	1	4	0	0	0	0	0	0	0	0	0	5	0	0	0	0	0	0	0	9
236.200	0	0	0	0	2	2	0	0	0	0	0	0	0	0	0	6	0	0	0	0	0	0	0	9
236.400	0	0	0	0	2	1	0	0	0	0	0	0	0	0	0	8	0	0	0	0	0	0	0	3
236.600	1	0	0	0	0	2	0	0	0	0	0	0	0	0	0	4	0	0	0	0	0	0	0	6
236.800	2	0	0	0	1	7	0	0	0	0	0	0	0	0	0	7	0	0	0	0	0	0	0	5
237.000	2	0	0	0	1	0	0	0	0	0	0	0	0	0	0	4	0	0	0	0	0	0	0	5
237.200	2	0	0	0	2	6	0	0	0	0	0	0	0	0	0	6	0	0	0	0	0	0	0	2
237.400	3	1	0	0	3	4	0	0	0	0	0	0	0	0	0	6	0	0	0	0	0	0	0	2
237.600	1	0	0	0	0	5	0	0	0	0	0	0	0	0	0	5	0	0	0	0	0	0	0	3
237.800	0	0	0	0	2	0	0	0	0	0	0	0	0	0	0	5	0	0	0	0	0	0	0	1
238.000	0	0	0	0	4	0	0	0	0	0	0	0	0	0	0	1	0	0	0	0	0	0	0	1
238.200	0	0	0	0	4	7	0	0	0	0	0	0	0	0	3	0	0	0	0	0	0	0	0	2
238.400	0	0	0	0	0	10	0	0	0	0	0	0	0	0	0	6	0	0	0	0	0	0	0	8
238.600	0	0	0	0	2	3	0	0	0	0	1	0	0	0	0	5	0	0	0	0	0	0	0	5
238.800	0	0	0	0	2	0	0	0	0	0	0	0	0	0	0	4	0	0	0	0	0	0	0	8
239.000	0	0	0	0	2	2	0	0	0	0	0	0	0	0	0	3	0	0	0	0	0	0	0	8
239.200	0	0	0	0	2	2	0	0	0	0	0	0	0	0	0	5	0	0	0	0	0	0	0	7
239.400	0	0	0	0	2	0	0	0	0	0	0	0	0	0	0	6	0	0	0	0	0	0	0	8
239.600	0	0	0	0	0	0	0	0	0	0	0	0	0	0	0	6	0	0	0	0	0	0	0	5
239.800	0	0	0	0	1	0	0	0	0	0	0	0	0	0	0	4	0	0	0	0	0	0	0	6
240.000	0	0	0	0	3	0	0	0	0	0	0	0	0	0	0	4	0	0	0	0	0	0	0	7
240.200	0	0	0	0	0	0	0	0	0	0	0	0	0	0	0	6	0	0	0	0	0	0	0	8
240.400	0	0	0	0	1	3	0	0	0	0	0	0	0	0	0	4	0	0	0	0	0	0	0	5
240.600	0	0	0	0	1	8	0	0	0	0	0	0	0	0	0	6	0	0	0	0	0	0	0	8
240.800	0	0	0	0	5	14	0	0	0	0	0	0	0	0	0	6	0	0	0	0	0	0	0	7
241.000	0	0	0	0	5	5	0	0	0	0	0	0	0	0	0	1	0	0	0	0	0	0	0	6
241.200	0	0	0	0	4	9	0	0	0	0	0	0	0	0	0	4	0	0	0	0	0	0	0	2
241.400	0	0	0	0	5	9	0	0	0	0	0	0	0	0	0	5	0	0	0	0	0	0	0	4
241.600	0	0	0	0	3	9	0	0	0	0	0	0	0	0	0	4	0	0	0	0	0	0	0	1
241.800	0	0	0	0	2	8	0	0	0	0	0	0	0	0	0	1	0	0	0	0	0	0	0	7
242.000	0	0	0	0	4	9	0	0	0	0	0	0	0	0	0	0	0	0	0	0	0	0	0	5
242.200	0	0	0	0	2	8	0	0	0	0	0	0	0	0	0	1	0	0	0	0	0	0	0	6
242.400	0	0	0	0	2	12	0	0	0	0	0	0	0	0	0	4	0	0	0	0	0	0	0	7
242.600	0	0	0	0	1	9	0	0	0	0	0	0	0	0	0	1	0	0	0	0	0	0	0	7
242.800	0	0	0	1	2	1	0	0	0	0	0	0	0	0	0	1	0	0	0	0	0	0	0	6
243.000	0	0	0	1	1	2	0	0	0	0	0	0	0	0	0	0	0	0	0	0	0	0	0	6
243.200	0	0	0	0	1	2	0	0	0	0	0	0	0	0	0	0	0	0	0	0	0	0	0	4
243.400	0	0	0	0	3	5	0	0	0	0	0	0	0	0	0	1	0	0	0	0	0	0	0	5
243.600	0	0	0	0	1	5	0	0	0	0	0	0	0	0	0	2	0	0	0	0	0	0	0	3
243.800	0	0	0	0	2	4	0	0	0	0	0	0	0	0	0	1	0	0	0	0	0	0	0	7
244.000	0	0	0	2	0	3	0	0	0	0	0	0	0	0	0	0	0	0	0	0	0	0	0	6
244.200	0	0	0	0	1	1	0	0	0	0	0	0	0	0	0	1	0	0	0	0	0	0	0	4
244.400	0	0	0	0	3	6	0	0	0	0	0	0	0	0	0	0	0	0	0	0	0	0	0	3
244.600	0	0	0	1	3	6	0	0	0	0	0	0	0	0	0	0	0	0	0	0	0	0	0	4
244.800	0	0	0	0	2	8	0	0	0	0	0	0	0	0	0	7	0	0	0	0	0	0	0	4
245.000	0	0	0	0	3	1	0	0	0	0	0	0	0	0	0	2	0	0	0	0	0	0	0	9
245.200	0	0	0	0	6	3	0	0	0	0	0	0	0	0	0	0	0	0	0	0	0	0	0	4
245.400	0	0	0	0	9	5	0	0	0	0	0	0	0	0	0	0	0	0	0	0	0	0	0	8
245.600	0	0	0	0	8	7	0	0	0	0	0	0	0	0	0	0	0	0	0	0	0	0	0	9
245.800	0	0	0	0	4	8	0	0	0	0	0	0	0	0	0	0	0	0	0	0	0	0	0	5
246.000	0	0	0	0	4	5	0	0	0	0	0	0	0	0	0	0	0	0	0	0	0	0	0	3
246.200	0	0	0	0	3	10	0	0	0	0	0	0	0	0	0	0	0	0	0	0	0	0	0	4
246.400	0	0	0	0	3	4	0	0	0	0	0	0	0	0	0	0	0	0	0	0	0	0	0	5
246.600	0	0	0	0	2	7	0	0	0	0	0	0	0	0	0	0	0	0	0	0	0	0	0	3
246.800	0	0	0	0	3	6	0	0	0	0	0	0	0	0	0	0	0	0	0	0	0	0	0	3
247.000	0	0	0	0	3	4	0	0	0	0	0	0	0	0	0	0	0	0	0	0	0	0	0	3
247.200	0	0	0	0	4	8	0	0	0	0	0	0	0	0	0	0	0	0	0	0	0	0	0	5
247.400	0	0	0	0	5	2	0	0	0	0	0	0	0	0	0	0	0	0	0	0	0	0	0	7
247.600	0	0	0	0	4	5	0	0	0	0	0	0	0	0	0	0	0	0	0	0	0	0	0	9
247.800	0	0	0	0	2	1	0	0	0	0	0	0	0	0	0	2	0	0	0	0	0	0	0	9
248.000	0	0	0	0	3	0	0	0	0	0	0	0	0	0	0	2	0	0	0	0	0	0	0	3
248.200	0	0	0	0	3	4	0	0	0	0	0	0	0	0	0	3	0	0	0	0	0	0	0	8
248.400	0	0	0	0	2	0	0	0	0	0	0	0	0	0	0	7	0	0	1	0	0	0	0	6
248.600	0	0	0	0	1	0	0	0	0	0	0	0	0	0	0	6	0	0	1	0	0	0	0	8
248.800	0	0	0	0	1	3	0	0	0	0	0	0	0	0	0	8	0	0	0	0	0	0	0	5
249.000	0	0	0	0	0	2	0	0	0	0	0	0	0	0	0	8	0	0	1	0	0	0	0	6
249.200	0	0	0	0	4	6	0	0	0	0	0	0	0	0	0	4	0	0	1	0	0	0	0	8
249.400	0	0	0	0	5	4	0	0	0	0	0	0	0	0	0	5	0	0	0	0	0	0	0	7
249.600	0	0	0	0	1	2	0	0	0	0	0	0	0	0	0	5	0	0	0	0	0	0	0	4
249.800	0	0	0	0	5	5	0	0	0	0	0	0	0	0	0	3	0	0	0	0	0	0	0	4
250.000	0	0	0	0	5	5	0	0	0	0	0	0	0	0	0	3	0	0	0	0	0	0	0	4
250.200	0	0	0	0	4	2	0	0	0	0	0	0	0	0	0	11	0	0	1	0	0	0	0	4
250.400	0	0	0	0	8	5	0	0	0	0	0	0	0	0	0	9	0	0	1	0	0	0	0	5
250.600	0	0	0	0	9	5	0	0	0	0	0	0	0	0	0	9	0	0	1	0	0	0	0	4
250.800	0	0	0	0	10	3	0	0	0	0	0	0	0	0	0	9	0	0	1	0	0	0	0	6
251.000	0	0	0	0	6	4	0	0	0	0	0	0	0	0	0	17	0	0	0	0	0	0	0	3
251.200	0	0	0	0	2	1	0	0	0	0	0	0	0	0	1	11	0	0	0	0	0	0	0	1
251.400	0	0	0	0	7	7	0	0	0	0	0	0	0	0	0	9	0	0	1	0	0	0	0	3
251.600	0	0	0	0	6	3	0	0	0	0	0	0	0	0	1	16	0	0	0	0	0	0	0	5
251.800	0	0	0	0	7	5	0	0	0	0	0	0	0	0	0	17	0	0	0	0	0	0	0	7
252.000	0	0	0	0	5	5	0	0	0	0	0	0	0	0	0	15	0	0	0	0	0	0	0	4
252.200	0	0	0	0	5	9	0	0	0	0	0	0	0	0	0	15	0	0	0	0	0	0	0	6
252.400	0	0	0	0	7	4	0	0	0	0	0	0	0	0	0	14	0	0	0	0	0	0	0	7
252.600	0	0	0	0	5	3	0	0	0	0	0	0	0	0	0	16	0	0	0	0	0	0	0	5
252.800	0	0	0	0	5	8	0	0	0	0	0	0	0	0	0	7	0	0	0	0	0	0	0	5
253.000	0	0	0	0	6	10	0	0	0	0	0	0	0	0	0	9	0	0	0	0	0	0	0	9
253.200	0	0	0	0	8	8	0	0	0	0	0	0	0	0	0	12	0	0	0	0	0	0	0	6
253.400	0	0	0	0	4	7	0	0	0	0	0	0	0	0	0	11	0	0	0	0	0	0	0	9
253.600	0	0	0	0	8	5	0	0	0	0	0	0	0	0	0	14	0	0	0	0	0	0	0	6
253.800	0	0	0	0	3	7	0	0	0	0	0	0	0	0	0	14	0	0	0	0	0	0	0	6
254.000	0	0	0	0	3	6	0	0	0	0	0	0	0	0	0	11	0	0	0	0	0	0	0	6
254.200	0	0	0	0	4	7	0	0	0	0	0	0	0	0	1	11	0	0	0	0	0	0	0	5
254.400	0	0	0	0	4	5	0	0	0	0	0	0	0	0	0	9	0	0	1	0	0	0	0	9
254.600	0	0	0	0	5	5	0	0	0	0	0	0	0	0	1	9	0	0	1	0	0	0	0	6
254.800	0	0	0	0	1	4	0	0	0	0	0	0	0	0	0	10	0	0	1	0	0	0	0	6
255.000	0	0	0	0	2	5	0	0	0	0	0	0	0	0	1	17	0	0	1	0	0	0	0	2
255.200	0	0	0	0	2	2	0	0	0	0	0	0	0	0	0	8	0	0	0	0	0	0	0	7
255.400	0	0	0	0	3	7	0	0	0	0	0	0	0	0	0	10	0	0	1	0	0	0	0	6
255.600	0	0	0	0	4	6	0	0	0	0	0	0	0	0	0	15	0	0	1	0	0	0	0	6
255.800	0	0	0	0	4	5	0	0	0	0	0	0	0	0	1	15	0	0	1	0	0	0	0	6
256.000	0	0	0	0	7	1	0	0	0	0	0	0	0	0	0	16	0	0	1	0	0	0	0	7
256.200	0	0	0	0	2	0	0	0	0	0	0	0	0	0	0	12	0	0	1	0	0	0	0	5
256.400	0	0	0	0	3	0	0	0	0	0	0	0	0	0	0	9	0	0	1	0	0	0	0	6
256.600	0	0	0	0	2	1	0	0	0	0	0	0	0	0	5	11	0	0	1	0	0	0	0	3
256.800	0	0	0	0	1	3	0	0	0	0	0	0	0	0	2	17	0	0	0	0	0	0	0	11
257.000	0	0	0	0	8	5	0	0	0	0	0	0	0	0	1	12	0	0	0	0	0	0	0	5
257.200	0	0	0	0	6	4	0	0	0	0	0	0	0	0	0	17	0	0	0	0	0	0	0	4
257.400	0	0	0	0	4	6	0	0	0	0	0	0	0	0	0	8	0	0	1	0	0	0	0	2
257.600	0	0	0	0	7	7	0	0	0	0	0	0	0	0	0	16	0	0	0	0	0	0	0	6
257.800	0	0	0	0	8	7	0	0	0	0	0	0	0	0	0	2	0	0	1	0	0	0	0	8
258.000	0	0	0	0	8	12	0	0	0	0	0	0	0	0	0	15	0	0	1	0	0	0	0	5
258.200	0	0	0	0	7	6	0	0	0	0	0	0	0	0	1	16	0	0	1	0	0	0	0	6
258.400	1	0	0	0	7	7	0	0	0	0	0	0	0	0	1	13	0	0	1	0	0	0	0	11
258.600	0	0	0	0	9	2	0	0	0	0	0	0	0	0	1	15	0	0	0	0	0	0	0	11
258.800	0	0	0	0	9	6	0	0	0	0	0	0	0	0	1	13	0	0	1	0	0	0	0	9
259.000	0	0	0	0	10	5	0	0	0	0	0	0	0	0	0	12	0	0	0	0	0	0	0	5
259.200	0	0	0	0	10	9	0	0	0	0	0	0	0	0	0	19	0	0	1	0	0	0	0	5
259.400	0	0	0	0	5	10	0	0	0	0	0	0	0	0	0	14	0	0	0	0	0	0	0	6
259.600	0	0	0	0	7	8	0	0	0	0	0	0	0	0	0	15	0	0	0	0	0	0	0	5
259.800	0	0	0	0	12	8	0	0	0	0	0	0	0	0	0	14	0	0	0	0	0	0	0	5
260.000	0	0	0	0	8	6	0	0	0	0	0	0	0	0	0	13	0	0	0	0	0	1	0	8
260.200	0	0	0	0	5	5	0	0	0	0	0	0	0	0	1	6	0	0	0	0	0	0	0	6
260.400	0	0	0	0	4	4	0	0	0	0	0	0	0	0	0	19	0	0	1	0	0	1	0	3
260.600	0	0	0	0	8	9	0	0	0	0	0	0	0	0	0	14	0	0	0	0	0	0	0	5
260.800	0	0	0	0	3	9	0	0	0	0	0	0	0	0	0	23	0	0	0	0	0	0	0	4
261.000	0	0	0	0	6	7	0	0	0	0	0	0	0	0	0	16	0	0	0	0	0	0	0	4
261.200	0	0	0	0	9	10	0	0	0	0	0	0	0	0	0	13	0	0	0	0	0	0	0	5
261.400	0	0	0	0	4	5	0	0	0	0	0	0	0	0	0	10	0	0	0	0	0	0	0	4
261.600	0	0	0	0	1	0	0	0	0	0	0	0	0	0	0	16	0	0	1	0	0	1	0	5
261.800	0	0	0	0	1	0	0	0	0	0	0	0	0	0	0	18	0	0	0	0	0	0	0	5
262.000	0	0	0	0	4	3	0	0	0	0	0	0	0	0	1	20	0	0	1	0	0	0	0	1
262.200	0	0	0	0	3	5	0	0	0	0	0	0	0	0	0	10	0	0	1	0	0	0	0	3
262.400	0	1	0	0	7	6	0	0	0	0	0	0	0	0	0	14	0	0	1	0	0	0	0	4
262.600	8	1	0	2	3	5	0	0	0	0	0	0	0	0	0	11	0	0	1	0	0	0	0	5
262.800	7	1	0	2	5	6	0	0	0	0	0	0	0	0	5	5	0	0	1	0	0	0	0	7
263.000	10	1	0	2	7	4	0	0	0	0	0	0	0	0	5	10	0	0	0	0	0	0	0	9
263.200	6	1	0	3	2	3	0	0	0	0	0	0	0	0	4	14	0	0	1	0	0	0	0	4
263.400	8	1	0	3	6	3	0	0	0	0	0	0	0	0	5	14	0	0	1	0	0	0	0	4
263.600	10	1	0	2	6	7	0	0	0	0	0	0	0	0	5	12	0	0	1	0	0	0	0	7
263.800	10	0	0	3	9	9	0	0	0	0	0	0	0	0	8	10	0	0	0	0	0	0	0	6
264.000	0	1	0	0	3	4	0	0	0	0	0	0	0	0	5	8	0	0	1	0	0	0	0	7
264.200	2	1	0	2	6	3	0	0	0	0	0	0	0	0	6	13	0	0	1	0	0	0	0	3
264.400	0	0	0	0	4	4	0	0	0	0	0	0	0	0	5	14	0	0	1	0	0	0	0	5
264.600	0	0	0	2	2	4	0	0	0	0	0	0	0	0	7	20	0	0	0	0	0	0	0	6
264.800	0	0	0	1	9	4	0	0	0	0	0	0	0	0	5	15	0	0	1	0	0	0	0	5
265.000	0	1	0	1	7	9	0	0	0	0	0	0	0	0	6	9	0	0	0	0	0	0	0	5
265.200	0	0	0	2	3	5	0	0	0	0	0	0	0	0	2	5	0	0	1	0	0	0	0	5
265.400	0	1	0	2	6	8	0	0	0	0	0	0	0	0	2	15	0	0	0	0	0	0	0	5
265.600	0	0	0	2	7	7	0	0	0	0	0	0	0	0	9	11	0	0	1	0	0	0	0	2
265.800	0	0	0	2	5	10	0	0	0	0	0	0	0	0	5	9	0	0	0	0	0	0	0	3
266.000	0	0	0	0	4	6	0	0	0	0	0	0	0	0	4	14	0	0	1	0	0	0	0	3
266.200	0	0	0	5	10	7	0	0	0	0	0	0	0	0	5	15	0	0	1	0	0	0	0	3
266.400	0	0	0	4	1	5	0	0	0	0	0	0	0	0	6	16	0	0	1	0	0	0	0	6
266.600	0	1	0	5	5	8	0	0	0	0	0	0	0	0	11	16	0	0	1	0	0	0	0	4
266.800	0	1	0	3	4	4	0	0	0	0	0	0	0	0	7	9	0	0	1	0	0	0	0	4
267.000	0	0	0	7	7	6	0	0	0	0	0	0	0	0	5	19	0	0	1	0	0	0	0	6
267.200	0	1	0	3	12	9	0	0	0	0	0	0	0	0	8	12	0	0	1	0	0	0	0	4
267.400	0	0	0	2	10	4	0	0	0	0	0	0	0	0	10	13	0	0	1	0	0	0	0	5
267.600	0	0	0	0	9	4	0	0	0	0	0	0	0	0	14	13	0	0	1	0	0	0	0	7
267.800	0	0	0	1	7	5	0	0	0	0	0	0	0	0	5	20	0	0	1	0	0	0	0	6
268.000	0	0	0	0	3	2	0	0	0	0	0	0	0	0	7	20	0	0	1	0	0	0	0	5
268.200	0	0	0	0	5	0	0	0	0	0	0	0	0	0	7	23	0	0	0	0	0	0	0	7
268.400	0	0	0	0	8	5	0	0	0	0	0	0	0	0	3	17	0	0	1	0	0	0	0	7
268.600	0	0	0	0	7	6	0	0	0	0	0	0	0	0	0	8	0	0	0	0	0	0	0	7
268.800	0	0	0	1	4	2	0	0	0	0	0	0	0	0	9	18	0	0	1	0	0	0	0	5
269.000	0	0	0	2	6	10	0	0	0	0	0	0	0	0	11	17	0	0	1	0	0	0	0	7
269.200	0	0	0	1	10	11	0	0	0	0	0	0	0	1	14	14	0	0	1	0	0	0	0	6
269.400	0	0	0	0	7	6	0	0	0	0	0	0	0	1	14	16	0	0	1	0	0	0	0	8
269.600	0	0	0	0	5	3	0	0	0	0	0	0	0	0	10	10	0	0	1	0	0	0	0	1
269.800	0	0	0	0	4	4	0	0	0	0	0	0	0	0	5	9	0	0	0	0	0	0	0	2
270.000	0	0	0	0	10	3	0	0	0	0	0	0	0	0	11	9	0	0	0	0	0	0	0	6
270.200	0	1	0	0	8	4	0	0	0	0	0	0	0	0	13	12	0	0	1	0	0	0	0	4
270.400	0	0	0	0	4	5	0	0	0	0	0	0	0	0	7	15	0	0	1	0	0	0	0	5
270.600	0	1	1	0	5	6	0	0	0	0	0	0	0	0	9	15	0	0	0	0	0	0	0	6
270.800	0	0	0	0	4	9	0	0	0	0	0	0	0	0	10	17	0	0	1	0	0	0	0	3
271.000	0	1	0	0	7	7	0	0	0	0	0	0	0	0	5	22	0	0	2	0	0	0	0	2
271.200	0	0	0	0	10	10	0	0	0	0	0	0	0	0	6	19	0	0	0	0	0	0	0	2
271.400	0	0	0	0	12	6	0	0	0	0	0	0	0	0	9	13	0	0	0	0	0	0	0	3
271.600	0	4	0	0	6	7	0	0	0	0	0	0	0	0	12	17	0	0	0	0	0	0	0	4
271.800	0	2	0	0	9	10	0	0	0	0	0	0	0	0	13	26	0	0	1	0	0	0	0	5
272.000	0	1	0	0	15	11	0	0	0	0	0	0	0	0	10	22	0	0	1	0	0	0	0	6
272.200	0	1	0	0	2	3	0	0	0	0	0	0	0	0	9	17	0	0	0	0	0	0	0	2
272.400	0	0	0	0	10	9	0	0	0	0	0	0	0	0	9	22	0	0	0	0	0	0	0	5
272.600	0	0	0	0	12	7	0	0	0	0	0	0	0	0	8	19	0	0	0	0	0	0	0	3
272.800	0	0	0	0	8	5	0	0	0	0	0	0	0	0	7	25	0	0	0	0	0	0	0	9
273.000	0	0	0	0	15	9	0	0	0	0	0	0	0	0	8	18	0	0	0	0	0	0	0	6
273.200	0	0	0	0	6	8	0	0	0	0	0	0	0	0	1	20	0	0	0	0	0	0	0	5
273.400	0	0	0	0	6	4	0	0	0	0	0	0	0	0	1	17	0	0	0	0	0	0	0	4
273.600	0	0	0	0	10	4	0	0	0	0	0	0	0	0	0	15	0	0	0	0	0	0	0	8
273.800	0	0	0	0	10	6	0	0	0	0	0	0	0	0	2	15	0	0	0	0	0	0	0	7
274.000	0	0	0	0	9	7	0	0	0	0	0	0	0	0	1	15	0	0	0	0	0	0	0	8
274.200	0	0	0	0	7	11	0	0	0	0	0	0	0	0	4	13	0	0	0	0	0	0	0	8
274.400	0	0	0	0	7	10	0	0	0	0	0	0	0	0	8	19	0	0	1	0	0	0	0	7
274.600	0	0	0	0	8	7	0	0	0	0	0	0	0	0	6	19	0	0	1	0	0	0	0	6
274.800	0	0	0	0	8	10	0	0	0	0	0	0	0	0	4	14	0	0	0	0	0	0	0	0
275.000	0	0	0	0	8	10	0	0	0	0	0	0	0	0	10	12	0	0	0	0	0	0	0	0
275.200	0	0	0	0	9	8	0	0	0	0	0	0	0	0	4	13	0	0	0	0	0	0	0	0
275.400	0	0	0	0	9	9	0	0	0	0	0	0	0	0	4	19	0	0	0	0	0	0	0	0
275.600	0	0	0	0	6	8	0	0	0	0	0	0	0	0	5	22	0	0	0	0	0	0	0	0
275.800	0	0	0	0	10	10	0	0	0	0	0	0	0	0	5	14	0	0	1	0	0	0	0	0
276.000	0	0	0	0	10	6	0	0	0	0	0	0	0	0	6	21	0	0	0	0	0	0	0	0
276.200	0	0	0	0	5	5	0	0	0	0	0	0	0	0	2	17	0	0	0	0	0	0	0	0
276.400	0	0	0	0	10	7	0	0	0	0	0	0	0	0	2	18	0	0	0	0	0	0	0	0
276.600	0	0	0	0	10	7	0	0	0	0	0	0	0	0	3	18	0	0	0	0	0	0	0	0
276.800	0	0	0	0	10	4	0	0	0	0	0	0	0	0	1	21	0	0	1	0	0	0	0	0
277.000	0	0	0	0	8	7	0	0	0	0	0	0	0	0	3	18	0	0	2	0	0	0	0	0
277.200	0	0	0	0	5	7	0	0	0	0	0	0	0	0	3	19	0	0	0	0	0	0	0	3
277.400	0	0	0	0	2	3	0	0	0	0	0	0	0	0	3	20	0	0	1	0	0	0	0	0
277.600	0	0	0	0	4	8	0	0	0	0	0	0	0	0	4	14	0	0	1	0	0	0	0	0
277.800	0	0	0	0	7	10	0	0	0	0	0	0	0	0	5	19	0	0	2	0	0	0	0	0
278.000	0	0	0	0	9	7	0	0	0	0	0	0	0	0	11	19	0	0	0	0	0	0	0	0
278.200	0	0	0	0	9	12	0	0	0	0	0	0	0	0	6	20	0	0	1	0	0	0	0	0
278.400	0	0	0	0	8	9	0	0	0	0	0	0	0	0	6	21	0	0	2	0	0	0	0	0
278.600	0	0	0	0	4	6	0	0	0	0	0	0	0	0	5	16	0	0	2	0	0	0	0	0
278.800	0	0	0	0	6	5	0	0	0	0	0	0	0	0	7	12	0	0	0	0	0	0	0	0
279.000	0	0	0	0	7	6	0	0	0	0	0	0	0	0	2	17	0	0	0	0	0	0	0	0
279.200	0	0	0	1	5	4	0	0	0	0	0	0	0	0	5	19	0	0	1	0	0	0	0	0
279.400	0	0	0	0	7	7	0	0	0	0	0	0	0	0	6	21	0	0	2	0	0	0	0	0
279.600	0	0	0	2	11	11	0	0	0	0	0	0	0	0	3	26	0	0	2	0	0	0	0	0
279.800	0	0	0	0	7	8	0	0	0	0	0	0	0	0	2	20	0	0	2	0	0	0	0	0
280.000	0	0	0	0	6	10	0	0	0	0	0	0	0	0	5	19	0	0	1	0	0	0	0	0
280.200	0	0	0	1	6	9	0	0	0	0	0	0	0	0	5	24	0	0	0	0	0	0	0	0
280.400	0	0	0	1	7	5	0	0	0	0	0	0	0	0	2	14	0	0	1	0	0	0	0	0
280.600	0	0	0	0	6	4	0	0	0	0	0	0	0	0	2	12	0	0	0	0	0	0	0	0
280.800	0	0	0	1	7	3	0	0	0	0	0	0	0	0	2	14	0	0	1	0	0	0	0	0
281.000	0	0	0	1	6	5	0	0	0	0	0	0	0	0	4	11	0	0	1	0	0	0	0	0
281.200	0	0	0	1	4	4	0	0	0	0	0	0	0	0	3	25	0	0	0	0	0	0	0	0
281.400	0	0	0	1	4	2	0	0	0	0	0	0	0	0	1	14	0	0	0	0	0	0	0	0
281.600	0	0	0	1	9	6	0	0	0	0	0	0	0	0	6	21	0	0	0	0	0	0	0	0
281.800	0	0	0	0	5	4	0	0	0	0	0	0	0	0	2	17	0	0	1	0	0	0	0	0
282.000	0	0	0	0	7	7	0	0	0	0	0	0	0	0	3	19	0	0	0	0	0	0	0	0
282.200	0	0	0	0	6	7	0	0	0	0	0	0	0	0	4	17	0	0	0	0	0	0	0	0
282.400	0	0	0	0	3	3	0	0	0	0	1	0	0	0	3	18	0	0	0	0	0	0	0	0
282.600	0	0	0	1	7	7	0	0	0	0	0	0	0	0	4	16	0	0	2	0	0	0	0	0
282.800	0	0	0	0	8	7	0	0	0	0	1	0	0	0	5	20	0	0	0	0	0	0	0	0
283.000	0	0	0	2	4	5	0	0	0	0	1	0	0	0	5	16	0	0	1	0	0	0	0	0
283.200	0	0	0	2	6	6	0	0	0	0	0	0	0	0	5	16	0	0	0	0	0	0	0	0
283.400	0	0	0	0	6	11	0	0	0	0	0	0	0	0	2	15	0	0	1	0	0	0	0	0
283.600	0	0	0	0	7	7	0	0	0	0	0	0	0	0	5	19	0	0	1	0	0	0	0	0
283.800	0	0	0	0	9	14	0	0	0	0	0	0	0	0	4	17	0	0	1	0	0	0	0	1
284.000	0	0	0	1	11	11	0	0	0	0	0	0	0	0	4	14	0	0	0	0	0	0	0	0
284.200	0	0	0	2	7	9	0	0	0	0	0	0	0	0	2	20	0	0	0	0	0	0	0	0
284.400	0	0	0	2	9	8	0	0	0	0	1	0	0	0	2	19	0	0	0	0	0	0	0	0
284.600	0	0	0	1	2	7	0	0	0	0	1	0	0	0	5	18	0	0	0	0	0	0	0	0
284.800	0	0	0	2	8	9	0	0	0	0	4	0	0	0	4	14	0	0	0	0	0	0	0	0
285.000	0	0	0	2	4	6	0	0	0	0	4	0	0	0	3	14	0	0	0	0	0	0	0	0
285.200	0	0	0	1	5	6	0	0	0	0	5	0	0	0	2	13	0	0	0	0	0	0	0	0
285.400	0	0	0	0	9	11	0	0	0	0	2	0	0	0	2	24	0	0	0	0	0	0	0	7
285.600	0	0	0	1	7	11	0	0	0	0	4	0	0	0	4	13	0	0	0	0	0	0	0	8
285.800	0	0	0	2	7	10	0	0	0	0	4	0	0	0	6	14	0	0	0	0	0	0	0	6
286.000	0	0	0	1	7	12	0	0	0	0	3	0	0	0	1	20	0	0	0	0	0	0	0	7
286.200	0	0	0	2	10	8	0	0	0	0	1	0	0	0	2	17	0	0	2	0	0	0	0	6
286.400	0	0	0	0	10	8	0	0	0	0	0	0	0	0	3	17	0	0	1	0	0	0	0	8
286.600	0	0	0	2	6	6	0	0	0	0	0	0	0	0	2	18	0	0	1	0	0	0	0	6
286.800	0	0	0	1	5	8	0	0	0	0	1	0	0	0	4	18	0	0	0	0	0	0	0	7
287.000	1	0	0	2	7	6	0	0	0	0	3	0	0	0	4	13	0	0	0	0	0	0	0	5
287.200	0	0	0	2	7	11	0	0	0	0	3	0	0	0	4	17	0	0	1	0	0	0	0	9
287.400	1	0	0	2	5	12	0	0	0	0	2	0	0	0	3	22	0	0	0	0	0	0	0	10
287.600	0	1	0	2	10	11	0	0	0	0	0	0	0	0	2	17	0	0	0	0	0	0	0	3
287.800	0	0	0	4	5	10	0	0	0	0	0	0	0	0	2	16	0	0	1	0	0	0	0	2
288.000	0	0	0	2	5	9	0	0	0	0	0	0	0	0	2	21	0	0	1	0	0	0	0	3
288.200	0	0	0	3	5	15	0	0	0	0	0	0	0	0	4	14	0	0	2	0	0	0	0	5
288.400	0	0	0	2	6	10	0	0	0	0	0	0	0	0	2	18	0	0	2	0	0	0	0	4
288.600	0	1	0	6	7	6	0	0	0	0	0	0	0	0	3	19	0	0	0	0	0	0	0	2
288.800	0	0	0	2	5	8	0	0	0	0	0	0	0	0	3	21	0	0	0	0	0	0	0	3
289.000	0	1	0	1	5	12	0	0	0	0	0	0	0	0	4	18	0	0	0	0	0	0	0	4
289.200	0	1	0	3	4	10	0	0	0	0	0	0	0	0	2	15	0	0	1	0	0	0	0	4
289.400	0	1	0	2	3	9	0	0	0	0	0	0	0	0	3	19	0	0	1	0	0	0	0	1
289.600	0	1	0	2	2	12	0	0	0	0	0	0	0	0	2	22	0	0	0	0	0	0	0	5
289.800	0	1	0	3	5	7	0	0	0	0	0	0	0	0	3	25	0	0	0	0	0	0	0	7
290.000	0	1	0	2	4	8	0	0	0	0	0	0	0	0	3	14	0	0	0	0	0	0	0	6
290.200	0	0	0	2	6	7	0	0	0	0	0	0	0	0	3	15	0	0	0	0	0	0	0	5
290.400	1	2	0	2	4	4	0	0	0	0	0	0	0	0	3	15	0	0	0	0	0	0	0	5
290.600	1	1	0	2	6	5	0	0	0	0	0	0	0	0	2	18	0	0	1	0	0	0	0	5
290.800	4	2	0	2	6	5	0	0	0	0	0	0	0	0	2	18	0	0	0	0	0	0	0	6
291.000	4	3	0	3	5	6	0	0	0	0	0	0	0	0	5	16	0	0	1	0	0	0	0	5
291.200	5	2	0	2	5	7	0	0	0	0	0	0	0	0	3	13	0	0	1	0	0	0	0	5
291.400	9	5	0	2	9	9	0	0	0	0	0	0	0	0	3	16	0	0	0	0	0	0	0	5
291.600	10	4	0	2	6	13	0	0	0	0	0	0	0	0	2	20	0	0	1	0	0	0	0	5
291.800	7	3	0	3	6	5	0	0	0	0	0	0	0	0	4	16	0	0	0	0	0	0	0	5
292.000	12	3	0	4	6	5	0	0	0	0	0	0	0	0	6	15	0	0	1	0	0	0	0	5
292.200	8	2	0	3	8	2	0	0	0	0	0	0	0	0	4	14	0	0	0	0	0	0	0	5
292.400	13	5	0	4	5	3	0	0	0	0	0	0	0	0	4	15	0	0	1	0	0	0	0	5
292.600	13	3	0	1	9	4	0	0	0	0	0	0	0	0	4	10	0	0	0	0	0	0	0	5
292.800	8	3	0	3	8	6	0	0	0	0	0	0	0	0	5	19	0	0	1	0	0	0	0	5
293.000	2	0	0	3	9	2	0	0	0	0	0	0	0	0	3	12	0	0	0	0	0	0	0	5
293.200	2	1	0	1	5	4	0	0	0	0	0	0	0	0	4	15	0	0	0	0	0	0	0	7
293.400	4	0	0	3	9	13	0	0	0	0	0	0	0	0	6	18	0	0	1	0	0	0	0	6
293.600	2	1	0	3	4	7	0	0	0	0	0	0	0	0	7	14	0	0	0	0	0	0	0	5
293.800	3	0	0	3	6	5	0	0	0	0	0	0	0	0	6	11	0	0	0	0	0	0	0	5
294.000	0	0	0	4	11	9	0	0	0	0	0	0	0	0	3	11	0	0	0	0	0	0	0	5
294.200	0	0	0	2	8	5	0	0	0	0	0	0	0	0	7	21	0	0	0	0	0	0	0	6
294.400	0	1	0	5	5	5	0	0	0	0	0	0	0	0	5	12	0	0	1	0	0	0	0	7
294.600	0	1	0	3	5	3	0	0	0	0	0	0	0	0	3	11	0	0	2	0	0	0	0	8
294.800	0	0	0	4	7	8	0	0	0	0	0	0	0	0	6	14	0	0	1	0	0	0	0	5
295.000	0	0	0	3	7	5	0	0	0	0	0	0	0	0	5	14	0	0	0	0	0	0	0	6
295.200	0	0	0	4	7	9	0	0	0	0	0	0	0	0	1	14	0	0	1	0	0	0	0	5
295.400	0	1	1	9	7	5	0	0	0	0	0	0	0	0	6	11	0	0	2	0	0	0	0	5
295.600	0	1	2	6	7	4	0	0	0	0	0	0	0	0	1	17	0	0	1	0	0	0	0	6
295.800	0	2	3	8	3	3	0	0	0	0	0	0	0	0	4	16	0	0	0	0	0	0	0	6
296.000	0	2	4	5	4	8	0	0	0	0	0	0	0	0	6	15	0	0	0	0	0	0	0	7
296.200	0	7	5	7	9	4	0	0	0	0	0	0	0	0	2	12	0	0	0	0	0	0	0	5
296.400	0	5	0	4	9	4	0	0	0	0	0	0	0	0	3	12	0	0	0	0	0	0	0	5
296.600	0	4	1	5	3	3	0	0	0	0	0	0	0	0	2	12	0	0	3	0	0	0	0	3
296.800	0	4	4	6	6	4	0	0	0	0	0	0	0	0	3	13	0	0	0	0	0	0	0	4
297.000	0	5	4	9	5	3	0	0	0	0	0	0	0	0	2	14	0	0	0	0	0	0	0	10
297.200	0	5	5	7	6	5	0	0	0	0	0	0	0	0	3	9	0	0	0	0	0	0	0	4
297.400	0	6	6	6	6	5	0	0	0	0	0	0	0	0	3	18	0	0	0	0	0	0	0	11
297.600	0	4	3	3	7	3	0	0	0	0	0	0	0	0	3	20	0	0	0	0	0	0	0	7
297.800	0	5	4	6	5	7	0	0	0	0	0	0	0	0	7	17	0	0	1	0	0	0	0	6
298.000	0	4	4	6	5	3	0	0	0	0	0	0	0	0	1	11	0	0	0	0	0	0	0	6
298.200	0	5	4	5	6	4	0	0	0	0	0	0	0	0	2	17	0	0	0	0	0	0	0	7
298.400	0	1	1	2	3	3	0	0	0	0	0	0	0	0	1	17	0	0	0	0	0	0	0	9
298.600	0	2	2	7	7	4	0	0	0	0	0	0	0	0	5	11	0	0	0	0	0	0	0	9
298.800	0	3	0	7	5	4	0	0	0	0	0	0	0	0	2	20	0	0	0	0	0	0	0	3
299.000	0	4	0	5	7	3	0	0	0	0	0	0	0	0	4	18	0	0	0	0	0	0	0	4
299.200	0	6	0	5	7	3	0	0	0	0	0	0	0	0	3	15	0	0	0	0	0	0	0	6
299.400	0	4	4	6	6	2	0	0	0	0	0	0	0	0	3	17	0	0	0	0	0	0	0	3
299.600	0	2	0	3	5	6	0	0	0	0	0	0	0	0	4	8	0	0	0	0	0	0	0	3
299.800	0	5	1	5	7	6	0	0	0	0	0	0	0	0	1	18	0	0	0	0	0	0	0	5
300.000	0	1	0	2	4	7	0	0	0	0	0	0	0	0	3	18	0	0	0	0	0	0	0	4
300.200	0	0	0	3	8	4	0	0	0	0	0	0	0	0	1	21	0	0	0	0	0	0	0	5
300.400	0	2	0	3	7	5	0	0	0	0	0	0	0	0	6	14	0	0	1	0	0	0	0	6
300.600	0	3	1	4	4	3	0	0	0	0	0	0	0	0	4	15	0	0	0	0	0	0	0	9
300.800	0	1	0	6	7	7	0	0	0	0	0	0	0	0	2	19	0	0	0	0	0	0	0	5
301.000	0	1	1	6	4	2	0	0	0	0	0	0	0	0	2	17	0	0	1	0	0	0	0	7
301.200	0	2	3	9	5	4	0	0	0	0	0	0	0	0	1	14	0	0	1	0	0	0	0	10
301.400	1	2	6	10	7	4	0	0	0	0	0	0	0	0	3	16	0	0	2	0	0	0	0	5
301.600	0	0	1	8	9	4	0	0	0	0	0	0	0	0	5	15	0	0	0	0	0	0	0	7
301.800	0	0	0	6	6	4	0	0	0	0	0	0	0	0	6	18	0	0	0	0	0	0	0	6
302.000	0	0	0	2	6	1	0	0	0	0	0	0	0	0	7	14	0	0	0	0	0	0	0	6
302.200	0	1	4	6	3	3	0	0	0	0	0	0	0	0	4	6	0	0	0	0	0	0	0	8
302.400	0	1	3	4	6	6	0	0	0	0	0	0	0	0	2	14	0	0	0	0	0	0	0	0
302.600	0	3	0	5	5	4	0	0	0	0	0	0	0	0	2	12	0	0	0	0	0	0	0	4
302.800	1	2	0	5	7	3	0	0	0	0	0	0	0	0	5	11	0	0	0	0	0	0	0	0
303.000	6	3	0	3	3	4	0	0	0	0	0	0	0	0	2	15	0	0	0	0	0	0	0	0
303.200	3	1	5	10	1	4	0	0	0	0	0	0	0	0	3	16	0	0	0	0	0	0	0	0
303.400	3	1	3	7	7	5	0	0	0	0	0	0	0	0	5	14	0	0	2	0	0	0	0	0
303.600	6	6	4	10	8	7	0	0	0	0	0	0	0	0	3	11	0	0	1	0	0	0	0	0
303.800	5	3	8	9	6	5	0	0	0	0	0	0	0	0	1	12	0	0	0	0	0	0	0	0
304.000	9	6	3	10	4	7	0	0	0	0	0	0	0	0	4	18	0	0	0	0	0	0	0	0
304.200	9	6	5	2	4	4	0	0	0	0	0	0	0	0	1	13	0	0	0	0	0	0	0	0
304.400	12	9	1	4	4	2	0	0	0	0	0	0	0	0	0	14	0	0	0	1	0	0	0	0
304.600	9	8	2	6	7	11	0	0	0	0	0	0	0	0	1	8	0	0	2	1	0	0	0	0
304.800	7	9	2	7	6	6	0	0	0	0	0	0	0	0	1	12	0	0	0	0	0	0	0	0
305.000	10	10	2	7	6	5	0	0	0	0	0	0	0	0	6	16	0	0	1	1	0	0	0	0
305.200	11	8	3	9	3	2	0	0	0	0	0	0	0	0	4	13	0	0	1	1	0	0	0	0
305.400	11	9	3	5	4	2	0	0	0	0	0	0	0	0	3	14	0	0	0	0	0	0	0	0
305.600	9	6	0	8	6	4	0	0	0	0	0	0	0	0	1	9	0	0	0	1	0	0	0	0
305.800	7	7	0	2	1	3	0	0	0	0	0	0	0	0	4	16	0	0	1	0	0	0	0	0
306.000	7	12	4	6	6	4	0	0	0	0	0	0	0	0	3	17	0	0	2	0	0	0	0	0
306.200	6	9	0	6	2	7	0	0	0	0	0	0	0	0	7	15	0	0	2	1	0	0	0	0
306.400	10	5	0	0	7	5	0	0	0	0	0	0	0	0	1	11	0	0	1	1	0	0	0	0
306.600	9	10	0	3	3	5	0	0	0	0	0	0	0	0	0	11	0	0	0	1	0	0	0	0
306.800	10	7	1	3	7	7	0	0	0	0	0	0	0	0	1	15	0	0	0	1	0	0	0	0
307.000	7	7	0	4	9	5	0	0	0	0	0	0	0	0	3	9	0	0	0	0	0	0	0	0
307.200	6	11	4	5	8	7	0	0	0	0	0	0	0	0	2	7	0	0	0	0	0	0	0	0
307.400	7	10	0	1	6	7	0	0	0	0	0	0	0	0	1	15	0	0	0	0	0	0	0	0
307.600	6	14	11	8	3	5	0	0	0	0	0	0	0	0	1	14	0	0	0	1	0	0	0	0
307.800	6	13	4	2	8	4	0	0	0	0	0	0	0	0	1	11	0	0	1	0	0	0	0	0
308.000	5	8	4	6	4	2	0	0	0	0	0	0	0	0	0	13	0	0	0	1	0	0	0	0
308.200	6	12	3	4	6	2	0	0	0	0	0	0	0	0	6	15	0	0	1	0	0	0	0	0
308.400	6	13	2	0	6	6	0	0	0	0	0	0	0	0	2	13	0	0	0	0	0	0	0	0
308.600	6	11	4	4	6	6	0	0	0	0	0	0	0	0	3	14	0	0	0	1	0	0	0	1
308.800	6	12	2	3	5	7	0	0	0	0	0	0	0	0	3	10	0	0	0	1	0	0	0	1
309.000	11	11	5	6	7	6	0	0	0	0	0	0	0	0	3	10	0	0	0	0	0	0	0	0
309.200	6	13	5	1	8	10	0	0	0	0	0	0	0	0	3	18	0	0	2	1	0	0	0	4
309.400	5	15	5	3	2	3	0	0	0	0	0	0	0	0	4	12	0	0	1	2	0	0	0	4
309.600	6	11	1	3	4	7	0	0	0	0	0	0	0	0	3	12	0	0	1	1	0	0	0	9
309.800	8	10	0	1	8	8	0	0	0	0	0	0	0	0	4	19	0	0	2	1	0	0	0	3
310.000	12	12	5	4	7	8	0	0	0	0	0	0	0	0	6	19	0	0	1	1	0	0	0	1
310.200	7	13	6	2	7	8	0	0	0	0	0	0	0	0	2	11	0	0	0	0	0	0	0	7
310.400	7	8	3	3	7	7	0	0	0	0	0	0	0	0	1	13	0	0	4	0	0	0	0	7
310.600	6	13	7	3	6	7	0	0	0	0	0	0	0	0	0	13	0	0	2	0	0	0	0	6
310.800	6	13	1	2	6	8	0	0	0	0	0	0	0	0	1	13	0	0	5	0	0	0	0	7
311.000	6	11	1	3	5	11	0	0	0	0	0	0	0	0	4	8	0	0	3	0	0	0	0	2
311.200	7	12	0	4	4	9	0	0	0	0	0	0	0	0	5	10	0	0	6	0	0	0	0	0
311.400	6	10	5	4	4	8	0	0	0	0	0	0	0	0	6	16	0	0	4	0	0	0	0	2
311.600	8	10	3	6	5	10	0	0	0	0	0	0	0	0	7	17	0	0	5	0	0	0	0	1
311.800	6	11	4	4	4	7	0	0	0	0	0	0	0	0	2	11	0	0	4	0	0	0	0	1
312.000	12	12	1	1	2	6	0	0	0	0	0	0	0	0	6	14	0	0	5	0	0	0	0	0
312.200	8	10	2	2	4	9	0	0	0	0	0	0	0	0	4	17	0	0	6	0	0	0	0	2
312.400	5	11	3	2	2	7	0	0	0	0	0	0	0	0	5	8	0	0	2	0	0	0	0	2
312.600	6	12	4	3	7	9	0	0	0	0	0	0	0	0	6	13	0	0	6	0	0	0	0	0
312.800	5	14	3	2	7	8	0	0	0	0	0	0	0	0	5	14	0	0	5	0	0	0	0	1
313.000	9	9	3	6	5	4	0	0	0	0	0	0	0	0	3	16	0	0	5	0	0	0	0	3
313.200	13	7	0	5	8	6	0	0	0	0	0	0	0	0	4	14	0	0	7	0	0	0	0	3
313.400	11	7	0	0	5	5	0	0	0	0	0	0	0	0	5	15	0	0	7	0	0	0	0	2
313.600	12	10	0	5	3	5	0	0	0	0	0	0	0	0	4	16	0	0	8	0	0	0	0	1
313.800	15	7	0	4	5	3	0	0	0	0	0	0	0	0	1	11	0	0	4	0	0	0	0	3
314.000	12	8	1	5	4	1	0	0	0	0	0	0	0	0	6	16	0	0	3	0	0	0	0	2
314.200	12	8	0	5	2	1	0	0	0	0	0	0	0	0	3	18	0	0	6	0	0	0	0	0
314.400	11	8	0	4	3	3	0	0	0	0	0	0	0	0	5	17	0	0	6	0	0	0	0	0
314.600	11	7	0	4	4	5	0	0	0	0	0	0	0	0	3	6	0	0	5	0	0	0	0	0
314.800	11	7	2	6	6	9	0	0	0	0	0	0	0	0	3	13	0	0	5	0	0	0	0	0
315.000	10	5	0	5	5	5	0	0	0	0	0	0	0	0	2	18	0	0	7	0	0	0	0	0
315.200	11	4	0	3	2	6	0	0	0	0	0	0	0	0	3	9	0	0	6	0	0	0	0	0
315.400	10	9	0	1	8	8	0	0	0	0	0	0	0	0	6	19	0	0	8	0	0	0	0	0
315.600	9	7	2	3	7	2	0	0	0	0	0	0	0	0	7	13	0	0	6	0	0	0	0	0
315.800	7	5	0	1	5	9	0	0	0	0	0	0	0	0	8	16	0	0	7	0	0	0	0	0
316.000	12	5	0	3	8	5	0	0	0	0	0	0	0	0	3	13	0	0	5	0	0	0	0	0
316.200	12	9	0	3	7	7	0	0	0	0	0	0	0	0	2	14	0	0	3	0	0	0	0	0
316.400	7	6	0	4	5	6	0	0	0	0	0	0	0	0	3	15	0	0	7	0	0	0	0	0
316.600	11	8	0	2	6	5	0	0	0	0	0	0	0	0	8	18	0	0	3	0	0	0	0	0
316.800	7	5	0	1	7	4	0	0	0	0	0	0	0	0	4	16	0	0	4	0	0	0	0	0
317.000	10	9	2	6	5	5	0	0	0	0	0	0	0	0	4	10	0	0	5	0	0	0	0	0
317.200	11	6	0	6	5	3	0	0	0	0	0	0	0	0	7	18	0	0	4	0	0	0	0	0
317.400	12	7	0	2	7	0	0	0	0	0	0	0	0	0	5	13	0	0	7	0	0	0	0	0
317.600	11	8	3	7	2	1	0	0	0	0	0	0	0	0	9	14	0	0	7	0	0	0	0	0
317.800	11	4	0	2	2	5	0	0	0	0	0	0	0	0	9	14	0	0	7	0	0	0	0	0
318.000	14	9	0	5	5	3	0	0	0	0	0	0	0	0	7	13	0	0	5	0	0	0	0	0
318.200	14	3	0	2	7	6	0	0	0	0	0	0	0	0	6	11	0	0	6	0	0	0	0	0
318.400	14	7	0	1	2	5	0	0	0	0	0	0	0	0	11	18	0	0	8	0	0	0	0	1
318.600	8	8	0	2	7	4	0	0	0	0	0	0	0	0	3	15	0	0	10	0	0	0	0	2
318.800	13	3	0	1	4	3	0	0	0	0	0	0	0	0	7	9	0	0	8	0	0	0	0	2
319.000	11	9	0	2	5	4	0	0	0	0	0	0	0	0	7	7	0	0	8	0	0	0	0	1
319.200	10	6	0	1	11	7	0	0	0	0	0	0	0	0	6	12	0	0	7	0	0	0	0	1
319.400	7	11	0	1	1	7	0	0	0	0	0	0	0	0	3	17	0	0	8	0	0	0	0	2
319.600	11	11	3	5	3	6	0	0	0	0	0	0	0	0	8	17	0	0	8	0	0	0	0	0
319.800	13	9	3	5	3	2	0	0	0	0	0	0	0	0	8	16	0	0	6	0	0	0	0	7
320.000	11	10	0	5	4	5	0	0	0	0	0	0	0	0	6	17	0	0	6	0	0	0	0	2
320.200	7	8	0	4	4	1	0	0	0	0	0	0	0	0	10	21	0	0	6	0	0	0	0	3
320.400	9	4	0	4	3	3	0	0	0	0	0	0	0	0	13	20	0	0	8	0	0	0	0	3
320.600	12	6	0	4	1	7	0	0	0	0	0	0	0	0	3	20	0	0	6	0	0	0	0	0
320.800	15	9	0	1	3	1	0	0	0	0	0	0	0	0	5	20	0	0	5	0	0	0	0	0
321.000	8	8	0	1	3	2	0	0	0	0	0	0	0	0	7	10	0	0	6	0	0	0	0	3
321.200	6	11	0	4	6	5	0	0	0	0	0	0	0	0	8	15	0	0	7	0	0	0	0	0
321.400	9	8	0	1	3	2	0	0	0	0	0	0	0	0	7	18	0	0	7	0	0	0	0	0
321.600	10	10	0	1	4	6	0	0	0	0	0	0	0	0	10	15	0	0	6	0	0	0	0	0
321.800	7	13	0	3	1	7	0	0	0	0	0	0	0	0	5	21	0	0	8	0	0	0	0	0
322.000	8	7	0	1	8	7	0	0	0	0	0	0	0	0	9	16	0	0	7	0	0	0	0	0
322.200	11	7	0	1	6	3	0	0	0	0	0	0	0	0	9	18	0	0	11	0	0	0	0	0
322.400	6	7	0	3	8	9	0	0	0	0	0	0	0	0	11	21	0	0	6	0	0	0	0	0
322.600	7	6	0	0	7	11	0	0	0	0	0	0	0	0	6	17	0	0	7	0	0	0	0	0
322.800	6	13	0	1	5	7	0	0	0	0	0	0	0	0	7	16	0	0	5	0	0	0	0	0
323.000	6	11	0	1	4	7	0	0	0	0	0	0	0	0	4	14	0	0	6	0	0	0	0	0
323.200	8	12	0	6	5	6	0	0	0	0	0	0	0	0	5	18	0	0	7	0	0	0	0	0
323.400	7	7	0	3	6	10	0	0	0	0	0	0	0	0	5	13	0	0	5	0	0	0	0	0
323.600	8	6	2	2	9	7	0	0	0	0	0	0	0	0	8	11	0	0	6	0	0	0	0	0
323.800	6	10	0	1	8	6	0	0	0	0	0	0	0	0	7	12	0	0	8	0	0	0	0	0
324.000	8	8	0	4	8	12	0	0	0	0	0	0	0	0	9	14	0	0	7	0	0	0	0	0
324.200	7	8	0	5	6	3	0	0	0	0	0	0	0	0	7	10	0	0	7	0	0	0	0	0
324.400	8	6	0	2	7	8	0	0	0	0	0	0	0	0	9	15	0	0	6	0	0	0	0	0
324.600	10	5	0	2	9	9	0	0	0	0	0	0	0	0	10	12	0	0	8	0	0	0	0	0
324.800	8	10	0	4	4	10	0	0	0	0	0	0	0	0	12	13	0	0	7	0	0	0	0	0
325.000	9	11	0	3	6	12	0	0	0	0	0	0	0	0	9	21	0	0	5	0	0	0	0	0
325.200	6	8	0	1	8	5	0	0	0	0	0	0	0	0	12	15	0	0	7	0	0	0	0	0
325.400	10	5	0	5	4	8	0	0	0	0	0	0	0	0	13	19	0	0	8	0	0	0	0	0
325.600	11	10	0	4	7	2	0	0	0	0	0	0	0	0	7	15	0	0	3	0	0	0	0	0
325.800	14	5	0	0	4	5	0	0	0	0	0	0	0	0	7	13	0	0	2	0	0	0	0	0
326.000	10	10	0	1	6	3	0	0	0	0	0	0	0	0	8	13	0	1	9	0	0	0	0	0
326.200	14	7	0	1	2	6	0	0	0	0	0	0	0	0	9	11	0	2	4	0	0	0	0	0
326.400	10	8	0	4	4	7	0	0	0	0	0	0	0	0	6	14	0	2	10	0	0	0	0	0
326.600	6	7	0	0	6	8	0	0	0	0	4	0	0	0	8	15	0	2	7	0	0	0	0	0
326.800	8	9	0	2	4	7	0	0	0	0	2	0	0	0	13	14	0	2	7	0	0	0	0	0
327.000	9	7	0	1	5	7	0	0	0	0	1	0	0	0	9	16	0	0	3	0	0	0	0	0
327.200	7	8	0	0	7	11	0	0	0	0	1	0	0	0	3	9	0	2	4	0	0	0	0	0
327.400	9	6	0	4	10	5	0	0	0	0	2	0	0	0	5	12	0	1	7	0	0	0	0	0
327.600	7	5	0	3	7	6	0	0	0	0	0	0	0	0	9	14	0	0	6	0	0	0	0	0
327.800	5	10	0	1	12	8	0	0	0	0	0	0	0	0	7	13	0	0	6	0	0	0	0	0
328.000	10	12	0	1	6	5	0	0	0	0	0	0	0	0	12	14	0	2	6	0	0	0	0	0
328.200	10	8	0	4	6	6	0	0	0	0	0	0	0	0	3	18	0	0	6	0	0	0	0	0
328.400	7	9	0	2	4	5	0	0	0	0	0	0	0	0	7	16	0	0	6	0	0	0	0	0
328.600	10	9	0	1	6	6	0	0	0	0	0	0	0	0	9	12	0	1	7	0	0	0	0	0
328.800	9	5	0	1	7	9	0	0	0	0	0	0	0	0	5	18	0	2	5	0	0	0	0	0
329.000	10	7	0	1	11	7	0	0	0	0	0	0	0	0	7	11	0	1	7	0	0	0	0	0
329.200	9	8	0	1	9	5	0	0	0	0	0	0	0	0	7	13	0	2	6	0	0	0	0	0
329.400	5	7	2	1	6	12	0	0	0	0	0	0	0	0	8	13	0	1	7	0	0	0	0	0
329.600	9	10	2	1	6	3	0	0	0	0	0	0	0	0	4	13	0	1	7	0	0	0	0	0
329.800	7	8	0	0	7	4	0	0	0	0	0	0	0	0	6	13	0	0	6	0	0	0	0	0
330.000	9	8	0	2	2	5	0	0	0	0	0	0	0	0	10	18	0	0	6	0	0	0	0	0
330.200	9	12	0	0	5	8	0	0	0	0	0	0	0	0	10	13	0	0	6	0	0	0	0	0
330.400	7	13	0	2	7	7	0	0	0	0	0	0	0	0	7	11	0	0	5	0	0	0	0	0
330.600	12	13	0	2	3	5	0	0	0	0	0	0	0	0	8	9	0	0	6	0	0	0	0	0
330.800	11	6	0	1	4	9	0	0	0	0	0	0	0	0	6	16	0	0	6	0	0	0	0	0
331.000	13	9	0	3	6	7	0	0	0	0	0	0	0	0	6	10	0	0	8	0	0	0	0	0
331.200	5	8	0	2	6	9	0	0	0	0	0	0	0	0	8	15	0	0	7	0	0	0	0	0
331.400	8	7	0	2	5	9	0	0	0	0	0	0	0	0	6	15	0	0	5	0	0	0	0	0
331.600	6	11	0	5	3	3	0	0	0	0	0	0	0	0	8	15	0	0	5	0	0	0	0	0
331.800	4	8	0	4	1	6	0	0	0	0	0	0	0	0	8	15	0	0	8	0	0	0	0	0
332.000	6	13	0	5	5	6	0	0	0	0	0	0	0	0	3	19	0	0	8	0	0	0	0	0
332.200	9	8	0	1	8	10	0	0	0	0	0	0	0	0	9	14	0	0	7	0	0	0	0	0
332.400	7	7	0	1	5	6	0	0	0	0	0	0	0	0	9	13	0	0	8	0	0	0	0	0
332.600	10	7	0	0	10	7	0	0	0	0	0	0	0	0	4	19	0	0	9	0	0	0	0	0
332.800	9	7	0	1	3	6	0	0	0	0	0	0	0	0	7	12	0	0	9	0	0	0	0	0
333.000	6	10	0	3	8	3	0	0	0	0	0	0	0	0	7	15	0	0	7	0	0	0	0	0
333.200	6	11	0	2	2	3	0	0	0	0	0	0	0	0	5	12	0	0	7	0	0	0	0	0
333.400	10	10	0	6	6	7	0	0	0	0	0	0	0	0	11	18	0	0	7	0	0	0	0	0
333.600	6	8	0	2	8	5	0	0	0	0	0	0	0	0	5	19	0	0	5	0	0	0	0	0
333.800	6	13	1	1	7	5	0	0	0	0	0	0	0	0	10	14	0	0	7	0	0	0	0	0
334.000	5	11	0	2	7	3	0	0	0	0	0	0	0	0	8	15	0	0	6	0	0	0	0	0
334.200	8	8	0	0	5	2	0	0	0	0	0	0	0	0	5	16	0	0	6	0	0	0	0	0
334.400	10	9	0	0	4	8	0	0	0	0	0	0	0	0	4	15	0	0	4	0	0	0	0	0
334.600	10	6	0	1	10	13	0	0	0	0	0	0	0	0	4	14	0	0	5	0	0	0	0	0
334.800	9	11	0	1	9	12	0	0	0	0	0	0	0	0	4	16	0	0	6	0	0	0	0	0
335.000	6	10	0	2	9	12	0	0	0	0	0	0	0	0	8	15	0	0	6	0	0	0	0	0
335.200	7	11	0	3	6	7	0	0	0	0	0	0	0	0	7	18	0	0	4	0	0	0	0	0
335.400	9	10	1	2	7	13	0	0	0	0	0	0	0	0	5	15	0	0	6	0	0	0	0	0
335.600	9	8	2	1	4	10	0	0	0	0	0	0	0	0	2	13	0	0	3	0	0	0	0	0
335.800	8	9	0	1	4	10	0	0	0	0	0	0	0	0	5	18	0	0	5	0	0	0	0	0
336.000	7	9	0	2	4	11	0	0	0	0	0	0	0	0	4	15	0	0	6	0	0	0	0	0
336.200	7	9	0	1	8	10	0	0	0	0	0	0	0	0	3	11	0	0	8	0	0	0	0	0
336.400	14	11	0	2	8	7	0	0	0	0	0	0	0	0	4	14	0	0	5	0	0	0	0	0
336.600	8	11	0	2	6	9	0	0	0	0	0	0	0	0	13	13	0	0	5	0	0	0	0	0
336.800	10	8	0	0	9	4	0	0	0	0	0	0	0	0	4	19	0	0	4	0	0	0	0	0
337.000	7	8	0	3	6	5	0	0	0	0	0	0	0	0	6	11	0	0	5	0	0	0	0	1
337.200	9	7	0	1	6	2	0	0	0	0	0	0	0	0	4	10	0	0	8	0	0	0	0	0
337.400	12	8	0	4	6	5	0	0	0	0	0	0	0	0	7	18	0	0	6	0	0	0	0	1
337.600	9	8	0	0	9	5	0	0	0	0	0	0	0	0	5	15	0	0	7	0	0	0	0	0
337.800	8	7	0	5	9	5	0	0	0	0	0	0	0	0	4	14	0	0	6	0	0	0	0	1
338.000	6	11	2	2	7	9	0	0	0	0	0	0	0	0	3	15	0	0	4	0	0	0	0	2
338.200	6	10	1	2	5	3	0	0	0	0	0	0	0	0	4	19	0	0	6	0	0	0	0	1
338.400	9	10	0	1	9	6	0	0	0	0	0	0	0	0	5	14	0	0	6	0	0	0	0	1
338.600	11	10	0	2	3	7	0	0	0	0	0	0	0	0	4	14	0	0	5	0	0	0	0	0
338.800	9	10	0	2	9	4	0	0	0	0	0	0	0	0	8	18	0	0	5	0	0	0	0	0
339.000	8	9	0	1	4	4	0	0	0	0	0	0	0	0	5	14	0	0	4	0	0	0	0	3
339.200	9	10	0	2	4	0	0	0	0	0	0	0	0	0	6	18	0	0	7	0	0	0	0	0
339.400	6	8	0	1	3	4	0	0	0	0	0	0	0	0	9	19	0	0	6	0	0	0	0	1
339.600	9	11	0	4	4	9	0	0	0	0	0	0	0	0	4	19	0	0	6	0	0	0	0	0
339.800	7	6	0	3	6	2	0	0	0	0	0	0	0	0	2	19	0	0	5	0	0	0	0	2
340.000	9	11	0	1	6	5	0	0	0	0	0	0	0	0	3	12	0	0	5	0	0	0	0	3
340.200	12	8	0	4	7	6	0	0	0	0	0	0	0	0	4	20	0	0	6	0	0	0	0	3
340.400	7	7	0	3	8	7	0	0	0	0	0	0	0	0	6	8	0	0	8	0	0	0	0	3
340.600	8	10	0	0	2	3	0	0	0	0	0	0	0	0	1	11	0	0	4	0	0	0	0	3
340.800	9	5	0	6	4	4	0	0	0	0	0	0	0	0	3	17	0	0	6	0	0	0	0	1
341.000	8	6	0	7	5	6	0	0	0	0	0	0	0	0	2	13	0	0	7	0	0	0	0	5
341.200	12	9	0	3	7	4	0	0	0	0	0	0	0	0	5	12	0	0	6	0	0	0	0	2
341.400	11	7	0	2	5	3	0	0	0	0	0	0	0	0	5	18	0	0	6	0	0	0	0	6
341.600	11	9	0	1	2	8	0	0	0	0	0	0	0	0	1	13	0	0	5	0	0	0	0	2
341.800	6	3	0	4	3	6	0	0	0	0	0	0	0	0	4	16	0	0	5	0	0	0	0	2
342.000	13	7	0	2	7	2	0	0	0	0	0	0	0	0	2	15	0	0	5	0	0	0	0	4
342.200	12	7	0	1	8	5	0	0	0	0	0	0	0	0	1	19	0	0	4	0	0	0	0	4
342.400	9	7	1	2	6	3	0	0	0	0	0	0	0	0	5	11	0	0	5	0	0	0	0	3
342.600	10	8	2	2	5	6	0	0	0	0	0	0	0	0	3	12	0	0	5	0	0	0	0	2
342.800	9	10	0	1	5	6	0	0	0	0	0	0	0	0	13	21	0	0	6	0	0	0	0	0
343.000	12	10	0	5	4	9	0	0	0	0	0	0	0	0	2	15	0	0	6	0	0	0	0	2
343.200	11	11	0	4	6	6	0	0	0	0	0	0	0	0	6	16	0	0	7	0	0	0	0	2
343.400	8	11	4	6	9	9	0	0	0	0	0	0	0	0	6	12	0	0	4	0	0	0	0	1
343.600	10	8	0	5	10	12	0	0	0	0	0	0	0	0	6	19	0	0	8	0	0	0	0	1
343.800	12	8	0	1	7	8	0	0	0	0	0	0	0	0	2	13	0	0	8	0	0	0	0	0
344.000	10	8	0	1	9	10	0	0	0	0	0	0	0	0	5	18	0	0	7	0	0	0	0	2
344.200	9	7	1	1	2	4	0	0	0	0	0	0	0	0	3	16	0	0	4	0	0	0	0	0
344.400	11	9	2	3	4	5	0	0	0	0	0	0	0	0	3	16	0	0	7	0	0	0	0	0
344.600	8	11	0	3	4	5	0	0	0	0	0	0	0	0	4	13	0	0	6	0	0	0	0	2
344.800	9	9	0	3	3	3	0	0	0	0	0	0	0	0	6	15	0	0	6	0	0	0	0	2
345.000	8	10	0	0	6	6	0	0	0	0	0	0	0	0	3	8	0	0	5	0	0	0	0	1
345.200	12	6	0	3	2	1	0	0	0	0	0	0	0	0	1	11	0	0	6	0	0	0	0	0
345.400	11	8	0	6	5	7	0	0	0	0	0	0	0	0	2	17	0	0	7	0	0	0	0	0
345.600	9	8	0	2	3	1	0	0	0	0	0	0	0	0	6	19	0	0	7	0	0	0	0	0
345.800	10	8	0	3	6	6	0	0	0	0	0	0	0	0	2	20	0	0	7	0	0	0	0	0
346.000	11	9	0	1	8	6	0	0	0	0	0	0	0	0	6	12	0	0	5	0	0	0	0	3
346.200	11	6	0	1	6	4	0	0	0	0	0	0	0	0	2	20	0	0	7	0	0	0	0	3
346.400	11	5	0	3	4	5	0	0	0	0	0	0	0	0	6	17	0	0	6	0	0	0	0	2
346.600	9	8	0	2	3	0	0	0	0	0	0	0	0	0	3	20	0	0	5	0	0	0	0	7
346.800	13	12	1	4	5	0	0	0	0	0	0	0	0	0	5	17	0	0	7	0	0	0	0	10
347.000	9	10	3	6	6	2	0	0	0	0	0	0	0	0	5	22	0	0	5	0	0	0	0	8
347.200	6	8	0	2	5	4	0	0	0	0	0	0	0	0	7	15	0	0	6	0	0	0	0	15
347.400	10	10	0	2	5	10	0	0	0	0	0	0	0	0	1	22	0	0	4	0	0	0	0	8
347.600	10	8	3	0	2	3	0	0	0	0	0	0	0	0	3	14	0	0	5	0	0	0	0	6
347.800	10	7	0	0	6	6	0	0	0	0	0	0	0	0	5	20	0	0	8	0	0	0	0	6
348.000	11	7	0	0	5	8	0	0	0	0	0	0	0	0	4	20	0	0	7	0	0	0	0	5
348.200	10	6	0	3	5	7	0	0	0	0	0	0	0	0	4	15	0	0	4	0	0	0	0	9
348.400	10	8	0	2	6	6	0	0	0	0	0	0	0	0	7	12	0	0	3	0	0	0	0	8
348.600	9	5	0	2	6	5	0	0	0	0	0	0	0	0	3	10	0	0	4	0	0	0	0	4
348.800	11	7	0	5	7	5	0	0	0	0	0	0	0	0	5	15	0	0	5	0	0	0	0	7
349.000	10	11	0	3	2	5	0	0	0	0	0	0	0	0	3	19	0	0	4	0	0	0	0	4
349.200	13	6	0	2	12	6	0	0	0	0	0	0	0	0	1	15	0	0	9	0	0	0	0	5
349.400	15	11	0	4	8	7	0	0	0	0	0	0	0	0	7	15	0	0	6	0	0	0	0	6
349.600	13	5	0	2	3	3	0	0	0	0	0	0	0	0	3	23	0	0	6	0	0	0	0	3
349.800	12	9	0	3	2	3	0	0	0	0	0	0	0	0	5	17	0	0	3	0	0	0	0	12
350.000	12	7	0	2	4	0	0	0	0	0	0	0	0	0	4	22	0	0	4	0	0	0	0	8
350.200	11	10	0	3	4	4	0	0	0	0	0	0	0	0	4	19	0	0	7	0	0	0	0	6
350.400	11	11	2	3	7	5	0	0	0	0	0	0	0	0	4	10	0	0	4	0	0	0	0	4
350.600	11	8	2	7	3	5	0	0	0	0	0	0	0	0	5	15	0	0	4	0	0	0	0	2
350.800	13	9	0	1	4	0	0	0	0	0	0	0	0	0	4	18	0	0	4	0	0	0	0	2
351.000	11	9	3	4	3	1	0	0	0	0	0	0	0	0	5	18	0	0	6	0	0	0	0	2
351.200	12	5	3	1	3	3	0	0	0	0	0	0	0	0	7	19	0	0	8	0	0	0	0	2
351.400	14	8	0	0	4	3	0	0	0	0	0	0	0	0	4	19	0	0	4	0	0	0	0	1
351.600	11	9	4	1	5	6	0	0	0	0	0	0	0	0	4	17	0	0	4	0	0	0	0	5
351.800	9	9	3	2	7	4	0	0	0	0	0	0	0	0	5	11	0	0	6	0	0	0	0	7
352.000	10	9	0	1	2	5	0	0	0	0	0	0	0	0	4	10	0	0	7	0	0	0	0	5
352.200	14	8	0	2	3	4	0	0	0	0	0	0	0	0	4	12	0	0	6	0	0	0	0	4
352.400	12	10	0	0	5	0	0	0	0	0	0	0	0	0	4	8	0	0	6	0	0	0	0	3
352.600	13	6	2	0	5	4	0	0	0	0	0	0	0	0	6	16	0	0	7	0	0	0	0	0
352.800	14	7	1	2	3	3	0	0	0	0	0	0	0	0	7	19	0	0	7	0	0	0	0	4
353.000	14	14	4	1	7	7	0	0	0	0	0	0	0	0	6	11	0	0	4	0	0	0	0	2
353.200	9	9	6	4	3	7	0	0	0	0	0	0	0	0	10	17	0	0	5	0	0	0	0	1
353.400	14	7	0	1	5	8	0	0	0	0	0	0	0	0	9	13	0	0	5	0	0	0	0	7
353.600	11	7	0	0	8	11	0	0	0	0	0	0	0	0	9	7	0	0	5	0	0	0	0	10
353.800	10	7	0	2	4	7	0	0	0	0	0	0	0	0	9	14	0	0	6	0	0	0	0	4
354.000	11	8	0	0	7	6	0	0	0	0	0	0	0	0	7	9	0	0	3	0	0	0	0	8
354.200	16	11	0	1	4	5	0	0	0	0	0	0	0	0	3	13	0	0	4	0	0	0	0	9
354.400	12	8	0	1	6	11	0	0	0	0	0	0	0	0	11	13	0	0	7	0	0	0	0	12
354.600	14	8	0	1	6	8	0	0	0	0	0	0	0	0	9	20	0	0	5	0	0	0	0	3
354.800	9	8	0	2	5	12	0	0	0	0	0	0	0	0	4	17	0	0	6	0	0	0	0	6
355.000	13	6	0	1	6	4	0	0	0	0	0	0	0	0	4	15	0	0	5	0	0	0	0	9
355.200	11	9	0	2	3	12	0	0	0	0	1	0	0	0	13	12	0	0	0	0	0	0	0	9
355.400	9	7	0	6	4	8	0	0	0	0	0	0	0	0	6	10	0	0	8	0	0	0	0	9
355.600	11	8	2	6	9	8	0	0	0	0	0	0	0	0	9	17	0	0	6	0	0	0	0	8
355.800	10	8	0	5	5	11	0	0	0	0	1	0	0	0	6	9	0	0	8	0	0	0	0	5
356.000	11	7	0	6	1	10	0	0	0	0	1	0	0	0	5	9	0	0	4	0	0	0	0	9
356.200	11	12	0	3	7	12	0	0	0	0	0	0	0	0	9	11	0	0	7	0	0	0	0	4
356.400	14	8	0	3	1	11	0	0	0	0	0	0	0	0	11	9	0	0	7	0	0	0	0	4
356.600	14	12	0	7	2	6	0	0	0	0	0	0	0	0	4	14	0	0	7	0	0	0	0	10
356.800	14	8	0	0	8	6	0	0	0	0	0	0	0	0	6	12	0	0	6	0	0	0	0	6
357.000	11	7	0	0	6	3	0	0	0	0	0	0	0	0	5	12	0	0	6	0	0	0	0	5
357.200	14	5	0	3	6	3	0	0	0	0	0	0	0	0	6	12	0	0	6	0	0	0	0	6
357.400	6	8	0	2	4	5	0	0	0	0	0	0	0	0	8	10	0	0	6	0	0	0	0	7
357.600	11	8	0	1	7	7	0	0	0	0	0	0	0	0	5	15	0	0	7	0	0	0	0	9
357.800	11	12	0	1	6	4	0	0	0	0	0	0	0	0	6	15	0	0	8	0	0	0	0	10
358.000	12	7	0	0	4	2	0	0	0	0	0	0	0	0	6	14	0	0	7	0	0	0	0	6
358.200	10	6	0	1	6	4	0	0	0	0	0	0	0	0	4	17	0	0	5	0	0	0	0	1
358.400	14	12	0	1	5	6	0	0	0	0	0	0	0	0	8	17	0	0	4	0	0	0	0	3
358.600	9	7	0	1	7	7	0	0	0	0	0	0	0	0	9	10	0	0	4	0	0	0	0	5
358.800	13	10	1	1	6	6	0	0	0	0	0	0	0	0	5	14	0	0	4	0	0	0	0	7
359.000	7	11	1	0	4	2	0	0	0	0	0	0	0	0	2	9	0	0	5	0	0	0	0	15
359.200	10	11	3	2	5	9	0	0	0	0	0	0	0	0	3	12	0	0	5	0	0	0	0	1
359.400	11	7	0	0	4	3	0	0	0	0	0	0	0	0	4	11	0	0	6	0	0	0	0	4
359.600	10	7	0	1	2	5	0	0	0	0	0	0	0	0	5	14	0	0	6	0	0	0	0	4
359.800	10	8	0	1	5	5	0	0	0	0	0	0	0	0	6	13	0	0	7	0	0	0	0	9
360.000	9	8	8	5	3	5	0	0	0	0	0	0	0	0	6	11	0	0	4	0	0	0	0	9
360.200	12	11	3	3	7	6	0	0	0	0	0	0	0	0	6	9	0	0	6	0	0	0	0	3
360.400	11	11	9	2	4	5	0	0	0	0	0	0	0	0	2	11	0	0	7	0	0	0	0	4
360.600	10	9	0	2	6	2	0	0	0	0	0	0	0	0	7	13	0	0	6	0	0	0	0	5
360.800	12	9	2	4	4	3	0	0	0	0	0	0	0	0	5	11	0	0	4	0	0	0	0	7
361.000	12	8	3	4	2	3	0	0	0	0	0	0	0	0	8	12	0	0	5	0	0	0	0	4
361.200	12	11	2	3	6	7	0	0	0	0	0	0	0	0	8	7	0	0	5	0	0	0	0	13
361.400	12	10	6	5	5	4	0	0	0	0	0	0	0	0	8	16	0	0	6	0	0	0	0	8
361.600	9	9	2	4	6	9	0	0	0	0	0	0	0	0	13	15	0	0	7	0	0	0	0	3
361.800	12	10	2	5	7	12	0	0	0	0	0	0	0	0	6	17	0	0	5	0	0	0	0	7
362.000	11	9	1	2	3	10	0	0	0	0	0	0	0	0	5	14	0	0	5	0	0	0	0	3
362.200	12	10	6	4	5	7	0	0	0	0	0	0	0	0	6	10	0	0	5	0	0	0	0	9
362.400	9	9	0	1	3	8	0	0	0	0	0	0	0	0	7	5	0	0	5	0	0	0	0	5
362.600	12	8	2	5	5	7	0	0	0	0	0	0	0	0	5	17	0	0	4	0	0	0	0	6
362.800	12	9	3	9	5	9	0	0	0	0	0	0	0	0	8	15	0	0	4	0	0	0	0	8
363.000	10	11	5	4	5	9	0	0	0	0	0	0	0	0	5	16	0	0	6	0	0	0	0	12
363.200	12	10	4	5	7	5	0	0	0	0	0	0	0	0	5	7	0	0	4	0	0	0	0	10
363.400	11	10	2	5	4	3	0	0	0	0	0	0	0	0	8	10	0	0	5	0	0	0	0	6
363.600	12	7	0	2	7	7	0	0	0	0	0	0	0	0	2	11	0	0	4	0	0	0	0	11
363.800	10	9	1	4	8	8	0	0	0	0	0	0	0	0	8	6	0	0	6	0	0	0	0	7
364.000	11	11	3	2	4	7	0	0	0	0	0	0	0	0	2	16	0	0	7	0	0	0	0	8
364.200	12	10	4	2	9	12	0	0	0	0	0	0	0	0	8	14	0	0	5	0	0	0	0	12
364.400	11	9	4	6	7	8	0	0	0	0	0	0	0	0	4	10	0	0	5	0	0	0	0	9
364.600	11	8	4	2	5	3	0	0	0	0	0	0	0	0	8	14	0	0	5	0	0	0	0	13
364.800	10	9	3	2	4	8	0	0	0	0	0	0	0	0	7	11	0	0	4	0	0	0	0	13
365.000	4	8	2	5	4	10	0	0	0	0	0	0	0	0	7	15	0	0	6	0	0	0	0	12
365.200	10	8	2	4	6	8	0	0	0	0	0	0	0	0	4	20	0	0	6	0	0	0	0	12
365.400	7	9	0	5	6	11	0	0	0	0	0	0	0	0	5	11	0	0	5	0	0	0	0	11
365.600	10	8	2	7	6	13	0	0	0	0	0	0	0	0	5	13	0	0	6	0	0	0	0	9
365.800	9	11	9	5	7	8	0	0	0	0	0	0	0	0	10	7	0	0	5	0	0	0	0	13
366.000	11	8	5	2	10	13	0	0	0	0	0	0	0	0	1	13	0	0	6	0	0	0	0	19
366.200	12	10	3	7	7	12	0	0	0	0	0	0	0	0	5	13	0	0	6	0	0	0	0	11
366.400	12	11	5	8	2	12	0	0	0	0	1	0	0	0	6	16	0	0	6	0	0	0	0	7
366.600	11	8	2	6	5	13	0	0	0	0	0	0	0	0	6	12	0	0	7	0	0	0	0	7
366.800	12	6	1	8	0	11	0	0	0	0	0	0	0	0	10	16	0	0	7	0	0	0	0	9
367.000	13	8	2	4	4	8	0	0	0	0	0	0	0	0	10	9	0	0	4	0	0	0	0	10
367.200	13	7	3	6	6	10	0	0	0	0	0	0	0	0	8	9	0	0	7	0	0	0	0	12
367.400	9	10	2	2	7	10	0	0	0	0	0	0	0	0	9	7	0	0	6	0	0	0	0	14
367.600	12	11	3	6	5	8	0	0	0	0	0	0	0	0	3	18	0	0	8	0	0	0	0	9
367.800	11	9	1	4	7	13	0	0	0	0	2	0	0	0	7	14	0	0	6	0	0	0	0	8
368.000	10	6	0	2	7	10	0	0	0	0	0	0	0	0	11	13	0	0	4	0	0	0	0	9
368.200	8	9	2	6	7	6	0	0	0	0	0	0	0	0	10	14	0	0	6	0	0	0	0	7
368.400	8	12	5	6	6	11	0	0	0	0	0	0	0	0	9	16	0	0	7	0	0	0	0	9
368.600	11	9	4	7	5	10	0	0	0	0	0	0	0	0	2	14	0	0	3	0	0	0	0	8
368.800	10	12	0	5	6	8	0	0	0	0	0	0	0	0	8	12	0	0	7	0	0	0	0	10
369.000	10	9	3	6	4	5	0	0	0	0	0	0	0	0	8	13	0	0	7	0	0	0	0	9
369.200	11	8	3	4	8	6	0	0	0	0	0	0	0	0	10	7	0	0	5	0	0	0	0	9
369.400	11	13	4	3	3	3	0	0	0	0	0	0	0	0	7	12	0	0	5	0	0	0	0	8
369.600	11	11	3	3	3	2	0	0	0	0	0	0	0	0	12	8	0	0	4	0	0	0	0	4
369.800	10	8	4	3	7	4	0	0	0	0	0	0	0	0	10	10	0	0	5	0	0	0	0	0
370.000	12	10	6	2	7	7	0	0	0	0	0	0	0	0	7	11	0	0	6	0	0	0	0	1
370.200	9	10	3	2	7	10	0	0	0	0	0	0	0	0	4	9	0	0	6	0	0	0	0	7
370.400	9	11	2	3	5	6	0	0	0	0	0	0	0	0	7	15	0	0	7	0	0	0	0	7
370.600	12	7	0	4	4	6	0	0	0	0	0	0	0	0	7	16	0	0	7	0	0	0	0	8
370.800	11	10	0	0	8	6	0	0	0	0	0	0	0	0	1	10	0	0	5	0	0	0	0	5
371.000	10	10	0	0	8	5	0	0	0	0	0	0	0	0	2	10	0	0	5	0	0	0	0	7
371.200	12	9	0	1	8	7	0	0	0	0	0	0	0	0	6	19	0	0	5	0	0	0	0	3
371.400	12	13	0	2	6	6	0	0	0	0	0	0	0	0	6	11	0	0	5	0	0	0	0	0
371.600	14	8	3	3	6	4	0	0	0	0	0	0	0	0	1	12	0	0	5	0	0	0	0	0
371.800	15	10	2	5	3	5	0	0	0	0	0	0	0	0	2	17	0	0	5	0	0	0	0	0
372.000	8	9	1	4	4	7	0	0	0	0	0	0	0	0	5	10	0	0	7	0	0	0	0	0
372.200	14	9	3	6	3	8	0	0	0	0	0	0	0	0	3	14	0	0	7	0	0	0	0	0
372.400	10	9	1	5	6	6	0	0	0	0	0	0	0	0	4	7	0	0	7	0	0	0	0	0
372.600	10	11	6	5	6	4	0	0	0	0	0	0	0	0	7	6	0	0	7	0	0	0	0	0
372.800	8	10	4	4	6	7	0	0	0	0	0	0	0	0	5	10	0	0	6	0	0	0	0	0
373.000	9	9	2	1	5	7	0	0	0	0	0	0	0	0	6	9	0	0	8	0	0	0	0	2
373.200	10	9	0	0	4	4	0	0	0	0	0	0	0	0	7	13	0	0	4	0	0	0	0	1
373.400	11	7	0	0	4	3	0	0	0	0	0	0	0	0	1	9	0	0	5	0	0	0	0	1
373.600	12	6	0	1	5	4	0	0	0	0	0	0	0	0	4	17	0	0	6	0	0	0	0	0
373.800	13	6	0	0	6	4	0	0	0	0	0	0	0	0	4	15	0	0	6	0	0	0	0	0
374.000	12	8	0	0	4	5	0	0	0	0	0	0	0	0	4	13	0	0	7	0	0	0	0	0
374.200	11	8	0	0	2	5	0	0	0	0	0	0	0	0	4	11	0	0	7	0	0	0	0	0
374.400	14	11	0	2	4	6	0	0	0	0	0	0	0	0	4	10	0	0	5	0	0	0	0	0
374.600	10	6	0	1	5	4	0	0	0	0	0	0	0	0	8	11	0	0	5	0	0	0	0	0
374.800	10	9	0	1	8	9	0	0	0	0	0	0	0	0	12	6	0	0	6	0	0	0	0	0
375.000	7	8	1	0	5	4	0	0	0	0	0	0	0	0	7	15	0	0	6	0	0	0	0	0
375.200	8	10	1	0	4	4	0	0	0	0	0	0	0	0	2	14	0	0	6	0	0	0	0	0
375.400	10	8	0	0	2	3	0	0	0	0	0	0	0	0	2	16	0	0	5	0	0	0	0	0
375.600	7	8	4	1	8	4	0	0	0	0	0	0	0	0	4	17	0	0	4	0	0	0	0	0
375.800	7	7	0	0	7	6	0	0	0	0	0	0	0	0	5	11	0	0	5	0	0	0	0	1
376.000	10	10	1	2	10	8	0	0	0	0	0	0	0	0	7	10	0	0	4	0	0	0	0	0
376.200	10	7	1	6	5	1	0	0	0	0	0	0	0	0	2	15	0	0	7	0	0	0	0	0
376.400	10	9	3	8	5	3	0	0	0	0	0	0	0	0	6	13	0	0	6	0	0	0	0	0
376.600	11	10	3	9	7	7	0	0	0	0	0	0	0	0	4	16	0	0	4	0	0	0	0	0
376.800	9	9	4	5	6	5	0	0	0	0	0	0	0	0	3	9	0	0	4	0	0	0	0	10
377.000	9	10	4	7	6	6	0	0	0	0	0	0	0	0	4	9	0	0	4	0	0	0	0	7
377.200	9	11	4	6	5	1	0	0	0	0	0	0	0	0	6	13	0	0	6	0	0	0	0	0
377.400	14	7	3	8	3	2	0	0	0	0	0	0	0	0	2	13	0	0	5	0	0	0	0	12
377.600	11	8	2	5	8	6	0	0	0	0	0	0	0	0	3	15	0	0	5	0	0	0	0	6
377.800	11	10	0	3	6	3	0	0	0	0	0	0	0	0	6	18	0	0	3	0	0	0	0	8
378.000	11	9	2	7	7	8	0	0	0	0	0	0	0	0	3	14	0	0	6	0	0	0	0	11
378.200	11	11	2	7	4	1	0	0	0	0	0	0	0	0	6	16	0	0	7	0	0	0	0	12
378.400	6	8	0	4	5	9	0	0	0	0	0	0	0	0	3	11	0	0	5	0	0	0	0	11
378.600	12	8	1	6	8	6	0	0	0	0	0	0	0	0	4	14	0	0	6	0	0	0	0	7
378.800	10	9	3	4	9	6	0	0	0	0	0	0	0	0	4	17	0	0	7	0	0	0	0	6
379.000	6	9	4	6	4	5	0	0	0	0	0	0	0	0	5	13	0	0	6	0	0	0	0	9
379.200	7	5	0	1	8	8	0	0	0	0	0	0	0	0	9	14	0	0	7	0	0	0	0	7
379.400	9	10	0	5	7	4	0	0	0	0	0	0	0	0	4	11	0	0	6	0	0	0	0	10
379.600	12	8	0	4	4	5	0	0	0	0	0	0	0	0	9	10	0	0	7	0	0	0	0	4
379.800	11	9	1	5	2	7	0	0	0	0	0	0	0	0	7	13	0	0	5	0	0	0	0	3
380.000	13	7	0	5	6	4	0	0	0	0	0	0	0	0	4	13	0	0	6	0	0	0	0	6
380.200	12	9	3	3	7	2	0	0	0	0	0	0	0	0	4	10	0	0	6	0	0	0	0	6
380.400	11	6	0	1	3	8	0	0	0	0	0	0	0	0	8	10	0	0	5	0	0	0	0	3
380.600	11	9	0	2	4	3	0	0	0	0	0	0	0	0	4	13	0	0	5	0	0	0	0	5
380.800	12	8	0	2	8	6	0	0	0	0	0	0	0	0	3	15	0	0	7	0	0	0	0	3
381.000	10	5	0	3	5	5	0	0	0	0	0	0	0	0	7	13	0	0	7	0	0	0	0	6
381.200	14	10	3	2	6	2	0	0	0	0	0	0	0	0	5	11	0	0	6	0	0	0	0	6
381.400	12	7	3	5	6	4	0	0	0	0	0	0	0	0	10	12	0	0	7	0	0	0	0	6
381.600	10	7	0	5	9	5	0	0	0	0	0	0	0	0	8	12	0	0	6	0	0	0	0	11
381.800	10	5	0	4	3	0	0	0	0	0	0	0	0	0	6	12	0	0	6	0	0	0	0	13
382.000	9	8	0	3	4	2	0	0	0	0	0	0	0	0	8	11	0	0	4	0	0	0	0	7
382.200	8	8	4	4	6	3	0	0	0	0	0	0	0	0	6	10	0	0	6	0	0	0	0	11
382.400	7	6	2	7	4	7	0	0	0	0	0	0	0	0	7	14	0	0	4	0	0	0	0	10
382.600	13	10	4	6	4	5	0	0	0	0	0	0	0	0	4	11	0	0	7	0	0	0	0	7
382.800	12	10	2	4	6	4	0	0	0	0	0	0	0	0	3	14	0	0	6	0	0	0	0	8
383.000	11	9	3	4	8	4	0	0	0	0	0	0	0	0	2	14	0	0	6	0	0	0	0	6
383.200	9	10	2	6	5	5	0	0	0	0	0	0	0	0	6	17	0	0	4	0	0	0	0	4
383.400	8	8	2	8	3	4	0	0	0	0	0	0	0	0	3	15	0	0	0	0	0	0	0	6
383.600	12	8	2	11	5	1	0	0	0	0	0	0	0	0	5	11	0	0	4	0	0	0	0	3
383.800	11	11	4	8	6	1	0	0	0	0	0	0	0	0	2	10	0	0	4	0	0	0	0	7
384.000	10	7	6	10	6	5	0	0	0	0	0	0	0	0	7	13	0	0	8	0	0	0	0	4
384.200	10	9	4	5	5	4	0	0	0	0	0	0	0	0	4	12	0	0	5	0	0	0	0	11
384.400	10	8	0	3	9	5	0	0	0	0	0	0	0	0	5	15	0	0	7	0	0	0	0	6
384.600	7	10	4	6	4	5	0	0	0	0	0	0	0	0	5	10	0	0	4	0	0	0	0	6
384.800	9	7	4	6	7	3	0	0	0	0	0	0	0	0	6	14	0	0	6	0	0	0	0	14
385.000	9	10	3	6	7	3	0	0	0	0	0	0	0	0	5	8	0	0	6	0	0	0	0	12
385.200	11	9	3	4	5	5	0	0	0	0	0	0	0	0	11	16	0	0	7	0	0	0	0	11
385.400	11	10	5	5	3	2	0	0	0	0	0	0	0	0	4	12	0	0	6	0	0	0	0	9
385.600	9	8	3	4	7	4	0	0	0	0	0	0	0	0	5	13	0	0	4	0	0	0	0	7
385.800	9	9	0	4	4	6	0	0	0	0	0	0	0	0	4	16	0	0	4	0	0	0	0	8
386.000	12	7	3	4	7	6	0	0	0	0	0	0	0	0	5	12	0	0	7	0	0	0	0	7
386.200	12	10	4	1	7	4	0	0	0	0	0	0	0	0	7	12	0	0	5	0	0	0	0	8
386.400	12	8	0	1	7	4	0	0	0	0	0	0	0	0	4	13	0	0	5	0	0	0	0	7
386.600	5	6	3	4	6	4	0	0	0	0	0	0	0	0	5	13	0	0	5	0	0	0	0	7
386.800	4	8	0	6	9	6	0	0	0	0	0	0	0	0	6	14	0	0	7	0	0	0	0	1
387.000	8	10	2	3	8	4	0	0	0	0	0	0	0	0	8	12	0	0	3	0	0	0	0	8
387.200	10	9	3	3	6	7	0	0	0	0	0	0	0	0	11	9	0	0	5	0	0	0	0	6
387.400	10	11	1	4	2	3	0	0	0	0	0	0	0	0	7	14	0	0	4	0	0	0	0	7
387.600	13	8	1	3	5	4	0	0	0	0	0	0	0	0	8	12	0	0	4	0	0	0	0	6
387.800	12	9	2	4	9	6	0	0	0	0	0	0	0	0	4	14	0	0	5	0	0	0	0	7
388.000	13	8	3	2	6	6	0	0	0	0	0	0	0	0	5	18	0	0	6	0	0	0	0	7
388.200	12	8	5	2	2	1	0	0	0	0	0	0	0	0	3	11	0	0	4	0	0	0	0	6
388.400	11	14	4	1	5	6	0	0	0	0	0	0	0	0	5	14	0	0	7	0	0	0	0	8
388.600	10	13	0	0	10	5	0	0	0	0	0	0	0	0	4	13	0	0	3	0	0	0	0	12
388.800	10	5	0	0	7	6	0	0	0	0	0	0	0	0	4	12	0	0	3	0	0	0	0	14
389.000	8	11	3	7	6	0	0	0	0	0	0	0	0	0	3	10	0	0	6	0	0	0	0	4
389.200	10	11	0	1	5	6	0	0	0	0	0	0	0	0	4	10	0	0	7	0	0	0	0	7
389.400	5	8	2	3	5	7	0	0	0	0	0	0	0	0	3	12	0	0	6	0	0	0	0	8
389.600	8	7	0	5	3	5	0	0	0	0	0	0	0	0	3	10	0	0	3	0	0	0	0	1
389.800	10	7	2	8	7	6	0	0	0	0	0	0	0	0	5	17	0	0	4	0	0	0	0	10
390.000	13	7	3	3	6	5	0	0	0	0	0	0	0	0	6	12	0	0	6	0	0	0	0	2
390.200	10	10	3	2	9	5	0	0	0	0	0	0	0	0	5	8	0	0	3	0	0	0	0	0
390.400	10	11	5	6	3	2	0	0	0	0	0	0	0	0	5	11	0	0	4	0	0	0	0	0
390.600	9	11	4	6	6	5	0	0	0	0	0	0	0	0	8	9	0	0	6	0	0	0	0	0
390.800	11	8	4	2	6	5	0	0	0	0	0	0	0	0	4	12	0	0	6	0	0	0	0	0
391.000	8	9	0	4	4	5	0	0	0	0	0	0	0	0	5	9	0	0	5	0	0	0	0	0
391.200	6	9	2	3	6	7	0	0	0	0	0	0	0	0	7	11	0	0	5	0	0	0	0	0
391.400	9	9	5	6	6	6	0	0	0	0	0	0	0	0	11	13	0	0	7	0	0	0	0	0
391.600	9	11	3	1	5	4	0	0	0	0	0	0	0	0	12	11	0	0	5	0	0	0	0	1
391.800	11	7	4	2	5	7	0	0	0	0	0	0	0	0	9	12	0	0	4	0	0	0	0	0
392.000	11	8	3	7	4	6	0	0	0	0	0	0	0	0	7	8	0	0	5	0	0	0	0	0
392.200	11	7	4	8	4	5	0	0	0	0	0	0	0	0	8	8	0	0	3	0	0	0	0	0
392.400	12	8	0	4	3	5	0	0	0	0	0	0	0	0	4	16	0	0	4	0	0	0	0	0
392.600	12	8	4	6	3	4	0	0	0	0	0	0	0	0	3	14	0	0	7	0	0	0	0	0
392.800	13	7	4	9	5	6	0	0	0	0	0	0	0	0	4	13	0	0	6	0	0	0	0	0
393.000	10	6	1	4	5	5	0	0	0	0	0	0	0	0	6	16	0	0	5	0	0	0	0	0
393.200	11	9	0	2	7	8	0	0	0	0	0	0	0	0	4	18	0	0	5	0	0	0	0	0
393.400	12	6	1	2	9	4	0	0	0	0	0	0	0	0	6	16	0	0	6	0	0	0	0	0
393.600	9	8	2	3	7	5	0	0	0	0	0	0	0	0	8	13	0	0	4	0	0	0	0	0
393.800	11	11	4	6	8	5	0	0	0	0	0	0	0	0	5	18	0	0	5	0	0	0	0	0
394.000	8	7	0	4	5	6	0	0	0	0	0	0	0	0	5	12	0	0	4	0	0	0	0	0
394.200	10	8	0	8	10	8	0	0	0	0	0	0	0	0	6	10	0	0	5	0	0	0	0	0
394.400	11	13	2	3	7	5	0	0	0	0	0	0	0	0	9	21	0	0	6	0	0	0	0	0
394.600	10	10	1	1	4	5	0	0	0	0	0	0	0	0	4	14	0	0	3	0	0	0	0	0
394.800	12	11	2	4	5	4	0	0	0	0	0	0	0	0	4	22	0	0	5	0	0	0	0	0
395.000	8	10	4	3	4	5	0	0	0	0	0	0	0	0	6	15	0	0	4	0	0	0	0	0
395.200	11	7	2	1	6	7	0	0	0	0	0	0	0	0	4	14	0	0	4	0	0	0	0	0
395.400	11	10	5	4	6	3	0	0	0	0	0	0	0	0	4	12	0	0	8	0	0	0	0	0
395.600	12	6	1	9	5	5	0	0	0	0	0	0	0	0	3	12	0	0	7	0	0	0	0	0
395.800	13	8	2	5	4	6	0	0	0	0	0	0	0	0	3	11	0	0	5	0	0	0	0	0
396.000	9	6	3	4	1	6	0	0	0	0	0	0	0	0	1	11	0	0	6	0	0	0	0	0
396.200	11	7	0	1	2	2	0	0	0	0	0	0	0	0	4	15	0	0	5	0	0	0	0	0
396.400	8	8	4	5	6	6	0	0	0	0	0	0	0	0	3	11	0	0	4	0	0	0	0	0
396.600	11	12	5	9	4	5	0	0	0	0	0	0	0	0	6	15	0	0	5	0	0	0	0	0
396.800	13	11	0	5	3	6	0	0	0	0	0	0	0	0	6	14	0	0	4	0	0	0	0	0
397.000	10	10	0	0	8	6	0	0	0	0	0	0	0	0	2	11	0	0	4	0	0	0	0	0
397.200	11	10	5	2	5	5	0	0	0	0	0	0	0	0	4	14	0	0	6	0	0	0	0	0
397.400	10	10	2	4	7	10	0	0	0	0	0	0	0	0	3	17	0	0	5	0	0	0	0	0
397.600	11	8	5	4	7	11	0	0	0	0	0	0	0	0	4	13	0	0	5	0	0	0	0	0
397.800	12	6	2	3	7	5	0	0	0	0	0	0	0	0	2	11	0	0	2	0	0	0	0	0
398.000	5	11	3	1	1	5	0	0	0	0	0	0	0	0	5	13	0	0	4	0	0	0	0	0
398.200	9	9	7	6	5	10	0	0	0	0	0	0	0	0	4	11	0	0	7	0	0	0	0	0
398.400	7	6	1	0	8	7	0	0	0	0	0	0	0	0	6	11	0	0	6	0	0	0	0	0
398.600	8	7	3	2	8	9	0	0	0	0	0	0	0	0	4	12	0	0	4	0	0	0	0	0
398.800	9	10	3	2	3	8	0	0	0	0	0	0	0	0	3	10	0	0	4	0	0	0	0	0
399.000	2	8	9	5	3	5	0	0	0	0	0	0	0	0	2	14	0	0	7	0	0	0	0	0
399.200	3	11	9	6	6	1	0	0	0	0	0	0	0	0	1	10	0	0	5	0	0	0	0	0
399.400	6	11	1	6	9	6	0	0	0	0	0	0	0	0	2	16	0	0	5	0	0	0	0	0
399.600	7	10	0	4	4	1	0	0	0	0	0	0	0	0	5	11	0	0	4	0	0	0	0	0
399.800	3	7	4	4	5	5	0	0	0	0	0	0	0	0	3	9	0	0	6	0	0	0	0	0
400.000	7	8	0	3	6	5	0	0	0	0	0	0	0	0	4	12	0	0	5	0	0	0	0	0
400.200	5	14	7	6	7	9	0	0	0	0	0	0	0	0	4	13	0	0	4	0	0	0	0	0
400.400	9	7	1	2	5	7	0	0	0	0	0	0	0	0	1	14	0	0	0	0	0	0	0	0
400.600	5	10	4	3	6	8	0	0	0	0	0	0	0	0	7	8	0	0	4	0	0	0	0	0
400.800	9	6	0	0	7	4	0	0	0	0	0	0	0	0	6	10	0	0	5	0	0	0	0	0
401.000	10	8	0	0	11	10	0	0	0	0	0	0	0	0	3	13	0	0	7	0	0	0	0	0
401.200	8	9	0	0	8	9	0	0	0	0	0	0	0	0	4	11	0	0	3	0	0	0	0	0
401.400	7	14	1	0	6	5	0	0	0	0	0	0	0	0	1	19	0	0	5	0	0	0	0	0
401.600	6	8	1	5	4	4	0	0	0	0	0	0	0	0	2	13	0	0	3	0	0	0	0	0
401.800	8	8	0	5	2	4	0	0	0	0	0	0	0	0	5	14	0	0	5	0	0	0	0	0
402.000	7	12	2	5	3	6	0	0	0	0	0	0	0	0	3	14	0	0	4	0	0	0	0	1
402.200	5	11	4	8	4	7	0	0	0	0	0	0	0	0	4	12	0	0	5	0	0	0	0	0
402.400	3	10	2	6	4	4	0	0	0	0	0	0	0	0	3	16	0	0	6	0	0	0	0	0
402.600	3	8	1	7	9	6	0	0	0	0	0	0	0	0	4	19	0	0	6	0	0	0	0	2
402.800	4	13	0	5	8	2	0	0	0	0	0	0	0	0	5	17	0	0	4	0	0	0	0	0
403.000	3	9	0	1	5	5	0	0	0	0	0	0	0	0	3	17	0	0	4	0	0	0	0	0
403.200	8	13	3	2	7	7	0	0	0	0	0	0	0	0	6	10	0	0	6	0	0	0	0	0
403.400	9	12	2	2	6	5	0	0	0	0	0	0	0	0	3	14	0	0	5	0	0	0	0	0
403.600	8	10	5	8	6	6	0	0	0	0	0	0	0	0	6	11	0	0	4	0	0	0	0	2
403.800	6	11	6	5	7	5	0	0	0	0	0	0	0	0	7	6	0	0	5	0	0	0	0	0
404.000	2	10	7	4	7	8	0	0	0	0	0	0	0	0	2	7	0	0	5	0	0	0	0	5
404.200	4	10	6	8	8	5	0	0	0	0	0	0	0	0	4	8	0	0	5	0	0	0	0	5
404.400	5	13	0	2	6	6	0	0	0	0	0	0	0	0	7	15	0	0	6	0	0	0	0	6
404.600	6	11	2	2	8	4	0	0	0	0	0	0	0	0	4	11	0	0	4	0	0	0	0	2
404.800	10	11	7	6	5	7	0	0	0	0	0	0	0	0	6	13	0	0	4	0	0	0	0	5
405.000	7	11	0	1	7	6	0	0	0	0	0	0	0	0	3	10	0	0	3	0	0	0	0	6
405.200	6	9	5	1	8	5	0	0	0	0	0	0	0	0	4	6	0	0	3	0	0	0	0	5
405.400	7	8	1	1	7	5	0	0	0	0	0	0	0	0	4	19	0	0	7	0	0	0	0	3
405.600	9	12	3	2	8	5	0	0	0	0	0	0	0	0	8	17	0	0	6	0	0	0	0	2
405.800	7	8	6	3	8	3	0	0	0	0	0	0	0	0	4	6	0	0	4	0	0	0	0	3
406.000	9	8	1	2	8	5	0	0	0	0	0	0	0	0	2	10	0	0	5	0	0	0	0	4
406.200	7	8	0	2	10	6	0	0	0	0	0	0	0	0	4	11	0	0	6	0	0	0	0	6
406.400	1	9	6	3	5	5	0	0	0	0	0	0	0	0	4	13	0	0	6	0	0	0	0	6
406.600	8	11	0	2	6	5	0	0	0	0	0	0	0	0	5	17	0	0	5	0	0	0	0	3
406.800	3	5	2	1	5	3	0	0	0	0	0	0	0	0	4	17	0	0	5	0	0	0	0	5
407.000	4	12	4	3	7	5	0	0	0	0	0	0	0	0	1	12	0	0	1	0	0	0	0	8
407.200	8	7	0	1	6	6	0	0	0	0	0	0	0	0	7	15	0	0	5	0	0	0	0	5
407.400	4	15	4	2	3	2	0	0	0	0	0	0	0	0	4	19	0	0	4	0	0	0	0	8
407.600	6	10	4	3	4	6	0	0	0	0	0	0	0	0	3	17	0	0	5	0	0	0	0	5
407.800	7	8	0	0	8	10	0	0	0	0	0	0	0	0	3	13	0	0	6	0	0	0	0	8
408.000	5	11	0	6	6	5	0	0	0	0	0	0	0	0	3	14	0	0	6	0	0	0	0	8
408.200	6	12	4	7	7	3	0	0	0	0	0	0	0	0	4	12	0	0	5	0	0	0	0	5
408.400	11	10	0	6	5	4	0	0	0	0	0	0	0	0	4	11	0	0	6	0	0	0	0	6
408.600	11	11	0	0	6	2	0	0	0	0	0	0	0	0	6	14	0	0	4	0	0	0	0	3
408.800	4	5	0	1	5	3	0	0	0	0	0	0	0	0	4	18	0	0	3	0	0	0	0	3
409.000	5	10	0	1	6	4	0	0	0	0	0	0	0	0	4	14	0	0	3	0	0	0	0	6
409.200	4	11	2	0	11	11	0	0	0	0	0	0	0	0	6	15	0	0	5	0	0	0	0	5
409.400	2	10	3	2	6	7	0	0	0	0	0	0	0	0	2	19	0	0	4	0	0	0	0	6
409.600	4	12	2	1	8	7	0	0	0	0	0	0	0	0	9	12	0	0	5	0	0	0	0	8
409.800	4	6	0	6	8	10	0	0	0	0	0	0	0	0	2	13	0	0	5	0	0	0	0	5
410.000	4	4	0	3	10	8	0	0	0	0	0	0	0	0	2	14	0	0	7	0	0	0	0	7
410.200	5	4	0	2	7	11	0	0	0	0	0	0	0	0	4	19	0	0	5	0	0	0	0	6
410.400	4	9	0	1	9	11	0	0	0	0	0	0	0	0	4	13	0	0	6	0	0	0	0	7
410.600	3	7	3	4	6	10	0	0	0	0	0	0	0	0	3	13	0	0	7	0	0	0	0	7
410.800	0	6	1	0	9	9	0	0	0	0	0	0	0	0	5	12	0	0	5	0	0	0	0	0
411.000	3	4	1	3	9	10	0	0	0	0	0	0	0	0	7	14	0	0	6	0	0	0	0	0
411.200	4	3	0	0	9	4	0	0	0	0	0	0	0	0	2	20	0	0	5	0	0	0	0	0
411.400	5	3	0	2	4	3	0	0	0	0	0	0	0	0	9	13	0	0	6	0	0	0	0	3
411.600	5	4	0	0	7	6	0	0	0	0	0	0	0	0	6	17	0	0	7	0	0	0	0	0
411.800	4	3	0	0	8	9	0	0	0	0	0	0	0	0	2	11	0	0	6	0	0	0	0	0
412.000	4	5	0	1	9	9	0	0	0	0	0	0	0	0	6	18	0	0	4	0	0	0	0	0
412.200	4	6	0	1	11	9	0	0	0	0	0	0	0	0	5	21	0	0	6	0	0	0	0	2
412.400	4	7	3	2	8	11	0	0	0	0	0	0	0	0	7	13	0	0	5	0	0	0	0	6
412.600	7	8	3	5	11	8	0	0	0	0	0	0	0	0	5	19	0	0	6	0	0	0	0	0
412.800	10	8	1	4	12	7	0	0	0	0	0	0	0	0	5	18	0	0	7	0	0	0	0	9
413.000	9	11	0	0	10	8	0	0	0	0	0	0	0	0	4	12	0	0	3	0	0	0	0	10
413.200	10	10	1	2	7	9	0	0	0	0	0	0	0	0	5	15	0	0	4	0	0	0	0	1
413.400	13	12	3	4	9	6	0	0	0	0	0	0	0	0	5	17	0	0	7	0	0	0	0	3
413.600	12	10	3	5	2	6	0	0	0	0	0	0	0	0	2	17	0	0	7	0	0	0	0	3
413.800	11	11	0	0	8	8	0	0	0	0	0	0	0	0	4	22	0	0	5	0	0	0	0	1
414.000	13	9	0	2	8	7	0	0	0	0	0	0	0	0	3	20	0	0	7	0	0	0	0	1
414.200	7	5	2	4	4	9	0	0	0	0	0	0	0	0	5	17	0	0	6	0	0	0	0	2
414.400	8	10	0	4	9	7	0	0	0	0	0	0	0	0	4	9	0	0	4	0	0	0	0	1
414.600	10	10	0	3	7	2	0	0	0	0	0	0	0	0	4	14	0	0	4	0	0	0	0	7
414.800	7	8	0	4	9	12	0	0	0	0	0	0	0	0	5	15	0	0	4	0	0	0	0	7
415.000	8	7	0	5	5	13	0	0	0	0	0	0	0	0	5	16	0	0	6	0	0	0	0	3
415.200	7	7	2	0	4	6	0	0	0	0	0	0	0	0	8	14	0	0	4	0	0	0	0	5
415.400	8	7	0	2	8	11	0	0	0	0	0	0	0	0	9	9	0	0	5	0	0	0	0	5
415.600	9	8	0	0	3	8	0	0	0	0	0	0	0	0	9	13	0	0	6	0	0	0	0	3
415.800	9	9	0	0	6	9	0	0	0	0	0	0	0	0	3	6	0	0	4	0	0	0	0	4
416.000	10	11	0	0	9	6	0	0	0	0	0	0	0	0	5	19	0	0	3	0	0	0	0	4
416.200	9	7	0	1	9	12	0	0	0	0	0	0	0	0	2	12	0	0	5	0	0	0	0	4
416.400	12	10	0	1	4	4	0	0	0	0	0	0	0	0	7	13	0	0	3	0	0	0	0	4
416.600	9	9	0	4	5	10	0	0	0	0	0	0	0	0	6	11	0	0	6	0	0	0	0	6
416.800	11	12	0	1	5	6	0	0	0	0	0	0	0	0	4	15	0	0	4	0	0	0	0	6
417.000	5	8	0	3	9	9	0	0	0	0	0	0	0	0	2	6	0	0	3	0	0	0	0	1
417.200	12	9	0	3	11	11	0	0	0	0	0	0	0	0	10	15	0	0	5	0	0	0	0	1
417.400	8	7	0	2	8	9	0	0	0	0	0	0	0	0	2	11	0	0	3	0	0	0	0	0
417.600	6	8	0	1	8	11	0	0	0	0	0	0	0	0	6	16	0	0	6	0	0	0	0	0
417.800	5	8	0	3	2	9	0	0	0	0	0	0	0	0	4	11	0	0	6	0	0	0	0	0
418.000	7	9	0	2	11	12	0	0	0	0	0	0	0	0	3	11	0	0	5	0	0	0	0	0
418.200	7	9	0	2	6	11	0	0	0	0	0	0	0	0	4	14	0	0	6	0	0	0	0	0
418.400	7	10	0	2	5	9	0	0	0	0	0	0	0	0	6	12	0	0	5	0	0	0	0	0
418.600	10	12	0	0	6	6	0	0	0	0	0	0	0	0	6	17	0	0	3	0	0	0	0	0
418.800	9	6	0	3	5	7	0	0	0	0	0	0	0	0	5	10	0	0	4	0	0	0	0	0
419.000	9	9	0	1	7	7	0	0	0	0	0	0	0	0	5	15	0	0	5	0	0	0	0	0
419.200	9	10	0	1	5	4	0	0	0	0	0	0	0	0	3	10	0	0	8	0	0	0	0	0
419.400	9	9	0	0	5	6	0	0	0	0	0	0	0	0	7	12	0	0	7	0	0	0	0	0
419.600	12	8	0	1	3	8	0	0	0	0	0	0	0	0	13	15	0	0	9	0	0	0	0	0
419.800	8	14	0	0	5	6	0	0	0	0	0	0	0	0	7	11	0	0	6	0	0	0	0	0
420.000	11	8	0	1	5	7	0	0	0	0	0	0	0	0	5	14	0	0	6	0	0	0	0	0
420.200	10	8	2	0	5	10	0	0	0	0	0	0	0	0	2	17	0	0	5	0	0	0	0	0
420.400	9	6	0	2	4	8	0	0	0	0	0	0	0	0	5	14	0	0	6	0	0	0	0	0
420.600	11	6	0	2	6	12	0	0	0	0	0	0	0	0	4	13	0	0	7	0	0	0	0	0
420.800	5	8	1	6	10	3	0	0	0	0	0	0	0	0	6	8	0	0	3	0	0	0	0	0
421.000	7	8	0	3	7	9	0	0	0	0	0	0	0	0	4	15	0	0	4	0	0	0	0	0
421.200	7	11	0	5	4	6	0	0	0	0	0	0	0	0	4	12	0	0	4	0	0	0	0	0
421.400	6	11	0	5	7	7	0	0	0	0	0	0	0	0	7	15	0	0	4	0	0	0	0	0
421.600	6	12	0	2	3	9	0	0	0	0	0	0	0	0	6	15	0	0	5	0	0	0	0	0
421.800	9	13	0	0	6	11	0	0	0	0	0	0	0	0	6	11	0	0	6	0	0	0	0	0
422.000	7	9	0	0	6	10	0	0	0	0	0	0	0	0	2	13	0	0	6	0	0	0	0	2
422.200	9	8	0	0	3	9	0	0	0	0	0	0	0	0	3	13	0	0	6	0	0	0	0	2
422.400	7	8	0	0	2	9	0	0	0	0	0	0	0	0	3	12	0	0	3	0	0	0	0	5
422.600	9	9	0	0	8	12	0	0	0	0	0	0	0	0	8	15	0	0	6	0	0	0	0	0
422.800	9	11	2	3	7	13	0	0	0	0	0	0	0	0	2	16	0	0	4	0	0	0	0	6
423.000	7	11	0	2	5	9	0	0	0	0	0	0	0	0	3	20	0	0	5	0	0	0	0	9
423.200	6	7	0	1	3	7	0	0	0	0	0	0	0	0	3	16	0	0	6	0	0	0	0	5
423.400	7	6	0	3	3	7	0	0	0	0	0	0	0	0	2	9	0	0	8	0	0	0	0	5
423.600	9	9	0	0	2	6	0	0	0	0	0	0	0	0	6	12	0	0	5	0	0	0	0	6
423.800	9	12	0	0	5	5	0	0	0	0	2	0	0	0	6	9	0	0	5	0	0	0	0	7
424.000	8	10	0	2	8	8	0	0	0	0	0	0	0	0	4	18	0	0	5	0	0	0	0	7
424.200	12	6	0	0	5	13	0	0	0	0	0	0	0	0	6	11	0	0	7	0	0	0	0	7
424.400	7	9	5	4	6	5	0	0	0	0	0	0	0	0	6	14	0	0	7	0	0	0	0	10
424.600	9	10	2	1	7	6	0	0	0	0	0	0	0	0	6	8	0	0	6	0	0	0	0	8
424.800	10	5	4	3	9	7	0	0	0	0	0	0	0	0	5	9	0	0	7	0	0	0	0	8
425.000	6	9	2	1	4	9	0	0	0	0	0	0	0	0	3	11	0	0	3	0	0	0	0	9
425.200	8	13	2	1	6	7	0	0	0	0	0	0	0	0	3	11	0	0	8	0	0	0	0	8
425.400	10	8	0	6	5	7	0	0	0	0	0	0	0	0	7	14	0	0	4	0	0	0	0	9
425.600	8	8	1	7	2	4	0	0	0	0	0	0	0	0	9	18	0	0	6	0	0	0	0	9
425.800	7	8	0	2	4	15	0	0	0	0	0	0	0	0	10	13	0	0	8	0	0	0	0	11
426.000	13	9	0	5	3	10	0	0	0	0	0	0	0	0	4	18	0	0	5	0	0	0	0	11
426.200	11	9	4	7	4	6	0	0	0	0	0	0	0	0	4	16	0	0	5	0	0	0	0	9
426.400	7	10	4	6	3	10	0	0	0	0	0	0	0	0	4	13	0	0	5	0	0	0	0	9
426.600	7	9	0	1	4	6	0	0	0	0	0	0	0	0	3	8	0	0	5	0	0	0	0	3
426.800	6	6	0	5	5	4	0	0	0	0	0	0	0	0	5	12	0	0	7	0	0	0	0	1
427.000	3	10	4	8	3	6	0	0	0	0	0	0	0	0	4	14	0	0	7	0	0	0	0	0
427.200	3	10	0	1	5	6	0	0	0	0	0	0	0	0	2	12	0	0	8	0	0	0	0	0
427.400	4	8	2	0	3	11	0	0	0	0	0	0	0	0	4	13	0	0	7	0	0	0	0	0
427.600	9	12	1	0	5	9	0	0	0	0	0	0	0	0	2	8	0	0	6	0	0	0	0	0
427.800	3	6	1	1	2	4	0	0	0	0	0	0	0	0	1	16	0	0	4	0	0	0	0	0
428.000	11	8	2	3	2	6	0	0	0	0	0	0	0	0	2	13	0	0	6	0	0	0	0	0
428.200	8	7	0	0	5	9	0	0	0	0	0	0	0	0	5	12	0	0	8	0	0	0	0	0
428.400	8	11	0	2	2	7	0	0	0	0	0	0	0	0	6	13	0	0	3	0	0	0	0	0
428.600	7	9	0	1	5	5	0	0	0	0	0	0	0	0	3	18	0	0	7	0	0	0	0	0
428.800	9	9	0	1	5	6	0	0	0	0	0	0	0	0	5	19	0	0	6	0	0	0	0	0
429.000	4	14	7	4	5	6	0	0	0	0	0	0	0	0	4	17	0	0	6	0	0	0	0	1
429.200	4	6	3	0	7	7	0	0	0	0	0	0	0	0	7	13	0	0	6	0	0	0	0	0
429.400	7	5	2	4	4	5	0	0	0	0	0	0	0	0	2	6	0	0	5	0	0	0	0	0
429.600	6	12	1	2	5	7	0	0	0	0	0	0	0	0	4	13	0	0	3	0	0	0	0	0
429.800	9	10	0	5	3	3	0	0	0	0	0	0	0	0	4	10	0	0	5	0	0	0	0	0
430.000	7	11	5	7	7	8	0	0	0	0	0	0	0	0	1	13	0	0	3	0	0	0	0	0
430.200	8	11	0	4	2	5	0	0	0	0	0	0	0	0	0	11	0	0	3	0	0	0	0	4
430.400	10	5	4	2	3	4	0	0	0	0	0	0	0	0	4	14	0	0	4	0	0	0	0	4
430.600	8	11	0	6	4	8	0	0	0	0	0	0	0	0	2	14	0	0	3	0	0	0	0	2
430.800	5	13	3	2	5	8	0	0	0	0	0	0	0	0	3	17	0	0	3	0	0	0	0	7
431.000	10	14	3	8	5	7	0	0	0	0	0	0	0	0	5	18	0	0	6	0	0	0	0	3
431.200	8	13	6	10	3	7	0	0	0	0	0	0	0	0	5	11	0	0	9	0	0	0	0	5
431.400	8	15	1	9	3	5	0	0	0	0	0	0	0	0	10	5	0	0	6	0	0	0	0	7
431.600	7	9	5	8	6	8	0	0	0	0	0	0	0	0	5	13	0	0	5	0	0	0	0	8
431.800	11	10	3	6	2	2	0	0	0	0	0	0	0	0	1	11	0	0	5	0	0	0	0	10
432.000	9	13	7	5	2	6	0	0	0	0	0	0	0	0	8	6	0	0	7	0	0	0	0	5
432.200	9	9	3	7	6	8	0	0	0	0	0	0	0	0	6	12	0	0	5	0	0	0	0	12
432.400	12	9	5	4	1	6	0	0	0	0	0	0	0	0	4	14	0	0	3	0	0	0	0	13
432.600	7	10	4	2	4	10	0	0	0	0	0	0	0	0	6	15	0	0	4	0	0	0	0	6
432.800	7	9	4	4	3	11	0	0	0	0	0	0	0	0	7	8	0	0	8	0	0	0	0	7
433.000	6	8	0	3	3	10	0	0	0	0	0	0	0	0	2	10	0	0	4	0	0	0	0	7
433.200	4	13	7	9	3	7	0	0	0	0	0	0	0	0	10	8	0	0	4	0	0	0	0	10
433.400	9	11	8	7	3	3	0	0	0	0	0	0	0	0	5	5	0	0	3	0	0	0	0	10
433.600	5	9	3	4	6	12	0	0	0	0	0	0	0	0	2	5	0	0	4	0	0	0	0	5
433.800	6	10	0	5	7	7	0	0	0	0	0	0	0	0	6	13	0	0	4	0	0	0	0	6
434.000	9	10	3	8	6	3	0	0	0	0	0	0	0	0	5	6	0	0	2	0	0	0	0	4
434.200	6	8	4	8	6	8	0	0	0	0	0	0	0	0	7	9	0	0	4	0	0	0	0	3
434.400	8	12	4	7	8	8	0	0	0	0	0	0	0	0	6	15	0	0	4	0	0	0	0	4
434.600	4	8	3	5	3	8	0	0	0	0	0	0	0	0	6	12	0	0	5	0	0	0	0	4
434.800	3	9	4	7	2	2	0	0	0	0	0	0	0	0	7	18	0	0	5	0	0	0	0	6
435.000	3	9	4	7	6	8	0	0	0	0	0	0	0	0	5	18	0	0	4	0	0	0	0	5
435.200	6	10	10	6	7	5	0	0	0	0	0	0	0	0	4	11	0	0	2	0	0	0	0	0
435.400	6	9	0	1	2	6	0	0	0	0	0	0	0	0	6	18	0	0	0	0	0	0	0	1
435.600	5	11	7	6	2	7	0	0	0	0	0	0	0	0	2	18	0	0	1	0	0	0	0	2
435.800	7	8	9	10	4	5	0	0	0	0	0	0	0	0	2	10	0	0	0	0	0	0	0	3
436.000	6	10	2	6	7	9	0	0	0	0	0	0	0	0	3	14	0	0	1	0	0	0	0	0
436.200	5	10	6	8	2	8	0	0	0	0	0	0	0	0	4	18	0	0	4	0	0	0	0	0
436.400	8	6	4	7	4	11	0	0	0	0	0	0	0	0	1	18	0	0	5	0	0	0	0	1
436.600	7	10	5	10	5	6	0	0	0	0	0	0	0	0	9	20	0	0	7	0	0	0	0	1
436.800	9	8	3	8	4	5	0	0	0	0	0	0	0	0	4	13	0	0	0	0	0	0	0	2
437.000	7	7	4	9	5	5	0	0	0	0	0	0	0	0	2	14	0	0	1	0	0	0	0	3
437.200	6	10	1	5	5	2	0	0	0	0	0	0	0	0	5	19	0	0	2	0	0	0	0	5
437.400	4	13	7	7	5	6	0	0	0	0	0	0	0	0	4	18	0	0	5	0	0	0	0	3
437.600	9	6	3	8	2	7	0	0	0	0	0	0	0	0	4	14	0	0	4	0	0	0	0	3
437.800	4	16	3	7	5	8	0	0	0	0	0	0	0	0	8	15	0	0	3	0	0	0	0	4
438.000	2	10	0	5	3	4	0	0	0	0	0	0	0	0	3	17	0	0	4	0	0	0	0	5
438.200	1	12	0	1	5	8	0	0	0	0	0	0	0	0	9	13	0	0	5	0	0	0	0	3
438.400	3	8	2	5	6	2	0	0	0	0	0	0	0	0	7	15	0	0	3	0	0	0	0	6
438.600	3	6	0	2	6	5	0	0	0	0	0	0	0	0	7	18	0	0	4	0	0	0	0	5
438.800	8	11	0	0	7	9	0	0	0	0	0	0	0	0	7	15	0	0	3	0	0	0	0	4
439.000	9	11	0	4	3	8	0	0	0	0	0	0	0	0	8	17	0	0	5	0	0	0	0	3
439.200	5	9	1	2	6	9	0	0	0	0	0	0	0	0	3	17	0	0	3	0	0	0	0	4
439.400	7	7	0	1	2	6	0	0	0	0	0	0	0	0	4	23	0	0	4	0	0	0	0	4
439.600	7	9	0	0	7	5	0	0	0	0	0	0	0	0	5	12	0	0	3	0	0	0	0	6
439.800	5	10	2	1	6	4	0	0	0	0	0	0	0	0	8	15	0	0	4	0	0	0	0	6
440.000	5	13	0	3	4	6	0	0	0	0	0	0	0	0	4	14	0	0	6	0	0	0	0	1
440.200	4	13	0	0	7	11	0	0	0	0	0	0	0	0	4	14	0	0	6	0	0	0	0	8
440.400	7	8	5	3	6	13	0	0	0	0	0	0	0	0	4	19	0	0	5	0	0	0	0	9
440.600	6	12	0	0	4	6	0	0	0	0	0	0	0	0	6	12	0	0	4	0	0	0	0	12
440.800	8	8	0	0	4	7	0	0	0	0	0	0	0	0	6	12	0	0	3	0	0	0	0	14
441.000	4	7	0	0	6	5	0	0	0	0	0	0	0	0	7	14	0	0	2	0	0	0	0	6
441.200	9	10	0	0	3	5	0	0	0	0	0	0	0	0	5	15	0	0	3	0	0	0	0	12
441.400	6	12	2	4	4	6	0	0	0	0	0	0	0	0	5	16	0	0	6	0	0	0	0	11
441.600	8	15	0	1	4	3	0	0	0	0	0	0	0	0	7	20	0	0	5	0	0	0	0	5
441.800	9	10	0	1	3	2	0	0	0	0	0	0	0	0	3	15	0	0	1	0	0	0	0	8
442.000	4	11	0	0	9	13	0	0	0	0	0	0	0	0	4	20	0	0	3	0	0	0	0	7
442.200	7	6	2	3	5	5	0	0	0	0	0	0	0	0	3	9	0	0	7	0	0	0	0	9
442.400	8	7	1	2	4	6	0	0	0	0	0	0	0	0	4	14	0	0	7	0	0	0	0	9
442.600	8	13	1	1	7	5	0	0	0	0	0	0	0	0	6	9	0	0	4	0	0	0	0	13
442.800	3	9	1	5	6	9	0	0	0	0	0	0	0	0	8	23	0	0	5	0	0	0	0	8
443.000	9	15	0	3	6	4	0	0	0	0	0	0	0	0	5	11	0	0	5	0	0	0	0	10
443.200	9	14	5	1	6	8	0	0	0	0	0	0	0	0	2	15	0	0	3	0	0	0	0	13
443.400	7	12	2	1	4	10	0	0	0	0	0	0	0	0	4	12	0	0	4	0	0	0	0	14
443.600	6	8	2	6	2	5	0	0	0	0	0	0	0	0	3	16	0	0	6	0	0	0	0	8
443.800	10	12	4	2	1	7	0	0	0	0	0	0	0	0	3	9	0	0	5	0	0	0	0	11
444.000	8	11	3	9	5	6	0	0	0	0	0	0	0	0	2	7	0	0	6	0	0	0	0	10
444.200	6	8	0	5	7	6	0	0	0	0	0	0	0	0	4	14	0	0	4	0	0	0	0	7
444.400	7	10	7	2	4	6	0	0	0	0	0	0	0	0	2	11	0	0	5	0	0	0	0	6
444.600	8	12	5	2	3	7	0	0	0	0	2	0	0	0	3	17	0	0	5	0	0	0	0	7
444.800	4	11	5	3	3	8	0	0	0	0	0	0	0	0	8	11	0	0	5	0	0	0	0	11
445.000	4	8	6	2	4	11	0	0	0	0	0	0	0	0	4	10	0	0	6	0	0	0	0	5
445.200	9	9	4	2	6	6	0	0	0	0	0	0	0	0	5	6	0	0	4	0	0	0	0	6
445.400	9	11	3	1	5	7	0	0	0	0	0	0	0	0	3	9	0	0	4	0	0	0	0	7
445.600	6	8	1	0	4	9	0	0	0	0	0	0	0	0	4	11	0	0	7	0	0	0	0	8
445.800	3	10	6	4	3	6	0	0	0	0	0	0	0	0	6	12	0	0	4	0	0	0	0	10
446.000	6	8	0	1	2	7	0	0	0	0	0	0	0	0	2	10	0	0	4	0	0	0	0	10
446.200	5	12	7	3	3	9	0	0	0	0	0	0	0	0	8	13	0	0	1	0	0	0	0	15
446.400	6	9	6	5	3	3	0	0	0	0	0	0	0	0	6	12	0	0	6	0	0	0	0	13
446.600	5	11	11	5	6	6	0	0	0	0	0	0	0	0	4	9	0	0	7	0	0	0	0	10
446.800	6	11	6	5	5	13	0	0	0	0	0	0	0	0	6	14	0	0	7	0	0	0	0	12
447.000	5	9	1	3	8	13	0	0	0	0	0	0	0	0	7	15	0	0	6	0	0	0	0	7
447.200	4	7	10	9	5	10	0	0	0	0	0	0	0	0	8	15	0	0	4	0	0	0	0	8
447.400	3	8	1	5	5	4	0	0	0	0	0	0	0	0	4	15	0	0	6	0	0	0	0	8
447.600	4	10	0	2	8	14	0	0	0	0	3	0	0	0	4	16	0	0	5	0	0	0	0	7
447.800	10	7	0	0	5	12	0	0	0	0	1	0	0	0	5	12	0	0	6	0	0	0	0	8
448.000	4	6	2	5	3	10	0	0	0	0	0	0	0	0	5	21	0	0	4	0	0	0	0	9
448.200	4	8	3	8	6	11	0	0	0	0	1	0	0	0	4	8	0	0	4	0	0	0	0	5
448.400	6	8	3	3	4	12	0	0	0	0	2	0	0	0	5	16	0	0	4	0	0	0	0	10
448.600	6	9	3	3	6	10	0	0	0	0	3	0	0	0	4	9	0	0	7	0	0	0	0	10
448.800	6	8	1	5	6	8	0	0	0	0	0	0	0	0	6	8	0	0	6	0	0	0	0	13
449.000	5	6	4	8	8	9	0	0	0	0	0	0	0	0	2	20	0	0	4	0	0	0	0	12
449.200	6	8	0	1	8	6	0	0	0	0	0	0	0	0	5	10	0	0	6	0	0	0	0	12
449.400	6	5	3	1	7	11	0	0	0	0	0	0	0	0	2	13	0	0	4	0	0	0	0	7
449.600	7	5	0	0	3	4	0	0	0	0	0	0	0	0	3	11	0	0	4	0	0	0	0	6
449.800	5	10	0	0	2	10	0	0	0	0	1	0	0	0	1	17	0	0	3	0	0	0	0	9
450.000	6	4	0	3	6	14	0	0	0	0	1	0	0	0	5	15	0	0	4	0	0	0	0	8
450.200	5	4	0	2	4	10	0	0	0	0	0	0	0	0	6	13	0	0	3	0	0	0	0	8
450.400	4	10	4	4	4	12	0	0	0	0	0	0	0	0	1	14	0	0	3	0	0	0	0	10
450.600	3	8	7	2	3	8	0	0	0	0	0	0	0	0	2	15	0	0	4	0	0	0	0	5
450.800	10	14	0	3	8	11	0	0	0	0	0	0	0	0	3	18	0	0	5	0	0	0	0	7
451.000	8	8	3	3	2	8	0	0	0	0	3	0	0	0	2	16	0	0	4	0	0	0	0	10
451.200	8	10	1	3	6	13	0	0	0	0	2	0	0	0	2	15	0	0	7	0	0	0	0	8
451.400	11	6	4	1	8	5	0	0	0	0	0	0	0	0	5	14	0	0	4	0	0	0	0	6
451.600	4	9	7	2	7	6	0	0	0	0	0	0	0	0	4	11	0	0	7	0	0	0	0	12
451.800	5	4	3	2	6	8	0	0	0	0	0	0	0	0	3	10	0	0	4	0	0	0	0	14
452.000	2	7	5	3	8	8	0	0	0	0	0	0	0	0	6	11	0	0	6	0	0	0	0	5
452.200	3	8	3	6	5	8	0	0	0	0	0	0	0	0	3	18	0	0	6	0	0	0	0	7
452.400	9	11	1	8	8	8	0	0	0	0	0	0	0	0	4	16	0	0	5	0	0	0	0	9
452.600	7	7	6	6	8	8	0	0	0	0	1	0	0	0	3	14	0	0	7	0	0	0	0	9
452.800	7	7	2	0	10	10	0	0	0	0	0	0	0	0	3	11	0	0	5	0	0	0	0	6
453.000	7	12	6	4	2	8	0	0	0	0	0	0	0	0	5	9	0	0	6	0	0	0	0	9
453.200	7	14	4	1	7	10	0	0	0	0	0	0	0	0	4	17	0	0	7	0	0	0	0	5
453.400	6	9	6	3	5	7	0	0	0	0	2	0	0	0	4	7	0	0	7	0	0	0	0	5
453.600	8	14	3	3	6	11	0	0	0	0	0	0	0	0	2	9	0	0	4	0	0	0	0	10
453.800	8	14	4	4	6	14	0	0	0	0	1	0	0	0	6	11	0	0	4	0	0	0	0	7
454.000	8	9	4	2	4	14	0	0	0	0	1	0	0	0	3	9	0	0	6	0	0	0	0	5
454.200	7	11	7	5	2	12	0	0	0	0	0	0	0	0	3	11	0	0	7	0	0	0	0	5
454.400	9	12	5	4	6	13	0	0	0	0	0	0	0	0	4	13	0	0	4	0	0	0	0	5
454.600	10	10	2	1	2	11	0	0	0	0	0	0	0	0	3	12	0	0	5	0	0	0	0	8
454.800	8	6	1	1	4	8	0	0	0	0	0	0	0	0	3	18	0	0	4	0	0	0	0	8
455.000	11	12	7	2	5	5	0	0	0	0	0	0	0	0	3	16	0	0	5	0	0	0	0	7
455.200	7	4	0	0	1	9	0	0	0	0	0	0	0	0	6	17	0	0	6	0	0	0	0	7
455.400	5	10	5	2	3	8	0	0	0	0	0	0	0	0	8	14	0	0	4	0	0	0	0	11
455.600	9	9	5	2	6	11	0	0	0	0	0	0	0	0	4	17	0	0	7	0	0	0	0	8
455.800	9	9	6	0	8	14	0	0	0	0	0	0	0	0	5	12	0	0	6	0	0	0	0	8
456.000	10	5	0	1	5	12	0	0	0	0	0	0	0	0	4	16	0	0	6	0	0	0	0	4
456.200	9	5	1	1	5	9	0	0	0	0	0	0	0	0	2	8	0	0	1	0	0	0	0	12
456.400	10	8	1	0	2	12	0	0	0	0	0	0	0	0	2	10	0	0	6	0	0	0	0	6
456.600	11	4	1	0	7	10	0	0	0	0	0	0	0	0	5	18	0	0	7	0	0	0	0	6
456.800	7	8	4	4	4	5	0	0	0	0	0	0	0	0	5	16	0	0	7	0	0	0	0	7
457.000	11	8	5	2	6	2	0	0	0	0	0	0	0	0	4	10	0	0	6	0	0	0	0	10
457.200	11	6	2	2	6	5	0	0	0	0	0	0	0	0	4	7	0	0	5	0	0	0	0	9
457.400	8	7	1	3	7	5	0	0	0	0	2	0	0	0	6	15	0	0	4	0	0	0	0	7
457.600	9	8	7	4	8	8	0	0	0	0	2	0	0	0	1	11	0	0	5	0	0	0	0	7
457.800	7	7	0	0	4	9	0	0	0	0	3	0	0	0	2	11	0	0	5	0	0	0	0	11
458.000	9	10	0	0	6	7	0	0	0	0	3	0	0	0	1	15	0	0	7	0	0	0	0	7
458.200	12	13	0	1	7	8	0	0	0	0	0	0	0	0	4	10	0	0	6	0	0	0	0	10
458.400	10	13	0	0	8	10	0	0	0	0	0	0	0	0	5	14	0	0	7	0	0	0	0	13
458.600	10	10	0	0	7	12	0	0	0	0	3	0	0	0	3	10	0	0	7	0	0	0	0	7
458.800	9	8	0	0	7	11	0	0	0	0	3	0	0	0	5	11	0	0	6	0	0	0	0	11
459.000	7	9	0	1	4	10	0	0	0	0	3	0	0	0	3	15	0	0	8	0	0	0	0	12
459.200	12	12	0	0	6	11	0	0	0	0	3	0	0	0	3	12	0	0	7	0	0	0	0	7
459.400	12	9	0	0	10	5	0	0	0	0	0	0	0	0	4	15	0	0	8	0	0	0	0	11
459.600	8	7	0	0	6	7	0	0	0	0	0	0	0	0	3	13	0	0	6	0	0	0	0	6
459.800	7	5	0	1	3	5	0	0	0	0	0	0	0	0	10	5	0	0	4	0	0	0	0	10
460.000	4	6	0	0	5	3	0	0	0	0	0	0	0	0	2	10	0	0	6	0	0	0	0	13
460.200	3	8	0	0	4	6	0	0	0	0	0	0	0	0	2	15	0	0	7	0	0	0	0	6
460.400	3	5	0	0	4	11	0	0	0	0	0	0	0	0	6	9	0	0	6	0	0	0	0	11
460.600	3	4	0	1	7	4	0	0	0	0	0	0	0	0	7	12	0	0	7	0	0	0	0	6
460.800	2	8	0	2	3	5	0	0	0	0	0	0	0	0	2	8	0	0	5	0	0	0	0	5
461.000	5	6	0	0	6	10	0	0	0	0	0	0	0	0	7	10	0	0	8	0	0	0	0	5
461.200	4	4	0	1	9	2	0	0	0	0	0	0	0	0	3	12	0	0	6	0	0	0	0	11
461.400	5	8	0	3	7	5	0	0	0	0	0	0	0	0	5	10	0	0	6	0	0	0	0	11
461.600	5	6	0	4	5	2	0	0	0	0	0	0	0	0	10	10	0	0	6	0	0	0	0	8
461.800	8	7	0	3	2	10	0	0	0	0	0	0	0	0	5	9	0	0	5	0	0	0	0	9
462.000	11	6	0	2	5	7	0	0	0	0	0	0	0	0	6	19	0	0	7	0	0	0	0	10
462.200	8	5	0	0	8	11	0	0	0	0	0	0	0	0	7	15	0	0	7	0	0	0	0	5
462.400	8	8	0	0	7	8	0	0	0	0	0	0	0	0	10	9	0	0	9	0	0	0	0	9
462.600	9	6	0	0	7	8	0	0	0	0	3	0	0	0	3	9	0	0	5	0	0	0	0	10
462.800	5	3	0	0	8	9	0	0	0	0	0	0	0	0	9	10	0	0	7	0	0	0	0	11
463.000	11	3	0	0	6	11	0	0	0	0	0	0	0	0	7	10	0	0	6	0	0	0	0	6
463.200	8	5	0	0	4	6	0	0	0	0	0	0	0	0	6	11	0	0	7	0	0	0	0	13
463.400	8	5	0	0	8	9	0	0	0	0	0	0	0	0	6	15	0	0	5	0	0	0	0	8
463.600	9	4	0	0	5	8	0	0	0	0	0	0	0	0	4	10	0	0	8	0	0	0	0	6
463.800	9	5	0	0	6	10	0	0	0	0	0	0	0	0	6	9	0	0	6	0	0	0	0	6
464.000	8	4	0	0	7	3	0	0	0	0	0	0	0	0	5	15	0	0	6	0	0	0	0	11
464.200	7	7	0	0	7	10	0	0	0	0	0	0	0	0	8	14	0	0	7	0	0	0	0	12
464.400	8	5	0	0	4	7	0	0	0	0	0	0	0	0	5	9	0	0	7	0	0	0	0	10
464.600	7	6	0	0	7	6	0	0	0	0	0	0	0	0	5	15	0	0	7	0	0	0	0	9
464.800	7	7	0	0	7	11	0	0	0	0	0	0	0	0	6	14	0	0	1	0	0	0	0	5
465.000	10	6	0	0	7	8	0	0	0	0	0	0	0	0	4	13	0	0	4	0	0	0	0	6
465.200	10	6	0	0	4	9	0	0	0	0	4	0	0	0	6	11	0	0	9	0	0	0	0	13
465.400	10	7	0	0	8	10	0	0	0	0	5	0	0	0	5	8	0	0	7	0	0	0	0	15
465.600	5	0	0	3	4	5	0	0	0	0	3	0	0	0	7	13	0	0	7	0	0	0	0	10
465.800	5	2	0	0	3	7	0	0	0	0	4	0	0	0	6	10	0	0	6	0	0	0	0	13
466.000	5	0	0	0	5	5	0	0	0	0	5	0	0	0	9	13	0	0	6	0	0	0	0	1
466.200	6	2	0	0	8	7	0	0	0	0	0	0	0	0	7	13	0	0	9	0	0	0	0	5
466.400	4	3	0	0	6	10	0	0	0	0	5	0	0	0	10	8	0	0	4	0	0	0	0	9
466.600	5	2	0	0	5	8	0	0	0	0	4	0	0	0	6	3	0	0	5	0	0	0	0	7
466.800	6	7	0	0	5	6	0	0	0	0	3	0	0	0	4	17	0	0	1	0	0	0	0	6
467.000	4	3	0	0	9	9	0	0	0	0	1	0	0	0	5	11	0	0	2	0	0	0	0	6
467.200	5	1	0	0	6	8	0	0	0	0	3	0	0	0	7	10	0	0	1	0	0	0	0	3
467.400	7	3	0	0	8	10	0	0	0	0	1	0	0	0	7	13	0	0	8	0	0	0	0	5
467.600	5	1	0	0	7	11	0	0	0	0	3	0	0	0	6	9	0	0	2	0	0	0	0	5
467.800	4	1	0	1	8	9	0	0	0	0	0	0	0	0	8	9	0	0	0	0	0	0	0	6
468.000	4	0	0	0	8	14	0	0	0	0	1	0	0	0	8	6	0	0	0	0	0	0	0	7
468.200	5	1	0	2	5	10	0	0	0	0	2	0	0	0	5	10	0	0	1	0	0	0	0	7
468.400	0	1	0	0	8	8	0	0	0	0	1	0	0	0	4	11	0	0	1	0	0	0	0	6
468.600	4	2	0	0	4	8	0	0	0	0	2	0	0	0	7	12	0	0	1	0	0	0	0	6
468.800	3	4	0	0	6	5	0	0	0	0	0	0	0	0	10	8	0	0	1	0	0	0	0	6
469.000	7	7	0	0	3	4	0	0	0	0	0	0	0	0	4	6	0	0	3	0	0	0	0	5
469.200	6	2	0	2	5	5	0	0	0	0	0	0	0	0	8	5	0	0	5	0	0	0	0	7
469.400	11	6	0	0	6	7	0	0	0	0	0	0	0	0	7	18	0	1	6	0	0	0	0	9
469.600	3	10	0	2	4	5	0	0	0	0	0	0	0	0	9	11	0	0	6	0	0	0	0	11
469.800	8	9	0	1	3	4	0	0	0	0	0	0	0	0	9	11	0	0	4	0	0	0	0	5
470.000	15	3	0	2	4	6	0	0	0	0	0	0	0	0	5	14	0	0	6	0	0	0	0	0
470.200	12	5	0	0	7	6	0	0	0	0	0	0	0	0	7	6	0	0	5	0	0	0	0	1
470.400	10	6	0	0	4	3	0	0	0	0	1	0	0	0	6	11	0	0	5	0	0	0	0	2
470.600	14	4	0	0	3	2	0	0	0	0	0	0	0	0	5	10	0	0	6	0	0	0	0	1
470.800	9	6	0	0	7	5	0	0	0	0	0	0	0	0	6	10	0	0	2	0	0	0	0	5
471.000	9	4	0	0	6	4	0	0	0	0	0	0	0	0	6	17	0	0	4	0	0	0	0	8
471.200	8	7	0	0	5	4	0	0	0	0	0	0	0	0	5	15	0	0	1	0	0	0	0	8
471.400	4	4	0	1	3	6	0	0	0	0	0	0	0	0	4	16	0	0	3	0	0	0	0	9
471.600	8	4	1	0	10	8	0	0	0	0	1	0	0	0	5	10	0	0	0	0	0	0	0	10
471.800	9	5	0	3	7	8	0	0	0	0	0	0	0	0	5	7	0	0	2	0	0	0	0	5
472.000	6	5	0	0	5	4	0	0	0	0	0	0	0	0	9	11	0	0	3	0	0	0	0	0
472.200	5	7	0	0	5	6	0	0	0	0	1	0	0	0	6	6	0	0	0	0	0	0	0	10
472.400	9	7	0	2	3	2	0	0	0	0	0	0	0	0	8	13	0	0	5	0	0	0	0	0
472.600	7	7	0	1	4	12	0	0	0	0	0	0	0	0	6	11	0	0	0	0	0	0	0	0
472.800	7	3	0	1	9	4	0	0	0	0	0	0	0	0	5	13	0	0	2	0	0	0	0	3
473.000	9	5	0	0	5	7	0	0	0	0	0	0	0	1	6	7	0	0	0	0	0	0	0	2
473.200	6	3	0	0	4	6	0	0	0	0	0	0	0	0	6	12	0	0	0	0	0	0	0	3
473.400	10	3	0	0	2	6	0	0	0	0	0	0	0	0	4	5	0	0	0	0	0	0	0	1
473.600	5	5	0	0	4	8	0	0	0	0	0	0	0	0	5	9	0	0	1	0	0	0	0	4
473.800	8	3	0	1	1	4	0	0	0	0	1	0	0	0	8	10	0	0	1	0	0	0	0	0
474.000	9	4	0	2	6	5	0	0	0	0	0	0	0	0	5	10	0	0	0	0	0	0	0	0
474.200	7	5	0	3	3	10	0	0	0	0	0	0	0	0	5	9	0	0	2	0	0	0	0	0
474.400	8	8	0	0	2	5	0	0	0	0	0	0	0	0	5	13	0	0	0	0	0	0	0	0
474.600	3	9	0	1	6	9	0	0	0	0	0	0	0	0	6	10	0	0	2	0	0	0	0	0
474.800	7	7	0	0	3	7	0	0	0	0	0	0	0	0	7	9	0	0	0	0	0	0	0	1
475.000	9	6	0	1	8	7	0	0	0	0	0	0	0	0	8	13	0	0	2	0	0	0	0	0
475.200	6	8	0	0	0	8	0	0	0	0	2	0	0	0	9	7	0	0	1	0	0	0	0	0
475.400	6	9	0	1	10	9	0	0	0	0	0	0	0	0	11	8	0	0	2	0	0	0	0	0
475.600	10	4	0	0	6	10	0	0	0	0	0	0	0	0	6	8	0	0	0	0	0	0	0	1
475.800	8	3	0	1	8	12	0	0	0	0	0	0	0	0	8	10	0	0	2	0	0	0	0	0
476.000	9	5	0	1	6	8	0	0	0	0	0	0	0	0	4	6	0	0	0	0	0	0	0	1
476.200	0	3	0	1	5	7	0	0	0	0	0	0	0	0	3	8	0	0	3	0	0	0	0	0
476.400	5	4	0	0	0	3	0	0	0	0	0	0	0	0	8	12	0	0	4	0	0	0	0	0
476.600	6	7	3	0	7	9	0	0	0	0	0	0	0	0	12	14	0	0	0	0	0	0	0	0
476.800	6	15	1	4	5	5	0	0	0	0	0	0	0	0	6	9	0	0	0	0	0	0	0	1
477.000	6	10	1	2	6	10	0	0	0	0	0	0	0	0	8	5	0	0	0	0	0	0	0	0
477.200	5	6	0	1	4	6	0	0	0	0	0	0	0	0	7	16	0	0	3	0	0	0	0	0
477.400	3	9	1	5	7	2	0	0	0	0	0	0	0	0	8	12	0	0	1	0	0	0	0	0
477.600	7	9	4	3	7	8	0	0	0	0	0	0	0	0	5	15	0	0	0	0	0	0	0	0
477.800	2	4	0	2	3	3	0	0	0	0	0	0	0	0	5	18	0	0	5	0	0	0	0	1
478.000	1	2	1	0	3	3	0	0	0	0	0	0	0	0	4	17	0	0	5	0	0	0	0	0
478.200	5	7	2	3	5	6	0	0	0	0	0	0	0	0	4	20	0	0	3	0	0	0	0	7
478.400	10	5	0	0	6	4	0	0	0	0	0	0	0	0	4	17	0	0	3	0	0	0	0	7
478.600	14	7	0	3	9	7	0	0	0	0	0	0	0	0	6	15	0	0	5	0	0	0	0	2
478.800	6	7	0	4	10	8	0	0	0	0	0	0	0	0	4	14	0	0	3	0	0	0	0	7
479.000	9	7	0	1	7	8	0	0	0	0	0	0	0	0	4	15	0	0	1	0	0	0	0	9
479.200	6	7	0	2	8	4	0	0	0	0	0	0	0	0	8	17	0	0	0	0	0	0	0	6
479.400	5	11	0	4	8	5	0	0	0	0	0	0	0	0	6	14	0	0	0	0	0	0	0	6
479.600	10	5	0	4	4	4	0	0	0	0	0	0	0	0	0	22	0	0	0	0	0	0	0	7
479.800	3	1	0	1	5	4	0	0	0	0	0	0	0	0	6	17	0	0	0	0	0	0	0	3
480.000	3	1	0	0	6	3	0	0	0	0	0	0	0	0	10	22	0	0	0	0	0	0	0	5
480.200	2	4	0	5	8	5	0	0	0	0	0	0	0	0	8	16	0	0	1	0	0	0	0	6
480.400	4	2	1	5	5	5	0	0	0	0	0	0	0	0	10	12	0	0	0	0	0	0	0	8
480.600	3	3	0	1	5	2	0	0	0	0	0	0	0	0	10	16	0	0	0	0	0	0	0	8
480.800	0	4	0	3	6	3	0	0	0	0	0	0	0	0	8	13	0	0	2	0	0	0	0	9
481.000	0	4	0	3	6	11	0	0	0	0	0	0	0	0	7	18	0	0	2	0	0	0	0	6
481.200	0	4	0	2	8	5	0	0	0	0	0	0	0	0	2	11	0	0	0	0	0	0	0	4
481.400	0	4	0	2	8	5	0	0	0	0	0	0	0	0	7	14	0	0	2	0	0	0	0	6
481.600	0	2	0	2	6	3	0	0	0	0	0	0	0	0	7	14	0	0	1	0	0	0	0	4
481.800	0	2	0	0	8	5	0	0	0	0	0	0	0	1	10	13	0	0	0	0	0	0	0	6
482.000	0	7	0	1	7	5	0	0	0	0	0	0	0	0	4	16	0	0	4	0	0	0	0	7
482.200	0	3	0	0	5	7	0	0	0	0	0	0	0	0	8	13	0	0	0	0	0	0	0	8
482.400	0	8	3	1	5	6	0	0	0	0	0	0	0	0	9	17	0	0	2	0	0	0	0	9
482.600	0	5	0	4	3	7	0	0	0	0	0	0	0	0	6	12	0	0	3	0	0	0	0	2
482.800	0	7	2	4	7	4	0	0	0	0	0	0	0	0	6	17	0	0	5	0	0	0	0	3
483.000	0	5	1	6	4	3	0	0	0	0	0	0	0	0	8	11	0	0	1	0	0	0	0	0
483.200	0	5	2	3	4	6	0	0	0	0	0	0	0	0	6	11	0	0	0	0	0	0	0	2
483.400	0	4	2	3	4	4	0	0	0	0	0	0	0	0	4	12	0	0	2	0	0	0	0	0
483.600	0	3	1	5	4	5	0	0	0	0	0	0	0	0	7	11	0	0	2	0	0	0	0	2
483.800	0	2	1	3	4	8	0	0	0	0	0	0	0	0	2	15	0	0	0	0	0	0	0	3
484.000	1	3	0	5	9	8	0	0	0	0	0	0	0	0	5	15	0	0	0	0	0	0	0	7
484.200	0	3	0	2	6	11	0	0	0	0	0	0	0	0	4	18	0	0	1	0	0	0	0	8
484.400	0	4	0	3	8	8	0	0	0	0	0	0	0	0	5	9	0	0	0	0	0	0	0	7
484.600	0	5	4	4	6	10	0	0	0	0	0	0	0	0	8	12	0	0	0	0	0	0	0	3
484.800	0	2	0	1	7	10	0	0	0	0	0	0	0	0	8	12	0	0	0	0	0	0	0	4
485.000	0	4	0	5	5	11	0	0	0	0	0	0	0	0	4	8	0	0	0	0	0	0	0	4
485.200	0	2	0	4	5	3	0	0	0	0	0	0	0	0	5	9	0	0	1	0	0	0	0	2
485.400	1	3	0	2	7	3	0	0	0	0	0	0	0	0	6	9	0	0	0	0	0	0	0	6
485.600	4	10	0	2	4	4	0	0	0	0	0	0	0	0	6	14	0	0	0	0	0	0	0	2
485.800	5	9	0	2	7	4	0	0	0	0	0	0	0	0	7	12	0	0	0	0	0	0	0	9
486.000	4	8	0	1	7	8	0	0	0	0	0	0	0	0	5	11	0	0	0	0	0	0	0	3
486.200	4	8	0	6	6	8	0	0	0	0	0	0	0	0	9	9	0	0	0	0	0	0	0	5
486.400	4	7	0	3	2	4	0	0	0	0	0	0	0	0	2	12	0	0	0	0	0	0	0	5
486.600	4	9	0	2	4	6	0	0	0	0	0	0	0	0	2	8	0	0	0	0	0	0	0	6
486.800	3	4	0	1	7	9	0	0	0	0	0	0	0	0	8	17	0	0	1	0	0	0	0	7
487.000	3	8	0	2	4	11	0	0	0	0	0	0	0	0	5	11	0	0	0	0	0	0	0	8
487.200	3	8	0	3	3	4	0	0	0	0	0	0	0	0	5	17	0	0	1	0	0	0	0	9
487.400	4	8	0	0	3	6	0	0	0	0	0	0	0	0	8	17	0	0	4	0	0	0	0	1
487.600	3	5	0	2	1	6	0	0	0	0	0	0	0	0	6	17	0	0	1	0	0	0	0	8
487.800	6	7	0	1	6	6	0	0	0	0	0	0	0	0	5	14	0	0	0	0	0	0	0	5
488.000	11	5	3	3	4	8	0	0	0	0	0	0	0	0	6	16	0	0	3	0	0	0	0	5
488.200	7	5	0	2	5	5	0	0	0	0	0	0	0	0	14	11	0	0	2	0	0	0	0	8
488.400	12	6	1	6	4	1	0	0	0	0	0	0	0	0	7	12	0	0	1	0	0	0	0	7
488.600	11	7	0	4	7	9	0	0	0	0	0	0	0	0	8	15	0	0	1	0	0	0	0	7
488.800	8	7	0	5	10	11	0	0	0	0	0	0	0	0	9	14	0	0	2	0	0	0	0	12
489.000	12	12	0	5	7	7	0	0	0	0	0	0	0	0	9	11	0	0	2	0	0	0	0	8
489.200	9	7	0	0	6	6	0	0	0	0	0	0	0	0	11	8	0	0	1	0	0	0	0	9
489.400	11	12	2	5	4	4	0	0	0	0	0	0	0	0	6	11	0	0	0	0	0	0	0	11
489.600	10	7	1	1	4	5	0	0	0	0	0	0	0	0	10	14	0	0	1	0	0	0	0	1
489.800	7	10	3	1	8	11	0	0	0	0	0	0	0	0	3	12	0	0	0	0	0	0	0	5
490.000	13	11	2	3	2	7	0	0	0	0	0	0	0	0	5	10	0	0	5	0	0	0	0	5
490.200	8	8	0	0	4	6	0	0	0	0	0	0	0	0	12	8	0	0	3	0	0	0	0	4
490.400	10	10	0	5	5	6	0	0	0	0	0	0	0	0	7	8	0	0	1	0	0	0	0	8
490.600	10	9	2	2	7	6	0	0	0	0	0	0	0	0	9	9	0	0	3	0	0	0	0	3
490.800	9	10	4	5	1	8	0	0	0	0	0	0	0	0	8	10	0	0	4	0	0	0	0	8
491.000	9	10	2	5	4	6	0	0	0	0	0	0	0	0	6	11	0	0	5	0	0	0	0	5
491.200	12	9	0	2	7	13	0	0	0	0	0	0	0	0	8	8	0	2	7	0	0	0	0	0
491.400	11	10	2	2	6	8	0	0	0	0	0	0	0	0	10	6	0	2	5	0	0	0	0	3
491.600	10	9	4	8	2	12	0	0	0	0	0	0	0	0	10	10	0	2	5	0	0	0	0	2
491.800	12	9	4	4	10	15	0	0	0	0	0	0	0	0	7	12	0	2	9	0	0	0	0	5
492.000	11	8	3	9	7	8	0	0	0	0	0	0	0	0	9	10	0	2	6	0	0	0	0	2
492.200	11	12	2	8	2	1	0	0	0	0	0	0	0	0	10	15	0	2	9	0	0	0	0	3
492.400	10	9	1	4	6	8	0	0	0	0	0	0	0	0	9	12	0	2	6	0	0	0	0	0
492.600	13	6	3	6	8	5	0	0	0	0	0	0	0	0	10	10	0	2	6	0	0	0	0	3
492.800	12	3	0	1	8	7	0	0	0	0	0	0	0	0	10	11	0	2	6	0	0	0	0	0
493.000	5	4	0	4	6	7	0	0	0	0	0	0	0	0	13	13	0	2	8	0	0	0	0	0
493.200	12	8	0	5	8	4	0	0	0	0	0	0	0	0	9	8	0	0	4	0	0	0	0	2
493.400	8	9	0	0	10	5	0	0	0	0	0	0	0	1	9	9	0	0	3	0	0	0	0	3
493.600	7	3	0	1	9	3	0	0	0	0	0	0	0	1	9	13	0	0	6	0	0	0	0	4
493.800	9	11	3	4	7	6	0	0	0	0	0	0	0	0	6	15	0	0	1	0	0	0	0	2
494.000	10	10	2	6	5	8	0	0	0	0	0	0	0	0	6	10	0	0	5	0	0	0	0	5
494.200	10	14	5	7	3	8	0	0	0	0	0	0	0	0	8	15	0	0	3	0	0	0	0	0
494.400	12	10	3	6	6	6	0	0	0	0	0	0	0	1	6	12	0	0	4	0	0	0	0	7
494.600	12	9	3	4	8	4	0	0	0	0	0	0	0	0	6	10	0	0	2	0	0	0	0	7
494.800	13	8	0	3	9	7	0	0	0	0	0	0	0	0	7	14	0	0	4	0	0	0	0	8
495.000	12	9	1	2	5	7	0	0	0	0	0	0	0	0	5	9	0	1	5	0	0	0	0	8
495.200	7	7	2	5	8	8	0	0	0	0	0	0	0	0	8	19	0	0	5	0	0	0	0	9
495.400	12	10	2	0	6	10	0	0	0	0	0	0	0	0	5	12	0	0	5	0	0	0	0	8
495.600	8	9	0	1	9	6	0	0	0	0	0	0	0	0	4	11	0	0	5	0	0	0	0	7
495.800	7	7	0	0	4	2	0	0	0	0	0	0	0	0	5	6	0	1	7	0	0	0	0	6
496.000	12	5	0	1	7	5	0	0	0	0	0	0	0	0	9	9	0	0	7	0	0	0	0	6
496.200	8	7	0	0	4	5	0	0	0	0	0	0	0	0	6	13	0	2	7	0	0	0	0	6
496.400	9	6	0	1	6	6	0	0	0	0	0	0	0	0	7	9	0	0	7	0	0	0	0	5
496.600	8	9	4	3	4	7	0	0	0	0	0	0	0	0	9	9	0	0	3	0	0	0	0	8
496.800	11	10	0	0	5	7	0	0	0	0	0	0	0	0	5	13	0	0	5	0	0	0	0	8
497.000	11	7	2	0	6	10	0	0	0	0	0	0	0	0	13	11	0	2	7	0	0	0	0	5
497.200	10	6	2	0	9	6	0	0	0	0	0	0	0	0	5	12	0	0	7	0	0	0	0	5
497.400	11	7	0	2	7	7	0	0	0	0	0	0	0	0	7	7	0	2	7	0	0	0	0	6
497.600	10	7	4	1	7	7	0	0	0	0	0	0	0	0	6	12	0	0	5	0	0	0	0	4
497.800	9	10	5	4	6	4	0	0	0	0	0	0	0	0	5	14	0	1	6	0	0	0	0	11
498.000	11	9	3	2	5	3	0	0	0	0	0	0	0	0	4	14	0	1	6	0	0	0	0	5
498.200	9	8	2	2	2	4	0	0	0	0	0	0	0	0	10	14	0	0	5	0	0	0	0	0
498.400	12	9	4	5	8	10	0	0	0	0	0	0	0	0	9	14	0	1	6	0	0	0	0	0
498.600	11	8	0	1	4	5	0	0	0	0	0	0	0	0	2	10	0	1	7	0	0	0	0	7
498.800	11	10	3	3	6	3	0	0	0	0	0	0	0	0	8	8	0	1	5	0	0	0	0	9
499.000	10	11	3	2	2	4	0	0	0	0	0	0	0	0	5	8	0	2	6	0	0	0	0	5
499.200	7	8	3	4	6	8	0	0	0	0	0	0	0	0	3	13	0	1	6	0	0	0	0	10
499.400	10	12	4	5	2	6	0	0	0	0	0	0	0	0	2	8	0	0	5	0	0	0	0	12
499.600	10	7	0	1	6	7	0	0	0	0	0	0	0	0	3	17	0	1	7	0	0	0	0	9
499.800	12	10	2	4	5	3	0	0	0	0	0	0	0	0	3	6	0	0	4	0	0	0	0	6
500.000	11	10	2	5	7	7	0	0	0	0	0	0	0	0	9	10	0	1	6	0	0	0	0	8
500.200	12	11	0	0	7	2	0	0	0	0	0	0	0	0	4	2	0	2	6	0	0	0	0	8
500.400	10	6	0	5	9	1	0	0	0	0	0	0	0	0	7	14	0	2	5	0	0	0	0	8
500.600	5	12	5	1	7	3	0	0	0	0	0	0	0	0	3	11	0	0	4	0	0	0	0	10
500.800	10	8	2	6	3	5	0	0	0	0	0	0	0	0	8	8	0	1	7	0	0	0	0	10
501.000	14	9	1	1	11	5	0	0	0	0	0	0	0	0	3	8	0	0	4	0	0	0	0	7
501.200	14	8	0	3	6	4	0	0	0	0	0	0	0	0	2	12	0	0	4	0	0	0	0	8
501.400	9	9	4	2	6	6	0	0	0	0	0	0	0	0	3	14	0	0	4	0	0	0	0	14
501.600	12	13	1	1	0	6	0	0	0	0	0	0	0	0	5	11	0	0	5	0	0	0	0	9
501.800	12	9	2	5	8	12	0	0	0	0	5	0	0	0	7	6	0	0	5	0	0	0	0	5
502.000	8	8	0	3	8	5	0	0	0	0	5	0	0	0	5	11	0	0	5	0	0	0	0	6
502.200	9	10	4	3	2	8	0	0	0	0	3	0	0	0	9	12	0	0	5	0	0	0	0	8
502.400	12	10	0	0	10	11	0	0	0	0	3	0	0	0	10	5	0	0	4	0	0	0	0	12
502.600	7	10	0	1	9	7	0	0	0	0	7	0	0	1	6	7	0	0	2	0	0	0	0	7
502.800	10	10	1	1	4	6	0	0	0	0	5	0	0	0	6	8	0	0	3	0	0	0	0	7
503.000	9	5	2	2	4	6	0	0	0	0	1	0	0	0	8	12	0	0	5	0	0	0	0	8
503.200	9	10	3	4	2	4	0	0	0	0	1	0	0	0	3	14	0	0	5	0	0	0	0	8
503.400	12	9	3	2	5	6	0	0	0	0	0	0	0	0	3	10	0	0	1	0	0	0	0	9
503.600	10	11	0	1	4	4	0	0	0	0	0	0	0	0	4	12	0	0	6	0	0	0	0	4
503.800	11	8	0	5	8	5	0	0	0	0	0	0	0	0	3	11	0	0	4	0	0	0	0	9
504.000	9	8	0	3	7	5	0	0	0	0	0	0	0	0	5	16	0	0	4	0	0	0	0	7
504.200	13	7	0	4	5	5	0	0	0	0	4	0	0	0	10	8	0	0	2	0	0	0	0	6
504.400	13	7	0	6	2	8	0	0	0	0	5	0	0	0	7	10	0	2	6	0	0	0	0	5
504.600	12	8	0	2	8	11	0	0	0	0	4	0	0	0	10	13	0	2	3	0	0	0	0	4
504.800	7	10	0	5	2	4	0	0	0	0	4	0	0	0	7	14	0	1	3	0	0	0	0	3
505.000	13	10	0	5	8	12	0	0	0	0	3	0	0	0	7	11	0	2	1	0	0	0	0	3
505.200	9	9	0	5	7	12	0	0	0	0	3	0	0	0	8	9	0	1	5	0	0	0	0	11
505.400	5	6	0	3	8	10	0	0	0	0	3	0	0	0	6	13	0	0	5	0	0	0	0	1
505.600	8	9	4	8	7	7	0	0	0	0	0	0	0	1	9	12	0	2	3	0	0	0	0	2
505.800	15	6	0	0	5	10	0	0	0	0	0	0	0	0	8	13	0	2	1	0	0	0	0	0
506.000	14	9	0	0	10	10	0	0	0	0	0	0	0	0	8	15	0	2	4	0	0	0	0	1
506.200	11	12	0	1	3	7	0	0	0	0	0	0	0	0	5	9	0	0	3	0	0	0	0	1
506.400	11	4	0	2	4	4	0	0	0	0	0	0	0	0	6	17	0	2	5	0	0	0	0	4
506.600	14	5	0	2	7	3	0	0	0	0	0	0	0	0	5	12	0	2	8	0	0	0	0	1
506.800	11	6	0	1	6	3	0	0	0	0	0	0	0	0	9	14	0	2	2	0	0	0	0	0
507.000	11	8	0	2	8	6	0	0	0	0	0	0	0	0	1	8	0	0	1	0	0	0	0	0
507.200	15	4	0	2	3	2	0	0	0	0	0	0	0	0	4	14	0	2	4	0	0	0	0	1
507.400	4	9	0	5	1	3	0	0	0	0	0	0	0	0	5	14	0	2	8	0	0	0	0	1
507.600	5	8	0	2	10	11	0	0	0	0	0	0	0	0	8	13	0	2	5	0	0	0	0	4
507.800	3	6	0	2	2	4	0	0	0	0	0	0	0	0	4	8	0	2	5	0	0	0	0	2
508.000	4	11	0	4	5	8	0	0	0	0	0	0	0	0	8	11	0	2	1	0	0	0	0	2
508.200	0	6	0	4	5	13	0	0	0	0	0	0	0	0	8	14	0	2	2	0	0	0	0	0
508.400	3	10	1	2	6	5	0	0	0	0	0	0	0	0	7	6	0	2	4	0	0	0	0	1
508.600	3	10	0	1	1	3	0	0	0	0	1	0	0	0	8	10	0	0	6	0	0	0	0	1
508.800	2	6	0	4	3	5	0	0	0	0	0	0	0	0	11	10	0	2	7	0	0	0	0	4
509.000	1	2	0	1	4	4	0	0	0	0	0	0	0	0	8	11	0	2	8	0	0	0	0	4
509.200	0	1	0	2	4	5	0	0	0	0	0	0	0	0	7	10	0	1	9	0	0	0	0	0
509.400	3	4	0	2	5	8	0	0	0	0	0	0	0	0	6	13	0	2	2	0	0	0	0	0
509.600	1	5	0	1	7	5	0	0	0	0	0	0	0	0	6	9	0	2	6	0	0	0	0	1
509.800	5	7	2	5	7	4	0	0	0	0	0	0	0	0	4	6	0	2	5	0	0	0	0	3
510.000	1	5	0	4	6	5	0	0	0	0	0	0	0	0	9	2	0	2	6	0	0	0	0	0
510.200	4	5	0	0	5	7	0	0	0	0	0	0	0	0	9	6	0	2	4	0	0	0	0	1
510.400	5	4	0	1	2	6	0	0	0	0	0	0	0	0	5	7	0	2	2	0	0	0	0	1
510.600	5	4	0	1	4	4	0	0	0	0	0	0	0	0	7	10	0	2	6	0	0	0	0	0
510.800	6	5	1	1	6	8	0	0	0	0	0	0	0	0	6	11	0	1	7	0	0	0	0	1
511.000	8	4	2	1	5	3	0	0	0	0	0	0	0	0	7	9	0	1	8	0	0	0	0	0
511.200	5	5	0	4	2	4	0	0	0	0	1	0	0	0	3	8	0	2	7	0	0	0	0	2
511.400	6	4	2	0	7	5	0	0	0	0	0	0	0	0	8	9	0	0	5	0	0	0	0	1
511.600	3	4	4	2	2	5	0	0	0	0	0	0	0	0	7	19	0	2	8	0	0	0	0	2
511.800	0	4	0	1	3	0	0	0	0	0	0	0	0	0	11	11	0	1	9	0	0	0	0	2
512.000	3	6	0	0	5	1	0	0	0	0	0	0	0	0	13	10	0	2	9	0	0	0	0	1
512.200	3	5	0	2	9	6	0	0	0	0	0	0	0	0	7	10	0	1	6	0	0	0	0	0
512.400	0	2	2	1	3	6	0	0	0	0	0	0	0	0	6	6	0	0	4	0	0	0	0	3
512.600	0	5	3	2	7	0	0	0	0	0	0	0	0	0	10	6	0	0	7	0	0	0	0	2
512.800	0	6	6	4	3	5	0	0	0	0	0	0	0	0	12	14	0	0	4	0	0	0	0	2
513.000	0	6	5	3	7	6	0	0	0	0	0	0	0	0	10	9	0	2	8	0	0	0	0	2
513.200	0	7	5	3	5	5	0	0	0	0	0	0	0	0	7	11	0	2	6	0	0	0	0	2
513.400	0	0	0	5	4	7	0	0	0	0	0	0	0	0	15	6	0	1	5	0	0	0	0	2
513.600	0	4	0	0	9	4	0	0	0	0	0	0	0	0	3	13	0	1	5	0	0	0	0	3
513.800	0	3	4	1	5	5	0	0	0	0	0	0	0	0	7	12	0	1	8	0	0	0	0	0
514.000	0	6	5	3	6	8	0	0	0	0	0	0	0	0	10	10	0	0	6	0	0	0	0	1
514.200	0	6	3	1	6	7	0	0	0	0	0	0	0	0	5	8	0	1	8	0	0	0	0	3
514.400	0	7	4	5	5	10	0	0	0	0	0	0	0	0	8	11	0	2	5	0	0	0	0	1
514.600	1	5	3	1	5	9	0	0	0	0	0	0	0	0	5	4	0	1	7	0	0	0	0	6
514.800	0	4	4	2	7	8	0	0	0	0	0	0	0	0	8	10	0	0	9	0	0	0	0	9
515.000	0	4	3	1	9	5	0	0	0	0	0	0	0	0	7	14	0	2	7	0	0	0	0	13
515.200	0	5	4	3	4	4	0	0	0	0	0	0	0	0	12	14	0	2	7	0	0	0	0	8
515.400	0	8	5	3	3	5	0	0	0	0	0	0	0	0	7	13	0	2	7	0	0	0	0	4
515.600	0	5	0	3	4	4	0	0	0	0	0	0	0	0	9	13	0	1	6	0	0	0	0	6
515.800	0	8	5	3	6	5	0	0	0	0	0	0	0	0	16	13	0	2	9	0	0	0	0	3
516.000	0	3	1	5	10	5	0	0	0	0	0	0	0	0	12	11	0	2	6	0	0	0	0	0
516.200	0	7	3	4	6	4	0	0	0	0	0	0	0	0	9	7	0	2	5	0	0	0	0	9
516.400	1	8	0	1	4	5	0	0	0	0	0	0	0	0	8	6	0	3	6	0	0	0	0	2
516.600	2	6	0	2	8	3	0	0	0	0	0	0	0	0	3	3	0	1	6	0	0	0	0	8
516.800	1	5	3	2	8	7	0	0	0	0	0	0	0	0	6	9	0	2	8	0	0	0	0	4
517.000	3	2	0	0	6	3	0	0	0	0	0	0	0	0	6	13	0	2	8	0	0	0	0	9
517.200	4	4	0	0	3	6	0	0	0	0	0	0	0	0	9	3	0	2	8	0	0	0	0	4
517.400	4	7	0	0	3	4	0	0	0	0	0	0	0	0	8	10	0	2	5	0	0	0	0	5
517.600	2	6	0	0	5	6	0	0	0	0	0	0	0	0	5	2	0	1	4	0	0	0	0	9
517.800	7	6	1	1	7	7	0	0	0	0	0	0	0	0	6	0	0	0	4	0	0	0	0	6
518.000	0	4	0	0	5	3	0	0	0	0	0	0	0	0	4	9	0	1	7	0	0	0	0	6
518.200	0	6	0	4	5	4	0	0	0	0	0	0	0	0	4	15	0	2	6	0	0	0	0	4
518.400	6	4	0	1	1	3	0	0	0	0	0	0	0	0	10	9	0	1	12	0	0	0	0	5
518.600	2	10	2	1	6	12	0	0	0	0	0	0	0	0	6	16	0	1	14	0	0	0	0	7
518.800	4	6	0	1	9	7	0	0	0	0	0	0	0	0	5	12	0	0	13	0	0	0	0	6
519.000	2	7	0	0	7	6	0	0	0	0	0	0	0	0	12	11	0	1	14	0	0	0	0	2
519.200	2	5	0	0	5	8	0	0	0	0	0	0	0	0	6	4	0	2	9	0	0	0	0	9
519.400	0	4	0	0	1	3	0	0	0	0	0	0	0	0	3	14	0	2	8	0	0	0	0	9
519.600	1	4	2	3	7	3	0	0	0	0	0	0	0	0	5	14	0	2	10	0	0	0	0	8
519.800	2	4	0	0	8	6	0	0	0	0	1	0	0	0	12	9	0	2	11	0	0	0	0	5
520.000	2	8	0	1	7	7	0	0	0	0	0	0	0	0	4	13	0	0	10	0	0	0	0	7
520.200	6	4	0	3	7	8	0	0	0	0	0	0	0	0	7	16	0	2	6	0	0	0	0	9
520.400	4	4	0	0	5	4	0	0	0	0	3	0	0	0	5	10	0	2	9	0	0	0	0	10
520.600	2	6	3	0	2	3	0	0	0	0	1	0	0	0	11	10	0	2	5	0	0	0	0	8
520.800	0	2	0	2	4	3	0	0	0	0	1	0	0	0	8	12	0	2	4	0	0	0	0	9
521.000	0	4	0	4	5	4	0	0	0	0	0	0	0	0	4	14	0	2	7	0	0	0	0	5
521.200	0	5	4	3	4	3	0	0	0	0	0	0	0	0	6	11	0	2	6	0	0	0	0	9
521.400	0	5	2	2	4	13	0	0	0	0	0	0	0	0	7	13	0	2	5	0	0	0	0	12
521.600	0	7	5	7	3	3	0	0	0	0	0	0	0	0	10	9	0	1	3	0	0	0	0	14
521.800	0	3	2	3	4	2	0	0	0	0	0	0	0	0	6	15	0	1	8	0	0	0	0	9
522.000	0	5	3	6	5	6	0	0	0	0	0	0	0	0	7	9	0	1	5	0	0	0	0	8
522.200	0	5	4	5	6	5	0	0	0	0	0	0	0	0	2	9	0	2	9	0	0	0	0	8
522.400	0	4	4	3	8	8	0	0	0	0	0	0	0	0	6	4	0	2	6	0	0	0	0	9
522.600	0	4	3	4	4	5	0	0	0	0	0	0	0	0	12	12	0	2	9	0	0	0	0	14
522.800	0	4	3	6	5	8	0	0	0	0	0	0	0	0	8	14	0	2	6	0	0	0	0	10
523.000	0	4	5	6	9	9	0	0	0	0	0	0	0	0	8	8	0	1	7	0	0	0	0	8
523.200	0	5	3	9	5	7	0	0	0	0	0	0	0	0	4	13	0	1	5	0	0	0	0	10
523.400	0	4	5	5	3	5	0	0	0	0	0	0	0	0	4	8	0	2	10	0	0	0	0	6
523.600	0	4	0	3	4	3	0	0	0	0	0	0	0	0	7	11	0	1	6	0	0	0	0	8
523.800	0	7	4	4	6	3	0	0	0	0	0	0	0	0	8	13	0	0	7	0	0	0	0	9
524.000	0	5	4	1	2	9	0	0	0	0	0	0	0	0	6	10	0	0	5	0	0	0	0	8
524.200	0	4	3	3	11	9	0	0	0	0	0	0	0	0	0	10	0	0	6	0	0	0	0	13
524.400	0	2	3	4	7	3	0	0	0	0	0	0	0	0	8	7	0	0	3	0	0	0	0	8
524.600	0	5	3	5	0	2	0	0	0	0	0	0	0	0	2	8	0	0	5	0	0	0	0	8
524.800	0	9	3	2	4	3	0	0	0	0	0	0	0	0	3	9	0	0	4	0	0	0	0	7
525.000	0	4	1	4	7	2	0	0	0	0	0	0	0	0	8	14	0	2	5	0	0	0	0	12
525.200	0	5	5	8	9	6	0	0	0	0	0	0	0	0	6	7	0	2	8	0	0	0	0	9
525.400	0	4	5	9	8	3	0	0	0	0	0	0	0	0	2	14	0	0	3	0	0	0	0	11
525.600	0	4	3	2	7	6	0	0	0	0	0	0	0	0	9	15	0	2	8	0	0	0	0	10
525.800	0	4	6	5	7	5	0	0	0	0	0	0	0	0	7	9	0	0	6	0	0	0	0	5
526.000	0	4	3	3	7	4	0	0	0	0	0	0	0	0	5	6	0	0	5	0	0	0	0	8
526.200	0	4	2	6	5	2	0	0	0	0	0	0	0	0	7	8	0	2	6	0	0	0	0	12
526.400	0	4	4	3	9	4	0	0	0	0	0	0	0	0	5	11	0	2	9	0	0	0	0	9
526.600	0	4	4	7	5	4	0	0	0	0	0	0	0	0	5	9	0	2	7	0	0	0	0	11
526.800	5	2	5	7	2	0	0	0	0	0	0	0	0	0	3	11	0	1	6	0	0	0	0	11
527.000	5	5	5	8	6	2	0	0	0	0	0	0	0	0	7	9	0	0	3	0	0	0	0	8
527.200	7	2	6	7	4	7	0	0	0	0	0	0	0	0	5	14	0	2	10	0	0	0	0	11
527.400	7	4	3	7	5	4	0	0	0	0	0	0	0	0	4	8	0	0	8	0	0	0	0	14
527.600	1	4	6	9	6	5	0	0	0	0	0	0	0	0	8	4	0	0	2	0	0	0	0	10
527.800	0	4	8	8	6	4	0	0	0	0	0	0	0	0	10	8	0	1	8	0	0	0	0	8
528.000	1	1	0	1	4	5	0	0	0	0	0	0	0	0	8	11	0	2	8	0	0	0	0	6
528.200	3	2	0	0	2	1	0	0	0	0	0	0	0	0	4	6	0	0	7	0	0	0	0	10
528.400	3	2	0	1	4	5	0	0	0	0	0	0	0	0	3	11	0	0	6	0	0	0	0	15
528.600	5	2	0	3	8	4	0	0	0	0	0	0	0	0	1	5	0	1	5	0	0	0	0	16
528.800	3	2	0	0	9	6	0	0	0	0	0	0	0	0	4	2	0	2	10	0	0	0	0	8
529.000	3	2	0	2	5	5	0	0	0	0	0	0	0	0	4	5	0	2	7	0	0	0	0	10
529.200	6	2	0	0	5	3	0	0	0	0	0	0	0	0	5	5	0	1	6	0	0	0	0	11
529.400	2	2	0	1	8	6	0	0	0	0	0	0	0	0	6	4	0	1	6	0	0	0	0	11
529.600	3	3	0	1	8	2	0	0	0	0	0	0	0	0	9	6	0	2	8	0	0	0	0	15
529.800	0	2	1	5	4	6	0	0	0	0	0	0	0	0	6	9	0	2	9	0	0	0	0	14
530.000	0	2	0	2	6	5	0	0	0	0	0	0	0	0	9	2	0	1	8	0	0	0	0	10
530.200	1	1	0	4	6	5	0	0	0	0	0	0	0	0	9	6	0	0	5	0	0	0	0	13
530.400	1	1	0	2	0	4	0	0	0	0	0	0	0	0	10	12	0	2	9	0	0	0	0	9
530.600	0	1	0	1	3	3	0	0	0	0	0	0	0	0	7	14	0	2	6	0	0	0	0	7
530.800	0	1	0	5	4	6	0	0	0	0	0	0	0	0	9	15	0	2	8	0	0	0	0	8
531.000	1	1	1	3	4	4	0	0	0	0	0	0	0	0	3	11	0	2	11	0	0	0	0	8
531.200	0	1	0	2	7	4	0	0	0	0	0	0	0	0	7	19	0	2	4	0	0	0	0	12
531.400	0	1	0	5	3	5	0	0	0	0	0	0	0	0	6	10	0	2	5	0	0	0	0	12
531.600	5	5	0	6	4	11	0	0	0	0	0	0	0	0	7	13	0	2	5	0	0	0	0	10
531.800	0	5	4	2	0	3	0	0	0	0	0	0	0	0	3	3	0	1	6	0	0	0	0	13
532.000	0	4	2	2	2	4	0	0	0	0	0	0	0	0	5	12	0	0	4	0	0	0	0	7
532.200	0	4	3	1	9	4	0	0	0	0	0	0	0	0	9	9	0	0	4	0	0	0	0	13
532.400	1	4	3	5	9	2	0	0	0	0	0	0	0	0	8	9	0	2	8	0	0	0	0	17
532.600	0	4	6	2	1	2	0	0	0	0	0	0	0	0	11	16	0	0	3	0	0	0	0	9
532.800	0	4	4	3	3	5	0	0	0	0	0	0	0	0	7	10	0	0	3	0	0	0	0	13
533.000	0	5	5	4	5	5	0	0	0	0	0	0	0	0	9	10	0	1	9	0	0	0	0	12
533.200	0	4	5	5	1	0	0	0	0	0	0	0	0	0	7	10	0	2	8	0	0	0	0	12
533.400	0	5	3	1	2	3	0	0	0	0	0	0	0	0	6	13	0	2	5	0	0	0	0	11
533.600	0	4	6	7	0	6	0	0	0	0	0	0	0	0	7	15	0	2	7	0	0	0	0	13
533.800	0	5	3	4	1	5	0	0	0	0	0	0	0	0	15	16	0	2	10	0	0	0	0	11
534.000	0	8	5	2	2	5	0	0	0	0	0	0	0	0	5	11	0	0	8	0	0	0	0	6
534.200	0	6	7	3	0	5	0	0	0	0	0	0	0	0	7	15	0	0	5	0	0	0	0	9
534.400	0	4	10	8	6	8	0	0	0	0	0	0	0	0	5	9	0	0	5	0	0	0	0	7
534.600	0	2	6	2	5	6	0	0	0	0	0	0	0	0	6	11	0	2	9	0	0	0	0	9
534.800	6	4	5	11	8	4	0	0	0	0	0	0	0	0	8	8	0	0	7	0	0	0	0	15
535.000	4	2	5	5	6	6	0	0	0	0	0	0	0	0	9	12	0	2	9	0	0	0	0	10
535.200	3	2	3	7	8	5	0	0	0	0	0	0	0	0	12	14	0	1	4	0	0	0	0	12
535.400	2	1	4	8	9	5	0	0	0	0	0	0	0	0	3	12	0	0	6	0	0	0	0	11
535.600	2	1	5	6	3	5	0	0	0	0	0	0	0	0	5	8	0	2	9	0	0	0	0	8
535.800	1	3	0	1	2	2	0	0	0	0	0	0	0	0	4	10	0	0	7	0	0	0	0	11
536.000	4	4	4	6	4	6	0	0	0	0	0	0	0	0	6	11	0	1	9	0	0	0	0	11
536.200	11	7	4	4	6	7	0	0	0	0	0	0	0	0	6	12	0	1	11	0	0	0	0	13
536.400	14	4	3	4	7	4	0	0	0	0	0	0	0	0	8	12	0	2	10	0	0	0	0	15
536.600	15	4	0	5	5	6	0	0	0	0	0	0	0	0	1	3	0	0	3	0	0	0	0	12
536.800	15	4	4	5	4	5	0	0	0	0	0	0	0	0	5	19	0	2	6	0	0	0	0	9
537.000	14	3	5	6	2	5	0	0	0	0	0	0	0	0	3	8	0	2	8	0	0	0	0	11
537.200	5	2	0	4	2	3	0	0	0	0	0	0	0	0	6	9	0	2	6	0	0	0	0	8
537.400	5	3	1	0	6	7	0	0	0	0	0	0	0	0	3	14	0	0	9	0	0	0	0	9
537.600	3	2	5	6	3	1	0	0	0	0	0	0	0	0	2	12	0	2	6	0	0	0	0	17
537.800	6	3	5	6	5	2	0	0	0	0	0	0	0	0	5	9	0	2	7	0	0	0	0	9
538.000	5	6	4	5	6	6	0	0	0	0	0	0	0	0	1	7	0	1	5	0	0	0	0	12
538.200	7	5	4	8	3	5	0	0	0	0	0	0	0	0	11	8	0	1	6	0	0	0	0	7
538.400	5	4	4	6	7	5	0	0	0	0	0	0	0	0	7	9	0	0	6	0	0	0	0	9
538.600	0	5	5	9	2	4	0	0	0	0	0	0	0	0	15	13	0	2	7	0	0	0	0	14
538.800	4	4	6	12	5	8	0	0	0	0	0	0	0	0	13	7	0	2	9	0	0	0	0	14
539.000	6	4	4	8	3	4	0	0	0	0	0	0	0	0	5	8	0	2	7	0	0	0	0	11
539.200	4	4	5	8	6	1	0	0	0	0	0	0	0	0	7	3	0	1	10	0	0	0	0	14
539.400	0	4	2	5	2	6	0	0	0	0	0	0	0	0	11	8	0	1	8	0	0	0	0	11
539.600	3	4	4	9	7	8	0	0	0	0	0	0	0	0	2	6	0	0	4	0	0	0	0	14
539.800	3	5	6	8	4	1	0	0	0	0	0	0	0	0	1	12	0	0	6	0	0	0	0	10
540.000	0	6	0	2	10	5	0	0	0	0	0	0	0	0	7	13	0	1	7	0	0	0	0	11
540.200	0	5	1	3	13	6	0	0	0	0	0	0	0	0	7	14	0	1	7	0	0	0	0	7
540.400	0	2	0	4	11	4	0	0	0	0	0	0	0	0	4	12	0	0	3	0	0	0	0	12
540.600	0	5	3	3	5	2	0	0	0	0	0	0	0	0	5	11	0	0	1	0	0	0	0	7
540.800	0	4	2	6	8	2	0	0	0	0	0	0	0	0	8	9	0	0	0	0	0	0	0	14
541.000	0	8	0	2	7	4	0	0	0	0	0	0	0	0	6	9	0	0	0	0	0	0	0	9
541.200	0	5	0	4	9	5	0	0	0	0	0	0	0	0	9	11	0	0	3	0	0	0	0	10
541.400	0	6	0	1	5	4	0	0	0	0	0	0	0	0	9	11	0	0	6	0	0	0	0	9
541.600	0	4	5	3	4	2	0	0	0	0	0	0	0	0	12	10	0	2	9	0	0	0	0	11
541.800	0	7	6	2	2	8	0	0	0	0	0	0	0	0	9	12	0	0	4	0	0	0	0	11
542.000	0	4	5	7	4	7	0	0	0	0	0	0	0	0	5	8	0	0	1	0	0	0	0	9
542.200	0	7	3	2	3	6	0	0	0	0	0	0	0	0	11	6	0	2	4	0	0	0	0	5
542.400	0	5	5	3	4	11	0	0	0	0	0	0	0	0	13	8	0	2	6	0	0	0	0	9
542.600	0	6	0	2	3	8	0	0	0	0	0	0	0	0	8	6	0	0	6	0	0	0	0	9
542.800	0	4	4	2	4	5	0	0	0	0	0	0	0	0	7	8	0	2	9	0	0	0	0	7
543.000	0	4	2	2	7	12	0	0	0	0	0	0	0	0	8	11	0	2	8	0	0	0	0	10
543.200	0	5	5	5	3	9	0	0	0	0	0	0	0	0	8	12	0	2	8	0	0	0	0	9
543.400	0	4	4	9	5	10	0	0	0	0	0	0	0	0	6	9	0	0	6	0	0	0	0	6
543.600	0	4	7	3	6	11	0	0	0	0	0	0	0	0	5	13	0	0	6	0	0	0	0	2
543.800	0	4	6	8	4	7	0	0	0	0	0	0	0	0	6	9	0	0	1	0	0	0	0	13
544.000	0	5	4	1	2	9	0	0	0	0	1	0	0	0	4	17	0	0	3	0	0	0	0	8
544.200	0	4	3	6	0	6	0	0	0	0	0	0	0	0	4	14	0	0	3	0	0	0	0	9
544.400	0	4	4	5	2	8	0	0	0	0	0	0	0	0	5	12	0	1	8	0	0	0	0	11
544.600	3	4	2	6	6	5	0	0	0	0	0	0	0	0	8	12	0	1	4	0	0	0	0	14
544.800	4	2	3	6	4	11	0	0	0	0	0	0	0	0	14	7	0	1	6	0	0	0	0	8
545.000	0	2	6	7	0	5	0	0	0	0	0	0	0	0	11	5	0	1	8	0	0	0	0	9
545.200	4	2	4	8	1	5	0	0	0	0	0	0	0	0	12	12	0	2	8	0	0	0	0	6
545.400	5	2	5	4	1	2	0	0	0	0	0	0	0	0	1	5	0	2	6	0	0	0	0	5
545.600	3	3	5	4	2	8	0	0	0	0	0	0	0	0	6	4	0	2	5	0	0	0	0	10
545.800	2	2	6	8	1	7	0	0	0	0	0	0	0	0	9	5	0	1	6	0	0	0	0	8
546.000	1	2	6	5	7	5	0	0	0	0	0	0	0	0	5	4	0	1	9	0	0	0	0	12
546.200	8	2	5	4	2	2	0	0	0	0	0	0	0	0	9	8	0	0	7	0	0	0	0	11
546.400	7	2	4	3	7	5	0	0	0	0	0	0	0	0	7	1	0	0	6	0	0	0	0	16
546.600	5	4	4	4	0	4	0	0	0	0	0	0	0	0	7	8	0	2	10	0	0	0	0	11
546.800	12	5	0	5	6	8	0	0	0	0	0	0	0	0	3	7	0	0	5	0	0	0	0	11
547.000	8	5	5	5	8	11	0	0	0	0	1	0	0	0	10	3	0	0	13	0	0	0	0	12
547.200	4	5	5	7	7	13	0	0	0	0	0	0	0	0	4	4	0	0	13	0	0	0	0	5
547.400	1	4	4	2	3	5	0	0	0	0	0	0	0	0	3	7	0	2	9	0	0	0	0	9
547.600	4	4	3	8	3	4	0	0	0	0	0	0	0	0	2	7	0	0	6	0	0	0	0	11
547.800	5	4	4	8	3	3	0	0	0	0	0	0	0	0	1	8	0	0	5	0	0	0	0	13
548.000	3	6	8	7	3	4	0	0	0	0	0	0	0	0	5	3	0	0	3	0	0	0	0	11
548.200	0	4	0	3	0	3	0	0	0	0	0	0	0	0	2	4	0	2	6	0	0	0	0	8
548.400	2	4	0	7	2	4	0	0	0	0	0	0	0	0	3	6	0	2	3	0	0	0	0	7
548.600	5	6	0	4	3	6	0	0	0	0	0	0	0	0	1	15	0	2	7	0	0	0	0	5
548.800	6	4	3	4	5	4	0	0	0	0	0	0	0	0	5	8	0	2	8	0	0	0	0	9
549.000	2	8	0	7	10	12	0	0	0	0	0	0	0	0	11	14	0	2	8	0	0	0	0	6
549.200	5	5	3	6	5	11	0	0	0	0	0	0	0	0	7	19	0	2	3	0	0	0	0	9
549.400	4	2	0	3	5	3	0	0	0	0	0	0	0	0	4	16	0	2	9	0	0	0	0	11
549.600	3	5	1	6	7	6	0	0	0	0	0	0	0	0	8	14	0	1	5	0	0	0	0	11
549.800	1	2	2	3	1	1	0	0	0	0	0	0	0	0	7	15	0	2	9	0	0	0	0	9
550.000	1	4	3	8	3	5	0	0	0	0	0	0	0	0	1	12	0	0	8	0	0	0	0	10
550.200	2	4	1	7	9	5	0	0	0	0	0	0	0	0	4	20	0	2	4	0	0	0	0	12
550.400	0	4	4	11	2	1	0	0	0	0	0	0	0	0	6	25	0	0	7	0	0	0	0	11
550.600	0	4	5	7	3	5	0	0	0	0	0	0	0	0	6	18	0	0	6	0	0	0	0	7
550.800	0	4	0	3	1	4	0	0	0	0	0	0	0	0	7	16	0	0	3	0	0	0	0	12
551.000	0	4	4	7	3	3	0	0	0	0	0	0	0	0	7	18	0	0	2	0	0	0	0	7
551.200	0	4	2	6	5	6	0	0	0	0	0	0	0	0	12	18	0	0	2	0	0	0	0	10
551.400	0	3	2	4	2	6	0	0	0	0	0	0	0	0	11	18	0	1	10	0	0	0	0	14
551.600	0	4	10	9	3	7	0	0	0	0	0	0	0	0	9	18	0	0	3	0	0	0	0	10
551.800	0	4	1	7	5	6	0	0	0	0	0	0	0	0	2	18	0	0	4	0	0	0	0	10
552.000	0	5	7	9	5	4	0	0	0	0	1	0	0	0	4	11	0	0	3	0	0	0	0	15
552.200	0	2	5	6	1	7	0	0	0	0	0	0	0	0	10	21	0	0	8	0	0	0	0	13
552.400	0	8	7	3	4	5	0	0	0	0	0	0	0	0	2	16	0	0	4	0	0	0	0	8
552.600	0	4	5	6	3	8	0	0	0	0	0	0	0	0	9	17	0	0	10	0	0	0	0	13
552.800	0	2	6	8	1	5	0	0	0	0	0	0	0	0	7	23	0	0	9	0	0	0	0	12
553.000	0	4	6	7	2	6	0	0	0	0	0	0	0	0	5	14	0	0	12	0	0	0	0	14
553.200	0	8	5	5	5	6	0	0	0	0	0	0	0	0	5	19	0	0	9	0	0	0	0	9
553.400	0	4	4	3	5	6	0	0	0	0	0	0	0	0	9	15	0	0	5	0	0	0	0	9
553.600	0	5	6	6	5	7	0	0	0	0	0	0	0	0	11	22	0	0	10	0	0	0	0	12
553.800	0	4	5	10	3	2	0	0	0	0	0	0	0	0	7	21	0	0	5	0	0	0	0	12
554.000	0	4	4	3	3	4	0	0	0	0	0	0	0	0	6	14	0	0	9	0	0	0	0	13
554.200	0	5	3	4	0	4	0	0	0	0	0	0	0	0	6	11	0	0	9	0	0	0	0	14
554.400	0	6	5	5	2	5	0	0	0	0	0	0	0	0	11	17	0	0	9	0	0	0	0	11
554.600	0	4	5	2	1	5	0	0	0	0	0	0	0	0	8	19	0	0	10	0	0	0	0	7
554.800	0	5	5	2	5	5	0	0	0	0	0	0	0	0	7	16	0	0	9	0	0	0	0	7
555.000	0	4	2	2	3	5	0	0	0	0	0	0	0	0	6	17	0	0	10	0	0	0	0	10
555.200	0	4	5	7	0	4	0	0	0	0	0	0	0	0	9	18	0	0	7	0	0	0	0	10
555.400	0	4	5	6	0	3	0	0	0	0	0	0	0	0	5	17	0	0	8	0	0	0	0	13
555.600	0	4	6	9	3	2	0	0	0	0	0	0	0	0	4	11	0	0	6	0	0	0	0	14
555.800	0	4	5	5	2	6	0	0	0	0	0	0	0	0	6	13	0	1	9	0	0	0	0	7
556.000	0	2	3	5	2	7	0	0	0	0	0	0	0	0	7	10	0	0	4	0	0	0	0	9
556.200	0	3	5	7	3	7	0	0	0	0	0	0	0	0	10	16	0	2	5	0	0	0	0	12
556.400	0	3	3	3	3	3	0	0	0	0	0	0	0	0	5	18	0	1	6	0	0	0	0	10
556.600	0	3	2	7	4	4	0	0	0	0	0	0	0	0	7	17	0	1	6	0	0	0	0	11
556.800	0	2	2	4	10	5	0	0	0	0	0	0	0	0	6	12	0	2	9	0	0	0	0	6
557.000	0	2	3	7	5	6	0	0	0	0	0	0	0	0	8	10	0	0	7	0	0	0	0	1
557.200	0	2	3	2	5	3	0	0	0	0	0	0	0	0	8	14	0	1	10	0	0	0	0	0
557.400	0	7	6	2	6	3	0	0	0	0	0	0	0	0	6	14	0	0	4	0	0	0	0	7
557.600	0	2	7	8	4	5	0	0	0	0	0	0	0	0	11	13	0	0	9	0	0	0	0	1
557.800	0	4	4	4	6	3	0	0	0	0	0	0	0	0	9	16	0	0	9	0	0	0	0	0
558.000	0	4	4	5	5	3	0	0	0	0	0	0	0	0	9	13	0	0	9	0	0	0	0	0
558.200	0	4	3	4	6	2	0	0	0	0	0	0	0	0	6	16	0	0	5	0	0	0	0	2
558.400	0	5	3	2	1	1	0	0	0	0	0	0	0	0	5	9	0	0	0	0	0	0	0	0
558.600	0	5	2	6	0	1	0	0	0	0	0	0	0	1	5	17	0	0	1	0	0	0	0	0
558.800	0	3	3	6	0	1	0	0	0	0	0	0	0	0	1	10	0	0	0	0	0	0	0	1
559.000	0	6	3	3	0	3	0	0	0	0	0	0	0	1	5	16	0	0	0	0	0	0	0	1
559.200	0	5	3	2	0	1	0	0	0	0	0	0	0	1	2	14	0	0	2	0	0	0	0	0
559.400	0	5	4	1	1	1	0	0	0	0	0	0	0	1	6	18	0	0	3	0	0	0	0	0
559.600	0	8	4	2	1	2	0	0	0	0	0	0	0	1	6	22	0	0	0	0	0	0	0	0
559.800	0	2	3	4	0	3	0	0	0	0	0	0	0	1	9	17	0	0	9	0	0	0	0	0
560.000	0	4	6	5	5	4	0	0	0	0	0	0	0	0	6	17	0	0	7	0	0	0	0	1
560.200	0	4	3	0	2	8	0	0	0	0	0	0	0	0	3	17	0	0	9	0	0	0	0	0
560.400	0	3	0	1	4	5	0	0	0	0	0	0	0	0	10	16	0	0	11	0	0	0	0	0
560.600	0	2	0	0	0	6	0	0	0	0	0	0	0	0	7	13	0	0	9	0	0	0	0	0
560.800	0	1	3	3	0	4	0	0	0	0	0	0	0	0	9	21	0	0	9	0	0	0	0	0
561.000	0	5	4	5	7	13	0	0	0	0	0	0	0	0	2	17	0	0	4	0	0	0	0	1
561.200	0	9	3	2	5	7	0	0	0	0	0	0	0	0	9	20	0	0	8	0	0	0	0	0
561.400	0	3	1	3	3	4	0	0	0	0	0	0	0	0	2	20	0	0	5	0	0	0	0	0
561.600	0	3	4	2	9	7	0	0	0	0	0	0	0	0	7	20	0	0	6	0	0	0	0	1
561.800	0	8	3	4	6	6	0	0	0	0	0	0	0	0	5	19	0	1	10	0	0	0	0	0
562.000	0	5	4	8	6	9	0	0	0	0	0	0	0	0	7	17	0	1	7	0	0	0	0	0
562.200	0	9	4	5	3	6	0	0	0	0	0	0	0	0	9	16	0	0	3	0	0	0	0	0
562.400	0	8	4	7	5	8	0	0	0	0	1	0	0	0	11	14	0	0	8	0	0	0	0	1
562.600	0	2	3	4	6	6	0	0	0	0	0	0	0	0	8	17	0	0	6	0	0	0	0	0
562.800	0	5	4	3	5	3	0	0	0	0	0	0	0	0	9	17	0	2	7	0	0	0	0	7
563.000	0	8	3	6	8	7	0	0	0	0	0	0	0	0	6	14	0	2	9	0	0	0	0	6
563.200	0	2	3	4	7	6	0	0	0	0	0	0	0	0	10	22	0	2	5	0	0	0	0	4
563.400	0	7	4	2	6	3	0	0	0	0	0	0	0	0	10	19	0	2	7	0	0	0	0	6
563.600	0	8	3	4	6	6	0	0	0	0	0	0	0	0	7	21	0	1	10	0	0	0	0	9
563.800	0	6	3	4	8	5	0	0	0	0	1	0	0	0	10	12	0	0	6	0	0	0	0	7
564.000	0	2	2	8	5	2	0	0	0	0	0	0	0	0	9	18	0	0	8	0	0	0	0	5
564.200	0	5	2	6	5	6	0	0	0	0	0	0	0	0	5	15	0	0	9	0	0	0	0	3
564.400	0	4	3	6	6	6	0	0	0	0	0	0	0	0	6	20	0	0	10	0	0	0	0	2
564.600	0	5	3	6	6	5	0	0	0	0	0	0	0	0	8	25	0	0	10	0	0	0	0	6
564.800	0	7	4	7	6	6	0	0	0	0	0	0	0	0	7	20	0	0	10	0	0	0	0	6
565.000	0	3	5	3	2	3	0	0	0	0	0	0	0	0	3	22	0	0	11	0	0	0	0	7
565.200	0	5	6	8	6	5	0	0	0	0	0	0	0	0	3	20	0	0	11	0	0	0	0	6
565.400	0	4	0	4	6	3	0	0	0	0	0	0	0	0	5	19	0	0	11	0	0	0	0	8
565.600	0	6	4	2	9	9	0	0	0	0	0	0	0	0	9	16	0	0	9	0	0	0	0	5
565.800	0	4	2	6	6	8	0	0	0	0	0	0	0	0	6	13	0	0	10	0	0	0	0	6
566.000	0	4	4	5	3	6	0	0	0	0	0	0	0	0	7	18	0	0	10	0	0	0	0	8
566.200	0	4	1	7	8	9	0	0	0	0	0	0	0	0	6	19	0	0	13	0	0	0	0	11
566.400	0	5	2	6	9	1	0	0	0	0	0	0	0	0	5	17	0	0	6	0	0	0	0	9
566.600	0	7	3	4	3	2	0	0	0	0	0	0	0	0	2	20	0	0	10	0	0	0	0	7
566.800	0	5	2	5	7	5	0	0	0	0	0	0	0	0	3	16	0	0	11	0	0	0	0	4
567.000	0	2	0	3	3	5	0	0	0	0	0	0	0	0	1	21	0	0	10	0	0	0	0	5
567.200	0	3	0	5	5	9	0	0	0	0	0	0	0	0	4	15	0	0	7	0	0	0	0	1
567.400	0	5	1	4	5	8	0	0	0	0	0	0	0	0	6	16	0	0	9	0	0	0	0	0
567.600	0	6	2	6	6	5	0	0	0	0	0	0	0	0	7	21	0	0	6	0	0	0	0	1
567.800	0	2	2	5	2	11	0	0	0	0	0	0	0	0	9	22	0	0	3	0	0	0	0	7
568.000	0	6	0	3	14	12	0	0	0	0	0	0	0	0	0	22	0	0	6	0	0	0	0	7
568.200	0	2	0	6	7	8	0	0	0	0	0	0	0	0	7	19	0	0	4	0	0	0	0	7
568.400	0	1	3	3	6	5	0	0	0	0	0	0	0	0	1	9	0	0	3	0	0	0	0	10
568.600	0	4	0	2	6	12	0	0	0	0	0	0	0	0	8	19	0	0	6	0	0	0	0	7
568.800	0	5	0	4	9	11	0	0	0	0	0	0	0	0	9	6	0	0	10	0	0	0	0	3
569.000	0	2	2	5	7	9	0	0	0	0	0	0	0	0	4	13	0	0	10	0	0	0	0	9
569.200	0	2	0	4	9	12	0	0	0	0	0	0	0	0	1	12	0	0	6	0	0	0	0	7
569.400	0	2	0	3	4	13	0	0	0	0	0	0	0	0	4	9	0	0	3	0	0	0	0	6
569.600	0	1	0	3	10	11	0	0	0	0	0	0	0	0	5	11	0	0	4	0	0	0	0	3
569.800	0	1	0	4	8	8	0	0	0	0	0	0	0	0	5	7	0	0	5	0	0	0	0	9
570.000	0	5	4	4	7	4	0	0	0	0	0	0	0	0	2	13	0	0	2	0	0	0	0	4
570.200	0	1	0	1	9	8	0	0	0	0	0	0	0	0	1	14	0	0	4	0	0	0	0	6
570.400	0	2	0	6	2	10	0	0	0	0	0	0	0	0	1	14	0	0	5	0	0	0	0	2
570.600	0	1	1	5	7	2	0	0	0	0	0	0	0	0	0	11	0	0	3	0	0	0	0	0
570.800	0	2	0	5	4	1	0	0	0	0	0	0	0	0	3	5	0	0	6	0	0	0	0	5
571.000	0	2	3	5	8	6	0	0	0	0	0	0	0	0	2	5	0	0	4	0	0	0	0	6
571.200	0	1	0	0	2	6	0	0	0	0	0	0	0	0	4	5	0	0	8	0	0	0	0	8
571.400	0	4	3	5	6	5	0	0	0	0	0	0	0	0	4	5	0	0	10	0	0	0	0	1
571.600	0	7	3	4	6	3	0	0	0	0	0	0	0	0	1	15	0	0	10	0	0	0	0	4
571.800	0	5	2	7	5	5	0	0	0	0	0	0	0	0	2	15	0	0	10	0	0	0	0	2
572.000	0	2	0	2	14	8	0	0	0	0	0	0	0	0	7	4	0	0	10	0	0	0	0	2
572.200	0	2	0	1	7	3	0	0	0	0	0	0	0	0	10	11	0	0	11	0	0	0	0	3
572.400	0	2	1	0	4	3	0	0	0	0	0	0	0	0	8	4	0	0	11	0	0	0	0	2
572.600	0	6	2	1	7	10	0	0	0	0	0	0	0	0	2	10	0	0	11	0	0	0	0	1
572.800	0	9	2	2	8	8	0	0	0	0	0	0	0	0	7	6	0	0	7	0	0	0	0	5
573.000	0	8	2	8	8	6	0	0	0	0	0	0	0	0	8	5	0	0	10	0	0	0	0	1
573.200	0	6	3	2	5	6	0	0	0	0	0	0	0	0	5	6	0	0	9	0	0	0	0	2
573.400	0	3	0	3	10	5	0	0	0	0	0	0	0	0	4	8	0	0	3	0	0	0	0	0
573.600	0	5	0	4	8	4	0	0	0	0	0	0	0	0	9	7	0	0	6	2	0	0	0	0
573.800	0	3	2	6	3	2	0	0	0	0	0	0	0	0	11	6	0	0	11	0	0	0	0	1
574.000	0	6	3	2	5	5	0	0	0	0	0	0	0	0	4	12	0	0	3	0	0	0	0	0
574.200	0	6	0	0	7	5	0	0	0	0	0	0	0	0	5	5	0	0	11	0	0	0	0	0
574.400	0	5	0	1	7	8	0	0	0	0	0	0	0	0	9	5	0	0	11	0	0	0	0	1
574.600	1	4	1	2	6	9	0	0	0	0	0	0	0	0	9	7	0	0	3	0	0	0	0	0
574.800	3	4	0	1	6	9	0	0	0	0	0	0	0	0	9	6	0	0	11	0	0	0	0	0
575.000	1	4	0	0	4	8	0	0	0	0	0	0	0	0	4	8	0	0	3	0	0	0	0	1
575.200	0	4	2	4	6	9	0	0	0	0	2	0	0	0	5	6	0	0	3	0	0	0	0	0
575.400	1	3	0	2	8	10	0	0	0	0	1	0	0	0	8	11	0	0	3	0	0	0	0	1
575.600	3	4	1	4	8	9	0	0	0	0	0	0	0	0	9	4	0	0	2	0	0	0	0	2
575.800	3	12	4	6	6	2	0	0	0	0	0	0	0	0	9	6	0	0	3	0	0	0	0	2
576.000	4	10	0	6	3	1	0	0	0	0	0	0	0	0	11	10	0	0	3	0	0	0	0	3
576.200	6	11	4	7	7	9	0	0	0	0	0	0	0	0	10	6	0	0	3	0	0	0	0	1
576.400	9	13	6	6	6	10	0	0	0	0	0	0	0	0	6	5	0	0	3	0	0	0	0	4
576.600	3	12	1	5	9	8	0	0	0	0	0	0	0	0	4	6	0	0	5	0	0	0	0	0
576.800	9	8	2	4	8	5	0	0	0	0	0	0	0	0	9	12	0	0	3	0	0	0	0	2
577.000	4	10	2	3	8	5	0	0	0	0	0	0	0	0	9	8	0	0	4	0	0	0	0	2
577.200	3	9	0	2	3	4	0	0	0	0	0	0	0	0	9	12	0	0	6	0	0	0	0	2
577.400	3	8	0	7	5	5	0	0	0	0	0	0	0	0	8	12	0	0	0	0	0	0	0	1
577.600	3	5	0	5	6	6	0	0	0	0	0	0	0	0	3	10	0	0	5	0	0	0	0	1
577.800	5	3	0	4	6	7	0	0	0	0	1	0	0	0	7	8	0	0	3	0	0	0	0	2
578.000	4	5	0	0	9	11	0	0	0	0	0	0	0	0	6	11	0	0	5	0	0	0	0	2
578.200	4	6	0	0	5	13	0	0	0	0	0	0	0	0	7	13	0	0	5	0	0	0	0	1
578.400	1	6	3	1	7	11	0	0	0	0	0	0	0	0	7	10	0	0	1	0	0	0	0	1
578.600	0	8	3	4	8	12	0	0	0	0	0	0	0	0	4	11	0	0	6	0	0	0	0	2
578.800	7	15	3	5	4	6	0	0	0	0	0	0	0	0	6	11	0	0	6	0	0	0	0	0
579.000	7	10	1	5	6	10	0	0	0	0	0	0	0	0	8	11	0	0	5	0	0	0	0	4
579.200	6	9	3	8	7	12	0	0	0	0	2	0	0	0	6	8	0	0	6	0	0	0	0	2
579.400	7	13	3	4	8	11	0	0	0	0	0	0	0	0	6	5	0	0	5	0	0	0	0	3
579.600	2	8	2	8	9	10	0	0	0	0	1	0	0	0	7	7	0	0	4	0	0	0	0	3
579.800	6	11	1	0	6	7	0	0	0	0	0	0	0	0	9	12	0	0	5	0	0	0	0	4
580.000	7	6	2	1	8	6	0	0	0	0	0	0	0	0	5	10	0	0	5	0	0	0	0	4
580.200	9	13	3	8	3	2	0	0	0	0	0	0	0	0	6	11	0	0	5	0	0	0	0	5
580.400	8	9	0	1	4	5	0	0	0	0	0	0	0	0	3	9	0	0	3	0	0	0	0	3
580.600	4	10	2	6	4	2	0	0	0	0	0	0	0	0	3	10	0	0	5	0	0	0	0	5
580.800	6	7	5	10	0	5	0	0	0	0	0	0	0	0	3	9	0	0	3	0	0	0	0	3
581.000	6	8	0	0	3	6	0	0	0	0	0	0	0	0	9	8	0	0	5	0	0	0	0	3
581.200	5	11	0	0	6	6	0	0	0	0	0	0	0	0	7	10	0	0	5	0	0	0	0	4
581.400	4	7	0	0	8	3	0	0	0	0	0	0	0	0	9	16	0	0	5	0	0	0	0	5
581.600	5	11	0	0	6	2	0	0	0	0	0	0	0	0	6	14	0	0	6	0	0	0	0	1
581.800	3	6	0	0	7	4	0	0	0	0	0	0	0	0	5	8	0	0	6	0	0	0	0	2
582.000	0	9	0	1	6	3	0	0	0	0	5	0	0	0	4	14	0	0	7	0	0	0	0	2
582.200	6	10	0	0	4	5	0	0	0	0	5	0	0	0	3	10	0	0	4	0	0	0	0	1
582.400	6	7	0	0	6	7	0	0	0	0	5	0	0	0	6	10	0	0	6	0	0	0	0	1
582.600	5	12	0	1	5	5	0	0	0	0	2	0	0	0	5	13	0	0	6	0	0	0	0	3
582.800	4	13	0	2	6	5	0	0	0	0	5	0	0	0	6	13	0	0	5	0	0	0	0	4
583.000	4	12	0	1	6	5	0	0	0	0	2	0	0	0	5	12	0	0	4	0	0	0	0	0
583.200	3	3	0	1	4	4	0	0	0	0	1	0	0	0	8	16	0	0	5	0	0	0	0	3
583.400	3	2	0	2	9	5	0	0	0	0	2	0	0	0	9	13	0	0	4	0	0	0	0	2
583.600	5	3	0	0	5	7	0	0	0	0	5	0	0	0	8	6	0	0	5	0	0	0	0	3
583.800	0	7	0	1	6	5	0	0	0	0	5	0	0	0	6	13	0	0	5	0	0	0	0	2
584.000	4	9	0	2	6	5	0	0	0	0	3	0	0	0	10	11	0	0	3	0	0	0	0	1
584.200	5	11	3	6	6	11	0	0	0	0	2	0	0	0	7	8	0	0	5	0	0	0	0	0
584.400	3	10	0	0	10	9	0	0	0	0	0	0	0	0	9	8	0	0	3	0	0	0	0	1
584.600	5	9	0	1	5	4	0	0	0	0	1	0	0	0	4	6	0	0	1	0	0	0	0	3
584.800	10	18	4	2	8	9	0	0	0	0	2	0	0	0	6	9	0	0	5	0	0	0	0	5
585.000	6	7	0	0	5	5	0	0	0	0	1	0	0	0	4	7	0	0	2	0	0	0	0	4
585.200	10	5	0	0	6	6	0	0	0	0	1	0	0	0	8	16	0	0	4	0	0	0	0	2
585.400	8	11	0	1	7	8	0	0	0	0	2	0	0	0	6	11	0	0	5	0	0	0	0	5
585.600	9	11	0	0	7	5	0	0	0	0	0	0	0	0	7	13	0	0	5	0	0	0	0	3
585.800	6	8	7	2	7	9	0	0	0	0	0	0	0	0	6	13	0	0	5	0	0	0	0	6
586.000	2	8	4	7	7	12	0	0	0	0	0	0	0	0	6	7	0	0	4	0	0	0	0	3
586.200	9	11	7	8	5	11	0	0	0	0	0	0	0	0	3	4	0	0	3	0	0	0	0	3
586.400	10	10	5	7	9	7	0	0	0	0	0	0	0	0	10	12	0	0	3	0	0	0	0	10
586.600	10	8	0	1	6	9	0	0	0	0	0	0	0	0	5	5	0	0	5	0	0	0	0	1
586.800	4	10	2	6	4	9	0	0	0	0	2	0	0	0	4	6	0	0	4	0	0	0	0	7
587.000	6	11	10	7	5	8	0	0	0	0	0	0	0	0	7	7	0	0	10	0	0	0	0	5
587.200	6	13	5	8	2	6	0	0	0	0	1	0	0	0	5	6	0	0	3	0	0	0	0	6
587.400	5	8	4	8	8	8	0	0	0	0	1	0	0	0	4	6	0	0	4	0	0	0	0	7
587.600	7	9	0	4	5	5	0	0	0	0	0	0	0	0	8	9	0	0	5	0	0	0	0	6
587.800	6	13	3	5	5	9	0	0	0	0	0	0	0	0	9	10	0	0	5	0	0	0	0	8
588.000	8	9	3	2	6	11	0	0	0	0	4	0	0	0	6	11	0	0	9	0	0	0	0	10
588.200	7	10	2	4	7	9	0	0	0	0	5	0	0	0	6	10	0	0	6	0	0	0	0	8
588.400	7	7	3	6	5	6	0	0	0	0	3	0	0	0	5	9	0	0	3	0	0	0	0	6
588.600	3	9	4	6	7	9	0	0	0	0	7	0	0	0	7	19	0	0	2	0	0	0	0	5
588.800	5	10	0	4	7	8	0	0	0	0	4	0	0	0	7	17	0	0	3	0	0	0	0	2
589.000	3	6	4	6	8	6	0	0	0	0	1	0	0	0	2	5	0	0	2	0	0	0	0	2
589.200	2	11	3	7	8	9	0	0	0	0	3	0	0	0	7	6	0	0	9	0	0	0	0	3
589.400	2	4	0	3	5	4	0	0	0	0	3	0	0	0	9	14	0	0	11	0	0	0	0	4
589.600	2	6	9	10	5	6	0	0	0	0	0	0	0	0	9	13	0	0	11	0	0	0	0	2
589.800	3	11	4	7	3	8	0	0	0	0	2	0	0	0	7	15	0	0	9	0	0	0	0	6
590.000	5	14	8	7	3	8	0	0	0	0	5	0	0	0	6	10	0	0	8	0	0	0	0	1
590.200	12	7	0	1	9	6	0	0	0	0	3	0	0	0	6	16	0	0	9	0	0	0	0	2
590.400	5	12	5	1	5	9	0	0	0	0	3	0	0	0	7	9	0	0	5	0	0	0	0	1
590.600	0	4	4	5	7	7	0	0	0	0	0	0	0	0	8	8	0	0	8	0	0	0	0	2
590.800	0	6	9	12	7	12	0	0	0	0	0	0	0	0	4	15	0	0	10	0	0	0	0	0
591.000	0	4	1	4	7	8	0	0	0	0	0	0	0	0	4	15	0	0	10	0	0	0	0	1
591.200	0	6	0	5	6	6	0	0	0	0	3	0	0	0	6	10	0	0	10	0	0	0	0	1
591.400	0	6	3	7	7	9	0	0	0	0	5	0	0	0	3	8	0	0	12	0	0	0	0	0
591.600	0	3	3	4	7	10	0	0	0	0	3	0	0	0	8	12	0	0	11	0	0	0	0	3
591.800	0	2	3	4	6	15	0	0	0	0	5	0	0	0	5	14	0	0	11	0	0	0	0	3
592.000	0	7	2	0	6	8	0	0	0	0	2	0	0	0	2	9	0	0	11	0	0	0	0	1
592.200	0	7	2	3	9	11	0	0	0	0	2	0	0	0	4	10	0	1	14	0	0	0	0	2
592.400	0	8	3	6	6	8	0	0	0	0	1	0	0	0	10	13	0	0	9	0	0	0	0	1
592.600	0	5	0	3	5	8	0	0	0	0	7	0	0	0	8	16	0	0	9	0	0	0	0	0
592.800	0	5	3	2	5	8	0	0	0	0	3	0	0	0	8	10	0	0	10	0	0	0	0	2
593.000	0	2	3	4	7	11	0	0	0	0	4	0	0	0	7	12	0	0	9	0	0	0	0	0
593.200	0	5	3	2	5	9	0	0	0	0	3	0	0	0	4	6	0	0	9	0	0	0	0	1
593.400	0	4	5	2	9	6	0	0	0	0	4	0	0	1	5	7	0	0	1	0	0	0	0	0
593.600	0	8	5	3	8	8	0	0	0	0	0	0	0	0	11	13	0	0	8	0	0	0	0	2
593.800	0	6	4	2	5	5	0	0	0	0	4	0	0	0	6	9	0	0	3	0	0	0	0	0
594.000	0	4	1	2	5	8	0	0	0	0	4	0	0	0	7	12	0	0	3	0	0	0	0	2
594.200	0	5	6	9	6	7	0	0	0	0	1	0	0	0	3	7	0	0	2	0	0	0	0	0
594.400	0	4	5	3	7	9	0	0	0	0	4	0	0	0	6	8	0	0	8	0	0	0	0	0
594.600	0	4	6	4	5	8	0	0	0	0	3	0	0	0	5	14	0	0	9	0	0	0	0	1
594.800	0	4	5	1	3	11	0	0	0	0	1	0	0	0	8	12	0	0	6	0	0	0	0	0
595.000	0	4	3	2	5	13	0	0	0	0	1	0	0	0	5	6	0	0	9	0	0	0	0	1
595.200	0	4	7	5	8	13	0	0	0	0	1	0	0	0	5	11	0	0	10	0	0	0	0	3
595.400	0	4	5	10	5	9	0	0	0	0	1	0	0	0	3	14	0	0	4	0	0	0	0	2
595.600	0	4	5	6	4	11	0	0	0	0	5	0	0	0	7	8	0	0	8	0	0	0	0	2
595.800	0	4	4	6	5	11	0	0	0	0	3	0	0	0	5	6	0	0	9	0	0	0	0	1
596.000	0	4	5	3	6	7	0	0	0	0	5	0	0	0	5	3	0	0	10	0	0	0	0	3
596.200	0	6	7	7	4	10	0	0	0	0	2	0	0	0	5	3	0	0	9	0	0	0	0	1
596.400	0	4	7	8	1	8	0	0	0	0	4	0	0	0	5	9	0	0	6	0	0	0	0	1
596.600	0	4	2	8	9	6	0	0	0	0	1	0	0	0	5	6	0	0	12	0	0	0	0	2
596.800	0	4	5	8	7	5	0	0	0	0	3	0	0	0	4	12	0	0	9	0	0	0	0	1
597.000	0	4	5	8	7	5	0	0	0	0	0	0	0	0	2	3	0	0	8	0	0	0	0	3
597.200	0	2	4	10	9	8	0	0	0	0	1	0	0	0	4	8	0	0	6	0	0	0	0	0
597.400	0	2	3	7	7	7	0	0	0	0	2	0	0	0	2	9	0	0	6	0	0	0	0	2
597.600	0	4	6	8	4	12	0	0	0	0	1	0	0	0	5	10	0	0	7	0	0	0	0	2
597.800	0	4	6	13	5	5	0	0	0	0	4	0	0	0	4	12	0	0	6	0	0	0	0	1
598.000	0	0	3	10	9	11	0	0	0	0	1	0	0	0	4	16	0	0	5	0	0	0	0	0
598.200	0	4	5	13	7	9	0	0	0	0	5	0	0	0	2	10	0	0	5	0	0	0	0	0
598.400	0	0	4	8	9	12	0	0	0	0	3	0	0	0	5	17	0	0	5	0	0	0	0	0
598.600	0	1	7	9	5	7	0	0	0	0	1	0	0	0	2	11	0	0	5	0	0	0	0	0
598.800	0	4	5	7	8	11	0	0	0	0	2	0	0	0	2	10	0	0	5	0	0	0	0	0
599.000	0	4	5	6	6	10	0	0	0	0	3	0	0	0	4	13	0	0	7	0	0	0	0	0
599.200	0	4	7	7	6	11	0	0	0	0	3	0	0	0	4	10	0	0	5	0	0	0	0	0
599.400	1	4	1	8	6	13	0	0	0	0	1	0	0	0	5	10	0	0	6	0	0	0	0	1
599.600	1	4	4	8	6	10	0	0	0	0	2	0	0	0	2	12	0	0	4	0	0	0	0	1
599.800	0	4	5	10	5	12	0	0	0	0	1	0	0	0	3	11	0	0	4	0	0	0	0	6
600.000	2	4	7	11	6	10	0	0	0	0	0	0	0	0	5	14	0	0	4	0	0	0	0	2
600.200	2	4	6	6	4	2	0	0	0	0	0	0	0	0	3	13	0	0	5	0	0	0	0	3
600.400	7	4	5	7	6	5	0	0	0	0	0	0	0	0	6	12	0	0	6	0	0	0	0	2
600.600	2	4	1	4	5	10	0	0	0	0	0	0	0	0	1	10	0	0	5	1	0	0	0	0
600.800	1	4	8	8	8	6	0	0	0	0	0	0	0	0	0	9	0	0	6	1	0	0	0	1
601.000	3	4	4	9	6	10	0	0	0	0	0	0	0	0	1	13	0	0	5	1	0	0	0	3
601.200	0	4	3	7	3	5	0	0	0	0	0	0	0	0	1	10	0	0	5	0	0	0	0	3
601.400	2	4	5	9	6	10	0	0	0	0	0	0	0	0	3	8	0	0	5	0	0	0	0	1
601.600	6	5	5	8	5	9	0	0	0	0	0	0	0	0	5	13	0	0	4	0	0	0	0	2
601.800	0	2	5	9	4	7	0	0	0	0	0	0	0	0	6	6	0	0	6	0	0	0	0	1
602.000	0	4	6	8	4	11	0	0	0	0	0	0	0	0	0	6	0	0	4	0	0	0	0	2
602.200	0	4	8	8	4	3	0	0	0	0	0	0	0	0	2	11	0	0	4	0	0	0	0	3
602.400	0	4	5	6	8	5	0	0	0	0	0	0	0	0	4	5	0	0	6	0	0	0	0	1
602.600	0	4	10	10	10	5	0	0	0	0	0	0	0	0	2	11	0	0	7	0	0	0	0	0
602.800	0	4	9	12	9	10	0	0	0	0	0	0	0	0	5	10	0	0	5	0	0	0	0	1
603.000	0	3	4	9	9	9	0	0	0	0	0	0	0	0	1	15	0	0	4	0	0	0	0	4
603.200	0	2	0	4	7	6	0	0	0	0	0	0	0	0	2	13	0	0	4	0	0	0	0	4
603.400	0	2	5	9	5	4	0	0	0	0	0	0	0	0	2	12	0	0	5	0	0	0	0	2
603.600	0	1	5	9	5	2	0	0	0	0	0	0	0	0	5	16	0	0	6	0	0	0	0	4
603.800	0	5	9	8	2	3	0	0	0	0	0	0	0	0	4	13	0	0	6	0	0	0	0	4
604.000	0	5	4	7	2	5	0	0	0	0	0	0	0	0	2	11	0	0	4	0	0	0	0	3
604.200	0	5	5	7	7	9	0	0	0	0	0	0	0	0	2	11	0	0	5	0	0	0	0	5
604.400	0	6	6	8	7	8	0	0	0	0	0	0	0	0	2	10	0	0	6	0	0	0	0	1
604.600	0	4	3	7	5	6	0	0	0	0	0	0	0	0	3	11	0	0	5	0	0	0	0	1
604.800	0	5	6	3	6	8	0	0	0	0	0	0	0	0	5	12	0	0	5	0	0	0	0	3
605.000	0	5	5	8	4	9	0	0	0	0	0	0	0	0	4	12	0	0	6	0	0	0	0	0
605.200	0	4	7	8	5	4	0	0	0	0	0	0	0	0	3	12	0	0	5	0	0	0	0	1
605.400	0	5	8	7	4	10	0	0	0	0	0	0	0	0	2	6	0	0	5	0	0	0	0	1
605.600	0	6	5	8	7	6	0	0	0	0	0	0	0	0	2	10	0	0	5	0	0	0	0	3
605.800	0	5	7	8	4	5	0	0	0	0	0	0	0	0	1	10	0	0	5	0	0	0	0	3
606.000	0	5	5	11	5	5	0	0	0	0	0	0	0	0	1	5	0	0	5	0	0	0	0	1
606.200	0	7	7	7	3	7	0	0	0	0	1	0	0	0	9	8	0	0	5	0	0	0	0	0
606.400	0	5	3	8	4	6	0	0	0	0	1	0	0	0	4	11	0	0	5	0	0	0	0	0
606.600	0	5	4	11	5	10	0	0	0	0	1	0	0	0	5	11	0	0	5	0	0	0	0	0
606.800	0	5	5	9	5	8	0	0	0	0	1	0	0	0	2	14	0	0	4	0	0	0	0	1
607.000	0	5	3	3	6	8	0	0	0	0	0	0	0	0	5	11	0	0	4	0	0	0	0	3
607.200	0	4	3	3	7	9	0	0	0	0	0	0	0	0	5	14	0	0	4	0	0	0	0	0
607.400	0	6	6	4	3	8	0	0	0	0	0	0	0	0	5	17	0	0	5	0	0	0	0	4
607.600	0	6	3	7	2	6	0	0	0	0	0	0	0	0	3	18	0	0	4	0	0	0	0	5
607.800	0	4	8	12	1	2	0	0	0	0	0	0	0	0	7	11	0	0	4	0	0	0	0	4
608.000	0	9	8	5	1	4	0	0	0	0	0	0	0	0	7	10	0	0	5	0	0	0	0	1
608.200	2	9	6	10	7	10	0	0	0	0	0	0	0	0	5	11	0	0	6	0	0	0	0	2
608.400	9	8	2	8	7	7	0	0	0	0	0	0	0	0	2	16	0	0	5	0	0	0	0	1
608.600	11	6	2	5	3	6	0	0	0	0	0	0	0	0	4	13	0	0	5	0	0	0	0	2
608.800	10	7	0	6	5	7	0	0	0	0	0	0	0	0	4	16	0	0	5	0	0	0	0	3
609.000	12	9	3	1	9	15	0	0	0	0	0	0	0	0	4	11	0	0	6	0	0	0	0	3
609.200	7	3	0	0	7	8	0	0	0	0	2	0	0	0	5	10	0	0	5	0	0	0	0	2
609.400	7	11	0	1	9	7	0	0	0	0	0	0	0	0	1	15	0	0	5	0	0	0	0	2
609.600	8	6	0	0	6	5	0	0	0	0	0	0	0	0	0	10	0	0	4	0	0	0	0	3
609.800	7	4	0	1	8	11	0	0	0	0	0	0	0	0	3	12	0	0	5	0	0	0	0	1
610.000	11	9	0	1	7	4	0	0	0	0	1	0	0	0	3	19	0	0	4	0	0	0	0	3
610.200	8	9	0	2	8	7	0	0	0	0	1	0	0	0	1	14	0	0	5	0	0	0	0	3
610.400	11	5	0	2	6	5	0	0	0	0	0	0	0	0	5	9	0	0	4	0	0	0	0	2
610.600	9	10	0	2	9	7	0	0	0	0	1	0	0	0	5	9	0	0	4	0	0	0	0	3
610.800	9	10	3	1	6	4	0	0	0	0	0	0	0	0	2	16	0	0	4	0	0	0	0	3
611.000	9	6	2	0	6	5	0	0	0	0	0	0	0	0	4	15	0	0	4	0	0	0	0	3
611.200	12	11	0	1	10	6	0	0	0	0	0	0	0	0	11	17	0	0	4	0	0	0	0	3
611.400	10	6	0	1	7	5	0	0	0	0	0	0	0	0	4	11	0	0	4	0	0	0	0	5
611.600	11	8	0	1	6	9	0	0	0	0	2	0	0	0	7	12	0	0	5	0	0	0	0	0
611.800	10	9	2	6	7	5	0	0	0	0	0	0	0	0	3	11	0	0	5	0	0	0	0	1
612.000	12	7	0	0	10	11	0	0	0	0	0	0	0	0	4	17	0	0	4	0	0	0	0	0
612.200	12	9	0	1	7	8	0	0	0	0	1	0	0	0	5	17	0	0	4	0	0	0	0	1
612.400	11	9	0	0	9	9	0	0	0	0	0	0	0	0	4	8	0	0	5	0	0	0	0	2
612.600	12	7	1	3	1	8	0	0	0	0	0	0	0	0	6	12	0	0	5	0	0	0	0	0
612.800	11	8	6	9	4	6	0	0	0	0	0	0	0	0	7	20	0	0	6	0	0	0	0	1
613.000	8	10	4	5	5	13	0	0	0	0	0	0	0	0	5	12	0	0	5	0	0	0	0	0
613.200	13	7	0	4	5	8	0	0	0	0	0	0	0	0	4	10	0	0	3	0	0	0	0	1
613.400	9	7	4	5	3	8	0	0	0	0	0	0	0	0	2	13	0	0	5	0	0	0	0	4
613.600	12	6	0	3	7	5	0	0	0	0	0	0	0	0	3	20	0	0	4	0	0	0	0	1
613.800	11	5	1	5	10	9	0	0	0	0	0	0	0	0	3	15	0	0	4	0	0	0	0	1
614.000	9	7	0	6	6	10	0	0	0	0	0	0	0	0	3	16	0	0	5	0	0	0	0	4
614.200	12	6	0	3	11	9	0	0	0	0	0	0	0	0	5	20	0	0	4	0	0	0	0	4
614.400	11	8	5	7	5	7	0	0	0	0	0	0	0	0	1	9	0	0	4	0	0	0	0	7
614.600	9	5	2	7	6	9	0	0	0	0	0	0	0	0	3	8	0	0	4	0	0	0	0	0
614.800	9	7	0	5	13	11	0	0	0	0	0	0	0	0	6	14	0	0	6	0	0	0	0	0
615.000	10	9	3	7	8	10	0	0	0	0	0	0	0	0	7	11	0	0	4	0	0	0	0	0
615.200	9	6	3	6	7	8	0	0	0	0	0	0	0	0	2	9	0	0	5	0	0	0	0	3
615.400	11	8	5	4	6	5	0	0	0	0	0	0	0	0	2	13	0	0	6	0	0	0	0	1
615.600	10	9	2	5	5	7	0	0	0	0	0	0	0	0	5	22	0	0	2	0	0	0	0	0
615.800	10	7	4	2	5	8	0	0	0	0	0	0	0	0	4	19	0	0	2	0	0	0	0	0
616.000	12	13	4	1	4	7	0	0	0	0	0	0	0	0	5	10	0	0	4	0	0	0	0	1
616.200	10	3	0	0	4	9	0	0	0	0	0	0	0	0	0	13	0	0	4	0	0	0	0	1
616.400	11	6	3	1	4	7	0	0	0	0	0	0	0	0	2	6	0	0	4	0	0	0	0	1
616.600	12	10	0	1	5	4	0	0	0	0	0	0	0	0	2	14	0	0	4	0	0	0	0	5
616.800	8	10	5	3	7	9	0	0	0	0	0	0	0	0	1	12	0	0	4	0	0	0	0	1
617.000	12	8	0	0	8	8	0	0	0	0	0	0	0	0	2	18	0	0	4	0	0	0	0	4
617.200	10	7	0	0	6	9	0	0	0	0	0	0	0	0	1	11	0	0	5	0	0	0	0	10
617.400	11	11	5	1	8	8	0	0	0	0	0	0	0	0	1	15	0	0	4	0	0	0	0	5
617.600	11	10	4	1	9	8	0	0	0	0	0	0	0	0	4	15	0	0	5	0	0	0	0	5
617.800	14	10	5	3	5	9	0	0	0	0	0	0	0	0	3	13	0	0	4	0	0	0	0	4
618.000	10	9	3	2	8	10	0	0	0	0	0	0	0	0	8	15	0	0	4	0	0	0	0	4
618.200	11	8	2	1	5	11	0	0	0	0	0	0	0	0	5	21	0	0	4	0	0	0	0	6
618.400	12	8	0	0	6	11	0	0	0	0	0	0	0	0	1	17	0	0	4	0	0	0	0	2
618.600	12	11	3	1	5	9	0	0	0	0	0	0	0	0	5	16	0	0	5	0	0	0	0	5
618.800	10	7	1	2	7	10	0	0	0	0	1	0	0	0	2	12	0	0	5	0	0	0	0	2
619.000	11	10	3	2	1	5	0	0	0	0	0	0	0	0	1	14	0	0	5	0	0	0	0	0
619.200	10	8	0	0	6	11	0	0	0	0	0	0	0	0	5	18	0	0	3	0	0	0	0	0
619.400	10	8	2	1	5	6	0	0	0	0	0	0	0	0	6	19	0	0	4	0	0	0	0	0
619.600	11	11	4	3	6	9	0	0	0	0	0	0	0	0	1	19	0	0	4	0	0	0	0	1
619.800	7	11	3	5	6	4	0	0	0	0	0	0	0	0	8	20	0	0	4	0	0	0	0	2
620.000	4	9	1	1	8	5	0	0	0	0	0	0	0	0	2	22	0	0	5	0	0	0	0	3
620.200	5	8	4	5	5	4	0	0	0	0	0	0	0	0	1	23	0	0	5	0	0	0	0	3
620.400	3	9	0	2	5	2	0	0	0	0	1	0	0	0	4	17	0	0	5	0	0	0	0	3
620.600	4	9	0	1	4	2	0	0	0	0	0	0	0	0	5	20	0	0	4	0	0	0	0	4
620.800	4	9	0	0	6	3	0	0	0	0	0	0	0	0	2	20	0	0	5	0	0	0	0	10
621.000	6	8	0	0	5	6	0	0	0	0	0	0	0	0	2	18	0	0	6	0	0	0	0	8
621.200	4	6	0	1	8	8	0	0	0	0	0	0	0	0	1	20	0	0	5	0	0	0	0	3
621.400	11	8	0	0	6	5	0	0	0	0	0	0	0	0	3	18	0	0	6	0	0	0	0	5
621.600	3	5	0	0	3	5	0	0	0	0	0	0	0	0	0	13	0	0	6	0	0	0	0	5
621.800	5	8	0	0	7	4	0	0	0	0	0	0	0	0	2	16	0	0	7	0	0	0	0	6
622.000	0	6	0	0	6	10	0	0	0	0	0	0	0	0	2	21	0	0	5	0	0	0	0	6
622.200	5	8	0	0	6	7	0	0	0	0	0	0	0	0	3	12	0	0	5	0	0	0	0	9
622.400	9	7	0	0	9	6	0	0	0	0	0	0	0	0	2	19	0	0	6	0	0	0	0	4
622.600	4	12	0	0	3	5	0	0	0	0	0	0	0	0	0	18	0	0	6	0	0	0	0	6
622.800	5	8	0	0	6	4	0	0	0	0	0	0	0	0	2	9	0	0	5	0	0	0	0	6
623.000	12	10	0	0	3	3	0	0	0	0	0	0	0	0	6	15	0	0	4	0	0	0	0	6
623.200	5	6	0	0	8	4	0	0	0	0	0	0	0	0	4	22	0	0	4	0	0	0	0	4
623.400	4	6	2	0	6	9	0	0	0	0	1	0	0	0	5	20	0	0	5	0	0	0	0	3
623.600	6	6	4	3	5	9	0	0	0	0	1	0	0	0	8	16	0	0	3	0	0	0	0	6
623.800	10	12	3	4	7	5	0	0	0	0	1	0	0	0	4	24	0	0	4	0	0	0	0	6
624.000	2	10	0	0	6	5	0	0	0	0	0	0	0	0	2	16	0	0	3	0	0	0	0	9
624.200	4	10	3	2	5	9	0	0	0	0	1	0	0	0	6	16	0	0	3	0	0	0	0	5
624.400	7	12	0	3	5	9	0	0	0	0	1	0	0	0	4	17	0	0	2	0	0	0	0	5
624.600	4	15	6	5	5	5	0	0	0	0	0	0	0	0	4	12	0	0	2	0	0	0	0	6
624.800	9	9	0	0	6	5	0	0	0	0	0	0	0	0	4	13	0	0	3	0	0	0	0	6
625.000	4	11	4	2	3	5	0	0	0	0	0	0	0	0	3	13	0	0	4	0	0	0	0	9
625.200	8	11	0	1	5	8	0	0	0	0	0	0	0	0	2	12	0	0	5	0	0	0	0	7
625.400	9	6	0	4	5	8	0	0	0	0	0	0	0	0	4	20	0	0	4	0	0	0	0	4
625.600	8	11	0	0	6	5	0	0	0	0	0	0	0	0	5	13	0	0	4	0	0	0	0	9
625.800	9	9	0	1	1	5	0	0	0	0	0	0	0	0	7	18	0	0	4	0	0	0	0	8
626.000	5	13	0	1	5	5	0	0	0	0	0	0	0	0	5	19	0	0	4	0	0	0	0	11
626.200	10	10	2	2	8	7	0	0	0	0	0	0	0	0	7	22	0	0	4	0	0	0	0	5
626.400	6	12	0	6	8	3	0	0	0	0	0	0	0	0	4	18	0	0	4	0	0	0	0	7
626.600	6	8	1	1	4	4	0	0	0	0	0	0	0	0	7	15	0	0	4	0	0	0	0	7
626.800	9	11	0	0	5	2	0	0	0	0	0	0	0	0	7	16	0	0	2	0	0	0	0	4
627.000	6	8	0	1	6	4	0	0	0	0	1	0	0	0	6	15	0	0	4	0	0	0	0	7
627.200	9	11	0	4	4	3	0	0	0	0	0	0	0	0	3	16	0	0	4	0	0	0	0	4
627.400	10	7	5	5	6	6	0	0	0	0	0	0	0	0	4	17	0	0	5	0	0	0	0	6
627.600	6	9	3	4	3	6	0	0	0	0	0	0	0	0	2	11	0	0	5	0	0	0	0	5
627.800	10	13	4	3	3	7	0	0	0	0	0	0	0	0	4	16	0	0	4	0	0	0	0	7
628.000	4	3	0	0	8	10	0	0	0	0	0	0	0	0	6	15	0	0	4	0	0	0	0	5
628.200	5	10	0	1	5	10	0	0	0	0	0	0	0	0	7	15	0	0	4	0	0	0	0	10
628.400	10	6	0	1	0	5	0	0	0	0	0	0	0	0	1	18	0	0	4	0	0	0	0	7
628.600	6	10	7	8	5	10	0	0	0	0	0	0	0	0	4	15	0	0	5	0	0	0	0	3
628.800	3	9	3	3	5	7	0	0	0	0	0	0	0	0	6	16	0	0	4	0	0	0	0	8
629.000	3	10	7	6	2	8	0	0	0	0	0	0	0	0	4	16	0	0	5	0	0	0	0	7
629.200	4	9	11	7	2	4	0	0	0	0	0	0	0	0	3	16	0	0	5	0	0	0	0	7
629.400	7	6	4	4	4	7	0	0	0	0	0	0	0	0	3	18	0	0	4	0	0	0	0	10
629.600	6	10	3	4	6	4	0	0	0	0	0	0	0	0	3	11	0	0	3	0	0	0	0	4
629.800	8	7	6	7	4	7	0	0	0	0	0	0	0	0	3	10	0	0	4	0	0	0	0	8
630.000	10	11	1	6	4	4	0	0	0	0	0	0	0	0	3	11	0	0	5	0	0	0	0	8
630.200	12	10	6	5	1	2	0	0	0	0	0	0	0	0	6	15	0	0	6	0	0	0	0	5
630.400	4	9	5	9	6	2	0	0	0	0	0	0	0	0	2	14	0	0	4	0	0	0	0	6
630.600	8	10	8	10	3	2	0	0	0	0	0	0	0	0	4	15	0	0	2	0	0	0	0	8
630.800	4	6	6	2	6	8	0	0	0	0	0	0	0	0	11	18	0	0	4	0	0	0	0	8
631.000	7	9	7	2	6	9	0	0	0	0	0	0	0	0	4	16	0	0	4	0	0	0	0	9
631.200	9	15	4	5	5	11	0	0	0	0	0	0	0	0	4	24	0	0	3	0	0	0	0	8
631.400	5	9	6	6	7	9	0	0	0	0	0	0	0	0	9	19	0	0	4	0	0	0	0	8
631.600	9	7	4	3	4	5	0	0	0	0	0	0	0	0	7	19	0	0	4	0	0	0	0	8
631.800	7	8	0	5	10	9	0	0	0	0	0	0	0	0	5	24	0	0	5	0	0	0	0	5
632.000	8	5	0	4	8	10	0	0	0	0	0	0	0	0	6	16	0	0	5	0	0	0	0	9
632.200	3	14	1	2	6	7	0	0	0	0	0	0	0	0	5	21	0	0	4	0	0	0	0	10
632.400	7	10	2	3	7	2	0	0	0	0	0	0	0	0	4	20	0	0	4	0	0	0	0	3
632.600	5	12	1	1	13	6	0	0	0	0	0	0	0	0	8	22	0	0	4	0	0	0	0	5
632.800	4	8	1	6	9	8	0	0	0	0	0	0	0	0	5	25	0	0	5	0	0	0	0	3
633.000	5	11	5	4	3	8	0	0	0	0	0	0	0	0	1	9	0	0	4	0	0	0	0	3
633.200	4	5	2	7	6	9	0	0	0	0	0	0	0	0	0	11	0	0	4	0	0	0	0	4
633.400	3	7	5	9	6	7	0	0	0	0	0	0	0	0	0	15	0	0	4	0	0	0	0	6
633.600	2	10	11	10	3	9	0	0	0	0	0	0	0	0	1	14	0	0	4	0	0	0	0	8
633.800	4	8	8	9	5	5	0	0	0	0	0	0	0	0	1	14	0	0	4	0	0	0	0	4
634.000	5	10	11	5	7	7	0	0	0	0	0	0	0	0	2	15	0	0	4	0	0	0	0	6
634.200	5	11	4	4	4	5	0	0	0	0	0	0	0	0	2	17	0	0	5	0	0	0	0	7
634.400	5	9	3	2	4	6	0	0	0	0	0	0	0	0	3	13	0	0	5	0	0	0	0	4
634.600	2	11	6	3	7	4	0	0	0	0	0	0	0	0	2	14	0	0	5	0	0	0	0	4
634.800	5	9	2	6	5	0	0	0	0	0	0	0	0	0	2	15	0	0	4	0	0	0	0	11
635.000	3	9	3	3	5	2	0	0	0	0	0	0	0	0	6	19	0	0	4	0	0	0	0	5
635.200	2	14	5	3	4	5	0	0	0	0	0	0	0	0	5	17	0	0	4	0	0	0	0	2
635.400	4	10	2	4	5	5	0	0	0	0	0	0	0	0	4	10	0	0	4	0	0	0	0	4
635.600	7	11	5	1	6	9	0	0	0	0	0	0	0	0	5	7	0	0	5	0	0	0	0	5
635.800	4	9	5	4	5	6	0	0	0	0	0	0	0	0	5	2	0	0	4	0	0	0	0	7
636.000	8	8	0	4	6	7	0	0	0	0	0	0	0	0	5	7	0	0	4	0	0	0	0	5
636.200	5	8	1	3	6	10	0	0	0	0	0	0	0	0	1	7	0	0	5	0	0	0	0	6
636.400	3	13	8	11	4	7	0	0	0	0	0	0	0	0	4	11	0	0	4	0	0	0	0	4
636.600	9	12	3	2	6	4	0	0	0	0	0	0	0	0	5	5	0	0	4	0	0	0	0	7
636.800	8	11	2	5	5	9	0	0	0	0	0	0	0	0	6	5	0	0	5	0	0	0	0	10
637.000	4	8	1	6	6	7	0	0	0	0	0	0	0	0	3	2	0	0	4	0	0	0	0	7
637.200	6	9	0	7	7	15	0	0	0	0	0	0	0	0	4	14	0	0	5	0	0	0	0	4
637.400	5	7	0	2	3	7	0	0	0	0	0	0	0	0	6	4	0	0	5	0	0	0	0	9
637.600	8	11	1	2	6	12	0	0	0	0	0	0	0	0	3	18	0	0	5	0	0	0	0	5
637.800	10	10	0	3	6	14	0	0	0	0	0	0	0	0	5	10	0	0	5	0	0	0	0	6
638.000	10	10	0	1	6	4	0	0	0	0	0	0	0	0	3	16	0	0	5	0	0	0	0	6
638.200	7	9	4	2	5	6	0	0	0	0	0	0	0	0	3	13	0	0	7	0	0	0	0	6
638.400	6	4	0	2	5	7	0	0	0	0	0	0	0	0	5	19	0	0	4	0	0	0	0	8
638.600	4	14	3	6	7	9	0	0	0	0	0	0	0	0	2	9	0	0	5	0	0	0	0	9
638.800	7	10	4	6	5	10	0	0	0	0	0	0	0	0	1	11	0	0	5	0	0	0	0	8
639.000	3	7	3	6	7	9	0	0	0	0	0	0	0	0	4	16	0	0	4	0	0	0	0	9
639.200	11	7	0	5	5	12	0	0	0	0	0	0	0	0	3	19	0	0	4	0	0	0	0	8
639.400	8	6	0	4	6	6	0	0	0	0	0	0	0	0	3	15	0	0	5	0	0	0	0	3
639.600	7	9	0	5	6	11	0	0	0	0	0	0	0	0	2	11	0	0	5	0	0	0	0	8
639.800	1	8	0	1	5	11	0	0	0	0	0	0	0	0	1	12	0	0	3	0	0	0	0	4
640.000	8	7	0	7	8	9	0	0	0	0	0	0	0	0	2	7	0	0	4	0	0	0	0	5
640.200	6	8	2	8	4	8	0	0	0	0	0	0	0	0	6	12	0	0	5	0	0	0	0	6
640.400	9	15	1	6	8	9	0	0	0	0	0	0	0	0	2	15	0	0	4	0	0	0	0	4
640.600	3	7	6	9	9	10	0	0	0	0	0	0	0	0	2	5	0	0	4	0	0	0	0	8
640.800	1	2	4	10	8	6	0	0	0	0	0	0	0	0	3	16	0	0	4	0	0	0	0	10
641.000	2	5	1	5	7	7	0	0	0	0	0	0	0	0	3	8	0	0	4	0	0	0	0	11
641.200	0	5	5	10	6	6	0	0	0	0	0	0	0	0	5	16	0	0	3	0	0	0	0	11
641.400	3	6	6	10	5	7	0	0	0	0	0	0	0	0	5	12	0	0	4	0	0	0	0	10
641.600	2	6	6	9	7	4	0	0	0	0	0	0	0	0	6	10	0	0	4	0	0	0	0	5
641.800	0	3	6	8	3	7	0	0	0	0	0	0	0	0	3	18	0	0	5	0	0	0	0	4
642.000	0	1	4	7	2	5	0	0	0	0	0	0	0	0	4	24	0	0	5	0	0	0	0	11
642.200	0	2	5	9	5	9	0	0	0	0	0	0	0	0	3	18	0	0	4	0	0	0	0	3
642.400	0	5	4	6	3	4	0	0	0	0	0	0	0	0	4	16	0	0	4	0	0	0	0	5
642.600	0	1	7	7	2	2	0	0	0	0	0	0	0	0	2	20	0	0	4	0	0	0	0	5
642.800	0	1	3	5	3	4	0	0	0	0	0	0	0	0	3	17	0	0	5	0	0	0	0	4
643.000	1	1	6	7	3	8	0	0	0	0	0	0	0	0	0	18	0	0	4	0	0	0	0	5
643.200	0	0	3	8	4	4	0	0	0	0	0	0	0	0	4	14	0	0	5	0	0	0	0	5
643.400	0	1	5	8	4	8	0	0	0	0	0	0	0	0	3	22	0	0	5	0	0	0	0	5
643.600	0	1	6	4	6	11	0	0	0	0	0	0	0	0	5	13	0	0	5	0	0	0	0	5
643.800	0	0	6	7	8	3	0	0	0	0	0	0	0	0	4	16	0	0	5	0	0	0	0	6
644.000	0	0	12	9	6	18	0	0	0	0	0	0	0	0	4	19	0	0	5	0	0	0	0	6
644.200	0	4	6	5	5	5	0	0	0	0	0	0	0	0	4	20	0	0	5	0	0	0	0	5
644.400	0	4	5	7	7	13	0	0	0	0	0	0	0	0	7	17	0	0	5	0	0	0	0	5
644.600	0	0	3	8	9	9	0	0	0	0	0	0	0	0	5	17	0	0	5	0	0	0	0	8
644.800	0	3	7	8	5	11	0	0	0	0	0	0	0	0	11	13	0	0	4	0	0	0	0	7
645.000	0	4	7	8	10	12	0	0	0	0	0	0	0	0	3	14	0	0	4	0	0	0	0	3
645.200	0	7	8	9	7	9	0	0	0	0	0	0	0	0	11	19	0	0	4	0	0	0	0	5
645.400	0	4	8	12	6	10	0	0	0	0	0	0	0	0	4	24	0	0	3	0	0	0	0	7
645.600	0	5	2	12	3	10	0	0	0	0	0	0	0	0	3	22	0	0	4	0	0	0	0	7
645.800	2	8	0	5	6	10	0	0	0	0	0	0	0	0	2	22	0	0	2	0	0	0	0	4
646.000	9	6	3	3	5	12	0	0	0	0	0	0	0	0	3	18	0	0	1	0	0	0	0	9
646.200	3	7	2	6	7	2	0	0	0	0	0	0	0	0	6	21	0	0	3	0	0	0	0	7
646.400	8	9	3	7	5	3	0	0	0	0	0	0	0	0	5	21	0	0	2	0	0	0	0	5
646.600	9	13	3	8	3	7	0	0	0	0	0	0	0	0	9	15	0	0	2	0	0	0	0	10
646.800	10	9	6	1	5	5	0	0	0	0	0	0	0	0	5	15	0	0	1	0	0	0	0	4
647.000	4	9	5	2	7	9	0	0	0	0	0	0	0	0	8	14	0	0	2	0	0	0	0	5
647.200	9	11	3	8	2	2	0	0	0	0	0	0	0	0	10	13	0	0	2	0	0	0	0	3
647.400	6	10	5	3	4	6	0	0	0	0	0	0	0	0	8	11	0	0	2	0	0	0	0	4
647.600	8	15	0	0	8	5	0	0	0	0	0	0	0	0	4	14	0	0	4	0	0	0	0	5
647.800	10	8	4	6	5	3	0	0	0	0	0	0	0	0	10	18	0	0	4	0	0	0	0	7
648.000	2	8	6	8	6	5	0	0	0	0	0	0	0	0	4	18	0	0	3	0	0	0	0	7
648.200	6	9	0	4	4	4	0	0	0	0	0	0	0	0	7	13	0	0	3	0	0	0	0	6
648.400	9	15	2	2	10	7	0	0	0	0	0	0	0	0	6	15	0	0	4	0	0	0	0	4
648.600	11	10	0	2	7	8	0	0	0	0	0	0	0	0	4	9	0	0	5	0	0	0	0	4
648.800	8	6	0	6	6	8	0	0	0	0	0	0	0	0	8	13	0	0	3	0	0	0	0	5
649.000	11	8	0	0	7	9	0	0	0	0	0	0	0	0	7	16	0	0	4	0	0	0	0	6
649.200	5	8	2	2	4	12	0	0	0	0	0	0	0	0	2	16	0	0	4	0	0	0	0	6
649.400	7	11	0	1	10	7	0	0	0	0	0	0	0	0	10	16	0	0	4	0	0	0	0	1
649.600	5	8	0	2	6	7	0	0	0	0	0	0	0	0	4	21	0	0	2	0	0	0	0	3
649.800	8	5	0	1	6	2	0	0	0	0	0	0	0	0	2	12	0	0	5	0	0	0	0	2
650.000	7	6	0	1	5	5	0	0	0	0	0	0	0	0	6	12	0	0	5	0	0	0	0	5
650.200	5	6	0	0	7	9	0	0	0	0	0	0	0	0	1	10	0	0	4	0	0	0	0	0
650.400	5	11	1	1	8	6	0	0	0	0	0	0	0	0	1	17	0	0	3	0	0	0	0	0
650.600	8	11	0	0	7	10	0	0	0	0	0	0	0	0	2	14	0	0	4	0	0	0	0	0
650.800	10	10	0	1	5	9	0	0	0	0	0	0	0	0	4	19	0	0	5	0	0	0	0	1
651.000	8	9	0	1	6	6	0	0	0	0	0	0	0	0	1	13	0	0	4	0	0	0	0	0
651.200	9	8	0	1	7	5	0	0	0	0	0	0	0	0	7	18	0	0	4	0	0	0	0	1
651.400	5	6	0	0	6	8	0	0	0	0	0	0	0	0	3	19	0	0	5	0	0	0	0	1
651.600	8	9	0	4	6	6	0	0	0	0	0	0	0	0	4	20	0	0	5	0	0	0	0	0
651.800	8	10	0	3	11	7	0	0	0	0	0	0	0	0	3	19	0	0	5	0	0	0	0	0
652.000	4	12	4	5	6	4	0	0	0	0	0	0	0	0	6	23	0	0	4	0	0	0	0	2
652.200	9	9	0	5	8	3	0	0	0	0	0	0	0	0	4	23	0	0	4	0	0	0	0	3
652.400	9	11	1	3	4	6	0	0	0	0	0	0	0	0	4	20	0	0	4	0	0	0	0	2
652.600	8	11	0	4	8	6	0	0	0	0	0	0	0	0	4	21	0	0	3	0	0	0	0	3
652.800	7	11	0	6	5	6	0	0	0	0	0	0	0	0	2	21	0	0	3	0	0	0	0	0
653.000	5	10	0	3	6	3	0	0	0	0	0	0	0	0	2	14	0	0	3	0	0	0	0	3
653.200	6	6	5	5	6	2	0	0	0	0	0	0	0	0	3	14	0	0	4	0	0	0	0	3
653.400	9	11	4	6	5	8	0	0	0	0	0	0	0	0	4	25	0	0	4	0	0	0	0	6
653.600	9	8	0	6	10	6	0	0	0	0	0	0	0	0	2	19	0	0	3	0	0	0	0	4
653.800	9	12	0	4	3	3	0	0	0	0	0	0	0	0	3	14	0	0	5	0	0	0	0	6
654.000	8	11	3	7	1	4	0	0	0	0	0	0	0	0	2	15	0	0	3	0	0	0	0	2
654.200	1	10	0	5	7	9	0	0	0	0	0	0	0	0	3	15	0	0	3	0	0	0	0	4
654.400	4	5	0	1	10	10	0	0	0	0	0	0	0	0	4	15	0	0	4	0	0	0	0	3
654.600	3	6	0	1	7	4	0	0	0	0	0	0	0	0	4	8	0	0	4	0	0	0	0	1
654.800	3	10	0	2	10	8	0	0	0	0	0	0	0	0	3	14	0	0	5	0	0	0	0	2
655.000	5	9	0	4	11	5	0	0	0	0	0	0	0	0	8	16	0	0	5	0	0	0	0	2
655.200	5	12	0	3	6	7	0	0	0	0	0	0	0	0	2	18	0	0	4	0	0	0	0	1
655.400	5	11	0	0	9	8	0	0	0	0	0	0	0	0	0	9	0	0	4	0	0	0	0	0
655.600	5	11	0	0	8	6	0	0	0	0	0	0	0	0	2	14	0	0	5	0	0	0	0	1
655.800	5	8	1	0	8	9	0	0	0	0	0	0	0	0	4	6	0	0	4	0	0	0	0	1
656.000	5	9	1	0	9	6	0	0	0	0	0	0	0	0	7	14	0	0	5	0	0	0	0	4
656.200	2	8	1	3	11	8	0	0	0	0	0	0	0	0	4	8	0	0	4	0	0	0	0	3
656.400	2	9	0	1	8	10	0	0	0	0	0	0	0	0	2	7	0	0	4	0	0	0	0	3
656.600	5	13	3	1	8	6	0	0	0	0	0	0	0	0	0	14	0	0	4	0	0	0	0	5
656.800	5	7	0	2	8	3	0	0	0	0	0	0	0	0	0	7	0	0	6	0	0	0	0	1
657.000	5	10	0	0	6	0	0	0	0	0	0	0	0	0	3	13	0	0	5	0	0	0	0	2
657.200	6	6	0	1	9	6	0	0	0	0	0	0	0	0	4	11	0	0	5	0	0	0	0	3
657.400	6	12	0	0	8	2	0	0	0	0	0	0	0	0	2	11	0	0	5	0	0	0	0	2
657.600	4	12	0	1	6	0	0	0	0	0	0	0	0	0	3	14	0	0	4	0	0	0	0	5
657.800	6	11	1	0	2	4	0	0	0	0	0	0	0	0	3	16	0	0	5	0	0	0	0	0
658.000	8	17	3	1	5	6	0	0	0	0	0	0	0	0	3	15	0	0	3	0	0	0	0	3
658.200	6	9	3	5	9	8	0	0	0	0	0	0	0	0	1	21	0	0	4	0	0	0	0	0
658.400	6	10	0	1	5	11	0	0	0	0	0	0	0	0	4	9	0	0	4	0	0	0	0	6
658.600	4	11	0	0	7	5	0	0	0	0	0	0	0	0	4	5	0	0	4	0	0	0	0	5
658.800	7	6	0	2	10	5	0	0	0	0	0	0	0	0	7	19	0	0	6	0	0	0	0	10
659.000	7	12	0	2	6	5	0	0	0	0	0	0	0	0	7	10	0	0	6	0	0	0	0	4
659.200	4	6	0	1	7	6	0	0	0	0	0	0	0	0	6	11	0	0	4	0	0	0	0	6
659.400	4	5	0	1	5	9	0	0	0	0	0	0	0	0	4	20	0	0	4	0	0	0	0	10
659.600	5	4	0	2	5	4	0	0	0	0	0	0	0	0	2	10	0	0	4	0	0	0	0	5
659.800	8	9	0	2	10	4	0	0	0	0	0	0	0	0	7	13	0	0	4	0	0	0	0	5
660.000	4	11	0	1	5	2	0	0	0	0	0	0	0	0	5	14	0	0	4	0	0	0	0	6
660.200	7	8	0	0	6	6	0	0	0	0	0	0	0	0	2	13	0	0	5	0	0	0	0	9
660.400	9	12	0	0	7	8	0	0	0	0	0	0	0	0	5	18	0	0	4	0	0	0	0	6
660.600	8	9	0	0	5	5	0	0	0	0	0	0	0	0	1	13	0	0	5	0	0	0	0	6
660.800	6	8	0	0	8	5	0	0	0	0	0	0	0	0	2	13	0	0	4	0	0	0	0	8
661.000	4	7	0	0	2	2	0	0	0	0	0	0	0	0	1	19	0	0	5	0	0	0	0	12
661.200	7	11	0	0	9	14	0	0	0	0	0	0	0	0	0	16	0	0	4	0	0	0	0	5
661.400	6	13	4	1	3	5	0	0	0	0	0	0	0	0	4	19	0	0	4	0	0	0	0	7
661.600	7	8	0	2	2	5	0	0	0	0	0	0	0	0	7	17	0	0	5	0	0	0	0	6
661.800	5	14	2	3	5	6	0	0	0	0	0	0	0	0	8	16	0	0	4	0	0	0	0	5
662.000	7	14	0	4	4	2	0	0	0	0	0	0	0	0	6	19	0	0	4	0	0	0	0	5
662.200	6	11	0	2	5	7	0	0	0	0	0	0	0	0	5	19	0	0	5	0	0	0	0	4
662.400	5	7	0	2	6	8	0	0	0	0	0	0	0	0	4	18	0	0	5	0	0	0	0	8
662.600	7	11	0	5	9	2	0	0	0	0	0	0	0	0	4	16	0	0	5	0	0	0	0	11
662.800	5	9	0	1	4	4	0	0	0	0	0	0	0	0	6	16	0	0	6	0	0	0	0	8
663.000	6	8	1	7	9	3	0	0	0	0	0	0	0	0	1	9	0	0	5	0	0	0	0	7
663.200	10	7	0	1	7	7	0	0	0	0	0	0	0	0	5	2	0	0	6	0	0	0	0	4
663.400	8	10	1	8	7	5	0	0	0	0	0	0	0	0	6	6	0	0	5	0	0	0	0	6
663.600	4	6	1	5	5	5	0	0	0	0	0	0	0	0	5	6	0	0	5	0	0	0	0	12
663.800	7	9	3	2	7	6	0	0	0	0	0	0	0	0	2	2	0	0	5	0	0	0	0	13
664.000	7	5	0	1	3	5	0	0	0	0	0	0	0	0	3	13	0	0	5	0	0	0	0	12
664.200	5	12	2	5	8	4	0	0	0	0	0	0	0	0	4	18	0	0	6	0	0	0	0	14
664.400	3	10	2	2	9	5	0	0	0	0	0	0	0	0	7	13	0	0	5	0	0	0	0	16
664.600	3	13	6	6	4	1	0	0	0	0	0	0	0	0	1	4	0	0	5	0	0	0	0	8
664.800	5	7	2	2	4	5	0	0	0	0	0	0	0	0	4	11	0	0	5	0	0	0	0	8
665.000	4	7	0	2	3	4	0	0	0	0	0	0	0	0	4	10	0	0	4	0	0	0	0	9
665.200	5	10	3	2	4	5	0	0	0	0	0	0	0	0	6	12	0	0	5	0	0	0	0	10
665.400	11	8	0	1	5	9	0	0	0	0	0	0	0	0	5	8	0	0	3	0	0	0	0	5
665.600	12	10	2	1	6	6	0	0	0	0	0	0	0	0	7	10	0	0	4	0	0	0	0	4
665.800	12	11	0	1	5	6	0	0	0	0	0	0	0	0	3	13	0	0	5	0	0	0	0	4
666.000	12	7	2	2	6	10	0	0	0	0	0	0	0	0	4	6	0	0	6	0	0	0	0	4
666.200	11	11	4	6	6	6	0	0	0	0	0	0	0	0	5	13	0	0	5	0	0	0	0	2
666.400	11	10	0	2	5	3	0	0	0	0	0	0	0	0	6	16	0	0	4	0	0	0	0	3
666.600	12	10	3	5	5	7	0	0	0	0	0	0	0	0	7	16	0	0	5	0	0	0	0	6
666.800	13	10	2	3	7	5	0	0	0	0	0	0	0	0	3	17	0	0	5	0	0	0	0	4
667.000	11	9	1	6	3	5	0	0	0	0	0	0	0	0	3	17	0	0	4	0	0	0	0	3
667.200	11	12	7	4	5	3	0	0	0	0	0	0	0	0	5	14	0	0	6	0	0	0	0	3
667.400	11	9	2	1	5	1	0	0	0	0	0	0	0	0	4	13	0	0	6	0	0	0	0	6
667.600	9	12	6	3	5	5	0	0	0	0	0	0	0	0	1	10	0	0	6	0	0	0	0	9
667.800	10	9	2	4	2	5	0	0	0	0	0	0	0	0	6	17	0	0	4	0	0	0	0	4
668.000	10	8	3	4	6	9	0	0	0	0	0	0	0	0	5	10	0	0	5	0	0	0	0	3
668.200	10	10	3	8	7	7	0	0	0	0	0	0	0	0	5	20	0	0	4	0	0	0	0	9
668.400	12	11	6	6	6	1	0	0	0	0	0	0	0	0	4	6	0	0	4	0	0	0	0	7
668.600	8	12	5	8	7	3	0	0	0	0	0	0	0	0	4	12	0	0	4	0	0	0	0	8
668.800	10	10	8	9	4	4	0	0	0	0	0	0	0	0	4	13	0	0	4	0	0	0	0	6
669.000	9	9	6	5	6	6	0	0	0	0	0	0	0	0	5	18	0	0	4	0	0	0	0	7
669.200	11	8	4	10	10	10	0	0	0	0	0	0	0	0	3	23	0	0	4	0	0	0	0	8
669.400	11	10	3	6	3	8	0	0	0	0	0	0	0	0	5	19	0	0	4	0	0	0	0	5
669.600	10	9	4	3	5	8	0	0	0	0	0	0	0	0	4	14	0	0	4	0	0	0	0	7
669.800	8	8	6	6	5	6	0	0	0	0	0	0	0	0	2	21	0	0	5	0	0	0	0	7
670.000	12	8	3	9	3	4	0	0	0	0	0	0	0	0	2	19	0	0	4	0	0	0	0	7
670.200	9	12	11	7	4	5	0	0	0	0	0	0	0	0	2	15	0	0	4	0	0	0	0	8
670.400	10	8	4	1	4	5	0	0	0	0	0	0	0	0	5	16	0	0	4	0	0	0	0	8
670.600	11	10	4	1	7	11	0	0	0	0	0	0	0	0	4	20	0	0	4	0	0	0	0	7
670.800	9	7	5	2	5	9	0	0	0	0	0	0	0	0	2	9	0	0	5	0	0	0	0	6
671.000	12	11	6	4	8	10	0	0	0	0	0	0	0	0	3	5	0	0	3	0	0	0	0	8
671.200	8	10	4	4	10	11	0	0	0	0	0	0	0	0	4	10	0	0	3	0	0	0	0	2
671.400	8	12	8	9	5	1	0	0	0	0	0	0	0	0	6	6	0	0	0	0	0	0	0	4
671.600	10	8	4	6	6	7	0	0	0	0	0	0	0	0	0	11	0	0	1	2	0	0	0	0
671.800	11	10	4	5	9	5	0	0	0	0	0	0	0	0	4	12	0	0	2	0	0	0	0	3
672.000	9	8	3	7	6	6	0	0	0	0	0	0	0	0	2	5	0	0	0	0	0	0	0	1
672.200	12	8	0	5	3	9	0	0	0	0	0	0	0	0	5	13	0	0	0	0	0	0	0	4
672.400	10	9	5	8	8	12	0	0	0	0	0	0	0	0	2	6	0	0	0	0	0	0	0	4
672.600	11	11	4	3	4	11	0	0	0	0	0	0	0	0	6	15	0	0	0	0	0	0	0	2
672.800	11	7	8	6	5	7	0	0	0	0	0	0	0	0	3	10	0	0	0	0	0	0	0	1
673.000	11	9	1	1	7	6	0	0	0	0	0	0	0	0	3	14	0	0	0	0	0	0	0	5
673.200	12	10	1	2	6	10	0	0	0	0	0	0	0	0	4	8	0	0	0	1	0	0	0	1
673.400	11	10	0	2	5	8	0	0	0	0	0	0	0	0	2	9	0	0	1	0	0	0	0	2
673.600	11	9	0	5	5	6	0	0	0	0	0	0	0	0	2	15	0	0	0	0	0	0	0	4
673.800	6	7	4	7	5	8	0	0	0	0	0	0	0	0	2	13	0	0	0	0	0	0	0	5
674.000	8	10	9	5	6	5	0	0	0	0	0	0	0	0	1	14	0	0	1	0	0	0	0	4
674.200	9	6	3	5	9	5	0	0	0	0	0	0	0	0	9	13	0	0	0	0	0	0	0	3
674.400	11	9	2	5	6	6	0	0	0	0	0	0	0	0	3	18	0	0	0	0	0	0	0	3
674.600	11	9	4	3	5	10	0	0	0	0	0	0	0	0	2	15	0	0	0	0	0	0	0	3
674.800	12	8	0	4	1	4	0	0	0	0	0	0	0	0	4	7	0	0	0	0	0	0	0	3
675.000	11	9	4	10	5	3	0	0	0	0	0	0	0	0	3	8	0	0	0	0	0	0	0	10
675.200	9	7	0	3	2	3	0	0	0	0	0	0	0	0	2	11	0	0	0	0	0	0	0	5
675.400	7	9	0	3	3	0	0	0	0	0	0	0	0	0	5	11	0	0	0	0	0	0	0	7
675.600	11	10	0	0	6	6	0	0	0	0	0	0	0	0	4	7	0	0	0	0	0	0	0	12
675.800	10	9	4	8	1	6	0	0	0	0	0	0	0	0	3	9	0	0	0	0	0	0	0	10
676.000	10	7	5	8	1	4	0	0	0	0	0	0	0	0	4	15	0	0	0	0	0	0	0	8
676.200	7	6	6	3	2	3	0	0	0	0	0	0	0	0	1	6	0	0	0	0	0	0	0	7
676.400	10	10	10	7	2	2	0	0	0	0	0	0	0	0	2	9	0	0	0	1	0	0	0	3
676.600	11	8	1	2	2	8	0	0	0	0	0	0	0	0	5	8	0	0	1	2	0	0	0	5
676.800	10	10	3	2	2	4	0	0	0	0	0	0	0	0	2	4	0	0	1	2	0	0	0	7
677.000	12	9	4	5	5	5	0	0	0	0	0	0	0	0	1	13	0	0	3	1	0	0	0	5
677.200	9	6	0	2	9	7	0	0	0	0	0	0	0	0	2	11	0	0	3	0	0	0	0	5
677.400	8	10	4	2	4	4	0	0	0	0	0	0	0	0	2	10	0	0	1	1	0	0	0	7
677.600	11	15	3	3	8	8	0	0	0	0	0	0	0	0	4	9	0	0	0	1	0	0	0	4
677.800	10	10	8	6	4	10	0	0	0	0	0	0	0	0	4	12	0	0	0	4	0	0	0	6
678.000	10	7	1	1	2	10	0	0	0	0	0	0	0	0	9	19	0	0	0	2	0	0	0	3
678.200	12	10	1	3	7	5	0	0	0	0	0	0	0	0	4	12	0	0	2	2	0	0	0	6
678.400	11	10	3	2	4	6	0	0	0	0	0	0	0	0	5	12	0	0	0	0	0	0	0	10
678.600	12	9	2	5	3	8	0	0	0	0	0	0	0	0	4	10	0	0	1	2	0	0	0	7
678.800	12	11	3	3	6	5	0	0	0	0	0	0	0	0	3	7	0	0	1	0	0	0	0	3
679.000	11	10	4	9	3	8	0	0	0	0	0	0	0	0	3	5	0	0	2	2	0	0	0	7
679.200	8	8	4	5	5	7	0	0	0	0	0	0	0	0	1	6	0	0	0	0	0	0	0	4
679.400	10	10	7	7	6	9	0	0	0	0	0	0	0	0	0	4	0	0	0	5	0	0	0	3
679.600	10	10	1	6	10	10	0	0	0	0	0	0	0	0	1	7	0	0	0	5	0	0	0	3
679.800	9	9	0	4	6	11	0	0	0	0	0	0	0	0	2	11	0	0	0	5	0	0	0	5
680.000	12	10	3	6	5	6	0	0	0	0	0	0	0	0	9	14	0	0	0	3	0	0	0	5
680.200	11	8	5	4	9	8	0	0	0	0	0	0	0	0	3	9	0	0	0	2	0	0	0	4
680.400	9	10	4	8	6	9	0	0	0	0	0	0	0	0	0	9	0	0	1	1	0	0	0	4
680.600	13	9	3	9	3	6	0	0	0	0	0	0	0	0	4	7	0	0	0	2	0	0	0	6
680.800	10	11	3	7	7	11	0	0	0	0	0	0	0	0	2	10	0	0	0	2	0	0	0	5
681.000	11	7	4	10	8	8	0	0	0	0	0	0	0	0	7	8	0	0	0	1	0	0	0	6
681.200	11	8	0	0	3	5	0	0	0	0	0	0	0	0	5	9	0	0	1	2	0	0	0	4
681.400	10	7	4	7	4	8	0	0	0	0	0	0	0	0	0	5	0	0	0	2	0	0	0	3
681.600	9	12	4	9	6	8	0	0	0	0	0	0	0	0	0	1	0	0	2	1	0	0	0	1
681.800	9	11	4	9	4	6	0	0	0	0	0	0	0	0	4	11	0	0	4	0	0	0	0	2
682.000	10	9	3	8	7	7	0	0	0	0	0	0	0	0	3	11	0	0	3	0	0	0	0	2
682.200	7	9	4	7	6	5	0	0	0	0	0	0	0	0	3	4	0	0	5	0	0	0	0	2
682.400	10	9	4	5	8	10	0	0	0	0	0	0	0	0	4	5	0	0	3	1	0	0	0	4
682.600	12	10	2	3	6	9	0	0	0	0	0	0	0	0	3	6	0	0	4	0	0	0	0	4
682.800	12	9	2	2	7	5	0	0	0	0	0	0	0	0	3	13	0	0	4	1	0	0	0	2
683.000	10	10	4	1	6	7	0	0	0	0	0	0	0	0	5	8	0	0	5	0	0	0	0	2
683.200	9	9	2	2	4	5	0	0	0	0	0	0	0	0	4	7	0	0	6	0	0	0	0	4
683.400	13	10	0	0	5	9	0	0	0	0	0	0	0	0	4	10	0	0	5	0	0	0	0	3
683.600	10	11	4	7	7	7	0	0	0	0	0	0	0	0	4	14	0	0	5	0	0	0	0	1
683.800	8	8	2	1	6	0	0	0	0	0	0	0	0	0	4	8	0	0	4	0	0	0	0	7
684.000	12	11	4	1	3	4	0	0	0	0	0	0	0	0	2	15	0	0	5	0	0	0	0	6
684.200	11	9	2	5	4	1	0	0	0	0	0	0	0	0	2	9	0	0	4	0	0	0	0	6
684.400	11	8	0	4	9	5	0	0	0	0	0	0	0	0	4	11	0	0	4	0	0	0	0	9
684.600	11	8	0	5	5	5	0	0	0	0	0	0	0	0	3	9	0	0	5	2	0	0	0	4
684.800	13	10	0	2	8	10	0	0	0	0	0	0	0	0	2	15	0	0	4	0	0	0	0	7
685.000	7	9	4	7	6	6	0	0	0	0	0	0	0	0	1	8	0	0	4	0	0	0	0	9
685.200	10	11	4	3	7	12	0	0	0	0	0	0	0	0	3	4	0	0	4	0	0	0	0	6
685.400	12	9	1	0	7	8	0	0	0	0	1	0	0	0	1	7	0	0	4	2	0	0	0	6
685.600	7	11	7	10	8	10	0	0	0	0	0	0	0	0	7	17	0	0	4	1	0	0	0	7
685.800	9	8	4	2	8	11	0	0	0	0	0	0	0	0	3	11	0	0	4	0	0	0	0	3
686.000	10	7	0	3	7	9	0	0	0	0	0	0	0	0	3	9	0	0	4	0	0	0	0	6
686.200	9	8	0	4	6	7	0	0	0	0	0	0	0	0	5	13	0	0	4	0	0	0	0	7
686.400	9	9	1	6	3	10	0	0	0	0	0	0	0	0	2	5	0	0	5	1	0	0	0	6
686.600	8	10	7	5	3	7	0	0	0	0	0	0	0	0	4	13	0	0	5	0	0	0	0	3
686.800	10	11	4	3	10	7	0	0	0	0	0	0	0	0	3	5	0	0	5	0	0	0	0	5
687.000	10	10	3	6	10	8	0	0	0	0	1	0	0	0	7	15	0	0	5	0	0	0	0	4
687.200	4	9	3	4	11	9	0	0	0	0	1	0	0	0	4	11	0	0	4	2	0	0	0	7
687.400	9	10	0	1	5	7	0	0	0	0	0	0	0	0	5	11	0	0	4	0	0	0	0	7
687.600	8	11	0	1	6	5	0	0	0	0	0	0	0	0	2	13	0	0	5	0	0	0	0	12
687.800	7	8	0	1	10	10	0	0	0	0	0	0	0	0	3	7	0	0	4	0	0	0	0	8
688.000	12	7	0	1	5	7	0	0	0	0	0	0	0	0	2	14	0	0	4	0	0	0	0	4
688.200	9	7	0	2	8	6	0	0	0	0	0	0	0	0	9	18	0	0	5	0	0	0	0	8
688.400	7	10	1	2	9	8	0	0	0	0	0	0	0	0	10	11	0	0	5	0	0	0	0	9
688.600	3	9	0	6	10	8	0	0	0	0	0	0	0	0	7	14	0	0	5	0	0	0	0	12
688.800	9	13	4	4	9	11	0	0	0	0	0	0	0	0	4	11	0	0	5	0	0	0	0	12
689.000	6	9	5	4	9	9	0	0	0	0	0	0	0	0	7	10	0	0	4	1	0	0	0	9
689.200	5	9	3	7	7	6	0	0	0	0	0	0	0	0	4	13	0	0	4	0	0	0	0	11
689.400	7	11	6	5	6	8	0	0	0	0	0	0	0	0	5	7	0	0	5	0	0	0	0	8
689.600	8	10	5	6	7	8	0	0	0	0	0	0	0	0	4	8	0	0	6	0	0	0	0	6
689.800	9	11	1	3	6	7	0	0	0	0	0	0	0	0	4	14	0	0	4	0	0	0	0	5
690.000	8	17	3	9	7	12	0	0	0	0	0	0	0	0	2	16	0	0	4	0	0	0	0	12
690.200	6	6	5	6	6	8	0	0	0	0	0	0	0	0	4	13	0	0	4	0	0	0	0	8
690.400	6	8	3	6	9	7	0	0	0	0	0	0	0	0	4	8	0	0	4	0	0	0	0	8
690.600	6	5	1	2	6	7	0	0	0	0	1	0	0	0	9	11	0	0	4	0	0	0	0	8
690.800	8	7	5	3	5	11	0	0	0	0	1	0	0	0	4	21	0	0	4	0	0	0	0	8
691.000	6	7	0	2	9	9	0	0	0	0	0	0	0	0	3	8	0	0	4	0	0	0	0	6
691.200	5	8	0	2	6	8	0	0	0	0	0	0	0	0	1	11	0	0	5	2	0	0	0	7
691.400	9	7	0	3	4	8	0	0	0	0	2	0	0	0	1	7	0	0	5	0	0	0	0	3
691.600	9	6	0	1	8	9	0	0	0	0	0	0	0	0	4	10	0	0	6	0	0	0	0	1
691.800	3	7	0	1	2	8	0	0	0	0	0	0	0	0	4	11	0	0	4	0	0	0	0	3
692.000	7	7	0	0	7	6	0	0	0	0	0	0	0	0	3	6	0	0	4	2	0	0	0	8
692.200	5	12	0	1	2	0	0	0	0	0	0	0	0	0	2	10	0	0	4	1	0	0	0	7
692.400	9	9	0	0	4	8	0	0	0	0	0	0	0	0	1	4	0	0	4	0	0	0	0	9
692.600	9	11	3	7	2	5	0	0	0	0	0	0	0	0	1	11	0	0	6	3	0	0	0	9
692.800	10	7	0	0	8	13	0	0	0	0	0	0	0	0	1	10	0	0	5	2	0	0	0	7
693.000	13	5	0	1	2	11	0	0	0	0	0	0	0	0	1	6	0	0	6	4	0	0	0	4
693.200	11	2	0	0	6	11	0	0	0	0	0	0	0	0	9	7	0	0	5	2	0	0	0	2
693.400	9	7	0	0	5	8	0	0	0	0	1	0	0	0	3	3	0	0	5	1	0	0	0	2
693.600	9	10	1	2	5	6	0	0	0	0	1	0	0	0	6	8	0	0	6	2	0	0	0	6
693.800	11	12	0	2	4	8	0	0	0	0	0	0	0	0	6	6	0	0	5	0	0	0	0	3
694.000	11	12	0	2	8	8	0	0	0	0	0	0	0	0	7	11	0	0	3	0	0	0	0	7
694.200	9	13	3	0	4	3	0	0	0	0	0	0	0	0	7	9	0	0	5	0	0	0	0	4
694.400	8	10	8	7	7	5	0	0	0	0	0	0	0	0	8	3	0	0	5	0	0	0	0	10
694.600	8	15	8	5	5	7	0	0	0	0	0	0	0	0	11	6	0	0	4	0	0	0	0	9
694.800	11	12	3	3	10	9	0	0	0	0	0	0	0	0	7	3	0	0	6	0	0	0	0	4
695.000	6	8	4	3	5	4	0	0	0	0	0	0	0	0	6	1	0	0	5	0	0	0	0	12
695.200	1	12	1	2	6	9	0	0	0	0	1	0	0	0	8	2	0	0	6	0	0	0	0	11
695.400	2	8	5	2	5	10	0	0	0	0	1	0	0	0	3	0	0	0	5	0	0	0	0	11
695.600	6	4	0	3	6	7	0	0	0	0	0	0	0	0	7	7	0	0	2	0	0	0	0	8
695.800	10	4	2	6	6	4	0	0	0	0	0	0	0	0	9	10	0	0	0	0	0	0	0	15
696.000	10	4	0	6	11	4	0	0	0	0	0	0	0	0	8	9	0	0	0	0	0	0	0	11
696.200	9	4	0	3	8	4	0	0	0	0	0	0	0	0	4	6	0	0	0	0	0	0	0	8
696.400	12	7	3	6	5	9	0	0	0	0	0	0	0	0	8	10	0	0	0	0	0	0	0	13
696.600	9	10	0	5	5	5	0	0	0	0	0	0	0	0	6	12	0	0	1	0	0	0	0	6
696.800	11	11	5	4	2	3	0	0	0	0	0	0	0	0	4	12	0	0	1	0	0	0	0	11
697.000	11	8	5	6	5	6	0	0	0	0	0	0	0	0	4	5	0	0	1	0	0	0	0	13
697.200	10	11	4	10	5	6	0	0	0	0	0	0	0	0	4	13	0	0	0	0	0	0	0	8
697.400	7	11	2	5	6	5	0	0	0	0	0	0	0	0	4	13	0	0	1	0	0	0	0	14
697.600	11	10	5	7	6	2	0	0	0	0	0	0	0	0	8	12	0	0	0	0	0	0	0	10
697.800	9	11	3	6	6	8	0	0	0	0	0	0	0	0	4	12	0	0	0	0	0	0	0	13
698.000	11	8	3	2	4	3	0	0	0	0	0	0	0	0	6	12	0	0	0	0	0	0	0	10
698.200	12	7	0	2	5	3	0	0	0	0	0	0	0	0	8	9	0	0	0	0	0	0	0	16
698.400	10	9	2	4	5	5	0	0	0	0	0	0	0	0	8	11	0	0	4	0	0	0	0	15
698.600	12	8	6	4	2	2	0	0	0	0	0	0	0	0	5	13	0	0	1	0	0	0	0	14
698.800	9	5	2	3	8	5	0	0	0	0	0	0	0	0	3	16	0	0	3	0	0	0	0	12
699.000	10	8	3	3	6	8	0	0	0	0	0	0	0	0	6	16	0	0	3	0	0	0	0	12
699.200	12	9	3	3	4	5	0	0	0	0	0	0	0	0	8	10	0	0	4	0	0	0	0	13
699.400	12	9	1	4	5	7	0	0	0	0	0	0	0	0	9	10	0	0	3	0	0	0	0	10
699.600	12	11	8	4	5	5	0	0	0	0	0	0	0	0	5	13	0	0	4	0	0	0	0	14
699.800	10	10	10	5	5	9	0	0	0	0	0	0	0	0	7	6	0	1	3	0	0	0	0	5
700.000	9	6	4	5	5	9	0	0	0	0	0	0	0	0	7	11	0	0	3	0	0	0	0	10
700.200	7	9	5	4	6	5	0	0	0	0	0	0	0	0	2	15	0	0	3	0	0	0	0	14
700.400	11	6	2	3	7	6	0	0	0	0	0	0	0	0	5	8	0	0	3	0	0	0	0	9
700.600	8	9	5	4	6	5	0	0	0	0	0	0	0	0	8	11	0	2	7	0	0	0	0	6
700.800	12	8	5	4	3	1	0	0	0	0	0	0	0	0	2	7	0	0	3	0	0	0	0	10
701.000	12	9	4	2	5	8	0	0	0	0	1	0	0	0	6	9	0	0	4	0	0	0	0	6
701.200	12	11	4	4	3	5	0	0	0	0	1	0	0	0	4	9	0	0	3	0	0	0	0	6
701.400	8	5	2	1	4	7	0	0	0	0	2	0	0	0	2	10	0	0	3	0	0	0	0	9
701.600	12	9	0	1	4	7	0	0	0	0	0	0	0	0	2	6	0	1	6	0	0	0	0	12
701.800	10	9	4	5	3	2	0	0	0	0	0	0	0	0	8	12	0	1	7	0	0	0	0	7
702.000	9	9	3	3	7	7	0	0	0	0	4	0	0	0	6	8	0	2	7	0	0	0	0	11
702.200	12	8	3	0	4	3	0	0	0	0	0	0	0	0	9	8	0	0	3	0	0	0	0	7
702.400	8	9	4	4	3	7	0	0	0	0	0	0	0	0	4	11	0	2	9	0	0	0	0	7
702.600	10	9	3	2	4	8	0	0	0	0	1	0	0	0	7	10	0	2	8	0	0	0	0	10
702.800	9	8	5	6	0	6	0	0	0	0	0	0	0	0	8	14	0	2	9	0	0	0	0	13
703.000	13	8	4	4	10	9	0	0	0	0	0	0	0	0	5	11	0	1	4	0	0	0	0	11
703.200	10	6	4	5	4	9	0	0	0	0	1	0	0	0	7	8	0	0	2	0	0	0	0	12
703.400	6	7	6	5	9	5	0	0	0	0	1	0	0	0	5	10	0	1	3	0	0	0	0	11
703.600	10	11	7	3	2	1	0	0	0	0	0	0	0	0	9	9	0	2	7	0	0	0	0	7
703.800	11	13	3	1	3	1	0	0	0	0	0	0	0	0	8	7	0	2	6	0	0	0	0	11
704.000	12	10	2	4	4	4	0	0	0	0	0	0	0	0	5	7	0	2	7	0	0	0	0	7
704.200	10	9	3	1	5	6	0	0	0	0	0	0	0	0	6	7	0	2	8	0	0	0	0	6
704.400	13	10	8	4	5	7	0	0	0	0	0	0	0	0	8	11	0	0	6	0	0	0	0	9
704.600	12	15	4	7	6	10	0	0	0	0	0	0	0	0	5	14	0	0	6	0	0	0	0	16
704.800	10	9	4	5	6	9	0	0	0	0	0	0	0	0	3	11	0	2	5	0	0	0	0	11
705.000	13	9	4	6	7	6	0	0	0	0	0	0	0	0	7	8	0	2	6	0	0	0	0	10
705.200	12	9	4	1	6	8	0	0	0	0	0	0	0	0	4	7	0	2	7	0	0	0	0	8
705.400	12	10	6	4	9	9	0	0	0	0	0	0	0	0	7	9	0	1	8	0	0	0	0	15
705.600	9	9	5	1	8	6	0	0	0	0	0	0	0	0	7	11	0	0	2	0	0	0	0	8
705.800	12	11	7	4	9	2	0	0	0	0	0	0	0	0	3	13	0	0	3	0	0	0	0	14
706.000	11	9	7	8	8	3	0	0	0	0	0	0	0	0	3	13	0	0	3	0	0	0	0	19
706.200	13	8	1	3	5	5	0	0	0	0	0	0	0	0	8	8	0	0	3	0	0	0	0	6
706.400	13	8	1	5	6	7	0	0	0	0	0	0	0	0	3	10	0	0	6	0	0	0	0	14
706.600	11	11	0	2	4	6	0	0	0	0	0	0	0	0	5	11	0	0	6	0	0	0	0	11
706.800	12	8	4	5	3	5	0	0	0	0	0	0	0	0	6	16	0	0	3	0	0	0	0	11
707.000	11	10	5	7	2	5	0	0	0	0	0	0	0	0	8	10	0	0	6	0	0	0	0	9
707.200	11	7	3	4	9	10	0	0	0	0	0	0	0	0	5	9	0	1	7	0	0	0	0	11
707.400	11	6	2	5	5	5	0	0	0	0	0	0	0	0	8	11	0	2	10	0	0	0	0	13
707.600	10	9	4	5	11	10	0	0	0	0	0	0	0	0	5	8	0	1	9	0	0	0	0	5
707.800	12	10	5	7	6	11	0	0	0	0	2	0	0	0	6	7	0	0	3	0	0	0	0	12
708.000	13	11	0	4	2	3	0	0	0	0	0	0	0	0	7	11	0	2	8	0	0	0	0	17
708.200	11	9	2	5	5	8	0	0	0	0	0	0	0	0	4	12	0	2	3	0	0	0	0	14
708.400	9	10	2	4	5	4	0	0	0	0	0	0	0	0	8	8	0	1	6	0	0	0	0	13
708.600	12	13	4	5	8	8	0	0	0	0	0	0	0	0	6	14	0	1	2	0	0	0	0	12
708.800	9	12	4	7	6	8	0	0	0	0	0	0	0	0	8	10	0	2	8	0	0	0	0	10
709.000	12	10	4	1	5	7	0	0	0	0	0	0	0	0	4	11	0	2	6	0	0	0	0	11
709.200	10	8	2	3	8	6	0	0	0	0	0	0	0	0	9	12	0	1	4	0	0	0	0	10
709.400	7	7	0	5	6	5	0	0	0	0	0	0	0	0	2	12	0	1	3	0	0	0	0	12
709.600	11	8	4	7	5	6	0	0	0	0	0	0	0	0	4	10	0	1	9	0	0	0	0	17
709.800	11	8	2	4	5	10	0	0	0	0	0	0	0	0	10	12	0	2	6	0	0	0	0	2
710.000	8	9	0	4	11	5	0	0	0	0	0	0	0	0	5	9	0	2	5	0	0	0	0	7
710.200	15	9	2	4	8	7	0	0	0	0	0	0	0	0	4	10	0	2	7	0	0	0	0	6
710.400	10	8	2	3	4	5	0	0	0	0	0	0	0	0	11	11	0	1	6	0	0	0	0	5
710.600	10	6	4	2	2	4	0	0	0	0	0	0	0	0	5	13	0	1	8	0	0	0	0	10
710.800	8	8	3	4	2	4	0	0	0	0	0	0	0	0	3	5	0	2	10	0	0	0	0	9
711.000	11	7	4	3	8	13	0	0	0	0	1	0	0	0	6	10	0	2	9	0	0	0	0	9
711.200	10	8	0	1	8	7	0	0	0	0	1	0	0	0	3	15	0	0	8	0	0	0	0	11
711.400	12	9	0	5	5	9	0	0	0	0	0	0	0	0	3	10	0	0	8	0	0	0	0	4
711.600	7	6	2	5	5	5	0	0	0	0	0	0	0	0	5	14	0	1	9	0	0	0	0	8
711.800	7	10	4	5	3	4	0	0	0	0	0	0	0	0	4	9	0	2	8	0	0	0	0	4
712.000	13	8	4	3	2	6	0	0	0	0	0	0	0	0	7	8	0	2	9	0	0	0	0	2
712.200	12	9	0	4	6	6	0	0	0	0	1	0	0	0	6	7	0	1	7	0	0	0	0	8
712.400	13	5	0	5	5	4	0	0	0	0	1	0	0	0	7	6	0	1	4	0	0	0	0	8
712.600	10	8	0	5	7	6	0	0	0	0	4	0	0	0	8	10	0	0	6	0	0	0	0	9
712.800	10	9	6	3	9	9	0	0	0	0	5	0	0	0	6	10	0	0	3	0	0	0	0	5
713.000	10	9	1	3	5	4	0	0	0	0	3	0	0	0	5	10	0	0	4	0	0	0	0	12
713.200	7	6	3	5	6	5	0	0	0	0	2	0	0	0	3	9	0	0	2	0	0	0	0	9
713.400	8	9	3	1	7	5	0	0	0	0	5	0	0	0	3	11	0	0	3	0	0	0	0	8
713.600	11	6	0	4	3	6	0	0	0	0	4	0	0	0	4	14	0	0	3	0	0	0	0	11
713.800	10	9	4	3	7	1	0	0	0	0	0	0	0	0	1	13	0	0	2	0	0	0	0	13
714.000	9	10	2	4	1	5	0	0	0	0	0	0	0	0	1	15	0	0	3	0	0	0	0	3
714.200	11	8	6	3	7	6	0	0	0	0	0	0	0	0	5	11	0	0	6	0	0	0	0	10
714.400	12	10	5	4	2	1	0	0	0	0	0	0	0	0	7	10	0	0	5	0	0	0	0	10
714.600	10	5	3	3	6	7	0	0	0	0	0	0	0	0	4	8	0	0	11	0	0	0	0	9
714.800	9	11	6	7	12	11	0	0	0	0	0	0	0	0	4	9	0	2	11	0	0	0	0	7
715.000	10	5	1	1	6	6	0	0	0	0	0	0	0	0	4	10	0	1	7	0	0	0	0	3
715.200	9	11	1	4	8	7	0	0	0	0	0	0	0	0	1	12	0	1	3	0	0	0	0	10
715.400	7	10	3	3	9	8	0	0	0	0	0	0	0	0	3	11	0	0	2	0	0	0	0	2
715.600	11	10	0	3	4	4	0	0	0	0	0	0	0	0	7	11	0	0	11	0	0	0	0	3
715.800	8	10	3	6	5	6	0	0	0	0	0	0	0	0	7	9	0	0	12	0	0	0	0	0
716.000	6	10	0	4	9	4	0	0	0	0	0	0	0	0	6	14	0	1	3	0	0	0	0	4
716.200	6	11	1	4	7	4	0	0	0	0	0	0	0	0	5	7	0	1	11	0	0	0	0	3
716.400	8	7	3	6	8	6	0	0	0	0	0	0	0	0	2	11	0	0	3	0	0	0	0	3
716.600	11	7	2	5	10	5	0	0	0	0	0	0	0	0	1	15	0	0	4	0	0	0	0	3
716.800	13	7	0	5	3	5	0	0	0	0	0	0	0	0	3	9	0	0	5	0	0	0	0	5
717.000	8	9	0	2	5	9	0	0	0	0	1	0	0	0	7	12	0	0	2	0	0	0	0	5
717.200	11	10	3	8	6	3	0	0	0	0	0	0	0	0	5	8	0	0	0	0	0	0	0	8
717.400	12	9	3	3	5	4	0	0	0	0	0	0	0	0	6	3	0	0	1	0	0	0	0	11
717.600	13	9	1	3	6	7	0	0	0	0	0	0	0	0	6	5	0	0	2	0	0	0	0	11
717.800	12	8	4	3	6	3	0	0	0	0	0	0	0	0	6	4	0	0	2	0	0	0	0	9
718.000	5	6	0	5	6	11	0	0	0	0	0	0	0	0	3	10	0	0	4	0	0	0	0	11
718.200	14	9	4	3	5	2	0	0	0	0	0	0	0	0	9	9	0	0	3	0	0	0	0	7
718.400	11	7	0	1	4	8	0	0	0	0	1	0	0	0	9	5	0	0	3	0	0	0	0	8
718.600	9	6	5	3	2	4	0	0	0	0	1	0	0	0	7	3	0	0	1	0	0	0	0	8
718.800	11	9	5	4	8	9	0	0	0	0	0	0	0	0	4	5	0	0	4	0	0	0	0	10
719.000	12	9	7	5	7	4	0	0	0	0	0	0	0	0	8	9	0	0	2	0	0	0	0	7
719.200	7	9	5	5	6	5	0	0	0	0	0	0	0	0	8	10	0	0	2	0	0	0	0	7
719.400	11	8	2	3	5	5	0	0	0	0	0	0	0	0	8	11	0	0	4	0	0	0	0	9
719.600	11	8	4	5	4	5	0	0	0	0	0	0	0	0	5	11	0	0	3	0	0	0	0	8
719.800	11	10	6	10	10	5	0	0	0	0	0	0	0	0	7	13	0	0	3	0	0	0	0	8
720.000	3	5	1	4	1	3	0	0	0	0	0	0	0	0	6	11	0	2	6	0	0	0	0	6
720.200	9	6	0	5	5	2	0	0	0	0	0	0	0	0	7	11	0	1	2	0	0	0	0	7
720.400	11	7	4	6	5	1	0	0	0	0	0	0	0	0	9	15	0	1	9	0	0	0	0	11
720.600	9	10	2	3	4	2	0	0	0	0	0	0	0	0	9	12	0	0	5	0	0	0	0	7
720.800	12	9	1	5	6	6	0	0	0	0	0	0	0	0	11	14	0	1	6	0	0	0	0	7
721.000	11	8	0	1	5	2	0	0	0	0	0	0	0	0	7	12	0	1	5	0	0	0	0	11
721.200	11	11	2	3	8	0	0	0	0	0	0	0	0	0	8	11	0	0	2	0	0	0	0	12
721.400	11	8	0	0	4	2	0	0	0	0	0	0	0	0	9	10	0	0	2	0	0	0	0	13
721.600	10	10	3	0	9	7	0	0	0	0	0	0	0	0	5	11	0	0	2	0	0	0	0	8
721.800	11	7	2	3	6	6	0	0	0	0	0	0	0	0	8	5	0	0	2	0	0	0	0	8
722.000	10	8	3	3	5	8	0	0	0	0	0	0	0	0	8	3	0	0	2	0	0	0	0	12
722.200	13	9	0	4	5	4	0	0	0	0	0	0	0	0	6	11	0	0	2	0	0	0	0	9
722.400	11	8	3	2	5	4	0	0	0	0	0	0	0	0	4	10	0	0	1	0	0	0	0	13
722.600	10	10	0	1	5	5	0	0	0	0	0	0	0	0	6	10	0	0	0	0	0	0	0	13
722.800	12	8	0	0	8	8	0	0	0	0	0	0	0	0	9	8	0	0	2	0	0	0	0	9
723.000	12	9	3	3	5	5	0	0	0	0	0	0	0	0	7	14	0	0	3	0	0	0	0	13
723.200	13	9	0	4	6	2	0	0	0	0	0	0	0	0	5	15	0	0	5	0	0	0	0	7
723.400	11	9	1	4	9	5	0	0	0	0	0	0	0	0	5	13	0	0	5	0	0	0	0	13
723.600	12	8	0	4	5	2	0	0	0	0	0	0	0	0	3	9	0	0	4	0	0	0	0	13
723.800	11	7	0	3	5	6	0	0	0	0	0	0	0	0	6	7	0	0	2	0	0	0	0	9
724.000	12	8	4	3	6	8	0	0	0	0	0	0	0	0	4	7	0	0	2	0	0	0	0	12
724.200	11	7	0	5	5	9	0	0	0	0	0	0	0	0	4	8	0	0	3	0	0	0	0	8
724.400	7	8	2	4	4	6	0	0	0	0	0	0	0	0	5	5	0	0	1	0	0	0	0	11
724.600	12	8	1	5	6	4	0	0	0	0	0	0	0	0	8	2	0	0	0	0	0	0	0	12
724.800	12	9	4	5	5	4	0	0	0	0	0	0	0	0	5	4	0	0	0	0	0	0	0	12
725.000	10	8	4	6	4	8	0	0	0	0	0	0	0	0	4	4	0	0	0	0	0	0	0	8
725.200	11	9	7	10	5	4	0	0	0	0	0	0	0	0	5	3	0	0	2	0	0	0	0	9
725.400	11	7	0	2	14	6	0	0	0	0	0	0	0	0	2	8	0	0	2	0	0	0	0	10
725.600	11	10	2	2	3	6	0	0	0	0	0	0	0	0	3	5	0	0	2	0	0	0	0	8
725.800	11	8	0	6	5	4	0	0	0	0	0	0	0	0	6	3	0	0	3	0	0	0	0	8
726.000	10	10	0	3	6	5	0	0	0	0	0	0	0	0	1	1	0	0	2	0	0	0	0	9
726.200	11	5	0	3	5	6	0	0	0	0	0	0	0	0	8	6	0	0	1	0	0	0	0	13
726.400	9	8	0	5	9	9	0	0	0	0	0	0	0	0	2	4	0	0	3	0	0	0	0	8
726.600	14	10	0	2	5	10	0	0	0	0	0	0	0	0	1	9	0	0	2	0	0	0	0	7
726.800	13	6	1	2	6	8	0	0	0	0	0	0	0	0	0	7	0	0	1	0	0	0	0	10
727.000	14	10	4	7	9	9	0	0	0	0	0	0	0	0	5	7	0	0	6	0	0	0	0	10
727.200	12	7	2	5	5	11	0	0	0	0	0	0	0	0	4	10	0	0	4	0	0	0	0	6
727.400	13	10	3	6	5	10	0	0	0	0	0	0	0	0	6	14	0	0	3	0	0	0	0	2
727.600	8	9	3	1	8	8	0	0	0	0	0	0	0	0	4	7	0	0	2	0	0	0	0	4
727.800	10	8	3	6	4	9	0	0	0	0	0	0	0	0	0	14	0	0	3	0	0	0	0	7
728.000	10	7	2	2	7	7	0	0	0	0	0	0	0	0	4	9	0	0	7	0	0	0	0	10
728.200	7	8	0	0	7	10	0	0	0	0	0	0	0	0	5	12	0	0	1	0	0	0	0	14
728.400	10	6	0	6	7	9	0	0	0	0	0	0	0	0	1	12	0	0	1	0	0	0	0	12
728.600	9	10	3	6	0	5	0	0	0	0	0	0	0	0	5	15	0	0	0	0	0	0	0	7
728.800	13	11	0	4	3	3	0	0	0	0	0	0	0	0	1	10	0	0	0	0	0	0	0	9
729.000	11	9	3	4	9	6	0	0	0	0	0	0	0	0	4	18	0	0	1	0	0	0	0	13
729.200	12	9	4	4	4	4	0	0	0	0	0	0	0	0	3	11	0	0	3	0	0	0	0	14
729.400	12	11	6	7	6	5	0	0	0	0	0	0	0	0	4	14	0	0	2	0	0	0	0	12
729.600	9	8	5	5	7	7	0	0	0	0	0	0	0	0	2	11	0	0	3	0	0	0	0	9
729.800	11	13	7	4	3	6	0	0	0	0	0	0	0	0	5	18	0	0	3	0	0	0	0	15
730.000	9	9	6	4	1	0	0	0	0	0	0	0	0	0	5	4	0	0	2	0	0	0	0	11
730.200	11	11	7	6	6	3	0	0	0	0	0	0	0	0	4	4	0	0	2	0	0	0	0	14
730.400	11	8	5	4	3	5	0	0	0	0	0	0	0	0	8	3	0	0	2	0	0	0	0	10
730.600	10	9	10	5	5	8	0	0	0	0	0	0	0	0	3	7	0	0	1	0	0	0	0	16
730.800	9	12	4	4	3	4	0	0	0	0	0	0	0	0	5	3	0	0	2	0	0	0	0	10
731.000	7	9	7	5	6	3	0	0	0	0	0	0	0	0	7	3	0	0	2	0	0	0	0	8
731.200	12	9	7	5	5	8	0	0	0	0	0	0	0	0	4	4	0	0	2	0	0	0	0	5
731.400	10	10	5	3	7	2	0	0	0	0	0	0	0	0	5	4	0	0	3	0	0	0	0	10
731.600	12	10	4	3	5	7	0	0	0	0	0	0	0	0	4	4	0	0	1	0	0	0	0	4
731.800	9	8	3	6	6	11	0	0	0	0	0	0	0	0	3	2	0	0	3	0	0	0	0	10
732.000	8	12	5	2	6	6	0	0	0	0	0	0	0	0	3	7	0	0	2	0	0	0	0	8
732.200	11	11	5	5	9	7	0	0	0	0	0	0	0	0	3	5	0	0	4	0	0	0	0	5
732.400	13	8	5	2	6	7	0	0	0	0	0	0	0	0	4	12	0	0	3	0	0	0	0	10
732.600	9	11	8	4	3	5	0	0	0	0	0	0	0	0	6	5	0	0	4	0	0	0	0	4
732.800	10	10	9	8	3	3	0	0	0	0	0	0	0	0	6	6	0	0	3	0	0	0	0	8
733.000	0	6	4	8	8	10	0	0	0	0	0	0	0	0	7	4	0	0	5	0	0	0	0	8
733.200	1	6	7	8	9	11	0	0	0	0	0	0	0	0	5	11	0	0	2	0	0	0	0	9
733.400	0	6	8	8	4	10	0	0	0	0	0	0	0	0	5	4	0	0	2	0	0	0	0	15
733.600	0	6	7	8	5	4	0	0	0	0	0	0	0	0	4	8	0	0	3	0	0	0	0	4
733.800	0	6	6	4	5	4	0	0	0	0	0	0	0	0	4	3	0	0	3	0	0	0	0	11
734.000	0	7	4	7	5	10	0	0	0	0	0	0	0	0	2	8	0	0	7	0	0	0	0	13
734.200	0	6	9	8	2	4	0	0	0	0	0	0	0	0	4	7	0	0	4	0	0	0	0	12
734.400	0	6	5	6	2	4	0	0	0	0	0	0	0	0	3	10	0	0	2	0	0	0	0	7
734.600	0	6	4	8	5	2	0	0	0	0	0	0	0	0	3	6	0	0	4	0	0	0	0	12
734.800	0	7	4	2	4	1	0	0	0	0	0	0	0	0	1	8	0	0	2	0	0	0	0	3
735.000	0	3	0	0	9	9	0	0	0	0	0	0	0	0	1	10	0	0	2	0	0	0	0	13
735.200	0	4	2	5	4	5	0	0	0	0	0	0	0	0	3	10	0	0	3	0	0	0	0	10
735.400	0	7	3	3	9	6	0	0	0	0	0	0	0	0	3	16	0	0	2	0	0	0	0	10
735.600	0	8	5	6	7	7	0	0	0	0	0	0	0	0	4	9	0	0	0	0	0	0	0	9
735.800	0	4	0	6	2	2	0	0	0	0	0	0	0	0	4	15	0	0	2	0	0	0	0	10
736.000	0	6	1	6	8	10	0	0	0	0	0	0	0	0	2	8	0	0	0	0	0	0	0	5
736.200	0	2	3	5	6	11	0	0	0	0	0	0	0	0	1	15	0	0	0	0	0	0	0	10
736.400	0	2	1	3	9	3	0	0	0	0	0	0	0	0	4	10	0	0	0	0	0	0	0	12
736.600	0	2	4	7	4	6	0	0	0	0	0	0	0	0	8	8	0	0	2	0	0	0	0	14
736.800	0	4	3	6	7	11	0	0	0	0	0	0	0	0	7	13	0	0	2	0	0	0	0	8
737.000	0	3	4	5	4	6	0	0	0	0	0	0	0	0	6	17	0	0	2	0	0	0	0	10
737.200	0	6	4	5	2	3	0	0	0	0	0	0	0	0	7	12	0	0	3	0	0	0	0	12
737.400	0	7	3	3	4	7	0	0	0	0	0	0	0	0	7	9	0	0	2	0	0	0	0	3
737.600	0	2	2	4	2	12	0	0	0	0	0	0	0	0	5	15	0	0	2	0	0	0	0	5
737.800	0	4	0	3	5	7	0	0	0	0	0	0	0	0	1	5	0	0	3	0	0	0	0	7
738.000	0	4	2	5	7	6	0	0	0	0	0	0	0	0	4	14	0	0	3	0	0	0	0	7
738.200	0	7	0	6	9	3	0	0	0	0	0	0	0	0	2	12	0	0	1	0	0	0	0	11
738.400	0	7	4	3	7	4	0	0	0	0	0	0	0	0	5	12	0	0	0	0	0	0	0	7
738.600	0	7	0	2	8	3	0	0	0	0	0	0	0	0	8	4	0	0	0	0	0	0	0	4
738.800	0	5	2	6	7	4	0	0	0	0	0	0	0	0	8	3	0	0	1	0	0	0	0	7
739.000	0	4	1	4	6	5	0	0	0	0	0	0	0	0	4	5	0	0	0	0	0	0	0	5
739.200	0	3	2	7	5	6	0	0	0	0	0	0	0	0	1	11	0	0	2	0	0	0	0	9
739.400	0	7	5	4	4	4	0	0	0	0	0	0	0	0	3	3	0	0	2	0	0	0	0	7
739.600	0	9	4	6	6	3	0	0	0	0	0	0	0	0	6	8	0	0	2	0	0	0	0	6
739.800	0	7	6	6	3	5	0	0	0	0	0	0	0	0	2	7	0	0	8	0	0	0	0	4
740.000	0	8	3	2	5	9	0	0	0	0	0	0	0	0	3	8	0	0	2	0	0	0	0	5
740.200	0	9	4	4	8	4	0	0	0	0	0	0	0	0	5	6	0	0	2	0	0	0	0	7
740.400	0	8	5	3	4	8	0	0	0	0	0	0	0	0	4	5	0	0	4	0	0	0	0	1
740.600	0	9	4	6	4	7	0	0	0	0	0	0	0	0	5	5	0	0	2	0	0	0	0	2
740.800	0	7	4	2	5	6	0	0	0	0	0	0	0	0	7	5	0	0	3	0	0	0	0	2
741.000	0	5	3	4	5	9	0	0	0	0	0	0	0	0	4	8	0	0	3	0	0	0	0	5
741.200	0	10	4	5	1	2	0	0	0	0	0	0	0	0	11	5	0	0	9	0	0	0	0	3
741.400	0	4	4	4	7	5	0	0	0	0	0	0	0	0	2	8	0	0	3	0	0	0	0	2
741.600	0	3	0	2	4	6	0	0	0	0	0	0	0	0	4	7	0	0	2	0	0	0	0	2
741.800	0	6	3	4	1	5	0	0	0	0	0	0	0	0	0	1	0	0	2	0	0	0	0	5
742.000	0	7	5	6	9	5	0	0	0	0	0	0	0	0	2	6	0	0	4	0	0	0	0	10
742.200	0	2	0	3	10	10	0	0	0	0	0	0	0	0	3	7	0	0	3	0	0	0	0	7
742.400	0	4	0	6	5	5	0	0	0	0	0	0	0	0	4	8	0	0	3	0	0	0	0	2
742.600	0	7	3	5	4	11	0	0	0	0	0	0	0	0	1	9	0	0	1	0	0	0	0	6
742.800	0	8	3	3	8	9	0	0	0	0	0	0	0	0	5	5	0	0	3	0	0	0	0	9
743.000	0	5	1	6	5	10	0	0	0	0	0	0	0	0	6	9	0	0	3	0	0	0	0	4
743.200	0	4	2	3	9	7	0	0	0	0	0	0	0	0	2	17	0	0	0	0	0	0	0	3
743.400	0	9	5	6	7	9	0	0	0	0	0	0	0	0	4	15	0	0	2	0	0	0	0	7
743.600	0	4	5	5	7	5	0	0	0	0	0	0	0	0	6	14	0	0	3	0	0	0	0	7
743.800	0	4	4	5	5	10	0	0	0	0	0	0	0	0	3	12	0	0	6	0	0	0	0	8
744.000	0	4	2	5	5	9	0	0	0	0	0	0	0	0	3	10	0	0	3	0	0	0	0	1
744.200	0	4	2	6	8	9	0	0	0	0	0	0	0	0	1	7	0	0	2	0	0	0	0	2
744.400	0	4	5	7	6	11	0	0	0	0	0	0	0	0	4	5	0	0	2	0	0	0	0	14
744.600	0	6	0	6	8	8	0	0	0	0	0	0	0	0	4	12	0	0	3	0	0	0	0	8
744.800	0	4	2	5	3	9	0	0	0	0	0	0	0	0	4	16	0	0	3	0	0	0	0	8
745.000	0	7	5	7	5	10	0	0	0	0	0	0	0	0	4	12	0	0	4	0	0	0	0	10
745.200	0	7	4	6	3	9	0	0	0	0	0	0	0	0	1	6	0	0	3	0	0	0	0	12
745.400	0	4	6	5	5	12	0	0	0	0	0	0	0	0	4	7	0	0	5	0	0	0	0	12
745.600	0	4	6	3	4	5	0	0	0	0	0	0	0	0	5	7	0	0	3	0	0	0	0	7
745.800	0	3	3	5	3	4	0	0	0	0	0	0	0	0	5	8	0	0	4	0	0	0	0	8
746.000	0	1	3	3	2	5	0	0	0	0	0	0	0	0	3	8	0	0	3	0	0	0	0	7
746.200	0	4	7	9	4	8	0	0	0	0	0	0	0	0	3	9	0	0	3	0	0	0	0	15
746.400	0	2	5	3	4	9	0	0	0	0	0	0	0	0	3	6	0	0	3	0	0	0	0	10
746.600	0	1	0	4	1	1	0	0	0	0	0	0	0	0	2	6	0	0	5	0	0	0	0	13
746.800	0	2	0	4	9	7	0	0	0	0	0	0	0	0	0	11	0	0	3	0	0	0	0	16
747.000	0	6	3	2	7	4	0	0	0	0	0	0	0	0	6	5	0	0	2	0	0	0	0	12
747.200	0	5	3	2	6	12	0	0	0	0	0	0	0	0	2	9	0	0	2	0	0	0	0	10
747.400	0	2	4	6	4	6	0	0	0	0	0	0	0	0	2	14	0	0	3	0	0	0	0	7
747.600	0	3	3	4	6	9	0	0	0	0	0	0	0	0	3	9	0	0	2	0	0	0	0	9
747.800	0	1	0	1	3	4	0	0	0	0	0	0	0	0	5	7	0	0	5	0	0	0	0	12
748.000	0	5	3	3	5	5	0	0	0	0	0	0	0	0	3	14	0	0	3	0	0	0	0	9
748.200	0	3	3	2	5	9	0	0	0	0	0	0	0	0	7	5	0	0	5	0	0	0	0	15
748.400	0	2	3	4	2	5	0	0	0	0	0	0	0	0	2	9	0	0	2	0	0	0	0	13
748.600	0	0	1	3	5	3	0	0	0	0	0	0	0	0	6	5	0	0	3	0	0	0	0	9
748.800	0	0	2	3	7	14	0	0	0	0	0	0	0	0	2	4	0	0	1	0	0	0	0	10
749.000	0	2	3	3	5	11	0	0	0	0	0	0	0	0	5	3	0	0	2	0	0	0	0	2
749.200	0	1	0	2	7	11	0	0	0	0	0	0	0	0	6	5	0	0	3	0	0	0	0	8
749.400	0	1	0	3	3	5	0	0	0	0	0	0	0	0	4	10	0	0	5	0	0	0	0	7
749.600	0	1	1	1	1	4	0	0	0	0	0	0	0	0	3	9	0	0	5	0	0	0	0	7
749.800	0	2	0	3	6	5	0	0	0	0	0	0	0	0	2	8	0	0	2	0	0	0	0	12
750.000	0	4	3	2	6	9	0	0	0	0	0	0	0	0	1	12	0	0	2	0	0	0	0	8
750.200	0	7	2	2	5	8	0	0	0	0	0	0	0	0	3	7	0	0	4	0	0	0	0	10
750.400	0	6	0	1	5	12	0	0	0	0	0	0	0	0	4	5	0	0	4	0	0	0	0	10
750.600	0	6	4	5	7	10	0	0	0	0	0	0	0	0	4	9	0	0	3	0	0	0	0	5
750.800	0	6	0	0	8	5	0	0	0	0	0	0	0	0	2	8	0	0	2	0	0	0	0	10
751.000	0	7	2	0	6	8	0	0	0	0	0	0	0	0	7	5	0	0	1	0	0	0	0	9
751.200	0	4	0	0	5	7	0	0	0	0	0	0	0	0	5	9	0	0	3	0	0	0	0	6
751.400	0	4	0	1	9	8	0	0	0	0	0	0	0	0	2	19	0	0	4	0	0	0	0	10
751.600	0	5	1	1	3	5	0	0	0	0	0	0	0	0	0	17	0	0	2	0	0	0	0	4
751.800	0	5	0	0	5	5	0	0	0	0	0	0	0	0	2	9	0	0	8	0	0	0	0	7
752.000	0	4	3	2	2	4	0	0	0	0	0	0	0	0	3	12	0	0	4	0	0	0	0	9
752.200	0	2	0	1	5	8	0	0	0	0	0	0	0	0	8	3	0	0	2	0	0	0	0	10
752.400	0	4	0	3	5	8	0	0	0	0	0	0	0	0	3	10	0	0	2	0	0	0	0	8
752.600	0	2	0	0	7	10	0	0	0	0	0	0	0	0	6	3	0	0	2	0	0	0	0	10
752.800	0	2	0	0	5	5	0	0	0	0	0	0	0	0	6	9	0	0	4	0	0	0	0	11
753.000	0	2	0	0	6	7	0	0	0	0	0	0	0	0	4	4	0	0	2	0	0	0	0	12
753.200	0	7	2	1	6	10	0	0	0	0	0	0	0	0	4	6	0	0	3	0	0	0	0	12
753.400	0	4	2	0	11	9	0	0	0	0	0	0	0	0	1	8	0	0	2	0	0	0	0	5
753.600	0	4	0	0	5	9	0	0	0	0	0	0	0	0	6	7	0	0	12	1	0	0	0	4
753.800	0	3	0	0	8	10	0	0	0	0	0	0	0	0	7	6	0	0	2	0	0	0	0	9
754.000	0	3	3	0	3	6	0	0	0	0	0	0	0	0	5	3	0	0	3	0	0	0	0	6
754.200	0	5	3	0	11	11	0	0	0	0	0	0	0	0	4	8	0	0	3	0	0	0	0	12
754.400	0	3	0	0	6	1	0	0	0	0	0	0	0	0	9	8	0	0	11	1	0	0	0	9
754.600	0	4	0	1	9	8	0	0	0	0	0	0	0	0	8	10	0	0	16	3	0	0	0	11
754.800	3	5	0	0	8	6	0	0	0	0	0	0	0	0	6	10	0	0	11	2	0	0	0	6
755.000	0	4	0	0	7	2	0	0	0	0	0	0	0	0	5	13	0	0	7	1	0	0	0	12
755.200	0	5	1	0	3	8	0	0	0	0	0	0	0	0	2	7	0	0	15	4	0	0	0	10
755.400	0	6	0	0	7	9	0	0	0	0	0	0	0	0	2	7	0	0	11	5	0	0	0	10
755.600	0	9	3	3	4	6	0	0	0	0	0	0	0	0	10	10	0	0	12	2	0	0	0	14
755.800	0	4	3	3	7	7	0	0	0	0	0	0	0	0	0	14	0	0	11	2	0	0	0	9
756.000	0	7	4	6	7	9	0	0	0	0	0	0	0	0	1	3	0	0	13	2	0	0	0	5
756.200	0	5	0	4	9	12	0	0	0	0	0	0	0	0	1	8	0	0	13	6	0	0	0	7
756.400	5	5	3	2	9	11	0	0	0	0	0	0	0	0	5	6	0	0	11	1	0	0	0	9
756.600	8	7	0	0	10	6	0	0	0	0	0	0	0	0	0	7	0	0	15	3	0	0	0	9
756.800	0	6	0	0	5	8	0	0	0	0	0	0	0	0	5	12	0	0	7	3	0	0	0	3
757.000	1	4	0	0	7	10	0	0	0	0	0	0	0	0	5	10	0	0	10	4	0	0	0	13
757.200	0	4	0	0	7	8	0	0	0	0	0	0	0	0	2	13	0	0	11	5	0	0	0	7
757.400	0	2	0	0	7	4	0	0	0	0	0	0	0	0	5	13	0	0	10	4	0	0	0	8
757.600	0	4	0	0	8	10	0	0	0	0	0	0	0	0	7	3	0	0	17	1	0	0	0	7
757.800	0	3	0	0	7	8	0	0	0	0	0	0	0	0	0	6	0	0	11	4	0	0	0	8
758.000	0	3	0	0	8	6	0	0	0	0	0	0	0	0	0	4	0	0	10	5	0	0	0	7
758.200	0	2	0	0	4	6	0	0	0	0	0	0	0	0	2	13	0	0	10	3	0	0	0	7
758.400	0	2	0	0	9	12	0	0	0	0	0	0	0	0	3	7	0	0	9	4	0	0	0	5
758.600	0	1	0	0	11	9	0	0	0	0	0	0	0	0	2	8	0	0	9	1	0	0	0	9
758.800	0	3	0	0	7	10	0	0	0	0	0	0	0	0	0	15	0	0	9	2	0	0	0	2
759.000	0	3	0	2	6	7	0	0	0	0	0	0	0	0	0	14	0	0	10	1	0	0	0	0
759.200	0	3	0	1	7	8	0	0	0	0	0	0	0	0	0	8	0	0	12	3	0	0	0	8
759.400	0	2	2	1	6	12	0	0	0	0	0	0	0	0	5	10	0	0	11	3	0	0	0	9
759.600	0	3	0	0	12	7	0	0	0	0	0	0	0	0	0	17	0	0	7	3	0	0	0	9
759.800	0	4	0	0	6	7	0	0	0	0	0	0	0	0	1	7	0	0	14	5	0	0	0	2
760.000	0	5	0	0	4	3	0	0	0	0	1	0	0	0	1	8	0	0	6	4	0	0	0	6
760.200	0	5	0	0	6	7	0	0	0	0	0	0	0	0	4	4	0	1	15	5	0	0	0	1
760.400	0	4	0	4	4	8	0	0	0	0	0	0	0	0	3	4	0	0	8	1	0	0	0	4
760.600	0	0	0	0	3	9	0	0	0	0	0	0	0	0	5	11	0	0	7	3	0	0	0	3
760.800	0	5	0	0	7	10	0	0	0	0	0	0	0	0	3	4	0	0	16	1	0	0	0	7
761.000	0	4	0	0	7	6	0	0	0	0	0	0	0	0	3	7	0	0	11	2	0	0	0	9
761.200	0	3	0	0	7	4	0	0	0	0	0	0	0	0	7	12	0	0	16	3	0	0	0	3
761.400	0	5	0	0	5	4	0	0	0	0	0	0	0	0	6	11	0	0	15	1	0	0	0	1
761.600	1	6	0	2	7	9	0	0	0	0	0	0	0	0	3	9	0	0	8	1	0	0	0	4
761.800	3	5	0	0	4	5	0	0	0	0	0	0	0	0	8	7	0	0	14	4	0	0	0	13
762.000	1	6	2	0	8	7	0	0	0	0	0	0	0	0	10	2	0	0	9	4	0	0	0	11
762.200	1	3	0	0	8	6	0	0	0	0	0	0	0	0	5	12	0	0	6	2	0	0	0	11
762.400	2	3	0	0	4	7	0	0	0	0	1	0	0	0	6	6	0	1	11	4	0	0	0	8
762.600	0	5	0	0	8	2	0	0	0	0	0	0	0	0	5	14	0	0	6	5	0	0	0	10
762.800	0	3	0	0	6	8	0	0	0	0	0	0	0	0	3	8	0	0	5	1	0	0	0	9
763.000	0	3	0	2	6	10	0	0	0	0	0	0	0	0	6	8	0	0	8	1	0	0	0	10
763.200	0	2	0	0	10	10	0	0	0	0	0	0	0	0	4	9	0	0	12	3	0	0	0	12
763.400	0	3	0	1	7	9	0	0	0	0	0	0	0	0	2	9	0	0	12	1	0	0	0	0
763.600	1	4	0	2	5	7	0	0	0	0	0	0	0	0	5	9	0	0	14	4	0	0	0	3
763.800	0	5	0	2	7	6	0	0	0	0	0	0	0	0	7	13	0	0	11	3	0	0	0	15
764.000	1	6	1	0	12	9	0	0	0	0	0	0	0	0	4	10	0	0	14	1	0	0	0	9
764.200	2	4	0	2	9	7	0	0	0	0	0	0	0	0	6	7	0	0	10	3	0	0	0	13
764.400	2	7	2	2	7	5	0	0	0	0	0	0	0	0	3	10	0	0	12	4	0	0	0	11
764.600	4	5	0	0	1	0	0	0	0	0	0	0	0	0	3	3	0	0	4	4	0	0	0	11
764.800	1	6	0	0	7	7	0	0	0	0	0	0	0	0	2	3	0	0	19	5	0	0	0	13
765.000	3	4	0	0	5	7	0	0	0	0	0	0	0	0	7	11	0	0	10	3	0	0	0	14
765.200	3	3	0	0	4	6	0	0	0	0	0	0	0	0	1	12	0	0	13	3	0	0	0	13
765.400	7	5	0	0	9	7	0	0	0	0	0	0	0	0	7	11	0	0	21	5	0	0	0	11
765.600	7	4	0	0	9	6	0	0	0	0	0	0	0	0	4	11	0	0	14	3	0	0	0	10
765.800	7	2	0	0	9	8	0	0	0	0	0	0	0	0	4	9	0	0	12	1	0	0	0	4
766.000	2	3	0	2	4	10	0	0	0	0	0	0	0	0	3	8	0	0	12	3	0	0	0	13
766.200	4	3	0	0	5	6	0	0	0	0	0	0	0	0	9	8	0	0	5	1	0	0	0	12
766.400	0	4	2	1	4	6	0	0	0	0	0	0	0	0	7	8	0	0	10	1	0	0	0	6
766.600	2	3	0	0	13	12	0	0	0	0	0	0	0	0	5	9	0	0	14	3	0	0	0	10
766.800	6	3	0	0	5	6	0	0	0	0	0	0	0	0	5	12	0	0	13	2	0	0	0	3
767.000	7	6	1	0	6	11	0	0	0	0	0	0	0	0	6	16	0	0	11	1	0	0	0	9
767.200	0	3	0	1	8	10	0	0	0	0	0	0	0	0	3	8	0	0	9	1	0	0	0	13
767.400	3	6	0	1	8	9	0	0	0	0	0	0	0	0	6	10	0	0	10	2	0	0	0	11
767.600	0	7	3	2	6	10	0	0	0	0	0	0	0	0	6	8	0	0	7	2	0	0	0	7
767.800	7	7	0	0	9	7	0	0	0	0	0	0	0	0	2	11	0	0	10	2	0	0	0	4
768.000	5	3	1	0	5	4	0	0	0	0	0	0	0	0	5	7	0	0	7	4	0	0	0	5
768.200	7	7	0	1	4	2	0	0	0	0	0	0	0	0	8	10	0	0	8	3	0	0	0	8
768.400	7	6	0	0	5	10	0	0	0	0	0	0	0	0	6	5	0	0	12	3	0	0	0	7
768.600	8	8	0	1	3	1	0	0	0	0	0	0	0	0	5	8	0	0	11	4	0	0	0	4
768.800	1	6	1	0	5	8	0	0	0	0	0	0	0	0	6	9	0	1	15	2	0	0	0	5
769.000	0	3	0	0	7	4	0	0	0	0	0	0	0	0	4	10	0	0	11	3	0	0	0	5
769.200	4	4	0	0	9	3	0	0	0	0	0	0	0	0	6	4	0	0	13	2	0	0	0	4
769.400	6	3	0	1	5	7	0	0	0	0	0	0	0	0	3	10	0	0	12	2	0	0	0	6
769.600	5	3	0	0	3	6	0	0	0	0	0	0	0	0	7	7	0	1	11	2	0	0	0	5
769.800	1	3	0	0	9	6	0	0	0	0	0	0	0	0	8	6	0	0	12	3	0	0	0	2
770.000	5	4	0	1	5	10	0	0	0	0	0	0	0	0	8	9	0	0	13	2	0	0	0	4
770.200	6	4	0	0	5	4	0	0	0	0	0	0	0	0	6	7	0	0	13	4	0	0	0	5
770.400	0	3	2	1	8	7	0	0	0	0	0	0	0	0	6	7	0	0	19	3	0	0	0	9
770.600	0	2	1	0	6	8	0	0	0	0	0	0	0	0	5	7	0	0	15	3	0	0	0	9
770.800	5	4	0	0	15	10	0	0	0	0	0	0	0	0	1	2	0	0	10	1	0	0	0	11
771.000	2	8	3	3	5	8	0	0	0	0	0	0	0	0	5	9	0	0	16	4	0	0	0	7
771.200	5	4	0	0	7	6	0	0	0	0	0	0	0	0	10	12	0	0	8	6	0	0	0	2
771.400	0	2	0	0	12	4	0	0	0	0	0	0	0	0	2	8	0	1	12	5	0	0	0	6
771.600	0	3	2	2	4	10	0	0	0	0	5	0	0	0	5	14	0	0	12	5	0	0	0	6
771.800	0	10	4	0	4	7	0	0	0	0	2	0	0	0	7	12	0	1	18	7	0	0	0	7
772.000	0	2	2	5	12	8	0	0	0	0	5	0	0	0	4	7	0	1	13	5	0	0	0	2
772.200	0	6	4	6	10	8	0	0	0	0	5	0	0	0	4	6	0	1	14	4	0	0	0	8
772.400	0	3	1	3	12	8	0	0	0	0	5	0	0	0	2	11	0	0	11	3	0	0	0	5
772.600	0	4	3	3	4	5	0	0	0	0	4	0	0	0	6	9	0	0	13	6	0	0	0	2
772.800	0	4	0	4	7	10	0	0	0	0	4	0	0	0	2	8	0	0	11	3	0	0	0	2
773.000	0	7	0	4	5	5	0	0	0	0	5	0	0	0	7	7	0	0	9	3	0	0	0	8
773.200	0	4	3	3	8	7	0	0	0	0	4	0	0	0	6	12	0	0	10	1	0	0	0	7
773.400	0	4	3	3	5	8	0	0	0	0	3	0	0	0	5	8	0	0	9	3	0	0	0	6
773.600	0	4	0	3	8	10	0	0	0	0	4	0	0	0	8	10	0	0	11	2	0	0	0	7
773.800	0	7	2	3	3	6	0	0	0	0	4	0	0	0	8	9	0	0	19	4	0	0	0	13
774.000	0	4	0	4	8	7	0	0	0	0	2	0	0	0	4	7	0	0	15	5	0	0	0	11
774.200	0	6	1	3	2	5	0	0	0	0	4	0	0	0	2	5	0	0	16	6	0	0	0	10
774.400	0	7	1	3	5	5	0	0	0	0	2	0	0	0	0	7	0	0	7	3	0	0	0	8
774.600	0	4	3	6	5	9	0	0	0	0	5	0	0	0	7	7	0	0	14	4	0	0	0	8
774.800	0	4	3	6	8	6	0	0	0	0	3	0	0	0	3	10	0	2	17	3	0	0	0	7
775.000	0	4	2	6	3	6	0	0	0	0	5	0	0	0	7	13	0	0	11	3	0	0	0	9
775.200	0	4	0	4	4	7	0	0	0	0	4	0	0	0	6	9	0	0	22	2	0	0	0	10
775.400	0	4	3	5	4	5	0	0	0	0	1	0	0	0	6	11	0	0	13	4	0	0	0	6
775.600	0	3	3	5	7	8	0	0	0	0	1	0	0	0	1	10	0	0	13	4	0	0	0	13
775.800	0	4	1	7	6	5	0	0	0	0	4	0	0	0	2	12	0	0	14	3	0	0	0	10
776.000	0	4	4	5	7	8	0	0	0	0	5	0	0	0	2	19	0	0	10	1	0	0	0	5
776.200	0	9	3	7	5	6	0	0	0	0	4	0	0	0	3	14	0	0	14	3	0	0	0	7
776.400	0	2	0	1	8	5	0	0	0	0	1	0	0	0	9	12	0	0	13	1	0	0	0	6
776.600	0	6	3	2	9	7	0	0	0	0	1	0	0	0	5	5	0	0	12	3	0	0	0	8
776.800	0	8	6	7	1	2	0	0	0	0	1	0	0	0	5	3	0	0	5	3	0	0	0	6
777.000	0	5	3	5	3	6	0	0	0	0	4	0	0	0	4	7	0	0	9	3	0	0	0	5
777.200	0	5	1	5	3	6	0	0	0	0	1	0	0	0	6	13	0	0	17	4	0	0	0	9
777.400	0	8	3	7	7	5	0	0	0	0	1	0	0	0	0	16	0	0	11	1	0	0	0	12
777.600	0	4	2	8	8	10	0	0	0	0	5	0	0	0	7	9	0	0	11	1	0	0	0	11
777.800	0	1	5	6	4	7	0	0	0	0	3	0	0	0	0	9	0	0	9	6	0	0	0	12
778.000	0	4	5	10	6	7	0	0	0	0	5	0	0	0	9	12	0	0	11	1	0	0	0	10
778.200	0	8	7	11	6	7	0	0	0	0	5	0	0	0	5	13	0	0	11	1	0	0	0	8
778.400	0	5	6	8	7	6	0	0	0	0	0	0	0	0	2	13	0	0	14	3	0	0	0	8
778.600	0	5	5	9	5	8	0	0	0	0	5	0	0	0	4	13	0	0	13	4	0	0	0	7
778.800	0	5	0	1	2	6	0	0	0	0	5	0	0	0	3	8	0	0	10	4	0	0	0	8
779.000	1	8	8	9	3	5	0	0	0	0	4	0	0	0	5	3	0	0	12	5	0	0	0	6
779.200	3	5	2	6	4	8	0	0	0	0	4	0	0	0	4	4	0	2	17	4	0	0	0	9
779.400	4	6	1	7	7	11	0	0	0	0	0	0	0	0	6	6	0	0	10	4	0	0	0	12
779.600	5	8	5	7	8	8	0	0	0	0	0	0	0	0	11	4	0	0	8	4	0	0	0	9
779.800	4	5	1	9	7	7	0	0	0	0	0	0	0	0	5	3	0	0	11	4	0	0	0	5
780.000	4	12	5	8	5	7	0	0	0	0	0	0	0	0	7	13	0	0	11	1	0	0	0	7
780.200	3	9	4	6	3	4	0	0	0	0	0	0	0	0	5	2	0	0	8	2	0	0	0	7
780.400	2	10	5	7	8	9	0	0	0	0	0	0	0	0	6	6	0	0	8	3	0	0	0	10
780.600	2	7	0	3	6	8	0	0	0	0	0	0	0	0	4	11	0	0	10	5	0	0	0	9
780.800	0	5	3	7	7	8	0	0	0	0	1	0	0	0	5	7	0	0	13	4	0	0	0	10
781.000	4	12	6	8	4	5	0	0	0	0	0	0	0	0	4	11	0	0	12	1	0	0	0	3
781.200	6	12	6	7	3	6	0	0	0	0	0	0	0	0	5	5	0	0	13	4	0	0	0	10
781.400	4	11	0	4	4	8	0	0	0	0	0	0	0	0	5	12	0	0	14	4	0	0	0	3
781.600	3	10	4	6	7	10	0	0	0	0	0	0	0	0	8	7	0	0	15	3	0	0	0	4
781.800	8	11	2	6	9	7	0	0	0	0	0	0	0	0	5	14	0	0	14	4	0	0	0	9
782.000	4	5	3	6	6	10	0	0	0	0	0	0	0	0	7	6	0	0	9	1	0	0	0	9
782.200	10	6	0	2	6	8	0	0	0	0	0	0	0	0	4	4	0	1	16	4	0	0	0	7
782.400	3	5	3	9	7	10	0	0	0	0	0	0	0	0	5	2	0	0	8	2	0	0	0	7
782.600	4	9	0	2	5	12	0	0	0	0	0	0	0	0	0	3	0	0	12	3	0	0	0	8
782.800	4	6	2	3	4	10	0	0	0	0	0	0	0	0	4	5	0	0	13	3	0	0	0	10
783.000	4	5	0	7	8	8	0	0	0	0	0	0	0	0	6	7	0	0	10	3	0	0	0	9
783.200	4	10	2	9	4	9	0	0	0	0	0	0	0	0	3	13	0	0	7	4	0	0	0	8
783.400	4	10	0	2	9	12	0	0	0	0	0	0	0	0	4	5	0	0	14	4	0	0	0	8
783.600	5	9	0	5	5	11	0	0	0	0	0	0	0	0	3	9	0	1	19	4	0	0	0	15
783.800	3	7	2	6	5	5	0	0	0	0	0	0	0	0	3	9	0	0	12	3	0	0	0	8
784.000	5	11	3	6	5	8	0	0	0	0	0	0	0	0	3	10	0	0	9	1	0	0	0	9
784.200	2	5	3	3	4	10	0	0	0	0	2	0	0	0	0	16	0	0	8	1	0	0	0	7
784.400	3	9	1	4	4	4	0	0	0	0	1	0	0	0	8	5	0	0	7	4	0	0	0	10
784.600	2	7	4	5	7	9	0	0	0	0	0	0	0	0	8	9	0	0	9	2	0	0	0	7
784.800	2	8	4	7	7	6	0	0	0	0	0	0	0	0	4	13	0	0	8	3	0	0	0	6
785.000	4	9	3	5	7	5	0	0	0	0	0	0	0	0	7	3	0	0	9	2	0	0	0	9
785.200	2	3	1	3	8	10	0	0	0	0	0	0	0	0	8	3	0	0	10	3	0	0	0	12
785.400	3	9	0	4	3	1	0	0	0	0	0	0	0	0	5	2	0	0	11	2	0	0	0	7
785.600	4	5	1	1	8	8	0	0	0	0	0	0	0	0	5	8	0	0	12	3	0	0	0	8
785.800	3	14	2	6	2	3	0	0	0	0	0	0	0	0	6	7	0	0	7	3	0	0	0	12
786.000	4	10	0	0	5	7	0	0	0	0	0	0	0	0	7	7	0	0	12	4	0	0	0	12
786.200	6	6	0	0	7	3	0	0	0	0	0	0	0	0	7	7	0	0	8	3	0	0	0	11
786.400	7	4	0	0	8	5	0	0	0	0	0	0	0	0	4	3	0	0	11	7	0	0	0	4
786.600	8	1	0	3	9	0	0	0	0	0	0	0	0	0	5	9	0	0	14	5	0	0	0	5
786.800	6	2	0	3	7	5	0	0	0	0	0	0	0	0	4	11	0	0	10	2	0	0	0	5
787.000	9	1	1	4	5	7	0	0	0	0	0	0	0	0	4	3	0	0	16	2	0	0	0	4
787.200	5	2	1	1	8	8	0	0	0	0	0	0	0	0	3	13	0	0	19	3	0	0	0	4
787.400	7	2	0	3	5	7	0	0	0	0	0	0	0	0	4	10	0	0	13	1	0	0	0	8
787.600	3	2	0	4	5	2	0	0	0	0	0	0	0	0	3	11	0	0	16	3	0	0	0	10
787.800	5	2	0	2	5	4	0	0	0	0	0	0	0	0	5	7	0	0	14	4	0	0	0	3
788.000	9	4	0	3	3	4	0	0	0	0	0	0	0	0	1	6	0	0	14	4	0	0	0	0
788.200	6	4	0	1	6	3	0	0	0	0	0	0	0	0	4	11	0	0	12	8	0	0	0	0
788.400	4	5	2	1	5	7	0	0	0	0	0	0	0	0	1	15	0	1	17	5	0	0	0	5
788.600	0	2	0	2	2	4	0	0	0	0	0	0	0	0	4	15	0	0	8	5	0	0	0	16
788.800	0	2	0	1	6	7	0	0	0	0	0	0	0	0	4	16	0	0	5	5	0	0	0	4
789.000	1	1	0	3	8	3	0	0	0	0	0	0	0	0	3	10	0	0	8	8	0	0	0	10
789.200	0	2	2	2	8	4	0	0	0	0	0	0	0	0	2	16	0	0	8	4	0	0	0	3
789.400	0	1	4	3	4	5	0	0	0	0	0	0	0	0	3	9	0	0	9	3	0	0	0	4
789.600	0	1	0	0	5	4	0	0	0	0	0	0	0	0	5	8	0	0	10	7	0	0	0	3
789.800	0	2	0	0	7	5	0	0	0	0	0	0	0	0	3	6	0	0	6	7	0	0	0	3
790.000	0	2	0	0	10	6	0	0	0	0	0	0	0	0	2	15	0	0	11	7	0	0	0	3
790.200	0	2	1	0	1	4	0	0	0	0	0	0	0	0	2	21	0	0	11	7	0	0	0	13
790.400	0	0	0	0	1	1	0	0	0	0	0	0	0	0	1	18	0	0	4	6	0	0	0	3
790.600	0	1	0	1	6	4	0	0	0	0	0	0	0	0	4	14	0	0	7	5	0	0	0	14
790.800	0	2	1	1	5	4	0	0	0	0	0	0	0	0	5	17	0	0	7	7	0	0	0	6
791.000	0	4	3	1	7	7	0	0	0	0	0	0	0	0	2	10	0	0	4	6	0	0	0	9
791.200	1	2	0	1	4	4	0	0	0	0	0	0	0	0	6	9	0	0	6	5	0	0	0	14
791.400	2	2	0	2	3	5	0	0	0	0	0	0	0	0	1	13	0	0	6	7	0	0	0	4
791.600	3	3	0	0	6	4	0	0	0	0	0	0	0	0	4	12	0	0	9	4	0	0	0	0
791.800	0	2	0	0	4	6	0	0	0	0	0	0	0	0	4	10	0	0	5	6	0	0	0	2
792.000	1	4	2	2	6	2	0	0	0	0	0	0	0	0	7	10	0	0	12	2	0	0	0	4
792.200	2	2	0	0	10	5	0	0	0	0	0	0	0	0	5	10	0	0	7	1	0	0	0	3
792.400	1	2	0	3	8	7	0	0	0	0	0	0	0	0	4	10	0	0	10	4	0	0	0	0
792.600	1	2	2	4	3	7	0	0	0	0	0	0	0	0	6	9	0	0	7	4	0	0	0	0
792.800	2	4	2	3	5	6	0	0	0	0	0	0	0	0	3	9	0	1	7	4	0	0	0	0
793.000	2	4	4	5	9	8	0	0	0	0	0	0	0	0	4	8	0	0	5	4	0	0	0	0
793.200	0	4	5	5	6	7	0	0	0	0	0	0	0	0	6	14	0	0	5	3	0	0	0	1
793.400	0	4	5	3	6	10	0	0	0	0	2	0	0	0	3	8	0	0	10	5	0	0	0	0
793.600	0	4	1	7	4	10	0	0	0	0	2	0	0	0	3	7	0	0	9	4	0	0	0	1
793.800	0	4	5	8	3	7	0	0	0	0	4	0	0	0	5	10	0	0	10	5	0	0	0	0
794.000	0	4	4	3	8	9	0	0	0	0	0	0	0	0	3	10	0	0	7	4	0	0	0	0
794.200	0	2	8	12	3	8	0	0	0	0	4	0	0	0	6	10	0	0	11	4	0	0	0	0
794.400	0	4	5	4	8	10	0	0	0	0	1	0	0	0	3	8	0	0	6	7	0	0	0	1
794.600	0	5	6	7	11	10	0	0	0	0	3	0	0	0	6	8	0	0	8	6	0	0	0	0
794.800	0	5	3	6	8	10	0	0	0	0	4	0	0	0	2	7	0	0	6	4	0	0	0	1
795.000	0	9	1	4	7	8	0	0	0	0	4	0	0	0	1	9	0	0	4	8	0	0	0	1
795.200	0	6	4	6	1	5	0	0	0	0	4	0	0	0	1	6	0	0	11	7	0	0	0	0
795.400	0	4	4	1	11	8	0	0	0	0	0	0	0	0	4	10	0	0	5	3	0	0	0	0
795.600	0	7	2	4	4	7	0	0	0	0	0	0	0	0	5	6	0	0	9	4	0	0	0	2
795.800	0	6	3	2	8	9	0	0	0	0	0	0	0	0	3	10	0	0	6	5	0	0	0	1
796.000	0	5	1	5	9	7	0	0	0	0	0	0	0	0	5	7	0	0	3	2	0	0	0	1
796.200	0	7	7	6	8	7	0	0	0	0	0	0	0	0	4	3	0	0	3	2	0	0	0	1
796.400	0	2	4	3	9	8	0	0	0	0	0	0	0	0	4	5	0	0	3	3	0	0	0	0
796.600	0	1	4	7	2	5	0	0	0	0	0	0	0	0	6	9	0	0	5	3	0	0	0	2
796.800	0	4	5	3	7	6	0	0	0	0	0	0	0	0	3	15	0	0	4	6	0	0	0	1
797.000	0	5	5	3	5	8	0	0	0	0	0	0	0	0	6	14	0	0	6	3	0	0	0	1
797.200	0	4	4	1	3	5	0	0	0	0	0	0	0	0	8	7	0	0	4	4	0	0	0	0
797.400	0	3	5	3	3	5	0	0	0	0	0	0	0	0	6	3	0	0	4	4	0	0	0	0
797.600	0	1	6	7	5	6	0	0	0	0	0	0	0	0	5	3	0	0	5	3	0	0	0	2
797.800	0	2	5	3	12	10	0	0	0	0	0	0	0	0	4	8	0	0	5	2	0	0	0	1
798.000	0	6	10	5	8	5	0	0	0	0	0	0	0	0	3	3	0	0	2	1	0	0	0	3
798.200	0	5	1	5	9	9	0	0	0	0	1	0	0	0	4	8	0	0	6	2	0	0	0	0
798.400	0	1	4	7	7	9	0	0	0	0	0	0	0	0	3	4	0	0	5	4	0	0	0	2
798.600	0	2	11	10	4	8	0	0	0	0	0	0	0	0	7	16	0	0	4	1	0	0	0	1
798.800	0	1	9	7	5	8	0	0	0	0	0	0	0	0	5	7	0	0	4	5	0	0	0	2
799.000	0	1	4	10	8	7	0	0	0	0	0	0	0	0	4	12	0	0	6	2	0	0	0	2
799.200	0	1	6	9	8	4	0	0	0	0	0	0	0	0	5	8	0	0	5	5	0	0	0	3
799.400	1	4	4	6	5	3	0	0	0	0	0	0	0	0	5	8	0	0	11	4	0	0	0	2
799.600	1	4	3	5	7	5	0	0	0	0	0	0	0	0	7	5	0	0	5	4	0	0	0	2
799.800	2	6	1	1	8	6	0	0	0	0	0	0	0	0	7	6	0	0	5	2	0	0	0	1
800.000	0	2	11	8	7	5	0	0	0	0	0	0	0	0	8	4	0	0	9	5	0	0	0	2
800.200	0	3	8	6	9	3	0	0	0	0	0	0	0	0	6	6	0	0	7	5	0	0	0	4
800.400	0	4	6	1	8	3	0	0	0	0	0	0	0	0	6	4	0	0	6	4	0	0	0	5
800.600	0	4	7	3	6	5	0	0	0	0	0	0	0	0	3	17	0	0	6	4	0	0	0	3
800.800	0	2	0	1	5	2	0	0	0	0	0	0	0	0	7	11	0	0	11	5	0	0	0	14
801.000	0	4	3	6	8	3	0	0	0	0	0	0	0	0	6	12	0	0	16	5	0	0	0	11
801.200	0	4	3	1	6	6	0	0	0	0	0	0	0	0	6	10	0	0	12	8	0	0	0	17
801.400	0	3	9	8	8	10	0	0	0	0	0	0	0	0	7	13	0	0	13	4	0	0	0	2
801.600	0	4	2	1	10	5	0	0	0	0	0	0	0	0	2	12	0	0	13	4	0	0	0	3
801.800	0	2	3	2	6	5	0	0	0	0	0	0	0	0	8	8	0	0	9	2	0	0	0	3
802.000	0	6	6	3	6	7	0	0	0	0	0	0	0	0	6	7	0	0	12	1	0	0	0	6
802.200	0	1	0	1	6	5	0	0	0	0	0	0	0	0	8	10	0	0	17	2	0	0	0	13
802.400	0	4	0	3	8	7	0	0	0	0	0	0	0	0	8	11	0	0	16	2	0	0	0	12
802.600	0	4	4	3	5	10	0	0	0	0	0	0	0	0	6	9	0	0	11	3	0	0	0	11
802.800	0	5	4	5	8	12	0	0	0	0	0	0	0	0	6	10	0	0	12	3	0	0	0	14
803.000	0	3	3	3	1	4	0	0	0	0	0	0	0	0	5	8	0	0	13	3	0	0	0	5
803.200	0	4	3	6	2	3	0	0	0	0	1	0	0	0	6	13	0	0	11	4	0	0	0	9
803.400	0	4	0	4	2	5	0	0	0	0	0	0	0	0	2	8	0	0	13	6	0	0	0	9
803.600	0	6	4	5	11	4	0	0	0	0	0	0	0	0	7	11	0	1	13	3	0	0	0	9
803.800	0	3	2	1	5	6	0	0	0	0	0	0	0	0	3	12	0	0	12	5	0	0	0	8
804.000	0	4	3	1	6	4	0	0	0	0	0	0	0	0	4	4	0	0	9	2	0	0	0	10
804.200	0	2	1	0	5	6	0	0	0	0	0	0	0	0	5	11	0	1	12	4	0	0	0	12
804.400	0	4	0	5	6	7	0	0	0	0	0	0	0	0	8	5	0	0	7	1	0	0	0	6
804.600	0	2	0	6	9	10	0	0	0	0	0	0	0	0	8	2	0	0	4	1	0	0	0	12
804.800	0	2	2	4	4	4	0	0	0	0	0	0	0	0	9	14	0	0	15	4	0	0	0	11
805.000	0	2	1	3	3	10	0	0	0	0	0	0	0	0	9	10	0	0	8	4	0	0	0	12
805.200	0	1	0	2	7	10	0	0	0	0	0	0	0	0	5	18	0	0	12	4	0	0	0	8
805.400	3	3	0	2	4	10	0	0	0	0	0	0	0	0	3	17	0	0	10	5	0	0	0	13
805.600	2	2	0	2	0	10	0	0	0	0	0	0	0	0	5	10	0	0	11	4	0	0	0	10
805.800	5	1	0	1	6	10	0	0	0	0	0	0	1	0	8	11	0	0	10	7	0	0	0	11
806.000	2	2	0	3	5	9	0	0	0	0	0	0	1	0	3	19	0	0	10	3	0	0	0	9
806.200	2	2	0	0	7	8	0	0	0	0	0	0	2	0	8	10	0	0	13	5	0	0	0	10
806.400	2	0	0	1	4	10	0	0	0	0	0	0	0	0	3	10	0	0	12	4	0	0	0	13
806.600	2	2	0	1	5	11	0	0	0	0	0	0	1	0	8	16	0	0	10	4	0	0	0	10
806.800	4	2	0	0	8	12	0	0	0	0	0	0	0	0	4	5	0	0	16	3	0	0	0	6
807.000	4	4	0	0	10	9	0	0	0	0	0	0	0	0	2	6	0	0	16	4	0	0	0	9
807.200	4	3	0	0	5	11	0	0	0	0	0	0	0	0	4	13	0	0	15	3	0	0	0	9
807.400	4	3	0	0	4	10	0	0	0	0	0	0	0	0	10	6	0	0	11	4	0	0	0	9
807.600	9	2	0	0	3	7	0	0	0	0	0	0	0	0	8	8	0	0	10	1	0	0	0	15
807.800	6	2	0	0	3	10	0	0	0	0	0	0	0	0	5	15	0	0	10	4	0	0	0	11
808.000	2	2	0	2	8	8	0	0	0	0	0	0	0	0	5	6	0	0	13	2	0	0	0	10
808.200	3	3	0	0	5	5	0	0	0	0	0	0	0	0	7	4	0	0	15	4	0	0	0	10
808.400	2	4	0	6	6	8	0	0	0	0	0	0	0	0	2	8	0	0	16	1	0	0	0	14
808.600	3	5	2	3	6	13	0	0	0	0	0	0	0	0	3	11	0	0	6	4	0	0	0	9
808.800	1	4	0	3	4	10	0	0	0	0	0	0	0	0	4	5	0	0	12	2	0	0	0	10
809.000	1	2	1	6	5	10	0	0	0	0	1	0	0	0	5	3	0	0	16	5	0	0	0	9
809.200	0	3	0	6	4	12	0	0	0	0	0	0	0	0	7	9	0	0	11	3	0	0	0	13
809.400	1	2	0	6	4	12	0	0	0	0	3	0	0	0	8	11	0	0	13	3	0	0	0	5
809.600	3	3	1	5	5	9	0	0	0	0	0	0	0	0	4	15	0	1	11	4	0	0	0	6
809.800	0	1	4	8	5	10	0	0	0	0	0	0	0	0	3	3	0	0	10	3	0	0	0	13
810.000	0	0	0	4	5	12	0	0	0	0	0	0	0	0	4	15	0	0	11	3	0	0	0	7
810.200	0	0	0	6	5	8	0	0	0	0	0	0	0	0	5	9	0	0	8	2	0	0	0	8
810.400	0	2	0	2	4	8	0	0	0	0	0	0	0	0	6	6	0	0	19	5	0	0	0	0
810.600	1	0	0	2	4	13	0	0	0	0	0	0	0	0	5	10	0	0	13	5	0	0	0	1
810.800	2	0	0	2	5	10	0	0	0	0	0	0	1	0	3	10	0	0	6	4	0	0	0	0
811.000	0	0	0	3	5	12	0	0	0	0	0	0	1	0	7	9	0	0	13	5	0	0	0	0
811.200	2	0	0	1	10	15	0	0	0	0	0	0	0	0	4	6	0	0	7	1	0	0	0	0
811.400	2	1	0	2	6	12	0	0	0	0	0	0	0	0	2	7	0	0	13	2	0	0	0	7
811.600	2	3	0	4	5	10	0	0	0	0	0	0	0	0	3	8	0	0	15	2	0	0	0	8
811.800	3	1	0	4	6	11	0	0	0	0	0	0	0	0	4	9	0	0	16	1	0	0	0	6
812.000	6	1	0	1	6	11	0	0	0	0	0	0	0	0	3	14	0	0	15	6	0	0	0	9
812.200	5	3	0	4	3	5	0	0	0	0	0	0	1	0	1	12	0	0	10	1	0	0	0	8
812.400	4	4	2	4	6	8	0	0	0	0	0	0	0	0	8	7	0	0	13	2	0	0	0	7
812.600	7	3	0	1	9	10	0	0	0	0	0	0	0	0	1	8	0	0	16	4	0	0	0	8
812.800	4	2	0	2	7	13	0	0	0	0	0	0	0	0	6	9	0	0	11	2	0	0	0	5
813.000	5	4	0	1	8	11	0	0	0	0	0	0	0	0	5	10	0	0	8	3	0	0	0	5
813.200	4	4	0	2	10	11	0	0	0	0	0	0	0	0	8	4	0	0	12	3	0	0	0	6
813.400	3	5	2	3	6	9	0	0	0	0	0	0	0	0	5	9	0	0	16	3	0	0	0	4
813.600	4	9	0	0	7	10	0	0	0	0	0	0	0	0	7	3	0	0	9	1	0	0	0	12
813.800	4	6	0	0	7	9	0	0	0	0	0	0	0	0	9	12	0	0	8	1	0	0	0	6
814.000	4	9	0	1	8	9	0	0	0	0	0	0	0	0	9	7	0	0	11	2	0	0	0	8
814.200	4	9	0	2	6	6	0	0	0	0	0	0	0	0	8	7	0	0	5	2	0	0	0	2
814.400	5	9	0	0	4	10	0	0	0	0	0	0	0	0	6	5	0	1	11	1	0	0	0	0
814.600	3	5	0	2	8	6	0	0	0	0	0	0	0	0	7	7	0	0	10	4	0	0	0	2
814.800	3	7	0	2	2	8	0	0	0	0	0	0	0	0	2	8	0	0	11	3	0	0	0	2
815.000	3	7	0	3	5	7	0	0	0	0	0	0	0	0	3	9	0	0	8	3	0	0	0	0
815.200	3	4	0	1	8	12	0	0	0	0	0	0	0	0	3	8	0	0	11	3	0	0	0	1
815.400	4	10	0	2	5	15	0	0	0	0	0	0	0	0	4	4	0	0	10	2	0	0	0	9
815.600	5	10	0	3	4	11	0	0	0	0	0	0	0	0	10	5	0	0	13	3	0	0	0	7
815.800	3	7	0	2	7	12	0	0	0	0	0	0	0	0	5	5	0	0	17	3	0	0	0	6
816.000	3	13	1	6	7	13	0	0	0	0	3	0	0	0	1	2	0	0	12	3	0	0	0	8
816.200	3	8	3	5	7	13	0	0	0	0	1	0	0	0	1	14	0	0	13	3	0	0	0	9
816.400	3	11	0	6	8	11	0	0	0	0	0	0	0	0	6	5	0	0	16	3	0	0	0	7
816.600	3	6	0	3	5	7	0	0	0	0	0	0	0	0	2	6	0	0	8	6	0	0	0	8
816.800	3	8	0	2	4	11	0	0	0	0	1	0	0	0	0	11	0	0	11	5	0	0	0	10
817.000	5	6	0	3	4	9	0	0	0	0	0	0	0	0	8	10	0	0	13	3	0	0	0	10
817.200	4	4	0	1	9	9	0	0	0	0	0	0	0	0	6	6	0	0	12	4	0	0	0	2
817.400	3	6	0	0	5	5	0	0	0	0	0	0	0	0	5	4	0	0	13	2	0	0	0	8
817.600	3	3	0	2	6	9	0	0	0	0	0	0	0	0	5	6	0	0	12	1	0	0	0	0
817.800	3	4	0	0	5	10	0	0	0	0	0	0	0	0	2	7	0	0	14	3	0	0	0	2
818.000	3	4	4	1	9	12	0	0	0	0	0	0	0	0	0	18	0	0	8	3	0	0	0	8
818.200	3	10	3	2	9	10	0	0	0	0	0	0	0	0	1	14	0	0	12	1	0	0	0	9
818.400	3	7	0	2	9	8	0	0	0	0	0	0	0	0	3	17	0	0	12	4	0	0	0	8
818.600	4	10	0	2	11	9	0	0	0	0	0	0	0	0	1	18	0	0	13	4	0	0	0	8
818.800	4	5	2	1	8	6	0	0	0	0	0	0	0	0	2	5	0	0	16	6	0	0	0	9
819.000	4	5	0	1	5	5	0	0	0	0	0	0	0	0	3	15	0	0	16	5	0	0	0	7
819.200	7	12	1	1	9	8	0	0	0	0	0	0	0	0	0	7	0	0	15	5	0	0	0	3
819.400	4	11	0	1	6	6	0	0	0	0	0	0	0	0	1	13	0	0	16	4	0	0	0	3
819.600	4	9	0	0	9	10	0	0	0	0	0	0	0	0	0	5	0	0	15	2	0	0	0	0
819.800	3	10	3	2	7	7	0	0	0	0	0	0	0	0	2	3	0	0	15	4	0	0	0	0
820.000	3	9	4	3	9	10	0	0	0	0	0	0	0	0	1	8	0	0	16	5	0	0	0	2
820.200	3	11	0	1	7	5	0	0	0	0	0	0	0	0	1	15	0	0	16	1	0	0	0	6
820.400	5	13	0	2	11	8	0	0	0	0	0	0	0	0	1	8	0	0	17	6	0	0	0	8
820.600	5	9	0	0	7	8	0	0	0	0	0	0	0	0	1	9	0	0	17	4	0	0	0	3
820.800	3	11	0	2	10	4	0	0	0	0	0	0	0	0	0	10	0	0	12	2	0	0	0	6
821.000	4	9	0	0	4	5	0	0	0	0	0	0	0	0	1	9	0	0	16	6	0	0	0	10
821.200	3	5	0	2	8	3	0	0	0	0	0	0	0	0	3	10	0	0	11	4	0	0	0	7
821.400	2	11	0	1	7	6	0	0	0	0	0	0	1	0	0	12	0	0	9	4	0	0	0	6
821.600	5	10	4	1	6	11	0	0	0	0	0	0	0	0	0	13	0	0	12	7	0	0	0	7
821.800	3	5	0	4	5	7	0	0	0	0	0	0	0	0	2	13	0	0	17	5	0	0	0	7
822.000	3	6	0	5	6	4	0	0	0	0	0	0	0	0	2	16	0	0	14	7	0	0	0	11
822.200	0	2	3	5	5	9	0	0	0	0	0	0	0	0	2	7	0	0	15	5	0	0	0	2
822.400	0	2	0	6	8	5	0	0	0	0	0	0	0	0	5	8	0	0	16	8	0	0	0	8
822.600	0	2	0	2	6	13	0	0	0	0	0	0	0	0	4	10	0	0	15	4	0	0	0	3
822.800	0	1	3	4	6	4	0	0	0	0	0	0	0	0	5	9	0	0	10	1	0	0	0	6
823.000	0	4	0	2	5	5	0	0	0	0	0	0	0	0	4	7	0	0	11	5	0	0	0	9
823.200	0	6	1	2	3	3	0	0	0	0	0	0	1	0	4	7	0	0	9	7	0	0	0	9
823.400	0	6	2	2	4	4	0	0	0	0	0	0	0	0	2	12	0	0	17	3	0	0	0	4
823.600	0	6	1	2	8	2	0	0	0	0	0	0	0	0	7	4	0	0	16	6	0	0	0	3
823.800	0	6	3	5	10	6	0	0	0	0	0	0	0	0	1	6	0	0	12	4	0	0	0	5
824.000	0	8	1	0	7	13	0	0	0	0	0	0	0	0	1	10	0	0	12	6	0	0	0	5
824.200	0	7	2	1	7	6	0	0	0	0	0	0	0	0	1	9	0	0	15	8	0	0	0	5
824.400	0	5	0	3	4	9	0	0	0	0	0	0	0	0	1	7	0	0	8	8	0	0	0	3
824.600	0	9	2	5	5	7	0	0	0	0	0	0	0	0	2	8	0	0	12	7	0	0	0	2
824.800	0	3	0	5	4	5	0	0	0	0	0	0	0	0	7	6	0	0	12	8	0	0	0	4
825.000	0	5	0	5	5	5	0	0	0	0	0	0	0	0	8	5	0	2	13	4	0	0	0	3
825.200	0	5	3	5	10	6	0	0	0	0	0	0	0	0	0	5	0	0	11	4	0	0	0	5
825.400	0	2	0	5	8	7	0	0	0	0	0	0	0	0	0	10	0	0	11	3	0	0	0	3
825.600	0	5	3	1	12	10	0	0	0	0	0	0	0	0	0	10	0	0	15	4	0	0	0	5
825.800	0	5	0	2	10	6	0	0	0	0	0	0	0	0	0	12	0	0	12	4	0	0	0	4
826.000	0	5	0	6	10	6	0	0	0	0	0	0	0	0	0	8	0	0	15	4	0	0	0	5
826.200	0	5	0	0	9	10	0	0	0	0	0	0	0	0	0	9	0	0	6	3	0	0	0	2
826.400	0	2	0	2	12	7	0	0	0	0	0	0	0	0	0	8	0	0	13	1	0	0	0	7
826.600	0	3	0	4	4	4	0	0	0	0	0	0	0	0	1	6	0	0	14	3	0	0	0	3
826.800	0	5	0	3	10	7	0	0	0	0	0	0	0	0	2	13	0	0	16	4	0	0	0	4
827.000	0	7	2	5	5	5	0	0	0	0	0	0	0	0	0	7	0	0	10	4	0	0	0	3
827.200	0	4	0	3	6	9	0	0	0	0	0	0	0	0	1	14	0	1	18	6	0	0	0	4
827.400	0	2	1	2	6	2	0	0	0	0	0	0	0	0	1	13	0	0	15	3	0	0	0	6
827.600	0	5	0	1	8	3	0	0	0	0	0	0	0	0	0	11	0	0	12	2	0	0	0	5
827.800	0	9	0	2	12	6	0	0	0	0	0	0	0	0	0	6	0	0	10	1	0	0	0	1
828.000	3	14	0	3	5	3	0	0	0	0	0	0	0	0	0	8	0	0	12	4	0	0	0	0
828.200	2	9	0	3	2	2	0	0	0	0	0	0	0	0	0	6	0	0	12	4	0	0	0	0
828.400	2	6	0	2	4	4	0	0	0	0	0	0	0	0	1	9	0	0	13	5	0	0	0	1
828.600	2	4	3	1	6	9	0	0	0	0	0	0	0	0	0	8	0	0	12	9	0	0	0	0
828.800	0	8	3	2	7	7	0	0	0	0	0	0	1	0	0	11	0	0	12	4	0	0	0	0
829.000	0	3	0	0	3	7	0	0	0	0	0	0	0	0	1	12	0	0	9	3	0	0	0	0
829.200	0	4	3	1	6	4	0	0	0	0	0	0	0	0	5	13	0	0	12	2	0	0	0	1
829.400	0	3	1	1	2	2	0	0	0	0	0	0	0	0	1	13	0	0	16	2	0	0	0	2
829.600	0	2	1	1	4	3	0	0	0	0	0	0	0	0	0	9	0	0	13	1	0	0	0	2
829.800	0	4	3	6	3	6	0	0	0	0	0	0	0	0	5	7	0	0	13	7	0	0	0	0
830.000	0	6	2	0	5	6	0	0	0	0	0	0	0	0	5	7	0	0	11	3	0	0	0	0
830.200	0	1	2	2	4	13	0	0	0	0	0	0	0	0	1	6	0	0	12	4	0	0	0	1
830.400	0	1	3	5	5	14	0	0	0	0	0	0	0	0	7	10	0	0	13	6	0	0	0	2
830.600	0	2	2	4	6	11	0	0	0	0	0	0	0	0	2	9	0	0	10	5	0	0	0	1
830.800	0	1	0	2	5	6	0	0	0	0	0	0	0	0	2	10	0	0	11	7	0	0	0	3
831.000	0	2	0	0	2	6	0	0	0	0	0	0	0	0	7	6	0	0	16	5	0	0	0	2
831.200	0	1	0	2	4	4	0	0	0	0	0	0	0	0	4	7	0	0	11	5	0	0	0	5
831.400	0	3	3	5	2	5	0	0	0	0	0	0	0	0	2	7	0	0	12	6	0	0	0	2
831.600	0	4	0	0	7	8	0	0	0	0	0	0	0	0	4	6	0	0	13	3	0	0	0	2
831.800	8	8	0	0	11	5	0	0	0	0	0	0	0	0	3	5	0	0	8	4	0	0	0	5
832.000	5	8	0	1	9	6	0	0	0	0	0	0	0	0	6	10	0	0	10	4	0	0	0	2
832.200	3	11	1	3	7	7	0	0	0	0	0	0	0	0	2	19	0	0	13	8	0	0	0	1
832.400	2	10	3	2	7	6	0	0	0	0	0	0	0	0	4	5	0	0	9	4	0	0	0	0
832.600	5	9	0	3	7	9	0	0	0	0	0	0	0	0	3	14	0	0	10	7	0	0	0	3
832.800	0	4	0	4	7	10	0	0	0	0	0	0	0	0	8	16	0	0	11	6	0	0	0	2
833.000	0	2	3	5	7	10	0	0	0	0	0	0	0	0	5	2	0	0	10	6	0	0	0	0
833.200	0	3	0	4	6	6	0	0	0	0	0	0	0	0	2	9	0	0	12	6	0	0	0	0
833.400	0	6	3	4	5	9	0	0	0	0	0	0	0	0	5	8	0	0	10	2	0	0	0	2
833.600	0	4	0	5	7	12	0	0	0	0	0	0	0	0	6	14	0	0	10	2	0	0	0	1
833.800	0	6	1	0	6	11	0	0	0	0	0	0	0	0	2	14	0	0	11	6	0	0	0	2
834.000	0	4	3	2	8	8	0	0	0	0	0	0	0	0	4	9	0	0	9	8	0	0	0	1
834.200	0	2	1	5	7	7	0	0	0	0	0	0	0	0	3	5	0	0	9	4	0	0	0	2
834.400	0	5	3	6	10	7	0	0	0	0	0	0	0	0	1	8	0	0	13	5	0	0	0	4
834.600	0	9	3	4	6	9	0	0	0	0	0	0	0	0	2	4	0	0	7	4	0	0	0	0
834.800	0	4	4	5	8	6	0	0	0	0	0	0	0	0	7	11	0	0	9	6	0	0	0	2
835.000	0	4	3	2	6	9	0	0	0	0	0	0	0	0	4	10	0	0	14	7	0	0	0	3
835.200	0	4	3	4	8	5	0	0	0	0	0	0	0	0	4	12	0	0	8	7	0	0	0	5
835.400	0	4	0	0	7	11	0	0	0	0	0	0	0	0	9	8	0	0	10	6	0	0	0	7
835.600	0	2	5	2	5	10	0	0	0	0	0	0	0	0	6	11	0	0	12	6	0	0	0	8
835.800	0	4	4	5	6	10	0	0	0	0	0	0	0	0	10	11	0	0	12	6	0	0	0	6
836.000	0	4	1	4	5	9	0	0	0	0	0	0	0	0	5	5	0	0	15	5	0	0	0	3
836.200	0	4	2	5	5	9	0	0	0	0	0	0	0	0	5	14	0	0	12	3	0	0	0	4
836.400	0	4	7	9	9	5	0	0	0	0	0	0	0	0	5	6	0	0	10	5	0	0	0	2
836.600	0	4	3	1	5	5	0	0	0	0	0	0	0	0	6	10	0	0	12	2	0	0	0	0
836.800	0	3	5	7	7	3	0	0	0	0	0	0	0	0	6	9	0	0	11	3	0	0	0	1
837.000	0	2	7	5	10	7	0	0	0	0	0	0	0	0	3	9	0	0	11	2	0	0	0	0
837.200	0	4	5	5	6	7	0	0	0	0	0	0	0	0	6	3	0	0	12	4	0	0	0	0
837.400	0	1	0	1	5	5	0	0	0	0	0	0	0	0	7	6	0	0	12	1	0	0	0	1
837.600	0	0	4	5	7	10	0	0	0	0	0	0	0	0	7	5	0	0	13	4	0	0	0	0
837.800	0	1	4	5	10	10	0	0	0	0	0	0	0	0	5	5	0	0	17	5	0	0	0	0
838.000	0	4	4	4	6	8	0	0	0	0	0	0	0	0	4	12	0	0	13	2	0	0	0	0
838.200	0	4	5	2	5	8	0	0	0	0	0	0	0	0	5	9	0	0	15	6	0	0	0	0
838.400	0	2	2	5	8	10	0	0	0	0	0	0	0	0	5	6	0	0	11	7	0	0	0	0
838.600	0	1	0	2	7	8	0	0	0	0	0	0	0	0	5	4	0	0	15	5	0	0	0	0
838.800	0	3	3	3	9	11	0	0	0	0	0	0	0	0	4	4	0	0	14	5	0	0	0	1
839.000	0	1	0	3	8	10	0	0	0	0	0	0	0	0	3	10	0	0	12	6	0	0	0	0
839.200	0	4	4	5	8	9	0	0	0	0	0	0	0	0	5	8	0	0	9	5	0	0	0	0
839.400	0	3	4	5	5	8	0	0	0	0	0	0	0	0	12	8	0	0	10	8	0	0	0	0
839.600	0	0	0	6	10	6	0	0	0	0	0	0	0	0	9	14	0	0	7	6	0	0	0	0
839.800	0	1	3	5	2	6	0	0	0	0	0	0	0	0	9	7	0	0	12	6	0	0	0	0
840.000	0	0	5	7	8	3	0	0	0	0	0	0	0	0	5	8	0	0	14	8	0	0	0	0
840.200	0	4	4	7	6	3	0	0	0	0	0	0	0	0	6	5	0	0	11	6	0	0	0	0
840.400	0	0	0	7	3	7	0	0	0	0	0	0	0	0	10	7	0	0	12	4	0	0	0	0
840.600	0	3	3	2	8	10	0	0	0	0	0	0	0	0	6	7	0	0	16	7	0	0	0	0
840.800	0	4	4	1	7	4	0	0	0	0	0	0	0	0	2	10	0	0	13	8	0	0	0	0
841.000	0	4	0	3	4	4	0	0	0	0	0	0	0	0	4	11	0	0	9	6	0	0	0	0
841.200	0	4	4	7	3	4	0	0	0	0	0	0	0	0	4	8	0	0	11	6	0	0	0	0
841.400	0	6	3	6	4	8	0	0	0	0	0	0	0	0	4	9	0	0	10	6	0	0	0	0
841.600	0	4	6	4	7	9	0	0	0	0	0	0	0	0	11	4	0	0	10	6	0	0	0	0
841.800	0	6	4	4	5	9	0	0	0	0	0	0	0	0	6	10	0	0	10	4	0	0	0	0
842.000	0	6	3	1	7	10	0	0	0	0	0	0	0	0	5	9	0	0	11	5	0	0	0	0
842.200	0	4	1	1	7	7	0	0	0	0	0	0	0	0	7	6	0	0	10	6	0	0	0	0
842.400	0	4	2	3	9	3	0	0	0	0	0	0	0	0	4	6	0	0	10	7	0	0	0	0
842.600	0	4	3	5	6	10	0	0	0	0	0	0	0	0	5	16	0	0	13	6	0	0	0	0
842.800	0	7	4	1	4	10	0	0	0	0	0	0	0	0	8	6	0	0	9	4	0	0	0	0
843.000	0	4	4	2	7	11	0	0	0	0	0	0	0	0	7	10	0	0	12	5	0	0	0	0
843.200	0	4	4	3	6	5	0	0	0	0	0	0	0	0	5	11	0	0	12	4	0	0	0	0
843.400	0	4	2	3	0	4	0	0	0	0	0	0	0	0	6	10	0	0	13	7	0	0	0	1
843.600	0	4	7	3	3	9	0	0	0	0	0	0	0	0	7	16	0	0	9	4	0	0	0	0
843.800	0	4	2	1	7	10	0	0	0	0	0	0	0	0	2	14	0	0	8	5	0	0	0	0
844.000	0	2	2	4	5	11	0	0	0	0	0	0	0	0	7	11	0	0	14	6	0	0	0	0
844.200	0	5	2	6	3	6	0	0	0	0	0	0	0	0	3	21	0	0	12	5	0	0	0	0
844.400	0	5	0	5	11	6	0	0	0	0	0	0	0	0	3	19	0	0	11	5	0	0	0	0
844.600	0	4	0	2	4	11	0	0	0	0	0	0	0	0	5	17	0	0	15	8	0	0	0	1
844.800	0	5	4	4	5	8	0	0	0	0	0	0	0	0	5	9	0	0	13	6	0	0	0	0
845.000	0	4	0	0	7	8	0	0	0	0	0	0	0	0	3	11	0	0	13	6	0	0	0	0
845.200	0	6	0	1	4	4	0	0	0	0	0	0	0	0	5	12	0	0	14	6	0	0	0	0
845.400	0	4	1	1	8	11	0	0	0	0	0	0	0	0	8	11	0	0	13	5	0	0	0	0
845.600	0	4	1	0	7	4	0	0	0	0	0	0	0	0	11	9	0	0	13	4	0	0	0	1
845.800	0	4	1	0	7	9	0	0	0	0	0	0	0	0	6	12	0	0	13	2	0	0	0	0
846.000	0	10	1	0	5	3	0	0	0	0	0	0	0	0	9	8	0	0	12	3	0	0	0	0
846.200	3	6	2	4	6	11	0	0	0	0	0	0	0	0	5	8	0	1	15	2	0	0	0	0
846.400	2	6	0	0	8	12	0	0	0	0	0	0	0	0	8	8	0	0	12	3	0	0	0	0
846.600	0	4	2	2	8	10	0	0	0	0	0	0	0	0	6	10	0	0	10	1	0	0	0	0
846.800	0	5	2	3	4	6	0	0	0	0	0	0	0	0	5	19	0	0	10	6	0	0	0	0
847.000	0	9	2	3	6	8	0	0	0	0	0	0	0	0	3	17	0	0	12	5	0	0	0	0
847.200	0	4	0	3	6	8	0	0	0	0	0	0	0	0	7	21	0	0	13	4	0	0	0	0
847.400	0	4	3	5	8	4	0	0	0	0	0	0	0	0	4	23	0	0	9	6	0	0	0	0
847.600	0	6	5	5	7	8	0	0	0	0	0	0	0	0	6	20	0	0	16	4	0	0	0	0
847.800	0	5	3	6	6	9	0	0	0	0	0	0	0	0	6	13	0	0	20	7	0	0	0	0
848.000	0	5	5	5	3	10	0	0	0	0	0	0	0	0	8	15	0	0	15	5	0	0	0	0
848.200	0	5	3	1	5	8	0	0	0	0	0	0	0	0	2	22	0	0	17	4	0	0	0	0
848.400	0	4	3	2	2	7	0	0	0	0	0	0	0	0	4	19	0	0	14	3	0	0	0	0
848.600	0	6	3	2	9	5	0	0	0	0	0	0	0	0	1	13	0	0	13	5	0	0	0	0
848.800	0	7	3	2	4	4	0	0	0	0	0	0	0	0	1	17	0	0	15	5	0	0	0	0
849.000	0	4	0	2	5	5	0	0	0	0	0	0	0	0	2	21	0	0	13	5	0	0	0	2
849.200	0	9	4	6	3	5	0	0	0	0	0	0	0	0	0	9	0	0	12	4	0	0	0	0
849.400	0	8	4	6	1	6	0	0	0	0	0	0	0	0	1	9	0	0	12	4	0	0	0	0
849.600	0	10	5	3	5	5	0	0	0	0	0	0	0	0	0	7	0	0	14	5	0	0	0	0
849.800	0	4	4	5	4	5	0	0	0	0	0	0	0	0	0	16	0	0	13	3	0	0	0	0
850.000	0	5	4	2	7	9	0	0	0	0	0	0	0	0	1	16	0	0	13	5	0	0	0	0
850.200	0	4	4	4	5	6	0	0	0	0	0	0	0	0	0	20	0	0	11	3	0	0	0	0
850.400	0	1	3	5	4	6	0	0	0	0	0	0	0	0	1	12	0	0	12	4	0	0	0	0
850.600	0	4	4	1	5	9	0	0	0	0	0	0	0	0	1	16	0	0	11	4	0	0	0	0
850.800	0	4	4	4	8	11	0	0	0	0	0	0	0	0	1	12	0	0	17	5	0	0	0	8
851.000	2	4	0	2	6	9	0	0	0	0	0	0	0	0	7	6	0	0	12	4	0	0	0	2
851.200	0	2	0	4	7	10	0	0	0	0	0	0	0	0	5	10	0	0	11	5	0	0	0	7
851.400	0	4	2	6	3	6	0	0	0	0	0	0	0	0	0	8	0	0	5	3	0	0	0	10
851.600	0	2	4	5	5	10	0	0	0	0	0	0	0	0	0	14	0	0	11	2	0	0	0	4
851.800	0	5	4	4	5	3	0	0	0	0	0	0	0	0	0	7	0	0	12	3	0	0	0	11
852.000	0	4	4	5	6	7	0	0	0	0	0	0	0	0	1	10	0	0	10	3	0	0	0	12
852.200	0	4	3	6	5	8	0	0	0	0	0	0	0	0	0	6	0	0	14	4	0	0	0	8
852.400	0	2	3	6	3	8	0	0	0	0	0	0	0	0	1	6	0	0	16	3	0	0	0	12
852.600	0	0	5	6	2	9	0	0	0	0	0	0	0	0	1	10	0	0	11	3	0	0	0	11
852.800	0	0	0	6	3	6	0	0	0	0	0	0	0	0	7	8	0	0	17	5	0	0	0	14
853.000	0	1	7	8	6	11	0	0	0	0	0	0	0	0	1	13	0	0	12	4	0	0	0	10
853.200	0	2	4	5	6	10	0	0	0	0	0	0	0	0	4	4	0	0	14	7	0	0	0	13
853.400	0	4	2	3	5	8	0	0	0	0	0	0	0	0	5	8	0	0	11	1	0	0	0	10
853.600	0	4	1	5	7	5	0	0	0	0	0	0	0	0	3	13	0	0	16	5	0	0	0	8
853.800	0	4	1	4	7	9	0	0	0	0	0	0	0	0	4	6	0	1	15	6	0	0	0	5
854.000	0	4	2	1	6	9	0	0	0	0	0	0	0	0	7	10	0	0	14	8	0	0	0	12
854.200	0	5	0	4	5	7	0	0	0	0	0	0	0	0	5	11	0	0	9	5	0	0	0	12
854.400	0	3	0	4	6	9	0	0	0	0	0	0	0	0	5	10	0	0	13	4	0	0	0	13
854.600	0	4	3	6	5	8	0	0	0	0	0	0	0	0	2	3	0	0	19	4	0	0	0	11
854.800	0	5	4	2	4	7	0	0	0	0	0	0	0	0	2	6	0	0	15	6	0	0	0	15
855.000	0	9	4	2	7	7	0	0	0	0	0	0	0	0	8	7	0	0	16	5	0	0	0	12
855.200	0	5	4	7	2	2	0	0	0	0	0	0	0	0	0	9	0	0	9	5	0	0	0	10
855.400	0	6	4	3	4	8	0	0	0	0	0	0	0	0	6	7	0	0	12	8	0	0	0	2
855.600	0	4	2	6	7	5	0	0	0	0	0	0	0	0	2	15	0	0	12	4	0	0	0	10
855.800	0	5	5	3	4	8	0	0	0	0	0	0	0	0	2	7	0	1	14	5	0	0	0	8
856.000	0	4	5	6	5	7	0	0	0	0	0	0	0	0	3	5	0	0	12	3	0	0	0	12
856.200	0	5	5	8	2	9	0	0	0	0	0	0	0	0	3	7	0	0	12	3	0	0	0	11
856.400	0	4	4	6	2	5	0	0	0	0	0	0	0	0	6	6	0	0	15	3	0	0	0	7
856.600	0	4	4	3	5	2	0	0	0	0	0	0	0	0	3	4	0	1	16	5	0	0	0	9
856.800	0	5	3	5	6	1	0	0	0	0	0	0	0	0	6	10	0	0	15	4	0	0	0	5
857.000	0	3	1	1	5	3	0	0	0	0	0	0	0	0	3	12	0	0	12	5	0	0	0	12
857.200	0	2	4	6	4	2	0	0	0	0	0	0	0	0	5	4	0	0	12	5	0	0	0	13
857.400	0	3	5	7	5	5	0	0	0	0	0	0	0	0	5	8	0	0	15	4	0	0	0	7
857.600	0	4	3	6	3	8	0	0	0	0	0	0	0	0	6	10	0	1	12	4	0	0	0	11
857.800	0	4	5	3	7	2	0	0	0	0	0	0	0	0	4	12	0	0	10	4	0	0	0	10
858.000	0	4	3	5	3	9	0	0	0	0	0	0	0	0	3	11	0	0	10	4	0	0	0	13
858.200	0	6	0	4	5	10	0	0	0	0	0	0	0	0	3	5	0	0	16	4	0	0	0	11
858.400	0	4	3	10	12	6	0	0	0	0	0	0	0	0	7	11	0	1	12	4	0	0	0	9
858.600	0	5	1	2	6	10	0	0	0	0	0	0	0	0	2	19	0	0	11	4	0	0	0	7
858.800	0	5	2	6	4	10	0	0	0	0	0	0	0	0	7	16	0	0	11	6	0	0	0	8
859.000	0	2	0	0	7	10	0	0	0	0	0	0	0	0	2	18	0	0	10	7	0	0	0	6
859.200	0	1	0	6	5	10	0	0	0	0	0	0	0	0	7	9	0	0	13	1	0	0	0	5
859.400	0	6	5	7	4	5	0	0	0	0	0	0	0	0	2	13	0	0	10	6	0	0	0	1
859.600	0	5	5	8	5	7	0	0	0	0	0	0	0	0	5	14	0	0	11	3	0	0	0	5
859.800	0	4	3	5	4	8	0	0	0	0	0	0	0	0	7	8	0	0	13	4	0	0	0	5
860.000	0	4	0	3	4	8	0	0	0	0	0	0	0	0	9	15	0	0	6	6	0	0	0	6
860.200	0	9	3	2	4	10	0	0	0	0	0	0	0	0	10	10	0	0	10	5	0	0	0	6
860.400	0	4	4	3	4	9	0	0	0	0	0	0	0	0	7	13	0	0	8	2	0	0	0	2
860.600	0	5	3	7	1	5	0	0	0	0	0	0	0	0	6	8	0	0	7	3	0	0	0	10
860.800	0	5	0	3	6	9	0	0	0	0	0	0	0	0	6	17	0	0	13	8	0	0	0	9
861.000	0	7	2	2	6	5	0	0	0	0	0	0	0	0	2	15	0	0	10	7	0	0	0	11
861.200	0	7	6	3	2	1	0	0	0	0	0	0	0	0	5	16	0	1	11	7	0	0	0	7
861.400	0	4	5	4	5	9	0	0	0	0	0	0	0	0	3	8	0	0	4	2	0	0	0	9
861.600	0	3	0	5	4	8	0	0	0	0	0	0	0	0	6	9	0	0	8	8	0	0	0	9
861.800	0	2	3	7	6	9	0	0	0	0	0	0	0	0	3	13	0	0	17	6	0	0	0	12
862.000	0	2	5	8	4	4	0	0	0	0	1	0	0	0	9	11	0	0	9	8	0	0	0	12
862.200	0	3	10	6	5	5	0	0	0	0	1	0	0	0	1	13	0	0	14	8	0	0	0	9
862.400	0	4	5	9	2	3	0	0	0	0	0	0	0	0	6	14	0	0	11	3	0	0	0	11
862.600	0	2	6	7	2	7	0	0	0	0	0	0	0	0	8	8	0	0	14	5	0	0	0	3
862.800	0	4	5	6	2	6	0	0	0	0	1	0	0	0	4	19	0	0	13	4	0	0	0	5
863.000	0	5	5	3	11	6	0	0	0	0	1	0	0	0	3	15	0	0	19	6	0	0	0	10
863.200	0	4	4	8	11	8	0	0	0	0	1	0	0	0	4	23	0	0	15	5	0	0	0	8
863.400	1	4	4	7	7	4	0	0	0	0	0	0	0	0	3	17	0	0	17	5	0	0	0	2
863.600	0	4	3	6	0	1	0	0	0	0	0	0	0	0	1	23	0	0	12	5	0	0	0	8
863.800	0	6	4	3	3	7	0	0	0	0	1	0	0	0	3	13	0	0	11	4	0	0	0	8
864.000	0	4	3	3	5	8	0	0	0	0	1	0	0	0	5	4	0	0	13	1	0	0	0	12
864.200	0	4	2	3	10	10	0	0	0	0	3	0	0	0	6	13	0	0	11	4	0	0	0	8
864.400	0	4	1	5	5	12	0	0	0	0	0	0	0	0	5	11	0	1	12	5	0	0	0	4
864.600	0	4	0	5	4	7	0	0	0	0	0	0	0	0	9	9	0	0	16	4	0	0	0	14
864.800	0	4	4	4	7	10	0	0	0	0	0	0	0	0	1	12	0	1	17	4	0	0	0	11
865.000	0	5	4	2	7	9	0	0	0	0	0	0	0	0	4	21	0	0	12	4	0	0	0	9
865.200	0	4	5	5	6	14	0	0	0	0	0	0	0	0	3	18	0	0	14	3	0	0	0	7
865.400	0	4	4	8	5	12	0	0	0	0	0	0	0	0	4	11	0	0	14	4	0	0	0	11
865.600	0	4	6	9	5	6	0	0	0	0	0	0	0	0	2	17	0	1	17	6	0	0	0	3
865.800	0	4	2	5	7	11	0	0	0	0	2	0	0	0	2	13	0	1	15	4	0	0	0	9
866.000	0	5	5	2	7	9	0	0	0	0	1	0	0	0	2	19	0	1	13	1	0	0	0	8
866.200	0	7	4	9	3	6	0	0	0	0	3	0	0	0	1	13	0	0	9	6	0	0	0	8
866.400	0	5	4	4	5	13	0	0	0	0	3	0	0	0	4	15	0	0	14	6	0	0	0	14
866.600	0	4	3	2	3	9	0	0	0	0	1	0	0	0	4	9	0	0	14	2	0	0	0	14
866.800	0	5	2	5	5	10	0	0	0	0	3	0	0	0	5	5	0	0	11	4	0	0	0	10
867.000	0	4	3	8	6	10	0	0	0	0	0	0	0	0	5	5	0	0	10	3	0	0	0	10
867.200	1	4	2	3	6	15	0	0	0	0	1	0	0	0	0	6	0	0	7	2	0	0	0	4
867.400	0	4	4	5	8	16	0	0	0	0	1	0	0	0	5	12	0	0	12	4	0	0	0	9
867.600	0	4	3	8	2	8	0	0	0	0	1	0	0	0	4	10	0	0	9	7	0	0	0	11
867.800	0	4	2	2	3	6	0	0	0	0	1	0	0	0	1	19	0	0	10	3	0	0	0	10
868.000	0	4	6	7	1	11	0	0	0	0	3	0	0	0	3	18	0	0	13	4	0	0	0	11
868.200	0	4	4	3	1	6	0	0	0	0	1	0	0	0	2	17	0	0	11	4	0	0	0	8
868.400	0	4	5	6	5	4	0	0	0	0	1	0	0	0	2	18	0	1	14	3	0	0	0	9
868.600	0	4	7	5	4	10	0	0	0	0	1	0	0	0	5	19	0	0	12	4	0	0	0	8
868.800	0	2	5	7	1	7	0	0	0	0	4	0	0	0	3	12	0	1	13	6	0	0	0	10
869.000	0	4	5	6	4	11	0	0	0	0	1	0	0	0	5	22	0	0	11	8	0	0	0	8
869.200	0	4	4	6	7	9	0	0	0	0	3	0	0	0	5	17	0	0	10	4	0	0	0	4
869.400	0	6	6	2	5	10	0	0	0	0	1	0	0	0	3	21	0	0	13	3	0	0	0	4
869.600	0	5	6	9	3	9	0	0	0	0	0	0	0	0	0	20	0	0	12	4	0	0	0	7
869.800	0	4	5	7	5	8	0	0	0	0	0	0	0	0	5	14	0	0	9	5	0	0	0	10
870.000	0	7	6	6	7	9	0	0	0	0	0	0	0	0	2	21	0	1	16	7	0	0	0	7
870.200	0	5	7	8	6	4	0	0	0	0	0	0	0	0	2	18	0	0	11	6	0	0	0	7
870.400	0	2	6	6	5	4	0	0	0	0	0	0	0	0	3	14	0	1	12	5	0	0	0	4
870.600	0	6	3	6	6	7	0	0	0	0	0	0	0	0	2	16	0	0	13	3	0	0	0	4
870.800	0	4	5	6	10	7	0	0	0	0	0	0	0	0	0	9	0	0	11	3	0	0	0	10
871.000	0	3	6	6	8	4	0	0	0	0	5	0	0	0	0	22	0	0	11	4	0	0	0	11
871.200	0	4	3	2	5	3	0	0	0	0	5	0	0	0	1	18	0	0	9	5	0	0	0	14
871.400	0	4	4	5	2	4	0	0	0	0	4	0	0	0	0	21	0	0	20	7	0	0	0	13
871.600	0	3	0	3	3	5	0	0	0	0	7	0	0	0	3	21	0	1	16	4	0	0	0	9
871.800	0	4	4	4	4	10	0	0	0	0	1	0	0	0	0	23	0	0	10	8	0	0	0	8
872.000	0	4	3	6	3	10	0	0	0	0	4	0	0	0	2	17	0	0	10	8	0	0	0	11
872.200	0	3	3	6	6	9	0	0	0	0	3	0	0	0	2	19	0	0	11	6	0	0	0	9
872.400	0	7	5	4	9	12	0	0	0	0	1	0	0	0	7	18	0	0	10	7	0	0	0	9
872.600	0	4	0	5	5	11	0	0	0	0	3	0	0	0	4	22	0	0	8	6	0	0	0	6
872.800	0	4	2	4	5	8	0	0	0	0	0	0	0	0	6	9	0	0	12	5	0	0	0	6
873.000	0	3	0	3	3	9	0	0	0	0	0	0	0	0	5	11	0	0	12	7	0	0	0	5
873.200	0	3	0	2	4	5	0	0	0	0	0	0	0	0	6	11	0	0	14	4	0	0	0	5
873.400	0	3	0	6	2	4	0	0	0	0	0	0	0	0	5	18	0	1	13	5	0	0	0	6
873.600	0	2	0	6	4	8	0	0	0	0	1	0	0	0	5	14	0	0	12	4	0	0	0	10
873.800	0	5	1	4	4	5	0	0	0	0	0	0	0	0	0	13	0	0	9	5	0	0	0	8
874.000	0	4	1	3	4	3	0	0	0	0	0	0	0	0	2	12	0	1	16	1	0	0	0	6
874.200	0	4	0	5	4	7	0	0	0	0	0	0	0	0	0	13	0	0	9	2	0	0	0	5
874.400	0	1	0	5	7	8	0	0	0	0	0	0	0	0	0	10	0	1	13	4	0	0	0	13
874.600	0	4	3	2	5	6	0	0	0	0	0	0	0	0	4	18	0	1	14	8	0	0	0	7
874.800	0	4	2	3	5	7	0	0	0	0	0	0	0	0	2	15	0	0	15	3	0	0	0	6
875.000	0	5	3	5	5	6	0	0	0	0	0	0	0	0	2	11	0	0	9	2	0	0	0	8
875.200	0	2	2	7	3	4	0	0	0	0	0	0	0	0	3	20	0	0	11	4	0	0	0	10
875.400	0	0	1	6	6	4	0	0	0	0	0	0	0	0	4	18	0	1	13	4	0	0	0	7
875.600	0	4	1	3	4	5	0	0	0	0	0	0	0	0	0	15	0	0	12	1	0	0	0	6
875.800	0	7	5	4	5	6	0	0	0	0	0	0	0	0	0	15	0	0	17	5	0	0	0	6
876.000	0	8	2	7	4	10	0	0	0	0	0	0	0	0	3	11	0	0	12	4	0	0	0	8
876.200	0	6	4	2	5	5	0	0	0	0	0	0	0	0	1	11	0	0	14	4	0	0	0	7
876.400	0	8	5	6	6	4	0	0	0	0	0	0	0	0	5	18	0	1	13	6	0	0	0	10
876.600	0	4	4	7	4	4	0	0	0	0	0	0	0	0	3	16	0	0	13	4	0	0	0	6
876.800	0	4	4	2	5	6	0	0	0	0	0	0	0	0	8	12	0	0	5	1	0	0	0	8
877.000	0	8	2	7	4	3	0	0	0	0	0	0	0	0	4	12	0	0	13	4	0	0	0	13
877.200	0	4	4	5	6	5	0	0	0	0	0	0	0	0	3	3	0	1	12	6	0	0	0	11
877.400	0	4	0	2	3	4	0	0	0	0	0	0	0	0	5	5	0	1	9	5	0	0	0	10
877.600	0	4	2	6	8	7	0	0	0	0	0	0	0	0	5	12	0	0	10	1	0	0	0	9
877.800	0	6	3	3	5	7	0	0	0	0	0	0	0	0	7	6	0	3	13	3	0	0	0	5
878.000	0	2	0	5	6	5	0	0	0	0	0	0	0	0	2	10	0	1	12	4	0	0	0	9
878.200	0	6	0	1	5	6	0	0	0	0	0	0	0	0	3	8	0	2	13	4	0	0	0	8
878.400	0	5	2	6	5	5	0	0	0	0	0	0	0	0	4	2	0	1	10	7	0	0	0	4
878.600	0	7	1	3	4	5	0	0	0	0	0	0	0	0	6	7	0	0	17	5	0	0	0	5
878.800	0	5	2	5	6	4	0	0	0	0	0	0	0	0	2	2	0	1	15	6	0	0	0	6
879.000	0	2	0	6	2	4	0	0	0	0	0	0	0	0	9	5	0	1	14	3	0	0	0	3
879.200	0	4	4	5	5	5	0	0	0	0	0	0	0	0	9	2	0	0	12	7	0	0	0	8
879.400	0	7	3	4	9	2	0	0	0	0	0	0	0	0	7	4	0	1	11	5	0	0	0	5
879.600	0	4	1	3	4	4	0	0	0	0	0	0	0	0	6	9	0	0	11	4	0	0	0	3
879.800	0	8	3	6	5	7	0	0	0	0	0	0	0	0	4	8	0	0	17	5	0	0	0	7
880.000	0	4	5	6	5	3	0	0	0	0	0	0	0	0	2	9	0	0	12	4	0	0	0	5
880.200	0	3	3	3	4	3	0	0	0	0	0	0	0	0	4	6	0	1	12	3	0	0	0	11
880.400	0	4	3	4	4	4	0	0	0	0	0	0	0	0	8	6	0	0	11	6	0	0	0	4
880.600	0	9	4	2	4	1	0	0	0	0	0	0	0	0	8	4	0	0	14	4	0	0	0	3
880.800	0	4	3	5	8	4	0	0	0	0	0	0	0	0	2	9	0	0	16	5	0	0	0	6
881.000	0	6	3	2	1	1	0	0	0	0	0	0	0	0	1	11	0	0	14	3	0	0	0	7
881.200	0	9	5	4	4	5	0	0	0	0	0	0	0	0	4	12	0	0	13	4	0	0	0	7
881.400	0	9	4	6	5	5	0	0	0	0	0	0	0	0	5	8	0	1	16	3	0	0	0	2
881.600	0	8	4	3	1	2	0	0	0	0	0	0	0	0	5	6	0	1	9	3	0	0	0	6
881.800	0	7	3	7	1	5	0	0	0	0	0	0	0	0	6	7	0	2	15	3	0	0	0	5
882.000	0	7	3	2	5	10	0	0	0	0	0	0	0	0	8	7	0	0	12	4	0	0	0	7
882.200	0	6	6	6	5	6	0	0	0	0	0	0	0	0	6	8	0	2	12	1	0	0	0	7
882.400	0	4	1	3	3	10	0	0	0	0	0	0	0	0	7	5	0	3	14	5	0	0	0	7
882.600	0	2	3	2	9	8	0	0	0	0	0	0	0	0	3	4	0	0	7	3	0	0	0	6
882.800	0	9	5	5	10	10	0	0	0	0	0	0	0	0	6	5	0	0	9	5	0	0	0	7
883.000	0	6	5	1	6	8	0	0	0	0	0	0	0	0	3	1	0	0	12	7	0	0	0	7
883.200	0	9	3	5	5	4	0	0	0	0	0	0	0	0	3	4	0	0	12	8	0	0	0	4
883.400	0	5	4	5	6	6	0	0	0	0	0	0	0	0	4	5	0	1	17	8	0	0	0	12
883.600	0	2	1	3	6	1	0	0	0	0	0	0	0	0	1	10	0	0	11	4	0	0	0	0
883.800	0	2	4	5	4	5	0	0	0	0	0	0	0	0	4	5	0	0	11	5	0	0	0	6
884.000	0	6	3	5	6	6	0	0	0	0	0	0	0	0	4	10	0	0	15	5	0	0	0	1
884.200	0	4	3	7	6	5	0	0	0	0	0	0	0	0	5	4	0	0	21	7	0	0	0	1
884.400	0	5	2	5	4	6	0	0	0	0	0	0	0	0	6	8	0	0	11	3	0	0	0	8
884.600	0	6	3	2	9	5	0	0	0	0	0	0	0	0	1	13	0	0	7	1	0	0	0	7
884.800	0	6	3	6	8	5	0	0	0	0	0	0	0	0	2	10	0	0	7	3	0	0	0	9
885.000	0	4	3	3	6	9	0	0	0	0	0	0	0	0	3	7	0	0	14	4	0	0	0	3
885.200	0	7	3	6	6	7	0	0	0	0	0	0	0	0	6	11	0	0	12	4	0	0	0	10
885.400	0	4	3	6	5	8	0	0	0	0	0	0	0	0	4	8	0	0	19	6	0	0	0	14
885.600	0	2	0	3	2	4	0	0	0	0	0	0	0	0	3	14	0	0	14	6	0	0	0	10
885.800	0	5	3	4	7	8	0	0	0	0	0	0	0	0	2	10	0	0	13	5	0	0	0	11
886.000	0	9	5	7	7	8	0	0	0	0	0	0	0	0	3	7	0	0	19	4	0	0	0	12
886.200	0	9	3	3	7	9	0	0	0	0	0	0	0	0	4	9	0	0	14	5	0	0	0	19
886.400	0	8	6	4	3	4	0	0	0	0	0	0	0	0	2	6	0	1	19	4	0	0	0	10
886.600	0	7	4	6	7	9	0	0	0	0	0	0	0	0	4	12	0	0	14	6	0	0	0	10
886.800	0	4	1	5	6	7	0	0	0	0	0	0	0	0	5	7	0	1	16	4	0	0	0	8
887.000	0	5	3	6	8	5	0	0	0	0	0	0	0	0	3	2	0	0	10	6	0	0	0	9
887.200	0	7	5	7	5	3	0	0	0	0	0	0	0	0	5	4	0	0	13	2	0	0	0	9
887.400	0	7	4	5	4	6	0	0	0	0	0	0	0	0	5	7	0	0	15	6	0	0	0	11
887.600	0	4	0	5	4	6	0	0	0	0	1	0	0	0	4	11	0	0	9	7	0	0	0	12
887.800	0	5	0	3	5	7	0	0	0	0	1	0	0	0	7	4	0	0	14	5	0	0	0	10
888.000	2	4	1	5	3	7	0	0	0	0	0	0	0	0	4	7	0	0	12	6	0	0	0	9
888.200	2	7	3	1	7	6	0	0	0	0	0	0	0	0	3	4	0	0	10	2	0	0	0	11
888.400	0	8	4	3	5	8	0	0	0	0	0	0	0	0	12	3	0	0	11	4	0	0	0	15
888.600	0	5	3	4	4	6	0	0	0	0	0	0	0	0	5	11	0	0	13	1	0	0	0	11
888.800	0	5	3	2	7	0	0	0	0	0	0	0	0	0	5	13	0	0	17	8	0	0	0	10
889.000	0	4	4	1	5	0	0	0	0	0	0	0	0	0	2	6	0	0	14	4	0	0	0	13
889.200	0	5	3	4	5	4	0	0	0	0	0	0	0	0	5	6	0	0	13	5	0	0	0	11
889.400	0	4	1	1	6	6	0	0	0	0	0	0	0	0	11	13	0	0	13	5	0	0	0	10
889.600	0	7	3	2	5	8	0	0	0	0	0	0	0	0	5	9	0	0	13	5	0	0	0	13
889.800	0	4	2	1	6	9	0	0	0	0	0	0	0	0	0	7	0	0	12	6	0	0	0	2
890.000	0	7	2	4	7	4	0	0	0	0	0	0	0	0	7	9	0	0	13	6	0	0	0	10
890.200	0	2	2	6	7	6	0	0	0	0	0	0	0	0	7	9	0	0	13	3	0	0	0	11
890.400	0	5	2	3	7	8	0	0	0	0	0	0	0	0	1	9	0	0	11	5	0	0	0	13
890.600	0	5	2	2	6	5	0	0	0	0	0	0	0	0	4	13	0	1	16	6	0	0	0	8
890.800	0	4	4	5	7	11	0	0	0	0	0	0	0	0	6	8	0	0	17	5	0	0	0	11
891.000	0	6	2	4	10	12	0	0	0	0	1	0	0	0	6	9	0	1	12	5	0	0	0	13
891.200	0	4	2	3	3	8	0	0	0	0	0	0	0	0	0	10	0	0	13	4	0	0	0	5
891.400	0	4	0	5	6	7	0	0	0	0	0	0	0	0	1	4	0	0	10	3	0	0	0	11
891.600	0	8	3	3	7	5	0	0	0	0	0	0	0	0	5	9	0	1	12	3	0	0	0	7
891.800	0	3	0	3	8	2	0	0	0	0	1	0	0	0	5	4	0	1	16	6	0	0	0	12
892.000	0	4	4	6	3	6	0	0	0	0	1	0	0	0	1	7	0	1	14	5	0	0	0	10
892.200	0	4	5	9	6	10	0	0	0	0	4	0	0	0	9	3	0	3	11	5	0	0	0	4
892.400	0	3	3	3	7	6	0	0	0	0	5	0	0	0	7	4	0	2	9	2	0	0	0	2
892.600	0	3	0	4	6	10	0	0	0	0	4	0	0	0	10	4	0	1	15	3	0	0	0	2
892.800	0	4	0	7	6	8	0	0	0	0	1	0	0	0	5	0	0	2	11	4	0	0	0	2
893.000	0	4	3	4	8	6	0	0	0	0	0	0	0	0	1	8	0	1	8	6	0	0	0	0
893.200	0	4	2	8	8	9	0	0	0	0	0	0	0	0	0	12	0	0	11	2	0	0	0	4
893.400	0	2	1	3	4	11	0	0	0	0	0	0	0	0	1	11	0	0	7	4	0	0	0	3
893.600	0	4	4	3	5	10	0	0	0	0	0	0	0	0	0	12	0	0	15	5	0	0	0	8
893.800	0	4	3	6	4	6	0	0	0	0	1	0	0	0	1	13	0	0	12	8	0	0	0	3
894.000	0	8	4	8	3	8	0	0	0	0	0	0	0	0	2	14	0	0	14	7	0	0	0	5
894.200	0	5	2	6	2	4	0	0	0	0	1	0	0	0	2	11	0	0	12	6	0	0	0	10
894.400	4	4	1	6	4	10	0	0	0	0	0	0	0	0	0	15	0	0	14	3	0	0	0	10
894.600	3	6	0	4	6	10	0	0	0	0	0	0	0	0	3	8	0	0	12	4	0	0	0	6
894.800	2	4	0	5	4	4	0	0	0	0	0	0	0	0	1	4	0	0	9	5	0	0	0	2
895.000	0	7	0	4	8	11	0	0	0	0	0	0	0	0	7	11	0	0	12	5	0	0	0	3
895.200	1	7	3	4	7	9	0	0	0	0	0	0	0	0	4	11	0	0	12	4	0	0	0	2
895.400	0	6	2	1	2	5	0	0	0	0	0	0	0	0	6	5	0	0	9	4	0	0	0	5
895.600	0	4	4	4	6	4	0	0	0	0	0	0	0	0	5	2	0	1	13	6	0	0	0	6
895.800	4	4	0	1	12	8	0	0	0	0	0	0	0	0	7	3	0	0	9	6	0	0	0	2
896.000	1	5	3	4	5	7	0	0	0	0	0	0	0	0	3	3	0	0	4	8	0	0	0	5
896.200	2	11	0	2	5	7	0	0	0	0	0	0	0	0	2	7	0	0	4	6	0	0	0	8
896.400	7	7	6	7	6	5	0	0	0	0	0	0	0	0	1	9	0	1	13	7	0	0	0	3
896.600	0	6	2	2	5	10	0	0	0	0	0	0	0	0	3	4	0	0	9	3	0	0	0	9
896.800	9	10	0	0	3	2	0	0	0	0	0	0	0	0	4	8	0	0	4	8	0	0	0	4
897.000	2	7	0	2	6	4	0	0	0	0	0	0	0	0	7	12	0	1	9	8	0	0	0	4
897.200	6	7	0	1	8	9	0	0	0	0	0	0	0	0	5	9	0	1	13	7	0	0	0	4
897.400	5	12	3	2	6	4	0	0	0	0	0	0	0	0	10	9	0	1	10	7	0	0	0	5
897.600	4	7	0	0	9	10	0	0	0	0	0	0	0	0	7	6	0	0	13	7	0	0	0	1
897.800	7	6	0	3	5	3	0	0	0	0	0	0	0	0	4	5	0	1	14	7	0	0	0	5
898.000	3	6	3	6	8	10	0	0	0	0	0	0	0	0	6	7	0	1	8	5	0	0	0	4
898.200	3	10	3	6	5	6	0	0	0	0	0	0	0	0	4	11	0	1	11	7	0	0	0	1
898.400	3	7	1	6	7	5	0	0	0	0	0	0	0	0	6	14	0	0	10	5	0	0	0	4
898.600	8	11	3	7	5	6	0	0	0	0	0	0	0	0	5	7	0	0	13	7	0	0	0	5
898.800	7	5	0	3	5	9	0	0	0	0	0	0	0	0	3	3	0	0	8	7	0	0	0	6
899.000	6	12	2	5	8	4	0	0	0	0	0	0	0	0	2	6	0	0	12	7	0	0	0	7
899.200	5	7	3	6	6	10	0	0	0	0	0	0	0	0	0	11	0	0	10	5	0	0	0	5
899.400	5	12	4	1	3	6	0	0	0	0	0	0	0	0	2	2	0	0	12	7	0	0	0	1
899.600	8	11	4	2	1	3	0	0	0	0	0	0	0	0	5	6	0	0	10	8	0	0	0	8
899.800	0	9	0	2	5	8	0	0	0	0	0	0	0	0	2	3	0	0	9	2	0	0	0	1
900.000	4	6	3	2	2	2	0	0	0	0	0	0	0	0	1	4	0	0	12	4	0	0	0	1
900.200	1	7	1	4	6	11	0	0	0	0	0	0	0	0	4	4	0	0	12	5	0	0	0	5
900.400	1	4	0	2	7	4	0	0	0	0	0	0	0	0	3	10	0	0	7	5	0	0	0	5
900.600	0	4	3	5	11	9	0	0	0	0	0	0	0	0	7	4	0	0	16	4	0	0	0	2
900.800	0	5	3	5	4	6	0	0	0	0	0	0	0	0	5	7	0	0	11	4	0	0	0	5
901.000	0	7	2	3	5	7	0	0	0	0	0	0	0	0	7	9	0	0	10	7	0	0	0	3
901.200	0	5	2	1	6	9	0	0	0	0	0	0	0	0	9	7	0	0	13	4	0	0	0	5
901.400	0	4	1	7	5	11	0	0	0	0	0	0	0	0	7	10	0	0	10	7	0	0	0	6
901.600	1	8	0	0	5	7	0	0	0	0	0	0	0	0	0	6	0	0	10	8	0	0	0	9
901.800	0	7	1	6	6	6	0	0	0	0	0	0	0	0	3	7	0	0	16	4	0	0	0	11
902.000	0	4	2	3	4	2	0	0	0	0	0	0	0	0	2	12	0	0	15	5	0	0	0	13
902.200	0	4	0	3	9	10	0	0	0	0	0	0	0	0	8	11	0	0	14	6	0	0	0	10
902.400	1	8	0	0	9	8	0	0	0	0	0	0	0	0	5	10	0	0	16	6	0	0	0	11
902.600	3	12	0	1	5	6	0	0	0	0	0	0	0	0	2	22	0	0	14	7	0	0	0	9
902.800	2	4	0	0	7	7	0	0	0	0	0	0	0	0	4	20	0	0	8	6	0	0	0	8
903.000	3	6	0	0	6	9	0	0	0	0	0	0	0	0	4	11	0	0	12	5	0	0	0	8
903.200	3	4	1	1	11	6	0	0	0	0	0	0	0	0	5	13	0	0	10	6	0	0	0	3
903.400	5	5	0	0	3	6	0	0	0	0	0	0	0	0	10	11	0	1	14	3	0	0	0	8
903.600	1	2	0	0	4	2	0	0	0	0	0	0	0	0	7	17	0	0	8	3	0	0	0	10
903.800	2	4	2	6	3	5	0	0	0	0	0	0	0	0	1	16	0	0	11	4	0	0	0	1
904.000	0	3	0	2	6	9	0	0	0	0	0	0	0	0	4	21	0	0	12	4	0	0	0	5
904.200	0	5	2	4	3	3	0	0	0	0	1	0	0	0	2	20	0	0	13	5	0	0	0	0
904.400	0	4	2	4	8	8	0	0	0	0	0	0	0	0	4	9	0	0	10	6	0	0	0	1
904.600	0	6	2	5	8	7	0	0	0	0	0	0	0	0	1	21	0	1	14	3	0	0	0	1
904.800	0	7	5	6	5	7	0	0	0	0	0	0	0	0	3	17	0	0	13	9	0	0	0	3
905.000	0	5	3	3	1	9	0	0	0	0	0	0	0	0	5	20	0	0	9	5	0	0	0	0
905.200	3	7	0	4	4	10	0	0	0	0	1	0	0	0	4	19	0	0	15	3	0	0	0	0
905.400	1	8	2	3	7	5	0	0	0	0	1	0	0	0	5	21	0	0	13	4	0	0	0	0
905.600	0	4	3	7	2	4	0	0	0	0	1	0	0	0	4	17	0	0	7	6	0	0	0	0
905.800	1	4	0	0	8	9	0	0	0	0	1	0	0	0	5	21	0	0	11	8	0	0	0	1
906.000	3	8	0	0	7	13	0	0	0	0	4	0	0	0	2	14	0	0	13	7	0	0	0	3
906.200	1	4	0	0	4	10	0	0	0	0	4	0	0	0	6	15	0	0	9	8	0	0	0	1
906.400	0	5	2	4	5	7	0	0	0	0	4	0	0	0	4	21	0	0	16	8	0	0	0	1
906.600	2	2	1	5	2	4	0	0	0	0	3	0	0	0	2	18	0	0	11	3	0	0	0	1
906.800	0	3	2	2	5	10	0	0	0	0	2	0	0	0	5	11	0	0	10	8	0	0	0	0
907.000	0	8	2	2	1	7	0	0	0	0	2	0	0	0	2	20	0	0	14	8	0	0	0	0
907.200	1	7	3	4	2	2	0	0	0	0	1	0	0	0	3	8	0	0	18	6	0	0	0	0
907.400	2	7	1	1	4	5	0	0	0	0	1	0	0	0	2	17	0	0	11	8	0	0	0	0
907.600	2	4	0	2	8	10	0	0	0	0	0	0	0	0	1	15	0	0	15	7	0	0	0	1
907.800	2	9	0	1	3	9	0	0	0	0	2	0	0	0	3	3	0	0	12	5	0	0	0	3
908.000	3	5	0	1	6	6	0	0	0	0	1	0	0	0	0	13	0	0	14	8	0	0	0	1
908.200	2	4	0	1	2	8	0	0	0	0	1	0	0	0	3	8	0	0	15	8	0	0	0	2
908.400	0	6	3	4	4	0	0	0	0	0	0	0	0	0	4	13	0	0	13	5	0	0	0	3
908.600	0	5	3	6	9	4	0	0	0	0	0	0	0	0	6	13	0	0	10	7	0	0	0	4
908.800	0	9	3	1	5	7	0	0	0	0	0	0	0	0	2	12	0	0	16	5	0	0	0	4
909.000	0	4	2	3	7	6	0	0	0	0	0	0	0	0	7	19	0	0	12	7	0	0	0	7
909.200	0	2	0	2	6	12	0	0	0	0	0	0	0	0	6	14	0	0	12	6	0	0	0	3
909.400	0	7	4	2	5	10	0	0	0	0	0	0	0	0	1	17	0	0	12	4	0	0	0	8
909.600	0	7	3	5	3	5	0	0	0	0	0	0	0	0	3	18	0	0	11	6	0	0	0	4
909.800	0	6	6	3	6	12	0	0	0	0	1	0	0	0	1	10	0	0	12	1	0	0	0	7
910.000	0	4	1	3	6	8	0	0	0	0	0	0	0	0	5	17	0	0	14	6	0	0	0	6
910.200	0	5	3	2	6	8	0	0	0	0	0	0	0	0	3	15	0	0	15	8	0	0	0	6
910.400	0	6	5	6	2	3	0	0	0	0	0	0	0	0	4	16	0	0	12	5	0	0	0	5
910.600	0	4	0	2	9	8	0	0	0	0	0	0	0	0	5	14	0	0	16	7	0	0	0	5
910.800	0	2	0	5	5	0	0	0	0	0	0	0	0	0	3	12	0	0	12	6	0	0	0	5
911.000	0	4	3	6	7	4	0	0	0	0	0	0	0	0	3	18	0	0	13	7	0	0	0	6
911.200	0	8	3	6	9	9	0	0	0	0	0	0	0	0	2	15	0	0	15	7	0	0	0	6
911.400	0	4	3	2	6	8	0	0	0	0	0	0	0	0	5	13	0	0	15	7	0	0	0	5
911.600	1	4	3	6	8	5	0	0	0	0	0	0	0	0	3	15	0	0	9	4	0	0	0	9
911.800	0	5	2	5	9	5	0	0	0	0	0	0	0	0	2	13	0	0	12	5	0	0	0	0
912.000	0	5	2	5	7	4	0	0	0	0	0	0	0	0	1	16	0	0	11	3	0	0	0	1
912.200	0	8	3	5	5	9	0	0	0	0	0	0	0	0	8	11	0	0	11	6	0	0	0	2
912.400	0	8	5	8	6	6	0	0	0	0	0	0	0	0	4	12	0	0	8	4	0	0	0	8
912.600	0	5	7	5	2	8	0	0	0	0	0	0	0	0	5	16	0	0	11	4	0	0	0	4
912.800	0	3	5	5	4	6	0	0	0	0	0	0	0	0	6	13	0	0	11	7	0	0	0	3
913.000	0	4	5	7	5	4	0	0	0	0	0	0	0	0	7	10	0	0	11	3	0	0	0	0
913.200	0	3	3	4	4	5	0	0	0	0	0	0	0	0	4	23	0	0	13	4	0	0	0	2
913.400	0	6	3	2	7	10	0	0	0	0	0	0	0	0	4	19	0	0	12	8	0	0	0	0
913.600	0	5	5	8	5	1	0	0	0	0	0	0	0	0	1	14	0	0	12	6	0	0	0	1
913.800	0	7	2	5	3	5	0	0	0	0	0	0	0	0	1	13	0	0	16	9	0	0	0	2
914.000	0	6	2	4	5	6	0	0	0	0	0	0	0	0	3	19	0	0	13	6	0	0	0	1
914.200	0	4	2	5	7	4	0	0	0	0	0	0	0	0	4	19	0	0	14	6	0	0	0	3
914.400	0	4	4	6	5	6	0	0	0	0	0	0	0	0	4	18	0	0	10	8	0	0	0	0
914.600	0	5	4	3	1	3	0	0	0	0	0	0	0	0	2	24	0	0	11	6	0	0	0	2
914.800	0	4	4	5	3	7	0	0	0	0	0	0	0	0	4	14	0	0	12	5	0	0	0	1
915.000	0	6	4	6	4	7	0	0	0	0	0	0	0	0	3	12	0	0	10	5	0	0	0	1
915.200	0	4	4	3	4	5	0	0	0	0	0	0	0	0	3	11	0	0	11	8	0	0	0	4
915.400	0	4	0	5	7	5	0	0	0	0	0	0	0	0	3	16	0	0	10	6	0	0	0	2
915.600	0	4	4	2	7	2	0	0	0	0	0	0	0	0	2	19	0	1	10	6	0	0	0	3
915.800	0	5	4	4	2	2	0	0	0	0	0	0	0	0	2	20	0	0	12	5	0	0	0	2
916.000	0	5	3	6	7	0	0	0	0	0	0	0	0	0	1	18	0	1	12	4	0	0	0	4
916.200	1	4	1	3	7	8	0	0	0	0	0	0	0	0	4	15	0	1	13	7	0	0	0	3
916.400	1	6	0	2	6	0	0	0	0	0	0	0	0	0	0	11	0	0	10	4	0	0	0	1
916.600	1	3	0	3	5	4	0	0	0	0	0	0	0	0	0	22	0	0	10	5	0	0	0	6
916.800	2	5	0	3	5	8	0	0	0	0	0	0	0	0	4	8	0	0	13	7	0	0	0	2
917.000	0	4	1	1	8	8	0	0	0	0	0	0	0	0	6	14	0	0	16	4	0	0	0	3
917.200	0	7	0	1	3	6	0	0	0	0	0	0	0	0	9	11	0	0	17	5	0	0	0	2
917.400	0	4	0	6	3	3	0	0	0	0	0	0	0	0	7	15	0	0	11	5	0	0	0	3
917.600	0	4	2	2	5	4	0	0	0	0	0	0	0	0	7	13	0	0	7	5	0	0	0	3
917.800	0	5	2	5	4	5	0	0	0	0	0	0	0	0	7	13	0	0	12	2	0	0	0	4
918.000	0	5	3	5	5	7	0	0	0	0	0	0	0	0	5	15	0	0	12	3	0	0	0	3
918.200	0	4	0	6	3	8	0	0	0	0	0	0	0	0	5	12	0	0	12	3	0	0	0	4
918.400	0	2	2	1	11	10	0	0	0	0	0	0	0	0	8	14	0	0	12	5	0	0	0	3
918.600	0	7	3	2	9	6	0	0	0	0	0	0	0	0	1	15	0	0	14	5	0	0	0	5
918.800	0	0	0	0	2	3	0	0	0	0	0	0	0	0	0	4	0	0	13	6	0	0	0	9
919.000	0	4	1	0	5	5	0	0	0	0	0	0	0	0	3	20	0	0	13	2	0	0	0	10
919.200	0	5	3	5	4	6	0	0	0	0	0	0	0	0	6	11	0	0	13	7	0	0	0	9
919.400	0	4	0	1	5	4	0	0	0	0	0	0	0	0	8	13	0	0	15	6	0	0	0	6
919.600	0	5	2	4	8	6	0	0	0	0	0	0	0	0	3	11	0	0	13	5	0	0	0	12
919.800	0	3	3	2	6	4	0	0	0	0	0	0	0	0	3	14	0	0	10	8	0	0	0	12
920.000	0	3	0	4	5	3	0	0	0	0	0	0	0	0	8	18	0	0	13	1	0	0	0	10
920.200	0	2	0	5	10	4	0	0	0	0	0	0	0	0	1	11	0	0	11	5	0	0	0	4
920.400	0	2	0	4	5	7	0	0	0	0	0	0	0	0	6	7	0	0	10	4	0	0	0	10
920.600	0	1	0	2	4	9	0	0	0	0	0	0	0	0	7	15	0	1	14	6	0	0	0	9
920.800	0	2	3	4	9	4	0	0	0	0	0	0	0	0	6	10	0	0	13	7	0	0	0	8
921.000	0	2	3	1	7	11	0	0	0	0	0	0	0	0	5	10	0	0	17	6	0	0	0	14
921.200	0	1	0	2	8	11	0	0	0	0	0	0	0	0	6	9	0	0	13	6	0	0	0	13
921.400	0	2	0	3	9	9	0	0	0	0	0	0	0	0	1	10	0	0	17	6	0	0	0	10
921.600	0	8	2	7	3	9	0	0	0	0	0	0	0	0	3	8	0	0	15	5	0	0	0	10
921.800	0	4	0	1	5	12	0	0	0	0	0	0	0	0	1	18	0	0	13	2	0	0	0	12
922.000	0	4	2	5	5	6	0	0	0	0	0	0	0	0	3	11	0	0	12	2	0	0	0	6
922.200	1	5	3	6	5	3	0	0	0	0	0	0	0	0	0	9	0	0	9	1	0	0	0	13
922.400	0	3	3	5	6	7	0	0	0	0	0	0	0	0	5	8	0	0	11	3	0	0	0	10
922.600	0	3	3	3	5	7	0	0	0	0	0	0	0	0	6	9	0	0	13	3	0	0	0	12
922.800	0	1	0	2	8	6	0	0	0	0	0	0	0	0	4	7	0	0	9	5	0	0	0	3
923.000	0	2	3	0	11	8	0	0	0	0	0	0	0	1	2	11	0	0	15	3	0	0	0	5
923.200	0	0	0	1	5	8	0	0	0	0	0	0	2	0	5	11	0	0	14	6	0	0	0	6
923.400	0	2	0	2	7	6	0	0	0	0	0	0	2	0	3	15	0	0	15	3	0	0	0	9
923.600	0	3	0	4	4	4	0	0	0	0	0	0	1	1	5	17	0	0	12	4	0	0	0	5
923.800	0	2	0	0	4	3	0	0	0	0	0	0	0	0	8	9	0	0	12	5	0	0	0	8
924.000	0	2	2	3	10	4	0	0	0	0	0	0	0	0	5	14	0	0	14	2	0	0	0	7
924.200	0	2	2	0	8	6	0	0	0	0	0	0	2	2	11	5	0	0	13	1	0	0	0	11
924.400	0	4	0	1	6	5	0	0	0	0	0	0	0	0	6	15	0	0	12	3	0	0	0	10
924.600	0	2	2	2	8	8	0	0	0	0	0	0	0	0	1	14	0	0	14	2	0	0	0	6
924.800	0	7	3	4	7	8	0	0	0	0	0	0	0	0	6	5	0	0	16	5	0	0	0	14
925.000	0	1	4	7	10	3	0	0	0	0	0	0	0	0	8	6	0	0	15	3	0	0	0	8
925.200	0	1	1	4	8	5	0	0	0	0	0	0	0	0	5	6	0	0	12	6	0	0	0	13
925.400	0	4	0	5	9	6	0	0	0	0	0	0	0	0	3	13	0	0	13	3	0	0	0	13
925.600	0	4	3	7	3	3	0	0	0	0	0	0	0	0	2	15	0	0	14	4	0	0	0	5
925.800	0	4	1	8	4	8	0	0	0	0	0	0	0	0	6	10	0	0	13	5	0	0	0	1
926.000	0	5	5	8	4	6	0	0	0	0	0	0	0	0	1	6	0	0	13	4	0	0	0	0
926.200	0	4	3	6	5	7	0	0	0	0	0	0	0	0	7	15	0	0	12	3	0	0	0	0
926.400	0	2	0	3	5	4	0	0	0	0	0	0	0	0	6	16	0	0	18	4	0	0	0	0
926.600	0	5	9	8	5	5	0	0	0	0	0	0	0	0	5	10	0	0	15	3	0	0	0	1
926.800	0	4	7	7	10	7	0	0	0	0	0	0	0	0	4	11	0	0	13	3	0	0	0	0
927.000	3	4	6	8	6	8	0	0	0	0	0	0	0	0	5	14	0	0	14	5	0	0	0	0
927.200	2	4	8	11	3	5	0	0	0	0	0	0	0	0	5	13	0	1	18	3	0	0	0	0
927.400	2	4	4	12	5	4	0	0	0	0	0	0	0	0	1	7	0	1	19	5	0	0	0	0
927.600	1	4	4	7	9	8	0	0	0	0	0	0	0	0	6	15	0	0	16	6	0	0	0	0
927.800	0	4	7	5	7	6	0	0	0	0	0	0	0	0	4	11	0	0	12	6	0	0	0	1
928.000	0	3	0	1	7	10	0	0	0	0	0	0	0	0	4	15	0	0	18	5	0	0	0	0
928.200	0	4	3	9	4	6	0	0	0	0	0	0	0	0	2	10	0	0	10	7	0	0	0	0
928.400	1	2	0	3	6	9	0	0	0	0	0	0	0	0	4	10	0	1	13	5	0	0	0	0
928.600	0	4	2	4	7	7	0	0	0	0	0	0	0	0	6	3	0	0	16	8	0	0	0	0
928.800	0	4	5	5	6	6	0	0	0	0	0	0	0	0	6	6	0	0	12	1	0	0	0	1
929.000	0	4	5	7	9	8	0	0	0	0	0	0	0	0	4	5	0	0	16	4	0	0	0	0
929.200	0	4	5	7	7	2	0	0	0	0	0	0	0	0	4	10	0	0	9	4	0	0	0	0
929.400	1	4	5	9	9	7	0	0	0	0	0	0	0	0	3	8	0	0	19	3	0	0	0	0
929.600	3	6	2	5	5	6	0	0	0	0	0	0	0	0	4	6	0	0	16	4	0	0	0	1
929.800	2	7	5	9	3	3	0	0	0	0	0	0	0	0	2	6	0	0	13	3	0	0	0	3
930.000	1	4	4	6	8	9	0	0	0	0	0	0	0	0	6	4	0	0	10	5	0	0	0	1
930.200	0	4	3	8	8	8	0	0	0	0	0	0	0	0	2	9	0	0	13	6	0	0	0	0
930.400	3	4	6	5	6	9	0	0	0	0	0	0	0	0	4	6	0	0	14	5	0	0	0	0
930.600	2	4	5	5	6	5	0	0	0	0	0	0	0	0	4	4	0	0	12	8	0	0	0	5
930.800	0	4	3	7	2	5	0	0	0	0	0	0	0	0	3	9	0	0	11	6	0	0	0	8
931.000	0	4	5	5	5	3	0	0	0	0	0	0	0	0	6	2	0	0	14	5	0	0	0	4
931.200	0	5	3	6	2	3	0	0	0	0	0	0	0	0	3	12	0	0	12	3	0	0	0	7
931.400	0	5	4	6	3	3	0	0	0	0	0	0	0	0	3	10	0	0	14	1	0	0	0	7
931.600	0	4	4	7	4	3	0	0	0	0	0	0	0	0	3	9	0	0	12	7	0	0	0	8
931.800	0	4	3	4	6	7	0	0	0	0	0	0	0	0	3	12	0	0	12	6	0	0	0	10
932.000	0	4	3	1	4	4	0	0	0	0	0	0	0	0	6	10	0	0	14	3	0	0	0	11
932.200	0	7	7	2	7	8	0	0	0	0	0	0	0	0	2	12	0	0	11	3	0	0	0	12
932.400	0	10	5	2	9	6	0	0	0	0	0	0	0	0	3	4	0	0	10	3	0	0	0	10
932.600	0	4	4	2	11	7	0	0	0	0	0	0	0	0	2	14	0	0	10	2	0	0	0	6
932.800	0	5	4	7	8	9	0	0	0	0	0	0	0	0	6	7	0	0	10	3	0	0	0	11
933.000	0	7	5	3	7	6	0	0	0	0	0	0	0	0	1	9	0	0	14	8	0	0	0	10
933.200	0	7	6	5	8	12	0	0	0	0	0	0	0	0	6	8	0	0	13	5	0	0	0	13
933.400	0	4	5	7	6	9	0	0	0	0	0	0	0	0	8	10	0	1	14	4	0	0	0	11
933.600	0	4	5	4	6	6	0	0	0	0	0	0	0	0	5	14	0	0	11	7	0	0	0	10
933.800	0	4	4	2	9	7	0	0	0	0	0	0	0	0	5	11	0	0	12	4	0	0	0	8
934.000	0	3	4	3	6	4	0	0	0	0	0	0	0	0	8	7	0	0	13	6	0	0	0	8
934.200	0	3	2	7	5	6	0	0	0	0	0	0	0	0	8	5	0	0	12	7	0	0	0	14
934.400	0	4	5	6	2	7	0	0	0	0	0	0	0	0	4	7	0	0	13	4	0	0	0	8
934.600	0	6	1	1	11	9	0	0	0	0	0	0	0	0	2	15	0	0	11	2	0	0	0	9
934.800	0	4	3	1	6	4	0	0	0	0	0	0	0	0	5	14	0	0	12	6	0	0	0	6
935.000	0	4	4	7	5	8	0	0	0	0	0	0	0	0	6	9	0	1	14	6	0	0	0	8
935.200	2	4	4	9	5	5	0	0	0	0	0	0	0	0	7	9	0	1	10	7	0	0	0	11
935.400	1	4	2	5	8	5	0	0	0	0	0	0	0	0	6	8	0	0	8	6	0	0	0	7
935.600	0	4	4	6	6	7	0	0	0	0	0	0	0	0	2	8	0	1	16	6	0	0	0	4
935.800	0	6	1	1	6	8	0	0	0	0	0	0	0	0	3	8	0	0	8	3	0	0	0	6
936.000	0	4	5	7	5	8	0	0	0	0	0	0	0	0	6	3	0	0	14	6	0	0	0	12
936.200	1	2	1	5	5	7	0	0	0	0	0	0	0	0	4	11	0	0	8	7	0	0	0	9
936.400	1	5	1	5	7	7	0	0	0	0	0	0	0	0	7	4	0	0	16	8	0	0	0	8
936.600	2	4	2	2	7	9	0	0	0	0	0	0	0	0	8	15	0	0	10	8	0	0	0	4
936.800	0	5	3	6	4	5	0	0	0	0	0	0	0	0	6	8	0	0	13	4	0	0	0	7
937.000	0	4	3	5	6	7	0	0	0	0	0	0	0	0	5	3	0	0	13	7	0	0	0	11
937.200	2	6	3	2	6	7	0	0	0	0	0	0	0	0	7	3	0	0	10	6	0	0	0	15
937.400	2	4	0	4	8	8	0	0	0	0	0	0	0	0	7	5	0	0	12	2	0	0	0	12
937.600	2	10	3	5	7	2	0	0	0	0	0	0	0	0	1	10	0	0	12	2	0	0	0	9
937.800	2	4	4	4	5	9	0	0	0	0	0	0	0	0	7	6	0	0	12	3	0	0	0	10
938.000	0	5	6	6	9	5	0	0	0	0	0	0	0	0	8	9	0	0	12	1	0	0	0	11
938.200	2	4	4	4	8	11	0	0	0	0	0	0	0	0	5	9	0	0	14	4	0	0	0	9
938.400	1	5	2	2	6	6	0	0	0	0	0	0	0	0	7	8	0	0	15	3	0	0	0	5
938.600	2	4	4	4	5	10	0	0	0	0	0	0	0	0	6	9	0	0	23	6	0	0	0	11
938.800	0	4	4	3	7	6	0	0	0	0	0	0	0	0	8	6	0	1	18	3	0	0	0	10
939.000	3	4	2	5	5	6	0	0	0	0	0	0	0	0	10	5	0	1	15	6	0	0	0	11
939.200	2	5	0	0	8	4	0	0	0	0	0	0	0	0	7	7	0	0	16	4	0	0	0	13
939.400	3	4	2	3	9	8	0	0	0	0	0	0	0	0	2	10	0	0	12	2	0	0	0	11
939.600	3	5	2	2	6	6	0	0	0	0	0	0	0	0	3	10	0	0	14	6	0	0	0	13
939.800	1	4	0	2	4	3	0	0	0	0	0	0	0	0	9	7	0	0	18	4	0	0	0	15
940.000	2	4	4	5	5	4	0	0	0	0	0	0	0	0	6	5	0	0	17	7	0	0	0	13
940.200	4	4	3	4	8	5	0	0	0	0	0	0	0	0	2	10	0	0	13	6	0	0	0	14
940.400	2	4	0	3	9	6	0	0	0	0	0	0	0	0	7	11	0	0	16	3	0	0	0	15
940.600	1	7	4	1	6	9	0	0	0	0	0	0	0	0	4	7	0	0	18	7	0	0	0	15
940.800	1	2	0	0	7	7	0	0	0	0	0	0	0	0	6	7	0	1	18	5	0	0	0	13
941.000	1	6	5	7	6	9	0	0	0	0	0	0	0	0	7	4	0	0	16	6	0	0	0	15
941.200	1	4	3	5	8	7	0	0	0	0	0	0	0	0	7	7	0	0	14	2	0	0	0	11
941.400	0	4	8	8	10	5	0	0	0	0	0	0	0	0	3	9	0	0	13	7	0	0	0	14
941.600	1	4	1	6	8	7	0	0	0	0	0	0	0	0	3	12	0	0	15	4	0	0	0	9
941.800	1	2	1	4	6	7	0	0	0	0	0	0	0	0	4	9	0	0	13	5	0	0	0	9
942.000	0	4	4	5	8	5	0	0	0	0	0	0	0	0	3	9	0	0	13	7	0	0	0	12
942.200	0	6	4	1	7	7	0	0	0	0	0	0	0	0	0	8	0	0	11	2	0	0	0	12
942.400	0	3	4	7	5	7	0	0	0	0	0	0	0	0	0	14	0	0	17	7	0	0	0	6
942.600	0	4	4	7	6	5	0	0	0	0	0	0	0	0	5	9	0	0	12	5	0	0	0	5
942.800	0	5	2	5	5	6	0	0	0	0	0	0	0	0	2	14	0	1	14	4	0	0	0	8
943.000	0	4	3	5	4	6	0	0	0	0	0	0	0	0	4	11	0	0	10	5	0	0	0	11
943.200	0	4	4	3	5	7	0	0	0	0	0	0	0	0	7	12	0	0	10	5	0	0	0	9
943.400	0	6	3	4	6	5	0	0	0	0	0	0	0	0	2	10	0	0	13	5	0	0	0	10
943.600	0	4	3	7	7	5	0	0	0	0	0	0	0	0	1	12	0	0	8	1	0	0	0	12
943.800	0	4	4	3	3	4	0	0	0	0	0	0	0	0	2	16	0	0	13	6	0	0	0	16
944.000	0	3	1	6	4	6	0	0	0	0	0	0	0	0	3	8	0	0	12	6	0	0	0	11
944.200	0	4	8	8	12	9	0	0	0	0	0	0	0	0	4	7	0	0	14	4	0	0	0	10
944.400	0	5	4	6	3	2	0	0	0	0	0	0	0	0	0	7	0	0	15	8	0	0	0	11
944.600	0	5	7	9	6	10	0	0	0	0	0	0	0	0	3	10	0	0	18	4	0	0	0	14
944.800	0	4	3	5	7	5	0	0	0	0	0	0	0	0	4	8	0	0	13	3	0	0	0	12
945.000	0	5	3	3	6	7	0	0	0	0	0	0	0	0	4	4	0	0	11	3	0	0	0	9
945.200	0	5	4	2	6	8	0	0	0	0	0	0	0	0	3	12	0	0	11	4	0	0	0	11
945.400	0	4	4	8	7	2	0	0	0	0	0	0	0	0	4	9	0	0	11	8	0	0	0	9
945.600	0	4	2	6	7	4	0	0	0	0	0	0	0	0	4	9	0	0	10	4	0	0	0	7
945.800	0	4	5	5	8	7	0	0	0	0	0	0	0	0	4	11	0	0	10	4	0	0	0	9
946.000	0	4	5	4	8	4	0	0	0	0	0	0	0	0	4	8	0	0	12	4	0	0	0	10
946.200	1	4	6	5	6	8	0	0	0	0	0	0	0	0	4	12	0	0	13	3	0	0	0	11
946.400	0	4	8	4	8	9	0	0	0	0	0	0	0	0	0	9	0	0	10	3	0	0	0	13
946.600	0	4	3	5	6	5	0	0	0	0	0	0	0	0	6	14	0	0	13	3	0	0	0	10
946.800	0	6	7	7	10	4	0	0	0	0	0	0	0	0	6	10	0	0	13	3	0	0	0	16
947.000	0	4	2	3	9	9	0	0	0	0	0	0	0	0	3	12	0	0	15	4	0	0	0	11
947.200	0	4	2	1	6	4	0	0	0	0	0	0	0	0	5	12	0	0	16	1	0	0	0	9
947.400	0	4	6	6	9	3	0	0	0	0	0	0	0	0	3	14	0	0	19	4	0	0	0	13
947.600	0	7	4	6	5	5	0	0	0	0	0	0	0	0	5	19	0	0	18	1	0	0	0	8
947.800	0	7	4	4	5	5	0	0	0	0	0	0	0	0	3	15	0	0	12	2	0	0	0	7
948.000	0	5	2	4	9	3	0	0	0	0	0	0	0	0	2	14	0	0	10	1	0	0	0	11
948.200	0	5	0	2	5	9	0	0	0	0	0	0	0	0	3	17	0	0	11	1	0	0	0	14
948.400	0	2	3	3	6	5	0	0	0	0	0	0	0	0	0	19	0	0	12	3	0	0	0	19
948.600	0	2	4	5	4	6	0	0	0	0	0	0	0	0	4	11	0	1	16	6	0	0	0	8
948.800	0	0	0	5	4	7	0	0	0	0	0	0	0	0	0	9	0	0	9	1	0	0	0	12
949.000	0	3	4	6	8	3	0	0	0	0	0	0	0	0	3	8	0	0	14	3	0	0	0	11
949.200	0	4	0	6	7	7	0	0	0	0	0	0	0	0	4	6	0	0	13	7	0	0	0	9
949.400	0	4	4	5	3	4	0	0	0	0	0	0	0	0	2	13	0	0	12	8	0	0	0	12
949.600	0	6	2	4	7	4	0	0	0	0	0	0	0	0	1	12	0	1	15	7	0	0	0	14
949.800	0	4	2	6	3	9	0	0	0	0	0	0	0	0	3	11	0	0	11	5	0	0	0	15
950.000	0	1	3	0	9	6	0	0	0	0	0	0	0	0	1	6	0	0	15	8	0	0	0	8
950.200	0	3	0	2	9	10	0	0	0	0	0	0	0	0	6	12	0	0	10	7	0	0	0	5
950.400	0	3	0	0	7	9	0	0	0	0	0	0	0	0	3	8	0	0	9	7	0	0	0	14
950.600	0	3	3	2	7	6	0	0	0	0	0	0	0	0	7	8	0	0	7	7	0	0	0	9
950.800	0	7	4	6	7	5	0	0	0	0	0	0	0	0	3	8	0	1	11	5	0	0	0	9
951.000	0	4	4	3	7	10	0	0	0	0	0	0	0	0	5	11	0	0	6	8	0	0	0	1
951.200	0	9	5	5	6	4	0	0	0	0	0	0	0	0	9	7	0	0	7	6	0	0	0	15
951.400	0	8	5	3	3	2	0	0	0	0	0	0	0	0	5	11	0	1	8	7	0	0	0	8
951.600	0	2	2	6	8	7	0	0	0	0	0	0	0	0	8	5	0	1	7	7	0	0	0	4
951.800	0	8	2	3	2	8	0	0	0	0	0	0	0	0	5	8	0	0	4	6	0	0	0	6
952.000	0	2	3	4	5	7	0	0	0	0	0	0	0	0	6	4	0	0	4	5	0	0	0	10
952.200	0	3	0	3	5	9	0	0	0	0	0	0	0	0	6	10	0	0	7	6	0	0	0	9
952.400	0	3	3	2	7	11	0	0	0	0	0	0	0	0	4	8	0	0	5	8	0	0	0	13
952.600	0	4	1	3	9	7	0	0	0	0	0	0	0	0	5	9	0	0	6	8	0	0	0	15
952.800	0	2	4	4	2	8	0	0	0	0	0	0	0	0	7	5	0	0	5	4	0	0	0	2
953.000	0	6	3	4	5	3	0	0	0	0	0	0	0	0	7	8	0	0	6	7	0	0	0	14
953.200	0	1	4	3	8	6	0	0	0	0	0	0	0	0	9	5	0	0	5	9	0	0	0	10
953.400	0	4	4	5	1	2	0	0	0	0	0	0	0	0	7	7	0	0	4	5	0	0	0	9
953.600	0	2	5	3	4	6	0	0	0	0	0	0	0	0	8	11	0	0	4	8	0	0	0	6
953.800	0	7	4	2	6	7	0	0	0	0	0	0	0	0	4	8	0	1	10	9	0	0	0	10
954.000	0	8	3	5	8	7	0	0	0	0	0	0	0	0	8	10	0	2	8	10	0	0	0	7
954.200	0	4	2	4	3	8	0	0	0	0	0	0	0	0	2	5	0	0	7	8	0	0	0	15
954.400	2	5	0	4	8	1	0	0	0	0	0	0	0	0	8	6	0	1	9	6	0	0	0	6
954.600	4	5	1	2	3	2	0	0	0	0	0	0	0	0	5	4	0	1	9	8	0	0	0	3
954.800	7	8	0	1	4	2	0	0	0	0	0	0	0	0	7	7	0	0	4	5	0	0	0	3
955.000	5	12	0	0	5	4	0	0	0	0	0	0	0	0	4	10	0	0	6	10	0	0	0	4
955.200	4	11	3	1	5	4	0	0	0	0	0	0	0	0	7	10	0	1	8	8	0	0	0	3
955.400	2	5	0	0	7	7	0	0	0	0	0	0	0	0	8	4	0	1	8	9	0	0	0	3
955.600	4	4	0	0	9	2	0	0	0	0	0	0	0	0	6	7	0	1	14	13	0	0	0	6
955.800	0	8	0	0	5	2	0	0	0	0	0	0	0	0	7	6	0	0	10	6	0	0	0	8
956.000	1	6	0	0	9	6	0	0	0	0	0	0	0	0	6	8	0	0	11	9	0	0	0	14
956.200	9	10	0	1	8	8	0	0	0	0	0	0	0	0	4	12	0	0	12	8	0	0	0	9
956.400	4	11	0	1	3	3	0	0	0	0	0	0	0	0	5	4	0	0	12	6	0	0	0	8
956.600	2	7	0	0	6	6	0	0	0	0	0	0	0	0	5	3	0	0	13	4	0	0	0	12
956.800	6	8	0	1	5	7	0	0	0	0	0	0	0	0	7	4	0	0	13	5	0	0	0	9
957.000	3	12	2	2	3	5	0	0	0	0	0	0	0	0	7	8	0	1	14	7	0	0	0	7
957.200	3	7	0	0	5	6	0	0	0	0	0	0	0	0	3	10	0	0	13	8	0	0	0	10
957.400	3	9	0	0	5	7	0	0	0	0	0	0	0	0	6	9	0	0	12	5	0	0	0	9
957.600	3	9	2	0	5	10	0	0	0	0	0	0	0	0	3	8	0	1	15	5	0	0	0	8
957.800	3	9	0	0	6	3	0	0	0	0	0	0	0	0	7	4	0	0	10	4	0	0	0	10
958.000	7	13	1	0	5	4	0	0	0	0	0	0	0	0	7	10	0	0	13	5	0	0	0	11
958.200	6	8	1	0	7	6	0	0	0	0	0	0	0	0	5	6	0	0	6	6	0	0	0	4
958.400	7	12	0	0	3	3	0	0	0	0	0	0	0	0	4	2	0	0	5	5	0	0	0	5
958.600	5	8	4	1	6	5	0	0	0	0	0	0	0	0	6	3	0	0	16	8	0	0	0	14
958.800	6	8	3	3	2	4	0	0	0	0	0	0	0	0	4	7	0	0	11	4	0	0	0	11
959.000	4	8	4	4	6	6	0	0	0	0	0	0	0	0	7	4	0	0	13	7	0	0	0	9
959.200	6	15	4	6	4	6	0	0	0	0	0	0	0	0	8	7	0	0	13	6	0	0	0	11
959.400	4	9	3	5	5	7	0	0	0	0	0	0	0	0	8	8	0	0	8	10	0	0	0	11
959.600	8	9	0	4	6	7	0	0	0	0	0	0	0	0	5	10	0	0	8	9	0	0	0	10
959.800	6	8	1	4	7	10	0	0	0	0	0	0	0	0	7	7	0	0	6	7	0	0	0	8
960.000	4	11	0	2	0	2	0	0	0	0	0	0	0	0	3	16	0	0	11	5	0	0	0	5
960.200	5	10	0	4	4	5	0	0	0	0	0	0	0	0	0	10	0	0	13	6	0	0	0	6
960.400	5	8	0	1	13	9	0	0	0	0	0	0	0	0	5	4	0	0	11	5	0	0	0	8
960.600	5	12	0	1	6	7	0	0	0	0	0	0	0	0	5	15	0	0	12	3	0	0	0	8
960.800	9	8	4	5	5	9	0	0	0	0	0	0	0	0	4	5	0	0	23	7	0	0	0	10
961.000	5	6	0	0	8	7	0	0	0	0	0	0	0	0	1	9	0	0	8	5	0	0	0	9
961.200	3	9	3	3	7	4	0	0	0	0	0	0	0	0	1	15	0	0	15	1	0	0	0	9
961.400	3	9	2	0	10	5	0	0	0	0	0	0	0	0	1	7	0	0	10	1	0	0	0	6
961.600	3	11	1	0	9	5	0	0	0	0	0	0	0	0	4	6	0	0	15	4	0	0	0	1
961.800	3	11	0	3	7	4	0	0	0	0	0	0	0	0	4	8	0	0	12	5	0	0	0	10
962.000	6	10	0	1	11	6	0	0	0	0	0	0	0	0	4	12	0	0	13	4	0	0	0	12
962.200	4	8	3	3	7	7	0	0	0	0	0	0	0	0	7	6	0	0	12	9	0	0	0	8
962.400	5	8	4	1	7	5	0	0	0	0	0	0	0	0	2	5	0	0	12	5	0	0	0	6
962.600	5	14	3	7	8	13	0	0	0	0	0	0	0	0	0	14	0	0	12	5	0	0	0	5
962.800	3	9	3	7	6	8	0	0	0	0	0	0	0	0	4	4	0	0	10	4	0	0	0	12
963.000	3	5	0	6	8	7	0	0	0	0	0	0	0	0	2	10	0	0	10	5	0	0	0	10
963.200	4	12	3	8	7	6	0	0	0	0	0	0	0	0	0	11	0	0	13	4	0	0	0	7
963.400	10	9	0	1	7	1	0	0	0	0	0	0	0	0	2	12	0	0	19	4	0	0	0	2
963.600	5	10	2	2	8	7	0	0	0	0	0	0	0	0	2	6	0	0	17	3	0	0	0	5
963.800	5	10	3	2	3	1	0	0	0	0	0	0	0	0	2	11	0	0	12	4	0	0	0	3
964.000	7	11	1	0	5	8	0	0	0	0	0	0	0	0	6	9	0	0	12	5	0	0	0	9
964.200	2	6	3	1	8	5	0	0	0	0	0	0	0	0	4	5	0	0	11	8	0	1	0	5
964.400	8	8	0	7	6	5	0	0	0	0	0	0	0	0	2	6	0	0	11	2	0	0	0	12
964.600	7	3	0	6	7	7	0	0	0	0	0	0	0	0	5	11	0	0	12	5	0	0	0	6
964.800	12	6	0	5	7	5	0	0	0	0	0	0	0	0	7	13	0	0	14	3	0	0	0	11
965.000	12	10	3	2	6	7	0	0	0	0	0	0	0	0	3	15	0	0	9	7	0	0	0	0
965.200	5	6	4	5	9	9	0	0	0	0	0	0	0	0	3	13	0	0	12	5	0	0	0	10
965.400	15	7	0	4	8	12	0	0	0	0	0	0	0	0	5	13	0	0	10	7	0	0	0	7
965.600	5	3	1	8	8	10	0	0	0	0	0	0	0	0	1	11	0	0	12	5	0	0	0	10
965.800	11	4	0	5	11	5	0	0	0	0	0	0	0	0	6	12	0	0	15	5	0	0	0	9
966.000	14	7	0	1	5	8	0	0	0	0	0	0	0	0	6	13	0	0	16	4	0	0	0	6
966.200	12	11	2	4	4	11	0	0	0	0	0	0	0	0	6	8	0	0	14	5	0	0	0	7
966.400	5	5	1	6	7	9	0	0	0	0	0	0	0	0	7	9	0	0	13	7	0	0	0	8
966.600	9	12	0	3	10	5	0	0	0	0	0	0	0	0	6	4	0	0	13	6	0	0	0	2
966.800	7	6	0	2	6	5	0	0	0	0	0	0	0	0	4	9	0	0	12	3	0	0	0	3
967.000	4	8	0	3	9	6	0	0	0	0	0	0	0	0	2	14	0	0	14	6	0	0	0	6
967.200	7	6	0	1	7	10	0	0	0	0	0	0	0	0	5	10	0	0	6	7	0	0	0	6
967.400	5	12	2	3	8	10	0	0	0	0	0	0	0	0	4	13	0	0	9	4	0	0	0	5
967.600	4	9	1	5	10	5	0	0	0	0	0	0	0	0	4	8	0	0	11	9	0	0	0	12
967.800	6	9	4	7	6	7	0	0	0	0	0	0	0	0	7	9	0	0	12	5	0	0	0	5
968.000	6	13	3	3	10	6	0	0	0	0	0	0	0	0	6	7	0	0	12	3	0	0	0	1
968.200	5	7	1	2	2	3	0	0	0	0	0	0	0	0	7	11	0	0	11	8	0	0	0	10
968.400	4	5	0	1	4	9	0	0	0	0	0	0	0	0	4	9	0	0	12	7	0	0	0	5
968.600	5	9	0	4	1	2	0	0	0	0	0	0	0	0	9	8	0	0	12	8	0	0	0	8
968.800	4	10	3	5	5	5	0	0	0	0	0	0	0	0	4	10	0	0	9	8	0	0	0	9
969.000	6	10	3	3	6	9	0	0	0	0	0	0	0	0	4	11	0	0	15	8	0	0	0	9
969.200	4	11	2	2	7	11	0	0	0	0	0	0	0	0	5	7	0	0	14	5	0	0	0	10
969.400	5	12	1	3	6	5	0	0	0	0	0	0	0	0	4	8	0	0	13	4	0	0	0	8
969.600	4	12	3	3	5	3	0	0	0	0	0	0	0	0	4	7	0	0	13	7	0	0	0	6
969.800	3	8	1	1	7	9	0	0	0	0	0	0	0	0	7	8	0	0	16	8	0	0	0	10
970.000	7	5	0	1	7	11	0	0	0	0	0	0	0	0	5	6	0	0	12	9	0	0	0	9
970.200	7	7	3	2	8	14	0	0	0	0	0	0	0	0	5	5	0	0	13	8	0	0	0	6
970.400	8	9	0	0	4	4	0	0	0	0	0	0	0	0	9	5	0	0	12	4	0	0	0	5
970.600	5	10	0	3	4	11	0	0	0	0	0	0	0	0	6	4	0	0	6	8	0	0	0	6
970.800	6	7	0	3	5	5	0	0	0	0	0	0	0	0	2	10	0	0	10	6	0	0	0	8
971.000	7	8	0	2	4	2	0	0	0	0	0	0	0	0	4	7	0	0	7	6	0	0	0	13
971.200	10	13	4	4	5	5	0	0	0	0	0	0	0	0	4	8	0	0	15	6	0	0	0	9
971.400	8	9	4	3	7	6	0	0	0	0	0	0	0	0	6	4	0	0	13	4	0	0	0	10
971.600	6	9	0	1	6	11	0	0	0	0	0	0	0	0	5	5	0	0	7	8	0	0	0	9
971.800	7	11	1	2	7	9	0	0	0	0	0	0	0	0	7	6	0	0	15	4	0	0	0	2
972.000	2	7	1	1	9	10	0	0	0	0	0	0	0	0	9	7	0	0	17	4	0	0	0	4
972.200	1	6	0	0	8	5	0	0	0	0	0	0	0	0	4	6	0	0	11	8	0	0	0	8
972.400	9	17	3	0	7	7	0	0	0	0	0	0	0	0	4	8	0	1	15	9	0	0	0	6
972.600	10	9	1	1	7	7	0	0	0	0	0	0	0	0	6	8	0	0	15	6	0	0	0	3
972.800	7	12	2	0	6	9	0	0	0	0	0	0	0	0	6	6	0	0	12	6	0	0	0	2
973.000	1	4	2	4	7	3	0	0	0	0	0	0	0	0	5	5	0	0	14	2	0	0	0	0
973.200	2	6	1	5	10	10	0	0	0	0	0	0	0	0	12	9	0	0	10	6	0	0	0	8
973.400	0	4	3	5	2	2	0	0	0	0	0	0	0	0	5	6	0	0	10	6	0	0	0	1
973.600	2	9	4	5	5	9	0	0	0	0	0	0	0	0	11	4	0	0	12	6	0	0	0	1
973.800	1	7	3	6	5	8	0	0	0	0	0	0	0	0	6	8	0	0	18	4	0	0	0	1
974.000	0	4	0	0	7	7	0	0	0	0	0	0	0	0	2	8	0	0	13	5	0	0	0	2
974.200	0	6	3	8	4	10	0	0	0	0	0	0	0	0	7	7	0	0	14	9	0	0	0	1
974.400	0	8	3	5	2	6	0	0	0	0	0	0	0	0	4	5	0	0	11	7	0	0	0	2
974.600	2	6	0	2	5	4	0	0	0	0	0	0	0	0	6	8	0	0	13	10	0	0	0	3
974.800	0	4	3	7	5	6	0	0	0	0	0	0	0	0	0	8	0	0	12	7	0	0	0	9
975.000	4	4	0	5	5	8	0	0	0	0	0	0	0	0	2	12	0	0	13	4	0	0	0	6
975.200	2	4	2	6	5	5	0	0	0	0	0	0	0	0	1	12	0	0	15	0	0	0	0	5
975.400	1	4	3	7	6	8	0	0	0	0	0	0	0	0	4	4	0	1	13	0	0	0	0	10
975.600	0	4	1	6	5	7	0	0	0	0	0	0	0	0	5	13	0	1	14	0	0	0	0	4
975.800	1	4	1	3	5	9	0	0	0	0	0	0	0	0	2	15	0	0	16	0	0	0	0	8
976.000	0	5	3	3	2	3	0	0	0	0	0	0	0	0	5	7	0	0	11	0	0	0	0	8
976.200	2	5	4	2	8	3	0	0	0	0	0	0	0	0	1	8	0	0	14	0	0	0	0	4
976.400	1	6	4	5	9	3	0	0	0	0	0	0	0	0	5	17	0	0	13	0	0	0	0	8
976.600	0	4	2	4	7	2	0	0	0	0	0	0	0	0	6	18	0	0	11	0	0	0	0	7
976.800	0	4	4	6	7	6	0	0	0	0	0	0	0	0	2	10	0	0	8	0	0	0	0	8
977.000	0	0	3	7	9	5	0	0	0	0	0	0	0	0	2	13	0	0	12	0	0	0	0	5
977.200	0	0	6	8	3	3	0	0	0	0	0	0	0	0	6	10	0	0	15	0	0	0	0	9
977.400	0	0	3	7	5	5	0	0	0	0	0	0	0	0	4	12	0	0	15	0	0	0	0	9
977.600	0	0	3	9	5	6	0	0	0	0	0	0	0	0	3	17	0	0	17	0	0	0	0	14
977.800	0	0	0	6	9	9	0	0	0	0	0	0	0	0	1	7	0	1	16	0	0	0	0	10
978.000	0	0	0	5	10	8	0	0	0	0	0	0	0	0	7	11	0	1	10	0	0	0	0	6
978.200	0	0	0	2	5	7	0	0	0	0	0	0	0	0	5	9	0	1	13	0	0	0	0	12
978.400	0	0	2	6	5	6	0	0	0	0	0	0	0	0	5	17	0	1	14	0	0	0	0	7
978.600	0	0	0	5	9	3	0	0	0	0	0	0	0	0	1	14	0	0	15	0	0	0	0	8
978.800	0	2	3	5	10	7	0	0	0	0	0	0	0	0	1	9	0	0	10	0	0	0	0	10
979.000	0	7	6	7	8	5	0	0	0	0	0	0	0	0	1	10	0	0	13	0	0	0	0	9
979.200	0	4	3	3	6	4	0	0	0	0	0	0	0	0	1	15	0	0	12	0	0	0	0	5
979.400	0	2	3	5	9	8	0	0	0	0	0	0	0	0	1	12	0	0	13	0	0	0	0	4
979.600	0	3	5	2	5	2	0	0	0	0	0	0	0	0	2	14	0	0	13	0	0	0	0	9
979.800	0	7	6	3	10	12	0	0	0	0	0	0	0	0	6	9	0	0	13	0	0	0	0	7
980.000	0	3	0	6	1	6	0	0	0	0	0	0	0	0	3	16	0	0	13	0	0	0	0	6
980.200	0	2	0	2	6	5	0	0	0	0	0	0	0	0	4	22	0	0	13	0	0	0	0	7
980.400	0	5	3	2	5	5	0	0	0	0	0	0	0	0	1	19	0	0	10	0	0	0	0	8
980.600	0	7	2	1	7	9	0	0	0	0	0	0	0	0	1	14	0	0	3	0	0	0	0	4
980.800	0	4	2	1	7	6	0	0	0	0	0	0	0	0	5	10	0	0	4	0	0	0	0	10
981.000	0	4	3	3	6	9	0	0	0	0	0	0	0	0	4	16	0	0	9	0	0	0	0	7
981.200	0	6	4	3	8	11	0	0	0	0	0	0	0	0	5	12	0	0	13	0	0	0	0	6
981.400	0	8	4	4	5	5	0	0	0	0	0	0	0	0	2	9	0	0	10	0	0	0	0	6
981.600	0	3	3	2	6	5	0	0	0	0	0	0	0	0	2	11	0	0	12	0	0	0	0	5
981.800	0	1	0	2	7	6	0	0	0	0	0	0	0	0	7	17	0	0	8	0	0	0	0	7
982.000	0	5	0	0	6	10	0	0	0	0	0	0	0	0	5	11	0	0	9	0	0	0	0	6
982.200	0	6	1	0	4	6	0	0	0	0	0	0	0	0	5	5	0	0	7	0	0	0	0	6
982.400	0	4	2	2	5	8	0	0	0	0	0	0	0	0	2	7	0	0	9	0	0	0	0	8
982.600	0	4	3	1	0	7	0	0	0	0	0	0	0	0	2	14	0	0	7	0	0	0	0	6
982.800	0	4	3	5	2	3	0	0	0	0	0	0	0	0	2	8	0	0	8	0	0	0	0	7
983.000	0	7	6	9	5	7	0	0	0	0	0	0	0	0	6	8	0	0	8	0	0	0	0	7
983.200	0	4	4	8	11	8	0	0	0	0	0	0	0	0	8	7	0	0	7	0	0	0	0	3
983.400	0	3	5	7	7	10	0	0	0	0	0	0	0	0	2	11	0	1	3	0	0	0	0	2
983.600	0	6	6	5	4	3	0	0	0	0	0	0	0	0	2	9	0	0	4	0	0	0	0	4
983.800	0	4	6	4	3	6	0	0	0	0	0	0	0	0	5	11	0	0	9	0	0	0	0	2
984.000	0	3	3	6	5	5	0	0	0	0	0	0	0	0	4	12	0	0	4	0	0	0	0	4
984.200	0	4	2	6	4	1	0	0	0	0	0	0	0	0	6	15	0	0	6	0	0	0	0	3
984.400	0	4	4	5	6	8	0	0	0	0	0	0	0	0	6	14	0	0	6	0	0	0	0	8
984.600	0	1	0	1	4	8	0	0	0	0	0	0	0	0	6	13	0	0	10	0	0	0	0	3
984.800	0	4	2	4	4	7	0	0	0	0	0	0	0	0	5	11	0	0	8	0	0	0	0	5
985.000	1	6	1	6	4	9	0	0	0	0	0	0	0	0	4	12	0	0	3	0	0	0	0	8
985.200	0	6	0	5	10	13	0	0	0	0	0	0	0	0	2	9	0	0	7	0	0	0	0	7
985.400	0	4	4	6	8	4	0	0	0	0	0	0	0	0	2	14	0	0	7	0	0	0	0	5
985.600	0	4	2	5	8	13	0	0	0	0	0	0	0	0	5	9	0	0	7	0	0	0	0	10
985.800	0	6	3	5	8	8	0	0	0	0	1	0	0	0	2	14	0	0	6	0	0	0	0	6
986.000	0	3	2	7	8	11	0	0	0	0	0	0	0	0	6	13	0	0	5	0	0	0	0	10
986.200	0	2	3	3	2	7	0	0	0	0	1	0	0	0	2	14	0	0	1	0	0	0	0	12
986.400	0	2	3	3	5	9	0	0	0	0	0	0	0	0	0	16	0	0	6	0	0	0	0	5
986.600	0	3	1	5	6	9	0	0	0	0	0	0	0	0	4	12	0	0	6	0	0	0	0	11
986.800	0	4	3	1	3	5	0	0	0	0	0	0	0	0	4	18	0	0	10	0	0	0	0	4
987.000	0	0	1	5	5	6	0	0	0	0	0	0	0	0	8	16	0	0	12	0	0	0	0	10
987.200	0	1	4	8	5	6	0	0	0	0	1	0	0	0	0	18	0	0	10	0	0	0	0	7
987.400	0	4	4	2	5	9	0	0	0	0	3	0	0	0	6	17	0	0	11	0	0	0	0	2
987.600	0	4	4	3	7	10	0	0	0	0	4	0	0	0	5	13	0	0	12	0	0	0	0	9
987.800	0	1	3	4	9	9	0	0	0	0	5	0	0	0	7	7	0	0	11	0	0	0	0	3
988.000	0	6	2	0	6	6	0	0	0	0	4	0	0	0	5	14	0	0	11	0	0	0	0	3
988.200	0	4	2	2	6	8	0	0	0	0	2	0	0	0	7	12	0	0	13	0	0	0	0	3
988.400	0	8	4	2	2	6	0	0	0	0	4	0	0	0	0	14	0	0	8	0	0	0	0	6
988.600	0	3	3	1	5	9	0	0	0	0	4	0	0	0	1	13	0	0	11	0	0	0	0	5
988.800	0	1	3	5	3	5	0	0	0	0	2	0	0	0	5	8	0	0	11	0	0	0	0	6
989.000	0	5	3	3	6	5	0	0	0	0	4	0	0	0	2	9	0	0	14	0	0	0	0	7
989.200	0	6	3	6	7	7	0	0	0	0	4	0	0	0	2	11	0	0	13	0	0	0	0	6
989.400	2	6	3	3	2	7	0	0	0	0	5	0	0	0	2	11	0	1	11	0	0	0	0	7
989.600	0	4	4	4	4	7	0	0	0	0	4	0	0	0	2	13	0	0	10	0	0	0	0	7
989.800	1	7	0	1	3	3	0	0	0	0	5	0	0	0	4	12	0	0	13	0	0	0	0	4
990.000	2	4	0	3	5	10	0	0	0	0	2	0	0	0	0	13	0	0	6	0	0	0	0	3
990.200	2	6	3	0	6	9	0	0	0	0	0	0	0	0	5	12	0	0	10	0	0	0	0	5
990.400	1	4	1	7	6	6	0	0	0	0	0	0	0	0	2	10	0	0	6	0	0	0	0	5
990.600	0	2	0	4	7	7	0	0	0	0	0	0	0	0	5	5	0	0	5	0	0	0	0	5
990.800	1	4	0	1	3	4	0	0	0	0	0	0	0	0	4	9	0	0	5	0	0	0	0	10
991.000	2	3	0	3	3	6	0	0	0	0	0	0	0	0	5	7	0	0	6	0	0	0	0	9
991.200	2	5	0	2	9	6	0	0	0	0	0	0	0	0	4	6	0	0	6	0	0	0	0	5
991.400	2	6	0	3	6	7	0	0	0	0	1	0	0	0	7	10	0	0	6	0	0	0	0	11
991.600	1	4	0	4	7	7	0	0	0	0	1	0	0	0	6	12	0	0	6	0	0	0	0	11
991.800	1	5	3	2	6	10	0	0	0	0	0	0	0	0	6	8	0	0	5	0	0	0	0	5
992.000	2	5	0	0	6	12	0	0	0	0	0	0	0	0	6	10	0	0	5	0	0	0	0	8
992.200	7	5	0	0	4	5	0	0	0	0	0	0	0	0	7	5	0	0	5	0	0	0	0	10
992.400	2	6	0	0	7	9	0	0	0	0	0	0	0	0	5	7	0	0	5	0	0	0	0	10
992.600	3	10	0	2	5	9	0	0	0	0	1	0	0	0	5	13	0	0	6	0	0	0	0	12
992.800	2	6	0	0	0	7	0	0	0	0	0	0	0	0	4	6	0	0	4	0	0	0	0	12
993.000	2	10	4	5	4	8	0	0	0	0	0	0	0	0	3	6	0	0	6	0	0	0	0	9
993.200	4	5	3	2	6	10	0	0	0	0	0	0	0	0	5	9	0	0	6	0	0	0	0	10
993.400	8	13	1	1	7	11	0	0	0	0	0	0	0	0	5	7	0	0	5	0	0	0	0	6
993.600	3	6	3	4	7	8	0	0	0	0	0	0	0	0	3	10	0	0	5	0	0	0	0	10
993.800	1	12	0	3	6	7	0	0	0	0	0	0	0	0	4	8	0	0	5	0	0	0	0	9
994.000	2	11	2	2	5	8	0	0	0	0	0	0	0	0	2	3	0	0	6	0	0	0	0	11
994.200	0	7	0	0	4	7	0	0	0	0	0	0	0	0	3	11	0	0	6	0	0	0	0	9
994.400	2	10	3	5	5	4	0	0	0	0	1	0	0	0	0	11	0	0	6	0	0	0	0	8
994.600	2	10	3	4	5	10	0	0	0	0	0	0	0	0	2	8	0	0	6	0	0	0	0	9
994.800	2	5	3	4	4	6	0	0	0	0	0	0	0	0	1	16	0	0	5	0	0	0	0	9
995.000	4	4	0	1	9	10	0	0	0	0	0	0	0	0	3	12	0	0	5	0	0	0	0	13
995.200	6	12	1	0	6	4	0	0	0	0	0	0	0	0	4	6	0	0	4	0	0	0	0	7
995.400	3	6	4	2	3	6	0	0	0	0	0	0	0	0	3	13	0	0	5	0	0	0	0	10
995.600	5	7	3	4	4	8	0	0	0	0	0	0	0	0	5	3	0	0	5	0	0	0	0	6
995.800	2	8	2	3	7	6	0	0	0	0	0	0	0	0	7	5	0	0	5	0	0	0	0	9
996.000	1	6	0	3	6	4	0	0	0	0	0	0	0	0	4	11	0	0	4	0	0	0	0	7
996.200	3	5	1	1	4	4	0	0	0	0	0	0	0	0	4	5	0	0	4	0	0	0	0	6
996.400	2	3	3	4	8	4	0	0	0	0	0	0	0	0	5	8	0	0	6	0	0	0	0	7
996.600	2	6	2	4	5	6	0	0	0	0	0	0	0	0	6	9	0	0	5	0	0	0	0	7
996.800	1	8	1	2	6	12	0	0	0	0	0	0	0	0	5	4	0	0	6	0	0	0	0	7
997.000	6	8	4	1	6	5	0	0	0	0	0	0	0	0	4	9	0	0	5	0	0	0	0	6
997.200	7	7	0	2	4	6	0	0	0	0	0	0	0	0	4	3	0	0	5	0	0	0	0	8
997.400	4	7	0	2	4	8	0	0	0	0	0	0	0	0	4	10	0	0	5	0	0	0	0	6
997.600	2	7	3	3	5	10	0	0	0	0	0	0	0	0	4	10	0	0	5	0	0	0	0	9
997.800	0	8	0	2	5	7	0	0	0	0	0	0	0	0	3	12	0	0	6	0	0	0	0	6
998.000	0	11	4	5	5	4	0	0	0	0	0	0	0	0	2	14	0	0	6	0	0	0	0	5
998.200	1	8	3	5	2	4	0	0	0	0	0	0	0	0	3	15	0	0	5	0	0	0	0	2
998.400	0	6	3	2	5	8	0	0	0	0	0	0	0	0	3	12	0	0	7	0	0	0	0	4
998.600	5	8	1	1	5	6	0	0	0	0	0	0	0	0	5	17	0	0	4	0	0	0	0	5
998.800	5	9	2	4	5	5	0	0	0	0	1	0	0	0	6	7	0	0	5	0	0	0	0	6
999.000	4	4	1	1	6	6	0	0	0	0	0	0	0	0	5	9	0	0	7	0	0	0	0	5
999.200	1	5	2	1	4	6	0	0	0	0	0	0	0	0	1	9	0	0	5	0	0	0	0	3
999.400	2	7	1	4	8	7	0	0	0	0	0	0	0	0	0	11	0	0	5	0	0	0	0	6
999.600	1	11	4	4	5	6	0	0	0	0	0	0	0	0	0	10	0	0	5	0	0	0	0	10
999.800	1	7	3	2	4	7	0	0	0	0	0	0	0	0	4	13	0	0	5	0	0	0	0	4
1000.000	3	10	4	4	6	6	0	0	0	0	0	0	0	0	1	11	0	0	4	0	0	0	0	4
1000.200	2	13	0	0	6	5	0	0	0	0	0	0	0	0	3	2	0	0	5	0	0	0	0	5
1000.400	0	5	4	5	2	5	0	0	0	0	0	0	0	0	9	1	0	0	5	0	0	0	0	6
1000.600	0	4	3	4	6	8	0	0	0	0	0	0	0	0	4	1	0	0	5	0	0	0	0	2
1000.800	1	5	4	5	6	10	0	0	0	0	0	0	0	0	5	6	0	0	5	0	0	0	0	2
1001.000	2	11	4	2	2	4	0	0	0	0	0	0	0	0	4	8	0	0	6	0	0	0	0	1
1001.200	0	6	3	4	4	4	0	0	0	0	0	0	0	0	4	8	0	0	5	0	0	0	0	1
1001.400	3	6	2	2	3	5	0	0	0	0	0	0	0	0	6	2	0	0	5	0	0	0	0	0
1001.600	4	3	3	4	5	6	0	0	0	0	0	0	0	0	4	7	0	0	6	0	0	0	0	0
1001.800	3	7	3	4	6	5	0	0	0	0	0	0	0	0	2	14	0	0	6	0	0	0	0	0
1002.000	2	5	2	5	6	6	0	0	0	0	0	0	0	0	2	11	0	0	6	0	0	0	0	0
1002.200	5	8	1	3	4	4	0	0	0	0	0	0	0	0	4	13	0	0	6	0	0	0	0	0
1002.400	6	5	0	0	5	11	0	0	0	0	0	0	0	0	4	14	0	0	6	0	0	0	0	0
1002.600	4	7	0	3	5	11	0	0	0	0	0	0	0	0	4	18	0	0	4	0	0	0	0	6
1002.800	1	5	3	3	8	11	0	0	0	0	0	0	0	0	5	15	0	0	6	0	0	0	0	6
1003.000	0	3	0	4	7	6	0	0	0	0	0	0	0	0	5	6	0	0	5	0	0	0	0	6
1003.200	3	6	1	0	6	10	0	0	0	0	0	0	0	0	7	9	0	0	5	0	0	0	0	2
1003.400	2	5	3	6	3	6	0	0	0	0	0	0	0	0	6	3	0	0	6	0	0	0	0	6
1003.600	6	5	0	6	2	6	0	0	0	0	1	0	0	0	4	10	0	0	5	0	0	0	0	0
1003.800	3	9	1	3	9	9	0	0	0	0	0	0	0	0	4	12	0	0	6	0	0	0	0	3
1004.000	6	7	0	2	9	7	0	0	0	0	1	0	0	0	4	17	0	0	5	0	0	0	0	8
1004.200	5	7	0	1	7	10	0	0	0	0	2	0	0	0	5	14	0	0	4	0	0	0	0	2
1004.400	4	8	0	2	5	12	0	0	0	0	3	0	0	0	4	1	0	0	6	0	0	0	0	6
1004.600	2	6	0	1	3	8	0	0	0	0	3	0	0	0	3	10	0	0	5	0	0	0	0	3
1004.800	5	7	0	1	0	9	0	0	0	0	3	0	0	0	6	8	0	0	5	0	0	0	0	0
1005.000	0	11	1	0	5	12	0	0	0	0	1	0	0	0	4	15	0	0	5	0	0	0	0	0
1005.200	2	14	1	6	8	13	0	0	0	0	5	0	0	0	3	11	0	0	5	0	0	0	0	0
1005.400	6	9	4	6	9	17	0	0	0	0	3	0	0	0	4	12	0	0	5	0	0	0	0	0
1005.600	4	6	0	0	6	10	0	0	0	0	4	0	0	0	5	11	0	0	6	0	0	0	0	0
1005.800	5	9	0	2	10	15	0	0	0	0	2	0	0	0	4	9	0	0	6	0	0	0	0	0
1006.000	5	6	3	2	10	15	0	0	0	0	0	0	0	0	3	17	0	0	5	0	0	0	0	0
1006.200	2	5	1	2	6	15	0	0	0	0	0	0	0	0	0	17	0	0	6	0	0	0	0	1
1006.400	8	7	0	0	4	9	0	0	0	0	0	0	0	0	5	10	0	0	6	0	0	0	0	0
1006.600	3	7	0	2	6	10	0	0	0	0	1	0	0	0	4	13	0	0	6	0	0	0	0	0
1006.800	3	5	0	2	7	10	0	0	0	0	0	0	0	0	3	13	0	0	3	0	0	0	0	0
1007.000	3	8	0	7	5	10	0	0	0	0	1	0	0	0	5	12	0	0	6	0	0	0	0	0
1007.200	5	5	3	3	9	8	0	0	0	0	1	0	0	0	0	11	0	0	5	0	0	0	0	1
1007.400	3	4	0	6	2	10	0	0	0	0	1	0	0	0	4	12	0	0	5	0	0	0	0	3
1007.600	5	6	0	5	5	6	0	0	0	0	1	0	0	0	0	16	0	0	6	0	0	0	0	0
1007.800	3	11	5	1	5	8	0	0	0	0	1	0	0	0	4	12	0	0	5	0	0	0	0	8
1008.000	8	16	0	7	2	7	0	0	0	0	2	0	0	0	3	13	0	0	6	0	0	0	0	13
1008.200	6	10	3	8	3	10	0	0	0	0	1	0	0	0	1	14	0	0	6	0	0	0	0	6
1008.400	6	9	0	0	2	4	0	0	0	0	0	0	0	0	2	9	0	0	6	0	0	0	0	10
1008.600	5	6	5	3	3	3	0	0	0	0	0	0	0	0	3	7	0	0	6	0	0	0	0	5
1008.800	7	10	3	6	3	4	0	0	0	0	0	0	0	0	6	8	0	0	6	0	0	0	0	9
1009.000	3	9	0	1	6	7	0	0	0	0	0	0	0	0	2	16	0	0	6	0	0	0	0	6
1009.200	3	8	0	2	8	8	0	0	0	0	1	0	0	0	1	16	0	0	5	0	0	0	0	9
1009.400	3	9	0	2	8	10	0	0	0	0	0	0	0	0	3	10	0	0	4	0	0	0	0	12
1009.600	3	4	0	1	4	7	0	0	0	0	0	0	0	0	3	15	0	0	5	1	0	0	0	11
1009.800	3	7	1	5	7	5	0	0	0	0	0	0	0	0	3	13	0	0	5	0	0	0	0	7
1010.000	3	8	0	0	5	8	0	0	0	0	0	0	0	0	2	18	0	0	6	0	0	0	0	6
1010.200	3	8	0	0	4	7	0	0	0	0	0	0	0	0	0	15	0	0	6	0	0	0	0	9
1010.400	3	9	0	0	3	10	0	0	0	0	0	0	0	0	5	8	0	0	4	0	0	0	0	9
1010.600	6	11	0	2	1	3	0	0	0	0	0	0	0	0	1	12	0	0	6	0	0	0	0	9
1010.800	3	6	0	2	3	9	0	0	0	0	0	0	0	0	3	9	0	0	5	2	0	0	0	7
1011.000	3	7	0	4	4	9	0	0	0	0	0	0	0	0	2	8	0	0	6	1	0	0	0	7
1011.200	7	10	0	5	4	10	0	0	0	0	0	0	0	0	3	16	0	0	5	0	0	0	0	5
1011.400	5	13	2	1	5	11	0	0	0	0	0	0	0	0	0	17	0	0	6	0	0	0	0	4
1011.600	4	5	0	4	4	8	0	0	0	0	0	0	0	0	2	9	0	0	6	0	0	0	0	7
1011.800	3	7	2	3	3	10	0	0	0	0	3	0	0	0	2	4	0	0	6	1	0	0	0	6
1012.000	9	10	1	3	5	10	0	0	0	0	4	0	0	0	3	5	0	0	6	0	0	0	0	15
1012.200	5	11	2	5	6	10	0	0	0	0	1	0	0	0	4	13	0	0	8	0	0	0	0	8
1012.400	6	11	0	3	5	5	0	0	0	0	0	0	0	0	6	12	0	0	7	0	0	0	0	13
1012.600	4	11	0	2	5	6	0	0	0	0	1	0	0	0	5	6	0	0	9	0	0	0	0	11
1012.800	2	7	0	0	2	6	0	0	0	0	0	0	0	0	5	8	0	0	9	0	0	0	0	11
1013.000	2	7	0	4	7	6	0	0	0	0	0	0	0	0	3	6	0	0	10	0	0	0	0	8
1013.200	3	6	0	1	3	3	0	0	0	0	0	0	0	0	4	16	0	0	10	0	0	0	0	10
1013.400	0	2	0	1	1	4	0	0	0	0	0	0	0	0	0	14	0	0	5	0	0	0	0	11
1013.600	0	8	0	4	4	4	0	0	0	0	0	0	0	0	3	13	0	0	4	0	0	0	0	11
1013.800	0	5	3	5	2	6	0	0	0	0	5	0	0	0	5	6	0	0	8	0	0	0	0	10
1014.000	0	4	0	1	5	9	0	0	0	0	4	0	0	0	0	9	0	0	5	0	0	0	0	8
1014.200	0	6	2	2	3	10	0	0	0	0	5	0	0	0	2	8	0	0	6	0	0	0	0	10
1014.400	0	6	1	4	3	8	0	0	0	0	9	0	0	0	4	8	0	0	4	0	0	0	0	11
1014.600	0	7	3	4	4	8	0	0	0	0	4	0	0	0	5	6	0	0	6	0	0	0	0	10
1014.800	0	7	2	5	8	6	0	0	0	0	3	0	0	0	6	6	0	0	8	0	0	0	0	10
1015.000	0	7	3	8	5	11	0	0	0	0	3	0	0	0	8	3	0	0	4	0	0	0	0	6
1015.200	0	6	3	7	4	6	0	0	0	0	3	0	0	0	5	5	0	0	0	0	0	0	0	4
1015.400	0	7	4	7	6	9	0	0	0	0	3	0	0	0	4	12	0	0	1	0	0	0	0	10
1015.600	0	6	2	8	2	9	0	0	0	0	2	0	0	0	7	11	0	0	7	0	0	0	0	5
1015.800	0	2	0	5	1	9	0	0	0	0	0	0	0	0	5	10	0	0	6	0	0	0	0	8
1016.000	0	4	4	4	3	6	0	0	0	0	0	0	0	0	6	6	0	0	9	0	0	0	0	5
1016.200	0	4	1	4	3	10	0	0	0	0	3	0	0	0	5	2	0	0	5	0	0	0	0	2
1016.400	0	4	0	1	5	5	0	0	0	0	3	0	0	0	9	6	0	0	8	0	0	0	0	9
1016.600	0	4	4	3	3	11	0	0	0	0	4	0	0	0	5	5	0	0	9	0	0	0	0	9
1016.800	2	4	2	7	7	9	0	0	0	0	3	0	0	0	7	10	0	0	10	0	0	0	0	7
1017.000	2	8	4	5	8	9	0	0	0	0	4	0	0	0	3	12	0	0	7	0	0	0	0	9
1017.200	2	5	1	5	5	6	0	0	0	0	3	0	0	0	4	7	0	0	6	0	0	0	0	10
1017.400	2	5	2	5	5	6	0	0	0	0	2	0	0	0	8	10	0	0	9	0	0	0	0	5
1017.600	2	4	0	2	6	7	0	0	0	0	1	0	0	0	5	7	0	0	8	0	0	0	0	11
1017.800	2	8	2	3	5	6	0	0	0	0	3	0	0	0	4	10	0	0	9	0	0	0	0	12
1018.000	0	5	1	5	5	5	0	0	0	0	1	0	0	0	3	7	0	0	5	0	0	0	0	7
1018.200	0	4	2	4	3	8	0	0	0	0	5	0	0	0	2	9	0	0	9	0	0	0	0	3
1018.400	0	5	0	4	4	5	0	0	0	0	2	0	0	0	4	14	0	0	5	0	0	0	0	2
1018.600	0	5	2	6	10	5	0	0	0	0	0	0	0	0	0	11	0	0	8	0	0	0	0	11
1018.800	4	5	0	0	6	4	0	0	0	0	0	0	0	0	3	9	0	0	9	0	0	0	0	7
1019.000	0	5	1	1	6	8	0	0	0	0	0	0	0	0	6	4	0	0	7	0	0	0	0	0
1019.200	2	6	3	2	5	7	0	0	0	0	0	0	0	0	4	8	0	0	6	0	0	0	0	1
1019.400	5	6	2	1	4	4	0	0	0	0	1	0	0	0	3	15	0	0	7	0	0	0	0	12
1019.600	1	4	3	1	8	4	0	0	0	0	0	0	0	0	4	6	0	0	5	0	0	0	0	9
1019.800	0	5	2	4	5	6	0	0	0	0	0	0	0	0	3	12	0	0	7	0	0	0	0	10
1020.000	0	4	2	4	5	9	0	0	0	0	0	0	0	0	4	10	0	0	9	0	0	0	0	7
1020.200	0	2	3	4	6	6	0	0	0	0	0	0	0	0	5	9	0	0	9	0	0	0	0	10
1020.400	0	5	7	7	7	9	0	0	0	0	0	0	0	0	7	2	0	0	10	0	0	0	0	11
1020.600	0	6	5	7	6	10	0	0	0	0	0	0	0	0	5	5	0	0	7	0	0	0	0	12
1020.800	0	4	4	2	2	7	0	0	0	0	1	0	0	0	5	5	0	0	5	0	0	0	0	9
1021.000	0	8	2	1	5	5	0	0	0	0	0	0	0	0	9	5	0	0	6	0	0	0	0	8
1021.200	0	6	3	10	6	8	0	0	0	0	0	0	0	0	6	8	0	0	7	0	0	0	0	3
1021.400	0	4	4	7	8	4	0	0	0	0	0	0	0	0	6	3	0	0	5	0	0	0	0	11
1021.600	0	3	3	8	5	5	0	0	0	0	0	0	0	0	5	2	0	0	6	0	0	0	0	9
1021.800	0	4	4	5	8	6	0	0	0	0	0	0	0	0	5	5	0	0	5	0	0	0	0	12
1022.000	0	5	2	7	6	0	0	0	0	0	0	0	0	0	5	11	0	0	6	0	0	0	0	9
1022.200	0	4	3	4	9	5	0	0	0	0	0	0	0	0	5	5	0	0	5	0	0	0	0	10
1022.400	0	7	4	3	3	3	0	0	0	0	0	0	0	0	6	6	0	0	6	0	0	0	0	3
1022.600	0	3	4	5	6	3	0	0	0	0	0	0	0	0	8	6	0	0	6	0	0	0	0	5
1022.800	0	4	5	6	5	5	0	0	0	0	0	0	0	0	7	4	0	0	5	0	0	0	0	4
1023.000	0	8	5	7	5	5	0	0	0	0	0	0	0	0	3	15	0	0	4	0	0	0	0	10
1023.200	0	4	5	6	6	3	0	0	0	0	0	0	0	0	3	10	0	0	1	0	0	0	0	8
1023.400	0	4	4	5	2	5	0	0	0	0	0	0	0	0	7	5	0	0	5	0	0	0	0	11
1023.600	0	4	4	5	6	6	0	0	0	0	1	0	0	0	4	4	0	0	4	0	0	0	0	11
1023.800	0	4	3	6	8	9	0	0	0	0	0	0	0	0	5	0	0	0	4	0	0	0	0	7
1024.000	0	5	5	5	6	9	0	0	0	0	1	0	0	0	3	5	0	0	4	0	0	0	0	8
1024.200	0	7	5	6	7	5	0	0	0	0	0	0	0	0	3	6	0	0	6	0	0	0	0	9
1024.400	0	6	4	5	5	6	0	0	0	0	0	0	0	0	6	6	0	0	4	0	0	0	0	10
1024.600	0	7	5	5	7	1	0	0	0	0	0	0	0	0	3	7	0	0	4	0	0	0	0	10
1024.800	0	6	5	6	8	4	0	0	0	0	0	0	0	0	6	5	0	0	4	0	0	0	0	13
1025.000	0	4	7	2	9	7	0	0	0	0	0	0	0	0	5	6	0	0	6	0	0	0	0	9
1025.200	0	5	7	11	8	8	0	0	0	0	0	0	0	0	2	3	0	0	6	0	0	0	0	8
1025.400	0	4	2	5	11	10	0	0	0	0	0	0	0	0	7	11	0	0	6	0	0	0	0	11
1025.600	0	4	5	6	6	9	0	0	0	0	0	0	0	0	5	3	0	0	6	0	0	0	0	11
1025.800	0	8	4	5	7	9	0	0	0	0	0	0	0	0	8	3	0	0	9	0	0	0	0	11
1026.000	0	2	0	4	8	5	0	0	0	0	0	0	0	0	7	5	0	0	8	0	0	0	0	9
1026.200	0	7	3	2	6	5	0	0	0	0	0	0	0	0	6	5	0	0	6	0	0	0	0	8
1026.400	0	4	3	6	5	6	0	0	0	0	0	0	0	0	6	3	0	0	4	0	0	0	0	7
1026.600	0	4	6	4	6	5	0	0	0	0	1	0	0	0	7	7	0	0	6	0	0	0	0	11
1026.800	0	6	4	6	8	7	0	0	0	0	0	0	0	0	4	4	0	0	5	0	0	0	0	12
1027.000	0	7	5	2	8	5	0	0	0	0	0	0	0	0	5	6	0	0	3	0	0	0	0	13
1027.200	0	6	3	1	4	1	0	0	0	0	0	0	0	0	5	9	0	0	5	0	0	0	0	13
1027.400	0	4	5	2	5	5	0	0	0	0	0	0	0	0	3	2	0	0	4	0	0	0	0	9
1027.600	0	4	3	7	6	2	0	0	0	0	5	0	0	0	2	3	0	0	1	0	0	0	0	15
1027.800	0	5	6	2	8	5	0	0	0	0	4	0	0	0	3	3	0	0	0	0	0	0	0	10
1028.000	0	8	3	7	6	6	0	0	0	0	3	0	0	0	6	9	0	0	0	0	0	0	0	7
1028.200	0	4	3	4	8	5	0	0	0	0	0	0	0	0	0	4	0	0	0	0	0	0	0	3
1028.400	0	5	4	6	9	5	0	0	0	0	1	0	0	0	6	10	0	0	0	0	0	0	0	11
1028.600	0	4	5	8	3	5	0	0	0	0	1	0	0	0	3	6	0	0	3	0	0	0	0	10
1028.800	0	7	5	5	7	10	0	0	0	0	5	0	0	0	5	7	0	0	0	0	0	0	0	6
1029.000	0	2	0	4	5	11	0	0	0	0	3	0	0	0	6	9	0	0	0	0	0	0	0	2
1029.200	0	4	3	8	5	13	0	0	0	0	5	0	0	0	6	7	0	0	3	0	0	0	0	5
1029.400	0	5	3	7	2	5	0	0	0	0	5	0	0	0	3	5	0	0	0	0	0	0	0	0
1029.600	0	7	6	6	6	5	0	0	0	0	4	0	0	0	2	7	0	0	0	0	0	0	0	1
1029.800	0	4	3	5	6	7	0	0	0	0	3	0	0	0	3	6	0	0	0	0	0	0	0	0
1030.000	0	6	1	5	8	6	0	0	0	0	5	0	0	0	4	7	0	0	0	0	0	0	0	1
1030.200	0	4	2	6	6	8	0	0	0	0	5	0	0	0	6	12	0	0	0	0	0	0	0	0
1030.400	0	4	2	4	6	9	0	0	0	0	5	0	0	0	5	6	0	0	0	0	0	0	0	0
1030.600	0	4	3	7	3	5	0	0	0	0	5	0	0	0	7	13	0	0	2	0	0	0	0	0
1030.800	0	4	3	7	6	5	0	0	0	0	5	0	0	0	2	8	0	0	0	0	0	0	0	0
1031.000	0	6	2	3	5	10	0	0	0	0	5	0	0	0	7	1	0	0	0	0	0	0	0	0
1031.200	0	6	1	6	9	7	0	0	0	0	5	0	0	0	2	8	0	0	0	0	0	0	0	0
1031.400	0	8	3	5	10	7	0	0	0	0	5	0	0	0	7	9	0	0	0	0	0	0	0	0
1031.600	0	4	0	5	5	6	0	0	0	0	3	0	0	0	6	5	0	0	0	0	0	0	0	0
1031.800	0	5	3	2	8	7	0	0	0	0	4	0	0	0	7	10	0	0	0	0	0	0	0	0
1032.000	0	5	5	3	4	3	0	0	0	0	1	0	0	0	5	3	0	0	0	0	0	0	0	0
1032.200	0	5	4	5	8	4	0	0	0	0	0	0	0	0	3	8	0	0	0	0	0	0	0	0
1032.400	0	5	3	2	5	6	0	0	0	0	0	0	0	0	4	6	0	0	0	0	0	0	0	0
1032.600	0	4	1	3	4	4	0	0	0	0	0	0	0	0	8	5	0	0	0	0	0	0	0	0
1032.800	0	5	1	6	6	7	0	0	0	0	0	0	0	0	2	12	0	0	0	0	0	0	0	0
1033.000	0	1	4	6	6	10	0	0	0	0	0	0	0	0	5	6	0	0	0	0	0	0	0	0
1033.200	0	7	4	5	4	7	0	0	0	0	0	0	0	0	10	2	0	0	0	0	0	0	0	0
1033.400	0	5	2	3	5	6	0	0	0	0	0	0	0	0	7	2	0	0	0	0	0	0	0	0
1033.600	0	8	0	4	7	6	0	0	0	0	0	0	0	0	8	5	0	0	0	0	0	0	0	0
1033.800	0	8	1	3	8	8	0	0	0	0	2	0	0	0	4	3	0	0	0	0	0	0	0	0
1034.000	0	8	2	5	5	11	0	0	0	0	3	0	0	0	6	4	0	0	1	0	0	0	0	0
1034.200	0	5	1	5	2	11	0	0	0	0	3	0	0	0	6	7	0	0	0	0	0	0	0	0
1034.400	0	8	3	5	7	4	0	0	0	0	4	0	0	0	6	4	0	0	0	0	0	0	0	0
1034.600	0	3	0	6	8	8	0	0	0	0	5	0	0	0	6	2	0	0	0	0	0	0	0	0
1034.800	0	5	2	3	5	10	0	0	0	0	5	0	0	0	6	17	0	0	0	0	0	0	0	0
1035.000	0	5	3	5	6	6	0	0	0	0	5	0	0	0	5	8	0	0	0	0	0	0	0	0
1035.200	0	5	3	5	5	7	0	0	0	0	5	0	0	0	2	6	0	0	0	0	0	0	0	0
1035.400	0	5	0	5	6	9	0	0	0	0	2	0	0	0	5	2	0	0	0	0	0	0	0	0
1035.600	0	4	6	6	7	9	0	0	0	0	2	0	0	0	4	2	0	0	0	0	0	0	0	1
1035.800	0	5	8	7	5	9	0	0	0	0	2	0	0	0	7	10	0	0	4	0	0	0	0	0
1036.000	0	5	3	5	4	6	0	0	0	0	4	0	0	0	8	3	0	0	5	0	0	0	0	0
1036.200	0	4	6	9	8	5	0	0	0	0	2	0	0	0	3	10	0	0	0	0	0	0	0	1
1036.400	0	6	5	6	6	9	0	0	0	0	2	0	0	0	7	7	0	0	0	0	0	0	0	0
1036.600	0	6	4	5	5	4	0	0	0	0	3	0	0	0	6	8	0	0	0	0	0	0	0	0
1036.800	0	9	7	8	6	3	0	0	0	0	4	0	0	0	6	2	0	0	0	0	0	0	0	1
1037.000	0	5	3	9	8	7	0	0	0	0	4	0	0	0	3	6	0	0	0	0	0	0	0	0
1037.200	0	4	1	5	4	5	0	0	0	0	3	0	0	0	4	3	0	0	0	0	0	0	0	0
1037.400	0	4	5	7	7	5	0	0	0	0	1	0	0	0	5	2	0	0	0	0	0	0	0	0
1037.600	0	4	7	8	5	5	0	0	0	0	2	0	0	0	2	1	0	0	0	0	0	0	0	0
1037.800	0	4	4	9	2	6	0	0	0	0	5	0	0	0	3	9	0	0	0	0	0	0	0	0
1038.000	0	9	4	8	3	4	0	0	0	0	6	0	0	0	2	6	0	0	2	0	0	0	0	0
1038.200	0	4	2	5	3	7	0	0	0	0	4	0	0	0	3	5	0	0	0	0	0	0	0	1
1038.400	0	4	3	6	8	7	0	0	0	0	4	0	0	0	5	10	0	0	5	0	0	0	0	2
1038.600	0	4	2	6	3	6	0	0	0	0	5	0	0	0	8	7	0	0	5	0	0	0	0	0
1038.800	0	4	0	1	6	9	0	0	0	0	5	0	0	0	3	8	0	0	2	0	0	0	0	0
1039.000	0	4	3	6	5	5	0	0	0	0	4	0	0	0	7	7	0	0	5	0	0	0	0	0
1039.200	0	4	2	3	5	7	0	0	0	0	1	0	0	0	5	2	0	0	4	0	0	0	0	0
1039.400	0	5	2	4	7	8	0	0	0	0	5	0	0	0	9	7	0	0	5	0	0	0	0	0
1039.600	0	4	0	2	5	12	0	0	0	0	4	0	0	0	6	3	0	0	2	0	0	0	0	1
1039.800	0	5	3	8	6	6	0	0	0	0	4	0	0	0	5	3	0	0	1	0	0	0	0	0
1040.000	0	4	3	6	7	9	0	0	0	0	7	0	0	0	5	4	0	0	2	0	0	0	0	0
1040.200	0	4	5	7	5	5	0	0	0	0	4	0	0	0	8	8	0	0	3	0	0	0	0	0
1040.400	0	7	5	3	5	10	0	0	0	0	3	0	0	0	6	7	0	0	4	0	0	0	0	0
1040.600	0	3	0	3	6	3	0	0	0	0	0	0	0	0	5	9	0	0	3	0	0	0	0	0
1040.800	0	4	3	7	5	6	0	0	0	0	0	0	0	0	9	2	0	1	4	0	0	0	0	0
1041.000	0	0	0	3	5	6	0	0	0	0	1	0	0	0	3	4	0	0	5	0	0	0	0	0
1041.200	0	6	4	8	4	10	0	0	0	0	0	0	0	0	4	6	0	0	3	0	0	0	0	1
1041.400	0	5	0	4	2	4	0	0	0	0	0	0	0	0	5	13	0	0	3	0	0	0	0	0
1041.600	0	4	4	4	5	3	0	0	0	0	0	0	0	0	6	6	0	0	3	0	0	0	0	0
1041.800	0	4	5	6	6	7	0	0	0	0	0	0	0	0	5	10	0	0	3	0	0	0	0	5
1042.000	0	6	5	2	5	12	0	0	0	0	0	0	0	0	9	7	0	0	3	0	0	0	0	3
1042.200	0	6	3	3	5	7	0	0	0	0	0	0	0	0	4	11	0	0	6	0	0	0	0	7
1042.400	0	4	5	10	3	7	0	0	0	0	0	0	0	0	6	7	0	0	6	0	0	0	0	5
1042.600	0	2	0	2	2	3	0	0	0	0	0	0	0	0	6	4	0	0	5	0	0	0	0	5
1042.800	0	2	2	2	4	2	0	0	0	0	0	0	0	0	6	6	0	0	5	0	0	0	0	4
1043.000	0	2	0	3	9	3	0	0	0	0	0	0	0	0	9	10	0	0	3	0	0	0	0	8
1043.200	0	2	0	5	3	5	0	0	0	0	0	0	0	0	8	4	0	0	3	0	0	0	0	3
1043.400	0	2	2	2	3	3	0	0	0	0	0	0	0	0	5	4	0	0	3	0	0	0	0	8
1043.600	0	2	5	9	6	3	0	0	0	0	0	0	0	0	7	9	0	0	5	0	0	0	0	3
1043.800	0	2	5	7	2	3	0	0	0	0	0	0	0	0	7	6	0	1	8	0	0	0	0	2
1044.000	0	2	8	9	8	8	0	0	0	0	0	0	0	0	4	9	0	2	6	0	0	0	0	4
1044.200	0	2	6	6	9	7	0	0	0	0	0	0	0	0	6	7	0	0	5	0	0	0	0	9
1044.400	0	4	5	5	5	6	0	0	0	0	0	0	0	0	3	8	0	0	9	0	0	0	0	10
1044.600	0	4	7	9	1	5	0	0	0	0	0	0	0	0	5	7	0	2	10	0	0	0	0	2
1044.800	0	4	7	9	5	10	0	0	0	0	0	0	0	0	6	6	0	0	5	0	0	0	0	4
1045.000	0	5	2	6	5	8	0	0	0	0	1	0	0	0	5	12	0	1	5	0	0	0	0	1
1045.200	0	3	4	6	3	6	0	0	0	0	0	0	0	0	4	9	0	0	6	0	0	0	0	6
1045.400	0	2	5	7	6	7	0	0	0	0	0	0	0	0	8	11	0	0	4	0	0	0	0	3
1045.600	0	4	5	6	7	10	0	0	0	0	0	0	0	0	4	11	0	0	7	0	0	0	0	3
1045.800	0	4	3	7	6	6	0	0	0	0	0	0	0	0	8	4	0	2	12	0	0	0	0	0
1046.000	0	6	3	3	2	1	0	0	0	0	0	0	0	0	3	9	0	0	9	0	0	0	0	4
1046.200	0	4	3	7	8	7	0	0	0	0	0	0	0	0	3	10	0	0	10	0	0	0	0	2
1046.400	0	2	2	4	5	7	0	0	0	0	0	0	0	0	5	9	0	1	4	0	0	0	0	2
1046.600	0	2	3	5	5	6	0	0	0	0	0	0	0	0	7	6	0	2	6	0	0	0	0	3
1046.800	0	4	0	4	4	6	0	0	0	0	0	0	0	0	7	12	0	1	9	0	0	0	0	2
1047.000	0	2	0	1	4	5	0	0	0	0	0	0	0	0	9	4	0	0	5	0	0	0	0	2
1047.200	0	3	0	1	6	5	0	0	0	0	0	0	0	0	5	5	0	0	5	0	0	0	0	1
1047.400	0	2	0	0	3	8	0	0	0	0	0	0	0	0	4	5	0	0	3	0	0	0	0	2
1047.600	0	0	0	1	4	7	0	0	0	0	1	0	0	0	4	3	0	2	2	0	0	0	0	2
1047.800	0	1	0	3	4	8	0	0	0	0	0	0	0	0	6	2	0	0	5	0	0	0	0	0
1048.000	0	0	0	3	3	6	0	0	0	0	0	0	0	0	3	6	0	0	6	0	0	0	0	0
1048.200	0	1	0	3	9	10	0	0	0	0	0	0	0	0	10	4	0	0	6	0	0	0	0	2
1048.400	0	1	0	1	7	9	0	0	0	0	0	0	0	0	5	3	0	0	5	0	0	0	0	11
1048.600	0	1	0	0	2	5	0	0	0	0	0	0	0	0	3	12	0	0	10	0	0	0	0	7
1048.800	0	1	2	5	6	4	0	0	0	0	0	0	0	0	4	8	0	0	9	0	0	0	0	3
1049.000	0	0	0	3	5	11	0	0	0	0	0	0	0	0	5	5	0	0	5	0	0	0	0	7
1049.200	0	1	1	2	5	8	0	0	0	0	0	0	0	0	2	8	0	0	6	0	0	0	0	4
1049.400	0	1	0	0	5	6	0	0	0	0	0	0	0	0	7	4	0	0	1	0	0	0	0	3
1049.600	0	4	0	2	8	10	0	0	0	0	0	0	0	0	5	3	0	0	6	0	0	0	0	2
1049.800	0	0	0	5	2	6	0	0	0	0	0	0	0	0	10	6	0	0	3	0	0	0	0	4
1050.000	0	3	0	4	2	8	0	0	0	0	0	0	0	0	7	8	0	0	8	0	0	0	0	3
1050.200	0	3	3	6	5	10	0	0	0	0	0	0	0	0	6	6	0	0	7	0	0	0	0	4
1050.400	0	1	0	1	5	4	0	0	0	0	0	0	0	0	6	3	0	0	4	0	0	0	0	6
1050.600	0	1	0	4	6	7	0	0	0	0	0	0	0	0	5	5	0	0	7	0	0	0	0	2
1050.800	0	0	0	0	7	5	0	0	0	0	0	0	0	0	7	2	0	0	6	0	0	0	0	1
1051.000	0	1	0	1	6	7	0	0	0	0	0	0	0	0	9	2	0	0	6	0	0	0	0	3
1051.200	0	1	0	0	5	6	0	0	0	0	0	0	0	0	3	2	0	0	4	0	0	0	0	0
1051.400	0	0	0	0	5	8	0	0	0	0	0	0	0	0	6	3	0	0	4	0	0	0	0	0
1051.600	0	0	0	3	2	5	0	0	0	0	0	0	0	0	7	2	0	0	4	0	0	0	0	0
1051.800	0	0	0	3	4	6	0	0	0	0	0	0	0	0	4	4	0	0	2	0	0	0	0	0
1052.000	0	0	0	1	5	1	0	0	0	0	0	0	0	0	2	3	0	0	6	0	0	0	0	0
1052.200	0	0	0	4	3	7	0	0	0	0	0	0	0	0	10	3	0	0	4	0	0	0	0	1
1052.400	0	0	0	2	10	9	0	0	0	0	0	0	0	0	9	3	0	0	4	0	0	0	0	0
1052.600	0	0	0	1	8	8	0	0	0	0	0	0	0	0	4	2	0	0	6	0	0	0	0	6
1052.800	0	0	0	0	7	9	0	0	0	0	0	0	0	0	6	2	0	0	6	0	0	0	0	10
1053.000	0	0	0	3	3	5	0	0	0	0	0	0	0	0	3	4	0	0	2	0	0	0	0	4
1053.200	0	0	0	2	3	6	0	0	0	0	0	0	0	0	5	4	0	0	1	0	0	0	0	4
1053.400	0	0	0	3	0	3	0	0	0	0	1	0	0	0	5	4	0	0	1	0	0	0	0	7
1053.600	0	1	0	0	6	7	0	0	0	0	0	0	0	0	8	1	0	0	5	0	0	0	0	6
1053.800	0	0	0	1	5	10	0	0	0	0	0	0	0	0	4	3	0	0	0	0	0	0	0	10
1054.000	0	1	0	2	4	6	0	0	0	0	0	0	0	0	4	4	0	0	3	0	0	0	0	5
1054.200	0	1	0	2	9	9	0	0	0	0	0	0	0	0	3	3	0	0	3	0	0	0	0	3
1054.400	0	0	0	3	3	11	0	0	0	0	0	0	0	0	6	3	0	0	2	0	0	0	0	12
1054.600	0	1	0	0	3	11	0	0	0	0	0	0	0	0	5	4	0	0	1	0	0	0	0	5
1054.800	0	1	0	2	1	10	0	0	0	0	1	0	0	0	1	3	0	0	1	0	0	0	0	16
1055.000	0	1	0	0	8	11	0	0	0	0	0	0	0	0	5	1	0	0	0	0	0	0	0	12
1055.200	0	1	0	3	5	11	0	0	0	0	1	0	0	0	3	1	0	0	0	0	0	0	0	3
1055.400	0	0	0	2	5	12	0	0	0	0	1	0	0	0	2	3	0	0	0	0	0	0	0	4
1055.600	0	1	1	4	5	12	0	0	0	0	3	0	0	0	1	5	0	0	1	0	0	0	0	8
1055.800	0	0	0	0	3	7	0	0	0	0	3	0	0	0	4	3	0	0	0	0	0	0	0	12
1056.000	0	0	0	3	3	9	0	0	0	0	3	0	0	0	5	3	0	0	0	0	0	0	0	10
1056.200	0	0	0	2	6	8	0	0	0	0	1	0	0	0	3	2	0	0	0	0	0	0	0	9
1056.400	0	1	0	2	3	9	0	0	0	0	1	0	0	0	4	2	0	0	0	0	0	0	0	3
1056.600	0	0	0	1	0	3	0	0	0	0	1	0	0	0	4	0	0	0	0	0	0	0	0	5
1056.800	0	0	0	4	4	6	1	0	0	0	1	0	0	0	7	0	0	0	0	0	0	0	0	7
1057.000	0	0	0	3	5	10	0	0	0	0	3	0	0	0	3	0	0	0	0	0	0	0	0	9
1057.200	0	0	0	2	3	8	0	0	0	0	2	0	0	0	2	0	0	0	0	0	0	0	0	7
1057.400	0	0	0	5	8	7	0	0	0	0	1	0	0	0	10	0	0	0	0	0	0	0	0	7
1057.600	0	0	0	3	5	10	0	0	0	0	0	0	0	0	5	0	0	0	0	0	0	0	0	9
1057.800	0	0	0	8	7	6	0	0	0	0	0	0	0	0	2	0	0	0	0	0	0	0	0	11
1058.000	0	0	0	3	6	7	0	0	0	0	1	0	0	0	5	0	0	0	0	0	0	0	0	7
1058.200	0	1	0	3	8	9	0	0	0	0	0	0	0	0	1	0	0	0	0	0	0	0	0	4
1058.400	0	0	0	4	4	8	0	0	0	0	0	0	0	0	2	0	0	0	0	0	0	0	0	7
1058.600	0	1	2	5	8	6	0	0	0	0	0	0	0	0	6	0	0	0	0	0	0	0	0	5
1058.800	0	1	3	5	7	8	0	0	0	0	1	0	0	0	6	0	0	0	0	0	0	0	0	5
1059.000	0	0	0	2	4	8	0	0	0	0	4	0	0	0	5	0	0	0	0	0	0	0	0	7
1059.200	0	0	0	2	3	3	0	0	0	0	1	0	0	0	10	0	0	0	0	0	0	0	0	3
1059.400	0	0	0	3	4	10	0	0	0	0	2	0	0	0	7	0	0	0	0	0	0	0	0	7
1059.600	0	1	0	5	4	7	0	0	0	0	3	0	0	0	6	0	0	0	0	0	0	0	0	2
1059.800	0	0	0	5	7	11	0	0	0	0	2	0	0	0	5	0	0	0	0	0	0	0	0	7
1060.000	0	9	0	7	6	6	0	0	0	0	1	0	0	0	4	0	0	0	0	0	0	0	0	2
1060.200	0	3	2	9	7	10	0	0	0	0	0	0	0	0	3	0	0	0	0	0	0	0	0	5
1060.400	0	4	3	7	3	11	0	0	0	0	0	0	0	0	7	0	0	0	0	0	0	0	0	7
1060.600	0	3	6	7	6	7	0	0	0	0	0	0	0	0	0	1	0	0	1	0	0	0	0	4
1060.800	0	1	1	6	5	10	0	0	0	0	0	0	0	0	5	4	0	0	0	0	0	0	0	0
1061.000	0	1	4	8	8	7	0	0	0	0	0	0	0	0	6	1	0	0	0	0	0	0	0	0
1061.200	0	7	1	4	3	4	0	0	0	0	0	0	0	0	5	4	0	0	0	0	0	0	0	2
1061.400	0	4	3	4	2	7	0	0	0	0	0	0	0	0	8	5	0	0	0	0	0	0	0	1
1061.600	0	5	4	6	4	9	0	0	0	0	0	0	0	0	7	8	0	0	0	0	0	0	0	1
1061.800	0	4	4	6	4	6	0	0	0	0	0	0	0	0	6	6	0	0	0	0	0	0	0	0
1062.000	0	4	4	4	4	8	0	0	0	0	0	0	0	0	7	11	0	0	0	0	0	0	0	0
1062.200	0	4	0	5	6	6	0	0	0	0	0	0	0	0	7	6	0	0	0	0	0	0	0	1
1062.400	0	4	4	6	4	7	0	0	0	0	0	0	0	0	6	10	0	0	0	0	0	0	0	1
1062.600	0	4	5	6	5	10	0	0	0	0	1	0	0	0	6	8	0	0	0	0	0	0	0	0
1062.800	0	4	6	8	6	13	0	0	0	0	1	0	0	0	12	4	0	0	0	0	0	0	0	0
1063.000	0	0	3	7	0	8	0	0	0	0	0	0	0	0	8	4	0	0	0	0	0	0	0	0
1063.200	0	0	0	4	3	9	0	0	0	0	0	0	0	0	6	9	0	0	0	0	0	0	0	0
1063.400	0	0	0	1	6	7	0	0	0	0	0	0	0	0	8	3	0	0	0	0	0	0	0	0
1063.600	0	4	2	1	3	7	0	0	0	0	0	0	0	0	4	10	0	0	0	0	0	0	0	0
1063.800	0	4	0	6	3	10	0	0	0	0	0	0	0	0	5	2	0	0	0	0	0	0	0	0
1064.000	0	4	3	6	4	5	0	0	0	0	0	0	0	0	3	9	0	0	0	0	0	0	0	0
1064.200	0	5	5	3	5	10	0	0	0	0	0	0	0	0	5	9	0	0	0	0	0	0	0	1
1064.400	0	4	2	4	9	6	0	0	0	0	0	0	0	0	4	8	0	0	0	0	0	0	0	2
1064.600	0	4	3	7	2	7	0	0	0	0	0	0	0	0	4	4	0	0	0	0	0	0	0	0
1064.800	0	4	6	8	7	6	0	0	0	0	0	0	0	0	4	3	0	0	0	0	0	0	0	1
1065.000	0	8	2	6	3	6	0	0	0	0	0	0	0	0	5	1	0	0	0	0	0	0	0	0
1065.200	0	6	3	4	4	8	0	0	0	0	0	0	0	0	4	4	0	0	0	0	0	0	0	3
1065.400	0	6	3	3	7	7	0	0	0	0	0	0	0	0	6	3	0	0	0	0	0	0	0	0
1065.600	0	4	3	7	7	6	0	0	0	0	0	0	0	0	8	1	0	0	0	0	0	0	0	0
1065.800	0	1	2	5	4	6	0	0	0	0	0	0	0	0	12	4	0	0	0	0	0	0	0	1
1066.000	0	6	1	4	3	8	0	0	0	0	0	0	0	0	11	4	0	0	0	0	0	0	0	0
1066.200	0	6	0	4	10	7	0	0	0	0	0	0	0	0	4	1	0	0	0	0	0	0	0	4
1066.400	0	6	5	3	8	8	0	0	0	0	0	0	0	0	6	7	0	0	0	0	0	0	0	3
1066.600	0	4	4	4	4	5	0	0	0	0	0	0	0	0	5	7	0	0	0	0	0	0	0	1
1066.800	0	6	3	5	8	9	0	0	0	0	0	0	0	0	10	4	0	0	0	0	0	0	0	2
1067.000	0	6	2	4	6	7	0	0	0	0	0	0	0	0	11	4	0	0	0	0	0	0	0	2
1067.200	0	4	5	3	5	8	0	0	0	0	0	0	0	0	7	5	0	0	0	0	0	0	0	0
1067.400	0	6	3	3	5	5	0	0	0	0	0	0	0	0	4	9	0	0	0	0	0	0	0	1
1067.600	0	9	3	6	9	7	0	0	0	0	0	0	0	0	5	7	0	0	0	0	0	0	0	1
1067.800	0	2	0	2	10	6	0	0	0	0	0	0	0	0	11	6	0	0	0	0	0	0	0	1
1068.000	0	7	5	5	9	6	0	0	0	0	0	0	0	0	11	7	0	0	0	0	0	0	0	2
1068.200	0	3	2	8	8	7	0	0	0	0	0	0	0	0	6	7	0	0	0	0	0	0	0	1
1068.400	0	3	4	6	8	6	0	0	0	0	0	0	0	0	3	8	0	0	0	0	0	0	0	4
1068.600	0	4	3	5	7	6	0	0	0	0	0	0	0	0	7	8	0	0	0	0	0	0	0	1
1068.800	0	4	3	4	7	6	0	0	0	0	0	0	0	0	7	5	0	0	0	0	0	0	0	3
1069.000	0	5	2	3	6	6	0	0	0	0	0	0	0	0	4	8	0	0	0	0	0	0	0	4
1069.200	0	5	5	5	7	6	0	0	0	0	0	0	0	0	5	10	0	0	0	0	0	0	0	2
1069.400	0	10	4	4	7	5	0	0	0	0	0	0	0	0	4	2	0	0	1	0	0	0	0	2
1069.600	0	4	0	4	5	5	0	0	0	0	0	0	0	0	3	10	0	0	3	0	0	0	0	2
1069.800	0	6	4	5	8	6	0	0	0	0	0	0	0	0	6	5	0	0	2	0	0	0	0	2
1070.000	0	5	3	4	5	6	0	0	0	0	0	0	0	0	6	1	0	0	0	0	0	0	0	2
1070.200	0	6	5	3	5	6	0	0	0	0	0	0	0	0	6	1	0	0	0	0	0	0	0	0
1070.400	0	2	0	6	7	7	0	0	0	0	0	0	0	0	7	1	0	0	0	0	0	0	0	2
1070.600	0	7	2	5	5	6	0	0	0	0	0	0	0	0	11	1	0	0	0	0	0	0	0	4
1070.800	0	6	3	4	4	3	0	0	0	0	0	0	0	0	6	2	0	0	0	0	0	0	0	3
1071.000	0	4	3	6	5	9	0	0	0	0	0	0	0	0	3	4	0	0	0	0	0	0	0	7
1071.200	0	4	6	10	9	6	0	0	0	0	0	0	0	0	6	1	0	0	0	0	0	0	0	5
1071.400	0	0	0	3	8	8	0	0	0	0	0	0	0	0	1	7	0	0	0	0	0	0	0	2
1071.600	0	0	0	4	9	6	0	0	0	0	0	0	0	0	1	7	0	0	0	0	0	0	0	5
1071.800	0	0	0	5	6	9	0	0	0	0	0	0	0	0	2	5	0	0	0	0	0	0	0	2
1072.000	0	0	0	4	3	7	0	0	0	0	0	0	0	0	6	3	0	0	0	0	0	0	0	3
1072.200	0	0	0	4	1	6	0	0	0	0	0	0	0	0	2	2	0	0	0	0	0	0	0	5
1072.400	0	0	3	6	7	5	0	0	0	0	0	0	0	0	8	3	0	0	0	0	0	0	0	3
1072.600	0	0	4	6	8	5	0	0	0	0	0	0	0	0	7	4	0	0	0	0	0	0	0	2
1072.800	0	0	0	3	9	8	0	0	0	0	0	0	0	0	5	0	0	0	0	0	0	0	0	0
1073.000	0	3	4	8	3	6	0	0	0	0	0	0	0	0	3	4	0	0	0	0	0	0	0	0
1073.200	0	5	4	7	5	4	0	0	0	0	0	0	0	0	6	1	0	0	1	0	0	0	0	0
1073.400	0	9	3	3	10	6	0	0	0	0	0	0	0	0	2	4	0	0	0	0	0	0	0	1
1073.600	0	8	5	6	4	8	0	0	0	0	0	0	0	0	5	4	0	0	1	0	0	0	0	1
1073.800	0	5	4	2	10	8	0	0	0	0	0	0	0	0	3	11	0	0	0	0	0	0	0	0
1074.000	0	0	4	6	6	7	0	0	0	0	0	0	0	0	5	10	0	0	3	0	0	0	0	0
1074.200	0	1	3	6	3	3	0	0	0	0	0	0	0	0	3	7	0	0	3	0	0	0	0	9
1074.400	0	1	0	5	4	7	0	0	0	0	0	0	0	0	5	8	0	0	5	0	0	0	0	2
1074.600	0	5	3	5	4	5	0	0	0	0	0	0	0	0	0	8	0	0	3	0	0	0	0	8
1074.800	0	1	0	6	5	4	0	0	0	0	0	0	0	0	3	8	0	0	5	0	0	0	0	11
1075.000	0	3	3	5	9	5	0	0	0	0	0	0	0	0	7	7	0	0	2	0	0	0	0	3
1075.200	0	0	3	3	6	4	0	0	0	0	0	0	0	0	7	8	0	0	9	0	0	0	0	6
1075.400	0	4	0	3	3	4	0	0	0	0	0	0	0	0	6	2	0	0	5	0	0	0	0	1
1075.600	0	5	4	7	6	2	0	0	0	0	0	0	0	0	2	4	0	0	9	0	0	0	0	2
1075.800	0	7	6	7	3	0	0	0	0	0	0	0	0	0	5	6	0	0	8	0	0	0	0	6
1076.000	0	8	4	3	4	0	0	0	0	0	0	0	0	0	8	3	0	0	8	0	0	0	0	3
1076.200	0	4	3	5	3	5	0	0	0	0	0	0	0	0	6	7	0	0	4	0	0	0	0	5
1076.400	0	6	6	6	2	3	0	0	0	0	0	0	0	0	7	1	0	0	9	0	0	0	0	2
1076.600	0	1	0	4	7	4	0	0	0	0	0	0	0	0	6	4	0	0	6	0	0	0	0	4
1076.800	0	3	0	3	3	4	0	0	0	0	0	0	0	0	8	3	0	0	6	0	0	0	0	5
1077.000	0	0	0	4	3	7	0	0	0	0	0	0	0	0	2	0	0	1	10	0	0	0	0	7
1077.200	0	0	0	4	5	6	0	0	0	0	0	0	0	0	4	10	0	0	7	0	0	0	0	6
1077.400	0	4	0	7	6	7	0	0	0	0	0	0	0	0	2	4	0	0	9	0	0	0	0	6
1077.600	0	4	4	5	3	9	0	0	0	0	0	0	0	0	8	3	0	0	10	0	0	0	0	7
1077.800	0	4	5	6	4	5	0	0	0	0	0	0	0	0	9	9	0	0	11	0	0	0	0	2
1078.000	0	2	1	5	5	4	0	0	0	0	0	0	0	0	8	5	0	0	7	0	0	0	0	1
1078.200	0	4	5	8	5	3	0	0	0	0	0	0	0	0	11	12	0	2	7	0	0	0	0	3
1078.400	0	7	6	8	4	4	0	0	0	0	0	0	0	0	3	8	0	0	6	0	0	0	0	6
1078.600	0	6	5	7	6	2	0	0	0	0	0	0	0	0	5	10	0	0	6	0	0	0	0	3
1078.800	0	9	3	3	3	5	0	0	0	0	0	0	0	0	7	11	0	0	6	0	0	0	0	4
1079.000	0	3	3	3	6	7	0	0	0	0	0	0	0	0	7	4	0	0	7	0	0	0	0	5
1079.200	0	7	3	4	5	7	0	0	0	0	0	0	0	0	10	8	0	1	7	0	0	0	0	1
1079.400	0	4	3	6	5	4	0	0	0	0	0	0	0	0	5	4	0	0	9	0	0	0	0	1
1079.600	0	2	0	4	5	5	0	0	0	0	0	0	0	0	5	5	0	2	8	0	0	0	0	2
1079.800	0	5	3	4	6	6	0	0	0	0	0	0	0	0	5	4	0	0	6	0	0	0	0	0
1080.000	0	4	3	7	5	9	0	0	0	0	0	0	0	0	8	3	0	2	7	0	0	0	0	1
1080.200	0	5	3	5	6	9	0	0	0	0	0	0	0	0	8	3	0	3	8	0	0	0	0	1
1080.400	0	7	5	3	6	1	0	0	0	0	0	0	0	0	3	3	0	0	9	0	0	0	0	0
1080.600	0	5	3	3	4	1	0	0	0	0	0	0	0	0	7	6	0	1	13	0	0	0	0	0
1080.800	0	4	3	6	1	0	0	0	0	0	0	0	0	0	2	5	0	0	13	0	0	0	0	0
1081.000	0	1	0	6	2	1	0	0	0	0	0	0	0	0	1	4	0	0	10	0	0	0	0	0
1081.200	0	4	4	3	6	5	0	0	0	0	0	0	0	0	6	5	0	0	11	0	0	0	0	2
1081.400	0	3	2	5	6	5	0	0	0	0	0	0	0	0	5	5	0	0	10	0	0	0	0	0
1081.600	0	2	4	3	7	6	0	0	0	0	0	0	0	0	7	8	0	0	9	0	0	0	0	0
1081.800	0	3	2	5	5	4	0	0	0	0	1	0	0	0	6	14	0	0	8	0	0	0	0	0
1082.000	0	2	0	2	4	9	0	0	0	0	0	0	0	0	4	20	0	0	7	0	0	0	0	0
1082.200	0	3	0	6	2	9	0	0	0	0	1	0	0	0	1	13	0	0	6	0	0	0	0	0
1082.400	0	4	3	6	7	12	0	0	0	0	1	0	0	0	4	12	0	0	7	0	0	0	0	0
1082.600	0	5	0	7	9	10	0	0	0	0	0	0	0	0	8	6	0	0	9	0	0	0	0	0
1082.800	0	6	0	3	7	8	0	0	0	0	0	0	0	0	9	8	0	0	6	0	0	0	0	0
1083.000	0	0	0	6	6	8	0	0	0	0	0	0	0	0	3	2	0	0	5	0	0	0	0	0
1083.200	0	6	2	6	7	8	0	0	0	0	0	0	0	0	6	4	0	0	6	0	0	0	0	0
1083.400	0	4	1	5	7	3	0	0	0	0	0	0	0	0	4	4	0	0	8	0	0	0	0	0
1083.600	0	5	0	5	6	4	0	0	0	0	0	0	0	0	1	3	0	0	8	0	0	0	0	0
1083.800	0	7	0	5	7	4	0	0	0	0	0	0	0	0	4	4	0	0	4	0	0	0	0	0
1084.000	0	8	0	3	5	6	0	0	0	0	0	0	0	0	5	4	0	0	5	0	0	0	0	0
1084.200	0	3	2	4	5	9	0	0	0	0	0	0	0	0	9	5	0	0	5	0	0	0	0	0
1084.400	0	7	3	5	6	7	0	0	0	0	0	0	0	0	8	4	0	0	7	0	0	0	0	0
1084.600	0	6	2	5	6	1	0	0	0	0	0	0	0	0	4	6	0	0	7	0	0	0	0	0
1084.800	0	4	4	5	6	5	0	0	0	0	0	0	0	0	8	4	0	0	7	0	0	0	0	0
1085.000	0	5	4	6	6	8	0	0	0	0	0	0	0	0	6	1	0	0	7	0	0	0	0	0
1085.200	0	6	5	6	8	9	0	0	0	0	0	0	0	0	8	6	0	0	6	0	0	0	0	0
1085.400	0	5	3	5	7	10	0	0	0	0	0	0	0	0	6	1	0	0	6	0	0	0	0	0
1085.600	0	4	5	6	10	5	0	0	0	0	0	0	0	0	9	1	0	0	6	0	0	0	0	3
1085.800	0	3	3	8	6	6	0	0	0	0	0	0	0	0	5	3	0	0	6	0	0	0	0	0
1086.000	0	4	2	5	8	6	0	0	0	0	0	0	0	0	7	2	0	0	6	0	0	0	0	0
1086.200	0	4	4	3	6	4	0	0	0	0	0	0	0	0	8	4	0	0	4	0	0	0	0	0
1086.400	0	4	2	5	9	7	0	0	0	0	0	0	0	0	5	1	0	0	5	0	0	0	0	0
1086.600	0	4	5	6	6	3	0	0	0	0	0	0	0	0	6	3	0	0	6	0	0	0	0	0
1086.800	0	4	5	7	6	5	0	0	0	0	0	0	0	0	6	1	0	0	6	0	0	0	0	0
1087.000	0	7	2	4	9	10	0	0	0	0	0	0	0	0	7	6	0	0	6	0	0	0	0	0
1087.200	0	5	3	7	6	6	0	0	0	0	0	0	0	0	6	6	0	0	6	0	0	0	0	0
1087.400	0	11	5	5	4	6	0	0	0	0	0	0	0	0	9	6	0	0	6	0	0	0	0	0
1087.600	0	5	2	6	6	5	0	0	0	0	0	0	0	0	4	2	0	0	5	0	0	0	0	1
1087.800	0	4	1	6	4	3	0	0	0	0	0	0	0	0	6	2	0	0	6	0	0	0	0	0
1088.000	0	8	4	5	7	7	0	0	0	0	0	0	0	0	9	2	0	0	6	0	0	0	0	0
1088.200	0	2	2	5	6	6	0	0	0	0	0	0	0	0	13	4	0	0	6	0	0	0	0	1
1088.400	0	5	1	7	12	2	0	0	0	0	0	0	0	0	9	8	0	0	6	0	0	0	0	0
1088.600	0	3	3	7	6	5	0	0	0	0	0	0	0	0	8	4	0	0	6	0	0	0	0	2
1088.800	0	6	5	6	7	6	0	0	0	0	0	0	0	0	9	2	0	0	6	0	0	0	0	3
1089.000	0	6	4	3	7	4	0	0	0	0	0	0	0	0	10	10	0	0	7	0	0	0	0	6
1089.200	0	6	3	5	9	8	0	0	0	0	0	0	0	0	10	3	0	0	4	0	0	0	0	8
1089.400	0	4	0	1	6	6	0	0	0	0	0	0	0	0	8	1	0	0	0	0	0	0	0	8
1089.600	0	4	0	3	7	4	0	0	0	0	0	0	0	0	8	3	0	0	5	0	0	0	0	5
1089.800	0	5	5	6	3	9	0	0	0	0	0	0	0	0	8	4	0	0	1	0	0	0	0	6
1090.000	0	4	1	4	10	11	0	0	0	0	0	0	0	0	7	4	0	0	3	0	0	0	0	0
1090.200	0	3	3	5	5	6	0	0	0	0	0	0	0	0	11	2	0	0	6	0	0	0	0	2
1090.400	0	5	6	8	6	5	0	0	0	0	0	0	0	0	7	5	0	0	6	0	0	0	0	0
1090.600	0	5	6	6	5	7	0	0	0	0	0	0	0	0	9	3	0	0	5	0	0	0	0	2
1090.800	0	4	3	5	5	1	0	0	0	0	0	0	0	0	14	2	0	0	6	0	0	0	0	1
1091.000	0	6	7	10	4	7	0	0	0	0	0	0	0	0	7	6	0	0	8	0	0	0	0	1
1091.200	0	7	7	7	4	7	0	0	0	0	0	0	0	0	8	3	0	0	6	0	0	0	0	1
1091.400	0	10	2	7	7	5	0	0	0	0	0	0	0	0	13	6	0	0	9	0	0	0	0	5
1091.600	0	8	3	7	7	7	0	0	0	0	0	0	0	0	10	4	0	0	8	0	0	0	0	4
1091.800	0	6	4	8	5	8	0	0	0	0	0	0	0	0	14	4	0	0	9	0	0	0	0	6
1092.000	0	5	5	9	2	10	0	0	0	0	1	0	0	0	6	1	0	0	9	0	0	0	0	5
1092.200	0	8	5	7	4	6	0	0	0	0	1	0	0	0	14	6	0	0	10	0	0	0	0	4
1092.400	0	5	2	3	5	9	0	0	0	0	1	0	0	0	14	3	0	0	6	0	0	0	0	3
1092.600	0	8	3	5	4	11	0	0	0	0	2	0	0	0	16	5	0	0	9	0	0	0	0	5
1092.800	0	4	3	8	5	8	0	0	0	0	0	0	0	0	12	7	0	0	5	0	0	0	0	6
1093.000	0	4	3	5	6	9	0	0	0	0	0	0	0	0	16	6	0	0	7	0	0	0	0	2
1093.200	0	4	3	3	5	6	0	0	0	0	0	0	0	0	12	8	0	0	11	0	0	0	0	5
1093.400	0	4	4	5	9	7	0	0	0	0	0	0	0	0	11	9	0	0	11	0	0	0	0	3
1093.600	0	4	0	2	5	4	0	0	0	0	0	0	0	0	8	9	0	0	11	0	0	0	0	1
1093.800	0	5	3	6	6	11	0	0	0	0	0	0	0	0	10	7	0	0	13	0	0	0	0	3
1094.000	0	4	1	5	9	8	0	0	0	0	0	0	0	0	9	8	0	1	10	0	0	0	0	14
1094.200	0	4	3	5	9	6	0	0	0	0	0	0	0	0	9	10	0	1	10	0	0	0	0	10
1094.400	0	4	2	6	6	9	0	0	0	0	0	0	0	0	11	2	0	0	8	0	0	0	0	7
1094.600	0	4	6	9	7	10	0	0	0	0	0	0	0	0	8	2	0	0	14	0	0	0	0	8
1094.800	0	4	5	3	7	6	0	0	0	0	0	0	0	0	6	5	0	1	14	0	0	0	0	7
1095.000	0	7	4	4	10	5	0	0	0	0	0	0	0	0	7	7	0	0	8	0	0	0	0	7
1095.200	0	4	5	3	6	7	0	0	0	0	0	0	0	0	9	5	0	1	14	0	0	0	0	3
1095.400	0	4	3	7	10	9	0	0	0	0	0	0	0	0	8	6	0	1	10	0	0	0	0	3
1095.600	0	5	4	6	8	9	0	0	0	0	0	0	0	0	10	7	0	2	10	0	0	0	0	7
1095.800	0	6	3	4	7	8	0	0	0	0	0	0	0	0	8	6	0	1	8	0	0	0	0	1
1096.000	0	8	0	5	2	9	0	0	0	0	1	0	0	0	10	5	0	2	9	0	0	0	0	8
1096.200	0	4	1	6	6	8	0	0	0	0	0	0	0	0	9	10	0	0	7	0	0	0	0	4
1096.400	0	7	4	5	7	9	0	0	0	0	0	0	0	0	6	8	0	0	9	0	0	0	0	5
1096.600	0	3	3	6	8	5	0	0	0	0	0	0	0	0	5	11	0	2	7	0	0	0	0	5
1096.800	0	9	4	4	8	7	0	0	0	0	0	0	0	0	5	8	0	0	8	0	0	0	0	4
1097.000	0	4	2	4	5	9	0	0	0	0	0	0	0	0	11	8	0	1	7	0	0	0	0	4
1097.200	0	4	6	4	4	5	0	0	0	0	0	0	0	0	7	6	0	2	8	0	0	0	0	3
1097.400	0	4	6	7	4	11	0	0	0	0	0	0	0	0	7	3	0	1	9	0	0	0	0	2
1097.600	0	4	5	6	7	7	0	0	0	0	0	0	0	0	9	2	0	1	15	0	0	0	0	12
1097.800	0	4	2	6	6	12	0	0	0	0	0	0	0	0	9	6	0	0	5	0	0	0	0	8
1098.000	0	7	5	5	6	7	0	0	0	0	0	0	0	0	12	9	0	0	3	0	0	0	0	9
1098.200	0	7	4	4	7	8	0	0	0	0	0	0	0	0	10	5	0	1	10	0	0	0	0	7
1098.400	0	6	5	7	4	7	0	0	0	0	2	0	0	0	4	10	0	0	3	0	0	0	0	6
1098.600	0	5	6	5	6	7	0	0	0	0	0	0	0	0	5	4	0	0	5	0	0	0	0	6
1098.800	0	4	5	7	1	7	0	0	0	0	0	0	0	0	8	6	0	0	4	0	0	0	0	4
1099.000	0	4	3	2	4	5	0	0	0	0	0	0	0	0	6	14	0	0	4	0	0	0	0	11
1099.200	0	4	0	5	8	5	0	0	0	0	0	0	0	0	3	8	0	0	3	0	0	0	0	2
1099.400	0	4	3	5	7	9	0	0	0	0	1	0	0	0	1	6	0	0	2	0	0	0	0	5
1099.600	0	4	3	6	3	6	0	0	0	0	0	0	0	0	6	11	0	0	4	0	0	0	0	8
1099.800	0	7	6	8	8	8	0	0	0	0	0	0	0	0	9	6	0	0	6	0	0	0	0	9
1100.000	0	4	6	8	5	3	0	0	0	0	0	0	0	0	3	6	0	0	5	0	0	0	0	6
1100.200	0	4	5	2	3	9	0	0	0	0	0	0	0	0	5	1	0	0	7	0	0	0	0	1
1100.400	0	5	4	3	7	7	0	0	0	0	0	0	0	0	7	8	0	0	8	0	0	0	0	7
1100.600	0	10	7	3	2	6	0	0	0	0	1	0	0	0	6	7	0	0	7	0	0	0	0	6
1100.800	0	4	3	7	7	9	0	0	0	0	0	0	0	0	5	7	0	0	5	0	0	0	0	10
1101.000	0	7	4	6	5	8	0	0	0	0	1	0	0	0	4	3	0	0	4	0	0	0	0	9
1101.200	0	7	0	5	5	6	0	0	0	0	0	0	0	0	6	7	0	0	5	0	0	0	0	3
1101.400	0	4	1	5	7	9	0	0	0	0	0	0	0	0	3	8	0	0	6	0	0	0	0	7
1101.600	0	4	1	2	8	6	0	0	0	0	0	0	0	0	2	1	0	0	4	0	0	0	0	1
1101.800	0	4	3	7	8	8	0	0	0	0	0	0	0	0	6	3	0	0	5	0	0	0	0	6
1102.000	0	4	5	7	8	4	0	0	0	0	0	0	0	0	4	2	0	0	4	0	0	0	0	10
1102.200	0	7	6	7	5	9	0	0	0	0	0	0	0	0	8	2	0	0	4	0	0	0	0	8
1102.400	0	7	6	8	5	6	0	0	0	0	0	0	0	0	4	5	0	0	6	0	0	0	0	10
1102.600	0	4	0	8	5	4	0	0	0	0	0	0	0	0	6	4	0	0	8	0	0	0	0	8
1102.800	0	7	3	7	8	6	0	0	0	0	0	0	0	0	4	5	0	0	6	0	0	0	0	8
1103.000	0	5	3	6	7	8	0	0	0	0	0	0	0	0	4	4	0	0	6	0	0	0	0	7
1103.200	0	9	3	7	8	11	0	0	0	0	0	0	0	0	5	5	0	1	6	0	0	0	0	6
1103.400	0	4	2	4	6	7	0	0	0	0	0	0	0	0	7	1	0	0	5	0	0	0	0	7
1103.600	0	4	3	5	8	8	0	0	0	0	0	0	0	0	6	6	0	0	6	0	0	0	0	6
1103.800	0	7	5	5	5	6	0	0	0	0	0	0	0	0	4	6	0	0	6	0	0	0	0	9
1104.000	0	6	5	6	7	5	0	0	0	0	0	0	0	0	7	3	0	1	6	0	0	0	0	6
1104.200	0	4	5	8	6	4	0	0	0	0	0	0	0	0	6	2	0	0	7	0	0	0	0	4
1104.400	0	8	4	6	2	7	0	0	0	0	0	0	0	0	4	4	0	1	8	0	0	0	0	5
1104.600	0	4	7	3	5	9	0	0	0	0	0	0	0	0	5	4	0	2	9	0	0	0	0	6
1104.800	0	5	7	4	2	6	0	0	0	0	0	0	0	0	5	8	0	0	3	0	0	0	0	7
1105.000	0	1	0	6	3	7	0	0	0	0	0	0	0	0	8	2	0	0	7	0	0	0	0	8
1105.200	0	4	5	5	2	5	0	0	0	0	0	0	0	0	9	6	0	1	3	0	0	0	0	8
1105.400	0	3	5	6	1	6	0	0	0	0	0	0	0	0	8	10	0	1	9	0	0	0	0	11
1105.600	0	6	4	5	4	7	0	0	0	0	0	0	0	0	4	8	0	2	11	0	0	0	0	2
1105.800	0	2	3	3	7	8	0	0	0	0	0	0	0	0	7	5	0	3	10	0	0	0	0	5
1106.000	0	5	4	3	8	6	0	0	0	0	0	0	0	0	4	3	0	1	10	0	0	0	0	7
1106.200	0	4	0	4	2	7	0	0	0	0	1	0	0	0	6	3	0	0	11	0	0	0	0	9
1106.400	0	4	0	5	3	5	0	0	0	0	0	0	0	0	3	5	0	1	14	0	0	0	0	7
1106.600	0	6	7	3	6	8	0	0	0	0	0	0	0	0	5	7	0	0	14	0	0	0	0	11
1106.800	0	4	4	4	5	10	0	0	0	0	0	0	0	0	3	5	0	1	10	0	0	0	0	6
1107.000	0	4	3	6	3	9	0	0	0	0	0	0	0	0	4	1	0	0	12	0	0	0	0	8
1107.200	0	4	2	9	4	9	0	0	0	0	0	0	0	0	2	2	0	0	13	0	0	0	0	7
1107.400	0	4	2	6	6	12	0	0	0	0	1	0	0	0	2	2	0	0	13	0	0	0	0	4
1107.600	0	5	1	5	6	9	0	0	0	0	0	0	0	0	2	4	0	0	14	0	0	0	0	0
1107.800	0	6	1	4	8	8	0	0	0	0	1	0	0	0	8	2	0	1	10	0	0	0	0	3
1108.000	0	8	4	6	4	7	0	0	0	0	1	0	0	0	3	7	0	0	13	0	0	0	0	1
1108.200	0	4	2	5	6	6	0	0	0	0	0	0	0	0	4	7	0	0	15	0	0	0	0	4
1108.400	0	7	2	3	1	5	0	0	0	0	0	0	0	0	4	6	0	0	10	0	0	0	0	10
1108.600	0	4	0	2	1	8	0	0	0	0	0	0	0	0	3	5	0	0	12	0	0	0	0	9
1108.800	0	4	2	2	2	6	0	0	0	0	1	0	0	0	5	5	0	0	12	0	0	0	0	6
1109.000	0	3	2	7	6	7	0	0	0	0	0	0	0	0	2	10	0	0	4	0	0	0	0	7
1109.200	0	11	8	6	8	10	0	0	0	0	0	0	0	0	1	7	0	0	14	0	0	0	0	7
1109.400	0	4	7	8	3	6	0	0	0	0	0	0	0	0	5	7	0	0	16	0	0	0	0	9
1109.600	0	6	3	4	3	6	0	0	0	0	0	0	0	0	1	10	0	0	13	0	0	0	0	4
1109.800	0	6	3	4	5	7	0	0	0	0	0	0	0	0	3	6	0	0	12	0	0	0	0	4
1110.000	0	1	0	5	7	8	0	0	0	0	0	0	0	0	4	7	0	0	12	0	0	0	0	6
1110.200	0	3	3	4	7	10	0	0	0	0	0	0	0	0	5	6	0	0	13	0	0	0	0	6
1110.400	0	5	2	5	5	6	0	0	0	0	0	0	0	0	2	10	0	0	13	0	0	0	0	4
1110.600	0	5	4	3	8	8	0	0	0	0	0	0	0	0	5	8	0	0	14	0	0	0	0	5
1110.800	0	3	3	6	2	5	0	0	0	0	0	0	0	0	6	10	0	0	13	0	0	0	0	5
1111.000	0	4	5	5	6	7	0	0	0	0	0	0	0	0	2	14	0	0	13	0	0	0	0	10
1111.200	0	5	3	7	5	7	0	0	0	0	0	0	0	0	1	11	0	0	12	0	0	0	0	8
1111.400	0	4	3	8	5	3	0	0	0	0	0	0	0	0	2	7	0	0	11	0	0	0	0	11
1111.600	0	4	4	6	2	1	0	0	0	0	0	0	0	0	4	8	0	0	12	0	0	0	0	4
1111.800	0	4	5	8	5	0	0	0	0	0	0	0	0	0	2	8	0	0	13	0	0	0	0	7
1112.000	0	2	5	6	6	0	0	0	0	0	0	0	0	0	3	7	0	0	14	0	0	0	0	6
1112.200	0	4	4	4	2	5	0	0	0	0	0	0	0	0	4	7	0	0	13	0	0	0	0	5
1112.400	0	4	6	8	1	3	0	0	0	0	0	0	0	0	3	2	0	0	15	0	0	0	0	4
1112.600	2	2	0	3	2	5	0	0	0	0	0	0	0	0	4	14	0	0	13	0	0	0	0	3
1112.800	0	2	0	1	7	3	0	0	0	0	0	0	0	0	5	10	0	0	14	0	0	0	0	7
1113.000	7	4	3	5	4	6	0	0	0	0	0	0	0	0	4	14	0	0	13	0	0	0	0	2
1113.200	1	6	7	9	6	4	0	0	0	0	0	0	0	0	5	9	0	0	16	0	0	0	1	4
1113.400	4	4	3	7	1	2	0	0	0	0	0	0	0	0	1	13	0	0	16	0	0	0	0	5
1113.600	0	0	4	8	5	2	0	0	0	0	0	0	0	0	7	11	0	0	6	0	0	0	0	6
1113.800	0	3	0	3	10	1	0	0	0	0	0	0	0	0	11	8	0	0	12	0	0	0	0	5
1114.000	0	2	0	6	7	4	0	0	0	0	0	0	0	0	8	14	0	0	16	0	0	0	0	6
1114.200	0	0	0	5	9	6	0	0	0	0	0	0	0	0	13	3	0	0	12	0	0	0	0	2
1114.400	0	1	0	6	6	6	0	0	0	0	0	0	0	0	15	4	0	0	12	0	0	0	1	5
1114.600	0	2	4	9	8	8	0	0	0	0	0	0	0	0	10	6	0	0	11	0	0	0	0	10
1114.800	0	3	3	5	7	10	0	0	0	0	0	0	0	0	12	4	0	0	13	0	0	0	0	4
1115.000	0	3	5	6	9	7	0	0	0	0	0	0	0	0	12	5	0	0	11	0	0	0	0	1
1115.200	0	2	1	7	8	11	0	0	0	0	0	0	0	0	11	3	0	0	6	0	0	0	0	0
1115.400	0	6	4	4	7	9	0	0	0	0	0	0	0	0	15	5	0	0	11	0	0	0	0	7
1115.600	0	2	2	8	3	11	0	0	0	0	0	0	0	0	11	4	0	0	12	0	0	0	0	6
1115.800	0	1	0	2	5	8	0	0	0	0	0	0	0	0	13	5	0	0	12	0	0	0	0	11
1116.000	0	4	1	8	8	10	0	0	0	0	0	0	0	0	9	3	0	0	13	0	0	0	0	10
1116.200	0	4	6	7	1	9	0	0	0	0	0	0	0	0	12	3	0	0	11	0	0	0	0	4
1116.400	0	1	3	6	4	2	0	0	0	0	0	0	0	0	15	2	0	0	7	0	0	0	0	10
1116.600	0	4	6	9	7	11	0	0	0	0	0	0	0	0	8	2	0	0	12	0	0	0	0	7
1116.800	0	3	5	9	9	8	0	0	0	0	1	0	0	0	8	5	0	0	8	0	0	0	1	9
1117.000	0	6	3	5	6	5	0	0	0	0	0	0	0	0	12	4	0	0	11	0	0	0	0	4
1117.200	0	3	4	3	6	6	0	0	0	0	0	0	0	0	13	5	0	0	13	0	0	0	0	5
1117.400	0	1	4	6	5	5	0	0	0	0	0	0	0	0	11	5	0	0	13	0	0	0	0	1
1117.600	0	0	0	0	5	5	0	0	0	0	0	0	0	0	12	5	0	0	14	0	0	0	0	3
1117.800	0	0	0	3	5	5	0	0	0	0	0	0	0	0	8	4	0	0	12	0	0	0	1	5
1118.000	0	4	0	3	6	5	0	0	0	0	0	0	0	0	11	5	0	0	13	0	0	0	0	2
1118.200	0	6	0	2	5	7	0	0	0	0	0	0	0	0	9	6	0	0	14	0	0	0	0	7
1118.400	0	3	4	1	3	9	0	0	0	0	0	0	0	0	7	7	0	0	14	0	0	0	0	8
1118.600	0	5	2	3	4	7	0	0	0	0	0	0	0	0	8	6	0	0	15	0	0	0	0	12
1118.800	0	3	0	4	7	8	0	0	0	0	0	0	0	0	5	7	0	0	15	0	0	0	0	10
1119.000	0	0	0	0	1	9	0	0	0	0	0	0	0	0	9	9	0	0	14	0	0	0	0	3
1119.200	0	0	0	2	6	8	0	0	0	0	0	0	0	0	9	11	0	0	14	0	0	0	0	1
1119.400	0	4	0	3	3	7	0	0	0	0	0	0	0	0	10	7	0	0	13	0	0	0	0	2
1119.600	0	4	2	5	5	7	0	0	0	0	0	0	0	0	11	5	0	0	13	0	0	0	0	0
1119.800	0	5	3	5	6	5	0	0	0	0	0	0	0	0	10	9	0	0	13	0	0	0	0	0
1120.000	0	4	2	7	7	13	0	0	0	0	0	0	0	0	10	6	0	0	11	0	0	0	0	2
1120.200	0	1	3	5	8	7	0	0	0	0	0	0	0	0	10	7	0	0	10	0	0	0	0	5
1120.400	0	4	2	8	3	7	0	0	0	0	0	0	0	0	14	6	0	0	12	0	0	0	0	0
1120.600	0	2	5	9	6	7	0	0	0	0	0	0	0	0	15	4	0	0	11	0	0	0	0	0
1120.800	0	6	3	6	4	6	0	0	0	0	0	0	0	0	13	7	0	0	13	0	0	0	0	3
1121.000	0	4	4	10	2	8	0	0	0	0	0	0	0	0	15	2	0	0	9	0	0	0	0	3
1121.200	0	5	6	9	6	7	0	0	0	0	0	0	0	0	10	5	0	0	11	0	0	0	0	4
1121.400	0	4	4	10	3	7	0	0	0	0	0	0	0	0	16	5	0	0	12	0	0	0	0	6
1121.600	0	4	2	6	9	17	0	0	0	0	0	0	0	0	10	2	0	0	11	0	0	0	0	1
1121.800	0	4	6	9	6	9	0	0	0	0	0	0	0	0	13	7	0	0	14	0	0	0	0	3
1122.000	0	4	3	11	5	9	0	0	0	0	0	0	0	0	11	3	0	0	10	0	0	0	0	3
1122.200	0	5	5	9	11	6	0	0	0	0	0	0	0	0	13	5	0	0	7	0	0	0	0	2
1122.400	0	2	5	9	6	6	0	0	0	0	0	0	0	0	15	4	0	0	9	0	0	0	0	1
1122.600	0	4	3	6	5	9	0	0	0	0	0	0	0	0	10	5	0	0	5	0	0	0	0	1
1122.800	0	6	2	1	8	13	0	0	0	0	0	0	0	0	10	5	0	0	6	0	0	0	0	1
1123.000	0	2	5	8	7	8	0	0	0	0	0	0	0	0	9	7	0	0	9	0	0	0	0	4
1123.200	0	6	1	7	4	3	0	0	0	0	0	0	0	0	8	7	0	0	8	0	0	0	0	1
1123.400	0	5	4	7	6	8	0	0	0	0	0	0	0	0	8	8	0	0	8	0	0	0	0	1
1123.600	0	2	8	8	5	8	0	0	0	0	0	0	0	0	14	1	0	0	8	0	0	0	0	4
1123.800	0	1	0	4	3	7	0	0	0	0	0	0	0	0	9	2	0	0	9	0	0	0	0	7
1124.000	0	0	0	5	4	6	0	0	0	0	0	0	0	0	11	5	0	0	6	0	0	0	0	7
1124.200	0	0	0	3	9	10	0	0	0	0	0	0	0	0	11	3	0	0	6	0	0	0	0	2
1124.400	0	0	0	2	8	9	0	0	0	0	0	0	0	0	9	6	0	0	6	0	0	0	0	1
1124.600	0	0	0	4	6	8	0	0	0	0	0	0	0	0	12	6	0	0	10	0	0	0	0	4
1124.800	0	0	0	5	5	12	0	0	0	0	0	0	0	0	7	6	0	0	8	0	0	0	0	2
1125.000	0	0	0	3	9	6	0	0	0	0	0	0	0	0	5	8	0	0	8	0	0	0	0	0
1125.200	0	0	0	2	4	7	0	0	0	0	0	0	0	0	10	7	0	0	8	0	0	0	0	6
1125.400	0	0	0	3	5	6	0	0	0	0	0	0	0	0	5	5	0	0	8	0	0	0	1	3
1125.600	0	0	0	3	5	15	0	0	0	0	0	0	0	0	11	7	0	0	8	0	0	0	0	6
1125.800	0	0	0	0	6	5	0	0	0	0	0	0	0	0	10	5	0	0	5	0	0	0	0	5
1126.000	0	0	0	2	5	6	0	0	0	0	0	0	0	0	6	6	0	0	8	0	0	0	0	1
1126.200	0	0	0	2	5	9	0	0	0	0	0	0	0	0	6	5	0	0	5	0	0	0	1	5
1126.400	0	0	0	3	7	11	0	0	0	0	0	0	0	0	7	5	0	0	11	0	0	0	0	5
1126.600	0	0	0	1	6	6	0	0	0	0	0	0	0	0	7	6	0	0	4	0	0	0	0	5
1126.800	0	0	0	2	4	6	0	0	0	0	0	0	0	0	5	12	0	0	12	0	0	0	0	4
1127.000	0	0	0	3	6	10	0	0	0	0	0	0	0	0	6	8	0	0	10	0	0	0	0	7
1127.200	0	0	0	2	6	11	0	0	0	0	0	0	0	0	7	7	0	0	10	0	0	0	1	9
1127.400	0	0	0	4	6	13	0	0	0	0	0	0	0	0	10	8	0	0	8	0	0	0	0	5
1127.600	0	0	0	3	4	9	0	0	0	0	0	0	0	0	10	8	0	0	11	0	0	0	0	7
1127.800	0	0	0	2	4	6	0	0	0	0	1	0	0	0	6	8	0	0	9	0	0	0	0	4
1128.000	0	0	0	4	7	7	0	0	0	0	1	0	0	0	7	8	0	0	10	0	0	0	0	4
1128.200	0	0	0	3	7	8	0	0	0	0	0	0	0	0	8	4	0	0	11	0	0	0	0	8
1128.400	0	0	0	2	6	7	0	0	0	0	0	0	0	0	12	6	0	0	14	0	0	0	0	4
1128.600	0	0	0	6	2	6	0	0	0	0	0	0	0	0	8	9	0	0	9	0	0	0	0	4
1128.800	0	0	0	6	2	2	0	0	0	0	0	0	0	0	5	5	0	0	10	0	0	0	0	4
1129.000	0	0	0	4	2	5	0	0	0	0	0	0	0	0	7	7	0	0	10	0	0	0	0	5
1129.200	0	0	0	0	1	3	0	0	0	0	0	0	0	0	7	8	0	0	7	0	0	0	0	5
1129.400	0	0	0	2	1	3	0	0	0	0	0	0	0	0	7	6	0	0	5	0	0	0	0	7
1129.600	0	0	0	4	1	3	0	0	0	0	0	0	0	0	6	7	0	0	6	0	0	0	0	4
1129.800	0	0	0	2	5	3	0	0	0	0	0	0	0	0	3	2	0	0	6	0	0	0	0	5
1130.000	0	0	0	3	5	1	0	0	0	0	1	0	0	0	4	9	0	0	6	0	0	0	0	9
1130.200	0	0	0	2	6	12	0	0	0	0	1	0	0	0	6	4	0	0	6	0	0	0	0	4
1130.400	0	0	0	2	7	7	0	0	0	0	4	0	0	0	11	2	0	0	8	0	0	0	0	6
1130.600	0	0	0	5	5	11	0	0	0	0	1	0	0	0	5	5	0	0	8	0	0	0	0	2
1130.800	0	0	0	3	7	9	0	0	0	0	0	0	0	0	4	5	0	0	7	0	0	0	0	1
1131.000	0	0	0	2	8	10	0	0	0	0	0	0	0	0	4	5	0	0	6	0	0	0	0	9
1131.200	0	0	0	1	6	13	0	0	0	0	1	0	0	0	6	6	0	0	6	0	0	0	0	3
1131.400	0	0	0	0	5	7	0	0	0	0	0	0	0	0	6	6	0	0	7	0	0	0	0	0
1131.600	0	0	0	1	6	2	0	0	0	0	0	0	0	0	6	7	0	0	6	0	0	0	0	4
1131.800	0	0	0	2	1	5	0	0	0	0	0	0	0	0	5	4	0	0	6	0	0	0	0	2
1132.000	0	0	0	4	3	4	0	0	0	0	0	0	0	0	9	7	0	0	6	0	0	0	0	3
1132.200	0	0	0	1	2	6	0	0	0	0	0	0	0	0	9	8	0	0	7	0	0	0	0	3
1132.400	0	0	0	6	3	5	0	0	0	0	0	0	0	0	8	9	0	0	7	0	0	0	0	3
1132.600	0	4	2	3	6	6	0	0	0	0	0	0	0	0	10	5	0	0	6	0	0	0	0	8
1132.800	0	0	2	3	8	2	0	0	0	0	0	0	0	0	11	8	0	0	6	0	0	0	0	9
1133.000	0	4	5	5	2	4	0	0	0	0	0	0	0	0	6	9	0	0	7	0	0	0	0	2
1133.200	0	3	3	6	5	4	0	0	0	0	0	0	0	0	7	2	0	0	6	0	0	0	0	7
1133.400	0	3	2	4	5	6	0	0	0	0	0	0	0	0	9	4	0	0	7	0	0	0	0	9
1133.600	0	4	5	6	4	4	0	0	0	0	0	0	0	0	6	7	0	0	7	0	0	0	0	6
1133.800	0	3	3	4	2	4	0	0	0	0	0	0	0	0	5	8	0	0	6	0	0	0	0	10
1134.000	0	0	0	6	3	6	0	0	0	0	0	0	0	0	3	3	0	0	7	0	0	0	0	11
1134.200	0	1	1	6	6	6	0	0	0	0	0	0	0	0	6	7	0	0	13	0	0	0	0	7
1134.400	0	1	1	5	4	5	0	0	0	0	0	0	0	0	6	4	0	0	7	0	0	0	0	4
1134.600	0	1	0	5	5	9	0	0	0	0	0	0	0	0	6	8	0	0	7	0	0	0	0	6
1134.800	0	0	0	4	7	6	0	0	0	0	0	0	0	0	6	3	0	0	7	0	0	0	0	10
1135.000	0	0	1	5	5	10	0	0	0	0	0	0	0	0	9	7	0	0	6	0	0	0	0	7
1135.200	0	0	0	3	6	5	0	0	0	0	0	0	0	0	3	6	0	0	7	0	0	0	0	12
1135.400	0	0	0	4	8	8	0	0	0	0	0	0	0	0	5	6	0	0	5	0	0	0	0	11
1135.600	0	0	0	4	10	11	0	0	0	0	0	0	0	0	7	5	0	0	5	0	0	0	0	5
1135.800	0	0	0	3	4	6	0	0	0	0	0	0	0	0	7	2	0	0	4	0	0	0	0	9
1136.000	0	0	0	2	8	9	0	0	0	0	0	0	0	0	8	5	0	0	0	0	0	0	0	10
1136.200	0	0	0	3	6	6	0	0	0	0	0	0	0	0	5	8	0	0	1	0	0	0	0	7
1136.400	0	0	0	3	6	13	0	0	0	0	0	0	0	0	7	4	0	0	1	0	0	0	0	4
1136.600	0	0	0	3	4	8	0	0	0	0	0	0	0	0	9	14	0	0	0	0	0	0	0	6
1136.800	0	0	0	1	6	7	0	0	0	0	0	0	0	0	9	4	0	0	0	0	0	0	0	5
1137.000	0	0	0	5	9	9	0	0	0	0	0	0	0	0	6	11	0	0	0	0	0	0	0	8
1137.200	0	0	0	1	5	13	0	0	0	0	0	0	0	0	5	2	0	0	5	0	0	0	0	5
1137.400	0	0	0	2	5	10	0	0	0	0	0	0	0	0	9	7	0	0	5	0	0	0	0	3
1137.600	0	0	0	1	11	8	0	0	0	0	0	0	0	0	3	7	0	0	5	0	0	0	0	12
1137.800	0	0	0	2	8	12	0	0	0	0	0	0	0	0	4	2	0	0	7	0	0	0	0	4
1138.000	0	0	0	4	9	8	0	0	0	0	0	0	0	0	4	2	0	0	4	0	0	0	0	8
1138.200	0	0	0	1	10	12	0	0	0	0	0	0	0	0	3	2	0	0	4	0	0	0	0	9
1138.400	0	0	0	2	12	10	0	0	0	0	0	0	0	0	6	7	0	0	4	0	0	0	0	8
1138.600	0	0	0	1	3	7	0	0	0	0	0	0	0	0	2	3	0	0	4	0	0	0	0	9
1138.800	0	0	0	1	5	10	0	0	0	0	0	0	0	0	7	6	0	0	6	0	0	0	0	8
1139.000	0	0	0	0	6	10	0	0	0	0	0	0	0	0	6	4	0	0	5	0	0	0	0	11
1139.200	0	0	0	3	0	8	0	0	0	0	0	0	0	0	5	9	0	0	5	0	0	0	0	8
1139.400	0	0	0	3	1	2	0	0	0	0	0	0	0	0	4	7	0	0	6	0	0	0	0	7
1139.600	0	0	0	2	8	4	0	0	0	0	0	0	0	0	3	8	0	0	6	0	0	0	0	9
1139.800	0	0	0	1	2	5	0	0	0	0	0	0	0	0	3	7	0	0	4	0	0	0	0	8
1140.000	0	0	0	3	4	2	0	0	0	0	0	0	0	0	0	5	0	0	4	0	0	0	0	2
1140.200	0	0	2	4	6	5	0	0	0	0	0	0	0	0	6	5	0	0	4	0	0	0	0	9
1140.400	0	0	0	3	8	8	0	0	0	0	0	0	0	0	4	1	0	0	3	0	0	0	0	7
1140.600	0	0	0	2	4	7	0	0	0	0	0	0	0	0	5	1	0	0	6	0	0	0	0	6
1140.800	0	0	0	4	7	5	0	0	0	0	0	0	0	0	4	3	0	0	4	0	0	0	0	10
1141.000	0	0	0	1	5	5	0	0	0	0	0	0	0	0	10	3	0	0	4	0	0	0	0	10
1141.200	0	0	0	1	4	2	0	0	0	0	0	0	0	0	3	3	0	0	4	0	0	0	0	9
1141.400	0	0	0	0	8	8	0	0	0	0	0	0	0	0	5	5	0	0	4	0	0	0	0	10
1141.600	0	0	0	1	7	4	0	0	0	0	0	0	0	0	4	3	0	0	4	0	0	0	0	2
1141.800	0	0	0	4	3	1	0	0	0	0	0	0	0	0	9	2	0	0	3	0	0	0	0	9
1142.000	0	0	0	1	6	3	0	0	0	0	0	0	0	0	6	2	0	0	3	0	0	0	0	9
1142.200	0	0	0	3	5	4	0	0	0	0	0	0	0	0	4	1	0	0	2	0	0	0	0	6
1142.400	0	0	0	0	6	11	0	0	0	0	0	0	0	0	7	0	0	0	2	0	0	0	0	7
1142.600	0	0	0	3	4	5	0	0	0	0	0	0	0	0	6	5	0	0	1	0	0	0	0	6
1142.800	0	0	0	0	7	13	0	0	0	0	0	0	0	0	8	1	0	0	0	0	0	0	0	4
1143.000	0	0	0	1	6	7	0	0	0	0	0	0	0	0	8	3	0	0	1	0	0	0	0	4
1143.200	0	0	0	1	5	7	0	0	0	0	0	0	0	0	7	4	0	0	3	0	0	0	0	6
1143.400	0	0	0	0	12	12	0	0	0	0	0	0	0	0	7	2	0	0	6	0	0	0	0	5
1143.600	0	0	0	0	11	11	0	0	0	0	0	0	0	0	7	1	0	0	3	0	0	0	0	6
1143.800	0	0	0	0	5	6	0	0	0	0	0	0	0	0	10	5	0	0	4	0	0	0	0	8
1144.000	0	0	0	0	7	4	0	0	0	0	0	0	0	0	9	6	0	0	5	0	0	0	0	7
1144.200	0	0	0	0	6	8	0	0	0	0	0	0	0	0	8	5	0	0	6	0	0	0	0	8
1144.400	0	0	0	0	7	4	0	0	0	0	0	0	0	0	8	4	0	0	6	0	0	0	0	8
1144.600	0	0	0	0	10	11	0	0	0	0	0	0	0	0	7	3	0	0	6	0	0	0	0	7
1144.800	0	0	0	0	4	7	0	0	0	0	0	0	0	0	6	8	0	0	5	0	0	0	0	9
1145.000	0	1	0	0	6	9	0	0	0	0	0	0	0	0	7	9	0	0	5	0	0	0	0	6
1145.200	0	0	0	1	8	6	0	0	0	0	0	0	0	0	4	2	0	0	5	0	0	0	0	6
1145.400	0	0	0	0	7	7	0	0	0	0	0	0	0	0	6	6	0	0	5	0	0	0	0	6
1145.600	0	0	0	2	9	8	0	0	0	0	0	0	0	0	7	2	0	0	5	0	0	0	0	8
1145.800	0	0	0	0	7	13	0	0	0	0	0	0	0	0	8	1	0	0	5	0	0	0	0	6
1146.000	0	0	0	3	10	11	0	0	0	0	0	0	0	0	10	3	0	0	5	0	0	0	0	7
1146.200	0	0	0	3	9	13	0	0	0	0	0	0	0	0	8	2	0	0	5	0	0	0	0	8
1146.400	0	1	0	2	9	4	0	0	0	0	0	0	0	0	13	3	0	0	5	0	0	0	0	6
1146.600	0	0	0	4	6	7	0	0	0	0	0	0	0	0	8	2	0	0	4	0	0	0	0	5
1146.800	0	1	0	4	10	10	0	0	0	0	0	0	0	0	8	4	0	0	5	0	0	0	0	5
1147.000	0	0	0	1	6	5	0	0	0	0	0	0	0	0	7	6	0	0	5	0	0	0	0	7
1147.200	0	0	0	2	8	7	0	0	0	0	0	0	0	0	8	2	0	0	5	0	0	0	0	9
1147.400	0	1	0	1	3	6	0	0	0	0	0	0	0	0	5	6	0	0	5	0	0	0	0	2
1147.600	0	0	0	1	3	9	0	0	0	0	0	0	0	0	6	7	0	0	6	0	0	0	0	7
1147.800	0	1	0	1	1	4	0	0	0	0	0	0	0	0	6	8	0	0	5	0	0	0	0	9
1148.000	0	1	0	0	7	11	0	0	0	0	1	0	0	0	3	8	0	0	6	0	0	0	0	6
1148.200	0	0	1	1	5	10	0	0	0	0	0	0	0	0	3	5	0	0	5	0	0	0	0	7
1148.400	0	0	0	0	1	9	0	0	0	0	3	0	0	0	5	4	0	0	6	0	0	0	0	6
1148.600	0	0	0	0	2	8	0	0	0	0	3	0	0	0	4	6	0	0	5	0	0	0	0	8
1148.800	1	0	0	0	6	11	0	0	0	0	5	0	0	0	7	8	0	0	5	0	0	0	0	2
1149.000	3	0	0	0	5	11	0	0	0	0	4	0	0	0	5	9	0	0	6	0	0	0	0	7
1149.200	4	1	0	1	4	10	0	0	0	0	1	0	0	0	10	9	0	0	7	0	0	0	0	7
1149.400	3	1	0	2	4	10	0	0	0	0	1	0	0	0	7	2	0	0	8	0	0	0	0	8
1149.600	2	1	0	0	4	9	0	0	0	0	2	0	0	0	9	6	0	0	8	0	0	0	0	5
1149.800	0	0	0	1	2	8	0	0	0	0	4	0	0	0	6	6	0	0	6	0	0	0	0	6
1150.000	0	0	0	1	7	9	0	0	0	0	1	0	0	0	6	3	0	0	6	0	0	0	0	7
1150.200	0	1	0	3	3	8	0	0	0	0	1	0	0	0	7	3	0	0	7	0	0	0	0	8
1150.400	0	1	0	4	2	8	0	0	0	0	0	0	0	0	3	4	0	0	6	0	0	0	0	7
1150.600	0	0	0	1	4	9	0	0	0	0	0	0	0	0	6	3	0	0	7	0	0	0	0	7
1150.800	0	0	0	2	5	10	0	0	0	0	0	0	0	0	5	10	0	0	8	0	0	0	0	9
1151.000	0	0	0	3	6	7	0	0	0	0	1	0	0	0	5	6	0	0	6	0	0	0	0	8
1151.200	0	0	0	3	6	4	0	0	0	0	0	0	0	0	9	5	0	0	6	0	0	0	0	6
1151.400	0	0	0	2	7	3	0	0	0	0	0	0	0	0	13	5	0	0	5	2	0	0	0	5
1151.600	0	0	0	0	9	10	0	0	0	0	0	0	0	0	7	7	0	0	6	0	0	0	0	4
1151.800	0	0	0	2	4	7	0	0	0	0	0	0	0	0	11	5	0	0	6	0	0	0	0	6
1152.000	0	0	0	2	5	6	0	0	0	0	0	0	0	0	6	9	0	0	5	0	0	0	0	7
1152.200	0	0	1	3	13	5	0	0	0	0	0	0	0	0	15	8	0	0	5	0	0	0	0	7
1152.400	0	0	0	2	1	6	0	0	0	0	0	0	0	0	5	5	0	0	6	0	0	0	0	8
1152.600	0	0	0	2	9	6	0	0	0	0	0	0	0	0	10	3	0	0	5	0	0	0	0	7
1152.800	0	0	0	0	8	9	0	0	0	0	0	0	0	0	13	8	0	0	5	0	0	0	0	8
1153.000	0	0	0	3	7	8	0	0	0	0	0	0	0	0	12	1	0	0	6	0	0	0	0	7
1153.200	0	0	0	2	6	9	0	0	0	0	0	0	0	0	6	4	0	0	5	0	0	0	0	7
1153.400	0	0	0	2	4	6	0	0	0	0	0	0	0	0	12	8	0	0	6	0	0	0	0	7
1153.600	0	0	0	2	2	8	0	0	0	0	1	0	0	0	8	3	0	0	6	0	0	0	0	10
1153.800	0	0	0	0	10	11	0	0	0	0	1	0	0	0	7	7	0	0	6	0	0	0	0	4
1154.000	0	0	0	3	8	10	0	0	0	0	0	0	0	0	7	5	0	0	6	0	0	0	0	6
1154.200	0	0	0	1	6	7	0	0	0	0	0	0	0	0	12	8	0	0	7	0	0	0	0	9
1154.400	0	0	0	1	11	8	0	0	0	0	0	0	0	0	11	7	0	0	6	0	0	0	0	8
1154.600	0	0	0	0	7	4	0	0	0	0	0	0	0	0	7	3	0	0	5	0	0	0	0	9
1154.800	0	0	0	2	9	10	0	0	0	0	0	0	0	0	16	5	0	0	7	0	0	0	0	7
1155.000	0	0	0	2	2	6	0	0	0	0	0	0	0	0	12	5	0	0	5	0	0	0	0	7
1155.200	0	0	0	3	7	10	0	0	0	0	0	0	0	0	14	8	0	0	6	0	0	0	0	9
1155.400	0	0	0	3	4	4	0	0	0	0	0	0	0	0	16	8	0	0	7	0	0	0	0	8
1155.600	0	1	0	0	6	5	0	0	0	0	0	0	0	0	11	6	0	0	6	0	0	0	0	11
1155.800	0	0	0	3	0	6	0	0	0	0	1	0	0	0	9	4	0	0	5	0	0	0	0	10
1156.000	0	0	0	3	3	5	0	0	0	0	0	0	0	0	8	6	0	0	6	0	0	0	0	9
1156.200	0	0	2	3	9	4	0	0	0	0	0	0	0	0	15	7	0	0	6	0	0	0	0	9
1156.400	0	0	0	3	2	5	0	0	0	0	0	0	0	0	10	6	0	0	6	0	0	0	0	8
1156.600	0	1	3	3	3	5	0	0	0	0	0	0	0	0	7	10	0	0	6	0	0	0	0	9
1156.800	0	0	0	3	1	9	0	0	0	0	0	0	0	0	4	3	0	0	6	0	0	0	0	9
1157.000	0	0	0	0	1	12	0	0	0	0	0	0	0	0	5	5	0	0	6	0	0	0	0	12
1157.200	0	0	3	3	1	8	0	0	0	0	3	0	0	0	9	8	0	0	10	0	0	0	0	9
1157.400	0	1	1	3	1	8	0	0	0	0	3	0	0	0	10	8	0	0	6	0	0	0	0	11
1157.600	0	0	0	4	0	7	0	0	0	0	0	0	0	0	5	13	0	0	7	0	0	0	0	9
1157.800	0	0	0	2	0	9	0	0	0	0	2	0	0	0	1	8	0	0	5	0	0	0	0	8
1158.000	0	0	0	4	1	3	0	0	0	0	0	0	0	0	3	6	0	0	6	0	0	0	0	9
1158.200	0	1	0	2	1	4	0	0	0	0	4	0	0	0	6	10	0	0	6	0	0	0	0	9
1158.400	0	0	0	2	10	14	0	0	0	0	1	0	0	0	9	3	0	0	5	0	0	0	0	13
1158.600	0	0	0	0	5	9	0	0	0	0	1	0	0	0	4	3	0	0	4	0	0	0	0	10
1158.800	0	1	1	3	7	9	0	0	0	0	0	0	0	0	1	3	0	0	4	0	0	0	0	10
1159.000	0	0	0	3	5	7	0	0	0	0	0	0	0	0	6	6	0	0	7	0	0	0	0	11
1159.200	0	0	0	2	11	9	0	0	0	0	4	0	0	0	7	4	0	0	6	0	0	0	0	8
1159.400	0	0	0	0	8	10	0	0	0	0	3	0	0	0	6	6	0	0	6	0	0	0	0	2
1159.600	0	0	0	0	9	12	0	0	0	0	3	0	0	0	7	9	0	0	6	0	0	0	0	8
1159.800	0	0	0	0	7	6	0	0	0	0	4	0	0	0	7	6	0	0	7	0	0	0	0	5
1160.000	0	0	0	0	9	11	0	0	0	0	1	0	0	0	6	5	0	0	2	0	0	0	0	10
1160.200	0	0	0	0	2	7	0	0	0	0	4	0	0	0	2	6	0	0	4	0	0	0	0	6
1160.400	0	0	0	0	2	9	0	0	0	0	4	0	0	0	9	4	0	0	10	0	0	0	0	8
1160.600	0	0	0	0	6	10	0	0	0	0	5	0	0	0	5	6	0	0	3	0	0	0	0	9
1160.800	0	0	0	0	7	11	0	0	0	0	1	0	0	0	4	6	0	0	2	0	0	0	0	11
1161.000	0	0	0	0	8	11	0	0	0	0	2	0	0	0	9	1	0	0	0	0	0	0	0	10
1161.200	0	0	0	0	4	8	0	0	0	0	4	0	0	0	3	8	0	0	2	0	0	0	0	10
1161.400	0	0	0	0	5	9	0	0	0	0	1	0	0	0	8	5	0	0	2	0	0	0	0	9
1161.600	0	0	0	0	5	7	0	0	0	0	1	0	0	0	3	1	0	0	3	0	0	0	0	8
1161.800	0	0	0	0	5	9	0	0	0	0	1	0	0	0	4	5	0	0	6	0	0	0	0	5
1162.000	0	0	0	0	6	9	0	0	0	0	1	0	0	0	5	11	0	0	5	0	0	0	0	7
1162.200	0	1	0	0	6	8	0	0	0	0	1	0	0	0	9	2	0	2	5	0	0	0	0	9
1162.400	0	0	0	0	5	7	0	0	0	0	3	0	0	0	4	8	0	2	5	0	0	0	0	6
1162.600	0	1	0	0	10	10	0	0	0	0	4	0	0	0	7	6	0	3	6	0	0	0	0	8
1162.800	0	0	0	0	1	10	0	0	0	0	2	0	0	0	9	8	0	3	5	0	0	0	0	10
1163.000	0	0	0	0	4	8	0	0	0	0	5	0	0	0	4	8	0	3	8	0	0	0	0	4
1163.200	0	0	0	0	9	9	0	0	0	0	0	0	0	0	7	3	0	3	7	0	0	0	0	8
1163.400	0	0	0	0	4	6	0	0	0	0	3	0	0	0	1	7	0	3	5	0	0	0	0	7
1163.600	0	2	0	0	1	10	0	0	0	0	5	0	0	0	7	5	0	3	6	0	0	0	0	8
1163.800	0	1	0	0	6	8	0	0	0	0	0	0	0	0	6	3	0	2	5	0	0	0	0	13
1164.000	0	1	0	0	2	8	0	0	0	0	0	0	0	0	1	1	0	1	6	0	0	0	0	8
1164.200	0	0	0	0	4	9	0	0	0	0	0	0	0	0	7	0	0	2	4	0	0	0	0	12
1164.400	0	0	0	0	7	12	0	0	0	0	2	0	0	0	2	5	0	2	12	0	0	0	0	9
1164.600	0	0	0	0	2	10	0	0	0	0	5	0	0	0	6	11	0	3	6	0	0	0	0	7
1164.800	0	0	0	0	4	9	0	0	0	0	5	0	0	0	8	5	0	1	7	0	0	0	0	12
1165.000	0	0	0	0	6	4	0	0	0	0	4	0	0	0	4	7	0	3	11	0	0	0	0	8
1165.200	0	0	0	0	7	9	0	0	0	0	4	0	0	0	4	4	0	3	5	0	0	0	0	1
1165.400	0	0	0	0	5	9	0	0	0	0	4	0	0	0	5	5	0	2	8	0	0	0	0	4
1165.600	0	0	0	0	6	9	0	0	0	0	4	0	0	0	2	7	0	1	3	0	0	0	0	7
1165.800	0	0	0	0	5	15	0	0	0	0	3	0	0	0	1	5	0	3	5	0	0	0	0	6
1166.000	0	0	0	0	5	13	0	0	0	0	2	0	0	0	8	8	0	3	7	0	0	0	0	5
1166.200	0	0	0	0	5	10	0	0	0	0	2	0	0	0	5	6	0	3	6	0	0	0	0	9
1166.400	0	0	0	0	2	7	0	0	0	0	2	0	0	0	2	10	0	1	8	0	0	0	0	7
1166.600	0	0	0	0	5	9	0	0	0	0	4	0	0	0	2	7	0	3	5	0	0	0	0	9
1166.800	0	0	0	0	6	9	0	0	0	0	3	0	0	0	3	7	0	2	4	0	0	0	0	6
1167.000	0	0	0	0	6	7	0	0	0	0	2	0	0	0	5	9	0	3	7	0	0	0	0	7
1167.200	0	0	0	0	3	7	0	0	0	0	5	0	0	0	2	4	0	2	7	0	0	0	0	5
1167.400	0	0	0	0	4	10	0	0	0	0	4	0	0	0	5	9	0	2	9	0	0	0	0	5
1167.600	0	0	0	0	6	7	0	0	0	0	5	0	0	0	1	7	0	1	4	0	0	0	0	7
1167.800	0	0	0	0	5	6	0	0	0	0	4	0	0	0	1	3	0	2	6	0	0	0	0	7
1168.000	0	0	0	0	7	5	0	0	0	0	5	0	0	0	1	6	0	1	11	0	0	0	0	12
1168.200	0	0	0	0	5	8	0	0	0	0	2	0	0	0	2	7	0	1	9	0	0	0	0	12
1168.400	0	0	0	0	1	5	0	0	0	0	6	0	0	0	3	10	0	0	13	0	0	0	0	14
1168.600	0	0	0	0	6	10	0	0	0	0	7	0	0	0	3	5	0	1	9	0	0	0	0	11
1168.800	0	0	0	0	3	4	0	0	0	0	5	0	0	0	2	4	0	2	6	0	0	0	0	12
1169.000	0	0	0	0	8	9	0	0	0	0	4	0	0	0	2	6	0	2	5	0	0	0	0	6
1169.200	0	0	0	0	8	12	0	0	0	0	6	0	0	0	8	8	0	3	3	0	0	0	0	1
1169.400	0	0	0	0	6	12	0	0	0	0	5	0	0	0	2	7	0	3	5	0	0	0	0	8
1169.600	0	0	0	0	3	6	0	0	0	0	5	0	0	0	3	6	0	3	4	0	0	0	0	6
1169.800	0	0	0	0	3	7	0	0	0	0	5	0	0	0	3	10	0	3	8	0	0	0	0	7
1170.000	0	0	0	0	2	7	0	0	0	0	8	0	0	0	1	7	0	3	5	0	0	0	0	9
1170.200	0	0	0	0	5	6	0	0	0	0	8	0	0	0	1	2	0	3	6	0	0	0	0	6
1170.400	0	0	0	0	7	6	0	0	0	0	5	0	0	0	1	2	0	3	11	0	0	0	0	12
1170.600	0	0	0	0	2	7	0	0	0	0	1	0	0	0	1	3	0	1	4	0	0	0	0	3
1170.800	0	0	0	0	1	7	0	0	0	0	5	0	0	0	1	7	0	3	5	0	0	0	0	3
1171.000	0	0	0	0	3	6	0	0	0	0	1	0	0	0	1	6	0	3	6	0	0	0	0	5
1171.200	0	0	0	0	2	5	0	0	0	0	4	0	0	0	1	8	0	0	6	0	0	0	0	3
1171.400	0	0	0	0	6	9	0	0	0	0	5	0	0	0	1	6	0	0	5	0	0	0	0	5
1171.600	0	0	0	0	8	9	0	0	0	0	0	0	0	0	5	3	0	0	4	0	0	0	0	4
1171.800	0	0	0	0	8	10	0	0	0	0	3	0	0	0	5	3	0	0	3	0	0	0	0	6
1172.000	0	0	0	0	3	9	0	0	0	0	4	0	0	0	8	4	0	0	2	0	0	0	0	10
1172.200	0	0	0	0	8	9	0	0	0	0	7	0	0	0	7	6	0	0	4	0	0	0	0	11
1172.400	0	0	0	0	5	8	0	0	0	0	6	0	0	0	4	3	0	0	2	0	0	0	0	8
1172.600	0	0	0	0	3	5	0	0	0	0	3	0	0	0	3	11	0	0	3	0	0	0	0	11
1172.800	0	0	0	0	1	8	0	0	0	0	6	0	0	0	2	6	0	0	2	0	0	0	0	5
1173.000	0	0	0	0	6	10	0	0	0	0	1	0	0	0	6	8	0	0	1	0	0	0	0	6
1173.200	0	0	0	0	9	9	0	0	0	0	4	0	0	0	3	4	0	0	0	0	0	0	0	2
1173.400	0	0	0	0	7	8	0	0	0	0	2	0	0	0	3	10	0	0	3	0	0	0	0	2
1173.600	0	0	0	0	7	11	0	0	0	0	4	0	0	0	10	13	0	0	2	0	0	0	0	1
1173.800	0	0	0	0	12	7	0	0	0	0	4	0	0	0	5	10	0	0	0	0	0	0	0	0
1174.000	0	0	0	0	8	5	0	0	0	0	4	0	0	0	8	9	0	0	2	0	0	0	0	1
1174.200	0	0	0	0	11	9	0	0	0	0	5	0	0	0	4	14	0	0	4	0	0	0	0	1
1174.400	0	0	0	0	2	10	0	0	0	0	3	0	0	0	7	11	0	0	5	0	0	0	0	0
1174.600	0	0	0	0	2	3	0	0	0	0	4	0	0	0	8	11	0	0	4	0	0	0	0	0
1174.800	0	0	0	0	3	5	0	0	0	0	6	0	0	0	6	11	0	0	2	0	0	0	0	0
1175.000	0	0	0	0	4	9	0	0	0	0	0	0	0	0	11	8	0	0	2	0	0	0	0	0
1175.200	0	0	0	0	7	9	0	0	0	0	0	0	0	0	4	14	0	0	3	0	0	0	0	1
1175.400	0	0	0	0	3	9	0	0	0	0	2	0	0	0	5	16	0	0	10	0	0	0	0	0
1175.600	0	0	0	0	2	6	0	0	0	0	4	0	0	0	7	8	0	0	2	0	0	0	0	1
1175.800	0	0	0	0	4	4	0	0	0	0	4	0	0	0	7	14	0	0	3	0	0	0	0	0
1176.000	0	0	0	0	7	9	0	0	0	0	3	0	0	0	7	10	0	0	2	0	0	0	0	0
1176.200	0	0	0	0	7	9	0	0	0	0	1	0	0	0	4	12	0	0	2	0	0	0	0	0
1176.400	0	0	0	0	8	8	0	0	0	0	0	0	0	0	6	10	0	0	4	0	0	0	0	0
1176.600	0	0	0	0	4	13	0	0	0	0	0	0	0	0	5	9	0	0	2	0	0	0	0	0
1176.800	0	0	0	0	5	9	0	0	0	0	0	0	0	0	1	10	0	0	4	0	0	0	0	0
1177.000	0	0	0	0	5	7	0	0	0	0	0	0	0	0	5	13	0	0	4	0	0	0	0	0
1177.200	0	0	0	0	3	9	0	0	0	0	1	0	0	0	7	15	0	0	4	0	0	0	0	0
1177.400	0	0	0	0	2	10	0	0	0	0	0	0	0	0	7	8	0	0	4	0	0	0	0	1
1177.600	0	0	0	0	5	7	0	0	0	0	0	0	0	0	2	6	0	2	9	0	0	0	0	1
1177.800	0	0	0	0	5	4	0	0	0	0	0	0	0	0	5	5	0	2	6	0	0	0	0	0
1178.000	0	0	0	0	11	10	0	0	0	0	1	0	0	0	8	3	0	3	6	0	0	0	0	0
1178.200	0	0	0	0	6	10	0	0	0	0	1	0	0	0	4	11	0	3	6	0	0	0	0	0
1178.400	0	0	0	0	7	7	0	0	0	0	0	0	0	0	7	6	0	3	9	0	0	0	0	1
1178.600	0	0	0	0	4	4	0	0	0	0	0	0	0	0	8	4	0	2	6	0	0	0	0	0
1178.800	0	0	0	0	4	8	0	0	0	0	0	0	0	0	7	7	0	3	6	0	0	0	0	1
1179.000	0	0	0	0	5	10	0	0	0	0	0	0	0	0	6	8	0	0	7	0	0	0	0	0
1179.200	0	0	0	0	6	2	0	0	0	0	0	0	0	0	9	6	0	0	3	0	0	0	0	0
1179.400	0	0	0	0	7	6	0	0	0	0	0	0	0	0	5	10	0	0	4	0	0	0	0	1
1179.600	0	0	0	0	5	3	0	0	0	0	0	0	0	0	6	10	0	1	4	0	0	0	0	1
1179.800	0	0	0	0	5	4	0	0	0	0	0	0	0	0	4	15	0	0	3	0	0	0	0	1
1180.000	0	0	0	0	5	4	0	0	0	0	0	0	0	0	1	4	0	1	6	0	0	0	0	0
1180.200	0	0	0	0	7	6	0	0	0	0	0	0	0	0	5	12	0	1	7	0	0	0	0	1
1180.400	0	0	0	0	5	5	0	0	0	0	0	0	0	0	4	11	0	0	3	0	0	0	0	9
1180.600	0	0	0	0	6	5	0	0	0	0	0	0	0	0	5	9	0	1	2	0	0	0	0	8
1180.800	0	0	0	0	6	4	0	0	0	0	0	0	0	0	7	7	0	2	6	0	0	0	0	6
1181.000	0	0	0	0	7	7	0	0	0	0	0	0	0	0	5	5	0	2	7	0	0	0	0	0
1181.200	0	0	0	0	9	10	0	0	0	0	0	0	0	0	5	10	0	0	7	0	0	0	0	0
1181.400	0	0	0	0	5	6	0	0	0	0	0	0	0	0	7	7	0	2	8	0	0	0	0	0
1181.600	0	0	0	0	4	11	0	0	0	0	0	0	0	0	6	10	0	2	8	0	0	0	0	0
1181.800	0	0	0	0	5	4	0	0	0	0	0	0	0	0	3	8	0	2	11	0	0	0	0	0
1182.000	0	0	0	0	3	5	0	0	0	0	0	0	0	0	3	12	0	2	10	0	0	0	0	1
1182.200	0	0	0	0	3	4	0	0	0	0	0	0	0	0	4	5	0	0	5	0	0	0	0	3
1182.400	0	0	0	0	3	8	0	0	0	0	1	0	0	0	4	10	0	0	3	0	0	0	0	2
1182.600	0	0	0	0	0	6	0	0	0	0	0	0	0	0	4	10	0	0	4	0	0	0	0	3
1182.800	0	0	0	0	3	11	0	0	0	0	0	0	0	0	3	10	0	0	3	0	0	0	0	2
1183.000	0	0	0	0	5	10	0	0	0	0	0	0	0	0	7	13	0	0	5	0	0	0	0	3
1183.200	0	0	0	0	5	10	0	0	0	0	0	0	0	0	3	7	0	0	3	0	0	0	0	1
1183.400	0	0	0	0	7	5	0	0	0	0	0	0	0	0	7	9	0	0	5	0	0	0	0	2
1183.600	0	0	0	0	6	10	0	0	0	0	0	0	0	0	4	12	0	0	4	0	0	0	0	0
1183.800	0	0	0	0	4	10	0	0	0	0	0	0	0	0	8	14	0	0	6	0	0	0	0	2
1184.000	0	0	0	0	1	4	0	0	0	0	1	0	0	0	4	7	0	0	5	0	0	0	0	2
1184.200	0	0	0	0	7	6	0	0	0	0	0	0	0	0	6	10	0	2	6	0	0	0	0	2
1184.400	0	0	0	0	9	7	0	0	0	0	0	0	0	0	6	7	0	2	3	0	0	0	0	2
1184.600	0	0	0	0	9	10	0	0	0	0	1	0	0	0	1	15	0	0	3	0	0	0	0	0
1184.800	0	0	0	0	9	9	0	0	0	0	0	0	0	0	8	10	0	2	2	0	0	0	0	0
1185.000	0	0	0	0	5	5	0	0	0	0	0	0	0	0	8	13	0	0	3	0	0	0	0	0
1185.200	0	0	0	0	4	5	0	0	0	0	0	0	0	0	7	9	0	1	8	0	0	0	0	1
1185.400	0	0	0	0	6	6	0	0	0	0	0	0	0	0	7	10	0	1	3	0	0	0	0	0
1185.600	0	0	0	0	6	5	0	0	0	0	0	0	0	0	7	10	0	0	3	0	0	0	0	0
1185.800	0	0	0	0	9	8	0	0	0	0	0	0	0	0	6	11	0	2	4	0	0	0	0	0
1186.000	0	0	0	0	2	8	0	0	0	0	0	0	0	0	6	13	0	2	5	0	0	0	0	2
1186.200	0	0	0	0	3	6	0	0	0	0	0	0	0	0	6	10	0	1	6	0	0	0	0	3
1186.400	0	0	0	0	6	7	0	0	0	0	0	0	0	0	4	11	0	1	5	0	0	0	0	2
1186.600	0	0	0	0	9	6	0	0	0	0	0	0	0	0	1	3	0	0	3	0	0	0	0	2
1186.800	0	0	0	0	7	3	0	0	0	0	0	0	0	0	3	6	0	1	6	0	0	0	0	2
1187.000	0	0	0	0	12	12	0	0	0	0	0	0	0	0	6	5	0	2	6	0	0	0	0	3
1187.200	0	0	0	0	9	9	0	0	0	0	1	0	0	0	2	6	0	0	3	0	0	0	0	3
1187.400	0	0	0	0	5	9	0	0	0	0	0	0	0	0	4	4	0	2	6	0	0	0	0	0
1187.600	0	0	0	0	9	9	0	0	0	0	0	0	0	0	8	5	0	0	4	0	0	0	0	0
1187.800	0	0	0	0	9	6	0	0	0	0	0	0	0	0	1	3	0	2	5	0	0	0	0	2
1188.000	0	0	0	0	8	5	0	0	0	0	0	0	0	0	3	4	0	0	4	0	0	0	0	2
1188.200	0	0	0	0	10	15	0	0	0	0	0	0	0	0	5	5	0	0	2	0	0	0	0	4
1188.400	0	0	0	0	6	4	0	0	0	0	0	0	0	0	6	11	0	0	0	1	0	0	0	2
1188.600	0	0	0	0	5	3	0	0	0	0	0	0	0	0	10	9	0	0	2	0	0	0	0	3
1188.800	0	0	0	0	6	13	0	0	0	0	0	0	0	0	8	14	0	0	3	2	0	0	0	6
1189.000	0	0	0	0	3	6	0	0	0	0	0	0	0	0	5	10	0	0	3	3	0	0	0	0
1189.200	0	0	0	0	6	3	0	0	0	0	0	0	0	0	7	12	0	0	3	1	0	0	0	0
1189.400	0	0	0	0	5	9	0	0	0	0	0	0	0	0	6	14	0	0	3	6	0	0	0	1
1189.600	0	0	0	0	8	6	0	0	0	0	0	0	0	0	6	14	0	0	3	2	0	0	0	4
1189.800	0	0	0	0	6	8	0	0	0	0	0	0	0	0	7	23	0	0	5	4	0	0	0	7
1190.000	0	0	0	0	3	4	0	0	0	0	0	0	0	0	6	12	0	0	3	3	0	0	0	8
1190.200	0	0	0	0	4	4	0	0	0	0	0	0	0	0	5	21	0	0	8	3	0	0	0	4
1190.400	0	0	0	0	6	5	0	0	0	0	0	0	0	0	6	8	0	0	3	7	0	0	0	3
1190.600	0	0	0	0	5	5	0	0	0	0	0	0	0	0	6	6	0	1	4	6	0	0	0	2
1190.800	0	0	0	0	8	9	0	0	0	0	0	0	0	0	6	10	0	0	4	5	0	0	0	0
1191.000	0	0	0	0	1	8	0	0	0	0	3	0	0	0	4	8	0	0	3	5	0	0	0	0
1191.200	0	0	0	0	0	7	0	0	0	0	3	0	0	0	9	3	0	0	3	11	0	0	0	1
1191.400	0	0	0	0	0	11	0	0	0	0	2	0	0	0	4	9	0	0	3	6	0	0	0	4
1191.600	0	0	0	0	0	9	0	0	0	0	2	0	0	0	5	9	0	0	4	5	0	0	0	1
1191.800	0	0	0	0	0	11	0	0	0	0	2	0	0	0	5	5	0	0	4	9	0	0	0	3
1192.000	0	0	0	0	2	8	0	0	0	0	3	0	0	0	3	6	0	0	4	6	0	0	0	9
1192.200	0	0	0	0	4	11	0	0	0	0	3	0	0	0	2	4	0	0	6	12	0	0	0	1
1192.400	0	0	0	0	1	7	0	0	0	0	2	0	0	0	6	1	0	0	3	11	0	0	0	1
1192.600	0	0	0	0	2	12	0	0	0	0	1	0	0	0	9	8	0	0	4	12	0	0	0	9
1192.800	0	0	0	0	0	4	0	0	0	0	0	0	0	0	4	7	0	0	6	9	0	0	0	6
1193.000	0	0	0	0	1	3	0	0	0	0	3	0	0	0	5	5	0	1	3	8	0	0	0	9
1193.200	0	0	0	0	0	8	0	0	0	0	4	0	0	0	0	5	0	0	6	7	0	0	0	9
1193.400	0	0	0	0	2	6	0	0	0	0	4	0	0	0	4	6	0	0	3	10	0	0	0	13
1193.600	0	0	0	0	2	4	0	0	0	0	4	0	0	0	8	4	0	0	3	6	0	0	0	1
1193.800	0	0	0	0	4	3	0	0	0	0	5	0	0	0	7	6	0	0	5	6	0	0	0	7
1194.000	0	0	0	0	3	1	0	0	0	0	1	0	0	0	8	4	0	0	5	6	0	0	0	10
1194.200	0	0	0	0	5	4	0	0	0	0	0	0	0	0	6	9	0	0	5	6	0	0	0	8
1194.400	0	0	0	0	0	5	0	0	0	0	0	0	0	0	6	3	0	0	3	5	0	0	0	7
1194.600	0	0	0	0	5	3	0	0	0	0	0	0	0	0	6	12	0	0	7	4	0	0	0	3
1194.800	0	0	0	0	4	2	0	0	0	0	0	0	0	0	8	6	0	0	3	5	0	0	0	6
1195.000	0	0	0	0	5	5	0	0	0	0	0	0	0	0	7	14	0	0	5	8	0	0	0	2
1195.200	0	0	0	0	3	8	0	0	0	0	0	0	0	0	6	11	0	0	3	9	0	0	0	4
1195.400	0	0	0	0	3	5	0	0	0	0	0	0	0	0	8	15	0	0	4	8	0	0	0	7
1195.600	0	0	0	0	2	2	0	0	0	0	0	0	0	0	4	20	0	0	3	6	0	0	0	3
1195.800	0	0	0	0	2	5	0	0	0	0	0	0	0	0	5	20	0	0	3	3	0	0	0	10
1196.000	0	0	0	0	3	2	0	0	0	0	0	0	0	0	7	16	0	0	3	4	0	0	0	11
1196.200	0	0	0	0	0	1	0	0	0	0	0	0	0	0	3	14	0	0	2	6	0	0	0	13
1196.400	0	0	0	0	2	3	0	0	0	0	0	0	0	0	6	11	0	0	5	8	0	0	0	8
1196.600	0	0	0	0	1	7	0	0	0	0	0	0	0	0	7	14	0	0	4	8	0	0	0	4
1196.800	0	0	0	0	1	5	0	0	0	0	0	0	0	0	5	20	0	0	5	8	0	0	0	11
1197.000	0	0	0	0	1	4	0	0	0	0	0	0	0	0	4	11	0	0	3	11	0	0	0	7
1197.200	0	0	0	0	0	1	0	0	0	0	0	0	0	0	2	17	0	0	3	6	0	0	0	10
1197.400	0	0	0	0	0	2	0	0	0	0	0	0	0	0	4	8	0	0	3	9	0	0	0	8
1197.600	0	0	0	0	0	4	0	0	0	0	0	0	0	0	7	12	0	0	3	9	0	0	0	8
1197.800	0	0	0	0	0	3	0	0	0	0	0	0	0	0	1	6	0	0	6	9	0	0	0	10
1198.000	0	0	0	0	1	0	0	0	0	0	0	0	0	0	3	5	0	0	4	11	0	0	0	8
1198.200	0	0	0	0	5	1	0	0	0	0	0	0	0	0	8	5	0	0	5	8	0	0	0	11
1198.400	0	0	0	0	12	7	0	0	0	0	0	0	0	0	4	15	0	0	5	9	0	0	0	12
1198.600	0	0	0	0	1	7	0	0	0	0	0	0	0	0	6	9	0	0	2	5	0	0	0	8
1198.800	0	0	0	0	4	1	0	0	0	0	0	0	0	0	2	13	0	0	3	11	0	0	0	9
1199.000	0	0	0	0	6	5	0	0	0	0	0	0	0	0	7	14	0	1	4	10	0	0	0	5
1199.200	0	0	0	0	8	6	0	0	0	0	0	0	0	0	3	14	0	0	4	7	0	0	0	6
1199.400	0	0	0	0	7	10	0	0	0	0	0	0	0	0	3	14	0	1	5	7	0	0	0	14
1199.600	0	0	0	0	1	6	0	0	0	0	1	0	0	0	8	12	0	0	3	7	0	0	0	12
1199.800	0	0	0	0	6	4	0	0	0	0	0	0	0	0	4	6	0	0	6	6	0	0	0	12
1200.000	0	0	0	0	9	8	0	0	0	0	0	0	0	0	6	4	0	0	3	6	0	0	0	11
1200.200	0	0	0	0	7	6	0	0	0	0	0	0	0	0	5	7	0	0	5	11	0	0	0	10
1200.400	0	0	0	0	6	11	0	0	0	0	0	0	0	0	5	7	0	0	4	10	0	0	0	8
1200.600	0	0	0	0	5	8	0	0	0	0	0	0	0	0	6	8	0	0	4	11	0	0	0	11
1200.800	0	0	0	0	6	12	0	0	0	0	1	0	0	0	5	5	0	0	3	9	0	0	0	8
1201.000	0	0	0	0	6	6	0	0	0	0	1	0	0	0	4	7	0	0	3	8	0	0	0	9
1201.200	0	0	0	0	6	7	0	0	0	0	1	0	0	0	5	11	0	0	4	9	0	0	0	11
1201.400	0	0	0	0	2	10	0	0	0	0	1	0	0	0	4	6	0	0	6	11	0	0	0	12
1201.600	0	0	0	0	9	8	0	0	0	0	1	0	0	0	8	8	0	0	5	13	0	0	0	11
1201.800	0	0	0	0	4	6	0	0	0	0	0	0	0	0	6	4	0	0	3	8	0	0	0	10
1202.000	0	0	0	0	5	9	0	0	0	0	0	0	0	0	3	3	0	0	4	7	0	0	0	7
1202.200	0	0	0	0	6	9	0	0	0	0	0	0	0	0	5	10	0	0	3	6	0	0	0	8
1202.400	0	0	0	0	8	9	0	0	0	0	0	0	0	0	3	7	0	0	3	4	0	0	0	9
1202.600	0	0	0	0	4	3	0	0	0	0	0	0	0	0	5	6	0	0	4	9	0	0	0	14
1202.800	0	0	0	0	3	9	0	0	0	0	0	0	0	0	1	12	0	0	4	6	0	0	0	7
1203.000	0	0	0	0	6	8	0	0	0	0	0	0	0	0	6	9	0	0	4	6	0	0	0	5
1203.200	0	0	0	0	3	9	0	0	0	0	0	0	0	0	4	6	0	0	6	7	0	0	0	13
1203.400	0	0	0	0	5	10	0	0	0	0	0	0	0	0	6	5	0	0	5	8	0	0	0	12
1203.600	0	0	0	0	7	12	0	0	0	0	0	0	0	0	7	6	0	0	3	4	0	0	0	9
1203.800	0	0	0	0	8	6	0	0	0	0	0	0	0	0	4	5	0	0	4	3	0	0	0	9
1204.000	0	0	0	0	10	5	0	0	0	0	0	0	0	0	8	12	0	0	3	2	0	0	0	8
1204.200	0	0	0	0	6	11	0	0	0	0	0	0	0	0	5	6	0	0	5	5	0	0	0	9
1204.400	0	0	0	0	7	6	0	0	0	0	0	0	0	0	2	10	0	0	5	2	0	0	0	9
1204.600	0	0	0	0	8	6	0	0	0	0	0	0	0	0	5	13	0	0	5	5	0	0	0	3
1204.800	0	0	0	0	7	12	0	0	0	0	0	0	0	0	4	7	0	0	1	3	0	0	0	7
1205.000	0	0	0	0	6	6	0	0	0	0	0	0	0	0	7	10	0	0	5	6	0	0	0	6
1205.200	0	0	0	0	5	7	0	0	0	0	0	0	0	0	5	8	0	0	4	3	0	0	0	11
1205.400	0	0	0	0	4	7	0	0	0	0	0	0	0	0	6	9	0	0	6	6	0	0	0	11
1205.600	0	0	0	0	4	2	0	0	0	0	0	0	0	0	6	9	0	0	3	3	0	0	0	9
1205.800	0	0	0	0	2	6	0	0	0	0	0	0	0	0	7	8	0	0	5	5	0	0	0	6
1206.000	0	0	0	0	5	6	0	0	0	0	0	0	0	0	7	8	0	0	5	3	0	0	0	5
1206.200	0	0	0	0	4	5	0	0	0	0	0	0	0	0	6	1	0	1	4	6	0	0	0	13
1206.400	0	0	0	0	2	9	0	0	0	0	0	0	0	0	9	4	0	0	5	5	0	0	0	4
1206.600	0	0	0	0	6	5	0	0	0	0	1	0	0	0	4	13	0	0	4	3	0	0	0	5
1206.800	0	0	0	0	6	8	0	0	0	0	0	0	0	0	6	10	0	1	5	5	0	0	0	8
1207.000	0	0	0	0	3	9	0	0	0	0	0	0	0	0	4	8	0	1	5	7	0	0	0	4
1207.200	0	0	0	0	9	5	0	0	0	0	1	0	0	0	6	4	0	0	4	4	0	0	0	3
1207.400	0	0	0	0	3	8	0	0	0	0	0	0	0	0	3	10	0	1	3	4	0	0	0	4
1207.600	0	0	0	0	3	6	0	0	0	0	0	0	0	0	4	18	0	0	5	7	0	0	0	7
1207.800	0	0	0	0	11	6	0	0	0	0	0	0	0	0	7	3	0	0	4	4	0	0	0	2
1208.000	0	0	0	0	8	9	0	0	0	0	0	0	0	0	6	6	0	0	4	5	0	0	0	6
1208.200	0	0	0	0	2	5	0	0	0	0	0	0	0	0	6	6	0	0	5	4	0	0	0	1
1208.400	0	0	0	0	5	6	0	0	0	0	1	0	0	0	7	6	0	1	5	6	0	0	0	5
1208.600	0	0	0	0	9	5	0	0	0	0	0	0	0	0	3	5	0	1	5	6	0	0	0	7
1208.800	0	0	0	0	7	4	0	0	0	0	0	0	0	0	6	8	0	0	3	3	0	0	0	8
1209.000	0	0	0	0	8	9	0	0	0	0	0	0	0	0	4	11	0	2	5	3	0	0	0	4
1209.200	0	0	0	0	5	9	0	0	0	0	0	0	0	0	5	8	0	1	4	4	0	0	0	3
1209.400	0	0	0	0	8	8	0	0	0	0	0	0	0	0	7	10	0	0	3	5	0	0	0	3
1209.600	0	0	0	0	8	10	0	0	0	0	0	0	0	0	7	12	0	0	3	2	0	0	0	9
1209.800	0	0	0	0	2	2	0	0	0	0	0	0	0	0	4	10	0	0	3	5	0	0	0	11
1210.000	0	0	0	0	8	7	0	0	0	0	0	0	0	0	8	4	0	0	2	3	0	0	0	8
1210.200	0	0	0	0	5	5	0	0	0	0	0	0	0	0	5	8	0	0	4	5	0	0	0	7
1210.400	0	0	0	0	4	7	0	0	0	0	0	0	0	0	4	12	0	0	3	7	0	0	0	1
1210.600	0	0	0	0	7	7	0	0	0	0	0	0	0	0	6	8	0	0	3	4	0	0	0	5
1210.800	0	0	0	0	10	8	0	0	0	0	0	0	0	0	5	9	0	0	3	5	0	0	0	5
1211.000	0	0	0	0	6	12	0	0	0	0	0	0	0	0	6	9	0	0	5	5	0	0	0	3
1211.200	0	0	0	0	6	8	0	0	0	0	0	0	0	0	6	11	0	0	3	6	0	0	0	0
1211.400	0	0	0	0	2	10	0	0	0	0	0	0	0	0	3	3	0	0	4	6	0	0	0	4
1211.600	0	0	0	0	5	5	0	0	0	0	0	0	0	0	3	11	0	1	5	5	0	0	0	11
1211.800	0	0	0	0	7	4	0	0	0	0	0	0	0	0	2	9	0	0	4	5	0	0	0	0
1212.000	0	0	0	0	3	5	0	0	0	0	0	0	0	0	5	11	0	0	4	5	0	0	0	3
1212.200	0	0	0	0	4	7	0	0	0	0	0	0	0	0	0	11	0	0	3	4	0	0	0	1
1212.400	0	0	0	0	5	6	0	0	0	0	0	0	0	0	5	12	0	0	6	5	0	0	0	6
1212.600	0	0	0	0	7	7	0	0	0	0	0	0	0	0	4	13	0	0	5	6	0	0	0	8
1212.800	0	0	0	0	6	13	0	0	0	0	0	0	0	0	7	5	0	0	6	5	0	0	0	9
1213.000	0	0	0	0	9	8	0	0	0	0	0	0	0	0	4	9	0	0	5	5	0	0	0	2
1213.200	0	0	0	0	4	13	0	0	0	0	0	0	0	0	2	10	0	0	2	3	0	0	0	6
1213.400	0	0	0	0	6	9	0	0	0	0	0	0	0	0	4	9	0	2	8	4	0	0	0	1
1213.600	0	0	0	0	7	7	0	0	0	0	0	0	0	0	5	9	0	0	7	5	0	0	0	7
1213.800	0	0	0	0	10	10	0	0	0	0	0	0	0	0	5	8	0	0	5	7	0	0	0	9
1214.000	0	0	0	0	9	9	0	0	0	0	0	0	0	0	4	9	0	0	4	5	0	0	0	8
1214.200	0	0	0	0	8	4	0	0	0	0	0	0	0	0	6	10	0	2	7	1	0	0	0	4
1214.400	0	0	0	0	1	5	0	0	0	0	0	0	0	0	5	14	0	2	7	1	0	0	0	8
1214.600	0	0	0	0	3	7	0	0	0	0	0	0	0	0	6	13	0	2	10	3	0	0	0	5
1214.800	0	0	0	0	2	10	0	0	0	0	1	0	0	0	1	8	0	2	8	2	0	0	0	6
1215.000	0	0	0	0	1	9	0	0	0	0	0	0	0	0	4	14	0	1	5	6	0	0	0	0
1215.200	0	0	0	0	4	9	0	0	0	0	0	0	0	0	5	9	0	0	4	6	0	0	0	7
1215.400	0	0	0	0	6	6	0	0	0	0	0	0	0	0	4	9	0	0	4	6	0	0	0	9
1215.600	0	0	0	0	0	7	0	0	0	0	0	0	0	0	3	8	0	1	7	6	0	0	0	4
1215.800	0	0	0	0	0	8	0	0	0	0	1	0	0	0	5	3	0	1	5	6	0	0	0	6
1216.000	0	0	0	0	1	6	0	0	0	0	1	0	0	0	6	9	0	3	7	5	0	0	0	5
1216.200	0	0	0	0	3	2	0	0	0	0	3	0	0	0	3	3	0	0	4	5	0	0	0	8
1216.400	0	0	0	0	0	4	0	0	0	0	0	0	0	0	4	9	0	1	6	5	0	0	0	6
1216.600	0	0	0	0	2	8	0	0	0	0	0	0	0	0	7	15	0	1	4	6	0	0	0	6
1216.800	0	0	0	0	5	8	0	0	0	0	0	0	0	0	8	8	0	3	13	5	0	0	0	4
1217.000	0	0	0	0	3	6	0	0	0	0	0	0	0	0	4	8	0	1	7	5	0	0	0	5
1217.200	0	0	0	0	7	7	0	0	0	0	1	0	0	0	5	7	0	1	5	5	0	0	0	9
1217.400	0	0	0	0	4	3	0	0	0	0	0	0	0	0	8	9	0	2	9	3	0	0	0	6
1217.600	0	0	0	0	8	11	0	0	0	0	1	0	0	0	7	14	0	2	8	5	0	0	0	9
1217.800	0	0	0	0	4	16	0	0	0	0	4	0	0	0	4	10	0	0	6	5	0	0	0	14
1218.000	0	0	0	0	6	15	0	0	0	0	1	0	0	0	4	9	0	1	3	6	0	0	0	11
1218.200	0	0	0	0	4	7	0	0	0	0	1	0	0	0	8	3	0	1	7	7	0	0	0	12
1218.400	0	0	0	0	4	6	0	0	0	0	1	0	0	0	2	10	0	0	3	6	0	0	0	8
1218.600	0	0	0	0	1	4	0	0	0	0	0	0	0	0	2	6	0	0	6	7	0	0	0	6
1218.800	0	0	0	0	3	12	0	0	0	0	0	0	0	0	1	9	0	1	4	4	0	0	0	7
1219.000	0	0	0	0	3	5	0	0	0	0	0	0	0	0	1	8	0	1	4	4	0	0	0	10
1219.200	0	0	0	0	2	11	0	0	0	0	0	0	0	0	1	8	0	0	8	4	0	0	0	7
1219.400	0	0	0	0	4	4	0	0	0	0	0	0	0	0	4	5	0	0	10	2	0	0	0	8
1219.600	0	0	0	0	4	3	0	0	0	0	0	0	0	0	7	6	0	0	6	3	0	0	0	6
1219.800	0	0	0	0	3	5	0	0	0	0	0	0	0	0	7	3	0	0	5	4	0	0	0	9
1220.000	0	0	0	0	0	6	0	0	0	0	0	0	0	0	7	11	0	0	5	6	0	0	0	2
1220.200	0	0	0	0	4	5	0	0	0	0	0	0	0	0	5	9	0	0	5	5	0	0	0	7
1220.400	0	0	0	0	8	8	0	0	0	0	0	0	0	0	6	7	0	0	3	4	0	0	0	1
1220.600	0	0	0	0	9	9	0	0	0	0	0	0	0	0	6	2	0	0	3	3	0	0	0	5
1220.800	0	0	0	0	3	1	0	0	0	0	0	0	0	0	4	8	0	0	3	3	0	0	0	4
1221.000	0	0	0	0	4	3	0	0	0	0	1	0	0	0	7	6	0	0	4	3	0	0	0	5
1221.200	0	0	0	0	4	4	0	0	0	0	3	0	0	0	4	5	0	1	4	5	0	0	0	7
1221.400	0	0	0	0	3	8	0	0	0	0	3	0	0	0	1	6	0	1	10	7	0	0	0	11
1221.600	0	0	0	0	1	0	0	0	0	0	1	0	0	0	4	13	0	0	5	4	0	0	0	4
1221.800	0	0	0	0	0	2	0	0	0	0	0	0	0	0	5	10	0	0	7	6	0	0	0	7
1222.000	0	0	0	0	4	7	0	0	0	0	0	0	0	0	7	3	0	1	3	4	0	0	0	7
1222.200	0	0	0	0	4	10	0	0	0	0	0	0	0	0	7	10	0	1	3	4	0	0	0	6
1222.400	0	0	0	0	2	3	0	0	0	0	1	0	0	0	4	8	0	0	6	5	0	0	0	7
1222.600	0	0	0	0	6	5	0	0	0	0	0	0	0	0	4	8	0	1	3	4	0	0	0	7
1222.800	0	0	0	0	2	8	0	0	0	0	0	0	0	0	5	2	0	0	3	6	0	0	0	8
1223.000	0	0	0	0	1	4	0	0	0	0	0	0	0	0	9	7	0	1	8	5	0	0	0	9
1223.200	0	0	0	0	3	6	0	0	0	0	0	0	0	0	5	11	0	0	4	4	0	0	0	8
1223.400	0	0	0	0	1	5	0	0	0	0	1	0	0	0	6	15	0	0	2	4	0	0	0	9
1223.600	0	0	0	0	3	1	0	0	0	0	0	0	0	0	9	12	0	0	5	6	0	0	0	7
1223.800	0	0	0	0	3	8	0	0	0	0	0	0	0	0	7	18	0	0	5	3	0	0	0	11
1224.000	0	0	0	0	3	4	0	0	0	0	1	0	0	0	5	11	0	0	5	3	0	0	0	5
1224.200	0	0	0	0	6	7	0	0	0	0	0	0	0	0	3	11	0	0	3	2	0	0	0	5
1224.400	0	0	0	0	3	7	0	0	0	0	0	0	0	0	5	15	0	0	5	4	0	0	0	5
1224.600	0	0	0	0	3	5	0	0	0	0	0	0	0	0	4	12	0	0	6	5	0	0	0	5
1224.800	0	0	0	0	6	9	0	0	0	0	0	0	0	0	7	16	0	0	4	5	0	0	0	5
1225.000	0	0	0	0	4	6	0	0	0	0	0	0	0	0	7	4	0	0	3	4	0	0	0	2
1225.200	0	0	0	0	6	10	0	0	0	0	0	0	0	0	2	12	0	0	5	7	0	0	0	10
1225.400	0	0	0	0	4	7	0	0	0	0	0	0	0	0	4	4	0	0	3	5	0	0	0	7
1225.600	0	0	0	0	3	9	0	0	0	0	0	0	0	0	9	4	0	0	5	4	0	0	0	7
1225.800	0	0	0	0	5	10	0	0	0	0	0	0	0	0	8	5	0	0	7	8	0	0	0	6
1226.000	0	0	0	0	2	9	0	0	0	0	0	0	0	0	6	5	0	0	6	9	0	0	0	5
1226.200	0	0	0	0	5	10	0	0	0	0	1	0	0	0	3	5	0	0	4	4	0	0	0	5
1226.400	0	0	0	0	7	12	0	0	0	0	1	0	0	0	0	2	0	0	4	7	0	0	0	8
1226.600	0	0	0	0	0	7	0	0	0	0	1	0	0	0	4	4	0	0	5	6	0	0	0	7
1226.800	0	0	0	0	7	10	0	0	0	0	0	0	0	0	4	9	0	0	5	5	0	0	0	5
1227.000	0	0	0	0	5	9	0	0	0	0	0	0	0	0	6	6	0	0	6	4	0	0	0	5
1227.200	0	0	0	0	2	2	0	0	0	0	0	0	0	0	7	6	0	0	5	6	0	0	0	8
1227.400	0	0	0	0	1	4	0	0	0	0	0	0	0	0	5	4	0	1	3	4	0	0	0	8
1227.600	0	0	0	0	1	5	0	0	0	0	1	0	0	0	6	10	0	1	6	7	0	0	0	5
1227.800	0	0	0	0	2	9	0	0	0	0	1	0	0	0	5	8	0	1	4	4	0	0	0	6
1228.000	0	0	0	0	2	10	0	0	0	0	0	0	0	0	6	9	0	0	6	5	0	0	0	5
1228.200	0	0	0	0	8	9	0	0	0	0	1	0	0	0	1	7	0	0	3	5	0	0	0	5
1228.400	0	0	0	0	5	6	0	0	0	0	0	0	0	0	7	12	0	1	4	5	0	0	0	7
1228.600	0	0	0	0	5	11	0	0	0	0	0	0	0	0	5	10	0	1	8	5	0	0	0	7
1228.800	0	0	0	0	3	9	0	0	0	0	0	0	0	0	4	3	0	1	3	9	0	0	0	4
1229.000	0	0	0	0	5	7	0	0	0	0	0	0	0	0	3	7	0	0	3	6	0	0	0	7
1229.200	0	0	0	0	1	7	0	0	0	0	0	0	0	0	5	7	0	1	3	5	0	0	0	7
1229.400	0	0	0	0	2	9	0	0	0	0	0	0	0	0	3	5	0	1	7	9	0	0	0	4
1229.600	0	0	0	0	1	4	0	0	0	0	0	0	0	0	1	6	0	1	6	7	0	0	0	7
1229.800	0	0	0	0	3	6	0	0	0	0	1	0	0	0	3	10	0	1	5	4	0	0	0	9
1230.000	0	0	0	0	4	5	0	0	0	0	0	0	0	0	7	8	0	2	2	4	0	0	0	6
1230.200	0	0	0	0	2	8	0	0	0	0	1	0	0	0	8	3	0	0	3	4	0	0	0	4
1230.400	0	0	0	0	2	11	0	0	0	0	1	0	0	0	5	9	0	0	4	6	0	0	0	6
1230.600	0	0	0	0	7	5	0	0	0	0	0	0	0	0	3	6	0	0	7	6	0	0	0	7
1230.800	0	0	0	0	4	6	0	0	0	0	0	0	0	0	5	11	0	0	5	6	0	0	0	7
1231.000	0	0	0	0	7	5	0	0	0	0	0	0	0	0	3	8	0	0	4	9	0	0	0	5
1231.200	0	0	0	0	6	9	0	0	0	0	1	0	0	0	5	6	0	0	4	4	0	0	0	6
1231.400	0	0	0	0	8	6	0	0	0	0	0	0	0	0	9	6	0	0	5	5	0	0	0	6
1231.600	0	0	0	0	5	7	0	0	0	0	0	0	0	0	6	9	0	0	3	5	0	0	0	6
1231.800	0	0	0	0	8	6	0	0	0	0	0	0	0	0	7	11	0	0	5	5	0	0	0	4
1232.000	0	0	0	0	6	6	0	0	0	0	1	0	0	0	2	11	0	0	5	9	0	0	0	7
1232.200	0	0	0	0	10	8	0	0	0	0	1	0	0	0	7	3	0	0	5	6	0	0	0	6
1232.400	0	0	0	0	9	6	0	0	0	0	0	0	0	0	4	4	0	0	3	5	0	0	0	5
1232.600	0	0	0	0	5	5	0	0	0	0	0	0	0	0	3	8	0	0	4	3	0	0	0	4
1232.800	0	0	0	0	6	5	0	0	0	0	0	0	0	0	5	7	0	0	6	5	0	0	0	7
1233.000	0	0	0	0	7	5	0	0	0	0	0	0	0	0	7	7	0	0	6	6	0	0	0	2
1233.200	0	0	0	0	7	7	0	0	0	0	0	0	0	0	5	6	0	0	4	4	0	0	0	9
1233.400	0	0	0	0	5	9	0	0	0	0	0	0	0	0	8	2	0	0	4	8	0	0	0	0
1233.600	0	0	0	0	8	7	0	0	0	0	0	0	0	0	7	10	0	0	3	6	0	0	0	6
1233.800	0	0	0	0	7	8	0	0	0	0	0	0	0	0	2	10	0	0	4	5	0	0	0	9
1234.000	0	0	0	0	4	6	0	0	0	0	0	0	0	0	4	10	0	0	5	5	0	0	0	2
1234.200	0	0	0	0	6	5	0	0	0	0	0	0	0	0	4	10	0	0	5	3	0	0	0	5
1234.400	0	0	0	0	6	7	0	0	0	0	0	0	0	0	7	6	0	0	6	3	0	0	0	4
1234.600	0	0	0	0	5	9	0	0	0	0	3	0	0	0	2	8	0	0	5	4	0	0	0	0
1234.800	0	0	0	0	5	10	0	0	0	0	4	0	0	0	4	10	0	0	7	5	0	0	0	1
1235.000	0	0	0	0	5	8	0	0	0	0	3	0	0	0	3	8	0	0	5	5	0	0	0	1
1235.200	0	0	0	0	4	8	0	0	0	0	4	0	0	0	1	6	0	0	4	5	0	0	0	4
1235.400	0	0	0	0	5	10	0	0	0	0	4	0	0	0	4	5	0	0	4	6	0	0	0	6
1235.600	0	0	0	0	5	8	0	0	0	0	5	0	0	0	4	4	0	0	4	3	0	0	0	6
1235.800	0	0	0	0	4	7	0	0	0	0	4	0	0	0	3	7	0	0	10	6	0	0	0	0
1236.000	0	0	0	1	6	7	0	0	0	0	6	0	0	0	4	10	0	0	9	5	0	0	0	0
1236.200	0	0	0	0	6	6	0	0	0	0	5	0	0	0	3	5	0	0	5	4	0	0	0	0
1236.400	0	0	0	0	6	12	0	0	0	0	2	0	0	0	2	13	0	0	3	2	0	0	0	0
1236.600	0	0	0	0	6	7	0	0	0	0	4	0	0	0	4	5	0	0	3	3	0	0	0	1
1236.800	0	0	0	0	8	11	0	0	0	0	4	0	0	0	5	3	0	0	4	2	0	0	0	0
1237.000	0	0	0	0	7	8	0	0	0	0	5	0	0	0	3	5	0	0	7	2	0	0	0	0
1237.200	0	0	0	0	7	5	0	0	0	0	3	0	0	0	6	6	0	0	4	4	0	0	0	0
1237.400	0	0	0	0	5	8	0	0	0	0	3	0	0	0	2	15	0	0	5	4	0	0	0	0
1237.600	0	0	0	0	6	8	0	0	0	0	1	0	0	0	5	14	0	0	3	2	0	0	0	1
1237.800	0	0	0	0	4	10	0	0	0	0	6	0	0	0	5	7	0	0	4	5	0	0	0	0
1238.000	0	0	0	0	4	5	0	0	0	0	3	0	0	0	5	7	0	0	4	4	0	0	0	0
1238.200	0	0	0	0	8	8	0	0	0	0	4	0	0	0	4	5	0	0	4	5	0	0	0	0
1238.400	0	0	0	0	8	5	0	0	0	0	8	0	0	0	8	4	0	0	4	4	0	0	0	0
1238.600	0	0	0	0	2	9	0	0	0	0	4	0	0	0	6	7	0	1	3	2	0	0	0	0
1238.800	0	0	0	0	3	4	0	0	0	0	5	0	0	0	2	19	0	1	7	5	0	0	0	0
1239.000	0	0	0	0	2	6	0	0	0	0	5	0	0	0	4	13	0	1	6	6	0	0	0	0
1239.200	0	0	0	0	3	9	0	0	0	0	6	0	0	0	4	7	0	1	6	4	0	0	0	0
1239.400	0	0	0	0	6	11	0	0	0	0	5	0	0	0	5	5	0	1	3	6	0	0	0	0
1239.600	0	0	0	0	6	6	0	0	0	0	4	0	0	0	4	3	0	0	5	5	0	0	0	0
1239.800	0	0	0	0	6	9	0	0	0	0	3	0	0	0	0	10	0	0	5	6	0	0	0	0
1240.000	0	0	0	0	7	10	0	0	0	0	4	0	0	0	8	2	0	0	5	6	0	0	0	0
1240.200	0	0	0	0	8	12	0	0	0	0	4	0	0	0	6	2	0	0	4	3	0	0	0	0
1240.400	0	0	0	0	6	9	0	0	0	0	4	0	0	0	7	5	0	0	3	5	0	0	0	0
1240.600	0	0	0	0	6	4	0	0	0	0	1	0	0	0	8	11	0	0	4	5	0	0	0	0
1240.800	0	0	0	0	6	9	0	0	0	0	5	0	0	0	2	10	0	0	4	4	0	0	0	0
1241.000	0	0	0	0	6	5	0	0	0	0	4	0	0	0	2	4	0	0	4	5	0	0	0	0
1241.200	0	0	0	0	7	6	0	0	0	0	5	0	0	0	3	10	0	0	4	4	0	0	0	0
1241.400	0	0	0	0	3	1	0	0	0	0	7	0	0	0	2	7	0	0	4	3	0	0	0	0
1241.600	0	0	0	0	9	6	0	0	0	0	5	0	0	0	6	4	0	0	4	5	0	0	0	0
1241.800	0	0	0	0	5	6	0	0	0	0	4	0	0	0	4	7	0	0	3	2	0	0	0	0
1242.000	0	0	0	0	10	9	0	0	0	0	5	0	0	0	4	8	0	0	8	3	0	0	0	0
1242.200	0	0	0	0	6	10	0	0	0	0	5	0	0	0	3	9	0	0	7	6	0	0	0	0
1242.400	0	0	0	0	2	10	0	0	0	0	9	0	0	0	9	9	0	0	7	2	0	0	0	0
1242.600	0	0	0	0	5	17	0	0	0	0	4	0	0	0	5	16	0	0	5	2	0	0	0	0
1242.800	0	0	0	0	5	17	0	0	0	0	4	0	0	0	3	15	0	0	6	5	0	0	0	0
1243.000	0	0	0	0	3	10	0	0	0	0	4	0	0	0	4	15	0	0	6	8	0	0	0	0
1243.200	0	0	0	0	5	5	0	0	0	0	3	0	0	0	4	14	0	0	4	5	0	0	0	0
1243.400	0	0	0	0	5	8	0	0	0	0	3	0	0	0	4	15	0	0	4	5	0	0	0	0
1243.600	0	0	0	0	7	15	0	0	0	0	4	0	0	0	6	10	0	0	3	5	0	0	0	0
1243.800	0	0	0	0	6	16	0	0	0	0	3	0	0	0	3	15	0	0	3	9	0	0	0	0
1244.000	0	0	0	0	1	7	0	0	0	0	5	0	0	0	2	13	0	0	3	5	0	0	0	0
1244.200	0	0	0	0	4	8	0	0	0	0	4	0	0	0	4	15	0	0	4	6	0	0	0	0
1244.400	0	0	0	0	6	8	0	0	0	0	4	0	0	0	2	13	0	0	3	12	0	0	0	0
1244.600	0	0	0	0	9	6	0	0	0	0	5	0	0	0	2	12	0	0	3	9	0	0	0	0
1244.800	0	0	0	0	6	8	0	0	0	0	6	0	0	0	5	14	0	0	3	8	0	0	0	0
1245.000	0	0	0	0	2	3	0	0	0	0	4	0	0	0	3	8	0	0	4	7	0	0	0	0
1245.200	0	0	0	0	3	4	0	0	0	0	6	0	0	0	6	13	0	0	4	8	0	0	0	0
1245.400	0	0	0	0	0	13	0	0	0	0	7	0	0	0	9	10	0	0	4	5	0	0	0	0
1245.600	0	0	0	0	5	7	0	0	0	0	5	0	0	0	5	9	0	0	5	7	0	0	0	0
1245.800	0	0	0	0	7	11	0	0	0	0	5	0	0	0	3	12	0	0	3	7	0	0	0	0
1246.000	0	0	0	0	7	16	0	0	0	0	3	0	0	0	6	6	0	0	3	6	0	0	0	0
1246.200	0	0	0	0	11	10	0	0	0	0	3	0	0	0	5	6	0	0	3	9	0	0	0	0
1246.400	0	0	0	0	2	9	0	0	0	0	5	0	0	0	8	11	0	0	4	9	0	0	0	0
1246.600	0	0	0	0	5	10	0	0	0	0	5	0	0	0	8	6	0	0	3	7	0	0	0	0
1246.800	0	0	0	0	7	9	0	0	0	0	5	0	0	0	4	14	0	0	3	4	0	0	0	0
1247.000	0	0	0	0	6	11	0	0	0	0	4	0	0	0	3	6	0	0	3	5	0	0	0	0
1247.200	0	0	0	0	6	5	0	0	0	0	3	0	0	0	5	5	0	0	3	4	0	0	0	0
1247.400	0	0	0	0	5	7	0	0	0	0	4	0	0	0	4	7	0	0	5	9	0	0	0	0
1247.600	0	0	0	0	7	4	0	0	0	0	3	0	0	0	5	8	0	0	3	7	0	0	0	0
1247.800	0	0	0	0	6	9	0	0	0	0	3	0	0	0	5	9	0	0	3	8	0	0	0	0
1248.000	0	0	0	0	5	10	0	0	0	0	3	0	0	0	5	7	0	0	2	5	0	0	0	0
1248.200	0	0	0	0	6	7	0	0	0	0	1	0	0	0	3	4	0	0	4	8	0	0	0	0
1248.400	0	0	0	0	8	10	0	0	0	0	4	0	0	0	0	2	0	0	5	4	0	0	0	0
1248.600	0	0	0	0	8	4	0	0	0	0	4	0	0	0	2	4	0	0	3	4	0	0	0	0
1248.800	0	0	0	0	7	6	0	0	0	0	4	0	0	0	1	5	0	0	3	4	0	0	0	0
1249.000	0	0	0	0	6	8	0	0	0	0	5	0	0	0	3	10	0	0	4	4	0	0	0	0
1249.200	0	0	0	0	8	8	0	0	0	0	5	0	0	0	3	8	0	0	3	6	0	0	0	0
1249.400	0	0	0	0	5	9	0	0	0	0	6	0	0	0	2	9	0	0	3	5	0	0	0	0
1249.600	0	0	0	0	6	4	0	0	0	0	5	0	0	0	4	6	0	0	3	6	0	0	0	0
1249.800	0	0	0	0	6	5	0	0	0	0	6	0	0	0	3	5	0	0	4	9	0	0	0	0
1250.000	0	0	0	0	3	9	0	0	0	0	5	0	0	0	4	6	0	0	6	5	0	0	0	0
1250.200	0	0	0	0	6	7	0	0	0	0	5	0	0	0	3	8	0	0	6	8	0	0	0	0
1250.400	0	0	0	0	8	10	0	0	0	0	5	0	0	0	3	6	0	0	3	5	0	0	0	0
1250.600	0	0	0	0	8	5	0	0	0	0	5	0	0	0	0	7	0	0	5	9	0	0	0	0
1250.800	0	0	0	0	7	2	0	0	0	0	4	0	0	0	5	12	0	0	6	7	0	0	0	0
1251.000	0	0	0	0	6	9	0	0	0	0	4	0	0	0	4	7	0	0	5	9	0	0	0	0
1251.200	0	0	0	0	5	10	0	0	0	0	5	0	0	0	5	9	0	0	3	5	0	0	0	0
1251.400	0	0	0	0	10	9	0	0	0	0	5	0	0	0	5	8	0	0	2	8	0	0	0	0
1251.600	0	0	0	0	12	5	0	0	0	0	5	0	0	0	3	10	0	0	3	3	0	0	0	0
1251.800	0	0	0	0	6	4	0	0	0	0	1	0	0	0	4	5	0	0	3	8	0	0	0	0
1252.000	0	0	0	0	2	8	0	0	0	0	4	0	0	0	6	5	0	0	3	4	0	0	0	0
1252.200	0	0	0	0	1	8	0	0	0	0	0	0	0	0	5	3	0	0	3	3	0	0	0	0
1252.400	0	0	0	0	6	6	0	0	0	0	0	0	0	0	1	3	0	0	3	5	0	0	0	0
1252.600	0	0	0	0	5	7	0	0	0	0	3	0	0	0	3	6	0	0	3	4	0	0	0	0
1252.800	0	0	0	0	2	9	0	0	0	0	3	0	0	0	7	5	0	0	4	5	0	0	0	0
1253.000	0	0	0	0	7	4	0	0	0	0	1	0	0	0	2	4	0	0	4	4	0	0	0	0
1253.200	0	0	0	0	7	6	0	0	0	0	2	0	0	0	5	3	0	0	5	3	0	0	0	0
1253.400	0	0	0	0	8	8	0	0	0	0	2	0	0	0	3	2	0	0	4	5	0	0	0	0
1253.600	0	0	0	0	8	9	0	0	0	0	1	0	0	0	5	4	0	0	3	3	0	0	0	0
1253.800	0	0	0	0	6	10	0	0	0	0	1	0	0	0	2	1	0	0	4	7	0	0	0	0
1254.000	0	0	0	0	5	14	0	0	0	0	1	0	0	0	3	5	0	0	3	5	0	0	0	0
1254.200	0	0	0	0	6	12	0	0	0	0	0	0	0	0	3	3	0	0	4	5	0	0	0	0
1254.400	0	0	0	0	5	4	0	0	0	0	0	0	0	0	5	11	0	0	5	6	0	0	0	0
1254.600	0	0	0	0	7	10	0	0	0	0	0	0	0	0	5	9	0	0	5	5	0	0	0	0
1254.800	0	0	0	0	9	3	0	0	0	0	0	0	0	0	2	12	0	0	4	4	0	0	0	0
1255.000	0	0	0	0	0	4	0	0	0	0	1	0	0	0	2	10	0	0	4	6	0	0	0	0
1255.200	0	0	0	0	5	10	0	0	0	0	0	0	0	0	3	8	0	0	3	4	0	0	0	0
1255.400	0	0	0	0	6	5	0	0	0	0	0	0	0	0	1	12	0	0	4	9	0	0	0	0
1255.600	0	0	0	0	5	10	0	0	0	0	1	0	0	0	5	13	0	0	6	6	0	0	0	0
1255.800	0	0	0	0	4	4	0	0	0	0	0	0	0	0	2	16	0	0	4	6	0	0	0	0
1256.000	0	0	0	0	5	4	0	0	0	0	1	0	0	0	0	11	0	0	3	7	0	0	0	0
1256.200	0	0	0	0	6	4	0	0	0	0	0	0	0	0	6	14	0	0	3	8	0	0	0	0
1256.400	0	0	0	0	9	12	0	0	0	0	0	0	0	0	6	6	0	0	3	7	0	0	0	0
1256.600	0	0	0	0	7	8	0	0	0	0	0	0	0	0	5	9	0	0	6	7	0	0	0	0
1256.800	0	0	0	0	4	5	0	0	0	0	1	0	0	0	3	6	0	0	5	5	0	0	0	0
1257.000	0	0	0	0	6	4	0	0	0	0	0	0	0	0	2	11	0	0	4	6	0	0	0	0
1257.200	0	0	0	0	5	10	0	0	0	0	0	0	0	0	3	9	0	0	9	8	0	0	0	0
1257.400	0	0	0	0	5	16	0	0	0	0	0	0	0	0	4	5	0	0	9	7	0	0	0	0
1257.600	0	0	0	0	2	4	0	0	0	0	0	0	0	0	4	10	0	1	6	8	0	0	0	0
1257.800	0	0	0	0	5	7	0	0	0	0	0	0	0	0	4	11	0	0	8	6	0	0	0	0
1258.000	0	0	0	0	5	4	0	0	0	0	0	0	0	0	4	9	0	0	8	7	0	0	0	0
1258.200	0	0	0	0	9	9	0	0	0	0	0	0	0	0	4	4	0	0	9	7	0	0	0	0
1258.400	0	0	0	0	4	10	0	0	0	0	0	0	0	0	6	11	0	0	10	7	0	0	0	0
1258.600	0	0	0	0	4	9	0	0	0	0	0	0	0	0	7	7	0	0	9	9	0	0	0	0
1258.800	0	0	0	0	9	12	0	0	0	0	0	0	0	0	5	8	0	0	8	8	0	0	0	0
1259.000	0	0	0	0	5	8	0	0	0	0	0	0	0	0	4	9	0	0	8	10	0	0	0	0
1259.200	0	0	0	0	7	8	0	0	0	0	0	0	0	0	4	15	0	0	9	7	0	0	0	0
1259.400	0	0	0	0	7	4	0	0	0	0	0	0	0	0	1	8	0	0	10	7	0	0	0	0
1259.600	0	0	0	0	8	14	0	0	0	0	0	0	0	0	5	6	0	0	8	10	0	0	0	0
1259.800	0	0	0	0	9	9	0	0	0	0	0	0	0	0	3	5	0	0	9	9	0	0	0	0
1260.000	0	0	0	0	6	8	0	0	0	0	0	0	0	0	4	10	0	0	9	8	0	0	0	0
1260.200	0	0	0	0	9	7	0	0	0	0	0	0	0	0	5	6	0	0	8	9	0	0	0	0
1260.400	0	0	0	0	7	8	0	0	0	0	0	0	0	0	4	7	0	0	12	10	0	0	0	0
1260.600	0	0	0	0	7	8	0	0	0	0	0	0	0	0	5	11	0	0	7	7	0	0	0	0
1260.800	0	0	0	0	7	9	0	0	0	0	0	0	0	0	6	3	0	0	9	9	0	0	0	0
1261.000	0	0	0	0	6	5	0	0	0	0	0	0	0	0	6	3	0	0	6	5	0	0	0	0
1261.200	0	0	0	0	7	7	0	0	0	0	0	0	0	0	9	7	0	0	10	6	0	0	0	0
1261.400	0	0	0	0	5	10	0	0	0	0	0	0	0	0	7	7	0	0	9	6	0	0	0	0
1261.600	0	0	0	0	5	10	0	0	0	0	0	0	0	0	6	5	0	0	8	9	0	0	0	0
1261.800	0	0	0	0	10	9	0	0	0	0	0	0	0	0	5	9	0	0	13	6	0	0	0	0
1262.000	0	0	0	0	7	8	0	0	0	0	0	0	0	0	5	6	0	0	9	10	0	0	0	0
1262.200	0	0	0	0	11	10	0	0	0	0	0	0	0	0	5	14	0	0	12	7	0	0	0	0
1262.400	0	0	0	0	7	10	0	0	0	0	0	0	0	0	4	5	0	0	9	5	0	0	0	0
1262.600	0	0	0	0	8	11	0	0	0	0	0	0	0	0	7	13	0	0	12	10	0	0	0	0
1262.800	0	0	0	0	5	4	0	0	0	0	0	0	0	0	6	6	0	0	8	5	0	0	0	0
1263.000	0	0	0	0	4	4	0	0	0	0	0	0	0	0	2	4	0	0	9	10	0	0	0	0
1263.200	0	0	0	0	3	2	0	0	0	0	0	0	0	0	4	5	0	0	9	9	0	0	0	0
1263.400	0	0	0	0	1	3	0	0	0	0	0	0	0	0	8	9	0	0	11	8	0	0	0	0
1263.600	0	0	0	0	7	3	0	0	0	0	0	0	0	0	5	4	0	0	9	5	0	0	0	0
1263.800	0	0	0	0	3	8	0	0	0	0	1	0	0	0	7	7	0	0	8	6	0	0	0	0
1264.000	0	0	0	0	3	6	0	0	0	0	0	0	0	0	7	4	0	0	5	3	0	0	0	0
1264.200	0	0	0	0	8	9	0	0	0	0	0	0	0	0	5	5	0	0	3	3	0	0	0	0
1264.400	0	0	0	0	6	8	0	0	0	0	0	0	0	0	2	7	0	0	6	6	0	0	0	0
1264.600	0	0	0	0	2	6	0	0	0	0	0	0	0	0	3	11	0	0	5	7	0	0	0	0
1264.800	0	0	0	0	3	1	0	0	0	0	0	0	0	0	5	7	0	0	4	3	0	0	0	0
1265.000	0	0	0	0	11	7	0	0	0	0	0	0	0	0	4	9	0	0	2	3	0	0	0	0
1265.200	0	0	0	0	2	9	0	0	0	0	0	0	0	0	3	8	0	0	6	7	0	0	0	0
1265.400	0	0	0	0	7	9	0	0	0	0	0	0	0	0	2	13	0	1	7	5	0	0	0	0
1265.600	0	0	0	0	5	8	0	0	0	0	0	0	0	0	8	12	0	0	5	3	0	0	0	0
1265.800	0	0	0	0	1	7	0	0	0	0	0	0	0	0	6	11	0	1	8	4	0	0	0	0
1266.000	0	0	0	0	1	7	0	0	0	0	0	0	0	0	6	9	0	0	8	5	0	0	0	0
1266.200	0	0	0	0	5	9	0	0	0	0	0	0	0	0	6	8	0	1	8	4	0	0	0	0
1266.400	0	0	0	0	3	3	0	0	0	0	0	0	0	0	10	5	0	1	5	7	0	0	0	0
1266.600	0	0	0	0	6	12	0	0	0	0	0	0	0	0	5	8	0	0	4	4	0	0	0	0
1266.800	0	0	0	0	5	8	0	0	0	0	1	0	0	0	3	7	0	0	2	1	0	0	0	0
1267.000	0	0	0	0	5	11	0	0	0	0	0	0	0	0	6	8	0	0	3	5	0	0	0	0
1267.200	0	0	0	0	0	5	0	0	0	0	0	0	0	0	6	7	0	0	4	6	0	0	0	0
1267.400	0	0	0	0	2	3	0	0	0	0	0	0	0	0	4	11	0	1	8	9	0	0	0	0
1267.600	0	0	0	0	5	10	0	0	0	0	0	0	0	0	2	6	0	0	8	7	0	0	0	0
1267.800	0	0	0	0	4	1	0	0	0	0	1	0	0	0	2	8	0	0	3	5	0	0	0	0
1268.000	0	0	0	0	2	8	0	0	0	0	0	0	0	0	3	9	0	0	6	5	0	0	0	0
1268.200	0	0	0	0	3	5	0	0	0	0	2	0	0	0	0	9	0	1	5	6	0	0	0	0
1268.400	0	0	0	0	8	12	0	0	0	0	1	0	0	0	5	10	0	0	4	8	0	0	0	0
1268.600	0	0	0	0	8	9	0	0	0	0	0	0	0	0	4	4	0	0	5	8	0	0	0	0
1268.800	0	0	0	0	8	4	0	0	0	0	0	0	0	0	2	11	0	0	4	6	0	0	0	0
1269.000	0	0	0	0	3	5	0	0	0	0	0	0	0	0	3	9	0	0	4	5	0	0	0	0
1269.200	0	0	0	0	5	9	0	0	0	0	0	0	0	0	5	11	0	0	6	6	0	0	0	0
1269.400	0	0	0	0	4	6	0	0	0	0	0	0	0	0	5	12	0	0	6	5	0	0	0	0
1269.600	0	0	0	0	1	3	0	0	0	0	2	0	0	0	9	6	0	0	3	3	0	0	0	0
1269.800	0	0	0	0	3	1	0	0	0	0	0	0	0	0	2	13	0	0	3	5	0	0	0	0
1270.000	0	0	0	0	4	6	0	0	0	0	0	0	0	0	4	10	0	0	3	5	0	0	0	0
1270.200	0	0	0	0	3	5	0	0	0	0	0	0	0	0	4	8	0	0	5	8	0	0	0	0
1270.400	0	0	0	0	5	5	0	0	0	0	0	0	0	0	5	10	0	0	3	6	0	0	0	0
1270.600	0	0	0	0	6	6	0	0	0	0	0	0	0	0	4	5	0	0	3	6	0	0	0	0
1270.800	0	0	0	0	2	3	0	0	0	0	0	0	0	0	4	10	0	0	3	5	0	0	0	0
1271.000	0	0	0	0	3	12	0	0	0	0	1	0	0	0	6	7	0	0	3	4	0	0	0	0
1271.200	0	0	0	0	3	11	0	0	0	0	0	0	0	0	4	5	0	0	4	4	0	0	0	0
1271.400	0	0	0	0	4	13	0	0	0	0	1	0	0	0	7	3	0	0	3	4	0	0	0	0
1271.600	0	0	0	0	2	4	0	0	0	0	0	0	0	0	5	4	0	0	3	7	0	0	0	0
1271.800	0	0	0	0	4	6	0	0	0	0	1	0	0	0	4	12	0	0	3	8	0	0	0	0
1272.000	0	0	0	0	2	3	0	0	0	0	0	0	0	0	4	10	0	0	6	6	0	0	0	0
1272.200	0	0	0	0	2	7	0	0	0	0	1	0	0	0	6	12	0	0	4	4	0	0	0	0
1272.400	0	0	0	0	0	4	0	0	0	0	2	0	0	0	3	9	0	0	3	4	0	0	0	0
1272.600	0	0	0	0	3	11	0	0	0	0	2	0	0	0	5	7	0	1	3	4	0	0	0	0
1272.800	0	0	0	0	2	9	0	0	0	0	1	0	0	0	5	13	0	1	4	5	0	0	0	0
1273.000	0	0	0	0	2	10	0	0	0	0	3	0	0	0	3	16	0	0	3	5	0	0	0	0
1273.200	0	0	0	0	1	15	0	0	0	0	3	0	0	0	3	7	0	0	4	6	0	0	0	0
1273.400	0	0	0	0	1	8	0	0	0	0	4	0	0	0	2	13	0	0	3	6	0	0	0	0
1273.600	0	0	0	0	0	11	0	0	0	0	3	0	0	0	5	12	0	0	3	4	0	0	0	0
1273.800	0	0	0	0	0	13	0	0	0	0	3	0	0	0	6	7	0	0	3	5	0	0	0	0
1274.000	0	0	0	0	2	11	0	0	0	0	3	0	0	0	3	12	0	0	4	4	0	0	0	0
1274.200	0	0	0	0	4	10	0	0	0	0	3	0	0	0	4	11	0	0	4	4	0	0	0	0
1274.400	0	0	0	0	2	4	0	0	0	0	1	0	0	0	7	11	0	1	14	4	0	0	0	0
1274.600	0	0	0	0	0	8	0	0	0	0	3	0	0	0	3	11	0	1	15	9	0	0	0	0
1274.800	0	0	0	0	3	4	0	0	0	0	1	0	0	0	5	12	0	1	13	5	0	0	0	0
1275.000	0	0	0	0	1	9	0	0	0	0	1	0	0	0	8	15	0	2	9	3	0	0	0	0
1275.200	0	0	0	0	4	5	0	0	0	0	1	0	0	0	4	13	0	2	7	1	0	0	0	0
1275.400	0	0	0	0	4	3	0	0	0	0	0	0	0	0	2	4	0	1	7	3	0	0	0	0
1275.600	0	0	0	0	3	4	0	0	0	0	0	0	0	0	6	6	0	2	8	4	0	0	0	0
1275.800	0	0	0	0	6	8	0	0	0	0	0	0	0	0	3	6	0	0	11	6	0	0	0	0
1276.000	0	0	0	0	5	7	0	0	0	0	0	0	0	0	7	2	0	1	10	6	0	0	0	0
1276.200	0	0	0	0	8	5	0	0	0	0	0	0	0	0	2	5	0	0	4	7	0	0	0	0
1276.400	0	0	0	0	4	2	0	0	0	0	0	0	0	0	7	3	0	0	5	5	0	0	0	0
1276.600	0	0	0	0	3	2	0	0	0	0	0	0	0	0	2	8	0	0	3	5	0	0	0	0
1276.800	0	0	0	0	3	2	0	0	0	0	0	0	0	0	0	4	0	0	3	4	0	0	0	0
1277.000	0	0	0	0	3	6	0	0	0	0	0	0	0	0	2	7	0	0	4	4	0	0	0	0
1277.200	0	0	0	0	5	0	0	0	0	0	0	0	0	0	2	5	0	0	3	2	0	0	0	0
1277.400	0	0	0	0	4	3	0	0	0	0	0	0	0	0	5	8	0	0	6	4	0	0	0	0
1277.600	0	0	0	0	2	2	0	0	0	0	0	0	0	0	1	12	0	0	3	2	0	0	0	0
1277.800	0	0	0	0	3	1	0	0	0	0	0	0	0	0	3	14	0	0	4	3	0	0	0	0
1278.000	0	0	0	0	3	2	0	0	0	0	0	0	0	0	8	8	0	0	4	2	0	0	0	1
1278.200	0	0	0	0	3	1	0	0	0	0	0	0	0	0	3	5	0	0	3	5	0	0	0	0
1278.400	0	0	0	0	3	0	0	0	0	0	0	0	0	0	6	2	0	0	11	3	0	0	0	0
1278.600	0	0	0	0	2	2	0	0	0	0	0	0	0	0	12	5	0	0	4	5	0	0	0	0
1278.800	0	0	0	0	3	0	0	0	0	0	0	0	0	0	7	3	0	0	5	6	0	0	0	0
1279.000	0	0	0	0	5	1	0	0	0	0	0	0	0	0	4	9	0	0	4	3	0	0	0	0
1279.200	0	0	0	0	4	6	0	0	0	0	0	0	0	0	3	9	0	0	9	4	0	0	0	0
1279.400	0	0	0	0	7	0	0	0	0	0	0	0	0	0	4	10	0	0	9	4	0	0	0	0
1279.600	0	0	0	0	5	2	0	0	0	0	0	0	0	0	5	9	0	0	11	3	0	0	0	0
1279.800	0	0	0	0	4	2	0	0	0	0	0	0	0	0	5	8	0	0	9	2	0	0	0	0
1280.000	0	0	0	0	6	0	0	0	0	0	0	0	0	0	6	18	0	0	10	3	0	0	0	0
1280.200	0	0	0	0	6	6	0	0	0	0	0	0	0	0	11	8	0	0	9	6	0	0	0	0
1280.400	6	0	0	0	5	7	0	0	0	0	0	0	0	0	7	18	0	0	11	4	0	0	0	0
1280.600	0	0	0	0	6	7	0	0	0	0	0	0	0	0	8	13	0	0	8	6	0	0	0	0
1280.800	0	0	0	0	5	8	0	0	0	0	0	0	0	0	6	7	0	0	10	5	0	0	0	0
1281.000	0	0	0	0	5	8	0	0	0	0	0	0	0	0	7	8	0	0	8	6	0	0	0	0
1281.200	0	0	0	0	5	5	0	0	0	0	0	0	0	0	8	4	0	0	10	3	0	0	0	0
1281.400	0	0	0	0	5	4	0	0	0	0	0	0	0	0	8	2	0	0	13	5	0	0	0	0
1281.600	0	0	0	0	7	4	0	0	0	0	0	0	0	0	4	18	0	0	9	5	0	0	0	0
1281.800	0	0	0	0	5	2	0	0	0	0	0	0	0	0	5	5	0	0	10	5	0	0	0	0
1282.000	0	0	0	0	3	6	0	0	0	0	0	0	0	0	5	14	0	0	11	4	0	0	0	0
1282.200	0	0	0	0	4	4	0	0	0	0	0	0	0	0	4	12	0	0	8	8	0	0	0	0
1282.400	0	0	0	0	5	0	0	0	0	0	0	0	0	0	6	16	0	0	8	5	0	0	0	0
1282.600	0	0	0	0	6	7	0	0	0	0	0	0	0	0	7	13	0	0	11	5	0	0	0	0
1282.800	0	0	0	0	2	0	0	0	0	0	0	0	0	0	7	8	0	0	7	4	0	0	0	0
1283.000	0	0	0	0	2	1	0	0	0	0	0	0	0	0	1	18	0	0	9	7	0	0	0	0
1283.200	0	0	0	0	2	0	0	0	0	0	0	0	0	0	2	21	0	0	12	5	0	0	0	0
1283.400	0	0	0	0	3	2	0	0	0	0	0	0	0	0	6	15	0	0	7	1	0	0	0	0
1283.600	0	0	0	0	4	6	0	0	0	0	0	0	0	0	7	20	0	0	11	3	0	0	0	0
1283.800	0	0	0	0	8	7	0	0	0	0	0	0	0	0	2	16	0	0	13	1	0	0	0	0
1284.000	0	0	0	0	9	7	0	0	0	0	0	0	0	0	6	13	0	0	12	2	0	0	0	0
1284.200	0	0	0	0	1	4	0	0	0	0	0	0	0	0	6	16	0	0	9	3	0	0	0	0
1284.400	0	0	0	0	6	4	0	0	0	0	0	0	0	0	1	14	0	0	11	4	0	0	0	0
1284.600	0	0	0	0	5	6	0	0	0	0	0	0	0	0	4	12	0	0	10	3	0	0	0	0
1284.800	0	0	0	0	8	7	0	0	0	0	0	0	0	0	3	14	0	0	8	3	0	0	0	0
1285.000	0	0	0	0	6	10	0	0	0	0	0	0	0	0	4	15	0	0	8	6	0	0	0	0
1285.200	0	0	0	0	5	4	0	0	0	0	0	0	0	0	7	11	0	0	10	6	0	0	0	0
1285.400	0	0	0	0	3	5	0	0	0	0	0	0	0	0	6	11	0	0	11	5	0	0	0	0
1285.600	0	0	0	0	8	11	0	0	0	0	0	0	0	0	7	9	0	0	11	6	0	0	0	0
1285.800	0	0	0	0	5	3	0	0	0	0	0	0	0	0	8	16	0	0	8	6	0	0	0	0
1286.000	0	0	0	0	6	7	0	0	0	0	0	0	0	0	9	10	0	0	8	6	0	0	0	0
1286.200	0	0	0	0	8	5	0	0	0	0	0	0	0	0	3	15	0	0	18	4	0	0	0	0
1286.400	0	0	0	0	6	2	0	0	0	0	0	0	0	0	4	12	0	0	10	4	0	0	0	0
1286.600	0	0	0	0	9	8	0	0	0	0	0	0	0	0	7	13	0	0	7	5	0	0	0	0
1286.800	0	0	0	0	9	9	0	0	0	0	0	0	0	0	5	12	0	0	7	6	0	0	0	0
1287.000	0	0	0	0	9	9	0	0	0	0	0	0	0	0	6	16	0	0	9	5	0	0	0	0
1287.200	0	0	0	0	4	4	0	0	0	0	0	0	0	0	7	11	0	0	8	4	0	0	0	0
1287.400	0	0	0	0	3	0	0	0	0	0	0	0	0	0	7	19	0	0	12	6	0	0	0	0
1287.600	0	0	0	0	3	1	0	0	0	0	0	0	0	0	6	16	0	0	8	4	0	0	0	0
1287.800	0	0	0	0	3	3	0	0	0	0	0	0	0	0	5	14	0	0	12	6	0	0	0	0
1288.000	0	0	0	0	2	5	0	0	0	0	0	0	0	0	3	17	0	0	10	4	0	0	0	0
1288.200	0	0	0	0	4	5	0	0	0	0	0	0	0	0	4	15	0	0	8	4	0	0	0	0
1288.400	0	0	0	0	5	6	0	0	0	0	0	0	0	0	5	17	0	0	10	2	0	0	0	0
1288.600	0	0	0	0	3	6	0	0	0	0	0	0	0	0	8	17	0	0	11	5	0	0	0	0
1288.800	0	0	0	0	4	1	0	0	0	0	0	0	0	0	8	11	0	0	11	4	0	0	0	0
1289.000	0	0	0	0	3	4	0	0	0	0	0	0	0	0	1	8	0	0	13	5	0	0	0	0
1289.200	0	0	0	0	10	7	0	0	0	0	0	0	0	0	4	9	0	0	11	2	0	0	0	0
1289.400	0	0	0	0	4	6	0	0	0	0	0	0	0	0	5	11	0	0	10	4	0	0	0	0
1289.600	0	0	0	0	7	6	0	0	0	0	0	0	0	0	1	14	0	0	12	6	0	0	0	0
1289.800	0	0	0	0	4	4	0	0	0	0	0	0	0	0	3	12	0	0	11	4	0	0	0	0
1290.000	0	0	0	0	4	3	0	0	0	0	0	0	0	0	0	12	0	0	18	5	0	0	0	0
1290.200	0	0	0	0	7	6	0	0	0	0	0	0	0	0	0	15	0	0	8	1	0	0	0	0
1290.400	0	0	0	0	5	7	0	0	0	0	0	0	0	0	2	9	0	0	10	5	0	0	0	0
1290.600	0	0	0	0	4	6	0	0	0	0	0	0	0	0	1	15	0	0	10	5	0	0	0	0
1290.800	0	0	0	0	8	3	0	0	0	0	0	0	0	0	5	12	0	0	11	4	0	0	0	0
1291.000	0	0	0	0	6	5	0	0	0	0	0	0	0	0	3	14	0	0	10	5	0	0	0	0
1291.200	0	0	0	0	7	9	0	0	0	0	0	0	0	0	5	15	0	1	9	4	0	0	0	0
1291.400	0	0	0	0	9	9	0	0	0	0	0	0	0	0	5	9	0	0	16	5	0	0	0	0
1291.600	0	0	0	0	8	8	0	0	0	0	0	0	0	0	5	15	0	0	9	4	0	0	0	0
1291.800	0	0	0	0	2	9	0	0	0	0	0	0	0	0	7	10	0	0	9	4	0	0	0	0
1292.000	0	0	0	0	8	6	0	0	0	0	0	0	0	0	4	9	0	0	9	3	0	0	0	0
1292.200	0	0	0	0	4	4	0	0	0	0	0	0	0	0	1	11	0	0	11	2	0	0	0	0
1292.400	0	0	0	0	3	3	0	0	0	0	0	0	0	0	4	5	0	0	13	5	0	0	0	0
1292.600	0	0	0	0	4	0	0	0	0	0	0	0	0	0	1	12	0	0	14	3	0	0	0	0
1292.800	0	0	0	0	7	0	0	0	0	0	0	0	0	0	5	10	0	0	10	4	0	0	0	0
1293.000	0	0	0	0	3	3	0	0	0	0	0	0	0	0	6	12	0	0	9	2	0	0	0	0
1293.200	0	0	0	0	5	3	0	0	0	0	0	0	0	0	0	8	0	0	10	3	0	0	0	0
1293.400	0	0	0	0	2	4	0	0	0	0	0	0	0	0	1	9	0	0	11	6	0	0	0	0
1293.600	0	0	0	0	4	3	0	0	0	0	0	0	0	0	6	6	0	0	13	5	0	0	0	0
1293.800	0	0	0	0	6	9	0	0	0	0	0	0	0	0	4	8	0	0	12	4	0	0	0	0
1294.000	0	0	0	0	2	4	0	0	0	0	0	0	0	0	5	5	0	0	15	4	0	0	0	0
1294.200	0	0	0	0	3	6	0	0	0	0	0	0	0	0	3	7	0	0	12	5	0	0	0	0
1294.400	0	0	0	0	3	8	0	0	0	0	0	0	0	0	4	5	0	0	10	5	0	0	0	0
1294.600	0	0	0	0	4	9	0	0	0	0	0	0	0	0	4	6	0	0	14	2	0	0	0	0
1294.800	0	0	0	0	6	9	0	0	0	0	0	0	0	0	6	3	0	0	11	4	0	0	0	0
1295.000	0	0	0	0	7	8	0	0	0	0	0	0	0	0	2	15	0	0	9	2	0	0	0	0
1295.200	0	0	0	0	8	10	0	0	0	0	0	0	0	0	2	13	0	0	9	5	0	0	0	0
1295.400	0	0	0	0	5	9	0	0	0	0	0	0	0	0	1	9	0	0	9	2	0	0	0	0
1295.600	0	0	0	0	6	5	0	0	0	0	0	0	0	0	8	16	0	0	11	5	0	0	0	0
1295.800	0	0	0	0	8	6	0	0	0	0	0	0	0	0	2	15	0	0	13	4	0	0	0	0
1296.000	0	0	0	0	7	6	0	0	0	0	0	0	0	0	5	14	0	0	11	5	0	0	0	0
1296.200	0	0	0	0	4	11	0	0	0	0	0	0	0	0	5	7	0	0	11	5	0	0	0	0
1296.400	0	0	0	0	2	4	0	0	0	0	0	0	0	0	2	17	0	0	9	5	0	0	0	0
1296.600	0	0	0	0	8	7	0	0	0	0	0	0	0	0	4	15	0	0	15	5	0	0	0	6
1296.800	0	0	0	0	9	4	0	0	0	0	0	0	0	0	4	15	0	0	12	5	0	0	0	13
1297.000	0	0	0	0	6	6	0	0	0	0	0	0	0	0	3	15	0	0	12	5	0	0	0	4
1297.200	0	0	0	0	9	12	0	0	0	0	1	0	0	0	6	11	0	0	10	5	0	0	0	3
1297.400	0	0	0	0	6	8	0	0	0	0	0	0	0	0	4	9	0	0	13	7	0	0	0	4
1297.600	0	0	0	0	5	5	0	0	0	0	0	0	0	0	6	11	0	0	10	5	0	0	0	5
1297.800	0	0	0	0	8	3	0	0	0	0	0	0	0	0	6	16	0	0	12	5	0	0	0	9
1298.000	0	0	0	0	7	4	0	0	0	0	1	0	0	0	7	11	0	0	10	4	0	0	0	5
1298.200	0	0	0	0	0	5	0	0	0	0	0	0	0	0	4	17	0	0	10	4	0	0	0	2
1298.400	0	0	0	0	10	5	0	0	0	0	0	0	0	0	1	12	0	0	10	5	0	0	0	10
1298.600	0	0	0	0	0	9	0	0	0	0	0	0	0	0	6	14	0	0	13	2	0	0	0	7
1298.800	0	0	0	0	3	9	0	0	0	0	0	0	0	0	5	13	0	0	13	5	0	0	0	4
1299.000	0	0	0	0	4	9	0	0	0	0	0	0	0	0	4	15	0	0	11	2	0	0	0	8
1299.200	0	0	0	0	4	7	0	0	0	0	0	0	0	0	4	14	0	0	12	3	0	0	0	6
1299.400	0	0	0	0	8	8	0	0	0	0	0	0	0	0	1	13	0	0	10	5	0	0	0	9
1299.600	0	0	0	0	8	9	0	0	0	0	0	0	0	0	1	15	0	1	9	5	0	0	0	9
1299.800	0	0	0	0	7	9	0	0	0	0	0	0	0	0	4	21	0	0	10	5	0	0	0	6
1300.000	0	0	0	0	8	7	0	0	0	0	0	0	0	0	1	14	0	0	9	4	0	0	0	4
1300.200	0	0	0	0	7	7	0	0	0	0	0	0	0	0	8	16	0	0	10	4	0	0	0	11
1300.400	0	0	0	0	6	10	0	0	0	0	0	0	0	0	2	10	0	1	14	5	0	0	0	8
1300.600	0	0	0	0	9	8	0	0	0	0	0	0	0	0	8	9	0	1	12	5	0	0	0	10
1300.800	0	0	0	0	6	7	0	0	0	0	1	0	0	0	5	11	0	0	9	4	0	0	0	5
1301.000	0	0	0	0	6	9	0	0	0	0	1	0	0	0	6	9	0	0	9	5	0	0	0	5
1301.200	0	0	0	0	4	10	0	0	0	0	0	0	0	0	6	12	0	0	10	5	0	0	0	7
1301.400	0	0	0	0	3	8	0	0	0	0	0	0	0	0	6	10	0	0	10	5	0	0	0	6
1301.600	0	0	0	0	5	7	0	0	0	0	0	0	0	0	0	7	0	0	11	5	0	0	0	8
1301.800	0	0	0	0	4	11	0	0	0	0	0	0	0	0	5	16	0	0	14	5	0	0	0	5
1302.000	0	0	0	0	7	8	0	0	0	0	0	0	0	0	8	6	0	0	13	5	0	0	0	5
1302.200	0	0	0	0	5	7	0	0	0	0	0	0	0	0	4	14	0	0	13	6	0	0	0	6
1302.400	0	0	0	0	5	8	0	0	0	0	0	0	0	0	5	8	0	0	13	5	0	0	0	5
1302.600	0	0	0	0	7	8	0	0	0	0	0	0	0	0	6	11	0	0	17	6	0	0	0	5
1302.800	0	0	0	0	5	4	0	0	0	0	0	0	0	0	8	12	0	0	10	5	0	0	0	5
1303.000	0	0	0	0	5	5	0	0	0	0	0	0	0	0	6	5	0	0	12	5	0	0	0	5
1303.200	0	0	0	0	8	5	0	0	0	0	0	0	0	0	4	12	0	0	11	4	0	0	0	4
1303.400	0	0	0	0	6	5	0	0	0	0	0	0	0	0	9	13	0	0	19	5	0	0	0	6
1303.600	0	0	0	0	8	5	0	0	0	0	0	0	0	0	9	12	0	0	15	4	0	0	0	7
1303.800	0	0	0	0	6	12	0	0	0	0	0	0	0	0	6	3	0	0	17	4	0	0	0	4
1304.000	0	0	0	0	8	15	0	0	0	0	0	0	0	0	10	10	0	1	20	5	0	0	0	2
1304.200	0	0	0	0	8	9	0	0	0	0	0	0	0	0	8	5	0	0	14	6	0	0	0	6
1304.400	0	0	0	0	8	8	0	0	0	0	0	0	0	0	9	9	0	0	12	2	0	0	0	4
1304.600	0	0	0	0	6	12	0	0	0	0	0	0	0	0	5	6	0	0	14	4	0	0	0	5
1304.800	0	0	0	0	10	4	0	0	0	0	0	0	0	0	1	9	0	0	14	5	0	0	0	4
1305.000	0	0	0	0	8	9	0	0	0	0	0	0	0	0	7	7	0	0	16	5	0	0	0	6
1305.200	0	0	0	0	4	9	0	0	0	0	0	0	0	0	1	11	0	0	12	5	0	0	0	6
1305.400	0	0	0	0	7	4	0	0	0	0	0	0	0	0	7	11	0	0	14	5	0	0	0	6
1305.600	0	0	0	0	6	8	0	0	0	0	0	0	0	0	6	15	0	0	12	4	0	0	0	6
1305.800	0	0	0	0	3	11	0	0	0	0	0	0	0	0	8	15	0	0	12	5	0	0	0	3
1306.000	0	0	0	0	5	12	0	0	0	0	0	0	0	0	7	16	0	0	12	5	0	0	0	7
1306.200	0	0	0	0	6	8	0	0	0	0	1	0	0	0	3	13	0	0	16	2	0	0	0	6
1306.400	0	0	0	0	7	11	0	0	0	0	0	0	0	0	8	12	0	0	19	3	0	0	0	7
1306.600	0	0	0	0	7	9	0	0	0	0	0	0	0	0	5	10	0	0	12	5	0	0	0	7
1306.800	0	0	0	0	6	9	0	0	0	0	0	0	0	0	2	10	0	0	16	4	0	0	0	5
1307.000	0	0	0	0	8	10	0	0	0	0	0	0	0	0	3	15	0	0	10	2	0	0	0	4
1307.200	0	0	0	0	10	8	0	0	0	0	0	0	0	0	1	19	0	0	15	5	0	0	0	5
1307.400	0	0	0	0	9	12	0	0	0	0	0	0	0	0	2	16	0	0	12	3	0	0	0	5
1307.600	0	0	0	0	8	5	0	0	0	0	0	0	0	0	1	17	0	0	9	5	0	0	0	5
1307.800	0	0	0	0	7	11	0	0	0	0	0	0	0	0	0	13	0	0	11	6	0	0	0	8
1308.000	0	0	0	0	8	10	0	0	0	0	0	0	0	0	2	16	0	0	11	5	0	0	0	4
1308.200	0	0	0	0	5	10	0	0	0	0	0	0	0	0	4	13	0	0	12	5	0	0	0	6
1308.400	0	0	0	0	8	9	0	0	0	0	0	0	0	0	1	20	0	0	13	5	0	0	0	2
1308.600	0	0	0	0	10	9	0	0	0	0	0	0	0	0	5	18	0	0	10	5	0	0	0	2
1308.800	0	0	0	0	7	5	0	0	0	0	0	0	0	0	6	21	0	0	13	3	0	0	0	2
1309.000	0	0	0	0	7	9	0	0	0	0	0	0	0	0	6	15	0	0	9	1	0	0	0	2
1309.200	0	0	0	0	8	7	0	0	0	0	0	0	0	0	5	5	0	0	12	3	0	0	0	3
1309.400	0	0	0	0	7	12	0	0	0	0	0	0	0	0	5	12	0	0	12	1	0	0	0	2
1309.600	0	0	0	0	7	8	0	0	0	0	0	0	0	0	5	7	0	0	10	1	0	0	0	3
1309.800	0	0	0	0	5	11	0	0	0	0	0	0	0	0	6	6	0	1	13	2	0	0	0	3
1310.000	0	0	0	0	6	5	0	0	0	0	0	0	0	0	10	12	0	0	13	1	0	0	0	4
1310.200	0	0	0	0	6	6	0	0	0	0	0	0	0	0	0	21	0	0	12	5	0	0	0	4
1310.400	0	0	0	0	6	9	0	0	0	0	0	0	0	0	5	14	0	0	11	6	0	0	0	3
1310.600	0	0	0	0	6	9	0	0	0	0	0	0	0	0	7	8	0	0	13	5	0	0	0	2
1310.800	0	0	0	0	6	11	0	0	0	0	0	0	0	0	3	8	0	0	11	3	0	0	0	3
1311.000	0	0	0	0	4	4	0	0	0	0	0	0	0	0	2	8	0	0	11	6	0	0	0	4
1311.200	0	0	0	0	7	9	0	0	0	0	0	0	0	0	7	9	0	0	8	6	0	0	0	3
1311.400	0	0	0	0	6	6	0	0	0	0	0	0	0	0	2	7	0	0	11	5	0	0	0	7
1311.600	0	0	0	0	3	7	0	0	0	0	0	0	0	0	4	8	0	0	13	5	0	0	0	2
1311.800	0	0	0	0	6	8	0	0	0	0	0	0	0	0	5	12	0	0	15	3	0	0	0	5
1312.000	0	0	0	0	4	9	0	0	0	0	0	0	0	0	3	10	0	0	16	2	0	0	0	6
1312.200	0	0	0	0	4	6	0	0	0	0	0	0	0	0	2	5	0	0	9	3	0	0	0	5
1312.400	0	0	0	0	8	11	0	0	0	0	0	0	0	0	3	7	0	0	9	8	0	0	0	6
1312.600	0	0	0	0	4	3	0	0	0	0	0	0	0	0	5	6	0	0	12	6	0	0	0	6
1312.800	0	0	0	0	0	0	0	0	0	0	0	0	0	0	6	6	0	0	11	7	0	0	0	5
1313.000	0	0	0	0	1	4	0	0	0	0	0	0	0	0	5	15	0	0	11	6	0	0	0	5
1313.200	0	0	0	0	6	7	0	0	0	0	0	0	0	0	1	4	0	0	13	7	0	0	0	4
1313.400	0	0	0	0	6	6	0	0	0	0	0	0	0	0	6	5	0	0	9	7	0	0	0	4
1313.600	0	0	0	0	1	8	0	0	0	0	0	0	0	0	5	10	0	0	17	4	0	0	0	1
1313.800	0	0	0	0	3	6	0	0	0	0	0	0	0	0	2	7	0	0	13	6	0	0	0	2
1314.000	0	0	0	0	8	4	0	0	0	0	0	0	0	0	4	5	0	0	10	6	0	0	0	4
1314.200	0	0	0	0	1	1	0	0	0	0	0	0	0	0	2	8	0	0	10	9	0	0	0	3
1314.400	0	0	0	0	1	1	0	0	0	0	0	0	0	0	8	7	0	0	11	4	0	0	0	2
1314.600	0	0	0	0	4	0	0	0	0	0	0	0	0	0	10	4	0	0	11	4	0	0	0	4
1314.800	0	0	0	0	3	4	0	0	0	0	0	0	0	0	4	6	0	0	11	8	0	0	0	3
1315.000	0	0	0	0	1	1	0	0	0	0	0	0	0	0	6	8	0	0	12	5	0	0	0	3
1315.200	0	0	0	0	1	4	0	0	0	0	0	0	0	0	6	4	0	0	8	7	0	0	0	3
1315.400	0	0	0	0	3	0	0	0	0	0	0	0	0	0	8	4	0	0	9	6	0	0	0	4
1315.600	0	0	0	0	6	5	0	0	0	0	0	0	0	0	1	12	0	0	9	7	0	0	0	4
1315.800	0	0	0	0	4	3	0	0	0	0	0	0	0	0	4	11	0	0	9	4	0	0	0	4
1316.000	0	0	0	0	3	3	0	0	0	0	0	0	0	0	5	3	0	0	6	4	0	0	0	2
1316.200	0	0	0	0	7	7	0	0	0	0	0	0	0	0	6	6	0	0	8	5	0	0	0	4
1316.400	0	0	0	0	3	0	0	0	0	0	0	0	0	0	4	8	0	0	11	4	0	0	0	3
1316.600	0	0	0	0	4	2	0	0	0	0	0	0	0	0	5	7	0	0	13	5	0	0	0	5
1316.800	0	0	0	0	5	2	0	0	0	0	0	0	0	0	5	6	0	0	16	8	0	0	0	3
1317.000	0	0	0	0	1	9	0	0	0	0	0	0	0	0	3	9	0	0	12	5	0	0	0	5
1317.200	0	0	0	0	1	5	0	0	0	0	0	0	0	0	2	4	0	0	8	7	0	0	0	4
1317.400	0	0	0	0	2	9	0	0	0	0	0	0	0	0	6	13	0	0	12	6	0	0	0	6
1317.600	0	0	0	0	3	10	0	0	0	0	0	0	0	0	9	12	0	1	15	4	0	0	0	5
1317.800	0	0	0	0	2	14	0	0	0	0	0	0	0	0	5	13	0	0	14	5	0	0	0	3
1318.000	0	0	0	0	3	7	0	0	0	0	0	0	0	0	6	14	0	0	11	4	0	0	0	3
1318.200	0	0	0	0	7	15	0	0	0	0	0	0	0	0	6	12	0	1	10	6	0	0	0	5
1318.400	0	0	0	0	3	16	0	0	0	0	0	0	0	0	9	13	0	0	12	6	0	0	0	4
1318.600	0	0	0	0	2	15	0	0	0	0	0	0	0	0	8	11	0	0	8	4	0	0	0	4
1318.800	0	0	0	0	3	12	0	0	0	0	0	0	0	0	8	11	0	0	8	4	0	0	0	4
1319.000	0	0	0	0	3	12	0	0	0	0	0	0	0	0	4	6	0	0	14	8	0	0	0	5
1319.200	0	0	0	0	4	12	0	0	0	0	0	0	0	0	6	9	0	0	7	5	0	0	0	3
1319.400	0	0	0	0	2	12	0	0	0	0	0	0	0	0	7	13	0	0	13	5	0	0	0	5
1319.600	0	0	0	0	3	11	0	0	0	0	0	0	0	0	4	8	0	0	10	8	0	0	0	3
1319.800	0	0	0	0	5	13	0	0	0	0	0	0	0	0	5	14	0	0	11	5	0	0	0	5
1320.000	0	0	0	0	2	8	0	0	0	0	0	0	0	0	8	7	0	0	10	5	0	0	0	3
1320.200	0	0	0	0	5	11	0	0	0	0	0	0	0	0	7	6	0	0	12	10	0	0	0	3
1320.400	0	0	0	0	4	13	0	0	0	0	0	0	0	0	7	3	0	0	10	4	0	0	0	4
1320.600	0	0	0	0	3	10	0	0	0	0	0	0	0	0	5	0	0	0	6	7	0	0	0	5
1320.800	0	0	0	0	3	14	0	0	0	0	0	0	0	0	8	9	0	0	8	7	0	0	0	1
1321.000	0	0	0	0	4	15	0	0	0	0	0	0	0	0	4	9	0	0	12	5	0	0	0	0
1321.200	0	0	0	0	3	16	0	0	0	0	0	0	0	0	3	14	0	0	11	4	0	0	0	0
1321.400	0	0	0	0	5	10	0	0	0	0	0	0	0	0	3	15	0	0	15	7	0	0	0	0
1321.600	0	0	0	0	5	10	0	0	0	0	0	0	0	0	4	13	0	0	12	3	0	0	0	0
1321.800	0	0	0	0	2	9	0	0	0	0	0	0	0	0	2	8	0	0	7	6	0	0	0	0
1322.000	0	0	0	0	5	10	0	0	0	0	0	0	0	0	3	15	0	0	13	9	0	0	0	0
1322.200	0	0	0	0	4	10	0	0	0	0	0	0	0	0	1	12	0	0	11	7	0	0	0	0
1322.400	0	0	0	0	9	10	0	0	0	0	0	0	0	0	2	7	0	0	10	5	0	0	0	1
1322.600	0	0	0	0	2	12	0	0	0	0	0	0	0	0	5	2	0	0	11	5	0	0	0	0
1322.800	0	0	0	0	2	9	0	0	0	0	0	0	0	0	3	9	0	0	10	6	0	0	0	0
1323.000	0	0	0	0	3	15	0	0	0	0	0	0	0	0	4	13	0	0	14	5	0	0	0	0
1323.200	0	0	0	0	2	10	0	0	0	0	0	0	0	0	3	14	0	0	12	5	0	0	0	0
1323.400	0	0	0	0	1	10	0	0	0	0	0	0	0	0	3	12	0	0	11	4	0	0	0	3
1323.600	0	0	0	0	4	11	0	0	0	0	0	0	0	0	3	9	0	0	10	5	0	0	0	4
1323.800	0	0	0	0	6	9	0	0	0	0	0	0	0	0	2	6	0	0	16	5	0	0	0	3
1324.000	0	0	0	0	2	11	0	0	0	0	0	0	0	0	2	14	0	0	13	5	0	0	0	3
1324.200	0	0	0	0	4	10	0	0	0	0	0	0	0	0	2	12	0	0	13	4	0	0	0	3
1324.400	0	0	0	0	6	11	0	0	0	0	0	0	0	0	1	4	0	0	17	6	0	0	0	3
1324.600	0	0	0	0	5	9	0	0	0	0	0	0	0	0	0	13	0	0	10	5	0	0	0	4
1324.800	0	0	0	0	1	6	0	0	0	0	0	0	0	0	2	15	0	0	12	5	0	0	0	3
1325.000	0	0	0	0	7	7	0	0	0	0	0	0	0	0	3	9	0	0	12	3	0	0	0	3
1325.200	0	0	0	0	6	8	0	0	0	0	0	0	0	0	4	12	0	0	14	3	0	0	0	4
1325.400	0	0	0	0	3	5	0	0	0	0	0	0	0	0	2	16	0	0	15	4	0	0	0	4
1325.600	0	0	0	0	6	8	0	0	0	0	0	0	0	0	5	17	0	0	17	3	0	0	0	2
1325.800	0	0	0	0	7	8	0	0	0	0	0	0	0	0	0	16	0	0	14	2	0	0	0	2
1326.000	0	0	0	0	5	5	0	0	0	0	0	0	0	0	3	15	0	0	11	1	0	0	0	3
1326.200	0	0	0	0	6	9	0	0	0	0	0	0	0	0	2	13	0	0	13	2	0	0	0	3
1326.400	0	0	0	0	8	4	0	0	0	0	0	0	0	0	6	6	0	0	12	3	0	0	0	2
1326.600	0	0	0	0	2	9	0	0	0	0	0	0	0	0	6	15	0	0	13	4	0	0	0	2
1326.800	0	0	0	0	6	7	0	0	0	0	0	0	0	0	5	15	0	0	12	5	0	0	0	2
1327.000	0	0	0	0	8	6	0	0	0	0	0	0	0	0	6	14	0	0	12	4	0	0	0	2
1327.200	0	0	0	0	7	4	0	0	0	0	0	0	0	0	4	14	0	0	11	4	0	0	0	3
1327.400	0	0	0	0	4	7	0	0	0	0	0	0	0	0	1	14	0	0	12	5	0	0	0	5
1327.600	0	0	0	0	7	5	0	0	0	0	0	0	0	0	3	14	0	0	14	5	0	0	0	4
1327.800	0	0	0	0	7	5	0	0	0	0	0	0	0	0	3	19	0	0	12	6	0	0	0	3
1328.000	0	0	0	0	5	4	0	0	0	0	0	0	0	0	3	11	0	0	9	5	0	0	0	7
1328.200	0	0	0	0	10	7	0	0	0	0	0	0	0	0	0	19	0	1	12	5	0	0	0	3
1328.400	0	0	0	1	4	8	0	0	0	0	0	0	0	0	5	10	0	1	12	5	0	0	0	4
1328.600	0	0	0	1	7	4	0	0	0	0	0	0	0	0	6	21	0	0	14	5	0	0	0	3
1328.800	0	0	0	0	5	3	0	0	0	0	0	0	0	0	5	16	0	0	11	6	0	0	0	4
1329.000	0	0	0	0	2	5	0	0	0	0	0	0	0	0	2	17	0	0	11	3	0	0	0	5
1329.200	0	0	0	1	4	5	0	0	0	0	0	0	0	0	2	19	0	1	9	5	0	0	0	5
1329.400	0	0	0	1	6	5	0	0	0	0	0	0	0	0	3	15	0	0	12	5	0	0	0	7
1329.600	0	0	0	2	7	11	0	0	0	0	0	0	0	0	4	5	0	0	12	5	0	0	0	7
1329.800	0	0	0	1	3	12	0	0	0	0	0	0	0	0	1	6	0	1	13	4	0	0	0	7
1330.000	0	0	0	1	7	12	0	0	0	0	0	0	0	0	4	8	0	0	10	5	0	0	0	7
1330.200	0	0	0	0	4	7	0	0	0	0	0	0	0	0	5	10	0	0	13	4	0	0	0	6
1330.400	0	0	0	0	3	4	0	0	0	0	0	0	0	0	2	16	0	0	10	3	0	0	0	7
1330.600	0	0	0	0	6	7	0	0	0	0	0	0	0	0	3	20	0	1	14	5	0	0	0	5
1330.800	0	0	0	0	3	8	0	0	0	0	0	0	0	0	3	19	0	0	11	5	0	0	0	7
1331.000	0	0	0	1	5	7	0	0	0	0	0	0	0	0	3	14	0	1	15	5	0	0	0	6
1331.200	0	0	0	1	8	11	0	0	0	0	0	0	0	0	4	17	0	0	13	4	0	0	0	7
1331.400	0	0	0	0	7	9	0	0	0	0	0	0	0	0	3	17	0	0	8	5	0	0	0	7
1331.600	0	0	0	0	7	11	0	0	0	0	0	0	0	0	1	14	0	0	9	3	0	0	0	9
1331.800	0	0	0	0	2	5	0	0	0	0	0	0	0	0	1	18	0	0	13	4	0	0	0	6
1332.000	0	0	0	0	5	8	0	0	0	0	0	0	0	0	2	19	0	0	16	4	0	0	0	5
1332.200	0	0	0	0	4	8	0	0	0	0	0	0	0	0	1	16	0	0	12	4	0	0	0	5
1332.400	0	0	0	0	4	6	0	0	0	0	0	0	0	0	5	9	0	0	9	1	0	0	0	5
1332.600	0	0	0	0	5	10	0	0	0	0	0	0	0	0	2	15	0	0	11	3	0	0	0	6
1332.800	0	0	0	0	5	7	0	0	0	0	0	0	0	0	0	13	0	0	10	3	0	0	0	6
1333.000	0	0	0	0	5	8	0	0	0	0	0	0	0	0	2	11	0	0	10	1	0	0	0	7
1333.200	0	0	0	1	5	5	0	0	0	0	0	0	0	0	3	11	0	0	12	2	0	0	0	5
1333.400	0	0	0	0	2	4	0	0	0	0	0	0	0	0	6	16	0	0	12	4	0	0	0	6
1333.600	0	0	0	0	11	5	0	0	0	0	0	0	0	0	3	12	0	0	14	5	0	0	0	7
1333.800	0	0	0	0	7	8	0	0	0	0	0	0	0	0	3	4	0	0	15	4	0	0	0	10
1334.000	0	0	0	0	11	3	0	0	0	0	0	0	0	0	3	15	0	0	17	6	0	0	0	3
1334.200	0	0	0	0	6	6	0	0	0	0	0	0	0	0	3	16	0	0	10	5	0	0	0	4
1334.400	0	0	0	0	6	7	0	0	0	0	0	0	0	0	0	12	0	0	9	2	0	0	0	4
1334.600	0	0	0	0	7	6	0	0	0	0	0	0	0	0	6	5	0	0	10	3	0	0	0	3
1334.800	0	0	0	0	7	4	0	0	0	0	0	0	0	0	3	7	0	0	9	1	0	0	0	3
1335.000	0	0	0	0	7	9	0	0	0	0	0	0	0	0	8	11	0	0	10	5	0	0	0	4
1335.200	0	0	0	0	2	5	0	0	0	0	0	0	0	0	4	12	0	0	11	5	0	0	0	2
1335.400	0	0	0	0	5	10	0	0	0	0	0	0	0	0	5	15	0	0	10	5	0	0	0	4
1335.600	0	0	0	0	7	5	0	0	0	0	0	0	0	0	4	6	0	0	12	2	0	0	0	5
1335.800	0	0	0	1	6	7	0	0	0	0	0	0	0	0	2	16	0	0	10	4	0	0	0	4
1336.000	0	0	0	0	9	7	0	0	0	0	0	0	0	0	6	11	0	0	9	3	0	0	0	5
1336.200	0	0	0	0	6	13	0	0	0	0	0	0	0	0	4	13	0	0	10	5	0	0	0	5
1336.400	0	0	0	0	6	10	0	0	0	0	0	0	0	0	2	6	0	0	11	5	0	0	0	4
1336.600	0	0	0	1	8	8	0	0	0	0	0	0	0	0	3	5	0	0	9	4	0	0	0	3
1336.800	0	0	0	0	6	5	0	0	0	0	0	0	0	0	8	2	0	0	11	4	0	0	0	3
1337.000	0	0	0	0	8	10	0	0	0	0	0	0	0	0	6	8	0	0	8	2	0	0	0	5
1337.200	0	0	0	0	2	6	0	0	0	0	0	0	0	0	4	8	0	0	13	6	0	0	0	5
1337.400	0	0	0	0	5	6	0	0	0	0	0	0	0	0	8	6	0	0	10	5	0	0	0	4
1337.600	0	0	0	0	7	9	0	0	0	0	0	0	0	0	2	10	0	0	11	8	0	0	0	3
1337.800	0	0	0	0	8	5	0	0	0	0	0	0	0	0	2	9	0	0	13	7	0	0	0	6
1338.000	0	0	0	0	7	5	0	0	0	0	0	0	0	0	0	6	0	0	10	7	0	0	0	5
1338.200	0	0	0	0	7	5	0	0	0	0	0	0	0	0	4	3	0	0	11	7	0	0	0	5
1338.400	0	0	0	0	9	3	0	0	0	0	0	0	0	0	9	7	0	0	8	4	0	0	0	5
1338.600	0	0	0	0	7	9	0	0	0	0	0	0	0	0	6	16	0	0	10	5	0	0	0	5
1338.800	0	0	0	0	8	6	0	0	0	0	0	0	0	0	6	6	0	0	11	8	0	0	0	6
1339.000	0	0	0	0	6	4	0	0	0	0	0	0	0	0	6	11	0	0	11	5	0	0	0	7
1339.200	0	0	0	0	9	6	0	0	0	0	0	0	0	0	6	4	0	0	12	6	0	0	0	7
1339.400	0	0	0	0	4	10	0	0	0	0	0	0	0	0	7	3	0	0	10	6	0	0	0	4
1339.600	0	0	0	0	3	6	0	0	0	0	0	0	0	0	10	9	0	0	11	4	0	0	0	5
1339.800	0	0	0	0	3	12	0	0	0	0	0	0	0	0	7	6	0	0	6	5	0	0	0	5
1340.000	0	0	0	0	6	7	0	0	0	0	0	0	0	0	4	12	0	0	9	3	0	0	0	5
1340.200	0	0	0	0	10	7	0	0	0	0	0	0	0	0	7	7	0	0	9	1	0	0	0	5
1340.400	0	0	0	0	7	8	0	0	0	0	0	0	0	0	5	9	0	0	7	3	0	0	0	3
1340.600	0	0	0	0	3	8	0	0	0	0	0	0	0	0	10	6	0	0	9	3	0	0	0	5
1340.800	0	0	0	0	3	7	0	0	0	0	0	0	0	0	6	6	0	0	7	1	0	0	0	6
1341.000	0	1	0	0	6	8	0	0	0	0	0	0	0	0	9	8	0	0	9	5	0	0	0	3
1341.200	0	0	0	0	8	8	0	0	0	0	0	0	0	0	5	9	0	0	10	3	0	0	0	5
1341.400	0	0	0	0	11	7	0	0	0	0	0	0	0	0	6	10	0	0	11	7	0	0	0	4
1341.600	0	0	0	0	7	8	0	0	0	0	0	0	0	0	5	6	0	0	14	8	0	0	0	2
1341.800	0	0	0	0	1	4	0	0	0	0	0	0	0	0	6	8	0	0	13	7	0	0	0	4
1342.000	0	0	0	0	7	7	0	0	0	0	0	0	0	0	9	4	0	0	12	7	0	0	0	4
1342.200	0	0	0	0	5	3	0	0	0	0	0	0	0	0	2	15	0	0	9	6	0	0	0	6
1342.400	0	0	0	0	4	6	0	0	0	0	0	0	0	0	5	6	0	0	8	1	0	0	0	5
1342.600	0	0	0	0	9	6	0	0	0	0	0	0	0	0	7	5	0	0	12	9	0	0	0	6
1342.800	0	0	0	0	4	6	0	0	0	0	0	0	0	0	4	15	0	0	9	7	0	0	0	6
1343.000	0	0	0	0	6	6	0	0	0	0	0	0	0	0	5	4	0	0	8	8	0	0	0	3
1343.200	0	0	0	0	2	8	0	0	0	0	0	0	0	0	5	14	0	0	9	8	0	0	0	6
1343.400	0	0	0	0	0	8	0	0	0	0	0	0	0	0	1	16	0	0	9	5	0	0	0	5
1343.600	0	0	0	0	5	8	0	0	0	0	0	0	0	0	6	7	0	0	13	6	0	0	0	6
1343.800	0	0	0	0	6	12	0	0	0	0	0	0	0	0	5	4	0	0	12	7	0	0	0	10
1344.000	0	0	0	0	8	10	0	0	0	0	0	0	0	0	3	6	0	0	17	4	0	0	0	8
1344.200	0	0	0	0	9	7	0	0	0	0	0	0	0	0	2	10	0	0	11	7	0	0	0	13
1344.400	0	0	0	0	9	6	0	0	0	0	0	0	0	0	6	4	0	0	11	8	0	0	0	11
1344.600	0	0	0	0	11	9	0	0	0	0	0	0	0	0	1	13	0	0	12	10	0	0	0	11
1344.800	0	0	0	0	8	5	0	0	0	0	0	0	0	0	7	8	0	0	13	7	0	0	0	9
1345.000	0	0	0	0	6	9	0	0	0	0	0	0	0	0	6	9	0	0	9	8	0	0	0	13
1345.200	0	0	0	0	6	4	0	0	0	0	0	0	0	0	5	9	0	0	15	10	0	0	0	12
1345.400	0	0	0	0	7	7	0	0	0	0	0	0	0	0	2	11	0	0	9	5	0	0	0	6
1345.600	0	0	0	0	8	7	0	0	0	0	0	0	0	0	4	11	0	0	8	6	0	0	0	11
1345.800	0	0	0	0	4	6	0	0	0	0	0	0	0	0	9	4	0	0	9	2	0	0	0	14
1346.000	0	0	0	0	2	10	0	0	0	0	0	0	0	0	10	9	0	0	11	3	0	0	0	10
1346.200	0	0	0	0	5	9	0	0	0	0	0	0	0	0	8	5	0	0	11	5	0	0	0	9
1346.400	0	0	0	0	8	9	0	0	0	0	0	0	0	0	14	3	0	0	10	5	0	0	0	6
1346.600	0	0	0	0	3	8	0	0	0	0	0	0	0	0	3	6	0	0	12	5	0	0	0	11
1346.800	0	0	0	0	8	8	0	0	0	0	0	0	0	0	4	10	0	0	14	5	0	0	0	6
1347.000	0	0	0	0	4	5	0	0	0	0	0	0	0	0	0	10	0	0	14	7	0	0	0	5
1347.200	0	0	0	0	8	8	0	0	0	0	0	0	0	0	4	13	0	0	15	7	0	0	0	7
1347.400	0	0	0	0	0	4	0	0	0	0	0	0	0	0	5	24	0	0	12	6	0	0	0	5
1347.600	0	0	0	0	9	8	0	0	0	0	0	0	0	0	5	18	0	0	13	9	0	0	0	6
1347.800	0	0	0	0	2	6	0	0	0	0	0	0	0	0	4	14	0	0	10	9	0	0	0	9
1348.000	0	0	0	0	9	8	0	0	0	0	0	0	0	0	10	11	0	0	9	6	0	0	0	7
1348.200	0	0	0	0	6	11	0	0	0	0	0	0	0	0	3	13	0	0	11	4	0	0	0	9
1348.400	0	0	0	0	7	8	0	0	0	0	0	0	0	0	4	11	0	0	11	4	0	0	0	10
1348.600	0	0	0	0	8	10	0	0	0	0	0	0	0	0	2	9	0	0	9	5	0	0	0	7
1348.800	0	0	0	0	4	13	0	0	0	0	0	0	0	0	6	14	0	0	11	8	0	0	0	9
1349.000	0	0	0	0	9	8	0	0	0	0	0	0	0	0	4	17	0	0	10	8	0	0	0	11
1349.200	0	0	0	0	5	12	0	0	0	0	0	0	0	0	2	9	0	0	11	7	0	0	0	8
1349.400	0	0	0	0	7	15	0	0	0	0	0	0	0	0	4	7	0	0	13	8	0	0	0	13
1349.600	0	0	0	0	12	3	0	0	0	0	0	0	0	0	2	5	0	0	14	8	0	0	0	10
1349.800	0	0	0	0	6	5	0	0	0	0	0	0	0	0	4	8	0	0	11	3	0	0	0	9
1350.000	0	0	0	0	6	6	0	0	0	0	0	0	0	0	3	5	0	0	11	7	0	0	0	9
1350.200	0	0	0	0	7	6	0	0	0	0	0	0	0	0	3	3	0	0	12	8	0	0	0	6
1350.400	0	0	0	0	6	14	0	0	0	0	0	0	0	0	5	8	0	0	12	7	0	0	0	7
1350.600	0	0	0	0	7	13	0	0	0	0	0	0	0	0	5	8	0	0	10	4	0	0	0	11
1350.800	0	0	0	0	6	5	0	0	0	0	0	0	0	0	4	11	0	0	13	6	0	0	0	8
1351.000	0	0	0	0	6	4	0	0	0	0	0	0	0	0	7	7	0	0	9	7	0	0	0	8
1351.200	0	0	0	0	5	9	0	0	0	0	0	0	0	0	12	14	0	0	11	4	0	0	0	11
1351.400	0	0	0	0	7	9	0	0	0	0	0	0	0	0	5	14	0	0	13	6	0	0	0	10
1351.600	0	0	0	0	9	9	0	0	0	0	0	0	0	0	10	13	0	0	13	3	0	0	0	13
1351.800	0	0	0	1	5	6	0	0	0	0	0	0	0	0	4	11	0	0	11	4	0	0	0	12
1352.000	0	0	0	0	6	8	0	0	0	0	0	0	0	0	0	18	0	0	15	7	0	0	0	16
1352.200	0	0	0	0	6	7	0	0	0	0	0	0	0	0	1	19	0	0	13	3	0	0	0	12
1352.400	0	0	0	0	8	4	0	0	0	0	0	0	0	0	7	13	0	0	10	5	0	0	0	12
1352.600	0	0	0	0	10	3	0	0	0	0	0	0	0	0	4	11	0	0	13	7	0	0	0	15
1352.800	0	0	0	0	11	3	0	0	0	0	0	0	0	0	4	15	0	0	14	4	0	0	0	10
1353.000	0	0	0	0	8	3	0	0	0	0	0	0	0	0	6	13	0	1	13	6	0	0	0	8
1353.200	0	0	0	0	7	4	0	0	0	0	0	0	0	0	4	19	0	0	12	9	0	0	0	13
1353.400	0	0	0	0	4	4	0	0	0	0	0	0	0	0	2	15	0	0	13	6	0	0	0	8
1353.600	0	0	0	0	6	11	0	0	0	0	0	0	0	0	3	15	0	0	13	2	0	0	0	7
1353.800	0	0	0	0	4	6	0	0	0	0	0	0	0	0	3	17	0	0	13	5	0	0	0	7
1354.000	0	0	0	0	8	8	0	0	0	0	0	0	0	0	5	11	0	0	11	3	0	0	0	8
1354.200	0	0	0	0	3	2	0	0	0	0	0	0	0	0	3	16	0	0	15	7	0	0	0	9
1354.400	0	0	0	0	5	10	0	0	0	0	0	0	0	0	4	15	0	0	15	5	0	0	0	12
1354.600	0	0	0	0	5	12	0	0	0	0	0	0	0	0	6	10	0	0	11	7	0	0	0	7
1354.800	0	0	0	0	4	6	0	0	0	0	0	0	0	0	4	13	0	0	14	5	0	0	0	8
1355.000	0	0	0	0	3	5	0	0	0	0	0	0	0	0	5	20	0	0	6	7	0	0	0	14
1355.200	0	0	0	0	3	8	0	0	0	0	0	0	0	0	6	18	0	0	13	5	0	0	0	12
1355.400	0	0	0	0	4	6	0	0	0	0	0	0	0	0	8	20	0	0	10	7	0	0	0	5
1355.600	0	0	0	0	6	2	0	0	0	0	0	0	0	0	3	14	0	0	11	7	0	0	0	7
1355.800	0	0	0	0	3	3	0	0	0	0	0	0	0	0	4	19	0	0	8	6	0	0	0	10
1356.000	0	0	0	0	5	7	0	0	0	0	0	0	0	0	4	16	0	0	11	7	0	0	0	12
1356.200	0	0	0	0	5	6	0	0	0	0	0	0	0	0	5	17	0	0	13	5	0	0	0	7
1356.400	0	0	0	0	3	6	0	0	0	0	0	0	0	0	4	16	0	0	9	7	0	0	0	7
1356.600	0	0	0	0	3	7	0	0	0	0	0	0	0	0	3	16	0	0	11	5	0	0	0	7
1356.800	0	0	0	0	3	6	0	0	0	0	0	0	0	0	8	18	0	0	11	5	0	0	0	5
1357.000	0	0	0	0	5	4	0	0	0	0	0	0	0	0	9	20	0	0	15	5	0	0	0	5
1357.200	0	0	0	0	7	4	0	0	0	0	0	0	0	0	5	15	0	0	10	5	0	0	0	8
1357.400	0	0	0	0	6	9	0	0	0	0	0	0	0	0	9	4	0	0	11	6	0	0	0	8
1357.600	0	0	0	0	3	6	0	0	0	0	0	0	0	0	8	6	0	0	14	6	0	0	0	7
1357.800	0	0	0	0	3	6	0	0	0	0	0	0	0	0	10	3	0	0	10	5	0	0	0	7
1358.000	0	0	0	0	6	9	0	0	0	0	0	0	0	0	4	5	0	0	9	3	0	0	0	9
1358.200	0	0	0	0	7	7	0	0	0	0	0	0	0	0	8	4	0	0	12	9	0	0	0	5
1358.400	0	0	0	0	7	7	0	0	0	0	0	0	0	0	9	4	0	0	11	6	0	0	0	7
1358.600	0	0	0	0	9	7	0	0	0	0	0	0	0	0	1	8	0	1	11	4	0	0	0	6
1358.800	0	0	0	0	4	10	0	0	0	0	0	0	0	0	4	4	0	0	9	3	0	0	0	1
1359.000	0	0	0	0	11	7	0	0	0	0	0	0	0	0	3	5	0	0	6	6	0	0	0	8
1359.200	0	0	0	0	11	11	0	0	0	0	0	0	0	0	8	8	0	0	13	5	0	0	0	7
1359.400	0	0	0	0	9	7	0	0	0	0	0	0	0	0	8	5	0	0	11	7	0	0	0	10
1359.600	0	0	0	0	2	6	0	0	0	0	0	0	0	0	8	4	0	0	12	5	0	0	0	9
1359.800	0	0	0	0	5	13	0	0	0	0	0	0	0	0	7	6	0	0	9	8	0	0	0	7
1360.000	0	0	0	0	5	6	0	0	0	0	0	0	0	0	4	2	0	0	9	6	0	0	0	9
1360.200	0	0	0	0	7	6	0	0	0	0	0	0	0	0	8	5	0	0	12	6	0	0	0	9
1360.400	0	0	0	0	5	9	0	0	0	0	0	0	0	0	10	7	0	0	8	7	0	0	0	8
1360.600	0	0	0	0	6	14	0	0	0	0	0	0	0	0	6	5	0	0	11	5	0	0	0	6
1360.800	0	0	0	0	8	10	0	0	0	0	0	0	0	0	8	3	0	0	12	4	0	0	0	2
1361.000	0	0	0	0	7	9	0	0	0	0	0	0	0	0	3	9	0	0	10	6	0	0	0	10
1361.200	0	0	0	0	10	12	0	0	0	0	0	0	0	0	3	7	0	0	10	7	0	0	0	8
1361.400	0	0	0	0	5	9	0	0	0	0	0	0	0	0	10	2	0	0	8	4	0	0	0	6
1361.600	0	0	0	0	4	13	0	0	0	0	0	0	0	0	9	6	0	0	8	6	0	0	0	9
1361.800	0	0	0	1	5	12	0	0	0	0	1	0	0	0	6	7	0	0	14	3	0	0	0	2
1362.000	0	0	0	0	6	5	0	0	0	0	0	0	0	0	9	3	0	0	10	4	0	0	0	8
1362.200	0	0	0	0	5	8	0	0	0	0	0	0	0	0	9	4	0	0	14	6	0	0	0	1
1362.400	0	0	0	0	9	12	0	0	0	0	0	0	0	0	7	4	0	0	11	5	0	0	0	8
1362.600	0	0	0	0	10	9	0	0	0	0	0	0	0	0	5	3	0	0	11	7	0	0	0	9
1362.800	0	0	0	0	7	5	0	0	0	0	0	0	0	0	3	6	0	0	12	5	0	0	0	5
1363.000	0	0	0	0	7	12	0	0	0	0	0	0	0	0	9	4	0	0	12	5	0	0	0	10
1363.200	0	0	0	0	6	11	0	0	0	0	0	0	0	0	5	7	0	1	11	4	0	0	0	11
1363.400	0	0	0	0	11	12	0	0	0	0	0	0	0	0	6	4	0	0	3	7	0	0	0	9
1363.600	0	0	0	0	7	10	0	0	0	0	0	0	0	0	5	2	0	0	3	4	0	0	0	10
1363.800	0	0	0	0	10	12	0	0	0	0	0	0	0	0	9	7	0	0	8	6	0	0	0	13
1364.000	0	0	0	1	6	12	0	0	0	0	0	0	0	0	8	5	0	0	3	6	0	0	0	5
1364.200	0	0	0	0	11	13	0	0	0	0	0	0	0	0	9	4	0	0	5	7	0	0	0	9
1364.400	0	0	0	0	3	12	0	0	0	0	0	0	0	0	8	5	0	0	4	3	0	0	0	11
1364.600	0	0	0	0	4	14	0	0	0	0	1	0	0	0	8	4	0	0	3	3	0	0	0	8
1364.800	0	0	0	0	8	12	0	0	0	0	0	0	0	0	10	2	0	0	3	3	0	0	0	13
1365.000	0	0	0	0	8	12	0	0	0	0	0	0	0	0	8	7	0	1	4	2	0	0	0	3
1365.200	0	0	0	1	8	15	0	0	0	0	0	0	0	0	12	4	0	1	8	5	0	0	0	1
1365.400	0	0	0	0	8	10	0	0	0	0	0	0	0	0	7	3	0	0	3	4	0	0	0	3
1365.600	0	0	0	0	5	12	0	0	0	0	0	0	0	0	4	9	0	1	5	0	0	0	0	1
1365.800	0	0	0	0	3	11	0	0	0	0	0	0	0	0	9	3	0	1	4	2	0	0	0	1
1366.000	0	0	0	0	5	11	0	0	0	0	0	0	0	0	7	5	0	2	6	1	0	0	0	7
1366.200	0	0	0	0	6	13	0	0	0	0	0	0	0	0	7	5	0	1	5	0	0	0	0	6
1366.400	0	0	0	0	6	13	0	0	0	0	0	0	0	0	6	4	0	1	4	0	0	0	0	6
1366.600	0	0	0	0	8	10	0	0	0	0	0	0	0	0	9	4	0	2	5	0	0	0	0	7
1366.800	0	0	0	0	7	12	0	0	0	0	0	0	0	0	6	2	0	2	5	0	0	0	0	8
1367.000	0	0	0	0	6	10	0	0	0	0	0	0	0	0	9	3	0	2	7	2	0	0	0	8
1367.200	0	0	0	0	5	10	0	0	0	0	0	0	0	0	9	5	0	2	2	2	0	0	0	8
1367.400	0	1	0	0	9	8	0	0	0	0	0	0	0	0	9	2	0	2	6	1	0	0	0	11
1367.600	0	0	0	0	7	7	0	0	0	0	0	0	0	0	4	3	0	2	7	2	0	0	0	11
1367.800	0	0	0	0	8	12	0	0	0	0	0	0	0	0	6	3	0	1	5	2	0	0	0	11
1368.000	0	0	0	1	8	13	0	0	0	0	0	0	0	0	2	1	0	2	6	1	0	0	0	10
1368.200	0	0	0	1	10	12	0	0	0	0	0	0	0	0	6	2	0	2	5	2	0	0	0	8
1368.400	0	0	0	0	10	10	0	0	0	0	0	0	0	0	2	3	0	1	3	2	0	0	0	8
1368.600	0	0	0	0	9	9	0	0	0	0	0	0	0	0	7	2	0	2	6	4	0	0	0	9
1368.800	0	0	0	0	7	11	0	0	0	0	0	0	0	0	7	4	0	1	4	3	0	0	0	12
1369.000	0	1	0	0	4	11	0	0	0	0	0	0	0	0	7	1	0	1	4	5	0	0	0	10
1369.200	0	0	0	0	6	13	0	0	0	0	0	0	0	0	8	3	0	1	3	2	0	0	0	9
1369.400	0	1	0	0	10	10	0	0	0	0	0	0	0	0	5	4	0	1	3	5	0	0	0	10
1369.600	0	0	0	0	9	8	0	0	0	0	0	0	0	0	5	5	0	1	2	1	0	0	0	11
1369.800	0	1	0	0	8	10	0	0	0	0	0	0	0	0	8	6	0	1	3	3	0	0	0	7
1370.000	0	0	0	1	6	13	0	0	0	0	0	0	0	0	4	3	0	0	3	2	0	0	0	6
1370.200	0	0	0	0	9	8	0	0	0	0	0	0	0	0	6	5	0	2	4	0	0	0	0	12
1370.400	0	0	0	0	7	5	0	0	0	0	0	0	0	0	6	5	0	2	5	0	0	0	0	11
1370.600	0	1	0	0	7	5	0	0	0	0	0	0	0	0	7	6	0	2	5	0	0	0	0	8
1370.800	0	0	0	0	4	5	0	0	0	0	0	0	0	0	8	4	0	2	6	0	0	0	0	9
1371.000	0	0	0	0	2	5	0	0	0	0	0	0	0	0	9	1	0	0	2	0	0	0	0	14
1371.200	0	0	0	0	7	12	0	0	0	0	0	0	0	0	10	5	0	2	6	0	0	0	0	15
1371.400	0	0	0	1	5	4	0	0	0	0	0	0	0	0	9	3	0	2	5	0	0	0	0	8
1371.600	0	0	0	0	5	7	0	0	0	0	0	0	0	0	9	5	0	1	7	0	0	0	0	9
1371.800	0	0	0	0	8	10	0	0	0	0	0	0	0	0	7	4	0	0	3	0	0	0	0	7
1372.000	0	0	0	0	7	10	0	0	0	0	0	0	0	0	11	4	0	0	2	0	0	0	0	7
1372.200	0	0	0	0	6	5	0	0	0	0	0	0	0	0	9	6	0	0	2	0	0	0	0	11
1372.400	0	0	0	0	10	9	0	0	0	0	0	0	0	0	8	7	0	0	3	0	0	0	0	7
1372.600	0	0	0	0	9	9	0	0	0	0	0	0	0	0	11	9	0	1	8	0	0	0	0	10
1372.800	0	0	0	0	5	10	0	0	0	0	0	0	0	0	7	5	0	0	5	0	0	0	0	7
1373.000	0	0	0	0	6	14	0	0	0	0	0	0	0	0	7	5	0	0	7	0	0	0	0	11
1373.200	0	0	0	0	8	14	0	0	0	0	0	0	0	0	8	10	0	0	3	0	0	0	0	14
1373.400	0	0	0	0	10	14	0	0	0	0	0	0	0	0	8	7	0	0	5	0	0	0	0	14
1373.600	0	0	0	0	7	12	0	0	0	0	2	0	0	0	11	8	0	2	8	0	0	0	0	11
1373.800	0	0	0	0	9	15	0	0	0	0	1	0	0	0	9	6	0	2	8	0	0	0	0	11
1374.000	0	0	0	0	5	14	0	0	0	0	0	0	0	0	8	8	0	2	8	0	0	0	0	12
1374.200	0	0	0	0	12	17	0	0	0	0	0	0	0	0	7	6	0	2	3	0	0	0	0	11
1374.400	0	0	0	0	6	15	0	0	0	0	0	0	0	0	8	3	0	2	9	0	0	0	0	11
1374.600	0	0	0	0	4	13	0	0	0	0	1	0	0	0	7	5	0	0	4	0	0	0	0	12
1374.800	0	0	0	0	9	15	0	0	0	0	2	0	0	0	7	4	0	2	4	0	0	0	0	7
1375.000	0	0	0	0	9	14	0	0	0	0	1	0	0	0	10	5	0	2	5	0	0	0	0	6
1375.200	0	0	0	0	7	8	0	0	0	0	0	0	0	0	9	5	0	2	9	0	0	0	0	9
1375.400	0	0	0	0	6	13	0	0	0	0	1	0	0	0	7	6	0	2	9	0	0	0	0	11
1375.600	0	0	0	0	5	14	0	0	0	0	1	0	0	0	8	3	0	0	5	0	0	0	0	10
1375.800	0	0	0	0	6	12	0	0	0	0	1	0	0	0	6	2	0	2	6	0	0	0	0	14
1376.000	0	0	0	0	2	13	0	0	0	0	0	0	0	0	6	2	0	0	4	0	0	0	0	15
1376.200	0	0	0	0	7	16	0	0	0	0	0	0	0	0	9	2	0	2	8	0	0	0	0	6
1376.400	0	0	0	0	7	17	0	0	0	0	0	0	0	0	9	3	0	2	10	0	0	0	0	12
1376.600	0	0	0	0	7	13	0	0	0	0	0	0	0	0	6	4	0	1	5	0	0	0	0	12
1376.800	0	0	0	0	5	13	0	0	0	0	3	0	0	0	8	5	0	1	3	0	0	0	0	13
1377.000	0	0	0	0	8	12	0	0	0	0	0	0	0	0	6	2	0	2	7	0	0	0	0	10
1377.200	0	0	0	0	5	9	0	0	0	0	0	0	0	0	7	3	0	2	5	0	0	0	0	7
1377.400	0	0	0	0	7	15	0	0	0	0	0	0	0	0	8	4	0	2	3	0	0	0	0	12
1377.600	0	0	0	0	3	13	0	0	0	0	1	0	0	0	8	1	0	2	5	0	0	0	0	9
1377.800	0	0	0	0	6	16	0	0	0	0	0	0	0	0	9	6	0	2	2	0	0	0	0	8
1378.000	0	0	0	0	7	15	0	0	0	0	0	0	0	0	11	4	0	0	2	0	0	0	0	16
1378.200	0	0	0	0	8	15	0	0	0	0	1	0	0	0	7	4	0	0	1	0	0	0	0	7
1378.400	0	0	0	0	4	13	0	0	0	0	0	0	0	0	7	6	0	2	6	0	0	0	0	9
1378.600	0	0	0	0	11	15	0	0	0	0	0	0	0	0	7	5	0	2	2	0	0	0	0	7
1378.800	0	0	0	0	8	10	0	0	0	0	1	0	0	0	7	2	0	0	2	0	0	0	0	10
1379.000	0	0	0	0	6	13	0	0	0	0	0	0	0	0	7	7	0	2	3	0	0	0	0	13
1379.200	0	0	0	0	5	10	0	0	0	0	4	0	0	0	8	7	0	2	2	0	0	0	0	9
1379.400	0	0	0	0	10	13	0	0	0	0	2	0	0	0	7	2	0	1	1	0	0	0	0	12
1379.600	0	0	0	1	9	11	0	0	0	0	0	0	0	0	8	6	0	2	1	0	0	0	0	7
1379.800	0	0	0	0	7	12	0	0	0	0	0	0	0	0	8	5	0	0	2	0	0	0	0	9
1380.000	0	0	0	0	6	12	0	0	0	0	1	0	0	0	9	1	0	2	2	0	0	0	0	7
1380.200	0	0	0	0	6	12	0	0	0	0	0	0	0	0	9	3	0	3	5	0	0	0	0	11
1380.400	0	0	0	0	1	9	0	0	0	0	0	0	0	0	9	4	0	2	4	0	0	0	0	8
1380.600	0	0	0	0	11	15	0	0	0	0	0	0	0	0	9	4	0	3	6	0	0	0	0	9
1380.800	0	0	0	0	6	14	0	0	0	0	0	0	0	0	1	6	0	3	4	0	0	0	0	6
1381.000	0	0	0	1	4	6	0	0	0	0	2	0	0	0	2	6	0	3	4	0	0	0	0	8
1381.200	0	0	0	1	6	13	0	0	0	0	4	0	0	0	5	4	0	3	5	0	0	0	0	7
1381.400	0	0	0	0	5	9	0	0	0	0	4	0	0	0	3	5	0	2	3	0	0	0	0	9
1381.600	0	0	0	0	3	12	0	0	0	0	5	0	0	0	4	12	0	3	4	0	0	0	0	7
1381.800	0	0	0	0	5	13	0	0	0	0	9	0	0	0	3	5	0	3	6	0	0	0	0	7
1382.000	0	0	0	0	7	13	0	0	0	0	1	0	0	0	10	7	0	2	3	0	0	0	0	10
1382.200	0	0	0	0	7	6	0	0	0	0	3	0	0	0	2	1	0	2	4	0	0	0	0	7
1382.400	0	0	0	0	6	10	0	0	0	0	3	0	0	0	6	2	0	1	6	0	0	0	0	10
1382.600	0	0	0	0	7	15	0	0	0	0	7	0	0	0	1	3	0	2	4	0	0	0	0	11
1382.800	0	0	0	0	6	8	0	0	0	0	1	0	0	0	8	4	0	2	6	0	0	0	0	5
1383.000	0	0	0	0	9	6	0	0	0	0	3	0	0	0	6	5	0	2	6	0	0	0	0	8
1383.200	0	0	0	0	12	8	0	0	0	0	3	0	0	0	7	4	0	2	9	0	0	0	0	12
1383.400	0	0	0	0	4	9	0	0	0	0	3	0	0	0	8	6	0	3	3	0	0	0	0	12
1383.600	0	0	0	0	6	9	0	0	0	0	3	0	0	0	11	7	0	3	3	0	0	0	0	9
1383.800	0	0	0	0	4	4	0	0	0	0	5	0	0	0	7	8	0	2	3	0	0	0	0	11
1384.000	0	0	0	0	9	10	0	0	0	0	1	0	0	0	4	7	0	3	4	0	0	0	0	14
1384.200	0	0	0	0	7	8	0	0	0	0	3	0	0	0	3	5	0	1	3	0	0	0	0	10
1384.400	0	0	0	0	6	7	0	0	0	0	4	0	0	0	4	9	0	3	5	0	0	0	0	9
1384.600	0	0	0	0	8	11	0	0	0	0	2	0	0	0	8	4	0	3	3	0	0	0	0	9
1384.800	0	0	0	0	7	10	0	0	0	0	3	0	0	0	5	10	0	2	4	0	0	0	0	9
1385.000	0	0	0	0	5	12	0	0	0	0	3	0	0	0	8	5	0	0	3	0	0	0	0	6
1385.200	0	0	0	0	9	9	0	0	0	0	3	0	0	0	11	10	0	3	3	0	0	0	0	10
1385.400	0	0	0	0	5	6	0	0	0	0	2	0	0	0	1	8	0	2	3	0	0	0	0	8
1385.600	0	0	0	0	2	10	0	0	0	0	5	0	0	0	6	7	0	3	6	0	0	0	0	6
1385.800	0	0	0	0	0	6	0	0	0	0	3	0	0	0	2	10	0	1	8	0	0	0	0	9
1386.000	0	0	0	0	5	6	0	0	0	0	3	0	0	0	2	9	0	2	5	0	0	0	0	12
1386.200	0	0	0	0	7	11	0	0	0	0	3	0	0	0	5	5	0	2	6	0	0	0	0	12
1386.400	0	0	0	0	4	10	0	0	0	0	1	0	0	0	6	3	0	2	2	0	0	0	0	6
1386.600	0	0	0	0	8	10	0	0	0	0	2	0	0	0	5	2	0	2	3	0	0	0	0	7
1386.800	0	0	0	0	8	10	0	0	0	0	2	0	0	0	2	8	0	3	6	0	0	0	0	7
1387.000	0	0	0	0	10	9	0	0	0	0	2	0	0	0	3	5	0	2	5	0	0	0	0	14
1387.200	0	0	0	0	7	6	0	0	0	0	3	0	0	0	6	4	0	3	5	0	0	0	0	5
1387.400	0	0	0	0	6	10	0	0	0	0	3	0	0	0	4	5	0	3	6	0	0	0	0	10
1387.600	0	0	0	0	8	7	0	0	0	0	2	0	0	0	1	4	0	0	3	0	0	0	0	12
1387.800	0	0	0	0	12	4	0	0	0	0	2	0	0	0	2	15	0	2	2	0	0	0	0	11
1388.000	0	0	0	0	8	13	0	0	0	0	3	0	0	0	2	6	0	3	1	0	0	0	0	14
1388.200	0	0	0	0	6	7	0	0	0	0	2	0	0	0	0	3	0	1	5	0	0	0	0	9
1388.400	0	0	0	0	5	9	0	0	0	0	4	0	0	0	1	11	0	2	3	0	0	0	0	11
1388.600	0	0	0	0	4	8	0	0	0	0	3	0	0	0	1	8	0	0	2	0	0	0	0	12
1388.800	0	0	0	0	9	10	0	0	0	0	1	0	0	0	1	13	0	2	2	0	0	0	0	9
1389.000	0	0	0	0	7	11	0	0	0	0	3	0	0	0	1	7	0	0	2	0	0	0	0	14
1389.200	0	0	0	0	10	5	0	0	0	0	1	0	0	0	0	8	0	0	1	0	0	0	0	15
1389.400	0	0	0	0	6	3	0	0	0	0	2	0	0	0	2	9	0	0	0	0	0	0	0	9
1389.600	0	0	0	0	6	9	0	0	0	0	2	0	0	0	0	7	0	0	3	0	0	0	0	5
1389.800	0	0	0	0	7	9	0	0	0	0	2	0	0	0	0	9	0	0	2	0	0	0	0	12
1390.000	0	0	0	0	8	6	0	0	0	0	5	0	0	0	0	19	0	0	2	0	0	0	0	10
1390.200	0	0	0	0	10	11	0	0	0	0	3	0	0	0	0	12	0	0	2	0	0	0	0	9
1390.400	0	0	0	0	8	8	0	0	0	0	3	0	0	0	1	10	0	0	2	1	0	0	0	9
1390.600	0	0	0	0	5	8	0	0	0	0	2	0	0	0	0	15	0	0	2	3	0	0	0	6
1390.800	0	0	0	0	6	8	0	0	0	0	1	0	0	0	0	13	0	0	2	2	0	0	0	11
1391.000	0	0	0	0	6	11	0	0	0	0	2	0	0	0	0	19	0	0	2	0	0	0	0	9
1391.200	0	0	0	0	7	11	0	0	0	0	1	0	0	0	0	16	0	0	2	0	0	0	0	11
1391.400	0	0	0	0	6	11	0	0	0	0	4	0	0	0	1	12	0	0	3	0	0	0	0	11
1391.600	0	0	0	0	7	8	0	0	0	0	1	0	0	0	1	11	0	0	2	0	0	0	0	13
1391.800	0	0	0	0	8	9	0	0	0	0	3	0	0	0	0	16	0	0	1	0	0	0	0	9
1392.000	0	0	0	0	6	2	0	0	0	0	1	0	0	0	0	14	0	0	3	0	0	0	0	9
1392.200	0	0	0	0	5	8	0	0	0	0	0	0	0	0	1	13	0	0	11	0	0	0	0	10
1392.400	0	0	0	0	8	7	0	0	0	0	0	0	0	0	3	10	0	0	4	0	0	0	0	15
1392.600	0	0	0	0	5	2	0	0	0	0	0	0	0	0	1	9	0	0	2	0	0	0	0	11
1392.800	0	0	0	0	7	5	0	0	0	0	0	0	0	0	1	12	0	0	2	0	0	0	0	9
1393.000	0	0	0	0	9	5	0	0	0	0	0	0	0	0	0	19	0	0	4	0	0	0	0	8
1393.200	0	0	0	0	1	3	0	0	0	0	0	0	0	0	3	16	0	0	4	0	0	0	0	13
1393.400	0	0	0	0	8	12	0	0	0	0	0	0	0	0	0	7	0	0	6	0	0	0	0	13
1393.600	0	0	0	0	6	13	0	0	0	0	0	0	0	0	1	11	0	3	13	0	0	0	0	13
1393.800	0	0	0	0	9	11	0	0	0	0	0	0	0	0	2	18	0	1	2	0	0	0	0	11
1394.000	0	0	0	0	7	13	0	0	0	0	0	0	0	0	1	11	0	1	6	0	0	0	0	7
1394.200	0	0	0	0	6	10	0	0	0	0	0	0	0	0	5	12	0	2	3	0	0	0	0	11
1394.400	0	0	0	0	4	5	0	0	0	0	0	0	0	0	2	13	0	0	3	0	0	0	0	10
1394.600	0	0	0	0	7	5	0	0	0	0	0	0	0	0	3	13	0	2	3	0	0	0	0	8
1394.800	0	0	0	0	6	12	0	0	0	0	0	0	0	0	2	21	0	1	2	0	0	0	0	8
1395.000	0	0	0	0	11	16	0	0	0	0	0	0	0	0	4	12	0	2	3	0	0	0	0	10
1395.200	0	0	0	0	1	6	0	0	0	0	0	0	0	0	1	20	0	0	2	0	0	0	0	12
1395.400	0	0	0	0	4	8	0	0	0	0	0	0	0	0	1	8	0	0	2	0	0	0	0	13
1395.600	0	0	0	0	8	9	0	0	0	0	1	0	0	0	2	7	0	0	2	0	0	0	0	5
1395.800	0	0	0	0	6	4	0	0	0	0	0	0	0	0	1	18	0	0	2	0	0	0	0	12
1396.000	0	0	0	0	5	4	0	0	0	0	0	0	0	0	0	13	0	0	2	0	0	0	0	9
1396.200	0	0	0	0	8	12	0	0	0	0	0	0	0	0	2	10	0	2	3	0	0	0	0	7
1396.400	0	0	0	0	10	13	0	0	0	0	0	0	0	0	2	17	0	2	5	0	0	0	0	9
1396.600	0	0	0	0	8	10	0	0	0	0	0	0	0	0	0	1	0	2	5	0	0	0	0	14
1396.800	0	0	0	0	7	9	0	0	0	0	0	0	0	0	2	8	0	2	2	0	0	0	0	10
1397.000	0	0	0	0	3	5	0	0	0	0	0	0	0	0	0	8	0	2	2	0	0	0	0	10
1397.200	0	0	0	0	5	8	0	0	0	0	0	0	0	0	4	6	0	2	3	0	0	0	0	12
1397.400	0	0	0	0	7	5	0	0	0	0	0	0	0	0	1	2	0	0	2	0	0	0	0	15
1397.600	0	0	0	0	9	14	0	0	0	0	0	0	0	0	1	3	0	0	3	0	0	0	0	6
1397.800	0	0	0	0	4	8	0	0	0	0	0	0	0	0	1	4	0	1	2	0	0	0	0	13
1398.000	0	0	0	0	5	2	0	0	0	0	0	0	0	0	0	5	0	2	3	0	0	0	0	10
1398.200	0	0	0	0	1	8	0	0	0	0	1	0	0	0	0	5	0	2	4	0	0	0	0	10
1398.400	0	0	0	0	3	9	0	0	0	0	0	0	0	0	1	7	0	3	5	0	0	0	0	12
1398.600	0	0	0	0	3	9	0	0	0	0	1	0	0	0	2	7	0	2	2	0	0	0	0	4
1398.800	0	0	0	0	5	10	0	0	0	0	4	0	0	0	0	9	0	0	2	0	0	0	0	5
1399.000	0	0	0	0	5	5	0	0	0	0	2	0	0	0	1	9	0	2	2	0	0	0	0	5
1399.200	0	0	0	0	1	7	0	0	0	0	1	0	0	0	0	4	0	2	3	0	0	0	0	2
1399.400	0	0	0	0	6	7	0	0	0	0	1	0	0	0	1	6	0	1	2	0	0	0	0	8
1399.600	0	0	0	0	4	6	0	0	0	0	3	0	0	0	2	8	0	3	4	0	0	0	0	7
1399.800	0	0	0	0	7	13	0	0	0	0	4	0	0	0	9	4	0	2	2	0	0	0	0	4
1400.000	0	0	0	0	2	11	0	0	0	0	5	0	0	0	0	4	0	1	3	0	0	0	0	2
1400.200	0	0	0	0	3	7	0	0	0	0	5	0	0	0	4	2	0	0	2	0	0	0	0	6
1400.400	0	0	0	0	2	4	0	0	0	0	3	0	0	0	3	1	0	3	3	0	0	0	0	7
1400.600	0	0	0	0	3	13	0	0	0	0	1	0	0	0	3	5	0	3	3	0	0	0	0	9
1400.800	0	0	0	0	1	0	0	0	0	0	4	0	0	0	1	5	0	2	7	0	0	0	0	9
1401.000	0	0	0	0	4	5	0	0	0	0	4	0	0	0	2	2	0	1	2	0	0	0	0	12
1401.200	0	0	0	0	6	5	0	0	0	0	3	0	0	0	5	4	0	1	4	0	0	0	0	6
1401.400	0	0	0	0	5	6	0	0	0	0	3	0	0	0	10	5	0	3	5	0	0	0	0	10
1401.600	0	0	0	0	5	4	0	0	0	0	4	0	0	0	5	9	0	2	2	0	0	0	0	12
1401.800	0	0	0	0	2	1	0	0	0	0	4	0	0	0	5	7	0	1	3	0	0	0	0	3
1402.000	0	0	0	0	2	0	0	0	0	0	1	0	0	0	1	3	0	0	4	0	0	0	0	6
1402.200	0	0	0	0	7	0	0	0	0	0	0	0	0	0	3	3	0	3	8	0	0	0	0	14
1402.400	0	0	0	0	5	0	0	0	0	0	1	0	0	0	2	4	0	2	3	0	0	0	0	6
1402.600	0	0	0	0	6	1	0	0	0	0	1	0	0	0	1	4	0	2	5	0	0	0	0	8
1402.800	0	0	0	0	0	8	0	0	0	0	3	0	0	0	1	11	0	0	2	0	0	0	0	8
1403.000	0	0	0	0	5	6	0	0	0	0	0	0	0	0	4	8	0	2	3	0	0	0	0	12
1403.200	0	0	0	0	2	2	0	0	0	0	1	0	0	0	6	6	0	2	10	0	0	0	0	11
1403.400	0	0	0	0	2	5	0	0	0	0	0	0	0	0	4	6	0	2	2	0	0	0	0	6
1403.600	0	0	0	0	4	9	0	0	0	0	0	0	0	0	2	17	0	3	5	0	0	0	0	9
1403.800	0	0	0	0	3	5	0	0	0	0	4	0	0	0	5	10	0	3	5	0	0	0	0	9
1404.000	0	0	0	0	3	9	0	0	0	0	4	0	0	0	5	4	0	3	5	0	0	0	0	9
1404.200	0	0	0	0	1	6	0	0	0	0	4	0	0	0	9	6	0	2	2	0	0	0	0	4
1404.400	0	0	0	0	1	6	0	0	0	0	2	0	0	0	6	1	0	2	4	0	0	0	0	7
1404.600	0	0	0	0	0	8	0	0	0	0	4	0	0	0	6	3	0	0	2	0	0	0	0	10
1404.800	0	0	0	0	1	1	0	0	0	0	4	0	0	0	12	5	0	3	4	0	0	0	0	11
1405.000	0	0	0	0	3	5	0	0	0	0	1	0	0	0	13	4	0	2	5	0	0	0	0	16
1405.200	0	0	0	0	2	3	0	0	0	0	0	0	0	0	7	1	0	1	7	0	0	0	0	12
1405.400	0	0	0	0	5	11	0	0	0	0	0	0	0	0	13	5	0	2	5	0	0	0	0	9
1405.600	0	0	0	0	5	11	0	0	0	0	0	0	0	0	7	6	0	2	7	0	0	0	0	11
1405.800	0	0	0	0	6	7	0	0	0	0	0	0	0	0	8	4	0	3	6	0	0	0	0	7
1406.000	0	0	0	0	2	7	0	0	0	0	0	0	0	0	8	3	0	2	7	0	0	0	0	12
1406.200	0	0	0	0	7	6	0	0	0	0	1	0	0	0	9	3	0	2	5	0	0	0	0	11
1406.400	0	0	0	0	7	15	0	0	0	0	0	0	0	0	9	2	0	1	6	0	0	0	0	8
1406.600	0	0	0	0	7	14	0	0	0	0	4	0	0	0	12	3	0	2	5	0	0	0	0	9
1406.800	0	0	0	0	8	7	0	0	0	0	1	0	0	0	8	9	0	3	6	0	0	0	0	7
1407.000	0	0	0	0	5	4	0	0	0	0	1	0	0	0	9	3	0	2	5	0	0	0	0	12
1407.200	0	0	0	0	1	11	0	0	0	0	2	0	0	0	9	3	0	2	8	0	0	0	0	11
1407.400	0	0	0	0	4	13	0	0	0	0	1	0	0	0	10	6	0	2	9	0	0	0	0	12
1407.600	0	0	0	0	6	15	0	0	0	0	0	0	0	0	7	7	0	3	7	0	0	0	0	9
1407.800	0	0	0	0	8	12	0	0	0	0	0	0	0	0	12	4	0	3	16	0	0	0	0	11
1408.000	0	0	0	0	8	9	0	0	0	0	0	0	0	0	8	3	0	3	8	0	0	0	0	9
1408.200	0	0	0	0	4	12	0	0	0	0	0	0	0	0	8	7	0	3	5	0	0	0	0	10
1408.400	0	0	0	0	7	11	0	0	0	0	0	0	0	0	7	5	0	3	4	0	0	0	0	11
1408.600	0	0	0	0	6	17	0	0	0	0	0	0	0	0	10	7	0	2	4	0	0	0	0	10
1408.800	0	0	0	0	8	12	0	0	0	0	0	0	0	0	10	3	0	3	6	0	0	0	0	9
1409.000	0	0	0	0	13	14	0	0	0	0	0	0	0	0	9	5	0	3	3	0	0	0	0	11
1409.200	0	0	0	0	9	14	0	0	0	0	0	0	0	0	9	5	0	2	4	0	0	0	0	11
1409.400	0	0	0	0	8	15	0	0	0	0	0	0	0	0	7	4	0	3	5	0	0	0	0	11
1409.600	0	0	0	0	11	17	0	0	0	0	0	0	0	0	7	4	0	3	3	0	0	0	0	13
1409.800	0	0	0	0	7	13	0	0	0	0	0	0	0	0	12	4	0	3	5	0	0	0	0	8
1410.000	0	0	0	0	6	13	0	0	0	0	0	0	0	0	13	9	0	3	5	0	0	0	0	12
1410.200	0	0	0	0	8	15	0	0	0	0	0	0	0	0	7	3	0	3	7	0	0	0	0	12
1410.400	0	0	0	0	7	15	0	0	0	0	0	0	0	0	7	8	0	2	6	0	0	0	0	12
1410.600	0	0	0	0	7	13	0	0	0	0	0	0	0	0	9	6	0	3	5	0	0	0	0	10
1410.800	0	0	0	0	10	15	0	0	0	0	0	0	0	0	8	5	0	3	7	0	0	0	0	11
1411.000	0	0	0	0	8	14	0	0	0	0	0	0	0	0	7	5	0	3	5	0	0	0	0	6
1411.200	0	0	0	0	6	17	0	0	0	0	0	0	0	0	9	5	0	3	6	0	0	0	0	12
1411.400	0	0	0	0	3	12	0	0	0	0	0	0	0	0	12	4	0	2	2	0	0	0	0	12
1411.600	0	0	0	0	3	14	0	0	0	0	0	0	0	0	11	3	0	3	6	0	0	0	0	15
1411.800	0	0	0	0	10	13	0	0	0	0	0	0	0	0	8	4	0	3	3	0	0	0	0	10
1412.000	0	0	0	0	8	21	0	0	0	0	0	0	0	0	9	8	0	2	4	0	0	0	0	13
1412.200	0	0	0	0	4	14	0	0	0	0	0	0	0	0	9	4	0	3	5	0	0	0	0	11
1412.400	0	0	0	0	4	15	0	0	0	0	0	0	0	0	8	8	0	2	4	0	0	0	0	10
1412.600	0	0	0	0	8	12	0	0	0	0	1	0	0	0	9	6	0	3	10	0	0	0	0	11
1412.800	0	0	0	0	4	9	0	0	0	0	1	0	0	0	7	7	0	1	3	0	0	0	0	9
1413.000	0	0	0	0	7	13	0	0	0	0	0	0	0	0	8	1	0	2	8	0	0	0	0	12
1413.200	0	0	0	0	5	9	0	0	0	0	0	0	0	0	11	4	0	3	4	0	0	0	0	8
1413.400	0	0	0	0	6	15	0	0	0	0	1	0	0	0	12	5	0	2	4	0	0	0	0	5
1413.600	0	0	0	0	6	14	0	0	0	0	1	0	0	0	9	7	0	3	3	0	0	0	0	6
1413.800	0	0	0	0	13	16	0	0	0	0	1	0	0	0	12	5	0	2	4	0	0	0	0	7
1414.000	0	0	0	0	6	19	0	0	0	0	0	0	0	0	8	7	0	1	5	0	0	0	0	10
1414.200	0	0	0	0	7	8	0	0	0	0	0	0	0	0	13	7	0	2	5	0	0	0	0	10
1414.400	0	0	0	0	10	9	0	0	0	0	0	0	0	0	13	7	0	3	5	0	0	0	0	9
1414.600	0	0	0	0	7	10	0	0	0	0	0	0	0	0	9	5	0	3	6	0	0	0	0	13
1414.800	0	0	0	0	7	14	0	0	0	0	0	0	0	0	8	3	0	2	5	0	0	0	0	12
1415.000	0	0	0	0	9	17	0	0	0	0	1	0	0	0	9	5	0	2	6	0	0	0	0	13
1415.200	0	0	0	0	8	15	0	0	0	0	1	0	0	0	12	6	0	0	11	0	0	0	0	15
1415.400	0	0	0	0	5	15	0	0	0	0	0	0	0	0	10	7	0	0	3	0	0	0	0	9
1415.600	0	0	0	0	7	14	0	0	0	0	1	0	0	0	10	5	0	2	9	0	0	0	0	9
1415.800	0	0	0	0	5	15	0	0	0	0	0	0	0	0	8	8	0	2	5	0	0	0	0	9
1416.000	0	0	0	0	4	18	0	0	0	0	1	0	0	0	9	5	0	2	6	0	0	0	0	12
1416.200	0	0	0	0	8	15	0	0	0	0	0	0	0	0	6	10	0	2	5	0	0	0	0	11
1416.400	0	0	0	0	7	9	0	0	0	0	0	0	0	0	8	8	0	2	4	0	0	0	0	12
1416.600	0	0	0	0	8	13	0	0	0	0	0	0	0	0	10	4	0	1	5	0	0	0	0	9
1416.800	0	0	0	0	9	17	0	0	0	0	0	0	0	0	7	9	0	2	5	0	0	0	0	10
1417.000	0	0	0	0	9	18	0	0	0	0	0	0	0	0	9	3	0	2	8	0	0	0	0	9
1417.200	0	0	0	0	9	11	0	0	0	0	0	0	0	0	14	9	0	2	5	0	0	0	0	8
1417.400	0	0	0	0	10	12	0	0	0	0	1	0	0	0	9	7	0	2	6	0	0	0	0	7
1417.600	0	0	0	0	6	12	0	0	0	0	0	0	0	0	8	8	0	3	6	0	0	0	0	12
1417.800	0	0	0	0	3	12	0	0	0	0	0	0	0	0	8	7	0	2	7	0	0	0	0	10
1418.000	0	0	0	0	7	13	0	0	0	0	0	0	0	0	8	5	0	1	6	0	0	0	0	11
1418.200	0	0	0	0	4	17	0	0	0	0	0	0	0	0	9	6	0	0	6	0	0	0	0	11
1418.400	0	0	0	0	7	17	0	0	0	0	0	0	0	0	10	8	0	2	6	0	0	0	0	10
1418.600	0	0	0	0	5	6	0	0	0	0	1	0	0	0	8	7	0	2	6	0	0	0	0	12
1418.800	0	0	0	0	10	13	0	0	0	0	0	0	0	0	7	4	0	0	6	0	0	0	0	9
1419.000	0	0	0	0	3	14	0	0	0	0	1	0	0	0	7	7	0	1	6	0	0	0	0	13
1419.200	0	0	0	0	10	11	0	0	0	0	1	0	0	0	11	5	0	2	6	0	0	0	0	10
1419.400	0	0	0	0	7	14	0	0	0	0	1	0	0	0	12	8	0	2	3	0	0	0	0	13
1419.600	0	0	0	0	4	11	0	0	0	0	0	0	0	0	9	7	0	2	9	0	0	0	0	8
1419.800	0	0	0	0	7	15	0	0	0	0	0	0	0	0	8	5	0	2	6	0	0	0	0	4
1420.000	0	0	0	0	1	13	0	0	0	0	0	0	0	0	13	2	0	2	7	0	0	0	0	10
1420.200	0	0	0	0	8	13	0	0	0	0	0	0	0	0	11	3	0	2	8	0	0	0	0	11
1420.400	0	0	0	0	8	12	0	0	0	0	0	0	0	0	7	5	0	2	7	0	0	0	0	8
1420.600	0	0	0	0	5	14	0	0	0	0	0	0	0	0	12	4	0	0	3	0	0	0	0	7
1420.800	0	0	0	0	6	13	0	0	0	0	0	0	0	0	8	4	0	2	7	0	0	0	0	9
1421.000	0	0	0	0	6	16	0	0	0	0	0	0	0	0	15	1	0	2	2	0	0	0	0	9
1421.200	0	0	0	0	5	12	0	0	0	0	0	0	0	0	7	7	0	1	8	0	0	0	0	6
1421.400	0	0	0	0	8	11	0	0	0	0	0	0	0	0	10	5	0	0	3	0	0	0	0	9
1421.600	0	0	0	0	8	13	0	0	0	0	0	0	0	0	9	3	0	2	6	0	0	0	0	7
1421.800	0	0	0	0	9	15	0	0	0	0	0	0	0	0	9	9	0	2	8	0	0	0	0	3
1422.000	0	0	0	0	10	11	0	0	0	0	0	0	0	0	10	6	0	2	6	0	0	0	0	7
1422.200	0	0	0	0	6	13	0	0	0	0	0	0	0	0	11	5	0	2	5	0	0	0	0	11
1422.400	0	0	0	0	5	10	0	0	0	0	0	0	0	0	7	4	0	2	6	0	0	0	0	7
1422.600	0	0	0	0	5	13	0	0	0	0	0	0	0	0	12	6	0	3	5	0	0	0	0	10
1422.800	0	0	0	0	7	13	0	0	0	0	0	0	0	0	11	4	0	2	6	0	0	0	0	9
1423.000	0	0	0	0	5	9	0	0	0	0	0	0	0	0	11	6	0	2	5	0	0	0	0	14
1423.200	0	0	0	0	6	10	0	0	0	0	0	0	0	0	10	6	0	3	8	0	0	0	0	9
1423.400	0	0	0	0	7	11	0	0	0	0	1	0	0	0	9	5	0	2	10	0	0	0	0	10
1423.600	0	0	0	0	6	15	0	0	0	0	0	0	0	0	10	2	0	2	5	0	0	0	0	7
1423.800	0	0	0	0	6	12	0	0	0	0	0	0	0	0	7	4	0	2	5	0	0	0	0	11
1424.000	0	0	0	0	8	11	0	0	0	0	0	0	0	0	7	5	0	2	2	0	0	0	0	11
1424.200	0	0	0	0	6	11	0	0	0	0	0	0	0	0	11	6	0	0	2	0	0	0	0	7
1424.400	0	0	0	0	7	11	0	0	0	0	0	0	0	0	9	6	0	2	6	0	0	0	0	6
1424.600	0	0	0	0	8	13	0	0	0	0	0	0	0	0	11	1	0	2	5	0	0	0	0	7
1424.800	0	0	0	0	7	12	0	0	0	0	0	0	0	0	7	7	0	3	5	0	0	0	0	12
1425.000	0	0	0	0	3	11	0	0	0	0	0	0	0	0	13	4	0	3	6	0	0	0	0	11
1425.200	0	0	0	0	5	12	0	0	0	0	0	0	0	0	7	4	0	2	5	0	0	0	0	13
1425.400	0	0	0	0	5	15	0	0	0	0	0	0	0	0	11	5	0	2	3	0	0	0	0	14
1425.600	0	0	0	0	7	13	0	0	0	0	0	0	0	0	8	8	0	3	4	0	0	0	0	13
1425.800	0	0	0	0	7	8	0	0	0	0	0	0	0	0	9	7	0	2	2	0	0	0	0	14
1426.000	0	0	0	0	10	11	0	0	0	0	0	0	0	0	13	4	0	3	4	0	0	0	0	11
1426.200	0	0	0	0	8	12	0	0	0	0	0	0	0	0	7	8	0	2	2	0	0	0	0	12
1426.400	0	0	0	0	8	16	0	0	0	0	0	0	0	0	10	5	0	2	6	0	0	0	0	9
1426.600	0	0	0	0	13	14	0	0	0	0	0	0	0	0	9	0	0	2	2	0	0	0	0	12
1426.800	0	0	0	0	7	16	0	0	0	0	0	0	0	0	12	4	0	2	9	0	0	0	0	12
1427.000	0	0	0	0	8	14	0	0	0	0	0	0	0	0	8	1	0	0	4	0	0	0	0	8
1427.200	0	0	0	0	9	15	0	0	0	0	0	0	0	0	9	4	0	3	4	0	0	0	0	14
1427.400	0	0	0	0	10	19	0	0	0	0	0	0	0	0	10	3	0	2	8	0	0	0	0	11
1427.600	0	0	0	0	7	13	0	0	0	0	0	0	0	0	11	6	0	2	7	0	0	0	0	9
1427.800	0	0	0	0	9	16	0	0	0	0	0	0	0	0	8	6	0	1	3	0	0	0	0	14
1428.000	0	0	0	0	5	14	0	0	0	0	0	0	0	0	9	4	0	2	9	0	0	0	0	10
1428.200	0	0	0	0	8	13	0	0	0	0	0	0	0	0	12	4	0	2	6	0	0	0	0	12
1428.400	0	0	0	0	10	15	0	0	0	0	0	0	0	0	8	6	0	2	7	0	0	0	0	14
1428.600	0	0	0	0	10	15	0	0	0	0	0	0	0	0	12	5	0	2	11	0	0	0	0	7
1428.800	0	0	0	0	10	16	0	0	0	0	0	0	0	0	7	3	0	2	4	0	0	0	0	6
1429.000	0	0	0	0	9	13	0	0	0	0	0	0	0	0	8	8	0	2	2	0	0	0	0	5
1429.200	0	0	0	0	11	16	0	0	0	0	0	0	0	0	9	5	0	2	2	0	0	0	0	6
1429.400	0	0	0	0	11	14	0	0	0	0	0	0	0	0	7	6	0	2	3	0	0	0	0	3
1429.600	0	0	0	0	8	13	0	0	0	0	1	0	0	0	10	5	0	1	2	0	0	0	0	3
1429.800	0	0	0	0	10	16	0	0	0	0	0	0	0	0	8	6	0	0	3	0	0	0	0	5
1430.000	0	0	0	0	10	14	0	0	0	0	1	0	0	0	9	6	0	1	3	0	0	0	0	8
1430.200	0	0	0	0	10	13	0	0	0	0	0	0	0	0	9	2	0	1	3	0	0	0	0	7
1430.400	0	0	0	0	10	13	0	0	0	0	0	0	0	0	10	8	0	2	2	0	0	0	0	8
1430.600	0	0	0	0	9	16	0	0	0	0	0	0	0	0	7	4	0	0	2	0	0	0	0	8
1430.800	0	0	0	0	8	16	0	0	0	0	0	0	0	0	8	5	0	0	2	0	0	0	0	6
1431.000	0	0	0	0	10	14	0	0	0	0	0	0	0	0	7	4	0	0	2	0	0	0	0	9
1431.200	0	0	0	0	6	17	0	0	0	0	0	0	0	0	11	5	0	0	2	0	0	0	0	7
1431.400	0	0	0	0	13	15	0	0	0	0	0	0	0	0	8	4	0	0	2	0	0	0	0	7
1431.600	0	0	0	0	12	15	0	0	0	0	0	0	0	0	10	9	0	1	2	0	0	0	0	14
1431.800	0	0	0	0	9	20	0	0	0	0	0	0	0	0	8	4	0	3	4	0	0	0	0	9
1432.000	0	0	0	0	9	15	0	0	0	0	0	0	0	0	7	10	0	3	5	0	0	0	0	12
1432.200	0	0	0	0	11	13	0	0	0	0	0	0	0	0	10	5	0	3	5	0	0	0	0	5
1432.400	0	0	0	0	10	14	0	0	0	0	0	0	0	0	13	3	0	2	5	0	0	0	0	9
1432.600	0	0	0	0	11	15	0	0	0	0	0	0	0	0	11	3	0	2	7	0	0	0	0	7
1432.800	0	0	0	0	7	16	0	0	0	0	1	0	0	0	7	1	0	1	4	0	0	0	0	10
1433.000	0	0	0	0	9	10	0	0	0	0	3	0	0	0	10	6	0	1	4	0	0	0	0	4
1433.200	0	0	0	0	11	9	0	0	0	0	1	0	0	0	9	3	0	0	3	0	0	0	0	8
1433.400	0	0	0	0	8	10	0	0	0	0	5	0	0	0	10	8	0	1	2	0	0	0	0	9
1433.600	0	0	0	0	6	11	0	0	0	0	2	0	0	0	9	3	0	0	3	0	0	0	0	11
1433.800	0	0	0	0	9	16	0	0	0	0	4	0	0	0	8	0	0	0	2	0	0	0	0	11
1434.000	0	0	0	0	2	11	0	0	0	0	1	0	0	0	8	2	0	2	2	0	0	0	0	7
1434.200	0	0	0	0	5	8	0	0	0	0	5	0	0	0	10	7	0	1	2	0	0	0	0	11
1434.400	0	0	0	0	5	14	0	0	0	0	1	0	0	0	8	12	0	3	4	0	0	0	0	7
1434.600	0	0	0	0	7	11	0	0	0	0	4	0	0	0	11	3	0	0	2	0	0	0	0	12
1434.800	0	0	0	0	5	10	0	0	0	0	4	0	0	0	12	5	0	1	3	0	0	0	0	7
1435.000	0	0	0	0	5	6	0	0	0	0	4	0	0	0	10	4	0	0	1	0	0	0	0	5
1435.200	0	0	0	0	8	17	0	0	0	0	0	0	0	0	8	2	0	0	2	0	0	0	0	15
1435.400	0	0	0	0	5	11	0	0	0	0	0	0	0	0	10	2	0	0	3	0	0	0	0	8
1435.600	0	0	0	0	7	19	0	0	0	0	0	0	0	0	11	2	0	0	2	0	0	0	0	8
1435.800	0	0	0	0	9	18	0	0	0	0	1	0	0	0	10	8	0	0	3	0	0	0	0	6
1436.000	0	0	0	0	3	14	0	0	0	0	0	0	0	0	11	7	0	0	2	0	0	0	0	10
1436.200	0	0	0	0	5	16	0	0	0	0	2	0	0	0	13	7	0	2	2	0	0	0	0	8
1436.400	0	0	0	0	11	15	0	0	0	0	1	0	0	0	10	1	0	0	2	0	0	0	0	10
1436.600	0	0	0	0	6	12	0	0	0	0	4	0	0	0	13	4	0	1	2	0	0	0	0	9
1436.800	0	0	0	0	9	12	0	0	0	0	0	0	0	0	9	1	0	1	2	0	0	0	0	7
1437.000	0	0	0	0	5	12	0	0	0	0	0	0	0	0	8	5	0	2	3	0	0	0	0	5
1437.200	0	0	0	0	10	14	0	0	0	0	1	0	0	0	8	2	0	2	4	0	0	0	0	8
1437.400	0	0	0	0	10	9	0	0	0	0	1	0	0	0	8	1	0	3	6	0	0	0	0	3
1437.600	0	0	0	0	9	17	0	0	0	0	1	0	0	0	9	10	0	3	9	0	0	0	0	9
1437.800	0	0	0	0	5	16	0	0	0	0	0	0	0	0	10	3	0	2	3	0	0	0	0	9
1438.000	0	0	0	0	7	8	0	0	0	0	0	0	0	0	9	6	0	0	2	0	0	0	0	7
1438.200	0	0	0	0	10	13	0	0	0	0	1	0	0	0	10	7	0	1	3	0	0	0	0	7
1438.400	0	0	0	0	6	15	0	0	0	0	1	0	0	0	8	7	0	0	2	0	0	0	0	8
1438.600	0	0	0	0	5	9	0	0	0	0	1	0	0	0	9	13	0	1	5	0	0	0	0	7
1438.800	0	0	0	0	9	15	0	0	0	0	0	0	0	0	11	6	0	3	4	0	0	0	0	8
1439.000	0	0	0	0	7	15	0	0	0	0	1	0	0	0	11	9	0	3	6	0	0	0	0	7
1439.200	0	0	0	0	6	12	0	0	0	0	0	0	0	0	9	9	0	1	3	0	0	0	0	7
1439.400	0	0	0	0	8	11	0	0	0	0	0	0	0	0	11	7	0	1	2	0	0	0	0	7
1439.600	0	0	0	0	5	12	0	0	0	0	0	0	0	0	11	5	0	2	3	0	0	0	0	6
1439.800	0	0	0	0	9	6	0	0	0	0	0	0	0	0	10	9	0	0	2	0	0	0	0	9
1440.000	0	0	0	0	9	12	0	0	0	0	0	0	0	0	7	10	0	0	2	0	0	0	0	6
1440.200	0	0	0	0	8	13	0	0	0	0	0	0	0	0	12	9	0	2	4	0	0	0	0	9
1440.400	0	0	0	0	5	13	0	0	0	0	0	0	0	0	16	3	0	3	3	0	0	0	0	7
1440.600	0	0	0	1	5	12	0	0	0	0	0	0	0	0	9	3	0	0	1	0	0	0	0	15
1440.800	0	0	0	0	8	12	0	0	0	0	0	0	0	0	11	8	0	2	2	0	0	0	0	14
1441.000	0	0	0	0	7	12	0	0	0	0	0	0	0	0	11	5	0	3	6	0	0	0	0	9
1441.200	0	0	0	0	12	12	0	0	0	0	0	0	0	0	8	7	0	2	5	0	0	0	0	11
1441.400	0	0	0	0	11	8	0	0	0	0	0	0	0	0	12	5	0	2	6	0	0	0	0	6
1441.600	0	0	0	0	8	11	0	0	0	0	0	0	0	0	8	4	0	3	5	0	0	0	0	10
1441.800	0	0	0	0	9	13	0	0	0	0	0	0	0	0	13	4	0	2	5	0	0	0	0	7
1442.000	0	0	0	0	8	12	0	0	0	0	0	0	0	0	8	2	0	2	2	0	0	0	0	9
1442.200	0	0	0	0	7	9	0	0	0	0	0	0	0	0	12	10	0	3	6	0	0	0	0	8
1442.400	0	0	0	0	9	13	0	0	0	0	0	0	0	0	9	3	0	3	10	0	0	0	0	5
1442.600	0	0	0	0	7	11	0	0	0	0	0	0	0	0	10	6	0	2	3	0	0	0	0	11
1442.800	0	0	0	1	5	15	0	0	0	0	0	0	0	0	11	5	0	2	2	0	0	0	0	11
1443.000	0	0	0	0	6	9	0	0	0	0	0	0	0	0	13	7	0	3	4	0	0	0	0	12
1443.200	0	0	0	0	8	13	0	0	0	0	0	0	0	0	7	4	0	1	5	0	0	0	0	10
1443.400	0	0	0	0	5	13	0	0	0	0	0	0	0	0	7	6	0	1	4	0	0	0	0	11
1443.600	0	0	0	0	7	14	0	0	0	0	0	0	0	0	10	7	0	2	8	0	0	0	0	12
1443.800	0	0	0	0	9	11	0	0	0	0	0	0	0	0	7	5	0	2	9	0	0	0	0	8
1444.000	0	0	0	0	6	7	0	0	0	0	0	0	0	0	10	7	0	3	3	0	0	0	0	12
1444.200	0	0	0	0	8	10	0	0	0	0	0	0	0	0	9	3	0	0	2	0	0	0	0	6
1444.400	0	0	0	0	13	15	0	0	0	0	0	0	0	0	10	4	0	2	6	0	0	0	0	11
1444.600	0	0	0	0	6	12	0	0	0	0	0	0	0	0	7	3	0	2	8	0	0	0	0	7
1444.800	0	0	0	0	7	11	0	0	0	0	0	0	0	0	7	2	0	2	5	0	0	0	0	6
1445.000	0	0	0	0	10	10	0	0	0	0	0	0	0	0	11	1	0	2	5	0	0	0	0	9
1445.200	0	0	0	0	10	15	0	0	0	0	1	0	0	0	11	1	0	1	3	0	0	0	0	9
1445.400	0	0	0	0	8	12	0	0	0	0	0	0	0	0	7	5	0	2	5	0	0	0	0	12
1445.600	0	0	0	0	7	14	0	0	0	0	0	0	0	0	8	3	0	2	3	0	0	0	0	11
1445.800	0	0	0	0	10	13	0	0	0	0	0	0	0	0	8	7	0	3	3	0	0	0	0	13
1446.000	0	0	0	0	6	11	0	0	0	0	0	0	0	0	8	5	0	2	5	0	0	0	0	11
1446.200	0	0	0	0	6	14	0	0	0	0	0	0	0	0	9	5	0	2	3	0	0	0	0	13
1446.400	0	0	0	0	6	13	0	0	0	0	0	0	0	0	8	7	0	3	9	0	0	0	0	13
1446.600	0	0	0	0	6	12	0	0	0	0	0	0	0	0	11	3	0	2	6	0	0	0	0	9
1446.800	0	0	0	0	7	15	0	0	0	0	0	0	0	0	11	3	0	2	3	0	0	0	0	7
1447.000	0	0	0	0	5	11	0	0	0	0	0	0	0	0	10	1	0	2	7	0	0	0	0	6
1447.200	0	0	0	0	6	13	0	0	0	0	0	0	0	0	6	2	0	2	5	0	0	0	0	9
1447.400	0	0	0	0	8	13	0	0	0	0	0	0	0	0	7	6	0	3	5	0	0	0	0	10
1447.600	0	0	0	0	3	17	0	0	0	0	0	0	0	0	8	4	0	2	4	0	0	0	0	12
1447.800	0	0	0	0	9	14	0	0	0	0	0	0	0	0	6	8	0	2	2	0	0	0	0	8
1448.000	0	0	0	0	6	13	0	0	0	0	0	0	0	0	7	2	0	2	5	0	0	0	0	14
1448.200	0	0	0	0	6	13	0	0	0	0	0	0	0	0	10	0	0	2	5	0	0	0	0	12
1448.400	0	0	0	0	6	12	0	0	0	0	0	0	0	0	7	5	0	2	4	0	0	0	0	8
1448.600	0	0	0	0	9	10	0	0	0	0	0	0	0	0	13	6	0	2	5	0	0	0	0	9
1448.800	0	0	0	0	8	17	0	0	0	0	1	0	0	0	8	3	0	2	4	0	0	0	0	9
1449.000	0	0	0	0	4	17	0	0	0	0	1	0	0	0	7	5	0	3	3	0	0	0	0	6
1449.200	0	0	0	0	6	16	0	0	0	0	2	0	0	0	8	3	0	2	4	0	0	0	0	8
1449.400	0	0	0	0	5	11	0	0	0	0	1	0	0	0	12	1	0	3	4	0	0	0	0	14
1449.600	0	0	0	1	7	10	0	0	0	0	0	0	0	0	9	10	0	3	1	0	0	0	0	12
1449.800	0	0	0	0	1	15	0	0	0	0	1	0	0	0	13	4	0	2	5	0	0	0	0	12
1450.000	0	0	0	0	6	19	0	0	0	0	1	0	0	0	8	6	0	3	4	0	0	0	0	11
1450.200	0	0	0	0	3	14	0	0	0	0	0	0	0	0	10	8	0	3	2	0	0	0	0	6
1450.400	0	0	0	0	8	8	0	0	0	0	0	0	0	0	7	6	0	3	6	0	0	0	0	12
1450.600	0	0	0	0	10	14	0	0	0	0	1	0	0	0	8	3	0	2	5	0	0	0	0	9
1450.800	0	0	0	0	5	10	0	0	0	0	0	0	0	0	8	2	0	2	5	0	0	0	0	13
1451.000	0	0	0	0	5	13	0	0	0	0	0	0	0	0	10	5	0	3	6	0	0	0	0	12
1451.200	0	0	0	0	5	9	0	0	0	0	0	0	0	0	9	5	0	2	5	0	0	0	0	13
1451.400	0	0	0	0	5	15	0	0	0	0	0	0	0	0	10	2	0	2	5	0	0	0	0	11
1451.600	0	0	0	0	7	14	0	0	0	0	1	0	0	0	9	4	0	1	3	0	0	0	0	8
1451.800	0	0	0	0	7	14	0	0	0	0	0	0	0	0	7	4	0	2	3	0	0	0	0	6
1452.000	0	0	0	0	10	12	0	0	0	0	0	0	0	0	12	8	0	3	6	0	0	0	0	12
1452.200	0	0	0	0	10	17	0	0	0	0	0	0	0	0	9	8	0	2	6	0	0	0	0	6
1452.400	0	0	0	0	5	13	0	0	0	0	0	0	0	0	9	4	0	3	12	0	0	0	0	7
1452.600	0	0	0	0	6	12	0	0	0	0	0	0	0	0	8	9	0	3	5	0	0	0	0	16
1452.800	0	0	0	0	11	12	0	0	0	0	0	0	0	0	8	2	0	2	2	0	0	0	0	7
1453.000	0	0	0	0	7	13	0	0	0	0	0	0	0	0	10	8	0	3	5	0	0	0	0	11
1453.200	0	0	0	0	6	11	0	0	0	0	0	0	0	0	8	11	0	3	5	0	0	0	0	12
1453.400	0	0	0	1	10	17	0	0	0	0	0	0	0	0	13	2	0	2	3	0	0	0	0	9
1453.600	0	0	0	0	8	11	0	0	0	0	0	0	0	0	10	3	0	2	5	0	0	0	0	11
1453.800	0	0	0	0	5	13	0	0	0	0	1	0	0	0	14	7	0	2	5	0	0	0	0	9
1454.000	0	0	0	0	5	13	0	0	0	0	0	0	0	0	11	6	0	2	5	0	0	0	0	6
1454.200	0	0	0	1	7	14	0	0	0	0	0	0	0	0	9	4	0	2	5	0	0	0	0	11
1454.400	0	0	0	0	5	15	0	0	0	0	0	0	0	0	13	7	0	2	5	0	0	0	0	12
1454.600	0	0	0	1	6	19	0	0	0	0	0	0	0	0	11	8	0	2	6	0	0	0	0	7
1454.800	0	0	0	0	3	13	0	0	0	0	0	0	0	0	12	5	0	1	5	0	0	0	0	6
1455.000	0	0	0	1	7	12	0	0	0	0	0	0	0	0	17	5	0	0	4	0	0	0	0	10
1455.200	0	0	0	0	5	11	0	0	0	0	0	0	0	0	11	8	0	1	8	0	0	0	0	7
1455.400	0	0	0	0	4	15	0	0	0	0	0	0	0	0	9	1	0	1	6	0	0	0	0	12
1455.600	0	0	0	0	7	9	0	0	0	0	0	0	0	0	12	3	0	0	4	0	0	0	0	13
1455.800	0	0	0	0	6	19	0	0	0	0	0	0	0	0	12	4	0	0	2	0	0	0	0	12
1456.000	0	0	0	0	7	15	0	0	0	0	0	0	0	0	9	5	0	2	5	0	0	0	0	8
1456.200	0	0	0	0	6	13	0	0	0	0	0	0	0	0	12	4	0	3	5	0	0	0	0	17
1456.400	0	0	0	0	4	14	0	0	0	0	0	0	0	0	12	7	0	3	6	0	0	0	0	12
1456.600	0	0	0	0	7	14	0	0	0	0	0	0	0	0	10	6	0	2	5	0	0	0	0	12
1456.800	0	0	0	1	5	13	0	0	0	0	0	0	0	0	13	7	0	2	5	0	0	0	0	8
1457.000	0	0	0	1	5	13	0	0	0	0	0	0	0	0	14	3	0	2	5	0	0	0	0	11
1457.200	0	0	0	1	4	18	0	0	0	0	0	0	0	0	11	4	0	2	5	0	0	0	0	12
1457.400	0	0	0	0	5	15	0	0	0	0	0	0	0	0	10	6	0	3	7	1	0	0	0	8
1457.600	0	0	0	0	8	15	0	0	0	0	0	0	0	0	11	6	0	3	4	0	0	0	0	10
1457.800	0	0	0	0	7	20	0	0	0	0	0	0	0	0	8	5	0	3	5	0	0	0	0	11
1458.000	0	0	0	1	5	10	0	0	0	0	0	0	0	0	10	14	0	2	3	0	0	0	0	8
1458.200	0	0	0	0	4	14	0	0	0	0	0	0	0	0	7	7	0	2	5	0	0	0	0	10
1458.400	0	0	0	0	6	11	0	0	0	0	0	0	0	0	12	2	0	2	5	0	0	0	0	13
1458.600	0	0	0	0	5	12	0	0	0	0	0	0	0	0	7	5	0	2	5	0	0	0	0	7
1458.800	0	0	0	0	3	14	0	0	0	0	0	0	0	0	10	2	0	2	5	0	0	0	0	11
1459.000	0	0	0	0	6	11	0	0	0	0	0	0	0	0	8	7	0	2	2	0	0	0	0	9
1459.200	0	0	0	0	6	15	0	0	0	0	0	0	0	0	8	1	0	3	7	0	0	0	0	11
1459.400	0	0	0	0	3	17	0	0	0	0	0	0	0	0	8	10	0	2	6	0	0	0	0	8
1459.600	0	0	0	0	6	14	0	0	0	0	0	0	0	0	7	4	0	3	3	0	0	0	0	14
1459.800	0	0	0	0	6	12	0	0	0	0	0	0	0	0	8	8	0	3	7	0	0	0	0	11
1460.000	0	0	0	0	9	16	0	0	0	0	0	0	0	0	8	0	0	2	5	0	0	0	0	8
1460.200	0	0	0	0	8	13	0	0	0	0	1	0	0	0	13	4	0	0	2	0	0	0	0	10
1460.400	0	0	0	0	6	17	0	0	0	0	0	0	0	0	11	4	0	3	3	0	0	0	0	10
1460.600	0	0	0	0	8	13	0	0	0	0	0	0	0	0	9	5	0	1	6	0	0	0	0	11
1460.800	0	0	0	0	7	13	0	0	0	0	0	0	0	0	9	8	0	2	5	0	0	0	0	9
1461.000	0	0	0	1	10	17	0	0	0	0	0	0	0	0	7	2	0	0	2	0	0	0	0	12
1461.200	0	0	0	0	5	10	0	0	0	0	0	0	0	0	12	5	0	2	2	0	0	0	0	7
1461.400	0	0	0	0	5	16	0	0	0	0	0	0	0	0	7	1	0	0	2	0	0	0	0	7
1461.600	0	0	0	0	7	15	0	0	0	0	0	0	0	0	10	4	0	0	1	0	0	0	0	12
1461.800	0	0	0	0	5	7	0	0	0	0	0	0	0	0	12	7	0	2	4	0	0	0	0	9
1462.000	0	0	0	0	3	16	0	0	0	0	1	0	0	0	11	8	0	0	2	0	0	0	0	9
1462.200	0	0	0	0	7	12	0	0	0	0	0	0	0	0	8	6	0	0	1	0	0	0	0	9
1462.400	0	0	0	0	5	13	0	0	0	0	0	0	0	0	9	6	0	2	3	0	0	0	0	13
1462.600	0	0	0	0	5	14	0	0	0	0	0	0	0	0	6	7	0	1	1	0	0	0	0	5
1462.800	0	0	0	1	7	13	0	0	0	0	0	0	0	0	9	7	0	0	1	0	0	0	0	8
1463.000	0	0	0	0	3	20	0	0	0	0	0	0	0	0	11	7	0	0	1	0	0	0	0	7
1463.200	0	0	0	0	8	16	0	0	0	0	0	0	0	0	9	7	0	3	5	0	0	0	0	11
1463.400	0	0	0	0	5	11	0	0	0	0	0	0	0	0	11	8	0	2	2	0	0	0	0	8
1463.600	0	0	0	1	12	20	0	0	0	0	1	0	0	0	7	7	0	1	2	0	0	0	0	13
1463.800	0	0	0	0	6	11	0	0	0	0	0	0	0	0	9	7	0	2	3	0	0	0	0	11
1464.000	0	0	0	0	6	12	0	0	0	0	0	0	0	0	7	3	0	1	1	0	0	0	0	11
1464.200	0	0	0	0	7	13	0	0	0	0	0	0	0	0	8	7	0	2	5	0	0	0	0	8
1464.400	0	0	0	1	2	19	0	0	0	0	0	0	0	0	7	4	0	2	4	0	0	0	0	12
1464.600	0	0	0	1	7	14	0	0	0	0	0	0	0	0	9	1	0	2	2	0	0	0	0	13
1464.800	0	0	0	0	8	15	0	0	0	0	0	0	0	0	7	3	0	2	8	0	0	0	0	12
1465.000	0	0	0	1	8	14	0	0	0	0	1	0	0	0	10	0	0	2	7	0	0	0	0	12
1465.200	0	0	0	0	4	15	0	0	0	0	1	0	0	0	9	7	0	2	6	0	0	0	0	11
1465.400	0	0	0	1	7	14	0	0	0	0	0	0	0	0	8	8	0	3	5	0	0	0	0	9
1465.600	0	0	0	0	8	11	0	0	0	0	1	0	0	0	10	8	0	3	6	0	0	0	0	10
1465.800	0	0	0	0	5	10	0	0	0	0	0	0	0	0	5	8	0	3	6	0	0	0	0	13
1466.000	0	0	0	0	6	13	0	0	0	0	0	0	0	0	7	8	0	2	9	0	0	0	0	10
1466.200	0	0	0	1	4	17	0	0	0	0	0	0	0	0	6	2	0	2	3	0	0	0	0	15
1466.400	0	0	0	0	4	11	0	0	0	0	0	0	0	0	7	4	0	2	6	0	0	0	0	12
1466.600	0	0	0	0	7	17	0	0	0	0	0	0	0	0	5	4	0	3	6	0	0	0	0	14
1466.800	0	0	0	1	6	17	0	0	0	0	0	0	0	0	7	6	0	3	4	0	0	0	0	11
1467.000	0	0	0	0	2	11	0	0	0	0	0	0	0	0	3	5	0	3	8	0	0	0	0	10
1467.200	0	0	0	1	4	12	0	0	0	0	0	0	0	0	1	7	0	2	9	0	0	0	0	6
1467.400	0	0	0	1	7	14	0	0	0	0	0	0	0	0	5	5	0	3	9	0	0	0	0	6
1467.600	0	0	0	0	4	15	0	0	0	0	0	0	0	0	4	3	0	3	9	0	0	0	0	10
1467.800	0	0	0	1	5	14	0	0	0	0	0	0	0	0	4	3	0	2	6	0	0	0	0	8
1468.000	0	0	0	0	8	11	0	0	0	0	0	0	0	0	6	7	0	3	7	0	0	0	0	11
1468.200	0	0	0	0	3	16	0	0	0	0	0	0	0	0	8	6	0	3	12	0	0	0	0	6
1468.400	0	0	0	0	8	11	0	0	0	0	0	0	0	0	4	8	0	3	12	0	0	0	0	10
1468.600	0	0	0	0	5	20	0	0	0	0	0	0	0	0	4	4	0	2	15	0	0	0	0	8
1468.800	0	0	0	0	6	7	0	0	0	0	0	0	0	0	4	2	0	3	8	0	0	0	0	7
1469.000	0	0	0	1	7	8	0	0	0	0	0	0	0	0	4	10	0	3	7	0	0	0	0	9
1469.200	0	0	0	0	4	9	0	0	0	0	0	0	0	0	10	7	0	3	5	0	0	0	0	6
1469.400	0	0	0	1	6	13	0	0	0	0	0	0	0	0	6	11	0	3	9	0	0	0	0	5
1469.600	0	0	0	1	7	14	0	0	0	0	0	0	0	0	5	4	0	3	12	0	0	0	0	8
1469.800	0	0	0	0	4	11	0	0	0	0	0	0	0	0	2	1	0	2	10	0	0	0	0	11
1470.000	0	0	0	1	5	18	0	0	0	0	0	0	0	0	4	8	0	3	18	0	0	0	0	10
1470.200	0	0	0	0	8	16	0	0	0	0	0	0	0	0	2	3	0	1	10	0	0	0	0	7
1470.400	0	0	0	0	8	14	0	0	0	0	0	0	0	0	3	7	0	3	14	0	0	0	0	8
1470.600	0	0	0	0	7	16	0	0	0	0	0	0	0	0	6	3	0	3	14	0	0	0	0	10
1470.800	0	0	0	0	6	16	0	0	0	0	0	0	0	0	3	3	0	3	12	0	0	0	0	7
1471.000	0	0	0	0	5	13	0	0	0	0	0	0	0	0	3	1	0	3	11	0	0	0	0	3
1471.200	0	0	0	0	9	23	0	0	0	0	0	0	0	0	5	4	0	3	14	0	0	0	0	12
1471.400	0	0	0	0	6	15	0	0	0	0	0	0	0	0	6	0	0	3	10	0	0	0	0	9
1471.600	0	0	0	0	7	12	0	0	0	0	1	0	0	0	5	5	0	2	11	0	0	0	0	10
1471.800	0	0	0	0	4	13	0	0	0	0	1	0	0	0	4	5	0	3	7	0	0	0	0	6
1472.000	0	0	0	0	7	15	0	0	0	0	0	0	0	0	8	3	0	3	18	0	0	0	0	5
1472.200	0	0	0	0	5	15	0	0	0	0	0	0	0	0	6	6	0	3	16	0	0	0	0	9
1472.400	0	0	0	1	5	13	0	0	0	0	0	0	0	0	7	5	0	3	12	0	0	0	0	6
1472.600	0	0	0	0	8	20	0	0	0	0	0	0	0	0	1	3	0	2	9	0	0	0	0	6
1472.800	0	0	0	1	8	8	0	0	0	0	0	0	0	0	3	6	0	2	11	0	0	0	0	7
1473.000	0	0	0	1	5	14	0	0	0	0	0	0	0	0	2	6	0	3	13	0	0	0	0	11
1473.200	0	0	0	0	9	15	0	0	0	0	1	0	0	0	5	2	0	2	13	0	0	0	0	6
1473.400	0	0	0	0	8	13	0	0	0	0	0	0	0	0	2	2	0	3	7	0	0	0	0	8
1473.600	0	0	0	1	8	17	0	0	0	0	0	0	0	0	8	9	0	0	3	0	0	0	0	5
1473.800	0	0	0	0	3	11	0	0	0	0	0	0	0	0	6	1	0	0	2	0	0	0	0	8
1474.000	0	0	0	0	5	17	0	0	0	0	0	0	0	0	11	5	0	0	8	0	0	0	0	8
1474.200	0	0	0	1	8	15	0	0	0	0	0	0	0	0	11	6	0	2	3	0	0	0	0	10
1474.400	0	0	0	0	6	17	0	0	0	0	0	0	0	0	10	7	0	0	2	0	0	0	0	6
1474.600	0	0	0	0	7	11	0	0	0	0	1	0	0	0	7	6	0	2	5	0	0	0	0	9
1474.800	0	0	0	1	10	14	0	0	0	0	1	0	0	0	3	5	0	2	5	0	0	0	0	5
1475.000	0	0	0	0	7	17	0	0	0	0	2	0	0	0	2	2	0	2	7	0	0	0	0	8
1475.200	0	0	0	0	6	10	0	0	0	0	3	0	0	0	5	3	0	2	6	0	0	0	0	12
1475.400	0	0	0	0	9	21	0	0	0	0	0	0	0	0	8	6	0	2	3	0	0	0	0	9
1475.600	0	0	0	0	10	16	0	0	0	0	0	0	0	0	4	2	0	0	7	0	0	0	0	14
1475.800	0	0	0	0	1	9	0	0	0	0	0	0	0	0	9	9	0	2	6	0	0	0	0	12
1476.000	0	0	0	0	3	16	0	0	0	0	0	0	0	0	7	2	0	3	5	0	0	0	0	7
1476.200	0	0	0	0	6	20	0	0	0	0	0	0	0	0	8	7	0	3	11	0	0	0	0	12
1476.400	0	0	0	0	4	13	0	0	0	0	0	0	0	0	11	2	0	3	12	0	0	0	0	9
1476.600	0	0	0	0	7	15	0	0	0	0	0	0	0	0	12	5	0	3	16	0	0	0	0	12
1476.800	0	0	0	0	6	13	0	0	0	0	0	0	0	0	9	7	0	3	19	0	0	0	0	13
1477.000	0	0	0	0	8	17	0	0	0	0	0	0	0	0	7	1	0	2	8	0	0	0	0	7
1477.200	0	0	0	0	10	7	0	0	0	0	0	0	0	0	12	5	0	3	10	0	0	0	0	11
1477.400	0	0	0	0	7	9	0	0	0	0	0	0	0	0	10	1	0	2	8	0	0	0	0	13
1477.600	0	0	0	0	5	16	0	0	0	0	0	0	0	0	9	5	0	2	5	0	0	0	0	11
1477.800	0	0	0	0	6	18	0	0	0	0	0	0	0	0	12	2	0	2	3	0	0	0	0	5
1478.000	0	0	0	0	5	12	0	0	0	0	0	0	0	0	8	2	0	2	5	0	0	0	0	13
1478.200	0	0	0	0	3	16	0	0	0	0	0	0	0	0	8	4	0	2	8	0	0	0	0	11
1478.400	0	0	0	0	6	11	0	0	0	0	0	0	0	0	9	1	0	2	7	0	0	0	0	10
1478.600	0	0	0	0	5	16	0	0	0	0	0	0	0	0	7	3	0	2	6	0	0	0	0	15
1478.800	0	0	0	0	6	18	0	0	0	0	0	0	0	0	6	3	0	2	5	0	0	0	0	7
1479.000	0	0	0	0	3	10	0	0	0	0	0	0	0	0	8	10	0	2	5	0	0	0	0	14
1479.200	0	0	0	0	5	15	0	0	0	0	1	0	0	0	5	10	0	2	11	0	0	0	0	12
1479.400	0	0	0	0	4	10	0	0	0	0	0	0	0	0	11	10	0	3	13	0	0	0	0	8
1479.600	0	0	0	0	8	11	0	0	0	0	0	0	0	0	6	10	0	2	8	0	0	0	0	13
1479.800	0	0	0	0	3	4	0	0	0	0	0	0	0	0	5	8	0	3	7	0	0	0	0	13
1480.000	0	0	0	0	2	8	0	0	0	0	0	0	0	0	5	10	0	1	8	0	0	0	0	11
1480.200	0	0	0	0	0	15	0	0	0	0	0	0	0	0	4	3	0	1	10	0	0	0	0	12
1480.400	0	0	0	0	1	12	0	0	0	0	0	0	0	0	8	3	0	1	13	0	0	0	0	10
1480.600	0	0	0	0	4	16	0	0	0	0	0	0	0	0	4	11	0	2	5	0	0	0	0	12
1480.800	0	0	0	0	6	11	0	0	0	0	1	0	0	0	4	6	0	1	1	0	0	0	0	17
1481.000	0	0	0	0	7	11	0	0	0	0	0	0	0	0	5	6	0	1	1	0	0	0	0	14
1481.200	0	0	0	0	6	13	0	0	0	0	0	0	0	0	6	10	0	3	9	0	0	0	0	4
1481.400	0	0	0	0	6	18	0	0	0	0	0	0	0	0	8	6	0	3	7	0	0	0	0	12
1481.600	0	0	0	0	5	12	0	0	0	0	0	0	0	0	7	9	0	3	6	0	0	0	0	8
1481.800	0	0	0	0	7	14	0	0	0	0	0	0	0	0	7	4	0	3	7	0	0	0	0	13
1482.000	0	0	0	1	6	18	0	0	0	0	0	0	0	0	8	2	0	3	6	0	0	0	0	14
1482.200	0	0	0	1	7	17	0	0	0	0	0	0	0	0	10	7	0	2	6	0	0	0	0	10
1482.400	0	0	0	0	6	17	0	0	0	0	0	0	0	0	6	3	0	2	10	0	0	0	0	5
1482.600	0	0	0	0	7	14	0	0	0	0	0	0	0	0	8	4	0	3	7	0	0	0	0	9
1482.800	0	0	0	1	3	6	0	0	0	0	0	0	0	0	9	3	0	3	10	0	0	0	0	8
1483.000	0	0	0	0	6	10	0	0	0	0	0	0	0	0	5	9	0	3	13	0	0	0	0	9
1483.200	0	0	0	0	10	14	0	0	0	0	0	0	0	0	8	5	0	3	8	0	0	0	0	5
1483.400	0	0	0	0	4	12	0	0	0	0	0	0	0	0	7	5	0	3	10	0	0	0	0	11
1483.600	0	0	0	0	7	13	0	0	0	0	0	0	0	0	7	13	0	3	5	0	0	0	0	10
1483.800	0	0	0	0	6	8	0	0	0	0	0	0	0	0	9	7	0	3	9	0	0	0	0	13
1484.000	0	0	0	0	4	7	0	0	0	0	0	0	0	0	8	6	0	3	6	0	0	0	0	11
1484.200	0	0	0	0	4	8	0	0	0	0	0	0	0	0	8	2	0	2	11	0	0	0	0	15
1484.400	0	0	0	0	6	11	0	0	0	0	0	0	0	0	5	7	0	2	7	0	0	0	0	9
1484.600	0	0	0	0	6	12	0	0	0	0	0	0	0	0	12	9	0	2	10	0	0	0	0	11
1484.800	0	0	0	0	5	12	0	0	0	0	0	0	0	0	8	10	0	2	15	0	0	0	0	7
1485.000	0	0	0	0	6	13	0	0	0	0	0	0	0	0	4	10	0	3	10	0	0	0	0	8
1485.200	0	0	0	0	6	12	0	0	0	0	0	0	0	0	7	10	0	3	9	0	0	0	0	11
1485.400	0	0	0	0	6	11	0	0	0	0	0	0	0	0	8	11	0	3	6	0	0	0	0	10
1485.600	0	0	0	0	7	10	0	0	0	0	0	0	0	0	7	8	0	2	3	0	0	0	0	9
1485.800	0	0	0	0	9	6	0	0	0	0	0	0	0	0	9	8	0	2	10	0	0	0	0	1
1486.000	0	0	0	0	6	7	0	0	0	0	0	0	0	0	6	8	0	3	3	0	0	0	0	6
1486.200	0	0	0	0	6	10	0	0	0	0	0	0	0	0	5	6	0	2	13	0	0	0	0	6
1486.400	0	0	0	0	6	9	0	0	0	0	0	0	0	0	7	8	0	2	10	0	0	0	0	8
1486.600	0	0	0	0	5	10	0	0	0	0	0	0	0	0	9	6	0	2	5	0	0	0	0	6
1486.800	0	0	0	0	5	8	0	0	0	0	0	0	0	0	9	3	0	1	10	0	0	0	0	5
1487.000	0	0	0	0	7	15	0	0	0	0	1	0	0	0	7	8	0	3	5	0	0	0	0	8
1487.200	0	0	0	0	8	18	0	0	0	0	0	0	0	0	5	5	0	2	5	0	0	0	0	9
1487.400	0	0	0	0	8	11	0	0	0	0	0	0	0	0	8	8	0	3	6	0	0	0	0	7
1487.600	0	0	0	0	0	17	0	0	0	0	0	0	0	0	3	7	0	0	4	0	0	0	0	8
1487.800	0	0	0	0	5	18	0	0	0	0	0	0	0	0	7	7	0	2	7	0	0	0	0	4
1488.000	0	0	0	0	4	18	0	0	0	0	0	0	0	0	5	9	0	1	5	0	0	0	0	4
1488.200	0	0	0	0	6	19	0	0	0	0	0	0	0	0	6	5	0	1	7	0	0	0	0	5
1488.400	0	0	0	0	7	17	0	0	0	0	1	0	0	0	5	7	0	0	6	0	0	0	0	7
1488.600	0	0	0	0	7	12	0	0	0	0	0	0	0	0	7	7	0	0	8	0	0	0	0	7
1488.800	0	0	0	0	5	16	0	0	0	0	0	0	0	0	7	3	0	0	7	0	0	0	0	6
1489.000	0	0	0	0	10	17	0	0	0	0	0	0	0	0	8	7	0	2	2	0	0	0	0	4
1489.200	0	0	0	0	5	17	0	0	0	0	0	0	0	0	5	5	0	1	7	0	0	0	0	3
1489.400	0	0	0	0	7	19	0	0	0	0	0	0	0	0	10	6	0	3	5	0	0	0	0	5
1489.600	0	0	0	0	5	18	0	0	0	0	0	0	0	0	4	5	0	2	5	0	0	0	0	7
1489.800	0	0	0	0	7	19	0	0	0	0	1	0	0	0	6	5	0	3	7	0	0	0	0	4
1490.000	0	0	0	0	10	14	0	0	0	0	1	0	0	0	4	7	0	3	6	0	0	0	0	5
1490.200	0	0	0	0	5	19	0	0	0	0	1	0	0	0	6	9	0	3	7	0	0	0	0	5
1490.400	0	0	0	0	6	19	0	0	0	0	0	0	0	0	7	8	0	3	7	0	0	0	0	0
1490.600	0	0	0	0	10	13	0	0	0	0	0	0	0	0	7	5	0	2	8	0	0	0	0	3
1490.800	0	0	0	0	6	17	0	0	0	0	1	0	0	0	9	9	0	3	5	0	0	0	0	4
1491.000	0	0	0	0	7	18	0	0	0	0	0	0	0	0	7	8	0	3	11	0	0	0	0	6
1491.200	0	0	0	0	6	22	0	0	0	0	0	0	0	0	7	7	0	3	3	0	0	0	0	7
1491.400	0	0	0	0	6	13	0	0	0	0	0	0	0	0	9	9	0	3	10	0	0	0	0	6
1491.600	0	0	0	0	5	18	0	0	0	0	0	0	0	0	8	6	0	3	6	0	0	0	0	6
1491.800	0	0	0	0	6	18	0	0	0	0	0	0	0	0	4	4	0	3	5	0	0	0	0	7
1492.000	0	0	0	0	7	15	0	0	0	0	0	0	0	0	4	6	0	3	6	0	0	0	0	5
1492.200	0	0	0	0	7	15	0	0	0	0	0	0	0	0	5	2	0	3	7	0	0	0	0	3
1492.400	0	0	0	0	9	15	0	0	0	0	0	0	0	0	5	3	0	3	7	0	0	0	0	6
1492.600	0	0	0	0	6	15	0	0	0	0	1	0	0	0	9	5	0	3	6	0	0	0	0	5
1492.800	0	0	0	0	7	15	0	0	0	0	0	0	0	0	4	10	0	3	7	0	0	0	0	9
1493.000	0	0	0	0	8	14	0	0	0	0	0	0	0	0	9	5	0	2	6	0	0	0	0	8
1493.200	0	0	0	0	6	16	0	0	0	0	0	0	0	0	9	5	0	3	6	0	0	0	0	6
1493.400	0	0	0	0	8	6	0	0	0	0	0	0	0	0	9	7	0	2	6	0	0	0	0	6
1493.600	0	0	0	0	3	13	0	0	0	0	0	0	0	0	9	6	0	2	9	0	0	0	0	9
1493.800	0	0	0	0	4	14	0	0	0	0	1	0	0	0	6	8	0	2	7	0	0	0	0	7
1494.000	0	0	0	0	5	15	0	0	0	0	0	0	0	0	8	7	0	3	3	0	0	0	0	5
1494.200	0	0	0	0	6	19	0	0	0	0	0	0	0	0	10	4	0	0	3	0	0	0	0	5
1494.400	0	0	0	0	8	16	0	0	0	0	0	0	0	0	7	1	0	3	6	0	0	0	0	5
1494.600	0	0	0	0	6	18	0	0	0	0	0	0	0	0	11	5	0	3	7	0	0	0	0	3
1494.800	0	0	0	0	9	9	0	0	0	0	0	0	0	0	9	6	0	3	9	0	0	0	0	5
1495.000	0	0	0	0	6	16	0	0	0	0	0	0	0	0	6	8	0	2	7	0	0	0	0	5
1495.200	0	0	0	0	5	14	0	0	0	0	0	0	0	0	9	6	0	3	8	0	0	0	0	7
1495.400	0	0	0	0	6	14	0	0	0	0	0	0	0	0	8	6	0	3	6	0	0	0	0	7
1495.600	0	0	0	0	6	16	0	0	0	0	0	0	0	0	11	10	0	2	3	0	0	0	0	5
1495.800	0	0	0	0	6	17	0	0	0	0	0	0	0	0	7	4	0	2	5	0	0	0	0	4
1496.000	0	0	0	0	5	13	0	0	0	0	0	0	0	0	11	4	0	2	4	0	0	0	0	6
1496.200	0	0	0	0	5	16	0	0	0	0	0	0	0	0	8	7	0	3	6	0	0	0	0	5
1496.400	0	0	0	0	5	17	0	0	0	0	0	0	0	0	7	6	0	3	11	0	0	0	0	10
1496.600	0	0	0	0	6	15	0	0	0	0	0	0	0	0	5	4	0	1	5	0	0	0	0	4
1496.800	0	0	0	0	6	13	0	0	0	0	0	0	0	0	1	4	0	0	3	0	0	0	0	6
1497.000	0	0	0	0	9	16	0	0	0	0	0	0	0	0	2	1	0	0	3	0	0	0	0	7
1497.200	0	0	0	0	5	16	0	0	0	0	0	0	0	0	4	4	0	2	4	0	0	0	0	4
1497.400	0	0	0	0	5	14	0	0	0	0	0	0	0	0	5	3	0	2	5	0	0	0	0	4
1497.600	0	0	0	0	6	9	0	0	0	0	0	0	0	0	1	2	0	2	7	0	0	0	0	2
1497.800	0	0	0	0	3	13	0	0	0	0	0	0	0	0	5	1	0	1	10	0	0	0	0	4
1498.000	0	0	0	0	7	8	0	0	0	0	0	0	0	0	4	6	0	1	7	0	0	0	0	3
1498.200	0	0	0	0	2	12	0	0	0	0	0	0	0	0	8	4	0	2	5	0	0	0	0	4
1498.400	0	0	0	1	5	13	0	0	0	0	0	0	0	0	9	4	0	2	7	0	0	0	0	7
1498.600	0	0	0	0	5	14	0	0	0	0	0	0	0	0	4	4	0	1	5	0	0	0	0	8
1498.800	0	0	0	0	4	15	0	0	0	0	0	0	0	0	6	7	0	2	6	0	0	0	0	7
1499.000	0	0	0	1	2	18	0	0	0	0	0	0	0	0	3	7	0	2	4	0	0	0	0	5
1499.200	0	0	0	0	9	9	0	0	0	0	0	0	0	0	4	5	0	2	5	0	0	0	0	4
1499.400	0	0	0	0	8	11	0	0	0	0	1	0	0	0	5	8	0	2	4	0	0	0	0	6
1499.600	0	0	0	0	10	15	0	0	0	0	0	0	0	0	8	6	0	3	6	0	0	0	0	5
1499.800	0	0	0	0	7	17	0	0	0	0	0	0	0	0	8	5	0	3	8	0	0	0	0	3
1500.000	0	0	0	0	8	11	0	0	0	0	0	0	0	0	3	7	0	3	7	0	0	0	0	6
1500.200	0	0	0	0	6	8	0	0	0	0	0	0	0	0	9	7	0	3	3	0	0	0	0	9
1500.400	0	0	0	0	7	15	0	0	0	0	0	0	0	0	7	4	0	3	6	0	0	0	0	5
1500.600	0	0	0	0	8	10	0	0	0	0	0	0	0	0	7	11	0	3	4	0	0	0	0	5
1500.800	0	0	0	0	11	16	0	0	0	0	0	0	0	0	6	4	0	2	4	0	0	0	0	4
1501.000	0	0	0	0	9	17	0	0	0	0	0	0	0	0	6	3	0	3	5	0	0	0	0	11
1501.200	0	0	0	0	9	13	0	0	0	0	0	0	0	0	3	5	0	2	2	0	0	0	0	3
1501.400	0	0	0	0	7	17	0	0	0	0	0	0	0	0	4	2	0	2	6	0	0	0	0	8
1501.600	0	0	0	0	6	8	0	0	0	0	0	0	0	0	3	4	0	2	4	0	0	0	0	5
1501.800	0	0	0	0	5	9	0	0	0	0	0	0	0	0	3	3	0	1	4	0	0	0	0	6
1502.000	0	0	0	0	6	14	0	0	0	0	0	0	0	0	2	5	0	2	7	0	0	0	0	9
1502.200	0	0	0	0	7	18	0	0	0	0	0	0	0	0	1	3	0	2	7	0	0	0	0	11
1502.400	0	0	0	0	4	15	0	0	0	0	0	0	0	0	1	4	0	1	5	0	0	0	0	8
1502.600	0	0	0	0	7	15	0	0	0	0	0	0	0	0	2	6	0	1	5	0	0	0	0	6
1502.800	0	0	0	0	5	15	0	0	0	0	1	0	0	0	7	6	0	1	2	0	0	0	0	5
1503.000	0	0	0	0	9	21	0	0	0	0	0	0	0	0	3	2	0	3	5	0	0	0	0	7
1503.200	0	0	0	0	8	19	0	0	0	0	0	0	0	0	8	1	0	2	3	0	0	0	0	5
1503.400	0	0	0	0	7	15	0	0	0	0	0	0	0	0	0	3	0	2	5	0	0	0	0	9
1503.600	0	0	0	0	9	17	0	0	0	0	1	0	0	0	2	6	0	2	6	0	0	0	0	5
1503.800	0	0	0	0	6	9	0	0	0	0	2	0	0	0	3	2	0	3	4	0	0	0	0	8
1504.000	0	0	0	0	8	13	0	0	0	0	4	0	0	0	2	5	0	2	5	0	0	0	0	7
1504.200	0	0	0	0	8	16	0	0	0	0	1	0	0	0	8	6	0	2	9	0	0	0	0	5
1504.400	0	0	0	0	1	12	0	0	0	0	2	0	0	0	5	2	0	2	7	0	0	0	0	3
1504.600	0	0	0	0	3	13	0	0	0	0	1	0	0	0	5	4	0	3	10	0	0	0	0	7
1504.800	0	0	0	0	8	17	0	0	0	0	3	0	0	0	6	7	0	3	6	0	0	0	0	8
1505.000	0	0	0	0	9	14	0	0	0	0	2	0	0	0	7	2	0	2	5	0	0	0	0	3
1505.200	0	0	0	0	7	11	0	0	0	0	3	0	0	0	3	9	0	3	7	0	0	0	0	2
1505.400	0	0	0	0	12	12	0	0	0	0	1	0	0	0	4	9	0	1	8	0	0	0	0	2
1505.600	0	0	0	0	4	14	0	0	0	0	2	0	0	0	4	9	0	3	8	0	0	0	0	4
1505.800	0	0	0	0	6	11	0	0	0	0	4	0	0	0	2	7	0	2	5	0	0	0	0	2
1506.000	0	0	0	0	5	13	0	0	0	0	5	0	0	0	4	4	0	2	9	0	0	0	0	4
1506.200	0	0	0	0	3	9	0	0	0	0	3	0	0	0	8	12	0	3	4	0	0	0	0	3
1506.400	0	0	0	0	3	11	0	0	0	0	3	0	0	0	5	4	0	2	8	0	0	0	0	5
1506.600	0	0	0	0	0	10	0	0	0	0	2	0	0	0	7	10	0	2	5	0	0	0	0	5
1506.800	0	0	0	0	2	5	0	0	0	0	4	0	0	0	2	12	0	3	7	0	0	0	0	5
1507.000	0	0	0	0	1	6	0	0	0	0	5	0	0	0	0	17	0	3	5	0	0	0	0	4
1507.200	0	0	0	0	2	6	0	0	0	0	6	0	0	0	5	13	0	3	9	0	0	0	0	4
1507.400	0	0	0	0	3	9	0	0	0	0	4	0	0	0	4	9	0	1	4	0	0	0	0	7
1507.600	0	0	0	0	5	12	0	0	0	0	4	0	0	0	4	11	0	0	2	0	0	0	0	5
1507.800	0	0	0	0	4	11	0	0	0	0	3	0	0	0	1	7	0	2	8	0	0	0	0	1
1508.000	0	0	0	0	5	4	0	0	0	0	2	0	0	0	3	8	0	3	6	0	0	0	0	0
1508.200	0	0	0	0	2	2	0	0	0	0	6	0	0	0	1	7	0	2	6	0	0	0	0	1
1508.400	0	0	0	0	1	4	0	0	0	0	4	0	0	0	1	10	0	3	6	0	0	0	0	1
1508.600	0	0	0	0	1	2	0	0	0	0	4	0	0	0	1	6	0	3	10	0	0	0	0	8
1508.800	0	0	0	0	2	7	0	0	0	0	6	0	0	0	3	12	0	1	4	0	0	0	0	6
1509.000	0	0	0	0	3	6	0	0	0	0	5	0	0	0	1	7	0	3	14	0	0	0	0	1
1509.200	0	0	0	0	5	8	0	0	0	0	2	0	0	0	2	5	0	2	6	0	0	0	0	2
1509.400	0	0	0	0	2	7	0	0	0	0	6	0	0	0	0	7	0	0	3	0	0	0	0	2
1509.600	0	0	0	0	5	8	0	0	0	0	5	0	0	0	2	8	0	2	7	0	0	0	0	1
1509.800	0	0	0	0	2	6	0	0	0	0	5	0	0	0	1	6	0	3	5	0	0	0	0	2
1510.000	0	0	0	0	2	8	0	0	0	0	2	0	0	0	2	12	0	2	6	0	0	0	0	1
1510.200	0	0	0	0	3	4	0	0	0	0	4	0	0	0	2	4	0	1	4	0	0	0	0	1
1510.400	0	0	0	0	1	6	0	0	0	0	4	0	0	0	6	5	0	2	5	0	0	0	0	0
1510.600	0	0	0	0	2	5	0	0	0	0	3	0	0	0	4	5	0	2	8	0	0	0	0	0
1510.800	0	0	0	0	2	5	0	0	0	0	5	0	0	0	8	1	0	3	5	0	0	0	0	0
1511.000	0	0	0	0	6	1	0	0	0	0	2	0	0	0	4	2	0	1	3	0	0	0	0	0
1511.200	0	0	0	0	0	12	0	0	0	0	4	0	0	0	7	7	0	2	5	0	0	0	0	0
1511.400	0	0	0	0	4	3	0	0	0	0	6	0	0	0	7	3	0	2	5	0	0	0	0	5
1511.600	0	0	0	0	1	8	0	0	0	0	2	0	0	0	1	6	0	2	6	0	0	0	0	5
1511.800	0	0	0	0	2	6	0	0	0	0	5	0	0	0	5	3	0	3	7	0	0	0	0	5
1512.000	0	0	0	0	3	6	0	0	0	0	5	0	0	0	3	6	0	3	5	0	0	0	0	4
1512.200	0	0	0	0	2	9	0	0	0	0	4	0	0	0	6	6	0	2	7	0	0	0	0	6
1512.400	0	0	0	0	1	6	0	0	0	0	7	0	0	0	6	3	0	2	7	0	0	0	0	6
1512.600	0	0	0	0	1	8	0	0	0	0	5	0	0	0	7	4	0	2	5	0	0	0	0	4
1512.800	0	0	0	0	2	3	0	0	0	0	3	0	0	0	6	5	0	2	6	0	0	0	0	8
1513.000	0	0	0	0	2	7	0	0	0	0	5	0	0	0	3	5	0	2	6	0	0	0	0	8
1513.200	0	0	0	0	4	6	0	0	0	0	6	0	0	0	4	3	0	2	9	0	0	0	0	3
1513.400	0	0	0	0	3	3	0	0	0	0	1	0	0	0	5	6	0	2	7	0	0	0	0	7
1513.600	0	0	0	0	1	7	0	0	0	0	1	0	0	0	7	6	0	3	6	0	0	0	0	2
1513.800	0	0	0	0	3	2	0	0	0	0	2	0	0	0	3	5	0	2	2	0	0	0	0	2
1514.000	0	0	0	0	5	8	0	0	0	0	0	0	0	0	3	8	0	3	5	0	0	0	0	11
1514.200	0	0	0	0	3	5	0	0	0	0	1	0	0	0	3	2	0	1	6	0	0	0	0	4
1514.400	0	0	0	0	5	10	0	0	0	0	1	0	0	0	3	3	0	2	5	0	0	0	0	8
1514.600	0	0	0	0	5	10	0	0	0	0	0	0	0	0	6	5	0	2	9	0	0	0	0	9
1514.800	0	0	0	0	4	10	0	0	0	0	4	0	0	0	5	3	0	2	6	0	0	0	0	12
1515.000	0	0	0	0	2	7	0	0	0	0	1	0	0	0	7	4	0	2	5	0	0	0	0	9
1515.200	0	0	0	0	1	4	0	0	0	0	3	0	0	0	8	7	0	2	6	0	0	0	0	8
1515.400	0	0	0	0	1	8	0	0	0	0	5	0	0	0	4	3	0	2	5	0	0	0	0	9
1515.600	0	0	0	0	0	9	0	0	0	0	3	0	0	0	2	5	0	0	2	0	0	0	0	11
1515.800	0	0	0	0	1	5	0	0	0	0	3	0	0	0	3	7	0	3	5	0	0	0	0	6
1516.000	0	0	0	0	3	3	0	0	0	0	3	0	0	0	3	8	0	2	7	0	0	0	0	9
1516.200	0	0	0	0	1	7	0	0	0	0	6	0	0	0	3	8	0	2	6	0	0	0	0	11
1516.400	0	0	0	0	5	2	0	0	0	0	0	0	0	0	3	6	0	3	5	0	0	0	0	2
1516.600	0	0	0	0	4	4	0	0	0	0	1	0	0	0	4	6	0	2	6	0	0	0	0	0
1516.800	0	0	0	0	3	3	0	0	0	0	1	0	0	0	8	8	0	3	6	0	0	0	0	1
1517.000	0	0	0	0	3	10	0	0	0	0	6	0	0	0	1	4	0	2	6	0	0	0	0	1
1517.200	0	0	0	0	4	13	0	0	0	0	4	0	0	0	1	6	0	2	5	0	0	0	0	1
1517.400	0	0	0	0	2	11	0	0	0	0	4	0	0	0	1	6	0	2	5	0	0	0	0	3
1517.600	0	0	0	0	9	7	0	0	0	0	0	0	0	0	3	7	0	2	6	0	0	0	0	0
1517.800	0	0	0	0	3	0	0	0	0	0	1	0	0	0	1	5	0	2	4	0	0	0	0	0
1518.000	0	0	0	0	2	2	0	0	0	0	0	0	0	0	1	8	0	3	3	0	0	0	0	0
1518.200	0	0	0	0	1	6	0	0	0	0	1	0	0	0	3	3	0	2	3	0	0	0	0	0
1518.400	0	0	0	0	2	6	0	0	0	0	2	0	0	0	4	5	0	1	6	0	0	0	0	0
1518.600	0	0	0	0	2	7	0	0	0	0	3	0	0	0	3	6	0	1	5	0	0	0	0	0
1518.800	0	0	0	0	6	10	0	0	0	0	2	0	0	0	6	6	0	3	5	0	0	0	0	0
1519.000	0	0	0	0	3	6	0	0	0	0	4	0	0	0	5	4	0	1	4	0	0	0	0	0
1519.200	0	0	0	0	0	4	0	0	0	0	6	0	0	0	6	6	0	2	8	0	0	0	0	1
1519.400	0	0	0	0	0	10	0	0	0	0	6	0	0	0	3	6	0	3	7	0	0	0	0	0
1519.600	0	0	0	0	5	7	0	0	0	0	4	0	0	0	2	2	0	3	11	0	0	0	0	1
1519.800	0	0	0	0	3	5	0	0	0	0	4	0	0	0	7	9	0	2	5	0	0	0	0	1
1520.000	0	0	0	0	8	17	0	0	0	0	2	0	0	0	5	4	0	2	8	0	0	0	0	2
1520.200	0	0	0	0	5	14	0	0	0	0	3	0	0	0	6	5	0	3	11	0	0	0	0	2
1520.400	0	0	0	0	8	12	0	0	0	0	3	0	0	0	6	2	0	2	6	0	0	0	0	2
1520.600	0	0	0	0	5	13	0	0	0	0	4	0	0	0	5	8	0	3	6	0	0	0	0	3
1520.800	0	0	0	0	7	13	0	0	0	0	3	0	0	0	7	4	0	3	5	0	0	0	0	3
1521.000	0	0	0	0	4	13	0	0	0	0	3	0	0	0	5	7	0	2	2	0	0	0	0	8
1521.200	0	0	0	0	5	15	0	0	0	0	2	0	0	0	9	2	0	2	5	0	0	0	0	5
1521.400	0	0	0	0	5	16	0	0	0	0	4	0	0	0	5	6	0	2	9	0	0	0	0	5
1521.600	0	0	0	0	7	10	0	0	0	0	2	0	0	0	5	7	0	2	11	0	0	0	0	4
1521.800	0	0	0	0	5	14	0	0	0	0	1	0	0	0	8	4	0	2	4	0	0	0	0	3
1522.000	0	0	0	0	5	16	0	0	0	0	4	0	0	0	8	0	0	2	5	0	0	0	0	2
1522.200	0	0	0	0	6	14	0	0	0	0	1	0	0	0	2	2	0	2	2	0	0	0	0	3
1522.400	0	0	0	0	5	11	0	0	0	0	2	0	0	0	3	4	0	0	4	0	0	0	0	1
1522.600	0	0	0	0	4	8	0	0	0	0	1	0	0	0	5	4	0	2	1	0	0	0	0	0
1522.800	0	0	0	0	2	11	0	0	0	0	3	0	0	0	3	10	0	0	3	0	0	0	0	5
1523.000	0	0	0	0	8	11	0	0	0	0	0	0	0	0	3	9	0	1	9	0	0	0	0	7
1523.200	0	0	0	0	6	9	0	0	0	0	2	0	0	0	9	10	0	3	4	0	0	0	0	5
1523.400	0	0	0	0	8	11	0	0	0	0	1	0	0	0	3	9	0	3	5	0	0	0	0	3
