Time	1	2	3	4	5	6	7	8	9	10	11	12	13	14	15	16	17	18	19	20	21	22	23	24
0.000	0	0	0	0	0	0	0	0	0	0	0	0	0	0	3	0	0	0	0	0	0	0	0	0
0.200	0	0	0	0	0	0	0	0	0	0	0	0	0	0	0	0	0	0	0	0	0	0	4	8
0.400	0	0	0	0	0	0	0	0	0	0	0	0	0	0	0	0	0	0	0	0	0	0	5	6
0.600	0	0	0	0	0	0	0	0	0	0	0	0	0	0	0	0	0	0	0	0	0	0	1	0
0.800	0	0	0	0	0	0	0	0	0	0	0	0	0	0	0	0	0	0	0	0	0	0	4	6
1.000	0	0	0	0	0	0	0	0	0	0	0	0	0	0	0	0	0	0	0	0	0	0	0	5
1.200	0	0	0	0	0	0	0	0	0	0	0	0	0	0	0	0	0	0	0	0	0	0	0	4
1.400	0	0	0	0	0	0	0	0	0	0	0	0	0	0	0	0	0	0	0	0	0	0	0	2
1.600	0	0	0	0	0	0	0	0	0	0	0	0	0	0	0	0	0	0	0	0	0	0	0	8
1.800	0	0	0	0	0	0	0	0	0	0	0	0	0	0	0	0	0	0	0	0	0	0	0	0
2.000	0	0	0	0	0	0	0	0	0	0	0	0	0	0	0	0	0	0	0	0	0	0	0	10
2.200	0	0	0	0	0	0	0	0	0	0	0	0	0	0	0	0	0	0	0	0	0	0	0	8
2.400	0	0	0	0	0	0	0	0	0	0	0	0	0	0	0	0	0	0	0	0	0	0	1	10
2.600	0	0	0	0	0	0	0	0	0	0	0	0	0	0	0	0	0	0	0	0	0	0	1	0
2.800	0	0	0	0	0	0	0	0	0	0	0	0	0	0	0	0	0	0	0	0	0	0	6	0
3.000	0	0	0	0	0	0	0	0	0	0	0	0	0	0	0	0	0	0	0	0	0	0	1	0
3.200	0	0	0	0	0	0	0	0	0	0	0	0	0	0	0	0	0	0	0	0	0	0	1	1
3.400	0	0	0	0	0	0	0	0	0	0	0	0	0	0	0	0	0	0	0	0	0	0	2	2
3.600	0	0	0	0	0	0	0	0	0	0	0	0	0	0	0	0	0	0	0	0	0	0	6	3
3.800	0	0	0	0	0	0	0	0	0	0	0	0	0	0	0	0	0	0	0	0	0	0	2	2
4.000	0	0	0	0	0	0	0	0	0	0	0	0	0	0	0	0	0	0	0	0	0	0	0	3
4.200	0	0	0	0	0	0	0	0	0	0	0	0	0	0	0	0	0	0	0	0	0	0	4	2
4.400	0	0	0	0	0	0	0	0	0	0	0	0	0	0	0	0	0	0	0	0	0	0	2	3
4.600	0	0	0	0	0	0	0	0	0	0	0	0	0	0	0	0	0	0	0	0	0	0	0	3
4.800	0	0	0	0	0	0	0	0	0	0	0	0	0	0	0	0	0	0	0	0	0	0	0	5
5.000	0	0	0	0	0	0	0	0	0	0	0	0	0	0	0	0	0	0	0	0	0	0	0	3
5.200	0	0	0	0	0	0	0	0	0	0	0	0	0	0	0	0	0	0	0	0	0	0	0	2
5.400	0	0	0	0	0	0	0	0	0	0	0	0	0	0	0	0	0	0	0	0	0	0	0	5
5.600	0	0	0	0	0	0	0	0	0	0	0	0	0	0	0	0	0	0	0	0	0	0	1	5
5.800	0	0	0	0	0	0	0	0	0	0	0	0	0	0	0	0	0	0	0	0	0	0	0	1
6.000	0	0	0	0	0	0	0	0	0	0	0	0	0	0	0	0	0	0	0	5	0	0	0	4
6.200	0	0	0	0	0	0	0	0	0	0	0	0	0	0	0	0	0	0	0	7	0	0	0	3
6.400	0	0	0	0	0	0	0	0	0	0	0	0	0	0	0	0	0	0	0	4	0	0	0	3
6.600	0	0	0	0	0	0	0	0	0	0	0	0	0	0	0	0	0	0	0	6	0	0	0	4
6.800	0	0	0	0	0	0	0	0	0	0	0	0	0	0	0	0	0	0	0	4	0	0	1	2
7.000	0	0	0	0	0	0	0	0	0	0	0	0	0	0	0	0	0	0	0	4	0	0	0	3
7.200	0	0	0	0	0	0	0	0	0	0	0	0	0	0	0	0	0	0	0	6	0	0	1	3
7.400	0	0	0	0	0	0	0	0	0	0	0	0	0	0	0	0	0	0	0	2	0	0	0	4
7.600	0	0	0	0	0	0	0	0	0	0	0	0	0	0	0	0	0	0	0	6	0	0	0	5
7.800	0	0	0	0	0	0	0	0	0	0	0	0	0	0	0	0	0	0	0	5	0	0	0	2
8.000	0	0	0	0	0	0	0	0	0	0	0	0	0	0	0	0	0	0	0	6	0	0	1	3
8.200	0	0	0	0	0	0	0	0	0	0	0	0	0	0	0	0	0	0	0	2	0	0	0	2
8.400	0	0	0	0	0	0	0	0	0	0	0	0	0	0	0	0	0	0	0	4	0	0	0	3
8.600	0	0	0	0	0	0	0	0	0	0	0	0	0	0	0	0	0	0	0	2	0	0	0	2
8.800	0	0	0	0	0	0	0	0	0	0	0	0	0	0	0	0	0	0	0	5	0	0	0	4
9.000	0	0	0	0	0	0	0	0	0	0	0	0	0	0	0	0	0	0	0	4	0	0	0	4
9.200	0	0	0	0	0	0	0	0	0	0	0	0	0	0	0	0	0	0	0	10	0	0	0	2
9.400	0	0	0	0	0	0	0	0	0	0	0	0	0	0	0	0	0	0	0	3	0	0	0	4
9.600	0	0	0	0	0	0	0	0	0	0	0	0	0	0	0	0	0	0	0	4	0	0	1	1
9.800	0	0	0	0	0	0	0	0	0	0	0	0	0	0	0	0	0	0	0	6	0	0	0	4
10.000	0	0	0	0	0	0	0	0	0	0	0	0	0	0	0	0	0	0	0	8	0	0	0	4
10.200	0	0	0	0	0	0	0	0	0	0	0	0	0	0	0	0	0	0	0	6	0	0	0	4
10.400	0	0	0	0	0	0	0	0	0	0	0	0	0	0	0	0	0	0	0	5	0	0	0	2
10.600	0	0	0	0	0	0	0	0	0	0	0	0	0	0	0	0	0	0	0	6	0	0	0	3
10.800	0	0	0	0	0	0	0	0	0	0	0	0	0	0	0	0	0	0	0	4	0	0	0	2
11.000	0	0	0	0	0	0	0	0	0	0	0	0	0	0	0	0	0	0	0	2	0	0	0	2
11.200	0	0	0	0	0	0	0	0	0	0	0	0	0	0	0	0	0	0	0	0	0	0	0	4
11.400	0	0	0	0	0	0	0	0	0	0	0	0	0	0	0	0	0	0	0	6	0	0	0	2
11.600	0	0	0	0	0	0	0	0	0	0	0	0	0	0	0	0	0	0	0	3	0	0	0	4
11.800	0	0	0	0	0	0	0	0	0	0	0	0	0	0	0	0	0	0	0	5	0	0	0	2
12.000	0	0	0	0	0	0	0	0	0	0	0	0	0	0	0	0	0	0	0	2	0	0	0	4
12.200	0	0	0	0	0	0	0	0	0	0	0	0	0	0	0	0	0	0	0	4	0	0	0	3
12.400	0	0	0	0	0	0	0	0	0	0	0	0	0	0	0	0	0	0	0	2	0	0	0	3
12.600	0	0	0	0	0	0	0	0	0	0	0	0	0	0	0	0	0	0	0	3	0	0	0	4
12.800	0	0	0	0	0	0	0	0	0	0	0	0	0	0	0	0	0	0	0	2	0	0	4	3
13.000	0	0	0	0	0	0	0	0	0	0	0	0	0	0	0	0	0	0	0	3	0	0	1	3
13.200	0	0	0	0	0	0	0	0	0	0	0	0	0	0	0	0	0	0	0	2	0	0	1	3
13.400	0	0	0	0	0	0	0	0	0	0	0	0	0	0	0	0	0	0	0	0	0	0	0	3
13.600	0	0	0	0	0	0	0	0	0	0	0	0	0	0	0	0	0	0	0	0	0	0	0	3
13.800	0	0	0	0	0	0	0	0	0	0	0	0	0	0	0	0	0	0	0	2	0	0	0	5
14.000	0	0	0	0	0	0	0	0	0	0	0	0	0	0	0	0	0	0	0	2	0	0	0	1
14.200	0	0	0	0	0	0	0	0	0	0	0	0	0	0	0	0	0	0	0	1	0	0	1	5
14.400	0	0	0	0	0	0	0	0	0	0	0	0	0	0	0	0	0	0	0	4	0	0	0	6
14.600	0	0	0	0	0	0	0	0	0	0	0	0	0	0	0	0	0	0	0	2	0	0	0	7
14.800	0	0	0	0	0	0	0	0	0	0	0	0	0	0	0	0	0	0	0	7	0	0	0	6
15.000	0	0	0	0	0	0	0	0	0	0	0	0	0	0	0	0	0	0	0	1	0	0	0	2
15.200	0	0	0	0	0	0	0	0	0	0	0	0	0	0	0	0	0	0	0	0	0	0	0	8
15.400	0	0	0	0	0	0	0	0	0	0	0	0	0	0	0	0	0	0	0	0	0	0	0	8
15.600	0	0	0	0	0	0	0	0	0	0	0	0	0	0	0	0	0	0	0	0	0	0	0	3
15.800	0	0	0	0	0	0	0	0	0	0	0	0	0	0	0	0	0	0	0	0	0	0	0	6
16.000	0	0	0	0	0	0	0	0	0	0	0	0	0	0	0	0	0	0	0	1	0	0	0	7
16.200	0	0	0	0	0	0	0	0	0	0	0	0	0	0	0	0	0	0	0	4	0	0	0	7
16.400	0	0	0	0	0	0	0	0	0	0	0	0	0	0	0	0	0	0	0	4	0	0	0	4
16.600	0	0	0	0	0	0	0	0	0	0	0	0	0	0	0	0	0	0	0	7	0	0	0	4
16.800	0	0	0	0	0	0	0	0	0	0	0	0	0	0	0	0	0	0	0	7	0	0	0	10
17.000	0	0	0	0	0	0	0	0	0	0	0	0	0	0	0	0	0	0	0	5	0	0	0	2
17.200	0	0	0	0	0	0	0	0	0	0	0	0	0	0	0	0	0	0	0	2	0	0	0	6
17.400	0	0	0	0	0	0	0	0	0	0	0	0	0	0	0	0	0	0	0	0	0	0	0	9
17.600	0	0	0	0	0	0	0	0	0	0	0	0	0	0	0	0	0	0	0	0	0	0	0	4
17.800	0	0	0	0	0	0	0	0	0	0	0	0	0	0	0	0	0	0	0	0	0	0	0	4
18.000	0	0	0	0	0	0	0	0	0	0	0	0	0	0	0	0	0	0	0	0	0	0	0	5
18.200	0	0	0	0	0	0	0	0	0	0	0	0	0	0	0	0	0	0	0	5	0	0	0	4
18.400	0	0	0	0	0	0	0	0	0	0	0	0	0	0	0	0	0	0	0	4	0	0	0	4
18.600	0	0	0	0	0	0	0	0	0	0	0	0	0	0	0	0	0	0	0	2	0	0	0	5
18.800	0	0	0	0	0	0	0	0	0	0	0	0	0	0	0	0	0	0	0	2	0	0	0	5
19.000	0	0	0	0	0	0	0	0	0	0	0	0	0	0	0	0	0	0	0	9	0	0	0	7
19.200	0	0	0	0	0	0	0	0	0	0	0	0	0	0	0	0	0	0	0	9	0	0	0	7
19.400	0	0	0	0	0	0	0	0	0	0	0	0	0	0	0	0	0	0	0	6	0	0	0	5
19.600	0	0	0	0	0	0	0	0	0	0	0	0	0	0	0	0	0	0	0	4	0	0	0	7
19.800	0	0	0	0	0	0	0	0	0	0	0	0	0	0	0	0	0	0	0	3	0	0	0	6
20.000	0	0	0	0	0	0	0	0	0	0	0	0	0	0	0	0	0	0	0	3	0	0	0	3
20.200	0	0	0	0	0	0	0	0	0	0	0	0	0	0	0	0	0	0	0	1	0	0	0	3
20.400	0	0	0	0	0	0	0	0	0	0	0	0	0	0	0	0	0	0	0	5	0	0	0	1
20.600	0	0	0	0	0	0	0	0	0	0	0	0	0	0	0	0	0	0	0	2	0	0	0	7
20.800	0	0	0	0	0	0	0	0	0	0	0	0	0	0	0	0	0	0	0	2	0	0	0	10
21.000	0	0	0	0	0	0	0	0	0	0	0	0	0	0	0	0	0	0	0	2	0	0	0	1
21.200	0	0	0	0	0	0	0	0	0	0	0	0	0	0	0	0	0	0	0	5	0	0	0	7
21.400	0	0	0	0	0	0	0	0	0	0	0	0	0	0	0	0	0	0	0	3	0	0	0	5
21.600	0	0	0	0	0	0	0	0	0	0	0	0	0	0	0	0	0	0	0	0	0	0	0	3
21.800	0	0	0	0	0	0	0	0	0	0	0	0	0	0	0	0	0	1	0	0	0	0	0	3
22.000	0	0	0	0	0	0	0	0	0	0	0	0	0	0	0	0	0	1	0	0	0	0	0	4
22.200	0	0	0	0	0	0	0	0	0	0	0	0	0	0	0	0	0	0	0	0	0	0	0	2
22.400	0	0	0	0	0	0	0	0	0	0	0	0	0	0	0	0	0	1	0	0	0	0	0	2
22.600	0	0	0	0	0	0	0	0	0	0	0	0	0	0	0	0	0	0	0	0	0	0	0	0
22.800	0	0	0	0	0	0	0	0	0	0	0	0	0	0	0	0	0	1	0	0	0	0	0	3
23.000	0	0	0	0	0	0	0	0	0	0	0	0	0	0	0	0	0	0	0	0	0	0	0	6
23.200	0	0	0	0	0	0	0	0	0	0	0	0	0	0	0	0	0	0	0	1	0	0	0	5
23.400	0	0	0	0	0	0	0	0	0	0	0	0	0	0	0	0	0	1	0	0	0	0	0	2
23.600	0	0	0	0	0	0	0	0	0	0	0	0	0	0	0	0	0	0	0	4	0	0	0	6
23.800	0	0	0	0	0	0	0	0	0	0	0	0	0	0	0	0	0	0	0	1	0	0	0	7
24.000	0	0	0	0	0	0	0	0	0	0	0	0	0	0	0	0	0	0	0	1	0	0	0	6
24.200	0	0	0	0	0	0	0	0	0	0	0	0	0	0	0	0	0	0	0	4	0	0	0	5
24.400	0	0	0	0	0	0	0	0	0	0	0	0	0	0	0	0	0	0	0	3	0	0	0	0
24.600	0	0	0	0	0	0	0	0	0	0	0	0	0	0	0	0	0	0	0	3	0	0	0	6
24.800	0	0	0	0	0	0	0	0	0	0	0	0	0	0	0	0	0	0	0	3	0	0	0	5
25.000	0	0	0	0	0	0	0	0	0	0	0	0	0	0	0	0	0	1	0	1	0	0	0	5
25.200	0	0	0	0	0	0	0	0	0	0	0	0	0	0	0	0	0	1	0	1	0	0	0	4
25.400	0	0	0	0	0	0	0	0	0	0	0	0	0	0	0	0	0	1	0	0	0	0	0	3
25.600	0	0	0	0	0	0	0	0	0	0	0	0	0	0	0	0	0	0	0	0	0	0	0	6
25.800	0	0	0	0	0	0	0	0	0	0	0	0	0	0	0	0	0	0	0	0	0	0	0	5
26.000	0	0	0	0	0	0	0	0	0	0	0	0	0	0	0	0	0	0	0	0	0	0	0	4
26.200	0	0	0	0	0	0	0	0	0	0	0	0	0	0	0	0	0	0	0	0	0	0	0	6
26.400	0	0	0	0	0	0	0	0	0	0	0	0	0	0	0	0	0	1	0	0	0	0	0	4
26.600	0	0	0	0	0	0	0	0	0	0	0	0	0	0	0	0	0	0	0	4	0	0	0	5
26.800	0	0	0	0	0	0	0	0	0	0	0	0	0	0	0	0	0	0	0	1	0	0	0	5
27.000	0	0	0	0	0	0	0	0	0	0	0	0	0	0	0	0	0	0	0	0	0	0	0	3
27.200	0	0	0	0	0	0	0	0	0	0	0	0	0	0	0	0	0	0	0	0	0	0	0	2
27.400	0	0	0	0	0	0	0	0	0	0	0	0	0	0	0	0	0	0	0	4	0	0	0	2
27.600	0	0	0	0	0	0	0	0	0	0	0	0	0	0	0	0	0	0	0	4	0	0	0	1
27.800	0	0	0	0	0	0	0	0	0	0	0	0	0	0	0	0	0	0	0	2	0	0	0	1
28.000	0	0	0	0	0	0	0	0	0	0	0	0	0	0	0	0	0	0	0	5	0	0	0	2
28.200	0	0	0	0	0	0	0	0	0	0	0	0	0	0	0	0	0	1	0	2	0	0	0	2
28.400	0	0	0	0	0	0	0	0	0	0	0	0	0	0	0	0	0	0	0	3	0	0	0	5
28.600	0	0	0	0	0	0	0	0	0	0	0	0	0	0	0	0	0	0	0	3	0	0	0	2
28.800	0	0	0	0	0	0	0	0	0	0	0	0	0	0	0	0	0	0	0	2	0	0	0	0
29.000	0	0	0	0	0	0	0	0	0	0	0	0	0	0	0	0	0	0	0	0	0	0	0	2
29.200	0	0	0	0	0	0	0	0	0	0	0	0	0	0	0	0	0	0	0	5	0	0	0	4
29.400	0	0	0	0	0	0	0	0	0	0	0	0	0	0	0	0	0	0	0	3	0	0	0	4
29.600	0	0	0	0	0	0	0	0	0	0	0	0	0	0	0	0	0	0	0	0	0	0	0	7
29.800	0	0	0	0	0	0	0	0	0	0	0	0	0	0	0	0	0	0	0	1	0	0	0	5
30.000	0	0	0	0	0	0	0	0	0	0	0	0	0	0	0	0	0	0	0	7	0	0	0	5
30.200	0	0	0	0	0	0	0	0	0	0	0	0	0	0	0	0	0	0	0	7	0	0	0	6
30.400	0	0	0	0	0	0	0	0	0	0	0	0	0	0	0	0	0	0	0	1	0	0	0	5
30.600	0	0	0	0	0	0	0	0	0	0	0	0	0	0	0	0	0	0	0	3	0	0	0	6
30.800	0	0	0	0	0	0	0	0	0	0	0	0	0	0	0	0	0	0	0	0	0	0	0	0
31.000	0	0	0	0	0	0	0	0	0	0	0	0	0	0	0	0	0	0	0	0	0	0	0	3
31.200	0	0	0	0	0	0	0	0	0	0	0	0	0	0	0	0	0	0	0	0	0	0	0	4
31.400	0	0	0	0	0	0	0	0	0	0	0	0	0	0	0	0	0	0	0	0	0	0	0	3
31.600	0	0	0	0	0	0	0	0	0	0	0	0	0	0	0	0	0	0	0	0	0	0	0	1
31.800	0	0	0	0	0	0	0	0	0	0	0	0	0	0	0	0	0	0	0	0	0	0	0	3
32.000	0	0	0	0	0	0	0	0	0	0	0	0	0	0	0	0	0	0	0	0	0	0	0	2
32.200	0	0	0	0	0	0	0	0	0	0	0	0	0	0	0	0	0	0	0	0	0	0	0	1
32.400	0	0	0	0	0	0	0	0	0	0	0	0	0	0	0	0	0	0	0	0	0	0	2	1
32.600	0	0	0	0	0	0	0	0	0	0	0	0	0	0	0	0	0	0	0	0	0	0	3	1
32.800	0	0	0	0	0	0	0	0	0	0	0	0	0	0	0	0	0	0	0	0	0	0	0	2
33.000	0	0	0	0	0	0	0	0	0	0	0	0	0	0	0	0	0	0	0	0	0	0	0	2
33.200	0	0	0	0	0	0	0	0	0	0	0	0	0	0	0	0	0	0	0	0	0	0	0	4
33.400	0	0	0	0	0	0	0	0	0	0	0	0	0	0	0	0	0	0	0	0	0	0	0	1
33.600	0	0	0	0	0	0	0	0	0	0	0	0	0	0	0	0	0	0	0	0	0	0	0	0
33.800	0	0	0	0	0	0	0	0	0	0	0	0	0	0	0	0	0	0	0	2	0	0	0	0
34.000	0	0	0	0	0	0	0	0	0	0	0	0	0	0	0	0	0	0	0	0	0	0	0	0
34.200	0	0	0	0	0	0	0	0	0	0	0	0	0	0	0	0	0	0	0	4	0	0	0	4
34.400	0	0	0	0	0	0	0	0	0	0	0	0	0	0	0	0	0	0	0	0	0	0	0	4
34.600	0	0	0	0	0	0	0	0	0	0	0	0	0	0	0	0	0	0	0	0	0	0	0	2
34.800	0	0	0	0	0	0	0	0	0	0	0	0	0	0	0	0	0	0	0	0	0	0	0	8
35.000	0	0	0	0	0	0	0	0	0	0	0	0	0	0	0	0	0	0	0	0	0	0	0	3
35.200	0	0	0	0	0	0	0	0	0	0	0	0	0	0	0	0	0	0	0	0	0	0	0	5
35.400	0	0	0	0	0	0	0	0	0	0	0	0	0	0	0	0	0	0	0	0	0	0	0	7
35.600	0	0	0	0	0	0	0	0	0	0	0	0	0	0	0	0	0	0	0	0	0	0	0	5
35.800	0	0	0	0	0	0	0	0	0	0	0	0	0	0	0	0	0	0	0	2	0	0	0	4
36.000	0	0	0	0	0	0	0	0	0	0	0	0	0	0	0	0	0	0	0	0	0	0	0	6
36.200	0	0	0	0	0	0	0	0	0	0	0	0	0	0	0	0	0	0	0	0	0	0	0	5
36.400	0	0	0	0	0	0	0	0	0	0	0	0	0	0	0	0	0	0	0	0	0	0	0	5
36.600	0	0	0	0	0	0	0	0	0	0	0	0	0	0	0	0	0	0	0	0	0	0	0	4
36.800	0	0	0	0	0	0	0	0	0	0	0	0	0	0	0	0	0	0	0	0	0	0	0	1
37.000	0	0	0	0	0	0	0	0	0	0	0	0	0	0	0	0	0	0	0	0	0	0	0	5
37.200	0	0	0	0	0	0	0	0	0	0	0	0	0	0	0	0	0	0	0	4	0	0	0	2
37.400	0	0	0	0	0	0	0	0	0	0	0	0	0	0	0	0	0	0	0	6	0	0	0	3
37.600	0	0	0	0	0	0	0	0	0	0	0	0	0	0	0	0	0	0	0	9	0	0	0	9
37.800	0	0	0	0	0	0	0	0	0	0	0	0	0	0	0	0	0	0	0	8	0	0	0	5
38.000	0	0	0	0	0	0	0	0	0	0	0	0	0	0	0	0	0	0	0	6	0	0	0	5
38.200	0	0	0	0	0	0	0	0	0	0	0	0	0	0	0	0	0	0	0	2	0	0	0	4
38.400	0	0	0	0	0	0	0	0	0	0	0	0	0	0	0	0	0	0	0	2	0	0	0	0
38.600	0	0	0	0	0	0	0	0	0	0	0	0	0	0	0	0	0	0	0	1	0	0	0	6
38.800	0	0	0	0	0	0	0	0	0	0	0	0	0	0	0	0	0	0	0	0	0	0	0	6
39.000	0	0	0	0	0	0	0	0	0	0	0	0	0	0	0	0	0	0	0	0	0	0	0	4
39.200	0	0	0	0	0	0	0	0	0	0	0	0	0	0	0	0	0	0	0	0	0	0	0	8
39.400	0	0	0	0	0	0	0	0	0	0	0	0	0	0	0	0	0	0	0	0	0	0	0	5
39.600	0	0	0	0	0	0	0	0	0	0	0	0	0	0	0	0	0	0	0	0	0	0	0	3
39.800	0	0	0	0	0	0	0	0	0	0	0	0	0	0	0	0	0	0	0	0	0	0	0	8
40.000	0	0	0	0	0	0	0	0	0	0	0	0	0	0	0	0	0	0	0	0	0	0	0	1
40.200	0	0	0	0	0	0	0	0	0	0	0	0	0	0	0	0	0	0	0	0	0	0	0	7
40.400	0	0	0	0	0	0	0	0	0	0	0	0	0	0	0	0	0	0	0	0	0	0	0	8
40.600	0	0	0	0	0	0	0	0	0	0	0	0	0	0	0	0	0	0	0	0	0	0	0	5
40.800	0	0	0	0	0	0	0	0	0	0	0	0	0	0	0	0	0	0	0	0	0	0	0	5
41.000	0	0	0	0	0	0	0	0	0	0	0	0	0	0	0	0	0	0	0	0	0	0	0	6
41.200	0	0	0	0	0	0	0	0	0	0	0	0	0	0	0	0	0	0	0	0	0	0	0	6
41.400	0	0	0	0	0	0	0	0	0	0	0	0	0	0	0	0	0	0	0	0	0	0	0	2
41.600	0	0	0	0	0	0	0	0	0	0	0	0	0	0	0	0	0	0	0	0	0	0	0	4
41.800	0	0	0	0	0	0	0	0	0	0	0	0	0	0	0	0	0	0	0	0	0	0	0	2
42.000	0	0	0	0	0	0	0	0	0	0	0	0	0	0	0	0	0	0	0	0	0	0	0	1
42.200	0	0	0	0	0	0	0	0	0	0	0	0	0	0	0	0	0	0	0	0	0	0	0	4
42.400	0	0	0	0	0	0	0	0	0	0	0	0	0	0	0	0	0	0	0	0	0	0	0	5
42.600	0	0	0	0	0	0	0	0	0	0	0	0	0	0	0	0	0	0	0	0	0	0	0	2
42.800	0	0	0	0	0	0	0	0	0	0	0	0	0	0	0	0	0	0	0	0	0	0	0	2
43.000	0	0	0	0	0	0	0	0	0	0	0	0	0	0	0	0	0	0	0	0	0	0	0	4
43.200	0	0	0	0	0	0	0	0	0	0	0	0	0	0	0	0	0	0	0	0	0	0	0	6
43.400	0	0	0	0	0	0	0	0	0	0	0	0	0	0	0	0	0	0	0	0	0	0	0	6
43.600	0	0	0	0	0	0	0	0	0	0	0	0	0	0	0	0	0	0	0	0	0	0	0	2
43.800	0	0	0	0	0	0	0	0	0	0	0	0	0	0	0	0	0	0	0	0	0	0	0	7
44.000	0	0	0	0	0	0	0	0	0	0	0	0	0	0	0	0	0	0	0	0	0	0	0	5
44.200	0	0	0	0	0	0	0	0	0	0	0	0	0	0	0	0	0	0	0	0	0	0	0	4
44.400	0	0	0	0	0	0	0	0	0	0	0	0	0	0	0	0	0	0	0	0	0	0	0	3
44.600	0	0	0	0	0	0	0	0	0	0	0	0	0	0	0	0	0	0	0	0	0	0	0	4
44.800	0	0	0	0	0	0	0	0	0	0	0	0	0	0	0	0	0	0	0	0	0	0	0	2
45.000	0	0	0	0	0	0	0	0	0	0	0	0	0	0	0	0	0	0	0	0	0	0	0	1
45.200	0	0	0	0	0	0	0	0	0	0	0	0	0	0	0	0	0	0	0	0	0	0	0	1
45.400	0	0	0	0	0	0	0	0	0	0	0	0	0	0	0	0	0	0	0	0	0	0	0	1
45.600	0	0	0	0	0	0	0	0	0	0	0	0	0	0	0	0	0	0	0	0	0	0	0	1
45.800	0	0	0	0	0	0	0	0	0	0	0	0	0	0	0	0	0	0	0	0	0	0	0	0
46.000	0	0	0	0	0	0	0	0	0	0	0	0	0	0	0	0	0	0	0	0	0	0	0	1
46.200	0	0	0	0	0	0	0	0	0	0	0	0	0	0	0	0	0	0	0	0	0	0	0	0
46.400	0	0	0	0	0	0	0	0	0	0	0	0	0	0	0	0	0	0	0	0	0	0	0	1
46.600	0	0	0	0	0	0	0	0	0	0	0	0	0	0	0	0	0	0	0	0	0	0	0	1
46.800	0	0	0	0	0	0	0	0	0	0	0	0	0	0	0	0	0	0	0	0	0	0	0	0
47.000	0	0	0	0	0	0	0	0	0	0	0	0	0	0	0	0	0	0	0	0	0	0	0	2
47.200	0	0	0	0	0	0	0	0	0	0	0	0	0	0	0	0	0	0	0	0	0	0	0	1
47.400	0	0	0	0	0	0	0	0	0	0	0	0	0	0	0	0	0	0	0	0	0	0	0	1
47.600	0	0	0	0	0	0	0	0	0	0	0	0	0	0	0	0	0	0	0	0	0	0	0	2
47.800	0	0	0	0	0	0	0	0	0	0	0	0	0	0	0	0	0	0	0	0	0	0	0	2
48.000	0	0	0	0	0	0	0	0	0	0	0	0	0	0	0	0	0	0	0	0	0	0	0	1
48.200	0	0	0	0	0	0	0	0	0	0	0	0	0	0	0	0	0	0	0	0	0	0	0	1
48.400	0	0	0	0	0	0	0	0	0	0	0	0	0	0	0	0	0	0	0	0	0	0	0	5
48.600	0	0	0	0	0	0	0	0	0	0	0	0	0	0	0	0	0	0	0	0	0	0	0	2
48.800	0	0	0	0	0	0	0	0	0	0	0	0	0	0	0	0	0	0	0	0	0	0	0	2
49.000	0	0	0	0	0	0	0	0	0	0	0	0	0	0	0	0	0	0	0	0	0	0	0	1
49.200	0	0	0	0	0	0	0	0	0	0	0	0	0	0	0	0	0	0	0	0	0	0	0	4
49.400	0	0	0	0	0	0	0	0	0	0	0	0	0	0	0	0	0	0	0	0	0	0	0	3
49.600	0	0	0	0	0	0	0	0	0	0	0	0	0	0	0	0	0	0	0	0	0	0	0	3
49.800	0	0	0	0	0	0	0	0	0	0	0	0	0	0	0	0	0	0	0	0	0	0	0	2
50.000	0	0	0	0	0	0	0	0	0	0	0	0	0	0	0	0	0	0	0	0	0	0	0	0
50.200	0	0	0	0	0	0	0	0	0	0	0	0	0	0	0	0	0	0	0	1	0	0	0	2
50.400	0	0	0	0	0	0	0	0	0	0	0	0	0	0	0	0	0	0	0	2	0	0	0	2
50.600	0	0	0	0	0	0	0	0	0	0	0	0	0	0	0	0	0	0	0	6	0	0	0	1
50.800	0	0	0	0	0	0	0	0	0	0	0	0	0	0	0	0	0	0	0	7	0	0	0	1
51.000	0	0	0	0	0	0	0	0	0	0	0	0	0	0	0	0	0	0	0	2	0	0	0	1
51.200	0	0	0	0	0	0	0	0	0	0	0	0	0	0	0	0	0	0	0	2	0	0	0	0
51.400	0	0	0	0	0	0	0	0	0	0	0	0	0	0	0	0	0	0	0	4	0	0	0	0
51.600	0	0	0	0	0	0	0	0	0	0	0	0	0	0	0	0	0	0	0	2	0	0	0	1
51.800	0	0	0	0	0	0	0	0	0	0	0	0	0	0	0	0	0	0	0	2	0	0	0	1
52.000	0	0	0	0	0	0	0	0	0	0	0	0	0	0	0	0	0	0	0	4	0	0	0	1
52.200	0	0	0	0	0	0	0	0	0	0	0	0	0	0	0	0	0	0	0	6	0	0	0	1
52.400	0	0	0	0	0	0	0	0	0	0	0	0	0	0	0	0	0	0	0	6	0	0	0	0
52.600	0	0	0	0	0	0	0	0	0	0	0	0	0	0	0	0	0	0	0	4	0	0	0	1
52.800	0	0	0	0	0	0	0	0	0	0	0	0	0	0	0	0	0	0	0	6	0	0	0	1
53.000	0	0	0	0	0	0	0	0	0	0	0	0	0	0	0	0	0	0	0	6	0	0	0	2
53.200	0	0	0	0	0	0	0	0	0	0	0	0	0	0	0	0	0	0	0	6	0	0	0	0
53.400	0	0	0	0	0	0	0	0	0	0	0	0	0	0	0	0	0	0	0	2	0	0	0	1
53.600	0	0	0	0	0	0	0	0	0	0	0	0	0	0	0	0	0	0	0	3	0	0	0	3
53.800	0	0	0	0	0	0	0	0	0	0	0	0	0	0	0	0	0	0	0	2	0	0	0	1
54.000	0	0	0	0	0	0	0	0	0	0	0	0	0	0	0	0	0	0	0	5	0	0	0	2
54.200	0	0	0	0	0	0	0	0	0	0	0	0	0	0	0	0	0	0	0	6	0	0	0	0
54.400	0	0	0	0	0	0	0	0	0	0	0	0	0	0	0	0	0	0	0	6	0	0	0	0
54.600	0	0	0	0	0	0	0	0	0	0	0	0	0	0	0	0	0	0	0	6	0	0	0	1
54.800	0	0	0	0	0	0	0	0	0	0	0	0	0	0	0	0	0	0	0	2	0	0	0	0
55.000	0	0	0	0	0	0	0	0	0	0	0	0	0	0	0	0	0	0	0	6	0	0	0	2
55.200	0	0	0	0	0	0	0	0	0	0	0	0	0	0	0	0	0	0	0	4	0	0	0	0
55.400	0	0	0	0	0	0	0	0	0	0	0	0	0	0	0	0	0	0	0	1	0	0	0	0
55.600	0	0	0	0	0	0	0	0	0	0	0	0	0	0	0	0	0	0	0	5	0	0	0	1
55.800	0	0	0	0	0	0	0	0	0	0	0	0	0	0	0	0	0	0	0	4	0	0	0	1
56.000	0	0	0	0	0	0	0	0	0	0	0	0	0	0	0	0	0	0	0	4	0	0	0	1
56.200	0	0	0	0	0	0	0	0	0	0	0	0	0	0	0	0	0	0	0	3	0	0	0	4
56.400	0	0	0	0	0	0	0	0	0	0	0	0	0	0	0	0	0	0	0	3	0	0	0	1
56.600	0	0	0	0	0	0	0	0	0	0	0	0	0	0	0	0	0	0	0	4	0	0	0	0
56.800	0	0	0	0	0	0	0	0	0	0	0	0	0	0	0	0	0	0	0	3	0	0	0	2
57.000	0	0	0	0	0	0	0	0	0	0	0	0	0	0	0	0	0	0	0	0	0	0	0	0
57.200	0	0	0	0	0	0	0	0	0	0	0	0	0	0	0	0	0	0	0	0	0	0	0	1
57.400	0	0	0	0	0	0	0	0	0	0	0	0	0	0	0	0	0	0	0	0	0	0	0	0
57.600	0	0	0	0	0	0	0	0	0	0	0	0	0	0	0	0	0	0	0	0	0	0	0	2
57.800	0	0	0	0	0	0	0	0	0	0	0	0	0	0	0	0	0	0	0	0	0	0	0	1
58.000	0	0	0	0	0	0	0	0	0	0	0	0	0	0	0	0	0	0	0	0	0	0	0	2
58.200	0	0	0	0	0	0	0	0	0	0	0	0	0	0	0	0	0	0	0	0	0	0	0	0
58.400	0	0	0	0	0	0	0	0	0	0	0	0	0	0	0	0	0	0	0	0	0	0	0	1
58.600	0	0	0	0	0	0	0	0	0	0	0	0	0	0	0	0	0	0	0	0	0	0	0	0
58.800	0	0	0	0	0	0	0	0	0	0	0	0	0	0	0	0	0	0	0	0	0	0	0	0
59.000	0	0	0	0	0	0	0	0	0	0	0	0	0	0	0	0	0	0	0	0	0	0	0	0
59.200	0	0	0	0	0	0	0	0	0	0	0	0	0	0	0	0	0	0	0	0	0	0	0	0
59.400	0	0	0	0	0	0	0	0	0	0	0	0	0	0	0	0	0	0	0	0	0	0	0	1
59.600	0	0	0	0	0	0	0	0	0	0	0	0	0	0	0	0	0	0	0	0	0	0	0	1
59.800	0	0	0	0	0	0	0	0	0	0	0	0	0	0	0	0	0	0	0	0	0	0	0	1
60.000	0	0	0	0	0	0	0	0	0	0	0	0	0	0	0	0	0	0	0	0	0	0	0	2
60.200	0	0	0	0	0	0	0	0	0	0	0	0	0	0	0	0	0	0	0	0	0	0	0	0
60.400	0	0	0	0	0	0	0	0	0	0	0	0	0	0	0	0	0	0	0	0	0	0	0	0
60.600	0	0	0	0	0	0	0	0	0	0	0	0	0	0	0	0	0	0	0	1	0	0	0	1
60.800	0	0	0	0	0	0	0	0	0	0	0	0	0	0	0	0	0	0	0	8	0	0	0	0
61.000	0	0	0	0	0	0	0	0	0	0	0	0	0	0	0	0	0	0	0	5	0	0	0	2
61.200	0	0	0	0	0	0	0	0	0	0	0	0	0	0	0	0	0	0	0	5	0	0	0	3
61.400	0	0	0	0	0	0	0	0	0	0	0	0	0	0	0	0	0	0	0	6	0	0	0	5
61.600	0	0	0	0	0	0	0	0	0	0	0	0	0	0	0	0	0	0	0	6	0	0	0	6
61.800	0	0	0	0	0	0	0	0	0	0	0	0	0	0	0	0	0	0	0	0	0	0	0	4
62.000	0	0	0	0	0	0	0	0	0	0	0	0	0	0	0	0	0	0	0	4	0	0	0	4
62.200	0	0	0	0	0	0	0	0	0	0	0	0	0	0	0	0	0	0	0	3	0	0	0	4
62.400	0	0	0	0	0	0	0	0	0	0	0	0	0	0	0	0	0	0	0	0	0	0	0	4
62.600	0	0	0	0	0	0	0	0	0	0	0	0	0	0	0	0	0	0	0	0	0	0	0	5
62.800	0	0	0	0	0	0	0	0	0	0	0	0	0	0	0	0	0	0	0	0	0	0	0	4
63.000	0	0	0	0	0	0	0	0	0	0	0	0	0	0	0	0	0	0	0	0	0	0	0	5
63.200	0	0	0	0	0	0	0	0	0	0	0	0	0	0	0	0	0	0	0	0	0	0	0	6
63.400	0	0	0	0	0	0	0	0	0	0	0	0	0	0	0	0	0	0	0	0	0	0	0	4
63.600	0	0	0	0	0	0	0	0	0	0	0	0	0	0	0	0	0	0	0	0	0	0	0	6
63.800	0	0	0	0	0	0	0	0	0	0	0	0	0	0	0	0	0	0	0	0	0	0	0	6
64.000	0	0	0	0	0	0	0	0	0	0	0	0	0	0	0	0	0	0	0	1	0	0	0	6
64.200	0	0	0	0	0	0	0	0	0	0	0	0	0	0	0	0	0	0	0	8	7	0	0	10
64.400	0	0	0	0	0	0	0	0	0	0	0	0	0	0	0	0	0	0	0	4	2	0	0	8
64.600	0	0	0	0	0	0	0	0	0	0	0	0	0	0	0	0	0	0	0	4	2	0	0	7
64.800	0	0	0	0	0	0	0	0	0	0	0	0	0	0	0	0	0	0	0	7	3	0	0	13
65.000	0	0	0	0	0	0	0	0	0	0	0	0	0	0	0	0	0	0	0	9	1	0	0	12
65.200	0	0	0	0	0	0	0	0	0	0	0	0	0	0	0	0	0	0	0	6	7	0	0	16
65.400	0	0	0	0	0	0	0	0	0	0	0	0	0	0	0	0	0	0	0	6	2	0	0	8
65.600	0	0	0	0	0	0	0	0	0	0	0	0	0	0	0	0	0	0	0	3	1	0	0	13
65.800	0	0	0	0	0	0	0	0	0	0	0	0	0	0	0	0	0	0	0	5	2	0	0	7
66.000	0	0	0	0	0	0	0	0	0	0	0	0	0	0	0	0	0	0	0	3	3	0	0	5
66.200	0	0	0	0	0	0	0	0	0	0	0	0	0	0	0	0	0	0	0	9	9	0	0	10
66.400	0	0	0	0	0	0	0	0	0	0	0	0	0	0	0	0	0	0	0	9	4	0	0	6
66.600	0	0	0	0	0	0	0	0	0	0	0	0	0	0	0	0	0	0	0	5	9	0	0	8
66.800	0	0	0	0	0	0	0	0	0	0	0	0	0	0	0	0	0	0	0	6	6	0	0	11
67.000	0	0	0	0	0	0	0	0	0	0	0	0	0	0	0	0	0	0	0	5	7	0	0	13
67.200	0	0	0	0	0	0	0	0	0	0	0	0	0	0	0	0	0	0	0	10	7	0	0	9
67.400	0	0	0	0	0	0	0	0	0	0	0	0	0	0	0	0	0	0	0	5	5	0	0	11
67.600	0	0	0	0	0	0	0	0	0	0	0	0	0	0	0	0	0	0	0	8	9	0	0	10
67.800	0	0	0	0	0	0	0	0	0	0	0	0	0	0	0	0	0	0	0	5	2	0	0	8
68.000	0	0	0	0	0	0	0	0	0	0	0	0	0	0	0	0	0	0	0	9	9	0	0	9
68.200	0	0	0	0	0	0	0	0	0	0	0	0	0	0	0	0	0	0	0	10	7	0	0	7
68.400	0	0	0	0	0	0	0	0	0	0	0	0	0	0	0	0	0	0	0	10	7	0	0	8
68.600	0	0	0	0	0	0	0	0	0	0	0	0	0	0	0	0	0	0	0	7	1	0	0	7
68.800	0	0	0	0	0	0	0	0	0	0	0	0	0	0	0	0	0	0	0	4	3	0	0	7
69.000	0	0	0	0	0	0	0	0	0	0	0	0	0	0	0	0	0	0	0	6	3	0	0	6
69.200	0	0	0	0	0	0	0	0	0	0	0	0	0	0	0	0	0	0	0	6	7	0	0	8
69.400	0	0	0	0	0	0	0	0	0	0	0	0	0	0	0	0	0	0	0	4	2	0	0	10
69.600	0	0	0	0	0	0	0	0	0	0	0	0	0	0	0	0	0	0	0	9	5	0	0	8
69.800	0	0	0	0	0	0	0	0	0	0	0	0	0	0	0	0	0	0	0	8	0	0	0	7
70.000	0	0	0	0	0	0	0	0	0	0	0	0	0	0	0	0	0	0	0	6	0	0	0	7
70.200	0	0	0	0	0	0	0	0	0	0	0	0	0	0	0	0	0	0	0	5	3	0	0	6
70.400	0	0	0	0	0	0	0	0	0	0	0	0	0	0	0	0	0	0	0	9	4	0	0	5
70.600	0	0	0	0	0	0	0	0	0	0	0	0	0	0	0	0	0	0	1	6	4	0	0	9
70.800	0	0	0	0	0	0	0	0	0	0	0	0	0	0	0	0	0	0	0	4	7	0	0	4
71.000	0	0	0	0	0	0	0	0	0	0	0	0	0	0	0	0	0	0	1	12	7	0	0	8
71.200	0	0	0	0	0	0	0	0	0	0	0	0	0	0	0	0	0	0	1	10	9	0	0	12
71.400	0	0	0	0	0	0	0	0	0	0	0	0	0	0	0	0	0	0	1	10	9	0	0	13
71.600	0	0	0	0	0	0	0	0	0	0	0	0	0	0	0	0	0	0	1	8	8	0	0	7
71.800	0	0	0	0	0	0	0	0	0	0	0	0	0	0	0	0	0	0	1	9	7	0	0	10
72.000	0	0	0	0	0	0	0	0	0	0	0	0	0	0	0	0	0	0	1	11	6	0	0	7
72.200	0	0	0	0	0	0	0	0	0	0	0	0	0	0	0	0	0	0	1	9	9	0	0	8
72.400	0	0	0	0	0	0	0	0	0	0	0	0	0	0	0	0	0	0	1	9	10	0	0	12
72.600	0	0	0	0	0	0	0	0	0	0	0	0	0	0	0	0	0	0	1	6	8	0	0	7
72.800	0	0	0	0	0	0	0	0	0	0	0	0	0	0	0	0	0	0	1	9	4	0	0	7
73.000	0	0	0	0	0	0	0	0	0	0	0	0	0	0	0	0	0	0	1	11	8	0	0	5
73.200	0	0	0	0	0	0	0	0	0	0	0	0	0	0	0	0	0	0	1	9	4	0	0	8
73.400	0	0	0	0	0	0	0	0	0	0	0	0	0	0	0	0	0	0	1	12	6	0	0	6
73.600	0	0	0	0	0	0	0	0	0	0	0	0	0	0	0	0	0	0	1	12	10	0	0	8
73.800	0	0	0	0	0	0	0	0	0	0	0	0	0	0	0	0	0	0	0	14	7	0	0	8
74.000	0	0	0	0	0	0	0	0	0	0	0	0	0	0	0	0	0	0	0	11	8	0	0	8
74.200	0	0	0	0	0	0	0	0	0	0	0	0	0	0	0	0	0	0	1	12	7	0	0	11
74.400	0	0	0	0	0	0	0	0	0	0	0	0	0	0	0	0	0	0	0	8	2	0	0	7
74.600	0	0	0	0	0	0	0	0	0	0	0	0	0	0	0	0	0	0	1	10	5	0	0	8
74.800	0	0	0	0	0	0	0	0	0	0	0	0	0	0	0	0	0	0	1	7	3	0	0	7
75.000	0	0	0	0	0	0	0	0	0	0	0	0	0	0	0	0	0	0	1	13	9	0	0	7
75.200	0	0	0	0	0	0	0	0	0	0	0	0	0	0	0	0	0	0	0	11	5	0	0	7
75.400	0	0	0	0	0	0	0	0	0	0	0	0	0	0	0	0	0	0	1	8	5	0	0	7
75.600	0	0	0	0	0	0	0	0	0	0	0	0	0	0	0	0	0	0	1	11	7	0	0	9
75.800	0	0	0	0	0	0	0	0	0	0	0	0	0	0	0	0	0	0	1	14	8	0	0	8
76.000	0	0	0	0	0	0	0	0	0	0	0	0	0	0	0	0	0	0	1	8	7	0	0	8
76.200	0	0	0	0	0	0	0	0	0	0	0	0	0	0	0	0	0	0	1	8	5	0	0	8
76.400	0	0	0	0	0	0	0	0	0	0	0	0	0	0	0	0	0	0	1	10	6	0	0	9
76.600	0	0	0	0	0	0	0	0	0	0	0	0	0	0	0	0	0	0	1	3	7	0	0	5
76.800	0	0	0	0	0	0	0	0	0	0	0	0	0	0	0	0	0	0	0	2	4	0	0	6
77.000	0	0	0	0	0	0	0	0	0	0	0	0	0	0	0	0	0	0	1	1	3	0	0	10
77.200	0	0	0	0	0	0	0	0	0	0	0	0	0	0	0	0	0	0	2	0	0	0	0	8
77.400	0	0	0	0	0	0	0	0	0	0	0	0	0	0	0	0	0	0	1	4	0	0	0	8
77.600	0	0	0	0	0	0	0	0	0	0	0	0	0	0	0	0	0	0	1	2	0	0	0	11
77.800	0	0	0	0	0	0	0	0	0	0	0	0	0	0	0	0	0	0	0	5	8	0	0	7
78.000	0	0	0	0	0	0	0	0	0	0	0	0	0	0	0	0	0	0	1	1	6	0	0	8
78.200	0	0	0	0	0	0	0	0	0	0	0	0	0	0	0	0	0	0	1	2	2	0	0	8
78.400	0	0	0	0	0	0	0	0	0	0	0	0	0	0	0	0	0	0	1	2	4	0	0	7
78.600	0	0	0	0	0	0	0	0	0	0	0	0	0	0	0	0	0	0	1	4	1	0	0	8
78.800	0	0	0	0	0	0	0	0	0	0	0	0	0	0	0	0	0	0	1	5	7	0	0	7
79.000	0	0	0	0	0	0	0	0	0	0	0	0	0	0	0	0	0	0	1	5	6	0	0	10
79.200	0	0	0	0	0	0	0	0	0	0	0	0	0	0	0	0	0	0	1	7	8	0	0	7
79.400	0	0	0	0	0	0	0	0	0	0	0	0	0	0	0	0	0	0	1	5	10	0	0	8
79.600	0	0	0	0	0	0	0	0	0	0	0	0	0	0	0	0	0	0	1	4	9	0	0	8
79.800	0	0	0	0	0	0	0	0	0	0	0	0	0	0	0	0	0	0	1	5	9	0	0	3
80.000	0	0	0	0	0	0	0	0	0	0	0	0	0	0	0	0	0	0	1	4	5	0	0	7
80.200	0	0	0	0	0	0	0	0	0	0	0	0	0	0	0	0	0	0	1	5	8	0	0	8
80.400	0	0	0	0	0	0	0	0	0	0	0	0	0	0	0	0	0	0	1	4	9	0	0	6
80.600	0	0	0	0	0	0	0	0	0	0	0	0	0	0	0	0	0	0	2	1	9	0	0	1
80.800	0	0	0	0	0	0	0	0	0	0	0	0	0	0	0	0	0	0	1	7	9	0	0	8
81.000	0	0	0	0	0	0	0	0	0	0	0	0	0	0	0	0	0	0	1	5	10	0	0	6
81.200	0	0	0	0	0	0	0	0	0	0	0	0	0	0	0	0	0	0	1	2	7	0	0	8
81.400	0	0	0	0	0	0	0	0	0	0	0	0	0	0	0	0	0	0	1	3	8	0	0	6
81.600	0	0	0	0	0	0	0	0	0	0	0	0	0	0	0	0	0	0	1	7	9	0	0	5
81.800	0	0	0	0	0	0	0	0	0	0	0	0	0	0	0	0	0	0	1	2	5	0	0	5
82.000	0	0	0	0	0	0	0	0	0	0	0	0	0	0	0	0	0	0	1	2	3	0	0	8
82.200	0	0	0	0	0	0	0	0	0	0	0	0	0	0	0	0	0	0	1	3	10	0	0	7
82.400	0	0	0	0	0	0	0	0	0	0	0	0	0	0	0	0	0	0	1	1	10	0	0	8
82.600	0	0	0	0	0	0	0	0	0	0	0	0	0	0	0	0	0	0	1	5	9	0	0	6
82.800	0	0	0	0	0	0	0	0	0	0	0	0	0	0	0	0	0	0	1	2	9	0	0	5
83.000	0	0	0	0	0	0	0	0	0	0	0	0	0	0	0	0	0	0	1	5	11	0	0	6
83.200	0	0	0	0	0	0	0	0	0	0	0	0	0	0	0	0	0	0	1	6	11	0	0	7
83.400	0	0	0	0	0	0	0	0	0	0	0	0	0	0	0	0	0	0	1	1	5	0	0	6
83.600	0	0	0	0	0	0	0	0	0	0	0	0	0	0	0	0	0	0	1	5	10	0	0	7
83.800	0	0	0	0	0	0	0	0	0	0	0	0	0	0	0	0	0	0	1	5	4	0	0	8
84.000	0	0	0	0	0	0	0	0	0	0	0	0	0	0	0	0	0	0	1	5	8	0	0	9
84.200	0	0	0	0	0	0	0	0	0	0	0	0	0	0	0	0	0	0	1	5	9	0	0	8
84.400	0	0	0	0	0	0	0	0	0	0	0	0	0	0	0	0	0	0	1	5	9	0	0	9
84.600	0	0	0	0	0	0	0	0	0	0	0	0	0	0	0	0	0	0	1	5	7	0	0	5
84.800	0	0	0	0	0	0	0	0	0	0	0	0	0	0	0	0	0	0	1	3	7	0	0	7
85.000	0	0	0	0	0	0	0	0	0	0	0	0	0	0	0	0	0	0	1	5	7	0	0	7
85.200	0	0	0	0	0	0	0	0	0	0	0	0	0	0	0	0	0	0	1	5	6	0	0	4
85.400	0	0	0	0	0	0	0	0	0	0	0	0	0	0	0	0	0	0	1	5	9	0	0	4
85.600	0	0	0	0	0	0	0	0	0	0	0	0	0	0	0	0	0	0	1	3	8	0	0	6
85.800	0	0	0	0	0	0	0	0	0	0	0	0	0	0	0	0	0	0	1	5	8	0	0	8
86.000	0	0	0	0	0	0	0	0	0	0	0	0	0	0	0	0	0	0	1	5	11	0	0	5
86.200	0	0	0	0	0	0	0	0	0	0	0	0	0	0	0	0	0	0	1	5	9	0	0	8
86.400	0	0	0	0	0	0	0	0	0	0	0	0	0	0	0	0	0	0	1	6	9	0	0	7
86.600	0	0	0	0	0	0	0	0	0	0	0	0	0	0	0	0	0	0	1	4	10	0	0	6
86.800	0	0	0	0	0	0	0	0	0	0	0	0	0	0	0	0	0	0	1	6	5	0	0	7
87.000	0	0	0	0	0	0	0	0	0	0	0	0	0	0	0	0	0	0	1	5	11	0	0	11
87.200	0	0	0	0	0	0	0	0	0	0	0	0	0	0	0	0	0	0	1	5	9	0	0	8
87.400	0	0	0	0	0	0	0	0	0	0	0	0	0	0	0	0	0	0	1	3	8	0	0	5
87.600	0	0	0	0	0	0	0	0	0	0	0	0	0	0	0	0	0	0	1	6	8	0	0	5
87.800	0	0	0	0	0	0	0	0	0	0	0	0	0	0	0	0	0	0	1	3	10	0	0	8
88.000	0	0	0	0	0	0	0	0	0	0	0	0	0	0	0	0	0	0	1	6	10	0	0	5
88.200	0	0	0	0	0	0	0	0	0	0	0	0	0	0	0	0	0	0	1	0	5	0	0	8
88.400	0	0	0	0	0	0	0	0	0	0	0	0	0	0	0	0	0	0	1	5	8	0	0	6
88.600	0	0	0	0	0	0	0	0	0	0	0	0	0	0	0	0	0	0	1	2	9	0	0	7
88.800	0	0	0	0	0	0	0	0	0	0	0	0	0	0	0	0	0	0	1	2	9	0	0	7
89.000	0	0	0	0	0	0	0	0	0	0	0	0	0	0	0	0	0	0	1	5	2	0	0	8
89.200	0	0	0	0	0	0	0	0	0	0	0	0	0	0	0	0	0	0	1	7	10	0	0	8
89.400	0	0	0	0	0	0	0	0	0	0	0	0	0	0	0	0	0	0	1	5	10	0	0	6
89.600	0	0	0	0	0	0	0	0	0	0	0	0	0	0	0	0	0	0	1	5	8	0	0	5
89.800	0	0	0	0	0	0	0	0	0	0	0	0	0	0	0	0	0	0	1	3	10	0	0	5
90.000	0	0	0	0	0	0	0	0	0	0	0	0	0	0	0	0	0	0	0	5	6	0	0	3
90.200	0	0	0	0	0	0	0	0	0	0	0	0	0	0	0	0	0	0	1	7	9	0	0	7
90.400	0	0	0	0	0	0	0	0	0	0	0	0	0	0	0	0	0	0	1	8	8	0	0	5
90.600	0	0	0	0	0	0	0	0	0	0	0	0	0	0	0	0	0	0	1	7	6	0	0	8
90.800	0	0	0	0	0	0	0	0	0	0	0	0	0	0	0	0	0	0	1	7	9	0	0	8
91.000	0	0	0	0	0	0	0	0	0	0	0	0	0	0	0	0	0	0	1	3	10	0	0	9
91.200	0	0	0	0	0	0	0	0	0	0	0	0	0	0	0	0	0	0	1	5	9	0	0	6
91.400	0	0	0	0	0	0	0	0	0	0	0	0	0	0	0	0	0	0	1	7	8	0	0	9
91.600	0	0	0	0	0	0	0	0	0	0	0	0	0	0	0	0	0	0	1	4	9	0	0	7
91.800	0	0	0	0	0	0	0	0	0	0	0	0	0	0	0	0	0	0	1	7	8	0	0	8
92.000	0	0	0	0	0	0	0	0	0	0	0	0	0	0	0	0	0	0	1	5	9	0	0	6
92.200	0	0	0	0	0	0	0	0	0	0	0	0	0	0	0	0	0	0	1	6	8	0	0	7
92.400	0	0	0	0	0	0	0	0	0	0	0	0	0	0	0	0	0	0	1	4	6	0	0	7
92.600	0	0	0	0	0	0	0	0	0	0	0	0	0	0	0	0	0	0	1	5	8	0	0	8
92.800	0	0	0	0	0	0	0	0	0	0	0	0	0	0	0	0	0	0	1	5	6	0	0	8
93.000	0	0	0	0	0	0	0	0	0	0	0	0	0	0	0	0	0	0	1	3	6	0	0	7
93.200	0	0	0	0	0	0	0	0	0	0	0	0	0	0	0	0	0	0	1	3	4	0	0	7
93.400	0	0	0	0	0	0	0	0	0	0	0	0	0	0	0	0	0	0	1	5	8	0	0	6
93.600	0	0	0	0	0	0	0	0	0	0	0	0	0	0	0	0	0	0	1	2	8	0	0	6
93.800	0	0	0	0	0	0	0	0	0	0	0	0	0	0	0	0	0	0	1	6	7	0	0	8
94.000	0	0	0	0	0	0	0	0	0	0	0	0	0	0	0	0	0	0	1	5	4	0	0	7
94.200	0	0	0	0	0	0	0	0	0	0	0	0	0	0	0	0	0	0	1	3	3	0	0	7
94.400	0	0	0	0	0	0	0	0	0	0	0	0	0	0	0	0	0	0	1	2	8	0	0	5
94.600	0	0	0	0	0	0	0	0	0	0	0	0	0	0	0	0	0	0	1	4	9	0	0	6
94.800	0	0	0	0	0	0	0	0	0	0	0	0	0	0	0	0	0	0	1	1	5	0	0	5
95.000	0	0	0	0	0	0	0	0	0	0	0	0	0	0	0	0	0	0	1	3	5	0	0	8
95.200	0	0	0	0	0	0	0	0	0	0	0	0	0	0	0	0	0	0	1	5	10	0	0	4
95.400	0	0	0	0	0	0	0	0	0	0	0	0	0	0	0	0	0	0	1	5	7	0	0	5
95.600	0	0	0	0	0	0	0	0	0	0	0	0	0	0	0	0	0	0	1	6	8	0	0	5
95.800	0	0	0	0	0	0	0	0	0	0	0	0	0	0	0	0	0	0	1	1	12	0	0	10
96.000	0	0	0	0	0	0	0	0	0	0	0	0	0	0	0	0	0	0	1	6	9	0	0	6
96.200	0	0	0	0	0	0	0	0	0	0	0	0	0	0	0	0	0	0	1	6	8	0	0	5
96.400	0	0	0	0	0	0	0	0	0	0	0	0	0	0	0	0	0	0	1	4	7	0	0	7
96.600	0	0	0	0	0	0	0	0	0	0	0	0	0	0	0	0	0	0	1	6	9	0	0	9
96.800	0	0	0	0	0	0	0	0	0	0	0	0	0	0	0	0	0	0	1	0	6	0	0	6
97.000	0	0	0	0	0	0	0	0	0	0	0	0	0	0	0	0	0	0	1	6	6	0	0	6
97.200	0	0	0	0	0	0	0	0	0	0	0	0	0	0	0	0	0	0	1	5	9	0	0	5
97.400	0	0	0	0	0	0	0	0	0	0	0	0	0	0	0	0	0	0	1	4	6	0	0	9
97.600	0	0	0	0	0	0	0	0	0	0	0	0	0	0	0	0	0	0	1	5	7	0	0	7
97.800	0	0	0	0	0	0	0	0	0	0	0	0	0	0	0	0	0	0	1	5	7	0	0	5
98.000	0	0	0	0	0	0	0	0	0	0	0	0	0	0	0	0	0	0	1	3	5	0	0	5
98.200	0	0	0	0	0	0	0	0	0	0	0	0	0	0	0	0	0	0	2	5	8	0	0	7
98.400	0	0	0	0	0	0	0	0	0	0	0	0	0	0	0	0	0	0	1	4	5	0	0	6
98.600	0	0	0	0	0	0	0	0	0	0	0	0	0	0	0	0	0	0	1	3	8	0	0	5
98.800	0	0	0	0	0	0	0	0	0	0	0	0	0	0	0	0	0	0	1	2	6	0	0	6
99.000	0	0	0	0	0	0	0	0	0	0	0	0	0	0	0	0	0	0	1	1	6	0	0	4
99.200	0	0	0	0	0	0	0	0	0	0	0	0	0	0	0	0	0	0	1	1	7	0	0	8
99.400	0	0	0	0	0	0	0	0	0	0	0	0	0	0	0	0	0	0	1	3	9	0	0	6
99.600	0	0	0	0	0	0	0	0	0	0	0	0	0	0	0	0	0	0	1	5	3	0	0	8
99.800	0	0	0	0	0	0	0	0	0	0	0	0	0	0	0	0	0	0	1	1	6	0	0	6
100.000	0	0	0	0	0	0	0	0	0	0	0	0	0	0	0	0	0	0	1	0	2	0	0	6
100.200	0	0	0	0	0	0	0	0	0	0	0	0	0	0	0	0	0	0	1	0	0	0	0	5
100.400	0	0	0	0	0	0	0	0	0	0	0	0	0	0	0	0	0	0	1	0	1	0	0	4
100.600	0	0	0	0	0	0	0	0	0	0	0	0	0	0	0	0	0	0	1	0	5	0	0	10
100.800	0	0	0	0	0	0	0	0	0	0	0	0	0	0	0	0	0	0	1	0	2	0	0	8
101.000	0	0	0	0	0	0	0	0	0	0	0	0	0	0	0	0	0	0	1	0	4	0	0	8
101.200	0	0	0	0	0	0	0	0	0	0	0	0	0	0	0	0	0	0	1	0	0	0	0	8
101.400	0	0	0	0	0	0	0	0	0	0	0	0	0	0	0	0	0	0	1	0	1	0	0	3
101.600	0	0	0	0	0	0	0	0	0	0	0	0	0	0	0	0	0	0	1	0	0	0	0	6
101.800	0	0	0	0	0	0	0	0	0	0	0	0	0	0	0	0	0	0	1	0	0	0	0	7
102.000	0	0	0	0	0	0	0	0	0	0	0	0	0	0	0	0	0	0	1	0	0	0	0	8
102.200	0	0	0	0	0	0	0	0	0	0	0	0	0	0	0	0	0	0	1	0	2	0	0	8
102.400	0	0	0	0	0	0	0	0	0	0	0	0	0	0	0	0	0	0	1	0	0	0	0	9
102.600	0	0	0	0	0	0	0	0	0	0	0	0	0	0	0	0	0	0	1	0	2	0	0	8
102.800	0	0	0	0	0	0	0	0	0	0	0	0	0	0	0	0	0	0	1	0	1	0	0	8
103.000	0	0	0	0	0	0	0	0	0	0	0	0	0	0	0	0	0	0	1	0	0	0	0	7
103.200	0	0	0	0	0	0	0	0	0	0	0	0	0	0	0	0	0	0	2	0	0	0	0	5
103.400	0	0	0	0	0	0	0	0	0	0	0	0	0	0	0	0	0	0	1	0	0	0	0	7
103.600	0	0	0	0	0	0	0	0	0	0	0	0	0	0	0	0	0	0	3	0	2	0	0	12
103.800	0	0	0	0	0	0	0	0	0	0	0	0	0	0	0	0	0	0	4	0	1	0	0	5
104.000	0	0	0	0	0	0	0	0	0	0	0	0	0	0	0	0	0	0	4	0	1	0	0	6
104.200	0	0	0	0	0	0	0	0	0	0	0	0	0	0	0	0	0	0	4	0	0	0	0	7
104.400	0	0	0	0	0	0	0	0	0	0	0	0	0	0	0	0	0	0	5	0	1	0	0	9
104.600	0	0	0	0	0	0	0	0	0	0	0	0	0	0	0	0	0	0	5	0	0	0	0	6
104.800	0	0	0	0	0	0	0	0	0	0	0	0	0	0	0	0	0	0	4	0	0	0	0	5
105.000	0	0	0	0	0	0	0	0	0	0	0	0	0	0	0	0	0	0	2	0	3	0	0	5
105.200	0	0	0	0	0	0	0	0	0	0	0	0	0	0	0	0	0	0	4	0	1	0	0	6
105.400	0	0	0	0	0	0	0	0	0	0	0	0	0	0	0	0	0	0	1	0	1	0	0	5
105.600	0	0	0	0	0	0	0	0	0	0	0	0	0	0	0	0	0	0	4	0	1	0	0	5
105.800	0	0	0	0	0	0	0	0	0	0	0	0	0	0	0	0	0	1	6	0	3	0	0	8
106.000	0	0	0	0	0	0	0	0	0	0	0	0	0	0	0	0	0	1	3	0	1	0	0	8
106.200	0	0	0	0	0	0	0	0	0	0	0	0	0	0	0	0	0	0	4	0	3	0	0	6
106.400	0	0	0	0	0	0	0	0	0	0	0	0	0	0	0	0	0	0	3	0	0	0	0	8
106.600	0	0	0	0	0	0	0	0	0	0	0	0	0	0	0	0	0	0	3	0	0	0	0	6
106.800	0	0	0	0	0	0	0	0	0	0	0	0	0	0	0	0	0	0	5	0	1	0	0	7
107.000	0	0	0	0	0	0	0	0	0	0	0	0	0	0	0	0	0	0	3	0	0	0	0	5
107.200	0	0	0	0	0	0	0	0	0	0	0	0	0	0	0	0	0	0	3	0	1	0	0	7
107.400	0	0	0	0	0	0	0	0	0	0	0	0	0	0	0	0	0	0	3	0	0	0	0	6
107.600	0	0	0	0	0	0	0	0	0	0	0	0	0	0	0	0	0	0	4	0	3	0	0	5
107.800	0	0	0	0	0	0	0	0	0	0	0	0	0	0	0	0	0	0	3	0	0	0	0	5
108.000	0	0	0	0	0	0	0	0	0	0	0	0	0	0	0	0	0	0	4	0	2	0	0	5
108.200	0	0	0	0	0	0	0	0	0	0	0	0	0	0	0	0	0	0	5	0	1	0	0	6
108.400	0	0	0	0	0	0	0	0	0	0	0	0	0	0	0	0	0	0	3	0	2	0	0	6
108.600	0	0	0	0	0	0	0	0	0	0	0	0	0	0	0	0	0	0	4	0	2	0	0	7
108.800	0	0	0	0	0	0	0	0	0	0	0	0	0	0	0	0	0	0	3	0	2	0	0	8
109.000	0	0	0	0	0	0	0	0	0	0	0	0	0	0	0	0	0	0	4	0	0	0	0	6
109.200	0	0	0	0	0	0	0	0	0	0	0	0	0	0	0	0	0	0	3	0	1	0	0	6
109.400	0	0	0	0	0	0	0	0	0	0	0	0	0	0	0	0	0	0	3	0	0	0	0	7
109.600	0	0	0	0	0	0	0	0	0	0	0	0	0	0	0	0	0	0	4	0	1	0	0	6
109.800	0	0	0	0	0	0	0	0	0	0	0	0	0	0	0	0	0	1	6	0	1	0	0	5
110.000	0	0	0	0	0	0	0	0	0	0	0	0	0	0	0	0	0	0	5	0	3	0	0	8
110.200	0	0	0	0	0	0	0	0	0	0	0	0	0	0	0	0	0	0	4	0	4	0	0	5
110.400	0	0	0	0	0	0	0	0	0	0	0	0	0	0	0	0	0	0	4	0	5	0	0	6
110.600	0	0	0	0	0	0	0	0	0	0	0	0	0	0	0	0	0	0	4	0	2	0	0	6
110.800	0	0	0	0	0	0	0	0	0	0	0	0	0	0	0	0	0	0	3	0	4	0	0	8
111.000	0	0	0	0	0	0	0	0	0	0	0	0	0	0	0	0	0	0	2	0	2	0	0	5
111.200	0	0	0	0	0	0	0	0	0	0	0	0	0	0	0	0	0	0	3	0	1	0	0	10
111.400	0	0	0	0	0	0	0	0	0	0	0	0	0	0	0	0	0	0	2	0	1	0	0	6
111.600	0	0	0	0	0	0	0	0	0	0	0	0	0	0	0	0	0	0	3	0	4	0	0	10
111.800	0	0	0	0	0	0	0	0	0	0	0	0	0	0	0	0	0	0	4	0	4	0	0	7
112.000	0	0	0	0	0	0	0	0	0	0	0	0	0	0	0	0	0	0	4	0	2	0	0	10
112.200	0	0	0	0	0	0	0	0	0	0	0	0	0	0	0	0	0	0	3	0	3	0	0	10
112.400	0	0	0	0	0	0	0	0	0	0	0	0	0	0	0	0	0	0	1	0	5	0	0	6
112.600	0	0	0	0	0	0	0	0	0	0	0	0	0	0	0	0	0	0	4	0	5	0	0	9
112.800	0	0	0	0	0	0	0	0	0	0	0	0	0	0	0	0	0	0	3	0	0	0	0	10
113.000	0	0	0	0	0	0	0	0	0	0	0	0	0	0	0	0	0	0	1	0	3	0	0	5
113.200	0	0	0	0	0	0	0	0	0	0	0	0	0	0	0	0	0	0	4	0	3	0	0	6
113.400	0	0	0	0	0	0	0	0	0	0	0	0	0	0	0	0	0	0	4	0	2	0	0	4
113.600	0	0	0	0	0	0	0	0	0	0	0	0	0	0	0	0	0	1	5	0	3	0	0	6
113.800	0	0	0	0	0	0	0	0	0	0	0	0	0	0	0	0	0	0	4	0	2	0	0	7
114.000	0	0	0	0	0	0	0	0	0	0	0	0	0	0	0	0	0	0	4	0	3	0	0	5
114.200	0	0	0	0	0	0	0	0	0	0	0	0	0	0	0	0	0	1	5	0	4	0	0	6
114.400	0	0	0	0	0	0	0	0	0	0	0	0	0	0	0	0	0	0	4	0	4	0	0	5
114.600	0	0	0	0	0	0	0	0	0	0	0	0	0	0	0	0	0	0	5	0	4	0	1	13
114.800	0	0	0	0	0	0	0	0	0	0	0	0	0	0	0	0	0	0	4	0	3	0	0	8
115.000	0	0	0	0	0	0	0	0	0	0	0	0	0	0	0	0	0	0	4	0	2	0	0	8
115.200	0	0	0	0	0	0	0	0	0	0	0	0	0	0	0	0	0	0	4	0	0	0	0	12
115.400	0	0	0	0	0	0	0	0	0	0	0	0	0	0	0	0	0	0	4	0	2	0	0	11
115.600	0	0	0	0	0	0	0	0	0	0	0	0	0	0	0	0	0	0	4	0	1	0	1	11
115.800	0	0	0	0	0	0	0	0	0	0	0	0	0	0	0	0	0	0	5	0	4	0	0	10
116.000	0	0	0	0	0	0	0	0	0	0	0	0	0	0	0	0	0	0	6	0	2	0	0	7
116.200	0	0	0	0	0	0	0	0	0	0	0	0	0	0	0	0	0	0	4	0	1	0	1	13
116.400	0	0	0	0	0	0	0	0	0	0	0	0	0	0	0	0	0	0	6	0	4	0	1	7
116.600	0	0	0	0	0	0	0	0	0	0	0	0	0	0	0	0	0	0	6	0	1	0	1	10
116.800	0	0	0	0	0	0	0	0	0	0	0	0	0	0	0	0	0	1	5	0	2	0	0	11
117.000	0	0	0	0	0	0	0	0	0	0	0	0	0	0	0	0	0	1	5	0	0	0	0	13
117.200	0	0	0	0	0	0	0	0	0	0	0	0	0	0	0	0	0	1	5	0	2	0	0	12
117.400	0	0	0	0	0	0	0	0	0	0	0	0	0	0	0	0	0	1	4	0	0	0	0	8
117.600	0	0	0	0	0	0	0	0	0	0	0	0	0	0	0	0	0	0	5	0	2	0	0	8
117.800	0	0	0	0	0	0	0	0	0	0	0	0	0	0	0	0	0	1	4	0	2	0	0	12
118.000	0	0	0	0	0	0	0	0	0	0	0	0	0	0	0	0	0	0	3	0	0	0	0	12
118.200	0	0	0	0	0	0	0	0	0	0	0	0	0	0	0	0	0	0	5	0	3	0	0	10
118.400	0	0	0	0	0	0	0	0	0	0	0	0	0	0	0	0	0	0	6	0	0	0	0	7
118.600	0	0	0	0	0	0	0	0	0	0	0	0	0	0	0	0	0	0	5	0	2	0	0	7
118.800	0	0	0	0	0	0	0	0	0	0	0	0	0	0	0	0	0	0	5	0	5	0	1	9
119.000	0	0	0	0	0	0	0	0	0	0	0	0	0	0	0	0	0	0	5	0	3	0	1	11
119.200	0	0	0	0	0	0	0	0	0	0	0	0	0	0	0	0	0	0	4	0	5	0	1	9
119.400	0	0	0	0	0	0	0	0	0	0	0	0	0	0	0	0	0	0	5	0	4	0	0	3
119.600	0	0	0	0	0	0	0	0	0	0	0	0	0	0	0	0	0	0	5	0	5	0	0	10
119.800	0	0	0	0	0	0	0	0	0	0	0	0	0	0	0	0	0	0	5	0	5	0	0	9
120.000	0	0	0	0	0	0	0	0	0	0	0	0	0	0	0	0	0	0	5	0	5	0	0	8
120.200	0	0	0	0	0	0	0	0	0	0	0	0	0	0	0	0	0	0	4	0	5	0	0	12
120.400	0	0	0	0	0	0	0	0	0	0	0	0	0	0	0	0	0	0	5	0	5	0	0	8
120.600	0	0	0	0	0	0	0	0	0	0	0	0	0	0	0	0	0	0	4	0	0	0	0	7
120.800	0	0	0	0	0	0	0	0	0	0	0	0	0	0	0	0	0	0	5	0	5	0	0	9
121.000	0	0	0	0	0	0	0	0	0	0	0	0	0	0	0	0	0	0	3	0	4	0	0	7
121.200	0	0	0	0	0	0	0	0	0	0	0	0	0	0	0	0	0	0	5	0	4	0	0	6
121.400	0	0	0	0	0	0	0	0	0	0	0	0	0	0	0	0	0	0	5	0	2	0	0	8
121.600	0	0	0	0	0	0	0	0	0	0	0	0	0	0	0	0	0	0	5	0	5	0	0	7
121.800	0	0	0	0	0	0	0	0	0	0	0	0	0	0	0	0	0	0	4	0	2	0	0	8
122.000	0	0	0	0	0	0	0	0	0	0	0	0	0	0	0	0	0	0	5	0	4	0	0	9
122.200	0	0	0	0	0	0	0	0	0	0	0	0	0	0	0	0	0	0	5	0	5	0	1	11
122.400	0	0	0	0	0	0	0	0	0	0	0	0	0	0	0	0	0	0	5	0	4	0	0	8
122.600	0	0	0	0	0	0	0	0	0	0	0	0	0	0	0	0	0	0	5	0	1	0	0	8
122.800	0	0	0	0	0	0	0	0	0	0	0	0	0	0	0	0	0	0	5	0	5	0	0	13
123.000	0	0	0	0	0	0	0	0	0	0	0	0	0	0	0	0	0	0	5	0	3	0	0	9
123.200	0	0	0	0	0	0	0	0	0	0	0	0	0	0	0	0	0	0	5	0	5	0	0	5
123.400	0	0	0	0	0	0	0	0	0	0	0	0	0	0	0	0	0	0	4	0	5	0	0	7
123.600	0	0	0	0	0	0	0	0	0	0	0	0	0	0	0	0	0	0	5	0	0	0	0	12
123.800	0	0	0	0	0	0	0	0	0	0	0	0	0	0	0	0	0	0	5	0	4	0	0	12
124.000	0	0	0	0	0	0	0	0	0	0	0	0	0	0	0	0	0	0	5	0	0	0	0	11
124.200	0	0	0	0	0	0	0	0	0	0	0	0	0	0	0	0	0	0	3	0	2	0	0	8
124.400	0	0	0	0	0	0	0	0	0	0	0	0	0	0	0	0	0	0	4	0	2	0	0	6
124.600	0	0	0	0	0	0	0	0	0	0	0	0	0	0	0	0	0	0	3	0	1	0	0	8
124.800	0	0	0	0	0	0	0	0	0	0	0	0	0	0	0	0	0	0	3	0	1	0	0	12
125.000	0	0	0	0	0	0	0	0	0	0	0	0	0	0	0	0	0	0	4	0	2	0	0	12
125.200	0	0	0	0	0	0	0	0	0	0	0	0	0	0	0	0	0	0	5	0	5	0	0	6
125.400	0	0	0	0	0	0	0	0	0	0	0	0	0	0	0	0	0	0	5	0	4	0	0	12
125.600	0	0	0	0	0	0	0	0	0	0	0	0	0	0	0	0	0	0	5	0	1	0	0	8
125.800	0	0	0	0	0	0	0	0	0	0	0	0	0	0	0	0	0	0	6	0	0	0	0	9
126.000	0	0	0	0	0	0	0	0	0	0	0	0	0	0	0	0	0	0	7	0	1	0	0	10
126.200	0	0	0	0	0	0	0	0	0	0	0	0	0	0	0	0	0	0	5	0	2	0	0	6
126.400	0	0	0	0	0	0	0	0	0	0	0	0	0	0	0	0	0	0	5	0	2	0	0	8
126.600	0	0	0	0	0	0	0	0	0	0	0	0	0	0	0	0	0	0	5	0	0	0	0	9
126.800	0	0	0	0	0	0	0	0	0	0	0	0	0	0	0	0	0	0	5	0	4	0	0	5
127.000	0	0	0	0	0	0	0	0	0	0	0	0	0	0	0	0	0	0	5	0	2	0	0	11
127.200	0	0	0	0	0	0	0	0	0	0	0	0	0	0	0	0	0	0	5	0	0	0	0	7
127.400	0	0	0	0	0	0	0	0	0	0	0	0	0	0	0	0	0	0	5	0	1	0	0	6
127.600	0	0	0	0	0	0	0	0	0	0	0	0	0	0	0	0	0	0	4	0	1	0	0	6
127.800	0	0	0	0	0	0	0	0	0	0	0	0	0	0	0	0	0	0	2	0	0	0	0	8
128.000	0	0	0	0	0	0	0	0	0	0	0	0	0	0	0	0	1	1	1	0	0	0	0	6
128.200	0	0	0	0	0	0	0	0	0	0	0	0	0	0	0	0	0	1	3	0	0	0	0	9
128.400	0	0	0	0	0	0	0	0	0	0	0	0	0	0	0	0	0	0	4	0	0	0	0	5
128.600	0	0	0	0	0	0	0	0	0	0	0	0	0	0	0	0	0	1	3	0	0	0	0	5
128.800	0	0	0	0	0	0	0	0	0	0	0	0	0	0	0	0	0	1	1	0	0	0	0	5
129.000	0	0	0	0	0	0	0	0	0	0	0	0	0	0	0	0	1	1	3	0	0	0	0	5
129.200	0	0	0	0	0	0	0	0	0	0	0	0	0	0	0	0	0	1	4	0	0	0	0	6
129.400	0	0	0	0	0	0	0	0	0	0	0	0	0	0	0	0	0	0	2	0	0	0	0	7
129.600	0	0	0	0	0	0	0	0	0	0	0	0	0	0	0	0	0	0	3	0	1	0	0	5
129.800	0	0	0	0	0	0	0	0	0	0	0	0	0	0	0	0	0	0	2	0	2	0	0	8
130.000	0	0	0	0	0	0	0	0	0	0	0	0	0	0	0	0	0	0	1	0	1	0	0	5
130.200	0	0	0	0	0	0	0	0	0	0	0	0	0	0	0	0	0	0	4	0	1	0	0	5
130.400	0	0	0	0	0	0	0	0	0	0	0	0	0	0	0	0	0	0	4	0	0	0	0	7
130.600	0	0	0	0	0	0	0	0	0	0	0	0	0	0	0	0	0	0	4	0	2	0	0	6
130.800	0	0	0	0	0	0	0	0	0	0	0	0	0	0	0	0	0	0	4	0	5	0	0	7
131.000	0	0	0	0	0	0	0	0	0	0	0	0	0	0	0	0	0	0	4	0	3	0	0	8
131.200	0	0	0	0	0	0	0	0	0	0	0	0	0	0	0	0	0	0	5	0	3	0	0	6
131.400	0	0	0	0	0	0	0	0	0	0	0	0	0	0	0	0	0	0	5	0	0	0	0	7
131.600	0	0	0	0	0	0	0	0	0	0	0	0	0	0	0	0	0	0	5	0	0	0	0	5
131.800	0	0	0	0	0	0	0	0	0	0	0	0	0	0	0	0	0	0	5	0	4	0	0	6
132.000	0	0	0	0	0	0	0	0	0	0	0	0	0	0	0	0	0	0	5	0	1	0	0	7
132.200	0	0	0	0	0	0	0	0	0	0	0	0	0	0	0	0	0	0	5	0	4	0	0	6
132.400	0	0	0	0	0	0	0	0	0	0	0	0	0	0	0	0	0	0	5	0	0	0	0	6
132.600	0	0	0	0	0	0	0	0	0	0	0	0	0	0	0	0	0	0	5	0	3	0	0	7
132.800	0	0	0	0	0	0	0	0	0	0	0	0	0	0	0	0	0	0	4	0	2	0	0	5
133.000	0	0	0	0	0	0	0	0	0	0	0	0	0	0	0	0	0	0	2	0	3	0	0	6
133.200	0	0	0	0	0	0	0	0	0	0	0	0	0	0	0	0	0	0	5	0	0	0	0	7
133.400	0	0	0	0	0	0	0	0	0	0	0	0	0	0	0	0	0	0	5	0	1	0	0	6
133.600	0	0	0	0	0	0	0	0	0	0	0	0	0	0	0	0	0	0	5	0	5	0	0	5
133.800	0	0	0	0	0	0	0	0	0	0	0	0	0	0	0	0	0	0	5	0	3	0	0	5
134.000	0	0	0	0	0	0	0	0	0	0	0	0	0	0	0	0	0	0	5	0	5	0	0	5
134.200	0	0	0	0	0	0	0	0	0	0	0	0	0	0	0	0	0	0	5	0	1	0	0	5
134.400	0	0	0	0	0	0	0	0	0	0	0	0	0	0	0	0	0	0	5	0	4	0	0	5
134.600	0	0	0	0	0	0	0	0	0	0	0	0	0	0	0	0	0	0	5	0	5	0	0	7
134.800	0	0	0	0	0	0	0	0	0	0	0	0	0	0	0	0	0	0	5	0	2	0	0	9
135.000	0	0	0	0	0	0	0	0	0	0	0	0	0	0	0	0	0	0	5	0	3	0	0	8
135.200	0	0	0	0	0	0	0	0	0	0	0	0	0	0	0	0	0	0	4	0	1	0	0	5
135.400	0	0	0	0	0	0	0	0	0	0	0	0	0	0	0	0	0	0	1	0	0	0	0	7
135.600	0	0	0	0	0	0	0	0	0	0	0	0	0	0	0	0	0	0	5	0	2	0	0	6
135.800	0	0	0	0	0	0	0	0	0	0	0	0	0	0	0	0	0	0	4	0	1	0	0	2
136.000	0	0	0	0	0	0	0	0	0	0	0	0	0	0	0	0	0	0	4	0	1	0	0	8
136.200	0	0	0	0	0	0	0	0	0	0	0	0	0	0	0	0	0	0	4	0	2	0	0	9
136.400	0	0	0	0	0	0	0	0	0	0	0	0	0	0	0	0	0	0	5	0	0	0	0	7
136.600	0	0	0	0	0	0	0	0	0	0	0	0	0	0	0	0	0	0	5	0	2	0	0	6
136.800	0	0	0	0	0	0	0	0	0	0	0	0	0	0	0	0	0	0	4	0	1	0	0	7
137.000	0	0	0	0	0	0	0	0	0	0	0	0	0	0	0	0	0	0	5	0	2	0	0	2
137.200	0	0	0	0	0	0	0	0	0	0	0	0	0	0	0	0	0	0	4	0	2	0	0	6
137.400	0	0	0	0	0	0	0	0	0	0	0	0	0	0	0	0	0	0	4	0	0	0	0	7
137.600	0	0	0	0	0	0	0	0	0	0	0	0	0	0	0	0	0	0	3	0	0	0	0	8
137.800	0	0	0	0	0	0	0	0	0	0	0	0	0	0	0	0	0	0	0	0	0	0	0	9
138.000	0	0	0	0	0	0	0	0	0	0	0	0	0	0	0	0	0	0	0	0	1	0	0	6
138.200	0	0	0	0	0	0	0	0	0	0	0	0	0	0	0	0	0	0	1	0	2	0	0	10
138.400	0	0	0	0	0	0	0	0	0	0	0	0	0	0	0	0	0	0	4	0	1	0	0	9
138.600	0	0	0	0	0	0	0	0	0	0	0	0	0	0	0	0	0	0	2	0	1	0	0	6
138.800	0	0	0	0	0	0	0	0	0	0	0	0	0	0	0	0	0	0	5	0	1	0	0	6
139.000	0	0	0	0	0	0	0	0	0	0	0	0	0	0	0	0	0	0	4	0	0	0	0	11
139.200	0	0	0	0	0	0	0	0	0	0	0	0	0	0	0	0	0	0	4	0	0	0	0	8
139.400	0	0	0	0	0	0	0	0	0	0	0	0	0	0	0	0	0	0	4	0	0	0	0	7
139.600	0	0	0	0	0	0	0	0	0	0	0	0	0	0	0	0	0	0	5	0	1	0	0	6
139.800	0	0	0	0	0	0	0	0	0	0	0	0	0	0	0	0	0	0	3	0	0	0	0	9
140.000	0	0	0	0	0	0	0	0	0	0	0	0	0	0	0	0	0	0	1	0	0	0	0	7
140.200	0	0	0	0	0	0	0	0	0	0	0	0	0	0	0	0	0	0	1	0	0	0	0	7
140.400	0	0	0	0	0	0	0	0	0	0	0	0	0	0	0	0	0	0	1	0	1	0	0	2
140.600	0	0	0	0	0	0	0	0	0	0	0	0	0	0	0	0	0	0	1	0	3	0	0	6
140.800	0	0	0	0	0	0	0	0	0	0	0	0	0	0	0	0	0	0	3	0	1	0	0	8
141.000	0	0	0	0	0	0	0	0	0	0	0	0	0	0	0	0	0	0	6	0	2	0	0	11
141.200	0	0	0	0	0	0	0	0	0	0	0	0	0	0	0	0	0	0	1	0	3	0	0	5
141.400	0	0	0	0	0	0	0	0	0	0	0	0	0	0	0	0	0	0	0	0	3	0	0	6
141.600	0	0	0	0	0	0	0	0	0	0	0	0	0	0	0	0	0	0	0	0	3	0	0	7
141.800	0	0	0	0	0	0	0	0	0	0	0	0	0	0	0	0	0	0	1	0	2	0	0	7
142.000	0	0	0	0	0	0	0	0	0	0	0	0	0	0	0	0	0	0	0	0	3	0	0	9
142.200	0	0	0	0	0	0	0	0	0	0	0	0	0	0	0	0	0	0	1	0	1	0	0	7
142.400	0	0	0	0	0	0	0	0	0	0	0	0	0	0	0	0	0	0	1	0	2	0	0	7
142.600	0	0	0	0	0	0	0	0	0	0	0	0	0	0	0	0	0	0	1	0	3	0	0	11
142.800	0	0	0	0	0	0	0	0	0	0	0	0	0	0	0	0	0	0	0	0	1	0	0	10
143.000	0	0	0	0	0	0	0	0	0	0	0	0	0	0	0	0	0	0	0	0	1	0	0	5
143.200	0	0	0	0	0	0	0	0	0	0	0	0	0	0	0	0	0	0	0	0	3	0	0	10
143.400	0	0	0	0	0	0	0	0	0	0	0	0	0	0	0	0	0	0	1	0	0	0	0	10
143.600	0	0	0	0	0	0	0	0	0	0	0	0	0	0	0	0	0	0	0	0	2	0	0	10
143.800	0	0	0	0	0	0	0	0	0	0	0	0	0	0	0	0	0	0	0	0	2	0	0	10
144.000	0	0	0	0	0	0	0	0	0	0	0	0	0	0	0	0	0	0	0	0	3	0	0	11
144.200	0	0	0	0	0	0	0	0	0	0	0	0	0	0	0	0	0	0	0	0	3	0	0	7
144.400	0	0	0	0	0	0	0	0	0	0	0	0	0	0	0	0	0	0	0	0	3	0	0	7
144.600	0	0	0	0	0	0	0	0	0	0	0	0	0	0	0	0	0	0	0	0	1	0	0	5
144.800	0	0	0	0	0	0	0	0	0	0	0	0	0	0	0	0	0	0	0	0	1	0	0	6
145.000	0	0	0	0	0	0	0	0	0	0	0	0	0	0	0	0	0	0	5	0	4	0	0	6
145.200	0	0	0	0	0	0	0	0	0	0	0	0	0	0	0	0	0	0	5	0	4	0	0	6
145.400	0	0	0	0	0	0	0	0	0	0	0	0	0	0	0	0	0	0	5	0	1	0	0	9
145.600	0	0	0	0	0	0	0	0	0	0	0	0	0	0	0	0	0	0	5	0	5	0	0	7
145.800	0	0	0	0	0	0	0	0	0	0	0	0	0	0	0	0	0	0	5	0	5	0	0	6
146.000	0	0	0	0	0	0	0	0	0	0	0	0	0	0	0	0	0	0	5	0	1	0	0	5
146.200	0	0	0	0	0	0	0	0	0	0	0	0	0	0	0	0	0	0	5	0	2	0	0	5
146.400	0	0	0	0	0	0	0	0	0	0	0	0	0	0	0	0	0	0	5	0	5	0	0	7
146.600	0	0	0	0	0	0	0	0	0	0	0	0	0	0	0	0	0	0	5	0	4	0	0	9
146.800	0	0	0	0	0	0	0	0	0	0	0	0	0	0	0	0	0	0	5	0	5	0	0	6
147.000	0	0	0	0	0	0	0	0	0	0	0	0	0	0	0	0	0	0	5	0	2	0	0	5
147.200	0	0	0	0	0	0	0	0	0	0	0	0	0	0	0	0	0	0	5	0	5	0	0	7
147.400	0	0	0	0	0	0	0	0	0	0	0	0	0	0	0	0	0	0	5	0	3	0	0	7
147.600	0	0	0	0	0	0	0	0	0	0	0	0	0	0	0	0	0	0	3	0	0	0	0	5
147.800	0	0	0	0	0	0	0	0	0	0	0	0	0	0	0	0	0	0	6	0	4	0	0	7
148.000	0	0	0	0	0	0	0	0	0	0	0	0	0	0	0	0	0	0	6	0	4	0	0	7
148.200	0	0	0	0	0	0	0	0	0	0	0	0	0	0	0	0	0	0	6	0	3	0	0	6
148.400	0	0	0	0	0	0	0	0	0	0	0	0	0	0	0	0	0	0	4	0	4	0	0	5
148.600	0	0	0	0	0	0	0	0	0	0	0	0	0	0	0	0	0	0	7	0	3	0	0	5
148.800	0	0	0	0	0	0	0	0	0	0	0	0	0	0	0	0	0	0	4	0	0	0	0	6
149.000	0	0	0	0	0	0	0	0	0	0	0	0	0	0	0	0	0	0	4	0	3	0	0	6
149.200	0	0	0	0	0	0	0	0	0	0	0	0	0	0	0	0	0	0	7	0	1	0	0	6
149.400	0	0	0	0	0	0	0	0	0	0	0	0	0	0	0	0	0	0	4	0	5	0	0	6
149.600	0	0	0	0	0	0	0	0	0	0	0	0	0	0	0	0	0	0	5	0	3	0	0	7
149.800	0	0	0	0	0	0	0	0	0	0	0	0	0	0	0	0	0	0	5	0	5	0	0	6
150.000	0	0	0	0	0	0	0	0	0	0	0	0	0	0	0	0	0	0	6	0	5	0	0	6
150.200	0	0	0	0	0	0	0	0	0	0	0	0	0	0	0	0	0	0	5	0	0	0	0	6
150.400	0	0	0	0	0	0	0	0	0	0	0	0	0	0	0	0	0	0	5	0	3	0	0	5
150.600	0	0	0	0	0	0	0	0	0	0	0	0	0	0	0	0	0	0	4	0	2	0	0	5
150.800	0	0	0	0	0	0	0	0	0	0	0	0	0	0	0	0	0	0	4	0	4	0	0	11
151.000	0	0	0	0	0	0	0	0	0	0	0	0	0	0	0	0	0	0	5	0	2	0	0	8
151.200	0	0	0	0	0	0	0	0	0	0	0	0	0	0	0	0	0	0	4	0	3	0	0	9
151.400	0	0	0	0	0	0	0	0	0	0	0	0	0	0	0	0	0	0	4	0	2	0	0	8
151.600	0	0	0	0	0	0	0	0	0	0	0	0	0	0	0	0	0	0	4	0	4	0	0	6
151.800	0	0	0	0	0	0	0	0	0	0	0	0	0	0	0	0	0	0	4	0	0	0	0	7
152.000	0	0	0	0	0	0	0	0	0	0	0	0	0	0	0	0	0	0	5	0	5	0	0	6
152.200	0	0	0	0	0	0	0	0	0	0	0	0	0	0	0	0	0	0	4	0	4	0	0	8
152.400	0	0	0	0	0	0	0	0	0	0	0	0	0	0	0	0	0	0	4	0	6	0	0	7
152.600	0	0	0	0	0	0	0	0	0	0	0	0	0	0	0	0	0	0	1	0	1	0	0	7
152.800	0	0	0	0	0	0	0	0	0	0	0	0	0	0	0	0	0	0	0	0	2	0	0	6
153.000	0	0	0	0	0	0	0	0	0	0	0	0	0	0	0	0	0	0	0	0	1	0	0	10
153.200	0	0	0	0	0	0	0	0	0	0	0	0	0	0	0	0	0	0	0	0	0	0	0	5
153.400	0	0	0	0	0	0	0	0	0	0	0	0	0	0	0	0	0	0	0	0	1	0	0	5
153.600	0	0	0	0	0	0	0	0	0	0	0	0	0	0	0	0	0	0	0	0	3	0	0	5
153.800	0	0	0	0	0	0	0	0	0	0	0	0	0	0	0	0	0	0	0	0	2	0	0	7
154.000	0	0	0	0	0	0	0	0	0	0	0	0	0	0	0	0	0	0	0	0	1	0	0	7
154.200	0	0	0	0	0	0	0	0	0	0	0	0	0	0	0	0	0	0	0	0	0	0	0	7
154.400	0	0	0	0	0	0	0	0	0	0	0	0	0	0	0	0	0	0	0	0	0	0	0	6
154.600	0	0	0	0	0	0	0	0	0	0	0	0	0	0	0	0	0	0	1	0	1	0	0	5
154.800	0	0	0	0	0	0	0	0	0	0	0	0	0	0	0	0	0	0	1	0	1	0	0	5
155.000	0	0	0	0	0	0	0	0	0	0	0	0	0	0	0	0	0	0	1	0	2	0	0	7
155.200	0	0	0	0	0	0	0	0	0	0	0	0	0	0	0	0	0	0	1	0	3	0	0	8
155.400	0	0	0	0	0	0	0	0	0	0	0	0	0	0	0	0	0	0	0	0	2	0	0	6
155.600	0	0	0	0	0	0	0	0	0	0	0	0	0	0	0	0	0	0	0	0	2	0	0	8
155.800	0	0	0	0	0	0	0	0	0	0	0	0	0	0	0	0	0	0	0	0	0	0	0	8
156.000	0	0	0	0	0	0	0	0	0	0	0	0	0	0	0	0	0	0	1	0	3	0	0	6
156.200	0	0	0	0	0	0	0	0	0	0	0	0	0	0	0	0	0	0	0	0	1	0	0	4
156.400	0	0	0	0	0	0	0	0	0	0	0	0	0	0	0	0	0	0	0	0	1	0	0	4
156.600	0	0	0	0	0	0	0	0	0	0	0	0	0	0	0	0	0	0	0	0	2	0	0	8
156.800	0	0	0	0	0	0	0	0	0	0	0	0	0	0	0	0	0	0	0	0	1	0	0	4
157.000	0	0	0	0	0	0	0	0	0	0	0	0	0	0	0	0	0	0	0	0	1	0	0	7
157.200	0	0	0	0	0	0	0	0	0	0	0	0	0	0	0	0	0	0	0	0	1	0	0	5
157.400	0	0	0	0	0	0	0	0	0	0	0	0	0	0	0	0	0	0	0	0	3	0	0	12
157.600	0	0	0	0	0	0	0	0	0	0	0	0	0	0	0	0	0	0	0	0	1	0	0	8
157.800	0	0	0	0	0	0	0	0	0	0	0	0	0	0	0	0	0	0	0	0	1	0	0	8
158.000	0	0	0	0	0	0	0	0	0	0	0	0	0	0	0	0	0	0	0	0	1	0	0	6
158.200	0	0	0	0	0	0	0	0	0	0	0	0	0	0	0	0	0	0	0	0	2	0	0	9
158.400	0	0	0	0	0	0	0	0	0	0	0	0	0	0	0	0	0	0	0	0	1	0	0	10
158.600	0	0	0	0	0	0	0	0	0	0	0	0	0	0	0	0	0	0	0	0	2	0	0	8
158.800	0	0	0	0	0	0	0	0	0	0	0	0	0	0	0	0	0	0	1	0	0	0	0	4
159.000	0	0	0	0	0	0	0	0	0	0	0	0	0	0	0	0	0	0	1	0	1	0	0	7
159.200	0	0	0	0	0	0	0	0	0	0	0	0	0	0	0	0	0	0	0	0	1	0	0	8
159.400	0	0	0	0	0	0	0	0	0	0	0	0	0	0	0	0	0	0	0	0	1	0	0	5
159.600	0	0	0	0	0	0	0	0	0	0	0	0	0	0	0	0	0	0	0	0	1	0	0	8
159.800	0	0	0	0	0	0	0	0	0	0	0	0	0	0	0	0	0	0	0	0	1	0	0	8
160.000	0	0	0	0	0	0	0	0	0	0	0	0	0	0	0	0	0	0	0	0	1	0	0	8
160.200	0	0	0	0	0	0	0	0	0	0	0	0	0	0	0	0	0	0	0	0	1	0	0	7
160.400	0	0	0	0	0	0	0	0	0	0	0	0	0	0	0	0	0	0	0	0	3	0	0	10
160.600	0	0	0	0	0	0	0	0	0	0	0	0	0	0	0	0	0	0	0	0	3	0	0	8
160.800	0	0	0	0	0	0	0	0	0	0	0	0	0	0	0	0	0	0	0	0	2	0	0	7
161.000	0	0	0	0	0	0	0	0	0	0	0	0	0	0	0	0	0	0	0	0	2	0	0	6
161.200	0	0	0	0	0	0	0	0	0	0	0	0	0	0	0	0	0	0	0	0	0	0	0	9
161.400	0	0	0	0	0	0	0	0	0	0	0	0	0	0	0	0	0	0	0	0	1	0	0	9
161.600	0	0	0	0	0	0	0	0	0	0	0	0	0	0	0	0	0	0	0	0	1	0	0	7
161.800	0	0	0	0	0	0	0	0	0	0	0	0	0	0	0	0	0	0	1	0	1	0	0	8
162.000	0	0	0	0	0	0	0	0	0	0	0	0	0	0	0	0	0	0	1	0	1	0	0	10
162.200	0	0	0	0	0	0	0	0	0	0	0	0	0	0	0	0	0	0	0	0	3	0	0	10
162.400	0	0	0	0	0	0	0	0	0	0	0	0	0	0	0	0	0	0	0	0	1	0	0	7
162.600	0	0	0	0	0	0	0	0	0	0	0	0	0	0	0	0	0	0	0	0	0	0	0	8
162.800	0	0	0	0	0	0	0	0	0	0	0	0	0	0	0	0	0	0	0	0	2	0	0	8
163.000	0	0	0	0	0	0	0	0	0	0	0	0	0	0	0	0	0	0	0	0	3	0	0	7
163.200	0	0	0	0	0	0	0	0	0	0	0	0	0	0	0	0	0	0	0	0	0	0	0	10
163.400	0	0	0	0	0	0	0	0	0	0	0	0	0	0	0	0	0	0	0	0	1	0	0	9
163.600	0	0	0	0	0	0	0	0	0	0	0	0	0	0	0	0	0	0	0	2	0	0	0	6
163.800	0	0	0	0	0	0	0	0	0	0	0	0	0	0	0	0	0	0	0	6	0	0	0	4
164.000	0	0	0	0	0	0	0	0	0	0	0	0	0	0	0	0	0	0	0	2	0	0	0	5
164.200	0	0	0	0	0	0	0	0	0	0	0	0	0	0	0	0	0	0	0	4	0	0	0	6
164.400	0	0	0	0	0	0	0	0	0	0	0	0	0	0	0	0	0	0	0	5	0	0	0	6
164.600	0	0	0	0	0	0	0	0	0	0	0	0	0	0	0	0	0	0	0	6	0	0	0	8
164.800	0	0	0	0	0	0	0	0	0	0	0	0	0	0	0	0	0	0	0	3	0	0	0	8
165.000	0	0	0	0	0	0	0	0	0	0	0	0	0	0	0	0	0	0	0	3	0	0	0	5
165.200	0	0	0	0	0	0	0	0	0	0	0	0	0	0	0	0	0	0	0	8	0	0	0	4
165.400	0	0	0	0	0	0	0	0	0	0	0	0	0	0	0	0	0	0	0	6	0	0	0	8
165.600	0	0	0	0	0	0	0	0	0	0	0	0	0	0	0	0	0	0	0	8	0	0	0	5
165.800	0	0	0	0	0	0	0	0	0	0	0	0	0	0	0	0	0	0	0	6	0	0	0	4
166.000	0	0	0	0	0	0	0	0	0	0	0	0	0	0	0	0	0	0	0	2	0	0	0	1
166.200	0	0	0	0	0	0	0	0	0	0	0	0	0	0	0	0	0	0	0	4	0	0	0	1
166.400	0	0	0	0	0	0	0	0	0	0	0	0	0	0	0	0	0	0	0	1	0	0	0	7
166.600	0	0	0	0	0	0	0	0	0	0	0	0	0	0	0	0	0	0	0	0	0	0	0	6
166.800	0	0	0	0	0	0	0	0	0	0	0	0	0	0	0	0	0	0	0	2	0	0	0	2
167.000	0	0	0	0	0	0	0	0	0	0	0	0	0	0	0	0	0	0	0	6	0	0	0	3
167.200	0	0	0	0	0	0	0	0	0	0	0	0	0	0	0	0	0	0	0	2	0	0	0	1
167.400	0	0	0	0	0	0	0	0	0	0	0	0	0	0	0	0	0	0	0	0	0	0	0	1
167.600	0	0	0	0	0	0	0	0	0	0	0	0	0	0	0	0	0	0	0	0	0	0	0	3
167.800	0	0	0	0	0	0	0	0	0	0	0	0	0	0	0	0	0	0	0	0	0	0	0	3
168.000	0	0	0	0	0	0	0	0	0	0	0	0	0	0	0	0	0	0	0	0	0	0	0	6
168.200	0	0	0	0	0	0	0	0	0	0	0	0	0	0	0	0	0	0	0	0	0	0	0	5
168.400	0	0	0	0	0	0	0	0	0	0	0	0	0	0	0	0	0	0	0	2	0	0	0	9
168.600	0	0	0	0	0	0	0	0	0	0	0	0	0	0	0	0	0	0	0	1	0	0	0	7
168.800	0	0	0	0	0	0	0	0	0	0	0	0	0	0	0	0	0	0	0	4	0	0	0	6
169.000	0	0	0	0	0	0	0	0	0	0	0	0	0	0	0	0	0	0	0	1	0	0	0	8
169.200	0	0	0	0	0	0	0	0	0	0	0	0	0	0	0	0	0	0	0	6	1	0	0	6
169.400	0	0	0	0	0	0	0	0	0	0	0	0	0	0	0	0	0	0	0	4	0	0	0	10
169.600	0	0	0	0	0	0	0	0	0	0	0	0	0	0	0	0	0	0	0	2	0	0	0	4
169.800	0	0	0	0	0	0	0	0	0	0	0	0	0	0	0	0	0	0	0	2	0	0	0	6
170.000	0	0	0	0	0	0	0	0	0	0	0	0	0	0	0	0	0	0	1	5	0	0	0	6
170.200	0	0	0	0	0	0	0	0	0	0	0	0	0	0	0	0	0	0	1	6	0	0	0	10
170.400	0	0	0	0	0	0	0	0	0	0	0	0	0	0	0	0	0	0	1	2	0	0	0	5
170.600	0	0	0	0	0	0	0	0	0	0	0	0	0	0	0	0	0	0	2	2	1	0	0	4
170.800	0	0	0	0	0	0	0	0	0	0	0	0	0	0	0	0	0	0	1	4	0	0	0	5
171.000	0	0	0	0	0	0	0	0	0	0	0	0	0	0	0	0	0	0	1	6	0	0	0	7
171.200	0	0	0	0	0	0	0	0	0	0	0	0	0	0	0	0	0	0	0	7	0	0	0	5
171.400	0	0	0	0	0	0	0	0	0	0	0	0	0	0	0	0	0	0	0	7	0	0	0	4
171.600	0	0	0	0	0	0	0	0	0	0	0	0	0	0	0	0	0	0	0	8	0	0	0	5
171.800	0	0	0	0	0	0	0	0	0	0	0	0	0	0	0	0	0	0	0	7	0	0	0	5
172.000	0	0	0	0	0	0	0	0	0	0	0	0	0	0	0	0	0	0	0	5	0	0	0	6
172.200	0	0	0	0	0	0	0	0	0	0	0	0	0	0	0	0	0	0	0	6	0	0	0	11
172.400	0	0	0	0	0	0	0	0	0	0	0	0	0	0	0	0	0	0	0	8	0	0	0	5
172.600	0	0	0	0	0	0	0	0	0	0	0	0	0	0	0	0	0	0	0	6	0	0	0	8
172.800	0	0	0	0	0	0	0	0	0	0	0	0	0	0	0	0	0	0	0	4	0	0	0	4
173.000	0	0	0	0	0	0	0	0	0	0	0	0	0	0	0	0	0	0	1	4	0	0	0	0
173.200	0	0	0	0	0	0	0	0	0	0	0	0	0	0	0	0	0	0	4	0	0	0	0	8
173.400	0	0	0	0	0	0	0	0	0	0	0	0	0	0	0	0	0	0	4	0	0	0	0	10
173.600	0	0	0	0	0	0	0	0	0	0	0	0	0	0	0	0	0	0	5	0	0	0	0	10
173.800	0	0	0	0	0	0	0	0	0	0	0	0	0	0	0	0	0	0	6	10	0	0	0	4
174.000	0	0	0	0	0	0	0	0	0	0	0	0	0	0	0	0	0	0	6	7	0	0	0	1
174.200	0	0	0	0	0	0	0	0	0	0	0	0	0	0	0	0	0	0	5	7	0	0	0	2
174.400	0	0	0	0	0	0	0	0	0	0	0	0	0	0	0	0	0	0	4	7	0	0	0	1
174.600	0	0	0	0	0	0	0	0	0	0	0	0	0	0	0	0	0	0	4	0	0	0	0	8
174.800	0	0	0	0	0	0	0	0	0	0	0	0	0	0	0	0	0	0	4	0	0	0	0	12
175.000	0	0	0	0	0	0	0	0	0	0	0	0	0	0	0	0	0	0	3	0	0	0	0	9
175.200	0	0	0	0	0	0	0	0	0	0	0	0	0	0	0	0	0	0	2	0	0	0	0	8
175.400	0	0	0	0	0	0	0	0	0	0	0	0	0	0	0	0	0	0	1	1	0	0	0	4
175.600	0	0	0	0	0	0	0	0	0	0	0	0	0	0	0	0	0	0	0	0	0	0	0	9
175.800	0	0	0	0	0	0	0	0	0	0	0	0	0	0	0	0	0	0	1	0	0	0	0	9
176.000	0	0	0	0	0	0	0	0	0	0	0	0	0	0	0	0	0	0	0	0	0	0	0	6
176.200	0	0	0	0	0	0	0	0	0	0	0	0	0	0	0	0	0	0	4	0	0	0	0	7
176.400	0	0	0	0	0	0	0	0	0	0	0	0	0	0	0	0	0	0	4	1	0	0	0	4
176.600	0	0	0	0	0	0	0	0	0	0	0	0	0	0	0	0	0	0	4	1	0	0	0	7
176.800	0	0	0	0	0	0	0	0	0	0	0	0	0	0	0	0	0	0	4	2	0	0	0	3
177.000	0	0	0	0	0	0	0	0	0	0	0	0	0	0	0	0	0	0	1	0	0	0	0	8
177.200	0	0	0	0	0	0	0	0	0	0	0	0	0	0	0	0	0	0	1	0	0	0	0	8
177.400	0	0	0	0	0	0	0	0	0	0	0	0	0	0	0	0	0	0	3	0	0	0	0	5
177.600	0	0	0	0	0	0	0	0	0	0	0	0	0	0	0	0	0	0	1	0	0	0	0	6
177.800	0	0	0	0	0	0	0	0	0	0	0	0	0	0	0	0	0	0	1	0	1	0	0	6
178.000	0	0	0	0	0	0	0	0	0	0	0	0	0	0	0	0	0	0	1	0	0	0	0	10
178.200	0	0	0	0	0	0	0	0	0	0	0	0	0	0	0	0	0	0	1	0	0	0	0	8
178.400	0	0	0	0	0	0	0	0	0	0	0	0	0	0	0	0	0	0	1	0	0	0	0	6
178.600	0	0	0	0	0	0	0	0	0	0	0	0	0	0	0	0	0	0	1	0	1	0	0	9
178.800	0	0	0	0	0	0	0	0	0	0	0	0	0	0	0	0	0	0	0	0	3	0	0	8
179.000	0	0	0	0	0	0	0	0	0	0	0	0	0	0	0	0	0	0	1	0	3	0	0	10
179.200	0	0	0	0	0	0	0	0	0	0	0	0	0	0	0	0	0	0	0	0	1	0	0	7
179.400	0	0	0	0	0	0	0	0	0	0	0	0	0	0	0	0	0	0	0	0	3	0	0	9
179.600	0	0	0	0	0	0	0	0	0	0	0	0	0	0	0	0	0	0	0	0	1	0	0	6
179.800	0	0	0	0	0	0	0	0	0	0	0	0	0	0	0	0	0	0	0	0	3	0	0	8
180.000	0	0	0	0	0	0	0	0	0	0	0	0	0	0	0	0	0	0	0	0	2	0	0	10
180.200	0	0	0	0	0	0	0	0	0	0	0	0	0	0	0	0	0	0	0	0	1	0	0	8
180.400	0	0	0	0	0	0	0	0	0	0	0	0	0	0	0	0	0	0	0	0	1	0	0	10
180.600	0	0	0	0	0	0	0	0	0	0	0	0	0	0	0	0	0	0	0	0	1	0	0	12
180.800	0	0	0	0	0	0	0	0	0	0	0	0	0	0	0	0	0	0	0	0	1	0	0	14
181.000	0	0	0	0	0	0	0	0	0	0	0	0	0	0	0	0	0	0	1	0	2	0	0	7
181.200	0	0	0	0	0	0	0	0	0	0	0	0	0	0	0	0	0	0	0	0	1	0	0	8
181.400	0	0	0	0	0	0	0	0	0	0	0	0	0	0	0	0	0	0	0	0	2	0	0	8
181.600	0	0	0	0	0	0	0	0	0	0	0	0	0	0	0	0	0	0	0	0	1	0	0	9
181.800	0	0	0	0	0	0	0	0	0	0	0	0	0	0	0	0	0	0	0	0	1	0	0	6
182.000	0	0	0	0	0	0	0	0	0	0	0	0	0	0	0	0	0	0	0	0	1	0	0	10
182.200	0	0	0	0	0	0	0	0	0	0	0	0	0	0	0	0	0	0	0	0	0	0	0	12
182.400	0	0	0	0	0	0	0	0	0	0	0	0	0	0	0	0	0	0	1	0	2	0	0	7
182.600	0	0	0	0	0	0	0	0	0	0	0	0	0	0	0	0	0	0	0	0	0	0	0	8
182.800	0	0	0	0	0	0	0	0	0	0	0	0	0	0	0	0	0	0	0	0	0	0	0	4
183.000	0	0	0	0	0	0	0	0	0	0	0	0	0	0	0	0	0	0	0	0	0	0	0	3
183.200	0	0	0	0	0	0	0	0	0	0	0	0	0	0	0	0	0	0	1	0	0	0	0	4
183.400	0	0	0	0	0	0	0	0	0	0	0	0	0	0	0	0	0	0	0	0	0	0	0	3
183.600	0	0	0	0	0	0	0	0	0	0	0	0	0	0	0	0	0	0	0	0	0	0	0	5
183.800	0	0	0	0	0	0	0	0	0	0	0	0	0	0	0	0	0	0	0	0	0	0	0	5
184.000	0	0	0	0	0	0	0	0	0	0	0	0	0	0	0	0	0	0	0	0	0	0	0	4
184.200	0	0	0	0	0	0	0	0	0	0	0	0	0	0	0	0	0	0	0	0	0	0	0	2
184.400	0	0	0	0	0	0	0	0	0	0	0	0	0	0	0	0	0	0	0	0	0	0	0	3
184.600	0	0	0	0	0	0	0	0	0	0	0	0	0	0	0	0	0	0	0	0	0	0	0	7
184.800	0	0	0	0	0	0	0	0	0	0	0	0	0	0	0	0	0	0	0	0	0	0	0	5
185.000	0	0	0	0	0	0	0	0	0	0	0	0	0	0	0	0	0	0	0	0	0	0	0	4
185.200	0	0	0	0	0	0	0	0	0	0	0	0	0	0	0	0	0	0	0	0	0	0	0	4
185.400	0	0	0	0	0	0	0	0	0	0	0	0	0	0	0	0	0	0	0	0	0	0	0	9
185.600	0	0	0	0	0	0	0	0	0	0	0	0	0	0	0	0	0	0	0	0	1	0	0	8
185.800	0	0	0	0	0	0	0	0	0	0	0	0	0	0	0	0	0	0	0	0	0	0	0	9
186.000	0	0	0	0	0	0	0	0	0	0	0	0	0	0	0	0	0	0	0	0	0	0	0	8
186.200	0	0	0	0	0	0	0	0	0	0	0	0	0	0	0	0	0	0	0	1	0	0	0	8
186.400	0	0	0	0	0	0	0	0	0	0	0	0	0	0	0	0	0	0	0	1	0	0	0	5
186.600	0	0	0	0	0	0	0	0	0	0	0	0	0	0	0	0	0	0	0	0	0	0	0	5
186.800	0	0	0	0	0	0	0	0	0	0	0	0	0	0	0	0	0	0	0	0	0	0	0	4
187.000	0	0	0	0	0	0	0	0	0	0	0	0	0	0	0	0	0	0	0	0	0	0	0	5
187.200	0	0	0	0	0	0	0	0	0	0	0	0	0	0	0	0	0	0	0	0	0	0	0	2
187.400	0	0	0	0	0	0	0	0	0	0	0	0	0	0	0	0	0	0	0	0	0	0	0	9
187.600	0	0	0	0	0	0	0	0	0	0	0	0	0	0	0	0	0	0	0	0	0	0	0	8
187.800	0	0	0	0	0	0	0	0	0	0	0	0	0	0	0	0	0	0	0	0	0	0	0	6
188.000	0	0	0	0	0	0	0	0	0	0	0	0	0	0	0	0	0	0	0	0	0	0	0	8
188.200	0	0	0	0	0	0	0	0	0	0	0	0	0	0	0	0	0	0	0	0	0	0	0	7
188.400	0	0	0	0	0	0	0	0	0	0	0	0	0	0	0	0	0	0	0	0	0	0	0	2
188.600	0	0	0	0	0	0	0	0	0	0	0	0	0	0	0	0	0	0	0	0	0	0	0	6
188.800	0	0	0	0	0	0	0	0	0	0	0	0	0	0	0	0	0	0	0	0	0	0	0	5
189.000	0	0	0	0	0	0	0	0	0	0	0	0	0	0	0	0	0	0	0	1	0	0	0	2
189.200	0	0	0	0	0	0	0	0	0	0	0	0	0	0	0	0	0	0	0	4	0	0	0	4
189.400	0	0	0	0	0	0	0	0	0	0	0	0	0	0	0	0	0	0	0	5	0	0	0	1
189.600	0	0	0	0	0	0	0	0	0	0	0	0	0	0	0	0	0	0	0	5	0	0	0	6
189.800	0	0	0	0	0	0	0	0	0	0	0	0	0	0	0	0	0	0	0	4	0	0	0	1
190.000	0	0	0	0	0	0	0	0	0	0	0	0	0	0	0	0	0	0	0	5	0	0	0	2
190.200	0	0	0	0	0	0	0	0	0	0	0	0	0	0	0	0	0	0	0	2	0	0	0	0
190.400	0	0	0	0	0	0	0	0	0	0	0	0	0	0	0	0	0	0	0	0	0	0	0	0
190.600	0	0	0	0	0	0	0	0	0	0	0	0	0	0	0	0	0	0	0	2	0	0	0	0
190.800	0	0	0	0	0	0	0	0	0	0	0	0	0	0	1	0	0	0	0	0	0	0	0	0
191.000	0	0	0	0	0	0	0	0	0	0	0	0	0	0	0	0	0	0	0	2	0	0	0	0
191.200	0	0	0	0	0	0	0	0	0	0	0	0	0	0	0	0	0	0	0	4	0	0	0	0
191.400	0	0	0	0	0	0	0	0	0	0	0	0	0	0	0	0	0	0	0	8	0	0	0	0
191.600	0	0	0	0	0	0	0	0	0	0	0	0	0	0	0	0	0	0	0	0	0	0	0	4
191.800	0	0	0	0	0	0	0	0	0	0	0	0	0	0	0	0	0	0	0	7	0	0	0	4
192.000	0	0	0	0	0	0	0	0	0	0	0	0	0	0	0	0	0	0	0	9	0	0	0	4
192.200	0	0	0	0	0	0	0	0	0	0	0	0	0	0	0	0	0	0	0	9	0	0	0	5
192.400	0	0	0	0	0	0	0	0	0	0	0	0	0	0	0	1	0	0	0	9	0	0	0	6
192.600	0	0	0	0	0	0	0	0	0	0	0	0	0	0	0	1	0	0	0	7	0	0	0	5
192.800	0	0	0	0	0	0	0	0	0	0	0	0	0	0	0	0	0	0	0	7	0	0	0	8
193.000	0	0	0	0	0	0	0	0	0	0	0	0	0	0	0	2	0	0	0	9	0	0	0	7
193.200	0	0	0	0	0	0	0	0	0	0	0	0	0	0	0	0	0	0	0	4	0	0	0	4
193.400	0	0	0	0	0	0	0	0	0	0	0	0	0	0	0	1	0	0	0	7	0	0	0	6
193.600	0	0	0	0	0	0	0	0	0	0	0	0	0	0	0	6	0	0	0	9	0	0	0	5
193.800	0	0	0	0	0	0	0	0	0	0	0	0	0	0	0	7	0	0	0	9	0	0	0	3
194.000	0	0	0	0	0	0	0	0	0	0	0	0	0	0	0	4	0	0	0	10	0	0	0	5
194.200	0	0	0	0	0	0	0	0	0	0	0	0	0	0	0	6	0	0	0	6	0	0	0	8
194.400	0	0	0	0	0	0	0	0	0	0	0	0	0	0	0	8	0	0	0	11	0	0	0	8
194.600	0	0	0	0	0	0	0	0	0	0	0	0	0	0	0	7	0	0	0	7	0	0	0	7
194.800	0	0	0	0	0	0	0	0	0	0	0	0	0	0	0	5	0	0	0	9	0	0	0	9
195.000	0	0	0	0	0	0	0	0	0	0	0	0	0	0	0	7	0	0	1	8	0	0	0	9
195.200	0	0	0	0	0	0	0	0	0	0	0	0	0	0	0	7	0	0	1	5	0	0	0	7
195.400	0	0	0	0	0	0	0	0	0	0	0	0	0	0	0	4	0	0	0	0	0	0	0	8
195.600	0	0	0	0	0	0	0	0	0	0	0	0	0	0	0	4	0	0	1	1	0	0	0	8
195.800	0	0	0	0	0	0	0	0	0	0	0	0	0	0	0	5	0	0	1	0	0	0	0	4
196.000	0	0	0	0	0	0	0	0	0	0	0	0	0	0	0	5	0	0	0	2	0	0	0	6
196.200	0	0	0	0	0	0	0	0	0	0	0	0	0	0	0	4	0	0	0	3	0	0	0	1
196.400	0	0	0	0	0	0	0	0	0	0	0	0	0	0	0	4	0	0	0	3	0	0	0	4
196.600	0	0	0	0	0	0	0	0	0	0	0	0	0	0	0	5	0	0	0	7	0	0	0	1
196.800	0	0	0	0	0	0	0	0	0	0	0	0	0	0	0	2	0	0	0	2	0	0	0	4
197.000	0	0	0	0	0	0	0	0	0	0	0	0	0	0	0	5	0	0	0	7	0	0	0	0
197.200	0	0	0	0	0	0	0	0	0	0	0	0	0	0	0	4	0	0	0	10	0	0	0	0
197.400	0	0	0	0	0	0	0	0	0	0	0	0	0	0	0	5	0	0	0	3	0	0	0	0
197.600	0	0	0	0	0	0	0	0	0	0	0	0	0	0	0	6	0	0	2	7	0	0	0	0
197.800	0	0	0	0	0	0	0	0	0	0	0	0	0	0	0	7	0	0	3	9	0	0	0	0
198.000	0	0	0	0	0	0	0	0	0	0	0	0	0	0	0	2	0	0	2	7	0	0	0	0
198.200	0	0	0	0	0	0	0	0	0	0	0	0	0	0	0	2	0	0	0	7	0	0	0	2
198.400	0	0	0	0	0	0	0	0	0	0	0	0	0	0	0	2	0	0	0	6	0	0	0	0
198.600	0	0	0	0	0	0	0	0	0	0	0	0	0	0	0	2	0	0	3	6	0	0	0	0
198.800	0	0	0	0	0	0	0	0	0	0	0	0	0	0	0	2	0	0	0	8	0	0	0	0
199.000	0	0	0	0	0	0	0	0	0	0	0	0	0	0	0	2	0	0	2	9	0	0	0	0
199.200	0	0	0	0	0	0	0	0	0	0	0	0	0	0	0	2	0	0	3	9	0	0	0	0
199.400	0	0	0	0	0	0	0	0	0	0	0	0	0	0	0	2	0	0	1	6	0	0	0	1
199.600	0	0	0	0	0	0	0	0	0	0	0	0	0	0	0	2	0	0	1	8	0	0	0	0
199.800	0	0	0	0	0	0	0	0	0	0	0	0	0	0	0	2	0	0	2	7	0	0	0	1
200.000	0	0	0	0	0	0	0	0	0	0	0	0	0	0	0	4	0	0	3	8	0	0	0	0
200.200	0	0	0	0	0	0	0	0	0	0	0	0	0	0	0	3	0	0	3	4	0	0	0	0
200.400	0	0	0	0	0	0	0	0	0	0	0	0	0	0	0	3	0	0	0	4	0	0	0	0
200.600	0	0	0	0	0	0	0	0	0	0	0	0	0	0	0	2	0	0	1	7	0	0	0	0
200.800	0	0	0	0	0	0	0	0	0	0	0	0	0	0	0	4	0	0	0	8	0	0	0	0
201.000	0	0	0	0	0	0	0	0	0	0	0	0	0	0	0	5	0	0	1	3	0	0	0	1
201.200	0	0	0	0	0	0	0	0	0	0	0	0	0	0	0	5	0	0	3	8	0	0	0	0
201.400	0	0	0	0	0	0	0	0	0	0	0	0	0	0	0	7	0	0	0	6	0	0	0	3
201.600	0	0	0	0	0	0	0	0	0	0	0	0	0	0	0	5	0	0	1	7	0	0	0	3
201.800	0	0	0	0	0	0	0	0	0	0	0	0	0	0	0	2	0	0	0	4	0	0	0	0
202.000	0	0	0	0	0	0	0	0	0	0	0	0	0	0	0	0	0	0	0	1	0	0	0	0
202.200	0	0	0	0	0	0	0	0	0	0	0	0	0	0	0	1	0	0	0	3	0	0	0	1
202.400	0	0	0	0	0	0	0	0	0	0	0	0	0	0	0	1	0	0	1	1	0	0	0	1
202.600	0	0	0	0	0	0	0	0	0	0	0	0	0	0	0	1	0	0	0	0	0	0	0	0
202.800	0	0	0	0	0	0	0	0	0	0	0	0	0	0	0	1	0	0	0	0	0	0	0	0
203.000	0	0	0	0	0	0	0	0	0	0	0	0	0	0	0	0	0	0	0	0	0	0	0	3
203.200	0	0	0	0	0	0	0	0	0	0	0	0	0	0	0	1	0	0	1	0	0	0	0	2
203.400	0	0	0	0	0	0	0	0	0	0	0	0	0	0	0	0	0	0	0	0	0	0	0	0
203.600	0	0	0	0	0	0	0	0	0	0	0	0	0	0	0	1	0	0	0	0	0	0	0	4
203.800	0	0	0	0	0	0	0	0	0	0	0	0	0	0	0	4	0	0	0	0	0	0	0	1
204.000	0	0	0	0	0	0	0	0	0	0	0	0	0	0	0	6	0	0	0	5	0	0	0	1
204.200	0	0	0	0	0	0	0	0	0	0	0	0	0	0	0	4	0	0	0	1	0	0	0	1
204.400	0	0	0	0	0	0	0	0	0	0	0	0	0	0	0	11	0	0	1	1	0	0	0	3
204.600	0	0	0	0	0	0	0	0	0	0	0	0	0	0	0	5	0	0	1	2	0	0	0	6
204.800	0	0	0	0	0	0	0	0	0	0	0	0	0	0	0	7	0	0	1	2	0	0	0	1
205.000	0	0	0	0	0	0	0	0	0	0	0	0	0	0	0	7	0	0	0	1	0	0	0	0
205.200	0	0	0	0	0	0	0	0	0	0	0	0	0	0	0	7	0	0	0	1	0	0	0	0
205.400	0	0	0	0	0	0	0	0	0	0	0	0	0	0	0	7	0	0	0	1	0	0	0	0
205.600	0	0	0	0	0	0	0	0	0	0	0	0	0	0	0	5	0	0	0	0	0	0	0	3
205.800	0	0	0	0	0	0	0	0	0	0	0	0	0	0	0	5	0	0	0	2	0	0	0	1
206.000	0	0	0	0	0	0	0	0	0	0	0	0	0	0	0	7	0	0	0	0	0	0	0	1
206.200	0	0	0	0	0	0	0	0	0	0	0	0	0	0	0	3	0	0	0	1	0	0	0	0
206.400	0	0	0	0	0	0	0	0	0	0	0	0	0	0	0	4	0	0	0	1	0	0	0	0
206.600	0	0	0	0	0	0	0	0	0	0	0	0	0	0	0	5	0	0	0	1	0	0	0	0
206.800	0	0	0	0	0	0	0	0	0	0	0	0	0	0	0	3	0	0	0	1	0	0	0	1
207.000	0	0	0	0	0	0	0	0	0	0	0	0	0	0	0	2	0	0	0	0	0	0	0	0
207.200	0	0	0	0	0	0	0	0	0	0	0	0	0	0	0	6	0	0	1	2	0	0	0	0
207.400	0	0	0	0	0	0	0	0	0	0	0	0	0	0	0	2	0	0	0	4	0	0	0	1
207.600	0	0	0	0	0	0	0	0	0	0	0	0	0	0	0	7	0	0	0	8	0	0	0	0
207.800	0	0	0	0	0	0	0	0	0	0	0	0	0	0	0	2	0	0	0	12	0	0	0	0
208.000	0	0	0	0	0	0	0	0	0	0	0	0	0	0	0	1	0	0	0	7	0	0	0	0
208.200	0	0	0	0	0	0	0	0	0	0	0	0	0	0	0	0	0	0	0	7	0	0	0	0
208.400	0	0	0	0	0	0	0	0	0	0	0	0	0	0	0	1	0	0	0	3	0	0	0	0
208.600	0	0	0	0	0	0	0	0	0	0	0	0	0	0	0	5	0	0	0	2	0	0	0	0
208.800	0	0	0	0	0	0	0	0	0	0	0	0	0	0	0	9	0	0	0	8	0	0	0	0
209.000	0	0	0	0	0	0	0	0	0	0	0	0	0	0	0	8	0	0	1	6	0	0	0	0
209.200	0	0	0	0	0	0	0	0	0	0	0	0	0	0	0	9	0	0	1	4	0	0	0	0
209.400	0	0	0	0	0	0	0	0	0	0	0	0	0	0	0	5	0	0	0	4	0	0	0	0
209.600	0	0	0	0	0	0	0	0	0	0	0	0	0	0	0	7	0	0	0	5	0	0	0	0
209.800	0	0	0	0	0	0	0	0	0	0	0	0	0	0	0	7	0	0	0	3	0	0	0	0
210.000	0	0	0	0	0	0	0	0	0	0	0	0	0	0	0	6	0	0	3	7	0	0	0	0
210.200	0	0	0	0	0	0	0	0	0	0	0	0	0	0	0	5	0	0	0	6	0	0	0	0
210.400	0	0	0	0	0	0	0	0	0	0	0	0	0	0	0	4	0	0	1	9	0	0	0	0
210.600	0	0	0	0	0	0	0	0	0	0	0	0	0	0	0	2	0	0	0	4	0	0	0	0
210.800	0	0	0	0	0	0	0	0	0	0	0	0	0	0	0	2	0	0	1	6	0	0	0	0
211.000	0	0	0	0	0	0	0	0	0	0	0	0	0	0	0	1	0	0	1	7	0	0	0	4
211.200	0	0	0	0	0	0	0	0	0	0	0	0	0	0	0	5	0	0	0	6	0	0	0	0
211.400	0	0	0	0	0	0	0	0	0	0	0	0	0	0	0	4	0	0	2	8	0	0	0	0
211.600	0	0	0	0	0	0	0	0	0	0	0	0	0	0	0	4	0	0	0	8	0	0	0	1
211.800	0	0	0	0	0	0	0	0	0	0	0	0	0	0	0	3	0	0	1	2	0	0	0	0
212.000	0	0	0	0	0	0	0	0	0	0	0	0	0	0	0	0	0	0	1	4	0	0	0	1
212.200	0	0	0	0	0	0	0	0	0	0	0	0	0	0	0	0	0	0	0	5	0	0	0	3
212.400	0	0	0	0	0	0	0	0	0	0	0	0	0	0	0	0	0	0	0	3	0	0	0	3
212.600	0	0	0	0	0	0	0	0	0	0	0	0	0	0	0	1	0	0	0	2	0	0	0	3
212.800	0	0	0	0	0	0	0	0	0	0	0	0	0	0	0	1	0	0	1	4	0	0	0	3
213.000	0	0	0	0	0	0	0	0	0	0	0	0	0	0	0	5	0	0	0	1	0	0	0	1
213.200	0	0	0	0	0	0	0	0	0	0	0	0	0	0	0	11	0	0	3	4	0	0	0	4
213.400	0	0	0	0	0	0	0	0	0	0	0	0	0	0	0	9	0	0	0	4	0	0	0	3
213.600	0	0	0	0	0	0	0	0	0	0	0	0	0	0	0	8	0	0	2	3	0	0	0	6
213.800	0	0	0	0	0	0	0	0	0	0	0	0	0	0	0	11	0	0	3	4	0	0	0	2
214.000	0	0	0	0	0	0	0	0	0	0	0	0	0	0	0	8	0	0	0	2	0	0	0	2
214.200	0	0	0	0	0	0	0	0	0	0	0	0	0	0	0	9	0	0	2	5	0	0	0	1
214.400	0	0	0	0	0	0	0	0	0	0	0	0	0	0	0	11	0	1	2	3	0	0	0	0
214.600	0	0	0	0	0	0	0	0	0	0	0	0	0	0	0	9	0	0	2	4	0	0	0	4
214.800	0	0	0	0	0	0	0	0	0	0	0	0	0	0	0	9	0	0	3	4	0	0	0	0
215.000	0	0	0	0	0	0	0	0	0	0	0	0	0	0	0	10	0	0	3	5	0	0	0	0
215.200	0	0	0	0	0	0	0	0	0	0	0	0	0	0	0	13	0	0	0	4	0	0	0	4
215.400	0	0	0	0	0	0	0	0	0	0	0	0	0	0	0	6	0	0	0	5	0	0	0	3
215.600	0	0	0	0	0	0	0	0	0	0	0	0	0	0	0	13	0	0	3	5	0	0	0	4
215.800	0	0	0	0	0	0	0	0	0	0	0	0	0	0	0	11	0	0	1	3	0	0	0	4
216.000	0	0	0	0	0	0	0	0	0	0	0	0	0	0	0	11	0	0	3	4	0	0	0	3
216.200	0	0	0	0	0	0	0	0	0	0	0	0	0	0	0	5	0	0	3	5	0	0	0	4
216.400	0	0	0	0	0	0	0	0	0	0	0	0	0	0	0	13	0	0	3	7	0	0	0	2
216.600	0	0	0	0	0	0	0	0	0	0	0	0	0	0	0	10	0	0	1	5	0	0	0	3
216.800	0	0	0	0	0	0	0	0	0	0	0	0	0	0	0	13	0	0	4	3	0	0	0	2
217.000	0	0	0	0	0	0	0	0	0	0	0	0	0	0	0	9	0	1	5	3	0	0	0	2
217.200	0	0	0	0	0	0	0	0	0	0	0	0	0	0	0	9	0	1	4	2	0	0	0	0
217.400	0	0	0	0	0	0	0	0	0	0	0	0	0	0	0	8	0	1	5	3	0	0	0	1
217.600	0	0	0	0	0	0	0	0	0	0	0	0	0	0	0	10	0	1	5	3	0	0	0	3
217.800	0	0	0	0	0	0	0	0	0	0	0	0	0	0	0	9	0	0	5	3	0	0	0	4
218.000	0	0	0	0	0	0	0	0	0	0	0	0	0	0	0	8	0	1	5	2	0	0	0	2
218.200	0	0	0	0	0	0	0	0	0	0	0	0	0	0	0	7	0	1	5	2	0	0	0	1
218.400	0	0	0	0	0	0	0	0	0	0	0	0	0	0	0	4	0	1	5	5	0	0	0	2
218.600	0	0	0	0	0	0	0	0	0	0	0	0	0	0	0	7	0	1	5	3	0	0	0	2
218.800	0	0	0	0	0	0	0	0	0	0	0	0	0	0	0	9	0	1	5	3	0	0	0	1
219.000	0	0	0	0	0	0	0	0	0	0	0	0	0	0	0	9	0	1	4	0	0	0	0	0
219.200	0	0	0	0	0	0	0	0	0	0	0	0	0	0	0	10	0	1	5	3	0	0	0	3
219.400	0	0	0	0	0	0	0	0	0	0	0	0	0	0	0	4	0	1	5	1	0	0	0	2
219.600	0	0	0	0	0	0	0	0	0	0	0	0	0	0	0	9	0	0	4	2	0	0	0	5
219.800	0	0	0	0	0	0	0	0	0	0	0	0	0	0	0	2	0	0	5	2	0	0	0	5
220.000	0	0	0	0	0	0	0	0	0	0	0	0	0	0	0	8	0	1	7	2	0	0	0	6
220.200	0	0	0	0	0	0	0	0	0	0	0	0	0	0	0	7	0	1	4	3	0	0	0	4
220.400	0	0	0	0	0	0	0	0	0	0	0	0	0	0	0	9	0	0	5	2	0	0	0	2
220.600	0	0	0	0	0	0	0	0	0	0	0	0	0	0	0	6	0	0	5	2	0	0	0	3
220.800	0	0	0	0	0	0	0	0	0	0	0	0	0	0	0	7	0	1	5	1	0	0	0	3
221.000	0	0	0	0	0	0	0	0	0	0	0	0	0	0	0	6	0	1	5	3	0	0	0	4
221.200	0	0	0	0	0	0	0	0	0	0	0	0	0	0	0	3	0	2	8	3	0	0	0	0
221.400	0	0	0	0	0	0	0	0	0	0	0	0	0	0	0	2	0	1	5	5	0	0	0	2
221.600	0	0	0	0	0	0	0	0	0	0	0	0	0	0	0	2	0	0	7	3	0	0	0	6
221.800	0	0	0	0	0	0	0	0	0	0	0	0	0	0	0	2	0	1	7	3	0	0	0	4
222.000	0	0	0	0	0	0	0	0	0	0	0	0	0	0	0	3	0	1	8	2	0	0	0	4
222.200	0	0	0	0	0	0	0	0	0	0	0	0	0	0	0	2	0	1	5	4	0	0	0	3
222.400	0	0	0	0	0	0	0	0	0	0	0	0	0	0	1	2	0	2	7	3	0	0	0	3
222.600	0	0	0	0	0	0	0	0	0	0	0	0	0	0	0	2	0	1	6	2	0	0	0	3
222.800	0	0	0	0	0	0	0	0	0	0	0	0	0	0	0	10	0	1	6	3	0	0	0	6
223.000	0	0	0	0	0	0	0	0	0	0	0	0	0	0	0	8	0	1	7	3	0	0	0	3
223.200	0	0	0	0	0	0	0	0	0	0	0	0	0	0	0	11	0	0	7	5	0	0	0	2
223.400	0	0	0	0	0	0	0	0	0	0	0	0	0	0	0	2	0	1	7	3	0	0	0	3
223.600	0	0	0	0	0	0	0	0	0	0	0	0	0	0	0	8	0	1	7	4	0	0	0	3
223.800	0	0	0	0	0	0	0	0	0	0	0	0	0	0	0	8	0	1	6	3	0	0	0	4
224.000	0	0	0	0	0	0	0	0	0	0	0	0	0	0	0	5	0	1	5	2	0	0	0	0
224.200	0	0	0	0	0	0	0	0	0	0	0	0	0	0	0	7	0	0	6	2	0	0	0	4
224.400	0	0	0	0	0	0	0	0	0	0	0	0	0	0	0	3	0	0	5	4	0	0	0	0
224.600	0	0	0	0	0	0	0	0	0	0	0	0	0	0	0	6	0	1	11	4	0	0	0	2
224.800	0	0	0	0	0	0	0	0	0	0	0	0	0	0	0	10	0	0	5	2	0	0	0	4
225.000	0	0	0	0	0	0	0	0	0	0	0	0	0	0	0	4	0	0	5	2	0	0	0	2
225.200	0	0	0	0	0	0	0	0	0	0	0	0	0	0	0	8	0	0	5	3	0	0	0	3
225.400	0	0	0	0	0	0	0	0	0	0	0	0	0	0	0	4	0	0	4	2	0	0	0	7
225.600	0	0	0	0	0	0	0	0	0	0	0	0	0	0	0	5	0	1	5	2	0	0	0	4
225.800	0	0	0	0	0	0	0	0	0	0	0	0	0	0	0	10	0	0	7	2	0	0	0	0
226.000	0	0	0	0	0	0	0	0	0	0	0	0	0	0	0	0	0	0	5	4	0	0	0	0
226.200	0	0	0	0	0	0	0	0	0	0	0	0	0	0	0	9	0	0	5	3	0	0	0	4
226.400	0	0	0	0	0	0	0	0	0	0	0	0	0	0	0	6	0	1	6	2	0	0	0	3
226.600	0	0	0	0	0	0	0	0	0	0	0	0	0	0	0	12	0	1	7	3	0	0	0	4
226.800	0	0	0	0	0	0	0	0	0	0	0	0	0	0	0	12	0	0	5	3	0	0	0	0
227.000	0	0	0	0	0	0	0	0	0	0	0	0	0	0	0	9	0	0	4	3	0	0	0	5
227.200	0	0	0	0	0	0	0	0	0	0	0	0	0	0	0	8	0	0	5	4	0	0	0	6
227.400	0	0	0	0	0	0	0	0	0	0	0	0	0	0	0	9	0	0	5	4	0	0	0	3
227.600	0	0	0	0	0	0	0	0	0	0	0	0	0	0	0	6	0	0	5	2	0	0	0	4
227.800	0	0	0	0	0	0	0	0	0	0	0	0	0	0	0	9	0	0	5	2	0	0	0	6
228.000	0	0	0	0	0	0	0	0	0	0	0	0	0	0	0	6	0	0	4	3	0	0	0	4
228.200	0	0	0	0	0	0	0	0	0	0	0	0	0	0	0	10	0	0	5	3	0	0	0	0
228.400	0	0	0	0	0	0	0	0	0	0	0	0	0	0	0	15	0	1	6	4	0	0	0	1
228.600	0	0	0	0	0	0	0	0	0	0	0	0	0	0	0	9	0	1	6	3	0	0	0	0
228.800	0	0	0	0	0	0	0	0	0	0	0	0	0	0	0	9	0	0	6	3	0	0	0	4
229.000	0	0	0	0	0	0	0	0	0	0	0	0	0	0	0	9	0	0	6	3	0	0	0	1
229.200	0	0	0	0	0	0	0	0	0	0	0	0	0	0	0	11	0	0	6	3	0	0	0	1
229.400	0	0	0	0	0	0	0	0	0	0	0	0	0	0	0	9	0	0	5	5	0	0	0	4
229.600	0	0	0	0	0	0	0	0	0	0	0	0	0	0	0	10	0	1	7	5	0	0	0	2
229.800	0	0	0	0	0	0	0	0	0	0	0	0	0	0	0	10	0	1	5	5	0	0	0	3
230.000	0	0	0	0	0	0	0	0	0	0	0	0	0	0	1	13	0	1	9	3	0	0	0	5
230.200	0	0	0	0	0	0	0	0	0	0	0	0	0	0	0	14	0	0	5	3	0	0	0	4
230.400	0	0	0	0	0	0	0	0	0	0	0	0	0	0	0	11	0	0	5	3	0	0	0	3
230.600	0	0	0	0	0	0	0	0	0	0	0	0	0	0	0	4	0	0	5	2	0	0	0	0
230.800	0	0	0	0	0	0	0	0	0	0	0	0	0	0	0	6	0	1	5	4	0	0	0	0
231.000	0	0	0	0	0	0	0	0	0	0	0	0	0	0	0	13	0	0	8	2	0	0	0	1
231.200	0	0	0	0	0	0	0	0	0	0	0	0	0	0	0	13	0	1	7	2	0	0	0	2
231.400	0	0	0	0	0	0	0	0	0	0	0	0	0	0	0	15	0	1	9	3	0	0	0	1
231.600	0	0	0	0	0	0	0	0	0	0	0	0	0	0	0	15	0	0	5	3	0	0	0	0
231.800	0	0	0	0	0	0	0	0	0	0	0	0	0	0	0	16	0	1	7	3	0	0	0	1
232.000	0	0	0	0	0	0	0	0	0	0	0	0	0	0	0	13	0	0	8	3	0	0	0	2
232.200	0	0	0	0	0	0	0	0	0	0	0	0	0	0	0	9	0	1	7	3	0	0	0	2
232.400	0	0	0	0	0	0	0	0	0	0	0	0	0	0	0	7	0	1	6	2	0	0	0	2
232.600	0	0	0	0	0	0	0	0	0	0	0	0	0	0	0	4	0	0	5	3	0	0	0	3
232.800	0	0	0	0	0	0	0	0	0	0	0	0	0	0	0	9	0	0	5	3	0	0	0	3
233.000	0	0	0	0	0	0	0	0	0	0	0	0	0	0	0	12	0	1	7	3	0	0	0	4
233.200	0	0	0	0	0	0	0	0	0	0	0	0	0	0	1	14	0	0	5	2	0	0	0	2
233.400	0	0	0	0	0	0	0	0	0	0	0	0	0	0	0	17	0	1	6	3	0	0	0	3
233.600	0	0	0	0	0	0	0	0	0	0	0	0	0	0	3	14	0	0	5	2	0	0	0	1
233.800	0	0	0	0	0	0	0	0	0	0	0	0	0	0	4	16	0	1	9	4	0	0	0	3
234.000	0	0	0	0	0	0	0	0	0	0	0	0	0	0	4	11	0	0	8	3	0	0	0	4
234.200	0	0	0	0	0	0	0	0	0	0	0	0	0	0	2	10	0	1	7	2	0	0	0	3
234.400	0	0	0	0	0	0	0	0	0	0	0	0	0	0	3	18	0	1	6	4	0	0	0	3
234.600	0	0	0	0	0	0	0	0	0	0	0	0	0	0	3	13	0	1	5	2	0	0	0	3
234.800	0	0	0	0	0	0	0	0	0	0	0	0	0	0	0	14	0	1	4	3	0	0	0	4
235.000	0	0	0	0	0	0	0	0	0	0	0	0	0	0	0	8	0	0	6	3	0	0	0	4
235.200	0	0	0	0	0	0	0	0	0	0	0	0	0	0	0	7	0	0	8	4	0	0	0	3
235.400	0	0	0	0	0	0	0	0	0	0	0	0	0	0	0	13	0	0	5	3	0	0	0	1
235.600	0	0	0	0	0	0	0	0	0	0	0	0	0	0	0	16	0	0	6	4	0	0	0	3
235.800	0	0	0	0	0	0	0	0	0	0	0	0	0	0	3	9	0	0	5	3	0	0	0	2
236.000	0	0	0	0	0	0	0	0	0	0	0	0	0	0	0	15	0	1	8	4	0	0	0	3
236.200	0	0	0	0	0	0	0	0	0	0	0	0	0	0	4	11	0	1	8	4	0	0	0	4
236.400	0	0	0	0	0	0	0	0	0	0	0	0	0	0	4	15	0	1	7	6	0	0	0	3
236.600	0	0	0	0	0	0	0	0	0	0	0	0	0	0	5	13	0	1	7	3	0	0	0	3
236.800	0	0	0	0	0	0	0	0	0	0	0	0	0	0	7	10	0	1	4	4	0	0	0	3
237.000	0	0	0	0	0	0	0	0	0	0	0	0	0	0	5	7	0	0	7	3	0	0	0	3
237.200	0	0	0	0	0	0	0	0	0	0	0	0	0	0	6	11	0	1	7	4	0	0	0	3
237.400	0	0	0	0	0	0	0	0	0	0	0	0	0	0	5	14	0	0	7	4	0	0	0	3
237.600	0	0	0	0	0	0	0	0	0	0	0	0	0	0	7	15	0	0	5	4	0	0	0	4
237.800	0	0	0	0	0	0	0	0	0	0	0	0	0	0	7	16	0	0	5	2	0	0	0	3
238.000	0	0	0	0	0	0	0	0	0	0	0	0	0	0	5	18	0	1	7	5	0	0	0	3
238.200	0	0	0	0	0	0	0	0	0	0	0	0	0	0	4	13	0	0	6	4	0	0	0	4
238.400	0	0	0	0	0	0	0	0	0	0	0	0	0	0	9	15	0	1	5	3	0	0	0	3
238.600	0	0	0	0	0	0	0	0	0	0	0	0	0	0	8	15	0	0	7	3	0	0	0	4
238.800	0	0	0	0	0	0	0	0	0	0	0	0	0	0	0	5	0	1	7	6	0	0	0	3
239.000	0	0	0	0	0	0	0	0	0	0	0	0	0	0	1	11	0	0	7	4	0	0	0	2
239.200	0	0	0	0	0	0	0	0	0	0	0	0	0	0	6	14	0	1	7	4	0	0	0	3
239.400	0	0	0	0	0	0	0	0	0	0	0	0	0	0	8	14	0	0	9	4	0	0	0	4
239.600	0	0	0	0	0	0	0	0	0	0	0	0	0	0	4	18	0	0	7	3	0	0	0	2
239.800	0	0	0	0	0	0	0	0	0	0	0	0	0	0	6	16	0	1	10	3	0	0	0	2
240.000	0	0	0	0	0	0	0	0	0	0	0	0	0	0	2	16	0	1	9	1	0	0	0	4
240.200	0	0	0	0	0	0	0	0	0	0	0	0	0	0	3	19	0	0	7	4	0	0	0	1
240.400	0	0	0	0	0	0	0	0	0	0	0	0	0	0	6	16	0	0	10	4	0	0	0	0
240.600	0	0	0	0	0	0	0	0	0	0	0	0	0	0	4	11	0	0	8	4	0	0	0	3
240.800	0	0	0	0	0	0	0	0	0	0	0	0	0	0	6	12	0	1	7	2	0	0	0	1
241.000	0	0	0	0	0	0	0	0	0	0	0	0	0	0	12	10	0	0	7	4	0	0	0	3
241.200	0	0	0	0	0	0	0	0	0	0	0	0	0	0	5	18	0	1	7	4	0	0	0	4
241.400	0	0	0	0	0	0	0	0	0	0	0	0	0	0	8	15	0	1	7	4	0	0	0	3
241.600	0	0	0	0	0	0	0	0	0	0	0	0	0	0	6	12	0	0	5	4	0	0	0	2
241.800	0	0	0	0	0	0	0	0	0	0	0	0	0	0	10	12	0	1	7	4	0	0	0	3
242.000	0	0	0	0	0	0	0	0	0	0	0	0	0	0	14	14	0	0	8	4	0	0	0	1
242.200	0	0	0	0	0	0	0	0	0	0	0	0	0	0	7	13	0	1	6	3	0	0	0	3
242.400	0	0	0	0	0	0	0	0	0	0	0	0	0	0	7	12	0	1	7	3	0	0	0	0
242.600	0	0	0	0	0	0	0	0	0	0	0	0	0	0	10	15	0	0	7	3	0	0	0	3
242.800	0	0	0	0	0	0	0	0	0	0	0	0	0	0	2	12	0	1	8	3	0	0	0	3
243.000	0	0	0	0	0	0	0	0	0	0	0	0	0	0	6	14	0	1	4	2	0	0	0	3
243.200	0	0	0	0	0	0	0	0	0	0	0	0	0	0	5	14	0	0	7	3	0	0	0	1
243.400	0	0	0	0	0	0	0	0	0	0	0	0	0	0	3	13	0	0	7	3	0	0	0	4
243.600	0	0	0	0	0	0	0	0	0	0	0	0	0	0	5	15	0	0	5	3	0	0	0	3
243.800	0	0	0	0	0	0	0	0	0	0	0	0	0	0	3	16	0	0	8	3	0	0	0	1
244.000	0	0	0	0	0	0	0	0	0	0	0	0	0	0	6	12	0	0	7	5	0	0	0	2
244.200	0	0	0	0	0	0	0	0	0	0	0	0	0	0	5	12	0	0	6	3	0	0	0	1
244.400	0	0	0	0	0	0	0	0	0	0	0	0	0	0	11	14	0	0	5	4	0	0	0	1
244.600	0	0	0	0	0	0	0	0	0	0	0	0	0	0	5	17	0	0	5	3	0	0	0	1
244.800	0	0	0	0	0	0	0	0	0	0	0	0	0	0	10	18	0	0	5	2	0	0	0	1
245.000	0	0	0	0	0	0	0	0	0	0	0	0	0	0	7	15	0	0	7	3	0	0	0	2
245.200	0	0	0	0	0	0	0	0	0	0	0	0	0	0	10	13	0	1	7	4	0	0	0	4
245.400	0	0	0	0	0	0	0	0	0	0	0	0	0	0	7	10	0	0	5	3	0	0	0	1
245.600	0	0	0	0	0	0	0	0	0	0	0	0	0	0	15	16	0	1	7	1	0	0	0	1
245.800	0	0	0	0	0	0	0	0	0	0	0	0	0	0	8	20	0	0	5	3	0	0	0	0
246.000	0	0	0	0	0	0	0	0	0	0	0	0	0	0	3	15	0	0	4	1	0	0	0	0
246.200	0	0	0	0	0	0	0	0	0	0	0	0	0	0	3	13	0	0	6	1	0	0	0	5
246.400	0	0	0	0	0	0	0	0	0	0	0	0	0	0	0	17	0	1	6	4	0	0	0	1
246.600	0	0	0	0	0	0	0	0	0	0	0	0	0	0	0	16	0	0	6	4	0	0	0	3
246.800	0	0	0	0	0	0	0	0	0	0	0	0	0	0	4	11	0	0	6	5	0	0	0	0
247.000	0	0	0	0	0	0	0	0	0	0	0	0	0	0	1	14	0	0	5	3	0	0	0	0
247.200	0	0	0	0	0	0	0	0	0	0	0	0	0	0	3	13	0	0	5	3	1	0	0	0
247.400	0	0	0	0	0	0	0	0	0	0	0	0	0	0	6	11	0	0	5	3	0	0	0	0
247.600	0	0	0	0	0	0	0	0	0	0	0	0	0	0	4	11	0	0	6	3	0	0	0	0
247.800	0	0	0	0	0	0	0	0	0	0	0	0	0	0	4	14	0	0	5	1	0	0	0	0
248.000	0	0	0	0	0	0	0	0	0	0	0	0	0	0	6	17	0	1	10	1	0	0	0	8
248.200	0	0	0	0	0	0	0	0	0	0	0	0	0	0	5	15	0	1	5	1	0	0	0	6
248.400	0	0	0	0	0	0	0	0	0	0	0	0	0	0	0	18	0	1	6	4	0	0	0	7
248.600	0	0	0	0	0	0	0	0	0	0	0	0	0	0	2	18	0	1	6	3	0	0	0	8
248.800	0	0	0	0	0	0	0	0	0	0	0	0	0	0	2	10	0	0	5	2	0	0	0	6
249.000	0	0	0	0	0	0	0	0	0	0	0	0	0	0	4	16	0	1	6	3	0	0	0	7
249.200	0	0	0	0	0	0	0	0	0	0	0	0	0	0	3	12	0	0	5	3	0	0	0	7
249.400	0	0	0	0	0	0	0	0	0	0	0	0	0	0	6	14	0	0	5	2	0	0	0	7
249.600	0	0	0	0	0	0	0	0	0	0	0	0	0	0	3	12	0	1	6	2	0	0	0	6
249.800	0	0	0	0	0	0	0	0	0	0	0	0	0	0	2	12	0	1	6	3	0	0	0	6
250.000	0	0	0	0	0	0	0	0	0	0	0	0	0	0	4	14	0	1	8	3	0	0	0	6
250.200	0	0	0	0	0	0	0	0	0	0	0	0	0	0	3	12	0	1	6	2	0	0	0	6
250.400	0	0	0	0	0	0	0	0	0	0	0	0	0	0	5	8	0	0	8	3	0	0	0	4
250.600	0	0	0	0	0	0	0	0	0	0	0	0	0	0	3	3	0	1	9	3	0	0	0	8
250.800	0	0	0	0	0	0	0	0	0	0	0	0	0	0	0	5	0	1	8	3	0	0	0	7
251.000	0	0	0	0	0	0	0	0	0	0	0	0	0	0	2	7	0	1	7	2	0	0	0	5
251.200	0	0	0	0	0	0	0	0	0	0	0	0	0	0	7	5	0	1	9	3	0	0	0	5
251.400	0	0	0	0	0	0	0	0	0	0	0	0	0	0	7	5	0	0	6	5	0	0	0	11
251.600	0	0	0	0	0	0	0	0	0	0	0	0	0	0	5	6	0	1	8	3	0	0	0	8
251.800	0	0	0	0	0	0	0	0	0	0	0	0	0	0	7	3	0	0	5	4	0	0	0	10
252.000	0	0	0	0	0	0	0	0	0	0	0	0	0	0	4	4	0	0	8	2	0	0	0	9
252.200	0	0	0	0	0	0	0	0	0	0	0	0	0	0	6	7	0	0	7	3	0	0	0	6
252.400	0	0	0	0	0	0	0	0	0	0	0	0	0	0	5	5	0	0	5	2	0	0	0	8
252.600	0	0	0	0	0	0	0	0	0	0	0	0	0	0	10	7	0	0	1	2	0	0	0	8
252.800	0	0	0	0	0	0	0	0	0	0	0	0	0	0	5	10	0	1	9	3	0	0	0	7
253.000	0	0	0	0	0	0	0	0	0	0	0	0	0	0	11	11	0	0	8	1	0	0	0	5
253.200	0	0	0	0	0	0	0	0	0	0	0	0	0	0	7	7	0	0	5	1	0	0	0	6
253.400	0	0	0	0	0	0	0	0	0	0	0	0	0	0	8	6	0	0	6	4	0	0	0	7
253.600	0	0	0	0	0	0	0	0	0	0	0	0	0	0	9	6	0	0	5	3	0	0	0	6
253.800	0	0	0	0	0	0	0	0	0	0	0	0	0	0	3	6	0	0	5	3	0	0	0	7
254.000	0	0	0	0	0	0	0	0	0	0	0	0	0	0	4	14	0	0	6	3	0	0	0	7
254.200	0	0	0	0	0	0	0	0	0	0	0	0	0	0	0	12	0	0	6	3	0	0	0	9
254.400	0	0	0	0	0	0	0	0	0	0	0	0	0	0	1	13	0	0	8	3	0	0	0	10
254.600	0	0	0	0	0	0	0	0	0	0	0	0	0	0	1	8	0	0	7	2	0	0	0	6
254.800	0	0	0	0	0	0	0	0	0	0	0	0	0	0	0	9	0	0	4	1	0	0	0	6
255.000	0	0	0	0	0	0	0	0	0	0	0	0	0	0	0	10	0	1	6	2	0	0	0	7
255.200	0	0	0	0	0	0	0	0	0	0	0	0	0	0	0	13	0	0	5	2	0	0	0	6
255.400	0	0	0	0	0	0	0	0	0	0	0	0	0	0	0	7	0	0	5	1	0	0	0	6
255.600	0	0	0	0	0	0	0	0	0	0	0	0	0	0	0	13	0	0	7	2	0	0	0	6
255.800	0	0	0	0	0	0	0	0	0	0	0	0	0	0	0	16	0	0	7	3	0	0	0	6
256.000	0	0	0	0	0	0	0	0	0	0	0	0	0	0	0	15	0	0	6	2	0	0	0	5
256.200	0	0	0	0	0	0	0	0	0	0	0	0	0	0	0	13	0	0	5	2	0	0	0	4
256.400	0	0	0	0	0	0	0	0	0	0	0	0	0	0	0	12	0	1	6	2	0	0	0	5
256.600	0	0	0	0	0	0	0	0	0	0	0	0	0	0	0	13	0	0	6	3	0	0	0	6
256.800	0	0	0	0	0	0	0	0	0	0	0	0	0	0	0	12	0	0	5	2	0	0	0	3
257.000	0	0	0	0	0	0	0	0	0	0	0	0	0	0	0	12	0	1	7	1	0	0	0	5
257.200	0	0	0	0	0	0	0	0	0	0	0	0	0	0	0	12	0	1	6	3	0	0	0	5
257.400	0	0	0	0	0	0	0	0	0	0	0	0	0	0	0	17	0	1	6	2	0	0	0	5
257.600	0	0	0	0	0	0	0	0	0	0	0	0	0	0	0	12	0	1	5	1	0	0	0	5
257.800	0	0	0	0	0	0	0	0	0	0	0	0	0	0	0	13	0	0	5	3	0	0	0	3
258.000	0	0	0	0	0	0	0	0	0	0	0	0	0	0	0	9	0	0	5	2	0	0	0	5
258.200	0	0	0	0	0	0	0	0	0	0	0	0	0	0	0	7	0	0	5	2	0	0	0	4
258.400	0	0	0	0	0	0	0	0	0	0	0	0	0	0	0	7	0	0	5	3	0	0	0	8
258.600	0	0	0	0	0	0	0	0	0	0	0	0	0	0	0	17	0	1	5	3	0	0	0	5
258.800	0	0	0	0	0	0	0	0	0	0	0	0	0	0	0	15	0	0	8	3	0	0	0	5
259.000	0	0	0	0	0	0	0	0	0	0	0	0	0	0	0	11	0	0	5	2	0	0	0	7
259.200	0	0	0	0	0	0	0	0	0	0	0	0	0	0	0	11	0	0	7	3	0	0	0	7
259.400	0	0	0	0	0	0	0	0	0	0	0	0	0	0	2	3	0	0	8	3	0	0	0	5
259.600	0	0	0	0	0	0	0	0	0	0	0	0	0	0	2	11	0	0	6	2	0	0	0	10
259.800	0	0	0	0	0	0	0	0	0	0	0	0	0	0	6	15	0	0	6	2	0	0	0	6
260.000	0	0	0	0	0	0	0	0	0	0	0	0	0	0	0	17	0	0	8	3	0	0	0	7
260.200	0	0	0	0	0	0	0	0	0	0	0	0	0	0	1	14	0	0	9	3	0	0	0	8
260.400	0	0	0	0	0	0	0	0	0	0	0	0	0	0	6	18	0	0	8	2	0	0	0	6
260.600	0	0	0	0	0	0	0	0	0	0	0	0	0	0	1	8	0	0	5	2	0	0	0	6
260.800	0	0	0	0	0	0	0	0	0	0	0	0	0	0	0	6	0	0	4	1	0	0	0	5
261.000	0	0	0	0	0	0	0	0	0	0	0	0	0	0	0	11	0	0	5	4	0	0	0	11
261.200	0	0	0	0	0	0	0	0	0	0	0	0	0	0	0	9	0	0	5	3	0	0	0	9
261.400	0	0	0	0	0	0	0	0	0	0	0	0	0	0	0	12	0	0	5	3	0	0	0	5
261.600	0	0	0	0	0	0	0	0	0	0	0	0	0	0	0	14	0	1	6	2	0	0	0	9
261.800	0	0	0	0	0	0	0	0	0	0	0	0	0	0	0	12	0	1	6	2	0	0	0	5
262.000	0	0	0	0	0	0	0	0	0	0	0	0	0	0	0	6	0	1	7	3	0	0	0	10
262.200	0	0	0	0	0	0	0	0	0	0	0	0	0	0	0	4	0	0	5	2	0	0	0	7
262.400	0	0	0	0	0	0	0	0	0	0	0	0	0	0	0	2	0	0	6	2	0	0	0	9
262.600	0	0	0	0	0	0	0	0	0	0	0	0	0	0	0	11	0	1	5	2	0	0	0	8
262.800	0	0	0	0	0	0	0	0	0	0	0	0	0	0	0	6	0	1	7	3	0	0	0	7
263.000	0	0	0	0	0	0	0	0	0	0	0	0	0	0	0	11	0	1	8	3	0	0	0	9
263.200	0	0	0	0	0	0	0	0	0	0	0	0	0	0	0	13	0	1	9	2	0	0	0	8
263.400	0	0	0	0	0	0	0	0	0	0	0	0	0	0	0	12	0	1	6	2	0	0	0	8
263.600	0	0	0	0	0	0	0	0	0	0	0	0	0	0	0	18	0	0	4	3	0	0	0	8
263.800	0	0	0	0	0	0	0	0	0	0	0	0	0	0	0	8	0	0	6	4	0	0	0	12
264.000	0	0	0	0	0	0	0	0	0	0	0	0	0	0	0	6	0	0	5	2	0	0	0	11
264.200	0	0	0	0	0	0	0	0	0	0	0	0	0	0	0	9	0	0	6	4	0	0	0	10
264.400	0	0	0	0	0	0	0	0	0	0	0	0	0	0	0	10	0	0	6	2	0	0	0	9
264.600	0	0	0	0	0	0	0	0	0	0	0	0	0	0	0	12	0	0	6	2	0	0	0	12
264.800	0	0	0	0	0	0	0	0	0	0	0	0	0	0	0	11	0	0	5	1	0	0	0	9
265.000	0	0	0	0	0	0	0	0	0	0	0	0	0	0	0	14	0	0	7	2	0	0	0	11
265.200	0	0	0	0	0	0	0	0	0	0	0	0	0	0	0	14	0	0	5	5	0	0	0	10
265.400	0	0	0	0	0	0	0	0	0	0	0	0	0	0	0	17	0	0	7	3	0	0	0	12
265.600	0	0	0	0	0	0	0	0	0	0	0	0	0	0	0	11	0	0	6	3	0	0	0	12
265.800	0	0	0	0	0	0	0	0	0	0	0	0	0	0	0	11	0	0	5	2	0	0	0	8
266.000	0	0	0	0	0	0	0	0	0	0	0	0	0	0	0	12	0	0	5	3	0	0	0	11
266.200	0	0	0	0	0	0	0	0	0	0	0	0	0	0	0	18	0	0	5	2	0	0	0	9
266.400	0	0	0	0	0	0	0	0	0	0	0	0	0	0	0	10	0	0	5	2	0	0	0	9
266.600	0	0	0	0	0	0	0	0	0	0	0	0	0	0	0	10	0	0	5	3	0	0	0	10
266.800	0	0	0	0	0	0	0	0	0	0	0	0	0	0	0	11	0	0	5	3	0	0	0	10
267.000	0	0	0	0	0	0	0	0	0	0	0	0	0	0	0	6	0	1	7	2	0	0	0	9
267.200	0	0	0	0	0	0	0	0	0	0	0	0	0	0	0	7	0	1	5	2	0	0	0	7
267.400	0	0	0	0	0	0	0	0	0	0	0	0	0	0	0	2	0	0	5	2	0	0	0	14
267.600	0	0	0	0	0	0	0	0	0	0	0	0	0	0	0	2	0	0	5	0	0	0	0	11
267.800	0	0	0	0	0	0	0	0	0	0	0	0	0	0	0	8	0	1	7	1	0	0	0	9
268.000	0	0	0	0	0	0	0	0	0	0	0	0	0	0	0	9	0	0	5	0	0	0	0	12
268.200	0	0	0	0	0	0	0	0	0	0	0	0	0	0	0	8	0	0	5	0	0	0	0	9
268.400	0	0	0	0	0	0	0	0	0	0	0	0	0	0	0	8	0	0	4	1	0	0	0	12
268.600	0	0	0	0	0	0	0	0	0	0	0	0	0	0	0	5	0	0	5	0	0	0	0	15
268.800	0	0	0	0	0	0	0	0	0	0	0	0	0	0	0	4	0	0	5	0	0	0	0	5
269.000	0	0	0	0	0	0	0	0	0	0	0	0	0	0	0	1	0	0	5	1	0	0	0	14
269.200	0	0	0	0	0	0	0	0	0	0	0	0	0	0	0	3	0	0	4	0	0	0	0	14
269.400	0	0	0	0	0	0	0	0	0	0	0	0	0	0	0	4	0	0	7	0	0	0	0	10
269.600	0	0	0	0	0	0	0	0	0	0	0	0	0	0	0	3	0	0	6	0	0	0	0	10
269.800	0	0	0	0	0	0	0	0	0	0	0	0	0	0	0	4	0	0	4	0	0	0	0	11
270.000	0	0	0	0	0	0	0	0	0	0	0	0	0	0	0	6	0	0	4	0	0	0	0	10
270.200	0	0	0	0	0	0	0	0	0	0	0	0	0	0	0	1	0	0	3	0	0	0	0	7
270.400	0	0	0	0	0	0	0	0	0	0	0	0	0	0	0	4	0	0	5	0	0	0	0	11
270.600	0	0	0	0	0	0	0	0	0	0	0	0	0	0	0	4	0	0	6	1	0	0	0	8
270.800	0	0	0	0	0	0	0	0	0	0	0	0	0	0	0	4	0	1	3	0	0	0	0	10
271.000	0	0	0	0	0	0	0	0	0	0	0	0	0	0	0	7	0	0	3	0	0	0	0	14
271.200	0	0	0	0	0	0	0	0	0	0	0	0	0	0	0	6	0	0	0	0	0	0	0	9
271.400	0	0	0	0	0	0	0	0	0	0	0	0	0	0	0	5	0	0	0	0	0	0	0	10
271.600	0	0	0	0	0	0	0	0	0	0	0	0	0	0	0	4	0	0	0	0	0	0	0	10
271.800	0	0	0	0	0	0	0	0	0	0	0	0	0	0	0	3	0	0	0	0	0	0	0	12
272.000	0	0	0	0	0	0	0	0	0	0	0	0	0	0	0	0	0	2	0	0	0	0	0	6
272.200	0	0	0	0	0	0	0	0	0	0	0	0	0	0	0	0	0	0	0	0	0	0	0	8
272.400	0	0	0	0	0	0	0	0	0	0	0	0	0	0	0	0	0	0	0	0	0	0	0	8
272.600	0	0	0	0	0	0	0	0	0	0	0	0	0	0	0	0	0	0	0	0	0	0	0	10
272.800	0	0	0	0	0	0	0	0	0	0	0	0	0	0	0	0	0	1	0	0	0	0	0	7
273.000	0	0	0	0	0	0	0	0	0	0	0	0	0	0	0	0	0	1	0	0	0	0	0	7
273.200	0	0	0	0	0	0	0	0	0	0	0	0	0	0	0	0	0	0	0	0	0	0	0	10
273.400	0	0	0	0	0	0	0	0	0	0	0	0	0	0	0	0	0	0	0	0	1	0	0	6
273.600	0	0	0	0	0	0	0	0	0	0	0	0	0	0	0	0	0	0	0	0	0	0	0	4
273.800	0	0	0	0	0	0	0	0	0	0	0	0	0	0	0	1	0	1	0	0	1	0	0	5
274.000	0	0	0	0	0	0	0	0	0	0	0	0	0	0	0	3	0	0	0	0	0	0	0	3
274.200	0	0	0	0	0	0	0	0	0	0	0	0	0	0	0	0	0	0	0	0	0	0	0	5
274.400	0	0	0	0	0	0	0	0	0	0	0	0	0	0	0	0	0	0	0	0	0	0	0	7
274.600	0	0	0	0	0	0	0	0	0	0	0	0	0	0	0	0	0	0	0	0	1	0	0	6
274.800	0	0	0	0	0	0	0	0	0	0	0	0	0	0	0	1	0	0	0	0	0	0	0	6
275.000	0	0	0	0	0	0	0	0	0	0	0	0	0	0	0	2	0	0	0	0	0	0	0	5
275.200	0	0	0	0	0	0	0	0	0	0	0	0	0	0	0	4	0	0	0	0	0	0	0	6
275.400	0	0	0	0	0	0	0	0	0	0	0	0	0	0	0	4	0	0	0	0	1	0	0	9
275.600	0	0	0	0	0	0	0	0	0	0	0	0	0	0	0	3	0	0	0	0	1	0	0	7
275.800	0	0	0	0	0	0	0	0	0	0	0	0	0	0	0	5	0	0	0	0	1	0	0	7
276.000	0	0	0	0	0	0	0	0	0	0	0	0	0	0	0	4	0	0	0	0	2	0	0	7
276.200	0	0	0	0	0	0	0	0	0	0	0	0	0	0	0	6	0	0	0	0	2	0	0	7
276.400	0	0	0	0	0	0	0	0	0	0	0	0	0	0	0	5	0	0	0	0	2	0	0	7
276.600	0	0	0	0	0	0	0	0	0	0	0	0	0	0	0	1	0	0	0	0	2	0	0	7
276.800	0	0	0	0	0	0	0	0	0	0	0	0	0	0	0	3	0	0	0	0	1	0	0	7
277.000	0	0	0	0	0	0	0	0	0	0	0	0	0	0	0	3	0	0	0	0	2	0	0	8
277.200	0	0	0	0	0	0	0	0	0	0	0	0	0	0	0	1	0	0	0	0	3	0	0	6
277.400	0	0	0	0	0	0	0	0	0	0	0	0	0	0	0	4	0	0	0	0	3	0	0	7
277.600	0	0	0	0	0	0	0	0	0	0	0	0	0	0	0	4	0	0	0	0	3	0	0	6
277.800	0	0	0	0	0	0	0	0	0	0	0	0	0	0	0	4	0	0	0	0	3	0	0	6
278.000	0	0	0	0	0	0	0	0	0	0	0	0	0	0	0	4	0	0	0	0	1	0	0	6
278.200	0	0	0	0	0	0	0	0	0	0	0	0	0	0	0	5	0	0	0	0	1	0	0	7
278.400	0	0	0	0	0	0	0	0	0	0	0	0	0	0	0	0	0	0	0	0	1	0	0	7
278.600	0	0	0	0	0	0	0	0	0	0	0	0	0	0	0	0	0	0	0	0	1	0	0	7
278.800	0	0	0	0	0	0	0	0	0	0	0	0	0	0	0	3	0	0	1	0	0	0	0	7
279.000	0	0	0	0	0	0	0	0	0	0	0	0	0	0	0	4	0	0	0	0	2	0	0	7
279.200	0	0	0	0	0	0	0	0	0	0	0	0	0	0	0	3	0	0	0	0	2	0	0	4
279.400	0	0	0	0	0	0	0	0	0	0	0	0	0	0	0	0	0	0	0	0	2	0	0	6
279.600	0	0	0	0	0	0	0	0	0	0	0	0	0	0	0	0	0	0	1	0	3	0	0	7
279.800	0	0	0	0	0	0	0	0	0	0	0	0	0	0	0	0	0	0	0	0	1	0	0	5
280.000	0	0	0	0	0	0	0	0	0	0	0	0	0	0	0	0	0	0	0	0	2	0	0	6
280.200	0	0	0	0	0	0	0	0	0	0	0	0	0	0	0	0	0	0	0	1	2	0	0	8
280.400	0	0	0	0	0	0	0	0	0	0	0	0	0	0	0	1	0	0	0	0	3	0	0	6
280.600	0	0	0	0	0	0	0	0	0	0	0	0	0	0	0	0	0	0	0	1	2	0	0	7
280.800	0	0	0	0	0	0	0	0	0	0	0	0	0	0	0	2	0	0	1	1	3	0	0	4
281.000	0	0	0	0	0	0	0	0	0	0	0	0	0	0	0	0	0	0	0	0	0	0	0	8
281.200	0	0	0	0	0	0	0	0	0	0	0	0	0	0	0	0	0	0	0	1	2	0	0	6
281.400	0	0	0	0	0	0	0	0	0	0	0	0	0	0	0	0	0	0	0	0	0	0	0	7
281.600	0	0	0	0	0	0	0	0	0	0	0	0	0	0	0	0	0	1	0	1	1	0	0	11
281.800	0	0	0	0	0	0	0	0	0	0	0	0	0	0	0	4	0	0	0	1	3	0	0	7
282.000	0	0	0	0	0	0	0	0	0	0	0	0	0	0	0	1	0	1	0	1	1	0	0	6
282.200	0	0	0	0	0	0	0	0	0	0	0	0	0	0	0	4	0	1	1	1	1	0	0	6
282.400	0	0	0	0	0	0	0	0	0	0	0	0	0	0	0	4	0	1	6	2	1	0	0	7
282.600	0	0	0	0	0	0	0	0	0	0	0	0	0	0	0	1	0	1	8	3	1	0	0	4
282.800	0	0	0	0	0	0	0	0	0	0	0	0	0	0	0	3	0	1	5	2	1	0	0	7
283.000	0	0	0	0	0	0	0	0	0	0	0	0	0	0	0	1	0	1	6	2	0	0	0	8
283.200	0	0	0	0	0	0	0	0	0	0	0	0	0	0	0	4	0	1	5	2	1	0	0	6
283.400	0	0	0	0	0	0	0	0	0	0	0	0	0	0	0	5	0	0	6	3	0	0	0	6
283.600	0	0	0	0	0	0	0	0	0	0	0	0	0	0	0	3	0	0	5	3	0	0	0	7
283.800	0	0	0	0	0	0	0	0	0	0	0	0	0	0	0	3	0	1	7	3	1	0	0	8
284.000	0	0	0	0	0	0	0	0	0	0	0	0	0	0	0	4	0	0	6	2	1	0	0	6
284.200	0	0	0	0	0	0	0	0	0	0	0	0	0	0	0	2	0	1	8	2	1	0	0	7
284.400	0	0	0	0	0	0	0	0	0	0	0	0	0	0	0	4	0	1	6	2	2	0	0	7
284.600	0	0	0	0	0	0	0	0	0	0	0	0	0	0	0	4	0	1	6	2	1	0	0	7
284.800	0	0	0	0	0	0	0	0	0	0	0	0	0	0	0	2	0	1	6	2	3	0	0	7
285.000	0	0	0	0	0	0	0	0	0	0	0	0	0	0	0	2	0	1	8	3	1	0	0	6
285.200	0	0	0	0	0	0	0	0	0	0	0	0	0	0	0	2	0	1	8	3	2	0	0	4
285.400	0	0	0	0	0	0	0	0	0	0	0	0	0	0	0	1	0	1	8	3	2	0	0	5
285.600	0	0	0	0	0	0	0	0	0	0	0	0	0	0	0	2	0	1	8	2	3	0	0	7
285.800	0	0	0	0	0	0	0	0	0	0	0	0	0	0	0	2	0	1	9	2	0	0	0	7
286.000	0	0	0	0	0	0	0	0	0	0	0	0	0	0	0	2	0	1	8	2	1	0	0	6
286.200	0	0	0	0	0	0	0	0	0	0	0	0	0	0	0	4	0	1	7	2	1	0	0	6
286.400	0	0	0	0	0	0	0	0	0	0	0	0	0	0	0	5	0	1	5	2	1	0	0	8
286.600	0	0	0	0	0	0	0	0	0	0	0	0	0	0	0	1	0	1	9	3	1	0	0	6
286.800	0	0	0	0	0	0	0	0	0	0	0	0	0	0	0	1	0	1	7	3	2	0	0	6
287.000	0	0	0	0	0	0	0	0	0	0	0	0	0	0	0	0	0	1	7	2	0	0	0	8
287.200	0	0	0	0	0	0	0	0	0	0	0	0	0	0	0	2	0	0	7	2	0	0	0	7
287.400	0	0	0	0	0	0	0	0	0	0	0	0	0	0	0	2	0	1	7	3	0	0	0	7
287.600	0	0	0	0	0	0	0	0	0	0	0	0	0	0	0	1	0	1	6	3	1	0	0	6
287.800	0	0	0	0	0	0	0	0	0	0	0	0	0	0	0	1	0	0	6	2	0	0	0	5
288.000	0	0	0	0	0	0	0	0	0	0	0	0	0	0	0	5	0	1	8	1	0	0	0	4
288.200	0	0	0	0	0	0	0	0	0	0	0	0	0	0	0	5	0	0	8	2	1	0	0	7
288.400	0	0	0	0	0	0	0	0	0	0	0	0	0	0	0	9	0	1	8	3	1	0	0	5
288.600	0	0	0	0	0	0	0	0	0	0	0	0	0	0	0	3	0	1	6	2	2	0	0	7
288.800	0	0	0	0	0	0	0	0	0	0	0	0	0	0	0	10	0	1	7	3	2	0	0	4
289.000	0	0	0	0	0	0	0	0	0	0	0	0	0	0	0	6	0	0	5	1	3	0	0	4
289.200	0	0	0	0	0	0	0	0	0	0	0	0	0	0	0	10	0	0	6	1	3	0	0	7
289.400	0	0	0	0	0	0	0	0	0	0	0	0	0	0	0	9	0	1	8	2	1	0	0	6
289.600	0	0	0	0	0	0	0	0	0	0	0	0	0	0	0	5	0	1	6	0	1	0	0	8
289.800	0	0	0	0	0	0	0	0	0	0	0	0	0	0	0	7	0	0	6	2	1	0	0	5
290.000	0	0	0	0	0	0	0	0	0	0	0	0	0	0	0	7	0	1	6	3	0	0	0	7
290.200	0	0	0	0	0	0	0	0	0	0	0	0	0	0	0	13	0	1	8	3	3	0	0	6
290.400	0	0	0	0	0	0	0	0	0	0	0	0	0	0	0	6	0	1	7	4	2	0	0	6
290.600	0	0	0	0	0	0	0	0	0	0	0	0	0	0	0	9	0	1	5	2	0	0	0	4
290.800	0	0	0	0	0	0	0	0	0	0	0	0	0	0	0	9	0	1	7	2	0	0	0	7
291.000	0	0	0	0	0	0	0	0	0	0	0	0	0	0	0	8	0	1	8	5	2	0	0	6
291.200	0	0	0	0	0	0	0	0	0	0	0	0	0	0	0	7	0	0	8	2	2	0	0	4
291.400	0	0	0	0	0	0	0	0	0	0	0	0	0	0	0	10	0	0	8	3	0	0	0	6
291.600	0	0	0	0	0	0	0	0	0	0	0	0	0	0	0	6	0	0	10	1	1	0	0	6
291.800	0	0	0	0	0	0	0	0	0	0	0	0	0	0	0	3	0	1	8	3	3	0	0	6
292.000	0	0	0	0	0	0	0	0	0	0	0	0	0	0	0	8	0	0	9	3	1	0	0	3
292.200	0	0	0	0	0	0	0	0	0	0	0	0	0	0	0	5	0	0	6	2	1	0	0	3
292.400	0	0	0	0	0	0	0	0	0	0	0	0	0	0	0	4	0	1	5	2	1	0	0	7
292.600	0	0	0	0	0	0	0	0	0	0	0	0	0	0	0	5	0	1	8	3	1	0	0	2
292.800	0	0	0	0	0	0	0	0	0	0	0	0	0	0	0	4	0	0	6	4	0	0	0	6
293.000	0	0	0	0	0	0	0	0	0	0	0	0	0	0	0	8	0	1	8	3	1	0	0	6
293.200	0	0	0	0	0	0	0	0	0	0	0	0	0	0	0	8	0	1	6	4	1	0	0	6
293.400	0	0	0	0	0	0	0	0	0	0	0	0	0	0	0	8	0	0	7	4	1	0	0	6
293.600	0	0	0	0	0	0	0	0	0	0	0	0	0	0	0	5	0	1	7	2	2	0	0	3
293.800	0	0	0	0	0	0	0	0	0	0	0	0	0	0	0	10	0	1	8	1	2	0	0	5
294.000	0	0	0	0	0	0	0	0	0	0	0	0	0	0	0	5	0	0	7	2	1	0	0	7
294.200	0	0	0	0	0	0	0	0	0	0	0	0	0	0	0	11	0	1	7	3	3	0	0	6
294.400	0	0	0	0	0	0	0	0	0	0	0	0	0	0	0	4	0	0	6	3	2	0	0	6
294.600	0	0	0	0	0	0	0	0	0	0	0	0	0	0	0	10	0	1	6	3	0	0	0	5
294.800	0	0	0	0	0	0	0	0	0	0	0	0	0	0	0	4	0	0	5	2	1	0	0	7
295.000	0	0	0	0	0	0	0	0	0	0	0	0	0	0	0	10	0	1	10	3	1	0	0	6
295.200	0	0	0	0	0	0	0	0	0	0	0	0	0	0	0	13	0	1	6	4	0	0	0	5
295.400	0	0	0	0	0	0	0	0	0	0	0	0	0	0	0	10	0	0	5	3	1	0	0	4
295.600	0	0	0	0	0	0	0	0	0	0	0	0	0	0	0	11	0	1	7	3	1	0	0	7
295.800	0	0	0	0	0	0	0	0	0	0	0	0	0	0	0	7	0	1	9	3	0	0	0	8
296.000	0	0	0	0	0	0	0	0	0	0	0	0	0	0	0	7	0	1	7	2	0	0	0	6
296.200	0	0	0	0	0	0	0	0	0	0	0	0	0	0	0	12	0	1	8	4	0	0	0	4
296.400	0	0	0	0	0	0	0	0	0	0	0	0	0	0	0	9	0	1	5	3	0	0	0	8
296.600	0	0	0	0	0	0	0	0	0	0	0	0	0	0	0	7	0	1	6	2	0	0	0	3
296.800	0	0	0	0	0	0	0	0	0	0	0	0	0	0	0	11	0	1	7	3	0	0	0	5
297.000	0	0	0	0	0	0	0	0	0	0	0	0	0	0	0	12	0	1	7	2	0	0	0	3
297.200	0	0	0	0	0	0	0	0	0	0	0	0	0	0	0	13	0	1	9	3	1	0	0	5
297.400	0	0	0	0	0	0	0	0	0	0	0	0	0	0	0	4	0	0	8	3	1	0	0	6
297.600	0	0	0	0	0	0	0	0	0	0	0	0	0	0	0	12	0	0	5	3	1	0	0	6
297.800	0	0	0	0	0	0	0	0	0	0	0	0	0	0	0	14	0	0	5	3	1	0	0	2
298.000	0	0	0	0	0	0	0	0	0	0	0	0	0	0	0	12	0	0	5	3	1	0	0	3
298.200	0	0	0	0	0	0	0	0	0	0	0	0	0	0	0	15	0	1	6	3	1	0	0	4
298.400	0	0	0	0	0	0	0	0	0	0	0	0	0	0	0	7	0	1	5	1	0	0	0	4
298.600	0	0	0	0	0	0	0	0	0	0	0	0	0	0	0	13	0	0	4	1	2	0	0	7
298.800	0	0	0	0	0	0	0	0	0	0	0	0	0	0	0	12	0	1	7	3	0	0	0	7
299.000	0	0	0	0	0	0	0	0	0	0	0	0	0	0	0	10	0	1	9	3	1	0	0	2
299.200	0	0	0	0	0	0	0	0	0	0	0	0	0	0	0	4	0	1	8	3	0	0	0	7
299.400	0	0	0	0	0	0	0	0	0	0	0	0	0	0	0	10	0	1	8	3	1	0	0	4
299.600	0	0	0	0	0	0	0	0	0	0	0	0	0	0	0	10	0	1	5	2	0	0	0	9
299.800	0	0	0	0	0	0	0	0	0	0	0	0	0	0	0	4	0	1	8	3	1	0	0	5
300.000	0	0	0	0	0	0	0	0	0	0	0	0	0	0	0	12	0	1	8	3	1	0	0	4
300.200	0	0	0	0	0	0	0	0	0	0	0	0	0	0	0	6	0	0	6	3	0	0	0	5
300.400	0	0	0	0	0	0	0	0	0	0	0	0	0	0	0	10	0	1	7	2	0	0	0	3
300.600	0	0	0	0	0	0	0	0	0	0	0	0	0	0	0	8	0	1	7	4	0	0	0	3
300.800	0	0	0	0	0	0	0	0	0	0	0	0	0	0	0	9	0	1	7	3	0	0	0	6
301.000	0	0	0	0	0	0	0	0	0	0	0	0	0	0	0	13	0	1	7	2	1	0	0	4
301.200	0	0	0	0	0	0	0	0	0	0	0	0	0	0	0	9	0	1	7	3	0	0	0	3
301.400	0	0	0	0	0	0	0	0	0	0	0	0	0	0	0	13	0	1	6	3	0	0	0	4
301.600	0	0	0	0	0	0	0	0	0	0	0	0	0	0	0	11	0	1	7	2	1	0	0	3
301.800	0	0	0	0	0	0	0	0	0	0	0	0	0	0	0	9	0	1	8	2	1	0	0	6
302.000	0	0	0	0	0	0	0	0	0	0	0	0	0	0	0	12	0	1	7	3	1	0	0	6
302.200	0	0	0	0	0	0	0	0	0	0	0	0	0	0	0	12	0	1	6	3	1	0	0	4
302.400	0	0	0	0	0	0	0	0	0	0	0	0	0	0	0	13	0	1	7	2	1	0	0	6
302.600	0	0	0	0	0	0	0	0	0	0	0	0	0	0	0	10	0	0	8	3	1	0	0	4
302.800	0	0	0	0	0	0	0	0	0	0	0	0	0	0	0	11	0	0	5	2	0	0	0	2
303.000	0	0	0	0	0	0	0	0	0	0	0	0	0	0	0	15	0	1	5	2	0	0	0	4
303.200	0	0	0	0	0	0	0	0	0	0	0	0	0	0	0	14	0	1	6	2	0	0	0	7
303.400	0	0	0	0	0	0	0	0	0	0	0	0	0	0	0	15	0	1	6	2	0	0	0	6
303.600	0	0	0	0	0	0	0	0	0	0	0	0	0	0	0	18	0	1	6	2	0	0	0	7
303.800	0	0	0	0	0	0	0	0	0	0	0	0	0	0	0	14	0	1	8	3	0	0	0	7
304.000	0	0	0	0	0	0	0	0	0	0	0	0	0	0	0	15	0	1	6	2	1	0	0	6
304.200	0	0	0	0	0	0	0	0	0	0	0	0	0	0	0	16	0	1	6	3	0	0	0	3
304.400	0	0	0	0	0	0	0	0	0	0	0	0	0	0	0	15	0	1	8	3	0	0	0	7
304.600	0	0	0	0	0	0	0	0	0	0	0	0	0	0	0	17	0	1	6	3	0	0	0	8
304.800	0	0	0	0	0	0	0	0	0	0	0	0	0	0	0	17	0	1	9	2	0	0	0	7
305.000	0	0	0	0	0	0	0	0	0	0	0	0	0	0	0	12	0	1	9	2	0	0	0	5
305.200	0	0	0	0	0	0	0	0	0	0	0	0	0	0	0	13	0	1	8	4	0	0	0	9
305.400	0	0	0	0	0	0	0	0	0	0	0	0	0	0	0	14	0	1	6	3	0	0	0	3
305.600	0	0	0	0	0	0	0	0	0	0	0	0	0	0	0	14	0	1	6	2	0	0	0	3
305.800	0	0	0	0	0	0	0	0	0	0	0	0	0	0	0	8	0	1	6	2	0	0	0	9
306.000	0	0	0	0	0	0	0	0	0	0	0	0	0	0	0	11	0	1	6	2	0	0	0	8
306.200	0	0	0	0	0	0	0	0	0	0	0	0	0	0	0	12	0	1	6	2	0	0	0	7
306.400	0	0	0	0	0	0	0	0	0	0	0	0	0	0	0	10	0	1	8	4	0	0	0	7
306.600	0	0	0	0	0	0	0	0	0	0	0	0	0	0	0	8	0	1	7	3	0	0	0	9
306.800	0	0	0	0	0	0	0	0	0	0	0	0	0	0	0	13	0	1	6	3	0	0	0	6
307.000	0	0	0	0	0	0	0	0	0	0	0	0	0	0	0	11	0	1	8	4	0	0	0	7
307.200	0	0	0	0	0	0	0	0	0	0	0	0	0	0	0	8	0	1	8	3	0	0	0	6
307.400	0	0	0	0	0	0	0	0	0	0	0	0	0	0	0	10	0	1	10	3	0	0	0	7
307.600	0	0	0	0	0	0	0	0	0	0	0	0	0	0	0	13	0	1	10	1	0	0	0	6
307.800	0	0	0	0	0	0	0	0	0	0	0	0	0	0	0	14	0	1	6	2	0	0	0	4
308.000	0	0	0	0	0	0	0	0	0	0	0	0	0	0	0	13	0	2	11	2	0	0	0	8
308.200	0	0	0	0	0	0	0	0	0	0	0	0	0	0	5	8	0	0	6	2	0	0	0	7
308.400	0	0	0	0	0	0	0	0	0	0	0	0	0	0	3	11	0	1	6	2	0	0	0	10
308.600	0	0	0	0	0	0	0	0	0	0	0	0	0	0	2	9	0	0	6	4	0	0	0	9
308.800	0	0	0	0	0	0	0	0	0	0	0	0	0	0	0	11	0	1	6	3	0	0	0	7
309.000	0	0	0	0	0	0	0	0	0	0	0	0	0	0	0	16	0	1	5	4	0	0	0	6
309.200	0	0	0	0	0	0	0	0	0	0	0	0	0	0	0	17	0	1	6	3	0	0	0	6
309.400	0	0	0	0	0	0	0	0	0	0	0	0	0	0	0	22	0	1	6	3	0	0	0	6
309.600	0	0	0	0	0	0	0	0	0	0	0	0	0	0	0	16	0	0	6	3	0	0	0	6
309.800	0	0	0	0	0	0	0	0	0	0	0	0	0	0	0	14	0	1	8	4	0	0	0	6
310.000	0	0	0	0	0	0	0	0	0	0	0	0	0	0	1	18	0	1	6	3	0	0	0	5
310.200	0	0	0	0	0	0	0	0	0	0	0	0	0	0	0	11	0	1	6	3	1	0	0	5
310.400	0	0	0	0	0	0	0	0	0	0	0	0	0	0	0	16	0	1	6	4	0	0	0	5
310.600	0	0	0	0	0	0	0	0	0	0	0	0	0	0	0	12	0	1	6	2	0	0	0	6
310.800	0	0	0	0	0	0	0	0	0	0	0	0	0	0	0	16	0	1	6	3	0	0	0	7
311.000	0	0	0	0	0	0	0	0	0	0	0	0	0	0	0	17	0	1	6	2	0	0	0	5
311.200	0	0	0	0	0	0	0	0	0	0	0	0	0	0	0	18	0	1	6	3	0	0	0	4
311.400	0	0	0	0	0	0	0	0	0	0	0	0	0	0	0	11	0	1	6	2	1	0	0	5
311.600	0	0	0	0	0	0	0	0	0	0	0	0	0	0	0	15	0	1	9	3	0	0	0	5
311.800	0	0	0	0	0	0	0	0	0	0	0	0	0	0	0	11	0	1	6	1	1	0	0	8
312.000	0	0	0	0	0	0	0	0	0	0	0	0	0	0	0	13	0	1	8	4	0	0	0	6
312.200	0	0	0	0	0	0	0	0	0	0	0	0	0	0	0	15	0	1	8	4	0	0	0	5
312.400	0	0	0	0	0	0	0	0	0	0	0	0	0	0	0	14	0	1	6	3	0	0	0	6
312.600	0	0	0	0	0	0	0	0	0	0	0	0	0	0	0	11	0	1	8	4	0	0	0	8
312.800	0	0	0	0	0	0	0	0	0	0	0	0	0	0	0	11	0	1	8	4	0	0	0	9
313.000	0	0	0	0	0	0	0	0	0	0	0	0	0	0	0	1	0	0	5	6	0	0	0	6
313.200	0	0	0	0	0	0	0	0	0	0	0	0	0	0	0	13	0	1	7	1	0	0	0	9
313.400	0	0	0	0	0	0	0	0	0	0	0	0	0	0	0	7	0	0	6	4	0	0	0	4
313.600	0	0	0	0	0	0	0	0	0	0	0	0	0	0	0	7	0	1	7	3	0	0	0	5
313.800	0	0	0	0	0	0	0	0	0	0	0	0	0	0	0	10	0	1	8	1	1	0	0	3
314.000	0	0	0	0	0	0	0	0	0	0	0	0	0	0	0	10	0	1	8	3	0	0	0	12
314.200	0	0	0	0	0	0	0	0	0	0	0	0	0	0	0	10	0	1	7	2	0	0	0	5
314.400	0	0	0	0	0	0	0	0	0	0	0	0	0	0	0	9	0	1	6	4	0	0	0	9
314.600	0	0	0	0	0	0	0	0	0	0	0	0	0	0	0	11	0	1	6	3	0	0	0	11
314.800	0	0	0	0	0	0	0	0	0	0	0	0	0	0	0	9	0	1	6	3	0	0	0	10
315.000	0	0	0	0	0	0	0	0	0	0	0	0	0	0	0	11	0	0	6	5	0	0	0	8
315.200	0	0	0	0	0	0	0	0	0	0	0	0	0	0	0	15	0	1	5	5	0	0	0	6
315.400	0	0	0	0	0	0	0	0	0	0	0	0	0	0	0	10	0	0	6	3	0	0	0	10
315.600	0	0	0	0	0	0	0	0	0	0	0	0	0	0	0	6	0	1	6	2	0	0	0	8
315.800	0	0	0	0	0	0	0	0	0	0	0	0	0	0	0	7	0	1	6	6	0	0	0	7
316.000	0	0	0	0	0	0	0	0	0	0	0	0	0	0	0	11	0	1	9	4	0	0	0	7
316.200	0	0	0	0	0	0	0	0	0	0	0	0	0	0	0	12	0	1	6	3	0	0	0	8
316.400	0	0	0	0	0	0	0	0	0	0	0	0	0	0	0	8	0	0	4	2	0	0	0	7
316.600	0	0	0	0	0	0	0	0	0	0	0	0	0	0	0	13	0	1	8	3	0	0	0	7
316.800	0	0	0	0	0	0	0	0	0	0	0	0	0	0	0	14	0	0	6	5	0	0	0	3
317.000	0	0	0	0	0	0	0	0	0	0	0	0	0	0	0	12	0	1	6	2	0	0	0	9
317.200	0	0	0	0	0	0	0	0	0	0	0	0	0	0	0	9	0	1	6	4	0	0	0	7
317.400	0	0	0	0	0	0	0	0	0	0	0	0	0	0	0	16	0	1	6	3	0	0	0	9
317.600	0	0	0	0	0	0	0	0	0	0	0	0	0	0	0	10	0	0	6	2	0	0	0	9
317.800	0	0	0	0	0	0	0	0	0	0	0	0	0	0	0	8	0	0	6	2	0	0	0	8
318.000	0	0	0	0	0	0	0	0	0	0	0	0	0	0	0	5	0	1	6	2	0	0	0	10
318.200	0	0	0	0	0	0	0	0	0	0	0	0	0	0	0	7	0	1	6	3	0	0	0	7
318.400	0	0	0	0	0	0	0	0	0	0	0	0	0	0	0	5	0	1	8	4	1	0	0	14
318.600	0	0	0	0	0	0	0	0	0	0	0	0	0	0	0	8	0	0	5	2	0	0	0	8
318.800	0	0	0	0	0	0	0	0	0	0	0	0	0	0	0	6	0	1	6	1	0	0	0	13
319.000	0	0	0	0	0	0	0	0	0	0	0	0	0	0	0	5	0	1	5	1	0	0	0	7
319.200	0	0	0	0	0	0	0	0	0	0	0	0	0	0	0	10	0	1	7	1	0	0	0	3
319.400	0	0	0	0	0	0	0	0	0	0	0	0	0	0	0	6	0	0	5	1	0	0	0	5
319.600	0	0	0	0	0	0	0	0	0	0	0	0	0	0	0	12	0	1	8	2	0	0	0	4
319.800	0	0	0	0	0	0	0	0	0	0	0	0	0	0	0	8	0	1	6	2	0	0	0	10
320.000	0	0	0	0	0	0	0	0	0	0	0	0	0	0	0	7	0	1	6	4	0	0	0	7
320.200	0	0	0	0	0	0	0	0	0	0	0	0	0	0	0	11	0	1	6	3	0	0	0	8
320.400	0	0	0	0	0	0	0	0	0	0	0	0	0	0	0	7	0	0	5	2	0	0	0	7
320.600	0	0	0	0	0	0	0	0	0	0	0	0	0	0	0	10	0	0	5	1	0	0	0	12
320.800	0	0	0	0	0	0	0	0	0	0	0	0	0	0	0	10	0	1	5	2	0	0	0	9
321.000	0	0	0	0	0	0	0	0	0	0	0	0	0	0	0	13	0	0	3	0	0	0	0	12
321.200	0	0	0	0	0	0	0	0	0	0	0	0	0	0	0	13	0	1	9	1	0	0	0	9
321.400	0	0	0	0	0	0	0	0	0	0	0	0	0	0	0	6	0	0	6	2	0	0	0	7
321.600	0	0	0	0	0	0	0	0	0	0	0	0	0	0	0	7	0	1	6	2	1	0	0	7
321.800	0	0	0	0	0	0	0	0	0	0	0	0	0	0	0	9	0	1	7	2	0	0	0	7
322.000	0	0	0	0	0	0	0	0	0	0	0	0	0	0	0	5	0	1	6	3	0	0	0	8
322.200	0	0	0	0	0	0	0	0	0	0	0	0	0	0	0	5	0	0	6	2	0	0	0	7
322.400	0	0	0	0	0	0	0	0	0	0	0	0	0	0	0	8	0	1	5	2	0	0	0	8
322.600	0	0	0	0	0	0	0	0	0	0	0	0	0	0	0	6	0	1	6	1	0	0	0	10
322.800	0	0	0	0	0	0	0	0	0	0	0	0	0	0	0	12	0	1	6	1	1	0	0	8
323.000	0	0	0	0	0	0	0	0	0	0	0	0	0	0	0	6	0	0	5	1	1	0	0	8
323.200	0	0	0	0	0	0	0	0	0	0	0	0	0	0	0	5	0	0	5	3	0	0	0	4
323.400	0	0	0	0	0	0	0	0	0	0	0	0	0	0	0	10	0	1	6	2	0	0	0	7
323.600	0	0	0	0	0	0	0	0	0	0	0	0	0	0	0	12	0	1	6	2	0	0	0	8
323.800	0	0	0	0	0	0	0	0	0	0	0	0	0	0	0	9	0	0	6	2	0	0	0	8
324.000	0	0	0	0	0	0	0	0	0	0	0	0	0	0	0	5	0	1	5	2	0	0	0	8
324.200	0	0	0	0	0	0	0	0	0	0	0	0	0	0	0	7	0	1	9	3	1	0	0	8
324.400	0	0	0	0	0	0	0	0	0	0	0	0	0	0	0	11	0	1	6	2	2	0	0	8
324.600	0	0	0	0	0	0	0	0	0	0	0	0	0	0	0	14	0	0	5	0	0	0	0	10
324.800	0	0	0	0	0	0	0	0	0	0	0	0	0	0	0	8	0	0	6	2	0	0	0	8
325.000	0	0	0	0	0	0	0	0	0	0	0	0	0	0	0	3	0	1	5	1	0	0	0	8
325.200	0	0	0	0	0	0	0	0	0	0	0	0	0	0	0	3	0	1	5	1	1	0	0	8
325.400	0	0	0	0	0	0	0	0	0	0	0	0	0	0	0	13	0	1	5	1	1	0	0	7
325.600	0	0	0	0	0	0	0	0	0	0	0	0	0	0	0	12	0	0	5	2	0	0	0	8
325.800	0	0	0	0	0	0	0	0	0	0	0	0	0	0	0	16	0	1	8	3	2	0	0	9
326.000	0	0	0	0	0	0	0	0	0	0	0	0	0	0	0	10	0	0	6	2	0	0	0	8
326.200	0	0	0	0	0	0	0	0	0	0	0	0	0	0	0	8	0	1	5	3	1	0	0	7
326.400	0	0	0	0	0	0	0	0	0	0	0	0	0	0	0	4	0	1	6	1	0	0	0	12
326.600	0	0	0	0	0	0	0	0	0	0	0	0	0	0	0	4	0	1	10	3	0	0	0	7
326.800	0	0	0	0	0	0	0	0	0	0	0	0	0	0	0	5	0	1	5	3	0	0	0	5
327.000	0	0	0	0	0	0	0	0	0	0	0	0	0	0	0	2	0	0	5	2	1	0	0	7
327.200	0	0	0	0	0	0	0	0	0	0	0	0	0	0	0	0	0	0	6	4	0	0	0	7
327.400	0	0	0	0	0	0	0	0	0	0	0	0	0	0	0	1	0	0	6	4	0	0	0	5
327.600	0	0	0	0	0	0	0	0	0	0	0	0	0	0	0	3	0	1	9	3	0	0	0	7
327.800	0	0	0	0	0	0	0	0	0	0	0	0	0	0	0	6	0	0	5	2	0	0	0	3
328.000	0	0	0	0	0	0	0	0	0	0	0	0	0	0	0	2	0	1	8	2	0	0	0	7
328.200	0	0	0	0	0	0	0	0	0	0	0	0	0	0	0	4	0	1	10	2	0	0	0	5
328.400	0	0	0	0	0	0	0	0	0	0	0	0	0	0	0	3	0	0	7	3	0	0	0	6
328.600	0	0	0	0	0	0	0	0	0	0	0	0	0	0	0	7	0	1	7	3	0	0	0	4
328.800	0	0	0	0	0	0	0	0	0	0	0	0	0	0	0	3	0	1	6	4	0	0	0	8
329.000	0	0	0	0	0	0	0	0	0	0	0	0	0	0	0	5	0	0	7	3	0	0	0	4
329.200	0	0	0	0	0	0	0	0	0	0	0	0	0	0	0	4	0	1	7	2	0	0	0	7
329.400	0	0	0	0	0	0	0	0	0	0	0	0	0	0	0	7	0	0	6	2	0	0	0	5
329.600	0	0	0	0	0	0	0	0	0	0	0	0	0	0	0	4	0	0	6	4	0	0	0	1
329.800	0	0	0	0	0	0	0	0	0	0	0	0	0	0	0	9	0	1	6	3	0	0	0	7
330.000	0	0	0	0	0	0	0	0	0	0	0	0	0	0	0	11	0	1	6	2	0	0	0	5
330.200	0	0	0	0	0	0	0	0	0	0	0	0	0	0	0	8	0	0	5	2	0	0	0	4
330.400	0	0	0	0	0	0	0	0	0	0	0	0	0	0	0	8	0	0	4	2	0	0	0	5
330.600	0	0	0	0	0	0	0	0	0	0	0	0	0	0	0	7	0	0	6	2	0	0	0	5
330.800	0	0	0	0	0	0	0	0	0	0	0	0	0	0	0	6	0	1	6	2	0	0	0	9
331.000	0	0	0	0	0	0	0	0	0	0	0	0	0	0	0	6	0	1	8	3	0	0	0	6
331.200	0	0	0	0	0	0	0	0	0	0	0	0	0	0	0	10	0	1	9	1	0	0	0	7
331.400	0	0	0	0	0	0	0	0	0	0	0	0	0	0	0	8	0	1	6	1	0	0	0	8
331.600	0	0	0	0	0	0	0	0	0	0	0	0	0	0	0	7	0	0	6	2	0	0	0	8
331.800	0	0	0	0	0	0	0	0	0	0	0	0	0	0	0	10	0	1	6	1	0	0	0	7
332.000	0	0	0	0	0	0	0	0	0	0	0	0	0	0	0	12	0	1	6	2	0	0	0	6
332.200	0	0	0	0	0	0	0	0	0	0	0	0	0	0	0	10	0	1	8	1	1	0	0	9
332.400	0	0	0	0	0	0	0	0	0	0	0	0	0	0	0	12	0	1	5	2	0	0	0	7
332.600	0	0	0	0	0	0	0	0	0	0	0	0	0	0	0	16	0	1	6	4	0	0	0	2
332.800	0	0	0	0	0	0	0	0	0	0	0	0	0	0	0	3	0	1	6	2	0	0	0	6
333.000	0	0	0	0	0	0	0	0	0	0	0	0	0	0	0	4	0	0	5	3	0	0	0	5
333.200	0	0	0	0	0	0	0	0	0	0	0	0	0	0	0	8	0	1	5	2	0	0	0	9
333.400	0	0	0	0	0	0	0	0	0	0	0	0	0	0	0	10	0	1	5	2	0	0	0	7
333.600	0	0	0	0	0	0	0	0	0	0	0	0	0	0	0	9	0	1	6	0	0	0	0	9
333.800	0	0	0	0	0	0	0	0	0	0	0	0	0	0	1	12	0	1	8	2	0	0	0	8
334.000	0	0	0	0	0	0	0	0	0	0	0	0	0	0	0	13	0	1	6	2	0	0	0	11
334.200	0	0	0	0	0	0	0	0	0	0	0	0	0	0	0	6	0	1	6	3	0	0	0	5
334.400	0	0	0	0	0	0	0	0	0	0	0	0	0	0	0	12	0	1	6	2	0	0	0	9
334.600	0	0	0	0	0	0	0	0	0	0	0	0	0	0	0	7	0	0	6	2	0	0	0	8
334.800	0	0	0	0	0	0	0	0	0	0	0	0	0	0	0	5	0	1	6	2	0	0	0	8
335.000	0	0	0	0	0	0	0	0	0	0	0	0	0	0	0	10	0	1	6	2	0	0	0	9
335.200	0	0	0	0	0	0	0	0	0	0	0	0	0	0	0	6	0	1	6	3	0	0	0	8
335.400	0	0	0	0	0	0	0	0	0	0	0	0	0	0	0	6	0	1	6	3	0	0	0	2
335.600	0	0	0	0	0	0	0	0	0	0	0	0	0	0	0	6	0	1	5	2	0	0	0	8
335.800	0	0	0	0	0	0	0	0	0	0	0	0	0	0	0	7	0	1	6	3	0	0	0	8
336.000	0	0	0	0	0	0	0	0	0	0	0	0	0	0	0	8	0	1	7	2	0	0	0	8
336.200	0	0	0	0	0	0	0	0	0	0	0	0	0	0	0	13	0	1	6	2	0	0	0	8
336.400	0	0	0	0	0	0	0	0	0	0	0	0	0	0	0	7	0	1	7	5	0	0	0	8
336.600	0	0	0	0	0	0	0	0	0	0	0	0	0	0	0	9	0	1	6	2	0	0	0	9
336.800	0	0	0	0	0	0	0	0	0	0	0	0	0	0	0	7	0	1	6	3	0	0	0	10
337.000	0	0	0	0	0	0	0	0	0	0	0	0	0	0	0	5	0	1	6	2	0	0	0	5
337.200	0	0	0	0	0	0	0	0	0	0	0	0	0	0	0	6	0	0	6	2	0	0	0	7
337.400	0	0	0	0	0	0	0	0	0	0	0	0	0	0	0	11	0	1	6	2	0	0	0	7
337.600	0	0	0	0	0	0	0	0	0	0	0	0	0	0	0	13	0	1	8	3	0	0	0	10
337.800	0	0	0	0	0	0	0	0	0	0	0	0	0	0	0	10	0	1	8	2	0	0	0	8
338.000	0	0	0	0	0	0	0	0	0	0	0	0	0	0	0	11	0	1	8	2	0	0	0	8
338.200	0	0	0	0	0	0	0	0	0	0	0	0	0	0	0	6	0	1	8	2	0	0	0	8
338.400	0	0	0	0	0	0	0	0	0	0	0	0	0	0	0	13	0	0	4	0	0	0	0	8
338.600	0	0	0	0	0	0	0	0	0	0	0	0	0	0	0	17	0	0	5	2	0	0	0	7
338.800	0	0	0	0	0	0	0	0	0	0	0	0	0	0	0	12	0	1	5	1	0	0	0	9
339.000	0	0	0	0	0	0	0	0	0	0	0	0	0	0	0	6	0	0	6	2	0	0	0	6
339.200	0	0	0	0	0	0	0	0	0	0	0	0	0	0	0	9	0	1	5	2	0	0	0	7
339.400	0	0	0	0	0	0	0	0	0	0	0	0	0	0	0	10	0	2	9	1	0	0	0	8
339.600	0	0	0	0	0	0	0	0	0	0	0	0	0	0	0	9	0	1	5	2	0	0	0	7
339.800	0	0	0	0	0	0	0	0	0	0	0	0	0	0	0	9	0	1	6	2	0	0	0	7
340.000	0	0	0	0	0	0	0	0	0	0	0	0	0	0	0	6	0	1	6	2	0	0	0	4
340.200	0	0	0	0	0	0	0	0	0	0	0	0	0	0	0	10	0	1	6	2	0	0	0	7
340.400	0	0	0	0	0	0	0	0	0	0	0	0	0	0	0	9	0	1	7	3	0	0	0	8
340.600	0	0	0	0	0	0	0	0	0	0	0	0	0	0	0	6	0	0	6	2	0	0	0	8
340.800	0	0	0	0	0	0	0	0	0	0	0	0	0	0	0	8	0	0	6	2	0	0	0	8
341.000	0	0	0	0	0	0	0	0	0	0	0	0	0	0	0	11	0	1	6	2	0	0	0	9
341.200	0	0	0	0	0	0	0	0	0	0	0	0	0	0	0	12	0	0	6	3	0	0	0	4
341.400	0	0	0	0	0	0	0	0	0	0	0	0	0	0	0	13	0	1	7	2	0	0	0	9
341.600	0	0	0	0	0	0	0	0	0	0	0	0	0	0	0	11	0	0	6	2	0	0	0	7
341.800	0	0	0	0	0	0	0	0	0	0	0	0	0	0	0	10	0	1	5	2	0	0	0	8
342.000	0	0	0	0	0	0	0	0	0	0	0	0	0	0	0	11	0	0	6	2	0	0	0	8
342.200	0	0	0	0	0	0	0	0	0	0	0	0	0	0	0	7	0	0	6	4	0	0	0	8
342.400	0	0	0	0	0	0	0	0	0	0	0	0	0	0	0	14	0	1	6	2	0	0	0	5
342.600	0	0	0	0	0	0	0	0	0	0	0	0	0	0	0	12	0	1	6	2	0	0	0	7
342.800	0	0	0	0	0	0	0	0	0	0	0	0	0	0	0	6	0	1	9	3	0	0	0	8
343.000	0	0	0	0	0	0	0	0	0	0	0	0	0	0	0	7	0	1	8	3	0	0	0	8
343.200	0	0	0	0	0	0	0	0	0	0	0	0	0	0	0	12	0	1	6	2	0	0	0	10
343.400	0	0	0	0	0	0	0	0	0	0	0	0	0	0	0	13	0	1	8	2	0	0	0	15
343.600	0	0	0	0	0	0	0	0	0	0	0	0	0	0	0	5	0	1	6	2	0	0	0	8
343.800	0	0	0	0	0	0	0	0	0	0	0	0	0	0	0	14	0	1	5	1	0	0	0	9
344.000	0	0	0	0	0	0	0	0	0	0	0	0	0	0	0	7	0	1	5	0	0	0	0	8
344.200	0	0	0	0	0	0	0	0	0	0	0	0	0	0	0	9	0	1	6	1	0	0	0	6
344.400	0	0	0	0	0	0	0	0	0	0	0	0	0	0	0	10	0	1	6	2	0	0	0	8
344.600	0	0	0	0	0	0	0	0	0	0	0	0	0	0	0	11	0	1	5	2	0	0	0	8
344.800	0	0	0	0	0	0	0	0	0	0	0	0	0	0	0	7	0	0	5	4	0	0	0	8
345.000	0	0	0	0	0	0	0	0	0	0	0	0	0	0	0	8	0	1	6	3	0	0	0	7
345.200	0	0	0	0	0	0	0	0	0	0	0	0	0	0	0	7	0	0	5	3	0	0	0	8
345.400	0	0	0	0	0	0	0	0	0	0	0	0	0	0	0	11	0	0	8	3	0	0	0	7
345.600	0	0	0	0	0	0	0	0	0	0	0	0	0	0	0	10	0	0	5	2	0	0	0	7
345.800	0	0	0	0	0	0	0	0	0	0	0	0	0	0	0	9	0	1	8	3	0	0	0	8
346.000	0	0	0	0	0	0	0	0	0	0	0	0	0	0	0	10	0	1	8	2	0	0	0	6
346.200	0	0	0	0	0	0	0	0	0	0	0	0	0	0	0	8	0	0	6	4	0	0	0	7
346.400	0	0	0	0	0	0	0	0	0	0	0	0	0	0	0	2	0	0	6	4	0	0	0	3
346.600	0	0	0	0	0	0	0	0	0	0	0	0	0	0	0	6	0	0	6	2	0	0	0	7
346.800	0	0	0	0	0	0	0	0	0	0	0	0	0	0	0	10	0	1	5	1	0	0	0	8
347.000	0	0	0	0	0	0	0	0	0	0	0	0	0	0	0	6	0	1	7	2	0	0	0	9
347.200	0	0	0	0	0	0	0	0	0	0	0	0	0	0	0	10	0	1	6	2	0	0	0	5
347.400	0	0	0	0	0	0	0	0	0	0	0	0	0	0	0	12	0	0	5	3	0	0	0	8
347.600	0	0	0	0	0	0	0	0	0	0	0	0	0	0	0	11	0	1	6	2	0	0	0	8
347.800	0	0	0	0	0	0	0	0	0	0	0	0	0	0	0	6	0	1	6	2	0	0	0	5
348.000	0	0	0	0	0	0	0	0	0	0	0	0	0	0	0	5	0	0	6	3	0	0	0	7
348.200	0	0	0	0	0	0	0	0	0	0	0	0	0	0	0	5	0	0	6	2	0	0	0	4
348.400	0	0	0	0	0	0	0	0	0	0	0	0	0	0	0	3	0	0	6	2	0	0	0	8
348.600	0	0	0	0	0	0	0	0	0	0	0	0	0	0	0	8	0	1	6	2	0	0	0	6
348.800	0	0	0	0	0	0	0	0	0	0	0	0	0	0	0	6	0	1	6	2	0	0	0	8
349.000	0	0	0	0	0	0	0	0	0	0	0	0	0	0	0	11	0	1	6	3	0	0	0	7
349.200	0	0	0	0	0	0	0	0	0	0	0	0	0	0	0	9	0	1	6	2	0	0	0	6
349.400	0	0	0	0	0	0	0	0	0	0	0	0	0	0	0	9	0	0	5	2	0	0	0	5
349.600	0	0	0	0	0	0	0	0	0	0	0	0	0	0	0	7	0	1	5	2	0	0	0	8
349.800	0	0	0	0	0	0	0	0	0	0	0	0	0	0	0	14	0	1	6	3	1	0	0	6
350.000	0	0	0	0	0	0	0	0	0	0	0	0	0	0	0	5	0	1	6	2	0	0	0	6
350.200	0	0	0	0	0	0	0	0	0	0	0	0	0	0	0	7	0	1	5	2	0	0	0	8
350.400	0	0	0	0	0	0	0	0	0	0	0	0	0	0	0	8	0	1	7	3	0	0	0	8
350.600	0	0	0	0	0	0	0	0	0	0	0	0	0	0	0	7	0	1	6	4	0	0	0	7
350.800	0	0	0	0	0	0	0	0	0	0	0	0	0	0	0	8	0	1	7	5	1	0	0	7
351.000	0	0	0	0	0	0	0	0	0	0	0	0	0	0	0	6	0	0	5	2	0	0	0	8
351.200	0	0	0	0	0	0	0	0	0	0	0	0	0	0	0	2	0	0	6	2	0	0	0	7
351.400	0	0	0	0	0	0	0	0	0	0	0	0	0	0	0	11	0	1	6	2	0	0	0	10
351.600	0	0	0	0	0	0	0	0	0	0	0	0	0	0	0	4	0	1	6	3	0	0	0	8
351.800	0	0	0	0	0	0	0	0	0	0	0	0	0	0	0	6	0	1	6	2	0	0	0	8
352.000	0	0	0	0	0	0	0	0	0	0	0	0	0	0	0	10	0	1	6	2	0	0	0	9
352.200	0	0	0	0	0	0	0	0	0	0	0	0	0	0	0	9	0	1	6	2	0	0	0	8
352.400	0	0	0	0	0	0	0	0	0	0	0	0	0	0	0	8	0	1	5	4	0	0	0	8
352.600	0	0	0	0	0	0	0	0	0	0	0	0	0	0	0	11	0	0	5	2	0	0	0	7
352.800	0	0	0	0	0	0	0	0	0	0	0	0	0	0	0	2	0	0	7	3	0	0	0	8
353.000	0	0	0	0	0	0	0	0	0	0	0	0	0	0	0	6	0	1	6	2	0	0	0	7
353.200	0	0	0	0	0	0	0	0	0	0	0	0	0	0	0	5	0	1	9	3	0	0	0	4
353.400	0	0	0	0	0	0	0	0	0	0	0	0	0	0	0	6	0	0	3	0	0	0	0	11
353.600	0	0	0	0	0	0	0	0	0	0	0	0	0	0	0	7	0	0	3	0	0	0	0	9
353.800	0	0	0	0	0	0	0	0	0	0	0	0	0	0	0	14	0	0	4	1	0	0	0	15
354.000	0	0	0	0	0	0	0	0	0	0	0	0	0	0	0	6	0	0	3	0	0	0	0	10
354.200	0	0	0	0	0	0	0	0	0	0	0	0	0	0	0	11	0	2	3	0	0	0	0	9
354.400	0	0	0	0	0	0	0	0	0	0	0	0	0	0	0	12	0	1	4	0	0	0	0	8
354.600	0	0	0	0	0	0	0	0	0	0	0	0	0	0	0	15	0	0	3	0	0	0	0	11
354.800	0	0	0	0	0	0	0	0	0	0	0	0	0	0	0	13	0	1	3	0	0	0	0	11
355.000	0	0	0	0	0	0	0	0	0	0	0	0	0	0	0	19	0	0	4	0	0	0	0	5
355.200	0	0	0	0	0	0	0	0	0	0	0	0	0	0	0	14	0	1	6	1	0	0	0	3
355.400	0	0	0	0	0	0	0	0	0	0	0	0	0	0	0	11	0	1	6	0	0	0	0	8
355.600	0	0	0	0	0	0	0	0	0	0	0	0	0	0	0	8	0	1	4	0	0	0	0	6
355.800	0	0	0	0	0	0	0	0	0	0	0	0	0	0	0	11	0	0	3	0	0	0	0	4
356.000	0	0	0	0	0	0	0	0	0	0	0	0	0	0	0	14	0	0	5	0	0	0	0	5
356.200	0	0	0	0	0	0	0	0	0	0	0	0	0	0	0	15	0	1	4	0	0	0	0	5
356.400	0	0	0	0	0	0	0	0	0	0	0	0	0	0	0	16	0	1	4	0	0	0	0	9
356.600	0	0	0	0	0	0	0	0	0	0	0	0	0	0	0	11	0	1	4	0	0	0	0	7
356.800	0	0	0	0	0	0	0	0	0	0	0	0	0	0	0	7	0	0	3	0	0	0	0	5
357.000	0	0	0	0	0	0	0	0	0	0	0	0	0	0	0	16	0	0	3	0	1	0	0	13
357.200	0	0	0	0	0	0	0	0	0	0	0	0	0	0	0	14	0	2	3	0	0	0	0	7
357.400	0	0	0	0	0	0	0	0	0	0	0	0	0	0	0	13	0	1	4	0	0	0	0	10
357.600	0	0	0	0	0	0	0	0	0	0	0	0	0	0	0	15	0	0	4	0	0	0	0	9
357.800	0	0	0	0	0	0	0	0	0	0	0	0	0	0	0	10	0	2	3	0	0	0	0	7
358.000	0	0	0	0	0	0	0	0	0	0	0	0	0	0	0	16	0	0	4	0	0	0	0	11
358.200	0	0	0	0	0	0	0	0	0	0	0	0	0	0	0	10	0	2	3	0	0	0	0	8
358.400	0	0	0	0	0	0	0	0	0	0	0	0	0	0	0	16	0	0	4	0	0	0	0	10
358.600	0	0	0	0	0	0	0	0	0	0	0	0	0	0	0	16	0	1	4	0	0	0	0	8
358.800	0	0	0	0	0	0	0	0	0	0	0	0	0	0	0	7	0	2	3	0	0	0	0	9
359.000	0	0	0	0	0	0	0	0	0	0	0	0	0	0	0	12	0	1	4	0	0	0	0	8
359.200	0	0	0	0	0	0	0	0	0	0	0	0	0	0	0	8	0	0	4	0	0	0	0	7
359.400	0	0	0	0	0	0	0	0	0	0	0	0	0	0	0	8	0	1	4	0	0	0	0	8
359.600	0	0	0	0	0	0	0	0	0	0	0	0	0	0	0	15	0	2	4	0	0	0	0	7
359.800	0	0	0	0	0	0	0	0	0	0	0	0	0	0	0	3	0	1	6	0	0	0	0	7
360.000	0	0	0	0	0	0	0	0	0	0	0	0	0	0	0	11	0	1	4	0	0	0	0	8
360.200	0	0	0	0	0	0	0	0	0	0	0	0	0	0	0	7	0	1	4	0	0	0	0	6
360.400	0	0	0	0	0	0	0	0	0	0	0	0	0	0	0	4	0	1	4	0	0	0	0	7
360.600	0	0	0	0	0	0	0	0	0	0	0	0	0	0	0	11	0	1	5	0	0	0	0	5
360.800	0	0	0	0	0	0	0	0	0	0	0	0	0	0	0	15	0	3	3	0	0	0	0	8
361.000	0	0	0	0	0	0	0	0	0	0	0	0	0	0	0	14	0	1	4	0	0	0	0	4
361.200	0	0	0	0	0	0	0	0	0	0	0	0	0	0	0	16	0	1	5	0	0	0	0	5
361.400	0	0	0	0	0	0	0	0	0	0	0	0	0	0	0	15	0	1	4	0	0	0	0	5
361.600	0	0	0	0	0	0	0	0	0	0	0	0	0	0	0	10	0	1	4	0	0	0	0	7
361.800	0	0	0	0	0	0	0	0	0	0	0	0	0	0	0	16	0	1	6	0	0	0	0	10
362.000	0	0	0	0	0	0	0	0	0	0	0	0	0	0	0	9	0	1	4	1	0	0	0	5
362.200	0	0	0	0	0	0	0	0	0	0	0	0	0	0	0	4	0	1	4	0	0	0	0	8
362.400	0	0	0	0	0	0	0	0	0	0	0	0	0	0	0	4	0	0	4	0	0	0	0	11
362.600	0	0	0	0	0	0	0	0	0	0	0	0	0	0	0	9	0	0	3	0	0	0	0	9
362.800	0	0	0	0	0	0	0	0	0	0	0	0	0	0	0	8	0	0	4	0	0	0	0	8
363.000	0	0	0	0	0	0	0	0	0	0	0	0	0	0	0	4	0	0	4	0	0	0	0	7
363.200	0	0	0	0	0	0	0	0	0	0	0	0	0	0	0	11	0	1	4	0	0	0	0	9
363.400	0	0	0	0	0	0	0	0	0	0	0	0	0	0	0	5	0	0	2	0	0	0	0	7
363.600	0	0	0	0	0	0	0	0	0	0	0	0	0	0	0	7	0	0	4	0	0	0	0	11
363.800	0	0	0	0	0	0	0	0	0	0	0	0	0	0	0	9	0	1	6	0	0	0	0	13
364.000	0	0	0	0	0	0	0	0	0	0	0	0	0	0	0	7	0	2	4	0	0	0	0	9
364.200	0	0	0	0	0	0	0	0	0	0	0	0	0	0	0	7	0	0	3	0	0	0	0	10
364.400	0	0	0	0	0	0	0	0	0	0	0	0	0	0	0	9	0	0	4	0	0	0	0	7
364.600	0	0	0	0	0	0	0	0	0	0	0	0	0	0	0	8	0	1	4	0	0	0	0	11
364.800	0	0	0	0	0	0	0	0	0	0	0	0	0	0	0	4	0	0	4	0	0	0	0	6
365.000	0	0	0	0	0	0	0	0	0	0	0	0	0	0	0	4	0	0	4	0	0	0	0	4
365.200	0	0	0	0	0	0	0	0	0	0	0	0	0	0	0	3	0	0	3	0	0	0	0	7
365.400	0	0	0	0	0	0	0	0	0	0	0	0	0	0	0	11	0	0	5	0	0	0	0	4
365.600	0	0	0	0	0	0	0	0	0	0	0	0	0	0	0	10	0	1	4	0	0	0	0	5
365.800	0	0	0	0	0	0	0	0	0	0	0	0	0	0	0	8	0	0	2	0	0	0	0	6
366.000	0	0	0	0	0	0	0	0	0	0	0	0	0	0	0	8	0	0	3	0	0	0	0	6
366.200	0	0	0	0	0	0	0	0	0	0	0	0	0	0	0	8	0	0	3	0	0	0	0	5
366.400	0	0	0	0	0	0	0	0	0	0	0	0	0	0	0	12	0	0	3	0	0	0	0	13
366.600	0	0	0	0	0	0	0	0	0	0	0	0	0	0	0	9	0	0	2	0	0	0	0	11
366.800	0	0	0	0	0	0	0	0	0	0	0	0	0	0	0	9	0	0	4	0	0	0	0	12
367.000	0	0	0	0	0	0	0	0	0	0	0	0	0	0	0	9	0	0	3	0	0	0	0	10
367.200	0	0	0	0	0	0	0	0	0	0	0	0	0	0	0	8	0	0	3	0	0	0	0	10
367.400	0	0	0	0	0	0	0	0	0	0	0	0	0	0	0	10	0	0	3	0	0	0	0	10
367.600	0	0	0	0	0	0	0	0	0	0	0	0	0	0	0	11	0	0	4	0	0	0	0	8
367.800	0	0	0	0	0	0	0	0	0	0	0	0	0	0	0	12	0	0	4	0	0	0	0	9
368.000	0	0	0	0	0	0	0	0	0	0	0	0	0	0	0	11	0	0	2	0	1	0	0	7
368.200	0	0	0	0	0	0	0	0	0	0	0	0	0	0	0	11	0	0	4	1	1	0	0	8
368.400	0	0	0	0	0	0	0	0	0	0	0	0	0	0	0	13	0	0	3	0	1	0	0	10
368.600	0	0	0	0	0	0	0	0	0	0	0	0	0	0	0	12	0	0	4	0	0	0	0	9
368.800	0	0	0	0	0	0	0	0	0	0	0	0	0	0	0	10	0	0	3	0	1	0	0	9
369.000	0	0	0	0	0	0	0	0	0	0	0	0	0	0	0	8	0	0	3	0	0	0	0	14
369.200	0	0	0	0	0	0	0	0	0	0	0	0	0	0	0	10	0	0	3	0	2	0	0	11
369.400	0	0	0	0	0	0	0	0	0	0	0	0	0	0	0	7	0	0	4	0	2	0	0	9
369.600	0	0	0	0	0	0	0	0	0	0	0	0	0	0	0	5	0	0	4	0	1	0	0	8
369.800	0	0	0	0	0	0	0	0	0	0	0	0	0	0	0	12	0	0	1	0	0	0	0	8
370.000	0	0	0	0	0	0	0	0	0	0	0	0	0	0	0	12	0	2	6	1	0	0	0	7
370.200	0	0	0	0	0	0	0	0	0	0	0	0	0	0	0	14	0	2	5	0	0	0	0	4
370.400	0	0	0	0	0	0	0	0	0	0	0	0	0	0	0	14	0	1	3	0	0	0	0	7
370.600	0	0	0	0	0	0	0	0	0	0	0	0	0	0	0	12	0	0	5	0	0	0	0	9
370.800	0	0	0	0	0	0	0	0	0	0	0	0	0	0	0	13	0	0	3	0	0	0	0	7
371.000	0	0	0	0	0	0	0	0	0	0	0	0	0	0	0	7	0	0	3	0	0	0	0	8
371.200	0	0	0	0	0	0	0	0	0	0	0	0	0	0	0	15	0	2	4	0	0	0	0	11
371.400	0	0	0	0	0	0	0	0	0	0	0	0	0	0	0	14	0	0	4	0	0	0	0	8
371.600	0	0	0	0	0	0	0	0	0	0	0	0	0	0	0	16	0	1	3	0	0	0	0	7
371.800	0	0	0	0	0	0	0	0	0	0	0	0	0	0	0	10	0	1	4	0	0	0	0	8
372.000	0	0	0	0	0	0	0	0	0	0	0	0	0	0	0	17	0	2	4	0	0	0	0	6
372.200	0	0	0	0	0	0	0	0	0	0	0	0	0	0	0	15	0	0	3	0	0	0	0	7
372.400	0	0	0	0	0	0	0	0	0	0	0	0	0	0	0	10	0	1	4	0	0	0	0	8
372.600	0	0	0	0	0	0	0	0	0	0	0	0	0	0	0	13	0	0	4	0	0	0	0	7
372.800	0	0	0	0	0	0	0	0	0	0	0	0	0	0	0	12	0	2	4	0	0	0	0	7
373.000	0	0	0	0	0	0	0	0	0	0	0	0	0	0	0	11	0	2	5	0	0	0	0	8
373.200	0	0	0	0	0	0	0	0	0	0	0	0	0	0	0	16	0	1	4	0	0	0	0	9
373.400	0	0	0	0	0	0	0	0	0	0	0	0	0	0	0	15	0	0	4	0	0	0	0	9
373.600	0	0	0	0	0	0	0	0	0	0	0	0	0	0	0	7	0	0	4	0	0	0	0	8
373.800	0	0	0	0	0	0	0	0	0	0	0	0	0	0	0	11	0	0	3	0	0	0	0	9
374.000	0	0	0	0	0	0	0	0	0	0	0	0	0	0	0	15	0	1	5	0	0	0	0	6
374.200	0	0	0	0	0	0	0	0	0	0	0	0	0	0	0	12	0	1	3	0	0	0	0	7
374.400	0	0	0	0	0	0	0	0	0	0	0	0	0	0	0	15	0	1	4	0	1	0	0	12
374.600	0	0	0	0	0	0	0	0	0	0	0	0	0	0	0	14	0	1	4	0	0	0	0	9
374.800	0	0	0	0	0	0	0	0	0	0	0	0	0	0	0	13	0	2	4	0	0	0	0	5
375.000	0	0	0	0	0	0	0	0	0	0	0	0	0	0	0	8	0	1	3	0	0	0	0	8
375.200	0	0	0	0	0	0	0	0	0	0	0	0	0	0	0	14	0	1	4	0	0	0	0	8
375.400	0	0	0	0	0	0	0	0	0	0	0	0	0	0	0	15	0	0	3	0	0	0	0	4
375.600	0	0	0	0	0	0	0	0	0	0	0	0	0	0	0	13	0	0	2	0	0	0	0	7
375.800	0	0	0	0	0	0	0	0	0	0	0	0	0	0	0	10	0	0	2	0	0	0	0	5
376.000	0	0	0	0	0	0	0	0	0	0	0	0	0	0	0	13	0	2	4	0	0	0	0	6
376.200	0	0	0	0	0	0	0	0	0	0	0	0	0	0	0	12	0	0	4	0	0	0	0	8
376.400	0	0	0	0	0	0	0	0	0	0	0	0	0	0	0	15	0	2	4	0	0	0	0	6
376.600	0	0	0	0	0	0	0	0	0	0	0	0	0	0	0	13	0	2	5	0	0	0	0	9
376.800	0	0	0	0	0	0	0	0	0	0	0	0	0	0	0	9	0	1	3	0	0	0	0	10
377.000	0	0	0	0	0	0	0	0	0	0	0	0	0	0	0	10	0	0	4	0	0	0	0	8
377.200	0	0	0	0	0	0	0	0	0	0	0	0	0	0	0	4	0	0	3	0	2	0	0	10
377.400	0	0	0	0	0	0	0	0	0	0	0	0	0	0	0	5	0	0	4	0	0	0	0	13
377.600	0	0	0	0	0	0	0	0	0	0	0	0	0	0	0	10	0	1	4	1	1	0	0	6
377.800	0	0	0	0	0	0	0	0	0	0	0	0	0	0	0	9	0	0	4	0	0	0	0	11
378.000	0	0	0	0	0	0	0	0	0	0	0	0	0	0	0	8	0	1	3	0	0	0	0	10
378.200	0	0	0	0	0	0	0	0	0	0	0	0	0	0	0	8	0	0	3	0	0	0	0	10
378.400	0	0	0	0	0	0	0	0	0	0	0	0	0	0	0	10	0	1	3	0	0	0	0	11
378.600	0	0	0	0	0	0	0	0	0	0	0	0	0	0	0	6	0	1	4	0	0	0	0	6
378.800	0	0	0	0	0	0	0	0	0	0	0	0	0	0	0	6	0	3	4	0	1	0	0	7
379.000	0	0	0	0	0	0	0	0	0	0	0	0	0	0	0	4	0	0	4	0	0	0	0	9
379.200	0	0	0	0	0	0	0	0	0	0	0	0	0	0	1	7	0	1	4	0	0	0	0	10
379.400	0	0	0	0	0	0	0	0	0	0	0	0	0	0	0	12	0	2	4	0	0	0	0	7
379.600	0	0	0	0	0	0	0	0	0	0	0	0	0	0	0	11	0	2	4	0	0	0	0	6
379.800	0	0	0	0	0	0	0	0	0	0	0	0	0	0	0	12	0	3	5	0	0	0	0	7
380.000	0	0	0	0	0	0	0	0	0	0	0	0	0	0	0	8	0	1	6	0	0	0	0	6
380.200	0	0	0	0	0	0	0	0	0	0	0	0	0	0	0	6	0	2	6	0	1	0	0	4
380.400	0	0	0	0	0	0	0	0	0	0	0	0	0	0	0	6	0	1	7	0	0	0	0	8
380.600	0	0	0	0	0	0	0	0	0	0	0	0	0	0	0	1	0	0	4	0	0	0	0	6
380.800	0	0	0	0	0	0	0	0	0	0	0	0	0	0	0	2	0	0	6	0	1	0	0	8
381.000	0	0	0	0	0	0	0	0	0	0	0	0	0	0	0	5	0	2	9	0	0	0	0	9
381.200	0	0	0	0	0	0	0	0	0	0	0	0	0	0	0	5	0	0	7	0	1	0	0	8
381.400	0	0	0	0	0	0	0	0	0	0	0	0	0	0	0	2	0	0	2	0	0	0	0	9
381.600	0	0	0	0	0	0	0	0	0	0	0	0	0	0	0	6	0	0	3	0	0	0	0	6
381.800	0	0	0	0	0	0	0	0	0	0	0	0	0	0	0	10	0	0	4	0	0	0	0	8
382.000	0	0	0	0	0	0	0	0	0	0	0	0	0	0	0	13	0	1	4	0	0	0	0	8
382.200	0	0	0	0	0	0	0	0	0	0	0	0	0	0	0	9	0	0	4	0	0	0	0	6
382.400	0	0	0	0	0	0	0	0	0	0	0	0	0	0	0	12	0	0	4	0	0	0	0	7
382.600	0	0	0	0	0	0	0	0	0	0	0	0	0	0	0	8	0	0	3	0	0	0	0	5
382.800	0	0	0	0	0	0	0	0	0	0	0	0	0	0	1	11	0	0	4	0	0	0	0	8
383.000	0	0	0	0	0	0	0	0	0	0	0	0	0	0	0	3	0	0	5	0	0	0	0	8
383.200	0	0	0	0	0	0	0	0	0	0	0	0	0	0	0	7	0	0	4	0	0	0	0	6
383.400	0	0	0	0	0	0	0	0	0	0	0	0	0	0	0	8	0	0	4	1	1	0	0	9
383.600	0	0	0	0	0	0	0	0	0	0	0	0	0	0	0	13	0	2	4	0	0	0	0	7
383.800	0	0	0	0	0	0	0	0	0	0	0	0	0	0	0	11	0	2	4	0	0	0	0	8
384.000	0	0	0	0	0	0	0	0	0	0	0	0	0	0	0	7	0	1	4	0	0	0	0	9
384.200	0	0	0	0	0	0	0	0	0	0	0	0	0	0	0	10	0	1	4	0	0	0	0	10
384.400	0	0	0	0	0	0	0	0	0	0	0	0	0	0	0	13	0	0	4	0	1	0	0	9
384.600	0	0	0	0	0	0	0	0	0	0	0	0	0	0	0	8	0	1	6	2	0	0	0	7
384.800	0	0	0	0	0	0	0	0	0	0	0	0	0	0	0	9	0	1	6	2	0	0	0	5
385.000	0	0	0	0	0	0	0	0	0	0	0	0	0	0	0	11	0	1	7	2	0	0	0	5
385.200	0	0	0	0	0	0	0	0	0	0	0	0	0	0	0	11	0	1	7	5	0	0	0	8
385.400	0	0	0	0	0	0	0	0	0	0	0	0	0	0	0	12	0	1	6	3	0	0	0	8
385.600	0	0	0	0	0	0	0	0	0	0	0	0	0	0	0	10	0	1	6	3	0	0	0	6
385.800	0	0	0	0	0	0	0	0	0	0	0	0	0	0	0	8	0	1	6	2	0	0	0	7
386.000	0	0	0	0	0	0	0	0	0	0	0	0	0	0	0	7	0	0	6	3	0	0	0	8
386.200	0	0	0	0	0	0	0	0	0	0	0	0	0	0	0	9	0	1	6	1	0	0	0	8
386.400	0	0	0	0	0	0	0	0	0	0	0	0	0	0	0	9	0	1	6	4	1	0	0	7
386.600	0	0	0	0	0	0	0	0	0	0	0	0	0	0	0	11	0	1	6	2	0	0	0	7
386.800	0	0	0	0	0	0	0	0	0	0	0	0	0	0	0	8	0	1	6	2	0	0	0	8
387.000	0	0	0	0	0	0	0	0	0	0	0	0	0	0	0	10	0	1	6	2	0	0	0	6
387.200	0	0	0	0	0	0	0	0	0	0	0	0	0	0	0	11	0	1	6	2	0	0	0	9
387.400	0	0	0	0	0	0	0	0	0	0	0	0	0	0	0	18	0	1	6	2	0	0	0	6
387.600	0	0	0	0	0	0	0	0	0	0	0	0	0	0	0	13	0	1	6	2	0	0	0	9
387.800	0	0	0	0	0	0	0	0	0	0	0	0	0	0	0	13	0	1	6	3	0	0	0	8
388.000	0	0	0	0	0	0	0	0	0	0	0	0	0	0	0	17	0	1	6	2	0	0	0	9
388.200	0	0	0	0	0	0	0	0	0	0	0	0	0	0	0	11	0	1	5	2	0	0	0	4
388.400	0	0	0	0	0	0	0	0	0	0	0	0	0	0	0	14	0	1	8	4	0	0	0	10
388.600	0	0	0	0	0	0	0	0	0	0	0	0	0	0	0	12	0	1	6	1	1	0	0	9
388.800	0	0	0	0	0	0	0	0	0	0	0	0	0	0	0	16	0	1	6	2	1	0	0	9
389.000	0	0	0	0	0	0	0	0	0	0	0	0	0	0	0	11	0	0	5	1	0	0	0	8
389.200	0	0	0	0	0	0	0	0	0	0	0	0	0	0	0	13	0	0	6	3	0	0	0	8
389.400	0	0	0	0	0	0	0	0	0	0	0	0	0	0	0	12	0	1	8	3	0	0	0	7
389.600	0	0	0	0	0	0	0	0	0	0	0	0	0	0	0	12	0	1	5	2	0	0	0	5
389.800	0	0	0	0	0	0	0	0	0	0	0	0	0	0	0	17	0	0	5	2	0	0	0	8
390.000	0	0	0	0	0	0	0	0	0	0	0	0	0	0	0	13	0	1	6	3	1	0	0	7
390.200	0	0	0	0	0	0	0	0	0	0	0	0	0	0	0	13	0	1	5	4	0	0	0	7
390.400	0	0	0	0	0	0	0	0	0	0	0	0	0	0	0	7	0	0	6	1	0	0	0	6
390.600	0	0	0	0	0	0	0	0	0	0	0	0	0	0	0	12	0	0	6	3	0	0	0	8
390.800	0	0	0	0	0	0	0	0	0	0	0	0	0	0	0	13	0	1	7	2	0	0	0	3
391.000	0	0	0	0	0	0	0	0	0	0	0	0	0	0	0	11	0	1	6	2	1	0	0	8
391.200	0	0	0	0	0	0	0	0	0	0	0	0	0	0	0	15	0	1	7	2	1	0	0	6
391.400	0	0	0	0	0	0	0	0	0	0	0	0	0	0	0	10	0	1	6	2	0	0	0	7
391.600	0	0	0	0	0	0	0	0	0	0	0	0	0	0	0	14	0	0	5	2	0	0	0	8
391.800	0	0	0	0	0	0	0	0	0	0	0	0	0	0	0	13	0	0	8	2	0	0	0	8
392.000	0	0	0	0	0	0	0	0	0	0	0	0	0	0	0	9	0	0	6	5	0	0	0	9
392.200	0	0	0	0	0	0	0	0	0	0	0	0	0	0	0	13	0	1	6	3	0	0	0	6
392.400	0	0	0	0	0	0	0	0	0	0	0	0	0	0	0	8	0	0	6	4	0	0	0	5
392.600	0	0	0	0	0	0	0	0	0	0	0	0	0	0	0	13	0	0	6	5	0	0	0	2
392.800	0	0	0	0	0	0	0	0	0	0	0	0	0	0	0	12	0	0	7	2	0	0	0	3
393.000	0	0	0	0	0	0	0	0	0	0	0	0	0	0	0	10	0	0	6	2	0	0	0	4
393.200	0	0	0	0	0	0	0	0	0	0	0	0	0	0	0	13	0	1	6	3	1	0	0	8
393.400	0	0	0	0	0	0	0	0	0	0	0	0	0	0	0	15	0	1	6	3	0	0	0	11
393.600	0	0	0	0	0	0	0	0	0	0	0	0	0	0	0	5	0	1	4	2	1	0	0	9
393.800	0	0	0	0	0	0	0	0	0	0	0	0	0	0	0	7	0	1	8	3	0	0	0	7
394.000	0	0	0	0	0	0	0	0	0	0	0	0	0	0	0	7	0	1	6	2	1	0	0	5
394.200	0	0	0	0	0	0	0	0	0	0	0	0	0	0	0	8	0	0	6	2	1	0	0	8
394.400	0	0	0	0	0	0	0	0	0	0	0	0	0	0	0	8	0	1	6	2	1	0	0	6
394.600	0	0	0	0	0	0	0	0	0	0	0	0	0	0	0	4	0	1	6	2	1	0	0	7
394.800	0	0	0	0	0	0	0	0	0	0	0	0	0	0	0	3	0	0	6	2	0	0	0	8
395.000	0	0	0	0	0	0	0	0	0	0	0	0	0	0	0	12	0	1	6	2	1	0	0	7
395.200	0	0	0	0	0	0	0	0	0	0	0	0	0	0	0	10	0	0	5	3	0	0	0	7
395.400	0	0	0	0	0	0	0	0	0	0	0	0	0	0	0	7	0	1	6	2	0	0	0	5
395.600	0	0	0	0	0	0	0	0	0	0	0	0	0	0	0	9	0	0	6	2	1	0	0	8
395.800	0	0	0	0	0	0	0	0	0	0	0	0	0	0	0	15	0	1	6	2	0	0	0	6
396.000	0	0	0	0	0	0	0	0	0	0	0	0	0	0	0	12	0	0	6	2	0	0	0	5
396.200	0	0	0	0	0	0	0	0	0	0	0	0	0	0	0	14	0	1	6	2	0	0	0	6
396.400	0	0	0	0	0	0	0	0	0	0	0	0	0	0	0	9	0	1	7	1	0	0	0	10
396.600	0	0	0	0	0	0	0	0	0	0	0	0	0	0	0	12	0	1	7	3	0	0	0	6
396.800	0	0	0	0	0	0	0	0	0	0	0	0	0	0	0	7	0	0	6	3	0	0	0	5
397.000	0	0	0	0	0	0	0	0	0	0	0	0	0	0	0	11	0	1	6	2	0	0	0	4
397.200	0	0	0	0	0	0	0	0	0	0	0	0	0	0	0	6	0	0	4	1	0	0	0	4
397.400	0	0	0	0	0	0	0	0	0	0	0	0	0	0	0	10	0	1	5	2	0	0	0	7
397.600	0	0	0	0	0	0	0	0	0	0	0	0	0	0	0	10	0	1	8	2	0	0	0	7
397.800	0	0	0	0	0	0	0	0	0	0	0	0	0	0	0	12	0	1	9	2	0	0	0	8
398.000	0	0	0	0	0	0	0	0	0	0	0	0	0	0	0	13	0	1	6	1	0	0	0	2
398.200	0	0	0	0	0	0	0	0	0	0	0	0	0	0	0	11	0	1	5	2	1	0	0	6
398.400	0	0	0	0	0	0	0	0	0	0	0	0	0	0	0	9	0	0	5	2	0	0	0	5
398.600	0	0	0	0	0	0	0	0	0	0	0	0	0	0	0	14	0	0	5	1	0	0	0	7
398.800	0	0	0	0	0	0	0	0	0	0	0	0	0	0	0	4	0	0	5	3	0	0	0	7
399.000	0	0	0	0	0	0	0	0	0	0	0	0	0	0	0	11	0	0	5	2	0	0	0	7
399.200	0	0	0	0	0	0	0	0	0	0	0	0	0	0	0	8	0	1	9	2	1	0	0	9
399.400	0	0	0	0	0	0	0	0	0	0	0	0	0	0	0	14	0	0	4	0	0	0	0	3
399.600	0	0	0	0	0	0	0	0	0	0	0	0	0	0	0	14	0	0	4	0	0	0	0	8
399.800	0	0	0	0	0	0	0	0	0	0	0	0	0	0	0	16	0	0	4	0	0	0	0	6
400.000	0	0	0	0	0	0	0	0	0	0	0	0	0	0	0	11	0	0	4	0	0	0	0	7
400.200	0	0	0	0	0	0	0	0	0	0	0	0	0	0	0	10	0	1	3	0	0	0	0	8
400.400	0	0	0	0	0	0	0	0	0	0	0	0	0	0	0	10	0	0	4	0	0	0	0	5
400.600	0	0	0	0	0	0	0	0	0	0	0	0	0	0	0	15	0	0	4	0	1	0	0	7
400.800	0	0	0	0	0	0	0	0	0	0	0	0	0	0	0	17	0	0	3	0	0	0	0	9
401.000	0	0	0	0	0	0	0	0	0	0	0	0	0	0	0	8	0	0	2	0	0	0	0	7
401.200	0	0	0	0	0	0	0	0	0	0	0	0	0	0	0	13	0	0	4	0	0	0	0	7
401.400	0	0	0	0	0	0	0	0	0	0	0	0	0	0	0	9	0	0	3	0	0	0	0	11
401.600	0	0	0	0	0	0	0	0	0	0	0	0	0	0	0	10	0	1	4	0	0	0	0	10
401.800	0	0	0	0	0	0	0	0	0	0	0	0	0	0	0	12	0	1	4	0	0	0	0	6
402.000	0	0	0	0	0	0	0	0	0	0	0	0	0	0	0	13	0	0	0	0	0	0	0	7
402.200	0	0	0	0	0	0	0	0	0	0	0	0	0	0	0	12	0	0	0	0	1	0	0	8
402.400	0	0	0	0	0	0	0	0	0	0	0	0	0	0	0	12	0	1	0	0	0	0	0	5
402.600	1	0	0	0	0	0	0	0	0	0	0	0	0	0	0	8	0	1	0	0	0	0	0	8
402.800	0	0	0	0	0	0	0	0	0	0	0	0	0	0	0	6	0	0	0	0	1	0	0	8
403.000	0	0	0	0	0	0	0	0	0	0	0	0	0	0	0	14	0	0	4	0	0	0	0	8
403.200	0	0	0	0	0	0	0	0	0	0	0	0	0	0	0	11	0	0	4	0	0	0	0	10
403.400	0	0	0	0	0	0	0	0	0	0	0	0	0	0	0	10	0	0	4	0	0	0	0	10
403.600	2	0	0	0	0	0	0	0	0	0	0	0	0	0	0	6	0	0	3	0	0	0	0	15
403.800	0	0	0	0	0	0	0	0	0	0	0	0	0	0	0	12	0	0	5	0	1	0	0	14
404.000	1	0	0	0	0	0	0	0	0	0	0	0	0	0	0	12	0	0	4	0	0	0	0	11
404.200	1	0	0	0	0	0	0	0	0	0	0	0	0	0	0	10	0	0	2	0	0	0	0	12
404.400	1	0	0	0	0	0	0	0	0	0	0	0	0	0	0	14	0	0	4	1	0	0	0	10
404.600	3	0	0	0	0	0	0	0	0	0	0	0	0	0	0	10	0	0	4	0	0	0	0	9
404.800	3	0	0	0	0	0	0	0	0	0	0	0	0	0	0	12	0	0	4	1	0	0	0	6
405.000	2	0	0	0	0	0	0	0	0	0	0	0	0	0	0	11	0	0	4	0	0	0	0	11
405.200	2	0	0	0	0	0	0	0	0	0	0	0	0	0	0	10	0	0	4	0	0	0	0	9
405.400	3	0	0	0	0	0	0	0	0	0	0	0	0	0	0	14	0	0	3	0	2	0	0	8
405.600	4	0	0	0	0	0	0	0	0	0	0	0	0	0	0	15	0	1	3	0	0	0	0	7
405.800	4	0	0	0	0	0	0	0	0	0	0	0	0	0	0	7	0	0	3	0	0	0	0	9
406.000	1	0	0	0	0	0	0	0	0	0	0	0	0	0	0	9	0	0	2	0	0	0	0	7
406.200	2	0	0	0	0	0	0	0	0	0	0	0	0	0	0	10	0	0	4	0	0	0	0	10
406.400	1	0	0	0	0	0	0	0	0	0	0	0	0	0	0	4	0	0	4	0	0	0	0	6
406.600	1	0	0	0	0	0	0	0	0	0	0	0	0	0	0	9	0	0	4	1	1	0	0	9
406.800	3	0	0	0	0	0	0	0	0	0	0	0	0	0	0	5	0	0	5	2	0	0	0	3
407.000	0	0	0	0	0	0	0	0	0	0	0	0	0	0	0	10	0	1	8	4	1	0	0	7
407.200	0	0	0	0	0	0	0	0	0	0	0	0	0	0	0	14	0	2	4	1	1	0	0	9
407.400	2	0	0	0	0	0	0	0	0	0	0	0	0	0	0	11	0	0	4	0	1	0	0	8
407.600	1	0	0	0	0	0	0	0	0	0	0	0	0	0	0	11	0	0	4	0	0	0	0	8
407.800	6	0	0	0	0	0	0	0	0	0	0	0	0	0	0	11	0	0	3	0	0	0	0	8
408.000	4	0	0	0	0	0	0	0	0	0	0	0	0	0	0	10	0	0	3	0	0	0	0	8
408.200	0	0	0	0	0	0	0	0	0	0	0	0	0	0	0	10	0	0	4	0	0	0	0	11
408.400	1	0	0	0	0	0	0	0	0	0	0	0	0	0	0	10	0	1	4	0	0	0	0	7
408.600	1	0	0	0	0	0	0	0	0	0	0	0	0	0	0	12	0	1	3	0	1	0	0	7
408.800	1	0	0	0	0	0	0	0	0	0	0	0	0	0	0	18	0	1	4	0	0	0	0	8
409.000	2	0	0	0	0	0	0	0	0	0	0	0	0	0	0	15	0	1	3	0	0	0	0	8
409.200	0	0	0	0	0	0	0	0	0	0	0	0	0	0	0	1	0	0	4	0	0	0	0	11
409.400	0	0	0	0	0	0	0	0	0	0	0	0	0	0	0	7	0	1	3	0	0	0	0	8
409.600	0	0	0	0	0	0	0	0	0	0	0	0	0	0	0	11	0	0	3	0	1	0	0	8
409.800	0	0	0	0	0	0	0	0	0	0	0	0	0	0	0	9	0	0	3	0	0	0	0	8
410.000	0	0	0	0	0	0	0	0	0	0	0	0	0	0	0	6	0	0	3	0	0	0	0	9
410.200	0	0	0	0	0	0	0	0	0	0	0	0	0	0	0	8	0	0	4	0	1	0	0	9
410.400	0	0	0	0	0	0	0	0	0	0	0	0	0	0	0	8	0	0	3	0	0	0	0	5
410.600	0	0	0	0	0	0	0	0	0	0	0	0	0	0	0	11	0	0	3	0	0	0	0	12
410.800	0	0	0	0	0	0	0	0	0	0	0	0	0	0	0	9	0	0	3	0	0	0	0	14
411.000	0	0	0	0	0	0	0	0	0	0	0	0	0	0	0	8	0	0	3	0	0	0	0	10
411.200	0	0	0	0	0	0	0	0	0	0	0	0	0	0	0	10	0	0	4	0	0	0	0	10
411.400	0	0	0	0	0	0	0	0	0	0	0	0	0	0	0	13	0	0	4	0	0	0	0	7
411.600	0	0	0	0	0	0	0	0	0	0	0	0	0	0	0	8	0	0	4	0	0	0	0	8
411.800	0	0	0	0	0	0	0	0	0	0	0	0	0	0	0	13	0	0	4	0	1	0	0	13
412.000	0	0	0	0	0	0	0	0	0	0	0	0	0	0	0	11	0	1	4	0	0	0	0	7
412.200	0	0	0	0	0	0	0	0	0	0	0	0	0	0	0	5	0	0	4	0	1	0	0	7
412.400	0	0	0	0	0	0	0	0	0	0	0	0	0	0	0	13	0	0	4	0	0	0	0	8
412.600	0	0	0	0	0	0	0	0	0	0	0	0	0	0	0	11	0	0	4	0	0	0	0	4
412.800	0	0	0	0	0	0	0	0	0	0	0	0	0	0	0	15	0	1	4	0	1	0	0	10
413.000	0	0	0	0	0	0	0	0	0	0	0	0	0	0	0	11	0	1	3	0	1	0	0	9
413.200	0	0	0	0	0	0	0	0	0	0	0	0	0	0	0	9	0	0	4	0	1	0	0	10
413.400	0	0	0	0	0	0	0	0	0	0	0	0	0	0	0	10	0	1	4	0	1	0	0	9
413.600	0	0	0	0	0	0	0	0	0	0	0	0	0	0	0	6	0	0	4	0	0	0	0	9
413.800	0	0	0	0	0	0	0	0	0	0	0	0	0	0	0	9	0	1	3	0	0	0	0	9
414.000	0	0	0	0	0	0	0	0	0	0	0	0	0	0	0	5	0	1	3	0	0	0	0	10
414.200	0	0	0	0	0	0	0	0	0	0	0	0	0	0	0	12	0	1	4	0	0	0	0	3
414.400	0	0	0	0	0	0	0	0	0	0	0	0	0	0	0	11	0	0	2	0	0	0	0	4
414.600	0	0	0	0	0	0	0	0	0	0	0	0	0	0	0	6	0	0	2	0	0	0	0	6
414.800	0	0	0	0	0	0	0	0	0	0	0	0	0	0	0	12	0	0	3	0	1	0	0	11
415.000	0	0	0	0	0	0	0	0	0	0	0	0	0	0	0	15	0	0	4	0	0	0	0	11
415.200	0	0	0	0	0	0	0	0	0	0	0	0	0	0	0	13	0	0	4	0	2	0	0	13
415.400	0	0	0	0	0	0	0	0	0	0	0	0	0	0	0	10	0	0	4	0	2	0	0	14
415.600	0	0	0	0	0	0	0	0	0	0	0	0	0	0	0	13	0	1	2	0	3	0	0	8
415.800	0	0	0	0	0	0	0	0	0	0	0	0	0	0	0	10	0	0	2	0	1	0	0	9
416.000	0	0	0	0	0	0	0	0	0	0	0	0	0	0	4	12	0	0	4	0	0	0	0	7
416.200	0	0	0	0	0	0	0	0	0	0	0	0	0	0	0	10	0	1	4	0	0	0	0	9
416.400	0	0	0	0	0	0	0	0	0	0	0	0	0	0	0	10	0	1	4	0	0	0	0	11
416.600	0	0	0	0	0	0	0	0	0	0	0	0	0	0	0	10	0	0	2	0	1	0	0	7
416.800	0	0	0	0	0	0	0	0	0	0	0	0	0	0	0	7	0	0	2	0	0	0	0	7
417.000	0	0	0	0	0	0	0	0	0	0	0	0	0	0	0	4	0	0	2	0	1	0	0	9
417.200	0	0	0	0	0	0	0	0	0	0	0	0	0	0	0	2	0	0	2	0	1	0	0	9
417.400	0	0	0	0	0	0	0	0	0	0	0	0	0	0	0	10	0	0	4	0	1	0	0	6
417.600	0	0	0	0	0	0	0	0	0	0	0	0	0	0	0	7	0	0	4	0	1	0	0	7
417.800	0	0	0	0	0	0	0	0	0	0	0	0	0	0	0	13	0	0	4	0	1	0	0	8
418.000	0	0	0	0	0	0	0	0	0	0	0	0	0	0	0	9	0	0	4	0	1	0	0	9
418.200	0	0	0	0	0	0	0	0	0	0	0	0	0	0	0	8	0	0	4	0	0	0	0	13
418.400	0	0	0	0	0	0	0	0	0	0	0	0	0	0	0	10	0	0	4	0	2	0	0	10
418.600	0	0	0	0	0	0	0	0	0	0	0	0	0	0	0	13	0	1	3	0	0	0	0	8
418.800	0	0	0	0	0	0	0	0	0	0	0	0	0	0	0	10	0	0	3	0	1	0	0	7
419.000	0	0	0	0	0	0	0	0	0	0	0	0	0	0	0	12	0	0	3	0	1	0	0	10
419.200	0	0	0	0	0	0	0	0	0	0	0	0	0	0	0	8	0	0	4	0	1	0	0	8
419.400	0	0	0	0	0	0	0	0	0	0	0	0	0	0	0	9	0	1	5	0	0	0	0	9
419.600	0	0	0	0	0	0	0	0	0	0	0	0	0	0	0	13	0	1	4	0	1	0	0	9
419.800	0	0	0	0	0	0	0	0	0	0	0	0	0	0	0	13	0	1	4	0	2	0	0	7
420.000	0	0	0	0	0	0	0	0	0	0	0	0	0	0	0	9	0	1	4	0	1	0	0	7
420.200	0	0	0	0	0	0	0	0	0	0	0	0	0	0	0	11	0	1	3	0	1	0	0	8
420.400	0	0	0	0	0	0	0	0	0	0	0	0	0	0	0	8	0	1	6	0	2	0	0	8
420.600	0	0	0	0	0	0	0	0	0	0	0	0	0	0	0	9	0	1	4	0	0	0	0	6
420.800	0	0	0	0	0	0	0	0	0	0	0	0	0	0	0	12	0	1	4	0	1	0	0	6
421.000	0	0	0	0	0	0	0	0	0	0	0	0	0	0	0	11	0	1	5	0	2	0	0	8
421.200	1	0	0	0	0	0	0	0	0	0	0	0	0	0	0	14	0	0	3	0	1	0	0	7
421.400	0	0	0	0	0	0	0	0	0	0	0	0	0	0	0	13	0	0	3	0	0	0	0	7
421.600	0	0	0	0	0	0	0	0	0	0	0	0	0	0	0	12	0	1	4	0	1	0	0	5
421.800	0	0	0	0	0	0	0	0	0	0	0	0	0	0	0	16	0	0	2	0	1	0	0	9
422.000	0	0	0	0	0	0	0	0	0	0	0	0	0	0	0	12	0	0	3	0	1	0	0	7
422.200	0	0	0	0	0	0	0	0	0	0	0	0	0	0	0	15	0	0	4	0	0	0	1	7
422.400	0	0	0	0	0	0	0	0	0	0	0	0	0	0	0	12	0	0	2	0	0	0	0	9
422.600	0	0	0	0	0	0	0	0	0	0	0	0	0	0	0	15	0	1	4	0	1	0	0	8
422.800	0	0	0	0	0	0	0	0	0	0	0	0	0	0	0	18	0	1	5	0	0	0	0	7
423.000	0	0	0	0	0	0	0	0	0	0	0	0	0	0	0	12	0	0	3	0	1	0	0	11
423.200	0	0	0	0	0	0	0	0	0	0	0	0	0	0	0	5	0	1	4	0	1	0	0	11
423.400	0	0	0	0	0	0	0	0	0	0	0	0	0	0	0	14	0	1	3	0	1	0	0	12
423.600	0	0	0	0	0	0	0	0	0	0	0	0	0	0	0	8	0	1	4	0	0	0	0	13
423.800	0	0	0	0	0	0	0	0	0	0	0	0	0	0	0	8	0	0	4	0	0	0	0	11
424.000	0	0	0	0	0	0	0	0	0	0	0	0	0	0	0	7	0	0	3	0	0	0	0	7
424.200	0	0	0	0	0	0	0	0	0	0	0	0	0	0	0	9	0	1	5	0	2	0	0	7
424.400	0	0	0	0	0	0	0	0	0	0	0	0	0	0	0	4	0	0	4	0	0	0	0	9
424.600	0	0	0	0	0	0	0	0	0	0	0	0	0	0	0	10	0	1	4	0	0	0	0	10
424.800	0	0	0	0	0	0	0	0	0	0	0	0	0	0	0	4	0	0	3	0	0	0	0	12
425.000	0	0	0	0	0	0	0	0	0	0	0	0	0	0	0	5	0	0	3	0	0	0	0	9
425.200	0	0	0	0	0	0	0	0	0	0	0	0	0	0	0	9	0	0	4	0	0	0	0	8
425.400	0	0	0	0	0	0	0	0	0	0	0	0	0	0	0	12	0	0	2	0	0	0	0	11
425.600	0	0	0	0	0	0	0	0	0	0	0	0	0	0	0	9	0	0	4	0	0	0	0	15
425.800	0	0	0	0	0	0	0	0	0	0	0	0	0	0	0	9	0	0	3	0	1	0	0	8
426.000	0	0	0	0	0	0	0	0	0	0	0	0	0	0	0	11	0	0	4	0	0	0	0	9
426.200	0	0	0	0	0	0	0	0	0	0	0	0	0	0	0	11	0	0	4	0	0	0	0	13
426.400	0	0	0	0	0	0	0	0	0	0	0	0	0	0	0	8	0	0	4	0	0	0	0	9
426.600	0	0	0	0	0	0	0	0	0	0	0	0	0	0	0	9	0	0	3	0	0	0	0	10
426.800	0	0	0	0	0	0	0	0	0	0	0	0	0	0	0	9	0	0	2	0	1	0	0	11
427.000	0	0	0	0	0	0	0	0	0	0	0	0	0	0	0	7	0	0	4	0	0	0	0	13
427.200	0	0	0	0	0	0	0	0	0	0	0	0	0	0	1	12	0	0	3	0	0	0	0	11
427.400	0	0	0	0	0	0	0	0	0	0	0	0	0	0	7	11	0	0	3	0	0	0	0	16
427.600	0	0	0	0	0	0	0	0	0	0	0	0	0	0	8	12	0	0	2	0	0	0	0	12
427.800	0	0	0	0	0	0	0	0	0	0	0	0	0	0	7	9	0	0	4	0	0	0	0	15
428.000	0	0	0	0	0	0	0	0	0	0	0	0	0	0	6	8	0	1	4	0	1	0	0	11
428.200	0	0	0	0	0	0	0	0	0	0	0	0	0	0	0	10	0	0	4	0	0	0	0	12
428.400	0	0	0	0	0	0	0	0	0	0	0	0	0	0	0	12	0	0	4	0	1	0	0	16
428.600	0	0	0	0	0	0	0	0	0	0	0	0	0	0	0	12	0	0	2	0	0	0	0	13
428.800	0	0	0	0	0	0	0	0	0	0	0	0	0	0	0	13	0	0	3	0	1	0	0	16
429.000	0	0	0	0	0	0	0	0	0	0	0	0	0	0	0	9	0	1	4	0	1	0	0	13
429.200	0	0	0	0	0	0	0	0	0	0	0	0	0	0	1	11	0	0	2	0	2	0	0	12
429.400	0	0	0	0	0	0	0	0	0	0	0	0	0	0	1	10	0	1	4	0	2	0	0	12
429.600	0	0	0	0	0	0	0	0	0	0	0	0	0	0	0	8	0	1	4	0	1	0	0	10
429.800	0	0	0	0	0	0	0	0	0	0	0	0	0	0	5	11	0	1	4	0	2	0	0	9
430.000	0	0	0	0	0	0	0	0	0	0	0	0	0	0	10	9	0	0	3	0	1	0	0	11
430.200	0	0	0	0	0	0	0	0	0	0	0	0	0	0	4	12	0	0	3	0	1	0	0	11
430.400	0	0	0	0	0	0	0	0	0	0	0	0	0	0	7	11	0	0	2	0	1	0	0	10
430.600	0	0	0	0	0	0	0	0	0	0	0	0	0	0	3	11	0	0	3	0	0	0	0	12
430.800	0	0	0	0	0	0	0	0	0	0	0	0	0	0	8	10	0	0	2	0	2	0	0	9
431.000	0	0	0	0	0	0	0	0	0	0	0	0	0	0	4	7	0	0	2	0	1	0	0	9
431.200	0	0	0	0	0	0	0	0	0	0	0	0	0	0	7	9	0	0	4	0	1	0	0	16
431.400	0	0	0	0	0	0	0	0	0	0	0	0	0	0	7	12	0	0	4	0	0	0	0	17
431.600	0	0	0	0	0	0	0	0	0	0	0	0	0	0	7	11	0	0	3	0	2	0	0	14
431.800	0	0	0	0	0	0	0	0	0	0	0	0	0	0	6	10	0	0	3	0	0	0	0	7
432.000	0	0	0	0	0	0	0	0	0	0	0	0	0	0	7	14	0	1	3	0	2	0	0	10
432.200	0	0	0	0	0	0	0	0	0	0	0	0	0	0	4	16	0	0	2	0	3	0	0	12
432.400	0	0	0	0	0	0	0	0	0	0	0	0	0	0	6	10	0	0	3	0	1	0	0	9
432.600	0	0	0	0	0	0	0	0	0	0	0	0	0	0	7	13	0	0	2	0	0	0	0	11
432.800	0	0	0	0	0	0	0	0	0	0	0	0	0	0	7	13	0	0	4	0	3	0	0	11
433.000	0	0	0	0	0	0	0	0	0	0	0	0	0	0	6	11	0	0	3	0	0	0	0	11
433.200	0	0	0	0	0	0	0	0	0	0	0	0	0	0	6	7	0	0	3	0	0	0	0	6
433.400	0	0	0	0	0	0	0	0	0	0	0	0	0	0	7	10	0	1	4	0	0	0	0	12
433.600	0	0	0	0	0	0	0	0	0	0	0	0	0	0	8	10	0	0	4	0	1	0	0	13
433.800	0	0	0	0	0	0	0	0	0	0	0	0	0	0	6	9	0	1	4	0	0	0	0	11
434.000	0	0	0	0	0	0	0	0	0	0	0	0	0	0	2	14	0	1	4	0	0	0	0	14
434.200	0	0	0	0	0	0	0	0	0	0	0	0	0	0	1	12	0	1	4	0	0	0	0	3
434.400	0	0	0	0	0	0	0	0	0	0	0	0	0	0	3	11	0	1	3	0	0	0	0	11
434.600	0	0	0	0	0	0	0	0	0	0	0	0	0	0	6	14	0	0	2	0	1	0	0	8
434.800	0	0	0	0	0	0	0	0	0	0	0	0	0	0	6	11	0	0	4	0	0	0	0	15
435.000	0	0	0	0	0	0	0	0	0	0	0	0	0	0	2	14	0	2	4	0	0	0	0	9
435.200	0	0	0	0	0	0	0	0	0	0	0	0	0	0	9	11	0	1	4	0	0	0	0	8
435.400	0	0	0	0	0	0	0	0	0	0	0	0	0	0	7	13	0	1	4	0	0	0	0	7
435.600	0	0	0	0	0	0	0	0	0	0	0	0	0	0	7	9	0	1	4	0	0	0	0	9
435.800	0	0	0	0	0	0	0	0	0	0	0	0	0	0	11	10	0	0	4	0	1	0	0	11
436.000	0	0	0	0	0	0	0	0	0	0	0	0	0	0	5	13	0	0	2	0	0	0	0	11
436.200	0	0	0	0	0	0	0	0	0	0	0	0	0	0	4	16	0	0	4	0	0	0	0	6
436.400	0	0	0	0	0	0	0	0	0	0	0	0	0	0	7	16	0	0	4	0	0	0	0	8
436.600	0	0	0	0	0	0	0	0	0	0	0	0	0	0	7	11	0	1	2	0	0	0	0	7
436.800	0	0	0	0	0	0	0	0	0	0	0	0	0	0	3	14	0	1	4	0	0	0	0	8
437.000	0	0	0	0	0	0	0	0	0	0	0	0	0	0	3	11	0	0	4	0	0	0	0	15
437.200	0	0	0	0	0	0	0	0	0	0	0	0	0	0	8	12	0	0	4	0	0	0	0	13
437.400	0	0	0	0	0	0	0	0	0	0	0	0	0	0	4	11	0	0	4	0	0	0	0	10
437.600	0	0	0	0	0	0	0	0	0	0	0	0	0	0	1	8	0	2	4	0	0	0	0	11
437.800	0	0	0	0	0	0	0	0	0	0	0	0	0	0	1	12	0	0	3	0	1	0	0	12
438.000	0	0	0	0	0	0	0	0	0	0	0	0	0	0	5	11	0	0	4	0	1	0	0	10
438.200	0	0	0	0	0	0	0	0	0	0	0	0	0	0	6	12	0	0	5	0	2	0	0	12
438.400	0	0	0	0	0	0	0	0	0	0	0	0	0	0	9	13	0	1	4	0	1	0	0	8
438.600	0	0	0	0	0	0	0	0	0	0	0	0	0	0	8	11	0	0	4	0	0	0	0	7
438.800	0	0	0	0	0	0	0	0	0	0	0	0	0	0	8	13	0	1	3	0	0	0	0	2
439.000	0	0	0	0	0	0	0	0	0	0	0	0	0	0	5	11	0	1	3	0	2	0	0	9
439.200	0	0	0	0	0	0	0	0	0	0	0	0	0	0	7	13	0	1	4	0	0	0	0	7
439.400	0	0	0	0	0	0	0	0	0	0	0	0	0	0	9	12	0	0	4	0	2	0	0	7
439.600	0	0	0	0	0	0	0	0	0	0	0	0	0	0	5	12	0	1	4	0	2	0	0	7
439.800	0	0	0	0	0	0	0	0	0	0	0	0	0	0	5	19	0	1	4	0	1	0	0	12
440.000	0	0	0	0	0	0	0	0	0	0	0	0	0	0	0	8	0	1	3	0	0	0	0	8
440.200	0	0	0	0	0	0	0	0	0	0	0	0	0	0	1	13	0	1	3	0	0	0	0	8
440.400	0	0	0	0	0	0	0	0	0	0	0	0	0	0	0	9	0	1	4	0	0	0	0	8
440.600	0	0	0	0	0	0	0	0	0	0	0	0	0	0	0	9	0	0	4	0	0	0	0	6
440.800	0	0	0	0	0	0	0	0	0	0	0	0	0	0	0	8	0	0	2	0	0	0	0	5
441.000	0	0	0	0	0	0	0	0	0	0	0	0	0	0	0	12	0	1	3	0	0	0	0	7
441.200	0	0	0	0	0	0	0	0	0	0	0	0	0	0	0	8	0	1	4	0	0	0	0	8
441.400	0	0	0	0	0	0	0	0	0	0	0	0	0	0	0	11	0	0	3	0	0	0	0	6
441.600	0	0	0	0	0	0	0	0	0	0	0	0	0	0	0	11	0	1	5	0	2	0	0	7
441.800	0	0	0	0	0	0	0	0	0	0	0	0	0	0	0	10	0	1	4	0	0	0	0	9
442.000	0	0	0	0	0	0	0	0	0	0	0	0	0	0	0	7	0	1	4	0	2	0	0	10
442.200	0	0	0	0	0	0	0	0	0	0	0	0	0	0	0	9	0	0	3	0	2	0	0	8
442.400	0	0	0	0	0	0	0	0	0	0	0	0	0	0	0	9	0	1	3	0	3	0	0	8
442.600	0	0	0	0	0	0	0	0	0	0	0	0	0	0	0	8	0	0	3	0	1	0	0	9
442.800	0	0	0	0	0	0	0	0	0	0	0	0	0	0	0	14	0	1	3	0	2	0	0	12
443.000	0	0	0	0	0	0	0	0	0	0	0	0	0	0	0	7	0	0	3	0	0	0	0	8
443.200	0	0	0	0	0	0	0	0	0	0	0	0	0	0	0	16	0	0	3	0	0	0	0	10
443.400	0	0	0	0	0	0	0	0	0	0	0	0	0	0	0	8	0	0	4	0	1	0	0	8
443.600	0	0	0	0	0	0	0	0	0	0	0	0	0	0	0	10	0	1	4	0	0	0	0	7
443.800	0	0	0	0	0	0	0	0	0	0	0	0	0	0	0	9	0	1	5	0	1	0	0	11
444.000	0	0	0	0	0	0	0	0	0	0	0	0	0	0	0	11	0	0	4	0	1	0	0	15
444.200	0	0	0	0	0	0	0	0	0	0	0	0	0	0	0	9	0	1	4	0	0	0	0	13
444.400	0	0	0	0	0	0	0	0	0	0	0	0	0	0	0	8	0	0	3	0	0	0	0	13
444.600	0	0	0	0	0	0	0	0	0	0	0	0	0	0	0	4	0	1	4	0	0	0	0	7
444.800	0	0	0	0	0	0	0	0	0	0	0	0	0	0	0	9	0	0	3	0	1	0	0	8
445.000	0	0	0	0	0	0	0	0	0	0	0	0	0	0	0	7	0	1	6	0	0	0	0	9
445.200	0	0	0	0	0	0	0	0	0	0	0	0	0	0	0	8	0	1	5	0	1	0	0	10
445.400	0	0	0	0	0	0	0	0	0	0	0	0	0	0	0	10	0	1	5	0	1	0	0	13
445.600	0	0	0	0	0	0	0	0	0	0	0	0	0	0	0	7	0	1	4	0	1	0	0	11
445.800	0	0	0	0	0	0	0	0	0	0	0	0	0	0	0	9	0	1	4	0	1	0	0	10
446.000	0	0	0	0	0	0	0	0	0	0	0	0	0	0	0	4	0	0	4	0	1	0	0	11
446.200	0	0	0	0	0	0	0	0	0	0	0	0	0	0	0	10	0	2	4	0	0	0	0	10
446.400	0	0	0	0	0	0	0	0	0	0	0	0	0	0	0	6	0	1	4	0	1	0	0	11
446.600	0	0	0	0	0	0	0	0	0	0	0	0	0	0	0	7	0	0	3	0	1	0	0	9
446.800	0	0	0	0	0	0	0	0	0	0	0	0	0	0	0	10	0	0	4	0	1	0	0	8
447.000	0	0	0	0	0	0	0	0	0	0	0	0	0	0	0	10	0	0	3	0	1	0	0	7
447.200	0	0	0	0	0	0	0	0	0	0	0	0	0	0	0	7	0	0	4	0	3	0	0	7
447.400	0	0	0	0	0	0	0	0	0	0	0	0	0	0	0	9	0	0	6	0	1	0	0	11
447.600	0	0	0	0	0	0	0	0	0	0	0	0	0	0	0	9	0	1	4	0	1	0	0	9
447.800	0	0	0	0	0	0	0	0	0	0	0	0	0	0	0	7	0	1	7	0	3	0	0	13
448.000	0	0	0	0	0	0	0	0	0	0	0	0	0	0	0	8	0	1	4	0	2	0	0	9
448.200	0	0	0	0	0	0	0	0	0	0	0	0	0	0	0	5	0	1	6	0	0	0	0	8
448.400	0	0	0	0	0	0	0	0	0	0	0	0	0	0	0	7	0	1	5	0	0	0	0	6
448.600	0	0	0	0	0	0	0	0	0	0	0	0	0	0	0	6	0	1	5	0	0	0	0	9
448.800	0	0	0	0	0	0	0	0	0	0	0	0	0	0	0	8	0	1	7	0	0	0	0	6
449.000	0	0	0	0	0	0	0	0	0	0	0	0	0	0	0	8	0	1	7	0	1	0	0	8
449.200	0	0	0	0	0	0	0	0	0	0	0	0	0	0	0	5	0	0	4	0	1	0	0	6
449.400	0	0	0	0	0	0	0	0	0	0	0	0	0	0	0	7	0	0	4	0	2	0	0	8
449.600	0	0	0	0	0	0	0	0	0	0	0	0	0	0	0	9	0	1	5	0	2	0	0	7
449.800	0	0	0	0	0	0	0	0	0	0	0	0	0	0	0	10	0	1	4	0	2	0	0	7
450.000	0	0	0	0	0	0	0	0	0	0	0	0	0	0	0	11	0	1	3	0	2	0	0	8
450.200	0	0	0	0	0	0	0	0	0	0	0	0	0	0	0	15	0	1	4	0	2	0	0	11
450.400	0	0	0	0	0	0	0	0	0	0	0	0	0	0	0	14	0	0	6	0	2	0	0	9
450.600	0	0	0	0	0	0	0	0	0	0	0	0	0	0	0	11	0	0	6	0	2	0	0	6
450.800	0	0	0	0	0	0	0	0	0	0	0	0	0	0	0	13	0	0	9	0	2	0	0	8
451.000	0	0	0	0	0	0	0	0	0	0	0	0	0	0	0	10	0	0	7	0	3	0	0	7
451.200	0	0	0	0	0	0	0	0	0	0	0	0	0	0	0	7	0	0	8	0	1	0	0	5
451.400	0	0	0	0	0	0	0	0	0	0	0	0	0	0	0	9	0	0	5	0	3	0	0	7
451.600	0	0	0	0	0	0	0	0	0	0	0	0	0	0	0	8	0	0	6	0	2	0	0	8
451.800	0	0	0	0	0	0	0	0	0	0	0	0	0	0	0	7	0	0	5	0	2	0	0	10
452.000	0	0	0	0	0	0	0	0	0	0	0	0	0	0	0	9	0	0	9	0	1	0	0	5
452.200	0	0	0	0	0	0	0	0	0	0	0	0	0	0	0	9	0	1	8	0	0	0	0	5
452.400	0	0	0	0	0	0	0	0	0	0	0	0	0	0	0	6	0	0	9	0	0	0	0	10
452.600	0	0	0	0	0	0	0	0	0	0	0	0	0	0	0	5	0	1	4	0	2	0	0	7
452.800	0	0	0	0	0	0	0	0	0	0	0	0	0	0	0	11	0	2	4	0	0	0	0	6
453.000	0	0	0	0	0	0	0	0	0	0	0	0	0	0	0	10	0	0	3	0	1	0	0	8
453.200	0	0	0	0	0	0	0	0	0	0	0	0	0	0	0	10	0	1	4	0	0	0	0	8
453.400	0	0	0	0	0	0	0	0	0	0	0	0	0	0	0	8	0	1	4	0	1	0	0	10
453.600	0	0	0	0	0	0	0	0	0	0	0	0	0	0	0	11	0	1	4	0	2	0	0	10
453.800	0	0	0	0	0	0	0	0	0	0	0	0	0	0	0	6	0	0	4	0	1	0	0	8
454.000	0	0	0	0	0	0	0	0	0	0	0	0	0	0	0	8	0	0	4	0	1	0	0	10
454.200	0	0	0	0	0	0	0	0	0	0	0	0	0	0	0	5	0	1	4	0	3	0	0	9
454.400	0	0	0	0	0	0	0	0	0	0	0	0	0	0	0	5	0	0	2	0	3	0	0	9
454.600	0	0	0	0	0	0	0	0	0	0	0	0	0	0	0	10	0	1	7	0	2	0	0	11
454.800	0	0	0	0	0	0	0	0	0	0	0	0	0	0	0	10	0	0	3	0	1	0	0	8
455.000	0	0	0	0	0	0	0	0	0	0	0	0	0	0	0	11	0	1	4	0	2	0	0	8
455.200	0	0	0	0	0	0	0	0	0	0	0	0	0	0	0	10	0	1	4	0	3	0	0	8
455.400	0	0	0	0	0	0	0	0	0	0	0	0	0	0	0	10	0	1	4	0	0	0	0	11
455.600	0	0	0	0	0	0	0	0	0	0	0	0	0	0	0	9	0	0	5	0	2	0	0	12
455.800	0	0	0	0	0	0	0	0	0	0	0	0	0	0	0	4	0	1	4	0	0	0	0	11
456.000	0	0	0	0	0	0	0	0	0	0	0	0	0	0	0	10	0	0	5	0	0	0	0	9
456.200	0	0	0	0	0	0	0	0	0	0	0	0	0	0	0	9	0	0	5	0	3	0	0	11
456.400	0	0	0	0	0	0	0	0	0	0	0	0	0	0	0	9	0	1	3	0	2	0	0	9
456.600	0	0	0	0	0	0	0	0	0	0	0	0	0	0	0	13	0	0	5	0	1	0	0	8
456.800	0	0	0	0	0	0	0	0	0	0	0	0	0	0	0	12	0	1	4	0	1	0	0	8
457.000	0	0	0	0	0	0	0	0	0	0	0	0	0	0	0	11	0	0	7	0	2	0	0	9
457.200	0	0	0	0	0	0	0	0	0	0	0	0	0	0	0	9	0	0	8	0	1	0	0	12
457.400	0	0	0	0	0	0	0	0	0	0	0	0	0	0	0	10	0	1	9	0	0	0	0	10
457.600	0	0	0	0	0	0	0	0	0	0	0	0	0	0	0	10	0	1	7	0	1	0	0	7
457.800	0	0	0	0	0	0	0	0	0	0	0	0	0	0	0	8	0	1	4	0	1	0	0	8
458.000	0	0	0	0	0	0	0	0	0	0	0	0	0	0	0	9	0	0	7	0	1	0	0	11
458.200	0	0	0	0	0	0	0	0	0	0	0	0	0	0	0	5	0	1	6	0	2	0	0	8
458.400	0	0	0	0	0	0	0	0	0	0	0	0	0	0	0	6	0	1	3	0	1	0	0	11
458.600	0	0	0	0	0	0	0	0	0	0	0	0	0	0	0	9	0	1	6	0	1	0	0	10
458.800	0	0	0	0	0	0	0	0	0	0	0	0	0	0	0	10	0	0	9	0	1	0	0	10
459.000	0	0	0	0	0	0	0	0	0	0	0	0	0	0	0	12	0	2	7	0	1	0	0	11
459.200	0	0	0	0	0	0	0	0	0	0	0	0	0	0	0	6	0	1	4	0	1	0	0	6
459.400	0	0	0	0	0	0	0	0	0	0	0	0	0	0	0	13	0	1	4	0	0	0	0	7
459.600	0	0	0	0	0	0	0	0	0	0	0	0	0	0	0	12	0	1	4	0	1	0	0	7
459.800	0	0	0	0	0	0	0	0	0	0	0	0	0	0	0	11	0	1	3	0	1	0	0	9
460.000	0	0	0	0	0	0	0	0	0	0	0	0	0	0	0	11	0	0	4	0	2	0	0	8
460.200	0	0	0	0	0	0	0	0	0	0	0	0	0	0	0	9	0	1	4	0	1	0	0	8
460.400	0	0	0	0	0	0	0	0	0	0	0	0	0	0	0	13	0	0	6	0	0	0	0	11
460.600	0	0	0	0	0	0	0	0	0	0	0	0	0	0	0	10	0	1	6	0	0	0	0	9
460.800	0	0	0	0	1	0	0	0	0	0	0	0	0	0	2	13	0	2	6	0	0	0	0	10
461.000	0	0	0	0	0	0	0	0	0	0	0	0	0	0	0	10	0	1	4	0	1	0	0	11
461.200	0	0	0	0	0	0	0	0	0	0	0	0	0	0	1	9	0	0	4	0	1	0	0	8
461.400	0	0	0	0	0	0	0	0	0	0	0	0	0	0	4	9	0	1	4	0	0	0	0	7
461.600	0	0	0	0	0	0	0	0	0	0	0	0	0	0	0	11	0	1	6	0	0	0	0	11
461.800	0	0	0	0	0	0	0	0	0	0	0	0	0	0	5	10	0	0	4	0	1	0	0	7
462.000	0	0	0	0	0	0	0	0	0	0	0	0	0	0	3	14	0	1	4	0	0	0	0	15
462.200	0	0	0	0	0	0	0	0	0	0	0	0	0	0	1	11	0	1	4	0	0	0	0	4
462.400	0	0	0	0	0	0	0	0	0	0	0	0	0	0	2	13	0	0	3	0	1	0	0	9
462.600	0	0	0	0	0	0	0	0	0	0	0	0	0	0	1	9	0	1	3	0	0	0	0	6
462.800	0	0	0	0	0	0	0	0	0	0	0	0	0	0	1	11	0	1	3	0	0	0	0	8
463.000	0	0	0	0	0	0	0	0	0	0	0	0	0	0	0	7	0	1	3	0	0	0	0	2
463.200	0	0	0	0	0	0	0	0	0	0	0	0	0	0	2	11	0	1	4	0	0	0	0	13
463.400	0	0	0	0	0	0	0	0	0	0	0	0	0	0	2	11	0	1	3	0	1	0	0	14
463.600	0	0	0	0	0	0	0	0	0	0	0	0	0	0	7	10	0	0	4	0	0	0	0	10
463.800	0	0	0	0	0	0	0	0	0	0	0	0	0	0	5	8	0	1	4	0	2	0	0	8
464.000	0	0	0	0	0	0	0	0	0	0	0	0	0	0	4	11	0	0	4	0	1	0	0	9
464.200	0	0	0	0	0	0	0	0	0	0	0	0	0	0	6	10	0	0	4	0	2	0	0	8
464.400	0	0	0	0	0	0	0	0	0	0	0	0	0	0	7	11	0	1	4	0	0	0	0	10
464.600	0	0	0	0	0	0	0	0	0	0	0	0	0	0	1	11	0	1	4	0	1	0	0	10
464.800	0	0	0	0	0	0	0	0	0	0	0	0	0	0	7	12	0	1	4	0	0	0	0	10
465.000	0	0	0	0	0	0	0	0	0	0	0	0	0	0	8	10	0	0	4	0	0	0	0	5
465.200	0	0	0	0	0	0	0	0	0	0	0	0	0	0	5	8	0	0	4	0	1	0	0	9
465.400	0	0	0	0	0	0	0	0	0	0	0	0	0	0	4	12	0	0	4	0	0	0	0	11
465.600	0	0	0	0	0	0	0	0	0	0	0	0	0	0	4	10	0	0	4	0	0	0	0	8
465.800	0	0	0	0	0	0	0	0	0	0	0	0	0	0	4	17	0	1	4	0	1	0	0	8
466.000	0	0	0	0	0	0	0	0	0	0	0	0	0	0	4	13	0	0	3	0	0	0	0	11
466.200	0	0	0	0	0	0	0	0	0	0	0	0	0	0	5	12	0	1	5	0	1	0	0	10
466.400	0	0	0	0	0	0	0	0	0	0	0	0	0	0	9	18	0	0	4	0	0	0	0	9
466.600	0	0	0	0	0	0	0	0	0	0	0	0	0	0	1	10	0	1	4	0	0	0	0	8
466.800	0	0	0	0	0	0	0	0	0	0	0	0	0	0	1	10	0	0	4	0	0	0	0	9
467.000	0	0	0	0	0	0	0	0	0	0	0	0	0	0	1	11	0	1	4	0	0	0	0	8
467.200	0	0	0	0	0	0	0	0	0	0	0	0	0	0	2	12	0	1	6	0	4	0	0	9
467.400	0	0	0	0	0	0	0	0	0	0	0	0	0	0	2	7	0	1	4	0	2	0	0	10
467.600	0	0	0	0	0	0	0	0	0	0	0	0	0	0	7	14	0	0	4	0	1	0	0	11
467.800	0	0	0	0	0	0	0	0	0	0	0	0	0	0	4	11	0	0	4	0	1	0	0	10
468.000	0	0	0	0	0	0	0	0	0	0	0	0	0	0	6	11	0	0	4	0	2	0	0	8
468.200	0	0	0	0	0	0	0	0	0	0	0	0	0	0	3	12	0	1	3	0	0	0	0	12
468.400	0	0	0	0	0	0	0	0	0	0	0	0	0	0	4	11	0	0	4	0	2	0	0	11
468.600	0	0	0	0	0	0	0	0	0	0	0	0	0	0	5	11	0	0	3	0	2	0	0	8
468.800	0	0	0	0	0	0	0	0	0	0	0	0	0	0	7	11	0	0	6	0	2	0	0	10
469.000	0	0	0	0	0	0	0	0	0	0	0	0	0	0	8	14	0	0	4	0	1	0	0	11
469.200	0	0	0	0	0	0	0	0	0	0	0	0	0	0	6	10	0	0	3	0	1	0	0	8
469.400	0	0	0	0	0	0	0	0	0	0	0	0	0	0	7	10	0	0	4	0	0	0	0	5
469.600	0	0	0	0	0	0	0	0	0	0	0	0	0	0	0	13	0	0	4	0	0	0	0	8
469.800	0	0	0	0	0	0	0	0	0	0	0	0	0	0	1	12	0	0	4	0	1	0	0	8
470.000	0	0	0	0	0	0	0	0	0	0	0	0	0	0	4	14	0	0	4	0	1	0	0	8
470.200	0	0	0	0	0	0	0	0	0	0	0	0	0	0	1	15	0	0	7	1	0	0	0	9
470.400	0	0	0	0	0	0	0	0	0	0	0	0	0	0	1	7	0	0	6	0	0	0	0	8
470.600	0	0	0	0	0	0	0	0	0	0	0	0	0	0	0	8	0	0	7	0	2	0	0	11
470.800	0	0	0	0	0	0	0	0	0	0	0	0	0	0	0	6	0	0	6	0	1	0	0	10
471.000	0	0	0	0	0	0	0	0	0	0	0	0	0	0	0	5	0	0	4	0	2	0	0	10
471.200	0	0	0	0	0	0	0	0	0	0	0	0	0	0	0	4	0	0	2	0	1	0	0	8
471.400	0	0	0	0	0	0	0	0	0	0	0	0	0	0	0	7	0	1	6	0	0	0	0	11
471.600	0	0	0	0	0	0	0	0	0	0	0	0	0	0	6	14	0	0	4	0	0	0	0	10
471.800	0	0	0	0	0	0	0	0	0	0	0	0	0	0	4	12	0	0	3	0	0	0	0	6
472.000	0	0	0	0	0	0	0	0	0	0	0	0	0	0	1	11	0	1	4	0	1	0	0	7
472.200	0	0	0	0	0	0	0	0	0	0	0	0	0	0	3	9	0	0	3	0	0	0	0	8
472.400	0	0	0	0	0	0	0	0	0	0	0	0	0	0	8	11	0	1	4	0	3	0	0	9
472.600	0	0	0	0	0	0	0	0	0	0	0	0	0	0	13	13	0	2	4	0	2	0	0	12
472.800	0	0	0	0	0	0	0	0	0	0	0	0	0	0	7	13	0	2	4	0	0	0	0	9
473.000	0	0	0	0	0	0	0	0	0	0	0	0	0	0	6	12	0	1	4	0	1	0	0	9
473.200	0	0	0	0	0	0	0	0	0	0	0	0	0	0	10	14	0	0	4	0	0	0	0	8
473.400	0	0	0	0	0	0	0	0	0	0	0	0	0	0	0	6	0	1	5	0	1	0	0	8
473.600	0	0	0	0	0	0	0	0	0	0	0	0	0	0	0	7	0	1	4	0	0	0	0	8
473.800	0	0	0	0	0	0	0	0	0	0	0	0	0	0	4	10	0	2	6	0	0	0	0	11
474.000	0	0	0	0	0	0	0	0	0	0	0	0	0	0	7	10	0	1	4	0	0	0	0	6
474.200	0	0	0	0	0	0	0	0	0	0	0	0	0	0	0	10	0	2	4	0	0	0	0	9
474.400	0	0	0	0	0	0	0	0	0	0	0	0	0	0	0	11	0	2	4	0	0	0	0	8
474.600	0	0	0	0	0	0	0	0	0	0	0	0	0	0	0	14	0	0	4	0	0	0	0	10
474.800	0	0	0	0	0	0	0	0	0	0	0	0	0	0	0	3	0	0	6	0	1	0	0	10
475.000	0	0	0	0	0	0	0	0	0	0	0	0	0	0	2	13	0	1	4	0	1	0	0	9
475.200	0	0	0	0	0	0	0	0	0	0	0	0	0	0	0	10	0	0	4	0	0	0	0	11
475.400	0	0	0	0	0	0	0	0	0	0	0	0	0	0	0	10	0	0	4	0	0	0	0	10
475.600	0	1	0	0	0	0	0	0	0	0	0	0	0	0	5	13	0	1	6	1	0	0	0	5
475.800	0	0	0	0	0	0	0	0	0	0	0	0	0	0	6	7	0	0	4	0	0	0	0	13
476.000	0	1	0	0	0	0	0	0	0	0	0	0	0	0	3	11	0	0	4	0	2	0	0	7
476.200	0	1	0	0	0	0	0	0	0	0	0	0	0	0	0	10	0	1	4	0	0	0	0	10
476.400	0	0	0	0	0	0	0	0	0	0	0	0	0	0	0	12	0	1	5	0	0	0	0	8
476.600	0	0	0	0	0	0	0	0	0	0	0	0	0	0	0	10	0	0	4	0	0	0	0	9
476.800	0	0	0	0	0	0	0	0	0	0	0	0	0	0	0	11	0	1	4	0	0	0	0	5
477.000	0	0	0	0	0	0	0	0	0	0	0	0	0	0	0	8	0	0	4	0	0	0	0	11
477.200	0	0	0	0	0	0	0	0	0	0	0	0	0	0	0	6	0	0	4	0	0	0	0	5
477.400	0	0	0	0	0	0	0	0	0	0	0	0	0	0	0	9	0	0	4	0	0	0	0	8
477.600	0	0	0	0	0	0	0	0	0	0	0	0	0	0	0	11	0	0	4	0	0	0	0	9
477.800	0	0	0	0	0	0	0	0	0	0	0	0	0	0	0	9	0	0	3	0	0	0	0	9
478.000	0	1	0	0	0	0	0	0	0	0	0	0	0	0	0	10	0	0	4	0	1	0	0	8
478.200	0	0	0	0	0	0	0	0	0	0	0	0	0	0	0	12	0	1	4	0	0	0	0	10
478.400	0	1	0	0	0	0	0	0	0	0	0	0	0	0	0	7	0	0	4	0	2	0	0	8
478.600	0	0	0	0	0	0	0	0	0	0	0	0	0	0	0	10	0	0	4	0	2	0	0	7
478.800	0	0	0	0	0	0	0	0	0	0	0	0	0	0	0	10	0	0	4	0	2	0	0	8
479.000	0	0	0	0	0	0	0	0	0	0	0	0	0	0	0	10	0	1	4	0	1	0	0	10
479.200	0	1	0	0	0	0	0	0	0	0	0	0	0	0	0	6	0	0	5	0	0	0	0	10
479.400	0	0	0	0	0	0	0	0	0	0	0	0	0	0	0	9	0	0	4	0	0	0	0	7
479.600	0	0	0	0	0	0	0	0	0	0	0	0	0	0	0	10	0	1	5	0	1	0	0	11
479.800	0	0	0	0	0	0	0	0	0	0	0	0	0	0	0	15	0	0	4	0	2	0	0	13
480.000	0	1	0	0	0	0	0	0	0	0	0	0	0	0	0	8	0	0	8	1	1	0	0	11
480.200	0	0	0	0	0	0	0	0	0	0	0	0	0	0	0	6	0	0	6	0	3	0	0	8
480.400	0	1	0	0	0	0	0	0	0	0	0	0	0	0	0	5	0	0	5	0	1	0	0	8
480.600	0	0	0	0	0	0	0	0	0	0	0	0	0	0	0	11	0	1	5	0	1	0	0	10
480.800	0	1	0	0	0	0	0	0	0	0	0	0	0	0	0	8	0	0	6	0	2	0	0	9
481.000	0	1	0	0	0	0	0	0	0	0	0	0	0	0	0	6	0	1	6	0	0	0	0	7
481.200	0	0	0	0	0	0	0	0	0	0	0	0	0	0	0	11	0	0	4	0	2	0	0	11
481.400	0	0	0	0	0	0	0	0	0	0	0	0	0	0	0	10	0	0	4	0	0	0	0	8
481.600	0	0	0	0	0	0	0	0	0	0	0	0	0	0	0	5	0	0	3	0	1	0	0	13
481.800	0	0	0	0	0	0	0	0	0	0	0	0	0	0	0	9	0	0	3	0	0	0	0	11
482.000	0	0	0	0	0	0	0	0	0	0	0	0	0	0	0	7	0	0	3	0	2	0	0	9
482.200	0	0	0	0	0	0	0	0	0	0	0	0	0	0	0	10	0	0	5	0	0	0	0	10
482.400	0	0	0	0	4	0	0	0	0	0	0	0	0	0	0	8	0	0	4	0	2	0	0	10
482.600	0	0	0	0	3	0	0	0	0	0	0	0	0	0	0	7	0	0	5	0	1	0	0	10
482.800	0	0	0	0	2	0	0	0	0	0	0	0	0	0	0	8	0	1	6	0	1	0	0	9
483.000	0	0	0	0	1	0	0	0	0	0	0	0	0	0	0	11	0	0	7	0	2	0	0	9
483.200	0	0	0	0	1	0	0	0	0	0	0	0	0	0	0	7	0	0	4	0	1	0	0	7
483.400	0	0	0	0	1	0	0	0	0	0	0	0	0	0	0	9	0	1	6	0	0	0	0	13
483.600	0	0	0	0	3	0	0	0	0	0	0	0	0	0	0	7	0	0	6	0	0	0	0	10
483.800	0	0	0	0	1	0	0	0	0	0	0	0	0	0	0	9	0	0	6	0	0	0	0	11
484.000	0	0	0	0	3	0	0	0	0	0	0	0	0	0	0	6	0	0	4	0	0	0	0	9
484.200	0	0	0	0	1	0	0	0	0	0	0	0	0	0	0	6	0	0	6	0	0	0	0	14
484.400	0	0	0	0	0	0	0	0	0	0	0	0	0	0	0	8	0	0	6	0	1	0	0	9
484.600	0	0	0	0	0	0	0	0	0	0	0	0	0	0	0	11	0	1	3	0	0	0	0	7
484.800	0	0	0	0	0	0	0	0	0	0	0	0	0	0	0	9	0	1	5	0	0	0	0	9
485.000	0	0	0	0	0	0	0	0	0	0	0	0	0	0	0	9	0	0	4	0	1	0	0	8
485.200	0	0	0	0	0	0	0	0	0	0	0	0	0	0	0	8	0	0	6	0	1	0	0	10
485.400	0	0	0	0	0	0	0	0	0	0	0	0	0	0	0	9	0	0	5	0	1	0	0	7
485.600	0	0	0	0	0	0	0	0	0	0	0	0	0	0	0	12	0	0	5	0	1	0	0	12
485.800	0	0	0	0	0	0	0	0	0	0	0	0	0	0	0	6	0	0	4	0	1	0	0	10
486.000	0	0	0	0	0	0	0	0	0	0	0	0	0	0	0	7	0	0	5	0	1	0	0	13
486.200	0	0	0	0	0	0	0	0	0	0	0	0	0	0	0	5	0	1	4	0	1	0	0	7
486.400	0	0	0	0	0	0	0	0	0	0	0	0	0	0	0	9	0	0	3	0	0	0	0	8
486.600	0	0	0	0	0	0	0	0	0	0	0	0	0	0	0	6	0	0	5	0	1	0	0	7
486.800	0	0	0	0	0	0	0	0	0	0	0	0	0	0	0	10	0	0	4	0	0	0	0	7
487.000	0	0	0	0	0	0	0	0	0	0	0	0	0	0	0	9	0	0	5	0	2	0	0	7
487.200	0	0	0	0	0	0	0	0	0	0	0	0	0	0	1	11	0	0	4	0	2	0	0	10
487.400	0	0	0	0	0	0	0	0	0	0	0	0	0	0	1	8	0	0	3	0	0	0	0	9
487.600	0	0	0	0	0	0	0	0	0	0	0	0	0	0	0	8	0	0	5	0	0	0	0	12
487.800	0	0	0	0	0	0	0	0	0	0	0	0	0	0	1	7	0	0	4	0	2	0	0	7
488.000	0	0	0	0	0	0	0	0	0	0	0	0	0	0	0	8	0	0	3	0	0	0	0	6
488.200	0	0	0	0	0	0	0	0	0	0	0	0	0	0	0	11	0	0	3	0	3	0	0	6
488.400	0	0	0	0	0	0	0	0	0	0	0	0	0	0	0	12	0	0	4	0	1	0	0	7
488.600	0	0	0	0	0	0	0	0	0	0	0	0	0	0	1	11	0	0	4	0	1	0	0	7
488.800	0	0	0	0	0	0	0	0	0	0	0	0	0	0	0	11	0	0	4	0	4	0	0	7
489.000	0	0	0	0	0	0	0	0	0	0	0	0	0	0	0	10	0	0	4	0	2	0	0	8
489.200	0	0	0	0	0	0	0	0	0	0	0	0	0	0	0	7	0	1	4	0	3	0	0	8
489.400	0	0	0	0	0	0	0	0	0	0	0	0	0	0	0	12	0	0	6	0	2	0	0	7
489.600	0	1	0	0	0	0	0	0	0	0	0	0	0	0	0	9	0	1	4	0	0	0	0	8
489.800	0	0	0	0	0	0	0	0	0	0	0	0	0	0	0	8	0	1	4	0	1	0	0	11
490.000	0	0	0	0	0	0	0	0	0	0	0	0	0	0	0	5	0	1	6	0	1	0	0	7
490.200	0	0	0	0	0	0	0	0	0	0	0	0	0	0	0	14	0	0	4	0	1	0	0	9
490.400	0	0	0	0	0	0	0	0	0	0	0	0	0	0	0	10	0	0	5	0	2	0	0	7
490.600	0	0	0	0	0	0	0	0	0	0	0	0	0	0	0	8	0	0	2	0	0	0	0	13
490.800	0	0	0	0	0	0	0	0	0	0	0	0	0	0	0	7	0	0	4	0	2	0	0	10
491.000	0	0	0	0	0	0	0	0	0	0	0	0	0	0	0	9	0	0	4	0	0	0	0	13
491.200	0	0	0	0	0	0	0	0	0	0	0	0	0	0	0	8	0	0	6	0	0	0	0	9
491.400	0	0	0	0	0	0	0	0	0	0	0	0	0	0	0	7	0	0	4	0	0	0	0	9
491.600	0	0	0	0	0	0	0	0	0	0	0	0	0	0	0	10	0	1	7	0	1	0	0	11
491.800	0	0	0	0	0	0	0	0	0	0	0	0	0	0	0	10	0	0	4	0	0	0	0	6
492.000	0	0	0	0	0	0	0	0	0	0	0	0	0	0	0	9	0	0	4	0	2	0	0	12
492.200	0	0	0	0	0	0	0	0	0	0	0	0	0	0	0	8	0	1	4	0	1	0	0	11
492.400	0	0	0	0	0	0	0	0	0	0	0	0	0	0	0	12	0	1	5	0	0	0	0	7
492.600	0	0	0	0	0	0	0	0	0	0	0	0	0	0	0	10	0	1	4	0	0	0	0	10
492.800	0	0	0	0	0	0	0	0	0	0	0	0	0	0	0	11	0	1	6	0	1	0	0	10
493.000	0	0	0	0	0	0	0	0	0	0	0	0	0	0	0	9	0	0	4	0	0	0	0	11
493.200	0	0	0	0	0	0	0	0	0	0	0	0	0	0	0	5	0	0	6	0	0	0	0	8
493.400	0	0	0	0	0	0	0	0	0	0	0	0	0	0	0	8	0	1	4	0	0	0	0	12
493.600	0	0	0	0	0	0	0	0	0	0	0	0	0	0	0	8	0	1	4	0	0	0	0	8
493.800	0	0	0	0	0	0	0	0	0	0	0	0	0	0	0	5	0	0	4	0	0	0	0	7
494.000	0	0	0	0	0	0	0	0	0	0	0	0	0	0	0	5	0	0	2	0	0	0	0	6
494.200	0	0	0	0	0	0	0	0	0	0	0	0	0	0	0	13	0	0	4	0	0	0	0	7
494.400	0	0	0	0	0	0	0	0	0	0	0	0	0	0	0	10	0	0	3	0	0	0	0	7
494.600	0	0	0	0	0	0	0	0	0	0	0	0	0	0	0	12	0	1	4	0	0	0	0	3
494.800	0	1	0	0	0	0	0	0	0	0	0	0	0	0	0	4	0	0	3	0	0	0	0	3
495.000	0	0	0	0	0	0	0	0	0	0	0	0	0	0	0	7	0	2	4	0	0	0	0	8
495.200	0	0	0	0	0	0	0	0	0	0	0	0	0	0	0	10	0	1	4	0	1	0	0	8
495.400	0	0	0	0	0	0	0	0	0	0	0	0	0	0	0	6	0	0	4	1	0	0	0	10
495.600	0	0	0	0	0	0	0	0	0	0	0	0	0	0	0	7	0	0	4	0	0	0	0	9
495.800	0	0	0	0	0	0	0	0	0	0	0	0	0	0	0	11	0	0	4	0	0	0	0	3
496.000	0	0	0	0	0	0	0	0	0	0	0	0	0	0	0	9	0	2	4	0	0	0	0	6
496.200	0	0	0	0	0	0	0	0	0	0	0	0	0	0	0	9	0	2	4	0	0	0	0	8
496.400	0	0	0	0	0	0	0	0	0	0	0	0	0	0	0	13	0	1	3	0	0	0	0	6
496.600	0	0	0	0	2	0	0	0	0	0	0	0	0	0	0	12	0	1	4	0	0	0	0	14
496.800	0	0	0	0	0	0	0	0	0	0	0	0	0	0	0	6	0	0	3	0	0	0	0	6
497.000	0	0	0	0	0	0	0	0	0	0	0	0	0	0	0	11	0	1	4	0	0	0	0	7
497.200	0	0	0	0	2	0	0	0	0	0	0	0	0	0	0	11	0	0	4	0	0	0	0	5
497.400	0	0	0	0	0	0	0	0	0	0	0	0	0	0	1	18	0	1	4	0	0	0	0	5
497.600	0	0	0	0	0	0	0	0	0	0	0	0	0	0	0	15	0	0	4	0	0	0	0	10
497.800	0	0	0	0	0	0	0	0	0	0	0	0	0	0	3	15	0	0	3	0	0	0	0	6
498.000	0	0	0	0	0	0	0	0	0	0	0	0	0	0	3	13	0	0	2	0	0	0	0	7
498.200	0	0	0	0	0	0	0	0	0	0	0	0	0	0	3	17	0	0	5	0	0	0	0	5
498.400	0	0	0	0	0	0	0	0	0	0	0	0	0	0	2	10	0	0	4	0	0	0	0	10
498.600	0	0	0	0	0	0	0	0	0	0	0	0	0	0	2	15	0	0	4	0	0	0	0	4
498.800	0	0	0	0	0	0	0	0	0	0	0	0	0	0	0	10	0	0	4	0	0	0	0	10
499.000	0	0	0	0	0	0	0	0	0	0	0	0	0	0	1	13	0	1	7	1	0	0	0	5
499.200	0	0	0	0	0	0	0	0	0	0	0	0	0	0	3	14	0	0	4	0	0	0	0	9
499.400	0	0	0	0	0	0	0	0	0	0	0	0	0	0	2	10	0	2	4	0	0	0	0	8
499.600	0	0	0	0	0	0	0	0	0	0	0	0	0	0	1	12	0	0	4	0	0	0	0	7
499.800	0	0	0	0	0	0	0	0	0	0	0	0	0	0	1	11	0	1	6	3	1	0	0	7
500.000	0	0	0	0	0	0	0	0	0	0	0	0	0	0	0	11	0	1	6	2	0	0	0	3
500.200	0	0	0	0	0	0	0	0	0	0	0	0	0	0	0	9	0	1	7	1	0	0	0	8
500.400	0	0	0	0	0	0	0	0	0	0	0	0	0	0	0	12	0	0	6	4	0	0	0	7
500.600	0	0	0	0	0	0	0	0	0	0	0	0	0	0	0	11	0	1	6	1	0	0	0	10
500.800	0	0	0	0	0	0	0	0	0	0	0	0	0	0	0	12	0	0	6	3	0	0	0	6
501.000	0	0	0	0	0	0	0	0	0	0	0	0	0	0	0	12	0	0	6	1	0	0	0	7
501.200	0	0	0	0	0	0	0	0	0	0	0	0	0	0	0	11	0	1	5	1	0	0	0	8
501.400	0	0	0	0	0	0	0	0	0	0	0	0	0	0	0	9	0	0	6	2	0	0	0	6
501.600	0	0	0	0	0	0	0	0	0	0	0	0	0	0	0	19	0	0	4	0	0	0	0	6
501.800	0	0	0	0	0	0	0	0	0	0	0	0	0	0	0	14	0	0	3	0	0	0	0	6
502.000	0	0	0	0	0	0	0	0	0	0	0	0	0	0	0	13	0	1	4	0	0	0	0	8
502.200	0	0	0	0	0	0	0	0	0	0	0	0	0	0	0	11	0	0	3	0	0	0	0	4
502.400	0	0	0	0	0	0	0	0	0	0	0	0	0	0	0	15	0	1	4	0	0	0	0	7
502.600	0	0	0	0	0	0	0	0	0	0	0	0	0	0	0	11	0	1	5	0	0	0	0	6
502.800	0	0	0	0	0	0	0	0	0	0	0	0	0	0	0	11	0	1	6	0	0	0	0	6
503.000	0	0	0	0	0	0	0	0	0	0	0	0	0	0	0	15	0	1	6	0	0	0	0	5
503.200	0	0	0	0	0	0	0	0	0	0	0	0	0	0	0	13	0	1	8	0	0	0	0	5
503.400	0	0	0	0	0	0	0	0	0	0	0	0	0	0	0	15	0	1	6	1	0	0	0	5
503.600	0	0	0	0	0	0	0	0	0	0	0	0	0	0	0	16	0	1	7	0	0	0	0	5
503.800	0	0	0	0	0	0	0	0	0	0	0	0	0	0	0	10	0	1	4	0	0	0	0	4
504.000	0	0	0	0	0	0	0	0	0	0	0	0	0	0	0	14	0	1	4	0	0	0	0	5
504.200	0	0	0	0	0	0	0	0	0	0	0	0	0	0	0	12	0	1	5	1	0	0	0	4
504.400	0	0	0	0	0	0	0	0	0	0	0	0	0	0	0	15	0	1	7	1	0	0	0	5
504.600	0	0	0	0	0	0	0	0	0	0	0	0	0	0	0	10	0	0	6	1	0	0	0	9
504.800	0	0	0	0	0	0	0	0	0	0	0	0	0	0	0	11	0	1	8	1	0	0	0	5
505.000	0	0	0	0	0	0	0	0	0	0	0	0	0	0	0	13	0	1	6	2	0	0	0	6
505.200	0	0	0	0	0	0	0	0	0	0	0	0	0	0	0	13	0	1	6	0	0	0	0	5
505.400	0	0	0	0	0	0	0	0	0	0	0	0	0	0	0	14	0	1	7	3	0	0	0	8
505.600	0	0	0	0	0	0	0	0	0	0	0	0	0	0	0	18	0	1	9	2	0	0	0	8
505.800	0	0	0	0	0	0	0	0	0	0	0	0	0	0	0	13	0	0	6	2	0	0	0	10
506.000	0	0	0	0	0	0	0	0	0	0	0	0	0	0	0	12	0	0	6	2	0	0	0	8
506.200	0	0	0	0	0	0	0	0	0	0	0	0	0	0	0	13	0	0	7	3	0	0	0	11
506.400	0	0	0	0	0	0	0	0	0	0	0	0	0	0	0	11	0	0	7	3	0	0	0	12
506.600	0	0	0	0	0	0	0	0	0	0	0	0	0	0	0	12	0	1	9	2	1	0	0	10
506.800	0	0	0	0	0	0	0	0	0	0	0	0	0	0	0	14	0	1	8	3	0	0	0	10
507.000	0	0	0	0	0	0	0	0	0	0	0	0	0	0	0	16	0	1	5	2	0	0	0	9
507.200	0	0	0	0	0	0	0	0	0	0	0	0	0	0	0	12	0	1	8	3	0	0	0	13
507.400	0	0	0	0	0	0	0	0	0	0	0	0	0	0	0	11	0	1	9	3	0	0	0	7
507.600	0	0	0	0	0	0	0	0	0	0	0	0	0	0	0	12	0	0	8	3	0	0	0	8
507.800	0	0	0	0	0	0	0	0	0	0	0	0	0	0	0	8	0	0	6	3	0	0	0	11
508.000	0	0	0	0	0	0	0	0	0	0	0	0	0	0	0	16	0	1	10	3	0	0	0	7
508.200	0	0	0	0	0	0	0	0	0	0	0	0	0	0	0	10	0	1	9	1	0	0	0	11
508.400	0	0	0	0	0	0	0	0	0	0	0	0	0	0	0	6	0	0	6	0	0	0	0	10
508.600	0	0	0	0	0	0	0	0	0	0	0	0	0	0	0	10	0	1	6	2	0	0	0	8
508.800	0	0	0	0	0	0	0	0	0	0	0	0	0	0	0	10	0	0	6	4	0	0	0	4
509.000	0	0	0	0	0	0	0	0	0	0	0	0	0	0	0	10	0	1	5	1	0	0	0	3
509.200	0	0	0	0	0	0	0	0	0	0	0	0	0	0	0	3	0	0	6	1	0	0	0	6
509.400	0	0	0	0	0	0	0	0	0	0	0	0	0	0	0	3	0	0	4	0	0	0	0	7
509.600	0	0	0	0	0	0	0	0	0	0	0	0	0	0	0	1	0	0	4	0	0	0	0	4
509.800	0	0	0	0	0	0	0	0	0	0	0	0	0	0	0	6	0	0	4	0	0	0	0	12
510.000	0	0	0	0	0	0	0	0	0	0	0	0	0	0	0	6	0	0	2	0	0	0	0	3
510.200	0	0	0	0	0	0	0	0	0	0	0	0	0	0	0	6	0	0	3	0	0	0	0	3
510.400	0	0	0	0	0	0	0	0	0	0	0	0	0	0	0	4	0	0	0	0	0	0	0	4
510.600	0	0	0	0	0	0	0	0	0	0	0	0	0	0	0	5	0	0	1	0	0	0	0	8
510.800	0	0	0	0	0	0	0	0	0	0	0	0	0	0	0	3	0	0	1	0	0	0	0	3
511.000	0	0	0	0	0	0	0	0	0	0	0	0	0	0	0	3	0	0	0	0	0	0	0	5
511.200	0	0	0	0	0	0	0	0	0	0	0	0	0	0	0	6	0	0	2	0	0	0	0	3
511.400	0	0	0	0	0	0	0	0	0	0	0	0	0	0	0	0	0	0	0	0	0	0	0	10
511.600	0	0	0	0	0	0	0	0	0	0	0	0	0	0	0	7	0	0	4	1	0	0	0	12
511.800	0	0	0	0	0	0	0	0	0	0	0	0	0	0	0	14	0	0	5	2	0	0	0	9
512.000	0	0	0	0	0	0	0	0	0	0	0	0	0	0	0	7	0	0	5	2	0	0	0	16
512.200	0	0	0	0	0	0	0	0	0	0	0	0	0	0	0	9	0	0	5	2	0	0	0	9
512.400	0	0	0	0	0	0	0	0	0	0	0	0	0	0	0	12	0	1	5	1	0	0	0	8
512.600	0	0	0	0	0	0	0	0	0	0	0	0	0	0	0	10	0	0	5	1	0	0	0	8
512.800	0	0	0	0	0	0	0	0	0	0	0	0	0	0	0	13	0	0	5	3	0	0	0	6
513.000	0	0	0	0	0	0	0	0	0	0	0	0	0	0	0	11	0	0	5	0	0	0	0	8
513.200	0	0	0	0	0	0	0	0	0	0	0	0	0	0	0	11	0	1	6	1	0	0	0	7
513.400	0	0	0	0	0	0	0	0	0	0	0	0	0	0	0	12	0	1	9	1	0	0	0	6
513.600	0	0	0	0	0	0	0	0	0	0	0	0	0	0	0	9	0	1	8	3	1	0	0	8
513.800	0	0	0	0	0	0	0	0	0	0	0	0	0	0	0	13	0	0	0	1	0	0	0	6
514.000	0	0	0	0	0	0	0	0	0	0	0	0	0	0	0	12	0	0	5	2	0	0	0	7
514.200	0	0	0	0	0	0	0	0	0	0	0	0	0	0	0	14	0	1	5	1	1	0	0	7
514.400	0	0	0	0	0	0	0	0	0	0	0	0	0	0	0	16	0	1	5	2	0	0	0	5
514.600	0	0	0	0	0	0	0	0	0	0	0	0	0	0	0	10	0	0	6	2	1	0	0	8
514.800	0	0	0	0	0	0	0	0	0	0	0	0	0	0	0	12	0	1	7	1	0	0	0	7
515.000	0	0	0	0	0	0	0	0	0	0	0	0	0	0	0	8	0	0	5	5	0	0	0	7
515.200	0	0	0	0	0	0	0	0	0	0	0	0	0	0	0	15	0	1	6	3	0	0	0	8
515.400	0	0	0	0	0	0	0	0	0	0	0	0	0	0	0	16	0	1	5	1	0	0	0	7
515.600	0	0	0	0	0	0	0	0	0	0	0	0	0	0	0	13	0	1	6	2	0	0	0	5
515.800	0	0	0	0	0	0	0	0	0	0	0	0	0	0	0	9	0	1	7	2	1	0	0	5
516.000	0	0	0	0	0	0	0	0	0	0	0	0	0	0	0	14	0	0	1	2	0	0	0	6
516.200	0	0	0	0	0	0	0	0	0	0	0	0	0	0	0	9	0	0	4	2	2	0	1	6
516.400	0	0	0	0	0	0	0	0	0	0	0	0	0	0	0	5	0	0	5	3	0	0	0	4
516.600	0	0	0	0	0	0	0	0	0	0	0	0	0	0	0	6	0	0	0	0	0	0	0	3
516.800	0	0	0	0	0	0	0	0	0	0	0	0	0	0	0	11	0	1	8	3	0	0	0	7
517.000	0	0	0	0	0	0	0	0	0	0	0	0	0	0	0	7	0	1	7	3	2	0	0	7
517.200	0	0	0	0	0	0	0	0	0	0	0	0	0	0	0	8	0	1	7	2	0	0	0	6
517.400	0	0	0	0	0	0	0	0	0	0	0	0	0	0	0	9	0	0	5	2	2	0	0	3
517.600	0	0	0	0	0	0	0	0	0	0	0	0	0	0	0	8	0	1	4	1	0	0	0	7
517.800	0	0	0	0	0	0	0	0	0	0	0	0	0	0	0	6	0	1	6	3	1	0	0	9
518.000	0	0	0	0	0	0	0	0	0	0	0	0	0	0	0	7	0	0	6	3	2	0	0	8
518.200	0	0	0	0	0	0	0	0	0	0	0	0	0	0	0	4	0	0	6	2	0	0	0	8
518.400	0	0	0	0	0	0	0	0	0	0	0	0	0	0	0	10	0	1	6	2	0	0	0	8
518.600	0	0	0	0	0	0	0	0	0	0	0	0	0	0	0	9	0	0	6	2	0	0	0	7
518.800	0	0	0	0	0	0	0	0	0	0	0	0	0	0	0	15	0	1	8	2	0	0	0	7
519.000	0	0	0	0	0	0	0	0	0	0	0	0	0	0	0	11	0	1	11	2	0	0	0	8
519.200	0	0	0	0	0	0	0	0	0	0	0	0	0	0	0	8	0	1	6	2	0	0	0	8
519.400	0	0	0	0	0	0	0	0	0	0	0	0	0	0	0	8	0	0	5	2	0	0	0	7
519.600	0	0	0	0	0	0	0	0	0	0	0	0	0	0	0	4	0	1	6	2	0	0	0	12
519.800	0	0	0	0	0	0	0	0	0	0	0	0	0	0	0	13	0	1	6	1	0	0	0	6
520.000	0	0	0	0	0	0	0	0	0	0	0	0	0	0	0	7	0	0	5	2	0	0	0	7
520.200	0	0	0	0	0	0	0	0	0	0	0	0	0	0	0	8	0	1	7	1	0	0	0	12
520.400	0	0	0	0	0	0	0	0	0	0	0	0	0	0	0	9	0	1	8	2	0	0	0	7
520.600	0	0	0	0	0	0	0	0	0	0	0	0	0	0	0	8	0	0	6	4	0	0	0	3
520.800	0	0	0	0	0	0	0	0	0	0	0	0	0	0	0	9	0	1	6	1	0	0	0	8
521.000	0	0	0	0	0	0	0	0	0	0	0	0	0	0	0	8	0	1	5	2	1	0	0	6
521.200	0	0	0	0	0	0	0	0	0	0	0	0	0	0	0	4	0	1	6	2	0	0	0	8
521.400	0	0	0	0	0	0	0	0	0	0	0	0	0	0	0	10	0	0	4	0	1	0	0	9
521.600	0	0	0	0	0	0	0	0	0	0	0	0	0	0	0	7	0	2	3	0	0	0	0	8
521.800	0	0	0	0	0	0	0	0	0	0	0	0	0	0	0	6	0	0	4	0	0	0	0	7
522.000	0	0	0	0	0	0	0	0	0	0	0	0	0	0	0	8	0	0	4	0	0	0	0	7
522.200	0	0	0	0	0	0	0	0	0	0	0	0	0	0	0	8	0	0	3	0	0	0	0	6
522.400	0	0	0	0	0	0	0	0	0	0	0	0	0	0	0	7	0	0	4	0	0	0	0	5
522.600	0	0	0	0	0	0	0	0	0	0	0	0	0	0	0	8	0	0	4	0	2	0	0	9
522.800	0	0	0	0	0	0	0	0	0	0	0	0	0	0	0	3	0	0	4	0	2	0	0	7
523.000	0	0	0	0	0	0	0	0	0	0	0	0	0	0	0	6	0	0	4	0	2	0	0	11
523.200	0	0	0	0	0	0	0	0	0	0	0	0	0	0	0	11	0	0	5	0	1	0	0	9
523.400	0	0	0	0	0	0	0	0	0	0	0	0	0	0	0	13	0	1	3	0	1	0	0	9
523.600	0	0	0	0	0	0	0	0	0	0	0	0	0	0	0	8	0	0	3	0	1	0	0	5
523.800	0	0	0	0	0	0	0	0	0	0	0	0	0	0	0	6	0	1	3	0	1	0	0	7
524.000	0	0	0	0	0	0	0	0	0	0	0	0	0	0	0	12	0	1	4	0	1	0	0	5
524.200	0	0	0	0	0	0	0	0	0	0	0	0	0	0	0	13	0	0	4	0	2	0	0	6
524.400	0	0	0	0	0	0	0	0	0	0	0	0	0	0	0	8	0	0	3	0	0	0	0	8
524.600	0	0	0	0	0	0	0	0	0	0	0	0	0	0	0	12	0	0	3	0	0	0	0	7
524.800	0	0	0	0	0	0	0	0	0	0	0	0	0	0	0	8	0	0	3	0	0	0	0	8
525.000	0	0	0	0	0	0	0	0	0	0	0	0	0	0	0	7	0	1	4	0	0	0	0	7
525.200	0	0	0	0	0	0	0	0	0	0	0	0	0	0	0	10	0	1	4	0	0	0	0	8
525.400	0	0	0	0	0	0	0	0	0	0	0	0	0	0	0	12	0	1	4	0	0	0	0	7
525.600	0	0	0	0	0	0	0	0	0	0	0	0	0	0	0	13	0	0	3	0	0	0	0	5
525.800	0	0	0	0	0	0	0	0	0	0	0	0	0	0	0	11	0	1	4	0	3	0	0	10
526.000	0	0	0	0	0	0	0	0	0	0	0	0	0	0	0	7	0	0	4	0	1	0	0	6
526.200	0	0	0	0	0	0	0	0	0	0	0	0	0	0	0	11	0	2	4	0	0	0	0	5
526.400	0	0	0	0	0	0	0	0	0	0	0	0	0	0	0	9	0	0	4	0	0	0	0	5
526.600	0	0	0	0	0	0	0	0	0	0	0	0	0	0	0	11	0	0	4	0	0	0	0	5
526.800	0	0	0	0	0	0	0	0	0	0	0	0	0	0	0	9	0	1	3	0	3	0	0	13
527.000	0	0	0	0	0	0	0	0	0	0	0	0	0	0	0	11	0	0	3	0	2	0	0	12
527.200	0	0	0	0	0	0	0	0	0	0	0	0	0	0	0	5	0	1	4	1	1	0	0	8
527.400	0	0	0	0	0	0	0	0	0	0	0	0	0	0	0	6	0	1	4	0	1	0	0	12
527.600	0	0	0	0	0	0	0	0	0	0	0	0	0	0	0	5	0	0	5	1	2	0	0	13
527.800	0	0	0	0	0	0	0	0	0	0	0	0	0	0	0	7	0	2	4	0	2	0	0	8
528.000	0	0	0	0	0	0	0	0	0	0	0	0	0	0	0	6	0	1	4	1	0	0	0	9
528.200	0	0	0	0	0	0	0	0	0	0	0	0	0	0	0	13	0	1	4	0	1	0	0	7
528.400	0	0	0	0	0	0	0	0	0	0	0	0	0	0	0	11	0	1	4	0	1	0	0	9
528.600	0	0	0	0	0	0	0	0	0	0	0	0	0	0	0	10	0	0	4	0	1	0	0	5
528.800	0	0	0	0	0	0	0	0	0	0	0	0	0	0	0	8	0	0	4	1	0	0	0	8
529.000	0	0	0	0	0	0	0	0	0	0	0	0	0	0	0	9	0	0	4	1	1	0	0	12
529.200	0	0	0	0	0	0	0	0	0	0	0	0	0	0	1	12	0	0	4	1	1	0	0	8
529.400	0	0	0	0	0	0	0	0	0	0	0	0	0	0	0	12	0	0	3	0	1	0	0	8
529.600	0	0	0	0	0	0	0	0	0	0	0	0	0	0	0	8	0	2	3	0	0	0	0	9
529.800	0	0	0	0	0	0	0	0	0	0	0	0	0	0	1	11	0	1	4	0	0	0	0	3
530.000	0	0	0	0	0	0	0	0	0	0	0	0	0	0	0	11	0	0	3	0	1	0	0	12
530.200	0	0	0	0	0	0	0	0	0	0	0	0	0	0	0	11	0	0	4	1	0	0	0	10
530.400	0	0	0	0	0	0	0	0	0	0	0	0	0	0	0	13	0	0	4	0	0	0	0	8
530.600	0	0	0	0	0	0	0	0	0	0	0	0	0	0	0	11	0	1	4	0	1	0	0	6
530.800	0	0	0	0	0	0	0	0	0	0	0	0	0	0	0	12	0	0	4	0	0	0	0	12
531.000	0	0	0	0	0	0	0	0	0	0	0	0	0	0	0	8	0	1	6	1	0	0	0	7
531.200	0	0	0	0	0	0	0	0	0	0	0	0	0	0	1	14	0	0	4	0	0	0	0	12
531.400	0	0	0	0	0	0	0	0	0	0	0	0	0	0	0	8	0	0	3	0	0	0	0	9
531.600	0	0	0	0	0	0	0	0	0	0	0	0	0	0	0	15	0	0	4	0	1	0	0	15
531.800	0	0	0	0	0	0	0	0	0	0	0	0	0	0	0	11	0	0	4	0	1	0	0	13
532.000	0	0	0	0	0	0	0	0	0	0	0	0	0	0	0	9	0	0	3	0	0	0	0	12
532.200	0	0	0	0	0	0	0	0	0	0	0	0	0	0	0	7	0	0	3	0	0	0	0	12
532.400	0	0	0	0	0	0	0	0	0	0	0	0	0	0	0	8	0	1	4	0	0	0	0	8
532.600	0	0	0	0	0	0	0	0	0	0	0	0	0	0	0	9	0	0	4	0	0	0	0	11
532.800	0	0	0	0	0	0	0	0	0	0	0	0	0	0	0	9	0	1	3	0	0	0	0	14
533.000	0	0	0	0	0	0	0	0	0	0	0	0	0	0	0	11	0	1	3	0	0	0	0	5
533.200	0	0	0	0	0	0	0	0	0	0	0	0	0	0	0	5	0	1	4	1	1	0	0	6
533.400	0	0	0	0	0	0	0	0	0	0	0	0	0	0	0	8	0	0	4	0	0	0	0	8
533.600	0	0	0	0	0	0	0	0	0	0	0	0	0	0	0	8	0	2	5	0	0	0	0	6
533.800	0	0	0	0	0	0	0	0	0	0	0	0	0	0	0	8	0	1	4	0	0	0	0	11
534.000	0	0	0	0	0	0	0	0	0	0	0	0	0	0	0	12	0	0	3	0	0	0	0	9
534.200	0	0	0	0	0	0	0	0	0	0	0	0	0	0	0	9	0	0	4	0	0	0	0	8
534.400	0	0	0	0	0	0	0	0	0	0	0	0	0	0	0	14	0	2	4	0	0	0	0	11
534.600	0	0	0	0	0	0	0	0	0	0	0	0	0	0	0	8	0	0	4	0	0	0	0	8
534.800	0	0	0	0	0	0	0	0	0	0	0	0	0	0	0	9	0	1	4	0	1	0	0	9
535.000	0	0	0	0	0	0	0	0	0	0	0	0	0	0	0	12	0	0	3	0	1	0	0	6
535.200	0	0	0	0	0	0	0	0	0	0	0	0	0	0	0	11	0	0	4	0	1	0	0	3
535.400	0	0	0	0	0	0	0	0	0	0	0	0	0	0	0	7	0	0	3	0	0	0	0	7
535.600	0	0	0	0	0	0	0	0	0	0	0	0	0	0	0	4	0	0	4	0	0	0	0	3
535.800	0	0	0	0	0	0	0	0	0	0	0	0	0	0	0	10	0	1	3	0	0	0	0	4
536.000	0	0	0	0	0	0	0	0	0	0	0	0	0	0	0	10	0	0	3	0	0	0	0	9
536.200	0	0	0	0	0	0	0	0	0	0	0	0	0	0	0	9	0	0	4	1	0	0	0	11
536.400	0	0	0	0	0	0	0	0	0	0	0	0	0	0	0	14	0	1	3	0	0	0	0	7
536.600	0	0	0	0	0	0	0	0	0	0	0	0	0	0	0	10	0	0	4	1	0	0	0	9
536.800	0	0	0	0	0	0	0	0	0	0	0	0	0	0	0	11	0	1	10	1	0	0	0	6
537.000	0	0	0	0	0	0	0	0	0	0	0	0	0	0	0	5	0	1	6	2	0	0	0	5
537.200	0	0	0	0	0	0	0	0	0	0	0	0	0	0	0	8	0	1	2	1	0	0	0	7
537.400	0	0	0	0	0	0	0	0	0	0	0	0	0	0	0	8	0	1	5	3	0	0	0	7
537.600	0	0	0	0	0	0	0	0	0	0	0	0	0	0	0	9	0	1	8	3	1	0	0	8
537.800	0	0	0	0	0	0	0	0	0	0	0	0	0	0	0	6	0	0	9	3	0	0	0	6
538.000	0	0	0	0	0	0	0	0	0	0	0	0	0	0	0	13	0	1	7	3	0	0	0	8
538.200	0	0	0	0	0	0	0	0	0	0	0	0	0	0	0	9	0	1	6	1	0	0	0	7
538.400	0	0	0	0	0	0	0	0	0	0	0	0	0	0	0	6	0	1	7	2	0	0	0	6
538.600	0	0	0	0	0	0	0	0	0	0	0	0	0	0	0	13	0	1	9	2	1	0	0	8
538.800	0	0	0	0	0	0	0	0	0	0	0	0	0	0	0	8	0	1	7	3	0	0	0	12
539.000	0	0	0	0	0	0	0	0	0	0	0	0	0	0	0	14	0	0	5	1	0	0	0	13
539.200	0	0	0	0	0	0	0	0	0	0	0	0	0	0	0	13	0	1	6	2	0	0	0	6
539.400	0	0	0	0	0	0	0	0	0	0	0	0	0	0	0	20	0	1	6	2	0	0	0	8
539.600	0	0	0	0	0	0	0	0	0	0	0	0	0	0	0	13	0	1	7	2	0	0	0	10
539.800	0	0	0	0	0	0	0	0	0	0	0	0	0	0	0	12	0	1	7	3	0	0	0	7
540.000	0	0	0	0	0	0	0	0	0	0	0	0	0	0	0	15	0	1	8	3	0	0	0	8
540.200	0	0	0	0	0	0	0	0	0	0	0	0	0	0	0	13	0	1	7	3	0	0	0	7
540.400	0	0	0	0	0	0	0	0	0	0	0	0	0	0	0	10	0	1	8	3	0	0	0	8
540.600	0	0	0	0	0	0	0	0	0	0	0	0	0	0	0	8	0	1	7	2	0	0	0	7
540.800	0	0	0	0	0	0	0	0	0	0	0	0	0	0	0	9	0	1	7	3	0	0	0	6
541.000	0	0	0	0	0	0	0	0	0	0	0	0	0	0	0	8	0	1	6	3	0	0	0	7
541.200	0	0	0	0	0	0	0	0	0	0	0	0	0	0	0	5	0	0	6	5	0	0	0	7
541.400	0	0	0	0	0	0	0	0	0	0	0	0	0	0	0	5	0	0	6	2	0	0	0	8
541.600	0	0	0	0	0	0	0	0	0	0	0	0	0	0	0	8	0	1	8	2	1	0	0	6
541.800	0	0	0	0	0	0	0	0	0	0	0	0	0	0	0	6	0	0	5	3	1	0	0	4
542.000	0	0	0	0	0	0	0	0	0	0	0	0	0	0	0	6	0	1	9	1	1	0	0	6
542.200	0	0	0	0	0	0	0	0	0	0	0	0	0	0	0	5	0	1	6	4	0	0	0	4
542.400	0	0	0	0	0	0	0	0	0	0	0	0	0	0	0	6	0	0	6	3	0	0	0	4
542.600	0	0	0	0	0	0	0	0	0	0	0	0	0	0	0	4	0	0	6	3	1	0	0	4
542.800	0	0	0	0	0	0	0	0	0	0	0	0	0	0	0	0	0	0	8	3	1	0	0	5
543.000	0	0	0	0	0	0	0	0	0	0	0	0	0	0	0	6	0	0	6	2	1	0	0	3
543.200	0	0	0	0	0	0	0	0	0	0	0	0	0	0	0	5	0	1	6	3	1	0	0	4
543.400	0	0	0	0	0	0	0	0	0	0	0	0	0	0	0	4	0	0	5	1	1	0	0	7
543.600	0	0	0	0	0	0	0	0	0	0	0	0	0	0	0	2	0	0	5	3	1	0	0	8
543.800	0	0	0	0	0	0	0	0	0	0	0	0	0	0	0	1	0	1	5	2	0	0	0	4
544.000	0	0	0	0	0	0	0	0	0	0	0	0	0	0	0	5	0	1	5	3	0	0	0	6
544.200	0	0	0	0	0	0	0	0	0	0	0	0	0	0	0	0	0	0	6	4	1	0	0	8
544.400	0	0	0	0	0	0	0	0	0	0	0	0	0	0	0	4	0	1	6	4	0	0	0	8
544.600	0	0	0	0	0	0	0	0	0	0	0	0	0	0	0	6	0	0	8	3	0	0	0	6
544.800	0	0	0	0	0	0	0	0	0	0	0	0	0	0	0	12	0	0	5	3	0	0	0	7
545.000	0	0	0	0	0	0	0	0	0	0	0	0	0	0	0	13	0	0	5	4	0	0	0	4
545.200	0	0	0	0	0	0	0	0	0	0	0	0	0	0	0	14	0	1	8	4	0	0	0	3
545.400	0	0	0	0	0	0	0	0	0	0	0	0	0	0	0	11	0	3	9	2	0	0	0	6
545.600	0	0	0	0	0	0	0	0	0	0	0	0	0	0	0	13	0	1	8	3	0	0	0	6
545.800	0	0	0	0	0	0	0	0	0	0	0	0	0	0	0	6	0	0	6	4	0	0	0	6
546.000	0	0	0	0	0	0	0	0	0	0	0	0	0	0	0	12	0	0	4	6	0	0	0	5
546.200	0	0	0	0	0	0	0	0	0	0	0	0	0	0	0	7	0	0	3	7	0	0	0	6
546.400	0	0	0	0	0	0	0	0	0	0	0	0	0	0	0	9	0	0	2	8	0	0	0	4
546.600	0	0	0	0	0	0	0	0	0	0	0	0	0	0	0	7	0	0	3	5	0	0	0	5
546.800	0	0	0	0	0	0	0	0	0	0	0	0	0	0	0	8	0	0	1	8	0	0	0	6
547.000	0	0	0	0	0	0	0	0	0	0	0	0	0	0	0	9	0	0	2	4	0	0	0	4
547.200	0	0	0	0	0	0	0	0	0	0	0	0	0	0	0	14	0	1	4	8	0	0	0	6
547.400	0	0	0	0	0	0	0	0	0	0	0	0	0	0	0	13	0	0	4	7	0	0	0	5
547.600	0	0	0	0	0	0	0	0	0	0	0	0	0	0	0	9	0	1	3	5	0	0	0	5
547.800	0	0	0	0	0	0	0	0	0	0	0	0	0	0	0	6	0	1	3	5	0	0	0	5
548.000	0	0	0	0	0	0	0	0	0	0	0	0	0	0	0	3	0	1	4	3	0	0	0	6
548.200	0	0	0	0	0	0	0	0	0	0	0	0	0	0	0	9	0	3	8	5	0	0	0	4
548.400	0	0	0	0	0	0	0	0	0	0	0	0	0	0	0	12	0	3	10	4	0	0	0	5
548.600	0	0	0	0	0	0	0	0	0	0	0	0	0	0	0	13	0	2	11	4	0	0	0	4
548.800	0	0	0	0	0	0	0	0	0	0	0	0	0	0	0	3	0	1	8	4	0	0	0	3
549.000	0	0	0	0	0	0	0	0	0	0	0	0	0	0	0	15	0	1	8	4	0	0	0	3
549.200	0	0	0	0	0	0	0	0	0	0	0	0	0	0	0	12	0	1	9	4	0	0	0	4
549.400	0	0	0	0	0	0	0	0	0	0	0	0	0	0	0	15	0	2	9	5	0	0	0	2
549.600	0	0	0	0	0	0	0	0	0	0	0	0	0	0	0	5	0	0	5	4	0	0	0	0
549.800	0	0	0	0	0	0	0	0	0	0	0	0	0	0	0	6	0	1	11	3	0	0	0	4
550.000	0	0	0	0	0	0	0	0	0	0	0	0	0	0	0	8	0	0	4	2	0	0	0	1
550.200	0	0	0	0	0	0	0	0	0	0	0	0	0	0	0	10	0	0	8	3	0	0	0	3
550.400	0	0	0	0	0	0	0	0	0	0	0	0	0	0	2	6	0	0	7	4	0	0	0	3
550.600	0	0	0	0	0	0	0	0	0	0	0	0	0	0	1	0	0	0	2	6	0	0	0	3
550.800	0	0	0	0	0	0	0	0	0	0	0	0	0	0	0	9	0	0	4	2	0	0	0	2
551.000	0	0	0	0	0	0	0	0	0	0	0	0	0	0	1	4	0	0	4	4	0	0	0	3
551.200	0	0	0	0	0	0	0	0	0	0	0	0	0	0	7	7	0	0	5	4	0	0	0	0
551.400	0	0	0	0	0	0	0	0	0	0	0	0	0	0	6	7	0	0	5	3	0	0	0	2
551.600	0	0	0	0	0	0	0	0	0	0	0	0	0	0	5	6	0	1	4	4	0	0	0	2
551.800	0	0	0	0	0	0	0	0	0	0	0	0	0	0	4	10	0	2	5	3	0	0	0	1
552.000	0	0	0	0	0	0	0	0	0	0	0	0	0	0	5	10	0	2	11	2	0	0	0	2
552.200	0	0	0	0	0	0	0	0	0	0	0	0	0	0	1	8	0	2	5	2	0	0	0	2
552.400	0	0	0	0	0	0	0	0	0	0	0	0	0	0	9	7	0	0	5	8	0	0	0	3
552.600	0	0	0	0	0	0	0	0	0	0	0	0	0	0	7	8	0	0	5	5	0	0	0	0
552.800	0	0	0	0	0	0	0	0	0	0	0	0	0	0	7	7	0	2	5	4	0	0	0	3
553.000	0	0	0	0	0	0	0	0	0	0	0	0	0	0	5	12	0	2	8	5	0	0	0	5
553.200	0	0	0	0	0	0	0	0	0	0	0	0	0	0	9	10	0	1	6	6	0	0	0	5
553.400	0	0	0	0	0	0	0	0	0	0	0	0	0	0	10	14	0	1	5	6	0	0	0	6
553.600	0	0	0	0	0	0	0	0	0	0	0	0	0	0	9	12	0	2	5	3	0	0	0	4
553.800	0	0	0	0	0	0	0	0	0	0	0	0	0	0	4	11	0	2	4	3	0	0	0	3
554.000	0	0	0	0	0	0	0	0	0	0	0	0	0	0	5	11	0	1	6	4	0	0	0	3
554.200	0	0	0	0	0	0	0	0	0	0	0	0	0	0	6	14	0	3	5	3	0	0	0	3
554.400	0	0	0	0	0	0	0	0	0	0	0	0	0	0	4	9	0	3	5	0	0	0	0	5
554.600	0	0	0	0	0	0	0	0	0	0	0	0	0	0	7	9	0	3	4	0	0	0	0	3
554.800	0	0	0	0	0	0	0	0	0	0	0	0	0	0	4	9	0	1	5	0	0	0	0	2
555.000	0	0	0	0	0	0	0	0	0	0	0	0	0	0	6	7	0	0	3	2	0	0	0	3
555.200	0	0	0	0	0	0	0	0	0	0	0	0	0	0	6	13	0	0	3	8	0	0	0	2
555.400	0	0	0	0	0	0	0	0	0	0	0	0	0	0	6	9	0	0	2	8	0	0	0	0
555.600	0	0	0	0	0	0	0	0	0	0	0	0	0	0	5	10	0	0	1	6	0	0	0	0
555.800	0	0	0	0	0	0	0	0	0	0	0	0	0	0	7	9	0	0	1	6	0	0	0	0
556.000	0	0	0	0	0	0	0	0	0	0	0	0	0	0	7	8	0	0	1	5	0	0	0	3
556.200	0	0	0	0	0	0	0	0	0	0	0	0	0	0	8	14	0	0	0	4	0	0	0	3
556.400	0	0	0	0	0	0	0	0	0	0	0	0	0	0	6	10	0	0	3	6	0	0	0	2
556.600	0	0	0	0	0	0	0	0	0	0	0	0	0	0	5	9	0	0	2	5	0	0	0	5
556.800	0	0	0	0	0	0	0	0	0	0	0	0	0	0	6	14	0	0	5	5	0	0	0	4
557.000	0	0	0	0	0	0	0	0	0	0	0	0	0	0	6	16	0	0	4	6	0	0	0	3
557.200	0	0	0	0	0	0	0	0	0	0	0	0	0	0	5	16	0	0	5	8	0	0	0	4
557.400	0	0	0	0	0	0	0	0	0	0	0	0	0	0	5	18	0	1	4	4	0	0	0	2
557.600	0	0	0	0	0	0	0	0	0	0	0	0	0	0	2	20	0	0	4	6	0	0	0	5
557.800	0	0	0	0	0	0	0	0	0	0	0	0	0	0	3	18	0	1	5	6	0	0	0	3
558.000	0	0	0	0	0	0	0	0	0	0	0	0	0	0	4	16	0	0	5	2	0	0	0	2
558.200	0	0	0	0	0	0	0	0	0	0	0	0	0	0	7	20	0	0	4	2	0	0	0	3
558.400	0	0	0	0	0	0	0	0	0	0	0	0	0	0	5	18	0	1	5	5	0	0	0	4
558.600	0	0	0	0	0	0	0	0	0	0	0	0	0	0	8	22	0	2	7	6	1	0	0	3
558.800	0	0	0	0	0	0	0	0	0	0	0	0	0	0	11	17	0	1	5	5	1	0	0	4
559.000	0	0	0	0	0	0	0	0	0	0	0	0	0	0	10	18	0	1	5	6	1	0	0	3
559.200	0	0	0	0	0	0	0	0	0	0	0	0	0	0	10	17	0	1	6	3	0	0	0	2
559.400	0	0	0	0	0	0	0	0	0	0	0	0	0	0	10	20	0	1	6	5	0	0	0	3
559.600	0	0	0	0	0	0	0	0	0	0	0	0	0	0	13	16	0	0	4	6	1	0	0	4
559.800	0	0	0	0	0	0	0	0	0	0	0	0	0	0	9	20	0	0	5	8	2	0	0	3
560.000	0	0	0	0	0	0	0	0	0	0	0	0	0	0	9	13	0	0	4	4	2	0	0	4
560.200	0	0	0	0	0	0	0	0	0	0	0	0	0	0	9	18	0	0	3	7	1	0	0	1
560.400	0	0	0	0	0	0	0	0	0	0	0	0	0	0	5	15	0	1	5	1	0	0	0	1
560.600	0	0	0	0	0	0	0	0	0	0	0	0	0	0	11	18	0	3	4	0	0	0	0	5
560.800	0	0	0	0	0	0	0	0	0	0	0	0	0	0	7	18	0	2	4	1	0	0	0	4
561.000	0	0	0	0	0	0	0	0	0	0	0	0	0	0	12	18	0	2	4	1	0	0	0	2
561.200	0	0	0	0	0	0	0	0	0	0	0	0	0	0	10	12	0	1	4	0	0	0	0	2
561.400	0	0	0	0	0	0	0	0	0	0	0	0	0	0	13	14	0	0	5	0	0	0	0	3
561.600	0	0	0	0	0	0	0	0	0	0	0	0	0	0	15	22	0	2	6	3	0	0	0	3
561.800	0	0	0	0	0	0	0	0	0	0	0	0	0	0	9	21	0	0	2	5	0	0	0	3
562.000	0	0	0	0	0	0	0	0	0	0	0	0	0	0	10	15	0	0	3	3	0	0	0	3
562.200	0	0	0	0	0	0	0	0	0	0	0	0	0	0	10	18	0	1	5	6	1	0	0	4
562.400	0	0	0	0	0	0	0	0	0	0	0	0	0	0	11	16	0	0	6	5	0	0	0	4
562.600	0	0	0	0	0	0	0	0	0	0	0	0	0	0	6	20	0	1	9	4	1	0	0	4
562.800	0	0	0	0	0	0	0	0	0	0	0	0	0	0	10	22	0	0	8	7	1	0	0	6
563.000	0	0	0	0	0	0	0	0	0	0	0	0	0	0	10	11	0	1	4	2	0	0	0	3
563.200	0	0	0	0	0	0	0	0	0	0	0	0	0	0	15	16	0	2	5	3	0	0	0	3
563.400	0	0	0	0	0	0	0	0	0	0	0	0	0	0	16	22	0	1	4	3	0	0	0	2
563.600	0	0	0	0	0	0	0	0	0	0	0	0	0	0	4	20	0	1	5	3	0	0	0	3
563.800	0	0	0	0	0	0	0	0	0	0	0	0	0	0	11	18	0	1	3	0	0	0	0	5
564.000	0	0	0	0	0	0	0	0	0	0	0	0	0	0	10	11	0	1	7	2	0	0	0	3
564.200	0	0	0	0	0	0	0	0	0	0	0	0	0	0	10	11	0	1	5	3	0	0	0	2
564.400	0	0	0	0	0	0	0	0	0	0	0	0	0	0	5	13	0	1	3	0	0	0	0	3
564.600	0	0	0	0	0	0	0	0	0	0	0	0	0	0	9	19	0	2	5	2	0	0	0	4
564.800	0	0	0	0	0	0	0	0	0	0	0	0	0	0	6	17	0	0	3	0	0	0	0	6
565.000	0	0	0	0	0	0	0	0	0	0	0	0	0	0	7	13	0	1	3	0	0	0	0	6
565.200	0	0	0	0	0	0	0	0	0	0	0	0	0	0	3	13	0	3	5	0	0	0	0	5
565.400	0	0	0	0	0	0	0	0	0	0	0	0	0	0	11	10	0	2	3	0	0	0	0	5
565.600	0	0	0	0	0	0	0	0	0	0	0	0	0	0	6	14	0	2	4	0	0	0	0	3
565.800	0	0	0	0	0	0	0	0	0	0	0	0	0	0	8	13	0	3	5	0	0	0	0	3
566.000	0	0	0	0	0	0	0	0	0	0	0	0	0	0	10	11	0	2	3	0	0	0	0	2
566.200	0	0	0	0	0	0	0	0	0	0	0	0	0	0	4	9	0	2	0	0	0	0	0	3
566.400	0	0	0	0	0	0	0	0	0	0	0	0	0	0	9	13	0	4	0	0	0	0	0	3
566.600	0	0	0	0	0	0	0	0	0	0	0	0	0	0	7	14	0	1	1	0	0	0	0	2
566.800	0	0	0	0	0	0	0	0	0	0	0	0	0	0	9	10	0	0	1	0	0	0	0	3
567.000	0	0	0	0	0	0	0	0	0	0	0	0	0	0	3	14	0	1	1	0	0	0	0	2
567.200	0	0	0	0	0	0	0	0	0	0	0	0	0	0	4	7	0	0	0	0	0	0	0	2
567.400	0	0	0	0	0	0	0	0	0	0	0	0	0	0	6	8	0	0	0	0	0	0	0	1
567.600	0	0	0	0	0	0	0	0	0	0	0	0	0	0	3	9	0	0	1	0	0	0	0	3
567.800	0	0	0	0	0	0	0	0	0	0	0	0	0	0	6	13	0	1	0	0	0	0	0	2
568.000	0	0	0	0	0	0	0	0	0	0	0	0	0	0	5	11	0	0	0	0	0	0	0	3
568.200	0	0	0	0	0	0	0	0	0	0	0	0	0	0	4	11	0	0	0	0	0	0	0	4
568.400	0	0	0	0	0	0	0	0	0	0	0	0	0	0	6	5	0	0	1	0	0	0	0	3
568.600	0	0	0	0	0	0	0	0	0	0	0	0	0	0	5	11	0	0	1	0	0	0	0	2
568.800	0	0	0	0	0	0	0	0	0	0	0	0	0	0	6	15	0	0	0	0	0	0	0	4
569.000	0	0	0	0	0	0	0	0	0	0	0	0	0	0	6	14	0	0	1	0	0	0	0	3
569.200	0	0	0	0	0	0	0	0	0	0	0	0	0	0	6	12	0	1	0	0	0	0	0	3
569.400	0	0	0	0	0	0	0	0	0	0	0	0	0	0	5	17	0	0	1	0	0	0	0	3
569.600	0	0	0	0	0	0	0	0	0	0	0	0	0	0	3	16	0	0	0	0	0	0	0	3
569.800	0	0	0	0	0	0	0	0	0	0	0	0	0	0	3	13	0	0	0	0	0	0	0	2
570.000	0	0	0	0	0	0	0	0	0	0	0	0	0	0	0	14	0	0	0	0	0	0	0	4
570.200	0	0	0	0	0	0	0	0	0	0	0	0	0	0	0	12	0	0	0	0	0	0	0	3
570.400	0	0	0	0	0	0	0	0	0	0	0	0	0	0	0	11	0	0	0	0	0	0	0	3
570.600	0	0	0	0	0	0	0	0	0	0	0	0	0	0	0	12	0	0	0	0	0	0	0	3
570.800	0	0	0	0	0	0	0	0	0	0	0	0	0	0	0	6	0	1	2	0	0	0	0	4
571.000	0	0	0	0	0	0	0	0	0	0	0	0	0	0	0	8	0	0	0	0	0	0	0	3
571.200	0	0	0	0	0	0	0	0	0	0	0	0	0	0	0	12	0	1	0	0	0	0	0	4
571.400	0	0	0	0	0	0	0	0	0	0	0	0	0	0	0	10	0	1	0	0	0	0	0	3
571.600	0	0	0	0	0	0	0	0	0	0	0	0	0	0	0	11	0	2	0	0	0	0	0	3
571.800	0	0	0	0	0	0	0	0	0	0	0	0	0	0	0	12	0	0	0	0	0	0	0	4
572.000	0	0	0	0	0	0	0	0	0	0	0	0	0	0	0	10	0	1	0	0	0	0	0	4
572.200	0	0	0	0	0	0	0	0	0	0	0	0	0	0	0	11	0	1	0	0	0	0	0	4
572.400	0	0	0	0	0	0	0	0	0	0	0	0	0	0	1	10	0	0	0	0	0	0	0	3
572.600	0	0	0	0	0	0	0	0	0	0	0	0	0	0	0	7	0	4	0	0	0	0	0	3
572.800	0	0	0	0	0	0	0	0	0	0	0	0	0	0	0	8	0	3	0	0	0	0	0	3
573.000	0	0	0	0	0	0	0	0	0	0	0	0	0	0	0	5	0	4	0	0	0	0	0	3
573.200	0	0	0	0	0	0	0	0	0	0	0	0	0	0	0	8	0	1	0	0	0	0	0	5
573.400	0	0	0	0	0	0	0	0	0	0	0	0	0	0	0	9	0	2	0	0	0	0	0	5
573.600	0	0	0	0	0	0	0	0	0	0	0	0	0	0	0	7	0	1	0	0	0	0	0	1
573.800	0	0	0	0	0	0	0	0	0	0	0	0	0	0	0	7	0	1	0	0	0	0	0	2
574.000	0	0	0	0	0	0	0	0	0	0	0	0	0	0	0	6	0	1	1	0	0	0	0	2
574.200	0	0	0	0	0	0	0	0	0	0	0	0	0	0	0	5	0	0	4	0	0	0	0	6
574.400	0	0	0	0	0	0	0	0	0	0	0	0	0	0	0	11	0	3	2	0	0	0	0	6
574.600	0	0	0	0	0	0	0	0	0	0	0	0	0	0	0	12	0	2	2	0	0	0	0	6
574.800	0	0	0	0	0	0	0	0	0	0	0	0	0	0	0	7	0	1	1	0	0	0	0	6
575.000	0	0	0	0	0	0	0	0	0	0	0	0	0	0	0	6	0	1	2	0	0	0	0	6
575.200	0	0	0	0	0	0	0	0	0	0	0	0	0	0	0	8	0	2	0	0	0	0	0	5
575.400	0	0	0	0	0	0	0	0	0	0	0	0	0	0	0	9	0	1	0	0	0	0	0	5
575.600	0	0	0	0	0	0	0	0	0	0	0	0	0	0	0	8	0	0	1	0	0	0	0	5
575.800	0	0	0	0	0	0	0	0	0	0	0	0	0	0	0	10	0	2	0	0	0	0	0	4
576.000	0	0	0	0	0	0	0	0	0	0	0	0	0	0	0	7	0	1	3	0	0	0	0	5
576.200	0	0	0	0	0	0	0	0	0	0	0	0	0	0	0	9	0	0	0	0	0	0	0	6
576.400	0	0	0	0	0	0	0	0	0	0	0	0	0	0	0	4	0	1	0	0	0	0	0	7
576.600	0	0	0	0	0	0	0	0	0	0	0	0	0	0	0	11	0	2	0	0	0	0	0	4
576.800	0	0	0	0	0	0	0	0	0	0	0	0	0	0	0	8	0	0	0	0	0	0	0	3
577.000	0	0	0	0	0	0	0	0	0	0	0	0	0	0	0	5	0	4	0	0	0	0	0	5
577.200	0	0	0	0	0	0	0	0	0	0	0	0	0	0	0	7	0	4	0	0	0	0	0	4
577.400	0	0	0	0	0	0	0	0	0	0	0	0	0	0	0	6	0	6	1	0	0	0	0	5
577.600	0	0	0	0	0	0	0	0	0	0	0	0	0	0	0	11	0	4	0	0	0	0	0	8
577.800	0	0	0	0	0	0	0	0	0	0	0	0	0	0	0	6	0	7	1	0	0	0	0	8
578.000	0	0	0	0	0	0	0	0	0	0	0	0	0	0	0	8	0	5	1	0	0	0	0	8
578.200	0	0	0	0	0	0	0	0	0	0	0	0	0	0	0	9	0	3	2	0	0	0	0	7
578.400	0	0	0	0	0	0	0	0	0	0	0	0	0	0	0	5	0	5	3	0	0	0	0	9
578.600	0	0	0	0	0	0	0	0	0	0	0	0	0	0	0	7	0	5	3	0	0	0	0	8
578.800	0	0	0	0	0	0	0	0	0	0	0	0	0	0	0	6	0	3	4	0	0	0	0	8
579.000	0	0	0	0	0	0	0	0	0	0	0	0	0	0	0	5	0	4	4	0	0	0	0	7
579.200	0	0	0	0	0	0	0	0	0	0	0	0	0	0	0	7	0	5	3	0	0	0	0	9
579.400	0	0	0	0	0	0	0	0	0	0	0	0	0	0	0	7	0	4	5	0	0	0	0	4
579.600	0	0	0	0	0	0	0	0	0	0	0	0	0	0	0	7	0	4	3	0	0	0	0	5
579.800	0	0	0	0	0	0	0	0	0	0	0	0	0	0	0	6	0	4	2	0	0	0	0	9
580.000	0	0	0	0	0	0	0	0	0	0	0	0	0	0	0	6	0	2	2	0	0	0	0	12
580.200	0	0	0	0	0	0	0	0	0	0	0	0	0	0	0	5	0	1	2	0	0	0	0	5
580.400	0	0	0	0	0	0	0	0	0	0	0	0	0	0	0	7	0	3	2	0	0	0	0	5
580.600	0	0	0	0	0	0	0	0	0	0	0	0	0	0	0	6	0	3	2	0	0	0	0	6
580.800	0	0	0	0	0	0	0	0	0	0	0	0	0	0	0	11	0	1	3	0	0	0	0	5
581.000	0	0	0	0	0	0	0	0	0	0	0	0	0	0	0	10	0	4	6	0	1	0	0	8
581.200	0	0	0	0	0	0	0	0	0	0	0	0	0	0	0	8	0	2	5	0	0	0	0	7
581.400	0	0	0	0	0	0	0	0	0	0	0	0	0	0	0	9	0	4	4	0	0	0	0	5
581.600	0	0	0	0	0	0	0	0	0	0	0	0	0	0	0	8	0	3	2	0	0	0	0	5
581.800	0	0	0	0	0	0	0	0	0	0	0	0	0	0	0	6	0	5	4	0	0	0	0	5
582.000	0	0	0	0	0	0	0	0	0	0	0	0	0	0	0	5	0	10	5	0	0	0	0	5
582.200	0	0	0	0	0	0	0	0	0	0	0	0	0	0	0	6	0	4	5	1	0	0	0	5
582.400	0	0	0	0	0	0	0	0	0	0	0	0	0	0	0	7	0	3	4	0	0	0	0	6
582.600	0	0	0	0	0	0	0	0	0	0	0	0	0	0	0	10	0	8	4	0	0	0	0	7
582.800	0	0	0	0	0	0	0	0	0	0	0	0	0	0	0	9	0	11	5	0	0	0	0	5
583.000	0	0	0	0	0	0	0	0	0	0	0	0	0	0	0	6	0	3	6	0	0	0	0	9
583.200	0	0	0	0	0	0	0	0	0	0	0	0	0	0	0	9	0	4	7	1	0	0	0	5
583.400	0	0	0	0	0	0	0	0	0	0	0	0	0	0	0	5	0	6	7	1	0	0	0	8
583.600	0	0	0	0	0	0	0	0	0	0	0	0	0	0	0	7	0	7	4	0	0	0	0	4
583.800	0	0	0	0	0	0	0	0	0	0	0	0	0	0	0	9	0	7	7	1	2	0	0	5
584.000	0	0	0	0	0	0	0	0	0	0	0	0	0	0	0	9	0	4	7	1	2	0	0	7
584.200	0	0	0	0	0	0	0	0	0	0	0	0	0	0	0	12	0	5	6	0	0	0	0	7
584.400	0	0	0	0	0	0	0	0	0	0	0	0	0	0	0	9	0	5	9	1	0	0	0	3
584.600	0	0	0	0	0	0	0	0	0	0	0	0	0	0	0	11	0	5	9	1	0	0	0	4
584.800	0	0	0	0	0	0	0	0	0	0	0	0	0	0	0	7	0	7	6	0	0	0	0	7
585.000	0	0	0	0	0	0	0	0	0	0	0	0	0	0	0	8	0	3	9	0	0	0	0	9
585.200	0	0	0	0	0	0	0	0	0	0	0	0	0	0	0	8	0	2	8	0	0	0	0	13
585.400	0	0	0	0	0	0	0	0	0	0	0	0	0	0	0	8	0	3	6	0	0	0	0	8
585.600	0	0	0	0	0	0	0	0	0	0	0	0	0	0	0	10	0	2	10	1	0	0	0	8
585.800	0	0	0	0	0	0	0	0	0	0	0	0	0	0	0	6	0	2	5	0	0	0	0	9
586.000	0	0	0	0	0	0	0	0	0	0	0	0	0	0	0	7	0	3	3	0	0	0	0	4
586.200	0	0	0	0	0	0	0	0	0	0	0	0	0	0	0	6	0	3	8	0	0	0	0	5
586.400	0	0	0	0	0	0	0	0	0	0	0	0	0	0	0	7	0	2	7	0	0	0	0	10
586.600	0	0	0	0	0	0	0	0	0	0	0	0	0	0	0	8	0	4	9	0	0	0	0	4
586.800	0	0	0	0	0	0	0	0	0	0	0	0	0	0	0	9	0	3	5	0	0	0	0	6
587.000	0	0	0	0	0	0	0	0	0	0	0	0	0	0	0	8	0	4	9	0	0	0	0	6
587.200	0	0	0	0	0	0	0	0	0	0	0	0	0	0	0	9	0	2	5	0	0	0	0	9
587.400	0	0	0	0	0	0	0	0	0	0	0	0	0	0	0	10	0	3	5	0	0	0	0	7
587.600	0	0	0	0	0	0	0	0	0	0	0	0	0	0	0	5	0	1	5	0	0	0	0	7
587.800	0	0	0	0	0	0	0	0	0	0	0	0	0	0	0	9	0	2	4	0	0	0	0	9
588.000	0	0	0	0	0	0	0	0	0	0	0	0	0	0	0	5	0	4	5	0	0	0	0	6
588.200	0	0	0	0	0	0	0	0	0	0	0	0	0	0	0	8	0	3	6	0	0	0	0	7
588.400	0	0	0	0	0	0	0	0	0	0	0	0	0	0	0	8	0	5	7	0	0	0	0	7
588.600	0	0	0	0	0	0	0	0	0	0	0	0	0	0	0	6	0	3	4	0	0	0	0	8
588.800	0	0	0	0	0	0	0	0	0	0	0	0	0	0	0	8	0	1	5	0	0	0	0	10
589.000	0	0	0	0	0	0	0	0	0	0	0	0	0	0	0	6	0	5	2	0	0	0	0	8
589.200	0	0	0	0	0	0	0	0	0	0	0	0	0	0	0	6	0	2	5	0	0	0	0	11
589.400	0	0	0	0	0	0	0	0	0	0	0	0	0	0	0	10	0	3	5	0	0	0	0	9
589.600	0	0	0	0	0	0	0	0	0	0	0	0	0	0	0	10	0	4	6	0	0	0	0	7
589.800	0	0	0	0	0	0	0	0	0	0	0	0	0	0	0	7	0	4	7	0	0	0	0	4
590.000	0	0	0	0	0	0	0	0	0	0	0	0	0	0	0	10	0	5	4	0	0	0	0	8
590.200	0	0	0	0	0	0	0	0	0	0	0	0	0	0	0	13	0	2	6	0	0	0	0	9
590.400	0	0	0	0	0	0	0	0	0	0	0	0	0	0	0	8	0	3	5	0	0	0	0	8
590.600	0	0	0	0	0	0	0	0	0	0	0	0	0	0	0	8	0	2	6	0	0	0	0	8
590.800	0	0	0	0	0	0	0	0	0	0	0	0	0	0	0	8	0	5	4	0	0	0	0	5
591.000	0	0	0	0	0	0	0	0	0	0	0	0	0	0	0	8	0	1	6	0	0	0	0	6
591.200	0	0	0	0	0	0	0	0	0	0	0	0	0	0	0	7	0	1	6	0	0	0	0	5
591.400	0	0	0	0	0	0	0	0	0	0	0	0	0	0	0	9	0	2	6	1	0	0	0	8
591.600	0	0	0	0	0	0	0	0	0	0	0	0	0	0	0	8	0	4	10	1	0	0	0	6
591.800	0	0	0	0	0	0	0	0	0	0	0	0	0	0	0	7	0	1	6	0	0	0	0	7
592.000	0	0	0	0	0	0	0	0	0	0	0	0	0	0	0	10	0	3	5	0	0	0	0	6
592.200	0	0	0	0	0	0	0	0	0	0	0	0	0	0	0	6	0	4	5	0	0	0	0	6
592.400	0	0	0	0	0	0	0	0	0	0	0	0	0	0	0	8	0	7	6	0	0	0	0	4
592.600	0	0	0	0	0	0	0	0	0	0	0	0	0	0	0	8	0	4	9	0	0	0	0	5
592.800	0	0	0	0	0	0	0	0	0	0	0	0	0	0	0	7	0	2	6	0	0	0	0	9
593.000	0	0	0	0	0	0	0	0	0	0	0	0	0	0	0	6	0	3	6	0	0	0	0	10
593.200	0	0	0	0	0	0	0	0	0	0	0	0	0	0	0	7	0	3	6	0	0	0	0	9
593.400	0	0	0	0	0	0	0	0	0	0	0	0	0	0	0	6	0	4	6	0	0	0	0	9
593.600	0	0	0	0	0	0	0	0	0	0	0	0	0	0	0	6	0	3	6	0	0	0	0	9
593.800	0	0	0	0	0	0	0	0	0	0	0	0	0	0	0	9	0	6	5	0	0	0	0	11
594.000	0	0	0	0	0	0	0	0	0	0	0	0	0	0	0	11	0	2	6	0	0	0	0	8
594.200	0	0	0	0	0	0	0	0	0	0	0	0	0	0	0	8	0	2	6	0	0	0	0	8
594.400	0	0	0	0	0	0	0	0	0	0	0	0	0	0	0	7	0	1	6	0	0	0	0	10
594.600	0	0	0	0	0	0	0	0	0	0	0	0	0	0	0	6	0	3	6	0	0	0	0	5
594.800	0	0	0	0	0	0	0	0	0	0	0	0	0	0	0	8	0	6	6	0	0	0	0	7
595.000	0	0	0	0	0	0	0	0	0	0	0	0	0	0	0	8	0	4	5	0	0	0	0	7
595.200	0	0	0	0	0	0	0	0	0	0	0	0	0	0	0	8	0	3	6	1	0	0	0	7
595.400	0	0	0	0	0	0	0	0	0	0	0	0	0	0	0	9	0	4	6	0	0	0	0	5
595.600	0	0	0	0	0	0	0	0	0	0	0	0	0	0	0	6	0	3	8	0	0	0	0	5
595.800	0	0	0	0	0	0	0	0	0	0	0	0	0	0	0	9	0	5	5	0	0	0	0	5
596.000	0	0	0	0	0	0	0	0	0	0	0	0	0	0	0	7	0	2	6	0	0	0	0	6
596.200	0	0	0	0	0	0	0	0	0	0	0	0	0	0	0	9	0	2	8	0	0	0	0	7
596.400	0	0	0	0	0	0	0	0	0	0	0	0	0	0	0	5	0	6	6	0	0	0	0	6
596.600	0	0	0	0	0	0	0	0	0	0	0	0	0	0	0	11	0	3	7	0	0	0	0	6
596.800	0	0	0	0	0	0	0	0	0	0	0	0	0	0	0	5	0	6	6	0	0	0	0	7
597.000	0	0	0	0	0	0	0	0	0	0	0	0	0	0	0	5	0	6	6	0	0	0	0	7
597.200	0	0	0	0	0	0	0	0	0	0	0	0	0	0	0	10	0	2	5	0	0	0	0	7
597.400	0	0	0	0	0	0	0	0	0	0	0	0	0	0	0	7	0	7	5	0	0	0	0	12
597.600	0	0	0	0	0	0	0	0	0	0	0	0	0	0	0	8	0	8	4	0	0	0	0	6
597.800	0	0	0	0	0	0	0	0	0	0	0	0	0	0	0	5	0	9	6	0	0	0	0	3
598.000	0	0	0	0	0	0	0	0	0	0	0	0	0	0	0	10	0	7	5	0	0	0	0	0
598.200	0	0	0	0	0	0	0	0	0	0	0	0	0	0	0	6	0	2	7	0	0	0	0	3
598.400	0	0	0	0	0	0	0	0	0	0	0	0	0	0	0	8	0	1	5	0	0	0	0	2
598.600	0	0	0	0	0	0	0	0	0	0	0	0	0	0	0	10	0	1	6	0	0	0	0	0
598.800	0	0	0	0	0	0	0	0	0	0	0	0	0	0	0	11	0	3	5	0	0	0	0	0
599.000	0	0	0	0	0	0	0	0	0	0	0	0	0	0	0	10	0	4	6	0	0	0	0	0
599.200	0	0	0	0	0	0	0	0	0	0	0	0	0	0	0	8	0	5	13	3	0	0	0	0
599.400	0	0	0	0	0	0	0	0	0	0	0	0	0	0	0	11	0	1	12	2	0	0	0	1
599.600	0	0	0	0	0	0	0	0	0	0	0	0	0	0	0	10	0	5	13	2	0	0	0	0
599.800	0	0	0	0	0	0	0	0	0	0	0	0	0	0	0	7	0	2	14	1	0	0	0	0
600.000	0	0	0	0	0	0	0	0	0	0	0	0	0	0	0	8	0	4	11	1	0	0	0	0
600.200	0	0	0	0	0	0	0	0	0	0	0	0	0	0	0	8	0	3	6	1	0	0	0	0
600.400	0	0	0	0	0	0	0	0	0	0	0	0	0	0	0	10	0	6	6	0	0	0	0	0
600.600	0	0	0	0	0	0	0	0	0	0	0	0	0	0	0	9	0	3	7	0	0	0	0	0
600.800	0	0	0	0	0	0	0	0	0	0	0	0	0	0	0	6	0	4	9	1	1	0	0	2
601.000	0	0	0	0	0	0	0	0	0	0	0	0	0	0	0	8	0	3	9	1	0	0	0	1
601.200	0	0	0	0	0	0	0	0	0	0	0	0	0	0	0	9	0	5	10	1	0	0	0	1
601.400	0	0	0	0	0	0	0	0	0	0	0	0	0	0	0	5	0	6	10	3	1	0	0	0
601.600	0	0	0	0	0	0	0	0	0	0	0	0	0	0	0	5	0	3	9	9	1	0	0	0
601.800	0	0	0	0	0	0	0	0	0	0	0	0	0	0	0	4	0	2	11	6	0	0	0	0
602.000	0	0	0	0	0	0	0	0	0	0	0	0	0	0	0	9	0	4	13	6	0	0	0	2
602.200	0	0	0	0	0	0	0	0	0	0	0	0	0	0	0	0	0	3	11	6	0	0	0	0
602.400	0	0	0	0	0	0	0	0	0	0	0	0	0	0	0	4	0	3	11	5	0	0	0	1
602.600	0	0	0	0	0	0	0	0	0	0	0	0	0	0	0	0	0	3	9	6	0	0	0	0
602.800	0	0	0	0	0	0	0	0	0	0	0	0	0	0	0	4	0	3	12	11	0	0	0	0
603.000	0	0	0	0	0	0	0	0	0	0	0	0	0	0	0	5	0	2	11	6	1	0	0	0
603.200	0	0	0	0	0	0	0	0	0	0	0	0	0	0	0	2	0	4	7	1	0	0	0	4
603.400	0	0	0	0	0	0	0	0	0	0	0	0	0	0	0	7	0	2	7	8	0	0	0	7
603.600	0	0	0	0	0	0	0	0	0	0	0	0	0	0	0	9	0	2	11	7	0	0	0	3
603.800	0	0	0	0	0	0	0	0	0	0	0	0	0	0	0	6	0	4	8	9	0	0	0	4
604.000	0	0	0	0	0	0	0	0	0	0	0	0	0	0	0	12	0	2	7	5	0	0	0	6
604.200	0	0	0	0	0	0	0	0	0	0	0	0	0	0	0	3	0	1	11	8	0	0	0	5
604.400	0	0	0	0	0	0	0	0	0	0	0	0	0	0	0	12	0	3	11	4	0	0	0	4
604.600	0	0	0	0	0	0	0	0	0	0	0	0	0	0	0	7	0	4	11	4	0	0	0	5
604.800	0	0	0	0	0	0	0	0	0	0	0	0	0	0	0	1	0	3	12	6	0	0	0	8
605.000	0	0	0	0	0	0	0	0	0	0	0	0	0	0	0	4	0	3	10	10	0	0	0	5
605.200	0	0	0	0	0	0	0	0	0	0	0	0	0	0	0	4	0	2	11	8	0	0	0	6
605.400	0	0	0	0	0	0	0	0	0	0	0	0	0	0	0	6	0	1	10	6	0	0	0	6
605.600	0	0	0	0	0	0	0	0	0	0	0	0	0	0	0	7	0	2	11	4	0	0	0	7
605.800	0	0	0	0	0	0	0	0	0	0	0	0	0	0	0	8	0	3	12	4	0	0	0	5
606.000	0	0	0	0	0	0	0	0	0	0	0	0	0	0	0	7	0	2	10	4	0	0	0	5
606.200	0	0	0	0	0	0	0	0	0	0	0	0	0	0	0	7	0	1	12	5	0	0	0	7
606.400	0	0	0	0	0	0	0	0	0	0	0	0	0	0	0	2	0	1	12	7	0	0	0	8
606.600	0	0	0	0	0	0	0	0	0	0	0	0	0	0	0	6	0	0	11	7	0	0	0	6
606.800	0	0	0	0	0	0	0	0	0	0	0	0	0	0	0	7	0	2	11	5	0	0	0	7
607.000	0	0	0	0	0	0	0	0	0	0	0	0	0	0	0	3	0	1	9	5	0	0	0	8
607.200	0	0	0	0	0	0	0	0	0	0	0	0	0	0	0	6	0	5	11	9	0	0	0	7
607.400	0	0	0	0	0	0	0	0	0	0	0	0	0	0	0	6	0	1	8	4	0	0	0	8
607.600	0	0	0	0	0	0	0	0	0	0	0	0	0	0	0	6	0	3	8	7	0	0	0	6
607.800	0	0	0	0	0	0	0	0	0	0	0	0	0	0	0	11	0	4	7	9	0	0	0	4
608.000	0	0	0	0	0	0	0	0	0	0	0	0	0	0	0	11	0	4	7	9	0	0	0	1
608.200	0	0	0	0	0	0	0	0	0	0	0	0	0	0	0	5	0	2	5	3	0	0	0	4
608.400	0	0	0	0	0	0	0	0	0	0	0	0	0	0	0	6	0	3	10	8	0	0	0	4
608.600	0	0	0	0	0	0	0	0	0	0	0	0	0	0	0	8	0	1	4	12	0	0	0	0
608.800	0	0	0	0	0	0	0	0	0	0	0	0	0	0	0	8	0	2	11	6	0	0	0	6
609.000	0	0	0	0	0	0	0	0	0	0	0	0	0	0	0	6	0	2	11	3	0	0	0	4
609.200	0	0	0	0	0	0	0	0	0	0	0	0	0	0	0	7	0	2	9	3	0	0	0	4
609.400	0	0	0	0	0	0	0	0	0	0	0	0	0	0	0	2	0	1	13	3	0	0	0	5
609.600	0	0	0	0	0	0	0	0	0	0	0	0	0	0	0	0	0	2	8	3	0	0	0	1
609.800	0	0	0	0	0	0	0	0	0	0	0	0	0	0	0	4	0	3	12	5	0	0	0	2
610.000	0	0	0	0	0	0	0	0	0	0	0	0	0	0	0	6	0	1	11	5	0	0	0	6
610.200	0	0	0	0	0	0	0	0	0	0	0	0	0	0	0	7	0	1	13	10	0	0	0	5
610.400	0	0	0	0	0	0	0	0	0	0	0	0	0	0	0	8	0	1	10	10	0	0	0	6
610.600	0	0	0	0	0	0	0	0	0	0	0	0	0	0	0	9	0	3	11	4	0	0	0	4
610.800	0	0	0	0	0	0	0	0	0	0	0	0	0	0	0	10	0	3	10	6	0	0	0	4
611.000	0	0	0	0	0	0	0	0	0	0	0	0	0	0	0	4	0	4	11	8	0	0	0	3
611.200	0	0	0	0	0	0	0	0	0	0	0	0	0	0	0	10	0	3	12	11	0	0	0	5
611.400	0	0	0	0	0	0	0	0	0	0	0	0	0	0	0	6	0	1	10	7	0	0	0	4
611.600	0	0	0	0	0	0	0	0	0	0	0	0	0	0	0	9	0	6	10	9	0	0	0	3
611.800	0	0	0	0	0	0	0	0	0	0	0	0	0	0	0	3	0	3	11	7	0	0	0	6
612.000	0	0	0	0	0	0	0	0	0	0	0	0	0	0	0	11	0	6	11	8	0	0	0	3
612.200	0	0	0	0	0	0	0	0	0	0	0	0	0	0	0	7	0	3	13	5	0	0	0	6
612.400	0	0	0	0	0	0	0	0	0	0	0	0	0	0	0	8	0	3	12	6	0	0	0	3
612.600	0	0	0	0	0	0	0	0	0	0	0	0	0	0	0	5	0	4	11	4	0	0	0	4
612.800	0	0	0	0	0	0	0	0	0	0	0	0	0	0	0	2	0	2	13	5	0	0	0	4
613.000	0	0	0	0	0	0	0	0	0	0	0	0	0	0	0	3	0	3	11	12	0	0	0	2
613.200	0	0	0	0	0	0	0	0	0	0	0	0	0	0	0	7	0	0	10	7	0	0	0	3
613.400	0	0	0	0	0	0	0	0	0	0	0	0	0	0	0	5	0	0	12	9	0	0	0	6
613.600	0	0	0	0	0	0	0	0	0	0	0	0	0	0	0	10	0	4	12	8	0	0	0	6
613.800	0	0	0	0	0	0	0	0	0	0	0	0	0	0	0	11	0	2	13	7	0	0	0	6
614.000	0	0	0	0	0	0	0	0	0	0	0	0	0	0	0	1	0	3	6	7	0	0	0	6
614.200	0	0	0	0	0	0	0	0	0	0	0	0	0	0	0	9	0	3	10	12	0	0	0	6
614.400	0	0	0	0	0	0	0	0	0	0	0	0	0	0	0	6	0	5	11	5	0	0	0	4
614.600	0	0	0	0	0	0	0	0	0	0	0	0	0	0	0	6	0	4	10	3	0	0	0	6
614.800	0	0	0	0	0	0	0	0	0	0	0	0	0	0	0	7	0	5	12	7	0	0	0	4
615.000	0	0	0	0	0	0	0	0	0	0	0	0	0	0	0	13	0	4	12	7	0	0	0	5
615.200	0	0	0	0	0	0	0	0	0	0	0	0	0	0	0	10	0	6	12	5	0	0	0	6
615.400	0	0	0	0	0	0	0	0	0	0	0	0	0	0	0	3	0	5	12	6	0	0	0	6
615.600	0	0	0	0	0	0	0	0	0	0	0	0	0	0	0	8	0	2	11	8	0	0	0	4
615.800	0	0	0	0	0	0	0	0	0	0	0	0	0	0	0	8	0	2	8	8	0	0	0	5
616.000	0	0	0	0	0	0	0	0	0	0	0	0	0	0	0	8	0	3	10	11	0	0	0	4
616.200	0	0	0	0	0	0	0	0	0	0	0	0	0	0	0	8	0	2	9	8	0	0	0	4
616.400	0	0	0	0	0	0	0	0	0	0	0	0	0	0	0	8	0	4	12	10	0	0	0	5
616.600	0	0	0	0	0	0	0	0	0	0	0	0	0	0	0	7	0	3	12	8	0	0	0	5
616.800	0	0	0	0	0	0	0	0	0	0	0	0	0	0	0	6	0	3	11	5	0	0	0	5
617.000	0	0	0	0	0	0	0	0	0	0	0	0	0	0	0	6	0	2	8	9	0	0	0	5
617.200	0	0	0	0	0	0	0	0	0	0	0	0	0	0	0	8	0	3	13	5	0	0	0	5
617.400	0	0	0	0	0	0	0	0	0	0	0	0	0	0	0	9	0	3	12	4	0	0	0	4
617.600	0	0	0	0	0	0	0	0	0	0	0	0	0	0	0	9	0	5	12	2	0	0	0	3
617.800	0	0	0	0	0	0	0	0	0	0	0	0	0	0	0	6	0	5	9	2	0	0	0	4
618.000	0	0	0	0	0	0	0	0	0	0	0	0	0	0	0	7	0	4	12	1	0	0	0	6
618.200	0	0	0	0	0	0	0	0	0	0	0	0	0	0	0	8	0	1	11	3	0	0	0	4
618.400	0	0	0	0	0	0	0	0	0	0	0	0	0	0	0	6	0	3	12	3	0	0	0	5
618.600	0	0	0	0	0	0	0	0	0	0	0	0	0	0	0	5	0	6	12	1	0	0	0	3
618.800	0	0	0	0	0	0	0	0	0	0	0	0	0	0	0	11	0	6	12	1	0	0	0	5
619.000	0	0	0	0	0	0	0	0	0	0	0	0	0	0	0	3	0	5	11	2	0	0	0	4
619.200	0	0	0	0	0	0	0	0	0	0	0	0	0	0	0	7	0	5	11	1	0	0	0	1
619.400	0	0	0	0	0	0	0	0	0	0	0	0	0	0	0	10	0	4	11	1	0	0	0	3
619.600	0	0	0	0	0	0	0	0	0	0	0	0	0	0	0	8	0	6	6	1	0	0	0	2
619.800	0	0	0	0	0	0	0	0	0	0	0	0	0	0	0	9	0	5	8	0	0	0	0	3
620.000	0	0	0	0	0	0	0	0	0	0	0	0	0	0	0	3	0	4	5	0	0	0	0	1
620.200	0	0	0	0	0	0	0	0	0	0	0	0	0	0	0	7	0	4	4	0	0	0	0	3
620.400	0	0	0	0	0	0	0	0	0	0	0	0	0	0	0	9	0	4	6	0	0	0	0	2
620.600	0	0	0	0	0	0	0	0	0	0	0	0	0	0	0	11	0	4	6	0	0	0	0	5
620.800	0	0	0	0	0	0	0	0	0	0	0	0	0	0	0	8	0	3	3	0	0	0	0	4
621.000	0	0	0	0	0	0	0	0	0	0	0	0	0	0	0	5	0	3	5	0	0	0	0	4
621.200	0	0	0	0	0	0	0	0	0	0	0	0	0	0	0	9	0	4	3	0	0	0	0	3
621.400	0	0	0	0	0	0	0	0	0	0	0	0	0	0	0	10	0	3	2	0	0	0	0	3
621.600	0	0	0	0	0	0	0	0	0	0	0	0	0	0	0	7	0	3	7	0	0	0	0	3
621.800	0	0	0	0	0	0	0	0	0	0	0	0	0	0	0	10	0	3	5	0	0	0	0	3
622.000	0	0	0	0	0	0	0	0	0	0	0	0	0	0	0	7	0	4	8	1	0	0	0	2
622.200	0	0	0	0	0	0	0	0	0	0	0	0	0	0	0	7	0	3	9	0	0	0	0	3
622.400	0	0	0	0	0	0	0	0	0	0	0	0	0	0	0	13	0	4	3	0	0	0	0	4
622.600	0	0	0	0	0	0	0	0	0	0	0	0	0	0	0	10	0	2	4	0	0	0	0	2
622.800	0	0	0	0	0	0	0	0	0	0	0	0	0	0	0	6	0	4	7	0	0	0	0	6
623.000	0	0	0	0	0	0	0	0	0	0	0	0	0	0	0	7	0	2	5	0	0	0	0	4
623.200	0	0	0	0	0	0	0	0	0	0	0	0	0	0	0	7	0	4	4	0	0	0	0	5
623.400	0	0	0	0	0	0	0	0	0	0	0	0	0	0	0	5	0	4	7	0	0	0	0	4
623.600	0	0	0	0	0	0	0	0	0	0	0	0	0	0	0	9	0	5	6	0	0	0	0	6
623.800	0	0	0	0	0	0	0	0	0	0	0	0	0	0	0	11	0	3	7	0	0	0	0	4
624.000	0	0	0	0	0	0	0	0	0	0	0	0	0	0	0	8	0	3	5	0	0	0	0	1
624.200	0	0	0	0	0	0	0	0	0	0	0	0	0	0	0	6	0	5	5	0	0	0	0	4
624.400	0	0	0	0	0	0	0	0	0	0	0	0	0	0	0	9	0	5	5	0	0	0	0	5
624.600	0	0	0	0	0	0	0	0	0	0	0	0	0	0	0	6	0	4	8	0	0	0	0	5
624.800	0	0	0	0	0	0	0	0	0	0	0	0	0	0	0	8	0	2	10	1	0	0	0	2
625.000	0	0	0	0	0	0	0	0	0	0	0	0	0	0	0	8	0	2	10	1	0	0	0	5
625.200	0	0	0	0	0	0	0	0	0	0	0	0	0	0	0	9	0	3	11	1	0	0	0	4
625.400	0	0	0	0	0	0	0	0	0	0	0	0	0	0	0	9	0	3	12	4	0	0	0	4
625.600	0	0	0	0	0	0	0	0	0	0	0	0	0	0	0	11	0	4	11	3	0	0	0	4
625.800	0	0	0	0	0	0	0	0	0	0	0	0	0	0	0	9	0	2	10	3	0	0	0	6
626.000	0	0	0	0	0	0	0	0	0	0	0	0	0	0	0	4	0	1	10	1	0	0	0	5
626.200	0	0	0	0	0	0	0	0	0	0	0	0	0	0	0	8	0	1	9	1	0	0	0	5
626.400	0	0	0	0	0	0	0	0	0	0	0	0	0	0	0	12	0	5	9	1	0	0	0	6
626.600	0	0	0	0	0	0	0	0	0	0	0	0	0	0	0	9	0	5	12	1	0	0	0	4
626.800	0	0	0	0	0	0	0	0	0	0	0	0	0	0	0	8	0	1	10	3	0	0	0	6
627.000	0	0	0	0	0	0	0	0	0	0	0	0	0	0	0	9	0	3	10	2	0	0	0	6
627.200	0	0	0	0	0	0	0	0	0	0	0	0	0	0	0	7	0	3	11	4	0	0	0	6
627.400	0	0	0	0	0	0	0	0	0	0	0	0	0	0	0	8	0	1	10	8	0	0	0	5
627.600	0	0	0	0	0	0	0	0	0	0	0	0	0	0	0	10	0	2	11	4	0	0	0	5
627.800	0	0	0	0	0	0	0	0	0	0	0	0	0	0	0	6	0	2	11	5	0	0	0	6
628.000	0	0	0	0	0	0	0	0	0	0	0	0	0	0	0	6	0	2	10	5	0	0	0	6
628.200	0	0	0	0	0	0	0	0	0	0	0	0	0	0	0	7	0	2	9	10	0	0	0	6
628.400	0	0	0	0	0	0	0	0	0	0	0	0	0	0	0	8	0	2	11	10	0	0	0	6
628.600	0	0	0	0	0	0	0	0	0	0	0	0	0	0	0	6	0	4	13	9	0	0	0	6
628.800	0	0	0	0	0	0	0	0	0	0	0	0	0	0	0	10	0	6	12	8	0	0	0	6
629.000	0	0	0	0	0	0	0	0	0	0	0	0	0	0	0	10	0	5	13	7	0	0	0	5
629.200	0	0	0	0	0	0	0	0	0	0	0	0	0	0	0	9	0	3	12	9	0	0	0	3
629.400	0	0	0	0	0	0	0	0	0	0	0	0	0	0	0	9	0	4	11	6	0	0	0	3
629.600	0	0	0	0	0	0	0	0	0	0	0	0	0	0	0	11	0	3	12	8	0	0	0	6
629.800	0	0	0	0	0	0	0	0	0	0	0	0	0	0	0	8	0	2	13	8	0	0	0	6
630.000	0	0	0	0	0	0	0	0	0	0	0	0	0	0	0	8	0	3	12	10	0	0	0	6
630.200	0	0	0	0	0	0	0	0	0	0	0	0	0	0	0	6	0	4	12	9	0	0	0	6
630.400	0	0	0	0	0	0	0	0	0	0	0	0	0	0	0	11	0	2	13	8	0	0	0	4
630.600	0	0	0	0	0	0	0	0	0	0	0	0	0	0	0	8	0	1	10	8	0	0	0	4
630.800	0	0	0	0	0	0	0	0	0	0	0	0	0	0	0	9	0	3	12	9	0	0	0	3
631.000	0	0	0	0	0	0	0	0	0	0	0	0	0	0	0	9	0	3	14	10	0	0	0	6
631.200	0	0	0	0	0	0	0	0	0	0	0	0	0	0	0	7	0	3	12	10	0	0	0	5
631.400	0	0	0	0	0	0	0	0	0	0	0	0	0	0	0	7	0	1	12	8	0	0	0	10
631.600	0	0	0	0	0	0	0	0	0	0	0	0	0	0	0	7	0	0	12	9	0	0	0	3
631.800	0	0	0	0	0	0	0	0	0	0	0	0	0	0	0	8	0	1	10	10	0	0	0	6
632.000	0	0	0	0	0	0	0	0	0	0	0	0	0	0	0	10	0	2	10	9	0	0	0	3
632.200	0	0	0	0	0	0	0	0	0	0	0	0	0	0	0	9	0	4	10	8	0	0	0	6
632.400	0	0	0	0	0	0	0	0	0	0	0	0	0	0	0	9	0	2	11	6	0	0	0	5
632.600	0	0	0	0	0	0	0	0	0	0	0	0	0	0	0	8	0	4	13	9	0	0	0	6
632.800	0	0	0	0	0	0	0	0	0	0	0	0	0	0	0	6	0	3	10	6	0	0	0	5
633.000	0	0	0	0	0	0	0	0	0	0	0	0	0	0	0	8	0	1	11	9	0	0	0	3
633.200	0	0	0	0	0	0	0	0	0	0	0	0	0	0	0	7	0	4	9	11	0	0	0	6
633.400	0	0	0	0	0	0	0	0	0	0	0	0	0	0	0	6	0	5	10	9	0	0	0	3
633.600	0	0	0	0	0	0	0	0	0	0	0	0	0	0	0	7	0	2	11	8	0	0	0	5
633.800	0	0	0	0	0	0	0	0	0	0	0	0	0	0	0	9	0	3	10	5	0	0	0	7
634.000	0	0	0	0	0	0	0	0	0	0	0	0	0	0	0	8	0	3	10	10	0	0	0	6
634.200	0	0	0	0	0	0	0	0	0	0	0	0	0	0	0	9	0	2	13	9	0	0	0	7
634.400	0	0	0	0	0	0	0	0	0	0	0	0	0	0	0	6	0	4	11	9	0	0	0	5
634.600	0	0	0	0	0	0	0	0	0	0	0	0	0	0	0	8	0	6	8	7	0	0	0	6
634.800	0	0	0	0	0	0	0	0	0	0	0	0	0	0	0	10	0	4	10	10	0	0	0	4
635.000	0	0	0	0	0	0	0	0	0	0	0	0	0	0	0	8	0	4	12	7	0	0	0	7
635.200	0	0	0	0	0	0	0	0	0	0	0	0	0	0	0	10	0	3	10	7	0	0	0	7
635.400	0	0	0	0	0	0	0	0	0	0	0	0	0	0	0	8	0	2	12	8	0	0	0	6
635.600	0	0	0	0	0	0	0	0	0	0	0	0	0	0	0	11	0	4	11	11	0	0	0	7
635.800	0	0	0	0	0	0	0	0	0	0	0	0	0	0	0	5	0	3	10	9	0	0	0	5
636.000	0	0	0	0	0	0	0	0	0	0	0	0	0	0	0	11	0	0	14	9	0	0	0	6
636.200	0	0	0	0	0	0	0	0	0	0	0	0	0	0	0	6	0	1	12	9	0	0	0	6
636.400	0	0	0	0	0	0	0	0	0	0	0	0	0	0	0	8	0	1	12	13	0	0	0	4
636.600	0	0	0	0	0	0	0	0	0	0	0	0	0	0	0	9	0	0	7	13	0	0	0	4
636.800	0	0	0	0	0	0	0	0	0	0	0	0	0	0	0	9	0	5	12	4	0	0	0	4
637.000	0	0	0	0	0	0	0	0	0	0	0	0	0	0	0	8	0	1	9	9	0	0	0	2
637.200	0	0	0	0	0	0	0	0	0	0	0	0	0	0	0	8	0	3	8	5	0	0	0	4
637.400	0	0	0	0	0	0	0	0	0	0	0	0	0	0	0	8	0	5	11	4	0	0	0	1
637.600	0	0	0	0	0	0	0	0	0	0	0	0	0	0	0	6	0	6	7	1	0	0	0	4
637.800	0	0	0	0	0	0	0	0	0	0	0	0	0	0	0	8	0	4	7	11	0	0	0	4
638.000	0	0	0	0	0	0	0	0	0	0	0	0	0	0	0	9	0	5	9	5	0	0	0	4
638.200	0	0	0	0	0	0	0	0	0	0	0	0	0	0	0	9	0	3	7	12	0	0	0	6
638.400	0	0	0	0	0	0	0	0	0	0	0	0	0	0	0	12	0	5	11	13	0	0	0	4
638.600	0	0	0	0	0	0	0	0	0	0	0	0	0	0	0	11	0	2	9	11	0	0	0	4
638.800	0	0	0	0	0	0	0	0	0	0	0	0	0	0	0	9	0	2	11	11	0	0	0	3
639.000	0	0	0	0	0	0	0	0	0	0	0	0	0	0	0	6	0	2	11	5	0	0	0	4
639.200	0	0	0	0	0	0	0	0	0	0	0	0	0	0	0	9	0	2	6	8	0	0	0	5
639.400	0	0	0	0	0	0	0	0	0	0	0	0	0	0	0	8	0	4	9	8	0	0	0	4
639.600	0	0	0	0	0	0	0	0	0	0	0	0	0	0	0	8	0	1	6	11	0	0	0	4
639.800	0	0	0	0	0	0	0	0	0	0	0	0	0	0	0	10	0	4	7	8	0	0	0	4
640.000	0	0	0	0	0	0	0	0	0	0	0	0	0	0	0	10	0	1	6	5	0	0	0	6
640.200	0	0	0	0	0	0	0	0	0	0	0	0	0	0	0	8	0	5	10	7	0	0	0	6
640.400	0	0	0	0	0	0	0	0	0	0	0	0	0	0	0	7	0	1	10	5	0	0	0	4
640.600	0	0	0	0	0	0	0	0	0	0	0	0	0	0	0	10	0	3	11	7	0	0	0	6
640.800	0	0	0	0	0	0	0	0	0	0	0	0	0	0	0	8	0	2	10	9	0	0	0	3
641.000	0	0	0	0	0	0	0	0	0	0	0	0	0	0	0	11	0	2	13	7	0	0	0	6
641.200	0	0	0	0	0	0	0	0	0	0	0	0	0	0	0	7	0	4	10	10	0	0	0	6
641.400	0	0	0	0	0	0	0	0	0	0	0	0	0	0	0	5	0	2	12	8	0	0	0	4
641.600	0	0	0	0	0	0	0	0	0	0	0	0	0	0	0	10	0	2	9	10	0	0	0	6
641.800	0	0	0	0	0	0	0	0	0	0	0	0	0	0	0	9	0	1	13	6	0	0	0	3
642.000	0	0	0	0	0	0	0	0	0	0	0	0	0	0	0	6	0	2	12	10	0	0	0	5
642.200	0	0	0	0	0	0	0	0	0	0	0	0	0	0	0	5	0	1	10	10	0	0	0	3
642.400	0	0	0	0	0	0	0	0	0	0	0	0	0	0	0	5	0	2	15	10	0	0	0	4
642.600	0	0	0	0	0	0	0	0	0	0	0	0	0	0	0	7	0	2	10	9	0	0	0	6
642.800	0	0	0	0	0	0	0	0	0	0	0	0	0	0	0	8	0	1	11	9	0	0	0	4
643.000	0	0	0	0	0	0	0	0	0	0	0	0	0	0	0	11	0	2	11	9	0	0	0	4
643.200	0	0	0	0	0	0	0	0	0	0	0	0	0	0	0	10	0	3	12	9	0	0	0	5
643.400	0	0	0	0	0	0	0	0	0	0	0	0	0	0	0	8	0	3	6	10	0	0	0	3
643.600	0	0	0	0	0	0	0	0	0	0	0	0	0	0	0	7	0	2	8	7	0	0	0	3
643.800	0	0	0	0	0	0	0	0	0	0	0	0	0	0	0	10	0	5	8	6	0	0	0	5
644.000	0	0	0	0	0	0	0	0	0	0	0	0	0	0	0	8	0	5	6	8	0	0	0	6
644.200	0	0	0	0	0	0	0	0	0	0	0	0	0	0	0	10	0	2	10	10	0	0	0	6
644.400	0	0	0	0	0	0	0	0	0	0	0	0	0	0	0	8	0	4	11	10	0	0	0	4
644.600	0	0	0	0	0	0	0	0	0	0	0	0	0	0	0	10	0	2	11	8	0	0	0	5
644.800	0	0	0	0	0	0	0	0	0	0	0	0	0	0	0	8	0	3	7	7	0	0	0	6
645.000	0	0	0	0	0	0	0	0	0	0	0	0	0	0	0	9	0	2	5	9	0	0	0	5
645.200	0	0	0	0	0	0	0	0	0	0	0	0	0	0	0	10	0	2	8	3	0	0	0	6
645.400	0	0	0	0	0	0	0	0	0	0	0	0	0	0	0	10	0	1	7	7	0	0	0	6
645.600	0	0	0	0	0	0	0	0	0	0	0	0	0	0	0	6	0	3	7	1	0	0	0	6
645.800	0	0	0	0	0	0	0	0	0	0	0	0	0	0	0	9	0	3	12	2	0	0	0	4
646.000	0	0	0	0	0	0	0	0	0	0	0	0	0	0	0	10	0	3	8	1	0	0	0	4
646.200	0	0	0	0	0	0	0	0	0	0	0	0	0	0	0	7	0	1	7	3	0	0	0	4
646.400	0	0	0	0	0	0	0	0	0	0	0	0	0	0	0	11	0	4	5	1	0	0	0	4
646.600	0	0	0	0	0	0	0	0	0	0	0	0	0	0	0	7	0	1	5	0	0	0	0	4
646.800	0	0	0	0	0	0	0	0	0	0	0	0	0	0	0	8	0	2	9	3	0	0	0	5
647.000	0	0	0	0	0	0	0	0	0	0	0	0	0	0	0	11	0	5	11	3	0	0	0	6
647.200	0	0	0	0	0	0	0	0	0	0	0	0	0	0	0	7	0	3	6	4	0	0	0	6
647.400	0	0	0	0	0	0	0	0	0	0	0	0	0	0	0	9	0	1	9	2	0	0	0	6
647.600	0	0	0	0	0	0	0	0	0	0	0	0	0	0	0	8	0	3	12	2	0	0	0	6
647.800	0	0	0	0	0	0	0	0	0	0	0	0	0	0	0	10	0	2	12	3	0	0	0	6
648.000	0	0	0	0	0	0	0	0	0	0	0	0	0	0	0	9	0	3	7	2	0	0	0	4
648.200	0	0	0	0	0	0	0	0	0	0	0	0	0	0	0	7	0	2	10	9	0	0	0	5
648.400	0	0	0	0	0	0	0	0	0	0	0	0	0	0	0	12	0	2	6	7	0	0	0	6
648.600	0	0	0	0	0	0	0	0	0	0	0	0	0	0	0	9	0	3	6	3	0	0	0	4
648.800	0	1	0	0	0	0	0	0	0	0	0	0	0	0	0	9	0	1	4	11	0	0	0	4
649.000	0	1	0	0	0	0	0	0	0	0	0	0	0	0	0	13	0	1	4	8	0	0	0	2
649.200	0	1	0	0	0	0	0	0	0	0	0	0	0	0	0	9	0	0	7	5	0	0	0	4
649.400	0	0	0	0	0	0	0	0	0	0	0	0	0	0	0	7	0	3	7	9	0	0	0	2
649.600	0	1	0	0	0	0	0	0	0	0	0	0	0	0	0	7	0	4	7	11	0	0	0	1
649.800	0	1	0	0	0	0	0	0	0	0	0	0	0	0	0	8	0	2	8	5	0	0	0	5
650.000	0	0	0	0	0	0	0	0	0	0	0	0	0	0	0	9	0	5	7	10	0	0	0	4
650.200	0	0	0	0	0	0	0	0	0	0	0	0	0	0	0	9	0	4	6	5	0	0	0	2
650.400	0	1	0	0	0	0	0	0	0	0	0	0	0	0	0	11	0	6	8	9	0	0	0	2
650.600	0	0	0	0	0	0	0	0	0	0	0	0	0	0	0	9	0	4	6	7	0	0	0	2
650.800	0	0	0	0	0	0	0	0	0	0	0	0	0	0	0	9	0	2	7	9	0	0	0	2
651.000	0	1	0	0	0	0	0	0	0	0	0	0	0	0	0	10	0	4	8	15	0	0	0	2
651.200	0	1	0	0	0	0	0	0	0	0	0	0	0	0	0	6	0	5	7	12	0	0	0	5
651.400	0	0	0	0	0	0	0	0	0	0	0	0	0	0	0	9	0	5	7	11	0	0	0	5
651.600	0	1	0	0	0	0	0	0	0	0	0	0	0	0	0	6	0	4	7	14	0	0	0	3
651.800	0	2	0	0	0	0	0	0	0	0	0	0	0	0	0	12	0	4	8	12	0	0	0	2
652.000	0	1	0	0	0	0	0	0	0	0	0	0	0	0	0	8	0	3	6	14	0	0	0	5
652.200	0	1	0	0	0	0	0	0	0	0	0	0	0	0	0	7	0	2	5	15	0	0	0	4
652.400	0	0	0	0	0	0	0	0	0	0	0	0	0	0	0	8	0	4	5	12	0	0	0	5
652.600	0	1	0	0	0	0	0	0	0	0	0	0	0	0	0	11	0	2	5	10	0	0	0	5
652.800	0	1	0	0	0	0	0	0	0	0	0	0	0	0	0	8	0	4	7	7	0	0	0	4
653.000	0	1	0	0	0	0	0	0	0	0	0	0	0	0	0	9	0	4	5	13	0	0	0	4
653.200	0	0	0	0	0	0	0	0	0	0	0	0	0	0	0	10	0	3	6	8	0	0	0	4
653.400	0	0	0	0	0	0	0	0	0	0	0	0	0	0	0	6	0	2	7	11	0	0	0	2
653.600	0	0	0	0	0	0	0	0	0	0	0	0	0	0	0	8	0	3	6	9	0	0	0	3
653.800	0	0	0	0	3	0	0	0	0	0	0	0	0	0	0	8	0	3	7	11	0	0	0	6
654.000	0	0	0	0	0	0	0	0	0	0	0	0	0	0	0	10	0	2	7	13	2	0	0	6
654.200	0	0	0	0	0	0	0	0	0	0	0	0	0	0	0	9	0	1	10	7	0	0	0	5
654.400	0	0	0	0	0	0	0	0	0	0	0	0	0	0	0	8	0	3	11	9	0	0	0	4
654.600	0	1	0	0	0	0	0	0	0	0	0	0	0	0	0	9	0	1	4	8	0	0	0	7
654.800	0	1	0	0	0	0	0	0	0	0	0	0	0	0	0	7	0	2	10	9	1	0	0	6
655.000	0	0	0	0	0	0	0	0	0	0	0	0	0	0	0	9	0	2	9	9	0	0	0	6
655.200	0	0	0	0	0	0	0	0	0	0	0	0	0	0	0	10	0	2	14	9	0	0	0	4
655.400	0	0	0	0	0	0	0	0	0	0	0	0	0	0	0	10	0	2	11	9	0	0	0	7
655.600	0	0	0	0	0	0	0	0	0	0	0	0	0	0	0	9	0	1	7	3	0	0	0	8
655.800	0	0	0	0	0	0	0	0	0	0	0	0	0	0	0	8	0	5	7	9	0	0	0	7
656.000	0	1	0	0	0	0	0	0	0	0	0	0	0	0	0	6	0	2	6	7	0	0	0	5
656.200	0	1	0	0	0	0	0	0	0	0	0	0	0	0	0	9	0	3	8	4	0	0	0	5
656.400	0	1	0	0	0	0	0	0	0	0	0	0	0	0	0	8	0	1	7	5	0	0	0	5
656.600	0	0	0	0	0	0	0	0	0	0	0	0	0	0	0	15	0	2	9	9	0	0	0	5
656.800	0	0	0	0	0	0	0	0	0	0	0	0	0	0	0	7	0	2	4	4	0	0	0	5
657.000	0	0	0	0	0	0	0	0	0	0	0	0	0	0	0	12	0	3	5	13	0	0	0	5
657.200	0	0	0	0	0	0	0	0	0	0	0	0	0	0	0	12	0	1	5	8	0	0	0	5
657.400	0	0	0	0	0	0	0	0	0	0	0	0	0	0	0	8	0	2	6	8	0	0	0	5
657.600	0	0	0	0	0	0	0	0	0	0	0	0	0	0	0	9	0	1	8	14	0	0	0	6
657.800	0	0	0	0	0	0	0	0	0	0	0	0	0	0	0	9	0	1	7	11	0	0	0	7
658.000	0	0	0	0	1	0	0	0	0	0	0	0	0	0	0	7	0	2	7	7	0	0	0	5
658.200	0	1	0	0	0	0	0	0	0	0	0	0	0	0	0	11	0	5	6	9	0	0	0	7
658.400	0	0	0	0	1	0	0	0	0	0	0	0	0	0	0	8	0	1	6	10	0	0	0	5
658.600	0	1	0	0	0	0	0	0	0	0	0	0	0	0	0	11	0	2	8	7	0	0	0	5
658.800	0	0	0	0	0	0	0	0	0	0	0	0	0	0	0	7	0	3	7	2	0	0	0	5
659.000	0	0	0	0	1	0	0	0	0	0	0	0	0	0	0	8	0	1	6	1	0	0	0	6
659.200	0	0	0	0	0	0	0	0	0	0	0	0	0	0	0	10	0	2	7	8	0	0	0	9
659.400	0	0	0	0	0	0	0	0	0	0	0	0	0	0	0	7	0	2	9	10	0	0	0	6
659.600	0	0	0	0	0	0	0	0	0	0	0	0	0	0	0	9	0	4	7	7	0	0	0	4
659.800	0	0	0	0	0	0	0	0	0	0	0	0	0	0	0	7	0	5	6	7	0	0	0	6
660.000	0	0	0	0	0	0	0	0	0	0	0	0	0	0	0	11	0	7	6	8	0	0	0	5
660.200	0	1	0	0	0	0	0	0	0	0	0	0	0	0	0	10	0	5	9	10	0	0	0	5
660.400	0	1	0	0	0	0	0	0	0	0	0	0	0	0	0	7	0	3	7	7	0	0	0	5
660.600	0	0	0	0	0	0	0	0	0	0	0	0	0	0	0	10	0	2	9	6	0	0	0	6
660.800	0	0	0	0	0	0	0	0	0	0	0	0	0	0	0	6	0	4	6	6	0	0	0	6
661.000	0	0	0	0	0	0	0	0	0	0	0	0	0	0	0	8	0	3	8	10	0	0	0	5
661.200	0	0	0	0	0	0	0	0	0	0	0	0	0	0	0	2	0	3	7	12	0	0	0	4
661.400	0	0	0	0	0	0	0	0	0	0	0	0	0	0	0	7	0	1	6	3	0	0	0	5
661.600	0	0	0	0	0	0	0	0	0	0	0	0	0	0	0	8	0	1	6	11	0	0	0	5
661.800	0	0	0	0	0	0	0	0	0	0	0	0	0	0	0	8	0	0	7	13	0	0	0	3
662.000	0	0	0	0	0	0	0	0	0	0	0	0	0	0	0	9	0	2	11	9	0	0	0	3
662.200	0	0	0	0	0	0	0	0	0	0	0	0	0	0	0	6	0	1	7	14	0	0	0	2
662.400	0	0	0	0	0	0	0	0	0	0	0	0	0	0	0	10	0	1	7	9	0	0	0	2
662.600	0	0	0	0	0	0	0	0	0	0	0	0	0	0	0	10	0	2	8	2	0	0	0	2
662.800	0	0	0	0	0	0	0	0	0	0	0	0	0	0	0	11	0	2	7	1	0	0	0	3
663.000	0	0	0	0	0	0	0	0	0	0	0	0	0	0	0	9	0	1	8	3	1	0	0	6
663.200	0	0	0	0	0	0	0	0	0	0	0	0	0	0	0	7	0	1	7	1	0	0	0	4
663.400	0	1	0	0	0	0	0	0	0	0	0	0	0	0	0	8	0	2	5	9	0	0	0	2
663.600	0	0	0	0	0	0	0	0	0	0	0	0	0	0	0	6	0	1	6	11	0	0	0	3
663.800	0	0	0	0	0	0	0	0	0	0	0	0	0	0	0	9	0	2	8	8	0	0	0	2
664.000	0	0	0	0	0	0	0	0	0	0	0	0	0	0	0	7	0	1	6	9	0	0	0	2
664.200	0	0	0	0	0	0	0	0	0	0	0	0	0	0	0	8	0	1	7	7	0	0	0	3
664.400	0	0	0	0	0	0	0	0	0	0	0	0	0	0	0	11	0	1	6	5	0	0	0	3
664.600	0	0	0	0	0	0	0	0	0	0	0	0	0	0	0	14	0	1	7	2	0	0	0	3
664.800	0	1	0	0	0	0	0	0	0	0	0	0	0	0	0	10	0	1	7	8	0	0	0	3
665.000	0	0	0	0	0	0	0	0	0	0	0	0	0	0	0	10	0	1	5	6	0	0	0	4
665.200	0	0	0	0	0	0	0	0	0	0	0	0	0	0	0	9	0	1	7	4	0	0	0	3
665.400	0	1	0	0	0	0	0	0	0	0	0	0	0	0	0	8	0	2	7	6	0	0	0	1
665.600	0	1	0	0	0	0	0	0	0	0	0	0	0	0	0	13	0	2	7	5	0	0	0	3
665.800	0	0	0	0	0	0	0	0	0	0	0	0	0	0	0	11	0	2	6	4	0	0	0	1
666.000	0	0	0	0	0	0	0	0	0	0	0	0	0	0	0	11	0	2	7	13	0	0	0	4
666.200	0	0	0	0	0	0	0	0	0	0	0	0	0	0	0	9	0	1	4	5	0	0	0	2
666.400	0	0	0	0	0	0	0	0	0	0	0	0	0	0	0	8	0	2	7	8	0	0	0	3
666.600	0	0	0	0	0	0	0	0	0	0	0	0	0	0	0	9	0	2	7	15	0	0	0	4
666.800	0	0	0	0	0	0	0	0	0	0	0	0	0	0	0	10	0	1	7	10	0	0	0	3
667.000	0	0	0	0	0	0	0	0	0	0	0	0	0	0	0	10	0	1	5	12	0	0	0	0
667.200	0	0	0	0	0	0	0	0	0	0	0	0	0	0	0	13	0	2	7	11	0	0	0	3
667.400	0	0	0	0	0	0	0	0	0	0	0	0	0	0	0	10	0	1	6	11	0	0	0	3
667.600	0	0	0	0	0	0	0	0	0	0	0	0	0	0	0	14	0	2	9	8	0	0	0	4
667.800	0	0	0	0	0	0	0	0	0	0	0	0	0	0	0	8	0	1	4	2	0	0	0	3
668.000	0	0	0	0	0	0	0	0	0	0	0	0	0	0	0	11	0	2	8	2	0	0	0	3
668.200	0	0	0	0	0	0	0	0	0	0	0	0	0	0	0	7	0	3	8	5	0	0	0	3
668.400	0	0	0	0	0	0	0	0	0	0	0	0	0	0	0	7	0	3	10	1	0	0	0	3
668.600	0	0	0	0	0	0	0	0	0	0	0	0	0	0	0	11	0	1	9	8	0	0	0	6
668.800	0	0	0	0	0	0	0	0	0	0	0	0	0	0	0	13	0	2	7	4	0	0	0	3
669.000	0	0	0	0	0	0	0	0	0	0	0	0	0	0	0	6	0	2	14	3	1	0	0	3
669.200	0	0	0	0	0	0	0	0	0	0	0	0	0	0	0	8	0	1	11	4	0	0	0	8
669.400	0	0	0	0	0	0	0	0	0	0	0	0	0	0	0	10	0	2	11	3	2	0	0	9
669.600	0	0	0	0	0	0	0	0	0	0	0	0	0	0	0	7	0	2	10	3	0	0	0	7
669.800	0	0	0	0	0	0	0	0	0	0	0	0	0	0	0	8	0	2	13	3	0	0	0	7
670.000	0	0	0	0	0	0	0	0	0	0	0	0	0	0	0	7	0	2	11	4	1	0	0	9
670.200	0	0	0	0	0	0	0	0	0	0	0	0	0	0	0	9	0	2	11	4	1	0	0	4
670.400	0	0	0	0	0	0	0	0	0	0	0	0	0	0	0	6	0	2	14	3	2	0	0	7
670.600	0	0	0	0	2	0	0	0	0	0	0	0	0	0	0	9	0	2	10	4	2	0	0	7
670.800	0	0	0	0	0	0	0	0	0	0	0	0	0	0	0	10	0	2	12	1	0	0	0	7
671.000	0	0	0	0	0	0	0	0	0	0	0	0	0	0	0	9	0	1	7	10	2	0	0	9
671.200	0	0	0	0	0	0	0	0	0	0	0	0	0	0	0	11	0	1	6	9	2	0	0	4
671.400	0	0	0	0	0	0	0	0	0	0	0	0	0	0	0	10	0	0	9	10	2	0	0	8
671.600	0	0	0	0	1	0	0	0	0	0	0	0	0	0	0	10	0	3	12	10	2	0	0	8
671.800	0	0	0	0	0	0	0	0	0	0	0	0	0	0	0	9	0	2	10	9	2	0	0	7
672.000	0	0	0	0	3	0	0	0	0	0	0	0	0	0	0	8	0	1	11	9	1	0	0	6
672.200	0	0	0	0	2	0	0	0	0	0	0	0	0	0	0	4	0	0	10	8	2	0	0	7
672.400	0	0	0	0	3	0	0	0	0	0	0	0	0	0	0	11	0	1	9	8	2	0	0	6
672.600	0	0	0	0	2	0	0	0	0	0	0	0	0	0	0	11	0	1	10	9	1	0	0	8
672.800	0	0	0	0	2	0	0	0	0	0	0	0	0	0	0	9	0	0	6	10	3	0	0	7
673.000	0	0	0	0	3	0	0	0	0	0	0	0	0	0	0	13	0	1	8	11	2	0	0	7
673.200	0	0	0	0	3	0	0	0	0	0	0	0	0	0	0	12	0	2	7	8	5	0	0	7
673.400	0	0	0	0	2	0	0	0	0	0	0	0	0	0	0	12	0	1	8	11	6	0	0	7
673.600	0	0	0	0	4	0	0	0	0	0	0	0	0	0	0	9	0	1	6	11	6	0	0	7
673.800	0	0	0	0	5	0	0	0	0	0	0	0	0	0	0	7	0	1	4	7	3	0	0	6
674.000	0	0	0	0	6	0	0	0	0	0	0	0	0	0	0	8	0	1	8	9	2	0	0	6
674.200	0	0	0	0	3	0	0	0	0	0	0	0	0	0	0	10	0	1	5	9	2	0	0	6
674.400	0	0	0	0	5	0	0	0	0	0	0	0	0	0	0	7	0	1	6	13	4	0	0	7
674.600	0	0	0	0	5	0	0	0	0	0	0	0	0	0	0	7	0	1	4	5	2	0	0	4
674.800	0	0	0	0	3	0	0	0	0	0	0	0	0	0	0	8	0	0	9	8	5	0	0	7
675.000	0	0	0	0	5	0	0	0	0	0	0	0	0	0	0	6	0	1	4	12	6	0	0	1
675.200	0	0	0	0	3	0	0	0	0	0	0	0	0	0	0	12	0	1	7	19	6	0	0	4
675.400	0	0	0	0	3	0	0	0	0	0	0	0	0	0	0	8	0	1	6	10	4	0	0	8
675.600	0	0	0	0	3	0	0	0	0	0	0	0	0	0	0	9	0	1	7	10	2	0	0	7
675.800	0	0	0	0	5	0	0	0	0	0	0	0	0	0	0	11	0	1	5	14	3	0	0	6
676.000	0	0	0	0	6	0	0	0	0	0	0	0	0	0	0	10	0	1	8	11	2	0	0	7
676.200	0	0	0	0	1	0	0	0	0	0	0	0	0	0	0	7	0	2	5	8	2	0	0	8
676.400	0	0	0	0	3	0	0	0	0	0	0	0	0	0	0	10	0	1	6	9	2	0	0	7
676.600	0	0	0	0	3	0	0	0	0	0	0	0	0	0	0	8	0	1	6	4	2	0	0	7
676.800	0	0	0	0	8	0	0	0	0	0	0	0	0	0	0	9	0	1	8	5	3	0	0	8
677.000	0	0	0	0	5	0	0	0	0	0	0	0	0	0	0	9	0	0	7	4	2	0	0	7
677.200	0	0	0	0	5	0	0	0	0	0	0	0	0	0	0	12	0	2	8	5	2	0	0	7
677.400	0	0	0	0	3	0	0	0	0	0	0	0	0	0	0	9	0	2	7	4	2	0	0	6
677.600	0	0	0	0	2	0	0	0	0	0	0	0	0	0	0	9	0	1	6	12	4	0	0	6
677.800	0	0	0	0	8	0	0	0	0	0	0	0	0	0	0	9	0	2	7	8	2	0	0	8
678.000	0	0	0	0	6	0	0	0	0	0	0	0	0	0	0	10	0	2	8	6	2	0	0	7
678.200	0	0	0	0	6	0	0	0	0	0	0	0	0	0	0	12	0	1	7	5	2	0	0	7
678.400	0	0	0	0	5	0	0	0	0	0	0	0	0	0	0	8	0	1	6	7	5	0	0	7
678.600	0	0	0	0	8	0	0	0	0	0	0	0	0	0	0	10	0	2	10	3	5	0	0	8
678.800	0	0	0	0	6	0	0	0	0	0	0	0	0	0	0	12	0	1	9	4	6	0	0	9
679.000	0	0	0	0	3	0	0	0	0	0	0	0	0	0	0	9	0	1	9	3	3	0	0	7
679.200	0	0	0	0	4	0	0	0	0	0	0	0	0	0	0	12	0	1	6	4	3	0	0	6
679.400	0	0	0	0	2	0	0	0	0	0	0	0	0	0	0	10	0	1	9	7	4	0	0	3
679.600	0	0	0	0	4	0	0	0	0	0	0	0	0	0	0	7	0	1	7	6	4	0	0	3
679.800	0	0	0	0	3	0	0	0	0	0	0	0	0	0	0	7	0	1	9	7	5	0	0	4
680.000	0	0	0	0	5	0	0	0	0	0	0	0	0	0	0	9	0	1	7	6	3	0	0	5
680.200	0	0	0	0	7	0	0	0	0	0	0	0	0	0	0	8	0	1	4	9	4	0	0	3
680.400	0	0	0	0	13	0	0	0	0	0	0	0	0	0	0	10	0	1	6	11	4	0	0	5
680.600	0	0	0	0	17	0	0	0	0	0	0	0	0	0	0	13	0	2	7	6	2	0	0	7
680.800	0	0	0	0	13	0	0	0	0	0	0	0	0	0	0	9	0	1	7	9	4	0	0	5
681.000	0	0	0	0	15	0	0	0	0	0	0	0	0	0	0	7	0	1	7	14	8	0	0	4
681.200	0	0	0	0	15	0	0	0	0	0	0	0	0	0	0	9	0	2	7	11	4	0	0	6
681.400	0	0	0	0	17	0	0	0	0	0	0	0	0	0	0	9	0	1	5	12	6	0	0	7
681.600	0	0	0	0	15	0	0	0	0	0	1	0	0	0	0	11	0	0	5	12	2	0	0	10
681.800	0	0	0	0	14	0	0	0	0	0	0	0	0	0	0	10	0	1	7	10	4	0	0	5
682.000	0	0	0	0	15	0	0	0	0	0	0	0	0	0	0	10	0	1	5	12	3	0	0	4
682.200	3	0	0	0	15	0	0	0	0	0	0	0	0	0	0	11	0	1	8	13	9	0	0	6
682.400	3	0	0	0	3	0	0	0	0	0	0	0	0	0	0	10	0	1	7	11	7	0	0	6
682.600	6	0	0	0	13	0	0	0	0	0	0	0	0	0	0	11	0	1	6	11	5	0	0	4
682.800	6	0	0	0	17	0	0	0	0	0	0	0	0	0	0	12	0	1	6	11	9	0	0	6
683.000	5	0	0	0	14	0	0	0	0	0	0	0	0	0	0	8	0	1	5	12	5	0	0	6
683.200	6	1	0	0	4	0	0	0	0	0	0	0	0	0	0	11	0	1	7	13	5	0	0	5
683.400	6	0	0	0	17	0	0	0	0	0	0	0	0	0	0	7	0	1	5	10	5	0	0	5
683.600	6	0	0	0	11	0	0	0	0	0	0	0	0	0	0	6	0	1	5	12	6	0	0	4
683.800	4	1	0	0	15	0	0	0	0	0	0	0	0	0	0	7	0	1	5	10	7	0	0	4
684.000	6	0	0	0	15	0	0	0	0	0	0	0	0	0	0	8	0	1	6	14	9	0	0	7
684.200	6	0	0	0	12	0	0	0	0	0	0	0	0	0	0	9	0	1	6	11	10	0	0	4
684.400	6	0	0	0	14	0	0	0	0	0	0	0	0	0	0	5	0	0	5	13	8	0	0	7
684.600	6	0	0	0	5	0	0	0	0	0	0	0	0	0	0	9	0	1	5	10	10	0	0	4
684.800	5	0	0	0	7	0	0	0	0	0	0	0	0	0	0	10	0	1	6	10	7	0	0	6
685.000	5	0	0	0	5	0	0	0	0	0	0	0	0	0	0	9	0	2	7	11	9	0	0	6
685.200	6	0	0	0	4	0	0	0	0	0	0	0	0	0	0	7	0	1	6	7	10	0	0	6
685.400	6	0	0	0	4	0	0	0	0	0	0	0	0	0	0	9	0	1	4	11	6	0	0	4
685.600	6	1	0	0	4	0	0	0	0	0	0	0	0	0	0	8	0	0	6	12	5	0	0	4
685.800	7	0	0	0	3	0	0	0	0	0	0	0	0	0	0	11	0	2	6	10	6	0	0	4
686.000	6	0	0	0	5	0	0	0	0	0	0	0	0	0	0	8	0	1	4	10	8	0	0	4
686.200	6	0	0	0	3	0	0	0	0	0	0	0	0	0	0	8	0	1	8	12	7	0	0	5
686.400	5	0	0	0	2	0	0	0	0	0	0	0	0	0	0	10	0	1	8	4	5	0	0	6
686.600	7	1	0	0	3	0	0	0	0	0	0	0	0	0	0	7	0	1	8	8	6	0	0	7
686.800	5	0	0	0	6	0	0	0	0	0	0	0	0	0	0	9	0	1	6	5	7	0	0	5
687.000	3	1	0	0	7	0	0	0	0	0	0	0	0	0	0	8	0	1	5	8	4	0	0	4
687.200	5	0	0	0	7	0	0	0	0	0	0	0	0	0	0	9	0	0	7	14	9	0	0	2
687.400	7	0	0	0	4	0	0	0	0	0	0	0	0	0	0	6	0	0	5	11	7	0	0	4
687.600	5	0	0	0	9	0	0	0	0	0	0	0	0	0	0	4	0	0	6	8	5	0	0	7
687.800	6	0	0	0	6	0	0	0	0	0	0	0	0	0	0	8	0	0	5	8	10	0	0	4
688.000	5	0	0	0	5	0	0	0	0	0	0	0	0	0	0	0	0	0	6	12	7	0	0	4
688.200	6	0	0	0	6	0	0	0	0	0	0	0	0	0	0	1	0	0	6	8	6	0	0	5
688.400	3	1	0	0	5	0	0	0	0	0	0	0	0	0	0	6	0	0	7	14	10	0	0	4
688.600	6	1	0	0	4	0	0	0	0	0	0	0	0	0	0	9	0	0	5	8	8	0	0	7
688.800	6	1	0	0	6	0	0	0	0	0	0	0	0	1	1	6	0	0	5	16	5	0	0	6
689.000	6	0	0	0	4	0	0	0	0	0	0	0	0	2	2	10	0	0	4	13	8	0	0	5
689.200	6	0	0	0	4	0	0	0	0	0	0	0	0	1	1	7	0	0	4	19	9	0	0	6
689.400	5	1	0	0	6	0	0	0	0	0	0	0	0	2	0	7	0	0	7	13	10	0	0	6
689.600	3	1	0	0	6	0	0	0	0	0	0	0	0	0	0	3	0	0	5	15	5	0	0	6
689.800	6	0	0	0	5	0	0	0	0	0	0	0	0	1	0	6	0	1	5	8	7	0	0	5
690.000	5	0	0	0	5	0	0	0	0	0	0	0	0	0	0	4	0	0	5	15	12	0	0	5
690.200	5	0	0	0	6	0	0	0	0	0	0	0	0	0	0	5	0	0	5	8	6	0	0	4
690.400	7	1	0	0	6	0	0	0	0	0	0	0	0	1	0	9	0	0	4	12	7	0	0	7
690.600	5	0	0	0	6	0	0	0	0	0	0	0	0	0	0	6	0	0	4	6	7	0	0	7
690.800	7	0	0	0	5	0	0	0	0	0	0	0	0	0	0	10	0	0	4	11	10	0	0	6
691.000	6	0	0	0	3	0	0	0	0	0	0	0	0	0	0	6	0	0	5	11	7	0	0	5
691.200	6	0	0	0	6	0	0	0	0	0	0	0	0	0	0	3	0	0	4	15	7	0	0	5
691.400	6	1	0	0	6	0	0	0	0	0	0	0	0	0	0	5	0	0	4	7	9	0	0	4
691.600	3	0	0	0	6	0	0	0	0	0	0	0	0	0	0	7	0	0	4	11	12	0	0	4
691.800	6	0	0	0	6	0	0	0	0	0	0	0	0	0	0	2	0	0	4	7	8	0	0	4
692.000	6	0	0	0	4	0	0	0	0	0	0	0	0	0	0	0	0	0	4	17	9	0	0	3
692.200	8	1	0	0	5	0	0	0	0	0	0	0	0	0	0	6	0	0	5	15	8	0	0	5
692.400	3	0	0	0	6	0	0	0	0	0	0	0	0	0	0	4	0	0	4	20	12	0	0	6
692.600	3	0	0	0	5	0	0	0	0	0	0	0	0	0	0	1	0	0	4	15	11	0	0	4
692.800	3	0	0	0	4	0	0	0	0	0	0	0	0	1	0	10	0	0	4	18	11	0	0	4
693.000	3	1	0	0	6	0	0	0	0	0	0	0	0	0	0	5	0	0	4	16	11	0	0	5
693.200	3	0	0	0	7	0	0	0	0	0	0	0	0	0	0	6	0	0	4	16	10	0	0	6
693.400	3	0	0	0	4	0	0	0	0	0	0	0	0	0	0	8	0	0	4	21	9	0	0	4
693.600	3	0	0	0	6	0	0	0	0	0	0	0	0	0	0	9	0	0	4	14	11	0	0	7
693.800	3	1	0	0	5	0	0	0	0	0	0	0	0	0	0	10	0	2	5	15	7	0	0	5
694.000	5	1	0	0	6	0	0	0	0	0	0	0	0	0	0	4	0	0	4	17	10	0	0	5
694.200	6	0	0	0	3	1	0	0	0	0	0	0	0	0	0	4	0	1	5	22	10	0	0	4
694.400	7	0	0	0	5	0	0	0	0	0	0	0	0	1	0	5	0	0	5	19	9	0	0	8
694.600	7	1	0	0	4	0	0	0	0	0	0	0	0	1	1	6	0	0	6	19	5	0	0	7
694.800	5	0	0	0	5	0	0	0	0	0	0	0	0	0	0	8	0	1	6	18	11	0	0	5
695.000	4	1	0	0	3	0	0	0	0	0	0	0	0	0	0	6	0	0	5	25	11	0	0	3
695.200	5	1	0	0	5	0	0	0	0	0	0	0	0	0	0	10	0	0	6	14	12	0	0	7
695.400	8	1	0	0	6	0	0	0	0	0	0	0	0	0	0	6	0	1	5	15	11	0	0	7
695.600	4	1	0	0	4	0	0	0	0	0	0	0	0	0	0	5	0	0	4	18	11	0	0	4
695.800	6	1	0	0	8	0	0	0	0	0	0	0	0	0	0	3	0	0	4	18	10	0	0	5
696.000	5	0	0	0	7	0	0	0	0	0	0	0	0	0	0	5	0	0	5	17	11	0	0	5
696.200	6	0	0	0	5	2	0	0	0	0	0	0	0	0	0	1	0	1	5	20	12	0	0	7
696.400	4	0	0	0	7	0	0	0	0	0	0	0	0	1	2	5	0	0	4	13	8	0	0	5
696.600	5	1	0	0	7	0	0	0	0	0	0	0	0	0	0	5	0	1	5	13	12	0	0	7
696.800	7	1	0	0	7	0	0	0	0	0	0	0	0	0	0	7	0	0	3	13	8	0	0	0
697.000	7	0	0	0	5	0	0	0	0	0	0	0	0	0	0	5	0	0	6	8	6	0	0	1
697.200	10	0	0	0	4	0	0	0	0	0	0	0	0	0	0	1	0	0	5	20	10	0	0	0
697.400	9	0	0	0	9	0	0	0	0	0	0	0	0	0	0	4	0	0	2	10	5	0	0	0
697.600	10	1	0	0	4	0	0	0	0	0	0	0	0	0	0	2	0	0	1	11	8	0	0	1
697.800	9	0	0	0	5	0	0	0	0	0	0	0	0	0	0	9	0	0	5	11	4	0	0	7
698.000	7	0	0	0	5	0	0	0	0	0	0	0	0	0	0	7	0	1	4	10	5	0	0	9
698.200	8	0	0	0	7	0	0	0	0	0	0	0	0	0	0	10	0	0	4	10	3	0	0	7
698.400	6	0	0	0	6	0	0	0	0	0	0	0	0	0	0	9	0	0	5	15	8	0	0	6
698.600	8	0	0	0	4	0	0	0	0	0	0	0	0	0	0	11	0	2	5	13	6	0	0	4
698.800	8	1	0	0	2	0	0	0	0	0	0	0	0	0	0	9	0	1	8	8	8	0	0	8
699.000	8	0	0	0	2	0	0	0	0	0	0	0	0	0	0	7	0	1	8	13	9	0	0	7
699.200	7	0	0	0	3	0	0	0	0	0	0	0	0	0	0	7	0	1	5	13	9	0	0	7
699.400	8	1	0	0	6	2	0	0	0	0	0	0	0	0	0	6	0	2	6	10	7	0	0	6
699.600	8	1	0	0	6	0	0	0	0	0	0	0	0	0	0	3	0	2	5	19	7	0	0	8
699.800	9	1	0	0	6	1	0	0	0	0	0	0	0	0	0	9	0	1	6	13	8	0	0	7
700.000	10	1	0	0	6	0	0	0	0	0	0	0	0	0	0	7	0	1	6	11	9	0	0	8
700.200	9	0	0	0	6	0	0	0	0	0	0	0	0	0	0	4	0	1	7	21	10	0	0	6
700.400	7	1	0	0	4	0	0	0	0	0	0	0	0	0	0	7	0	1	5	14	8	0	0	4
700.600	6	1	0	0	6	1	0	0	0	0	0	0	0	0	0	8	0	2	6	10	8	0	0	4
700.800	7	1	0	0	5	0	0	0	0	0	0	0	0	0	0	9	0	1	6	12	9	0	0	3
701.000	7	0	0	0	2	0	0	0	0	0	0	0	0	0	0	5	0	1	4	15	10	0	0	5
701.200	7	1	0	0	6	1	0	0	0	0	0	0	0	0	0	7	0	1	6	15	9	0	0	6
701.400	3	1	0	0	6	1	0	0	0	0	0	0	0	0	0	8	0	0	5	21	12	0	0	6
701.600	3	1	0	0	6	0	0	0	0	0	0	0	0	0	0	6	0	1	5	16	8	0	0	6
701.800	5	0	0	0	4	0	0	0	0	0	0	0	0	0	0	5	0	0	5	20	8	0	0	6
702.000	4	0	0	0	4	1	0	0	0	0	0	0	0	0	0	5	0	1	5	15	11	0	0	4
702.200	5	1	0	0	4	0	0	0	0	0	0	0	0	0	0	2	0	0	4	19	8	0	0	7
702.400	7	1	0	0	6	0	0	0	0	0	0	0	0	0	0	5	0	1	6	16	8	0	0	6
702.600	5	1	0	0	5	0	0	0	0	0	0	0	0	0	0	5	0	1	4	13	11	0	0	5
702.800	6	0	0	0	5	0	0	0	0	0	0	0	0	0	0	5	0	0	6	9	12	0	0	4
703.000	6	0	0	0	4	0	0	0	0	0	0	0	0	0	0	8	0	1	6	20	11	0	0	4
703.200	5	1	0	0	4	0	0	0	0	0	0	0	0	0	0	5	0	1	5	15	10	0	0	4
703.400	6	1	0	0	5	0	0	0	0	0	0	0	0	0	0	5	0	1	6	14	11	0	0	5
703.600	7	1	0	0	1	0	0	0	0	0	0	0	0	0	0	7	0	1	6	10	3	0	0	3
703.800	4	0	0	0	0	0	0	0	0	0	0	0	0	0	0	7	0	1	6	9	9	0	0	5
704.000	4	1	0	0	0	0	0	0	0	0	0	0	0	0	0	7	0	0	4	5	7	0	0	4
704.200	5	1	0	0	5	0	0	0	0	0	0	0	0	0	0	6	0	1	6	22	13	0	0	5
704.400	6	1	0	0	5	0	0	0	0	0	0	0	0	0	0	8	0	1	7	19	8	0	0	4
704.600	6	0	0	0	5	0	0	0	0	0	0	0	0	0	0	7	0	0	6	11	9	0	0	5
704.800	6	0	0	0	3	0	0	0	0	0	0	0	0	0	0	9	0	0	6	18	10	0	0	4
705.000	4	1	0	0	7	0	0	0	0	0	0	0	0	0	0	7	0	0	4	19	10	0	0	3
705.200	4	1	0	0	7	0	0	0	0	0	0	0	0	0	0	9	0	0	6	22	9	0	0	4
705.400	5	0	0	0	7	0	0	0	0	0	0	0	0	0	0	6	0	1	6	21	10	0	0	6
705.600	5	1	0	0	5	0	0	0	0	0	0	0	0	0	0	7	0	0	5	12	9	0	0	5
705.800	7	1	0	0	7	0	0	0	0	0	0	0	0	0	0	9	0	1	6	19	9	0	0	4
706.000	5	0	0	0	7	0	0	0	0	0	0	0	0	0	0	7	0	0	5	14	10	0	0	3
706.200	4	0	0	0	7	0	0	0	0	0	0	0	0	0	0	4	0	1	7	21	8	0	0	4
706.400	6	1	0	0	4	0	0	0	0	0	0	0	0	0	0	3	0	1	5	8	4	0	0	6
706.600	5	0	0	0	6	0	0	0	0	0	0	0	0	0	0	7	0	1	5	22	7	0	0	6
706.800	4	0	0	0	5	0	0	0	0	0	0	0	0	0	0	9	0	1	7	12	7	0	0	5
707.000	4	1	0	0	4	0	0	0	0	0	0	0	0	0	0	2	0	1	6	19	5	0	0	4
707.200	5	0	0	0	1	0	0	0	0	0	0	0	0	0	0	8	0	0	7	13	6	0	0	4
707.400	4	0	1	0	1	0	0	0	0	0	0	0	0	0	0	8	0	1	5	19	7	0	0	5
707.600	4	1	0	0	1	0	0	0	0	0	0	0	0	0	0	3	0	0	4	13	7	0	0	5
707.800	4	0	0	0	1	0	0	0	0	0	0	0	0	0	0	4	0	0	5	19	8	0	0	5
708.000	3	0	0	0	3	0	0	0	0	0	0	0	0	0	0	12	0	1	5	15	8	0	0	3
708.200	4	0	0	0	2	0	0	0	0	0	0	0	0	0	0	2	0	0	5	10	11	0	0	4
708.400	5	0	0	0	2	0	0	0	0	0	0	0	0	0	0	4	0	0	4	11	10	0	0	5
708.600	5	0	0	0	3	0	0	0	0	0	0	0	0	0	0	8	0	1	6	10	8	0	0	4
708.800	5	0	0	0	2	0	0	0	0	0	0	0	0	0	0	8	0	1	5	4	10	0	0	4
709.000	5	0	0	0	4	0	0	0	0	0	0	0	0	0	0	8	0	2	7	3	7	0	0	3
709.200	3	0	0	0	3	0	0	0	0	0	0	0	0	0	0	14	0	1	5	5	7	0	0	5
709.400	4	0	0	0	0	0	0	0	0	0	0	0	0	0	0	9	0	1	6	4	7	0	0	5
709.600	6	1	0	0	0	0	0	0	0	0	0	0	0	0	0	10	0	1	8	5	6	0	0	3
709.800	3	1	0	0	0	0	0	0	0	0	0	0	0	0	0	5	0	1	7	5	7	0	0	5
710.000	6	0	0	0	0	0	0	0	0	0	0	0	0	0	0	7	0	2	9	2	4	0	0	5
710.200	5	1	0	0	2	0	0	0	0	0	0	0	0	0	0	10	0	2	6	8	5	0	0	7
710.400	6	0	0	0	4	0	0	0	0	0	0	0	0	0	0	9	0	1	4	7	4	0	0	5
710.600	5	0	0	0	1	0	0	0	0	0	0	0	0	0	0	8	0	1	4	7	11	0	0	6
710.800	3	1	0	0	5	0	0	0	0	0	0	0	0	0	0	7	0	3	6	7	4	0	0	5
711.000	6	0	0	0	1	0	0	0	0	0	0	0	0	0	0	10	0	1	6	11	10	0	0	6
711.200	3	0	0	0	2	0	0	0	0	0	0	0	0	0	0	12	0	1	5	12	7	0	0	4
711.400	3	0	0	0	0	0	0	0	0	0	0	0	0	0	0	6	0	0	6	13	9	0	0	4
711.600	4	1	0	0	6	0	0	0	0	0	0	0	0	0	0	5	0	0	5	10	10	0	0	6
711.800	3	0	0	0	5	0	0	0	0	0	0	0	0	0	0	6	0	1	6	12	9	0	0	3
712.000	4	0	0	0	3	0	0	0	0	0	0	0	0	0	0	12	0	0	7	12	9	0	0	4
712.200	6	1	0	0	5	0	0	0	0	0	0	0	0	0	0	8	0	3	7	7	6	0	0	5
712.400	3	1	0	0	2	0	0	0	0	0	0	0	0	0	0	8	0	2	6	12	8	0	0	7
712.600	3	1	0	0	2	0	0	0	0	0	0	0	0	0	0	12	0	2	6	10	10	0	0	6
712.800	6	1	0	0	0	0	0	0	0	0	0	0	0	0	0	9	0	1	4	10	7	0	0	4
713.000	5	1	0	0	0	0	0	0	0	0	0	0	0	0	0	8	0	1	6	12	8	0	0	7
713.200	5	0	0	0	0	0	0	0	0	0	0	0	0	0	0	13	0	2	7	10	9	0	0	6
713.400	5	0	0	1	0	0	0	0	0	0	0	0	0	0	0	9	0	2	6	10	9	0	0	5
713.600	5	1	0	0	0	0	0	0	0	0	0	0	0	0	0	8	0	2	7	12	8	0	0	6
713.800	4	0	0	0	0	0	0	0	0	0	0	0	0	0	0	9	0	1	5	11	4	0	0	4
714.000	6	0	0	0	0	0	0	0	0	0	0	0	0	0	0	8	0	0	6	13	5	0	0	4
714.200	7	1	0	0	0	0	0	0	0	0	0	0	0	0	0	10	0	1	4	10	3	0	0	4
714.400	5	1	0	0	0	0	0	0	0	0	0	0	0	0	0	10	0	1	5	13	6	0	0	6
714.600	4	0	0	0	0	0	0	0	0	0	0	0	0	0	0	9	0	1	7	14	7	0	0	5
714.800	4	1	0	0	0	0	0	0	0	0	0	0	0	0	0	8	0	1	5	13	5	0	0	6
715.000	5	0	0	0	0	0	0	0	0	0	0	0	0	0	0	7	0	1	6	11	5	0	0	5
715.200	4	0	0	0	0	0	0	0	0	0	0	0	0	0	0	11	0	2	6	12	7	0	0	5
715.400	5	0	0	0	0	0	0	0	0	0	0	0	0	0	0	10	0	1	5	15	11	0	0	6
715.600	5	0	0	0	0	0	0	0	0	0	0	0	0	0	0	8	0	0	6	14	14	0	0	5
715.800	5	0	0	0	0	0	0	0	0	0	0	0	0	0	0	11	0	0	7	11	7	0	0	6
716.000	5	1	0	0	0	0	0	0	0	0	0	0	0	0	0	9	0	1	7	6	9	0	0	6
716.200	7	1	0	0	0	0	0	0	0	0	0	0	0	0	0	7	0	1	6	9	8	0	0	5
716.400	7	1	0	0	0	0	0	0	0	0	0	0	0	0	0	8	0	2	4	10	4	0	0	0
716.600	6	0	0	0	0	0	0	0	0	0	0	0	0	0	0	7	0	1	7	11	9	0	0	5
716.800	5	1	0	0	0	0	0	0	0	0	0	0	0	0	0	8	0	2	7	9	3	0	0	5
717.000	5	1	0	0	0	0	0	0	0	0	0	0	0	0	0	7	0	0	5	10	6	0	0	5
717.200	6	1	0	0	0	0	0	0	0	0	0	0	0	0	0	9	0	2	5	11	10	0	0	5
717.400	7	1	0	0	0	0	0	0	0	0	0	0	0	0	0	7	0	1	7	10	12	0	0	6
717.600	6	1	0	0	0	0	0	0	0	0	0	0	0	0	0	8	0	2	6	7	5	0	0	6
717.800	6	1	0	0	0	0	0	0	0	0	0	0	0	0	0	9	0	1	5	6	10	0	0	5
718.000	7	0	0	0	0	0	0	0	0	0	0	0	0	0	0	8	0	1	8	14	11	0	0	4
718.200	5	1	0	0	2	0	0	0	0	0	0	0	0	0	0	7	0	2	6	10	9	0	0	5
718.400	5	1	0	0	1	0	0	0	0	0	0	0	0	0	0	5	0	1	8	10	7	0	0	7
718.600	6	0	0	0	0	0	0	0	0	0	0	0	0	0	0	12	0	2	8	10	9	0	0	5
718.800	7	1	0	0	0	0	0	0	0	0	0	0	0	0	0	8	0	1	4	9	9	0	0	6
719.000	7	0	0	0	0	0	0	0	0	0	0	0	0	0	0	9	0	2	6	7	6	0	0	3
719.200	9	0	0	0	0	0	0	0	0	0	0	0	0	0	0	7	0	0	7	10	6	0	0	3
719.400	6	0	0	0	0	0	0	0	0	0	0	0	0	0	0	9	0	1	7	13	7	0	0	5
719.600	7	0	0	0	0	0	0	0	0	0	0	0	0	0	0	10	0	1	7	9	5	0	0	8
719.800	7	0	0	0	0	0	0	0	0	0	0	0	0	0	0	7	0	0	6	14	7	0	0	6
720.000	6	0	0	0	0	0	0	0	0	0	0	0	0	0	0	9	0	0	6	7	7	0	0	5
720.200	7	0	0	0	0	0	0	0	0	0	0	0	0	0	0	9	0	0	6	13	5	0	0	6
720.400	7	0	0	0	0	0	0	0	0	0	0	0	0	0	0	7	0	1	8	13	6	0	0	6
720.600	5	0	0	0	0	0	0	0	0	0	0	0	0	0	0	10	0	1	7	10	10	0	0	5
720.800	6	0	0	0	0	0	0	0	0	0	0	0	0	0	0	11	0	1	5	12	6	0	0	6
721.000	5	0	0	0	0	0	0	0	0	0	0	0	0	0	0	12	0	0	4	9	6	0	0	4
721.200	6	0	0	0	0	0	0	0	0	0	0	0	0	0	0	9	0	0	7	9	4	0	0	4
721.400	8	1	0	0	0	0	0	0	0	0	0	0	0	0	0	9	0	2	7	10	5	0	0	5
721.600	6	1	0	0	0	0	0	0	0	0	0	0	0	0	0	10	0	1	6	10	9	0	0	6
721.800	6	1	0	0	0	0	0	0	0	0	0	0	0	0	0	7	0	0	4	11	5	0	0	1
722.000	7	0	0	0	0	0	0	0	0	0	0	0	0	0	0	7	0	1	4	11	6	0	0	4
722.200	5	1	0	0	0	0	0	0	0	0	0	0	0	0	0	8	0	2	5	13	6	0	0	2
722.400	5	1	0	0	0	0	0	0	0	0	0	0	0	0	0	8	0	2	7	9	6	0	0	5
722.600	7	1	0	0	0	0	0	0	0	0	0	0	0	0	0	6	0	1	8	11	8	0	0	4
722.800	6	0	0	0	0	0	0	0	0	0	0	0	0	0	0	8	0	1	9	13	5	0	0	3
723.000	7	0	0	0	0	0	0	0	0	0	0	0	0	0	0	4	0	1	7	17	10	0	0	3
723.200	8	2	0	0	0	0	0	0	0	0	0	0	0	0	0	7	0	2	5	12	10	0	0	4
723.400	6	1	0	0	0	0	0	0	0	0	0	0	0	0	0	7	0	1	4	11	7	0	0	5
723.600	6	1	0	0	0	0	0	0	0	0	0	0	0	0	0	10	0	2	7	11	7	0	0	4
723.800	6	1	0	0	0	0	0	0	0	0	0	0	0	0	0	4	0	1	6	13	8	0	0	4
724.000	9	0	0	0	0	0	0	0	0	0	0	0	0	0	0	8	0	1	4	9	9	0	0	1
724.200	6	0	0	0	0	0	0	0	0	0	0	0	0	0	0	9	0	1	5	13	12	0	0	1
724.400	5	0	0	0	0	0	0	0	0	0	0	0	0	0	0	10	0	1	4	15	9	0	0	1
724.600	8	0	0	0	0	0	0	0	0	0	0	0	0	0	0	12	0	2	5	11	6	0	0	5
724.800	9	1	0	0	0	0	0	0	0	0	0	0	0	0	0	7	0	1	6	12	4	0	0	5
725.000	4	1	0	0	0	1	0	0	0	0	0	0	0	0	0	11	0	2	7	14	8	0	0	3
725.200	4	1	0	0	0	0	0	0	0	0	0	0	0	0	0	7	0	1	6	14	6	0	0	4
725.400	3	0	0	0	0	0	0	0	0	0	0	0	0	0	0	9	0	1	5	12	8	0	0	1
725.600	7	0	0	0	0	0	0	0	0	0	0	0	0	0	0	11	0	1	7	14	7	0	0	5
725.800	7	1	0	0	0	0	0	0	0	0	0	0	0	0	0	13	0	2	5	13	9	0	0	4
726.000	8	1	0	0	0	0	0	0	0	0	0	0	0	0	0	7	0	0	4	8	7	0	0	2
726.200	10	1	0	0	0	0	0	0	0	0	0	0	0	0	0	7	0	1	4	15	6	0	0	1
726.400	6	1	0	0	0	0	0	0	0	0	0	0	0	0	0	12	0	1	4	14	10	0	0	0
726.600	8	1	0	0	0	1	0	0	0	0	0	0	0	0	0	7	0	1	8	12	8	0	0	4
726.800	10	1	0	0	0	0	0	0	0	0	0	0	0	0	0	7	0	1	6	12	5	0	0	0
727.000	8	1	0	0	0	0	0	0	0	0	0	0	0	0	0	7	0	1	4	13	8	0	0	0
727.200	9	1	0	0	0	0	0	0	0	0	0	0	0	0	0	8	0	0	4	14	9	0	0	4
727.400	8	0	0	0	0	0	0	0	0	0	0	0	0	0	0	12	0	1	4	13	6	0	0	3
727.600	8	0	0	0	0	0	0	0	0	0	0	0	0	0	0	10	0	2	5	11	8	0	0	3
727.800	7	1	0	0	0	2	0	0	0	0	0	0	0	0	0	11	0	2	5	11	4	0	0	5
728.000	7	1	0	0	0	0	0	0	0	0	0	0	0	0	0	9	0	1	5	13	6	0	0	2
728.200	7	0	0	0	0	0	0	0	0	0	0	0	0	0	0	10	0	1	6	9	4	0	0	0
728.400	10	1	0	0	0	0	0	0	0	0	0	0	0	0	0	7	0	1	6	14	12	0	0	2
728.600	8	2	0	0	0	0	0	0	0	0	0	0	0	0	0	7	0	2	5	13	10	0	0	1
728.800	10	1	0	0	0	0	0	0	0	0	0	0	0	0	0	8	0	2	6	12	5	0	0	3
729.000	10	2	0	0	0	0	0	0	0	0	0	0	0	0	0	12	0	1	5	12	11	0	0	0
729.200	8	2	0	0	0	0	0	0	0	0	0	0	0	0	0	7	0	1	6	13	11	0	0	3
729.400	7	1	0	0	0	0	0	0	0	0	0	0	0	0	0	8	0	1	4	12	7	0	0	0
729.600	8	1	0	0	0	0	0	0	0	0	0	0	0	0	0	10	0	0	4	16	11	0	0	0
729.800	8	0	0	0	0	0	0	0	0	0	0	0	0	0	0	9	0	1	5	13	8	0	0	4
730.000	8	0	0	0	0	0	0	0	0	0	0	0	0	0	0	12	0	1	4	16	8	0	0	2
730.200	8	1	0	0	0	0	0	0	0	0	0	0	0	0	0	6	0	1	4	14	6	0	0	2
730.400	9	0	0	0	0	0	0	0	0	0	0	0	0	0	0	11	0	1	6	9	6	0	0	3
730.600	8	0	0	0	0	0	0	0	0	0	0	0	0	0	0	8	0	1	7	12	6	0	0	3
730.800	8	0	0	0	0	0	0	0	0	0	0	0	0	0	0	10	0	1	4	12	9	0	0	2
731.000	7	0	0	0	0	0	0	0	0	0	0	0	0	0	0	10	0	1	4	12	7	0	0	2
731.200	6	1	0	0	0	0	0	0	0	0	0	0	0	0	0	10	0	0	6	12	5	0	0	2
731.400	8	0	0	0	0	1	0	0	0	0	0	0	0	0	0	9	0	1	4	14	9	0	0	3
731.600	7	1	0	0	0	0	0	0	0	0	0	0	0	0	0	7	0	1	7	10	9	0	0	4
731.800	8	1	0	0	0	0	0	0	0	0	0	0	0	0	0	7	0	1	4	14	7	0	0	4
732.000	10	1	0	0	0	0	0	0	0	0	0	0	0	0	0	7	0	1	5	9	4	0	0	7
732.200	9	1	0	0	0	0	0	0	0	0	0	0	0	0	0	10	0	1	5	12	8	0	0	5
732.400	10	1	0	0	0	0	0	0	0	0	0	0	0	0	0	11	0	1	6	11	7	0	0	8
732.600	9	0	0	0	0	0	0	0	0	0	0	0	0	0	0	11	0	2	6	13	9	0	0	7
732.800	9	0	0	0	0	0	0	0	0	0	0	0	0	0	0	11	0	1	4	17	7	0	0	4
733.000	7	1	0	0	0	0	0	0	0	0	0	0	0	0	0	8	0	1	5	13	5	0	0	5
733.200	9	1	0	0	0	0	0	0	0	0	0	0	0	0	0	12	0	1	4	12	4	0	0	3
733.400	9	2	0	0	0	0	0	0	0	0	0	0	0	0	0	9	0	0	5	8	3	0	0	1
733.600	10	2	0	0	0	0	0	0	0	0	0	0	0	0	0	10	0	1	5	9	2	0	0	0
733.800	10	1	0	0	0	0	0	0	0	0	0	0	0	0	0	12	0	1	6	12	3	0	0	7
734.000	10	1	0	0	0	0	0	0	0	0	0	0	0	0	0	9	0	2	6	10	4	0	0	6
734.200	8	1	0	0	0	0	0	0	0	0	0	0	0	0	0	11	0	1	6	11	3	0	0	3
734.400	8	0	0	0	0	0	0	0	0	0	0	0	0	0	0	6	0	1	6	9	8	0	0	5
734.600	10	0	0	0	0	0	0	0	0	0	0	0	0	0	0	6	0	0	6	11	4	0	0	6
734.800	10	1	0	0	0	0	0	0	0	0	0	0	0	0	0	6	0	0	5	12	5	0	0	3
735.000	9	1	0	0	0	0	0	0	0	0	0	0	0	0	0	10	0	1	7	14	10	0	0	3
735.200	8	1	0	0	0	0	0	0	0	0	0	0	0	0	0	10	0	0	6	13	7	0	0	4
735.400	8	0	0	0	0	0	0	0	0	0	0	0	0	0	0	10	0	1	6	9	4	0	0	7
735.600	7	1	0	0	0	0	0	0	0	0	0	0	0	0	0	11	0	1	4	12	10	0	0	1
735.800	9	0	0	0	0	0	0	0	0	0	0	0	0	0	0	10	0	0	4	10	5	0	0	5
736.000	8	1	0	0	0	0	0	0	0	0	0	0	0	0	0	7	0	2	8	13	6	0	0	5
736.200	9	1	0	0	0	0	0	0	0	0	0	0	0	0	0	10	0	0	4	12	6	0	0	1
736.400	8	1	0	0	0	0	0	0	0	0	0	0	0	0	0	16	0	1	6	11	4	0	0	1
736.600	8	1	0	0	0	0	0	0	0	0	0	0	0	0	0	11	0	1	6	12	6	0	0	1
736.800	8	1	0	0	0	0	0	0	0	0	0	0	0	0	0	8	0	1	6	12	4	0	0	2
737.000	7	1	0	0	0	0	0	0	0	0	0	0	0	0	0	9	0	1	6	13	5	0	0	3
737.200	8	2	0	0	0	0	0	0	0	0	0	0	0	0	0	7	0	0	6	11	5	0	0	1
737.400	9	2	0	0	0	0	0	0	0	0	0	0	0	0	0	6	0	2	5	13	7	0	0	1
737.600	9	2	0	0	0	0	0	0	0	0	0	0	0	0	0	11	0	1	5	11	6	0	0	4
737.800	10	1	0	0	0	0	0	0	0	0	0	0	0	0	0	11	0	0	5	12	11	0	0	1
738.000	9	1	0	0	0	0	0	0	0	0	0	0	0	0	0	12	0	1	5	15	12	0	0	2
738.200	8	1	0	0	0	0	0	0	0	0	0	0	0	0	0	8	0	1	6	13	7	0	0	1
738.400	6	1	0	0	0	0	0	0	0	0	0	0	0	0	0	6	0	1	4	14	10	0	0	4
738.600	6	1	0	0	0	0	0	0	0	0	0	0	0	0	0	8	0	1	4	12	5	0	0	4
738.800	10	0	0	0	0	0	0	0	0	0	0	0	0	0	0	8	0	1	6	13	5	0	0	4
739.000	8	0	0	0	0	0	0	0	0	0	0	0	0	0	0	11	0	2	4	12	5	0	0	2
739.200	9	2	0	0	0	0	0	0	0	0	0	0	0	0	0	12	0	0	6	15	4	0	0	2
739.400	6	1	0	0	0	0	0	0	0	0	0	0	0	0	0	7	0	1	5	12	2	0	0	2
739.600	7	1	0	0	0	0	0	0	0	0	0	0	0	0	0	9	0	2	5	12	5	0	0	3
739.800	9	0	0	0	0	0	0	0	0	0	0	0	0	0	0	5	0	1	4	14	5	0	0	4
740.000	10	2	0	0	0	0	0	0	0	0	0	0	0	0	0	7	0	1	4	13	5	0	0	2
740.200	7	2	0	0	0	0	0	0	0	0	0	0	0	0	0	9	0	1	4	13	9	0	0	5
740.400	9	0	0	0	0	0	0	0	0	0	0	0	0	0	0	8	0	0	5	16	9	0	0	3
740.600	8	0	0	0	0	0	0	0	0	0	0	0	0	0	0	9	0	2	5	11	6	0	0	4
740.800	9	1	0	0	0	0	0	0	0	0	0	0	0	0	0	12	0	1	6	11	5	0	0	5
741.000	8	2	0	0	0	0	0	0	0	0	0	0	0	0	0	12	0	1	6	14	8	0	0	5
741.200	9	2	0	0	0	0	0	0	0	0	0	0	0	0	0	7	0	1	5	16	11	0	0	4
741.400	8	1	0	0	0	0	0	0	0	0	0	0	0	0	0	10	0	1	5	8	8	0	0	2
741.600	6	0	0	0	0	0	0	0	0	0	0	0	0	0	0	11	0	1	5	2	9	0	0	3
741.800	8	0	0	0	0	0	0	0	0	0	0	0	0	0	0	10	0	2	5	7	7	0	0	6
742.000	9	1	0	0	0	0	0	0	0	0	0	0	0	0	0	11	0	1	4	10	9	0	0	3
742.200	7	0	0	0	0	0	0	0	0	0	0	0	0	0	0	11	0	1	4	10	10	0	0	3
742.400	8	0	0	0	0	0	0	0	0	0	0	0	0	0	0	9	0	2	4	7	5	0	0	4
742.600	6	1	0	0	0	0	0	0	0	0	0	0	0	0	0	10	0	1	4	10	7	0	0	5
742.800	6	0	0	0	0	0	0	0	0	0	0	0	0	0	0	8	0	1	4	10	5	0	0	3
743.000	8	2	0	0	0	0	0	0	0	0	0	0	0	0	0	11	0	1	4	10	6	0	0	3
743.200	9	0	0	0	0	0	0	0	0	0	0	0	0	0	0	11	0	1	4	9	7	0	0	1
743.400	7	1	0	0	0	0	0	0	0	0	0	0	0	0	0	9	0	1	4	13	6	0	0	3
743.600	10	1	0	0	0	0	0	0	0	0	0	0	0	0	0	11	0	1	5	13	3	0	0	2
743.800	9	0	0	0	0	0	0	0	0	0	0	0	0	0	0	9	0	0	7	10	10	0	0	4
744.000	9	0	0	0	0	0	0	0	0	0	0	0	0	0	0	6	0	2	6	10	9	0	0	1
744.200	8	0	0	0	0	0	0	0	0	0	0	0	0	0	0	7	0	1	4	10	8	0	0	2
744.400	10	0	0	0	0	0	0	0	0	0	0	0	0	0	0	10	0	1	4	7	8	0	0	2
744.600	9	2	0	0	0	0	0	0	0	0	0	0	0	0	0	8	0	1	5	8	6	0	0	5
744.800	10	1	0	0	0	0	0	0	0	0	0	0	0	0	0	11	0	0	4	7	3	0	0	3
745.000	9	1	0	0	0	0	0	0	0	0	0	0	0	0	0	12	0	1	4	9	6	0	0	1
745.200	9	0	0	0	0	0	0	0	0	0	0	0	0	0	0	10	0	1	5	9	4	0	0	3
745.400	9	1	0	0	0	0	0	0	0	0	0	0	0	0	0	10	0	0	5	10	10	0	0	1
745.600	7	1	0	0	0	0	0	0	0	0	0	0	0	0	0	7	0	0	5	10	10	0	0	1
745.800	8	1	0	0	0	0	0	0	0	0	0	0	0	0	0	10	0	1	4	10	4	0	0	1
746.000	8	1	0	0	0	0	0	0	0	0	0	0	0	0	0	10	0	1	6	11	10	0	0	4
746.200	7	1	0	0	0	0	0	0	0	0	0	0	0	0	0	10	0	1	5	11	3	0	0	1
746.400	10	1	0	0	0	1	0	0	0	0	0	0	0	0	0	12	0	0	4	11	5	0	0	2
746.600	9	1	0	0	0	0	0	0	0	0	0	0	0	0	0	11	0	1	5	8	6	0	0	5
746.800	7	1	0	0	0	0	0	0	0	0	0	0	0	0	0	7	0	0	4	11	6	0	0	4
747.000	7	1	0	0	0	0	0	0	0	0	0	0	0	0	0	9	0	1	5	10	6	0	0	5
747.200	9	0	0	0	0	0	0	0	0	0	0	0	0	0	0	8	0	1	4	13	4	0	0	5
747.400	7	0	0	0	0	2	0	0	0	0	0	0	0	0	0	9	0	1	5	13	5	0	0	5
747.600	6	1	0	0	0	0	0	0	0	0	0	0	0	0	0	12	0	1	4	15	7	0	0	4
747.800	9	1	0	0	0	0	0	0	0	0	0	0	0	0	0	6	0	0	4	12	5	0	0	5
748.000	6	0	0	0	0	0	0	0	0	0	0	0	0	0	0	11	0	0	5	11	5	0	0	1
748.200	9	1	0	0	0	0	0	0	0	0	0	0	0	0	0	14	0	1	7	12	3	0	0	4
748.400	8	1	0	0	0	0	0	0	0	0	0	0	0	0	0	10	0	0	4	11	4	0	0	3
748.600	10	0	0	0	0	0	0	0	0	0	0	0	0	0	0	10	0	1	4	7	5	0	0	4
748.800	8	1	0	0	0	0	0	0	0	0	0	0	0	0	0	13	0	1	6	10	5	0	0	1
749.000	7	0	0	0	0	0	0	0	0	0	0	0	0	0	0	9	0	1	4	10	6	0	0	5
749.200	10	0	0	0	0	0	0	0	0	0	0	0	0	0	0	10	0	1	6	10	6	0	0	5
749.400	5	0	0	0	0	0	0	0	0	0	0	0	0	0	0	11	0	1	6	12	6	0	0	5
749.600	7	0	0	0	0	0	0	0	0	0	0	0	0	0	0	5	0	1	6	11	5	0	0	5
749.800	9	0	0	0	0	0	0	0	0	0	0	0	0	0	0	11	0	0	4	8	3	0	0	5
750.000	8	0	0	0	0	0	0	0	0	0	0	0	0	0	0	8	0	0	5	9	6	0	0	4
750.200	7	0	0	0	0	0	0	0	0	0	0	0	0	0	0	14	0	2	5	9	5	0	0	5
750.400	7	0	0	0	0	0	0	0	0	0	0	0	0	0	0	13	0	2	5	10	5	0	0	3
750.600	6	0	0	0	0	0	0	0	0	0	0	0	0	0	0	16	0	1	5	10	7	0	0	4
750.800	10	0	0	0	0	0	0	0	0	0	0	0	0	0	0	14	0	0	6	7	5	0	0	5
751.000	9	0	0	0	0	0	0	0	0	0	0	0	0	0	0	9	0	1	7	9	8	0	0	3
751.200	10	1	0	0	0	0	0	0	0	0	0	0	0	0	0	3	0	0	5	14	5	0	0	5
751.400	9	0	0	0	0	0	0	0	0	0	0	0	0	0	0	13	0	1	6	7	7	0	0	5
751.600	8	0	0	0	0	0	0	0	0	0	0	0	0	0	0	13	0	1	4	8	4	0	0	5
751.800	9	1	0	0	0	0	0	0	0	0	0	0	0	0	0	11	0	1	4	8	5	0	0	5
752.000	9	1	0	0	0	0	0	0	0	0	0	0	0	0	0	10	0	1	5	12	7	0	0	4
752.200	7	0	0	0	0	0	0	0	0	0	0	0	0	0	0	11	0	1	5	10	5	0	0	4
752.400	9	0	0	0	0	0	0	0	0	0	0	0	0	0	0	11	0	0	5	14	7	0	0	3
752.600	9	0	0	0	0	0	0	0	0	0	0	0	0	0	0	9	0	1	4	11	6	0	0	2
752.800	7	0	0	0	0	0	0	0	0	0	0	0	0	0	0	4	0	1	4	11	4	0	0	5
753.000	8	0	0	0	0	0	0	0	0	0	0	0	0	0	0	10	0	0	6	12	11	0	0	5
753.200	8	1	0	0	0	0	0	0	0	0	0	0	0	0	0	10	0	0	4	11	11	0	0	4
753.400	9	1	0	0	0	0	0	0	0	0	0	0	0	0	0	13	0	0	9	15	10	0	0	5
753.600	8	0	0	0	0	0	0	0	0	0	0	0	0	0	0	11	0	0	4	12	9	0	0	4
753.800	8	0	0	0	0	0	0	0	0	0	0	0	0	0	0	12	0	0	4	11	8	0	0	4
754.000	8	0	0	0	0	0	0	0	0	0	0	0	0	0	0	10	0	0	5	16	9	0	0	5
754.200	7	0	0	0	0	0	0	0	0	0	0	0	0	0	0	8	0	1	5	9	8	0	0	4
754.400	7	0	0	0	0	0	0	0	0	0	0	0	0	0	0	8	0	1	5	12	6	0	0	5
754.600	7	1	0	0	0	0	0	0	0	0	0	0	0	0	0	4	0	0	5	14	8	0	0	4
754.800	7	0	0	0	0	0	0	0	0	0	0	0	0	0	0	14	0	1	6	9	5	0	0	4
755.000	9	1	0	0	0	0	0	0	0	0	0	0	0	0	0	5	0	1	10	12	8	0	0	4
755.200	9	2	0	0	0	0	0	0	0	0	0	0	0	0	0	6	0	1	5	14	7	0	0	5
755.400	10	1	0	0	0	0	0	0	0	0	0	0	0	0	0	11	0	1	4	12	6	0	0	5
755.600	8	1	0	0	0	0	0	0	0	0	0	0	0	0	0	14	0	1	4	10	5	0	0	2
755.800	8	0	0	0	0	0	0	0	0	0	0	0	0	0	0	11	0	1	8	11	6	0	0	4
756.000	8	1	0	0	0	0	0	0	0	0	0	0	0	0	0	6	0	0	6	12	4	0	0	3
756.200	9	1	0	0	0	0	0	0	0	0	0	0	0	0	0	10	0	1	4	11	3	0	0	0
756.400	10	2	0	0	0	0	0	0	0	0	0	0	0	0	0	15	0	0	4	12	4	0	0	2
756.600	10	1	0	0	0	0	0	0	0	0	0	0	0	0	0	11	0	1	5	12	5	0	0	3
756.800	7	1	0	0	0	0	0	0	0	0	0	0	0	0	0	14	0	1	4	13	2	0	0	4
757.000	9	1	0	0	0	0	0	0	0	0	0	0	0	0	0	11	0	1	6	13	6	0	0	3
757.200	9	0	0	0	0	0	0	0	0	0	0	0	0	0	0	5	0	0	4	9	7	0	0	3
757.400	8	0	0	0	0	0	0	0	0	0	0	0	0	0	0	6	0	1	5	15	7	0	0	4
757.600	3	0	0	0	0	0	0	0	0	0	0	0	0	0	0	12	0	1	8	12	9	0	0	4
757.800	7	1	0	0	0	0	0	0	0	0	0	0	0	0	0	3	0	0	9	13	9	0	0	6
758.000	7	1	0	0	0	0	0	0	0	0	0	0	0	0	0	7	0	1	7	9	13	0	0	2
758.200	7	1	0	0	0	0	0	0	0	0	0	0	0	0	0	6	0	1	8	11	6	0	0	6
758.400	7	1	0	0	0	0	0	0	0	0	0	0	0	0	0	7	0	0	7	11	7	0	0	5
758.600	4	0	0	0	0	0	0	0	0	0	0	0	0	0	0	7	0	1	6	10	10	0	0	4
758.800	7	0	0	0	0	0	0	0	0	0	0	0	0	0	0	3	0	0	4	7	4	0	0	1
759.000	9	0	0	0	0	0	0	0	0	0	0	0	0	0	0	5	0	0	5	13	5	0	0	5
759.200	8	0	0	0	0	0	0	0	0	0	0	0	0	0	0	3	0	0	4	11	3	0	0	4
759.400	7	0	0	0	0	0	0	0	0	0	0	0	0	0	0	7	0	1	5	13	10	0	0	3
759.600	8	1	0	0	0	0	0	0	0	0	0	0	0	0	0	1	0	0	4	13	8	0	0	5
759.800	10	0	0	0	0	0	0	0	0	0	0	0	0	0	0	10	0	0	5	11	9	0	0	4
760.000	9	0	0	0	0	0	0	0	0	0	0	0	0	0	0	10	0	1	4	13	7	0	0	3
760.200	7	0	0	0	0	0	0	0	0	0	0	0	0	0	0	10	0	1	4	13	6	0	0	3
760.400	7	0	0	0	0	0	0	0	0	0	0	0	0	0	0	12	0	0	5	12	9	0	0	4
760.600	7	0	0	0	0	0	0	0	0	0	0	0	0	0	0	10	0	1	5	9	3	0	0	2
760.800	6	0	0	0	0	0	0	0	0	0	0	0	0	0	0	9	0	1	5	7	8	0	0	3
761.000	10	0	0	0	0	0	0	0	0	0	0	0	0	0	0	9	0	1	4	13	7	0	0	4
761.200	9	0	0	0	0	0	0	0	0	0	0	0	0	0	0	14	0	1	5	13	6	0	0	5
761.400	9	0	0	0	0	0	0	0	0	0	0	0	0	0	0	9	0	1	4	6	6	0	0	5
761.600	8	0	0	0	0	0	0	0	0	0	0	0	0	0	0	11	0	1	6	14	9	0	0	2
761.800	11	0	0	0	0	0	0	0	0	0	0	0	0	0	0	7	0	1	4	12	5	0	0	4
762.000	8	1	0	0	0	0	0	0	0	0	0	0	0	0	0	9	0	0	7	13	6	0	0	5
762.200	12	0	0	0	0	0	0	0	0	0	0	0	0	0	0	11	0	2	5	13	9	0	0	3
762.400	9	0	0	0	0	0	0	0	0	0	0	0	0	0	0	8	0	1	4	9	7	0	0	3
762.600	9	1	0	0	0	0	0	0	0	0	0	0	0	0	0	11	0	1	5	12	7	0	0	5
762.800	11	1	0	0	0	0	0	0	0	0	0	0	0	0	0	10	0	1	7	12	6	0	0	5
763.000	8	0	0	0	0	0	0	0	0	0	0	0	0	0	0	7	0	1	4	14	5	0	0	4
763.200	7	0	0	0	0	0	0	0	0	0	0	0	0	0	0	10	0	1	5	12	5	0	0	5
763.400	8	1	0	0	0	0	0	0	0	0	0	0	0	0	0	9	0	2	7	12	9	0	0	6
763.600	9	0	0	0	0	0	0	0	0	0	0	0	0	0	0	7	0	1	6	13	9	0	0	5
763.800	8	1	0	0	0	0	0	0	0	0	0	0	0	0	0	8	0	1	4	12	6	0	0	3
764.000	10	1	0	0	0	0	0	0	0	0	0	0	0	0	0	9	0	1	5	13	4	0	0	4
764.200	7	0	0	0	0	0	0	0	0	0	0	0	0	0	0	6	0	1	5	14	9	0	0	4
764.400	9	0	0	0	0	0	0	0	0	0	0	0	0	0	0	10	0	1	6	14	9	0	0	3
764.600	10	0	0	0	0	0	0	0	0	0	0	0	0	0	0	10	0	1	6	15	8	0	0	3
764.800	10	0	0	0	0	0	0	0	0	0	0	0	0	0	0	7	0	1	4	10	4	0	0	5
765.000	8	1	0	0	0	0	0	0	0	0	0	0	0	0	0	9	0	0	5	7	10	0	0	2
765.200	6	0	0	0	0	0	0	0	0	0	0	0	0	0	0	6	0	1	4	6	10	0	0	4
765.400	7	0	0	0	0	0	0	0	0	0	0	0	0	0	0	7	0	2	7	10	11	0	0	4
765.600	6	0	0	0	0	0	0	0	0	0	0	0	0	0	0	9	0	1	7	11	7	0	0	5
765.800	8	0	0	0	0	0	0	0	0	0	0	0	0	0	0	8	0	1	7	13	6	0	0	3
766.000	8	0	0	0	0	0	0	0	0	0	0	0	0	0	0	11	0	1	5	12	8	0	0	3
766.200	6	1	0	0	0	0	0	0	0	0	0	0	0	0	0	10	0	0	4	9	8	0	0	4
766.400	7	0	0	0	0	0	0	0	0	0	0	0	0	0	0	14	0	1	5	10	9	0	0	5
766.600	8	0	0	0	0	0	0	0	0	0	0	0	0	0	0	8	0	1	7	6	12	0	0	4
766.800	8	0	0	0	0	0	0	0	0	0	0	0	0	0	0	5	0	1	5	6	7	0	0	1
767.000	7	0	0	0	0	0	0	0	0	0	0	0	0	0	0	5	0	2	5	13	7	0	0	2
767.200	9	1	0	0	0	0	0	0	0	0	0	0	0	0	0	10	0	2	5	9	5	0	0	2
767.400	7	0	0	0	0	0	0	0	0	0	0	0	0	0	0	10	0	1	7	12	4	0	0	3
767.600	7	0	0	0	0	0	0	0	0	0	0	0	0	0	0	10	0	1	6	12	7	0	0	8
767.800	7	0	0	0	0	0	0	0	0	0	0	0	0	0	0	12	0	1	6	13	5	0	0	1
768.000	9	2	0	0	0	0	0	0	0	0	0	0	0	0	0	6	0	1	5	10	6	0	0	5
768.200	8	1	0	0	0	0	0	0	0	0	0	0	0	0	0	9	0	1	4	14	9	0	0	4
768.400	6	1	0	0	0	0	0	0	0	0	0	0	0	0	0	10	0	1	4	8	3	0	0	3
768.600	7	0	0	0	0	0	0	0	0	0	0	0	0	0	0	12	0	1	5	12	7	0	0	2
768.800	9	0	0	0	0	0	0	0	0	0	0	0	0	0	0	16	0	1	5	11	4	0	0	4
769.000	9	0	0	0	0	0	0	0	0	0	0	0	0	0	0	9	0	0	6	13	5	0	0	5
769.200	8	0	0	0	0	0	0	0	0	0	0	0	0	0	0	12	0	1	4	13	6	0	0	3
769.400	8	0	0	0	0	0	0	0	0	0	0	0	0	0	0	8	0	0	4	13	8	0	0	3
769.600	8	0	0	0	0	0	0	0	0	0	0	0	0	0	0	15	0	1	5	11	3	0	0	5
769.800	8	0	0	0	0	0	0	0	0	0	0	0	0	0	0	8	0	1	5	10	5	0	0	4
770.000	8	0	0	0	0	0	0	0	0	0	0	0	0	0	0	7	0	0	4	11	5	0	0	1
770.200	7	0	0	0	0	0	0	0	0	0	0	0	0	0	0	8	0	1	5	13	7	0	0	5
770.400	7	2	0	0	0	0	0	0	0	0	0	0	0	0	0	7	0	1	4	11	4	0	0	2
770.600	8	0	0	0	0	0	0	0	0	0	0	0	0	0	0	11	0	1	4	11	5	0	0	1
770.800	6	0	0	0	0	0	0	0	0	0	0	0	0	0	0	8	0	1	5	15	4	0	0	3
771.000	7	0	0	0	0	0	0	0	0	0	0	0	0	0	0	6	0	0	4	13	6	0	0	5
771.200	8	0	0	0	0	0	0	0	0	0	0	0	0	0	0	12	0	2	6	11	5	0	0	3
771.400	7	0	0	0	0	0	0	0	0	0	0	0	0	0	0	11	0	1	6	10	3	0	0	3
771.600	10	1	0	0	0	0	0	0	0	0	0	0	0	0	0	12	0	1	4	11	5	0	0	3
771.800	8	1	0	0	0	0	0	0	0	0	0	0	0	0	0	9	0	1	6	14	6	0	0	4
772.000	9	1	0	0	0	0	0	0	0	0	0	0	0	0	0	10	0	2	5	9	4	0	0	5
772.200	6	0	0	0	0	0	0	0	0	0	0	0	0	0	0	11	0	1	5	12	4	0	0	4
772.400	9	0	0	0	0	0	0	0	0	0	0	0	0	0	0	10	0	2	8	9	4	0	0	5
772.600	10	0	0	0	0	0	0	0	0	0	0	0	0	0	0	8	0	1	5	12	4	0	0	4
772.800	8	0	0	0	0	0	0	0	0	0	0	0	0	0	0	9	0	1	5	10	7	0	0	4
773.000	9	0	0	0	0	0	0	0	0	0	0	0	0	0	0	7	0	1	4	10	5	0	0	2
773.200	9	0	0	0	0	0	0	0	0	0	0	0	0	0	0	8	0	1	7	10	5	0	0	5
773.400	7	0	0	0	0	0	0	0	0	0	0	0	0	0	0	10	0	1	4	11	6	0	0	2
773.600	9	0	0	0	0	0	0	0	0	0	0	0	0	0	0	8	0	1	6	9	5	0	0	3
773.800	10	0	0	0	0	0	0	0	0	0	0	0	0	0	0	13	0	1	5	10	5	0	0	3
774.000	9	0	0	0	0	0	0	0	0	0	0	0	0	0	0	10	0	1	4	7	5	0	0	2
774.200	9	1	0	0	0	0	0	0	0	0	0	0	0	0	0	13	0	1	6	10	5	0	0	5
774.400	6	0	0	0	0	0	0	0	0	0	0	0	0	0	0	8	0	1	7	8	5	0	0	1
774.600	8	0	0	0	0	0	0	0	0	0	0	0	0	0	0	9	0	1	5	11	5	0	0	1
774.800	8	1	0	0	0	0	0	0	0	0	0	0	0	0	0	7	0	0	6	8	2	0	0	2
775.000	9	0	0	0	0	0	0	0	0	0	0	0	0	0	0	12	0	1	6	10	4	0	0	1
775.200	10	1	0	0	0	0	0	0	0	0	0	0	0	0	0	11	0	1	5	10	2	0	0	1
775.400	9	0	0	0	0	0	0	0	0	0	0	0	0	0	0	10	0	0	5	8	2	0	0	3
775.600	6	0	0	0	0	0	0	0	0	0	0	0	0	0	0	10	0	0	6	7	4	0	0	2
775.800	6	0	0	0	0	0	0	0	0	0	0	0	0	0	0	9	0	0	5	8	2	0	0	2
776.000	8	0	0	0	0	0	0	0	0	0	0	0	0	0	0	10	0	0	5	9	1	0	0	1
776.200	7	0	0	0	0	0	0	0	0	0	0	0	0	0	0	6	0	0	5	9	3	0	0	1
776.400	8	0	0	0	0	0	0	0	0	0	0	0	0	0	0	5	0	0	3	15	5	0	0	0
776.600	9	0	0	0	0	0	0	0	0	0	0	0	0	0	0	6	0	1	6	13	7	0	0	0
776.800	6	0	0	0	0	0	0	0	0	0	0	0	0	0	0	11	0	0	6	9	1	0	0	3
777.000	6	0	0	0	0	0	0	0	0	0	0	0	0	0	0	9	0	0	4	10	10	0	0	0
777.200	10	0	0	0	0	0	0	0	0	0	0	0	0	0	0	10	0	0	6	10	5	0	0	1
777.400	4	0	0	0	0	0	0	0	0	0	0	0	0	0	0	8	0	0	6	7	7	0	0	2
777.600	4	0	0	0	0	0	0	0	0	0	0	0	0	0	0	13	0	0	4	10	8	0	0	1
777.800	7	0	0	0	0	0	0	0	0	0	0	0	0	0	0	9	0	0	6	11	11	0	0	1
778.000	8	0	0	0	0	0	0	0	0	0	0	0	0	0	0	10	0	1	5	9	2	0	0	2
778.200	8	0	0	0	0	0	0	0	0	0	0	0	0	0	0	9	0	0	4	10	8	0	0	1
778.400	7	0	0	0	0	0	0	0	0	0	0	0	0	0	0	11	0	0	4	9	10	0	0	3
778.600	5	0	0	0	0	0	0	0	0	0	0	0	0	0	0	12	0	0	5	10	7	0	0	3
778.800	8	0	0	0	0	0	0	0	0	0	0	0	0	0	0	13	0	0	4	9	6	0	0	2
779.000	7	0	0	0	0	0	0	0	0	0	0	0	0	0	0	13	0	0	6	8	3	0	0	5
779.200	8	1	0	0	0	0	0	0	0	0	0	0	0	0	0	13	0	0	4	11	5	0	0	3
779.400	7	0	0	0	0	0	0	0	0	0	0	0	0	0	0	9	0	0	4	12	10	0	0	4
779.600	7	0	0	0	0	0	0	0	0	0	0	0	0	0	0	9	0	0	5	11	10	0	0	3
779.800	8	0	0	0	0	0	0	0	0	0	0	0	0	0	0	8	0	0	4	8	2	0	0	4
780.000	7	0	0	0	0	0	0	0	0	0	0	0	0	0	0	9	0	0	4	8	5	0	0	3
780.200	9	0	0	0	0	0	0	0	0	0	0	0	0	0	0	11	0	0	5	11	8	0	0	3
780.400	8	0	0	0	0	0	0	0	0	0	0	0	0	0	0	11	0	0	4	6	3	0	0	4
780.600	10	0	0	0	0	0	0	0	0	0	0	0	0	0	0	11	0	0	4	11	7	0	0	3
780.800	10	1	0	0	0	0	0	0	0	0	0	0	0	0	0	9	0	0	6	8	1	0	0	6
781.000	8	0	0	0	0	0	0	0	0	0	0	0	0	0	0	9	0	0	3	8	11	0	0	1
781.200	7	0	0	0	0	0	0	0	0	0	0	0	0	0	0	11	0	0	4	9	10	0	0	0
781.400	8	0	0	0	0	0	0	0	0	0	0	0	0	0	0	12	0	0	5	8	10	0	0	0
781.600	8	0	0	0	0	0	0	0	0	0	0	0	0	0	0	9	0	0	3	12	12	0	0	3
781.800	4	0	0	0	0	0	0	0	0	0	0	0	0	0	0	10	0	0	3	11	9	0	0	0
782.000	6	0	0	0	0	0	0	0	0	0	0	0	0	0	0	9	0	0	4	10	10	0	0	1
782.200	7	0	0	0	0	0	0	0	0	0	0	0	0	0	0	13	0	0	4	13	11	0	0	3
782.400	8	0	0	0	0	0	0	0	0	0	0	0	0	0	0	11	0	0	6	12	6	0	0	0
782.600	8	0	0	0	0	0	0	0	0	0	0	0	0	0	0	10	0	0	6	10	3	0	0	2
782.800	6	0	0	0	0	0	0	0	0	0	0	0	0	0	0	11	0	0	6	8	5	0	0	2
783.000	7	0	0	0	0	0	0	0	0	0	0	0	0	0	0	13	0	0	6	12	7	0	0	4
783.200	9	0	0	0	0	0	0	0	0	0	0	0	0	0	0	10	0	0	6	8	8	0	0	3
783.400	6	0	0	0	0	0	0	0	0	0	0	0	0	0	0	9	0	0	4	4	11	0	0	3
783.600	9	1	0	0	0	0	0	0	0	0	0	0	0	0	0	8	0	0	5	9	8	0	0	1
783.800	8	0	0	0	0	0	0	0	0	0	0	0	0	0	0	2	0	0	4	11	11	0	0	4
784.000	7	0	0	0	0	0	0	0	0	0	0	0	0	0	0	8	0	0	6	10	9	0	0	1
784.200	11	0	0	0	0	0	0	0	0	0	0	0	0	0	0	11	0	0	4	10	6	0	0	5
784.400	10	1	0	0	0	0	0	0	0	0	0	0	0	0	0	12	0	0	6	10	5	0	0	2
784.600	9	1	0	0	0	0	0	0	0	0	0	0	0	0	0	6	0	0	5	7	11	0	0	5
784.800	6	0	0	0	0	0	0	0	0	0	0	0	0	0	0	7	0	0	4	7	7	0	0	1
785.000	8	0	0	0	0	0	0	0	0	0	0	0	0	0	0	7	0	0	6	6	3	0	0	3
785.200	9	1	0	0	0	0	0	0	0	0	0	0	0	0	0	9	0	0	6	9	7	0	0	5
785.400	7	1	0	0	0	0	0	0	0	0	0	0	0	0	0	6	0	0	5	11	5	0	0	4
785.600	10	1	0	0	0	0	0	0	0	0	0	0	0	0	0	11	0	0	4	12	7	0	0	4
785.800	9	0	0	0	0	0	0	0	0	0	0	0	0	0	0	11	0	0	4	11	8	0	0	0
786.000	8	1	0	0	0	0	0	0	0	0	0	0	0	0	0	10	0	0	6	10	11	0	0	0
786.200	10	0	0	0	0	0	0	0	0	0	0	0	0	0	0	9	0	0	6	13	8	0	0	1
786.400	8	1	0	0	0	1	0	0	0	0	0	0	0	0	0	10	0	0	6	10	9	0	0	0
786.600	7	1	0	0	0	0	0	0	0	0	3	0	0	0	0	8	0	0	6	10	9	0	0	0
786.800	8	1	0	0	0	0	0	0	0	0	0	0	0	0	0	12	0	0	6	10	6	0	0	1
787.000	10	0	0	0	0	0	0	0	0	0	0	0	0	0	0	9	0	0	5	9	7	0	0	4
787.200	9	1	0	0	0	0	0	0	0	0	0	0	0	0	0	8	0	0	5	10	6	0	0	1
787.400	9	1	0	0	0	0	0	0	0	0	0	0	0	0	0	11	0	0	5	8	9	0	0	2
787.600	10	1	0	0	0	0	0	0	0	0	0	0	0	0	0	8	0	0	5	10	6	0	0	0
787.800	8	1	0	0	0	0	0	0	0	0	2	0	0	0	0	11	0	0	4	10	10	0	0	0
788.000	9	0	0	0	0	0	0	0	0	0	3	0	0	0	0	9	0	0	6	13	10	0	0	1
788.200	8	0	0	0	0	0	0	0	0	0	0	0	0	0	0	11	0	0	4	10	9	0	0	1
788.400	8	0	0	0	0	0	0	0	0	0	0	0	0	0	0	9	0	0	5	6	6	0	0	1
788.600	9	0	0	0	0	0	0	0	0	0	0	0	0	0	0	11	0	0	6	6	5	0	0	2
788.800	9	1	0	0	0	0	0	0	0	0	2	0	0	0	0	8	0	0	4	10	9	0	0	1
789.000	9	1	0	0	0	0	0	0	0	0	0	0	0	0	0	6	0	0	4	12	9	0	0	0
789.200	7	1	0	0	0	0	0	0	0	0	2	0	0	0	0	9	0	0	4	9	8	0	0	0
789.400	7	1	0	0	0	0	0	0	0	0	0	0	0	0	0	7	0	0	6	7	7	0	0	0
789.600	11	2	0	0	0	0	0	0	0	0	2	0	0	0	0	9	0	0	4	10	11	0	0	0
789.800	11	1	0	0	0	0	0	0	0	0	2	0	0	0	0	10	0	0	5	9	12	0	0	0
790.000	11	1	0	0	0	0	0	0	0	0	0	0	0	0	0	11	0	0	6	10	10	0	0	0
790.200	9	0	0	0	0	0	0	0	0	0	0	0	0	0	0	11	0	0	4	11	7	0	0	0
790.400	10	2	0	0	0	0	0	0	0	0	0	0	0	0	0	11	0	0	4	9	3	0	0	0
790.600	9	1	0	0	0	0	0	0	0	0	0	0	0	0	0	9	0	0	2	12	11	0	0	0
790.800	12	1	0	0	0	0	0	0	0	0	0	0	0	0	0	3	0	0	0	14	8	0	0	0
791.000	11	1	0	0	0	0	0	0	0	0	0	0	0	0	0	4	0	0	3	10	10	0	0	0
791.200	9	5	1	0	0	0	0	0	0	0	0	0	0	0	0	7	0	0	1	10	8	0	0	0
791.400	9	2	0	0	0	0	0	0	0	0	0	0	0	0	0	4	0	0	2	14	12	0	0	0
791.600	10	2	0	0	0	0	0	0	0	0	0	0	0	0	0	4	0	0	4	10	8	0	0	0
791.800	11	2	0	0	0	0	0	0	0	0	0	0	0	0	0	5	0	0	4	10	8	0	0	0
792.000	11	2	0	0	0	0	0	0	0	0	0	0	0	0	0	7	0	0	3	10	3	0	0	0
792.200	8	1	0	0	0	0	0	0	0	0	0	0	0	0	0	6	0	0	4	10	11	0	0	0
792.400	8	0	0	0	0	0	0	0	0	0	0	0	0	0	0	9	0	0	4	10	8	0	0	0
792.600	10	1	0	0	0	0	0	0	0	0	0	0	0	0	0	6	0	0	4	11	11	0	0	0
792.800	8	1	0	0	0	0	0	0	0	0	0	0	0	0	0	9	0	0	4	10	7	0	0	0
793.000	9	0	0	0	0	0	0	0	0	0	0	0	0	0	0	4	0	0	3	12	5	0	0	0
793.200	8	0	0	0	0	0	0	0	0	0	0	0	0	0	0	9	0	0	3	11	7	0	0	0
793.400	9	2	0	0	0	0	0	0	0	0	0	0	0	0	0	12	0	0	3	12	3	0	0	0
793.600	9	2	0	0	0	0	0	0	0	0	0	0	0	0	0	9	0	0	3	11	6	0	0	0
793.800	10	2	0	0	0	0	0	0	0	0	0	0	0	0	0	13	0	0	2	12	5	0	0	0
794.000	9	2	0	0	0	0	0	0	0	0	0	0	0	0	0	12	0	0	4	10	10	0	0	0
794.200	11	2	0	0	0	0	0	0	0	0	0	0	0	0	0	11	0	0	4	11	11	0	0	0
794.400	10	2	0	0	0	0	0	0	0	0	0	0	0	0	0	7	0	0	6	8	8	0	0	0
794.600	8	2	0	0	0	0	0	0	0	0	0	0	0	0	0	8	0	0	4	8	7	0	0	0
794.800	7	1	0	0	0	0	0	0	0	0	0	0	0	0	0	13	0	0	4	10	6	0	0	0
795.000	8	1	0	0	0	0	0	0	0	0	1	0	0	0	0	9	0	0	4	13	10	0	0	1
795.200	9	1	0	0	0	0	0	0	0	0	0	0	0	0	0	8	0	0	5	13	7	0	0	0
795.400	8	1	0	0	0	0	0	0	0	0	0	0	0	0	0	12	0	0	6	10	8	0	0	1
795.600	7	0	0	0	0	0	0	0	0	0	0	0	0	0	0	10	0	0	4	11	11	0	0	1
795.800	9	1	0	0	0	0	0	0	0	0	0	0	0	0	0	13	0	0	4	10	7	0	0	2
796.000	7	1	0	0	0	0	0	0	0	0	0	0	0	0	0	6	0	0	4	9	3	0	0	5
796.200	7	1	0	0	0	0	0	0	0	0	1	0	0	0	0	1	0	0	6	9	4	0	0	2
796.400	8	2	0	0	0	0	0	0	0	0	0	0	0	0	0	13	0	0	2	11	7	0	0	0
796.600	9	1	0	0	0	0	0	0	0	0	1	0	0	0	0	1	0	0	1	10	5	0	0	0
796.800	7	1	0	0	0	0	0	0	0	0	1	0	0	0	0	8	0	0	4	10	10	0	0	1
797.000	12	1	0	0	0	0	0	0	0	0	0	0	0	0	0	9	0	0	3	8	7	0	0	0
797.200	11	1	0	0	0	0	0	0	0	0	1	0	0	0	0	12	0	0	6	11	9	0	0	0
797.400	9	1	0	0	0	0	0	0	0	0	0	0	0	0	0	11	0	1	4	12	6	0	0	0
797.600	8	1	0	0	0	0	0	0	0	0	0	0	0	0	0	11	0	0	4	10	6	0	0	0
797.800	9	1	0	0	0	0	0	0	0	0	0	0	0	0	0	11	0	0	4	6	4	0	0	0
798.000	9	1	0	0	0	0	0	0	0	0	0	0	0	0	0	11	0	0	4	8	9	0	0	0
798.200	6	0	0	0	0	0	0	0	0	0	0	0	0	0	0	12	0	0	2	10	9	0	0	0
798.400	9	0	0	0	0	0	0	0	0	0	0	0	0	0	0	7	0	0	5	9	9	0	0	1
798.600	7	0	0	0	0	0	0	0	0	0	0	0	0	0	0	2	0	0	6	11	5	0	0	3
798.800	8	1	0	0	0	0	0	0	0	0	0	0	0	0	0	11	0	0	4	10	10	0	0	2
799.000	9	1	0	0	0	0	0	0	0	0	1	0	0	0	0	9	0	0	5	11	6	0	0	1
799.200	7	0	0	0	0	0	0	0	0	0	0	0	0	0	0	8	0	0	6	10	10	0	0	2
799.400	9	0	0	0	0	0	0	0	0	0	0	0	0	0	0	10	0	0	4	12	10	0	0	2
799.600	9	1	0	0	0	0	0	0	0	0	0	0	0	0	0	8	0	0	4	9	11	0	0	2
799.800	9	0	0	0	0	0	0	0	0	0	0	0	0	0	0	8	0	0	4	8	9	0	0	2
800.000	7	0	0	0	0	0	0	0	0	0	1	0	0	0	0	8	0	0	5	8	9	0	0	2
800.200	9	1	0	0	0	0	0	0	0	0	1	0	0	0	0	11	0	0	5	9	8	0	0	5
800.400	8	0	0	0	0	0	0	0	0	0	1	0	0	0	0	10	0	0	6	7	8	0	0	3
800.600	8	1	0	0	0	0	0	0	0	0	0	0	0	0	0	5	0	0	6	11	7	0	0	3
800.800	8	0	0	0	0	0	0	0	0	0	0	0	0	0	0	9	0	0	6	9	12	0	0	1
801.000	9	1	0	0	0	0	0	0	0	0	0	0	0	0	0	6	0	0	6	11	11	0	0	3
801.200	8	0	0	0	0	0	0	0	0	0	0	0	0	0	0	12	0	0	6	9	9	0	0	1
801.400	8	0	0	0	0	0	0	0	0	0	0	0	0	0	0	8	0	0	4	8	10	0	0	0
801.600	7	0	0	0	0	0	0	0	0	0	0	0	0	0	0	3	0	0	6	7	10	0	0	0
801.800	8	0	0	0	0	0	0	0	0	0	0	0	0	0	0	13	0	0	4	8	11	0	0	1
802.000	6	0	0	0	0	0	0	0	0	0	0	0	0	0	0	10	0	0	5	7	6	0	0	0
802.200	7	0	0	0	0	0	0	0	0	0	0	0	0	0	0	8	0	0	5	7	11	0	0	0
802.400	6	0	0	0	0	0	0	0	0	0	0	0	0	0	0	9	0	0	4	12	9	0	0	0
802.600	6	0	0	0	0	0	0	0	0	0	0	0	0	0	0	5	0	0	6	7	9	0	0	3
802.800	7	0	0	0	0	0	0	0	0	0	0	0	0	0	0	9	0	0	6	7	11	0	0	1
803.000	7	0	0	0	0	0	0	0	0	0	0	0	0	0	0	12	0	0	4	10	10	0	0	2
803.200	7	0	0	0	0	0	0	0	0	0	0	0	0	0	0	10	0	0	6	8	11	0	0	0
803.400	10	0	0	0	0	0	0	0	0	0	0	0	0	0	0	8	0	0	3	10	7	0	0	1
803.600	7	0	0	0	0	0	0	0	0	0	0	0	0	0	0	7	0	0	4	10	10	0	0	2
803.800	8	1	0	0	0	0	0	0	0	0	0	0	0	0	0	6	0	0	2	8	11	0	0	1
804.000	10	1	0	0	0	0	0	0	0	0	0	0	0	0	0	9	0	0	4	4	9	0	0	1
804.200	8	1	0	0	0	0	0	0	0	0	0	0	0	0	0	9	0	1	5	9	6	0	0	0
804.400	9	0	0	0	0	0	0	0	0	0	0	0	0	0	0	13	0	0	6	13	4	0	0	0
804.600	10	0	0	0	0	0	0	0	0	0	0	0	0	0	0	8	0	0	6	8	6	0	0	0
804.800	9	1	0	0	0	0	0	0	0	0	0	0	0	0	0	6	0	0	6	9	4	0	0	0
805.000	7	0	0	0	0	0	0	0	0	0	0	0	0	0	0	12	0	0	6	11	4	0	0	0
805.200	7	1	0	0	0	0	0	0	0	0	0	0	0	0	0	10	0	0	6	10	5	0	0	0
805.400	6	0	0	0	0	0	0	0	0	0	0	0	0	0	0	9	0	0	6	7	4	0	0	0
805.600	7	1	0	0	3	0	0	0	0	0	0	0	0	0	0	10	0	0	6	3	4	0	0	0
805.800	6	1	0	0	0	0	0	0	0	0	0	0	0	0	0	6	0	0	6	5	3	0	0	0
806.000	8	1	0	0	0	0	0	0	0	0	0	0	0	0	0	7	0	0	6	4	2	0	0	0
806.200	6	1	0	0	0	0	0	0	0	0	0	0	0	0	0	10	0	2	6	4	4	0	0	0
806.400	6	1	0	0	0	0	0	0	0	0	0	0	0	0	0	10	0	0	6	4	4	0	0	0
806.600	6	1	0	0	0	0	0	0	0	0	0	0	0	0	0	11	0	0	6	2	2	0	0	0
806.800	7	1	0	0	0	0	0	0	0	0	0	0	0	0	0	9	0	1	6	4	6	0	0	0
807.000	7	1	0	0	0	0	0	0	0	0	0	0	0	0	0	12	0	1	6	5	2	0	0	0
807.200	8	1	0	0	0	0	0	0	0	0	0	0	0	0	0	10	0	1	6	4	3	0	0	0
807.400	7	0	0	0	0	0	0	0	0	0	0	0	0	0	0	5	0	1	10	2	4	0	0	0
807.600	7	0	0	0	0	0	0	0	0	0	0	0	0	0	0	10	0	1	5	3	4	0	0	0
807.800	8	0	0	0	0	0	0	0	0	0	0	0	0	0	0	9	0	1	5	9	8	0	0	0
808.000	6	0	0	0	0	0	0	0	0	0	0	0	0	0	0	14	0	0	5	1	5	0	0	3
808.200	6	0	0	0	0	0	0	0	0	0	0	0	0	0	0	7	0	0	4	7	10	0	0	1
808.400	7	1	0	0	0	0	0	0	0	0	0	0	0	0	0	13	0	0	6	5	5	0	0	2
808.600	8	1	0	0	0	0	0	0	0	0	0	0	0	0	0	14	0	0	6	8	10	0	0	3
808.800	12	1	0	0	0	0	0	0	0	0	0	0	0	0	0	7	0	0	6	6	11	0	0	4
809.000	3	0	0	0	0	0	0	0	0	0	0	0	0	0	0	11	0	1	6	6	4	0	0	1
809.200	10	1	0	0	5	0	0	0	0	0	0	0	0	0	0	11	0	0	6	6	9	0	0	2
809.400	10	1	0	0	1	0	0	0	0	0	0	0	0	0	0	13	0	0	6	5	11	0	0	0
809.600	10	3	0	0	4	0	0	0	0	0	0	0	0	0	0	11	0	0	6	5	12	0	0	0
809.800	7	1	0	0	1	0	0	0	0	0	0	0	0	0	0	11	0	0	4	6	12	0	0	1
810.000	8	1	0	0	4	0	0	0	0	0	0	0	0	0	0	10	0	0	5	5	10	0	0	1
810.200	11	1	0	0	5	0	0	0	0	0	0	0	0	0	0	11	0	0	6	3	7	0	0	1
810.400	7	0	0	0	3	0	0	0	0	0	0	0	0	0	0	13	0	1	4	5	5	0	0	1
810.600	11	0	0	0	5	0	0	0	0	0	0	0	0	0	0	10	0	0	5	3	12	0	0	1
810.800	9	0	0	0	0	0	0	0	0	0	0	0	0	0	0	7	0	0	3	10	7	0	0	0
811.000	6	0	0	0	0	0	0	0	0	0	0	0	0	0	0	3	0	0	2	10	4	0	0	1
811.200	4	0	0	0	0	0	0	0	0	0	0	0	0	0	0	5	0	0	4	8	8	0	0	0
811.400	6	0	0	0	0	0	0	0	0	0	0	0	0	0	0	4	0	0	4	9	9	0	0	0
811.600	5	0	0	0	2	0	0	0	0	0	0	0	0	0	0	5	0	0	2	9	9	0	0	0
811.800	7	0	0	0	3	0	0	0	0	0	0	0	0	0	0	2	0	0	1	11	7	0	0	0
812.000	9	0	0	0	4	0	0	0	0	0	0	0	0	0	0	9	0	0	3	14	10	0	0	1
812.200	4	0	0	0	5	0	0	0	0	0	0	0	0	0	0	7	0	0	3	9	7	0	0	0
812.400	4	0	0	0	4	0	0	0	0	0	0	0	0	0	0	12	0	0	1	11	6	0	0	0
812.600	3	0	0	0	6	0	0	0	0	0	0	0	0	0	0	2	0	0	3	11	5	0	0	0
812.800	5	0	0	0	6	0	0	0	0	0	0	0	0	0	0	6	0	0	3	11	6	0	0	1
813.000	7	0	0	0	6	0	0	0	0	0	0	0	0	0	0	3	0	0	2	12	10	0	0	0
813.200	9	0	0	0	6	0	0	0	0	0	0	0	0	0	0	4	0	0	1	14	8	0	0	1
813.400	6	0	0	0	2	0	0	0	0	0	0	0	0	0	0	11	0	0	2	9	9	0	0	0
813.600	4	0	0	0	6	0	0	0	0	0	0	0	0	0	0	8	0	0	3	8	10	0	0	0
813.800	3	0	0	0	5	0	0	0	0	0	0	0	0	0	0	12	0	0	4	5	10	0	0	0
814.000	4	0	0	0	2	0	0	0	0	0	0	0	0	0	0	7	0	0	4	7	9	0	0	0
814.200	7	0	0	0	1	0	0	0	0	0	0	0	0	0	0	3	0	0	3	10	11	0	0	0
814.400	8	0	0	0	3	0	0	0	0	0	0	0	0	0	0	1	0	0	3	7	9	0	0	1
814.600	8	0	0	0	4	0	0	0	0	0	0	0	0	0	0	4	0	0	3	8	6	0	0	0
814.800	7	0	0	0	3	0	0	0	0	0	0	0	0	0	0	11	0	0	3	5	6	0	0	0
815.000	7	0	0	0	2	0	0	0	0	0	0	0	0	0	0	7	0	0	3	9	10	0	0	0
815.200	8	0	0	0	6	0	0	0	0	0	0	0	0	0	0	4	0	0	4	5	10	0	0	0
815.400	7	0	0	0	4	0	0	0	0	0	0	0	0	0	0	4	0	0	3	6	10	0	0	0
815.600	10	0	0	0	5	0	0	0	0	0	0	0	0	0	0	1	0	0	4	7	11	0	0	1
815.800	9	0	0	0	6	0	0	0	0	0	0	0	0	0	0	6	0	0	4	5	8	0	0	2
816.000	9	0	0	0	5	0	0	0	0	0	0	0	0	0	0	10	0	0	4	9	8	0	0	0
816.200	8	0	0	0	5	0	0	0	0	0	0	0	0	0	0	7	0	0	3	4	7	0	0	0
816.400	9	0	0	0	2	0	0	0	0	0	0	0	0	0	0	3	0	0	4	7	11	0	0	1
816.600	6	0	0	0	2	0	0	0	0	0	0	0	0	0	0	8	0	0	4	6	10	0	0	0
816.800	9	1	0	0	1	0	0	0	0	0	0	0	0	0	0	8	0	0	4	6	8	0	0	0
817.000	10	0	0	0	3	0	0	0	0	0	0	0	0	0	0	10	0	0	4	7	6	0	0	0
817.200	8	0	0	0	1	0	0	0	0	0	0	0	0	0	0	7	0	0	4	6	6	0	0	0
817.400	8	1	0	0	4	0	0	0	0	0	0	0	0	0	0	9	0	0	4	6	11	0	0	1
817.600	8	1	0	0	3	0	0	0	0	0	0	0	0	0	0	6	0	0	3	6	9	0	0	0
817.800	7	0	0	0	1	0	0	0	0	0	0	0	0	0	0	11	0	1	5	5	9	0	0	0
818.000	9	0	0	0	0	0	0	0	0	0	0	0	0	0	0	13	0	0	4	4	4	0	0	1
818.200	8	0	0	0	1	0	0	0	0	0	0	0	0	0	0	8	0	0	4	4	8	0	0	2
818.400	8	0	0	0	0	0	0	0	0	0	0	0	0	0	0	5	0	0	4	7	11	0	0	1
818.600	8	0	0	0	1	0	0	0	0	0	0	0	0	0	0	7	0	0	5	5	7	0	0	0
818.800	8	0	0	0	0	0	0	0	0	0	0	0	0	0	0	10	0	0	5	5	7	0	0	0
819.000	8	0	0	0	5	0	0	0	0	0	0	0	0	0	0	11	0	0	6	3	3	0	0	2
819.200	8	0	0	0	4	0	0	0	0	0	0	0	0	0	0	12	0	0	6	3	9	0	0	1
819.400	8	0	0	0	3	0	0	0	0	0	0	0	0	0	0	7	0	0	5	5	8	0	0	0
819.600	7	0	0	0	2	0	0	0	0	0	0	0	0	0	0	13	0	0	6	3	3	0	0	2
819.800	7	0	0	0	3	0	0	0	0	0	0	0	0	0	0	10	0	0	5	5	8	0	0	0
820.000	6	0	0	0	4	0	0	0	0	0	0	0	0	0	0	9	0	0	5	4	12	0	0	2
820.200	5	0	0	0	3	0	0	0	0	0	0	0	0	0	0	4	0	0	4	6	6	0	0	1
820.400	5	0	0	0	5	0	0	0	0	0	0	0	0	0	0	8	0	0	5	4	6	0	0	0
820.600	5	0	0	0	4	0	0	0	0	0	0	0	0	0	0	12	0	0	6	5	10	0	0	2
820.800	4	0	0	0	2	0	0	0	0	0	0	0	0	0	0	7	0	0	6	3	3	0	0	0
821.000	4	0	0	0	0	0	0	0	0	0	0	0	0	0	0	10	0	0	6	5	4	0	0	1
821.200	5	0	0	0	0	0	0	0	0	0	0	0	0	0	0	10	0	0	5	5	9	0	0	3
821.400	5	0	0	0	0	0	0	0	0	0	0	0	0	0	0	8	0	0	5	5	8	0	0	0
821.600	3	0	0	0	0	0	0	0	0	0	0	0	0	0	0	11	0	0	5	7	10	0	0	2
821.800	5	0	0	0	0	0	0	0	0	0	0	0	0	0	0	9	0	0	6	6	6	0	0	1
822.000	5	0	0	0	0	0	0	0	0	0	0	0	0	0	0	8	0	0	6	7	10	0	0	1
822.200	4	0	0	0	0	0	0	0	0	0	0	0	0	0	0	9	0	0	5	2	7	0	0	0
822.400	6	0	0	0	0	0	0	0	0	0	0	0	0	0	0	12	0	0	5	5	9	0	0	1
822.600	4	0	0	0	0	0	0	0	0	0	0	0	0	0	0	8	0	0	6	5	9	0	0	0
822.800	5	0	0	0	0	0	0	0	0	0	0	0	0	0	0	6	0	0	5	4	11	0	0	0
823.000	3	0	0	0	0	0	0	0	0	0	0	0	0	0	0	10	0	0	4	4	7	0	0	3
823.200	3	0	0	0	0	0	0	0	0	0	0	0	0	0	0	7	0	0	4	4	13	0	0	1
823.400	4	0	0	0	0	0	0	0	0	0	0	0	0	0	0	8	0	1	4	6	10	0	0	4
823.600	4	0	0	0	0	0	0	0	0	0	0	0	0	0	0	14	0	0	6	4	8	0	0	2
823.800	6	0	0	0	0	0	0	0	0	0	0	0	0	0	0	10	0	0	4	4	10	0	0	4
824.000	6	0	0	0	0	0	0	0	0	0	0	0	0	0	0	9	0	0	5	4	3	0	0	1
824.200	6	0	0	0	0	0	0	0	0	0	0	0	0	0	0	9	0	1	6	5	8	0	0	1
824.400	9	0	0	0	0	0	0	0	0	0	0	0	0	0	0	10	0	0	6	3	6	0	0	1
824.600	7	0	0	0	0	0	0	0	0	0	0	0	0	0	0	7	0	0	5	6	10	0	0	0
824.800	9	0	0	0	0	0	0	0	0	0	0	0	0	0	0	8	0	0	4	5	10	0	0	1
825.000	6	0	0	0	0	0	0	0	0	0	0	0	0	0	0	6	0	0	6	4	10	0	0	1
825.200	6	0	0	0	0	0	0	0	0	0	0	0	0	0	0	11	0	0	6	4	11	0	0	1
825.400	8	0	0	0	0	0	0	0	0	0	0	0	0	0	0	11	0	0	6	4	10	0	0	5
825.600	8	0	0	0	0	0	0	0	0	0	0	0	0	0	0	10	0	0	6	4	11	0	0	1
825.800	7	0	0	0	0	0	0	0	0	0	0	0	0	0	0	9	0	0	6	4	8	0	0	3
826.000	3	0	0	0	0	0	0	0	0	0	0	0	0	0	0	16	0	1	5	4	9	0	0	2
826.200	6	0	0	0	0	0	0	0	0	0	0	0	0	0	0	9	0	0	5	3	6	0	0	2
826.400	4	0	0	0	0	0	0	0	0	0	0	0	0	0	0	11	0	0	6	6	9	0	0	3
826.600	9	1	0	0	0	0	0	0	0	0	0	0	0	0	0	10	0	0	4	6	11	0	0	5
826.800	8	0	0	0	0	0	0	0	0	0	0	0	0	0	0	12	0	0	6	5	9	0	0	0
827.000	6	1	0	0	0	0	0	0	0	0	0	0	0	0	0	10	0	0	6	4	8	0	0	3
827.200	6	0	0	0	0	0	0	0	0	0	0	0	0	0	0	8	0	0	4	4	6	0	0	3
827.400	8	0	0	0	0	0	0	0	0	0	0	0	0	0	0	11	0	1	7	5	7	0	0	2
827.600	4	0	0	0	0	0	0	0	0	0	0	0	0	0	0	11	0	0	6	4	10	0	0	2
827.800	7	0	0	0	0	0	0	0	0	0	0	0	0	0	0	10	0	0	5	6	9	0	0	1
828.000	5	0	0	0	0	0	0	0	0	0	0	0	0	0	0	9	0	0	6	3	8	0	0	1
828.200	5	0	0	0	0	0	0	0	0	0	0	0	0	0	0	8	0	0	6	4	5	0	0	2
828.400	4	0	0	0	0	0	0	0	0	0	0	0	0	0	0	9	0	0	6	1	6	0	0	2
828.600	4	0	0	0	0	0	0	0	0	0	0	0	0	0	0	10	0	0	6	3	11	0	0	1
828.800	6	0	0	0	0	0	0	0	0	0	0	0	0	0	0	9	0	0	6	2	12	0	0	2
829.000	6	0	0	0	0	0	0	0	0	0	0	0	0	0	0	9	0	0	5	2	12	0	0	0
829.200	3	0	0	0	0	0	0	0	0	0	0	0	0	0	0	7	0	1	6	5	6	0	0	0
829.400	3	0	0	0	0	0	0	0	0	0	0	0	0	0	0	7	0	0	6	3	7	0	0	1
829.600	6	0	0	0	0	0	0	0	0	0	0	0	0	0	0	7	0	1	4	4	7	0	0	2
829.800	4	0	0	0	0	0	0	0	0	0	0	0	0	0	0	9	0	0	3	3	5	0	0	2
830.000	5	0	0	0	0	0	0	0	0	0	0	0	0	0	0	10	0	0	2	9	5	0	0	2
830.200	4	0	0	0	0	0	0	0	0	0	0	0	0	0	0	8	0	0	4	6	5	0	0	3
830.400	4	0	0	0	0	0	0	0	0	0	0	0	0	0	0	11	0	0	4	4	7	0	0	3
830.600	6	0	0	0	0	0	0	0	0	0	0	0	0	0	0	9	0	0	5	5	8	0	0	1
830.800	6	0	0	0	0	0	0	0	0	0	0	0	0	0	0	7	0	0	4	5	9	0	0	1
831.000	6	0	0	0	0	0	0	0	0	0	0	0	0	0	0	9	0	0	6	4	12	0	0	1
831.200	5	0	0	0	0	0	0	0	0	0	0	0	0	0	0	8	0	0	5	5	8	0	0	0
831.400	5	0	0	0	0	0	0	0	0	0	0	0	0	0	0	9	0	0	6	3	7	0	0	2
831.600	4	0	0	0	0	0	0	0	0	0	0	0	0	0	0	10	0	0	6	3	9	0	0	0
831.800	8	0	0	0	0	0	0	0	0	0	0	0	0	0	0	11	0	0	6	3	8	0	0	2
832.000	7	0	0	0	0	0	0	0	0	0	0	0	0	0	0	5	0	0	6	4	13	0	0	2
832.200	6	0	0	0	0	0	0	0	0	0	0	0	0	0	0	4	0	0	6	3	3	0	0	2
832.400	5	0	0	0	0	0	0	0	0	0	0	0	0	0	0	7	0	1	5	4	6	0	0	1
832.600	5	0	0	0	0	0	0	0	0	0	0	0	0	0	0	9	0	0	6	4	9	0	0	3
832.800	7	0	0	0	0	0	0	0	0	0	0	0	0	0	0	8	0	0	6	4	6	0	0	2
833.000	8	0	0	0	0	0	0	0	0	0	0	0	0	0	0	7	0	0	5	4	6	0	0	1
833.200	9	1	0	0	0	0	0	0	0	0	0	0	0	0	0	8	0	1	5	4	6	0	0	0
833.400	8	1	0	0	0	0	0	0	0	0	0	0	0	0	0	8	0	0	4	4	10	0	0	1
833.600	6	0	0	0	0	0	0	0	0	0	0	0	0	0	0	7	0	0	6	4	9	0	0	2
833.800	5	0	0	0	0	0	0	0	0	0	0	0	0	0	0	7	0	0	6	4	11	0	0	3
834.000	8	0	0	0	0	0	0	0	0	0	0	0	0	0	0	7	0	0	6	2	5	0	0	3
834.200	6	0	0	0	0	0	0	0	0	0	0	0	0	0	0	9	0	0	6	3	10	0	0	0
834.400	3	0	0	0	0	0	0	0	0	0	0	0	0	0	0	3	0	0	6	3	6	0	0	0
834.600	3	0	0	0	0	0	0	0	0	0	0	0	0	0	0	8	0	0	6	4	7	0	0	3
834.800	3	0	0	0	0	0	0	0	0	0	0	0	0	0	0	5	0	0	5	3	12	0	0	0
835.000	7	0	0	0	0	0	0	0	0	0	0	0	0	0	0	6	0	0	6	4	7	0	0	3
835.200	5	0	0	0	0	0	0	0	0	0	0	0	0	0	0	3	0	0	6	4	5	0	0	3
835.400	4	0	0	0	0	0	0	0	0	0	0	0	0	0	0	1	0	0	6	4	6	0	0	3
835.600	4	0	0	0	0	0	0	0	0	0	0	0	0	0	0	4	0	0	6	4	7	0	0	2
835.800	3	0	0	0	0	0	0	0	0	0	0	0	0	0	0	5	0	0	6	2	4	0	0	2
836.000	4	0	0	0	0	0	0	0	0	0	0	0	0	0	0	1	0	0	6	3	3	0	0	1
836.200	4	0	0	0	0	0	0	0	0	0	0	0	0	0	0	7	0	0	6	4	5	0	0	0
836.400	3	0	0	0	0	0	0	0	0	0	0	0	0	0	0	3	0	0	4	5	9	0	0	1
836.600	4	0	0	0	0	0	0	0	0	0	0	0	0	0	0	4	0	0	6	2	4	0	0	2
836.800	2	0	0	0	0	0	0	0	0	0	0	0	0	0	0	4	0	0	6	2	8	0	0	2
837.000	6	0	0	0	0	0	0	0	0	0	0	0	0	0	0	3	0	0	6	3	10	0	0	0
837.200	6	0	0	0	0	0	0	0	0	0	0	0	0	0	0	5	0	0	6	2	7	0	0	1
837.400	3	0	0	0	0	0	0	0	0	0	0	0	0	0	0	2	0	0	4	4	5	0	0	0
837.600	3	0	0	0	0	0	0	0	0	0	0	0	0	0	0	10	0	0	6	4	4	0	0	0
837.800	6	0	0	0	0	0	0	0	0	0	0	0	0	0	0	4	0	0	6	5	6	0	0	2
838.000	5	0	0	0	0	0	0	0	0	0	0	0	0	0	0	4	0	0	5	4	5	0	0	1
838.200	5	0	0	0	0	0	0	0	0	0	0	0	0	0	0	7	0	0	6	2	6	0	0	0
838.400	5	0	0	0	0	0	0	0	0	0	0	0	0	0	0	6	0	0	4	2	8	0	0	2
838.600	5	0	0	0	0	0	0	0	0	0	0	0	0	0	0	5	0	0	6	5	5	0	0	0
838.800	4	0	0	0	0	0	0	0	0	0	0	0	0	0	0	7	0	0	5	4	6	0	0	2
839.000	5	0	0	0	0	0	0	0	0	0	0	0	0	0	0	7	0	0	5	9	7	0	0	0
839.200	8	0	0	0	0	0	0	0	0	0	0	0	0	0	0	5	0	0	4	7	8	0	0	0
839.400	10	0	0	0	0	0	0	0	0	0	0	0	0	0	0	6	0	0	4	5	8	0	0	1
839.600	8	0	0	0	0	0	0	0	0	0	0	0	0	1	0	5	0	0	5	6	10	0	0	0
839.800	3	0	0	0	0	0	0	0	0	0	0	0	0	0	0	10	0	0	5	4	10	0	0	0
840.000	3	0	0	0	0	0	0	0	0	0	0	0	0	0	0	9	0	0	4	5	4	0	0	0
840.200	5	0	0	0	0	0	0	0	0	0	0	0	0	0	0	7	0	0	6	2	4	0	0	1
840.400	5	0	0	0	0	0	0	0	0	0	0	0	0	0	0	13	0	0	4	4	9	0	0	0
840.600	4	0	0	0	0	0	0	0	0	0	0	0	0	0	0	13	0	0	6	4	12	0	0	2
840.800	4	0	0	0	0	0	0	0	0	0	0	0	0	0	0	7	0	0	6	4	5	0	0	0
841.000	4	0	0	0	0	0	0	0	0	0	0	0	0	0	0	9	0	0	6	4	7	0	0	1
841.200	4	0	0	0	0	0	0	0	0	0	0	0	0	0	0	10	0	0	5	6	8	0	0	1
841.400	4	0	0	0	0	0	0	0	0	0	0	0	0	0	0	14	0	0	4	3	3	0	0	1
841.600	6	0	0	0	0	0	0	0	0	0	0	0	0	0	0	6	0	1	6	4	6	0	0	0
841.800	8	0	0	0	0	0	0	0	0	0	0	0	0	0	0	8	0	0	6	4	4	0	0	4
842.000	5	0	0	0	0	0	0	0	0	0	0	0	0	0	0	7	0	0	5	3	8	0	0	1
842.200	6	0	0	0	0	0	0	0	0	0	0	0	0	0	0	9	0	0	6	4	11	0	0	3
842.400	5	0	0	0	0	0	0	0	0	0	0	0	0	0	0	10	0	0	4	4	6	0	0	0
842.600	4	0	0	0	0	0	0	0	0	0	0	0	0	0	0	9	0	0	4	6	10	0	0	0
842.800	4	0	0	0	0	0	0	0	0	0	0	0	0	0	0	7	0	0	6	4	4	0	0	1
843.000	4	0	0	0	0	0	0	0	0	0	0	0	0	0	0	5	0	0	6	4	8	0	0	1
843.200	3	0	0	0	0	0	0	0	0	0	0	0	0	0	0	3	0	0	5	6	11	0	0	0
843.400	4	0	0	0	0	0	0	0	0	0	0	0	0	0	0	2	0	0	3	4	5	0	0	0
843.600	5	0	0	0	0	0	0	0	0	0	0	0	0	0	0	11	0	0	6	4	7	0	0	1
843.800	5	0	0	0	0	0	0	0	0	0	0	0	0	0	0	8	0	0	6	4	4	0	0	3
844.000	3	0	0	0	0	0	0	0	0	0	0	0	0	0	0	7	0	0	6	5	10	0	0	1
844.200	5	0	0	0	0	0	0	0	0	0	0	0	0	0	0	9	0	0	5	5	13	0	0	1
844.400	5	0	0	0	0	0	0	0	0	0	0	0	0	0	0	7	0	0	4	6	13	0	0	2
844.600	6	0	0	0	0	0	0	0	0	0	0	0	0	0	0	0	0	0	1	3	8	0	0	1
844.800	6	0	0	0	0	0	0	0	0	0	0	0	0	0	0	6	0	0	1	4	6	0	0	2
845.000	5	0	0	0	0	0	0	0	0	0	0	0	0	0	0	9	0	0	3	4	12	0	0	2
845.200	3	0	0	0	1	0	0	0	0	0	0	0	0	0	0	10	0	0	4	4	7	0	0	2
845.400	4	0	0	0	0	0	0	0	0	0	0	0	0	0	0	10	0	0	6	2	9	0	0	0
845.600	5	0	0	0	0	0	0	0	0	0	0	0	0	0	0	7	0	0	5	4	10	0	0	1
845.800	4	0	0	0	0	0	0	0	0	0	0	0	0	0	0	10	0	0	4	3	9	0	0	0
846.000	3	0	0	0	0	0	0	0	0	0	0	0	0	0	0	11	0	0	5	5	11	0	0	0
846.200	5	0	0	0	0	0	0	0	0	0	0	0	0	0	0	9	0	0	4	6	11	0	0	0
846.400	7	0	0	0	1	0	0	0	0	0	0	0	0	0	0	11	0	0	3	4	3	0	0	1
846.600	6	0	0	0	0	0	0	0	0	0	0	2	0	0	0	7	0	0	6	5	9	0	0	1
846.800	5	0	0	0	0	0	0	0	0	0	0	1	0	0	0	11	0	0	6	4	4	0	0	0
847.000	6	0	0	0	0	0	0	0	0	0	0	5	0	0	0	11	0	0	6	4	12	0	0	2
847.200	6	0	0	0	0	0	0	0	0	1	0	5	0	0	0	9	0	0	6	4	11	0	0	2
847.400	8	0	0	0	0	0	0	0	0	0	0	0	0	0	0	9	0	0	5	4	11	0	0	1
847.600	6	0	0	0	0	0	0	0	0	0	0	0	0	0	0	6	0	0	6	3	3	0	0	3
847.800	10	0	0	0	0	0	0	0	0	2	0	2	0	0	0	8	0	0	6	3	10	1	0	2
848.000	8	0	0	0	0	0	0	0	0	1	0	0	0	0	0	8	0	0	6	2	6	0	0	2
848.200	4	0	0	0	0	0	0	0	0	0	0	2	0	0	0	5	0	0	5	5	12	0	0	0
848.400	5	0	0	0	0	0	0	0	0	2	0	1	0	0	0	8	0	0	3	4	12	0	0	2
848.600	2	0	0	0	0	0	0	0	0	2	0	2	0	0	0	9	0	0	5	4	8	0	0	0
848.800	7	0	0	0	0	0	0	0	0	3	0	4	0	0	0	8	0	0	2	5	7	0	0	1
849.000	7	0	0	0	0	0	0	0	0	1	0	3	0	0	0	9	0	0	5	5	10	0	0	1
849.200	5	0	0	0	0	0	0	0	0	0	0	4	0	0	0	10	0	0	2	13	10	0	0	4
849.400	7	0	0	0	0	0	0	0	0	3	0	3	0	0	0	4	0	0	2	7	9	0	0	5
849.600	7	0	0	0	0	0	0	0	0	2	0	0	0	0	0	9	0	0	1	5	7	0	0	0
849.800	4	0	0	0	0	0	0	0	0	5	0	0	0	0	0	8	0	0	2	4	5	0	0	2
850.000	6	0	0	0	0	0	0	0	0	2	0	0	0	0	0	9	0	0	1	8	7	0	0	3
850.200	5	0	0	0	0	0	0	0	0	2	0	0	0	0	0	11	0	0	2	7	8	0	0	5
850.400	5	0	0	0	0	0	0	0	0	2	0	0	0	0	0	7	0	0	2	4	4	0	0	1
850.600	3	0	0	0	0	0	0	0	0	0	0	0	0	0	0	10	0	1	4	11	8	0	0	0
850.800	3	0	0	0	0	0	0	0	0	0	0	0	0	0	0	11	0	0	3	4	5	0	0	0
851.000	5	0	0	0	0	0	0	0	0	0	0	0	0	0	0	14	0	0	1	5	5	0	0	1
851.200	6	0	0	0	0	0	0	0	0	0	0	0	0	0	0	7	0	1	3	11	9	0	0	1
851.400	6	0	0	0	0	0	0	0	0	0	0	0	0	0	0	8	0	0	4	8	10	0	0	1
851.600	4	0	0	0	0	0	0	0	0	0	0	0	0	0	0	8	0	0	3	8	3	0	0	0
851.800	4	0	0	0	0	0	0	0	0	0	0	0	0	0	0	9	0	0	2	5	5	0	0	0
852.000	5	0	0	0	1	0	0	0	0	0	0	0	0	0	0	6	0	1	4	8	8	0	0	3
852.200	8	0	0	0	2	0	0	0	0	0	0	0	0	0	0	4	0	0	4	10	9	0	0	2
852.400	4	0	0	0	5	0	0	0	0	3	0	0	0	0	0	7	0	0	3	12	8	0	0	4
852.600	7	0	0	0	5	0	0	0	0	2	0	0	0	0	0	10	0	0	3	11	10	0	0	1
852.800	3	0	0	0	4	0	0	0	0	2	0	0	0	0	0	5	0	0	3	11	9	0	0	1
853.000	5	0	0	0	4	0	0	0	0	3	0	0	0	0	0	10	0	0	3	10	4	0	0	5
853.200	4	0	0	0	6	0	0	0	0	2	0	0	0	0	0	5	0	0	3	11	7	0	0	0
853.400	5	0	0	0	5	0	0	0	0	3	0	0	0	0	0	4	0	0	4	6	8	0	0	4
853.600	4	0	0	0	3	0	0	0	0	4	0	0	0	0	0	5	0	0	5	6	4	0	0	4
853.800	4	0	0	0	4	0	0	0	0	4	0	0	0	0	0	6	0	1	5	7	5	0	0	3
854.000	4	0	0	0	7	0	0	0	0	3	0	0	0	0	0	16	0	0	4	5	4	0	0	0
854.200	6	0	0	0	5	0	0	0	0	0	0	0	0	0	0	7	0	0	8	6	4	0	0	1
854.400	4	0	0	0	6	0	0	0	0	1	0	0	0	0	0	10	0	0	6	6	7	0	0	1
854.600	4	0	0	0	5	0	0	0	0	3	0	0	0	0	0	12	0	0	5	4	9	0	0	0
854.800	3	0	0	0	4	0	0	0	0	2	0	0	0	0	0	7	0	0	4	7	6	0	0	0
855.000	6	0	0	0	3	0	0	0	0	3	0	0	0	0	0	6	0	0	4	5	7	0	0	0
855.200	5	0	0	0	5	0	0	0	0	2	0	0	0	0	0	7	0	0	5	4	7	0	0	0
855.400	6	0	0	0	6	0	0	0	0	2	0	0	0	0	0	7	0	0	5	4	8	0	0	0
855.600	7	0	0	0	2	0	0	0	0	1	0	0	0	0	0	7	0	0	4	5	12	0	0	2
855.800	6	0	0	0	5	0	0	0	0	3	0	0	0	0	0	3	0	0	6	4	10	0	0	1
856.000	8	0	0	0	4	0	0	0	0	4	0	3	0	0	0	12	0	0	6	3	5	0	0	1
856.200	7	0	0	0	3	0	0	0	0	2	0	4	0	0	0	2	0	0	6	5	7	0	0	1
856.400	7	0	0	0	4	0	0	0	0	2	0	2	0	0	0	9	0	0	6	5	8	0	0	0
856.600	9	0	0	0	4	0	0	0	0	3	0	4	0	0	0	9	0	0	6	4	12	0	0	2
856.800	8	0	0	0	4	0	0	0	0	2	0	4	0	0	0	10	0	0	6	3	9	0	0	1
857.000	9	0	0	0	4	0	0	0	0	2	0	2	0	0	0	9	0	0	4	6	13	0	0	0
857.200	11	0	0	0	5	0	0	0	0	1	0	3	0	0	0	11	0	0	5	7	11	0	0	3
857.400	8	0	0	0	7	0	0	0	0	2	0	1	0	0	0	9	0	0	4	5	10	0	0	0
857.600	12	1	0	0	3	0	0	0	0	1	0	0	0	0	0	11	0	0	4	6	11	0	0	1
857.800	6	0	0	0	7	0	0	0	0	0	0	0	0	0	0	9	0	0	6	5	9	0	0	1
858.000	10	0	0	0	9	0	0	0	0	0	0	0	0	0	0	11	0	0	5	6	11	0	0	1
858.200	6	0	0	0	6	0	0	0	0	1	0	1	0	0	0	14	0	0	5	6	7	0	0	1
858.400	10	0	0	0	6	0	0	0	0	0	0	0	0	0	0	14	0	0	6	4	9	0	0	1
858.600	5	0	0	0	7	0	0	0	0	0	0	0	0	0	0	12	0	0	6	4	7	0	0	2
858.800	5	0	0	0	7	0	0	0	0	0	0	0	0	0	0	8	0	0	6	4	9	0	0	1
859.000	3	0	0	0	11	0	0	0	0	0	0	0	0	0	0	9	0	0	6	3	4	0	0	1
859.200	6	0	0	0	7	0	0	0	0	0	0	0	0	0	0	8	0	0	6	3	6	0	0	2
859.400	5	0	0	0	6	0	0	0	0	0	0	0	0	0	0	9	0	0	6	3	4	0	0	3
859.600	5	0	0	0	9	0	0	0	0	0	0	0	0	0	0	2	0	0	6	2	6	0	0	5
859.800	6	0	0	0	11	0	0	0	0	0	0	0	0	0	0	5	0	0	4	4	2	0	0	1
860.000	7	0	0	0	12	0	0	0	0	0	0	0	0	0	0	7	0	0	4	2	4	0	0	1
860.200	11	0	0	0	6	0	0	0	0	1	0	0	0	0	0	9	0	0	6	4	10	0	0	1
860.400	6	0	0	0	10	0	0	0	0	1	0	1	0	0	0	12	0	0	4	4	5	0	0	2
860.600	6	0	0	0	10	0	0	0	0	0	0	0	0	0	0	10	0	0	6	3	8	0	0	1
860.800	7	0	0	0	9	0	0	0	0	1	0	0	0	0	0	10	0	0	6	3	7	0	0	1
861.000	6	0	0	0	12	0	0	0	0	1	0	0	0	0	0	11	0	0	6	3	10	0	0	2
861.200	3	0	0	0	9	0	0	0	0	0	0	0	0	0	0	7	0	0	4	3	6	0	0	0
861.400	3	0	0	0	7	0	0	0	0	1	0	0	0	0	0	10	0	0	6	4	5	0	0	2
861.600	6	0	0	0	3	0	0	0	0	1	0	0	0	0	0	7	0	0	6	3	10	0	0	1
861.800	4	0	0	0	6	0	0	0	0	0	0	0	0	0	0	13	0	0	6	3	4	0	0	2
862.000	5	0	0	0	6	0	0	0	0	0	0	0	0	0	0	8	0	0	4	7	9	0	0	2
862.200	5	0	0	0	7	0	0	0	0	0	0	0	0	0	0	9	0	0	6	2	9	0	0	2
862.400	3	0	0	0	6	0	0	0	0	0	0	0	0	0	0	7	0	0	6	4	5	0	0	1
862.600	7	0	0	0	8	0	0	0	0	0	0	0	0	0	0	11	0	0	6	3	5	0	0	0
862.800	7	0	0	0	3	0	0	0	0	1	0	0	0	0	0	10	0	0	6	4	11	0	0	1
863.000	7	0	0	0	7	0	0	0	0	0	0	0	0	0	0	10	0	0	5	3	9	0	0	1
863.200	6	0	0	0	6	0	0	0	0	1	0	0	0	0	0	5	0	0	6	1	9	0	0	5
863.400	8	0	0	0	7	0	0	0	0	0	0	0	0	0	0	6	0	0	6	1	4	0	0	3
863.600	6	0	0	0	8	0	0	0	0	0	0	0	0	0	0	7	0	0	4	1	4	0	0	0
863.800	7	0	0	0	6	0	0	0	0	0	0	0	0	0	0	9	0	0	6	1	6	0	0	1
864.000	10	0	0	0	5	0	0	0	0	0	0	0	0	0	0	8	0	0	2	1	5	0	0	2
864.200	7	0	0	0	7	0	0	0	0	0	0	0	0	0	0	6	0	0	6	3	12	0	0	3
864.400	6	0	0	0	6	0	0	0	0	0	0	0	0	0	0	6	0	0	4	1	11	0	0	1
864.600	8	0	0	0	4	0	0	0	0	0	0	0	0	0	0	6	0	0	6	1	6	0	0	0
864.800	9	0	0	0	6	0	0	0	0	0	0	0	0	0	0	7	0	0	6	3	8	0	0	1
865.000	9	0	0	0	7	0	0	0	0	0	0	0	0	0	0	8	0	0	6	3	12	0	0	2
865.200	9	0	0	0	5	0	0	0	0	0	0	0	0	0	0	10	0	0	5	3	12	0	0	2
865.400	8	0	0	0	6	0	0	0	0	0	0	0	0	0	0	5	0	0	6	4	10	0	0	1
865.600	6	0	0	0	5	0	0	0	0	0	0	0	0	0	0	8	0	0	6	2	8	0	0	1
865.800	5	0	0	0	3	0	0	0	0	0	0	0	0	0	0	7	0	0	6	2	2	0	0	1
866.000	6	0	0	0	7	0	0	0	0	0	0	0	0	0	0	6	0	0	6	2	1	0	0	4
866.200	5	0	0	0	7	0	0	0	0	0	0	0	0	0	0	11	0	0	6	3	4	0	0	4
866.400	8	0	0	0	7	0	0	0	0	0	0	0	0	0	0	6	0	0	6	8	4	0	0	4
866.600	10	0	0	0	11	0	0	0	0	0	0	0	0	0	0	8	0	0	6	4	2	0	0	5
866.800	6	0	0	0	2	0	0	0	0	0	0	0	0	0	0	10	0	1	4	5	4	0	0	3
867.000	8	0	0	0	7	0	0	0	0	0	0	0	0	0	0	7	0	1	4	6	6	0	0	5
867.200	7	0	0	0	7	0	0	0	0	0	0	0	0	0	0	8	0	2	5	5	5	0	0	2
867.400	6	0	0	0	6	0	0	0	0	0	0	0	0	0	0	7	0	1	6	8	6	0	0	4
867.600	8	0	0	0	1	0	0	0	0	0	0	0	0	0	0	9	0	0	5	6	8	0	0	4
867.800	7	0	0	0	1	0	0	0	0	0	0	0	0	0	0	8	0	0	5	8	10	0	0	4
868.000	7	0	0	0	4	0	0	0	0	0	0	0	0	0	0	7	0	1	7	5	8	0	0	5
868.200	7	0	0	0	2	0	0	0	0	0	0	0	0	0	0	6	0	1	7	7	10	0	0	4
868.400	9	0	0	0	1	0	0	0	0	0	0	0	0	0	0	7	0	2	7	7	7	0	0	6
868.600	7	0	0	0	2	0	0	0	0	0	0	0	0	0	0	11	0	2	6	9	9	0	0	5
868.800	9	0	0	0	4	0	0	0	0	0	0	0	0	0	0	7	0	0	6	10	8	0	0	5
869.000	2	0	0	0	5	0	0	0	0	0	0	0	0	0	0	8	0	2	6	16	6	0	0	3
869.200	8	0	0	0	0	0	0	0	0	0	0	0	0	0	0	5	0	2	7	20	8	0	0	5
869.400	5	0	0	0	0	0	0	0	0	0	0	0	0	1	0	7	0	1	7	14	5	0	0	5
869.600	7	0	0	0	0	0	0	0	0	0	0	0	0	0	0	8	0	0	7	17	10	0	0	5
869.800	7	0	0	0	0	0	0	0	0	0	0	0	0	0	0	8	0	0	5	16	9	0	0	5
870.000	7	0	0	0	1	0	0	0	0	0	0	0	0	0	0	5	0	1	8	12	7	0	0	5
870.200	7	0	0	0	4	0	0	0	0	0	0	0	0	1	0	2	0	1	8	18	9	0	0	7
870.400	8	0	0	0	3	0	0	0	0	0	0	0	0	0	0	6	0	0	6	15	6	0	0	6
870.600	7	0	0	0	4	0	0	0	0	0	0	0	0	0	0	7	0	1	6	14	6	0	0	4
870.800	10	0	0	0	4	0	0	0	0	0	0	0	0	0	0	7	0	0	5	19	13	0	0	2
871.000	6	0	0	0	5	0	0	0	0	0	0	0	0	0	1	9	0	0	6	12	8	0	0	6
871.200	5	0	0	0	5	0	0	0	0	0	0	0	0	0	0	7	0	0	4	17	7	0	0	6
871.400	6	0	0	0	7	0	0	0	0	0	0	0	0	1	0	9	0	0	5	17	10	0	0	4
871.600	8	0	0	0	7	0	0	0	0	0	0	0	0	0	0	7	0	0	5	21	10	0	0	5
871.800	9	1	0	0	4	0	0	0	0	0	0	0	0	0	0	7	0	0	6	12	7	0	0	5
872.000	8	0	0	0	3	0	0	0	0	0	0	0	0	1	0	1	0	0	6	19	6	0	0	5
872.200	9	0	0	0	5	0	0	0	0	0	0	0	0	1	0	1	0	0	5	16	6	0	0	5
872.400	7	0	0	0	4	0	0	0	0	0	0	0	0	0	0	1	0	0	5	18	9	0	0	6
872.600	7	0	0	0	5	0	0	0	0	0	0	0	0	1	2	9	0	0	5	12	9	0	0	4
872.800	8	0	0	0	4	0	0	0	0	0	0	0	0	0	2	9	0	0	5	9	9	0	0	6
873.000	7	0	0	0	4	0	0	0	0	0	0	0	0	0	1	6	0	0	4	8	9	0	0	4
873.200	7	0	0	0	4	0	0	0	0	0	0	0	0	1	1	7	0	0	5	9	10	0	0	4
873.400	7	0	0	0	4	0	0	0	0	0	0	0	0	1	1	7	0	0	5	13	7	0	0	4
873.600	8	1	0	0	3	0	0	0	0	0	0	0	0	2	0	10	0	0	4	15	10	0	0	5
873.800	10	0	0	0	5	0	0	0	0	0	0	0	0	1	2	7	0	0	4	19	10	0	0	3
874.000	9	0	0	0	4	0	0	0	0	0	0	0	0	1	2	8	0	0	5	20	12	0	0	3
874.200	6	0	0	0	0	0	0	0	0	2	0	0	0	0	0	8	0	0	5	15	5	1	0	4
874.400	7	0	0	0	3	0	0	0	0	1	0	0	0	1	2	11	0	0	5	22	7	0	0	4
874.600	8	0	0	0	7	0	0	0	0	1	0	0	0	1	2	12	0	0	4	15	7	0	0	5
874.800	7	0	0	0	5	0	0	0	0	0	0	0	0	1	2	8	0	0	6	7	11	0	0	6
875.000	10	0	0	0	5	0	0	0	0	0	0	0	0	0	0	6	0	0	5	11	7	0	0	5
875.200	8	0	0	0	4	0	0	0	0	0	0	0	0	0	0	6	0	0	4	9	4	0	0	5
875.400	10	1	0	0	5	0	0	0	0	0	0	0	0	0	0	7	0	1	5	10	9	0	0	4
875.600	9	0	0	0	4	0	0	0	0	0	0	0	0	0	0	6	0	1	8	5	7	0	0	5
875.800	9	0	0	0	4	0	0	0	0	0	0	0	0	0	0	5	0	1	8	23	8	0	0	5
876.000	9	0	0	0	4	0	0	0	0	0	0	0	0	0	0	5	0	0	4	19	10	0	0	7
876.200	9	0	0	0	4	0	0	0	0	0	0	0	0	0	0	3	0	1	4	15	10	0	0	6
876.400	10	0	0	0	6	0	0	0	0	0	0	0	0	0	0	1	0	0	5	14	10	0	0	4
876.600	8	0	0	0	6	0	0	0	0	0	0	0	0	0	0	0	0	0	5	11	8	0	0	4
876.800	8	0	0	0	8	0	0	0	0	0	0	0	0	1	0	1	0	0	4	15	11	0	0	6
877.000	8	0	0	0	2	0	0	0	0	0	0	0	0	1	0	4	0	0	4	14	12	0	0	4
877.200	7	0	0	0	2	0	0	0	0	0	0	0	0	0	0	9	0	2	6	8	6	0	0	6
877.400	7	0	0	0	2	0	0	0	0	0	0	0	0	0	0	7	0	1	5	6	7	0	0	3
877.600	6	0	0	0	2	0	0	0	0	0	0	0	0	0	0	8	0	2	9	6	6	0	0	4
877.800	3	0	0	0	2	0	0	0	0	0	0	0	0	0	0	10	0	1	7	7	6	0	0	3
878.000	4	0	0	0	5	0	0	0	0	0	0	0	0	0	0	7	0	0	5	19	7	0	0	4
878.200	9	0	0	0	0	0	0	0	0	0	0	0	0	0	0	4	0	1	3	15	12	0	0	5
878.400	5	0	0	0	1	0	0	0	0	0	0	0	0	0	0	7	0	2	6	13	10	0	0	5
878.600	4	0	0	0	2	0	0	0	0	0	0	0	0	0	0	10	0	1	6	19	10	0	0	6
878.800	4	0	0	0	5	0	0	0	0	0	0	0	0	0	0	8	0	1	5	13	8	0	0	5
879.000	5	0	0	0	4	0	0	0	0	0	0	0	0	0	0	10	0	1	6	14	10	0	0	5
879.200	4	0	0	0	4	0	0	0	0	0	0	0	0	0	0	7	0	0	4	11	10	0	0	5
879.400	5	0	0	0	4	0	0	0	0	0	0	0	0	0	0	8	0	0	5	11	7	0	0	4
879.600	6	0	0	0	4	0	0	0	0	0	0	0	0	0	0	7	0	0	5	15	7	0	0	3
879.800	5	0	0	0	2	0	0	0	0	0	0	0	0	0	0	7	0	1	6	21	7	0	0	3
880.000	5	0	0	0	5	0	0	0	0	0	0	0	0	0	0	6	0	1	7	12	9	0	0	5
880.200	6	0	0	0	1	0	0	0	0	0	0	0	0	0	0	9	0	1	6	13	9	0	0	4
880.400	3	0	0	0	3	0	0	0	0	0	0	0	0	0	0	5	0	1	6	16	10	0	0	4
880.600	5	0	0	0	3	0	0	0	0	0	0	0	0	0	0	5	0	1	8	7	7	0	0	6
880.800	4	0	0	0	1	0	0	0	0	0	0	0	0	0	0	11	0	0	5	8	10	0	0	4
881.000	3	0	0	0	1	0	0	0	0	0	0	0	0	0	0	14	0	1	8	6	9	0	0	5
881.200	5	0	0	0	2	0	0	0	0	0	0	0	0	0	0	8	0	1	6	10	8	0	0	4
881.400	3	0	0	0	4	0	0	0	0	0	0	0	0	0	0	10	0	1	6	9	7	0	0	5
881.600	5	0	0	0	3	0	0	0	0	0	0	0	0	0	0	9	0	1	8	12	7	0	0	5
881.800	3	0	0	0	5	0	0	0	0	0	0	1	0	0	0	9	0	1	6	13	8	0	0	6
882.000	7	0	0	0	4	0	0	0	0	0	0	1	0	0	0	10	0	1	8	8	4	0	0	4
882.200	7	0	0	0	4	0	0	0	0	0	0	1	0	0	0	11	0	2	7	9	8	0	0	5
882.400	4	0	0	0	3	0	0	0	0	0	0	0	0	0	0	9	0	1	9	11	6	0	0	4
882.600	3	0	0	0	2	0	0	0	0	0	0	0	0	0	0	10	0	1	5	11	7	0	0	6
882.800	3	0	0	0	3	0	0	0	0	0	0	0	0	0	0	10	0	1	5	12	5	0	0	5
883.000	4	0	0	0	3	0	0	0	0	0	0	0	0	0	0	7	0	1	7	10	6	0	0	5
883.200	6	0	0	0	1	0	0	0	0	0	0	2	0	0	0	11	0	1	9	13	8	0	0	5
883.400	7	0	0	0	1	0	0	0	0	0	0	2	0	0	0	10	0	1	9	13	7	0	0	5
883.600	8	0	0	0	1	0	0	0	0	0	0	2	0	0	0	15	0	1	6	7	9	0	0	6
883.800	8	0	0	0	4	0	0	0	0	0	0	2	0	0	0	9	0	3	8	9	7	0	0	4
884.000	9	0	0	0	0	0	0	0	0	0	0	2	0	0	0	10	0	1	7	8	6	0	0	6
884.200	7	0	0	0	2	0	0	0	0	0	0	2	0	0	0	10	0	1	6	12	7	0	0	6
884.400	7	0	0	0	1	0	0	0	0	0	0	2	0	0	0	10	0	1	5	6	5	0	0	1
884.600	8	0	0	0	5	0	0	0	0	0	0	2	0	0	0	10	0	1	7	13	7	0	0	1
884.800	7	0	0	0	2	0	0	0	0	0	0	3	0	0	0	14	0	0	9	12	7	0	0	0
885.000	7	0	0	0	7	0	0	0	0	0	0	2	0	0	0	8	0	1	5	10	7	0	0	0
885.200	5	0	0	0	2	0	0	0	0	0	0	6	0	0	0	9	0	1	10	8	6	0	0	1
885.400	6	0	0	0	7	0	0	0	0	0	0	1	0	0	0	8	0	1	8	11	10	0	0	3
885.600	7	0	0	0	4	0	0	0	0	0	0	3	0	0	0	8	0	2	6	8	7	0	0	4
885.800	4	0	0	0	8	0	0	0	0	0	0	2	0	0	0	8	0	1	6	10	8	0	0	5
886.000	7	0	0	0	14	0	0	0	0	0	0	2	0	0	0	8	0	1	8	11	7	0	0	6
886.200	8	0	0	0	12	0	0	0	0	0	0	2	0	0	0	10	0	1	7	12	9	0	0	6
886.400	7	0	0	0	0	0	0	0	0	0	0	3	0	0	0	9	0	2	7	12	7	0	0	4
886.600	7	0	0	0	5	0	0	0	0	0	0	2	0	0	0	8	0	1	8	10	7	0	0	5
886.800	7	0	0	0	5	0	0	0	0	0	0	2	0	0	0	10	0	1	7	10	6	0	0	5
887.000	8	0	0	0	13	0	0	0	0	0	0	0	0	0	0	8	0	1	4	10	5	0	0	6
887.200	8	0	0	0	7	0	0	0	0	0	0	1	0	0	0	13	0	1	5	12	7	0	0	4
887.400	8	0	0	0	4	0	0	0	0	0	0	2	0	0	0	10	0	1	5	14	5	0	0	5
887.600	8	0	0	0	10	0	0	0	0	0	0	1	0	0	0	10	0	1	4	11	8	0	0	5
887.800	8	0	0	0	7	0	0	0	0	0	0	2	0	0	0	13	0	1	10	9	6	0	0	4
888.000	8	0	0	0	6	0	0	0	0	0	0	2	0	0	0	14	0	1	5	11	6	0	0	5
888.200	6	0	0	0	8	0	0	0	0	0	0	2	0	0	0	12	0	0	6	14	9	0	0	5
888.400	6	0	0	0	7	0	0	0	0	0	0	1	0	0	0	7	0	1	5	12	8	0	0	7
888.600	10	0	0	0	7	0	0	0	0	0	0	0	0	0	0	7	0	1	8	10	6	0	0	3
888.800	9	0	0	0	5	0	0	0	0	0	0	1	0	0	0	11	0	1	7	13	9	0	0	4
889.000	9	0	0	0	6	0	0	0	0	0	0	0	0	0	0	12	0	1	4	14	8	0	0	4
889.200	8	0	0	0	8	0	0	0	0	0	0	0	0	0	0	9	0	1	6	14	5	0	0	5
889.400	7	0	0	0	5	0	0	0	0	0	0	0	0	0	0	9	0	1	6	14	8	0	0	2
889.600	6	0	0	0	6	0	0	0	0	0	0	0	0	0	0	12	0	1	4	12	4	0	0	4
889.800	9	0	0	0	5	0	0	0	0	0	0	0	0	0	0	9	0	0	4	11	4	0	0	3
890.000	7	0	0	0	4	0	0	0	0	0	0	0	0	0	0	11	0	0	5	11	6	0	0	5
890.200	6	0	0	0	3	0	0	0	0	0	0	0	0	0	0	10	0	1	5	11	7	0	0	5
890.400	6	0	0	0	3	0	0	0	0	0	0	0	0	0	0	10	0	1	7	14	10	0	0	5
890.600	9	0	0	0	5	0	0	0	0	0	0	0	0	0	0	10	0	1	6	10	7	0	0	4
890.800	7	0	0	0	7	0	0	0	0	0	0	0	0	0	0	7	0	1	4	12	8	0	0	5
891.000	6	0	0	0	4	0	0	0	0	0	0	0	0	0	0	12	0	0	6	13	11	0	0	5
891.200	8	0	0	0	3	0	0	0	0	0	0	0	0	0	0	7	0	0	6	13	6	0	0	5
891.400	8	0	0	0	4	0	0	0	0	0	0	0	0	0	0	6	0	0	5	11	6	0	0	4
891.600	9	0	0	0	2	0	0	0	0	0	0	0	0	0	0	6	0	0	6	13	9	0	0	3
891.800	9	1	0	0	4	0	0	0	0	0	0	0	0	0	0	13	0	1	7	11	5	0	0	4
892.000	7	0	0	0	3	0	0	0	0	0	0	0	0	0	0	13	0	1	6	11	6	0	0	5
892.200	7	0	0	0	6	0	0	0	0	0	0	0	0	0	0	15	0	1	4	14	6	0	0	5
892.400	7	0	0	0	3	0	0	0	0	0	0	0	0	0	0	10	0	1	5	9	5	0	0	5
892.600	6	0	0	0	3	0	0	0	0	0	0	0	0	0	0	8	0	1	6	12	5	0	0	5
892.800	8	0	0	0	3	0	0	0	0	0	0	0	0	0	0	10	0	1	6	13	5	0	0	5
893.000	7	0	0	0	3	0	0	0	0	0	0	0	0	0	0	9	0	1	7	15	9	0	0	4
893.200	7	0	0	0	5	0	0	0	0	0	0	0	0	0	0	8	0	1	6	9	7	0	0	6
893.400	6	0	0	0	4	0	0	0	0	0	0	0	0	0	0	13	0	1	6	7	6	0	0	3
893.600	7	0	0	0	5	0	0	0	0	0	0	0	0	0	0	9	0	1	5	8	3	0	0	3
893.800	6	0	0	0	10	0	0	0	0	0	0	0	0	0	0	8	0	1	6	8	6	0	0	4
894.000	8	0	0	0	5	0	0	0	0	0	0	0	0	0	0	9	0	2	8	16	10	0	0	4
894.200	8	0	0	0	4	0	0	0	0	0	0	0	0	0	0	7	0	2	8	12	6	0	0	6
894.400	6	0	0	0	7	0	0	0	0	0	0	0	0	0	0	7	0	1	5	13	8	0	0	7
894.600	7	0	0	0	17	0	0	0	0	0	0	0	0	0	0	8	0	2	8	10	5	0	0	6
894.800	5	0	0	0	10	0	0	0	0	0	0	0	0	0	0	8	0	1	7	11	10	0	0	4
895.000	6	0	0	0	10	0	0	0	0	0	0	0	0	0	0	11	0	1	7	12	7	0	0	3
895.200	7	0	0	0	12	0	0	0	0	0	0	0	0	0	0	12	0	1	7	9	5	0	0	5
895.400	10	0	0	0	10	0	0	0	0	0	0	0	0	0	0	9	0	0	7	10	9	0	0	6
895.600	6	0	0	0	12	0	0	0	0	0	0	0	0	0	0	8	0	1	7	13	6	0	0	4
895.800	7	0	0	0	9	0	0	0	0	0	0	0	0	0	0	10	0	1	7	11	6	0	0	8
896.000	9	0	0	0	12	0	0	0	0	0	0	0	0	0	0	5	0	1	5	10	6	0	0	4
896.200	8	1	0	0	15	0	0	0	0	0	0	0	0	0	0	9	0	1	7	14	8	0	0	6
896.400	5	0	0	0	12	0	0	0	0	0	0	0	0	0	0	11	0	2	8	9	6	0	0	5
896.600	6	1	0	0	10	0	0	0	0	0	0	0	0	0	0	11	0	1	8	6	5	0	0	5
896.800	6	0	0	0	3	0	0	0	0	0	0	0	0	0	0	12	0	2	8	8	7	0	0	5
897.000	6	1	0	0	1	0	0	0	0	0	0	0	0	0	0	7	0	1	8	9	9	0	0	4
897.200	7	1	0	0	2	0	0	0	0	0	0	0	0	0	0	9	0	1	6	11	9	0	0	5
897.400	6	0	0	0	4	0	0	0	0	0	0	2	0	0	0	10	0	1	6	14	8	0	0	6
897.600	7	0	0	0	2	0	0	0	0	0	0	1	0	0	0	9	0	1	8	7	5	0	0	4
897.800	6	0	0	0	3	0	0	0	0	0	0	2	0	0	0	11	0	1	7	12	7	0	0	6
898.000	6	0	0	0	4	0	0	0	0	0	0	4	0	1	0	12	0	1	6	11	7	0	0	7
898.200	7	0	0	0	4	0	0	0	0	0	0	2	0	0	0	11	0	1	6	5	7	0	0	3
898.400	8	0	0	0	3	0	0	0	0	0	0	6	0	0	0	10	0	0	6	8	8	0	0	3
898.600	7	0	0	0	4	0	0	0	0	0	0	1	0	0	0	13	0	1	8	11	9	0	0	6
898.800	6	0	0	0	5	0	0	0	0	0	0	4	0	0	0	10	0	1	7	11	8	0	0	7
899.000	7	0	0	0	4	0	0	0	0	0	0	4	0	0	0	10	0	1	8	10	8	0	0	5
899.200	6	0	0	0	2	0	0	0	0	0	0	4	0	0	0	10	0	1	7	12	9	0	0	6
899.400	5	0	0	0	0	0	0	0	0	0	0	6	0	0	0	5	0	1	6	14	7	0	0	4
899.600	7	1	0	0	0	0	0	0	0	0	0	4	0	0	0	4	0	0	5	11	6	0	0	5
899.800	7	0	0	0	0	0	0	0	0	0	0	6	0	0	0	10	0	0	5	10	7	0	0	4
900.000	7	0	0	0	1	0	0	0	0	0	0	6	0	0	0	11	0	1	7	10	7	0	0	5
900.200	7	1	0	0	0	0	0	0	0	0	0	6	0	0	0	7	0	1	5	11	9	0	0	5
900.400	8	0	0	0	0	0	0	0	0	0	0	4	0	0	0	14	0	1	5	14	8	0	0	6
900.600	6	0	0	0	0	0	0	0	0	0	0	4	0	0	0	13	0	1	6	12	6	0	0	4
900.800	8	0	0	0	0	0	0	0	0	0	0	6	0	0	0	11	0	2	6	12	6	0	0	4
901.000	8	1	0	0	0	0	0	0	0	0	0	1	0	0	0	12	0	1	6	13	9	0	0	5
901.200	8	0	0	0	0	0	0	0	0	0	0	4	0	0	0	13	0	1	6	6	9	0	0	4
901.400	8	1	0	0	0	0	0	0	0	0	0	4	0	0	0	4	0	1	4	12	4	0	0	5
901.600	11	1	0	0	0	0	0	0	0	0	0	1	0	0	0	5	0	0	4	13	7	0	0	4
901.800	9	0	0	0	0	0	0	0	0	0	0	3	0	0	0	11	0	1	6	7	5	0	0	5
902.000	10	1	1	0	0	0	0	0	0	0	0	5	0	0	0	12	0	0	4	15	8	0	0	4
902.200	12	1	0	0	0	0	0	0	0	0	0	0	0	0	0	10	0	0	7	10	7	0	0	4
902.400	8	0	0	0	0	0	0	0	0	0	0	0	0	0	0	14	0	1	4	14	5	0	0	5
902.600	7	0	0	0	0	0	0	0	0	0	0	2	0	0	0	11	0	1	5	13	10	0	0	3
902.800	7	0	0	0	0	0	0	0	0	0	0	6	0	0	0	13	0	1	5	12	6	0	0	3
903.000	6	0	0	0	0	0	0	0	0	0	0	5	0	0	0	12	0	2	5	9	6	0	0	4
903.200	6	0	0	0	0	0	0	0	0	0	0	4	0	0	0	9	0	0	4	10	5	0	0	3
903.400	6	0	0	0	0	0	0	0	0	0	0	5	0	0	0	12	0	1	8	11	5	0	0	5
903.600	5	0	0	0	0	0	0	0	0	0	0	4	0	0	0	12	0	2	9	8	6	0	0	5
903.800	8	0	0	0	0	0	0	0	0	0	0	2	0	0	0	8	0	0	7	8	6	0	0	3
904.000	5	0	0	0	0	0	0	0	0	0	0	0	0	0	0	9	0	2	5	12	8	0	0	4
904.200	7	0	0	0	0	0	0	0	0	0	0	1	0	0	0	10	0	2	9	10	6	0	0	4
904.400	8	0	0	0	0	0	0	0	0	0	0	1	0	0	0	13	0	2	8	12	8	0	0	4
904.600	6	0	0	0	0	0	0	0	0	0	0	0	0	0	0	8	0	1	7	12	4	0	0	5
904.800	5	0	0	0	0	0	0	0	0	0	0	1	0	0	0	8	0	2	9	12	6	0	0	6
905.000	6	0	0	0	0	0	0	0	0	0	0	0	0	0	0	11	0	1	7	11	5	0	0	5
905.200	3	0	0	0	0	0	0	0	0	0	0	0	0	0	0	11	0	1	6	10	6	0	0	4
905.400	4	0	0	0	0	0	0	0	0	0	0	0	0	0	0	16	0	1	6	9	4	0	0	4
905.600	7	0	0	0	0	0	0	0	0	0	0	0	0	0	0	9	0	1	9	12	7	0	0	6
905.800	6	0	0	0	0	0	0	0	0	0	0	0	0	0	0	10	0	1	8	11	8	0	0	4
906.000	5	0	0	0	0	0	0	0	0	0	0	0	0	0	0	15	0	1	8	11	5	0	0	4
906.200	7	0	0	0	0	0	0	0	0	0	0	0	0	0	0	8	0	1	5	11	6	0	0	4
906.400	7	0	0	0	0	0	0	0	0	0	0	0	0	0	0	8	0	2	7	14	5	0	0	3
906.600	9	0	0	0	0	0	0	0	0	0	0	0	0	0	0	10	0	1	4	10	5	0	0	4
906.800	6	0	0	0	0	0	0	0	0	0	0	2	0	0	0	10	0	0	4	11	5	0	0	5
907.000	8	0	0	0	0	0	0	0	0	0	0	2	0	0	0	7	0	1	4	16	5	0	0	1
907.200	6	0	0	0	0	0	0	0	0	0	0	0	0	0	0	11	0	2	5	18	7	0	0	0
907.400	7	0	0	0	0	0	0	0	0	0	0	0	0	0	0	8	0	1	4	14	4	0	0	2
907.600	7	0	0	0	0	0	0	0	0	0	0	0	0	0	0	6	0	1	5	12	4	0	0	4
907.800	6	0	0	0	0	0	0	0	0	0	0	0	0	0	0	8	0	1	5	13	5	0	0	5
908.000	6	0	0	0	0	0	0	0	0	0	0	0	0	0	0	9	0	1	7	9	5	0	0	4
908.200	6	0	0	0	0	0	0	0	0	0	0	0	0	0	0	9	0	0	6	12	6	0	0	4
908.400	9	0	0	0	0	0	0	0	0	0	0	0	0	0	0	8	0	1	5	13	6	0	0	5
908.600	7	0	0	0	0	0	0	0	0	0	0	0	0	0	0	13	0	1	8	13	6	0	0	6
908.800	8	0	0	0	0	0	0	0	0	0	0	0	0	0	0	6	0	1	7	13	7	0	0	4
909.000	8	0	0	0	0	0	0	0	0	0	0	0	0	0	0	10	0	1	5	11	9	0	0	3
909.200	10	1	0	0	0	0	0	0	0	0	0	0	0	0	0	11	0	1	5	12	6	0	0	5
909.400	9	1	0	0	0	0	0	0	0	0	0	0	0	0	0	7	0	1	4	10	9	0	0	4
909.600	9	1	0	0	0	0	0	0	0	0	0	0	0	0	0	12	0	1	4	10	5	0	0	4
909.800	4	0	0	0	0	0	0	0	0	0	0	0	0	0	0	11	0	1	4	12	6	0	0	4
910.000	8	1	0	0	0	0	0	0	0	0	0	0	0	0	0	11	0	0	4	12	6	0	0	3
910.200	8	1	0	0	0	0	0	0	0	0	0	0	0	0	0	6	0	1	6	10	7	0	0	3
910.400	8	0	0	0	0	0	0	0	0	0	0	6	0	0	0	5	0	0	5	11	5	0	0	2
910.600	7	0	0	0	0	0	0	0	0	0	0	2	0	0	0	3	0	0	5	10	8	0	0	6
910.800	10	1	0	0	0	0	0	0	0	0	0	2	0	0	0	9	0	1	5	13	5	0	0	4
911.000	7	0	0	0	0	0	0	0	0	0	0	3	0	0	0	9	0	1	5	11	6	0	0	4
911.200	5	0	0	0	0	0	0	0	0	0	0	4	0	0	0	9	0	0	5	12	6	0	0	4
911.400	5	0	0	0	0	0	0	0	0	0	0	6	0	0	0	10	0	1	7	10	7	0	0	4
911.600	6	0	0	0	0	0	0	0	0	0	0	4	0	0	0	11	0	1	7	9	6	0	0	4
911.800	6	0	0	0	0	0	0	0	0	0	0	6	0	0	0	13	0	1	5	6	6	0	0	5
912.000	5	0	0	0	0	0	0	0	0	0	0	5	0	0	0	11	0	1	9	10	6	0	0	5
912.200	6	0	0	0	0	0	0	0	0	0	0	7	0	0	0	14	0	1	7	9	6	0	0	5
912.400	5	0	0	0	0	0	0	0	0	0	0	6	0	0	0	9	0	0	7	12	11	0	0	5
912.600	8	0	0	0	0	0	0	0	0	0	0	5	0	0	0	5	0	1	7	13	11	0	0	6
912.800	5	0	0	0	0	0	0	0	0	0	0	2	0	0	0	9	0	1	6	11	6	0	0	5
913.000	8	0	0	0	0	0	0	0	0	0	0	4	0	0	0	17	0	2	10	10	6	0	0	4
913.200	5	0	0	0	0	0	0	0	0	0	0	4	0	0	0	11	0	1	7	9	6	0	0	5
913.400	7	0	0	0	0	0	0	0	0	0	0	4	0	0	0	10	0	2	10	11	8	0	0	3
913.600	8	0	0	0	0	0	0	0	0	0	0	6	0	0	0	11	0	1	8	8	7	0	0	3
913.800	6	0	0	0	0	0	0	0	0	0	0	3	0	0	0	9	0	0	9	10	5	0	0	7
914.000	5	0	0	0	0	0	0	0	0	0	0	3	0	0	0	9	0	1	8	7	5	0	0	4
914.200	4	0	0	0	0	0	0	0	0	0	0	6	0	0	0	9	0	1	6	12	6	0	0	4
914.400	4	0	0	0	0	0	0	0	0	0	0	3	0	0	0	12	0	1	8	13	8	0	0	6
914.600	7	0	0	0	0	0	0	0	0	0	0	4	0	0	0	7	0	1	7	8	6	0	0	3
914.800	5	0	0	0	0	0	0	0	0	0	0	1	0	0	0	10	0	1	6	12	8	0	0	4
915.000	5	0	0	0	0	0	0	0	0	0	0	2	0	0	0	8	0	1	7	16	9	0	0	4
915.200	5	0	0	0	0	0	0	0	0	0	0	5	0	0	0	9	0	1	7	8	6	0	0	4
915.400	7	0	0	0	0	0	0	0	0	0	0	6	0	0	0	10	0	2	5	12	6	0	0	5
915.600	6	0	0	0	0	0	0	0	0	0	0	1	0	0	0	11	0	1	7	11	6	0	0	6
915.800	10	0	0	0	0	0	0	0	0	0	0	1	0	0	0	11	0	1	5	13	7	0	0	3
916.000	9	0	0	0	0	0	0	0	0	0	0	1	0	0	0	10	0	1	4	13	6	0	0	5
916.200	7	0	0	0	0	0	0	0	0	0	0	1	0	0	0	9	0	1	4	9	5	0	0	5
916.400	9	0	0	0	0	0	0	0	0	0	0	6	0	0	0	11	0	1	4	7	7	0	0	4
916.600	9	0	0	0	0	0	0	0	0	0	0	1	0	0	0	10	0	2	7	12	7	0	0	3
916.800	7	0	0	0	0	0	0	0	0	0	0	3	0	0	0	9	0	0	4	10	5	0	0	3
917.000	8	0	0	0	0	0	0	0	0	0	0	3	0	0	0	8	0	1	4	12	5	0	0	5
917.200	9	0	0	0	0	0	0	0	0	0	0	0	0	0	0	6	0	2	5	11	5	0	0	5
917.400	6	0	0	0	0	0	0	0	0	0	0	0	0	0	0	4	0	1	5	13	6	0	0	6
917.600	9	0	0	0	0	0	0	0	0	0	0	0	0	0	0	12	0	1	4	6	7	0	0	2
917.800	9	0	0	0	0	0	0	0	0	0	0	0	0	0	0	7	0	1	7	13	6	0	0	1
918.000	7	0	0	0	0	0	0	0	0	0	0	0	0	0	0	10	0	1	5	11	10	0	0	5
918.200	4	0	0	0	0	0	0	0	0	0	0	0	0	0	0	6	0	1	5	11	3	0	0	3
918.400	10	0	0	0	6	0	0	0	0	0	0	0	0	0	0	7	0	1	4	8	5	0	0	4
918.600	6	0	0	0	3	0	0	0	0	0	0	0	0	0	0	6	0	1	4	13	6	0	0	5
918.800	8	0	0	0	5	0	0	0	0	0	0	0	0	0	0	6	0	1	4	11	4	0	0	2
919.000	6	0	0	0	3	0	0	0	0	0	0	0	0	0	0	5	0	2	6	12	7	0	0	4
919.200	7	0	0	0	5	0	0	0	0	0	0	0	0	0	0	6	0	1	6	13	5	0	0	3
919.400	9	0	0	0	6	0	0	0	0	0	0	0	0	0	0	8	0	0	4	12	5	0	0	6
919.600	9	0	0	0	7	0	0	0	0	0	0	0	0	0	0	7	0	1	4	10	5	0	0	5
919.800	9	0	0	0	6	0	0	0	0	0	0	0	0	0	0	5	0	1	8	5	6	0	0	3
920.000	8	0	0	0	5	0	0	0	0	0	0	0	0	0	0	7	0	0	5	7	6	0	0	5
920.200	9	0	0	0	6	0	0	0	0	0	0	0	0	0	0	8	0	0	6	11	6	0	0	4
920.400	9	0	0	0	6	0	0	0	0	0	0	0	0	0	0	11	0	0	5	12	6	0	0	5
920.600	8	0	0	0	4	0	0	0	0	0	0	0	0	0	0	11	0	1	6	13	5	0	0	5
920.800	10	0	0	0	3	0	0	0	0	0	0	0	0	0	0	11	0	1	5	7	9	0	0	4
921.000	7	0	0	0	5	0	0	0	0	0	0	0	0	0	0	10	0	1	6	10	7	0	0	4
921.200	8	0	0	0	4	0	0	0	0	0	0	0	0	0	0	7	0	0	5	10	7	0	0	0
921.400	7	0	0	0	4	0	0	0	0	0	0	0	0	0	0	11	0	0	6	7	6	0	0	4
921.600	8	0	0	0	4	0	0	0	0	0	0	0	0	0	0	11	0	0	6	12	6	0	0	1
921.800	7	0	0	0	4	0	0	0	0	0	0	4	0	0	0	9	0	0	3	12	8	0	0	2
922.000	7	0	0	0	9	0	0	0	0	0	0	3	0	0	0	11	0	1	3	9	5	0	0	2
922.200	8	0	0	0	10	0	0	0	0	0	0	3	0	0	0	8	0	1	3	8	7	0	0	3
922.400	7	0	0	0	11	0	0	0	0	0	0	2	0	0	0	5	0	1	5	12	8	0	0	5
922.600	8	0	0	0	14	0	0	0	0	0	0	2	0	0	0	10	0	0	4	14	8	0	0	3
922.800	6	0	0	0	9	0	0	0	0	0	0	1	0	0	0	11	0	1	5	10	3	0	0	5
923.000	10	0	0	0	9	0	0	0	0	0	0	0	0	0	0	10	0	0	4	10	4	0	0	0
923.200	6	0	0	0	8	0	0	0	0	0	0	0	0	0	0	13	0	1	5	12	4	0	0	3
923.400	6	0	0	0	6	0	0	0	0	0	0	0	0	0	0	10	0	1	5	6	5	0	0	6
923.600	8	0	0	0	7	0	0	0	0	0	0	0	0	0	0	11	0	1	5	13	6	0	0	3
923.800	8	0	0	0	8	0	0	0	0	0	0	0	0	0	0	10	0	1	6	12	5	0	0	4
924.000	10	0	0	0	8	0	0	0	0	0	0	0	0	0	0	10	0	1	5	14	3	0	0	5
924.200	8	0	0	0	13	0	0	0	0	0	0	0	0	0	0	9	0	1	4	11	5	0	0	3
924.400	9	0	0	0	8	0	0	0	0	0	0	0	0	0	0	10	0	1	4	8	7	0	0	4
924.600	7	0	0	0	7	0	0	0	0	0	0	0	0	0	0	8	0	1	5	12	9	0	0	5
924.800	7	0	0	0	15	0	0	0	0	0	0	0	0	0	0	10	0	1	5	10	6	0	0	4
925.000	10	0	0	0	12	0	0	0	0	0	0	0	0	0	0	13	0	1	4	9	6	0	0	4
925.200	9	0	0	0	16	0	0	0	0	0	0	0	0	0	0	10	0	1	6	14	7	0	0	4
925.400	9	0	0	0	17	0	0	0	0	0	0	0	0	0	0	14	0	1	4	11	5	0	0	4
925.600	7	0	0	0	10	0	0	0	0	0	0	0	0	0	0	8	0	1	5	14	8	0	0	3
925.800	9	1	0	0	8	0	0	0	0	0	0	0	0	0	0	5	0	0	5	11	9	0	0	3
926.000	8	1	0	0	4	0	0	0	0	0	0	0	0	0	0	12	0	1	5	12	10	0	0	4
926.200	8	0	0	0	6	0	0	0	0	0	0	0	0	0	0	8	0	1	4	12	10	0	0	2
926.400	7	0	0	0	3	0	0	0	0	0	0	1	0	0	0	11	0	1	4	11	4	0	0	2
926.600	8	0	0	0	2	0	0	0	0	0	0	0	0	0	0	11	0	1	5	8	4	0	0	2
926.800	10	1	0	0	4	0	0	0	0	0	0	0	0	0	0	7	0	1	4	9	5	0	0	1
927.000	7	0	0	0	4	0	0	0	0	0	0	0	0	0	0	11	0	1	4	8	5	0	0	5
927.200	7	0	0	0	4	0	0	0	0	0	0	1	0	0	0	7	0	1	4	6	5	0	0	2
927.400	9	0	0	0	3	0	0	0	0	0	0	0	0	0	0	9	0	1	4	9	5	0	0	2
927.600	10	0	0	0	5	0	0	0	0	0	0	0	0	0	0	12	0	1	4	9	6	0	0	3
927.800	10	0	0	0	9	0	0	0	0	0	0	0	0	0	0	9	0	0	4	12	5	0	0	2
928.000	7	0	0	0	7	0	0	0	0	0	0	0	0	0	0	7	0	0	1	12	7	0	0	3
928.200	8	0	0	0	5	0	0	0	0	0	0	0	0	0	0	7	0	0	3	13	7	0	0	3
928.400	7	0	0	0	7	0	0	0	0	0	0	0	0	0	0	10	0	0	2	12	10	0	0	3
928.600	8	0	0	0	5	0	0	0	0	0	0	0	0	0	0	9	0	0	2	10	6	0	0	4
928.800	8	0	0	0	5	0	0	0	0	0	0	0	0	0	0	9	0	1	3	13	5	0	0	5
929.000	9	0	0	0	4	0	0	0	0	0	0	0	0	0	0	15	0	0	3	12	9	0	0	4
929.200	7	0	0	0	5	0	0	0	0	0	0	1	0	0	0	10	0	1	3	11	5	0	0	5
929.400	9	0	0	0	4	0	0	0	0	0	0	1	0	0	0	12	0	1	5	13	6	0	0	4
929.600	10	0	0	0	4	0	0	0	0	0	0	0	0	0	0	8	0	1	7	9	4	0	0	4
929.800	6	0	0	0	3	0	0	0	0	0	0	0	0	0	0	12	0	1	5	12	5	0	0	1
930.000	7	0	0	0	4	0	0	0	0	0	0	0	0	0	0	11	0	1	4	12	5	0	0	5
930.200	8	0	0	0	5	0	0	0	0	0	0	0	0	0	0	13	0	2	5	10	5	0	0	2
930.400	6	0	0	0	4	0	0	0	0	0	0	0	0	0	0	10	0	1	8	9	6	0	0	5
930.600	9	0	0	0	0	0	0	0	0	0	0	0	0	0	0	7	0	2	5	13	4	0	0	4
930.800	8	0	0	0	4	0	0	0	0	0	0	1	0	0	0	11	0	1	6	13	6	0	0	4
931.000	8	0	0	0	11	0	0	0	0	0	0	1	0	0	0	9	0	1	5	12	5	0	0	3
931.200	10	0	0	0	5	0	0	0	0	0	0	0	0	0	0	10	0	0	4	14	7	0	0	5
931.400	10	0	0	0	5	0	0	0	0	0	0	1	0	0	0	11	0	1	4	9	7	0	0	4
931.600	10	0	0	0	6	0	0	0	0	0	0	1	0	0	0	9	0	1	6	11	6	0	0	5
931.800	6	0	0	0	5	0	0	0	0	0	0	0	0	0	0	10	0	0	4	10	9	0	0	1
932.000	7	0	0	0	5	0	0	0	0	0	0	0	0	0	0	10	0	2	5	11	4	0	0	3
932.200	9	0	0	0	5	0	0	0	0	0	0	0	0	0	0	7	0	1	5	14	9	0	0	5
932.400	9	0	0	0	5	0	0	0	0	0	0	1	0	0	0	7	0	0	4	10	5	0	0	2
932.600	10	0	0	0	5	0	0	0	0	0	0	0	0	0	0	10	0	1	4	8	9	0	0	4
932.800	9	0	0	0	5	0	0	0	0	0	0	0	0	0	0	11	0	1	6	12	6	0	0	5
933.000	8	0	0	0	5	0	0	0	0	0	0	0	0	0	0	12	0	1	4	6	4	0	0	3
933.200	7	0	0	0	5	0	0	0	0	0	0	0	0	0	0	9	0	1	4	10	4	0	0	2
933.400	8	0	0	0	5	0	0	0	0	0	0	0	0	0	0	6	0	1	4	12	5	0	0	3
933.600	8	0	0	0	5	0	0	0	0	0	0	0	0	0	0	8	0	0	4	8	5	0	0	2
933.800	9	1	0	0	5	0	0	0	0	0	0	0	0	0	0	11	0	1	4	9	4	0	0	4
934.000	8	0	0	0	2	0	0	0	0	0	0	0	0	0	0	7	0	1	4	9	4	0	0	5
934.200	7	0	0	0	5	0	0	0	0	0	0	0	0	0	0	6	0	1	4	14	7	0	0	4
934.400	7	0	0	0	5	0	0	0	0	0	0	0	0	0	0	9	0	1	5	11	6	0	0	6
934.600	7	0	0	0	5	0	0	0	0	0	0	0	0	0	0	10	0	1	8	11	4	0	0	6
934.800	6	0	0	0	5	0	0	0	0	0	0	0	0	0	0	9	0	1	5	10	4	0	0	5
935.000	9	0	0	0	5	0	0	0	0	0	0	0	0	0	0	4	0	1	4	9	5	0	0	3
935.200	7	1	0	0	3	0	0	0	0	0	0	0	0	0	0	6	0	1	5	14	5	0	0	3
935.400	7	0	0	0	3	0	0	0	0	0	0	2	0	0	0	10	0	2	5	10	6	0	0	6
935.600	7	0	0	0	5	0	0	0	0	0	0	3	0	0	0	8	0	0	6	11	2	0	0	2
935.800	10	1	0	0	5	0	0	0	0	0	0	5	0	0	0	14	0	1	6	10	7	0	0	1
936.000	9	0	0	0	8	0	0	0	0	0	0	4	0	0	0	10	0	1	4	12	9	0	0	1
936.200	11	0	0	0	4	0	0	0	0	0	0	4	0	0	0	10	0	1	5	9	7	0	0	1
936.400	8	0	0	0	7	0	0	0	0	0	0	5	0	0	0	10	0	1	7	9	3	0	0	6
936.600	7	0	0	0	6	0	0	0	0	0	0	4	0	0	0	10	0	1	7	11	4	0	0	2
936.800	8	0	0	0	6	0	0	0	0	0	0	7	0	0	0	8	0	0	5	9	4	0	0	2
937.000	8	0	0	0	3	0	0	0	0	0	0	6	0	0	0	8	0	1	8	11	5	0	0	4
937.200	7	0	0	0	4	0	0	0	0	0	0	5	0	0	0	5	0	1	5	11	6	0	0	1
937.400	7	0	0	0	6	0	0	0	0	0	0	6	0	0	0	9	0	0	1	9	6	0	0	1
937.600	7	0	0	0	5	0	0	0	0	0	0	5	0	0	0	6	0	0	2	11	4	0	0	0
937.800	8	0	0	0	3	0	0	0	0	0	0	7	0	0	0	11	0	0	2	13	8	0	0	0
938.000	8	0	0	0	4	0	0	0	0	0	0	6	0	0	0	7	0	0	3	11	7	0	0	0
938.200	8	0	0	0	6	0	0	0	0	0	0	6	0	0	0	12	0	0	5	7	6	0	0	0
938.400	6	0	0	0	7	0	0	0	0	0	0	4	0	0	0	8	0	0	4	11	12	0	0	1
938.600	8	0	0	0	3	0	0	0	0	0	0	4	0	0	0	10	0	0	4	11	9	1	0	0
938.800	9	0	0	0	6	0	0	0	0	0	0	4	0	0	0	9	0	0	6	9	9	0	0	0
939.000	7	0	0	0	4	0	0	0	0	0	0	4	0	0	0	12	0	0	4	11	6	0	0	0
939.200	7	0	0	0	2	0	0	0	0	0	0	4	0	0	0	8	0	0	4	9	13	0	0	1
939.400	5	0	0	0	1	0	0	0	0	0	0	4	0	0	0	10	0	0	4	11	13	0	0	1
939.600	7	0	0	0	1	0	0	0	0	0	0	3	0	0	0	10	0	0	6	10	11	0	0	2
939.800	7	0	0	0	1	0	0	0	0	0	0	3	0	0	0	4	0	1	6	12	9	0	0	4
940.000	7	0	0	0	2	0	0	0	0	0	0	4	0	0	0	8	0	1	7	12	8	0	0	4
940.200	7	0	0	0	6	0	0	0	0	0	0	0	0	0	0	11	0	1	5	10	6	0	0	5
940.400	8	0	0	0	3	0	0	0	0	0	0	0	0	0	0	10	0	1	6	12	3	0	0	1
940.600	8	0	0	0	5	0	0	0	0	0	0	0	0	0	0	8	0	0	5	10	5	0	0	3
940.800	9	0	0	0	4	0	0	0	0	0	0	0	0	0	0	7	0	1	6	10	8	0	0	4
941.000	7	0	0	0	11	0	0	0	0	0	0	0	0	0	0	10	0	1	5	13	9	0	0	3
941.200	6	0	0	0	9	0	0	0	0	0	0	0	0	0	0	8	0	1	5	5	4	0	0	4
941.400	6	0	0	0	4	0	0	0	0	0	0	0	0	0	0	7	0	0	6	10	5	0	0	0
941.600	6	0	0	0	5	0	0	0	0	0	0	0	0	0	0	7	0	1	6	7	5	0	0	2
941.800	7	0	0	0	7	0	0	0	0	0	0	0	0	0	0	11	0	0	5	5	6	0	0	1
942.000	5	0	0	0	7	0	0	0	0	0	0	0	0	0	0	7	0	0	4	9	11	0	0	0
942.200	5	0	0	0	8	0	0	0	0	0	0	0	0	0	0	9	0	0	5	4	4	0	0	0
942.400	6	0	0	0	5	0	0	0	0	0	0	0	0	0	0	7	0	1	6	8	5	0	0	3
942.600	7	0	0	0	5	0	0	0	0	0	0	0	0	0	0	9	0	1	5	6	8	0	0	0
942.800	3	0	0	0	5	0	0	0	0	0	0	0	0	0	0	8	0	0	7	10	5	0	0	4
943.000	4	0	0	0	7	0	0	0	0	0	0	0	0	0	0	7	0	0	5	8	6	0	0	6
943.200	6	0	0	0	1	0	0	0	0	0	0	0	0	0	0	9	0	1	4	9	8	0	0	6
943.400	4	0	0	0	1	0	0	0	0	0	0	0	0	0	0	9	0	0	4	8	10	0	0	6
943.600	5	0	0	0	2	0	0	0	0	0	0	0	0	0	0	10	0	1	10	9	8	0	0	5
943.800	5	0	0	0	4	0	0	0	0	0	0	0	0	0	0	11	0	2	5	7	7	0	0	5
944.000	6	0	0	0	3	0	0	0	0	0	0	0	0	0	0	10	0	2	6	9	7	0	0	6
944.200	5	0	0	0	4	0	0	0	0	0	0	0	0	0	0	10	0	2	7	8	7	0	0	4
944.400	5	0	0	0	2	0	0	0	0	0	0	0	0	0	0	10	0	1	8	14	6	0	0	4
944.600	4	0	0	0	6	0	0	0	0	0	0	0	0	0	0	12	0	1	12	13	6	0	0	5
944.800	4	0	0	0	3	0	0	0	0	0	0	0	0	0	0	11	0	2	6	13	6	0	0	5
945.000	9	0	0	0	2	0	0	0	0	0	0	0	0	0	0	8	0	1	4	13	6	0	0	3
945.200	10	0	0	0	4	0	0	0	0	0	0	0	0	0	0	9	0	1	5	13	4	0	0	0
945.400	9	0	0	0	4	0	0	0	0	0	0	0	0	0	0	6	0	1	6	7	3	0	0	1
945.600	7	0	0	0	5	0	0	0	0	0	0	0	0	0	0	7	0	0	6	10	9	0	0	3
945.800	8	0	0	0	4	0	0	0	0	0	0	0	0	0	0	6	0	1	5	10	8	0	0	4
946.000	8	0	0	0	5	0	0	0	0	0	0	0	0	0	0	11	0	1	5	11	5	0	0	3
946.200	7	0	0	0	5	0	0	0	0	0	0	0	0	0	0	9	0	1	8	12	5	0	0	3
946.400	9	0	0	0	4	0	0	0	0	0	0	0	0	0	0	7	0	1	4	15	5	0	0	3
946.600	8	0	0	0	3	0	0	0	0	0	0	0	0	0	0	7	0	2	6	13	6	0	0	4
946.800	7	0	0	0	4	0	0	0	0	0	0	0	0	0	0	8	0	2	7	8	5	0	0	4
947.000	8	0	0	0	2	0	0	0	0	0	0	0	0	0	0	8	0	2	5	11	7	0	0	1
947.200	10	0	0	0	2	0	0	0	0	0	0	0	0	0	0	8	0	2	5	12	5	0	0	0
947.400	9	0	0	0	2	0	0	0	0	0	0	0	0	0	0	4	0	2	6	10	4	0	0	0
947.600	10	0	0	0	1	0	0	0	0	0	0	0	0	0	0	11	0	2	6	11	5	0	0	3
947.800	9	0	0	0	2	0	0	0	0	0	0	0	0	0	0	6	0	3	6	9	6	0	0	2
948.000	5	0	0	0	0	0	0	0	0	0	0	0	0	0	0	8	0	1	4	12	5	0	0	0
948.200	8	0	0	0	0	0	0	0	0	0	0	0	0	0	0	8	0	2	4	10	7	0	0	0
948.400	5	0	0	0	0	0	0	0	0	0	0	0	0	0	0	7	0	1	5	12	7	0	0	0
948.600	3	0	0	0	0	0	0	0	0	0	0	0	0	0	0	9	0	1	6	10	7	0	0	0
948.800	3	0	0	0	0	0	0	0	0	0	0	0	0	0	0	7	0	0	5	10	6	0	0	0
949.000	3	0	0	0	0	0	0	0	0	0	0	0	0	0	0	8	0	2	4	11	10	0	0	0
949.200	3	0	0	0	0	0	0	0	0	0	0	0	0	0	0	9	0	0	5	10	10	0	0	0
949.400	3	0	0	0	0	0	0	0	0	0	0	0	0	0	0	9	0	1	4	7	9	0	0	0
949.600	3	0	0	0	0	0	0	0	0	0	0	0	0	0	0	7	0	2	4	12	9	0	0	0
949.800	3	0	0	0	1	0	0	0	0	0	0	0	0	0	0	4	0	0	4	11	5	0	0	0
950.000	3	0	0	0	1	0	0	0	0	0	0	0	0	0	0	5	0	1	5	9	5	0	0	0
950.200	3	0	0	0	1	0	0	0	0	0	0	0	0	0	0	3	0	0	4	11	10	0	0	0
950.400	4	0	0	0	0	0	0	0	0	0	1	0	0	0	0	8	0	0	4	10	10	0	0	2
950.600	4	0	0	0	0	0	0	0	0	0	0	0	0	0	0	5	0	0	1	9	9	0	0	0
950.800	7	0	0	0	0	0	0	0	0	0	0	0	0	0	0	7	0	0	5	10	12	0	0	1
951.000	8	0	0	0	0	0	0	0	0	0	0	0	0	0	0	11	0	0	3	12	12	0	0	1
951.200	8	0	0	0	0	0	0	0	0	0	0	0	0	0	0	9	0	0	4	10	8	0	0	0
951.400	8	0	0	0	0	0	0	0	0	0	0	0	0	0	0	13	0	0	5	7	6	0	0	0
951.600	10	0	0	0	0	0	0	0	0	0	4	0	0	0	0	10	0	0	4	10	12	0	0	0
951.800	8	0	0	0	0	0	0	0	0	0	1	0	0	0	0	9	0	0	4	10	11	0	0	2
952.000	7	0	0	0	0	0	0	0	0	0	2	0	0	0	0	11	0	0	4	12	13	0	0	1
952.200	7	0	0	0	0	0	0	0	0	0	0	0	0	0	0	3	0	0	4	12	12	0	0	1
952.400	8	0	0	0	1	0	0	0	0	0	1	0	0	0	0	5	0	0	5	9	11	0	0	0
952.600	4	0	0	0	3	0	0	0	0	0	3	0	0	0	0	9	0	0	4	11	10	0	0	0
952.800	4	0	0	0	0	0	0	0	0	0	3	0	0	0	0	7	0	0	5	10	10	0	0	0
953.000	4	0	0	0	0	0	0	0	1	0	3	0	0	0	0	6	0	0	5	12	10	0	0	0
953.200	4	0	0	0	0	0	0	0	0	0	2	0	0	0	0	11	0	0	4	9	12	0	0	0
953.400	3	0	0	0	0	0	0	0	0	0	4	0	0	0	0	9	0	0	5	9	11	0	0	0
953.600	5	0	0	0	0	0	0	0	0	0	3	0	0	0	0	7	0	0	4	9	7	0	0	0
953.800	4	0	0	0	0	0	0	0	0	0	3	0	0	0	0	8	0	0	5	10	7	0	0	0
954.000	4	0	0	0	0	0	0	0	0	0	3	0	0	0	0	8	0	0	4	9	12	0	0	0
954.200	4	0	0	0	0	0	0	0	0	0	3	0	0	0	0	11	0	0	4	10	9	0	0	0
954.400	3	0	0	0	0	0	0	0	0	0	3	0	0	0	0	8	0	0	4	8	6	0	0	0
954.600	6	0	0	0	0	0	0	0	0	0	2	0	0	0	0	11	0	1	5	10	10	0	0	0
954.800	6	0	0	0	0	0	0	0	0	0	9	0	0	0	0	9	0	0	6	11	8	0	0	1
955.000	7	0	0	0	0	0	0	0	0	1	9	0	0	0	0	7	0	0	4	11	8	0	0	0
955.200	7	0	0	0	0	0	0	0	0	1	8	0	0	0	0	9	0	1	5	9	9	0	0	0
955.400	6	0	0	0	0	0	0	0	0	0	7	0	0	0	0	4	0	0	5	10	10	0	0	0
955.600	8	0	0	0	0	0	0	0	0	0	5	0	0	0	0	10	0	0	6	6	2	0	0	0
955.800	4	0	0	0	0	0	0	0	0	0	6	0	0	0	0	12	0	1	4	12	6	0	0	2
956.000	5	0	0	0	0	0	0	0	1	0	8	0	0	0	0	11	0	1	7	9	8	0	0	1
956.200	7	0	0	0	0	0	0	0	0	0	10	0	0	0	0	11	0	0	5	8	6	0	0	2
956.400	6	0	0	0	0	0	0	0	0	0	9	0	0	0	0	9	0	0	4	13	9	0	0	1
956.600	4	0	0	0	0	0	0	0	0	0	5	0	0	0	0	10	0	0	6	10	9	0	0	3
956.800	5	0	0	0	0	0	0	0	0	0	0	0	0	0	0	8	0	0	6	9	11	0	0	3
957.000	9	0	0	0	0	0	0	0	0	0	6	0	0	0	0	9	0	0	6	13	11	0	0	1
957.200	6	0	0	0	0	0	0	0	1	0	6	0	0	0	0	1	0	0	6	9	12	0	0	0
957.400	6	0	0	0	0	0	0	0	0	0	5	0	0	0	0	7	0	0	6	10	9	0	0	1
957.600	7	0	0	0	0	0	0	0	0	0	8	0	0	0	0	13	0	0	5	9	7	0	0	0
957.800	7	0	0	0	0	0	0	0	0	0	6	0	0	0	0	9	0	0	6	10	14	0	0	2
958.000	9	0	0	0	0	0	0	0	0	0	7	0	0	0	0	7	0	0	5	7	11	0	0	1
958.200	8	0	0	0	0	0	0	0	0	0	7	0	0	0	0	6	0	0	4	9	10	0	0	1
958.400	7	0	0	0	0	0	0	0	0	0	6	0	0	0	0	10	0	0	4	9	10	0	0	3
958.600	7	0	0	0	0	0	0	0	0	0	6	0	0	0	0	10	0	0	5	10	11	0	0	1
958.800	7	0	0	0	0	0	0	0	0	0	9	0	0	0	0	11	0	0	4	8	7	0	0	1
959.000	8	0	0	0	0	0	0	0	0	0	6	0	0	0	0	7	0	0	5	10	9	0	0	1
959.200	13	0	0	0	0	0	0	0	0	0	7	0	0	0	0	8	0	0	5	13	9	0	0	1
959.400	7	0	0	0	0	0	0	0	0	0	8	0	0	0	0	12	0	0	4	11	4	0	0	1
959.600	10	0	0	0	0	0	0	0	0	0	5	0	0	0	0	10	0	0	5	10	10	0	0	0
959.800	10	0	0	0	0	0	0	0	0	0	5	0	0	0	0	7	0	0	6	9	7	0	0	1
960.000	9	0	0	0	0	0	0	0	0	0	4	0	0	0	0	10	0	0	6	8	9	0	0	1
960.200	9	0	0	0	0	0	0	0	0	0	5	0	0	0	0	10	0	0	5	13	10	0	0	0
960.400	8	0	0	0	0	0	0	0	0	0	7	1	0	0	0	11	0	0	4	9	8	0	0	0
960.600	8	0	0	0	0	0	0	0	0	0	6	0	0	0	0	8	0	0	4	11	10	0	0	1
960.800	9	0	0	0	0	0	0	0	0	0	6	0	0	0	0	8	0	0	6	11	10	0	0	1
961.000	10	0	0	0	0	0	0	0	0	0	7	1	0	0	0	8	0	0	4	9	11	0	0	0
961.200	6	0	0	0	0	0	0	0	0	0	5	0	0	0	0	15	0	0	5	9	8	0	0	0
961.400	7	0	0	0	0	0	0	0	0	0	8	0	0	0	0	7	0	0	4	11	7	0	0	0
961.600	8	0	0	0	0	0	0	0	0	1	7	0	0	0	0	2	0	0	5	12	5	0	0	0
961.800	11	2	0	0	0	0	0	0	0	0	7	0	0	0	0	12	0	0	4	10	9	0	0	0
962.000	11	1	0	0	0	0	0	0	0	0	8	0	0	0	0	13	0	0	4	9	10	0	0	1
962.200	8	1	0	0	0	0	0	0	0	0	5	0	0	0	0	11	0	1	4	12	10	0	0	1
962.400	9	1	0	0	0	0	0	0	0	0	7	0	0	0	0	10	0	1	6	10	3	0	0	0
962.600	6	0	0	0	0	0	0	0	0	0	8	0	0	0	0	4	0	0	4	13	8	0	0	0
962.800	8	0	0	0	0	0	0	0	0	0	9	0	0	0	0	9	0	0	4	11	7	0	0	1
963.000	9	0	0	0	0	0	0	0	0	0	8	0	0	0	0	11	0	0	6	11	10	0	0	1
963.200	6	0	0	0	0	0	0	0	0	1	15	0	0	0	0	10	0	0	6	9	7	0	0	1
963.400	6	0	0	0	0	0	0	0	0	0	10	0	0	0	0	9	0	0	6	10	11	0	0	2
963.600	6	0	0	0	0	0	0	0	0	0	8	0	0	0	0	11	0	0	4	9	6	0	0	1
963.800	3	0	0	0	0	0	0	0	0	0	7	0	0	0	0	11	0	0	6	12	9	0	0	1
964.000	4	0	0	0	0	0	0	0	0	0	10	0	0	0	0	11	0	0	4	10	5	0	0	1
964.200	6	0	0	0	0	0	0	0	0	1	16	0	0	0	0	11	0	1	5	12	5	0	0	1
964.400	6	0	0	0	0	0	0	0	0	1	16	0	0	0	0	11	0	0	4	11	6	0	0	2
964.600	6	0	0	0	0	0	0	0	0	0	9	1	0	0	0	4	0	0	4	10	6	0	0	1
964.800	3	0	0	0	0	0	0	0	0	1	13	0	0	0	0	10	0	1	6	9	7	0	0	0
965.000	4	0	0	0	0	0	0	0	0	0	11	0	0	0	0	13	0	1	4	10	5	0	0	2
965.200	6	0	0	0	0	0	0	0	0	1	13	0	0	0	0	10	0	1	5	11	6	0	0	0
965.400	7	0	0	0	0	0	0	0	0	1	11	0	0	0	0	7	0	0	5	6	8	0	0	1
965.600	4	0	0	0	0	0	0	0	0	0	12	0	0	0	0	10	0	0	6	11	9	0	0	0
965.800	6	0	0	0	0	0	0	0	0	0	10	0	0	0	0	12	0	0	5	9	6	0	0	0
966.000	4	0	0	0	0	0	0	0	0	0	16	0	0	0	0	10	0	0	4	10	5	0	0	2
966.200	6	0	0	0	0	0	0	0	0	0	7	0	0	0	0	7	0	0	6	11	6	0	0	1
966.400	4	0	0	0	0	0	0	0	0	0	6	0	0	0	0	8	0	0	5	9	6	0	0	0
966.600	4	0	0	0	0	0	0	0	0	3	10	0	0	0	0	13	0	0	5	10	8	0	0	0
966.800	9	0	0	0	0	0	0	0	0	2	13	0	0	0	0	7	0	0	4	10	11	0	0	1
967.000	10	0	0	0	0	0	0	0	0	3	10	0	0	0	0	9	0	0	4	10	8	0	0	0
967.200	6	0	0	0	0	0	0	0	0	2	18	0	0	0	0	10	0	0	6	11	7	0	0	1
967.400	6	0	0	0	0	0	0	0	0	0	14	0	0	0	0	10	0	0	5	9	5	0	0	0
967.600	6	0	0	0	0	0	0	0	0	0	11	0	0	0	0	13	0	0	4	11	9	0	0	1
967.800	4	0	0	0	0	0	0	0	0	2	16	0	0	0	0	9	0	0	6	11	8	0	0	2
968.000	3	0	0	0	0	0	0	0	0	0	14	0	0	0	0	6	0	0	4	10	9	0	0	0
968.200	3	0	0	0	0	0	0	0	0	0	13	0	0	0	0	10	0	0	4	9	6	0	0	0
968.400	5	0	0	0	0	0	0	0	0	0	9	1	0	0	0	10	0	0	5	10	8	0	0	1
968.600	3	0	0	0	0	0	0	0	0	2	15	0	0	0	0	12	0	0	4	11	6	0	0	0
968.800	2	0	0	0	0	0	0	0	0	4	9	0	0	0	0	2	0	0	4	9	8	0	0	0
969.000	3	0	0	0	0	0	0	0	0	3	13	0	0	0	0	3	0	0	3	10	7	0	0	1
969.200	5	0	0	0	0	0	0	0	0	2	18	0	0	0	0	15	0	0	4	8	7	0	0	1
969.400	4	0	0	0	0	0	0	0	0	4	15	0	0	0	0	10	0	0	3	11	6	0	0	2
969.600	6	0	0	0	0	0	0	0	0	0	15	0	0	0	0	2	0	0	1	11	9	0	0	1
969.800	6	0	0	0	0	0	0	0	0	2	21	0	0	0	0	7	0	0	3	11	10	0	0	1
970.000	4	0	0	0	0	0	0	0	0	0	4	0	0	0	0	6	0	0	2	11	3	0	0	3
970.200	4	0	0	0	0	0	0	0	0	0	6	0	0	0	0	11	0	0	2	11	9	0	0	0
970.400	2	0	0	0	0	0	0	0	0	0	11	0	0	0	0	5	0	0	3	10	10	0	0	2
970.600	6	0	0	0	0	0	0	0	0	0	8	0	0	0	0	6	0	0	3	9	11	0	0	1
970.800	9	0	0	0	0	0	0	0	0	1	5	0	0	0	0	3	0	0	3	11	11	0	0	2
971.000	3	0	0	0	0	0	0	0	0	0	5	0	0	0	0	4	0	0	3	9	4	0	0	0
971.200	4	0	0	0	0	0	0	0	0	0	10	0	0	0	0	6	0	0	2	11	9	0	0	0
971.400	5	0	0	0	0	0	0	0	0	0	8	0	0	0	0	6	0	0	4	6	9	0	0	1
971.600	4	0	0	0	0	0	0	0	0	0	8	0	0	0	0	3	0	0	2	11	8	0	0	1
971.800	2	0	0	0	0	0	0	0	0	0	9	0	0	0	0	7	0	0	3	11	7	0	0	1
972.000	5	0	0	0	0	0	0	0	0	0	13	0	0	0	0	3	0	0	1	11	10	0	0	2
972.200	5	0	0	0	0	0	0	0	0	0	7	1	0	0	0	7	0	0	2	10	9	0	0	1
972.400	4	0	0	0	0	0	0	0	0	0	9	0	0	0	0	8	0	0	1	10	10	0	0	0
972.600	4	0	0	0	0	0	0	0	0	0	10	0	0	0	0	5	0	0	3	11	5	0	0	2
972.800	4	0	0	0	0	0	0	0	0	0	13	0	0	0	0	6	0	0	0	11	9	0	0	1
973.000	4	0	0	0	0	0	0	0	0	1	5	1	0	0	0	7	0	0	0	11	9	0	0	2
973.200	2	0	0	0	0	0	0	0	0	2	7	0	0	0	0	6	0	0	1	10	8	0	0	0
973.400	4	0	0	0	0	0	0	0	0	1	10	0	0	0	0	7	0	0	3	13	8	0	0	1
973.600	4	0	0	0	0	0	0	0	0	0	7	0	0	0	0	9	0	0	3	12	6	0	0	3
973.800	2	0	0	0	0	0	0	0	0	0	5	0	0	0	0	8	0	0	2	11	11	0	0	0
974.000	2	0	0	0	0	0	0	0	0	0	3	0	0	0	0	10	0	0	3	10	11	0	0	3
974.200	4	0	0	0	0	0	0	0	0	0	2	0	0	0	0	10	0	0	5	8	7	0	0	1
974.400	3	0	0	0	0	0	0	0	0	0	2	0	0	0	0	13	0	0	6	8	8	0	0	4
974.600	6	0	0	0	0	0	0	0	0	0	3	0	0	0	0	11	0	0	6	6	10	0	0	5
974.800	6	0	0	0	0	0	0	0	0	0	11	0	0	0	0	10	0	0	5	8	10	0	0	1
975.000	8	0	0	0	0	0	0	0	0	1	8	0	0	0	0	9	0	0	3	9	9	0	0	3
975.200	5	0	0	0	0	0	0	0	0	0	6	0	0	0	0	8	0	0	4	10	8	0	0	3
975.400	8	0	0	0	0	0	0	0	0	1	9	0	0	0	0	10	0	0	6	10	7	0	0	3
975.600	6	0	0	0	0	0	0	0	0	0	8	0	0	0	0	9	0	0	4	10	10	0	0	1
975.800	4	0	0	0	0	0	0	0	0	1	10	0	0	0	0	8	0	0	5	10	11	0	0	1
976.000	7	0	0	0	0	0	0	0	0	0	9	0	0	0	0	9	0	0	4	10	11	0	0	0
976.200	6	0	0	0	0	0	0	0	0	0	10	0	0	0	0	10	0	0	6	10	8	0	0	0
976.400	4	0	0	0	0	0	0	0	0	0	9	0	0	0	0	10	0	0	4	10	9	0	0	3
976.600	6	0	0	0	0	0	0	0	0	0	10	0	0	0	0	12	0	0	3	11	11	0	0	2
976.800	6	0	0	0	0	0	0	0	0	1	11	0	0	0	0	8	0	0	1	11	10	0	0	2
977.000	4	0	0	0	0	0	0	0	0	0	7	0	0	0	0	8	0	0	0	10	6	0	0	0
977.200	6	0	0	0	0	0	0	0	0	1	11	0	0	0	0	14	0	0	3	10	7	0	0	1
977.400	8	0	0	0	0	0	0	0	0	0	9	0	0	0	0	12	0	0	1	10	7	0	0	1
977.600	6	0	0	0	0	0	0	0	0	0	9	0	0	0	0	9	0	0	3	11	6	0	0	3
977.800	3	0	0	0	0	0	0	0	1	0	11	0	0	0	0	9	0	0	2	10	7	0	0	0
978.000	6	0	0	0	0	0	0	0	0	0	8	0	0	0	0	10	0	0	0	9	3	0	0	3
978.200	6	0	0	0	0	0	0	0	0	0	6	0	0	0	0	8	0	0	0	6	4	0	0	4
978.400	7	0	0	0	0	0	0	0	0	0	8	0	0	0	0	7	0	0	0	13	7	0	0	3
978.600	8	0	0	0	0	0	0	0	0	0	10	0	0	0	0	7	0	0	1	11	8	0	0	3
978.800	5	0	0	0	0	0	0	0	0	0	9	0	0	0	0	6	0	0	1	9	8	0	0	1
979.000	7	0	0	0	0	0	0	0	0	0	5	0	0	0	0	14	0	0	1	10	8	0	0	2
979.200	8	0	0	0	0	0	0	0	0	1	0	0	0	0	0	12	0	0	3	11	10	0	0	2
979.400	4	0	0	0	0	0	0	0	0	0	8	0	0	0	0	5	0	0	3	10	5	0	0	1
979.600	4	0	0	0	0	0	0	0	0	1	8	0	0	0	0	8	0	0	2	11	6	0	0	2
979.800	5	0	0	0	0	0	0	0	0	0	8	0	0	0	0	9	0	0	2	11	9	0	0	4
980.000	10	0	0	0	1	0	0	0	0	0	4	0	0	0	0	7	0	0	3	11	5	0	0	1
980.200	5	0	0	0	1	0	0	0	0	0	8	0	0	0	0	7	0	0	5	11	11	0	0	0
980.400	5	0	0	0	0	0	0	0	0	0	7	1	0	0	0	8	0	0	6	10	8	0	0	3
980.600	7	0	0	0	0	0	0	0	0	0	5	0	0	0	0	12	0	0	6	11	7	0	0	0
980.800	6	0	0	0	0	0	0	0	0	0	3	0	0	0	0	9	0	0	6	9	8	0	0	2
981.000	10	1	0	0	0	0	0	0	0	0	3	0	0	0	0	4	0	0	6	11	10	0	0	0
981.200	8	0	0	0	0	0	0	0	0	0	3	0	0	0	0	9	0	0	4	7	4	0	0	0
981.400	6	0	0	0	0	0	0	0	0	0	4	0	0	0	0	9	0	0	6	12	11	0	0	1
981.600	4	0	0	0	0	0	0	0	0	0	2	0	0	0	0	12	0	0	6	10	11	0	0	2
981.800	9	0	0	0	0	0	0	0	0	0	2	0	0	0	0	7	0	0	6	9	10	0	0	1
982.000	8	0	0	0	1	0	0	0	0	0	2	0	0	0	0	9	0	0	3	10	12	0	0	5
982.200	11	1	0	0	0	0	0	0	0	0	2	0	0	0	0	7	0	0	2	11	11	0	0	1
982.400	7	0	0	0	0	0	0	0	0	0	3	0	0	0	0	9	0	0	4	10	6	0	0	1
982.600	9	0	0	0	0	0	0	0	0	0	2	1	0	0	0	11	0	0	5	12	10	0	0	3
982.800	6	0	0	0	0	0	0	0	0	0	3	0	0	0	0	12	0	0	6	11	11	0	0	3
983.000	7	0	0	0	0	0	0	0	0	0	4	0	0	0	0	7	0	0	6	11	11	0	0	4
983.200	3	0	0	0	1	0	0	0	0	0	3	0	0	0	0	9	0	0	5	11	11	0	0	3
983.400	9	1	0	0	0	0	0	0	0	0	3	0	0	0	0	10	0	0	4	12	10	0	0	2
983.600	6	0	0	0	0	0	0	0	0	0	6	0	0	0	0	6	0	0	4	12	9	0	0	3
983.800	6	0	0	0	0	0	0	0	0	0	2	0	0	0	0	11	0	0	3	9	4	0	0	3
984.000	6	0	0	0	0	0	0	0	0	0	0	1	0	0	0	8	0	0	4	12	7	0	0	2
984.200	3	0	0	0	0	0	0	0	0	0	0	0	0	0	0	10	0	0	3	11	10	0	0	0
984.400	6	0	0	0	0	0	0	0	0	0	0	0	0	0	0	10	0	0	3	10	12	0	0	1
984.600	6	0	0	0	0	0	0	0	0	0	0	1	0	0	0	10	0	0	5	11	10	0	0	2
984.800	6	0	0	0	0	0	0	0	0	0	4	2	0	0	0	8	0	0	4	10	9	0	0	2
985.000	5	0	0	0	0	0	0	0	0	0	0	1	0	0	0	9	0	0	4	11	10	0	0	2
985.200	6	0	0	0	0	0	0	0	0	0	6	0	0	0	0	3	0	0	4	11	12	0	0	0
985.400	8	0	0	0	0	0	0	0	0	0	3	0	0	0	0	11	0	0	5	8	9	0	0	0
985.600	5	0	0	0	0	0	0	0	0	0	0	0	0	0	0	15	0	0	4	10	10	0	0	0
985.800	3	0	0	0	0	0	0	0	0	0	7	0	0	0	0	4	0	0	5	10	8	0	0	0
986.000	4	0	0	0	0	0	0	0	0	0	4	0	0	0	0	11	0	0	6	9	11	0	0	0
986.200	3	0	0	0	0	0	0	0	0	0	2	0	0	0	0	10	0	0	5	10	8	0	0	0
986.400	5	0	0	0	0	0	0	0	0	0	11	0	0	0	0	12	0	0	5	8	6	0	0	1
986.600	8	0	0	0	0	0	0	0	0	0	7	0	0	0	0	10	0	0	4	10	10	0	0	1
986.800	6	0	0	0	0	0	0	0	0	0	7	0	0	0	0	9	0	0	4	11	12	0	0	1
987.000	6	0	0	0	0	0	0	0	0	0	5	0	0	0	0	7	0	0	5	10	12	1	0	0
987.200	3	0	0	0	0	0	0	0	0	0	3	0	0	0	0	4	0	0	6	9	5	0	0	0
987.400	5	0	0	0	0	0	0	0	0	0	5	0	0	0	0	8	0	0	5	11	7	0	0	0
987.600	2	0	0	0	0	0	0	0	0	0	4	0	0	0	0	7	0	0	4	11	11	0	0	0
987.800	4	0	0	0	0	0	0	0	0	0	1	3	0	0	0	8	0	0	4	10	5	0	0	0
988.000	3	0	0	0	0	0	0	0	0	0	6	1	0	0	0	4	0	0	1	14	9	0	0	0
988.200	4	0	0	0	0	0	0	0	0	0	1	0	0	0	0	7	0	0	3	8	7	0	0	1
988.400	4	0	0	0	0	0	0	0	0	0	4	0	0	0	0	10	0	0	3	11	9	0	0	1
988.600	4	0	0	0	0	0	0	0	0	0	0	0	0	0	0	10	0	0	4	12	7	0	0	2
988.800	6	0	0	0	0	0	0	0	0	0	2	0	0	0	0	9	0	0	3	11	8	0	0	1
989.000	3	0	0	0	0	0	0	0	0	0	0	0	0	0	0	7	0	0	5	8	5	0	0	0
989.200	3	0	0	0	0	0	0	0	0	0	0	0	0	0	0	12	0	0	6	11	6	0	0	0
989.400	3	0	0	0	0	0	0	0	0	0	1	0	0	0	0	11	0	0	6	9	7	0	0	0
989.600	3	0	0	0	0	0	0	0	0	0	0	0	0	0	0	10	0	1	4	9	5	0	0	2
989.800	3	0	0	0	0	0	0	0	0	0	0	0	0	0	0	9	0	0	6	8	6	0	0	0
990.000	3	0	0	0	0	0	0	0	0	0	0	0	0	0	0	10	0	0	5	9	10	0	0	0
990.200	4	0	0	0	0	0	0	0	0	0	0	0	0	0	0	8	0	0	6	9	6	0	0	0
990.400	4	0	0	0	0	0	0	0	0	0	3	0	0	0	0	8	0	0	4	12	12	0	0	0
990.600	4	0	0	0	0	0	0	0	0	0	0	1	0	0	0	8	0	0	2	11	8	0	0	0
990.800	5	0	0	0	0	0	0	0	0	0	0	0	0	0	0	10	0	0	4	9	8	0	0	0
991.000	5	0	0	0	0	0	0	0	0	0	0	0	0	0	0	8	0	0	4	10	9	0	0	0
991.200	3	0	0	0	0	0	0	0	0	0	0	0	0	0	0	8	0	0	5	11	10	0	0	0
991.400	4	0	0	0	0	0	0	0	0	0	0	0	0	0	0	9	0	0	4	12	9	0	0	0
991.600	2	0	0	0	0	0	0	0	0	0	0	0	0	0	0	9	0	0	4	10	10	0	0	0
991.800	5	0	0	0	0	0	0	0	0	0	0	0	0	0	0	7	0	0	6	10	9	0	0	0
992.000	2	0	0	0	0	0	0	0	0	0	0	0	0	0	0	6	0	0	5	11	10	0	0	0
992.200	4	0	0	0	0	0	0	0	0	0	0	0	0	0	0	8	0	0	6	12	11	0	0	0
992.400	4	0	0	0	0	0	0	0	0	0	0	0	0	0	0	12	0	0	5	8	9	0	0	0
992.600	4	0	0	0	0	0	0	0	0	0	0	4	0	0	0	10	0	0	6	12	8	0	0	0
992.800	4	0	0	0	0	0	0	0	0	0	0	0	0	0	0	8	0	0	5	10	6	0	0	0
993.000	4	0	0	0	0	0	0	0	0	0	0	0	0	0	0	10	0	0	6	10	7	0	0	1
993.200	5	0	0	0	0	0	0	0	0	0	0	0	0	0	0	8	0	0	6	11	10	0	0	0
993.400	6	0	0	0	0	0	0	0	0	0	0	0	0	0	0	10	0	0	4	11	9	0	0	0
993.600	7	0	0	0	0	0	0	0	0	0	0	0	0	0	0	10	0	0	6	9	6	0	0	2
993.800	6	0	0	0	0	0	0	0	0	0	0	0	0	0	0	9	0	0	6	10	3	0	0	1
994.000	7	0	0	0	0	0	0	0	0	0	0	0	0	0	0	10	0	0	4	9	12	0	0	2
994.200	7	0	0	0	0	0	0	0	0	0	0	0	0	0	0	10	0	0	6	10	7	0	0	0
994.400	6	0	0	0	0	0	0	0	0	0	0	0	0	0	0	10	0	0	4	10	4	0	0	0
994.600	7	0	0	0	0	0	0	0	0	0	0	0	0	0	0	7	0	0	6	10	10	0	0	1
994.800	5	0	0	0	0	0	0	0	0	0	0	0	0	0	0	9	0	0	4	10	8	0	0	3
995.000	6	0	0	0	0	0	0	0	0	0	0	0	0	0	0	10	0	0	5	11	9	0	0	1
995.200	4	0	0	0	0	0	0	0	0	0	0	0	0	0	0	12	0	0	4	10	6	0	0	2
995.400	6	0	0	0	0	0	0	0	0	0	0	0	0	0	0	11	0	0	6	12	8	0	0	0
995.600	6	0	0	0	0	0	0	0	0	0	0	0	0	0	0	16	0	0	6	10	11	0	0	1
995.800	6	0	0	0	0	0	0	0	0	0	0	0	0	0	0	7	0	0	4	11	7	0	0	0
996.000	8	0	0	0	0	0	0	0	0	0	0	0	0	0	0	12	0	0	3	12	10	0	0	0
996.200	6	0	0	0	0	0	0	0	0	0	0	0	0	0	0	4	0	0	3	11	5	0	0	0
996.400	4	0	0	0	0	0	0	0	0	0	0	0	0	0	0	13	0	0	3	10	8	0	0	0
996.600	4	0	0	0	0	0	0	0	0	0	0	0	0	0	0	13	0	0	4	11	7	0	0	0
996.800	3	0	0	0	0	0	0	0	0	0	0	0	0	0	0	6	0	1	4	10	6	0	0	0
997.000	4	0	0	0	0	0	0	0	0	0	0	0	0	0	0	3	0	0	5	10	11	0	0	0
997.200	4	0	0	0	0	0	0	0	0	0	0	0	0	0	0	4	0	0	5	11	12	0	0	0
997.400	5	0	0	0	0	0	0	0	0	0	0	0	0	0	0	7	0	0	4	10	12	0	0	0
997.600	3	0	0	0	0	0	0	0	0	0	0	0	0	0	0	3	0	0	4	12	7	0	0	0
997.800	3	0	0	0	0	0	0	0	0	0	0	0	0	0	0	6	0	0	4	8	4	0	0	1
998.000	4	0	0	0	0	0	0	0	0	0	0	0	0	0	0	9	0	0	5	9	6	0	0	1
998.200	3	0	0	0	0	0	0	0	0	0	0	0	0	0	0	6	0	0	6	7	9	0	0	0
998.400	4	0	0	0	0	0	0	0	0	0	0	0	0	0	0	10	0	0	6	7	10	0	0	2
998.600	4	0	0	0	0	0	0	0	0	0	0	0	0	0	0	6	0	0	5	9	12	0	0	1
998.800	4	0	0	0	0	0	0	0	0	0	0	0	0	0	0	13	0	0	6	8	9	0	0	3
999.000	5	0	0	0	0	0	0	0	0	0	0	0	0	0	0	9	0	0	4	5	11	0	0	1
999.200	3	0	0	0	0	0	0	0	0	0	0	0	0	0	0	9	0	0	5	7	6	0	0	0
999.400	3	0	0	0	0	0	0	0	0	0	0	0	0	0	0	9	0	0	6	7	7	0	0	1
999.600	3	0	0	0	0	0	0	0	0	0	0	0	0	0	0	8	0	0	5	6	3	0	0	0
999.800	4	0	0	0	0	0	0	0	0	0	0	0	0	0	0	5	0	0	4	8	10	0	0	2
1000.000	5	0	0	0	0	0	0	0	0	0	0	0	0	0	0	6	0	0	5	7	10	0	0	0
1000.200	5	0	0	0	0	0	0	0	0	0	0	0	0	0	0	9	0	0	5	8	9	0	0	0
1000.400	5	0	0	0	0	0	0	0	0	0	0	0	0	0	0	11	0	0	1	11	11	0	0	1
1000.600	3	0	0	0	0	0	0	0	0	0	0	0	0	0	0	10	0	0	6	7	10	0	0	0
1000.800	5	0	0	0	0	0	0	0	0	0	0	0	0	0	0	9	0	0	3	8	10	0	0	0
1001.000	4	0	0	0	0	0	0	0	0	0	0	0	0	0	0	5	0	0	0	5	8	0	0	0
1001.200	4	0	0	0	0	0	0	0	0	0	0	0	0	0	0	9	0	0	3	7	7	0	0	0
1001.400	5	0	0	0	0	0	0	0	0	0	0	0	0	0	0	11	0	0	0	7	12	0	0	1
1001.600	4	0	0	0	0	0	0	0	0	0	0	0	0	0	0	5	0	0	1	8	11	0	0	1
1001.800	4	0	0	0	0	0	0	0	0	0	0	0	0	0	0	13	0	0	3	10	11	0	0	0
1002.000	5	0	0	0	0	0	0	0	0	0	0	0	0	0	0	11	0	0	2	8	7	0	0	0
1002.200	3	0	0	0	0	0	0	0	0	0	0	0	0	0	0	8	0	0	5	11	9	0	0	0
1002.400	4	0	0	0	0	0	0	0	0	0	0	0	0	0	0	8	0	0	1	6	12	0	0	0
1002.600	3	0	0	0	0	0	0	0	0	0	0	0	0	0	0	9	0	0	2	7	5	0	0	0
1002.800	5	0	0	0	0	0	0	0	0	0	1	0	0	0	0	7	0	0	5	8	11	0	0	0
1003.000	5	0	0	0	0	0	0	0	0	0	0	0	0	0	0	8	0	0	4	6	12	0	0	2
1003.200	6	0	0	0	0	0	0	0	0	0	0	0	0	0	0	7	0	0	4	6	12	0	0	4
1003.400	8	0	0	0	0	0	0	0	0	0	0	0	0	0	0	8	0	0	4	5	9	0	0	3
1003.600	7	0	0	0	0	0	0	0	0	0	0	0	0	0	0	11	0	0	2	8	7	0	0	1
1003.800	3	0	0	0	0	0	0	0	0	0	0	0	0	0	0	9	0	0	1	6	13	0	0	0
1004.000	4	0	0	0	0	0	0	0	0	0	0	0	0	0	0	10	0	0	1	8	11	0	0	0
1004.200	3	0	0	0	0	0	0	0	0	0	0	0	0	0	0	8	0	0	3	7	12	0	0	0
1004.400	4	0	0	0	0	0	0	0	0	0	0	0	0	0	0	7	0	0	3	6	8	0	0	3
1004.600	3	0	0	0	0	0	0	0	0	0	0	0	0	0	0	9	0	0	0	5	11	0	0	1
1004.800	3	0	0	0	0	0	0	0	0	0	0	0	0	0	0	9	0	0	0	8	9	0	0	0
1005.000	4	0	0	0	0	0	0	0	0	0	0	0	0	0	0	6	0	0	0	6	11	0	0	0
1005.200	2	0	0	0	0	0	0	0	0	0	0	0	0	0	0	9	0	0	0	6	8	0	0	1
1005.400	3	0	0	0	0	0	0	0	0	0	0	0	0	0	0	9	0	0	1	9	9	0	0	0
1005.600	5	0	0	0	0	0	0	0	0	0	0	0	0	0	0	11	0	0	0	11	6	0	0	3
1005.800	5	0	0	0	0	0	0	0	0	0	0	0	0	0	0	8	0	0	0	11	8	0	0	1
1006.000	4	0	0	0	0	0	0	0	0	0	0	0	0	0	0	8	0	0	0	10	7	0	0	3
1006.200	3	0	0	0	0	0	0	0	0	0	0	0	0	0	0	11	0	0	1	10	3	0	0	2
1006.400	4	0	0	0	0	0	0	0	0	0	0	0	0	0	0	9	0	0	1	10	6	0	0	1
1006.600	2	0	0	0	0	0	0	0	0	0	0	0	0	0	0	7	0	0	0	10	8	0	0	1
1006.800	4	0	0	0	0	0	0	0	0	0	0	1	0	0	0	10	0	0	1	10	10	0	0	0
1007.000	8	0	0	0	0	0	0	0	0	0	0	3	0	0	0	7	0	0	3	7	8	0	0	0
1007.200	7	0	0	0	0	0	0	0	0	0	0	0	0	0	0	8	0	0	3	8	8	0	0	1
1007.400	4	0	0	0	0	0	0	0	0	0	0	4	0	0	0	9	0	0	2	10	6	0	0	0
1007.600	4	0	0	0	0	0	0	0	0	0	0	0	0	0	0	9	0	0	3	7	6	0	0	0
1007.800	4	0	0	0	0	0	0	0	0	0	0	2	0	0	0	8	0	0	2	8	9	0	0	0
1008.000	3	0	0	0	0	0	0	0	0	0	0	1	0	0	0	7	0	0	1	6	9	0	0	0
1008.200	4	0	0	0	0	0	0	0	0	0	1	1	0	0	0	9	0	0	2	8	10	0	0	0
1008.400	3	0	0	0	0	0	0	0	0	0	1	2	0	0	0	11	0	0	3	6	5	0	0	0
1008.600	3	0	0	0	0	0	0	0	0	0	4	4	0	0	0	7	0	0	2	9	4	0	0	0
1008.800	4	0	0	0	0	0	0	0	0	0	4	2	0	0	0	6	0	0	4	4	5	0	0	0
1009.000	4	0	0	0	0	0	0	0	0	0	3	1	0	0	0	11	0	0	4	7	8	0	0	0
1009.200	4	0	0	0	0	0	0	0	0	0	0	2	0	0	0	11	0	0	2	12	10	0	0	0
1009.400	3	0	0	0	0	0	0	0	0	0	0	0	0	0	0	12	0	0	3	8	10	0	0	0
1009.600	4	0	0	0	0	0	0	0	0	0	0	0	0	0	0	11	0	0	1	8	8	0	0	1
1009.800	3	0	0	0	0	0	0	0	0	0	0	0	0	0	0	5	0	0	3	10	10	0	0	0
1010.000	3	0	0	0	0	0	0	0	0	0	0	0	0	0	0	10	0	0	2	8	6	0	0	0
1010.200	4	0	0	0	0	0	0	0	0	0	0	0	0	0	0	5	0	0	3	7	10	0	0	2
1010.400	3	0	0	0	0	0	0	0	0	0	0	0	0	0	0	10	0	0	3	9	9	0	0	0
1010.600	3	0	0	0	0	0	0	0	0	0	0	0	0	0	0	8	0	0	2	8	13	0	0	2
1010.800	4	0	0	0	0	0	0	0	0	0	0	0	0	0	0	9	0	0	0	8	10	0	0	0
1011.000	4	0	0	0	0	0	0	0	0	0	0	0	0	0	0	10	0	0	3	5	9	0	0	0
1011.200	5	0	0	0	0	0	0	0	0	0	0	0	0	0	0	7	0	0	2	7	10	0	0	2
1011.400	4	0	0	0	0	0	0	0	0	0	0	0	0	0	0	11	0	0	1	8	11	0	0	0
1011.600	5	0	0	0	0	0	0	0	0	0	0	0	0	0	0	8	0	0	0	6	9	0	0	2
1011.800	3	0	0	0	0	0	0	0	0	0	0	0	0	0	0	10	0	0	1	9	7	0	0	2
1012.000	3	0	0	0	0	0	0	0	0	0	0	0	0	0	0	10	0	0	0	8	8	0	0	0
1012.200	3	0	0	0	0	0	0	0	0	0	0	0	0	0	0	8	0	0	2	8	6	0	0	0
1012.400	3	0	0	0	0	0	0	0	0	0	0	0	0	0	0	10	0	0	3	12	11	0	0	1
1012.600	3	0	0	0	0	0	0	0	0	0	0	0	0	0	0	8	0	0	4	11	11	0	0	0
1012.800	4	0	0	0	0	0	0	0	0	0	0	0	0	0	0	8	0	0	1	8	7	0	0	0
1013.000	3	0	0	0	0	0	0	0	0	0	0	0	0	0	0	8	0	0	5	6	9	0	0	0
1013.200	4	0	0	0	0	0	0	0	0	0	0	0	0	0	0	7	0	0	4	8	5	0	0	0
1013.400	4	0	0	0	0	0	0	0	0	0	0	0	0	0	0	9	0	0	4	7	12	0	0	0
1013.600	3	0	0	0	0	0	0	0	0	0	0	1	0	0	0	8	0	0	6	8	11	0	0	0
1013.800	6	0	0	0	0	0	0	0	0	0	0	4	0	0	0	10	0	0	5	8	9	0	0	0
1014.000	4	0	0	0	0	0	0	0	0	0	0	4	0	0	0	9	0	0	5	7	12	0	0	0
1014.200	5	0	0	0	0	0	0	0	0	0	0	4	0	0	0	8	0	0	3	6	12	0	0	0
1014.400	3	0	0	0	0	0	0	0	0	0	0	3	0	0	0	7	0	0	4	8	8	0	0	0
1014.600	5	0	0	0	0	0	0	0	0	0	0	0	0	0	0	6	0	0	3	13	11	0	0	0
1014.800	4	0	0	0	0	0	0	0	0	0	0	0	0	0	0	10	0	0	4	10	8	0	0	0
1015.000	3	0	0	0	0	0	0	0	0	0	0	0	0	0	0	9	0	0	3	8	11	0	0	0
1015.200	4	0	0	0	0	0	0	0	0	0	0	1	0	0	0	11	0	0	3	6	7	0	0	6
1015.400	4	0	0	0	0	0	0	0	0	0	0	0	0	0	0	11	0	0	1	7	8	0	0	2
1015.600	4	0	0	0	0	0	0	0	0	0	0	0	0	0	0	10	0	0	2	8	8	0	0	0
1015.800	5	0	0	0	0	0	0	0	0	0	0	0	0	0	0	8	0	0	2	8	8	0	0	0
1016.000	4	0	0	0	0	0	0	0	0	0	0	4	0	0	0	11	0	0	3	5	10	0	0	0
1016.200	6	0	0	0	0	0	0	0	0	0	0	2	0	0	0	12	0	0	2	5	10	0	0	1
1016.400	5	0	0	0	0	0	0	0	0	0	0	5	0	0	0	10	0	0	2	7	10	0	0	1
1016.600	4	0	0	0	0	0	0	0	0	0	0	4	0	0	0	13	0	0	1	8	10	0	0	0
1016.800	5	0	0	0	0	0	0	0	0	0	0	5	0	0	0	7	0	0	3	9	13	0	0	1
1017.000	4	0	0	0	0	0	0	0	0	0	0	4	0	0	0	10	0	0	3	8	10	0	0	1
1017.200	7	0	0	0	0	0	0	0	0	0	0	6	0	0	0	7	0	0	3	7	13	0	0	2
1017.400	4	0	0	0	0	0	0	0	0	0	0	6	0	0	0	9	0	0	3	6	6	0	0	0
1017.600	3	0	0	0	0	0	0	0	0	0	0	6	0	0	0	12	0	0	2	7	9	0	0	0
1017.800	4	0	0	0	0	0	0	0	0	0	0	4	0	0	0	11	0	0	2	8	12	0	0	0
1018.000	4	0	0	0	0	0	0	0	0	0	0	2	0	0	0	10	0	0	0	6	9	0	0	0
1018.200	5	0	0	0	0	0	0	0	0	0	0	1	0	0	0	7	0	0	1	7	11	0	0	0
1018.400	4	0	0	0	0	0	0	0	0	0	0	0	0	0	0	12	0	0	0	8	11	0	0	0
1018.600	3	0	0	0	0	0	0	0	0	0	0	0	0	0	0	9	0	0	1	8	11	0	0	0
1018.800	3	0	0	0	0	0	0	0	0	0	0	0	0	0	0	8	0	0	0	6	6	0	0	1
1019.000	6	0	0	0	0	0	0	0	0	0	0	0	0	0	0	9	0	0	3	9	8	0	0	1
1019.200	3	0	0	0	0	0	0	0	0	0	0	0	0	0	0	11	0	0	1	8	9	0	0	1
1019.400	4	0	0	0	0	0	0	0	0	0	1	3	0	0	0	5	0	0	0	8	11	0	0	0
1019.600	4	0	0	0	0	0	0	0	0	0	0	3	0	0	0	10	0	0	0	6	12	0	0	3
1019.800	7	0	0	0	0	0	0	0	0	0	0	4	0	0	0	11	0	0	3	8	9	0	0	0
1020.000	3	0	0	0	0	0	0	0	0	0	0	4	0	0	0	8	0	0	5	9	12	0	0	2
1020.200	4	0	0	0	0	0	0	0	0	0	0	4	0	0	0	11	0	0	7	8	10	0	0	2
1020.400	5	0	0	0	0	0	0	0	0	0	0	5	0	0	0	9	0	0	8	8	11	0	0	2
1020.600	4	0	0	0	0	0	0	0	0	0	0	3	0	0	0	8	0	0	7	8	11	0	0	3
1020.800	7	0	0	0	0	0	0	0	0	0	0	5	0	0	0	10	0	0	7	6	10	0	0	2
1021.000	3	0	0	0	0	0	0	0	0	0	0	4	0	0	0	10	0	1	6	6	7	0	0	2
1021.200	3	0	0	0	0	0	0	0	0	0	0	3	0	0	0	10	0	0	5	6	6	0	0	3
1021.400	3	0	0	0	0	0	0	0	0	0	0	4	0	0	0	9	0	0	4	5	6	0	0	2
1021.600	4	0	0	0	0	0	0	0	0	0	0	3	0	0	0	7	0	0	4	6	9	0	0	2
1021.800	3	0	0	0	0	0	0	0	0	0	0	4	0	0	0	6	0	0	5	6	6	0	0	1
1022.000	4	0	0	0	1	0	0	0	0	0	0	5	0	0	0	9	0	0	7	6	7	0	0	0
1022.200	3	0	0	0	0	0	0	0	0	0	0	2	0	0	0	9	0	0	5	6	7	0	0	0
1022.400	2	0	0	0	0	0	0	0	0	0	0	11	0	0	0	6	0	0	4	5	6	0	0	2
1022.600	4	0	0	0	0	0	0	0	0	0	0	9	0	0	0	8	0	0	5	6	8	0	0	3
1022.800	4	0	0	0	0	0	0	0	0	0	0	2	0	0	0	13	0	0	4	6	6	0	0	11
1023.000	2	0	0	0	0	0	0	0	0	0	0	4	0	0	0	14	0	0	5	6	6	0	0	0
1023.200	5	0	0	0	0	0	0	0	0	0	0	4	0	0	0	12	0	0	5	6	6	0	0	0
1023.400	4	0	0	0	0	0	0	0	0	0	0	11	0	0	0	8	0	0	5	6	8	0	0	0
1023.600	2	0	0	0	0	0	0	0	0	0	0	9	0	0	0	6	0	0	4	6	7	0	0	0
1023.800	3	0	0	0	0	0	0	0	0	0	0	14	0	0	0	4	0	0	5	5	7	0	0	0
1024.000	6	0	0	0	0	0	0	0	0	0	0	12	0	0	0	4	0	0	2	5	7	0	0	0
1024.200	4	0	0	0	0	0	0	0	0	0	0	9	0	0	0	2	0	0	4	5	7	0	0	2
1024.400	4	0	0	0	0	0	0	0	0	0	3	4	0	0	0	2	0	0	1	5	5	0	0	0
1024.600	2	0	0	0	0	0	0	0	0	0	3	6	0	0	0	5	0	0	3	6	8	0	0	1
1024.800	2	0	0	0	0	0	0	0	0	0	1	2	0	0	0	4	0	0	2	5	8	0	0	1
1025.000	3	0	0	0	0	0	0	0	0	0	3	6	0	0	0	5	0	0	2	3	7	0	0	1
1025.200	5	0	0	0	0	0	0	0	0	0	4	5	0	0	0	1	0	0	0	4	11	0	0	3
1025.400	3	0	0	0	0	0	0	0	0	0	2	4	0	0	0	5	0	0	1	4	13	0	0	1
1025.600	4	0	0	0	0	0	0	0	0	0	3	6	0	0	0	4	0	0	1	5	11	0	0	2
1025.800	4	0	0	0	0	0	0	0	0	0	1	10	0	0	0	3	0	0	2	5	7	0	0	1
1026.000	2	0	0	0	0	0	0	0	0	0	0	16	0	0	0	2	0	0	4	5	11	0	0	2
1026.200	2	0	0	0	0	0	0	0	0	0	0	14	0	0	0	3	0	0	4	4	6	0	0	0
1026.400	2	0	0	0	0	0	0	0	0	0	0	12	0	0	0	4	0	0	3	4	7	0	0	0
1026.600	2	0	0	0	0	0	0	0	0	0	0	13	0	0	0	3	0	0	4	4	8	0	0	0
1026.800	3	0	0	0	0	0	0	0	0	0	0	10	0	0	0	3	0	0	5	5	8	0	0	0
1027.000	3	0	0	0	0	0	0	0	0	0	0	11	0	0	0	3	0	0	5	4	7	0	0	0
1027.200	6	0	0	0	0	0	0	0	0	0	0	11	0	0	0	4	0	0	5	6	7	0	0	1
1027.400	4	0	0	0	0	0	0	0	0	0	0	12	0	0	0	3	0	0	5	3	6	0	0	0
1027.600	3	0	0	0	0	0	0	0	0	0	0	6	0	0	0	3	0	0	7	4	7	0	0	0
1027.800	4	0	0	0	0	0	0	0	0	0	0	10	0	0	0	6	0	0	5	5	8	0	0	2
1028.000	3	0	0	0	0	0	0	0	0	0	0	11	0	0	0	8	0	0	6	6	8	0	0	7
1028.200	4	0	0	0	0	0	0	0	0	0	0	8	0	0	0	4	0	0	5	6	9	0	0	0
1028.400	4	0	0	0	0	0	0	0	0	0	0	6	0	0	0	8	0	0	5	6	7	0	0	0
1028.600	2	0	0	0	0	0	0	0	0	0	0	1	0	0	0	7	0	0	7	6	7	0	0	1
1028.800	5	0	0	0	0	0	0	0	0	0	0	1	0	0	0	6	0	1	6	5	4	0	0	0
1029.000	3	0	0	0	0	0	0	0	0	0	0	2	0	0	0	9	0	0	5	6	5	0	0	0
1029.200	4	0	0	0	0	0	0	0	0	0	0	3	0	0	0	7	0	0	5	7	10	0	0	0
1029.400	6	0	0	0	0	0	0	0	0	0	0	2	0	0	0	5	0	0	5	6	5	0	0	0
1029.600	3	0	0	0	0	0	0	0	0	0	0	8	0	0	0	11	0	0	4	6	5	0	0	10
1029.800	4	0	0	0	0	0	0	0	0	0	0	7	0	0	0	11	0	0	4	6	7	0	0	1
1030.000	4	0	0	0	0	0	0	0	0	0	0	8	0	0	0	11	0	0	5	6	5	0	0	9
1030.200	3	0	0	0	0	0	0	0	0	0	0	5	0	0	0	10	0	0	5	6	6	0	0	8
1030.400	4	0	0	0	0	0	0	0	0	0	0	3	0	0	0	9	0	0	5	6	5	0	0	5
1030.600	4	0	0	0	0	0	0	0	0	0	0	3	0	0	0	6	0	0	5	6	8	0	0	4
1030.800	3	0	0	0	0	0	0	0	0	0	0	7	0	0	0	8	0	0	5	6	4	0	0	10
1031.000	5	0	0	0	0	0	0	0	0	0	0	5	0	0	0	8	0	0	5	6	9	0	0	0
1031.200	7	0	0	0	0	0	0	0	0	0	0	5	0	0	0	6	0	0	5	6	9	0	0	4
1031.400	3	0	0	0	0	0	0	0	0	0	0	9	0	0	0	10	0	0	4	6	6	0	0	8
1031.600	4	0	0	0	0	0	0	0	0	0	0	7	0	0	0	9	0	0	6	5	7	0	0	9
1031.800	3	0	0	0	0	0	0	0	0	0	0	10	0	0	0	9	0	0	5	6	8	0	0	8
1032.000	4	0	0	0	0	0	0	0	0	0	0	7	0	0	0	10	0	0	4	4	8	0	0	5
1032.200	4	0	0	0	0	0	0	0	0	0	0	1	0	0	0	5	0	0	5	6	8	0	0	5
1032.400	3	0	0	0	0	0	0	0	0	0	0	8	0	0	0	4	0	0	3	4	8	0	0	5
1032.600	4	0	0	0	0	0	0	0	0	0	0	13	0	0	0	4	0	0	3	5	4	0	0	5
1032.800	3	0	0	0	0	0	0	0	0	0	0	12	0	0	0	2	0	0	4	6	8	0	0	6
1033.000	2	0	0	0	0	0	0	0	0	0	0	16	0	0	0	8	0	0	6	6	5	0	0	5
1033.200	4	0	0	0	0	0	0	0	0	0	0	5	0	0	0	4	0	0	4	4	5	0	0	5
1033.400	4	0	0	0	0	0	0	0	0	0	0	5	0	0	0	5	0	0	5	4	7	0	0	6
1033.600	4	0	0	0	0	0	0	0	0	0	0	7	0	0	0	3	0	0	4	4	5	0	0	6
1033.800	3	0	0	0	0	0	0	0	0	0	0	3	0	0	0	5	0	0	8	4	8	0	0	6
1034.000	3	0	0	0	0	0	0	0	0	0	0	8	0	0	0	4	0	0	4	6	4	0	0	12
1034.200	3	0	0	0	0	0	0	0	0	0	0	11	0	0	0	6	0	0	6	4	7	0	0	6
1034.400	4	0	0	0	0	0	0	0	0	0	0	9	0	0	0	7	0	0	4	4	7	0	0	7
1034.600	3	0	0	0	0	0	0	0	0	0	0	13	0	0	0	7	0	0	5	2	4	0	0	8
1034.800	2	0	0	0	0	0	0	0	0	0	0	3	0	0	0	5	0	0	5	2	4	0	0	8
1035.000	3	0	0	0	0	0	0	0	0	0	0	11	0	0	0	4	0	0	6	4	5	0	0	5
1035.200	3	0	0	0	0	0	0	0	0	0	0	4	0	0	0	0	0	0	5	4	6	0	0	8
1035.400	4	0	0	0	0	0	0	0	0	0	0	6	0	0	0	5	0	0	5	5	7	0	0	8
1035.600	3	0	0	0	0	0	0	0	0	0	0	4	0	0	0	7	0	0	5	2	5	0	0	5
1035.800	4	0	0	0	0	0	0	0	0	0	2	4	0	0	0	6	0	0	5	4	7	0	0	5
1036.000	4	0	0	0	1	0	0	0	0	0	1	8	0	0	0	6	0	0	4	6	8	0	0	11
1036.200	5	0	0	0	2	0	0	0	0	0	0	11	0	0	0	2	0	0	3	6	9	0	0	9
1036.400	4	0	0	0	0	0	0	0	0	0	0	8	0	0	0	1	0	0	6	4	5	0	0	6
1036.600	5	0	0	0	0	0	0	0	0	0	0	9	0	0	0	1	0	0	5	5	8	0	0	1
1036.800	5	0	0	0	0	0	0	0	0	0	0	9	0	0	0	2	0	0	3	4	7	0	0	5
1037.000	7	0	0	0	0	0	0	0	0	0	0	10	0	0	0	5	0	0	2	4	5	0	0	7
1037.200	3	0	0	0	0	0	0	0	0	0	0	8	0	0	0	6	0	0	6	5	8	0	0	9
1037.400	4	0	0	0	0	0	0	0	0	0	0	9	0	0	0	5	0	0	5	6	7	0	0	3
1037.600	3	0	0	0	0	0	0	0	0	0	0	8	0	0	0	3	0	0	5	4	5	0	0	6
1037.800	3	0	0	0	0	0	0	0	0	0	0	9	0	0	0	4	0	0	5	3	8	0	0	10
1038.000	3	0	0	0	0	0	0	0	0	0	0	9	0	0	0	0	0	0	3	1	7	0	0	5
1038.200	4	0	0	0	0	0	0	0	0	0	0	8	0	0	0	0	0	0	4	1	9	0	0	5
1038.400	4	0	0	0	0	0	0	0	0	0	0	9	0	0	0	0	0	0	5	1	6	0	0	7
1038.600	6	0	0	0	0	0	0	0	0	0	0	3	0	0	0	0	0	0	2	1	6	0	0	8
1038.800	3	0	0	0	0	0	0	0	0	0	0	2	0	0	0	2	0	0	4	3	6	0	0	5
1039.000	3	0	0	0	0	0	0	0	0	0	0	10	0	0	0	3	0	0	5	6	6	0	0	5
1039.200	4	0	0	0	0	0	0	0	0	0	0	8	0	0	0	4	0	0	1	2	5	0	0	0
1039.400	4	0	0	0	0	0	0	0	0	0	0	8	0	0	0	2	0	0	4	1	5	0	0	0
1039.600	3	0	0	0	0	0	0	0	0	0	0	12	0	0	0	4	0	0	3	2	6	0	0	1
1039.800	4	0	0	0	0	0	0	0	0	0	0	9	0	0	0	3	0	0	4	1	4	0	0	3
1040.000	3	0	0	0	0	0	0	0	0	0	0	3	0	0	0	2	0	0	4	6	8	0	0	1
1040.200	3	0	0	0	0	0	0	0	0	0	0	2	0	0	0	6	0	0	5	6	7	0	0	1
1040.400	3	0	0	0	0	0	0	0	0	0	0	0	0	0	0	5	0	0	5	6	7	0	0	0
1040.600	4	0	0	0	0	0	0	0	0	0	0	1	0	0	0	4	0	0	5	5	9	0	0	0
1040.800	3	0	0	0	0	0	0	0	0	0	0	2	0	0	0	3	0	0	5	6	8	0	0	0
1041.000	4	0	0	0	0	0	0	0	0	0	0	3	0	0	0	4	0	0	4	5	8	0	0	0
1041.200	3	0	0	0	0	0	0	0	0	0	0	6	0	0	0	4	0	0	4	5	7	0	0	8
1041.400	3	0	0	0	0	0	0	0	0	0	0	5	0	0	0	5	0	0	4	3	7	0	0	6
1041.600	3	0	0	0	0	0	0	0	0	0	0	0	0	0	0	4	0	0	4	5	4	0	0	5
1041.800	3	0	0	0	0	0	0	0	0	0	0	0	0	0	0	7	0	0	4	6	7	0	0	9
1042.000	5	0	0	0	0	0	0	0	0	0	0	1	0	0	0	6	0	0	4	4	7	0	0	7
1042.200	5	0	0	0	0	0	0	0	0	0	0	3	0	0	0	4	0	0	5	4	6	0	0	8
1042.400	4	0	0	0	0	0	0	0	0	0	0	2	0	0	0	4	0	0	5	5	7	0	0	10
1042.600	3	0	0	0	0	0	0	0	0	0	0	4	0	0	0	5	0	0	4	3	5	0	0	10
1042.800	3	0	0	0	0	0	0	0	0	0	0	3	0	0	0	5	0	0	4	4	8	0	0	5
1043.000	3	0	0	0	0	0	0	0	0	0	0	3	0	0	0	6	0	0	6	6	8	0	0	6
1043.200	4	0	0	0	0	0	0	0	0	0	0	4	0	0	0	5	0	0	5	4	6	0	0	8
1043.400	2	0	0	0	0	0	0	0	0	0	0	3	0	0	0	5	0	0	5	5	8	0	0	8
1043.600	3	0	0	0	0	0	0	0	0	0	0	2	0	0	0	4	0	0	3	6	6	0	0	5
1043.800	3	0	0	0	0	0	0	0	0	0	0	3	0	0	0	7	0	0	5	6	7	0	0	1
1044.000	4	0	0	0	0	0	0	0	0	0	0	10	0	0	0	5	0	0	4	4	5	0	0	6
1044.200	4	0	0	0	2	0	0	0	0	0	0	4	0	0	0	4	0	0	6	4	8	0	0	6
1044.400	5	0	0	0	1	0	0	0	0	0	0	6	0	0	0	7	0	0	5	4	7	0	0	6
1044.600	2	0	0	0	0	0	0	0	0	0	0	0	0	0	0	7	0	0	5	4	5	0	0	5
1044.800	3	0	0	0	0	0	0	0	0	0	0	4	0	0	0	4	0	0	4	4	7	0	0	7
1045.000	4	0	0	0	2	0	0	0	0	0	2	2	0	0	0	4	0	0	5	5	5	0	0	7
1045.200	3	0	0	0	2	0	0	0	0	0	0	2	0	0	0	3	0	0	4	4	6	0	0	5
1045.400	4	0	0	0	1	0	0	0	0	0	4	0	0	0	0	4	0	0	5	6	5	0	0	11
1045.600	4	0	0	0	0	0	0	0	0	0	4	0	0	0	0	6	0	0	6	6	6	0	0	8
1045.800	3	0	0	0	0	0	0	0	0	0	3	5	0	0	0	4	0	0	4	6	9	0	0	6
1046.000	2	0	0	0	0	0	0	0	0	0	3	4	0	0	0	6	0	0	5	3	3	0	0	9
1046.200	3	0	0	0	0	0	0	0	0	0	3	2	0	0	0	6	0	0	5	5	4	0	0	0
1046.400	4	0	0	0	0	0	0	0	0	0	6	0	0	0	0	4	0	0	4	5	7	0	0	1
1046.600	4	0	0	0	0	0	0	0	0	0	4	3	0	0	0	6	0	0	5	3	5	0	0	8
1046.800	3	0	0	0	0	0	0	0	0	0	1	1	0	0	0	6	0	0	3	4	5	0	0	0
1047.000	2	0	0	0	0	0	0	0	0	0	3	0	0	0	0	4	0	0	5	6	5	0	0	7
1047.200	4	0	0	0	0	0	0	0	0	0	6	0	0	0	0	4	0	0	5	4	7	0	0	0
1047.400	4	0	0	0	0	0	0	0	0	0	5	4	0	0	0	5	0	0	4	5	8	0	0	9
1047.600	3	0	0	0	0	0	0	0	0	0	5	5	0	0	0	6	0	0	2	5	7	0	0	6
1047.800	4	0	0	0	0	0	0	0	0	0	5	4	0	0	0	6	0	0	3	4	5	0	0	8
1048.000	4	0	0	0	0	0	0	0	0	0	6	0	0	0	0	6	0	0	5	4	6	0	0	9
1048.200	4	0	0	0	0	0	0	0	0	0	6	0	0	0	0	9	0	0	5	4	7	0	0	2
1048.400	4	0	0	0	0	0	0	0	0	0	4	0	0	0	0	6	0	0	4	3	7	0	0	5
1048.600	3	0	0	0	0	0	0	0	0	0	4	0	0	0	0	6	0	0	4	5	9	0	0	5
1048.800	3	0	0	0	0	0	0	0	0	0	6	0	0	0	0	6	0	0	3	5	8	0	0	2
1049.000	3	0	0	0	0	0	0	0	0	0	4	2	0	0	0	6	0	0	4	5	11	0	0	9
1049.200	6	0	0	0	0	0	0	0	0	0	6	4	0	0	0	5	0	0	3	3	9	0	0	5
1049.400	4	0	0	0	0	0	0	0	0	0	6	6	0	0	0	2	0	0	4	4	4	0	0	5
1049.600	4	0	0	0	0	0	0	0	0	0	6	5	0	0	0	6	0	0	5	4	8	0	0	6
1049.800	4	0	0	0	0	0	0	0	0	0	2	6	0	0	0	5	0	0	4	4	8	0	0	6
1050.000	3	0	0	0	1	0	0	0	0	0	2	6	0	0	0	4	0	0	3	2	6	0	0	5
1050.200	3	0	0	0	4	0	0	0	0	0	4	7	0	0	0	5	0	0	5	4	7	0	0	4
1050.400	3	0	0	0	4	0	0	0	0	0	4	4	0	0	0	2	0	0	4	2	8	0	0	0
1050.600	4	0	0	0	4	0	0	0	0	0	5	4	0	0	0	4	0	0	4	2	6	0	0	1
1050.800	3	0	0	0	2	0	0	0	0	0	6	8	0	0	0	4	0	0	4	3	8	0	0	3
1051.000	3	0	0	0	2	0	0	0	0	0	2	6	0	0	0	7	0	0	5	3	7	0	0	1
1051.200	3	0	0	0	2	0	0	0	0	0	6	7	0	0	0	0	0	0	4	4	6	0	0	3
1051.400	4	0	0	0	2	0	0	0	0	0	5	3	0	0	0	4	0	0	3	5	11	0	0	7
1051.600	4	0	0	0	1	0	0	0	0	0	4	5	0	0	0	5	0	0	4	5	7	0	0	3
1051.800	7	0	0	0	0	0	0	0	0	0	2	5	0	0	0	8	0	0	4	1	4	0	0	2
1052.000	4	0	0	0	0	0	0	0	0	0	3	5	0	0	0	9	0	0	4	4	8	0	0	4
1052.200	3	0	0	0	1	0	0	0	0	0	2	8	0	0	0	6	0	0	4	4	8	0	0	3
1052.400	4	0	0	0	0	0	0	0	0	0	2	5	0	0	0	5	0	0	4	4	8	0	0	0
1052.600	3	0	0	0	0	0	0	0	0	0	1	4	0	0	0	6	0	0	4	4	7	0	0	2
1052.800	4	0	0	0	0	0	0	0	0	0	0	4	0	0	0	6	0	0	5	6	7	0	0	0
1053.000	4	0	0	0	0	0	0	0	0	0	0	0	0	0	0	7	0	0	4	3	6	0	0	3
1053.200	5	0	0	0	0	0	0	0	0	0	0	5	0	0	0	5	0	0	4	5	6	0	0	1
1053.400	3	0	0	0	0	0	0	0	0	0	0	2	0	0	0	3	0	0	5	4	9	0	0	1
1053.600	4	0	0	0	0	0	0	0	0	0	0	2	0	0	0	2	0	0	4	1	4	0	0	0
1053.800	3	0	0	0	0	0	0	0	0	0	0	5	0	0	0	5	0	0	4	1	4	0	0	3
1054.000	3	0	0	0	0	0	0	0	0	0	0	4	0	0	0	3	0	0	4	2	5	0	0	1
1054.200	3	0	0	0	0	0	0	0	0	0	0	4	0	0	0	3	0	0	4	1	3	0	0	1
1054.400	2	0	0	0	0	0	0	0	0	0	0	4	0	0	0	2	0	0	5	1	2	0	0	7
1054.600	2	0	0	0	0	0	0	0	0	0	0	4	0	0	0	3	0	0	5	5	8	0	0	1
1054.800	4	0	0	0	0	0	0	0	0	0	0	5	0	0	0	6	0	0	6	2	7	0	0	0
1055.000	2	0	0	0	0	0	0	0	0	0	0	5	0	0	0	1	0	0	5	5	10	0	0	4
1055.200	4	0	0	0	0	0	0	0	0	0	0	5	0	0	0	4	0	0	5	5	10	0	0	2
1055.400	3	0	0	0	0	0	0	0	0	0	0	5	0	0	0	1	0	0	5	5	9	0	0	0
1055.600	3	0	0	0	0	0	0	0	0	0	0	5	0	0	0	4	0	0	3	3	8	0	0	1
1055.800	3	0	0	0	0	0	0	0	0	0	0	5	0	0	0	3	0	0	5	3	8	0	0	1
1056.000	3	0	0	0	0	0	0	0	0	0	0	6	0	0	0	12	0	0	5	6	11	0	0	0
1056.200	4	0	0	0	0	0	0	0	0	0	0	5	0	0	0	11	0	0	4	4	9	0	0	3
1056.400	3	0	0	0	0	0	0	0	0	0	0	4	0	0	0	6	0	0	4	2	5	0	0	9
1056.600	3	0	0	0	0	0	0	0	0	0	2	7	0	0	0	5	0	0	5	1	6	0	0	5
1056.800	3	0	0	0	0	0	0	0	0	0	0	4	0	0	0	9	0	0	4	5	8	0	0	3
1057.000	4	0	0	0	1	0	0	0	0	0	0	6	0	0	0	5	0	0	4	6	7	0	0	2
1057.200	2	0	0	0	4	0	0	0	0	0	0	5	0	0	0	5	0	0	5	2	4	0	0	5
1057.400	3	0	0	0	5	0	0	0	0	0	0	5	0	0	0	8	0	0	5	4	6	0	0	3
1057.600	3	0	0	0	5	0	0	0	0	0	0	7	0	0	0	7	0	0	4	6	6	0	0	2
1057.800	2	0	0	0	5	0	0	0	0	0	3	6	0	0	0	6	0	0	6	3	7	0	0	7
1058.000	4	0	0	0	2	0	0	0	0	0	6	6	0	0	0	6	0	0	6	2	8	0	0	8
1058.200	3	0	0	0	1	0	0	0	0	0	4	6	0	0	0	5	0	0	5	6	6	0	0	5
1058.400	3	0	0	0	3	0	0	0	0	0	3	8	0	0	0	5	0	0	5	4	8	0	0	6
1058.600	3	0	0	0	4	0	0	0	0	0	3	9	0	0	0	9	0	0	5	6	6	0	0	8
1058.800	3	0	0	0	2	0	0	0	0	0	7	4	0	0	0	6	0	0	6	6	7	0	0	5
1059.000	3	0	0	0	0	0	0	0	0	0	4	5	0	0	0	6	0	0	6	6	8	0	0	6
1059.200	5	0	0	0	0	0	0	0	0	0	1	6	0	0	0	6	0	0	4	6	7	0	0	7
1059.400	6	0	0	0	0	0	0	0	0	0	1	5	0	0	0	1	0	0	6	6	6	0	0	8
1059.600	7	0	0	0	1	0	0	0	0	0	1	5	0	0	0	0	0	0	6	5	5	0	0	10
1059.800	6	0	0	0	0	0	0	0	0	0	1	6	0	0	0	0	0	0	5	6	8	0	0	7
1060.000	8	1	0	0	2	0	0	0	0	0	3	6	0	0	0	0	0	0	5	6	9	0	0	6
1060.200	3	0	0	0	2	0	0	0	0	0	4	7	0	0	0	0	0	0	5	4	7	0	0	9
1060.400	3	0	0	0	2	0	0	0	0	0	3	7	0	0	0	1	0	0	4	5	11	0	0	8
1060.600	7	1	0	0	1	0	0	0	0	0	0	6	0	0	0	2	0	0	6	5	10	0	0	9
1060.800	6	0	0	0	2	0	0	0	0	0	2	7	0	0	0	4	0	0	5	1	7	0	0	7
1061.000	7	0	0	0	3	0	0	0	0	0	4	6	0	0	0	2	0	0	4	4	6	0	0	6
1061.200	4	0	0	0	3	0	0	0	0	0	6	5	0	0	0	2	0	0	3	4	8	0	0	7
1061.400	4	0	0	0	2	0	0	0	0	0	1	6	0	0	0	3	0	1	5	5	9	0	0	8
1061.600	3	0	0	0	5	0	0	0	0	0	6	6	0	0	0	2	0	0	5	6	6	0	0	5
1061.800	3	0	0	0	4	0	0	0	0	0	0	3	0	0	0	1	0	0	6	6	7	0	0	9
1062.000	6	0	0	0	3	0	0	0	0	0	0	8	0	0	0	3	0	0	5	4	6	0	0	5
1062.200	6	0	0	0	1	0	0	0	0	0	0	4	0	0	0	2	0	1	5	5	7	0	0	6
1062.400	6	0	0	0	1	0	0	0	0	0	0	5	0	0	0	3	0	1	6	5	9	0	0	6
1062.600	5	0	0	0	4	0	0	0	0	0	0	3	0	0	0	4	0	1	7	6	10	0	0	5
1062.800	4	0	0	0	2	0	0	0	0	0	0	6	0	0	0	3	0	0	4	4	6	0	0	5
1063.000	5	0	0	0	3	0	0	0	0	0	0	7	0	0	0	3	0	0	4	3	5	0	0	4
1063.200	5	0	0	0	2	0	0	0	0	1	0	3	0	0	0	4	0	0	6	1	6	0	0	7
1063.400	6	0	0	0	4	0	0	0	0	1	0	3	0	0	0	3	0	0	5	6	10	0	0	8
1063.600	5	0	0	0	2	0	0	0	0	1	0	4	0	0	0	5	0	0	6	6	8	0	0	2
1063.800	6	0	0	0	1	0	0	0	0	0	0	5	0	0	0	5	0	0	6	6	8	0	0	8
1064.000	4	0	0	0	4	0	0	0	0	1	0	1	0	0	0	4	0	0	3	4	9	0	0	3
1064.200	6	0	0	0	4	0	0	0	0	0	1	5	0	0	0	5	0	0	5	3	8	0	0	6
1064.400	5	0	0	0	0	0	0	0	0	0	0	6	0	0	0	6	0	0	6	6	7	0	0	3
1064.600	7	1	0	0	0	0	0	0	0	0	0	3	0	0	0	7	0	0	4	4	8	0	0	5
1064.800	7	0	0	0	0	0	0	0	0	0	0	0	0	0	0	6	0	0	5	6	8	0	0	6
1065.000	7	0	0	0	0	0	0	0	0	1	0	1	0	0	0	6	0	0	4	6	7	0	0	6
1065.200	3	0	0	0	0	0	0	0	0	1	0	3	0	0	0	2	0	0	4	4	8	0	0	5
1065.400	6	0	0	0	1	0	0	0	0	0	0	4	0	0	0	5	0	0	6	6	7	0	0	7
1065.600	6	0	0	0	1	0	0	0	0	0	0	5	0	0	0	6	0	0	6	5	8	0	0	5
1065.800	4	0	0	0	0	0	0	0	0	1	0	2	0	0	0	3	0	0	5	5	8	0	0	6
1066.000	4	0	0	0	1	0	0	0	0	0	0	5	0	0	0	5	0	0	5	6	8	0	0	7
1066.200	3	0	0	0	0	0	0	0	0	0	0	3	0	0	0	3	0	0	4	6	8	0	0	5
1066.400	3	0	0	0	1	0	0	0	0	0	0	9	0	0	0	2	0	0	5	6	8	0	0	5
1066.600	6	0	0	0	1	0	0	0	0	1	0	9	0	0	0	2	0	0	3	1	6	0	0	6
1066.800	5	0	0	0	0	0	0	0	0	1	1	3	0	0	0	2	0	2	5	6	9	0	0	5
1067.000	6	0	0	0	0	0	0	0	0	0	0	4	0	0	0	2	0	0	4	5	7	0	0	11
1067.200	3	0	0	0	0	0	0	0	0	0	0	5	0	0	0	2	0	0	4	6	8	0	0	7
1067.400	4	0	0	0	0	0	0	0	0	0	0	2	0	0	0	0	0	1	5	6	11	0	0	5
1067.600	4	0	0	0	0	0	0	0	0	0	0	6	0	0	0	2	0	0	5	6	11	0	0	5
1067.800	5	0	0	0	0	0	0	0	0	0	0	6	0	0	0	0	0	0	6	6	6	0	0	9
1068.000	7	0	0	0	0	0	0	0	0	0	0	5	0	0	0	0	0	1	5	6	11	0	0	10
1068.200	8	0	0	0	0	0	0	0	0	0	0	6	0	0	0	2	0	0	4	6	9	0	0	4
1068.400	6	0	0	0	2	0	0	0	0	0	0	2	0	0	0	2	0	1	4	3	7	0	0	2
1068.600	4	0	0	0	1	0	0	0	0	0	0	7	0	0	0	2	0	0	4	6	8	0	0	2
1068.800	6	0	0	0	0	0	0	0	0	0	0	8	0	0	0	2	0	0	5	6	7	0	0	1
1069.000	6	0	0	0	0	0	0	0	0	0	0	2	0	0	0	3	0	0	4	5	11	0	0	1
1069.200	5	0	0	0	1	0	0	0	0	0	0	3	0	0	0	4	0	0	5	5	10	0	0	1
1069.400	7	0	0	0	1	0	0	0	0	0	0	5	0	0	0	4	0	0	4	5	7	0	0	5
1069.600	6	0	0	0	0	0	0	0	0	0	0	5	0	0	0	2	0	0	5	5	8	0	0	6
1069.800	6	0	0	0	0	0	0	0	0	0	0	4	0	0	0	4	0	0	5	6	8	0	0	5
1070.000	3	0	0	0	0	0	0	0	0	0	0	5	0	0	0	1	0	0	4	6	11	0	0	5
1070.200	8	1	0	0	1	0	0	0	0	0	0	4	0	0	0	4	0	0	5	6	8	0	0	8
1070.400	6	0	0	0	0	0	0	0	0	0	0	7	0	0	0	2	0	0	5	6	9	0	0	0
1070.600	4	0	0	0	1	0	0	0	0	0	0	5	0	0	0	2	0	0	4	6	12	0	0	0
1070.800	3	0	0	0	1	0	0	0	0	0	0	6	0	0	0	3	0	0	5	5	8	0	0	1
1071.000	8	0	0	0	0	0	0	0	0	0	0	6	0	0	0	2	0	0	5	6	8	0	0	1
1071.200	7	0	0	0	0	0	0	0	0	0	0	5	0	0	0	4	0	0	6	6	9	0	0	6
1071.400	7	0	0	0	0	0	0	0	0	0	0	7	0	0	0	4	0	0	5	5	10	0	0	6
1071.600	9	0	0	0	1	0	0	0	0	0	0	4	0	0	0	3	0	0	3	4	9	0	0	6
1071.800	6	0	0	0	1	0	0	0	0	0	2	4	0	0	0	3	0	0	4	3	9	0	0	9
1072.000	5	0	0	0	2	0	0	0	0	0	4	7	0	0	0	3	0	0	4	2	7	0	0	8
1072.200	6	1	0	0	5	0	0	0	0	0	2	5	0	0	0	4	0	0	4	2	6	0	0	5
1072.400	5	0	0	0	7	0	0	0	0	0	2	9	0	0	0	4	0	0	4	5	9	0	0	7
1072.600	6	0	0	0	3	0	0	0	0	0	2	7	0	0	0	4	0	0	3	4	6	0	0	8
1072.800	6	0	0	0	4	0	0	0	0	0	2	5	0	0	0	5	0	0	4	5	9	0	0	6
1073.000	9	0	0	0	3	0	0	0	0	1	2	4	0	0	0	2	0	0	5	4	6	0	0	10
1073.200	8	0	0	0	1	0	0	0	0	1	2	6	0	0	0	3	0	0	5	3	6	0	0	14
1073.400	7	0	0	0	0	0	0	0	0	1	2	3	0	0	0	6	0	0	4	5	8	0	0	10
1073.600	4	0	0	0	0	0	0	0	0	1	5	4	0	0	0	6	0	0	7	4	8	0	0	5
1073.800	5	0	0	0	0	0	0	0	0	0	4	3	0	0	0	5	0	0	5	4	7	0	0	5
1074.000	4	0	0	0	0	0	0	0	0	0	4	1	0	0	0	5	0	0	5	6	10	0	0	11
1074.200	3	0	0	0	1	0	0	0	0	1	4	3	0	0	0	6	0	0	4	6	7	0	0	7
1074.400	6	0	0	0	2	0	0	0	0	1	4	0	0	0	0	1	0	0	5	6	6	0	0	10
1074.600	2	0	0	0	6	0	0	0	0	1	0	3	0	0	0	7	0	0	5	6	8	0	0	12
1074.800	5	0	0	0	5	0	0	0	0	1	0	6	0	0	0	6	0	0	4	4	10	0	0	8
1075.000	7	0	0	0	1	0	0	0	0	1	3	3	0	0	0	5	0	0	5	6	9	0	0	6
1075.200	4	0	0	0	3	0	0	0	0	1	5	3	0	0	0	6	0	0	5	6	7	0	0	2
1075.400	7	0	0	0	4	0	0	0	0	1	3	3	0	0	0	6	0	0	4	4	5	0	0	6
1075.600	6	0	0	0	4	0	0	0	0	0	4	3	0	0	0	6	0	0	5	5	8	0	0	7
1075.800	4	0	0	0	4	0	0	0	0	1	0	4	0	0	0	5	0	0	6	4	9	0	0	5
1076.000	9	1	0	0	7	0	0	0	0	1	0	3	0	0	0	5	0	0	4	6	10	0	0	3
1076.200	7	0	0	0	7	0	0	0	0	1	0	3	0	0	0	5	0	0	4	4	7	0	0	4
1076.400	7	0	0	0	4	0	0	0	0	1	0	3	0	0	0	6	0	0	4	6	8	0	0	7
1076.600	6	0	0	0	4	0	0	0	0	1	0	3	0	0	0	7	0	0	5	2	9	0	0	5
1076.800	5	0	0	0	3	0	0	0	0	1	2	3	0	0	0	8	0	0	5	6	10	0	0	8
1077.000	4	0	0	0	5	0	0	0	0	0	4	5	0	0	0	4	0	0	4	6	9	0	0	6
1077.200	2	0	0	0	2	0	0	0	0	0	5	0	0	0	0	5	0	0	7	6	7	0	0	9
1077.400	6	0	0	0	5	0	0	0	0	0	1	0	0	0	0	4	0	0	4	5	7	0	0	5
1077.600	5	0	0	0	7	0	0	0	0	0	7	2	0	0	0	4	0	0	8	6	8	0	0	9
1077.800	4	0	0	0	4	0	0	0	0	0	4	1	0	0	0	1	0	0	5	5	8	0	0	6
1078.000	7	0	0	0	4	0	0	0	0	0	9	6	0	0	0	1	0	0	4	4	8	0	0	10
1078.200	5	0	0	0	5	0	0	0	0	0	6	5	0	0	0	1	0	0	4	6	7	0	0	7
1078.400	5	0	0	0	6	0	0	0	0	0	5	1	0	0	0	1	0	0	4	1	7	0	0	7
1078.600	5	0	0	0	5	0	0	0	0	0	2	2	0	0	0	0	0	0	5	4	6	0	0	3
1078.800	5	0	0	0	5	0	0	0	0	0	3	5	0	0	0	1	0	0	4	3	9	0	0	6
1079.000	7	0	0	0	7	0	0	0	0	0	2	5	0	0	0	1	0	0	4	6	9	0	0	8
1079.200	6	0	0	0	6	0	0	0	0	0	4	1	0	0	0	0	0	0	5	6	9	0	0	10
1079.400	8	1	0	0	4	0	0	0	0	0	2	4	0	0	0	1	0	0	4	5	8	0	0	8
1079.600	5	0	0	0	3	0	0	0	0	1	4	0	0	0	0	2	0	0	5	4	9	0	0	5
1079.800	6	0	0	0	2	0	0	0	0	1	5	2	0	0	0	2	0	0	5	6	9	0	0	9
1080.000	9	1	0	0	0	0	0	0	0	0	5	0	0	0	0	1	0	0	4	6	8	0	0	11
1080.200	5	0	0	0	0	0	0	0	0	0	6	0	0	0	0	2	0	0	4	6	8	0	0	7
1080.400	6	0	0	0	3	0	0	0	0	0	5	6	0	0	0	1	0	0	3	1	7	0	0	5
1080.600	7	0	0	0	2	0	0	0	0	0	4	5	0	0	0	1	0	0	4	0	4	0	0	3
1080.800	8	0	0	0	2	0	0	0	0	0	5	6	0	0	0	2	0	0	5	3	6	0	0	0
1081.000	5	0	0	0	5	0	0	0	0	0	6	4	0	0	0	5	0	0	5	4	8	0	0	1
1081.200	6	0	0	0	4	0	0	0	0	0	8	7	0	0	0	3	0	0	3	3	5	0	0	5
1081.400	8	1	0	0	4	0	0	0	0	0	7	10	0	0	0	1	0	0	3	5	9	0	0	3
1081.600	7	0	0	0	5	0	0	0	0	0	4	12	0	0	0	3	0	0	5	6	8	0	0	4
1081.800	6	0	0	0	2	0	0	0	0	0	5	6	0	0	0	4	0	0	5	3	8	0	0	2
1082.000	8	1	0	0	0	0	0	0	0	0	9	5	0	0	0	2	0	0	3	2	7	0	0	0
1082.200	5	0	0	0	0	0	0	0	0	0	9	5	0	0	0	1	0	0	4	3	8	0	0	3
1082.400	4	0	0	0	0	0	0	0	0	0	7	5	0	0	0	2	0	0	5	1	7	0	0	0
1082.600	5	0	0	0	0	0	0	0	0	0	5	5	0	0	0	3	0	0	5	5	10	0	0	2
1082.800	5	0	0	0	0	0	0	0	0	0	6	5	0	0	0	3	0	0	4	3	7	0	0	3
1083.000	5	0	0	0	0	0	0	0	0	0	10	5	0	0	0	2	0	0	4	3	8	0	0	2
1083.200	3	0	0	0	0	0	0	0	0	0	2	5	0	0	0	6	0	0	5	2	8	0	0	1
1083.400	7	0	0	0	0	0	0	0	0	0	6	5	0	0	0	1	0	0	4	1	8	0	0	1
1083.600	8	0	0	0	0	0	0	0	0	0	5	5	0	0	0	3	0	0	4	4	8	0	0	7
1083.800	6	0	0	0	0	0	0	0	0	0	6	5	0	0	0	2	0	0	4	1	4	0	0	0
1084.000	5	0	0	0	0	0	0	0	0	0	5	5	0	0	0	3	0	0	3	4	8	0	0	3
1084.200	3	0	0	0	0	0	0	0	0	0	7	4	0	0	0	6	0	0	2	5	8	0	0	4
1084.400	4	0	0	0	0	0	0	0	0	0	6	5	0	0	0	2	0	0	5	5	7	0	0	7
1084.600	6	0	0	0	0	0	0	0	0	0	6	5	0	0	0	2	0	0	3	1	7	0	0	5
1084.800	7	0	0	0	0	0	0	0	0	0	14	5	0	0	0	4	0	0	4	4	10	0	0	8
1085.000	6	0	0	0	0	0	0	0	0	0	6	5	0	0	0	3	0	0	3	5	6	0	0	12
1085.200	6	0	0	0	0	0	0	0	0	0	8	6	0	0	0	2	0	0	4	4	7	0	0	7
1085.400	5	0	0	0	0	0	0	0	0	0	6	7	0	0	0	5	0	0	4	5	10	0	0	7
1085.600	5	0	0	0	0	0	0	0	0	0	5	9	0	0	0	6	0	0	4	6	8	0	0	5
1085.800	8	0	0	0	0	0	0	0	0	0	5	4	0	0	0	5	0	0	5	5	10	0	0	6
1086.000	7	0	0	0	0	0	0	0	0	0	5	5	0	0	0	3	0	0	3	2	7	0	0	7
1086.200	9	1	0	0	0	0	0	0	0	0	5	5	0	0	0	2	0	0	4	1	8	0	0	7
1086.400	9	1	0	0	0	0	0	0	0	0	6	6	0	0	0	3	0	0	3	1	10	0	0	6
1086.600	8	1	0	0	0	0	0	0	0	0	12	3	0	0	0	3	0	0	4	5	10	0	0	9
1086.800	7	0	0	0	0	0	0	0	0	0	10	1	0	0	0	6	0	0	5	5	9	0	0	10
1087.000	6	0	0	0	0	0	0	0	0	0	6	0	0	0	0	5	0	0	4	6	11	0	0	6
1087.200	5	0	0	0	0	0	0	0	0	0	5	3	0	0	0	6	0	0	4	5	8	0	0	4
1087.400	6	0	0	0	0	0	0	0	0	0	9	3	0	0	0	5	0	0	5	2	7	0	0	8
1087.600	8	0	0	0	0	0	0	0	0	0	6	5	0	0	0	5	0	0	5	6	9	0	0	6
1087.800	4	0	0	0	0	0	0	0	0	0	5	6	0	0	0	5	0	0	5	5	7	0	0	6
1088.000	8	0	0	0	0	0	0	0	0	0	5	7	0	0	0	6	0	0	6	6	5	0	0	12
1088.200	7	0	0	0	0	0	0	0	0	0	3	5	0	0	0	5	0	0	5	6	8	0	0	7
1088.400	5	0	0	0	0	0	0	0	0	0	5	8	0	0	0	4	0	0	4	4	3	0	0	6
1088.600	6	0	0	0	0	0	0	0	0	0	5	10	0	0	0	5	0	0	5	6	5	0	0	8
1088.800	5	0	0	0	0	0	0	0	0	0	5	7	0	0	0	4	0	0	3	5	7	0	0	8
1089.000	2	0	0	0	0	0	0	0	0	0	3	7	0	0	0	3	0	0	5	1	6	0	0	5
1089.200	4	0	0	0	0	0	0	0	0	0	3	9	0	0	0	2	0	0	4	3	4	0	0	7
1089.400	7	0	0	0	0	0	0	0	0	0	1	10	0	0	0	5	0	0	5	4	8	0	0	8
1089.600	5	0	0	0	0	0	0	0	0	0	3	3	0	0	0	3	0	0	5	4	7	0	0	10
1089.800	6	0	0	0	0	0	0	0	0	0	3	9	0	0	0	5	0	0	4	3	8	0	0	8
1090.000	5	0	0	0	0	0	0	0	0	0	1	7	0	0	0	10	0	0	6	5	7	0	0	7
1090.200	7	0	0	0	0	0	0	0	0	0	2	10	0	0	0	6	0	0	5	6	9	0	0	5
1090.400	4	0	0	0	0	0	0	0	0	0	6	5	0	0	0	8	0	0	7	6	7	0	0	11
1090.600	3	0	0	0	0	0	0	0	0	0	4	9	0	0	0	5	0	0	5	6	7	0	0	11
1090.800	4	0	0	0	0	0	0	0	0	0	5	6	0	0	0	3	0	0	3	5	7	0	0	12
1091.000	4	0	0	0	0	0	0	0	0	0	4	6	0	0	0	6	0	0	4	5	8	0	0	11
1091.200	3	0	0	0	0	0	0	0	0	0	6	6	0	0	0	3	0	0	5	5	9	0	0	10
1091.400	3	0	0	0	0	0	0	0	0	0	4	4	0	0	0	3	0	0	4	4	7	0	0	7
1091.600	3	0	0	0	0	0	0	0	0	0	5	2	0	0	0	4	0	0	3	4	7	0	0	6
1091.800	4	0	0	0	0	0	0	0	0	0	6	0	0	0	0	7	0	0	3	5	8	0	0	5
1092.000	5	0	0	0	0	0	0	0	0	0	6	0	0	0	0	4	0	0	4	6	8	0	0	6
1092.200	3	0	0	0	0	0	0	0	0	0	7	1	0	0	0	4	0	0	7	4	8	0	0	9
1092.400	7	0	0	0	0	0	0	0	0	0	5	2	0	0	0	9	0	0	4	5	9	0	0	9
1092.600	5	0	0	0	0	0	0	0	0	0	3	1	0	0	0	6	0	0	5	3	5	0	0	14
1092.800	5	0	0	0	0	0	0	0	0	0	1	1	0	0	0	6	0	0	5	4	5	0	0	10
1093.000	4	0	0	0	0	0	0	0	0	0	4	1	0	0	0	6	0	0	5	5	7	0	0	10
1093.200	4	0	0	0	3	0	0	0	0	0	4	2	0	0	0	6	0	0	3	4	7	0	0	5
1093.400	4	0	0	0	0	0	0	0	0	0	2	3	0	0	0	7	0	0	2	4	5	0	0	5
1093.600	3	0	0	0	0	0	0	0	0	0	4	6	0	0	0	9	0	0	4	2	6	0	0	7
1093.800	3	0	0	0	0	0	0	0	0	0	4	8	0	0	0	6	0	0	5	5	7	0	0	0
1094.000	4	0	0	0	0	0	0	0	0	0	3	9	0	0	0	7	0	0	4	1	3	0	0	6
1094.200	5	0	0	0	0	0	0	0	0	0	4	6	0	0	0	6	0	0	6	4	8	0	0	1
1094.400	5	0	0	0	0	0	0	0	0	0	0	7	0	0	0	7	0	0	6	5	8	0	0	0
1094.600	5	0	0	0	0	0	0	0	0	0	1	7	0	0	0	6	0	0	5	3	7	0	0	0
1094.800	6	0	0	0	0	0	0	0	0	0	2	5	0	0	0	7	0	0	4	3	8	0	0	1
1095.000	8	0	0	0	0	0	0	0	0	0	2	7	0	0	0	5	0	0	5	3	7	0	0	6
1095.200	4	0	0	0	1	0	0	0	0	0	2	3	0	0	0	5	0	0	5	1	6	0	0	3
1095.400	5	0	0	0	0	0	0	0	0	0	0	8	0	0	0	4	0	0	6	4	8	0	0	0
1095.600	6	0	0	0	0	0	0	0	0	0	0	7	0	0	0	5	0	0	5	6	9	0	0	6
1095.800	5	0	0	0	0	0	0	0	0	0	0	3	0	0	0	5	0	0	4	4	8	0	0	7
1096.000	6	0	0	0	0	0	0	0	0	0	0	4	0	0	0	4	0	0	4	5	8	0	0	6
1096.200	6	0	0	0	0	0	0	0	0	0	3	5	0	0	0	7	0	0	5	4	8	0	0	6
1096.400	2	0	0	0	0	0	0	0	0	0	4	1	0	0	0	6	0	0	6	4	6	0	0	5
1096.600	5	0	0	0	0	0	0	0	0	0	5	1	0	0	0	8	0	0	5	4	6	0	0	6
1096.800	3	0	0	0	0	0	0	0	0	0	5	4	0	0	0	6	0	0	5	5	6	0	0	9
1097.000	5	0	0	0	0	0	0	0	0	0	0	7	0	0	0	6	0	0	5	3	7	0	0	9
1097.200	3	0	0	0	0	0	0	0	0	0	0	3	0	0	0	6	0	0	4	5	5	0	0	5
1097.400	3	0	0	0	0	0	0	0	0	0	0	5	0	0	0	4	0	0	4	6	6	0	0	9
1097.600	3	0	0	0	0	0	0	0	0	0	0	4	0	0	0	7	0	0	5	6	8	0	0	6
1097.800	3	0	0	0	0	0	0	0	0	0	0	6	0	0	0	6	0	0	4	7	11	0	0	9
1098.000	6	0	0	0	0	0	0	0	0	0	0	6	0	0	0	5	0	0	5	4	9	0	0	5
1098.200	4	0	0	0	0	0	0	0	0	0	0	3	0	0	0	6	0	0	6	6	9	0	0	8
1098.400	5	0	0	0	0	0	0	0	0	0	0	5	0	0	0	6	0	0	5	5	8	0	0	8
1098.600	4	0	0	0	1	0	0	0	0	0	0	3	0	0	0	4	0	0	5	4	6	0	0	6
1098.800	4	0	0	0	0	0	0	0	0	0	0	3	0	0	0	8	0	0	5	5	5	0	0	6
1099.000	6	0	0	0	0	0	0	0	0	0	0	6	0	0	0	7	0	0	6	5	8	0	0	5
1099.200	3	0	0	0	0	0	0	0	0	0	0	7	0	0	0	5	0	0	3	5	6	0	0	4
1099.400	3	0	0	0	0	0	0	0	0	0	0	2	0	0	0	4	0	0	3	4	9	0	0	8
1099.600	3	0	0	0	0	0	0	0	0	0	0	5	0	0	0	3	0	0	5	5	7	0	0	7
1099.800	2	0	0	0	0	0	0	0	0	0	0	6	0	0	0	6	0	0	6	6	8	0	0	7
1100.000	4	0	0	0	0	0	0	0	0	0	0	5	0	0	0	9	0	0	5	6	8	0	0	8
1100.200	3	0	0	0	0	0	0	0	0	0	0	6	0	0	0	7	0	0	5	5	8	0	0	6
1100.400	4	0	0	0	0	0	0	0	0	0	0	7	0	0	0	6	0	0	4	5	7	0	0	10
1100.600	3	0	0	0	0	0	0	0	0	0	0	5	0	0	0	7	0	0	5	4	7	0	0	11
1100.800	3	0	0	0	0	0	0	0	0	0	0	7	0	0	0	6	0	0	4	4	4	0	0	11
1101.000	3	0	0	0	0	0	0	0	0	0	0	10	0	0	0	5	0	0	5	5	7	0	0	8
1101.200	3	0	0	0	0	0	0	0	0	0	0	9	0	0	0	6	0	0	4	6	4	0	0	8
1101.400	3	0	0	0	0	0	0	0	0	0	0	7	0	0	0	4	0	0	4	5	4	0	0	11
1101.600	4	0	0	0	0	0	0	0	0	0	0	10	0	0	0	5	0	0	5	6	8	0	0	7
1101.800	3	0	0	0	0	0	0	0	0	0	0	4	0	0	0	4	0	0	5	4	5	0	0	10
1102.000	3	0	0	0	0	0	0	0	0	0	0	7	0	0	0	6	0	0	4	5	8	0	0	6
1102.200	3	0	0	0	0	0	0	0	0	0	0	8	0	0	0	10	0	0	6	6	8	0	0	11
1102.400	3	0	0	0	0	0	0	0	0	0	0	8	0	0	0	10	0	0	4	6	8	0	0	11
1102.600	3	0	0	0	0	0	0	0	0	0	4	8	0	0	0	10	0	0	5	6	5	0	0	10
1102.800	3	0	0	0	0	0	0	0	0	0	2	7	0	0	0	11	0	0	4	2	5	0	0	5
1103.000	3	0	0	0	0	0	0	0	0	0	1	8	0	0	0	5	0	0	3	6	6	0	0	5
1103.200	4	0	0	0	0	0	0	0	0	0	3	7	0	0	0	7	0	0	4	5	7	0	0	9
1103.400	6	0	0	0	0	0	0	0	0	0	3	8	0	0	0	7	0	0	5	3	9	0	0	8
1103.600	3	0	0	0	0	0	0	0	0	0	2	6	0	0	0	6	0	0	6	6	6	0	0	11
1103.800	4	0	0	0	0	0	0	0	0	0	1	10	0	0	0	7	0	0	3	4	8	0	0	5
1104.000	3	0	0	0	0	0	0	0	0	0	3	10	0	0	0	6	0	0	4	6	7	0	0	5
1104.200	3	0	0	0	0	0	0	0	0	0	4	9	0	0	0	4	0	0	3	5	8	0	0	6
1104.400	4	0	0	0	0	0	0	0	0	0	2	6	0	0	0	5	0	0	4	5	6	0	0	5
1104.600	4	0	0	0	0	0	0	0	0	0	3	8	0	0	0	4	0	0	3	6	12	0	0	4
1104.800	3	0	0	0	0	0	0	0	0	0	3	11	0	0	0	2	0	0	4	6	8	0	0	6
1105.000	4	0	0	0	0	0	0	0	0	0	2	12	0	0	0	5	0	0	3	5	10	0	0	5
1105.200	3	0	0	0	0	0	0	0	0	0	2	10	0	0	0	5	0	0	4	6	9	0	0	6
1105.400	4	0	0	0	0	0	0	0	0	0	6	8	0	0	0	2	0	0	3	5	5	0	0	5
1105.600	3	0	0	0	0	0	0	0	0	0	0	7	0	0	0	4	0	0	4	4	8	0	0	11
1105.800	4	0	0	0	0	0	0	0	0	0	0	3	0	0	0	7	0	0	5	6	7	0	0	9
1106.000	3	0	0	0	0	0	0	0	0	0	0	7	0	0	0	6	0	0	4	2	5	0	0	5
1106.200	4	0	0	0	0	0	0	0	0	0	0	6	0	0	0	3	0	0	5	6	7	0	0	10
1106.400	3	0	0	0	0	0	0	0	0	0	0	11	0	0	0	3	0	0	6	6	8	0	0	8
1106.600	4	0	0	0	0	0	0	0	0	0	0	9	0	0	0	4	0	0	5	6	9	0	0	4
1106.800	3	0	0	0	0	0	0	0	0	0	0	10	0	0	0	7	0	0	4	5	7	0	0	8
1107.000	5	0	0	0	0	0	0	0	0	0	0	8	0	0	0	6	0	0	4	5	7	0	0	5
1107.200	3	0	0	0	0	0	0	0	0	0	1	8	0	0	0	4	0	0	4	5	7	0	0	7
1107.400	2	0	0	0	0	0	0	0	0	0	3	2	0	0	0	7	0	0	3	5	6	0	0	5
1107.600	5	0	0	0	0	0	0	0	0	0	2	6	0	0	0	6	0	0	4	5	7	0	0	5
1107.800	4	0	0	0	0	0	0	0	0	0	1	6	0	0	0	6	0	0	3	5	10	0	0	8
1108.000	4	0	0	0	0	0	0	0	0	0	1	6	0	0	0	6	0	0	4	5	7	0	0	6
1108.200	5	0	0	0	0	0	0	0	0	0	4	7	0	0	0	5	0	0	4	5	5	0	0	8
1108.400	3	0	0	0	0	0	0	0	0	0	6	6	0	0	0	6	0	0	4	1	7	0	0	7
1108.600	4	0	0	0	0	0	0	0	0	0	5	3	0	0	0	4	0	0	5	5	7	0	0	8
1108.800	4	0	0	0	0	0	0	0	0	0	1	6	0	0	0	7	0	0	4	5	8	0	0	7
1109.000	3	0	0	0	0	0	0	0	0	0	0	7	0	0	0	4	0	0	1	5	7	0	0	7
1109.200	3	0	0	0	0	0	0	0	0	0	1	8	0	0	0	3	0	0	1	5	9	0	0	6
1109.400	4	0	0	0	0	0	0	0	0	0	1	6	0	0	0	3	0	0	1	4	8	0	0	10
1109.600	2	0	0	0	0	0	0	0	0	0	0	6	0	0	0	4	0	0	4	5	6	0	0	1
1109.800	3	0	0	0	0	0	0	0	0	0	0	6	0	0	0	7	0	0	4	1	6	0	0	3
1110.000	3	0	0	0	0	0	0	0	0	0	0	8	0	0	0	6	0	0	4	4	7	0	0	6
1110.200	3	0	0	0	0	0	0	0	0	0	0	4	0	0	0	7	0	0	4	4	6	0	0	11
1110.400	3	0	0	0	0	0	0	0	0	0	1	5	0	0	0	4	0	0	5	5	7	0	0	7
1110.600	3	0	0	0	0	0	0	0	0	0	1	7	0	0	0	5	0	0	5	6	9	0	0	7
1110.800	3	0	0	0	0	0	0	0	0	0	0	5	0	0	0	5	0	0	4	6	5	0	0	8
1111.000	3	0	0	0	0	0	0	0	0	0	1	8	0	0	0	5	0	0	2	5	8	0	0	4
1111.200	3	0	0	0	0	0	0	0	0	0	0	9	0	0	0	4	0	0	3	2	8	0	0	5
1111.400	4	0	0	0	0	0	0	0	0	0	3	8	0	0	0	2	0	0	3	5	7	0	0	5
1111.600	3	0	0	0	0	0	0	0	0	0	0	6	0	0	0	1	0	0	4	6	10	0	0	7
1111.800	4	0	0	0	0	0	0	0	0	0	0	3	0	0	0	5	0	0	4	6	7	0	0	7
1112.000	3	0	0	0	0	0	0	0	0	0	1	3	0	0	0	4	0	0	5	6	8	0	0	11
1112.200	4	0	0	0	0	0	0	0	0	0	0	6	0	0	0	4	0	0	4	6	10	0	0	11
1112.400	4	0	0	0	0	0	0	0	0	0	0	10	0	0	0	5	0	0	5	6	9	0	0	9
1112.600	3	0	0	0	0	0	0	0	0	0	0	10	0	0	0	0	0	0	5	6	7	0	0	10
1112.800	4	0	0	0	0	0	0	0	0	0	0	8	0	0	0	3	0	0	3	6	7	0	0	8
1113.000	3	0	0	0	0	0	0	0	0	0	0	8	0	0	0	7	0	0	5	6	8	0	0	8
1113.200	3	0	0	0	0	0	0	0	0	0	0	10	0	0	0	7	0	0	3	5	6	0	0	6
1113.400	3	0	0	0	0	0	0	0	0	0	0	10	0	0	0	4	0	0	4	1	7	0	0	8
1113.600	2	0	0	0	0	0	0	0	0	0	0	8	0	0	0	4	0	0	4	5	5	0	0	10
1113.800	2	0	0	0	0	0	0	0	0	0	0	11	0	0	0	3	0	0	5	4	8	0	0	6
1114.000	4	0	0	0	0	0	0	0	0	0	1	3	0	0	0	5	0	0	4	5	7	0	0	11
1114.200	4	0	0	0	0	0	0	0	0	0	0	5	0	0	0	3	0	0	4	5	6	0	0	11
1114.400	3	0	0	0	0	0	0	0	0	0	0	12	0	0	0	7	0	0	5	6	8	0	0	5
1114.600	5	0	0	0	0	0	0	0	0	0	0	10	0	0	0	6	0	0	4	4	7	0	0	9
1114.800	4	0	0	0	0	0	0	0	0	0	0	6	0	0	0	5	0	0	5	6	7	0	0	14
1115.000	3	0	0	0	0	0	0	0	0	0	0	10	0	0	0	1	0	0	3	4	7	0	0	7
1115.200	5	0	0	0	0	0	0	0	0	0	0	7	0	0	0	0	0	0	3	4	8	0	0	8
1115.400	4	0	0	0	0	0	0	0	0	0	0	17	0	0	0	0	0	0	4	4	6	0	0	10
1115.600	4	0	0	0	0	0	0	0	0	0	0	9	0	0	0	0	0	0	4	3	6	0	0	11
1115.800	3	0	0	0	0	0	0	0	0	0	0	9	0	0	0	3	0	0	4	1	5	0	0	5
1116.000	3	0	0	0	0	0	0	0	0	0	0	16	0	0	0	0	0	0	5	4	6	0	0	8
1116.200	3	0	0	0	0	0	0	0	0	0	0	11	0	0	0	5	0	0	6	6	6	0	0	11
1116.400	3	0	0	0	0	0	0	0	0	0	0	6	0	0	0	7	0	0	6	4	8	0	0	10
1116.600	2	0	0	0	0	0	0	0	0	0	0	13	0	0	0	7	0	0	5	5	5	0	0	8
1116.800	3	0	0	0	0	0	0	0	0	0	0	12	0	0	0	5	0	0	4	6	4	0	0	9
1117.000	3	0	0	0	0	0	0	0	0	0	0	8	0	0	0	7	0	0	4	5	7	0	0	3
1117.200	4	0	0	0	0	0	0	0	0	0	0	15	0	0	0	5	0	0	6	6	7	0	0	8
1117.400	3	0	0	0	0	0	0	0	0	0	0	14	0	0	0	5	0	0	5	4	8	0	0	8
1117.600	4	0	0	0	0	0	0	0	0	0	0	10	0	0	0	7	0	0	5	5	5	0	0	11
1117.800	4	0	0	0	0	0	0	0	0	0	0	9	0	0	0	5	0	0	5	6	8	0	0	6
1118.000	5	0	0	0	0	0	0	0	0	0	0	11	0	0	0	7	0	0	4	4	9	0	0	7
1118.200	4	0	0	0	0	0	0	0	0	0	0	13	0	0	0	6	0	0	4	4	6	0	0	7
1118.400	4	0	0	0	0	0	0	0	0	0	0	5	0	0	0	7	0	0	5	5	6	0	0	7
1118.600	3	0	0	0	0	0	0	0	0	0	0	11	0	0	0	4	0	0	4	1	8	0	0	7
1118.800	5	0	0	0	0	0	0	0	0	0	0	14	0	0	0	6	0	0	4	4	5	0	0	5
1119.000	3	0	0	0	0	0	0	0	0	0	0	14	0	0	0	6	0	0	5	6	7	0	0	7
1119.200	3	0	0	0	0	0	0	0	0	0	0	9	0	0	0	6	0	0	5	5	8	0	0	8
1119.400	4	0	0	0	0	0	0	0	0	0	0	17	0	0	0	6	0	0	3	4	7	0	0	3
1119.600	4	0	0	0	0	0	0	0	0	0	0	13	0	0	0	6	0	0	5	4	7	0	0	1
1119.800	6	0	0	0	0	0	0	0	0	0	0	13	0	0	0	5	0	0	4	5	8	0	0	0
1120.000	3	0	0	0	0	0	0	0	0	0	0	16	0	0	0	0	0	0	5	6	8	0	0	0
1120.200	5	0	0	0	0	0	0	0	0	0	0	15	0	0	0	5	0	0	4	1	8	0	0	3
1120.400	4	0	0	0	0	0	0	0	0	0	0	6	0	0	0	5	0	0	5	3	7	0	0	0
1120.600	4	0	0	0	0	0	0	0	0	0	0	10	0	0	0	2	0	0	5	3	5	0	0	0
1120.800	3	0	0	0	0	0	0	0	0	0	3	7	0	0	0	5	0	0	5	4	5	0	0	8
1121.000	3	0	0	0	0	0	0	0	0	0	1	8	0	0	0	2	0	0	4	4	6	0	0	8
1121.200	4	0	0	0	0	0	0	0	0	0	0	13	0	0	0	3	0	0	5	4	6	0	0	2
1121.400	3	0	0	0	0	0	0	0	0	0	0	6	0	0	0	3	0	0	4	3	6	0	0	0
1121.600	4	0	0	0	0	0	0	0	0	0	0	12	0	0	0	1	0	0	5	3	6	0	0	0
1121.800	4	0	0	0	0	0	0	0	0	0	0	7	0	0	0	0	0	0	4	5	4	0	0	0
1122.000	4	0	0	0	0	0	0	0	0	0	0	15	0	0	0	0	0	0	4	3	6	0	0	2
1122.200	4	0	0	0	0	0	0	0	0	0	0	8	0	0	0	5	0	0	5	5	5	0	0	3
1122.400	3	0	0	0	0	0	0	0	0	0	0	13	0	0	0	3	0	0	5	4	9	0	0	0
1122.600	4	0	0	0	0	0	0	0	0	0	0	3	0	0	0	7	0	0	5	4	8	0	0	2
1122.800	3	0	0	0	0	0	0	0	0	0	1	14	0	0	0	8	0	0	5	4	7	0	0	2
1123.000	3	0	0	0	0	0	0	0	0	0	1	14	0	0	0	8	0	0	5	4	9	0	0	0
1123.200	4	0	0	0	0	0	0	0	0	0	0	7	0	0	0	2	0	0	5	5	7	0	0	4
1123.400	4	0	0	0	0	0	0	0	0	0	2	6	0	0	0	7	0	0	5	5	8	0	0	3
1123.600	3	0	0	0	0	0	0	0	0	0	5	13	0	0	0	8	0	0	5	4	8	0	0	4
1123.800	4	0	0	0	0	0	0	0	0	0	4	6	0	0	0	9	0	0	5	4	4	0	0	5
1124.000	3	0	0	0	0	0	0	0	0	0	3	12	0	0	0	3	0	0	5	4	9	0	0	8
1124.200	4	0	0	0	0	0	0	0	0	0	4	6	0	0	0	4	0	0	4	6	8	0	0	11
1124.400	3	0	0	0	0	0	0	0	0	0	2	4	0	0	0	5	0	0	5	5	7	0	0	5
1124.600	3	0	0	0	0	0	0	0	0	0	6	10	0	0	0	3	0	0	6	6	7	0	0	8
1124.800	3	0	0	0	0	0	0	0	0	0	6	8	0	0	0	4	0	0	4	5	6	0	0	5
1125.000	2	0	0	0	0	0	0	0	0	0	4	11	0	0	0	4	0	0	5	5	7	0	0	11
1125.200	3	0	0	0	0	0	0	0	0	0	4	10	0	0	0	7	0	0	4	1	7	0	0	9
1125.400	3	0	0	0	0	0	0	0	0	0	2	16	0	0	0	7	0	0	5	6	6	0	0	12
1125.600	3	0	0	0	0	0	0	0	0	0	0	5	0	0	0	4	0	0	4	6	9	0	0	7
1125.800	3	0	0	0	0	0	0	0	0	0	0	4	0	0	0	4	0	0	5	4	6	0	0	9
1126.000	3	0	0	0	0	0	0	0	0	0	0	12	0	0	0	7	0	0	5	6	8	0	0	12
1126.200	5	0	0	0	0	0	0	0	0	0	0	18	0	0	0	2	0	0	4	5	8	0	0	8
1126.400	3	0	0	0	0	0	0	0	0	0	0	10	0	0	0	5	0	0	3	5	8	0	0	9
1126.600	4	0	0	0	0	0	0	0	0	0	1	9	0	0	0	4	0	0	3	5	6	0	0	2
1126.800	2	0	0	0	0	0	0	0	0	0	2	8	0	0	0	6	0	0	4	1	6	0	0	10
1127.000	3	0	0	0	0	0	0	0	0	0	1	17	0	0	0	7	0	0	5	4	6	0	0	8
1127.200	4	0	0	0	0	0	0	0	0	0	1	13	0	0	0	7	0	0	5	5	7	0	0	8
1127.400	3	0	0	0	0	0	0	0	0	0	0	7	0	0	0	6	0	0	6	5	9	0	0	6
1127.600	3	0	0	0	0	0	0	0	0	0	2	13	0	0	0	5	0	0	4	4	7	0	0	4
1127.800	4	0	0	0	0	0	0	0	0	0	1	8	0	0	0	5	0	0	6	6	6	0	0	7
1128.000	3	0	0	0	0	0	0	0	0	0	3	14	0	0	0	4	0	0	4	4	8	0	0	6
1128.200	3	0	0	0	0	0	0	0	0	0	2	8	0	0	0	4	0	0	2	4	7	0	0	5
1128.400	2	0	0	0	0	0	0	0	0	0	2	2	0	0	0	5	0	0	4	4	7	0	0	6
1128.600	3	0	0	0	0	0	0	0	0	0	2	12	0	0	0	4	0	0	4	5	6	0	0	9
1128.800	5	0	0	0	0	0	0	0	0	0	2	9	0	0	0	6	0	0	4	6	9	0	0	7
1129.000	6	0	0	0	0	0	0	0	0	0	1	7	0	0	0	6	0	0	5	6	7	0	0	6
1129.200	5	0	0	0	0	0	0	0	0	0	0	10	0	0	0	5	0	0	4	5	6	0	0	6
1129.400	5	0	0	0	0	0	0	0	0	0	0	9	0	0	0	6	0	0	4	5	7	0	0	5
1129.600	3	0	0	0	0	0	0	0	0	0	1	9	0	0	0	5	0	0	4	5	2	0	0	6
1129.800	5	0	0	0	0	0	0	0	0	0	2	14	0	0	0	7	0	0	4	6	7	0	0	9
1130.000	3	0	0	0	0	0	0	0	0	0	2	9	0	0	0	1	0	0	6	4	4	0	0	9
1130.200	2	0	0	0	0	0	0	0	0	0	2	7	0	0	0	7	0	0	5	1	5	0	0	4
1130.400	4	0	0	0	0	0	0	0	0	0	4	16	0	0	0	7	0	0	6	4	7	0	0	6
1130.600	3	0	0	0	0	0	0	0	0	0	0	11	0	0	0	2	0	0	6	4	4	0	0	7
1130.800	3	0	0	0	0	0	0	0	0	0	1	10	0	0	0	2	0	0	5	4	4	0	0	7
1131.000	4	0	0	0	0	0	0	0	0	0	0	7	0	0	0	5	0	0	4	1	6	0	0	6
1131.200	4	0	0	0	0	0	0	0	0	0	0	6	0	0	0	3	0	0	4	3	6	0	0	6
1131.400	2	0	0	0	0	0	0	0	0	0	0	8	0	0	0	4	0	0	5	1	5	0	0	7
1131.600	3	0	0	0	0	0	0	0	0	0	0	9	0	0	0	4	0	0	5	4	4	0	0	6
1131.800	4	0	0	0	0	0	0	0	0	0	0	11	0	0	0	2	0	0	4	4	7	0	0	7
1132.000	5	0	0	0	0	0	0	0	0	0	2	10	0	0	0	6	0	0	5	1	6	0	0	7
1132.200	3	0	0	0	0	0	0	0	0	0	0	14	0	0	0	8	0	0	5	3	5	0	0	6
1132.400	3	0	0	0	0	0	0	0	0	0	0	7	0	0	0	2	0	0	4	6	9	0	0	11
1132.600	5	0	0	0	0	0	0	0	0	0	0	3	0	0	0	3	0	0	3	6	5	0	0	7
1132.800	4	0	0	0	0	0	0	0	0	0	0	4	0	0	0	8	0	0	5	6	7	0	0	13
1133.000	7	1	0	0	0	0	0	0	0	0	0	6	0	0	0	7	0	0	4	5	7	0	0	8
1133.200	4	0	0	0	0	0	0	0	0	0	0	3	0	0	0	4	0	0	7	6	4	0	0	9
1133.400	4	0	0	0	0	0	0	0	0	0	0	4	0	0	0	1	0	0	6	6	8	0	0	10
1133.600	6	0	0	0	0	0	0	0	0	0	0	2	0	0	0	7	0	0	5	5	9	0	0	7
1133.800	4	0	0	0	0	0	0	0	0	0	1	3	0	0	0	4	0	0	4	4	5	0	0	5
1134.000	3	0	0	0	0	0	0	0	0	0	2	6	0	0	0	2	0	0	5	1	6	0	0	4
1134.200	4	0	0	0	0	0	0	0	0	0	3	7	0	0	0	2	0	0	3	1	5	0	0	11
1134.400	3	0	0	0	0	0	0	0	0	0	2	7	0	0	0	3	0	0	5	6	6	0	0	7
1134.600	4	0	0	0	0	0	0	0	0	0	3	7	0	0	0	2	0	0	5	3	6	0	0	10
1134.800	3	0	0	0	0	0	0	0	0	0	3	6	0	0	0	5	0	0	6	3	4	0	0	9
1135.000	4	0	0	0	0	0	0	0	0	0	2	6	0	0	0	5	0	0	5	4	4	0	0	11
1135.200	4	0	0	0	0	0	0	0	0	0	3	10	0	0	0	7	0	0	5	6	7	0	0	6
1135.400	6	0	0	0	0	0	0	0	0	0	0	13	0	0	0	3	0	0	4	2	5	0	0	7
1135.600	5	0	0	0	0	0	0	0	0	0	0	13	0	0	0	8	0	0	5	6	9	0	0	6
1135.800	3	0	0	0	0	0	0	0	0	0	0	11	0	0	0	7	0	0	6	4	7	0	0	8
1136.000	3	0	0	0	0	0	0	0	0	0	0	16	0	0	0	7	0	0	4	5	10	0	0	9
1136.200	3	0	0	0	0	0	0	0	0	0	0	17	0	0	0	6	0	0	5	4	7	0	0	6
1136.400	5	0	0	0	0	0	0	0	0	0	0	11	0	0	0	2	0	0	5	4	7	0	0	9
1136.600	4	0	0	0	0	0	0	0	0	0	0	13	0	0	0	0	0	0	5	4	6	0	0	7
1136.800	4	0	0	0	0	0	0	0	0	0	0	14	0	0	0	6	0	0	5	5	7	0	0	0
1137.000	5	0	0	0	0	0	0	0	0	0	0	12	0	0	0	6	0	0	6	5	8	0	0	1
1137.200	3	0	0	0	0	0	0	0	0	0	0	14	0	0	0	4	0	0	2	4	6	0	0	5
1137.400	3	0	0	0	0	0	0	0	0	0	0	11	0	0	0	3	0	0	3	4	6	0	0	3
1137.600	4	0	0	0	0	0	0	0	0	0	0	10	0	0	0	1	0	0	4	6	8	0	0	0
1137.800	5	0	0	0	0	0	0	0	0	0	0	11	0	0	0	2	0	0	4	4	7	0	0	5
1138.000	3	0	0	0	0	0	0	0	0	0	0	16	0	0	0	6	0	0	4	4	6	0	0	2
1138.200	5	0	0	0	0	0	0	0	0	0	0	14	0	0	0	6	0	0	5	3	5	0	0	8
1138.400	3	0	0	0	0	0	0	0	0	0	0	10	0	0	0	3	0	0	5	5	7	0	0	3
1138.600	4	0	0	0	0	0	0	0	0	0	0	13	0	0	0	3	0	0	5	4	5	0	0	4
1138.800	5	0	0	0	0	0	0	0	0	0	1	13	0	0	0	6	0	0	3	2	7	0	0	6
1139.000	6	0	0	0	0	0	0	0	0	0	1	12	0	0	0	6	0	0	4	1	5	0	0	1
1139.200	4	0	0	0	0	0	0	0	0	0	4	7	0	0	0	6	0	0	6	6	7	0	0	0
1139.400	4	0	0	0	0	0	0	0	0	0	1	12	0	0	0	6	0	0	6	4	7	0	0	0
1139.600	2	0	0	0	0	0	0	0	0	0	2	11	0	0	0	4	0	0	5	3	4	0	0	0
1139.800	2	0	0	0	0	0	0	0	0	0	3	13	0	0	0	2	0	0	7	3	5	0	0	2
1140.000	5	0	0	0	0	0	0	0	0	0	0	7	0	0	0	5	0	0	5	3	5	0	0	3
1140.200	4	0	0	0	0	0	0	0	0	0	2	7	0	0	0	7	0	0	6	3	3	0	0	2
1140.400	4	0	0	0	0	0	0	0	0	0	2	11	0	0	0	5	0	0	5	6	7	0	0	0
1140.600	5	0	0	0	0	0	0	0	0	0	1	9	0	0	0	3	0	0	5	4	6	0	0	0
1140.800	6	0	0	0	0	0	0	0	0	0	1	7	0	0	0	7	0	0	5	3	2	0	0	1
1141.000	4	0	0	0	0	0	0	0	0	0	3	8	0	0	0	6	0	0	5	2	5	0	0	0
1141.200	5	0	0	0	0	0	0	0	0	0	2	11	0	0	0	5	0	0	5	2	10	0	0	0
1141.400	5	0	0	0	0	0	0	0	0	0	4	6	0	0	0	6	0	0	5	5	5	0	0	0
1141.600	3	0	0	0	0	0	0	0	0	0	4	7	0	0	0	2	0	0	4	5	8	0	0	2
1141.800	3	0	0	0	0	0	0	0	0	0	4	8	0	0	0	5	0	0	6	6	8	0	0	5
1142.000	3	0	0	0	0	0	0	0	0	0	1	10	0	0	0	3	0	0	5	6	10	0	0	4
1142.200	3	0	0	0	0	0	0	0	0	0	1	7	0	0	0	5	0	0	4	5	5	0	0	4
1142.400	3	0	0	0	0	0	0	0	0	0	1	5	0	0	0	1	0	0	4	5	7	0	0	7
1142.600	4	0	0	0	0	0	0	0	0	0	2	8	0	0	0	3	0	0	5	4	5	0	0	7
1142.800	4	0	0	0	0	0	0	0	0	0	0	7	0	0	0	0	0	0	5	6	7	0	0	9
1143.000	4	0	0	0	0	0	0	0	0	0	3	9	0	0	0	0	0	0	5	6	6	0	0	5
1143.200	4	0	0	0	0	0	0	0	0	0	3	10	0	0	0	0	0	0	5	6	9	0	0	9
1143.400	2	0	0	0	0	0	0	0	0	0	5	9	0	0	0	0	0	0	5	6	6	0	0	7
1143.600	4	0	0	0	0	0	0	0	0	0	4	5	0	0	0	3	0	0	3	4	7	0	0	6
1143.800	6	0	0	0	0	0	0	0	0	0	6	8	0	0	0	4	0	0	5	5	8	0	0	7
1144.000	4	0	0	0	0	0	0	0	0	0	4	5	0	0	0	4	0	0	4	6	7	0	0	7
1144.200	3	0	0	0	0	0	0	0	0	0	6	5	0	0	0	4	0	0	5	5	5	0	0	1
1144.400	5	0	0	0	0	0	0	0	0	0	2	7	0	0	0	4	0	0	6	6	7	0	0	7
1144.600	4	0	0	0	0	0	0	0	0	0	6	12	0	0	0	4	0	0	6	6	9	0	0	11
1144.800	3	0	0	0	0	0	0	0	0	0	2	14	0	0	0	6	0	0	6	3	8	0	0	6
1145.000	3	0	0	0	0	0	0	0	0	0	4	10	0	0	0	5	0	0	6	4	8	0	0	5
1145.200	3	0	0	0	0	0	0	0	0	0	6	10	0	0	0	6	0	0	5	6	8	0	0	6
1145.400	2	0	0	0	0	0	0	0	0	0	4	8	0	0	0	6	0	0	5	6	8	0	0	5
1145.600	3	0	0	0	0	0	0	0	0	0	4	6	0	0	0	5	0	0	3	3	6	0	0	5
1145.800	4	0	0	0	0	0	0	0	0	0	6	5	0	0	0	5	0	0	4	4	7	0	0	6
1146.000	3	0	0	0	0	0	0	0	0	0	2	5	0	0	0	5	0	0	4	5	7	0	0	6
1146.200	4	0	0	0	0	0	0	0	0	0	3	18	0	0	0	5	0	0	4	1	5	0	0	13
1146.400	4	0	0	0	0	0	0	0	0	0	4	15	0	0	0	3	0	0	5	3	8	0	0	9
1146.600	3	0	0	0	0	0	0	0	0	0	4	13	0	0	0	4	0	0	6	6	7	0	0	6
1146.800	3	0	0	0	0	0	0	0	0	0	0	10	0	0	0	5	0	0	3	4	7	0	0	9
1147.000	4	0	0	0	0	0	0	0	0	0	1	18	0	0	0	6	0	0	5	5	7	0	0	6
1147.200	3	0	0	0	0	0	0	0	0	0	0	10	0	0	0	5	0	0	4	4	8	0	0	6
1147.400	5	0	0	0	0	0	0	0	0	0	1	10	0	0	0	6	0	0	5	5	8	0	0	10
1147.600	4	0	0	0	0	0	0	0	0	0	1	13	0	0	0	5	0	0	4	5	5	0	0	9
1147.800	4	0	0	0	0	0	0	0	0	0	5	11	0	0	0	6	0	0	4	1	6	0	0	5
1148.000	5	0	0	0	0	0	0	0	0	0	1	9	0	0	0	2	0	0	5	6	7	0	0	9
1148.200	4	0	0	0	0	0	0	0	0	0	1	16	0	0	0	7	0	0	5	6	9	0	0	9
1148.400	3	0	0	0	0	0	0	0	0	0	0	15	0	0	0	2	0	0	4	2	5	0	0	6
1148.600	3	0	0	0	0	0	0	0	0	0	0	13	0	0	0	2	0	0	4	5	6	0	0	6
1148.800	3	0	0	0	0	0	0	0	0	0	7	11	0	0	0	4	0	0	4	4	7	0	0	8
1149.000	4	0	0	0	0	0	0	0	0	0	4	6	0	0	0	2	0	0	5	5	7	0	0	10
1149.200	3	0	0	0	0	0	0	0	0	0	4	8	0	0	0	2	0	0	4	5	4	0	0	8
1149.400	2	0	0	0	0	0	0	0	0	0	5	6	0	0	0	1	0	0	5	4	7	0	0	5
1149.600	4	0	0	0	0	0	0	0	0	0	3	6	0	0	0	6	0	0	7	6	5	0	0	7
1149.800	4	0	0	0	0	0	0	0	0	0	6	4	0	0	0	6	0	0	5	6	7	0	0	8
1150.000	3	0	0	0	0	0	0	0	0	0	4	13	0	0	0	5	0	0	5	4	6	0	0	10
1150.200	3	0	0	0	0	0	0	0	0	0	6	10	0	0	0	5	0	0	5	6	7	0	0	5
1150.400	5	0	0	0	0	0	0	0	0	0	6	17	0	0	0	7	0	0	5	4	6	0	0	9
1150.600	4	0	0	0	0	0	0	0	0	0	6	16	0	0	0	5	0	0	3	6	8	0	0	6
1150.800	4	0	0	0	0	0	0	0	0	0	4	14	0	0	0	5	0	0	4	4	8	0	0	5
1151.000	3	0	0	0	0	0	0	0	0	0	5	10	0	0	0	3	0	0	3	4	5	0	0	7
1151.200	4	0	0	0	0	0	0	0	0	0	6	13	0	0	0	5	0	0	4	6	7	0	0	8
1151.400	3	0	0	0	0	0	0	0	0	0	6	4	0	0	0	5	0	0	4	6	9	0	0	5
1151.600	3	0	0	0	0	0	0	0	0	0	5	13	0	0	0	7	0	0	7	6	6	0	0	10
1151.800	3	0	0	0	0	0	0	0	0	0	6	13	0	0	0	7	0	0	6	6	9	0	0	8
1152.000	4	0	0	0	0	0	0	0	0	0	5	13	0	0	0	6	0	0	5	3	6	0	0	10
1152.200	3	0	0	0	0	0	0	0	0	0	4	16	0	0	0	6	0	0	5	6	7	0	0	13
1152.400	4	0	0	0	0	0	0	0	0	0	5	7	0	0	0	5	0	0	5	4	8	0	0	9
1152.600	2	0	0	0	0	0	0	0	0	0	6	16	0	0	0	7	0	0	4	5	6	0	0	8
1152.800	5	0	0	0	0	0	0	0	0	0	6	13	0	0	0	5	0	0	5	5	7	0	0	9
1153.000	4	0	0	0	0	0	0	0	0	0	6	19	0	0	0	6	0	0	4	4	7	0	0	5
1153.200	4	0	0	0	0	0	0	0	0	0	6	16	0	0	0	5	0	0	5	4	7	0	0	12
1153.400	5	0	0	0	0	0	0	0	0	0	2	16	0	0	0	5	0	0	5	4	5	0	0	9
1153.600	3	0	0	0	0	0	0	0	0	0	6	15	0	0	0	7	0	0	5	5	9	0	0	7
1153.800	5	0	0	0	0	0	0	0	0	0	6	16	0	0	0	5	0	0	4	5	7	0	0	6
1154.000	2	0	0	0	0	0	0	0	0	0	5	21	0	0	0	6	0	0	4	6	11	0	0	10
1154.200	2	0	0	0	0	0	0	0	0	0	5	15	0	0	0	4	0	0	4	6	8	0	0	11
1154.400	3	0	0	0	0	0	0	0	0	0	3	16	0	0	0	3	0	0	3	6	9	0	0	7
1154.600	4	0	0	0	0	0	0	0	0	0	1	15	0	0	0	3	0	0	5	6	7	0	0	6
1154.800	3	0	0	0	0	0	0	0	0	0	3	15	0	0	0	1	0	0	7	6	8	0	0	5
1155.000	3	0	0	0	0	0	0	0	0	0	3	14	0	0	0	2	0	0	5	6	8	0	0	5
1155.200	3	0	0	0	0	0	0	0	0	0	4	13	0	0	0	6	0	0	4	5	4	0	0	7
1155.400	3	0	0	0	0	0	0	0	0	0	3	14	0	0	0	6	0	0	5	4	6	0	0	5
1155.600	4	0	0	0	0	0	0	0	0	0	5	13	0	0	0	6	0	0	6	6	8	0	0	8
1155.800	3	0	0	0	0	0	0	0	0	0	4	13	0	0	0	5	0	0	5	6	8	0	0	8
1156.000	4	0	0	0	0	0	0	0	0	0	5	8	0	0	0	6	0	0	4	4	8	0	0	5
1156.200	3	0	0	0	0	0	0	0	0	0	4	19	0	0	0	2	0	0	4	4	6	0	0	5
1156.400	4	0	0	0	0	0	0	0	0	0	6	14	0	0	0	5	0	0	5	4	8	0	0	5
1156.600	4	0	0	0	0	0	0	0	0	0	4	18	0	0	0	3	0	0	3	4	6	0	0	8
1156.800	3	0	0	0	0	0	0	0	0	1	5	19	0	0	0	6	0	0	5	6	8	0	0	6
1157.000	3	0	0	0	0	0	0	0	0	0	0	18	0	0	0	4	0	0	5	6	10	0	0	6
1157.200	4	0	0	0	0	0	0	0	0	0	4	14	0	0	0	6	0	0	4	5	6	0	0	8
1157.400	3	0	0	0	0	0	0	0	0	0	6	16	0	0	0	0	0	0	4	3	7	0	0	5
1157.600	3	0	0	0	0	0	0	0	0	0	6	14	0	0	0	6	0	0	5	6	6	0	0	6
1157.800	3	0	0	0	0	0	0	0	0	0	5	16	0	0	0	0	0	0	5	6	8	0	0	8
1158.000	3	0	0	0	0	0	0	0	0	0	6	13	0	0	0	6	0	0	4	5	7	0	0	6
1158.200	4	0	0	0	0	0	0	0	0	0	6	18	0	0	0	6	0	0	5	6	7	0	0	6
1158.400	3	0	0	0	0	0	0	0	0	0	6	16	0	0	0	6	0	0	3	4	5	0	0	9
1158.600	3	0	0	0	0	0	0	0	0	0	3	13	0	0	0	6	0	0	4	4	4	0	0	8
1158.800	3	0	0	0	0	0	0	0	0	0	4	12	0	0	0	6	0	0	6	6	7	0	0	9
1159.000	3	0	0	0	0	0	0	0	0	0	4	17	0	0	0	6	0	0	5	3	5	0	0	4
1159.200	3	0	0	0	0	0	0	0	0	0	5	17	0	0	0	5	0	0	3	4	6	0	0	6
1159.400	4	0	0	0	0	0	0	0	0	0	4	13	0	0	0	5	0	0	6	4	8	0	0	1
1159.600	3	0	0	0	0	0	0	0	0	0	5	18	0	0	0	5	0	0	4	4	5	0	0	6
1159.800	3	0	0	0	0	0	0	0	0	0	3	18	0	0	0	6	0	0	5	6	8	0	0	9
1160.000	2	0	0	0	0	0	0	0	0	0	1	18	0	0	0	5	0	0	3	4	8	0	0	10
1160.200	3	0	0	0	0	0	0	0	0	0	4	21	0	0	0	6	0	0	5	6	7	0	0	10
1160.400	3	0	0	0	0	0	0	0	0	0	6	12	0	0	0	2	0	0	5	6	6	0	0	6
1160.600	3	0	0	0	0	0	0	0	0	0	4	15	0	0	0	7	0	0	6	5	4	0	0	12
1160.800	4	0	0	0	0	0	0	0	0	0	4	16	0	0	0	4	0	0	4	5	7	0	0	5
1161.000	6	0	0	0	0	0	0	0	0	0	3	12	0	0	0	6	0	0	5	6	8	0	0	5
1161.200	3	0	0	0	0	0	0	0	0	0	1	14	0	0	0	5	0	0	4	5	8	0	0	6
1161.400	4	0	0	0	0	0	0	0	0	0	1	19	0	0	0	4	0	0	5	6	7	0	0	8
1161.600	4	0	0	0	0	0	0	0	0	0	2	13	0	0	0	5	0	0	4	4	6	0	0	6
1161.800	5	0	0	0	0	0	0	0	0	0	4	16	0	0	0	6	0	0	5	6	9	0	0	6
1162.000	5	0	0	0	0	0	0	0	0	0	4	16	0	0	0	6	0	0	4	6	7	0	0	4
1162.200	4	0	0	0	0	0	0	0	0	0	6	13	0	0	0	6	0	0	5	6	8	0	0	5
1162.400	4	0	0	0	0	0	0	0	0	0	2	14	0	0	0	5	0	0	6	6	8	0	0	6
1162.600	4	0	0	0	0	0	0	0	0	0	5	17	0	0	0	6	0	0	3	5	6	0	0	5
1162.800	3	0	0	0	0	0	0	0	0	0	4	15	0	0	0	5	0	0	5	6	6	0	0	7
1163.000	4	0	0	0	0	0	0	0	0	0	5	13	0	0	0	6	0	0	4	6	7	0	0	9
1163.200	3	0	0	0	0	0	0	0	0	0	6	19	0	0	0	2	0	0	4	5	7	0	0	5
1163.400	4	0	0	0	0	0	0	0	0	0	6	17	0	0	0	8	0	0	4	6	8	0	0	9
1163.600	4	0	0	0	0	0	0	0	0	0	5	12	0	0	0	7	0	0	4	6	6	0	0	6
1163.800	4	0	0	0	0	0	0	0	0	0	4	13	0	0	0	7	0	0	5	6	7	0	0	10
1164.000	4	0	0	0	0	0	0	0	0	0	0	10	0	0	0	7	0	0	5	4	9	0	0	5
1164.200	4	0	0	0	0	0	0	0	0	0	4	9	0	0	0	4	0	0	5	5	8	0	0	7
1164.400	4	0	0	0	0	0	0	0	0	0	2	9	0	0	0	7	0	0	5	5	7	0	0	5
1164.600	4	0	0	0	0	0	0	0	0	0	3	13	0	0	0	4	0	0	5	5	8	0	0	6
1164.800	9	0	0	0	0	0	0	0	0	0	2	11	0	0	0	6	0	0	6	6	8	0	0	1
1165.000	5	0	0	0	0	0	0	0	0	0	5	3	0	0	0	6	0	0	4	5	9	0	0	7
1165.200	5	0	0	0	0	0	0	0	0	0	6	4	0	0	0	7	0	0	4	4	7	0	0	8
1165.400	4	0	0	0	0	0	0	0	0	0	3	8	0	0	0	5	0	0	6	6	6	0	0	6
1165.600	8	0	0	0	0	0	0	0	0	0	3	4	0	0	0	7	0	0	5	4	9	0	0	7
1165.800	4	0	0	0	0	0	0	0	0	0	5	5	0	0	0	3	0	0	6	6	8	0	0	7
1166.000	3	0	0	0	0	0	0	0	0	0	4	10	0	0	0	7	0	0	4	5	8	0	0	5
1166.200	4	0	0	0	1	0	0	0	0	0	5	12	0	0	0	5	0	0	4	5	8	0	0	11
1166.400	4	0	0	0	0	0	0	0	0	0	2	10	0	0	0	5	0	0	4	6	7	0	0	6
1166.600	3	0	0	0	0	0	0	0	0	0	2	11	0	0	0	7	0	0	4	6	7	0	0	5
1166.800	5	0	0	0	0	0	0	0	0	0	4	14	0	0	0	5	0	0	5	6	6	0	0	7
1167.000	4	0	0	0	0	0	0	0	0	0	3	4	0	0	0	6	0	0	5	5	8	0	0	8
1167.200	5	0	0	0	0	0	0	0	0	0	5	4	0	0	0	8	0	0	7	5	7	0	0	6
1167.400	5	0	0	0	0	0	0	0	0	0	6	2	0	0	0	0	0	0	5	4	10	0	0	9
1167.600	5	0	0	0	0	0	0	0	0	0	4	4	0	0	0	5	0	0	4	5	8	0	0	7
1167.800	6	0	0	0	0	0	0	0	0	0	7	5	0	0	0	6	0	0	3	6	8	0	0	5
1168.000	2	0	0	0	0	0	0	0	0	0	3	3	0	0	0	3	0	0	4	6	8	0	0	10
1168.200	5	0	0	0	0	0	0	0	0	0	6	3	0	0	0	0	0	0	4	6	8	0	0	10
1168.400	10	1	0	0	1	0	0	0	0	0	5	4	0	0	0	6	0	0	4	4	6	0	0	5
1168.600	3	0	0	0	0	0	0	0	0	0	0	5	0	0	0	6	0	0	5	4	7	0	0	11
1168.800	4	0	0	0	0	0	0	0	0	0	1	7	0	0	0	6	0	0	4	6	9	0	0	5
1169.000	4	0	0	0	0	0	0	0	0	0	1	3	0	0	0	5	0	0	5	5	8	0	0	7
1169.200	3	0	0	0	0	0	0	0	0	0	1	4	0	0	0	2	0	0	7	6	6	0	0	7
1169.400	4	0	0	0	0	0	0	0	0	0	1	2	0	0	0	2	0	0	5	5	6	0	0	8
1169.600	5	0	0	0	0	0	0	0	0	0	1	3	0	0	0	6	0	0	5	6	8	0	0	6
1169.800	4	0	0	0	0	0	0	0	0	0	2	3	0	0	0	2	0	0	4	4	6	0	0	8
1170.000	4	0	0	0	0	0	0	0	0	0	1	4	0	0	0	4	0	0	6	4	8	0	0	6
1170.200	4	0	0	0	0	0	0	0	0	0	1	14	0	0	0	2	0	0	6	2	6	0	0	11
1170.400	4	0	0	0	0	0	0	0	0	0	1	11	0	0	0	0	0	0	4	6	7	0	0	9
1170.600	3	0	0	0	0	0	0	0	0	0	1	13	0	0	0	6	0	0	5	4	8	0	0	8
1170.800	3	0	0	0	0	0	0	0	0	0	1	16	0	0	0	3	0	0	5	6	10	0	0	9
1171.000	4	0	0	0	0	0	0	0	0	0	4	10	0	0	0	2	0	0	6	6	10	0	0	6
1171.200	4	0	0	0	0	0	0	0	0	0	3	13	0	0	0	1	0	0	3	4	8	0	0	9
1171.400	3	0	0	0	0	0	0	0	0	0	2	11	0	0	0	3	0	0	4	5	4	0	0	8
1171.600	3	0	0	0	0	0	0	0	0	0	2	19	0	0	0	5	0	0	4	5	6	0	0	7
1171.800	6	0	0	0	0	0	0	0	0	1	1	16	0	0	0	3	0	0	6	6	6	0	0	0
1172.000	5	0	0	0	0	0	0	0	0	0	2	11	0	0	0	6	0	0	5	3	4	0	0	1
1172.200	4	0	0	0	0	0	0	0	0	0	3	7	0	0	0	6	0	0	5	6	7	0	0	10
1172.400	6	0	0	0	0	0	0	0	0	0	6	9	0	0	0	5	0	0	5	6	7	0	0	10
1172.600	3	0	0	0	0	0	0	0	0	0	3	9	0	0	0	4	0	0	5	3	8	0	0	9
1172.800	4	0	0	0	0	0	0	0	0	0	1	6	0	0	0	2	0	0	5	4	8	0	0	9
1173.000	5	0	0	0	0	0	0	0	0	0	4	9	0	0	0	2	0	0	5	6	7	0	0	7
1173.200	4	0	0	0	0	0	0	0	0	0	5	14	0	0	0	2	0	0	4	3	7	0	0	6
1173.400	3	0	0	0	0	0	0	0	0	0	3	8	0	0	0	2	0	0	3	5	8	0	0	6
1173.600	4	0	0	0	0	0	0	0	0	0	0	9	0	0	0	2	0	0	3	4	5	0	0	7
1173.800	3	0	0	0	0	0	0	0	0	0	4	3	0	0	0	4	0	0	4	5	10	0	0	7
1174.000	4	0	0	0	0	0	0	0	0	0	5	11	0	0	0	6	0	0	5	5	8	0	0	5
1174.200	3	0	0	0	0	0	0	0	0	0	4	14	0	0	0	5	0	0	4	4	8	0	0	5
1174.400	3	0	0	0	0	0	0	0	0	0	5	11	0	0	0	2	0	0	5	5	8	0	0	9
1174.600	4	0	0	0	0	0	0	0	0	0	4	11	0	0	0	4	0	0	1	2	6	0	0	6
1174.800	3	0	0	0	0	0	0	0	0	0	4	17	0	0	0	4	0	0	4	3	6	0	0	6
1175.000	6	0	0	0	0	0	0	0	0	0	2	12	0	0	0	5	0	0	5	6	7	0	0	5
1175.200	4	0	0	0	0	0	0	0	0	0	4	13	0	0	0	6	0	0	6	4	7	0	0	6
1175.400	3	0	0	0	0	0	0	0	0	0	6	14	0	0	0	4	0	0	4	4	7	0	0	5
1175.600	3	0	0	0	0	0	0	0	0	0	4	17	0	0	0	6	0	0	2	5	7	0	0	10
1175.800	4	0	0	0	0	0	0	0	0	0	6	13	0	0	0	3	0	0	5	3	6	0	0	10
1176.000	6	0	0	0	0	0	0	0	0	0	4	18	0	0	0	4	0	0	3	5	8	0	0	8
1176.200	7	0	0	0	0	0	0	0	0	0	1	21	0	0	0	6	0	0	3	4	8	0	0	8
1176.400	4	0	0	0	0	0	0	0	0	0	0	15	0	0	0	5	0	0	1	4	7	0	0	6
1176.600	4	0	0	0	0	0	0	0	0	0	4	13	0	0	0	5	0	0	5	4	5	0	0	7
1176.800	3	0	0	0	0	0	0	0	0	0	5	15	0	0	0	5	0	0	4	5	7	0	0	6
1177.000	3	0	0	0	0	0	0	0	0	0	2	13	0	0	0	6	0	0	4	4	5	0	0	7
1177.200	4	0	0	0	0	0	0	0	0	0	5	12	0	0	0	3	0	0	6	6	5	0	0	6
1177.400	7	0	0	0	0	0	0	0	0	0	3	13	0	0	0	6	0	0	4	2	3	0	0	10
1177.600	5	0	0	0	0	0	0	0	0	0	3	10	0	0	0	5	0	0	5	2	6	0	0	5
1177.800	5	0	0	0	0	0	0	0	0	0	6	12	0	0	0	7	0	0	4	5	6	0	0	7
1178.000	3	0	0	0	0	0	0	0	0	0	3	14	0	0	0	7	0	0	5	6	8	0	0	6
1178.200	4	0	0	0	0	0	0	0	0	0	4	11	0	0	0	5	0	0	4	4	7	0	0	7
1178.400	7	0	0	0	0	0	0	0	0	0	3	15	0	0	0	7	0	0	5	3	7	0	0	8
1178.600	4	0	0	0	0	0	0	0	0	0	7	10	0	0	0	3	0	0	6	6	9	0	0	8
1178.800	5	0	0	0	0	0	0	0	0	0	4	16	0	0	0	4	0	0	6	4	7	0	0	7
1179.000	5	0	0	0	0	0	0	0	0	0	3	12	0	0	0	4	0	0	5	4	8	0	0	5
1179.200	4	0	0	0	0	0	0	0	0	0	5	11	0	0	0	6	0	0	5	5	9	0	0	10
1179.400	5	0	0	0	0	0	0	0	0	0	5	8	0	0	0	5	0	0	5	4	8	0	0	9
1179.600	6	0	0	0	0	0	0	0	0	0	0	8	0	0	0	6	0	0	5	5	8	0	0	5
1179.800	5	0	0	0	0	0	0	0	0	0	0	8	0	0	0	3	0	0	4	5	7	0	0	8
1180.000	6	0	0	0	0	0	0	0	0	0	0	2	0	0	0	4	0	0	4	6	8	0	0	6
1180.200	4	0	0	0	0	0	0	0	0	0	0	7	0	0	0	4	0	0	4	5	8	0	0	8
1180.400	6	0	0	0	0	0	0	0	0	0	0	4	0	0	0	2	0	0	6	5	8	0	0	7
1180.600	4	0	0	0	0	0	0	0	0	0	0	4	0	0	0	0	0	0	5	5	7	0	0	5
1180.800	4	0	0	0	0	0	0	0	0	0	0	5	0	0	0	4	0	0	6	6	9	0	0	9
1181.000	3	0	0	0	0	0	0	0	0	0	0	9	0	0	0	4	0	0	4	5	5	0	0	9
1181.200	4	0	0	0	0	0	0	0	0	0	0	7	0	0	0	4	0	0	4	3	5	0	0	6
1181.400	4	0	0	0	0	0	0	0	0	0	0	8	0	0	0	7	0	0	4	4	6	0	0	7
1181.600	4	0	0	0	0	0	0	0	0	0	0	6	0	0	0	1	0	0	4	3	5	0	0	5
1181.800	4	0	0	0	0	0	0	0	0	0	0	6	0	0	0	4	0	0	5	4	7	0	0	5
1182.000	4	0	0	0	0	0	0	0	0	0	0	4	0	0	0	0	0	0	3	0	6	0	0	9
1182.200	3	0	0	0	0	0	0	0	0	0	0	3	0	0	0	0	0	0	4	5	10	0	0	6
1182.400	3	0	0	0	0	0	0	0	0	0	1	12	0	0	0	0	0	0	4	3	7	0	0	7
1182.600	3	0	0	0	0	0	0	0	0	0	0	9	0	0	0	0	0	0	6	6	8	0	0	10
1182.800	6	0	0	0	0	0	0	0	0	0	0	10	0	0	0	0	0	0	5	6	11	0	0	0
1183.000	3	0	0	0	0	0	0	0	0	0	0	8	0	0	0	0	0	0	4	5	7	0	0	0
1183.200	3	0	0	0	0	0	0	0	0	0	0	6	0	0	0	0	0	0	5	6	9	0	0	1
1183.400	6	1	0	0	0	0	0	0	0	0	0	7	0	0	0	0	0	0	5	6	7	0	0	1
1183.600	3	0	0	0	0	0	0	0	0	0	0	12	0	0	0	0	0	0	4	6	8	0	0	1
1183.800	4	1	0	0	0	0	0	0	0	0	1	12	0	0	0	0	0	0	6	6	9	0	0	11
1184.000	3	0	0	0	0	0	0	0	0	0	0	10	0	0	0	0	0	0	4	5	8	0	0	9
1184.200	4	0	0	0	0	0	0	0	0	0	0	7	0	0	0	0	0	0	4	6	7	0	0	8
1184.400	3	0	0	0	0	0	0	0	0	0	0	4	0	0	0	0	0	0	4	6	7	0	0	10
1184.600	3	0	0	0	0	0	0	0	0	0	0	4	0	0	0	0	0	0	5	6	5	0	0	2
1184.800	6	1	0	0	0	0	0	0	0	0	0	5	0	0	0	0	0	0	4	4	8	0	0	0
1185.000	6	0	0	0	0	0	0	0	0	0	0	7	0	0	0	0	0	0	5	6	10	0	0	0
1185.200	4	1	0	0	0	0	0	0	0	0	0	6	0	0	0	0	0	0	4	4	5	0	0	1
1185.400	3	0	0	0	0	0	0	0	0	0	0	8	0	0	0	0	0	0	7	4	3	0	0	1
1185.600	5	0	0	0	0	0	0	0	0	0	0	10	0	0	0	0	0	0	4	5	2	0	0	1
1185.800	4	0	0	0	0	0	0	0	0	0	0	10	0	0	0	0	0	0	6	6	6	0	0	2
1186.000	4	0	0	0	0	0	0	0	0	0	0	12	0	0	0	0	0	0	4	2	3	0	0	2
1186.200	4	0	0	0	0	0	0	0	0	0	0	16	0	0	0	0	0	0	5	5	2	0	0	0
1186.400	3	0	0	0	0	0	0	0	0	0	0	15	0	0	0	0	0	0	7	6	5	0	0	1
1186.600	2	1	0	0	0	0	0	0	0	0	0	14	0	0	0	0	0	0	6	1	6	0	0	1
1186.800	3	1	0	0	0	0	0	0	0	0	4	18	0	0	0	0	0	0	5	6	6	0	0	0
1187.000	4	0	0	0	0	0	0	0	0	0	5	11	0	0	0	0	0	0	6	4	5	0	0	1
1187.200	3	1	0	0	0	0	0	0	0	0	1	14	0	0	0	0	0	0	5	5	5	0	0	0
1187.400	4	0	0	0	0	0	0	0	0	0	3	11	0	0	0	0	0	0	5	4	6	0	0	1
1187.600	4	1	0	0	0	0	0	0	0	0	5	11	0	0	0	0	0	0	3	2	4	0	0	0
1187.800	4	1	0	0	0	0	0	0	0	0	6	9	0	0	0	0	0	0	5	6	6	0	0	1
1188.000	3	0	0	0	0	0	0	0	0	0	3	11	0	0	0	0	0	0	5	5	5	0	0	0
1188.200	3	0	0	0	0	0	0	0	0	0	3	12	0	0	0	0	0	0	4	5	5	0	0	9
1188.400	2	0	0	0	0	0	0	0	0	0	9	10	0	0	0	0	0	0	4	6	6	0	0	13
1188.600	3	0	0	0	0	0	0	0	0	0	3	10	0	0	0	0	0	0	4	4	6	0	0	6
1188.800	3	0	0	0	0	0	0	0	0	0	2	6	0	0	0	0	0	0	6	6	8	0	0	6
1189.000	3	1	0	0	0	0	0	0	0	0	4	11	0	0	0	0	0	0	5	4	7	0	0	8
1189.200	5	1	0	0	0	0	0	0	0	0	4	8	0	0	0	0	0	0	5	6	7	0	0	5
1189.400	3	0	0	0	0	0	0	0	0	0	6	7	0	0	0	0	0	0	7	5	4	0	0	8
1189.600	3	0	0	0	0	0	0	0	0	0	4	4	0	0	0	0	0	0	5	4	8	0	0	6
1189.800	3	1	0	0	0	0	0	0	0	0	3	8	0	0	0	0	0	0	8	5	7	0	0	5
1190.000	3	1	0	0	0	0	0	0	0	0	4	12	0	0	0	0	0	0	5	2	6	0	0	7
1190.200	3	1	0	0	0	0	0	0	0	0	5	15	0	0	0	0	0	0	6	5	7	0	0	8
1190.400	4	1	0	0	0	0	0	0	0	0	4	8	0	0	0	0	0	0	4	5	6	0	0	3
1190.600	2	1	0	0	0	0	0	0	0	0	0	11	0	0	0	0	0	0	4	4	6	0	0	8
1190.800	5	1	0	0	0	0	0	0	0	0	4	8	0	0	0	0	0	0	7	4	8	0	0	1
1191.000	3	0	0	0	0	0	0	0	0	0	2	9	0	0	0	0	0	0	4	6	8	0	0	9
1191.200	3	1	0	0	0	0	0	0	0	0	4	13	0	0	0	0	0	0	6	6	8	0	0	5
1191.400	3	0	0	0	0	0	0	0	0	0	7	4	0	0	0	0	0	0	4	6	9	0	0	5
1191.600	3	0	0	0	0	0	0	0	0	0	4	8	0	0	0	0	0	0	4	6	10	0	0	5
1191.800	4	1	0	0	0	0	0	0	0	0	1	9	0	0	0	0	0	0	4	6	5	0	0	7
1192.000	4	1	0	0	0	0	0	0	0	0	0	7	0	0	0	0	0	0	4	6	9	0	0	5
1192.200	4	0	0	0	0	0	0	0	0	0	0	8	0	0	0	0	0	0	6	6	7	0	0	7
1192.400	5	1	0	0	0	0	0	0	0	0	0	9	0	0	0	0	0	0	5	6	10	0	0	6
1192.600	4	1	0	0	0	0	0	0	0	0	0	2	0	0	0	0	0	0	5	6	10	0	0	12
1192.800	3	0	0	0	0	0	0	0	0	0	0	10	0	0	0	0	0	0	5	6	7	0	0	9
1193.000	3	1	0	0	0	0	0	0	0	0	0	9	0	0	0	0	0	0	5	5	6	0	0	6
1193.200	5	0	0	0	0	0	0	0	0	0	0	8	0	0	0	0	0	0	4	6	9	0	0	6
1193.400	4	1	0	0	0	0	0	0	0	0	0	8	0	0	0	0	0	0	4	5	9	0	0	8
1193.600	3	0	0	0	0	0	0	0	0	0	0	6	0	0	0	0	0	0	5	6	5	0	0	10
1193.800	3	0	0	0	0	0	0	0	0	0	0	7	0	0	0	0	0	0	6	5	7	0	0	6
1194.000	3	0	0	0	0	0	0	0	0	0	0	13	0	0	0	0	0	0	4	6	7	0	0	5
1194.200	4	1	0	0	0	0	0	0	0	0	0	2	0	0	0	0	0	0	5	6	6	0	0	5
1194.400	4	1	0	0	0	0	0	0	0	0	0	6	0	0	0	0	0	0	6	6	7	0	0	11
1194.600	3	0	0	0	0	0	0	0	0	0	0	7	0	0	0	0	0	0	4	6	9	0	0	7
1194.800	4	0	0	0	0	0	0	0	0	0	0	5	0	0	0	0	0	0	4	6	10	0	0	5
1195.000	3	0	0	0	0	0	0	0	0	0	0	9	0	0	0	0	0	0	6	6	7	0	0	6
1195.200	4	0	0	0	0	0	0	0	0	0	0	7	0	0	0	0	0	0	4	6	8	0	0	3
1195.400	4	0	0	0	0	0	0	0	0	0	0	4	0	0	0	0	0	0	4	6	7	0	0	5
1195.600	4	0	0	0	0	0	0	0	0	0	0	6	0	0	0	2	0	0	5	5	10	0	0	6
1195.800	4	0	0	0	0	0	0	0	0	0	0	5	0	0	0	1	0	0	5	6	8	0	0	5
1196.000	5	0	0	0	0	0	0	0	0	0	0	2	0	0	0	2	0	0	5	6	10	0	0	7
1196.200	5	1	0	0	0	0	0	0	0	0	0	6	0	0	0	1	0	0	4	6	10	0	0	5
1196.400	3	0	0	0	0	0	0	0	0	0	0	3	0	0	0	2	0	0	5	6	8	0	0	6
1196.600	4	0	0	0	0	0	0	0	0	0	0	8	0	0	0	0	0	1	4	6	6	0	0	6
1196.800	4	0	0	0	0	0	0	0	0	0	0	4	0	0	0	0	0	1	4	6	9	0	0	6
1197.000	3	0	0	0	0	0	0	0	0	0	0	5	0	0	0	0	0	1	5	2	8	0	0	5
1197.200	4	0	0	0	0	0	0	0	0	0	0	4	0	0	0	0	0	1	5	6	11	0	0	5
1197.400	5	0	0	0	0	0	0	0	0	0	0	2	0	0	0	1	0	0	5	6	11	0	0	5
1197.600	3	0	0	0	0	0	0	0	0	0	0	0	0	0	0	0	0	0	4	6	9	0	0	9
1197.800	4	0	0	0	0	0	0	0	0	0	0	4	0	0	0	1	0	0	5	3	3	0	0	5
1198.000	3	0	0	0	0	0	0	0	0	0	0	5	0	0	0	0	0	1	5	6	8	0	0	5
1198.200	3	0	0	0	0	0	0	0	0	0	0	2	0	0	0	1	0	1	6	6	9	0	0	14
1198.400	3	0	0	0	0	0	0	0	0	0	0	6	0	0	0	1	0	0	5	4	6	0	0	9
1198.600	5	0	0	0	0	0	0	0	0	0	0	4	0	0	0	0	0	0	4	6	10	0	0	5
1198.800	4	0	0	0	0	0	0	0	0	0	0	7	0	0	0	0	0	2	5	5	8	0	0	5
1199.000	3	0	0	0	0	0	0	0	0	0	0	11	0	0	0	1	0	0	4	5	9	0	0	6
1199.200	5	0	0	0	0	0	0	0	0	0	0	13	0	0	0	0	0	0	5	5	10	0	0	4
1199.400	4	0	0	0	0	0	0	0	0	0	0	8	0	0	0	0	0	0	4	6	9	0	0	6
1199.600	5	0	0	0	0	0	0	0	0	0	0	10	0	0	0	0	0	0	4	6	7	0	0	8
1199.800	5	0	0	0	0	0	0	0	0	0	0	10	0	0	0	0	0	0	5	6	7	0	0	5
1200.000	5	0	0	0	0	0	0	0	0	0	0	4	0	0	0	0	0	0	7	6	8	0	0	5
1200.200	5	1	0	0	0	0	0	0	0	0	0	8	0	0	0	0	0	0	4	6	8	0	0	6
1200.400	5	0	0	0	0	0	0	0	0	0	0	7	0	0	0	0	0	0	5	5	7	0	0	8
1200.600	3	0	0	0	0	0	0	0	0	0	0	10	0	0	0	0	0	0	7	4	10	0	0	5
1200.800	5	0	0	0	0	0	0	0	0	0	0	6	0	0	0	0	0	0	4	6	9	0	0	8
1201.000	5	0	0	0	0	0	0	0	0	0	0	5	0	0	0	0	0	0	6	6	7	0	0	6
1201.200	4	1	0	0	0	0	0	0	0	0	0	4	0	0	0	0	0	0	6	5	8	0	0	6
1201.400	3	0	0	0	0	0	0	0	0	0	0	12	0	0	0	0	0	0	7	3	3	0	0	9
1201.600	5	0	0	0	0	0	0	0	0	0	2	8	0	0	0	0	0	0	6	6	4	0	0	6
1201.800	6	0	0	0	0	0	0	0	0	0	3	8	0	0	0	0	0	0	7	4	6	0	0	7
1202.000	5	0	0	0	0	0	0	0	0	0	4	5	0	0	0	0	0	0	8	5	7	0	0	7
1202.200	3	1	0	0	0	0	0	0	0	0	1	6	0	0	0	0	0	0	5	6	5	0	0	11
1202.400	3	0	0	0	0	0	0	0	0	0	3	1	0	0	0	0	0	0	6	4	9	0	0	5
1202.600	3	1	0	0	0	0	0	0	0	0	0	3	0	0	0	0	0	0	6	6	7	0	0	8
1202.800	3	1	0	0	0	0	0	0	0	0	0	3	0	0	0	0	0	1	6	6	6	0	0	7
1203.000	4	1	0	0	0	0	0	0	0	0	3	2	0	0	0	0	0	0	4	4	6	0	0	6
1203.200	5	1	0	0	0	0	0	0	0	0	3	1	0	0	0	0	0	0	5	6	8	0	0	8
1203.400	3	1	0	0	0	0	0	0	0	0	3	3	0	0	0	0	0	0	5	6	6	0	0	6
1203.600	2	1	0	0	0	0	0	0	0	0	4	3	0	0	0	0	0	0	4	3	9	0	0	9
1203.800	3	0	0	0	0	0	0	0	0	0	4	5	0	0	0	0	0	0	5	5	7	0	0	6
1204.000	3	1	0	0	0	0	0	0	0	0	4	1	0	0	0	0	0	0	5	3	5	0	0	10
1204.200	3	0	0	0	0	0	0	0	0	0	0	5	0	0	0	0	0	0	5	3	6	0	0	10
1204.400	3	0	0	0	0	0	0	0	0	0	0	6	0	0	0	0	0	3	8	6	9	0	0	8
1204.600	3	0	0	0	0	0	0	0	0	0	0	3	0	0	0	0	0	7	4	4	9	0	0	6
1204.800	4	0	0	0	0	0	0	0	0	0	0	5	0	0	0	1	0	8	5	6	13	0	0	9
1205.000	4	1	0	0	0	0	0	0	0	0	0	2	0	0	0	0	0	6	4	8	11	0	0	5
1205.200	4	0	0	0	0	0	0	0	0	0	0	1	0	0	0	0	0	3	4	9	11	0	0	6
1205.400	5	1	0	0	0	0	0	0	0	0	1	4	0	0	0	0	0	6	4	6	7	0	0	6
1205.600	3	1	0	0	0	0	0	0	0	0	0	2	0	0	0	1	0	0	5	6	10	0	0	9
1205.800	3	1	0	0	0	0	0	0	0	0	0	4	0	0	0	0	0	7	4	6	12	0	0	8
1206.000	3	0	0	0	0	0	0	0	0	0	0	7	0	0	0	0	0	3	5	6	9	0	0	6
1206.200	4	0	0	0	0	0	0	0	0	0	0	3	0	0	0	0	0	7	5	6	8	0	0	12
1206.400	3	0	0	0	0	0	0	0	0	0	0	6	0	0	0	0	0	7	4	7	10	0	0	5
1206.600	4	0	0	0	0	0	0	0	0	0	0	7	0	0	0	0	0	9	10	6	10	0	0	7
1206.800	2	0	0	0	0	0	0	0	0	0	0	6	0	0	0	0	0	8	4	7	6	0	0	6
1207.000	3	0	0	0	0	0	0	0	0	0	0	6	0	0	0	0	0	13	7	9	13	0	0	7
1207.200	3	0	0	0	0	0	0	0	0	0	0	5	0	0	0	0	0	4	4	9	8	0	0	7
1207.400	3	0	0	0	0	0	0	0	0	0	1	5	0	0	0	0	0	9	4	7	12	0	0	8
1207.600	2	1	0	0	0	0	0	0	0	0	0	5	0	0	0	0	0	7	4	7	10	0	0	12
1207.800	1	0	0	0	0	0	0	0	0	0	0	6	0	0	0	0	0	10	5	8	12	0	0	7
1208.000	3	0	0	0	0	0	0	0	0	0	0	6	0	0	0	0	0	4	4	7	12	0	0	9
1208.200	3	1	0	0	0	0	0	0	0	0	0	6	0	0	0	0	0	5	5	6	8	0	0	7
1208.400	3	0	0	0	0	0	0	0	0	0	0	6	0	0	0	0	0	7	8	6	10	0	0	8
1208.600	2	0	0	0	0	0	0	0	0	0	0	3	0	0	0	0	0	13	5	7	6	0	0	6
1208.800	3	0	0	0	0	0	0	0	0	0	0	3	0	0	0	0	0	9	6	9	12	0	0	5
1209.000	4	0	0	0	0	0	0	0	0	0	0	10	0	0	0	0	0	10	9	9	12	0	0	0
1209.200	3	1	0	0	0	0	0	0	0	0	0	5	0	0	0	1	0	15	4	8	14	0	0	0
1209.400	3	0	0	0	0	0	0	0	0	0	0	5	0	0	0	1	0	9	4	6	11	0	0	0
1209.600	4	0	0	0	0	0	0	0	0	0	0	5	0	0	0	0	0	10	4	7	9	0	0	0
1209.800	3	0	0	0	0	0	0	0	0	0	0	5	0	0	0	0	0	7	5	6	12	0	0	0
1210.000	4	1	0	0	0	0	0	0	0	0	0	5	0	0	0	0	0	8	4	8	13	0	0	2
1210.200	5	1	0	0	0	0	0	0	0	0	0	4	0	0	0	0	0	7	4	7	10	0	0	1
1210.400	4	0	0	0	0	0	0	0	0	0	0	5	0	0	0	0	0	6	3	7	12	0	0	2
1210.600	5	1	0	0	0	0	0	0	0	0	0	5	0	0	0	0	0	1	4	7	8	0	0	0
1210.800	3	1	0	0	0	0	0	0	0	0	0	7	0	0	0	0	0	3	5	6	8	0	0	2
1211.000	4	1	0	0	0	0	0	0	0	0	0	5	0	0	0	0	0	7	4	7	7	0	0	2
1211.200	4	0	0	0	0	0	0	0	0	0	0	6	0	0	0	0	0	7	4	6	12	0	0	1
1211.400	3	0	0	0	0	0	0	0	0	0	0	6	0	0	0	0	0	4	4	7	8	0	0	1
1211.600	4	1	0	0	0	0	0	0	0	0	0	5	0	0	0	0	0	7	4	6	12	0	0	4
1211.800	4	0	0	0	0	0	0	0	0	0	0	2	0	0	0	0	0	2	5	6	8	0	0	4
1212.000	3	0	0	0	0	0	0	0	0	0	0	7	0	0	0	0	0	4	4	6	10	0	0	1
1212.200	4	0	0	0	0	0	0	0	0	0	0	7	0	0	0	0	0	3	5	6	11	0	0	1
1212.400	2	0	0	0	0	0	0	0	0	0	0	6	0	0	0	0	0	8	6	6	9	0	0	0
1212.600	3	1	0	0	0	0	0	0	0	0	0	6	0	0	0	0	0	5	4	5	9	0	0	1
1212.800	4	1	0	0	0	0	0	0	0	0	0	4	0	0	0	0	0	6	4	8	11	0	0	1
1213.000	4	0	0	0	0	0	0	0	0	0	0	3	0	0	0	0	0	8	6	9	5	0	0	2
1213.200	3	0	0	0	0	0	0	0	0	0	0	5	0	0	0	1	0	7	4	6	9	0	0	1
1213.400	2	0	0	0	0	0	0	0	0	0	0	5	0	0	0	1	0	7	6	6	14	0	0	0
1213.600	5	0	0	0	0	0	0	0	0	0	0	5	0	0	0	0	0	7	6	7	12	0	0	0
1213.800	2	0	0	0	0	0	0	0	0	0	0	4	0	0	0	1	0	9	11	4	7	0	0	0
1214.000	2	0	0	0	0	0	0	0	0	0	0	5	0	0	0	1	0	10	8	3	5	0	0	2
1214.200	3	0	0	0	0	0	0	0	0	0	0	5	0	0	0	1	0	6	7	6	7	0	0	0
1214.400	5	0	0	0	0	0	0	0	0	0	0	5	0	0	0	0	0	8	4	6	9	0	0	0
1214.600	3	0	0	0	0	0	0	0	0	0	0	5	0	0	0	0	0	7	10	4	8	0	0	2
1214.800	3	0	0	0	0	0	0	0	0	0	0	5	0	0	0	1	0	9	9	6	8	0	0	0
1215.000	3	0	0	0	0	0	0	0	0	0	0	5	0	0	0	1	0	15	6	6	8	0	0	0
1215.200	3	0	0	0	0	0	0	0	0	0	0	6	0	0	0	0	0	6	8	6	7	0	0	2
1215.400	3	0	0	0	0	0	0	0	0	0	0	7	0	0	0	0	0	13	7	6	9	0	0	3
1215.600	3	0	0	0	0	0	0	0	0	0	0	5	0	0	0	0	0	10	8	4	8	0	0	0
1215.800	3	0	0	0	0	0	0	0	0	0	0	9	0	0	0	0	0	8	7	5	10	0	0	1
1216.000	3	0	0	0	0	0	0	0	0	0	0	9	0	0	0	0	0	16	9	6	8	0	0	2
1216.200	6	0	0	0	0	0	0	0	0	0	0	6	0	0	0	0	0	12	8	6	9	0	0	3
1216.400	3	0	0	0	0	0	0	0	0	0	0	2	0	0	0	0	0	9	7	6	7	0	0	1
1216.600	4	0	0	0	0	0	0	0	0	0	0	3	0	0	0	0	0	11	9	5	8	0	0	1
1216.800	5	0	0	0	0	0	0	0	0	0	0	6	0	0	0	1	0	10	7	4	6	0	0	1
1217.000	3	0	0	0	0	0	0	0	0	0	0	8	0	0	0	0	0	13	8	5	4	0	0	2
1217.200	3	0	0	0	0	0	0	0	0	0	0	1	0	0	0	1	0	14	5	6	10	0	0	1
1217.400	4	0	0	0	0	0	0	0	0	0	0	4	0	0	0	1	0	10	9	5	11	0	0	3
1217.600	3	0	0	0	0	0	0	0	0	0	0	11	0	0	0	0	0	14	9	6	7	0	0	2
1217.800	3	0	0	0	0	0	0	0	0	0	0	6	0	0	0	0	0	12	8	6	9	0	0	2
1218.000	3	0	0	0	0	0	0	0	0	0	0	9	0	0	0	0	0	11	6	6	10	0	0	0
1218.200	2	0	0	0	0	0	0	0	0	0	0	11	0	0	0	0	0	12	7	7	11	0	0	0
1218.400	3	0	0	0	0	0	0	0	0	0	0	6	0	0	0	0	0	13	8	5	6	0	0	2
1218.600	3	0	0	0	0	0	0	0	0	0	0	7	0	0	0	0	0	7	8	4	7	0	0	0
1218.800	3	0	0	0	0	0	0	0	0	0	0	9	0	0	0	1	0	8	7	5	7	0	0	2
1219.000	3	0	0	0	0	0	0	0	0	0	0	8	0	0	0	0	0	10	8	6	6	0	0	0
1219.200	3	0	0	0	0	0	0	0	0	0	0	3	0	0	0	1	0	11	10	5	8	0	0	9
1219.400	3	0	0	0	0	0	0	0	0	0	0	8	0	0	0	0	0	9	7	5	7	0	0	7
1219.600	4	0	0	0	0	0	0	0	0	0	0	6	0	0	0	1	0	6	5	6	9	0	0	6
1219.800	3	0	0	0	0	0	0	0	0	0	0	6	0	0	0	1	0	12	8	5	8	0	0	10
1220.000	3	0	0	0	0	0	0	0	0	0	0	5	0	0	0	0	0	12	9	4	7	0	0	9
1220.200	3	0	0	0	0	0	0	0	0	0	0	6	0	0	0	1	0	11	9	6	5	0	0	6
1220.400	4	0	0	0	0	0	0	0	0	0	0	5	0	0	0	0	0	8	6	6	11	0	0	6
1220.600	4	0	0	0	0	0	0	0	0	0	0	9	0	0	0	0	0	12	9	5	8	0	0	6
1220.800	3	0	0	0	0	0	0	0	0	0	0	7	0	0	0	0	0	7	8	5	7	0	0	5
1221.000	3	0	0	0	0	0	0	0	0	0	0	6	0	0	0	0	0	8	8	5	6	0	0	7
1221.200	2	0	0	0	0	0	0	0	0	0	0	8	0	0	0	1	0	2	8	5	9	0	0	11
1221.400	5	0	0	0	0	0	0	0	0	0	0	8	0	0	0	1	0	9	10	6	7	0	0	6
1221.600	4	0	0	0	0	0	0	0	0	0	0	3	0	0	0	0	0	12	8	6	4	0	0	5
1221.800	4	0	0	0	0	0	0	0	0	0	0	4	0	0	0	0	0	8	7	6	8	0	0	8
1222.000	2	0	0	0	0	0	0	0	0	0	0	9	0	0	0	0	0	5	9	6	5	0	0	5
1222.200	4	0	0	0	0	0	0	0	0	0	0	7	0	0	0	1	0	4	7	5	8	0	0	10
1222.400	4	0	0	0	0	0	0	0	0	0	0	7	0	0	0	1	0	9	7	6	5	0	0	8
1222.600	6	0	0	0	0	0	0	0	0	0	0	5	0	0	0	1	0	14	8	7	6	0	0	8
1222.800	3	0	0	0	0	0	0	0	0	0	0	2	0	0	0	0	0	4	6	6	11	0	0	6
1223.000	3	0	0	0	0	0	0	0	0	0	0	3	0	0	0	0	0	5	7	6	11	0	0	6
1223.200	3	0	0	0	0	0	0	0	0	0	0	5	0	0	0	0	0	13	7	7	11	0	0	10
1223.400	3	0	0	0	0	0	0	0	0	0	0	3	0	0	0	1	0	6	4	7	9	0	0	9
1223.600	4	0	0	0	0	0	0	0	0	0	0	1	0	0	0	0	0	6	5	8	10	0	0	3
1223.800	4	0	0	0	0	0	0	0	0	0	0	7	0	0	0	0	0	9	6	6	11	0	0	9
1224.000	3	0	0	0	0	0	0	0	0	0	0	5	0	0	0	1	0	7	5	6	10	0	0	8
1224.200	3	0	0	0	0	0	0	0	0	0	0	3	0	0	0	0	0	5	11	4	7	0	0	7
1224.400	3	0	0	0	0	0	0	0	0	0	0	7	0	0	0	0	0	5	9	6	7	0	0	9
1224.600	3	0	0	0	0	0	0	0	0	0	0	7	0	0	0	0	0	7	3	6	10	0	0	9
1224.800	3	0	0	0	0	0	0	0	0	0	0	5	0	0	0	0	0	4	4	6	12	0	0	8
1225.000	2	0	0	0	0	0	0	0	0	0	0	6	0	0	0	0	0	3	7	6	11	0	0	8
1225.200	2	0	0	0	0	0	0	0	0	0	0	5	0	0	0	0	0	3	4	4	9	0	0	6
1225.400	3	0	0	0	0	0	0	0	0	0	0	7	0	0	0	0	0	6	7	6	12	0	0	9
1225.600	3	0	0	0	0	0	0	0	0	0	0	7	0	0	0	0	0	13	5	6	9	0	0	6
1225.800	3	0	0	0	0	0	0	0	0	0	0	6	0	0	0	1	0	12	6	6	10	0	0	5
1226.000	3	0	0	0	0	0	0	0	0	0	0	6	0	0	0	0	0	9	5	6	10	0	0	7
1226.200	3	0	0	0	0	0	0	0	0	0	0	6	0	0	0	0	0	10	6	6	11	0	0	8
1226.400	3	0	0	0	0	0	0	0	0	0	0	2	0	0	0	0	0	10	5	6	10	0	0	5
1226.600	4	0	0	0	0	0	0	0	0	0	0	6	0	0	0	0	0	5	4	6	8	0	0	5
1226.800	3	0	0	0	0	0	0	0	0	0	0	5	0	0	0	0	0	8	6	6	8	0	0	5
1227.000	3	0	0	0	0	0	0	0	0	0	0	7	0	0	0	1	0	12	6	7	11	0	0	6
1227.200	5	0	0	0	0	0	0	0	0	0	0	6	0	0	0	0	0	8	5	6	9	0	0	6
1227.400	4	0	0	0	0	0	0	0	0	0	0	6	0	0	0	0	0	7	4	5	7	0	0	5
1227.600	3	0	0	0	0	0	0	0	0	0	0	3	0	0	0	0	0	12	4	6	11	0	0	5
1227.800	3	0	0	0	0	0	0	0	0	0	0	7	0	0	0	0	0	7	5	6	9	0	0	9
1228.000	3	0	0	0	0	0	0	0	0	0	0	4	0	0	0	0	0	5	4	6	8	0	0	5
1228.200	3	0	0	0	0	0	0	0	0	0	0	2	0	0	0	0	0	10	4	6	12	0	0	6
1228.400	4	0	0	0	0	0	0	0	0	0	0	4	0	0	0	0	0	13	8	6	10	0	0	11
1228.600	3	0	0	0	0	0	0	0	0	0	0	5	0	0	0	0	0	9	5	6	6	0	0	6
1228.800	3	0	0	0	0	0	0	0	0	0	0	5	0	0	0	0	0	4	4	8	9	0	0	8
1229.000	3	0	0	0	0	0	0	0	0	0	0	4	0	0	0	0	0	7	5	8	14	0	0	6
1229.200	3	0	0	0	0	0	0	0	0	0	0	4	0	0	0	0	0	6	5	6	7	0	0	7
1229.400	3	0	0	0	0	0	0	0	0	0	0	5	0	0	0	0	0	12	5	6	10	0	0	7
1229.600	3	0	0	0	0	0	0	0	0	0	0	3	0	0	0	0	0	9	4	4	5	0	0	5
1229.800	3	0	0	0	0	0	0	0	0	0	0	5	0	0	0	1	0	9	7	6	8	0	0	5
1230.000	3	0	0	0	0	0	0	0	0	0	0	5	0	0	0	0	0	12	5	6	7	0	0	5
1230.200	3	0	0	0	0	0	0	0	0	0	0	3	0	0	0	0	0	13	4	6	10	0	0	7
1230.400	3	0	0	0	0	0	0	0	0	0	0	5	0	0	0	1	0	16	6	6	9	0	0	5
1230.600	4	0	0	0	0	0	0	0	0	0	0	7	0	0	0	1	0	1	5	6	7	0	0	11
1230.800	3	0	0	0	0	0	0	0	0	0	0	7	0	0	0	0	0	4	9	6	8	0	0	4
1231.000	3	0	0	0	0	0	0	0	0	0	0	9	0	0	0	2	0	10	5	6	7	0	0	8
1231.200	4	0	0	0	0	0	0	0	0	0	0	7	0	0	0	0	0	18	7	8	7	0	0	7
1231.400	5	0	0	0	0	0	0	0	0	0	0	10	0	0	0	1	0	6	6	7	8	0	0	8
1231.600	3	0	0	0	0	0	0	0	0	0	0	4	0	0	0	1	0	9	5	6	10	0	0	5
1231.800	4	0	0	0	0	0	0	0	0	0	0	1	0	0	0	0	0	8	9	6	6	0	0	5
1232.000	3	0	0	0	0	0	0	0	0	0	0	4	0	0	0	0	0	14	9	3	7	0	0	8
1232.200	3	0	0	0	0	0	0	0	0	0	0	7	0	0	0	0	0	4	8	6	6	0	0	5
1232.400	3	0	0	0	0	0	0	0	0	0	0	4	0	0	0	0	0	8	9	6	7	0	0	7
1232.600	4	0	0	0	0	0	0	0	0	0	0	4	0	0	0	0	0	13	9	5	8	0	0	2
1232.800	3	0	0	0	0	0	0	0	0	0	0	2	0	0	0	0	0	8	9	4	6	0	0	0
1233.000	3	0	0	0	0	0	0	0	0	0	0	3	0	0	0	0	0	7	7	6	11	0	0	3
1233.200	3	0	0	0	0	0	0	0	0	0	0	4	0	0	0	0	0	0	7	6	6	0	0	0
1233.400	3	0	0	0	0	0	0	0	0	0	0	3	0	0	0	0	0	8	8	6	7	0	0	0
1233.600	3	0	0	0	0	0	0	0	0	0	0	2	0	0	0	0	0	5	8	3	4	0	0	11
1233.800	2	0	0	0	0	0	0	0	0	0	0	2	0	0	0	0	0	5	11	4	6	0	0	12
1234.000	2	0	0	0	0	0	0	0	0	0	0	5	0	0	0	0	0	7	11	5	5	0	0	7
1234.200	0	0	0	0	0	0	0	0	0	0	0	4	0	0	0	0	0	4	9	5	4	0	0	9
1234.400	0	0	0	0	0	0	0	0	0	0	0	2	0	0	0	0	0	2	7	4	4	0	0	7
1234.600	0	0	0	0	0	0	0	0	0	0	0	2	0	0	0	0	0	3	10	5	3	0	0	7
1234.800	0	0	0	0	0	0	0	0	0	0	0	1	0	0	0	0	0	4	9	3	4	0	0	7
1235.000	0	0	0	0	0	0	0	0	0	0	0	1	0	0	0	0	0	6	12	1	3	0	0	6
1235.200	0	0	0	0	0	0	0	0	0	0	0	1	0	0	0	0	0	7	10	6	4	0	0	6
1235.400	0	0	0	0	0	0	0	0	0	0	0	0	0	0	0	1	0	9	8	4	5	0	0	12
1235.600	0	0	0	0	0	0	0	0	0	0	0	1	0	0	0	0	0	5	11	5	2	0	0	8
1235.800	0	0	0	0	0	0	0	0	0	0	0	2	0	0	0	0	0	5	10	5	5	0	0	6
1236.000	3	0	0	0	0	0	0	0	0	0	0	3	0	0	0	0	0	8	7	6	9	0	0	1
1236.200	3	0	0	0	0	0	0	0	0	0	0	6	0	0	0	0	0	7	6	6	8	0	0	6
1236.400	3	0	0	0	0	0	0	0	0	0	0	6	0	0	0	0	0	15	10	2	7	0	0	8
1236.600	3	0	0	0	0	0	0	0	0	0	0	6	0	0	0	0	0	6	9	4	5	0	0	6
1236.800	3	0	0	0	0	0	0	0	0	0	0	0	0	0	0	0	0	6	9	3	6	0	0	5
1237.000	3	0	0	0	0	0	0	0	0	0	0	4	0	0	0	0	0	5	8	6	9	0	0	0
1237.200	2	0	0	0	0	0	0	0	0	0	0	6	0	0	0	0	0	12	9	6	10	0	0	4
1237.400	3	0	0	0	0	0	0	0	0	0	0	6	0	0	0	0	0	9	4	6	5	0	0	0
1237.600	3	0	0	0	0	0	0	0	0	0	0	5	0	0	0	0	0	1	9	6	5	0	0	4
1237.800	3	0	0	0	0	0	0	0	0	0	0	4	0	0	0	0	0	5	7	5	8	0	0	6
1238.000	3	0	0	0	0	0	0	0	0	0	0	5	0	0	0	0	0	4	9	5	8	0	0	8
1238.200	5	0	0	0	0	0	0	0	0	0	0	0	0	0	0	0	0	4	9	3	9	0	0	9
1238.400	3	0	0	0	0	0	0	0	0	0	0	0	0	0	0	0	0	11	9	4	8	0	0	6
1238.600	3	0	0	0	0	0	0	0	0	0	0	1	0	0	0	0	0	4	8	6	6	0	0	6
1238.800	3	0	0	0	0	0	0	0	0	0	0	0	0	0	0	1	0	10	9	5	7	0	0	5
1239.000	3	0	0	0	0	0	0	0	0	0	0	0	0	0	0	0	0	8	5	6	8	0	0	7
1239.200	2	0	0	0	0	0	0	0	0	0	0	0	0	0	0	0	0	9	7	5	7	0	0	6
1239.400	3	0	0	0	0	0	0	0	0	0	0	0	0	0	0	1	0	7	8	4	8	0	0	10
1239.600	3	0	0	0	0	0	0	0	0	0	0	0	0	0	0	1	0	17	9	5	7	0	0	5
1239.800	3	0	0	0	0	0	0	0	0	0	0	1	0	0	0	0	0	5	6	6	8	0	0	11
1240.000	4	0	0	0	0	0	0	0	0	0	0	0	0	0	0	0	0	10	6	6	8	0	0	6
1240.200	3	0	0	0	0	0	0	0	0	0	0	0	0	0	0	0	0	9	9	6	8	0	0	6
1240.400	2	0	0	0	0	0	0	0	0	0	0	3	0	0	0	0	0	6	7	6	6	0	0	12
1240.600	3	0	0	0	0	0	0	0	0	0	0	1	0	0	0	0	0	2	7	6	9	0	0	5
1240.800	3	0	0	0	0	0	0	0	0	0	0	5	0	0	0	1	0	6	4	6	8	0	0	9
1241.000	3	0	0	0	0	0	0	0	0	0	0	5	0	0	0	1	0	14	10	4	7	0	0	9
1241.200	3	0	0	0	0	0	0	0	0	0	0	4	0	0	0	0	0	7	8	6	7	0	0	6
1241.400	3	0	0	0	0	0	0	0	0	0	2	5	0	0	0	1	0	7	8	5	8	0	0	7
1241.600	3	0	0	0	0	0	0	0	0	0	0	4	0	0	0	1	0	14	7	5	8	0	0	5
1241.800	3	0	0	0	0	0	0	0	0	0	0	3	0	0	0	1	0	5	8	7	8	0	0	9
1242.000	4	0	0	0	0	0	0	0	0	0	0	3	0	0	0	0	1	9	6	7	7	0	0	6
1242.200	3	0	0	0	0	0	0	0	0	0	0	3	0	0	0	0	0	10	9	6	11	0	0	5
1242.400	2	0	0	0	0	0	0	0	0	0	0	0	0	0	0	0	0	7	7	6	6	0	0	10
1242.600	3	0	0	0	0	0	0	0	0	0	0	0	0	0	0	0	0	4	8	6	7	0	0	9
1242.800	4	0	0	0	0	0	0	0	0	0	0	0	0	0	0	0	0	4	6	6	8	0	0	7
1243.000	4	0	0	0	0	0	0	0	0	0	0	0	0	0	0	0	0	10	9	6	8	0	0	7
1243.200	4	0	0	0	0	0	0	0	0	0	0	0	0	0	0	0	0	2	7	6	8	0	0	9
1243.400	2	0	0	0	0	0	0	0	0	0	0	0	0	0	0	1	0	11	9	3	8	0	0	6
1243.600	3	0	0	0	0	0	0	0	0	0	0	0	0	0	0	0	0	6	7	5	8	0	0	5
1243.800	4	0	0	0	0	0	0	0	0	0	0	0	0	0	0	0	0	5	9	6	8	0	0	5
1244.000	3	0	0	0	0	0	0	0	0	0	0	0	0	0	0	0	0	15	9	6	8	0	0	6
1244.200	3	0	0	0	0	0	0	0	0	0	0	0	0	0	0	1	2	13	8	6	8	0	0	6
1244.400	4	0	0	0	0	0	0	0	0	0	0	0	0	0	0	0	0	11	9	6	8	0	0	9
1244.600	4	0	0	0	0	0	0	0	0	0	0	0	0	0	0	0	2	14	7	4	7	0	0	6
1244.800	2	0	0	0	0	0	0	0	0	0	0	0	0	0	0	1	0	9	8	6	8	0	0	7
1245.000	3	0	0	0	0	0	0	0	0	0	0	0	0	0	0	0	0	6	6	6	7	0	0	5
1245.200	4	0	0	0	0	0	0	0	0	0	0	0	0	0	0	1	0	14	6	6	8	0	0	7
1245.400	3	0	0	0	0	0	0	0	0	0	0	0	0	0	0	0	0	6	7	5	8	0	0	7
1245.600	3	0	0	0	0	0	0	0	0	0	0	0	0	0	0	0	0	14	8	5	5	0	0	10
1245.800	3	0	0	0	0	0	0	0	0	0	0	0	0	0	0	0	0	13	6	5	6	0	0	5
1246.000	4	0	0	0	0	0	0	0	0	0	0	0	0	0	0	1	1	16	9	5	7	0	0	5
1246.200	3	0	0	0	0	0	0	0	0	0	0	0	0	0	0	0	0	5	6	5	8	0	0	5
1246.400	3	0	0	0	0	0	0	0	0	0	0	0	0	0	0	1	0	12	7	6	8	0	0	5
1246.600	4	0	0	0	0	0	0	0	0	0	0	0	0	0	0	0	0	13	8	5	8	0	0	5
1246.800	4	0	0	0	0	0	0	0	0	0	0	0	0	0	0	0	0	12	9	4	6	0	0	5
1247.000	3	0	0	0	0	0	0	0	0	0	0	0	0	0	0	0	0	7	9	6	9	0	0	7
1247.200	4	0	0	0	0	0	0	0	0	0	0	0	0	0	0	0	0	13	7	4	8	0	0	7
1247.400	4	0	0	0	0	0	0	0	0	0	0	0	0	0	0	0	0	8	7	5	8	0	0	3
1247.600	2	0	0	0	0	0	0	0	0	0	0	0	0	0	0	1	0	14	7	6	8	0	0	7
1247.800	4	0	0	0	0	0	0	0	0	0	0	0	0	0	0	0	0	9	10	5	8	0	0	6
1248.000	3	0	0	0	0	0	0	0	0	0	0	0	0	0	0	0	0	8	8	6	5	0	0	6
1248.200	4	0	0	0	0	0	0	0	0	0	0	0	0	0	0	0	0	5	8	6	9	0	0	5
1248.400	4	0	0	0	0	0	0	0	0	0	0	0	0	0	0	0	0	9	9	5	8	0	0	6
1248.600	4	0	0	0	0	0	0	0	0	0	0	0	0	0	0	0	0	9	6	5	7	0	0	5
1248.800	4	0	0	0	0	0	0	0	0	0	0	0	0	0	0	0	0	12	9	5	3	0	0	5
1249.000	2	0	0	0	0	0	0	0	0	0	0	0	0	0	0	0	0	6	8	4	6	0	0	7
1249.200	3	0	0	0	0	0	0	0	0	0	0	0	0	0	0	0	0	4	8	6	6	0	0	8
1249.400	3	0	0	0	0	0	0	0	0	0	0	0	0	0	0	0	0	5	7	5	7	0	0	8
1249.600	3	0	0	0	0	0	0	0	0	0	0	0	0	0	0	0	0	11	7	6	5	0	0	6
1249.800	2	0	0	0	0	0	0	0	0	0	0	0	0	0	0	0	0	10	9	4	5	0	0	8
1250.000	4	0	0	0	0	0	0	0	0	0	0	0	0	0	0	0	0	8	9	5	5	0	0	5
1250.200	4	0	0	0	0	0	0	0	0	0	0	0	0	0	0	0	0	11	11	4	6	0	0	7
1250.400	4	0	0	0	0	0	0	0	0	0	0	0	0	0	0	0	1	14	8	6	5	0	0	9
1250.600	3	0	0	0	0	0	0	0	0	0	0	0	0	0	0	0	0	13	9	6	4	0	0	9
1250.800	2	0	0	0	0	0	0	0	0	0	0	0	0	0	0	0	0	8	8	5	8	0	0	7
1251.000	3	0	0	0	0	0	0	0	0	0	0	0	0	0	0	0	0	10	9	4	7	0	0	9
1251.200	2	0	0	0	0	0	0	0	0	0	0	0	0	0	0	1	0	11	7	6	7	0	0	10
1251.400	3	0	0	0	0	0	0	0	0	0	0	0	0	0	0	0	0	7	7	3	6	0	0	6
1251.600	2	0	0	0	0	0	0	0	0	0	0	0	0	0	0	0	0	3	9	4	7	0	0	8
1251.800	2	0	0	0	0	0	0	0	0	0	0	0	0	0	0	0	0	7	6	6	6	0	0	6
1252.000	2	0	0	0	0	0	0	0	0	0	0	0	0	0	0	0	0	11	6	6	9	0	0	9
1252.200	3	0	0	0	0	0	0	0	0	0	0	0	0	0	0	0	0	10	8	4	8	0	0	5
1252.400	4	0	0	0	0	0	0	0	0	0	0	0	0	0	0	0	0	10	8	3	8	0	0	8
1252.600	4	0	0	0	0	0	0	0	0	0	0	0	0	0	0	1	0	10	9	6	6	0	0	6
1252.800	4	0	0	0	0	0	0	0	0	0	0	0	0	0	0	0	0	7	9	6	9	0	0	5
1253.000	2	0	0	0	0	0	0	0	0	0	0	0	0	0	0	0	0	12	5	6	7	0	0	6
1253.200	3	0	0	0	0	0	0	0	0	0	0	0	0	0	0	0	0	10	7	6	8	0	0	5
1253.400	2	0	0	0	0	0	0	0	0	0	0	0	0	0	0	0	2	9	9	6	8	0	0	12
1253.600	4	0	0	0	0	0	0	0	0	0	0	0	0	0	0	0	2	11	7	5	8	0	0	12
1253.800	4	0	0	0	0	0	0	0	0	0	0	0	0	0	0	0	0	10	7	6	7	0	0	5
1254.000	4	0	0	0	0	0	0	0	0	0	0	0	0	0	0	0	2	11	6	6	9	0	0	10
1254.200	4	0	0	0	0	0	0	0	0	0	0	0	0	0	0	0	0	7	7	6	11	0	0	7
1254.400	3	0	0	0	0	0	0	0	0	0	0	0	0	0	0	0	0	3	9	3	8	0	0	8
1254.600	3	0	0	0	0	0	0	0	0	0	0	0	0	0	0	0	0	12	9	6	10	0	0	8
1254.800	3	0	0	0	0	0	0	0	0	0	0	0	0	0	0	0	0	15	10	4	7	0	0	6
1255.000	4	0	0	0	0	0	0	0	0	0	0	0	0	0	0	0	0	10	10	6	8	0	0	6
1255.200	2	0	0	0	0	0	0	0	0	0	0	0	0	0	0	0	0	8	6	3	5	0	0	8
1255.400	2	0	0	0	0	0	0	0	0	0	0	0	0	0	0	0	0	7	7	3	7	0	0	5
1255.600	3	0	0	0	0	0	0	0	0	0	0	0	0	0	0	0	0	6	9	5	6	0	0	5
1255.800	2	0	0	0	0	0	0	0	0	0	0	0	0	0	0	1	2	13	7	6	4	0	0	5
1256.000	3	0	0	0	0	0	0	0	0	0	0	0	0	0	0	0	0	15	9	6	8	0	0	7
1256.200	2	0	0	0	0	0	0	0	0	0	0	0	0	0	0	0	0	5	9	6	6	0	0	6
1256.400	0	0	0	0	0	0	0	0	0	0	0	0	0	0	0	1	0	10	3	6	3	0	0	5
1256.600	0	0	0	0	0	0	0	0	0	0	0	0	0	0	0	0	0	14	9	6	6	0	0	5
1256.800	0	0	0	0	0	0	0	0	0	0	0	0	0	0	0	1	2	14	10	5	6	0	0	6
1257.000	0	0	0	0	0	0	0	0	0	0	0	0	0	0	0	1	2	12	9	6	7	0	0	2
1257.200	0	0	0	0	0	0	0	0	0	0	0	0	0	0	0	0	2	9	8	3	4	0	0	8
1257.400	0	0	0	0	0	0	0	0	0	0	0	0	0	0	0	0	0	9	8	6	3	0	0	10
1257.600	0	0	0	0	0	0	0	0	0	0	0	0	0	0	0	0	0	12	9	4	5	0	0	7
1257.800	0	0	0	0	0	0	0	0	0	0	0	0	0	0	0	1	0	16	8	3	2	0	0	10
1258.000	0	0	0	0	0	0	0	0	0	0	0	0	0	0	0	1	2	9	8	4	3	0	0	10
1258.200	0	0	0	0	0	0	0	0	0	0	0	0	0	0	0	1	0	17	9	3	6	0	0	12
1258.400	0	0	0	0	0	0	0	0	0	0	0	0	0	0	0	1	0	7	8	4	5	0	0	14
1258.600	0	0	0	0	0	0	0	0	0	0	0	0	0	0	0	1	0	15	6	7	4	0	0	13
1258.800	0	0	0	0	0	0	0	0	0	0	0	0	0	0	0	0	0	8	9	6	3	0	0	11
1259.000	0	0	0	0	0	0	0	0	0	0	0	0	0	0	0	0	0	10	8	6	5	0	0	12
1259.200	0	0	0	0	0	0	0	0	0	0	0	0	0	0	0	1	2	14	9	6	3	0	0	11
1259.400	0	0	0	0	0	0	0	0	0	0	0	0	0	0	0	1	1	14	9	4	4	0	0	10
1259.600	0	0	0	0	0	0	0	0	0	0	0	0	0	0	0	0	0	13	10	4	3	0	0	9
1259.800	0	0	0	0	0	0	0	0	0	0	0	0	0	0	0	1	0	3	5	6	4	0	0	13
1260.000	0	0	0	0	0	0	0	0	0	0	0	0	0	0	0	1	1	18	12	4	3	0	0	12
1260.200	0	0	0	0	0	0	0	0	0	0	0	0	0	0	0	1	0	8	5	5	5	0	0	11
1260.400	0	0	0	0	0	0	0	0	0	0	0	0	0	0	0	1	0	13	6	6	4	0	0	12
1260.600	0	0	0	0	0	0	0	0	0	0	0	0	0	0	0	0	0	10	5	6	4	0	0	9
1260.800	0	0	0	0	0	0	0	0	0	0	0	0	0	0	0	1	2	7	8	3	3	0	0	13
1261.000	2	0	0	0	0	0	0	0	0	0	0	0	0	0	0	1	2	14	5	5	6	0	0	9
1261.200	2	0	0	0	0	0	0	0	0	0	0	0	0	0	0	0	1	15	9	3	5	0	0	9
1261.400	2	0	0	0	0	0	0	0	0	0	0	0	0	0	0	0	0	4	8	6	4	0	0	12
1261.600	2	0	0	0	0	0	0	0	0	0	0	0	0	0	0	0	0	6	9	5	5	0	0	10
1261.800	2	0	0	0	0	0	0	0	0	0	0	1	0	0	0	0	0	14	9	4	5	0	0	10
1262.000	2	0	0	0	0	0	0	0	0	0	0	2	0	0	0	0	0	7	8	4	5	0	0	9
1262.200	0	0	0	0	0	0	0	0	0	0	0	5	0	0	0	0	0	8	9	6	4	0	0	13
1262.400	0	0	0	0	0	0	0	0	0	0	0	4	0	0	0	0	0	9	8	5	5	0	0	8
1262.600	1	0	0	0	0	0	0	0	0	0	0	4	0	0	0	0	0	7	10	5	4	0	0	7
1262.800	5	0	0	0	0	0	0	0	0	0	0	5	0	0	0	1	0	5	9	7	7	0	0	4
1263.000	3	0	0	0	0	0	0	0	0	0	0	9	0	0	0	0	0	11	6	6	10	0	0	4
1263.200	3	0	0	0	0	0	0	0	0	0	0	7	0	0	0	0	0	6	5	6	9	0	0	6
1263.400	1	0	0	0	0	0	0	0	0	0	0	3	0	0	0	0	0	9	7	6	10	0	0	7
1263.600	2	0	0	0	0	0	0	0	0	0	0	4	0	0	0	0	0	7	6	7	7	0	0	6
1263.800	0	0	0	0	0	0	0	0	0	0	0	4	0	0	0	1	0	11	5	6	8	0	0	6
1264.000	3	0	0	0	0	0	0	0	0	0	0	3	0	0	0	0	0	9	5	6	11	0	0	6
1264.200	3	0	0	0	0	0	0	0	0	0	0	1	0	0	0	0	0	12	5	6	9	0	0	6
1264.400	3	0	0	0	0	0	0	0	0	0	0	0	0	0	0	0	0	14	5	6	8	0	0	5
1264.600	3	0	0	0	0	0	0	0	0	0	0	0	0	0	0	0	0	9	6	6	8	0	0	5
1264.800	4	0	0	0	0	0	0	0	0	0	0	0	0	0	0	0	0	7	6	7	10	0	0	5
1265.000	3	0	0	0	0	0	0	0	0	0	0	0	0	0	0	0	0	9	5	7	8	0	0	6
1265.200	4	0	0	0	0	0	0	0	0	0	0	2	0	0	0	0	0	9	5	6	9	0	0	5
1265.400	4	0	0	0	0	0	0	0	0	0	0	8	0	0	0	1	0	15	7	6	9	0	0	5
1265.600	3	0	0	0	0	0	0	0	0	0	0	3	0	0	0	0	0	8	6	6	6	0	0	5
1265.800	4	0	0	0	0	0	0	0	0	0	0	3	0	0	0	0	0	8	6	6	7	0	0	5
1266.000	4	0	0	0	0	0	0	0	0	0	0	5	0	0	0	0	0	12	9	5	9	0	0	4
1266.200	3	0	0	0	0	0	0	0	0	0	0	5	0	0	0	1	0	17	9	4	7	0	0	8
1266.400	3	0	0	0	0	0	0	0	0	0	0	5	0	0	0	0	0	7	9	5	5	0	0	7
1266.600	2	0	0	0	0	0	0	0	0	0	0	4	0	0	0	0	0	13	10	3	6	0	0	6
1266.800	2	0	0	0	0	0	0	0	0	0	0	3	0	0	0	0	0	9	9	5	7	0	0	2
1267.000	3	0	0	0	0	0	0	0	0	0	0	4	0	0	0	0	0	3	6	6	7	0	0	3
1267.200	4	0	0	0	0	0	0	0	0	0	0	5	0	0	0	0	0	7	5	6	7	0	0	2
1267.400	3	0	0	0	0	0	0	0	0	0	0	7	0	0	0	1	0	17	7	6	5	0	0	2
1267.600	2	0	0	0	0	0	0	0	0	0	0	5	0	0	0	1	0	14	8	6	8	0	0	1
1267.800	4	0	0	0	0	0	0	0	0	0	0	4	0	0	0	0	0	9	9	6	7	0	0	3
1268.000	3	0	0	0	0	0	0	0	0	0	0	4	0	0	0	0	0	10	8	6	6	0	0	3
1268.200	3	0	0	0	0	0	0	0	0	0	0	3	0	0	0	0	0	5	8	4	6	0	0	4
1268.400	3	0	0	0	0	0	0	0	0	0	0	8	0	0	0	1	0	5	8	6	8	0	0	7
1268.600	3	0	0	0	0	0	0	0	0	0	0	3	0	0	0	0	0	15	7	7	5	0	0	3
1268.800	2	0	0	0	0	0	0	0	0	0	0	4	0	0	0	0	0	12	5	6	7	0	0	5
1269.000	2	0	0	0	0	0	0	0	0	0	0	6	0	0	0	0	0	11	8	3	6	0	0	5
1269.200	3	0	0	0	0	0	0	0	0	0	0	9	0	0	0	0	0	6	6	5	4	0	0	8
1269.400	3	0	0	0	0	0	0	0	0	0	0	7	0	0	0	0	0	15	10	5	7	0	0	9
1269.600	3	0	0	0	0	0	0	0	0	0	0	9	0	0	0	0	0	12	7	5	7	0	0	5
1269.800	3	0	0	0	0	0	0	0	0	0	0	7	0	0	0	0	0	3	5	3	5	0	0	6
1270.000	4	0	0	0	0	0	0	0	0	0	0	7	0	0	0	1	0	3	8	5	5	0	0	8
1270.200	4	0	0	0	0	0	0	0	0	0	0	7	0	0	0	1	0	5	4	6	7	0	0	4
1270.400	2	0	0	0	0	0	0	0	0	0	0	6	0	0	0	0	1	11	9	6	7	0	0	8
1270.600	3	0	0	0	0	0	0	0	0	0	0	8	0	0	0	1	2	12	7	6	8	0	0	5
1270.800	2	0	0	0	0	0	0	0	0	0	0	7	0	0	0	1	1	12	7	6	9	0	0	5
1271.000	4	0	0	0	0	0	0	0	0	0	0	4	0	0	0	0	0	11	11	5	2	0	0	10
1271.200	3	0	0	0	0	0	0	0	0	0	0	4	0	0	0	0	0	10	10	6	8	0	0	5
1271.400	2	0	0	0	0	0	0	0	0	0	0	5	0	0	0	1	0	10	8	5	8	0	0	9
1271.600	4	0	0	0	0	0	0	0	0	0	0	8	0	0	0	0	0	4	9	4	6	0	0	7
1271.800	4	0	0	0	0	0	0	0	0	0	0	6	0	0	0	0	0	10	6	6	7	0	0	9
1272.000	2	0	0	0	0	0	0	0	0	0	0	4	0	0	0	1	0	10	8	6	4	0	0	5
1272.200	4	0	0	0	0	0	0	0	0	0	0	5	0	0	0	0	0	2	9	5	7	0	0	5
1272.400	2	0	0	0	0	0	0	0	0	0	0	8	0	0	0	0	0	14	7	6	3	0	0	6
1272.600	3	0	0	0	1	0	0	0	0	0	0	5	0	0	0	0	0	7	6	6	5	0	0	14
1272.800	3	0	0	0	0	0	0	0	0	0	0	7	0	0	0	0	0	11	5	5	8	0	0	10
1273.000	2	0	0	0	0	0	0	0	0	0	0	8	0	0	0	1	2	16	7	6	6	0	0	11
1273.200	0	0	0	0	0	0	0	0	0	0	0	5	0	0	0	0	0	10	6	5	4	0	0	9
1273.400	2	0	0	0	0	0	0	0	0	0	0	7	0	0	0	0	0	6	8	6	4	0	0	9
1273.600	6	0	0	0	0	0	0	0	0	0	0	7	0	0	0	0	0	7	7	6	5	0	0	9
1273.800	2	0	0	0	0	0	0	0	0	0	0	5	0	0	0	0	0	6	9	5	3	0	0	7
1274.000	3	0	0	0	0	0	0	0	0	0	0	4	0	0	0	0	0	12	8	6	10	0	0	7
1274.200	3	0	0	0	0	0	0	0	0	0	0	5	0	0	0	0	0	9	8	5	5	0	0	11
1274.400	3	0	0	0	0	0	0	0	0	0	0	5	0	0	0	0	1	14	8	6	7	0	0	12
1274.600	2	0	0	0	0	0	0	0	0	0	0	8	0	0	0	1	2	14	10	6	6	0	0	9
1274.800	2	0	0	0	0	0	0	0	0	0	0	8	0	0	0	0	0	12	9	5	5	0	0	7
1275.000	3	0	0	0	0	0	0	0	0	0	0	6	0	0	0	0	0	4	8	6	8	0	0	10
1275.200	5	0	0	0	0	0	0	0	0	0	0	7	0	0	0	1	0	6	8	5	7	0	0	1
1275.400	5	0	0	0	1	0	0	0	0	0	0	7	0	0	0	0	0	11	6	6	3	0	0	1
1275.600	0	0	0	0	0	0	0	0	0	0	0	4	0	0	0	1	2	12	10	4	4	0	0	4
1275.800	0	0	0	0	0	0	0	0	0	0	0	4	0	0	0	0	0	13	9	3	5	0	0	8
1276.000	0	0	0	0	0	0	0	0	0	0	0	5	0	0	0	0	0	10	7	7	3	0	0	4
1276.200	0	0	0	0	0	0	0	0	0	0	0	5	0	0	0	0	0	7	4	6	4	0	0	10
1276.400	2	0	0	0	0	0	0	0	0	0	0	5	0	0	0	1	0	12	6	4	6	0	0	9
1276.600	0	0	0	0	0	0	0	0	0	0	0	5	0	0	0	1	0	8	7	5	3	0	0	13
1276.800	0	0	0	0	1	0	0	0	0	0	0	1	0	0	0	0	0	9	5	3	3	0	0	12
1277.000	0	0	0	0	0	0	0	0	0	0	0	9	0	0	0	1	0	12	8	3	4	0	0	8
1277.200	0	0	0	0	1	0	0	0	0	0	0	11	0	0	0	0	0	13	11	3	5	0	0	8
1277.400	0	0	0	0	3	0	0	0	0	0	0	10	0	0	0	0	0	6	7	5	6	0	0	8
1277.600	0	0	0	0	0	0	0	0	0	0	0	7	0	0	0	1	0	8	9	4	6	0	0	7
1277.800	2	0	0	0	0	0	0	0	0	0	0	9	0	0	0	0	0	0	7	3	5	0	0	8
1278.000	6	0	0	0	0	0	0	0	0	0	0	5	0	0	0	0	0	8	11	3	6	0	0	9
1278.200	6	0	0	0	0	0	0	0	0	0	0	8	0	0	0	0	0	2	9	4	6	0	0	5
1278.400	3	0	0	0	2	0	0	0	0	0	0	7	0	0	0	0	0	5	6	6	9	0	0	7
1278.600	6	0	0	0	2	0	0	0	0	0	0	8	0	0	0	0	0	10	8	4	10	0	0	8
1278.800	3	0	0	0	1	0	0	0	0	0	0	7	0	0	0	0	0	3	5	5	7	0	0	8
1279.000	3	0	0	0	0	0	0	0	0	0	0	8	0	0	0	0	0	4	5	5	5	0	0	8
1279.200	0	0	0	0	0	0	0	0	0	0	0	9	0	0	0	0	0	3	9	6	1	0	0	11
1279.400	0	0	0	0	0	0	0	0	0	0	0	7	0	0	0	0	0	8	8	5	7	0	0	9
1279.600	0	0	0	0	0	0	0	0	0	0	0	6	0	0	0	0	0	8	6	6	6	0	0	11
1279.800	0	0	0	0	0	0	0	0	0	0	0	7	0	0	0	1	0	17	8	6	7	0	0	12
1280.000	0	0	0	0	1	0	0	0	0	0	0	7	0	0	0	0	0	14	8	6	8	0	0	9
1280.200	0	0	0	0	0	0	0	0	0	0	0	6	0	0	0	0	0	12	9	5	8	0	0	4
1280.400	0	0	0	0	0	0	0	0	0	0	0	5	0	0	0	0	0	10	11	4	6	0	0	10
1280.600	0	0	0	0	0	0	0	0	0	0	0	5	0	0	0	0	0	16	9	4	5	0	0	11
1280.800	0	0	0	0	0	0	0	0	0	0	0	6	0	0	0	1	0	13	8	3	7	0	0	12
1281.000	0	0	0	0	0	0	0	0	0	0	0	6	0	0	0	0	0	8	8	5	8	0	0	11
1281.200	0	0	0	0	0	0	0	0	0	0	0	8	0	0	0	1	0	10	6	6	4	0	0	9
1281.400	0	0	0	0	0	0	0	0	0	0	0	2	0	0	0	0	0	13	6	6	7	0	0	13
1281.600	0	0	0	0	0	0	0	0	0	0	0	5	0	0	0	1	0	12	12	4	6	0	0	6
1281.800	0	0	0	0	0	0	0	0	0	0	0	4	0	0	0	0	0	9	7	6	10	0	0	3
1282.000	0	0	0	0	0	0	0	0	0	0	0	8	0	0	0	0	0	8	5	6	6	0	0	11
1282.200	0	0	0	0	0	0	0	0	0	0	0	8	0	0	0	1	0	10	9	6	5	0	0	9
1282.400	0	0	0	0	0	0	0	0	0	0	0	8	0	0	0	1	0	10	8	5	2	0	0	11
1282.600	0	0	0	0	0	0	0	0	0	0	0	8	0	0	0	0	0	13	9	4	6	0	0	15
1282.800	0	0	0	0	0	0	0	0	0	0	0	9	0	0	0	0	0	6	9	6	9	0	0	13
1283.000	0	0	0	0	0	0	0	0	0	0	0	6	0	0	0	0	0	8	5	6	9	0	0	8
1283.200	0	0	0	0	0	0	0	0	0	0	0	8	0	0	0	1	0	13	6	6	3	0	0	7
1283.400	0	0	0	0	0	0	0	0	0	0	0	9	0	0	0	1	0	12	9	5	6	0	0	9
1283.600	0	0	0	0	0	0	0	0	0	0	0	7	0	0	0	0	0	13	8	7	6	0	0	8
1283.800	0	0	0	0	0	0	0	0	0	0	0	8	0	0	0	1	0	12	11	5	7	0	0	10
1284.000	0	0	0	0	0	0	0	0	0	0	0	7	0	0	0	0	0	6	5	6	3	0	0	5
1284.200	0	0	0	0	0	0	0	0	0	0	0	9	0	0	0	1	0	4	6	5	4	0	0	9
1284.400	0	0	0	0	0	0	0	0	0	0	0	7	0	0	0	1	0	10	5	6	5	0	0	12
1284.600	0	0	0	0	0	0	0	0	0	0	0	8	0	0	0	1	0	9	5	7	6	0	0	10
1284.800	0	0	0	0	0	0	0	0	0	0	0	8	0	0	0	1	0	13	6	6	3	0	0	10
1285.000	0	0	0	0	0	0	0	0	0	0	0	7	0	0	0	0	0	12	7	6	5	0	0	9
1285.200	0	0	0	0	0	0	0	0	0	0	0	9	0	0	0	0	0	12	9	3	3	0	0	5
1285.400	0	0	0	0	0	0	0	0	0	0	0	5	0	0	0	0	0	14	10	5	5	0	0	4
1285.600	0	0	0	0	0	0	0	0	0	0	0	5	0	0	0	1	0	15	8	7	8	0	0	8
1285.800	0	0	0	0	0	0	0	0	0	0	0	7	0	0	0	1	0	12	8	5	5	0	0	11
1286.000	0	0	0	0	0	0	0	0	0	0	0	9	0	0	0	1	0	8	9	6	3	0	0	10
1286.200	0	0	0	0	0	0	0	0	0	0	0	7	0	0	0	1	0	10	5	6	7	0	0	11
1286.400	0	0	0	0	0	0	0	0	0	0	0	10	0	0	0	1	0	5	8	4	4	0	0	11
1286.600	0	0	0	0	0	0	0	0	0	0	0	6	0	0	0	1	0	10	9	4	3	0	0	12
1286.800	0	0	0	0	0	0	0	0	0	0	0	8	0	0	0	1	0	10	9	6	4	0	0	14
1287.000	0	0	0	0	0	0	0	0	0	0	0	6	0	0	0	0	0	6	7	5	4	0	0	10
1287.200	0	0	0	0	0	0	0	0	0	0	0	11	0	0	0	1	0	12	9	6	3	0	0	7
1287.400	0	0	0	0	0	0	0	0	0	0	0	8	0	0	0	1	0	12	6	6	5	0	0	11
1287.600	0	0	0	0	0	0	0	0	0	0	0	8	0	0	0	1	2	15	9	6	4	0	0	10
1287.800	0	0	0	0	0	0	0	0	0	0	0	6	0	0	0	1	1	15	9	6	5	0	0	10
1288.000	0	0	0	0	0	0	0	0	0	0	0	10	0	0	0	1	0	12	9	6	3	0	0	9
1288.200	0	0	0	0	0	0	0	0	0	0	0	7	0	0	0	0	0	8	9	6	8	0	0	4
1288.400	0	0	0	0	0	0	0	0	0	0	0	10	0	0	0	1	0	14	7	6	10	0	0	8
1288.600	0	0	0	0	0	0	0	0	0	0	0	7	0	0	0	0	0	6	7	5	4	0	0	12
1288.800	0	0	0	0	0	0	0	0	0	0	0	7	0	0	0	0	0	7	8	6	8	0	0	9
1289.000	0	0	0	0	0	0	0	0	0	0	0	8	0	0	0	0	2	15	10	5	6	0	0	13
1289.200	0	0	0	0	0	0	0	0	0	0	0	9	0	0	0	0	0	7	9	6	5	0	0	11
1289.400	0	0	0	0	0	0	0	0	0	0	0	7	0	0	0	1	0	5	9	6	5	0	0	12
1289.600	0	0	0	0	0	0	0	0	0	0	0	8	0	0	0	0	2	10	8	6	10	0	0	12
1289.800	0	0	0	0	0	0	0	0	0	0	0	6	0	0	0	0	1	17	9	6	8	0	0	8
1290.000	0	0	0	0	0	0	0	0	0	0	0	7	0	0	0	0	0	12	9	6	4	0	0	14
1290.200	0	0	0	0	0	0	0	0	0	0	0	7	0	0	0	1	0	14	10	5	5	0	0	11
1290.400	0	0	0	0	0	0	0	0	0	0	0	7	0	0	0	1	0	11	10	2	6	0	0	10
1290.600	0	0	0	0	0	0	0	0	0	0	0	8	0	0	0	0	0	8	7	5	4	0	0	11
1290.800	0	0	0	0	0	0	0	0	0	0	0	9	0	0	0	0	0	6	10	2	5	0	0	10
1291.000	0	0	0	0	0	0	0	0	0	0	0	10	0	0	0	0	0	11	9	5	6	0	0	5
1291.200	0	0	0	0	0	0	0	0	0	0	0	8	0	0	0	0	0	5	10	6	8	0	0	10
1291.400	0	0	0	0	0	0	0	0	0	0	0	8	0	0	0	0	0	7	7	5	6	0	0	13
1291.600	0	0	0	0	0	0	0	0	0	0	0	11	0	0	0	1	0	6	7	5	9	0	0	10
1291.800	0	0	0	0	0	0	0	0	0	0	0	9	0	0	0	0	1	6	9	6	7	0	0	13
1292.000	0	0	0	0	0	0	0	0	0	0	0	8	0	0	0	1	0	7	8	6	5	0	0	15
1292.200	0	0	0	0	0	0	0	0	0	0	0	7	0	0	0	1	0	12	10	5	5	0	0	10
1292.400	0	0	0	0	0	0	0	0	0	0	0	9	0	0	0	0	0	9	9	5	3	0	0	9
1292.600	0	0	0	0	0	0	0	0	0	0	0	8	0	0	0	0	0	7	5	6	3	0	0	8
1292.800	0	0	0	0	0	0	0	0	0	0	0	8	0	0	0	1	0	14	9	5	6	0	0	14
1293.000	0	0	0	0	0	0	0	0	0	0	0	6	0	0	0	0	0	5	3	6	4	0	0	12
1293.200	0	0	0	0	0	0	0	0	0	0	0	6	0	0	0	0	0	8	9	5	5	0	0	12
1293.400	0	0	0	0	0	0	0	0	0	0	0	6	0	0	0	1	0	13	9	5	5	0	0	10
1293.600	0	0	0	0	0	0	0	0	0	0	0	5	0	0	0	1	0	13	9	6	10	0	0	15
1293.800	0	0	0	0	0	0	0	0	0	0	0	6	0	0	0	0	0	8	9	6	7	0	0	7
1294.000	0	0	0	0	0	0	0	0	0	0	0	6	0	0	0	0	0	11	8	6	6	0	0	13
1294.200	0	0	0	0	0	0	0	0	0	0	0	6	0	0	0	0	0	11	7	6	8	0	0	10
1294.400	0	0	0	0	0	0	0	0	0	0	0	8	0	0	0	1	1	9	7	3	8	0	0	13
1294.600	0	0	0	0	1	0	0	0	0	0	0	7	0	0	0	0	0	10	7	5	8	0	0	11
1294.800	0	0	0	0	0	0	0	0	0	0	0	6	0	0	0	1	2	15	10	5	10	0	0	11
1295.000	0	0	0	0	0	0	0	0	0	0	0	7	0	0	0	1	0	14	8	6	6	0	0	13
1295.200	0	0	0	0	0	0	0	0	0	0	0	9	0	0	0	0	0	10	8	6	9	0	0	14
1295.400	0	0	0	0	0	0	0	0	0	0	0	7	0	0	0	0	0	9	6	6	9	0	0	13
1295.600	0	0	0	0	0	0	0	0	0	0	0	8	0	0	0	0	0	8	9	5	6	0	0	10
1295.800	0	0	0	0	1	0	0	0	0	0	0	6	0	0	0	0	0	17	9	6	8	0	0	8
1296.000	0	0	0	0	1	0	0	0	0	0	0	8	0	0	0	0	0	6	10	6	6	0	0	6
1296.200	0	0	0	0	3	0	0	0	0	0	0	6	0	0	0	0	0	14	9	5	7	0	0	8
1296.400	0	0	0	0	0	0	0	0	0	0	0	7	0	0	0	0	0	11	9	5	7	0	0	12
1296.600	0	0	0	0	1	0	0	0	0	0	0	8	0	0	0	0	0	12	4	6	9	0	0	9
1296.800	0	0	0	0	1	0	0	0	0	0	0	6	0	0	0	0	0	1	6	6	8	0	0	9
1297.000	0	0	0	0	2	0	0	0	0	0	0	5	0	0	0	0	0	4	6	6	10	0	0	7
1297.200	0	0	0	0	1	0	0	0	0	0	0	7	0	0	0	0	0	8	7	6	11	0	0	12
1297.400	0	0	0	0	1	0	0	0	0	0	0	5	0	0	0	1	0	11	7	6	6	0	0	8
1297.600	0	0	0	0	1	0	0	0	0	0	0	7	0	0	0	0	0	13	9	6	8	0	0	12
1297.800	0	0	0	0	3	0	0	0	0	0	0	6	0	0	0	0	0	5	8	6	9	0	0	12
1298.000	0	0	0	0	3	0	0	0	0	0	0	5	0	0	0	0	0	4	9	6	2	0	0	9
1298.200	0	0	0	0	4	0	0	0	0	0	0	8	0	0	0	0	0	11	4	6	7	0	0	16
1298.400	0	0	0	0	3	0	0	0	0	0	0	8	0	0	0	0	0	7	8	5	4	0	0	11
1298.600	0	0	0	0	6	0	0	0	0	0	0	6	0	0	0	1	0	8	8	7	5	0	0	10
1298.800	0	0	0	0	3	0	0	0	0	0	0	8	0	0	0	0	0	7	8	5	8	0	0	6
1299.000	0	0	0	0	5	0	0	0	0	0	0	7	0	0	0	0	0	4	8	5	4	0	0	11
1299.200	0	0	0	0	4	0	0	0	0	0	0	3	0	0	0	0	0	6	8	5	8	0	0	5
1299.400	0	0	0	0	2	0	0	0	0	0	0	6	0	0	0	0	0	4	6	4	9	0	0	10
1299.600	0	0	0	0	2	0	0	0	0	0	0	4	0	0	0	0	0	4	8	5	5	0	0	17
1299.800	0	0	0	0	0	0	0	0	0	0	0	8	0	0	0	0	0	1	5	6	5	0	0	7
1300.000	0	0	0	0	0	0	0	0	0	0	0	7	0	0	0	0	0	0	8	5	7	0	0	9
1300.200	0	0	0	0	0	0	0	0	0	0	0	6	0	0	0	0	0	7	8	6	8	0	0	11
1300.400	0	0	0	0	4	0	0	0	0	0	0	7	0	0	0	0	0	6	6	6	9	0	0	10
1300.600	0	0	0	0	3	0	0	0	0	0	0	5	0	0	0	0	0	8	9	6	6	0	0	8
1300.800	0	0	0	0	2	0	0	0	0	0	0	7	0	0	0	0	0	0	7	6	6	0	0	10
1301.000	0	0	0	0	2	0	0	0	0	0	0	8	0	0	0	1	0	9	10	5	8	0	0	10
1301.200	0	0	0	0	3	0	0	0	0	0	0	4	0	0	0	1	0	4	9	5	9	0	0	9
1301.400	0	0	0	0	0	0	0	0	0	0	0	5	0	0	0	0	0	0	8	5	6	0	0	8
1301.600	0	0	0	0	0	0	0	0	0	0	0	5	0	0	0	1	0	7	6	4	6	0	0	12
1301.800	0	0	0	0	0	0	0	0	0	0	0	10	0	0	0	0	0	11	10	5	10	0	0	9
1302.000	0	0	0	0	0	0	0	0	0	0	0	8	0	0	0	0	0	4	6	4	9	0	0	14
1302.200	0	0	0	0	0	0	0	0	0	0	0	4	0	0	0	0	0	12	8	3	7	0	0	15
1302.400	0	0	0	0	0	0	0	0	0	0	0	5	0	0	0	0	0	12	8	6	9	0	0	15
1302.600	0	0	0	0	0	0	0	0	0	0	0	6	0	0	0	0	0	11	9	6	10	0	0	13
1302.800	0	0	0	0	0	0	0	0	0	0	0	7	0	0	0	0	0	9	6	5	3	0	0	9
1303.000	0	0	0	0	0	0	0	0	0	0	0	4	0	0	0	1	0	15	9	3	4	0	0	6
1303.200	0	0	0	0	0	0	0	0	0	0	0	7	0	0	0	1	0	1	5	5	7	0	0	7
1303.400	0	0	0	0	0	0	0	0	0	0	0	9	0	0	0	0	0	5	9	5	5	0	0	10
1303.600	0	0	0	0	0	0	0	0	0	0	0	7	0	0	0	1	0	13	9	5	6	0	0	7
1303.800	0	0	0	0	1	0	0	0	0	0	0	10	0	0	0	0	0	10	9	5	10	0	0	5
1304.000	0	0	0	0	0	0	0	0	0	0	0	10	0	0	0	0	0	7	7	5	7	0	0	6
1304.200	0	0	0	0	0	0	0	0	0	0	0	8	0	0	0	0	0	8	7	6	11	0	0	8
1304.400	0	0	0	0	0	0	0	0	0	1	0	5	0	0	0	1	0	14	10	5	8	0	0	7
1304.600	0	0	0	0	0	0	0	0	0	0	0	7	0	0	0	1	0	7	10	4	5	0	0	11
1304.800	0	0	0	0	0	0	0	0	0	0	0	6	0	0	0	0	0	12	9	6	6	0	0	10
1305.000	0	0	0	0	1	0	0	0	0	0	0	6	0	0	0	0	0	8	4	6	8	0	0	13
1305.200	0	0	0	0	1	0	0	0	0	0	0	9	0	0	0	0	0	8	8	5	7	0	0	6
1305.400	0	0	0	0	2	0	0	0	0	0	0	5	0	0	0	1	0	12	8	5	6	0	0	7
1305.600	0	0	0	0	2	0	0	0	0	0	0	6	0	0	0	0	0	5	6	6	6	0	0	7
1305.800	0	0	0	0	2	0	0	0	0	0	0	4	0	0	0	0	0	6	9	6	5	0	0	10
1306.000	0	0	0	0	1	0	0	0	0	0	0	6	0	0	0	0	0	9	8	5	8	0	0	15
1306.200	0	0	0	0	0	0	0	0	0	0	0	4	0	0	0	0	0	12	9	5	5	0	0	15
1306.400	0	0	0	0	0	0	0	0	0	0	0	8	0	0	0	0	0	9	9	5	8	0	0	10
1306.600	0	0	0	0	0	0	0	0	0	0	0	5	0	0	0	0	0	12	7	6	11	0	0	5
1306.800	0	0	0	0	0	0	0	0	0	0	0	8	0	0	0	0	0	9	8	6	8	0	0	10
1307.000	0	0	0	0	0	0	0	0	0	0	0	9	0	0	0	1	0	11	5	6	3	0	0	9
1307.200	0	0	0	0	0	0	0	0	0	0	0	8	0	0	0	0	0	5	5	6	10	0	0	7
1307.400	0	0	0	0	1	0	0	0	0	0	0	7	0	0	0	0	0	13	8	6	10	0	0	12
1307.600	0	0	0	0	1	0	0	0	0	0	0	7	0	0	0	0	0	10	5	6	10	0	0	8
1307.800	0	0	0	0	1	0	0	0	0	0	0	8	0	0	0	0	0	10	6	6	9	0	0	11
1308.000	0	0	0	0	0	0	0	0	0	0	0	8	0	0	0	0	0	7	5	6	8	0	0	15
1308.200	0	0	0	0	2	0	0	0	0	0	0	7	0	0	0	1	0	10	4	5	9	0	0	11
1308.400	0	0	0	0	2	0	0	0	0	0	0	8	0	0	0	0	0	15	5	6	6	0	0	14
1308.600	0	0	0	0	1	0	0	0	0	0	0	8	0	0	0	0	0	13	5	6	8	0	0	8
1308.800	0	0	0	0	0	0	0	0	0	0	0	8	0	0	0	0	0	8	5	6	3	0	0	7
1309.000	0	0	0	0	1	0	0	0	0	0	0	10	0	0	0	0	0	8	11	4	8	0	0	10
1309.200	0	0	0	0	0	0	0	0	0	0	0	9	0	0	0	0	0	4	9	6	11	0	0	8
1309.400	0	0	0	0	0	0	0	0	0	0	0	6	0	0	0	1	0	11	6	7	8	0	0	9
1309.600	0	0	0	0	0	0	0	0	0	0	0	8	0	0	0	1	0	15	7	6	6	0	0	13
1309.800	0	0	0	0	0	0	0	0	0	0	0	7	0	0	0	0	0	15	6	6	7	0	0	7
1310.000	0	0	0	0	0	0	0	0	0	0	0	3	0	0	0	0	0	7	6	6	4	0	0	6
1310.200	0	0	0	0	0	0	0	0	0	0	0	4	0	0	0	0	0	10	6	6	11	0	0	8
1310.400	0	0	0	0	0	0	0	0	0	0	0	4	0	0	0	1	0	3	6	7	8	0	0	8
1310.600	0	0	0	0	0	0	0	0	0	0	0	6	0	0	0	0	0	2	7	5	6	0	0	8
1310.800	0	0	0	0	0	0	0	0	0	0	0	4	0	0	0	0	0	8	6	5	9	0	0	4
1311.000	0	0	0	0	0	0	0	0	0	0	0	3	0	0	0	0	0	11	6	6	10	0	0	8
1311.200	0	0	0	0	0	0	0	0	0	0	0	4	0	0	0	0	0	9	8	6	6	0	0	5
1311.400	0	0	0	0	0	0	0	0	0	0	0	10	0	0	0	0	0	10	8	4	9	0	0	4
1311.600	0	0	0	0	0	0	0	0	0	0	0	3	0	0	0	0	0	11	6	6	9	0	0	8
1311.800	0	0	0	0	0	0	0	0	0	0	0	9	0	0	0	0	0	11	4	6	9	0	0	5
1312.000	0	0	0	0	0	0	0	0	0	0	0	3	0	0	0	0	0	11	3	6	9	0	0	6
1312.200	0	0	0	0	0	0	0	0	0	0	0	5	0	0	0	0	0	6	6	6	8	0	0	5
1312.400	0	0	0	0	0	0	0	0	0	0	0	5	0	0	0	0	0	10	6	6	10	0	0	8
1312.600	0	0	0	0	0	0	0	0	0	0	0	8	0	0	0	0	0	8	7	6	4	0	0	6
1312.800	0	0	0	0	0	0	0	0	0	0	0	7	0	0	0	0	0	12	7	6	4	0	0	6
1313.000	0	0	0	0	0	0	0	0	0	0	0	7	0	0	0	0	0	10	7	5	6	0	0	6
1313.200	0	0	0	0	0	0	0	0	0	0	0	8	0	0	0	0	1	16	6	5	11	0	0	10
1313.400	0	0	0	0	0	0	0	0	0	0	0	7	0	0	0	0	0	7	6	4	8	0	0	5
1313.600	0	0	0	0	0	0	0	0	0	0	0	3	0	0	0	0	0	10	7	4	4	0	0	10
1313.800	0	0	0	0	0	0	0	0	0	0	0	3	0	0	0	1	0	8	8	5	6	0	0	6
1314.000	0	0	0	0	0	0	0	0	0	0	0	8	0	0	0	0	0	12	7	6	6	0	0	5
1314.200	0	0	0	0	0	0	0	0	0	0	0	10	0	0	0	0	0	7	6	5	6	0	0	6
1314.400	0	0	0	0	0	0	0	0	0	0	0	7	0	0	0	1	0	7	7	6	9	0	0	5
1314.600	0	0	0	0	0	0	0	0	0	0	0	9	0	0	0	0	0	13	7	5	12	0	0	7
1314.800	0	0	0	0	0	0	0	0	0	0	0	6	0	0	0	0	0	11	8	7	8	0	0	4
1315.000	0	0	0	0	0	0	0	0	0	0	0	8	0	0	0	0	0	13	6	7	9	0	0	5
1315.200	0	0	0	0	0	0	0	0	0	0	0	6	0	0	0	1	0	8	6	6	8	0	0	8
1315.400	0	0	0	0	0	0	0	0	0	0	0	3	0	0	0	1	0	10	7	5	7	0	0	4
1315.600	0	0	0	0	1	0	0	0	0	0	0	4	0	0	0	0	0	10	7	4	9	0	0	6
1315.800	0	0	0	0	0	0	0	0	0	0	0	2	0	0	0	0	0	12	7	6	11	0	0	6
1316.000	0	0	0	0	1	0	0	0	0	0	0	1	0	0	0	0	0	11	6	6	8	0	0	6
1316.200	0	0	0	0	2	0	0	0	0	0	0	4	0	0	0	0	0	10	5	6	10	0	0	5
1316.400	0	0	0	0	1	0	0	0	0	0	0	3	0	0	0	0	0	8	9	7	2	0	0	4
1316.600	0	0	0	0	0	0	0	0	0	0	0	6	0	0	0	0	0	11	9	5	5	0	0	2
1316.800	0	0	0	0	0	0	0	0	0	0	0	9	0	0	0	0	0	15	9	5	5	0	0	2
1317.000	0	0	0	0	4	0	0	0	0	0	0	8	0	0	0	0	0	10	5	6	3	0	0	2
1317.200	0	0	0	0	7	0	0	0	0	0	0	6	0	0	0	0	0	17	10	5	4	0	0	2
1317.400	0	0	0	0	5	0	0	0	0	0	0	5	0	0	0	0	0	10	7	6	4	0	0	2
1317.600	0	0	0	0	7	0	0	0	0	0	0	0	0	0	0	1	0	12	10	5	5	0	0	4
1317.800	0	0	0	0	5	0	0	0	0	0	0	6	0	0	0	0	0	5	9	4	5	0	0	5
1318.000	0	0	0	0	4	0	0	0	0	0	0	7	0	0	0	0	0	7	10	5	7	0	0	6
1318.200	0	0	0	0	3	0	0	0	0	0	0	2	0	0	0	0	0	11	8	5	6	0	0	6
1318.400	0	0	0	0	4	0	0	0	0	0	0	2	0	0	0	0	0	12	8	4	3	0	0	6
1318.600	0	0	0	0	4	0	0	0	0	0	0	4	0	0	0	0	0	11	8	5	6	0	0	10
1318.800	0	0	0	0	4	0	0	0	0	0	0	3	0	0	0	0	0	15	9	5	7	0	0	6
1319.000	0	0	0	0	3	0	0	0	0	0	0	2	0	0	0	0	0	8	11	5	4	0	0	6
1319.200	0	0	0	0	1	0	0	0	0	0	0	6	0	0	0	0	0	10	7	5	6	0	0	7
1319.400	0	0	0	0	1	0	0	0	0	0	0	3	0	0	0	0	0	8	10	6	7	0	0	6
1319.600	0	0	0	0	0	0	0	0	0	0	0	0	0	0	0	0	0	13	9	6	5	0	0	6
1319.800	0	0	0	0	2	0	0	0	0	0	0	5	0	0	0	0	0	7	8	6	9	0	0	6
1320.000	0	0	0	0	0	0	0	0	0	0	0	6	0	0	0	0	0	3	4	6	11	0	0	5
1320.200	0	0	0	0	5	0	0	0	0	0	0	7	0	0	0	1	0	5	9	4	7	0	0	3
1320.400	0	0	0	0	4	0	0	0	0	0	0	8	0	0	0	0	0	9	9	2	6	0	0	2
1320.600	0	0	0	0	0	0	0	0	0	0	0	8	0	0	0	0	0	12	5	5	6	0	0	0
1320.800	0	0	0	0	4	0	0	0	0	0	0	3	0	0	0	0	0	14	7	4	7	0	0	9
1321.000	0	0	0	0	5	0	0	0	0	0	0	2	0	0	0	0	0	6	8	6	4	0	0	6
1321.200	0	0	0	0	3	0	0	0	0	0	0	2	0	0	0	0	0	1	6	6	9	0	0	8
1321.400	0	0	0	0	4	0	0	0	0	0	0	0	0	0	0	0	0	8	8	6	4	0	0	6
1321.600	0	0	0	0	4	0	0	0	0	0	0	5	0	0	0	0	0	10	8	5	9	0	0	9
1321.800	0	0	0	0	9	0	0	0	0	0	0	3	0	0	0	0	0	6	7	3	8	0	0	10
1322.000	0	0	0	0	4	0	0	0	0	0	0	1	0	0	0	0	0	11	8	6	10	0	0	8
1322.200	0	0	0	0	4	0	0	0	0	0	0	2	0	0	0	0	0	7	11	4	7	0	0	3
1322.400	0	0	0	0	3	0	0	0	0	0	0	0	0	0	0	0	0	10	4	6	9	0	0	6
1322.600	0	0	0	0	4	0	0	0	0	0	0	2	0	0	0	0	0	12	6	6	9	0	0	6
1322.800	0	0	0	0	4	0	0	0	0	0	0	0	0	0	0	0	0	5	6	6	4	0	0	6
1323.000	0	0	0	0	6	0	0	0	0	0	0	1	0	0	0	0	0	3	6	6	9	0	0	7
1323.200	0	0	0	0	4	0	0	0	0	0	0	0	0	0	0	0	0	1	7	5	5	0	0	6
1323.400	0	0	0	0	5	0	0	0	0	0	0	0	0	0	0	0	0	6	7	5	5	0	0	7
1323.600	0	0	0	0	11	0	0	0	0	0	0	0	0	0	0	0	0	11	10	4	8	0	0	6
1323.800	0	0	0	0	9	0	0	0	0	0	0	0	0	0	0	0	0	6	7	5	5	0	0	6
1324.000	0	0	0	0	10	0	0	0	0	0	0	0	0	0	0	0	0	9	8	6	8	0	0	6
1324.200	0	0	0	0	8	0	0	0	0	0	0	0	0	0	0	0	0	7	8	6	7	0	0	5
1324.400	0	0	0	0	10	0	0	0	0	0	0	0	0	0	0	0	0	8	8	4	9	0	0	5
1324.600	0	0	0	0	9	0	0	0	0	0	0	0	0	0	0	0	0	13	8	6	6	0	0	5
1324.800	0	0	0	0	10	0	0	0	0	0	0	0	0	0	0	0	0	13	5	6	9	0	0	6
1325.000	0	0	0	0	12	0	0	0	0	0	0	0	0	0	0	0	0	9	8	6	7	0	0	5
1325.200	0	0	0	0	2	0	0	0	0	0	0	0	0	0	0	1	0	9	4	6	6	0	0	10
1325.400	0	0	0	0	5	0	0	0	0	0	0	0	0	0	0	0	0	13	8	4	5	0	0	7
1325.600	0	0	0	0	2	0	0	0	0	0	0	0	0	0	0	0	0	17	11	5	4	0	0	9
1325.800	0	0	0	0	6	0	0	0	0	0	0	0	0	0	0	0	0	12	7	5	4	0	0	7
1326.000	0	0	0	0	5	0	0	0	0	0	0	0	0	0	0	0	0	9	7	6	6	0	0	6
1326.200	0	0	0	0	7	0	0	0	0	0	0	0	0	0	0	0	0	4	5	3	5	0	0	9
1326.400	0	0	0	0	2	0	0	0	0	0	0	0	0	0	0	1	0	8	7	5	7	0	0	9
1326.600	0	0	0	0	0	0	0	0	0	0	0	0	0	0	0	0	0	12	10	6	7	0	0	11
1326.800	0	0	0	0	2	0	0	0	0	0	0	5	0	0	0	0	0	13	4	6	8	0	0	6
1327.000	0	0	0	0	1	0	0	0	0	0	0	1	0	0	0	1	0	10	4	8	8	0	0	7
1327.200	0	0	0	0	1	0	0	0	0	0	0	7	0	0	0	1	0	13	6	6	9	0	0	6
1327.400	0	0	0	0	1	0	0	0	0	0	0	5	0	0	0	1	0	4	5	8	8	0	0	6
1327.600	0	0	0	0	0	0	0	0	0	0	0	6	0	0	0	0	0	8	4	5	5	0	0	8
1327.800	0	0	0	0	1	0	0	0	0	0	0	5	0	0	0	0	0	9	5	6	8	0	0	5
1328.000	0	0	0	0	0	0	0	0	0	0	0	4	0	0	0	0	0	1	5	6	8	0	0	6
1328.200	0	0	0	0	0	0	0	0	0	0	0	4	0	0	0	0	0	14	6	6	7	0	0	6
1328.400	0	0	0	0	0	0	0	0	0	0	0	4	0	0	0	1	0	15	9	7	8	0	0	3
1328.600	0	0	0	0	0	0	0	0	0	0	0	4	0	0	0	0	0	9	5	6	9	0	0	5
1328.800	0	0	0	0	1	0	0	0	0	0	0	4	0	0	0	0	0	13	5	6	5	0	0	6
1329.000	0	0	0	0	1	0	0	0	0	0	0	5	0	0	0	0	0	13	5	6	5	0	0	6
1329.200	0	0	0	0	1	0	0	0	0	0	0	5	0	0	0	0	0	15	4	8	7	0	0	6
1329.400	0	0	0	0	2	0	0	0	0	0	0	5	0	0	0	0	0	12	5	6	9	0	0	6
1329.600	0	0	0	0	1	0	0	0	0	0	0	7	0	0	0	0	0	9	4	6	10	0	0	7
1329.800	0	0	0	0	1	0	0	0	0	0	0	4	0	0	0	0	0	15	6	6	10	0	0	10
1330.000	0	0	0	0	3	0	0	0	0	0	0	5	0	0	0	0	0	13	6	6	11	0	0	7
1330.200	0	0	0	0	1	0	0	0	0	0	0	6	0	0	0	0	0	10	5	6	7	0	0	6
1330.400	0	0	0	0	0	0	0	0	0	0	0	6	0	0	0	0	0	13	4	6	7	0	0	7
1330.600	0	0	0	0	0	0	0	0	0	0	0	5	0	0	0	0	0	8	3	6	10	0	0	8
1330.800	0	0	0	0	0	0	0	0	0	0	0	1	0	0	0	0	0	17	8	6	10	0	0	7
1331.000	0	0	0	0	0	0	0	0	0	0	0	5	0	0	0	0	0	13	5	6	6	0	0	7
1331.200	0	0	0	0	0	0	0	0	0	0	0	3	0	0	0	0	0	13	6	6	11	0	0	6
1331.400	0	0	0	0	0	0	0	0	0	0	0	4	0	0	0	0	0	12	5	6	10	0	0	5
1331.600	0	0	0	0	0	0	0	0	0	0	0	8	0	0	0	0	0	14	4	6	9	0	0	10
1331.800	0	0	0	0	0	0	0	0	0	0	0	8	0	0	0	0	0	14	4	6	13	0	0	8
1332.000	0	0	0	0	0	0	0	0	0	0	0	0	0	0	0	0	0	10	7	6	4	0	0	6
1332.200	0	0	0	0	1	0	0	0	0	0	0	0	0	0	0	0	0	12	4	6	4	0	0	11
1332.400	0	0	0	0	0	0	0	0	0	0	0	0	0	0	0	0	0	16	8	6	5	0	0	8
1332.600	0	0	0	0	5	0	0	0	0	0	0	0	0	0	0	0	0	16	5	9	7	0	0	5
1332.800	0	0	0	0	5	0	0	0	0	0	0	0	0	0	0	0	0	13	6	8	10	0	0	9
1333.000	0	0	0	0	4	0	0	0	0	0	0	0	0	0	0	0	0	7	5	6	10	0	0	10
1333.200	0	0	0	0	6	0	0	0	0	0	0	0	0	0	0	0	0	16	6	7	6	0	0	12
1333.400	0	0	0	0	2	0	0	0	0	0	0	0	0	0	0	0	0	12	7	6	8	0	0	6
1333.600	0	0	0	0	2	0	0	0	0	0	0	0	0	0	0	0	0	6	5	6	10	0	0	5
1333.800	0	0	0	0	4	0	0	0	0	0	0	0	0	0	0	0	0	10	4	6	8	0	0	5
1334.000	0	0	0	0	1	0	0	0	0	0	0	0	0	0	0	0	0	16	7	7	10	0	0	12
1334.200	0	0	0	0	0	0	0	0	0	0	0	0	0	0	0	0	0	13	4	6	5	0	0	6
1334.400	0	0	0	0	0	0	0	0	0	0	0	0	0	0	0	1	0	10	8	5	7	0	0	6
1334.600	0	0	0	0	1	0	0	0	0	0	0	0	0	0	0	0	0	8	6	4	6	0	0	7
1334.800	0	0	0	0	1	0	0	0	0	0	0	0	0	0	0	0	0	11	8	5	6	0	0	6
1335.000	0	0	0	0	0	0	0	0	0	0	0	0	0	0	0	0	0	3	7	4	6	0	0	5
1335.200	0	0	0	0	1	0	0	0	0	0	0	0	0	0	0	0	0	2	9	5	4	0	0	7
1335.400	0	0	0	0	1	0	0	0	0	0	0	0	0	0	0	0	0	10	6	5	6	0	0	6
1335.600	0	0	0	0	1	0	0	0	0	0	0	0	0	0	0	0	0	14	7	5	7	0	0	5
1335.800	0	0	0	0	4	0	0	0	0	0	0	0	0	0	0	0	0	12	8	5	5	0	0	6
1336.000	0	0	0	0	0	0	0	0	0	0	0	0	0	0	0	0	0	10	9	5	5	0	0	8
1336.200	0	0	0	0	6	0	0	0	0	0	0	0	0	0	0	0	0	8	7	6	5	0	0	5
1336.400	0	0	0	0	6	0	0	0	0	0	0	0	0	0	0	0	0	8	6	5	6	0	0	7
1336.600	0	0	0	0	2	0	0	0	0	0	0	0	0	0	0	0	0	12	5	4	2	0	0	8
1336.800	0	0	0	0	2	0	0	0	0	0	0	1	0	0	0	0	0	8	9	5	7	0	0	8
1337.000	0	0	0	0	4	0	0	0	0	0	0	0	0	0	0	0	0	13	7	4	3	0	0	9
1337.200	0	0	0	0	6	0	0	0	0	0	0	0	0	0	0	0	0	9	7	5	4	0	0	11
1337.400	0	0	0	0	0	0	0	0	0	0	0	0	0	0	0	1	0	10	8	5	4	0	0	10
1337.600	0	0	0	0	0	0	0	0	0	0	0	0	0	0	0	0	0	9	8	6	3	0	0	10
1337.800	0	0	0	0	0	0	0	0	0	0	0	0	0	0	0	0	0	10	7	5	5	0	0	11
1338.000	0	0	0	0	0	0	0	0	0	0	0	0	0	0	0	1	1	14	9	7	6	0	0	10
1338.200	0	0	0	0	0	0	0	0	0	0	0	0	0	0	0	0	0	16	7	6	5	0	0	7
1338.400	0	0	0	0	0	0	0	0	0	0	0	0	0	0	0	1	1	7	4	6	2	0	0	10
1338.600	0	0	0	0	0	0	0	0	0	0	0	0	0	0	0	0	0	5	4	6	2	0	0	4
1338.800	0	0	0	0	0	0	0	0	0	0	0	0	0	0	0	0	0	9	6	6	6	0	0	5
1339.000	0	0	0	0	0	0	0	0	0	0	0	0	0	0	0	0	0	11	7	6	9	0	0	4
1339.200	0	0	0	0	0	0	0	0	0	0	0	0	0	0	0	0	0	6	4	6	7	0	0	6
1339.400	0	0	0	0	0	0	0	0	0	0	0	0	0	0	0	0	0	12	6	6	8	0	0	6
1339.600	0	0	0	0	0	0	0	0	0	0	0	0	0	0	0	0	0	13	5	6	7	0	0	6
1339.800	0	0	0	0	0	0	0	0	0	0	0	0	0	0	0	0	0	9	4	6	7	0	0	9
1340.000	0	0	0	0	0	0	0	0	0	0	0	0	0	0	0	1	0	12	5	6	7	0	0	4
1340.200	0	0	0	0	0	0	0	0	0	0	0	0	0	0	0	0	0	9	7	6	6	0	0	6
1340.400	0	0	0	0	0	0	0	0	0	0	0	0	0	0	0	1	0	14	4	6	5	0	0	8
1340.600	0	0	0	0	0	0	0	0	0	0	0	0	0	0	0	0	0	14	5	6	5	0	0	7
1340.800	0	0	0	0	0	0	0	0	0	0	0	0	0	0	0	0	0	14	5	6	5	0	0	8
1341.000	0	0	0	0	0	0	0	0	0	0	0	0	0	0	0	0	0	14	7	6	7	0	0	6
1341.200	0	0	0	0	0	0	0	0	0	0	0	0	0	0	0	0	0	16	6	7	8	0	0	6
1341.400	0	0	0	0	0	0	0	0	0	0	0	0	0	0	0	0	0	14	6	6	8	0	0	6
1341.600	0	0	0	0	0	0	0	0	0	0	0	0	0	0	0	0	0	13	7	6	8	0	0	8
1341.800	0	0	0	0	0	0	0	0	0	0	0	0	0	0	0	0	0	11	8	6	2	0	0	6
1342.000	0	0	0	0	0	0	0	0	0	0	0	0	0	0	0	0	0	10	7	6	10	0	0	5
1342.200	0	0	0	0	0	0	0	0	0	0	0	0	0	0	0	0	0	9	4	6	8	0	0	8
1342.400	0	0	0	0	0	0	0	0	0	0	0	0	0	0	0	0	0	15	6	7	9	0	0	6
1342.600	0	0	0	0	0	0	0	0	0	0	0	0	0	0	0	0	0	11	9	7	6	0	0	9
1342.800	0	0	0	0	0	0	0	0	0	0	0	0	0	0	0	0	0	6	7	5	5	0	0	9
1343.000	0	0	0	0	0	0	0	0	0	0	0	0	0	0	0	1	0	12	7	6	2	0	0	6
1343.200	0	0	0	0	0	0	0	0	0	0	0	0	0	0	0	0	0	15	7	5	4	0	0	7
1343.400	0	0	0	0	0	0	0	0	0	0	0	0	0	0	0	0	0	4	6	6	9	0	0	2
1343.600	0	0	0	0	0	0	0	0	0	0	0	0	0	0	0	0	0	8	4	6	7	0	0	5
1343.800	0	0	0	0	0	0	0	0	0	0	0	0	0	0	0	0	0	15	7	6	6	0	0	9
1344.000	0	0	0	0	0	0	0	0	0	0	0	0	0	0	0	1	0	11	4	6	8	0	0	6
1344.200	0	0	0	0	0	0	0	0	0	0	0	0	0	0	0	0	0	12	9	6	8	0	0	5
1344.400	0	0	0	0	0	0	0	0	0	0	0	0	0	0	0	0	0	16	6	6	4	0	0	6
1344.600	0	0	0	0	0	0	0	0	0	0	0	0	0	0	0	0	1	14	6	6	6	0	0	7
1344.800	0	0	0	0	0	0	0	0	0	0	0	0	0	0	0	1	0	9	8	6	9	0	0	5
1345.000	0	0	0	0	0	0	0	0	0	0	0	0	0	0	0	0	0	6	5	8	5	0	0	8
1345.200	0	0	0	0	0	0	0	0	0	0	0	0	0	0	0	0	0	9	4	6	6	0	0	7
1345.400	0	0	0	0	0	0	0	0	0	0	0	0	0	0	0	0	0	14	5	7	8	0	0	6
1345.600	0	0	0	0	0	0	0	0	0	0	0	0	0	0	0	0	0	16	5	6	8	0	0	6
1345.800	0	0	0	0	0	0	0	0	0	0	0	0	0	0	0	0	0	17	6	6	5	0	0	5
1346.000	0	0	0	0	0	0	0	0	0	0	0	0	0	0	0	0	0	12	5	6	9	0	0	0
1346.200	0	0	0	0	0	0	0	0	0	0	0	0	0	0	0	0	0	13	7	6	4	0	0	11
1346.400	0	0	0	0	0	0	0	0	0	0	0	0	0	0	0	0	0	13	7	5	5	0	0	8
1346.600	0	0	0	0	0	0	0	0	0	0	0	0	0	0	0	0	0	7	5	6	7	0	0	11
1346.800	0	0	0	0	0	0	0	0	0	0	0	0	0	0	0	0	0	14	9	6	5	0	0	12
1347.000	0	0	0	0	0	0	0	0	0	0	0	0	0	0	0	0	0	12	9	6	6	0	0	6
1347.200	0	0	0	0	0	0	0	0	0	0	0	0	0	0	0	0	0	8	8	6	6	0	0	9
1347.400	0	0	0	0	0	0	0	0	0	0	0	0	0	0	0	0	0	16	6	7	6	0	0	6
1347.600	0	0	0	0	0	0	0	0	0	0	0	0	0	0	0	1	0	9	4	6	7	0	0	3
1347.800	0	0	0	0	0	0	0	0	0	0	0	0	0	0	0	1	0	12	4	6	3	0	0	3
1348.000	0	0	0	0	0	0	0	0	0	0	0	0	0	0	0	0	0	12	5	6	8	0	0	3
1348.200	0	0	0	0	0	0	0	0	0	0	0	0	0	0	0	0	0	12	7	6	4	0	0	2
1348.400	0	0	0	0	0	0	0	0	0	0	0	0	0	0	0	1	0	15	8	7	9	0	0	0
1348.600	0	0	0	0	0	0	0	0	0	0	0	0	0	0	0	0	0	11	9	6	5	0	0	7
1348.800	0	0	0	0	0	0	0	0	0	0	0	0	0	0	0	0	0	12	8	7	9	0	0	6
1349.000	0	0	0	0	0	0	0	0	0	0	0	0	0	0	0	0	0	7	5	6	7	0	0	11
1349.200	0	0	0	0	0	0	0	0	0	0	0	0	0	0	0	1	0	13	6	6	5	0	0	6
1349.400	0	0	0	0	0	0	0	0	0	0	0	0	0	0	0	0	0	5	8	6	5	0	0	5
1349.600	0	0	0	0	0	0	0	0	0	0	0	0	0	0	0	1	0	12	6	6	6	0	0	7
1349.800	0	0	0	0	0	0	0	0	0	0	0	0	0	0	0	1	0	7	5	6	10	0	0	3
1350.000	0	0	0	0	0	0	0	0	0	0	0	0	0	0	0	0	0	9	6	7	6	0	0	2
1350.200	0	0	0	0	0	0	0	0	0	0	0	0	0	0	0	0	0	8	9	5	4	0	0	7
1350.400	0	0	0	0	0	0	0	0	0	0	0	0	0	0	0	0	0	15	8	6	6	0	0	10
1350.600	0	0	0	0	0	0	0	0	0	0	0	0	0	0	0	0	0	8	5	5	5	0	0	12
1350.800	0	0	0	0	0	0	0	0	0	0	0	0	0	0	0	0	0	9	10	4	10	0	0	9
1351.000	0	0	0	0	0	0	0	0	0	0	0	0	0	0	0	0	0	13	9	6	4	0	0	7
1351.200	0	0	0	0	0	0	0	0	0	0	0	0	0	0	0	0	0	18	7	5	5	0	0	10
1351.400	0	0	0	0	0	0	0	0	0	0	0	0	0	0	0	0	0	12	8	6	4	0	0	7
1351.600	0	0	0	0	0	0	0	0	0	0	0	0	0	0	0	1	0	8	9	6	6	0	0	8
1351.800	0	0	0	0	0	0	0	0	0	0	0	0	0	0	0	0	0	10	6	6	6	0	0	5
1352.000	0	0	0	0	0	0	0	0	0	0	0	0	0	0	0	0	0	14	7	7	7	0	0	6
1352.200	0	0	0	0	0	0	0	0	0	0	0	0	0	0	0	0	0	16	7	5	6	0	0	5
1352.400	0	0	0	0	0	0	0	0	0	0	0	0	0	0	0	0	0	10	5	7	6	0	0	10
1352.600	0	0	0	0	0	0	0	0	0	0	0	0	0	0	0	0	0	9	4	6	4	0	0	6
1352.800	0	0	0	0	2	0	0	0	0	0	0	0	0	0	0	0	0	13	7	6	10	0	0	6
1353.000	0	0	0	0	5	0	0	0	0	0	0	0	0	0	0	0	0	6	4	6	9	0	0	5
1353.200	0	0	0	0	4	0	0	0	0	0	0	0	0	0	0	0	0	5	7	6	2	0	0	7
1353.400	0	0	0	0	2	0	0	0	0	0	0	0	0	0	0	0	0	12	9	5	5	0	0	4
1353.600	0	0	0	0	1	0	0	0	0	0	0	0	0	0	0	0	0	8	9	5	7	0	0	10
1353.800	0	0	0	0	2	0	0	0	0	0	0	0	0	0	0	0	0	8	8	6	5	0	0	6
1354.000	0	0	0	0	6	0	0	0	0	0	0	0	0	0	0	0	0	15	10	5	7	0	0	7
1354.200	0	0	0	0	5	0	0	0	0	0	0	0	0	0	0	0	0	12	9	5	7	0	0	11
1354.400	0	0	0	0	5	0	0	0	0	0	0	0	0	0	0	1	0	9	6	6	11	0	0	0
1354.600	0	0	0	0	4	0	0	0	0	0	0	0	0	0	0	1	0	12	9	5	7	0	0	6
1354.800	0	0	0	0	5	0	0	0	0	0	0	0	0	0	0	0	0	11	7	5	7	0	0	8
1355.000	0	0	0	0	5	0	0	0	0	0	0	0	0	0	0	0	0	14	4	5	6	0	0	7
1355.200	0	0	0	0	5	0	0	0	0	0	0	0	0	0	0	0	0	11	8	6	10	0	0	8
1355.400	0	0	0	0	5	0	0	0	0	0	0	0	0	0	0	0	0	12	7	6	11	0	0	8
1355.600	0	0	0	0	2	0	0	0	0	0	0	0	0	0	0	0	0	11	10	5	6	0	0	8
1355.800	0	0	0	0	5	0	0	0	0	0	0	0	0	0	0	0	0	4	8	6	6	0	0	8
1356.000	0	0	0	0	4	0	0	0	0	0	0	0	0	0	0	0	0	11	9	6	9	0	0	10
1356.200	0	0	0	0	5	0	0	0	0	0	0	0	0	0	0	0	0	10	5	6	5	0	0	7
1356.400	0	0	0	0	5	0	0	0	0	0	0	0	0	0	0	0	0	9	4	6	7	0	0	7
1356.600	0	0	0	0	3	0	0	0	0	0	0	0	0	0	0	0	0	7	8	5	2	0	0	6
1356.800	0	0	0	0	4	0	0	0	0	0	0	0	0	0	0	0	0	12	8	6	4	0	0	9
1357.000	0	0	0	0	3	0	0	0	0	0	0	0	0	0	0	0	0	15	10	5	7	0	0	12
1357.200	0	0	0	0	4	0	0	0	0	0	0	0	0	0	0	0	0	13	8	3	4	0	0	7
1357.400	0	0	0	0	5	0	0	0	0	0	0	0	0	0	0	0	0	8	6	6	9	0	0	4
1357.600	0	0	0	0	5	0	0	0	0	0	0	0	0	0	0	0	0	12	7	5	7	0	0	10
1357.800	0	0	0	0	3	0	0	0	0	0	0	0	0	0	0	0	0	15	9	6	5	0	0	6
1358.000	0	0	0	0	5	0	0	0	0	0	0	0	0	0	0	0	0	2	7	6	8	0	0	10
1358.200	0	0	0	0	3	0	0	0	0	0	0	0	0	0	0	0	0	15	8	2	2	0	0	8
1358.400	0	0	0	0	3	0	0	0	0	0	0	0	0	0	0	0	0	8	4	6	3	0	0	12
1358.600	0	0	0	0	3	0	0	0	0	0	0	0	0	0	0	0	0	2	5	6	4	0	0	7
1358.800	0	0	0	0	5	0	0	0	0	0	0	0	0	0	0	0	0	8	8	5	5	0	0	2
1359.000	0	0	0	0	2	0	0	0	0	0	0	0	0	0	0	0	0	9	9	3	4	0	0	6
1359.200	0	0	0	0	2	0	0	0	0	0	0	0	0	0	0	0	0	3	7	3	3	0	0	7
1359.400	0	0	0	0	3	0	0	0	0	0	0	0	0	0	0	1	0	11	11	4	4	0	0	9
1359.600	0	0	0	0	2	0	0	0	0	0	0	0	0	0	0	0	0	12	9	6	4	0	0	9
1359.800	0	0	0	0	3	0	0	0	0	0	0	0	0	0	0	1	0	10	9	5	4	0	0	8
1360.000	1	0	0	0	3	0	0	0	0	0	0	0	0	0	0	0	0	6	10	3	4	0	0	9
1360.200	0	0	0	0	5	0	0	0	0	0	0	0	0	0	0	1	0	11	7	5	5	0	0	6
1360.400	0	0	0	0	2	0	0	0	0	0	0	0	0	0	0	0	0	8	9	5	2	0	0	8
1360.600	0	0	0	0	3	0	0	0	0	0	0	0	0	0	0	1	0	13	4	6	4	0	0	5
1360.800	0	0	0	0	2	0	0	0	0	0	0	0	0	0	0	0	0	11	7	6	6	0	0	6
1361.000	0	0	0	0	5	0	0	0	0	0	0	0	0	0	0	0	0	10	7	5	3	0	0	9
1361.200	0	0	0	0	5	0	0	0	0	0	0	0	0	0	0	0	0	13	8	4	6	0	0	8
1361.400	0	0	0	0	3	0	0	0	0	0	0	0	0	0	0	0	0	11	6	5	6	0	0	9
1361.600	1	0	0	0	5	0	0	0	0	0	0	0	0	0	0	0	0	7	7	5	5	0	0	10
1361.800	6	0	0	0	4	0	0	0	0	0	0	2	0	0	0	0	0	6	7	6	8	0	0	4
1362.000	7	0	0	0	8	0	0	0	0	0	0	0	0	0	0	0	0	3	7	5	6	0	0	8
1362.200	6	0	0	0	6	0	0	0	0	0	0	0	0	0	0	0	0	6	11	3	6	0	0	7
1362.400	4	0	0	0	5	0	0	0	0	0	0	0	0	0	0	0	0	7	7	5	6	0	0	7
1362.600	3	0	0	0	9	0	0	0	0	0	0	1	0	0	0	0	0	6	7	5	7	0	0	3
1362.800	3	0	0	0	16	0	0	0	0	0	0	0	0	0	0	0	0	3	8	4	7	0	0	7
1363.000	6	0	0	0	16	0	0	0	0	0	0	0	0	0	0	0	0	8	9	4	7	0	0	4
1363.200	5	0	0	0	15	0	0	0	0	0	0	0	0	0	0	0	0	7	5	4	7	0	0	6
1363.400	3	0	0	0	6	0	0	0	0	0	0	0	0	0	0	0	0	10	6	6	5	0	0	7
1363.600	4	0	0	0	10	0	0	0	0	0	0	0	0	0	0	0	0	13	6	7	5	0	0	4
1363.800	8	0	0	0	10	0	0	0	0	0	0	0	0	0	0	0	0	10	8	6	7	0	0	9
1364.000	5	0	0	0	6	0	0	0	0	0	0	0	0	0	0	0	0	7	5	6	7	0	0	6
1364.200	7	0	0	0	1	0	0	0	0	0	0	0	0	0	0	0	0	4	6	5	7	0	0	5
1364.400	7	0	0	0	10	0	0	0	0	0	0	0	0	0	0	1	0	7	6	5	5	0	0	7
1364.600	3	0	0	0	4	0	0	0	0	0	0	1	0	0	0	0	0	7	6	4	8	0	0	9
1364.800	7	0	0	0	6	0	0	0	0	0	0	0	0	0	0	0	0	9	4	6	3	0	0	5
1365.000	6	0	0	0	10	0	0	0	0	0	0	0	0	0	0	0	0	13	8	5	6	0	0	4
1365.200	7	0	0	0	14	0	0	0	0	0	0	0	0	0	0	0	0	2	10	4	6	0	0	4
1365.400	6	0	0	0	9	0	0	0	0	0	0	0	0	0	0	0	0	0	7	6	5	0	0	6
1365.600	6	0	0	0	5	0	0	0	0	0	0	0	0	0	0	0	0	1	6	6	7	0	0	7
1365.800	6	0	0	0	8	0	0	0	0	0	0	0	0	0	0	0	0	2	7	5	6	0	0	4
1366.000	6	0	0	0	6	0	0	0	0	0	0	0	0	0	0	0	0	5	8	5	6	0	0	7
1366.200	6	0	0	0	7	0	0	0	0	0	0	0	0	0	0	0	0	4	6	5	5	0	0	5
1366.400	6	0	0	0	8	0	0	0	0	0	0	0	0	0	0	0	0	10	8	6	6	0	0	4
1366.600	5	0	0	0	11	0	0	0	0	0	0	0	0	0	0	0	0	3	8	5	5	0	0	10
1366.800	3	0	0	0	3	0	0	0	0	0	0	0	0	0	0	0	0	14	9	5	6	0	0	4
1367.000	3	0	0	0	15	0	0	0	0	0	0	0	0	0	0	0	0	7	7	6	4	0	0	5
1367.200	3	0	0	0	10	0	0	0	0	0	0	0	0	0	0	0	0	2	6	6	3	0	0	3
1367.400	3	0	0	0	7	0	0	0	0	0	0	0	0	0	0	0	0	5	8	6	5	0	0	3
1367.600	3	0	0	0	12	0	0	0	0	0	0	0	0	0	0	0	0	14	9	6	6	0	0	1
1367.800	3	0	0	0	11	0	0	0	0	0	0	0	0	0	0	0	0	4	5	6	4	0	0	5
1368.000	3	0	0	0	10	0	0	0	0	0	0	0	0	0	0	0	0	11	9	4	7	0	0	10
1368.200	3	0	0	0	11	0	0	0	0	0	0	0	0	0	0	0	0	9	6	6	7	0	0	7
1368.400	7	0	0	0	9	0	0	0	0	0	0	0	0	0	0	0	0	9	12	3	5	0	0	9
1368.600	6	0	0	0	7	0	0	0	0	0	0	0	0	0	0	0	0	7	5	7	6	0	0	8
1368.800	7	0	0	0	15	0	0	0	0	0	0	0	0	0	0	0	0	9	5	4	6	0	0	9
1369.000	2	0	0	0	11	0	0	0	0	0	0	0	0	0	0	0	0	8	6	5	6	0	0	12
1369.200	6	0	0	0	14	0	0	0	0	0	0	0	0	0	0	0	0	13	9	4	8	0	0	9
1369.400	7	0	0	0	14	0	0	0	0	0	0	0	0	0	0	1	0	14	5	6	7	0	0	8
1369.600	2	0	0	0	10	0	0	0	0	0	0	1	0	0	0	0	0	8	5	4	3	0	0	7
1369.800	2	0	0	0	7	0	0	0	0	0	0	0	0	0	0	0	0	8	8	4	5	0	0	11
1370.000	2	0	0	0	7	0	0	0	0	0	0	0	0	0	0	0	0	9	9	5	6	0	0	12
1370.200	3	0	0	0	11	0	0	0	0	0	0	0	0	0	0	0	0	18	9	5	4	0	0	12
1370.400	3	0	0	0	11	0	0	0	0	0	0	0	0	0	0	0	0	10	5	6	6	0	0	12
1370.600	5	0	0	0	15	0	0	0	0	0	0	0	0	0	0	0	0	15	8	6	7	0	0	9
1370.800	4	0	0	0	13	0	0	0	0	0	0	0	0	0	0	0	0	12	7	4	6	0	0	7
1371.000	6	0	0	0	13	0	0	0	0	0	0	0	0	0	0	0	0	10	8	6	7	0	0	5
1371.200	8	0	0	0	10	0	0	0	0	0	0	0	0	0	0	0	0	11	8	3	7	0	0	6
1371.400	3	0	0	0	12	0	0	0	0	0	0	0	0	0	0	0	0	8	7	6	7	0	0	11
1371.600	3	0	0	0	10	0	0	0	0	0	0	0	0	0	0	0	0	3	7	6	6	0	0	9
1371.800	2	0	0	0	8	0	0	0	0	0	0	0	0	0	0	0	0	9	9	5	7	0	0	12
1372.000	3	0	0	0	11	0	0	0	0	0	0	0	0	0	0	0	0	11	12	4	7	0	0	8
1372.200	4	0	0	0	11	0	0	0	0	0	0	0	0	0	0	0	0	12	8	5	7	0	0	6
1372.400	5	0	0	0	9	0	0	0	0	0	0	0	0	0	0	0	0	7	6	3	7	0	0	6
1372.600	4	0	0	0	9	0	0	0	0	0	0	0	0	0	0	1	0	16	9	5	4	0	0	4
1372.800	4	0	0	0	9	0	0	0	0	0	0	1	0	0	0	0	0	7	7	4	4	0	0	12
1373.000	4	0	0	0	10	0	0	0	0	0	0	0	0	0	0	0	0	10	8	6	5	0	0	8
1373.200	4	0	0	0	7	0	0	0	0	0	0	0	0	0	0	0	0	10	8	6	6	0	0	12
1373.400	3	0	0	0	12	0	0	0	0	0	0	0	0	0	0	0	0	9	6	3	8	0	0	6
1373.600	2	0	0	0	9	0	0	0	0	0	0	0	0	0	0	0	0	13	8	6	5	0	0	6
1373.800	3	0	0	0	8	0	0	0	0	0	0	0	0	0	0	0	0	9	9	5	8	0	0	8
1374.000	2	0	0	0	11	0	0	0	0	0	0	0	0	0	0	0	0	10	7	3	5	0	0	5
1374.200	2	0	0	0	11	0	0	0	0	0	0	0	0	0	0	0	0	14	9	5	4	0	0	5
1374.400	4	0	0	0	8	0	0	0	0	0	0	0	0	0	0	0	0	12	10	5	7	0	0	5
1374.600	3	0	0	0	4	0	0	0	0	0	0	0	0	0	0	0	0	8	8	3	7	0	0	10
1374.800	3	0	0	0	7	0	0	0	0	0	0	0	0	0	0	0	2	10	9	6	8	0	0	8
1375.000	3	0	0	0	5	0	0	0	0	0	0	0	0	0	0	0	0	13	5	4	6	0	0	7
1375.200	3	0	0	0	7	0	0	0	0	0	0	0	0	0	0	0	0	12	8	3	4	0	0	5
1375.400	4	0	0	0	5	0	0	0	0	0	0	0	0	0	0	0	0	6	9	4	8	0	0	7
1375.600	7	0	0	0	10	0	0	0	0	0	0	0	0	0	0	0	0	3	7	4	8	0	0	8
1375.800	5	0	0	0	4	0	0	0	0	0	0	0	0	0	0	0	0	9	7	3	8	0	0	2
1376.000	4	0	0	0	6	0	0	0	0	0	0	0	0	0	0	0	0	10	9	6	6	0	0	0
1376.200	4	0	0	0	7	0	0	0	0	0	0	0	0	0	0	0	0	9	9	5	7	0	0	9
1376.400	3	0	0	0	6	0	0	0	0	0	0	0	0	0	0	0	0	7	7	6	7	0	0	4
1376.600	4	0	0	0	6	0	0	0	0	0	0	0	0	0	0	0	0	8	7	4	8	0	0	9
1376.800	3	0	0	0	8	0	0	0	0	0	0	0	0	0	0	0	0	10	11	4	6	0	0	6
1377.000	3	0	0	0	13	0	0	0	0	0	0	0	0	0	0	0	0	6	4	6	9	0	0	2
1377.200	3	0	0	0	7	0	0	0	0	0	0	0	0	0	0	0	0	8	9	3	5	0	0	5
1377.400	3	0	0	0	6	0	0	0	0	0	0	0	0	0	0	0	0	9	5	3	5	0	0	9
1377.600	3	0	0	0	14	0	0	0	0	0	0	0	0	0	0	1	0	8	8	5	7	0	0	6
1377.800	3	0	0	0	10	0	0	0	0	0	0	0	0	0	0	0	0	3	8	5	7	0	0	7
1378.000	3	0	0	0	11	0	0	0	0	0	0	0	0	0	0	0	0	2	7	4	8	0	0	11
1378.200	3	0	0	0	9	0	0	0	0	0	0	0	0	0	0	0	0	2	5	6	8	0	0	6
1378.400	3	0	0	0	11	0	0	0	0	0	0	0	0	0	0	0	0	2	8	5	7	0	0	12
1378.600	3	0	0	0	10	0	0	0	0	0	0	0	0	0	0	0	0	6	6	5	8	0	0	4
1378.800	7	0	0	0	10	0	0	0	0	0	0	0	0	0	0	1	0	4	6	4	8	0	0	9
1379.000	6	0	0	0	11	0	0	0	0	0	0	0	0	0	0	0	0	9	9	6	9	0	0	10
1379.200	6	0	0	0	12	0	0	0	0	0	0	0	0	0	0	0	0	2	6	6	5	0	0	13
1379.400	7	0	0	0	7	0	0	0	0	0	0	0	0	0	0	1	0	4	5	6	5	0	0	8
1379.600	7	0	0	0	11	0	0	0	0	0	0	0	0	0	0	1	0	5	6	6	8	0	0	9
1379.800	5	0	0	0	17	0	0	0	0	0	0	0	0	0	0	1	1	10	7	4	9	0	0	5
1380.000	5	0	0	0	7	0	0	0	0	0	0	0	0	0	0	1	2	17	5	5	8	0	0	5
1380.200	7	0	0	0	8	0	0	0	0	0	0	0	0	0	0	0	0	7	7	4	8	0	0	10
1380.400	5	0	0	0	9	0	0	0	0	0	0	0	0	0	0	0	0	13	8	6	6	0	0	11
1380.600	6	0	0	0	10	0	0	0	0	0	0	0	0	0	0	0	0	0	7	6	6	0	0	15
1380.800	7	0	0	0	7	0	0	0	0	0	0	0	0	0	0	0	0	2	6	3	5	0	0	9
1381.000	6	0	0	0	9	0	0	0	0	0	0	0	0	0	0	0	0	9	7	4	7	0	0	9
1381.200	6	0	0	0	7	0	0	0	0	0	0	0	0	0	0	0	0	6	7	5	7	0	0	11
1381.400	7	0	0	0	3	0	0	0	0	0	0	0	0	0	0	0	0	4	7	6	3	0	0	8
1381.600	4	0	0	0	5	0	0	0	0	0	0	0	0	0	0	0	0	5	8	5	5	0	0	6
1381.800	2	0	0	0	5	0	0	0	0	0	0	0	0	0	0	0	0	8	11	4	4	0	0	11
1382.000	1	0	0	0	4	0	0	0	0	0	0	0	0	0	0	0	0	3	10	2	4	0	0	11
1382.200	1	0	0	0	4	0	0	0	0	0	1	0	0	0	0	0	0	3	8	4	5	0	0	11
1382.400	4	0	0	0	7	0	0	0	0	0	0	0	0	0	0	0	0	6	7	5	4	0	0	10
1382.600	6	0	0	0	10	0	0	0	0	0	0	0	0	0	0	0	0	4	7	5	6	0	0	9
1382.800	6	0	0	0	10	0	0	0	0	0	0	0	0	0	0	0	0	10	9	5	7	0	0	11
1383.000	2	0	0	0	3	0	0	0	0	0	0	0	0	0	0	0	0	5	4	6	5	0	0	14
1383.200	4	0	0	0	9	0	0	0	0	0	0	0	0	0	0	0	0	11	9	5	6	0	0	10
1383.400	3	0	0	0	9	0	0	0	0	0	0	0	0	0	0	0	0	6	9	5	7	0	0	10
1383.600	5	0	0	0	4	0	0	0	0	0	0	0	0	0	0	0	0	6	6	6	10	0	0	11
1383.800	1	0	0	0	6	0	0	0	0	0	0	0	0	0	0	0	0	7	9	4	7	0	0	13
1384.000	5	0	0	0	10	0	0	0	0	0	1	0	0	0	0	0	0	9	7	6	6	0	0	11
1384.200	7	0	0	0	7	0	0	0	0	0	0	0	0	0	0	0	0	13	6	3	5	0	0	9
1384.400	1	0	0	0	10	0	0	0	0	0	0	0	0	0	0	0	0	8	4	6	6	0	0	10
1384.600	3	0	0	0	6	0	0	0	0	0	1	0	0	0	0	0	0	12	9	6	5	0	0	9
1384.800	2	0	0	0	5	0	0	0	0	0	0	0	0	0	0	0	0	6	5	6	5	0	0	14
1385.000	1	0	0	0	8	0	0	0	0	0	1	0	0	0	0	0	0	13	8	4	4	0	0	10
1385.200	0	0	0	0	5	0	0	0	0	0	0	0	0	0	0	0	0	12	8	4	5	0	0	11
1385.400	6	0	0	0	5	0	0	0	0	0	0	0	0	0	0	0	0	5	9	3	5	0	0	10
1385.600	3	0	0	0	8	0	0	0	0	0	0	0	0	0	0	0	0	2	8	5	7	0	0	10
1385.800	5	0	0	0	7	0	0	0	0	0	0	0	0	0	0	0	0	13	8	4	6	0	0	10
1386.000	5	0	0	0	10	0	0	0	0	0	0	0	0	0	0	0	0	7	7	6	7	0	0	12
1386.200	3	0	0	0	8	0	0	0	0	0	0	0	0	0	0	0	0	13	8	6	6	0	0	10
1386.400	2	0	0	0	6	0	0	0	0	0	0	0	0	0	0	0	0	6	5	3	5	0	0	12
1386.600	6	0	0	0	6	0	0	0	0	0	0	0	0	0	0	0	0	10	9	6	6	0	0	10
1386.800	3	0	0	0	4	0	0	0	0	0	0	0	0	0	0	0	0	9	8	5	6	0	0	8
1387.000	4	0	0	0	5	0	0	0	0	0	0	0	0	0	0	0	0	8	6	6	4	0	0	8
1387.200	6	0	0	0	10	0	0	0	0	0	0	0	0	0	0	0	0	4	5	1	6	0	0	11
1387.400	7	0	0	0	8	0	0	0	0	0	0	0	0	0	0	0	0	15	8	5	6	0	0	8
1387.600	6	0	0	0	10	0	0	0	0	0	0	0	0	0	0	0	0	8	7	4	8	0	0	11
1387.800	4	0	0	0	6	0	0	0	0	0	0	0	0	0	0	0	0	1	8	4	8	0	0	13
1388.000	6	0	0	0	7	0	0	0	0	0	0	0	0	0	0	0	0	7	11	3	5	0	0	11
1388.200	5	0	0	0	6	0	0	0	0	0	0	1	0	0	0	0	0	12	10	4	9	0	0	10
1388.400	7	0	0	0	9	0	0	0	0	0	0	0	0	0	0	1	0	6	9	6	7	0	0	11
1388.600	2	0	0	0	6	0	0	0	0	0	0	0	0	0	0	0	0	2	7	5	6	0	0	12
1388.800	5	0	0	0	6	0	0	0	0	0	0	0	0	0	0	0	0	5	5	6	7	0	0	10
1389.000	6	0	0	0	4	0	0	0	0	0	0	0	0	0	0	0	0	4	8	5	7	0	0	12
1389.200	6	0	0	0	6	0	0	0	0	0	1	0	0	0	0	0	0	12	9	6	8	0	0	11
1389.400	6	0	0	0	4	0	0	0	0	0	0	0	0	0	0	0	0	4	7	5	4	0	0	7
1389.600	8	0	0	0	4	0	0	0	0	0	1	0	0	0	0	0	0	11	10	5	8	0	0	13
1389.800	6	0	0	0	13	0	0	0	0	0	0	0	0	0	0	0	0	9	7	3	7	0	0	10
1390.000	4	0	0	0	5	0	0	0	0	0	0	0	0	0	0	0	0	11	9	5	6	0	0	11
1390.200	4	0	0	0	6	0	0	0	0	0	0	0	0	0	0	0	0	0	7	4	6	0	0	12
1390.400	3	0	0	0	12	0	0	0	0	0	0	0	0	0	0	0	0	5	9	7	5	0	0	8
1390.600	6	0	0	0	6	0	0	0	0	0	0	0	0	0	0	1	0	7	8	6	8	0	0	4
1390.800	4	0	0	0	5	0	0	0	0	0	0	0	0	0	0	0	0	5	10	7	7	0	0	9
1391.000	4	0	0	0	6	0	0	0	0	0	0	0	0	0	0	0	0	3	7	6	5	0	0	11
1391.200	4	0	0	0	5	0	0	0	0	0	0	0	0	0	0	0	0	1	5	6	7	0	0	7
1391.400	6	0	0	0	6	0	0	0	0	0	0	0	0	0	0	0	0	11	6	6	4	0	0	10
1391.600	4	0	0	0	16	0	0	0	0	0	0	0	0	0	0	0	0	9	10	5	6	0	0	10
1391.800	6	0	0	0	14	0	0	0	0	0	0	0	0	0	0	0	0	2	8	6	4	0	0	8
1392.000	5	0	0	0	14	0	0	0	0	0	0	0	0	0	0	0	0	10	9	5	5	0	0	9
1392.200	5	0	0	0	10	0	0	0	0	0	0	0	0	0	0	0	0	8	9	6	8	0	0	9
1392.400	6	0	0	0	8	0	0	0	0	0	0	0	0	0	0	0	0	1	8	6	5	0	0	6
1392.600	6	0	0	0	13	0	0	0	0	0	0	0	0	0	0	0	0	11	5	6	8	0	0	13
1392.800	6	0	0	0	10	0	0	0	0	0	0	0	0	0	0	0	0	4	7	6	5	0	0	11
1393.000	6	0	0	0	9	0	0	0	0	0	0	0	0	0	0	0	0	12	6	6	10	0	0	8
1393.200	6	0	0	0	13	0	0	0	0	0	0	0	0	0	0	1	0	10	7	6	6	0	0	7
1393.400	4	0	0	0	13	0	0	0	0	0	0	0	0	0	0	0	0	9	8	5	9	0	0	6
1393.600	6	0	0	0	8	0	0	0	0	0	0	0	0	0	0	0	0	13	9	5	10	0	0	7
1393.800	8	0	0	0	6	0	0	0	0	0	0	0	0	0	0	1	0	4	6	6	9	0	0	9
1394.000	4	0	0	0	9	0	0	0	0	0	0	0	0	0	0	0	0	5	7	5	7	0	0	8
1394.200	4	0	0	0	4	0	0	0	0	0	0	0	0	0	0	0	0	12	7	5	4	0	0	11
1394.400	6	0	0	0	9	0	0	0	0	0	0	0	0	0	0	0	0	2	8	6	6	0	0	8
1394.600	6	0	0	0	7	0	0	0	0	0	0	0	0	0	0	0	0	2	7	3	7	0	0	7
1394.800	4	0	0	0	9	0	0	0	0	0	0	0	0	0	0	0	0	7	8	6	9	0	0	12
1395.000	5	0	0	0	11	0	0	0	0	0	0	0	0	0	0	0	0	11	7	6	7	0	0	5
1395.200	10	0	0	0	8	0	0	0	0	0	0	0	0	0	0	0	0	13	8	6	9	0	0	11
1395.400	5	0	0	0	9	0	0	0	0	0	0	0	0	0	0	0	0	7	5	6	5	0	0	14
1395.600	5	0	0	0	9	0	0	0	0	0	0	0	0	0	0	0	0	3	5	6	8	0	0	11
1395.800	6	0	0	0	5	0	0	0	0	0	0	0	0	0	0	0	0	8	6	4	8	0	0	10
1396.000	6	0	0	0	6	0	0	0	0	0	0	0	0	0	0	0	0	5	7	5	6	0	0	10
1396.200	6	0	0	0	4	0	0	0	0	0	0	0	0	0	0	0	0	2	7	6	9	0	0	9
1396.400	6	0	0	0	3	0	0	0	0	0	0	0	0	0	0	0	0	4	7	6	9	0	0	15
1396.600	5	0	0	0	3	0	0	0	0	0	0	0	0	0	0	0	0	5	5	6	7	0	0	11
1396.800	2	0	0	0	3	0	0	0	0	0	0	0	0	0	0	0	0	13	9	6	8	0	0	10
1397.000	5	0	0	0	2	0	0	0	0	0	0	0	0	0	0	0	0	5	6	6	8	0	0	13
1397.200	4	0	0	0	3	0	0	0	0	0	0	0	0	0	0	0	0	4	7	5	5	0	0	9
1397.400	6	0	0	0	4	0	0	0	0	0	0	0	0	0	0	0	0	6	5	3	7	0	0	11
1397.600	7	0	0	0	6	0	0	0	0	0	0	0	0	0	0	0	0	10	7	3	5	0	0	11
1397.800	6	0	0	0	2	0	0	0	0	0	0	0	0	0	0	0	0	7	6	6	8	0	0	10
1398.000	7	0	0	0	2	0	0	0	0	0	0	0	0	0	0	0	0	11	8	3	6	0	0	11
1398.200	5	0	0	0	5	0	0	0	0	0	0	0	0	0	0	0	0	8	8	4	7	0	0	10
1398.400	4	0	0	0	9	0	0	0	0	0	0	0	0	0	0	0	0	12	9	6	8	0	0	9
1398.600	7	0	0	0	7	0	0	0	0	0	0	0	0	0	0	0	0	5	8	5	7	0	0	15
1398.800	7	0	0	0	5	0	0	0	0	0	1	0	0	0	0	0	0	14	4	6	10	0	0	12
1399.000	5	0	0	0	8	0	0	0	0	0	0	1	0	0	0	0	0	10	6	6	5	0	0	10
1399.200	6	0	0	0	14	0	0	0	0	0	0	6	0	0	0	0	0	13	7	4	7	0	0	9
1399.400	7	0	0	0	13	0	0	0	0	0	0	6	0	0	0	0	0	11	5	3	8	0	0	8
1399.600	3	0	0	0	6	0	0	0	0	0	0	9	0	0	0	1	0	11	9	6	8	0	0	6
1399.800	6	0	0	0	10	0	0	0	0	0	0	6	0	0	0	0	0	5	7	5	8	0	0	9
1400.000	7	0	0	0	9	0	0	0	0	0	0	7	0	0	0	0	0	11	7	5	6	0	0	10
1400.200	5	0	0	0	4	0	0	0	0	0	0	5	0	0	0	1	0	4	4	6	12	0	0	5
1400.400	6	0	0	0	7	0	0	0	0	0	0	4	0	0	0	0	0	6	8	4	8	0	0	6
1400.600	4	0	0	0	7	0	0	0	0	0	0	4	0	0	0	0	0	2	6	6	5	0	0	8
1400.800	6	0	0	0	5	0	0	0	0	0	0	6	0	0	0	0	0	3	7	5	8	0	0	10
1401.000	5	0	0	0	6	0	0	0	0	0	0	3	0	0	0	0	0	6	8	5	8	0	0	5
1401.200	4	0	0	0	7	0	0	0	0	0	0	5	0	0	0	1	1	9	9	6	8	0	0	4
1401.400	3	0	0	0	10	0	0	0	0	0	0	3	0	0	0	1	0	13	10	4	6	0	0	5
1401.600	3	0	0	0	7	0	0	0	0	0	0	5	0	0	0	0	0	4	6	3	6	0	0	6
1401.800	6	0	0	0	8	0	0	0	0	0	0	2	0	0	0	0	0	3	7	6	8	0	0	7
1402.000	4	0	0	0	9	0	0	0	0	0	0	4	0	0	0	0	0	6	6	6	9	0	0	7
1402.200	2	0	0	0	10	0	0	0	0	0	0	5	0	0	0	0	0	2	7	5	8	0	0	10
1402.400	4	0	0	0	4	0	0	0	0	0	0	2	0	0	0	0	0	14	8	5	9	0	0	5
1402.600	3	0	0	0	11	0	0	0	0	0	0	4	0	0	0	0	0	13	9	6	7	0	0	5
1402.800	3	0	0	0	11	0	0	0	0	0	0	5	0	0	0	1	0	12	6	4	7	0	0	6
1403.000	3	0	0	0	8	0	0	0	0	0	0	2	0	0	0	0	0	7	5	3	9	0	0	6
1403.200	4	0	0	0	11	0	0	0	0	0	0	5	0	0	0	0	0	6	7	6	6	0	0	6
1403.400	5	0	0	0	10	0	0	0	0	0	0	1	0	0	0	0	0	6	7	5	6	0	0	6
1403.600	3	0	0	0	5	0	0	0	0	0	0	3	0	0	0	0	0	10	9	6	8	0	0	10
1403.800	5	0	0	0	4	0	0	0	0	0	0	5	0	0	0	1	0	9	8	6	7	0	0	9
1404.000	3	0	0	0	11	0	0	0	0	0	0	5	0	0	0	0	0	8	8	6	8	0	0	6
1404.200	2	0	0	0	5	0	0	0	0	0	0	4	0	0	0	1	2	15	8	6	7	0	0	5
1404.400	4	0	0	0	13	0	0	0	0	0	0	4	0	0	0	0	0	12	7	6	8	0	0	5
1404.600	4	0	0	0	5	0	0	0	0	0	0	2	0	0	0	0	0	11	9	5	8	0	0	6
1404.800	4	0	0	0	5	0	0	0	0	0	0	4	0	0	0	0	0	12	6	4	8	0	0	6
1405.000	4	0	0	0	5	0	0	0	0	0	0	5	0	0	0	0	0	12	8	6	9	0	0	6
1405.200	3	0	0	0	5	0	0	0	0	0	0	1	0	0	0	0	0	10	8	5	9	0	0	5
1405.400	3	0	0	0	5	0	0	0	0	0	0	0	0	0	0	0	0	10	9	6	7	0	0	6
1405.600	3	0	0	0	3	0	0	0	0	0	0	0	0	0	0	0	0	6	9	5	8	0	0	5
1405.800	3	0	0	0	9	0	0	0	0	0	0	2	0	0	0	0	0	9	6	6	9	0	0	2
1406.000	2	0	0	0	3	0	0	0	0	0	0	2	0	0	0	0	0	13	9	5	7	0	0	6
1406.200	3	0	0	0	5	0	0	0	0	0	0	3	0	0	0	1	0	10	8	5	8	0	0	6
1406.400	3	0	0	0	5	0	0	0	0	0	0	3	0	0	0	0	0	5	7	4	7	0	0	7
1406.600	3	0	0	0	6	0	0	0	0	0	0	4	0	0	0	0	0	4	5	6	5	0	0	6
1406.800	4	0	0	0	7	0	0	0	0	0	0	4	0	0	0	0	0	5	10	6	5	0	0	3
1407.000	4	0	0	0	5	0	0	0	0	0	0	5	0	0	0	0	0	4	6	6	6	0	0	6
1407.200	4	0	0	0	7	0	0	0	0	0	0	3	0	0	0	0	0	6	5	3	8	0	0	9
1407.400	5	0	0	0	7	0	0	0	0	0	0	4	0	0	0	1	0	14	5	6	10	0	0	5
1407.600	4	0	0	0	7	0	0	0	0	0	0	4	0	0	0	0	0	15	10	4	7	0	0	10
1407.800	3	0	0	0	7	0	0	0	0	0	0	4	0	0	0	0	0	6	5	6	7	0	0	6
1408.000	4	0	0	0	5	0	0	0	0	0	0	2	0	0	0	0	0	6	8	5	8	0	0	8
1408.200	4	0	0	0	13	0	0	0	0	0	0	4	0	0	0	0	0	5	7	5	8	0	0	5
1408.400	4	0	0	0	5	0	0	0	0	0	0	2	0	0	0	1	0	9	7	5	8	0	0	5
1408.600	5	0	0	0	6	0	0	0	0	0	0	2	0	0	0	1	0	10	5	3	8	0	0	5
1408.800	4	0	0	0	4	0	0	0	0	0	0	6	0	0	0	0	0	6	5	5	6	0	0	10
1409.000	4	0	0	0	7	0	0	0	0	0	0	5	0	0	0	0	0	6	7	5	7	0	0	5
1409.200	4	0	0	0	5	0	0	0	0	0	0	5	0	0	0	0	0	3	8	5	8	0	0	7
1409.400	4	0	0	0	7	0	0	0	0	0	0	5	0	0	0	0	0	4	8	6	10	0	0	6
1409.600	3	0	0	0	4	0	0	0	0	0	0	5	0	0	0	0	0	7	10	5	9	0	0	6
1409.800	3	0	0	0	8	0	0	0	0	0	0	4	0	0	0	0	0	1	5	6	10	0	0	8
1410.000	3	0	0	0	7	0	0	0	0	0	0	4	0	0	0	0	0	3	6	5	7	0	0	6
1410.200	3	0	0	0	8	0	0	0	0	0	0	4	0	0	0	0	0	9	7	5	8	0	0	6
1410.400	2	0	0	0	8	0	0	0	0	0	0	4	0	0	0	0	0	5	7	3	7	0	0	5
1410.600	4	0	0	0	8	0	0	0	0	0	0	3	0	0	0	0	0	11	4	5	5	0	0	10
1410.800	4	0	0	0	4	0	0	0	0	0	0	2	0	0	0	0	0	5	8	6	7	0	0	6
1411.000	4	0	0	0	10	0	0	0	0	0	0	2	0	0	0	0	0	7	7	6	6	0	0	6
1411.200	5	0	0	0	1	0	0	0	0	0	1	3	0	0	0	0	0	9	8	6	9	0	0	9
1411.400	4	0	0	0	7	0	0	0	0	0	0	5	0	0	0	0	0	11	10	5	6	0	0	6
1411.600	5	0	0	0	6	0	0	0	0	0	0	6	0	0	0	0	0	10	7	5	7	0	0	7
1411.800	4	0	0	0	7	0	0	0	0	0	0	7	0	0	0	0	0	12	7	5	6	0	0	4
1412.000	3	0	0	0	7	0	0	0	0	0	0	7	0	0	0	1	0	9	8	4	6	0	0	5
1412.200	4	0	0	0	6	0	0	0	0	0	1	5	0	0	0	0	0	10	7	5	4	0	0	2
1412.400	4	0	0	0	4	0	0	0	0	0	0	4	0	0	0	0	0	16	7	5	7	0	0	5
1412.600	3	0	0	0	5	0	0	0	0	0	0	1	0	0	0	0	1	11	9	4	9	0	0	5
1412.800	5	0	0	0	7	0	0	0	0	0	0	1	0	0	0	0	0	12	7	6	6	0	0	2
1413.000	3	0	0	0	6	0	0	0	0	0	0	0	0	0	0	0	0	2	6	4	8	0	0	6
1413.200	3	0	0	0	2	0	0	0	0	0	0	1	0	0	0	0	0	9	8	4	8	0	0	9
1413.400	3	0	0	0	5	0	0	0	0	0	0	3	0	0	0	0	0	3	8	5	7	0	0	6
1413.600	3	0	0	0	3	0	0	0	0	0	0	3	0	0	0	0	0	5	7	4	8	0	0	5
1413.800	4	0	0	0	3	0	0	0	0	0	0	0	0	0	0	1	0	6	6	6	7	0	0	11
1414.000	3	0	0	0	2	0	0	0	0	0	0	4	0	0	0	0	0	16	9	5	8	0	0	6
1414.200	3	0	0	0	7	0	0	0	0	0	0	4	0	0	0	0	0	6	8	5	7	0	0	4
1414.400	3	0	0	0	3	0	0	0	0	0	0	0	0	0	0	0	0	10	9	5	8	0	0	5
1414.600	5	0	0	0	5	0	0	0	0	0	0	0	0	0	0	0	0	3	6	6	6	0	0	5
1414.800	4	0	0	0	5	0	0	0	0	0	0	0	0	0	0	0	0	13	8	6	6	0	0	5
1415.000	5	0	0	0	7	0	0	0	0	0	0	0	0	0	0	0	0	14	8	6	10	0	0	6
1415.200	5	0	0	0	9	0	0	0	0	0	0	1	0	0	0	0	0	16	6	3	7	0	0	7
1415.400	3	0	0	0	6	0	0	0	0	0	0	0	0	0	0	0	0	7	6	6	8	0	0	5
1415.600	4	0	0	0	5	0	0	0	0	0	0	0	0	0	0	1	0	10	7	5	8	0	0	6
1415.800	4	0	0	0	3	0	0	0	0	0	0	0	0	0	0	0	0	6	7	5	7	0	0	6
1416.000	6	0	0	0	2	0	0	0	0	0	0	0	0	0	0	0	0	5	8	6	7	0	0	5
1416.200	4	0	0	0	5	0	0	0	0	0	0	0	0	0	0	0	0	3	9	6	8	0	0	10
1416.400	6	0	0	0	6	0	0	0	0	0	0	0	0	0	0	0	0	2	7	5	9	0	0	7
1416.600	6	0	0	0	5	0	0	0	0	0	0	0	0	0	0	0	0	8	8	5	9	0	0	4
1416.800	3	0	0	0	3	0	0	0	0	0	0	0	0	0	0	0	0	5	7	5	7	0	0	10
1417.000	2	0	0	0	4	0	0	0	0	0	0	0	0	0	0	0	0	1	8	5	4	0	0	9
1417.200	6	0	0	0	4	0	0	0	0	0	0	1	0	0	0	0	0	3	6	5	8	0	0	7
1417.400	5	0	0	0	0	0	0	0	0	0	0	0	0	0	0	0	0	3	7	5	7	0	0	7
1417.600	4	0	0	0	0	0	0	0	0	0	0	0	0	0	0	0	0	11	4	6	9	0	0	12
1417.800	5	0	0	0	2	0	0	0	0	0	0	0	0	0	0	0	0	9	8	6	8	0	0	4
1418.000	3	0	0	0	1	0	0	0	0	0	0	1	0	0	0	0	0	8	11	3	5	0	0	5
1418.200	3	0	0	0	3	0	0	0	0	0	0	0	0	0	0	0	0	7	7	5	8	0	0	6
1418.400	4	0	0	0	0	0	0	0	0	0	0	0	0	0	0	1	0	12	8	5	5	0	0	7
1418.600	5	0	0	0	0	0	0	0	0	0	0	0	0	0	0	1	0	5	8	6	8	0	0	5
1418.800	5	0	0	0	0	0	0	0	0	0	0	0	0	0	0	0	0	9	8	6	7	0	0	8
1419.000	3	0	0	0	2	0	0	0	0	0	0	0	0	0	0	1	0	2	7	5	8	0	0	9
1419.200	4	0	0	0	0	0	0	0	0	0	0	0	0	0	0	0	0	5	7	6	4	0	0	8
1419.400	4	0	0	0	4	0	0	0	0	0	0	0	0	0	0	0	0	8	7	5	9	0	0	7
1419.600	4	0	0	0	4	0	0	0	0	0	0	2	0	0	0	0	0	15	8	6	9	0	0	5
1419.800	2	0	0	0	4	0	0	0	0	0	0	2	0	0	0	0	0	11	8	5	6	0	0	6
1420.000	3	0	0	0	5	0	0	0	0	0	0	1	0	0	0	0	0	5	9	6	4	0	0	5
1420.200	4	0	0	0	4	0	0	0	0	0	0	0	0	0	0	0	0	14	11	4	4	0	0	5
1420.400	5	0	0	0	1	0	0	0	0	0	0	0	0	0	0	0	0	5	8	4	6	0	0	10
1420.600	3	0	0	0	0	0	0	0	0	0	0	0	0	0	0	0	0	6	9	5	8	0	0	11
1420.800	3	0	0	0	1	0	0	0	0	0	0	0	0	0	0	0	0	4	7	4	8	0	0	5
1421.000	4	0	0	0	0	0	0	0	0	0	0	0	0	0	0	0	0	10	6	6	8	0	0	7
1421.200	3	0	0	0	0	0	0	0	0	0	0	0	0	0	0	0	0	14	10	5	6	0	0	8
1421.400	5	0	0	0	2	0	0	0	0	0	0	0	0	0	0	0	0	1	7	5	7	0	0	12
1421.600	6	0	0	0	0	0	0	0	0	0	0	0	0	0	0	0	0	11	11	4	4	0	0	13
1421.800	3	0	0	0	1	0	0	0	0	0	0	0	0	0	0	1	0	15	8	6	6	0	0	8
1422.000	4	0	0	0	0	0	0	0	0	0	0	0	0	0	0	1	0	13	8	5	3	0	0	12
1422.200	5	0	0	0	1	0	0	0	0	0	0	0	0	0	0	0	0	12	9	6	6	0	0	9
1422.400	4	0	0	0	1	0	0	0	0	0	0	0	0	0	0	0	0	7	9	5	5	0	0	6
1422.600	5	0	0	0	3	0	0	0	0	0	0	0	0	0	0	0	0	1	8	5	8	0	0	10
1422.800	3	0	0	0	3	0	0	0	0	0	0	0	0	0	0	0	0	3	7	5	4	0	0	5
1423.000	4	0	0	0	7	0	0	0	0	0	0	0	0	0	0	0	0	9	9	3	5	0	0	8
1423.200	5	0	0	0	7	0	0	0	0	0	0	0	0	0	0	0	0	5	7	3	7	0	0	12
1423.400	4	0	0	0	5	0	0	0	0	0	0	0	0	0	0	0	0	1	7	5	8	0	0	5
1423.600	4	0	0	0	4	0	0	0	0	0	0	0	0	0	0	0	0	10	8	5	6	0	0	8
1423.800	3	0	0	0	0	0	0	0	0	0	0	0	0	0	0	0	0	12	5	6	6	0	0	5
1424.000	2	0	0	0	0	0	0	0	0	0	0	0	0	0	0	0	0	9	7	5	9	0	0	6
1424.200	4	0	0	0	1	0	0	0	0	0	0	0	0	0	0	0	0	11	8	4	7	0	0	6
1424.400	5	0	0	0	5	0	0	0	0	0	0	0	0	0	0	0	0	4	6	6	7	0	0	6
1424.600	4	0	0	0	2	0	0	0	0	0	0	0	0	0	0	0	0	4	6	5	7	0	0	13
1424.800	3	0	0	0	0	0	0	0	0	0	0	0	0	0	0	0	0	9	5	6	6	0	0	5
1425.000	3	0	0	0	1	0	0	0	0	0	0	0	0	0	0	0	0	12	7	6	7	0	0	5
1425.200	3	0	0	0	0	0	0	0	0	0	0	0	0	0	0	0	0	10	8	5	9	0	0	6
1425.400	3	0	0	0	0	0	0	0	0	0	0	0	0	0	0	0	0	11	7	6	5	0	0	9
1425.600	4	0	0	0	0	0	0	0	0	0	0	0	0	0	0	1	0	8	7	6	10	0	0	10
1425.800	3	0	0	0	1	0	0	0	0	0	0	0	0	0	0	1	0	11	8	6	8	0	0	6
1426.000	4	0	0	0	1	0	0	0	0	0	0	0	0	0	0	0	0	9	8	6	7	0	0	5
1426.200	3	0	0	0	4	0	0	0	0	0	0	0	0	0	0	1	0	9	8	5	4	0	0	5
1426.400	3	0	0	0	1	0	0	0	0	0	0	0	0	0	0	0	0	8	6	6	5	0	0	5
1426.600	3	0	0	0	0	0	0	0	0	0	0	0	0	0	0	1	0	9	6	6	6	0	0	5
1426.800	4	0	0	0	0	0	0	0	0	0	0	0	0	0	0	0	0	3	9	6	8	0	0	8
1427.000	3	0	0	0	1	0	0	0	0	0	0	0	0	0	0	0	0	7	8	5	8	0	0	6
1427.200	4	0	0	0	0	0	0	0	0	0	0	4	0	0	0	0	0	9	8	5	6	0	0	4
1427.400	3	0	0	0	0	0	0	0	0	0	0	0	0	0	0	1	0	7	10	5	7	0	0	5
1427.600	4	0	0	0	0	0	0	0	0	0	0	1	0	0	0	0	0	5	5	5	9	0	0	3
1427.800	4	0	0	0	0	0	0	0	0	0	0	0	0	0	0	0	0	8	9	4	8	0	0	9
1428.000	4	0	0	0	0	0	0	0	0	0	0	0	0	0	0	0	1	13	7	5	9	0	0	5
1428.200	4	0	0	0	3	0	0	0	0	0	0	0	0	0	0	0	0	7	9	6	8	0	0	6
1428.400	3	0	0	0	0	0	0	0	0	0	0	0	0	0	0	0	0	6	7	6	5	0	0	4
1428.600	3	0	0	0	0	0	0	0	0	0	0	0	0	0	0	0	0	9	6	6	8	0	0	5
1428.800	3	0	0	0	0	0	0	0	0	0	0	0	0	0	0	0	0	6	8	6	9	0	0	5
1429.000	3	0	0	0	0	0	0	0	0	0	0	0	0	0	0	1	0	12	9	4	8	0	0	5
1429.200	3	0	0	0	0	0	0	0	0	0	0	0	0	0	0	0	0	3	7	5	8	0	0	6
1429.400	4	0	0	0	0	0	0	0	0	0	0	0	0	0	0	0	0	8	5	6	8	0	0	9
1429.600	3	0	0	0	0	0	0	0	0	0	0	0	0	0	0	0	0	9	7	6	9	0	0	6
1429.800	5	0	0	0	0	0	0	0	0	0	0	0	0	0	0	1	0	6	8	4	7	0	0	6
1430.000	4	0	0	0	0	0	0	0	0	0	0	0	0	0	0	0	0	10	7	5	6	0	0	6
1430.200	4	0	0	0	0	0	0	0	0	0	0	0	0	0	0	0	0	11	7	3	5	0	0	6
1430.400	4	0	0	0	1	0	0	0	0	0	0	0	0	0	0	0	0	4	10	6	6	0	0	7
1430.600	3	0	0	0	2	0	0	0	0	0	0	0	0	0	0	0	0	9	10	3	4	0	0	9
1430.800	4	0	0	0	2	0	0	0	0	0	0	0	0	0	0	0	0	7	9	3	4	0	0	5
1431.000	4	0	0	0	4	0	0	0	0	0	0	0	0	0	0	1	0	11	9	6	10	0	0	6
1431.200	3	0	0	0	4	0	0	0	0	0	0	0	0	0	0	0	0	4	7	5	9	0	0	7
1431.400	2	0	0	0	4	0	0	0	0	0	0	0	0	0	0	1	0	6	9	3	8	0	0	6
1431.600	3	0	0	0	3	0	0	0	0	0	0	0	0	0	0	0	0	5	10	4	8	0	0	6
1431.800	4	0	0	0	5	0	0	0	0	0	0	0	0	0	0	1	0	9	7	4	8	0	0	5
1432.000	4	0	0	0	4	0	0	0	0	0	0	0	0	0	0	0	0	7	6	4	8	0	0	5
1432.200	2	0	0	0	4	0	0	0	0	0	0	5	0	0	0	0	0	2	7	5	7	0	0	6
1432.400	3	0	0	0	4	0	0	0	0	0	0	6	0	0	0	0	0	6	6	5	8	0	0	6
1432.600	3	0	0	0	4	0	0	0	0	0	0	5	0	0	0	0	0	5	7	6	5	0	0	7
1432.800	3	0	0	0	7	0	0	0	0	0	0	5	0	0	0	0	0	5	8	6	4	0	0	9
1433.000	6	0	0	0	4	0	0	0	0	0	0	5	0	0	0	0	0	1	7	4	8	1	0	9
1433.200	3	0	0	0	4	0	0	0	0	0	0	5	0	0	0	0	0	6	7	3	6	0	0	6
1433.400	4	0	0	0	2	0	0	0	0	0	0	5	0	0	0	0	0	5	8	5	4	0	0	5
1433.600	3	0	0	0	3	0	0	0	0	0	0	5	0	0	0	0	0	6	8	6	8	0	0	5
1433.800	3	0	0	0	0	0	0	0	0	0	0	5	0	0	0	0	0	6	7	5	8	0	0	9
1434.000	3	0	0	0	0	0	0	0	0	0	0	5	0	0	0	0	0	10	11	5	7	0	0	2
1434.200	3	0	0	0	1	0	0	0	0	0	0	7	0	0	0	0	0	7	7	4	8	0	0	5
1434.400	3	0	0	0	0	0	0	0	0	0	0	7	0	0	0	0	0	9	7	6	7	0	0	5
1434.600	5	0	0	0	0	0	0	0	0	0	0	5	0	0	0	0	0	3	7	4	8	0	0	5
1434.800	3	0	0	0	0	0	0	0	0	0	0	4	0	0	0	1	0	3	5	6	11	0	0	5
1435.000	3	0	0	0	0	0	0	0	0	0	0	5	0	0	0	1	0	8	11	5	7	0	0	10
1435.200	4	0	0	0	0	0	0	0	0	0	0	3	0	0	0	0	0	2	6	5	7	0	0	8
1435.400	6	0	0	0	0	0	0	0	0	0	0	5	0	0	0	0	0	6	8	3	8	0	0	7
1435.600	2	0	0	0	0	0	0	0	0	0	0	5	0	0	0	0	0	3	9	3	7	0	0	6
1435.800	6	0	0	0	2	0	0	0	0	0	0	6	0	0	0	0	0	8	9	3	8	0	0	6
1436.000	4	0	0	0	0	0	0	0	0	0	0	5	0	0	0	1	0	12	8	6	7	0	0	6
1436.200	4	0	0	0	0	0	0	0	0	0	0	8	0	0	0	1	0	12	9	4	6	0	0	6
1436.400	3	0	0	0	0	0	0	0	0	0	0	5	0	0	0	1	0	11	8	6	9	0	0	7
1436.600	3	0	0	0	0	0	0	0	0	0	0	5	0	0	0	1	0	8	5	5	5	0	0	5
1436.800	4	0	0	0	0	0	0	0	0	0	0	5	0	0	0	0	0	11	8	5	7	0	0	7
1437.000	2	0	0	0	1	0	0	0	0	0	0	5	0	0	0	0	0	3	7	4	7	0	0	7
1437.200	3	0	0	0	0	0	0	0	0	0	0	6	0	0	0	0	0	12	9	5	5	0	0	9
1437.400	3	0	0	0	0	0	0	0	0	0	0	6	0	0	0	0	0	13	5	5	8	0	0	5
1437.600	4	0	0	0	0	0	0	0	0	0	0	6	0	0	0	0	0	13	9	5	6	0	0	5
1437.800	4	0	0	0	0	0	0	0	0	0	0	6	0	0	0	0	0	11	9	5	7	0	0	9
1438.000	5	0	0	0	0	0	0	0	0	0	0	7	0	0	0	0	0	8	7	5	7	0	0	10
1438.200	4	0	0	0	0	0	0	0	0	0	0	7	0	0	0	0	0	8	5	4	10	0	0	7
1438.400	3	0	0	0	0	0	0	0	0	0	0	5	0	0	0	0	0	7	9	6	11	0	0	5
1438.600	3	0	0	0	0	0	0	0	0	0	0	5	0	0	0	0	0	11	8	5	7	0	0	5
1438.800	3	0	0	0	0	0	0	0	0	0	0	5	0	0	0	0	0	8	10	4	8	0	0	8
1439.000	4	0	0	0	0	0	0	0	0	0	0	5	0	0	0	0	0	0	8	6	10	0	0	8
1439.200	4	0	0	0	0	0	0	0	0	0	0	5	0	0	0	0	0	2	5	6	6	0	0	7
1439.400	6	0	0	0	0	0	0	0	0	0	0	5	0	0	0	1	0	14	11	5	7	0	0	7
1439.600	3	0	0	0	0	0	0	0	0	0	0	6	0	0	0	0	0	3	4	6	9	0	0	7
1439.800	4	0	0	0	0	0	0	0	0	0	0	6	0	0	0	0	0	7	7	5	8	0	0	7
1440.000	4	0	0	0	0	0	0	0	0	0	0	7	0	0	0	0	0	8	7	6	8	0	0	13
1440.200	3	0	0	0	4	0	0	0	0	0	0	10	0	0	0	0	0	5	10	2	5	0	0	7
1440.400	5	0	0	0	4	0	0	0	0	0	0	7	0	0	0	0	0	13	9	5	5	0	0	7
1440.600	4	0	0	0	4	0	0	0	0	0	0	6	0	0	0	0	0	4	6	6	9	0	0	5
1440.800	4	0	0	0	5	0	0	0	0	0	0	6	0	0	0	0	0	9	5	3	4	0	0	6
1441.000	4	0	0	0	6	0	0	0	0	0	0	6	0	0	0	0	0	7	7	3	8	0	0	5
1441.200	4	0	0	0	5	0	0	0	0	0	0	5	0	0	0	0	0	11	7	6	7	0	0	6
1441.400	5	0	0	0	2	0	0	0	0	0	0	8	0	0	0	0	0	3	8	6	8	0	0	6
1441.600	4	0	0	0	3	0	0	0	0	0	0	8	0	0	0	0	0	6	9	3	7	0	0	6
1441.800	3	0	0	0	3	0	0	0	0	0	0	10	0	0	0	0	0	13	12	3	8	0	0	9
1442.000	3	0	0	0	4	0	0	0	0	0	0	9	0	0	0	0	0	4	6	5	9	0	0	6
1442.200	3	0	0	0	4	0	0	0	0	0	0	6	0	0	0	0	0	14	8	4	6	0	0	5
1442.400	3	0	0	0	4	0	0	0	0	0	0	6	0	0	0	0	0	8	7	5	8	0	0	7
1442.600	3	0	0	0	4	0	0	0	0	0	0	7	0	0	0	0	0	8	4	3	9	0	0	5
1442.800	4	0	0	0	4	0	0	0	0	0	0	5	0	0	0	0	0	7	7	5	6	0	0	7
1443.000	3	0	0	0	4	0	0	0	0	0	0	3	0	0	0	0	0	10	6	4	7	0	0	9
1443.200	3	0	0	0	1	0	0	0	0	0	0	6	0	0	0	0	0	5	8	6	8	0	0	5
1443.400	3	0	0	0	2	0	0	0	0	0	0	6	0	0	0	0	0	11	9	4	8	0	0	9
1443.600	2	0	0	0	2	0	0	0	0	0	0	8	0	0	0	0	0	6	7	3	8	0	0	11
1443.800	3	0	0	0	1	0	0	0	0	0	0	7	0	0	0	1	0	3	7	3	6	0	0	6
1444.000	4	0	0	0	4	0	0	0	0	0	0	7	0	0	0	0	0	4	5	3	7	0	0	6
1444.200	3	0	0	0	2	0	0	0	0	0	0	9	0	0	0	0	0	7	7	6	8	0	0	9
1444.400	3	0	0	0	2	0	0	0	0	0	0	8	0	0	0	0	0	4	9	6	5	0	0	5
1444.600	3	0	0	0	0	0	0	0	0	0	0	6	0	0	0	0	0	10	6	5	7	0	0	10
1444.800	4	0	0	0	0	0	0	0	0	0	0	10	0	0	0	0	0	8	8	5	9	0	0	5
1445.000	3	0	0	0	1	0	0	0	0	0	0	8	0	0	0	0	0	8	8	3	8	0	0	11
1445.200	3	0	0	0	4	0	0	0	0	0	0	8	0	0	0	0	0	10	8	5	7	0	0	6
1445.400	2	0	0	0	4	0	0	0	0	0	0	6	0	0	0	1	2	13	10	5	6	0	0	5
1445.600	5	0	0	0	2	0	0	0	0	0	0	8	0	0	0	0	0	7	11	4	9	0	0	5
1445.800	5	0	0	0	3	0	0	0	0	0	0	6	0	0	0	0	0	4	7	5	8	0	0	7
1446.000	3	0	0	0	7	0	0	0	0	0	0	6	0	0	0	0	0	8	9	6	8	0	0	6
1446.200	3	0	0	0	3	0	0	0	0	0	0	5	0	0	0	0	0	7	7	3	4	0	0	7
1446.400	4	0	0	0	4	0	0	0	0	0	0	6	0	0	0	0	0	12	9	3	8	0	0	6
1446.600	4	0	0	0	1	0	0	0	0	0	0	10	0	0	0	0	0	8	10	4	8	0	0	11
1446.800	5	0	0	0	5	0	0	0	0	0	0	6	0	0	0	0	0	8	8	4	7	0	0	5
1447.000	3	0	0	0	1	0	0	0	0	0	0	6	0	0	0	0	0	4	8	6	8	0	0	5
1447.200	3	0	0	0	3	0	0	0	0	0	0	6	0	0	0	0	0	13	7	6	8	0	0	6
1447.400	3	0	0	0	3	0	0	0	0	0	0	5	0	0	0	1	0	12	9	5	6	0	0	11
1447.600	3	0	0	0	1	0	0	0	0	0	0	8	0	0	0	0	0	6	7	4	7	0	0	8
1447.800	3	0	0	0	1	0	0	0	0	0	0	8	0	0	0	0	0	0	7	5	8	0	0	9
1448.000	3	0	0	0	4	0	0	0	0	0	0	4	0	0	0	0	0	9	7	5	8	0	0	7
1448.200	2	0	0	0	2	0	0	0	0	0	0	5	0	0	0	1	0	12	7	4	6	0	0	5
1448.400	4	0	0	0	1	0	0	0	0	0	0	6	0	0	0	1	0	10	9	5	8	0	0	7
1448.600	4	0	0	0	1	0	0	0	0	0	0	6	0	0	0	1	0	12	8	3	8	0	0	5
1448.800	6	0	0	0	0	0	0	0	0	0	0	4	0	0	0	1	0	8	7	5	8	0	0	6
1449.000	3	0	0	0	0	0	0	0	0	0	0	5	0	0	0	0	0	0	9	4	7	0	0	5
1449.200	4	0	0	0	0	0	0	0	0	0	0	8	0	0	0	0	0	6	7	4	7	0	0	8
1449.400	4	0	0	0	1	0	0	0	0	0	0	8	0	0	0	0	0	2	9	3	7	0	0	6
1449.600	3	0	0	0	1	0	0	0	0	0	0	7	0	0	0	0	0	5	8	5	8	0	0	7
1449.800	3	0	0	0	1	0	0	0	0	0	0	7	0	0	0	0	0	4	4	6	11	0	0	6
1450.000	3	0	0	0	3	0	0	0	0	0	0	10	0	0	0	0	0	8	9	5	4	0	0	11
1450.200	3	0	0	0	1	0	0	0	0	0	0	7	0	0	0	1	0	6	7	5	7	0	0	6
1450.400	5	0	0	0	1	0	0	0	0	0	0	6	0	0	0	0	0	8	7	3	7	0	0	10
1450.600	5	0	0	0	3	0	0	0	0	0	0	6	0	0	0	0	0	7	8	3	9	0	0	7
1450.800	2	0	0	0	2	0	0	0	0	0	0	7	0	0	0	0	0	9	9	6	8	0	0	6
1451.000	4	0	0	0	2	0	0	0	0	0	0	8	0	0	0	0	0	8	11	4	7	0	0	5
1451.200	3	0	0	0	1	0	0	0	0	0	0	6	0	0	0	0	0	8	9	5	8	0	0	5
1451.400	2	0	0	0	1	0	0	0	0	0	0	10	0	0	0	0	0	2	5	4	3	0	0	8
1451.600	4	0	0	0	1	0	0	0	0	0	0	9	0	0	0	1	0	7	9	6	7	0	0	8
1451.800	3	0	0	0	1	0	0	0	0	0	0	8	0	0	0	0	0	6	7	5	9	0	0	5
1452.000	5	0	0	0	1	0	0	0	0	0	0	6	0	0	0	0	0	8	7	5	8	0	0	5
1452.200	6	0	0	0	1	0	0	0	0	0	0	9	0	0	0	0	0	5	8	3	8	0	0	6
1452.400	4	0	0	0	0	0	0	0	0	0	0	4	0	0	0	0	0	6	7	4	8	0	0	5
1452.600	3	0	0	0	1	0	0	0	0	0	0	9	0	0	0	0	0	7	5	6	6	0	0	6
1452.800	5	0	0	0	1	0	0	0	0	0	0	6	0	0	0	0	0	6	4	3	8	0	0	8
1453.000	4	0	0	0	0	0	0	0	0	0	0	4	0	0	0	0	0	4	6	6	7	0	0	5
1453.200	5	0	0	0	0	0	0	0	0	0	0	5	0	0	0	0	0	10	6	5	6	0	0	6
1453.400	3	0	0	0	0	0	0	0	0	0	0	1	0	0	0	1	0	4	10	4	8	0	0	5
1453.600	4	0	0	0	0	0	0	0	0	0	0	2	0	0	0	0	0	4	9	6	9	0	0	12
1453.800	4	0	0	0	0	0	0	0	0	0	0	8	0	0	0	0	0	8	7	4	8	0	0	5
1454.000	3	0	0	0	1	0	0	0	0	0	0	5	0	0	0	0	0	7	10	5	8	0	0	6
1454.200	5	0	0	0	1	0	0	0	0	0	0	4	0	0	0	1	0	8	8	6	8	0	0	5
1454.400	7	0	0	0	0	0	0	0	0	0	0	5	0	0	0	1	0	2	6	4	5	0	0	6
1454.600	5	0	0	0	0	0	0	0	0	0	0	4	0	0	0	1	0	9	8	6	8	0	0	5
1454.800	4	0	0	0	2	0	0	0	0	0	0	5	0	0	0	0	0	5	4	6	10	0	0	5
1455.000	3	0	0	0	0	0	0	0	0	0	0	4	0	0	0	0	0	6	11	4	7	0	0	8
1455.200	4	0	0	0	0	0	0	0	0	0	0	4	0	0	0	0	0	9	8	4	6	0	0	7
1455.400	3	0	0	0	0	0	0	0	0	0	0	4	0	0	0	0	0	6	7	5	6	0	0	6
1455.600	6	0	0	0	0	0	0	0	0	0	0	5	0	0	0	0	0	8	11	4	7	0	0	7
1455.800	4	0	0	0	0	0	0	0	0	0	0	6	0	0	0	1	0	11	12	4	7	0	0	5
1456.000	6	0	0	0	0	0	0	0	0	0	0	6	0	0	0	0	0	6	10	4	8	0	0	5
1456.200	5	0	0	0	0	0	0	0	0	0	0	4	0	0	0	0	0	7	9	5	5	0	0	8
1456.400	9	0	0	0	0	0	0	0	0	0	0	4	0	0	0	0	0	10	8	3	6	0	0	4
1456.600	4	0	0	0	0	0	0	0	0	0	0	3	0	0	0	0	0	7	7	4	8	0	0	6
1456.800	4	0	0	0	0	0	0	0	0	0	0	4	0	0	0	1	0	18	9	5	7	0	0	6
1457.000	5	0	0	0	0	0	0	0	0	0	0	4	0	0	0	0	0	13	9	4	7	0	0	8
1457.200	3	0	0	0	0	0	0	0	0	0	0	2	0	0	0	0	0	10	7	5	7	0	0	5
1457.400	4	0	0	0	0	0	0	0	0	0	0	3	0	0	0	0	0	7	4	3	6	0	0	9
1457.600	3	0	0	0	0	0	0	0	0	0	0	2	0	0	0	1	0	3	10	4	6	0	0	5
1457.800	3	0	0	0	0	0	0	0	0	0	3	6	0	0	0	1	0	8	8	4	8	0	0	10
1458.000	3	0	0	0	0	0	0	0	0	0	3	5	0	0	0	1	0	11	8	3	5	0	0	12
1458.200	3	0	0	0	0	0	0	0	0	0	3	6	0	0	0	0	0	12	7	3	7	0	0	14
1458.400	3	0	0	0	0	0	0	0	0	0	1	6	0	0	0	0	0	7	6	6	6	0	0	6
1458.600	3	0	0	0	0	0	0	0	0	0	4	4	0	0	0	0	0	8	9	4	7	0	0	9
1458.800	3	0	0	0	0	0	0	0	0	0	3	5	0	0	0	0	0	3	7	5	8	0	0	10
1459.000	4	0	0	0	0	0	0	0	0	0	4	4	0	0	0	1	0	15	10	5	9	0	0	7
1459.200	5	0	0	0	0	0	0	0	0	0	4	6	0	0	0	0	0	6	7	4	8	0	0	8
1459.400	3	0	0	0	0	0	0	0	0	0	0	5	0	0	0	0	0	12	8	4	5	0	0	10
1459.600	4	0	0	0	0	0	0	0	0	0	0	9	0	0	0	0	0	15	9	6	7	0	0	8
1459.800	3	0	0	0	0	0	0	0	0	0	0	5	0	0	0	0	0	5	8	5	7	0	0	10
1460.000	4	0	0	0	0	0	0	0	0	0	0	8	0	0	0	0	0	10	9	6	9	0	0	6
1460.200	3	0	0	0	0	0	0	0	0	0	0	10	0	0	0	0	0	12	7	5	6	0	0	7
1460.400	5	0	0	0	0	0	0	0	0	0	0	9	0	0	0	0	0	9	7	3	9	0	0	6
1460.600	4	0	0	0	0	0	0	0	0	0	0	6	0	0	0	1	0	7	7	5	7	0	0	9
1460.800	4	0	0	0	0	0	0	0	0	0	0	4	0	0	0	0	0	9	7	6	9	0	0	10
1461.000	4	0	0	0	0	0	0	0	0	0	0	0	0	0	0	0	0	6	10	4	8	0	0	9
1461.200	4	0	0	0	0	0	0	0	0	0	0	2	0	0	0	0	0	6	11	3	5	0	0	11
1461.400	3	0	0	0	0	0	0	0	0	0	0	0	0	0	0	0	0	7	9	5	6	0	0	6
1461.600	6	0	0	0	0	0	0	0	0	0	0	0	0	0	0	0	0	3	9	4	7	0	0	7
1461.800	7	0	0	0	0	0	0	0	0	0	0	0	0	0	0	0	0	4	7	5	6	0	0	6
1462.000	3	0	0	0	0	0	0	0	0	0	0	0	0	0	0	0	0	7	10	3	4	0	0	5
1462.200	4	0	0	0	0	0	0	0	0	0	0	0	0	0	0	0	0	2	8	5	9	0	0	7
1462.400	3	0	0	0	0	0	0	0	0	0	0	0	0	0	0	0	0	6	7	6	7	0	0	6
1462.600	8	0	0	0	0	0	0	0	0	0	0	0	0	0	0	0	0	11	8	5	8	0	0	9
1462.800	4	0	0	0	0	0	0	0	0	0	0	0	0	0	0	0	0	7	9	5	8	0	0	6
1463.000	5	0	0	0	0	0	0	0	0	0	0	0	0	0	0	0	0	1	6	4	7	0	0	10
1463.200	3	0	0	0	0	0	0	0	0	0	0	2	0	0	0	0	2	13	11	5	5	0	0	5
1463.400	3	0	0	0	0	0	0	0	0	0	0	0	0	0	0	0	0	8	9	5	8	0	0	7
1463.600	3	0	0	0	0	0	0	0	0	0	0	0	0	0	0	0	0	8	9	5	9	0	0	6
1463.800	3	0	0	0	0	0	0	0	0	0	0	0	0	0	0	0	0	8	9	5	7	0	0	7
1464.000	4	0	0	0	0	0	0	0	0	0	0	2	0	0	0	0	0	10	7	4	7	0	0	10
1464.200	5	0	0	0	0	0	0	0	0	0	0	6	0	0	0	0	0	7	7	5	8	0	0	6
1464.400	2	0	0	0	0	0	0	0	0	0	0	7	0	0	0	1	2	17	9	4	8	0	0	7
1464.600	4	0	0	0	0	0	0	0	0	0	0	2	0	0	0	0	0	15	11	4	7	0	0	12
1464.800	2	0	0	0	0	0	0	0	0	0	0	6	0	0	0	0	0	8	9	5	7	0	0	5
1465.000	2	0	0	0	0	0	0	0	0	0	0	2	0	0	0	0	0	9	9	5	7	0	0	7
1465.200	4	0	0	0	0	0	0	0	0	0	0	5	0	0	0	0	0	7	7	4	8	0	0	5
1465.400	4	0	0	0	0	0	0	0	0	0	0	7	0	0	0	0	0	12	7	5	4	0	0	5
1465.600	2	0	0	0	0	0	0	0	0	0	0	4	0	0	0	0	1	12	5	3	8	0	0	9
1465.800	4	0	0	0	0	0	0	0	0	0	0	9	0	0	0	0	0	13	7	3	8	0	0	10
1466.000	3	0	0	0	1	0	0	0	0	0	0	6	0	0	0	0	0	8	5	6	11	0	0	5
1466.200	2	0	0	0	0	0	0	0	0	0	0	8	0	0	0	0	0	11	7	6	11	0	0	7
1466.400	3	0	0	0	1	0	0	0	0	0	0	8	0	0	0	0	0	2	7	4	9	0	0	9
1466.600	3	0	0	0	0	0	0	0	0	0	0	2	0	0	0	0	0	8	9	5	8	0	0	9
1466.800	2	0	0	0	0	0	0	0	0	0	0	4	0	0	0	0	0	8	7	4	8	0	0	12
1467.000	1	0	0	0	0	0	0	0	0	0	0	8	0	0	0	0	0	10	6	6	5	0	0	10
1467.200	3	0	0	0	0	0	0	0	0	0	0	2	0	0	0	0	2	15	9	5	7	0	0	5
1467.400	2	0	0	0	0	0	0	0	0	0	0	7	0	0	0	0	0	13	8	6	10	0	0	2
1467.600	3	0	0	0	0	0	0	0	0	0	0	2	0	0	0	0	0	16	12	5	9	0	0	3
1467.800	2	0	0	0	0	0	0	0	0	0	0	1	0	0	0	0	0	15	9	4	5	0	0	9
1468.000	4	0	0	0	0	0	0	0	0	0	0	5	0	0	0	1	0	8	9	4	7	0	0	8
1468.200	3	0	0	0	3	0	0	0	0	0	0	6	0	0	0	0	0	14	9	6	12	0	0	8
1468.400	4	0	0	0	1	0	0	0	0	0	0	8	0	0	0	0	0	14	8	5	5	0	0	4
1468.600	4	0	0	0	2	0	0	0	0	0	0	8	0	0	0	0	0	7	7	6	7	0	0	6
1468.800	3	0	0	0	0	0	0	0	0	0	0	8	0	0	0	0	0	2	7	6	7	0	0	6
1469.000	4	0	0	0	0	0	0	0	0	0	0	9	0	0	0	0	0	8	8	4	6	0	0	7
1469.200	3	0	0	0	0	0	0	0	0	0	0	5	0	0	0	0	0	9	10	5	7	0	0	7
1469.400	3	0	0	0	0	0	0	0	0	0	0	5	0	0	0	0	1	9	7	5	7	0	0	5
1469.600	6	0	0	0	0	0	0	0	0	0	0	2	0	0	0	0	0	14	10	6	6	0	0	10
1469.800	3	0	0	0	0	0	0	0	0	0	0	5	0	0	0	0	0	6	8	3	7	0	0	10
1470.000	5	0	0	0	0	0	0	0	0	0	0	7	0	0	0	1	0	14	8	5	9	0	0	6
1470.200	5	0	0	0	0	0	0	0	0	0	0	5	0	0	0	0	0	4	7	5	8	0	0	5
1470.400	4	0	0	0	0	0	0	0	0	0	0	6	0	0	0	0	0	6	9	4	6	0	0	10
1470.600	5	0	0	0	0	0	0	0	0	0	0	8	0	0	0	0	0	5	7	5	7	0	0	6
1470.800	4	0	0	0	0	0	0	0	0	0	0	2	0	0	0	1	0	14	10	3	7	0	0	10
1471.000	3	0	0	0	0	0	0	0	0	0	0	8	0	0	0	0	0	3	8	6	7	0	0	5
1471.200	4	0	0	0	0	0	0	0	0	0	0	9	0	0	0	0	0	9	8	5	5	0	0	9
1471.400	2	0	0	0	0	0	0	0	0	0	0	9	0	0	0	0	0	10	8	3	5	0	0	6
1471.600	5	0	0	0	0	0	0	0	0	0	0	9	0	0	0	0	0	10	6	6	7	0	0	6
1471.800	4	0	0	0	0	0	0	0	0	2	0	7	0	0	0	0	0	8	7	5	8	0	0	5
1472.000	4	0	0	0	0	0	0	0	0	0	0	3	0	0	0	0	0	14	8	5	8	0	0	6
1472.200	3	0	0	0	0	0	0	0	0	3	0	5	0	0	0	0	0	12	5	6	6	0	0	5
1472.400	3	0	0	0	0	0	0	0	0	5	0	2	0	0	0	0	0	4	6	5	5	0	0	8
1472.600	4	0	0	0	0	0	0	0	0	3	0	4	0	0	0	0	0	6	8	3	8	0	0	9
1472.800	4	0	0	0	0	0	0	0	0	5	0	2	0	0	0	0	0	8	6	4	10	0	0	5
1473.000	4	0	0	0	0	0	0	0	0	3	0	1	0	0	0	0	0	10	7	3	5	0	0	6
1473.200	3	0	0	0	0	0	0	0	0	0	0	1	0	0	0	0	0	9	11	4	7	0	0	5
1473.400	4	0	0	0	0	0	0	0	0	0	0	1	0	0	0	0	0	11	5	4	7	0	0	5
1473.600	3	0	0	0	1	0	0	0	0	0	0	1	0	0	0	0	0	6	6	6	9	0	0	7
1473.800	3	0	0	0	0	0	0	0	0	0	0	0	0	0	0	0	0	11	7	4	6	0	0	7
1474.000	3	0	0	0	0	0	0	0	0	0	0	0	0	0	0	0	0	6	7	5	4	0	0	5
1474.200	4	0	0	0	0	0	0	0	0	0	0	0	0	0	0	0	0	10	7	5	7	0	0	5
1474.400	4	0	0	0	0	0	0	0	0	0	0	0	0	0	0	0	0	8	8	4	5	0	0	9
1474.600	3	0	0	0	0	0	0	0	0	0	0	0	0	0	0	0	0	9	10	3	6	0	0	6
1474.800	4	0	0	0	0	0	0	0	0	0	0	0	0	0	0	0	0	9	8	5	8	0	0	7
1475.000	3	0	0	0	0	0	0	0	0	0	0	0	0	0	0	0	0	12	9	5	7	0	0	10
1475.200	4	0	0	0	0	0	0	0	0	0	0	0	0	0	0	0	0	7	10	5	7	0	0	11
1475.400	5	0	0	0	0	0	0	0	0	0	0	0	0	0	0	0	0	8	6	5	6	0	0	8
1475.600	4	0	0	0	0	0	0	0	0	0	0	0	0	0	0	0	0	4	8	5	7	0	0	5
1475.800	3	0	0	0	0	0	0	0	0	0	0	0	0	0	0	0	0	5	10	5	5	0	0	5
1476.000	4	0	0	0	0	0	0	0	0	0	0	0	0	0	0	0	0	7	8	5	4	0	0	6
1476.200	4	0	0	0	0	0	0	0	0	0	0	0	0	0	0	0	0	10	7	4	6	0	0	8
1476.400	3	0	0	0	0	0	0	0	0	0	0	0	0	0	0	0	0	3	7	4	7	0	0	9
1476.600	5	0	0	0	0	0	0	0	0	0	0	0	0	0	0	0	0	10	7	5	7	0	0	9
1476.800	4	0	0	0	0	0	0	0	0	0	0	0	0	0	0	0	0	3	7	5	8	0	0	4
1477.000	4	0	0	0	0	0	0	0	0	0	0	0	0	0	0	0	0	10	10	4	5	0	0	5
1477.200	2	0	0	0	0	0	0	0	0	0	0	0	0	0	0	1	1	14	8	4	6	0	0	5
1477.400	2	0	0	0	0	0	0	0	0	0	0	1	0	0	0	0	0	10	8	5	6	0	0	9
1477.600	3	0	0	0	0	0	0	0	0	0	0	0	0	0	0	1	0	10	8	6	7	0	0	7
1477.800	3	0	0	0	0	0	0	0	0	0	0	0	0	0	0	0	0	0	8	5	6	0	0	8
1478.000	3	0	0	0	0	0	0	0	0	0	0	0	0	0	0	0	0	3	7	5	6	0	0	12
1478.200	6	0	0	0	0	0	0	0	0	0	0	0	0	0	0	0	0	2	8	5	4	0	0	8
1478.400	4	0	0	0	0	0	0	0	0	0	0	0	0	0	0	1	0	0	5	4	4	0	0	6
1478.600	6	0	0	0	0	0	0	0	0	0	0	0	0	0	0	1	0	9	6	5	5	0	0	7
1478.800	3	0	0	0	0	0	0	0	0	0	0	0	0	0	0	0	0	11	9	5	7	0	0	6
1479.000	8	0	0	0	0	0	0	0	0	0	0	0	0	0	0	1	0	10	9	4	8	0	0	5
1479.200	3	0	0	0	0	0	0	0	0	0	0	0	0	0	0	0	0	7	12	3	7	0	0	7
1479.400	4	0	0	0	0	0	0	0	0	0	0	0	0	0	0	1	0	7	7	5	6	0	0	5
1479.600	2	0	0	0	0	0	0	0	0	0	0	0	0	0	0	0	0	9	9	6	6	0	0	6
1479.800	3	0	0	0	0	0	0	0	0	0	0	0	0	0	0	0	0	14	10	4	6	0	0	8
1480.000	3	0	0	0	0	0	0	0	0	0	0	0	0	0	0	1	0	8	9	5	6	0	0	7
1480.200	4	0	0	0	0	0	0	0	0	0	0	0	0	0	0	0	0	13	7	5	8	0	0	6
1480.400	5	0	0	0	0	0	0	0	0	0	0	0	0	0	0	0	0	8	9	4	7	0	0	5
1480.600	3	0	0	0	0	0	0	0	0	0	0	0	0	0	0	0	0	7	11	4	8	0	0	8
1480.800	3	0	0	0	0	0	0	0	0	0	0	0	0	0	0	0	0	10	8	5	8	0	0	7
1481.000	4	0	0	0	0	0	0	0	0	0	0	0	0	0	0	0	0	12	7	5	6	0	0	6
1481.200	4	0	0	0	0	0	0	0	0	0	0	0	0	0	0	0	0	7	8	6	6	0	0	4
1481.400	3	0	0	0	0	0	0	0	0	0	0	0	0	0	0	1	0	15	9	5	8	0	0	6
1481.600	4	0	0	0	0	0	0	0	0	0	0	0	0	0	0	0	0	5	8	3	7	0	0	5
1481.800	8	0	0	0	0	0	0	0	0	0	0	0	0	0	0	0	0	1	7	5	9	0	0	5
1482.000	2	0	0	0	0	0	0	0	0	0	0	0	0	0	0	0	0	2	7	5	8	0	0	8
1482.200	3	0	0	0	0	0	0	0	0	0	0	0	0	0	0	0	0	5	8	5	7	0	0	6
1482.400	5	0	0	0	0	0	0	0	0	0	0	0	0	0	0	0	0	2	7	3	8	0	0	8
1482.600	4	0	0	0	0	0	0	0	0	0	0	0	0	0	0	1	0	5	7	3	8	0	0	6
1482.800	4	0	0	0	0	0	0	0	0	0	0	1	0	0	0	0	0	1	8	4	8	0	0	9
1483.000	8	0	0	0	0	0	0	0	0	0	0	1	0	0	0	0	0	0	7	6	8	0	0	6
1483.200	4	0	0	0	0	0	0	0	0	0	0	0	0	0	0	0	0	7	6	6	8	0	0	5
1483.400	4	0	0	0	0	0	0	0	0	0	0	1	0	0	0	1	0	9	8	4	8	0	0	10
1483.600	4	0	0	0	0	0	0	0	0	0	0	0	0	0	0	0	0	7	7	3	5	0	0	7
1483.800	3	0	0	0	0	0	0	0	0	0	0	0	0	0	0	0	0	7	7	6	7	0	0	6
1484.000	3	0	0	0	0	0	0	0	0	0	0	0	0	0	0	0	0	6	8	5	6	0	0	8
1484.200	3	0	0	0	0	0	0	0	0	0	0	0	0	0	0	0	0	0	5	6	5	0	0	6
1484.400	4	0	0	0	0	0	0	0	0	0	0	0	0	0	0	0	0	11	10	3	7	0	0	8
1484.600	4	0	0	0	0	0	0	0	0	0	0	0	0	0	0	1	0	13	9	5	7	0	0	7
1484.800	5	0	0	0	0	0	0	0	0	0	0	0	0	0	0	0	0	9	9	5	8	0	0	6
1485.000	5	0	0	0	0	0	0	0	0	0	0	0	0	0	0	0	0	9	9	4	8	0	0	5
1485.200	3	0	0	0	0	0	0	0	0	0	0	0	0	0	0	0	0	10	8	6	5	0	0	7
1485.400	3	0	0	0	0	0	0	0	0	0	0	0	0	0	0	0	0	3	9	3	8	0	0	3
1485.600	7	0	0	0	0	0	0	0	0	0	0	0	0	0	0	0	0	1	6	3	9	0	0	7
1485.800	7	0	0	0	0	0	0	0	0	0	0	0	0	0	0	0	0	1	8	4	8	0	0	7
1486.000	6	0	0	0	0	0	0	0	0	0	0	0	0	0	0	0	0	1	7	5	7	0	0	5
1486.200	5	0	0	0	0	0	0	0	0	0	0	1	0	0	0	0	0	6	10	5	6	0	0	3
1486.400	7	0	0	0	0	0	0	0	0	0	0	0	0	0	0	0	0	7	9	3	8	0	0	8
1486.600	7	0	0	0	0	0	0	0	0	0	0	1	0	0	0	0	0	9	9	5	8	0	0	7
1486.800	6	0	0	0	0	0	0	0	0	0	0	3	0	0	0	0	0	4	6	6	8	0	0	5
1487.000	8	0	0	0	0	0	0	0	0	0	0	0	0	0	0	0	0	3	5	6	7	0	0	6
1487.200	4	0	0	0	0	0	0	0	0	0	0	0	0	0	0	1	0	14	8	4	7	0	0	7
1487.400	4	0	0	0	0	0	0	0	0	0	0	0	0	0	0	1	0	10	7	5	7	0	0	5
1487.600	8	0	0	0	0	0	0	0	0	0	0	0	0	0	0	1	0	14	9	5	7	0	0	7
1487.800	4	0	0	0	0	0	0	0	0	0	0	0	0	0	0	1	0	9	7	4	8	0	0	6
1488.000	4	0	0	0	0	0	0	0	0	0	0	0	0	0	0	0	0	7	10	6	7	0	0	6
1488.200	4	0	0	0	0	0	0	0	0	0	0	1	0	0	0	0	0	7	8	4	7	0	0	5
1488.400	5	0	0	0	0	0	0	0	0	0	0	1	0	0	0	0	0	5	7	3	6	0	0	6
1488.600	10	0	0	0	0	0	0	0	0	0	0	2	0	0	0	0	0	9	11	2	6	0	0	6
1488.800	10	0	0	0	0	0	0	0	0	0	0	2	0	0	0	1	0	12	10	4	8	0	0	10
1489.000	10	0	0	0	0	0	0	0	0	0	0	2	0	0	0	0	0	7	10	3	7	0	0	10
1489.200	7	0	0	0	0	0	0	0	0	0	0	0	0	0	0	0	0	8	9	3	6	0	0	6
1489.400	3	0	0	0	0	0	0	0	0	0	0	1	0	0	0	0	0	8	9	5	5	0	0	12
1489.600	5	0	0	0	0	0	0	0	0	0	0	0	0	0	0	1	0	6	9	4	4	0	0	10
1489.800	4	0	0	0	0	0	0	0	0	0	0	0	0	0	0	1	0	11	8	4	4	0	0	11
1490.000	4	0	0	0	0	0	0	0	0	0	0	0	0	0	0	0	0	8	7	5	4	0	0	8
1490.200	3	0	0	0	0	0	0	0	0	0	0	0	0	0	0	0	0	9	10	4	6	0	0	8
1490.400	3	0	0	0	1	0	0	0	0	0	0	0	0	0	0	0	0	10	8	4	4	0	0	6
1490.600	3	0	0	0	0	0	0	0	0	0	0	0	0	0	0	1	0	7	11	4	5	0	0	7
1490.800	3	0	0	0	0	0	0	0	0	0	0	0	0	0	0	1	0	2	5	3	5	0	0	5
1491.000	4	0	0	0	0	0	0	0	0	0	0	0	0	0	0	0	0	7	8	4	9	0	0	7
1491.200	4	0	0	0	0	0	0	0	0	0	0	0	0	0	0	1	0	10	11	4	5	0	0	9
1491.400	3	0	0	0	0	0	0	0	0	0	0	0	0	0	0	0	0	8	10	5	7	0	0	5
1491.600	3	0	0	0	0	0	0	0	0	0	0	0	0	0	0	1	1	16	10	5	8	0	0	5
1491.800	4	0	0	0	0	0	0	0	0	0	0	0	0	0	0	0	0	13	10	4	6	0	0	11
1492.000	3	0	0	0	0	0	0	0	0	0	0	1	0	0	0	0	0	12	10	4	7	0	0	7
1492.200	5	0	0	0	0	0	0	0	0	0	0	0	0	0	0	0	0	7	9	5	7	0	0	3
1492.400	3	0	0	0	0	0	0	0	0	0	0	0	0	0	0	1	0	15	11	4	6	0	0	6
1492.600	4	0	0	0	0	0	0	0	0	0	0	0	0	0	0	0	0	15	10	4	7	0	0	5
1492.800	5	0	0	0	0	0	0	0	0	0	0	0	0	0	0	0	0	13	9	4	5	0	0	6
1493.000	2	0	0	0	0	0	0	0	0	0	0	1	0	0	0	0	0	12	9	5	6	0	0	3
1493.200	3	0	0	0	0	0	0	0	0	0	0	0	0	0	0	0	0	8	9	4	7	0	0	4
1493.400	3	0	0	0	0	0	0	0	0	0	0	0	0	0	0	0	0	6	9	4	7	0	0	6
1493.600	3	0	0	0	0	0	0	0	0	0	0	0	0	0	0	0	0	2	7	5	7	0	0	0
1493.800	3	0	0	0	0	0	0	0	0	0	0	0	0	0	0	0	0	3	8	4	6	0	0	3
1494.000	3	0	0	0	0	0	0	0	0	0	0	0	0	0	0	0	0	5	8	4	5	0	0	5
1494.200	3	0	0	0	0	0	0	0	0	0	0	0	0	0	0	0	0	8	8	4	2	0	0	11
1494.400	4	0	0	0	0	0	0	0	0	0	0	0	0	0	0	0	0	8	9	5	6	0	0	7
1494.600	2	0	0	0	0	0	0	0	0	0	0	0	0	0	0	0	0	7	8	5	7	0	0	8
1494.800	3	0	0	0	0	0	0	0	0	0	0	0	0	0	0	0	0	10	8	5	7	0	0	2
1495.000	3	0	0	0	0	0	0	0	0	0	0	0	0	0	0	0	0	9	9	5	5	0	0	4
1495.200	3	0	0	0	0	0	0	0	0	0	0	0	0	0	0	0	0	10	10	4	8	0	0	3
1495.400	4	0	0	0	2	0	0	0	0	0	0	0	0	0	0	0	0	7	10	5	5	0	0	6
1495.600	2	0	0	0	1	0	0	0	0	0	0	0	0	0	0	1	0	11	7	4	5	0	0	4
1495.800	4	0	0	0	0	0	0	0	0	0	0	0	0	0	0	0	0	13	10	6	10	0	0	4
1496.000	4	0	0	0	0	0	0	0	0	0	0	0	0	0	0	0	0	6	6	6	6	0	0	7
1496.200	3	0	0	0	0	0	0	0	0	0	0	0	0	0	0	0	0	13	7	6	6	0	0	7
1496.400	3	0	0	0	0	0	0	0	0	0	0	0	0	0	0	1	0	16	7	6	5	0	0	12
1496.600	3	0	0	0	0	0	0	0	0	0	0	0	0	0	0	1	0	12	7	4	5	0	0	9
1496.800	3	0	0	0	0	0	0	0	0	0	0	0	0	0	0	1	0	8	9	4	6	0	0	11
1497.000	3	0	0	0	0	0	0	0	0	0	0	0	0	0	0	0	0	7	7	4	6	0	0	7
1497.200	2	0	0	0	0	0	0	0	0	0	0	0	0	0	0	0	0	1	5	4	6	0	0	7
1497.400	3	1	0	0	0	0	0	0	0	0	0	0	0	0	0	0	0	8	10	2	3	0	0	9
1497.600	1	1	0	0	1	0	0	0	0	0	0	0	0	0	0	0	0	12	12	3	6	0	0	11
1497.800	4	1	0	0	1	0	0	0	0	0	0	0	0	0	0	0	0	7	11	3	7	0	0	10
1498.000	3	0	0	0	0	0	0	0	0	0	0	1	0	0	0	0	0	6	9	5	8	0	0	7
1498.200	3	1	0	0	0	0	0	0	0	0	0	1	0	0	0	0	0	11	11	4	8	0	0	6
1498.400	3	1	0	0	1	0	0	0	0	0	0	2	0	0	0	0	0	14	10	4	6	0	0	5
1498.600	6	1	0	0	3	0	0	0	0	0	0	2	0	0	0	1	0	10	4	3	7	0	0	7
1498.800	2	0	0	0	1	0	0	0	0	0	0	2	0	0	0	0	0	6	8	4	4	0	0	8
1499.000	3	1	0	0	1	0	0	0	0	0	0	0	0	0	0	0	0	11	5	6	8	0	0	8
1499.200	3	1	0	0	1	0	0	0	0	0	0	0	0	0	0	0	0	7	6	5	5	0	0	10
1499.400	4	0	0	0	1	0	0	0	0	0	0	0	0	0	0	0	0	3	7	5	6	0	0	7
1499.600	3	0	0	0	1	0	0	0	0	0	0	0	0	0	0	0	0	3	8	4	4	0	0	9
1499.800	5	0	0	0	1	0	0	0	0	0	0	0	0	0	0	0	0	7	8	5	8	0	0	8
1500.000	3	0	0	0	0	0	0	0	0	0	0	0	0	0	0	0	0	8	6	5	8	0	0	11
1500.200	2	0	0	0	0	0	0	0	0	0	0	0	0	0	0	0	0	7	5	4	8	0	0	5
